id,algo_name,score,runningtime
1,filo2,61018.0,61.29045104980469
2,ails2_eoh_acc_large,54294.0,64.24345703125
3,ails2_etaMax1.000_stoppingTime1728000.00,55102.0,57.71745703125
4,ails2_etaMax0.020_stoppingTime86400.00,54582.0,63.81045703125
5,ails2_etaMax0.005_stoppingTime86400.00,54200.0,64.27545703125
6,ails2_eoh_acc,54170.0,63.39745703125
7,ails2_etaMax1.000_stoppingTime864000.00,55810.0,61.91345703125
8,ails2_etaMax1.000_stoppingTime86400.00,55903.0,57.62545703125
9,ails2_etaMax1.000_stoppingTime432000.00,55766.0,64.25845703125
10,ails2_etaMax0.010_stoppingTime432000.00,55783.0,63.59445703125
11,ails2_eoh_omega2,54916.0,63.10245703125
12,filo2,59933.0,123.35213780403137
13,ails2_etaMax1.000_stoppingTime1728000.00,54663.0,119.85545703125
14,ails2_etaMax0.020_stoppingTime86400.00,54156.0,124.58445703125
15,ails2_eoh_acc,53939.0,124.22445703125
16,ails2_etaMax0.010_stoppingTime432000.00,54905.0,124.12045703125
17,ails2_etaMax0.005_stoppingTime86400.00,53931.0,124.88145703125
18,ails2_etaMax1.000_stoppingTime86400.00,55152.0,124.78345703125
19,ails2_eoh_acc_large,53922.0,124.99545703125
20,ails2_etaMax1.000_stoppingTime432000.00,55082.0,118.12245703125
21,ails2_etaMax1.000_stoppingTime864000.00,55216.0,114.08645703125
22,ails2_eoh_omega2,54402.0,125.64445703125
23,filo2,59514.0,183.6703929901123
24,ails2_etaMax1.000_stoppingTime86400.00,54701.0,173.52845703125
25,ails2_eoh_acc_large,53807.0,185.72845703125
26,ails2_etaMax0.010_stoppingTime432000.00,54534.0,184.13645703125
27,ails2_etaMax1.000_stoppingTime1728000.00,54636.0,146.23445703125
28,ails2_etaMax1.000_stoppingTime432000.00,54836.0,182.22145703125
29,ails2_etaMax0.005_stoppingTime86400.00,53852.0,182.58945703125
30,ails2_etaMax1.000_stoppingTime864000.00,55131.0,165.92045703125
31,ails2_eoh_acc,53801.0,185.15745703125
32,ails2_etaMax0.020_stoppingTime86400.00,53965.0,185.79845703125
33,ails2_eoh_omega2,54130.0,182.36445703125
34,filo2,59337.0,244.53045797348022
35,ails2_etaMax0.005_stoppingTime86400.00,53608.0,228.52645703125
36,ails2_etaMax1.000_stoppingTime864000.00,55002.0,228.03345703125
37,ails2_etaMax1.000_stoppingTime432000.00,54717.0,222.21845703125
38,ails2_eoh_acc,53727.0,246.55845703125
39,ails2_etaMax1.000_stoppingTime86400.00,54693.0,221.20645703125
40,ails2_etaMax1.000_stoppingTime1728000.00,54571.0,241.71445703125
41,ails2_etaMax0.020_stoppingTime86400.00,53953.0,245.72545703125
42,ails2_eoh_acc_large,53724.0,245.09045703125
43,ails2_etaMax0.010_stoppingTime432000.00,54118.0,246.43945703125
44,ails2_eoh_omega2,53915.0,247.53345703125
45,filo2,59076.0,305.48471307754517
46,ails2_eoh_acc_large,53673.0,307.96345703125
47,ails2_etaMax1.000_stoppingTime432000.00,54659.0,285.28645703125
48,ails2_etaMax0.005_stoppingTime86400.00,53546.0,300.08045703125
49,ails2_etaMax1.000_stoppingTime86400.00,54562.0,266.60845703125
50,ails2_etaMax0.020_stoppingTime86400.00,53900.0,282.36445703125
51,ails2_eoh_acc,53696.0,303.34545703125
52,ails2_etaMax0.010_stoppingTime432000.00,54016.0,306.20645703125
53,ails2_etaMax1.000_stoppingTime864000.00,54599.0,303.75045703125
54,ails2_eoh_omega2,53832.0,308.54845703125
55,ails2_etaMax1.000_stoppingTime1728000.00,54520.0,319.32345703125
56,filo2,58836.0,366.5494225025177
57,ails2_etaMax0.005_stoppingTime86400.00,53450.0,364.36145703125
58,ails2_eoh_acc,53668.0,364.84445703125
59,ails2_etaMax0.020_stoppingTime86400.00,53819.0,369.26745703125
60,ails2_etaMax1.000_stoppingTime864000.00,54544.0,335.91445703125
61,ails2_eoh_acc_large,53630.0,368.15845703125
62,ails2_etaMax0.010_stoppingTime432000.00,54010.0,364.71445703125
63,ails2_etaMax1.000_stoppingTime432000.00,54565.0,325.91845703125
64,ails2_eoh_omega2,53739.0,369.91745703125
65,ails2_etaMax1.000_stoppingTime1728000.00,54504.0,319.42145703125
66,filo2,58727.0,426.90511560440063
67,ails2_etaMax0.020_stoppingTime86400.00,53805.0,416.07445703125
68,ails2_eoh_acc,53664.0,427.21945703125
69,ails2_eoh_acc_large,53626.0,420.05545703125
70,ails2_etaMax0.010_stoppingTime432000.00,53864.0,428.47745703125
71,ails2_etaMax0.005_stoppingTime86400.00,53441.0,413.42745703125
72,ails2_eoh_omega2,53697.0,431.09845703125
73,filo2,58364.0,487.09023427963257
74,ails2_eoh_acc,53647.0,490.71745703125
75,ails2_etaMax0.005_stoppingTime86400.00,53380.0,490.35545703125
76,ails2_etaMax0.020_stoppingTime86400.00,53728.0,491.19845703125
77,ails2_etaMax0.010_stoppingTime432000.00,53841.0,475.93945703125
78,ails2_eoh_acc_large,53600.0,488.45245703125
79,ails2_eoh_omega2,53686.0,439.81845703125
80,filo2,58172.0,547.7183527946472
81,ails2_eoh_acc_large,53584.0,542.63345703125
82,ails2_eoh_acc,53636.0,545.71845703125
83,ails2_etaMax0.005_stoppingTime86400.00,53372.0,497.69845703125
84,ails2_etaMax0.010_stoppingTime432000.00,53700.0,546.03345703125
85,ails2_etaMax0.020_stoppingTime86400.00,53690.0,521.25045703125
86,ails2_eoh_omega2,53658.0,532.21745703125
87,ails2_etaMax1.000_stoppingTime1728000.00,54483.0,574.34245703125
88,ails2_etaMax0.005_stoppingTime86400.00,53351.0,577.27945703125
89,ails2_etaMax0.020_stoppingTime86400.00,53669.0,588.51045703125
90,ails2_etaMax0.010_stoppingTime432000.00,53676.0,605.51545703125
91,ails2_eoh_acc_large,53582.0,603.14445703125
92,ails2_eoh_acc,53627.0,601.84145703125
93,ails2_eoh_omega2,53614.0,614.25845703125
94,ails2_etaMax1.000_stoppingTime1728000.00,54477.0,574.38445703125
95,ails2_eoh_acc_large,53579.0,636.36845703125
96,ails2_etaMax0.020_stoppingTime86400.00,53663.0,622.29245703125
97,ails2_etaMax0.010_stoppingTime432000.00,53644.0,671.11445703125
98,ails2_eoh_omega2,53592.0,675.32145703125
99,ails2_etaMax1.000_stoppingTime86400.00,54553.0,683.24745703125
100,ails2_etaMax0.005_stoppingTime86400.00,53350.0,691.00845703125
101,ails2_eoh_acc,53625.0,691.25945703125
102,ails2_etaMax0.010_stoppingTime432000.00,53634.0,693.92745703125
103,ails2_eoh_acc_large,53547.0,731.17245703125
104,ails2_etaMax0.020_stoppingTime86400.00,53659.0,736.26045703125
105,ails2_eoh_omega2,53589.0,713.75045703125
106,ails2_etaMax1.000_stoppingTime86400.00,54453.0,692.81445703125
107,HGS-TV,53339.0,745.4323711395264
108,ails2_etaMax0.005_stoppingTime86400.00,53331.0,709.91845703125
109,ails2_eoh_acc,53621.0,752.09345703125
110,ails2_etaMax0.020_stoppingTime86400.00,53648.0,746.51045703125
111,ails2_etaMax0.010_stoppingTime432000.00,53607.0,763.64945703125
112,ails2_eoh_acc_large,53530.0,794.52145703125
113,ails2_eoh_omega2,53574.0,795.83245703125
114,ails2_eoh_acc,53610.0,808.82345703125
115,ails2_eoh_acc_large,53525.0,839.29645703125
116,ails2_etaMax0.010_stoppingTime432000.00,53569.0,852.83345703125
117,ails2_etaMax0.020_stoppingTime86400.00,53641.0,831.46545703125
118,ails2_eoh_omega2,53551.0,821.21045703125
119,ails2_eoh_acc,53608.0,874.74145703125
120,ails2_eoh_acc_large,53508.0,903.10645703125
121,ails2_etaMax0.010_stoppingTime432000.00,53564.0,889.87145703125
122,ails2_etaMax0.020_stoppingTime86400.00,53639.0,925.28545703125
123,ails2_eoh_acc,53606.0,914.40545703125
124,ails2_eoh_omega2,53548.0,956.98245703125
125,ails2_etaMax0.010_stoppingTime432000.00,53561.0,945.41345703125
126,ails2_eoh_acc_large,53506.0,991.32545703125
127,ails2_etaMax0.020_stoppingTime86400.00,53627.0,1012.92645703125
128,ails2_eoh_acc,53604.0,1016.14845703125
129,ails2_eoh_omega2,53545.0,970.18445703125
130,ails2_eoh_acc_large,53489.0,1044.28745703125
131,ails2_etaMax1.000_stoppingTime432000.00,54560.0,1069.91645703125
132,ails2_etaMax0.005_stoppingTime86400.00,53330.0,1071.56445703125
133,ails2_etaMax0.020_stoppingTime86400.00,53598.0,1026.74545703125
134,ails2_eoh_acc,53587.0,1073.06245703125
135,ails2_eoh_omega2,53535.0,1038.35045703125
136,ails2_eoh_acc_large,53486.0,1099.67245703125
137,ails2_etaMax1.000_stoppingTime432000.00,54467.0,1081.87445703125
138,ails2_etaMax0.005_stoppingTime86400.00,53328.0,1131.66145703125
139,ails2_etaMax0.020_stoppingTime86400.00,53591.0,1131.06745703125
140,ails2_eoh_acc,53564.0,1135.46045703125
141,ails2_eoh_acc_large,53483.0,1169.55245703125
142,ails2_etaMax0.005_stoppingTime86400.00,53280.0,1181.67845703125
143,ails2_etaMax0.020_stoppingTime86400.00,53522.0,1176.36445703125
144,ails2_etaMax0.010_stoppingTime432000.00,53560.0,1197.24445703125
145,ails2_eoh_acc,53532.0,1178.67245703125
146,ails2_eoh_omega2,53533.0,1221.08945703125
147,ails2_eoh_acc_large,53480.0,1223.34145703125
148,ails2_etaMax0.010_stoppingTime432000.00,53531.0,1213.25945703125
149,ails2_eoh_acc,53531.0,1199.64345703125
150,ails2_etaMax0.020_stoppingTime86400.00,53516.0,1274.51345703125
151,ails2_eoh_omega2,53523.0,1239.77345703125
152,ails2_eoh_acc_large,53472.0,1277.68845703125
153,ails2_etaMax0.010_stoppingTime432000.00,53530.0,1309.50445703125
154,ails2_eoh_acc,53529.0,1319.83945703125
155,ails2_etaMax0.020_stoppingTime86400.00,53486.0,1334.16845703125
156,ails2_eoh_omega2,53510.0,1330.90045703125
157,ails2_eoh_acc_large,53459.0,1352.15645703125
158,ails2_etaMax0.010_stoppingTime432000.00,53511.0,1365.62545703125
159,ails2_etaMax0.020_stoppingTime86400.00,53439.0,1380.38145703125
160,ails2_eoh_omega2,53503.0,1410.26045703125
161,HGS-TV,53338.0,1411.1460864543915
162,ails2_eoh_acc_large,53454.0,1372.68545703125
163,ails2_etaMax0.010_stoppingTime432000.00,53469.0,1434.21345703125
164,ails2_etaMax0.020_stoppingTime86400.00,53406.0,1456.66045703125
165,ails2_eoh_omega2,53491.0,1422.34545703125
166,ails2_eoh_acc_large,53453.0,1452.23145703125
167,ails2_etaMax0.010_stoppingTime432000.00,53425.0,1495.89945703125
168,ails2_etaMax0.020_stoppingTime86400.00,53381.0,1469.22145703125
169,ails2_eoh_acc_large,53450.0,1523.56845703125
170,ails2_eoh_acc,53528.0,1544.85545703125
171,ails2_etaMax1.000_stoppingTime86400.00,54449.0,1559.73345703125
172,ails2_etaMax0.010_stoppingTime432000.00,53421.0,1548.22945703125
173,ails2_eoh_acc_large,53449.0,1557.45445703125
174,HGS-TV,53332.0,1602.7577080726624
175,ails2_etaMax0.010_stoppingTime432000.00,53386.0,1618.36045703125
176,ails2_eoh_omega2,53490.0,1646.63945703125
177,ails2_etaMax0.005_stoppingTime86400.00,53278.0,1651.04445703125
178,ails2_eoh_acc_large,53446.0,1660.30645703125
179,HGS-TV,53327.0,1662.7878866195679
180,ails2_etaMax0.010_stoppingTime432000.00,53368.0,1634.07545703125
181,ails2_eoh_omega2,53475.0,1665.76045703125
182,ails2_etaMax0.005_stoppingTime86400.00,53268.0,1659.07545703125
183,ails2_eoh_omega2,53474.0,1818.88145703125
184,ails2_etaMax0.020_stoppingTime86400.00,53379.0,1825.88645703125
185,ails2_eoh_acc,53527.0,1838.77345703125
186,ails2_etaMax0.010_stoppingTime432000.00,53364.0,1853.95545703125
187,ails2_eoh_acc_large,53445.0,1857.41345703125
188,HGS-TV,53326.0,1865.2685983181
189,ails2_eoh_omega2,53468.0,1839.98245703125
190,ails2_etaMax0.020_stoppingTime86400.00,53374.0,1833.55545703125
191,ails2_eoh_acc,53524.0,1902.32445703125
192,ails2_etaMax0.010_stoppingTime432000.00,53349.0,1913.65245703125
193,ails2_eoh_acc_large,53440.0,1914.90245703125
194,ails2_etaMax1.000_stoppingTime86400.00,54445.0,1960.22245703125
195,ails2_etaMax0.010_stoppingTime432000.00,53329.0,1963.64345703125
196,ails2_eoh_acc_large,53439.0,1925.83845703125
197,ails2_eoh_acc,53523.0,1998.99145703125
198,HGS-TV,53324.0,2038.4375846385956
199,ails2_eoh_acc_large,53438.0,2032.77845703125
200,ails2_etaMax0.020_stoppingTime86400.00,53373.0,2069.29245703125
201,ails2_etaMax0.020_stoppingTime86400.00,53356.0,2123.55045703125
202,ails2_eoh_acc,53522.0,2133.79345703125
203,ails2_etaMax1.000_stoppingTime86400.00,54437.0,2150.29345703125
204,ails2_etaMax1.000_stoppingTime864000.00,54541.0,2153.68145703125
205,ails2_etaMax0.010_stoppingTime432000.00,53327.0,2189.17045703125
206,ails2_etaMax0.020_stoppingTime86400.00,53338.0,2148.67345703125
207,HGS-TV,53316.0,2192.988367319107
208,ails2_etaMax1.000_stoppingTime86400.00,54404.0,2154.16645703125
209,ails2_etaMax1.000_stoppingTime864000.00,54479.0,2214.04645703125
210,ails2_etaMax0.010_stoppingTime432000.00,53320.0,2196.74045703125
211,ails2_eoh_acc,53521.0,2261.54145703125
212,ails2_etaMax1.000_stoppingTime86400.00,54387.0,2228.69145703125
213,ails2_etaMax0.020_stoppingTime86400.00,53335.0,2317.16545703125
214,ails2_eoh_acc_large,53437.0,2348.17145703125
215,ails2_eoh_acc,53520.0,2373.82645703125
216,ails2_etaMax0.020_stoppingTime86400.00,53331.0,2322.44045703125
217,ails2_eoh_acc_large,53432.0,2401.16345703125
218,ails2_eoh_acc,53518.0,2418.74345703125
219,ails2_etaMax0.010_stoppingTime432000.00,53319.0,2445.31545703125
220,ails2_etaMax0.005_stoppingTime86400.00,53264.0,2447.16745703125
221,ails2_eoh_acc_large,53430.0,2433.71045703125
222,ails2_etaMax0.010_stoppingTime432000.00,53314.0,2447.22845703125
223,ails2_etaMax0.005_stoppingTime86400.00,53263.0,2451.45545703125
224,ails2_etaMax1.000_stoppingTime86400.00,54374.0,2523.99745703125
225,ails2_eoh_acc,53517.0,2530.73645703125
226,ails2_etaMax0.010_stoppingTime432000.00,53308.0,2536.94345703125
227,ails2_etaMax1.000_stoppingTime86400.00,54310.0,2542.98545703125
228,ails2_eoh_acc,53515.0,2565.18945703125
229,ails2_etaMax0.020_stoppingTime86400.00,53329.0,2615.92945703125
230,ails2_eoh_acc_large,53429.0,2625.09945703125
231,ails2_eoh_acc,53510.0,2606.67245703125
232,ails2_etaMax0.020_stoppingTime86400.00,53322.0,2670.41345703125
233,ails2_eoh_acc,53507.0,2701.91445703125
234,ails2_etaMax0.020_stoppingTime86400.00,53320.0,2749.24845703125
235,ails2_etaMax0.005_stoppingTime86400.00,53262.0,2914.21245703125
236,ails2_etaMax0.020_stoppingTime86400.00,53318.0,2927.05245703125
237,ails2_etaMax0.005_stoppingTime86400.00,53234.0,2927.18745703125
238,ails2_etaMax0.020_stoppingTime86400.00,53317.0,2928.38145703125
239,ails2_etaMax0.010_stoppingTime432000.00,53299.0,3070.74345703125
240,ails2_etaMax1.000_stoppingTime86400.00,54304.0,3097.94345703125
241,ails2_eoh_acc_large,53428.0,3128.47245703125
242,ails2_etaMax0.010_stoppingTime432000.00,53293.0,3089.12245703125
243,ails2_eoh_acc,53505.0,3137.34745703125
244,ails2_etaMax1.000_stoppingTime86400.00,54291.0,3101.53445703125
245,ails2_eoh_acc_large,53426.0,3153.68945703125
246,ails2_etaMax1.000_stoppingTime432000.00,54404.0,3206.48245703125
247,HGS-TV,53314.0,3209.6478140354156
248,ails2_eoh_acc,53504.0,3209.88745703125
249,ails2_etaMax0.020_stoppingTime86400.00,53315.0,3262.64545703125
250,ails2_eoh_acc,53501.0,3225.40445703125
251,ails2_etaMax0.020_stoppingTime86400.00,53298.0,3305.99045703125
252,ails2_etaMax1.000_stoppingTime86400.00,54249.0,3415.16245703125
253,ails2_etaMax0.005_stoppingTime86400.00,53227.0,3461.72545703125
254,ails2_etaMax1.000_stoppingTime86400.00,54239.0,3417.10745703125
255,ails2_etaMax0.005_stoppingTime86400.00,53182.0,3482.62945703125
256,ails2_etaMax0.020_stoppingTime86400.00,53296.0,3523.71045703125
257,ails2_eoh_acc_large,53425.0,3566.10745703125
258,ails2_etaMax0.020_stoppingTime86400.00,53272.0,3548.01945703125
259,filo2,53173.0,3662.2670860290527
260,ails2_etaMax1.000_stoppingTime432000.00,54385.0,3663.60245703125
261,ails2_eoh_acc_large,53163.0,3648.45345703125
262,ails2_etaMax0.020_stoppingTime86400.00,53181.0,3608.77945703125
263,ails2_etaMax1.000_stoppingTime432000.00,54350.0,3663.65545703125
264,ails2_eoh_acc_large,53156.0,3697.07845703125
265,ails2_eoh_acc,53179.0,3754.16745703125
266,ails2_eoh_acc_large,53152.0,3754.20545703125
267,ails2_eoh_acc,53169.0,3776.22645703125
268,ails2_eoh_acc_large,53144.0,3841.65245703125
269,ails2_eoh_acc,53164.0,3879.52345703125
270,ails2_etaMax1.000_stoppingTime864000.00,54477.0,3930.55945703125
271,ails2_etaMax1.000_stoppingTime86400.00,54230.0,3937.48045703125
272,ails2_eoh_acc,53156.0,3931.09545703125
273,ails2_eoh_acc_large,53140.0,3981.97245703125
274,ails2_etaMax1.000_stoppingTime86400.00,54194.0,3989.07145703125
275,ails2_eoh_acc,53151.0,3962.69145703125
276,ails2_eoh_acc_large,53139.0,4049.04345703125
277,ails2_etaMax1.000_stoppingTime86400.00,54166.0,4005.66245703125
278,ails2_eoh_acc,53148.0,4024.50445703125
279,ails2_eoh_acc_large,53137.0,4064.05245703125
280,ails2_eoh_acc,53141.0,4092.23445703125
281,ails2_eoh_acc_large,53129.0,4132.65045703125
282,ails2_eoh_acc,53135.0,4164.02045703125
283,ails2_eoh_acc_large,53127.0,4176.37545703125
284,ails2_eoh_acc,53134.0,4196.43845703125
285,ails2_eoh_acc_large,53121.0,4274.48645703125
286,ails2_etaMax1.000_stoppingTime86400.00,54155.0,4296.11445703125
287,ails2_eoh_acc,53133.0,4270.99145703125
288,ails2_eoh_acc_large,53119.0,4304.30845703125
289,ails2_etaMax1.000_stoppingTime86400.00,54148.0,4302.43745703125
290,ails2_eoh_acc,53130.0,4334.92545703125
291,ails2_eoh_acc_large,53106.0,4409.08945703125
292,ails2_etaMax1.000_stoppingTime86400.00,54133.0,4405.17545703125
293,ails2_eoh_acc,53119.0,4420.26045703125
294,ails2_eoh_acc_large,53105.0,4470.57545703125
295,ails2_etaMax1.000_stoppingTime86400.00,54121.0,4418.85345703125
296,ails2_etaMax0.010_stoppingTime432000.00,53291.0,4491.44745703125
297,ails2_eoh_acc,53117.0,4504.55345703125
298,ails2_eoh_acc_large,53104.0,4488.33045703125
299,ails2_etaMax0.010_stoppingTime432000.00,53265.0,4546.27445703125
300,ails2_eoh_acc,53115.0,4591.64145703125
301,ails2_etaMax0.010_stoppingTime432000.00,53263.0,4610.23145703125
302,ails2_eoh_acc,53114.0,4672.68545703125
303,ails2_etaMax0.010_stoppingTime432000.00,53246.0,4650.30745703125
304,ails2_etaMax0.005_stoppingTime86400.00,53179.0,4712.48545703125
305,ails2_eoh_omega2,53465.0,4732.20045703125
306,ails2_eoh_acc,53113.0,4723.73045703125
307,ails2_etaMax0.010_stoppingTime432000.00,53244.0,4738.35645703125
308,ails2_etaMax0.005_stoppingTime86400.00,53170.0,4737.86445703125
309,ails2_etaMax0.010_stoppingTime432000.00,53231.0,4798.46345703125
310,ails2_eoh_acc,53111.0,4813.92145703125
311,ails2_etaMax0.010_stoppingTime432000.00,53224.0,4802.58445703125
312,ails2_eoh_acc,53110.0,4867.56445703125
313,ails2_etaMax0.005_stoppingTime86400.00,53169.0,4896.05545703125
314,ails2_eoh_acc,53108.0,4944.27945703125
315,ails2_etaMax0.005_stoppingTime86400.00,53155.0,4896.37545703125
316,ails2_eoh_omega2,53464.0,4989.63445703125
317,ails2_eoh_omega2,53463.0,5037.27545703125
318,ails2_eoh_acc_large,53102.0,5172.98845703125
319,ails2_eoh_acc_large,53101.0,5189.63445703125
320,ails2_eoh_acc_large,53098.0,5272.75445703125
321,ails2_etaMax0.010_stoppingTime432000.00,53215.0,5298.69245703125
322,ails2_etaMax0.010_stoppingTime432000.00,53211.0,5302.26245703125
323,ails2_eoh_omega2,53462.0,5369.95045703125
324,ails2_etaMax0.020_stoppingTime86400.00,53180.0,5390.75445703125
325,ails2_eoh_acc,53107.0,5406.37945703125
326,ails2_eoh_omega2,53458.0,5374.77545703125
327,ails2_etaMax0.020_stoppingTime86400.00,53172.0,5394.00345703125
328,ails2_etaMax1.000_stoppingTime864000.00,54462.0,5455.23045703125
329,ails2_eoh_acc,53106.0,5488.99245703125
330,ails2_etaMax0.010_stoppingTime432000.00,53210.0,5493.15145703125
331,ails2_etaMax1.000_stoppingTime864000.00,54410.0,5455.35345703125
332,ails2_etaMax1.000_stoppingTime86400.00,54109.0,5531.86145703125
333,ails2_eoh_acc_large,53096.0,5534.46745703125
334,ails2_eoh_omega2,53447.0,5543.89145703125
335,ails2_eoh_omega2,53435.0,5635.99945703125
336,ails2_etaMax0.020_stoppingTime86400.00,53167.0,5638.87545703125
337,ails2_eoh_omega2,53399.0,5650.28945703125
338,ails2_etaMax0.010_stoppingTime432000.00,53206.0,5699.01345703125
339,ails2_etaMax0.020_stoppingTime86400.00,53163.0,5645.73145703125
340,ails2_eoh_acc,53105.0,5709.59645703125
341,ails2_etaMax1.000_stoppingTime864000.00,54398.0,5720.00345703125
342,ails2_etaMax0.010_stoppingTime432000.00,53197.0,5706.83945703125
343,ails2_eoh_acc,53103.0,5734.30245703125
344,ails2_etaMax1.000_stoppingTime86400.00,54085.0,5897.47945703125
345,ails2_etaMax1.000_stoppingTime86400.00,54055.0,5909.37745703125
346,ails2_etaMax0.005_stoppingTime86400.00,53152.0,6136.91045703125
347,ails2_etaMax1.000_stoppingTime86400.00,54048.0,6176.55345703125
348,ails2_etaMax0.005_stoppingTime86400.00,53149.0,6148.41545703125
349,ails2_eoh_acc,53102.0,6201.05145703125
350,ails2_etaMax1.000_stoppingTime86400.00,54045.0,6178.39545703125
351,ails2_eoh_acc,53100.0,6268.10145703125
352,ails2_eoh_acc,53099.0,6288.99345703125
353,ails2_eoh_acc,53097.0,6457.16045703125
354,ails2_eoh_acc,53095.0,6512.75945703125
355,ails2_eoh_acc,53093.0,6551.78045703125
356,ails2_eoh_omega2,53398.0,6704.41145703125
357,ails2_eoh_acc,53092.0,6724.21345703125
358,ails2_eoh_acc_large,53095.0,6757.73445703125
359,ails2_eoh_omega2,53368.0,6763.95845703125
360,ails2_etaMax1.000_stoppingTime86400.00,54033.0,6774.52345703125
361,ails2_eoh_omega2,53364.0,6768.12645703125
362,ails2_eoh_omega2,53359.0,6870.04845703125
363,ails2_etaMax0.005_stoppingTime86400.00,53144.0,6971.35245703125
364,ails2_etaMax0.005_stoppingTime86400.00,53141.0,6973.89345703125
365,ails2_eoh_acc,53089.0,7052.45945703125
366,ails2_etaMax1.000_stoppingTime86400.00,54032.0,7172.63645703125
367,ails2_eoh_acc,53088.0,7211.54945703125
368,ails2_etaMax1.000_stoppingTime86400.00,54024.0,7172.70745703125
369,ails2_eoh_acc_large,53088.0,7209.18445703125
370,ails2_eoh_acc,53083.0,7267.32045703125
371,ails2_eoh_acc_large,53085.0,7279.04445703125
372,ails2_etaMax1.000_stoppingTime86400.00,53986.0,7859.46545703125
373,ails2_etaMax1.000_stoppingTime86400.00,53940.0,7864.04445703125
374,ails2_etaMax1.000_stoppingTime86400.00,53932.0,8236.61445703125
375,ails2_etaMax1.000_stoppingTime86400.00,53861.0,8245.78645703125
376,ails2_etaMax1.000_stoppingTime86400.00,53847.0,8301.56045703125
377,ails2_eoh_omega2,53354.0,8461.01545703125
378,ails2_etaMax0.010_stoppingTime432000.00,53187.0,8492.14545703125
379,ails2_eoh_omega2,53336.0,8491.00645703125
380,ails2_etaMax0.010_stoppingTime432000.00,53182.0,8495.52145703125
381,ails2_eoh_acc_large,53084.0,8572.52445703125
382,ails2_eoh_acc_large,53083.0,8726.97545703125
383,ails2_etaMax1.000_stoppingTime86400.00,53843.0,8887.49145703125
384,ails2_eoh_acc_large,53080.0,9297.04145703125
385,ails2_etaMax1.000_stoppingTime1728000.00,54432.0,9393.84745703125
386,ails2_eoh_acc_large,53079.0,9566.22745703125
387,ails2_eoh_omega2,53332.0,9576.76445703125
388,ails2_eoh_omega2,53328.0,9577.57045703125
389,ails2_etaMax1.000_stoppingTime432000.00,54339.0,9664.78145703125
390,ails2_eoh_omega2,53326.0,9724.99745703125
391,ails2_eoh_omega2,53310.0,9736.26445703125
392,ails2_eoh_omega2,53305.0,9818.78345703125
393,ails2_etaMax1.000_stoppingTime86400.00,53840.0,9854.92745703125
394,ails2_etaMax1.000_stoppingTime86400.00,53838.0,10016.87845703125
395,ails2_eoh_omega2,53300.0,10058.14445703125
396,ails2_etaMax1.000_stoppingTime86400.00,53821.0,10020.21845703125
397,ails2_eoh_omega2,53298.0,10059.91845703125
398,ails2_etaMax1.000_stoppingTime86400.00,53816.0,10411.88645703125
399,ails2_etaMax1.000_stoppingTime86400.00,53804.0,10423.58645703125
400,ails2_eoh_acc,53082.0,10794.52245703125
401,ails2_etaMax1.000_stoppingTime86400.00,53800.0,10932.72645703125
402,ails2_etaMax1.000_stoppingTime86400.00,53772.0,10957.50145703125
403,ails2_etaMax1.000_stoppingTime86400.00,53768.0,11809.07345703125
404,ails2_etaMax1.000_stoppingTime864000.00,54360.0,11995.03145703125
405,ails2_etaMax1.000_stoppingTime86400.00,53766.0,12021.40445703125
406,ails2_eoh_acc,53078.0,12044.37845703125
407,ails2_etaMax1.000_stoppingTime86400.00,53734.0,12023.94345703125
408,ails2_eoh_acc,53077.0,12073.56345703125
409,ails2_eoh_acc,53076.0,12177.31445703125
410,ails2_etaMax1.000_stoppingTime432000.00,54338.0,12331.63345703125
411,ails2_etaMax1.000_stoppingTime432000.00,54336.0,12331.74345703125
412,ails2_etaMax1.000_stoppingTime86400.00,53730.0,12809.64745703125
413,ails2_etaMax1.000_stoppingTime86400.00,53679.0,12834.60245703125
414,ails2_eoh_acc,53075.0,12917.72745703125
415,ails2_eoh_acc_large,53078.0,12923.60045703125
416,ails2_eoh_omega2,53296.0,12989.48045703125
417,ails2_etaMax1.000_stoppingTime432000.00,54334.0,12991.56145703125
418,ails2_eoh_omega2,53295.0,12993.47145703125
419,ails2_etaMax1.000_stoppingTime432000.00,54297.0,12991.72945703125
420,ails2_eoh_acc_large,53075.0,13106.25345703125
421,ails2_eoh_acc_large,53073.0,13127.62445703125
422,ails2_eoh_acc_large,53071.0,13167.52745703125
423,ails2_eoh_acc_large,53070.0,13286.65245703125
424,ails2_eoh_omega2,53294.0,13376.06245703125
425,ails2_eoh_omega2,53290.0,13389.55145703125
426,ails2_eoh_omega2,53283.0,13491.94345703125
427,ails2_eoh_omega2,53281.0,13518.92445703125
428,ails2_eoh_omega2,53280.0,13637.58645703125
429,ails2_etaMax1.000_stoppingTime86400.00,53667.0,13640.72745703125
430,ails2_eoh_omega2,53271.0,13676.88445703125
431,ails2_etaMax1.000_stoppingTime86400.00,53639.0,13643.78945703125
432,ails2_etaMax1.000_stoppingTime432000.00,54287.0,13798.35945703125
433,ails2_etaMax1.000_stoppingTime432000.00,54273.0,13800.55345703125
434,ails2_etaMax1.000_stoppingTime86400.00,53635.0,13872.42145703125
435,ails2_etaMax1.000_stoppingTime86400.00,53617.0,13891.05345703125
436,ails2_eoh_acc,53074.0,14061.56245703125
437,ails2_eoh_acc,53073.0,14158.45045703125
438,ails2_eoh_acc,53071.0,14262.45645703125
439,ails2_etaMax0.010_stoppingTime432000.00,53179.0,14304.30345703125
440,ails2_eoh_acc,53070.0,14351.54645703125
441,ails2_eoh_omega2,53270.0,14392.37545703125
442,ails2_etaMax1.000_stoppingTime86400.00,53608.0,15169.54345703125
443,ails2_etaMax1.000_stoppingTime86400.00,53605.0,15169.97645703125
444,ails2_etaMax1.000_stoppingTime432000.00,54257.0,15288.14945703125
445,ails2_etaMax1.000_stoppingTime1728000.00,54430.0,15324.68145703125
446,ails2_etaMax1.000_stoppingTime86400.00,53604.0,15347.89645703125
447,ails2_etaMax1.000_stoppingTime1728000.00,54379.0,15324.82545703125
448,ails2_etaMax1.000_stoppingTime86400.00,53598.0,15437.55445703125
449,ails2_etaMax1.000_stoppingTime86400.00,53558.0,15453.82845703125
450,ails2_etaMax1.000_stoppingTime86400.00,53557.0,15732.41045703125
451,ails2_etaMax1.000_stoppingTime86400.00,53523.0,15790.87145703125
452,ails2_eoh_acc_large,53069.0,16078.51345703125
453,ails2_eoh_acc_large,53067.0,16113.89045703125
454,ails2_eoh_acc_large,53066.0,16157.36645703125
455,ails2_eoh_omega2,53268.0,16260.56945703125
456,ails2_eoh_omega2,53265.0,16264.44445703125
457,ails2_eoh_omega2,53264.0,16650.17745703125
458,ails2_eoh_omega2,53263.0,16652.07345703125
459,ails2_etaMax1.000_stoppingTime432000.00,54236.0,16726.34945703125
460,ails2_etaMax0.010_stoppingTime432000.00,53177.0,16749.06245703125
461,ails2_etaMax1.000_stoppingTime432000.00,54227.0,16726.90045703125
462,ails2_etaMax0.010_stoppingTime432000.00,53172.0,16755.89245703125
463,ails2_etaMax1.000_stoppingTime86400.00,53508.0,17071.72045703125
464,ails2_etaMax1.000_stoppingTime86400.00,53493.0,18514.46245703125
465,ails2_etaMax1.000_stoppingTime86400.00,53445.0,18536.65845703125
466,ails2_etaMax1.000_stoppingTime86400.00,53423.0,18593.72345703125
467,ails2_etaMax0.010_stoppingTime432000.00,53171.0,19142.04245703125
468,ails2_etaMax1.000_stoppingTime432000.00,54224.0,19159.48045703125
469,ails2_etaMax0.010_stoppingTime432000.00,53166.0,19156.10045703125
470,ails2_etaMax1.000_stoppingTime432000.00,54216.0,19159.82645703125
471,ails2_etaMax0.010_stoppingTime432000.00,53165.0,19282.47445703125
472,ails2_etaMax1.000_stoppingTime86400.00,53422.0,19319.98245703125
473,ails2_eoh_omega2,53259.0,19324.27845703125
474,ails2_etaMax0.010_stoppingTime432000.00,53155.0,19297.76545703125
475,ails2_etaMax1.000_stoppingTime864000.00,54330.0,19373.89145703125
476,ails2_etaMax1.000_stoppingTime86400.00,53421.0,19321.39945703125
477,ails2_eoh_omega2,53240.0,19355.44845703125
478,ails2_etaMax1.000_stoppingTime864000.00,54301.0,19374.16945703125
479,ails2_eoh_omega2,53235.0,19438.89545703125
480,ails2_etaMax1.000_stoppingTime432000.00,54210.0,19483.95845703125
481,ails2_eoh_omega2,53229.0,19487.26945703125
482,ails2_etaMax1.000_stoppingTime432000.00,54190.0,19490.87545703125
483,ails2_etaMax1.000_stoppingTime86400.00,53405.0,19790.96345703125
484,ails2_etaMax1.000_stoppingTime86400.00,53396.0,19797.55145703125
485,ails2_etaMax0.010_stoppingTime432000.00,53153.0,20020.64045703125
486,ails2_etaMax1.000_stoppingTime432000.00,54186.0,20816.36145703125
487,ails2_etaMax1.000_stoppingTime86400.00,53395.0,21458.35445703125
488,ails2_etaMax1.000_stoppingTime86400.00,53388.0,21542.90345703125
489,ails2_etaMax1.000_stoppingTime86400.00,53383.0,21576.68745703125
490,ails2_etaMax1.000_stoppingTime86400.00,53375.0,21710.31645703125
491,ails2_etaMax1.000_stoppingTime86400.00,53359.0,21842.75845703125
492,ails2_etaMax1.000_stoppingTime86400.00,53346.0,21852.77145703125
493,ails2_eoh_acc_large,53065.0,22186.23145703125
494,ails2_eoh_acc_large,53063.0,22204.67145703125
495,ails2_eoh_acc_large,53062.0,22403.92745703125
496,ails2_etaMax1.000_stoppingTime432000.00,54181.0,22601.25945703125
497,ails2_etaMax1.000_stoppingTime432000.00,54180.0,22669.85845703125
498,ails2_etaMax1.000_stoppingTime432000.00,54158.0,22695.82845703125
499,ails2_eoh_acc_large,53061.0,22936.81645703125
500,ails2_eoh_omega2,53227.0,22951.30545703125
501,ails2_etaMax0.010_stoppingTime432000.00,53150.0,22975.52145703125
502,ails2_eoh_omega2,53217.0,22955.87645703125
503,ails2_etaMax0.010_stoppingTime432000.00,53137.0,22992.09945703125
504,ails2_eoh_acc_large,53060.0,23060.24645703125
505,ails2_etaMax0.010_stoppingTime432000.00,53135.0,23144.42645703125
506,ails2_etaMax0.010_stoppingTime432000.00,53124.0,23150.25045703125
507,ails2_etaMax0.010_stoppingTime432000.00,53123.0,23433.80145703125
508,ails2_etaMax0.010_stoppingTime432000.00,53121.0,23444.99145703125
509,ails2_etaMax1.000_stoppingTime86400.00,53345.0,23591.69245703125
510,ails2_etaMax1.000_stoppingTime86400.00,53286.0,23615.50045703125
511,ails2_etaMax1.000_stoppingTime432000.00,54137.0,23662.49545703125
512,ails2_etaMax1.000_stoppingTime432000.00,54128.0,25015.69545703125
513,ails2_etaMax1.000_stoppingTime432000.00,54040.0,25024.85245703125
514,ails2_etaMax0.010_stoppingTime432000.00,53120.0,25120.20345703125
515,ails2_etaMax0.010_stoppingTime432000.00,53108.0,25156.66145703125
516,ails2_etaMax1.000_stoppingTime86400.00,53284.0,25841.75845703125
517,ails2_etaMax1.000_stoppingTime86400.00,53257.0,25859.65145703125
518,ails2_etaMax1.000_stoppingTime86400.00,53254.0,26157.98945703125
519,ails2_etaMax1.000_stoppingTime86400.00,53253.0,26472.83145703125
520,ails2_etaMax1.000_stoppingTime86400.00,53224.0,26511.47645703125
521,ails2_etaMax0.010_stoppingTime432000.00,53106.0,26582.60745703125
522,ails2_etaMax1.000_stoppingTime86400.00,53217.0,26553.10645703125
523,ails2_etaMax0.010_stoppingTime432000.00,53094.0,26641.37345703125
524,ails2_etaMax1.000_stoppingTime1728000.00,54367.0,27804.27245703125
525,ails2_etaMax1.000_stoppingTime1728000.00,54351.0,27810.15745703125
526,ails2_etaMax1.000_stoppingTime864000.00,54298.0,28164.27345703125
527,ails2_etaMax1.000_stoppingTime864000.00,54290.0,28419.21145703125
528,ails2_etaMax1.000_stoppingTime864000.00,54286.0,28419.37545703125
529,ails2_etaMax1.000_stoppingTime864000.00,54238.0,29215.52745703125
530,ails2_etaMax1.000_stoppingTime864000.00,54223.0,29215.61145703125
531,ails2_etaMax1.000_stoppingTime86400.00,53213.0,29883.92345703125
532,ails2_etaMax1.000_stoppingTime86400.00,53203.0,29894.44845703125
533,ails2_etaMax1.000_stoppingTime1728000.00,54347.0,30251.35845703125
534,ails2_etaMax1.000_stoppingTime1728000.00,54339.0,30255.23545703125
535,ails2_etaMax1.000_stoppingTime432000.00,54039.0,30641.64545703125
536,ails2_etaMax1.000_stoppingTime86400.00,53201.0,31179.61745703125
537,ails2_etaMax1.000_stoppingTime86400.00,53183.0,31234.23945703125
538,ails2_etaMax1.000_stoppingTime86400.00,53180.0,31454.79145703125
539,ails2_etaMax1.000_stoppingTime86400.00,53171.0,31459.03145703125
540,ails2_etaMax1.000_stoppingTime432000.00,54037.0,31928.83245703125
541,ails2_etaMax1.000_stoppingTime432000.00,53975.0,31978.66545703125
542,ails2_etaMax1.000_stoppingTime86400.00,53169.0,33011.18445703125
543,ails2_etaMax1.000_stoppingTime86400.00,53150.0,33022.35845703125
544,ails2_etaMax1.000_stoppingTime86400.00,53147.0,33153.44745703125
545,ails2_etaMax1.000_stoppingTime86400.00,53136.0,33159.42745703125
546,ails2_etaMax1.000_stoppingTime86400.00,53135.0,33309.88445703125
547,ails2_etaMax1.000_stoppingTime86400.00,53123.0,33314.16145703125
548,ails2_etaMax0.010_stoppingTime432000.00,53090.0,33854.59645703125
549,ails2_etaMax0.010_stoppingTime432000.00,53082.0,33893.96145703125
550,ails2_etaMax1.000_stoppingTime864000.00,54220.0,34479.67945703125
551,ails2_etaMax1.000_stoppingTime864000.00,54199.0,34481.49445703125
552,ails2_etaMax1.000_stoppingTime86400.00,53118.0,34572.56245703125
553,ails2_etaMax1.000_stoppingTime86400.00,53108.0,34629.31845703125
554,ails2_etaMax1.000_stoppingTime86400.00,53105.0,34783.69445703125
555,ails2_etaMax1.000_stoppingTime86400.00,53089.0,34794.97645703125
556,ails2_etaMax1.000_stoppingTime86400.00,53087.0,34867.18245703125
557,ails2_etaMax0.010_stoppingTime432000.00,53077.0,34911.49845703125
558,ails2_etaMax1.000_stoppingTime432000.00,53974.0,34919.26945703125
559,ails2_etaMax0.010_stoppingTime432000.00,53067.0,34928.99845703125
560,ails2_etaMax1.000_stoppingTime432000.00,53966.0,34919.67045703125
561,ails2_etaMax1.000_stoppingTime432000.00,53949.0,35009.13345703125
562,ails2_etaMax1.000_stoppingTime432000.00,53863.0,35183.24745703125
563,ails2_etaMax1.000_stoppingTime864000.00,54187.0,35704.95545703125
564,ails2_etaMax1.000_stoppingTime864000.00,54172.0,35717.23245703125
565,ails2_etaMax1.000_stoppingTime86400.00,53083.0,35798.52045703125
566,ails2_etaMax1.000_stoppingTime86400.00,53071.0,35808.10145703125
567,ails2_etaMax0.010_stoppingTime432000.00,53061.0,36463.84645703125
568,ails2_etaMax0.010_stoppingTime432000.00,53058.0,36464.33745703125
569,ails2_etaMax0.010_stoppingTime432000.00,53055.0,36566.24445703125
570,ails2_etaMax1.000_stoppingTime1728000.00,54331.0,37735.43545703125
571,ails2_etaMax1.000_stoppingTime1728000.00,54320.0,37740.63345703125
572,ails2_etaMax1.000_stoppingTime86400.00,53067.0,38243.65845703125
573,ails2_etaMax1.000_stoppingTime86400.00,53065.0,38244.80345703125
574,ails2_etaMax1.000_stoppingTime86400.00,53059.0,38455.87345703125
575,ails2_etaMax1.000_stoppingTime86400.00,53042.0,38461.17345703125
576,ails2_etaMax1.000_stoppingTime86400.00,53036.0,38558.12745703125
577,ails2_eoh_omega2,53216.0,39640.45145703125
578,ails2_eoh_acc_large,53013.0,39668.77045703125
579,ails2_eoh_acc,53007.0,39670.41045703125
580,ails2_etaMax0.020_stoppingTime86400.00,53028.0,39616.90245703125
581,ails2_eoh_omega2,53215.0,39668.05645703125
582,ails2_eoh_acc,52992.0,39726.04745703125
583,ails2_eoh_acc_large,53005.0,39724.71445703125
584,ails2_eoh_acc,52981.0,39794.11345703125
585,ails2_eoh_acc_large,52999.0,39777.05945703125
586,ails2_eoh_acc_large,52988.0,39848.04845703125
587,ails2_eoh_acc,52975.0,39841.53545703125
588,ails2_eoh_acc_large,52985.0,39894.77845703125
589,ails2_eoh_acc,52971.0,39910.71245703125
590,ails2_eoh_acc_large,52981.0,39963.02145703125
591,ails2_eoh_acc,52969.0,40020.67745703125
592,ails2_eoh_acc_large,52979.0,40024.84945703125
593,ails2_eoh_acc,52965.0,40046.18945703125
594,ails2_eoh_acc_large,52974.0,40052.01345703125
595,ails2_eoh_acc,52964.0,40121.67445703125
596,ails2_eoh_acc_large,52972.0,40157.59445703125
597,ails2_eoh_acc,52963.0,40192.38045703125
598,ails2_eoh_acc_large,52969.0,40254.45245703125
599,ails2_eoh_acc,52962.0,40248.41545703125
600,ails2_eoh_acc_large,52968.0,40522.67045703125
601,ails2_eoh_acc,52961.0,40570.24145703125
602,ails2_eoh_acc_large,52967.0,40528.76645703125
603,ails2_eoh_acc_large,52966.0,40648.11545703125
604,ails2_eoh_acc_large,52965.0,40648.59145703125
605,ails2_eoh_acc,52960.0,40721.07745703125
606,ails2_eoh_acc_large,52964.0,40725.19245703125
607,ails2_eoh_acc_large,52962.0,40771.17845703125
608,ails2_eoh_acc,52958.0,40989.10845703125
609,ails2_eoh_acc_large,52961.0,41048.22145703125
610,ails2_eoh_acc,52955.0,41134.44345703125
611,ails2_etaMax0.010_stoppingTime432000.00,53051.0,41155.10945703125
612,ails2_eoh_acc_large,52960.0,41194.96445703125
613,ails2_eoh_acc,52954.0,41448.34045703125
614,ails2_etaMax1.000_stoppingTime864000.00,54171.0,41494.14245703125
615,ails2_eoh_acc,52952.0,41510.17245703125
616,ails2_eoh_acc,52944.0,41562.36445703125
617,ails2_etaMax1.000_stoppingTime86400.00,53035.0,41616.44045703125
618,ails2_etaMax1.000_stoppingTime86400.00,53022.0,41677.14945703125
619,ails2_eoh_acc,52943.0,41698.74745703125
620,ails2_etaMax1.000_stoppingTime86400.00,53015.0,41682.57645703125
621,ails2_etaMax1.000_stoppingTime86400.00,53014.0,41830.54345703125
622,ails2_etaMax1.000_stoppingTime86400.00,52996.0,41887.18645703125
623,ails2_etaMax1.000_stoppingTime86400.00,52992.0,41897.16145703125
624,ails2_etaMax1.000_stoppingTime1728000.00,54310.0,42446.34245703125
625,HGS-TV,52961.0,42508.09061074257
626,ails2_eoh_acc_large,52959.0,42757.40245703125
627,ails2_etaMax0.020_stoppingTime86400.00,53024.0,42881.64845703125
628,ails2_etaMax0.010_stoppingTime432000.00,53049.0,42893.91345703125
629,ails2_eoh_acc_large,52957.0,42904.79545703125
630,ails2_etaMax0.020_stoppingTime86400.00,53019.0,42883.71445703125
631,ails2_etaMax0.010_stoppingTime432000.00,53044.0,42913.49645703125
632,ails2_etaMax0.010_stoppingTime432000.00,53040.0,43005.66045703125
633,ails2_etaMax0.010_stoppingTime432000.00,53039.0,43019.64145703125
634,ails2_eoh_omega2,53214.0,43161.69745703125
635,ails2_eoh_omega2,53213.0,43163.40945703125
636,ails2_etaMax1.000_stoppingTime432000.00,53861.0,43530.89945703125
637,ails2_etaMax1.000_stoppingTime432000.00,53853.0,43530.97345703125
638,ails2_etaMax0.010_stoppingTime432000.00,53037.0,43596.38545703125
639,ails2_etaMax0.010_stoppingTime432000.00,53022.0,43624.62045703125
640,ails2_eoh_acc_large,52941.0,43709.23045703125
641,ails2_etaMax0.010_stoppingTime432000.00,53019.0,43721.66545703125
642,ails2_etaMax0.010_stoppingTime432000.00,53010.0,43726.29845703125
643,ails2_etaMax1.000_stoppingTime864000.00,54142.0,44147.02045703125
644,ails2_etaMax1.000_stoppingTime864000.00,54109.0,44155.22245703125
645,ails2_eoh_acc_large,52940.0,44341.65545703125
646,ails2_eoh_acc,52942.0,44636.60945703125
647,ails2_etaMax1.000_stoppingTime1728000.00,54299.0,44701.38445703125
648,ails2_etaMax1.000_stoppingTime1728000.00,54298.0,44701.41845703125
649,ails2_eoh_acc_large,52939.0,44927.60145703125
650,ails2_eoh_acc,52941.0,45472.30745703125
651,ails2_etaMax1.000_stoppingTime432000.00,53847.0,46202.38745703125
652,ails2_etaMax0.010_stoppingTime432000.00,53008.0,46221.36845703125
653,ails2_etaMax1.000_stoppingTime432000.00,53817.0,46209.02545703125
654,ails2_etaMax1.000_stoppingTime432000.00,53746.0,46288.46745703125
655,ails2_etaMax1.000_stoppingTime86400.00,52991.0,46470.53645703125
656,ails2_etaMax1.000_stoppingTime86400.00,52985.0,46473.10345703125
657,ails2_eoh_omega2,53212.0,46652.48545703125
658,ails2_eoh_omega2,53208.0,46672.20945703125
659,ails2_eoh_acc,52940.0,46756.96645703125
660,ails2_eoh_acc_large,52931.0,47216.63345703125
661,ails2_etaMax1.000_stoppingTime1728000.00,54290.0,47313.13945703125
662,ails2_eoh_acc,52938.0,47542.96945703125
663,ails2_etaMax1.000_stoppingTime86400.00,52984.0,47705.28945703125
664,ails2_etaMax1.000_stoppingTime86400.00,52979.0,47708.24145703125
665,ails2_etaMax1.000_stoppingTime864000.00,54104.0,48264.07845703125
666,ails2_etaMax1.000_stoppingTime86400.00,52978.0,48333.59045703125
667,ails2_eoh_acc,52937.0,48348.73445703125
668,ails2_etaMax1.000_stoppingTime86400.00,52970.0,48358.47945703125
669,ails2_eoh_acc,52936.0,49022.31145703125
670,ails2_eoh_omega2,53207.0,49593.19145703125
671,ails2_eoh_omega2,53201.0,49671.61545703125
672,ails2_eoh_omega2,53200.0,49673.22345703125
673,ails2_eoh_omega2,53197.0,49808.17145703125
674,ails2_eoh_omega2,53196.0,49816.21145703125
675,ails2_eoh_omega2,53191.0,49923.01845703125
676,ails2_etaMax0.010_stoppingTime432000.00,53007.0,50057.61345703125
677,ails2_etaMax1.000_stoppingTime1728000.00,54271.0,50064.93845703125
678,ails2_etaMax1.000_stoppingTime1728000.00,54265.0,50077.53745703125
679,ails2_etaMax1.000_stoppingTime432000.00,53732.0,50180.73045703125
680,ails2_etaMax1.000_stoppingTime432000.00,53690.0,50207.98145703125
681,ails2_etaMax1.000_stoppingTime86400.00,52967.0,50873.37845703125
682,ails2_etaMax1.000_stoppingTime86400.00,52965.0,50878.67945703125
683,ails2_etaMax1.000_stoppingTime86400.00,52961.0,50948.65745703125
684,ails2_eoh_acc,52930.0,51164.76045703125
685,ails2_etaMax1.000_stoppingTime86400.00,52959.0,52421.48145703125
686,ails2_etaMax1.000_stoppingTime864000.00,54099.0,52596.89745703125
687,ails2_eoh_acc_large,52930.0,52898.47245703125
688,ails2_eoh_omega2,53190.0,53119.51445703125
689,ails2_eoh_omega2,53185.0,53120.17745703125
690,ails2_eoh_acc_large,52929.0,53313.90445703125
691,ails2_etaMax1.000_stoppingTime864000.00,54093.0,53454.15845703125
692,ails2_etaMax1.000_stoppingTime86400.00,52958.0,53795.82445703125
693,ails2_etaMax1.000_stoppingTime86400.00,52953.0,53822.58545703125
694,ails2_etaMax1.000_stoppingTime1728000.00,54258.0,53951.00645703125
695,ails2_etaMax1.000_stoppingTime1728000.00,54256.0,53954.77345703125
696,ails2_etaMax1.000_stoppingTime432000.00,53682.0,54158.89145703125
697,ails2_etaMax1.000_stoppingTime432000.00,53665.0,54177.63545703125
698,ails2_etaMax0.010_stoppingTime432000.00,53005.0,54719.24145703125
699,ails2_etaMax0.010_stoppingTime432000.00,53003.0,54719.70045703125
700,ails2_etaMax1.000_stoppingTime86400.00,52952.0,54846.76145703125
701,ails2_etaMax1.000_stoppingTime86400.00,52951.0,54848.93745703125
702,ails2_etaMax1.000_stoppingTime86400.00,52950.0,55368.78345703125
703,ails2_etaMax1.000_stoppingTime86400.00,52948.0,55372.79945703125
704,ails2_etaMax1.000_stoppingTime86400.00,52944.0,55474.02545703125
705,ails2_etaMax0.010_stoppingTime432000.00,52993.0,55590.06645703125
706,ails2_etaMax1.000_stoppingTime86400.00,52943.0,56023.62345703125
707,ails2_etaMax1.000_stoppingTime86400.00,52942.0,56025.52945703125
708,ails2_etaMax1.000_stoppingTime864000.00,54090.0,57219.46145703125
709,ails2_etaMax1.000_stoppingTime86400.00,52941.0,57254.57145703125
710,ails2_etaMax1.000_stoppingTime864000.00,54059.0,57242.50845703125
711,ails2_etaMax0.010_stoppingTime432000.00,52992.0,57316.09245703125
712,ails2_etaMax1.000_stoppingTime864000.00,54047.0,57817.10545703125
713,ails2_etaMax1.000_stoppingTime86400.00,52940.0,59845.83545703125
714,ails2_etaMax1.000_stoppingTime86400.00,52939.0,59846.28845703125
715,ails2_etaMax1.000_stoppingTime864000.00,54046.0,60094.47145703125
716,ails2_etaMax1.000_stoppingTime864000.00,54040.0,60269.94045703125
717,ails2_etaMax1.000_stoppingTime864000.00,53970.0,60275.31845703125
718,ails2_etaMax1.000_stoppingTime86400.00,52938.0,61970.26045703125
719,ails2_etaMax1.000_stoppingTime86400.00,52937.0,61976.74245703125
720,ails2_etaMax1.000_stoppingTime1728000.00,54255.0,62047.97445703125
721,ails2_etaMax1.000_stoppingTime86400.00,52936.0,62528.03045703125
722,ails2_etaMax1.000_stoppingTime86400.00,52935.0,62544.96045703125
723,ails2_etaMax1.000_stoppingTime86400.00,52934.0,62639.75545703125
724,ails2_etaMax1.000_stoppingTime86400.00,52932.0,63086.07445703125
725,ails2_etaMax1.000_stoppingTime432000.00,53640.0,63344.34045703125
726,ails2_etaMax0.010_stoppingTime432000.00,52990.0,63683.12245703125
727,ails2_etaMax0.010_stoppingTime432000.00,52988.0,63757.29845703125
728,ails2_etaMax0.010_stoppingTime432000.00,52977.0,63784.49845703125
729,ails2_etaMax0.010_stoppingTime432000.00,52974.0,63838.65845703125
730,ails2_eoh_omega2,53184.0,64176.60845703125
731,ails2_eoh_omega2,53183.0,64190.40645703125
732,ails2_etaMax1.000_stoppingTime432000.00,53636.0,64494.13745703125
733,ails2_etaMax1.000_stoppingTime432000.00,53632.0,64652.42745703125
734,ails2_etaMax1.000_stoppingTime432000.00,53600.0,64656.09545703125
735,ails2_eoh_omega2,53176.0,65709.04245703125
736,ails2_eoh_omega2,53168.0,65717.06245703125
737,ails2_eoh_omega2,53167.0,66082.67845703124
738,ails2_eoh_omega2,53162.0,66542.01645703125
739,ails2_eoh_omega2,53156.0,66598.85545703126
740,ails2_etaMax1.000_stoppingTime432000.00,53596.0,68020.90345703125
741,ails2_etaMax1.000_stoppingTime432000.00,53580.0,68026.08745703124
742,ails2_etaMax1.000_stoppingTime432000.00,53573.0,68356.66045703125
743,ails2_etaMax1.000_stoppingTime432000.00,53572.0,68357.25945703125
744,ails2_etaMax1.000_stoppingTime86400.00,52931.0,68511.16645703126
745,ails2_etaMax1.000_stoppingTime86400.00,52930.0,68514.54045703125
746,ails2_etaMax1.000_stoppingTime86400.00,52929.0,69051.06345703125
747,ails2_etaMax1.000_stoppingTime86400.00,52928.0,69120.56745703125
748,ails2_etaMax0.010_stoppingTime432000.00,52973.0,69588.14545703125
749,ails2_etaMax0.010_stoppingTime432000.00,52968.0,69590.24645703124
750,ails2_etaMax0.010_stoppingTime432000.00,52966.0,69693.38045703125
751,ails2_etaMax1.000_stoppingTime432000.00,53564.0,70859.81145703125
752,ails2_etaMax1.000_stoppingTime432000.00,53557.0,70943.51545703124
753,ails2_etaMax1.000_stoppingTime864000.00,53969.0,70951.39045703124
754,ails2_etaMax1.000_stoppingTime864000.00,53902.0,70956.65145703124
755,HGS-TV,52929.0,71223.38821339607
756,ails2_etaMax1.000_stoppingTime432000.00,53550.0,71261.71545703126
757,HGS-TV,52929.0,71284.83846187592
758,HGS-TV,52929.0,71345.39995145798
759,HGS-TV,52929.0,71406.6628742218
760,HGS-TV,52929.0,71467.10148978233
761,ails2_etaMax1.000_stoppingTime1728000.00,54249.0,71472.14145703125
762,ails2_etaMax1.000_stoppingTime1728000.00,54182.0,71483.12745703125
763,HGS-TV,52929.0,71559.40715956688
764,HGS-TV,52929.0,71620.64806437492
765,HGS-TV,52929.0,71727.09150743484
766,HGS-TV,52929.0,71787.15005636215
767,HGS-TV,52929.0,71865.27371788025
768,HGS-TV,52929.0,71953.96423316002
769,ails2_etaMax1.000_stoppingTime432000.00,53549.0,72228.07845703125
770,ails2_etaMax1.000_stoppingTime432000.00,53546.0,72230.54445703125
771,ails2_etaMax1.000_stoppingTime432000.00,53529.0,73766.15945703124
772,ails2_eoh_acc,52927.0,73795.89345703126
773,HGS-TV,52927.0,74802.5376791954
774,ails2_etaMax1.000_stoppingTime1728000.00,54175.0,74978.28645703125
775,ails2_etaMax1.000_stoppingTime432000.00,53523.0,75974.80645703126
776,ails2_etaMax1.000_stoppingTime86400.00,52927.0,76001.97945703125
777,ails2_etaMax1.000_stoppingTime432000.00,53511.0,76381.70045703126
778,ails2_etaMax1.000_stoppingTime432000.00,53491.0,76401.63545703125
779,ails2_eoh_omega2,53154.0,77118.09445703126
780,ails2_eoh_omega2,53151.0,78478.27945703125
781,ails2_eoh_omega2,53150.0,78495.18645703125
782,ails2_etaMax1.000_stoppingTime1728000.00,54158.0,78724.70545703125
783,ails2_etaMax1.000_stoppingTime1728000.00,54150.0,80230.24945703126
784,ails2_etaMax1.000_stoppingTime1728000.00,54137.0,80230.28045703124
785,ails2_etaMax1.000_stoppingTime432000.00,53478.0,81390.86345703126
786,ails2_etaMax1.000_stoppingTime864000.00,53886.0,82061.18845703125
787,ails2_etaMax1.000_stoppingTime432000.00,53474.0,82415.46345703125
788,ails2_etaMax1.000_stoppingTime864000.00,53879.0,82925.57545703126
789,ails2_etaMax1.000_stoppingTime432000.00,53470.0,83107.79245703125
790,ails2_etaMax1.000_stoppingTime432000.00,53444.0,83117.09645703125
791,ails2_etaMax1.000_stoppingTime86400.00,52926.0,84261.41745703125
792,ails2_etaMax1.000_stoppingTime432000.00,53439.0,85711.76145703124
793,ails2_etaMax1.000_stoppingTime432000.00,53423.0,85713.29145703126
794,ails2_etaMax1.000_stoppingTime1728000.00,54131.0,85806.63345703125
795,ails2_etaMax1.000_stoppingTime1728000.00,54117.0,85808.38745703125
796,ails2_etaMax1.000_stoppingTime432000.00,53417.0,86621.03545703125
797,ails2_etaMax1.000_stoppingTime432000.00,53394.0,86632.51345703125
798,ails2_etaMax1.000_stoppingTime1728000.00,54116.0,86721.82345703125
799,ails2_etaMax1.000_stoppingTime1728000.00,54114.0,87720.84845703124
800,ails2_etaMax1.000_stoppingTime864000.00,53877.0,88015.21545703126
801,ails2_etaMax1.000_stoppingTime864000.00,53868.0,88060.59245703125
802,ails2_etaMax1.000_stoppingTime864000.00,53855.0,88097.00745703126
803,ails2_etaMax1.000_stoppingTime864000.00,53850.0,88414.95545703125
804,ails2_etaMax0.010_stoppingTime432000.00,52965.0,88447.84245703125
805,ails2_etaMax1.000_stoppingTime864000.00,53798.0,88447.84745703125
806,ails2_etaMax1.000_stoppingTime432000.00,53393.0,89681.98745703125
807,ails2_etaMax1.000_stoppingTime432000.00,53389.0,90379.43245703125
808,ails2_etaMax1.000_stoppingTime432000.00,53368.0,90380.39745703126
809,ails2_etaMax1.000_stoppingTime1728000.00,54110.0,91121.72545703125
810,ails2_etaMax1.000_stoppingTime1728000.00,54108.0,91122.30845703125
811,ails2_etaMax1.000_stoppingTime864000.00,53783.0,91448.21445703125
812,ails2_etaMax1.000_stoppingTime864000.00,53765.0,91458.17445703124
813,ails2_etaMax1.000_stoppingTime864000.00,53751.0,91921.46445703125
814,ails2_etaMax1.000_stoppingTime432000.00,53367.0,93587.36745703124
815,ails2_etaMax1.000_stoppingTime432000.00,53366.0,93588.81345703125
816,ails2_etaMax1.000_stoppingTime864000.00,53747.0,94178.25745703126
817,ails2_etaMax1.000_stoppingTime1728000.00,54083.0,95636.62345703125
818,ails2_etaMax1.000_stoppingTime1728000.00,54076.0,95636.63445703125
819,ails2_etaMax1.000_stoppingTime432000.00,53354.0,96252.27845703125
820,ails2_etaMax1.000_stoppingTime432000.00,53353.0,96389.76245703125
821,ails2_etaMax1.000_stoppingTime432000.00,53350.0,96389.80645703126
822,ails2_etaMax1.000_stoppingTime1728000.00,54072.0,98742.52345703125
823,ails2_etaMax1.000_stoppingTime1728000.00,54006.0,98743.76345703125
824,HGS-TV,52926.0,99219.69892263412
825,HGS-TV,52926.0,99280.27073001862
826,HGS-TV,52926.0,99340.52178406715
827,HGS-TV,52926.0,99497.10434818268
828,HGS-TV,52926.0,99706.86684083939
829,HGS-TV,52926.0,99769.95759797096
830,ails2_etaMax1.000_stoppingTime432000.00,53345.0,99803.82845703125
831,HGS-TV,52926.0,99854.00697302818
832,ails2_etaMax1.000_stoppingTime432000.00,53324.0,99818.08145703125
833,ails2_etaMax1.000_stoppingTime864000.00,53743.0,100281.38945703126
834,ails2_etaMax1.000_stoppingTime864000.00,53735.0,100281.44045703125
835,HGS-TV,52926.0,100368.50825810432
836,HGS-TV,52926.0,100452.02644848824
837,HGS-TV,52926.0,100763.95667290688
838,HGS-TV,52926.0,100842.0267906189
839,HGS-TV,52926.0,100902.3535387516
840,HGS-TV,52926.0,100963.00063419342
841,HGS-TV,52926.0,101128.10708546638
842,HGS-TV,52926.0,101189.1846408844
843,ails2_etaMax0.010_stoppingTime432000.00,52964.0,101362.75645703125
844,ails2_etaMax1.000_stoppingTime432000.00,53321.0,101414.40545703124
845,ails2_etaMax1.000_stoppingTime864000.00,53723.0,101493.00445703125
846,HGS-TV,52926.0,101616.68738293648
847,ails2_etaMax0.010_stoppingTime432000.00,52963.0,101688.06945703125
848,HGS-TV,52926.0,101737.36336684227
849,HGS-TV,52926.0,101798.84043765068
850,HGS-TV,52926.0,101976.1225054264
851,HGS-TV,52926.0,102125.41920804977
852,ails2_etaMax1.000_stoppingTime432000.00,53319.0,102767.20045703126
853,HGS-TV,52926.0,102825.12671089172
854,ails2_etaMax1.000_stoppingTime432000.00,53292.0,102823.65845703126
855,HGS-TV,52926.0,102937.4340288639
856,ails2_etaMax1.000_stoppingTime432000.00,53290.0,103004.83445703125
857,ails2_etaMax1.000_stoppingTime432000.00,53261.0,103018.51245703125
858,HGS-TV,52926.0,103130.4577050209
859,HGS-TV,52926.0,103571.27166867256
860,ails2_etaMax1.000_stoppingTime864000.00,53719.0,103578.91545703125
861,ails2_etaMax1.000_stoppingTime864000.00,53711.0,103924.38545703125
862,ails2_etaMax1.000_stoppingTime864000.00,53680.0,103937.48545703125
863,HGS-TV,52926.0,104301.1103527546
864,HGS-TV,52926.0,104362.38803267479
865,HGS-TV,52926.0,104432.35712003708
866,ails2_eoh_omega2,53146.0,104806.66945703125
867,HGS-TV,52926.0,104844.89446949959
868,ails2_etaMax1.000_stoppingTime864000.00,53675.0,104941.21145703126
869,HGS-TV,52926.0,104983.675989151
870,ails2_etaMax1.000_stoppingTime864000.00,53671.0,104945.20345703125
871,HGS-TV,52926.0,105490.73156523705
872,ails2_etaMax0.010_stoppingTime432000.00,52962.0,105782.37945703125
873,HGS-TV,52926.0,105877.72881507874
874,ails2_etaMax1.000_stoppingTime432000.00,53258.0,105883.99545703125
875,ails2_etaMax1.000_stoppingTime432000.00,53246.0,105886.57545703126
876,HGS-TV,52926.0,106202.5657427311
877,HGS-TV,52926.0,106263.15140652657
878,HGS-TV,52926.0,106486.63421344757
879,HGS-TV,52926.0,106853.80231523514
880,HGS-TV,52926.0,107742.24410748482
881,HGS-TV,52926.0,107802.95930194855
882,HGS-TV,52926.0,107863.01616406441
883,HGS-TV,52926.0,108260.70289754868
884,ails2_etaMax1.000_stoppingTime864000.00,53668.0,108555.68045703125
885,ails2_etaMax1.000_stoppingTime864000.00,53651.0,108559.86245703125
886,ails2_etaMax1.000_stoppingTime864000.00,53645.0,109031.77445703125
887,ails2_etaMax1.000_stoppingTime864000.00,53636.0,109034.08245703125
888,HGS-TV,52926.0,109269.15901684761
889,HGS-TV,52926.0,109453.68295574188
890,HGS-TV,52926.0,109657.19007945061
891,HGS-TV,52926.0,109914.09809327126
892,HGS-TV,52926.0,109975.17491221428
893,HGS-TV,52926.0,110145.23210573196
894,ails2_etaMax1.000_stoppingTime864000.00,53634.0,110410.00145703125
895,ails2_etaMax1.000_stoppingTime864000.00,53629.0,110410.04545703124
896,HGS-TV,52926.0,110707.2825615406
897,HGS-TV,52926.0,111162.9427497387
898,HGS-TV,52926.0,111477.50213837624
899,ails2_etaMax1.000_stoppingTime432000.00,53235.0,111613.06045703126
900,HGS-TV,52926.0,111722.37462377548
901,ails2_etaMax1.000_stoppingTime432000.00,53231.0,111976.87445703126
902,ails2_etaMax1.000_stoppingTime432000.00,53220.0,111978.07745703125
903,HGS-TV,52926.0,112062.8299074173
904,HGS-TV,52926.0,112124.13232374191
905,HGS-TV,52926.0,112276.60994291306
906,ails2_etaMax1.000_stoppingTime1728000.00,53998.0,112392.41245703126
907,HGS-TV,52926.0,112412.07000637054
908,ails2_etaMax1.000_stoppingTime1728000.00,53995.0,112394.15945703124
909,HGS-TV,52926.0,112472.99777984619
910,ails2_etaMax1.000_stoppingTime432000.00,53217.0,112477.78545703125
911,ails2_etaMax1.000_stoppingTime432000.00,53212.0,112478.29045703125
912,HGS-TV,52926.0,112750.33146214485
913,HGS-TV,52926.0,112810.7860968113
914,HGS-TV,52926.0,112871.44975924492
915,HGS-TV,52926.0,112958.78786420822
916,HGS-TV,52926.0,113031.88542509079
917,HGS-TV,52926.0,113182.60595488548
918,HGS-TV,52926.0,113274.77570462227
919,ails2_etaMax1.000_stoppingTime432000.00,53205.0,113370.47545703125
920,ails2_etaMax1.000_stoppingTime432000.00,53192.0,113376.09845703124
921,HGS-TV,52926.0,113446.78635501862
922,HGS-TV,52926.0,113665.69640517235
923,HGS-TV,52926.0,113726.13115763664
924,ails2_etaMax1.000_stoppingTime864000.00,53628.0,113760.60945703126
925,ails2_etaMax1.000_stoppingTime864000.00,53623.0,113760.63645703124
926,ails2_etaMax0.010_stoppingTime432000.00,52961.0,113829.17245703125
927,ails2_etaMax0.010_stoppingTime432000.00,52960.0,113845.86545703125
928,ails2_etaMax0.010_stoppingTime432000.00,52959.0,114261.75545703125
929,ails2_etaMax0.010_stoppingTime432000.00,52950.0,114270.80745703125
930,ails2_etaMax1.000_stoppingTime432000.00,53186.0,114429.96845703125
931,ails2_etaMax1.000_stoppingTime432000.00,53175.0,114442.87745703125
932,ails2_etaMax1.000_stoppingTime1728000.00,53993.0,114563.50545703125
933,HGS-TV,52926.0,114592.28888130188
934,HGS-TV,52926.0,114718.73721194267
935,HGS-TV,52926.0,114795.43813276291
936,HGS-TV,52926.0,114971.80405759811
937,HGS-TV,52926.0,115032.74283838272
938,HGS-TV,52926.0,115122.28655290604
939,HGS-TV,52926.0,115182.98449277878
940,HGS-TV,52926.0,115244.97580051422
941,HGS-TV,52926.0,115305.07388448715
942,HGS-TV,52926.0,115393.31437301636
943,HGS-TV,52926.0,115453.45312142372
944,HGS-TV,52926.0,115514.34963726997
945,HGS-TV,52926.0,115620.51015663147
946,HGS-TV,52926.0,115773.19182896614
947,HGS-TV,52926.0,115906.7937142849
948,HGS-TV,52926.0,116012.651968956
949,HGS-TV,52926.0,116281.39929938316
950,HGS-TV,52926.0,116395.20810890198
951,HGS-TV,52926.0,116456.58966231346
952,HGS-TV,52926.0,116517.05640077591
953,HGS-TV,52926.0,116577.15092849731
954,HGS-TV,52926.0,116763.3746111393
955,HGS-TV,52926.0,117000.41989660263
956,HGS-TV,52926.0,117061.11667728424
957,HGS-TV,52926.0,117121.92753720284
958,ails2_etaMax1.000_stoppingTime432000.00,53172.0,117166.83345703124
959,HGS-TV,52926.0,117181.97027158737
960,HGS-TV,52926.0,117313.36263394356
961,ails2_etaMax1.000_stoppingTime864000.00,53618.0,117369.79645703125
962,HGS-TV,52926.0,117373.59749007225
963,ails2_etaMax1.000_stoppingTime432000.00,53158.0,117404.78345703126
964,ails2_etaMax1.000_stoppingTime864000.00,53587.0,117381.72745703124
965,HGS-TV,52926.0,117465.36695170403
966,HGS-TV,52926.0,117526.62118005753
967,HGS-TV,52926.0,117721.1170156002
968,HGS-TV,52926.0,117781.22706103325
969,HGS-TV,52926.0,118046.30959320068
970,HGS-TV,52926.0,118307.74782586098
971,HGS-TV,52926.0,118368.42855191231
972,HGS-TV,52926.0,118698.93461298943
973,HGS-TV,52926.0,118759.05343747139
974,ails2_etaMax1.000_stoppingTime1728000.00,53987.0,118767.97745703124
975,ails2_etaMax1.000_stoppingTime1728000.00,53950.0,118768.52345703125
976,HGS-TV,52926.0,119017.34940171242
977,HGS-TV,52926.0,119077.52992081642
978,HGS-TV,52926.0,119247.48167443275
979,HGS-TV,52926.0,119307.79658651352
980,HGS-TV,52926.0,119828.99691796303
981,ails2_etaMax1.000_stoppingTime432000.00,53148.0,119860.60845703125
982,HGS-TV,52926.0,119889.61819028854
983,HGS-TV,52926.0,120068.99577212334
984,ails2_etaMax1.000_stoppingTime1728000.00,53933.0,120369.67045703124
985,HGS-TV,52926.0,120468.47760367393
986,ails2_eoh_omega2,53145.0,120606.34845703124
987,HGS-TV,52926.0,120697.1374297142
988,HGS-TV,52926.0,120813.75804376602
989,ails2_etaMax0.020_stoppingTime86400.00,52925.0,120825.82045703125
990,ails2_etaMax0.020_stoppingTime86400.00,52922.0,120828.45045703126
991,HGS-TV,52926.0,121076.10471963882
992,HGS-TV,52926.0,121197.62903118134
993,HGS-TV,52926.0,121263.92009139061
994,HGS-TV,52926.0,121421.97312498093
995,HGS-TV,52926.0,121482.2971174717
996,HGS-TV,52926.0,121592.0387904644
997,HGS-TV,52926.0,121946.74878144264
998,HGS-TV,52926.0,122007.31974601746
999,HGS-TV,52926.0,122067.45454287529
1000,ails2_etaMax1.000_stoppingTime864000.00,53579.0,122084.81145703125
1001,ails2_etaMax1.000_stoppingTime864000.00,53578.0,122085.40745703125
1002,ails2_etaMax1.000_stoppingTime432000.00,53144.0,122278.73945703125
1003,HGS-TV,52926.0,122311.42225551605
1004,ails2_etaMax1.000_stoppingTime432000.00,53143.0,122685.05145703125
1005,ails2_etaMax1.000_stoppingTime432000.00,53142.0,122685.11345703126
1006,ails2_eoh_omega2,53144.0,123102.84445703126
1007,ails2_eoh_omega2,53143.0,123174.94245703125
1008,ails2_etaMax1.000_stoppingTime432000.00,53141.0,123203.87445703126
1009,ails2_eoh_omega2,53138.0,123222.91845703125
1010,ails2_etaMax1.000_stoppingTime432000.00,53140.0,123204.09245703125
1011,ails2_eoh_omega2,53135.0,123451.58345703124
1012,ails2_eoh_omega2,53134.0,123454.79945703124
1013,ails2_etaMax1.000_stoppingTime864000.00,53569.0,123826.80945703125
1014,HGS-TV,52921.0,124394.84878373146
1015,ails2_eoh_omega2,53133.0,124489.04345703125
1016,ails2_eoh_omega2,53132.0,124491.95845703124
1017,HGS-TV,52920.0,124649.62527132034
1018,ails2_etaMax1.000_stoppingTime1728000.00,53930.0,125064.12445703126
1019,HGS-TV,52919.0,125194.03486204147
1020,HGS-TV,52918.0,125543.5930428505
1021,ails2_eoh_omega2,53131.0,125721.00845703125
1022,ails2_etaMax1.000_stoppingTime432000.00,53133.0,125827.10645703124
1023,HGS-TV,52917.0,126322.03418684006
1024,HGS-TV,52916.0,126421.85107421875
1025,HGS-TV,52915.0,127163.47261953354
1026,HGS-TV,52914.0,127714.97449707985
1027,HGS-TV,52912.0,127849.35533618927
1028,ails2_etaMax1.000_stoppingTime432000.00,53128.0,128547.04445703125
1029,ails2_etaMax1.000_stoppingTime432000.00,53126.0,128554.13945703126
1030,ails2_etaMax1.000_stoppingTime864000.00,53568.0,128878.03245703125
1031,ails2_etaMax1.000_stoppingTime1728000.00,53929.0,128893.54945703124
1032,ails2_etaMax1.000_stoppingTime432000.00,53124.0,129033.11445703125
1033,ails2_etaMax1.000_stoppingTime432000.00,53112.0,129039.43345703125
1034,ails2_etaMax1.000_stoppingTime864000.00,53564.0,129256.23745703125
1035,ails2_etaMax1.000_stoppingTime432000.00,53109.0,129998.84245703125
1036,ails2_etaMax1.000_stoppingTime432000.00,53105.0,130005.48345703125
1037,ails2_etaMax1.000_stoppingTime864000.00,53555.0,130199.20045703126
1038,ails2_etaMax1.000_stoppingTime864000.00,53552.0,132998.57445703124
1039,ails2_eoh_omega2,53130.0,133291.86345703126
1040,ails2_eoh_omega2,53129.0,133801.48345703125
1041,ails2_eoh_omega2,53128.0,133844.44845703125
1042,ails2_eoh_omega2,53127.0,133873.44145703124
1043,ails2_etaMax1.000_stoppingTime864000.00,53545.0,134297.47345703124
1044,ails2_etaMax1.000_stoppingTime864000.00,53533.0,134768.88845703125
1045,ails2_etaMax1.000_stoppingTime1728000.00,53927.0,134813.38045703125
1046,ails2_etaMax1.000_stoppingTime864000.00,53530.0,134772.02245703124
1047,ails2_etaMax1.000_stoppingTime1728000.00,53911.0,134813.50845703125
1048,ails2_etaMax1.000_stoppingTime864000.00,53522.0,134957.53945703126
1049,ails2_etaMax1.000_stoppingTime864000.00,53495.0,134958.18945703126
1050,ails2_etaMax1.000_stoppingTime432000.00,53104.0,135087.52045703126
1051,ails2_etaMax1.000_stoppingTime432000.00,53092.0,135094.30545703124
1052,ails2_etaMax1.000_stoppingTime432000.00,53091.0,135405.12345703124
1053,ails2_etaMax1.000_stoppingTime432000.00,53089.0,135776.11245703124
1054,ails2_etaMax0.010_stoppingTime432000.00,52946.0,136031.67045703126
1055,ails2_etaMax0.010_stoppingTime432000.00,52944.0,136124.24045703124
1056,ails2_eoh_omega2,53125.0,136697.18045703124
1057,ails2_eoh_omega2,53124.0,137013.10745703126
1058,ails2_eoh_omega2,53123.0,137028.57545703126
1059,ails2_eoh_omega2,53122.0,137240.65145703126
1060,ails2_eoh_omega2,53119.0,137244.90645703126
1061,ails2_etaMax0.010_stoppingTime432000.00,52943.0,137467.70845703126
1062,ails2_etaMax1.000_stoppingTime1728000.00,53898.0,140096.43945703126
1063,HGS-TV,52912.0,141047.27748060226
1064,HGS-TV,52912.0,141107.68839263916
1065,HGS-TV,52912.0,141170.03216648102
1066,HGS-TV,52912.0,141281.984685421
1067,HGS-TV,52912.0,141439.5815694332
1068,HGS-TV,52912.0,141500.03395700455
1069,HGS-TV,52912.0,141852.06433439255
1070,HGS-TV,52912.0,141987.24360013008
1071,HGS-TV,52912.0,142048.2713739872
1072,HGS-TV,52912.0,142108.55982613564
1073,ails2_etaMax1.000_stoppingTime1728000.00,53892.0,142130.31945703126
1074,HGS-TV,52912.0,142168.95053863525
1075,ails2_etaMax1.000_stoppingTime864000.00,53490.0,142303.82645703125
1076,HGS-TV,52912.0,142415.65914463997
1077,HGS-TV,52912.0,142524.23702144623
1078,HGS-TV,52912.0,142597.01311779022
1079,HGS-TV,52912.0,142929.57051753998
1080,HGS-TV,52912.0,142990.32143950462
1081,HGS-TV,52912.0,143089.84791612625
1082,HGS-TV,52912.0,143150.38881635666
1083,ails2_etaMax1.000_stoppingTime432000.00,53082.0,143258.05745703125
1084,ails2_etaMax1.000_stoppingTime432000.00,53078.0,143279.74945703126
1085,HGS-TV,52912.0,143330.7145524025
1086,HGS-TV,52912.0,143688.97554779053
1087,ails2_etaMax1.000_stoppingTime864000.00,53489.0,143789.91645703124
1088,ails2_etaMax1.000_stoppingTime864000.00,53488.0,143792.53045703124
1089,ails2_etaMax1.000_stoppingTime1728000.00,53888.0,143908.82645703125
1090,HGS-TV,52912.0,143919.0889968872
1091,HGS-TV,52912.0,144111.97115516663
1092,HGS-TV,52912.0,144313.64073252678
1093,ails2_etaMax1.000_stoppingTime432000.00,53076.0,144446.27245703124
1094,ails2_etaMax1.000_stoppingTime432000.00,53050.0,144455.61145703125
1095,ails2_etaMax0.010_stoppingTime432000.00,52942.0,144635.78945703126
1096,ails2_etaMax0.010_stoppingTime432000.00,52936.0,144671.72345703124
1097,HGS-TV,52912.0,144700.90418839455
1098,HGS-TV,52912.0,144777.22074842453
1099,HGS-TV,52912.0,144837.76607131958
1100,HGS-TV,52912.0,144948.14161086082
1101,HGS-TV,52912.0,145027.77586364746
1102,HGS-TV,52912.0,145088.11034703255
1103,ails2_etaMax0.010_stoppingTime432000.00,52935.0,145259.04845703125
1104,ails2_etaMax0.010_stoppingTime432000.00,52933.0,145262.78545703125
1105,HGS-TV,52912.0,145532.49092960358
1106,ails2_etaMax1.000_stoppingTime864000.00,53486.0,145638.41945703124
1107,ails2_etaMax1.000_stoppingTime864000.00,53468.0,145654.81845703124
1108,HGS-TV,52912.0,146012.90090441704
1109,HGS-TV,52912.0,146120.52500867844
1110,ails2_eoh_omega2,53118.0,146249.32845703125
1111,ails2_eoh_omega2,53116.0,146306.30545703124
1112,HGS-TV,52912.0,146318.75682663918
1113,HGS-TV,52912.0,146379.6341495514
1114,HGS-TV,52912.0,146629.61658668518
1115,HGS-TV,52912.0,146759.8279721737
1116,HGS-TV,52912.0,146984.17249131203
1117,HGS-TV,52912.0,147050.39253926277
1118,HGS-TV,52912.0,147111.80918574333
1119,HGS-TV,52912.0,147175.29798293114
1120,HGS-TV,52912.0,147320.660176754
1121,HGS-TV,52912.0,147411.68726944923
1122,HGS-TV,52912.0,147471.88990426064
1123,HGS-TV,52912.0,147532.240588665
1124,HGS-TV,52912.0,147747.8159954548
1125,HGS-TV,52912.0,147808.37555766106
1126,HGS-TV,52912.0,148012.9614417553
1127,HGS-TV,52912.0,148174.36928391457
1128,ails2_etaMax1.000_stoppingTime1728000.00,53860.0,148194.14945703125
1129,HGS-TV,52912.0,148809.30712723732
1130,HGS-TV,52912.0,148958.10114741325
1131,ails2_eoh_omega2,53115.0,149026.01045703125
1132,HGS-TV,52912.0,149079.43505454063
1133,ails2_eoh_omega2,53113.0,149051.69745703126
1134,HGS-TV,52912.0,149140.38094639778
1135,ails2_etaMax1.000_stoppingTime1728000.00,53859.0,149150.93945703126
1136,HGS-TV,52912.0,149200.61262655258
1137,ails2_etaMax1.000_stoppingTime1728000.00,53837.0,149151.06345703124
1138,HGS-TV,52912.0,149374.4619488716
1139,HGS-TV,52912.0,149434.93094038963
1140,HGS-TV,52912.0,149671.9849936962
1141,HGS-TV,52912.0,149931.6576590538
1142,HGS-TV,52912.0,150401.47844719887
1143,HGS-TV,52912.0,150989.71520256996
1144,HGS-TV,52912.0,151083.9834265709
1145,HGS-TV,52912.0,151202.61155605316
1146,HGS-TV,52912.0,151269.94868779182
1147,HGS-TV,52912.0,151763.99890446663
1148,HGS-TV,52912.0,151843.40407204628
1149,HGS-TV,52912.0,152217.47961211205
1150,HGS-TV,52912.0,152293.17836141586
1151,HGS-TV,52912.0,152384.88718748093
1152,HGS-TV,52912.0,152915.8920431137
1153,HGS-TV,52912.0,152976.51161766052
1154,ails2_etaMax1.000_stoppingTime432000.00,53046.0,153158.59045703124
1155,HGS-TV,52912.0,153436.7277548313
1156,HGS-TV,52912.0,153511.45657205582
1157,ails2_etaMax1.000_stoppingTime432000.00,53044.0,153559.50745703126
1158,HGS-TV,52912.0,153785.15202331543
1159,HGS-TV,52912.0,154601.8686659336
1160,HGS-TV,52912.0,154662.794829607
1161,HGS-TV,52912.0,155267.1712450981
1162,HGS-TV,52912.0,155366.37955212593
1163,HGS-TV,52912.0,155427.46693968773
1164,HGS-TV,52912.0,156224.44145011902
1165,HGS-TV,52912.0,157367.41035556793
1166,ails2_etaMax1.000_stoppingTime864000.00,53467.0,157535.33145703125
1167,ails2_etaMax1.000_stoppingTime864000.00,53462.0,157544.88345703125
1168,ails2_etaMax1.000_stoppingTime432000.00,53042.0,157833.80145703125
1169,ails2_etaMax1.000_stoppingTime1728000.00,53835.0,157852.14945703125
1170,ails2_etaMax1.000_stoppingTime1728000.00,53815.0,157853.36545703124
1171,HGS-TV,52912.0,158244.78000855446
1172,HGS-TV,52912.0,158305.26736044884
1173,HGS-TV,52912.0,158905.33568572998
1174,ails2_etaMax1.000_stoppingTime864000.00,53461.0,159017.74545703124
1175,ails2_etaMax1.000_stoppingTime864000.00,53459.0,159017.80445703125
1176,ails2_etaMax1.000_stoppingTime864000.00,53445.0,159128.35845703125
1177,ails2_etaMax1.000_stoppingTime864000.00,53439.0,159212.53245703125
1178,ails2_etaMax1.000_stoppingTime864000.00,53430.0,159212.65745703125
1179,HGS-TV,52912.0,159340.76599764824
1180,HGS-TV,52912.0,159525.91993761063
1181,HGS-TV,52912.0,159737.6254951954
1182,HGS-TV,52912.0,159840.5372824669
1183,HGS-TV,52912.0,160322.5835340023
1184,HGS-TV,52912.0,160383.04228806496
1185,HGS-TV,52912.0,160697.78108811378
1186,ails2_etaMax1.000_stoppingTime432000.00,53039.0,161141.89445703125
1187,ails2_etaMax1.000_stoppingTime432000.00,53036.0,161231.06545703125
1188,ails2_etaMax1.000_stoppingTime432000.00,53031.0,161232.48745703124
1189,HGS-TV,52912.0,161390.2067129612
1190,HGS-TV,52912.0,161450.46885037422
1191,HGS-TV,52912.0,161510.9024412632
1192,HGS-TV,52912.0,161606.53006720543
1193,HGS-TV,52912.0,161698.767973423
1194,ails2_etaMax1.000_stoppingTime432000.00,53027.0,161804.66645703124
1195,HGS-TV,52912.0,161829.98756051064
1196,ails2_etaMax1.000_stoppingTime432000.00,53016.0,161805.34645703126
1197,HGS-TV,52912.0,161890.2876663208
1198,HGS-TV,52912.0,162014.07582497597
1199,HGS-TV,52912.0,162086.48163366318
1200,HGS-TV,52912.0,162262.77950310707
1201,HGS-TV,52912.0,162335.3491601944
1202,ails2_etaMax1.000_stoppingTime864000.00,53428.0,162376.55845703126
1203,ails2_etaMax1.000_stoppingTime864000.00,53392.0,162430.72145703126
1204,HGS-TV,52912.0,162472.33945465088
1205,ails2_etaMax1.000_stoppingTime864000.00,53391.0,162514.98745703124
1206,ails2_etaMax1.000_stoppingTime1728000.00,53804.0,162519.73545703126
1207,HGS-TV,52912.0,162533.23799061775
1208,ails2_etaMax1.000_stoppingTime864000.00,53374.0,162516.66745703126
1209,HGS-TV,52912.0,162676.40395236015
1210,ails2_eoh_omega2,53112.0,162741.75945703124
1211,HGS-TV,52912.0,163122.16035723686
1212,HGS-TV,52912.0,163632.28263902664
1213,HGS-TV,52912.0,163692.9491751194
1214,HGS-TV,52912.0,164127.9494175911
1215,ails2_etaMax1.000_stoppingTime432000.00,53015.0,164151.88245703126
1216,HGS-TV,52912.0,164188.84010219574
1217,HGS-TV,52912.0,164344.58834290504
1218,HGS-TV,52912.0,164405.30152630806
1219,HGS-TV,52912.0,164637.4853963852
1220,ails2_etaMax0.010_stoppingTime432000.00,52929.0,164759.37645703126
1221,ails2_etaMax1.000_stoppingTime432000.00,53011.0,164778.68045703124
1222,ails2_etaMax1.000_stoppingTime432000.00,53003.0,164781.06345703124
1223,HGS-TV,52912.0,164894.0197546482
1224,HGS-TV,52912.0,165044.66570186615
1225,HGS-TV,52912.0,165106.32342767715
1226,HGS-TV,52912.0,165190.39520549774
1227,HGS-TV,52912.0,165250.56785321236
1228,HGS-TV,52912.0,165404.3269047737
1229,HGS-TV,52912.0,165559.28013920784
1230,HGS-TV,52912.0,165619.5523030758
1231,HGS-TV,52912.0,165680.54957723618
1232,HGS-TV,52912.0,165783.51980996132
1233,HGS-TV,52912.0,165913.92095899582
1234,HGS-TV,52912.0,166037.4907231331
1235,HGS-TV,52912.0,166189.09955143929
1236,HGS-TV,52912.0,166458.86981844902
1237,HGS-TV,52912.0,166519.36793088913
1238,HGS-TV,52912.0,166623.06138825417
1239,HGS-TV,52912.0,166921.781591177
1240,HGS-TV,52912.0,167082.00954318047
1241,HGS-TV,52912.0,167303.93550610542
1242,HGS-TV,52912.0,167364.40461063385
1243,HGS-TV,52912.0,167592.74726223946
1244,HGS-TV,52912.0,167731.52759313583
1245,HGS-TV,52912.0,167889.2908387184
1246,HGS-TV,52912.0,167956.49987840652
1247,HGS-TV,52912.0,168040.95120239258
1248,HGS-TV,52912.0,168200.66147208214
1249,HGS-TV,52912.0,168262.83075261116
1250,HGS-TV,52912.0,168500.6751923561
1251,ails2_etaMax1.000_stoppingTime1728000.00,53796.0,168598.54345703125
1252,HGS-TV,52912.0,169031.64606142044
1253,ails2_etaMax1.000_stoppingTime432000.00,53002.0,169380.46045703124
1254,ails2_etaMax1.000_stoppingTime432000.00,52993.0,169388.18245703125
1255,ails2_etaMax1.000_stoppingTime864000.00,53370.0,169554.90845703124
1256,ails2_etaMax1.000_stoppingTime864000.00,53361.0,169555.10145703124
1257,HGS-TV,52912.0,169679.02399134636
1258,HGS-TV,52912.0,169739.30467414856
1259,HGS-TV,52912.0,169904.4327366352
1260,HGS-TV,52912.0,170074.23718357086
1261,ails2_etaMax1.000_stoppingTime1728000.00,53775.0,170774.89645703125
1262,ails2_etaMax1.000_stoppingTime1728000.00,53763.0,170777.87445703126
1263,HGS-TV,52912.0,171050.76701140404
1264,HGS-TV,52912.0,171208.1692762375
1265,HGS-TV,52912.0,171280.6493628025
1266,HGS-TV,52912.0,171554.884267807
1267,HGS-TV,52912.0,171616.40670132637
1268,HGS-TV,52912.0,171768.69410061836
1269,HGS-TV,52912.0,171829.37909030914
1270,HGS-TV,52912.0,171957.48506593704
1271,HGS-TV,52912.0,172118.17088842392
1272,HGS-TV,52912.0,172178.32064676285
1273,HGS-TV,52912.0,172373.95447134972
1274,HGS-TV,52912.0,172501.18077611923
1275,HGS-TV,52912.0,172561.2362923622
1276,ails2_etaMax1.000_stoppingTime864000.00,53360.0,172703.43945703126
1277,ails2_etaMax1.000_stoppingTime864000.00,53350.0,172703.62945703126
1278,HGS-TV,52912.0,172772.98649835587
1279,HGS-TV,52912.0,172832.98849129677
1280,HGS-TV,52912.0,172893.18845009804
1281,HGS-TV,52912.0,173164.5599462986
1282,ails2_etaMax1.000_stoppingTime432000.00,52991.0,173306.23645703125
1283,HGS-TV,52912.0,173366.92589759827
1284,ails2_etaMax0.005_stoppingTime86400.00,52910.0,173378.21645703126
1285,HGS-TV,52912.0,173654.549574852
1286,HGS-TV,52912.0,173850.841701746
1287,HGS-TV,52912.0,173911.08246207237
1288,HGS-TV,52912.0,173971.33183789253
1289,HGS-TV,52912.0,174102.62283682823
1290,HGS-TV,52912.0,174290.74778914452
1291,HGS-TV,52912.0,174656.26659488678
1292,ails2_etaMax1.000_stoppingTime432000.00,52987.0,175493.16345703125
1293,ails2_etaMax1.000_stoppingTime432000.00,52986.0,175615.17645703125
1294,ails2_etaMax1.000_stoppingTime432000.00,52968.0,175645.66145703124
1295,HGS-TV,52912.0,175816.4453201294
1296,HGS-TV,52912.0,176251.33390307426
1297,HGS-TV,52912.0,176348.77127480507
1298,ails2_etaMax1.000_stoppingTime432000.00,52965.0,176380.83445703125
1299,ails2_etaMax1.000_stoppingTime432000.00,52952.0,176387.73945703125
1300,HGS-TV,52909.0,177069.61815476418
1301,ails2_eoh_omega2,53111.0,177166.02545703124
1302,ails2_eoh_omega2,53110.0,177252.00345703124
1303,ails2_etaMax0.010_stoppingTime432000.00,52925.0,177671.90145703126
1304,ails2_etaMax1.000_stoppingTime864000.00,53332.0,177807.21245703124
1305,ails2_etaMax1.000_stoppingTime864000.00,53316.0,177809.95745703124
1306,ails2_eoh_omega2,53109.0,178100.86745703124
1307,ails2_eoh_omega2,53108.0,178112.64545703126
1308,ails2_etaMax1.000_stoppingTime1728000.00,53751.0,178426.85045703125
1309,ails2_etaMax0.010_stoppingTime432000.00,52923.0,178557.86345703126
1310,ails2_etaMax0.010_stoppingTime432000.00,52920.0,178558.27545703124
1311,HGS-TV,52908.0,179006.2335319519
1312,HGS-TV,52907.0,180204.35045289993
1313,HGS-TV,52906.0,181151.6521577835
1314,ails2_etaMax1.000_stoppingTime864000.00,53309.0,181254.77345703126
1315,ails2_etaMax1.000_stoppingTime864000.00,53307.0,181257.69145703124
1316,ails2_etaMax1.000_stoppingTime864000.00,53304.0,182422.38145703124
1317,ails2_etaMax1.000_stoppingTime864000.00,53266.0,182441.14345703126
1318,ails2_etaMax1.000_stoppingTime1728000.00,53740.0,183139.91645703124
1319,ails2_etaMax1.000_stoppingTime864000.00,53263.0,184229.40545703124
1320,ails2_etaMax1.000_stoppingTime864000.00,53249.0,184232.54445703124
1321,ails2_etaMax1.000_stoppingTime1728000.00,53734.0,184610.67645703125
1322,ails2_etaMax1.000_stoppingTime1728000.00,53718.0,184611.42845703126
1323,ails2_etaMax1.000_stoppingTime432000.00,52951.0,185328.47445703126
1324,ails2_etaMax1.000_stoppingTime432000.00,52946.0,185345.74345703126
1325,ails2_eoh_omega2,53107.0,188275.37645703126
1326,ails2_etaMax1.000_stoppingTime432000.00,52942.0,191077.96045703124
1327,ails2_etaMax1.000_stoppingTime1728000.00,53712.0,192548.61145703125
1328,ails2_etaMax1.000_stoppingTime1728000.00,53698.0,192548.65145703126
1329,HGS-TV,52906.0,193666.69411730766
1330,HGS-TV,52906.0,193812.2043414116
1331,HGS-TV,52906.0,193913.18032884598
1332,HGS-TV,52906.0,193992.85690021515
1333,ails2_eoh_omega2,53106.0,193999.45745703124
1334,HGS-TV,52906.0,194053.87399697304
1335,ails2_etaMax1.000_stoppingTime432000.00,52941.0,194088.69745703126
1336,HGS-TV,52906.0,194115.1144680977
1337,HGS-TV,52906.0,194190.70774149895
1338,HGS-TV,52906.0,194392.57509493828
1339,HGS-TV,52906.0,194453.18209314346
1340,HGS-TV,52906.0,194936.9994366169
1341,HGS-TV,52906.0,195053.49551796913
1342,HGS-TV,52906.0,195113.65102434158
1343,HGS-TV,52906.0,195317.28281235695
1344,HGS-TV,52906.0,195513.15348124504
1345,HGS-TV,52906.0,195777.632270813
1346,HGS-TV,52906.0,195858.87460160255
1347,HGS-TV,52906.0,195919.073438406
1348,ails2_eoh_omega2,53105.0,195976.52945703125
1349,HGS-TV,52906.0,196093.58485078812
1350,HGS-TV,52906.0,196153.8647391796
1351,HGS-TV,52906.0,196321.01039028168
1352,HGS-TV,52906.0,196502.53791046143
1353,HGS-TV,52906.0,196651.37457323074
1354,HGS-TV,52906.0,196753.13467240334
1355,HGS-TV,52906.0,196813.67719745636
1356,HGS-TV,52906.0,196928.8822133541
1357,HGS-TV,52906.0,197244.08693289757
1358,HGS-TV,52906.0,197305.36660790443
1359,ails2_etaMax1.000_stoppingTime432000.00,52937.0,197608.05845703126
1360,HGS-TV,52906.0,197819.15642118454
1361,HGS-TV,52906.0,197926.342502594
1362,HGS-TV,52906.0,198010.574354887
1363,HGS-TV,52906.0,198071.06980252266
1364,HGS-TV,52906.0,198307.56420230865
1365,HGS-TV,52906.0,198665.69254875183
1366,HGS-TV,52906.0,198726.2343685627
1367,HGS-TV,52906.0,198917.45506596565
1368,HGS-TV,52906.0,199115.0761640072
1369,HGS-TV,52906.0,199237.7552998066
1370,HGS-TV,52906.0,199355.94372701645
1371,HGS-TV,52906.0,199618.4908530712
1372,HGS-TV,52906.0,199715.75993657112
1373,ails2_etaMax1.000_stoppingTime864000.00,53242.0,199726.85545703126
1374,ails2_etaMax1.000_stoppingTime864000.00,53233.0,199726.91145703124
1375,HGS-TV,52906.0,200091.33585000038
1376,HGS-TV,52906.0,200460.5330593586
1377,HGS-TV,52906.0,200566.8247103691
1378,HGS-TV,52906.0,200627.33940005302
1379,HGS-TV,52906.0,200721.5611026287
1380,HGS-TV,52906.0,200818.155469656
1381,ails2_eoh_omega2,53104.0,200916.06845703124
1382,HGS-TV,52906.0,201446.50987696648
1383,HGS-TV,52906.0,201696.90213131905
1384,HGS-TV,52906.0,201957.85806584358
1385,HGS-TV,52906.0,202074.98254776
1386,ails2_etaMax1.000_stoppingTime432000.00,52931.0,202078.24645703126
1387,ails2_etaMax1.000_stoppingTime432000.00,52924.0,202102.50645703124
1388,HGS-TV,52906.0,202197.06602811813
1389,HGS-TV,52906.0,202258.50030755997
1390,HGS-TV,52906.0,202345.3917620182
1391,HGS-TV,52906.0,202809.32915782928
1392,HGS-TV,52906.0,202870.24534630775
1393,HGS-TV,52906.0,202930.59660100937
1394,HGS-TV,52906.0,203183.86441850662
1395,HGS-TV,52906.0,203482.4899647236
1396,HGS-TV,52906.0,203548.5799894333
1397,HGS-TV,52906.0,203660.97923469543
1398,HGS-TV,52906.0,203871.16816926003
1399,HGS-TV,52906.0,203967.45681476593
1400,HGS-TV,52906.0,204028.3801202774
1401,HGS-TV,52906.0,204089.0767917633
1402,HGS-TV,52906.0,204269.5438156128
1403,HGS-TV,52906.0,204362.52869439125
1404,HGS-TV,52906.0,204807.410851717
1405,HGS-TV,52906.0,205208.23759245872
1406,ails2_etaMax1.000_stoppingTime1728000.00,53696.0,205349.22645703124
1407,HGS-TV,52906.0,205450.59395766258
1408,HGS-TV,52906.0,205705.3826687336
1409,HGS-TV,52906.0,206134.62104797363
1410,HGS-TV,52906.0,206262.07666158676
1411,HGS-TV,52906.0,206322.1459543705
1412,HGS-TV,52906.0,206424.05742573738
1413,ails2_etaMax1.000_stoppingTime1728000.00,53695.0,206462.77545703124
1414,HGS-TV,52906.0,206484.4735906124
1415,ails2_etaMax1.000_stoppingTime1728000.00,53655.0,206482.21545703124
1416,HGS-TV,52906.0,206544.75868868828
1417,HGS-TV,52906.0,206843.94509124756
1418,HGS-TV,52906.0,206904.0921216011
1419,HGS-TV,52906.0,207015.23350262642
1420,HGS-TV,52906.0,207076.49188232422
1421,HGS-TV,52906.0,207295.4696483612
1422,HGS-TV,52906.0,207483.28675580025
1423,HGS-TV,52906.0,207825.85624718666
1424,ails2_etaMax1.000_stoppingTime432000.00,52923.0,207880.78245703125
1425,HGS-TV,52906.0,207910.64202547073
1426,ails2_etaMax1.000_stoppingTime432000.00,52921.0,207887.78045703124
1427,HGS-TV,52906.0,208019.77727627754
1428,HGS-TV,52906.0,208104.92978477478
1429,HGS-TV,52906.0,208165.6397395134
1430,ails2_etaMax1.000_stoppingTime864000.00,53223.0,208206.69645703124
1431,HGS-TV,52906.0,208226.02619838715
1432,ails2_etaMax1.000_stoppingTime864000.00,53217.0,208210.28445703126
1433,ails2_etaMax1.000_stoppingTime1728000.00,53603.0,208296.59845703124
1434,HGS-TV,52906.0,208482.7246530056
1435,HGS-TV,52906.0,208543.81028866768
1436,HGS-TV,52906.0,208613.11026597023
1437,HGS-TV,52906.0,209074.59386730194
1438,HGS-TV,52906.0,209347.65724015236
1439,HGS-TV,52906.0,209505.98337578773
1440,HGS-TV,52906.0,209865.8820619583
1441,HGS-TV,52906.0,209926.46833777428
1442,HGS-TV,52906.0,210008.66826343536
1443,HGS-TV,52906.0,210299.00907969475
1444,HGS-TV,52906.0,210359.28943181038
1445,HGS-TV,52906.0,210574.8606364727
1446,HGS-TV,52906.0,210635.48126864433
1447,HGS-TV,52906.0,210695.91082692146
1448,HGS-TV,52906.0,210756.6090607643
1449,HGS-TV,52906.0,210851.0019288063
1450,ails2_etaMax1.000_stoppingTime432000.00,52918.0,211422.65645703126
1451,HGS-TV,52906.0,211423.09023165703
1452,HGS-TV,52906.0,211527.23523449898
1453,HGS-TV,52906.0,211587.7249994278
1454,HGS-TV,52906.0,211648.3048532009
1455,HGS-TV,52906.0,211913.1173300743
1456,ails2_etaMax1.000_stoppingTime432000.00,52916.0,211917.24645703126
1457,ails2_etaMax1.000_stoppingTime432000.00,52909.0,211940.69545703125
1458,HGS-TV,52906.0,211999.37771964073
1459,HGS-TV,52906.0,212059.43385958672
1460,HGS-TV,52906.0,212251.34997344017
1461,HGS-TV,52906.0,212311.4487540722
1462,HGS-TV,52906.0,212569.94098973274
1463,ails2_etaMax1.000_stoppingTime864000.00,53216.0,212660.12645703126
1464,ails2_etaMax1.000_stoppingTime864000.00,53215.0,212660.44245703125
1465,ails2_etaMax1.000_stoppingTime864000.00,53204.0,213061.42545703126
1466,HGS-TV,52906.0,213093.0815243721
1467,ails2_etaMax1.000_stoppingTime864000.00,53199.0,213061.47245703125
1468,HGS-TV,52906.0,213309.95735740662
1469,HGS-TV,52906.0,213433.14969277382
1470,HGS-TV,52906.0,213608.9374716282
1471,HGS-TV,52906.0,214043.95361852646
1472,HGS-TV,52906.0,214358.05854678154
1473,HGS-TV,52906.0,214566.33033895493
1474,HGS-TV,52906.0,214916.24423336983
1475,HGS-TV,52906.0,214976.28326511383
1476,HGS-TV,52906.0,215327.59930038452
1477,HGS-TV,52906.0,215421.31558942795
1478,HGS-TV,52906.0,215642.37677192688
1479,HGS-TV,52906.0,215921.17088532448
1480,HGS-TV,52906.0,215982.01162528992
1481,HGS-TV,52906.0,216351.0921227932
1482,HGS-TV,52906.0,216411.17890548706
1483,HGS-TV,52906.0,216471.88968372345
1484,HGS-TV,52906.0,216532.0851070881
1485,HGS-TV,52906.0,216780.62652611732
1486,HGS-TV,52906.0,217116.0791373253
1487,HGS-TV,52906.0,217176.17126369476
1488,HGS-TV,52906.0,217236.62540888786
1489,HGS-TV,52906.0,217453.96212029457
1490,HGS-TV,52906.0,217514.37779307365
1491,HGS-TV,52906.0,217574.52168893814
1492,HGS-TV,52906.0,217714.21880221367
1493,HGS-TV,52906.0,217775.9481358528
1494,HGS-TV,52906.0,217845.05344891548
1495,HGS-TV,52906.0,218373.74433493614
1496,HGS-TV,52906.0,218487.42757940292
1497,HGS-TV,52906.0,218789.60577368736
1498,ails2_etaMax1.000_stoppingTime432000.00,52908.0,218795.66845703125
1499,HGS-TV,52906.0,218902.31986880302
1500,HGS-TV,52906.0,218962.6100680828
1501,HGS-TV,52906.0,219324.94562077522
1502,HGS-TV,52906.0,219470.41607570648
1503,HGS-TV,52906.0,219689.4839577675
1504,HGS-TV,52906.0,219903.71607398987
1505,HGS-TV,52906.0,220156.2588238716
1506,ails2_eoh_omega2,53103.0,220247.40345703124
1507,HGS-TV,52906.0,220254.88322782516
1508,HGS-TV,52906.0,220335.16994595528
1509,HGS-TV,52906.0,220514.1475198269
1510,HGS-TV,52906.0,220574.20879364014
1511,HGS-TV,52906.0,220724.95745015144
1512,ails2_etaMax1.000_stoppingTime864000.00,53197.0,220746.11445703125
1513,ails2_etaMax1.000_stoppingTime864000.00,53186.0,220761.36045703126
1514,HGS-TV,52906.0,221065.63621091843
1515,HGS-TV,52906.0,221126.05921053886
1516,HGS-TV,52906.0,221392.98645281792
1517,HGS-TV,52906.0,221453.526576519
1518,HGS-TV,52906.0,221589.75214147568
1519,HGS-TV,52906.0,221760.83139967918
1520,HGS-TV,52906.0,222109.35179948807
1521,HGS-TV,52906.0,222169.42246317863
1522,HGS-TV,52906.0,222229.6013262272
1523,HGS-TV,52906.0,222289.623970747
1524,HGS-TV,52906.0,222507.835596323
1525,HGS-TV,52906.0,222641.54912757874
1526,HGS-TV,52906.0,222701.6191046238
1527,HGS-TV,52906.0,222804.3926475048
1528,HGS-TV,52906.0,222864.70044207573
1529,HGS-TV,52906.0,223042.3999428749
1530,HGS-TV,52906.0,223102.47183442116
1531,ails2_eoh_omega2,53102.0,223354.59245703125
1532,HGS-TV,52906.0,223481.0408732891
1533,HGS-TV,52906.0,223849.53746557236
1534,ails2_etaMax1.000_stoppingTime432000.00,52907.0,224379.51045703125
1535,HGS-TV,52906.0,224389.2676873207
1536,ails2_etaMax1.000_stoppingTime432000.00,52902.0,224386.73245703126
1537,HGS-TV,52906.0,224625.48134851456
1538,HGS-TV,52906.0,224889.23321413994
1539,HGS-TV,52906.0,224949.4389064312
1540,HGS-TV,52906.0,225453.75076246262
1541,HGS-TV,52906.0,225901.98720312119
1542,HGS-TV,52906.0,226293.79644417763
1543,HGS-TV,52906.0,226606.52180194855
1544,ails2_etaMax1.000_stoppingTime864000.00,53181.0,228583.74345703126
1545,ails2_etaMax1.000_stoppingTime864000.00,53157.0,228594.55545703124
1546,HGS-TV,52897.0,228806.35801315308
1547,HGS-TV,52896.0,229384.14194488525
1548,ails2_etaMax1.000_stoppingTime864000.00,53155.0,230538.94745703126
1549,ails2_etaMax1.000_stoppingTime864000.00,53151.0,230539.83045703126
1550,HGS-TV,52895.0,231468.74513411522
1551,HGS-TV,52892.0,231937.90836262703
1552,ails2_etaMax1.000_stoppingTime432000.00,52901.0,233108.10945703124
1553,ails2_etaMax1.000_stoppingTime432000.00,52900.0,233110.88145703124
1554,HGS-TV,52891.0,233288.29710435867
1555,ails2_etaMax1.000_stoppingTime432000.00,52899.0,234379.12745703125
1556,ails2_etaMax1.000_stoppingTime432000.00,52898.0,235377.65545703124
1557,ails2_etaMax1.000_stoppingTime432000.00,52894.0,235398.64845703126
1558,HGS-TV,52890.0,236763.82588982582
1559,ails2_etaMax1.000_stoppingTime432000.00,52893.0,239850.59445703126
1560,ails2_etaMax0.010_stoppingTime432000.00,52919.0,241191.06545703125
1561,ails2_etaMax0.010_stoppingTime432000.00,52915.0,241232.84145703126
1562,ails2_etaMax1.000_stoppingTime1728000.00,53600.0,242169.39445703125
1563,ails2_etaMax1.000_stoppingTime1728000.00,53589.0,242169.51145703124
1564,ails2_etaMax1.000_stoppingTime864000.00,53145.0,242636.56445703126
1565,ails2_etaMax1.000_stoppingTime864000.00,53106.0,242641.38245703126
1566,HGS-TV,52889.0,246872.90554761887
1567,ails2_etaMax1.000_stoppingTime1728000.00,53587.0,249321.38245703126
1568,ails2_etaMax1.000_stoppingTime1728000.00,53566.0,249340.97945703124
1569,HGS-TV,52888.0,252703.79043078423
1570,ails2_etaMax1.000_stoppingTime1728000.00,53555.0,255490.26045703125
1571,ails2_etaMax1.000_stoppingTime1728000.00,53552.0,255493.38045703125
1572,ails2_etaMax1.000_stoppingTime432000.00,52892.0,256663.54345703125
1573,ails2_etaMax1.000_stoppingTime1728000.00,53549.0,258166.85045703125
1574,ails2_etaMax1.000_stoppingTime1728000.00,53533.0,258168.21645703126
1575,ails2_etaMax1.000_stoppingTime864000.00,53103.0,259042.40045703124
1576,ails2_etaMax1.000_stoppingTime864000.00,53102.0,261803.04045703125
1577,ails2_etaMax1.000_stoppingTime864000.00,53099.0,261803.72845703125
1578,ails2_etaMax1.000_stoppingTime864000.00,53098.0,263016.8014570312
1579,ails2_etaMax1.000_stoppingTime864000.00,53094.0,263018.47245703125
1580,ails2_etaMax1.000_stoppingTime864000.00,53091.0,267102.70745703124
1581,ails2_etaMax1.000_stoppingTime864000.00,53088.0,269989.1544570312
1582,ails2_etaMax1.000_stoppingTime864000.00,53083.0,272220.81045703124
1583,ails2_etaMax1.000_stoppingTime864000.00,53055.0,272254.6874570312
1584,ails2_etaMax1.000_stoppingTime1728000.00,53529.0,275852.3554570312
1585,ails2_etaMax1.000_stoppingTime864000.00,53053.0,277164.60345703125
1586,ails2_etaMax1.000_stoppingTime1728000.00,53519.0,277258.0564570312
1587,ails2_etaMax1.000_stoppingTime1728000.00,53517.0,277401.8824570312
1588,ails2_etaMax1.000_stoppingTime1728000.00,53494.0,277402.0454570312
1589,HGS-TV,52888.0,278069.4531877041
1590,ails2_etaMax1.000_stoppingTime432000.00,52891.0,278091.4694570312
1591,HGS-TV,52888.0,278220.52545142174
1592,ails2_etaMax1.000_stoppingTime864000.00,53052.0,278295.16445703123
1593,HGS-TV,52888.0,278313.075037241
1594,ails2_etaMax1.000_stoppingTime864000.00,53034.0,278336.27645703126
1595,HGS-TV,52888.0,278374.2957289219
1596,HGS-TV,52888.0,278447.71563363075
1597,HGS-TV,52888.0,278874.84370589256
1598,HGS-TV,52888.0,279027.9430260658
1599,HGS-TV,52888.0,279249.4604523182
1600,ails2_etaMax1.000_stoppingTime432000.00,52890.0,279593.6544570312
1601,HGS-TV,52888.0,279689.22052168846
1602,HGS-TV,52888.0,279912.43320441246
1603,ails2_etaMax1.000_stoppingTime432000.00,52889.0,280152.59945703123
1604,HGS-TV,52888.0,280409.41340470314
1605,HGS-TV,52888.0,280474.8941040039
1606,HGS-TV,52888.0,280560.0411298275
1607,HGS-TV,52888.0,280621.8185374737
1608,HGS-TV,52888.0,281378.13726735115
1609,HGS-TV,52888.0,281480.8669912815
1610,HGS-TV,52888.0,281686.24426555634
1611,HGS-TV,52888.0,281861.1065938473
1612,HGS-TV,52888.0,282552.38085079193
1613,HGS-TV,52888.0,282779.6867392063
1614,HGS-TV,52888.0,283124.41634869576
1615,HGS-TV,52888.0,283371.0470046997
1616,HGS-TV,52888.0,284155.34249830246
1617,HGS-TV,52888.0,284216.9129707813
1618,HGS-TV,52888.0,284688.7116844654
1619,HGS-TV,52888.0,284901.0373401642
1620,HGS-TV,52888.0,285393.28910422325
1621,HGS-TV,52888.0,285467.7954454422
1622,HGS-TV,52888.0,285575.92169475555
1623,ails2_etaMax1.000_stoppingTime432000.00,52888.0,285584.98845703126
1624,ails2_etaMax1.000_stoppingTime432000.00,52887.0,285592.53945703123
1625,HGS-TV,52888.0,285863.34428453445
1626,HGS-TV,52888.0,286257.9914162159
1627,HGS-TV,52888.0,286814.18658566475
1628,HGS-TV,52888.0,286875.22656321526
1629,HGS-TV,52888.0,287238.803907156
1630,HGS-TV,52888.0,287627.4897246361
1631,HGS-TV,52888.0,287787.3860170841
1632,ails2_etaMax1.000_stoppingTime864000.00,53032.0,289050.26145703124
1633,ails2_etaMax1.000_stoppingTime864000.00,53027.0,289054.06945703126
1634,ails2_etaMax1.000_stoppingTime1728000.00,53490.0,290674.09945703123
1635,ails2_etaMax1.000_stoppingTime864000.00,53026.0,293167.25445703126
1636,ails2_etaMax1.000_stoppingTime864000.00,53021.0,293169.2794570312
1637,ails2_etaMax1.000_stoppingTime864000.00,53020.0,296120.1434570312
1638,ails2_etaMax1.000_stoppingTime864000.00,53001.0,296122.17345703125
1639,ails2_etaMax1.000_stoppingTime1728000.00,53488.0,297747.14845703123
1640,ails2_etaMax1.000_stoppingTime1728000.00,53485.0,297748.03845703125
1641,ails2_etaMax1.000_stoppingTime432000.00,52885.0,299489.0184570312
1642,HGS-TV,52887.0,301404.59347581863
1643,HGS-TV,52887.0,301465.43372654915
1644,HGS-TV,52887.0,301562.29442977905
1645,HGS-TV,52887.0,301634.3030719757
1646,HGS-TV,52887.0,301702.46796131134
1647,HGS-TV,52887.0,302016.42312192917
1648,HGS-TV,52887.0,302077.90310382843
1649,HGS-TV,52887.0,302167.42860007286
1650,HGS-TV,52887.0,302228.25329232216
1651,ails2_etaMax1.000_stoppingTime1728000.00,53484.0,304271.03245703125
1652,ails2_etaMax1.000_stoppingTime1728000.00,53473.0,304274.53345703124
1653,ails2_etaMax1.000_stoppingTime1728000.00,53465.0,305186.23345703125
1654,ails2_etaMax1.000_stoppingTime1728000.00,53449.0,311052.39545703126
1655,ails2_etaMax1.000_stoppingTime1728000.00,53434.0,311052.4644570312
1656,ails2_etaMax1.000_stoppingTime432000.00,52884.0,312280.6874570312
1657,ails2_etaMax1.000_stoppingTime1728000.00,53433.0,313786.85345703125
1658,ails2_etaMax1.000_stoppingTime1728000.00,53431.0,320778.9594570313
1659,ails2_etaMax1.000_stoppingTime1728000.00,53418.0,320780.9044570312
1660,ails2_etaMax1.000_stoppingTime864000.00,53000.0,324416.4044570312
1661,ails2_etaMax1.000_stoppingTime864000.00,52981.0,324426.22245703125
1662,ails2_etaMax1.000_stoppingTime864000.00,52980.0,324663.33845703123
1663,ails2_etaMax1.000_stoppingTime864000.00,52978.0,324724.37145703123
1664,ails2_etaMax1.000_stoppingTime864000.00,52962.0,324727.22145703126
1665,HGS-TV,52884.0,326308.80111169815
1666,HGS-TV,52884.0,326369.5026819706
1667,HGS-TV,52884.0,326511.2486293316
1668,HGS-TV,52884.0,326571.2819266319
1669,HGS-TV,52884.0,326640.14821481705
1670,HGS-TV,52884.0,326702.15538048744
1671,HGS-TV,52884.0,326762.16730976105
1672,HGS-TV,52884.0,326822.19225144386
1673,HGS-TV,52884.0,327003.10791921616
1674,HGS-TV,52884.0,327064.7174370289
1675,HGS-TV,52884.0,327124.7569255829
1676,HGS-TV,52884.0,327342.10339546204
1677,HGS-TV,52884.0,327702.47987008095
1678,HGS-TV,52884.0,328232.80090260506
1679,HGS-TV,52884.0,328327.67884755135
1680,HGS-TV,52884.0,328662.3270263672
1681,HGS-TV,52884.0,328775.14176654816
1682,HGS-TV,52884.0,328838.05312132835
1683,HGS-TV,52884.0,328899.01054286957
1684,HGS-TV,52884.0,328960.0108976364
1685,HGS-TV,52884.0,329031.4947888851
1686,HGS-TV,52884.0,329241.6798696518
1687,HGS-TV,52884.0,329313.37312054634
1688,HGS-TV,52884.0,329606.9032011032
1689,HGS-TV,52884.0,329755.8200984001
1690,HGS-TV,52884.0,329820.808811903
1691,HGS-TV,52884.0,329880.81644654274
1692,HGS-TV,52884.0,329974.194750309
1693,HGS-TV,52884.0,330117.47047805786
1694,HGS-TV,52884.0,330381.6599264145
1695,HGS-TV,52884.0,330442.16478705406
1696,HGS-TV,52884.0,330557.38606595993
1697,HGS-TV,52884.0,331024.0808939934
1698,HGS-TV,52884.0,331084.68564867973
1699,HGS-TV,52884.0,331144.88401031494
1700,HGS-TV,52884.0,331308.80687761307
1701,HGS-TV,52884.0,331575.57362151146
1702,HGS-TV,52884.0,332339.3915977478
1703,HGS-TV,52884.0,332499.4217367172
1704,HGS-TV,52884.0,333246.9612557888
1705,HGS-TV,52884.0,333346.6894516945
1706,HGS-TV,52884.0,333407.41368722916
1707,HGS-TV,52884.0,333848.0203201771
1708,HGS-TV,52884.0,334028.93628144264
1709,HGS-TV,52884.0,334161.86516213417
1710,HGS-TV,52884.0,334236.22727656364
1711,HGS-TV,52884.0,334483.84049773216
1712,HGS-TV,52884.0,334978.53574609756
1713,HGS-TV,52884.0,335329.49211382866
1714,HGS-TV,52884.0,335678.8843011856
1715,HGS-TV,52884.0,335739.14201140404
1716,HGS-TV,52884.0,335960.20434832573
1717,HGS-TV,52884.0,336885.5160264969
1718,HGS-TV,52884.0,337144.6641972065
1719,HGS-TV,52884.0,337311.4169421196
1720,HGS-TV,52884.0,337404.3930814266
1721,HGS-TV,52884.0,337464.4911119938
1722,HGS-TV,52884.0,337627.29648566246
1723,HGS-TV,52884.0,338017.30499482155
1724,HGS-TV,52884.0,338077.37146139145
1725,HGS-TV,52884.0,338138.2527422905
1726,HGS-TV,52884.0,338229.0403382778
1727,HGS-TV,52884.0,338835.95278930664
1728,HGS-TV,52884.0,338922.4200806618
1729,HGS-TV,52884.0,339024.08321762085
1730,HGS-TV,52884.0,339562.2644608021
1731,HGS-TV,52884.0,339811.7337794304
1732,HGS-TV,52884.0,339928.3056833744
1733,HGS-TV,52884.0,339988.65232658386
1734,HGS-TV,52884.0,340124.90161275864
1735,HGS-TV,52884.0,340225.20071077347
1736,HGS-TV,52884.0,340548.0271127224
1737,HGS-TV,52884.0,340609.26494288445
1738,HGS-TV,52884.0,340843.4566106796
1739,HGS-TV,52884.0,341062.1331715584
1740,HGS-TV,52884.0,341122.52922558784
1741,HGS-TV,52884.0,341353.9752931595
1742,ails2_etaMax1.000_stoppingTime1728000.00,53411.0,341516.17445703124
1743,ails2_etaMax1.000_stoppingTime1728000.00,53402.0,341516.2414570312
1744,HGS-TV,52884.0,341601.917494297
1745,HGS-TV,52884.0,341853.19987273216
1746,HGS-TV,52884.0,342278.6796324253
1747,HGS-TV,52884.0,342439.4964413643
1748,ails2_etaMax1.000_stoppingTime864000.00,52959.0,342587.31045703124
1749,ails2_etaMax1.000_stoppingTime864000.00,52945.0,342589.1764570312
1750,HGS-TV,52884.0,342746.2525205612
1751,HGS-TV,52884.0,342806.9109387398
1752,HGS-TV,52884.0,342918.67038464546
1753,HGS-TV,52884.0,342979.5796291828
1754,HGS-TV,52884.0,343040.2195482254
1755,ails2_etaMax1.000_stoppingTime1728000.00,53385.0,343044.59945703123
1756,ails2_etaMax1.000_stoppingTime1728000.00,53373.0,343045.01745703124
1757,HGS-TV,52884.0,343151.94096159935
1758,HGS-TV,52884.0,343212.1480360031
1759,HGS-TV,52884.0,343642.5356760025
1760,HGS-TV,52884.0,344120.88894438744
1761,HGS-TV,52884.0,344181.3871309757
1762,HGS-TV,52884.0,344488.3283827305
1763,HGS-TV,52884.0,344961.8243730068
1764,HGS-TV,52884.0,345198.21425294876
1765,HGS-TV,52884.0,345258.4521677494
1766,HGS-TV,52884.0,345417.9194967747
1767,ails2_etaMax1.000_stoppingTime1728000.00,53368.0,345614.49645703123
1768,HGS-TV,52884.0,345838.25491929054
1769,HGS-TV,52884.0,346027.04825401306
1770,HGS-TV,52884.0,346088.0349907875
1771,HGS-TV,52884.0,346524.56853318214
1772,HGS-TV,52884.0,346906.65626072884
1773,HGS-TV,52884.0,347082.49292612076
1774,HGS-TV,52884.0,347217.076887846
1775,HGS-TV,52884.0,347341.2260055542
1776,HGS-TV,52884.0,347401.8301730156
1777,HGS-TV,52884.0,347812.41151189804
1778,HGS-TV,52884.0,347993.0299334526
1779,HGS-TV,52884.0,348177.7650003433
1780,HGS-TV,52884.0,348865.49981474876
1781,HGS-TV,52884.0,348998.8848795891
1782,HGS-TV,52884.0,349173.6807205677
1783,HGS-TV,52884.0,350135.3839700222
1784,HGS-TV,52884.0,350254.46099328995
1785,HGS-TV,52884.0,350498.6029229164
1786,HGS-TV,52884.0,350559.22761774063
1787,HGS-TV,52884.0,350938.736522913
1788,HGS-TV,52884.0,351264.52205324173
1789,HGS-TV,52884.0,351495.5029914379
1790,HGS-TV,52884.0,351694.47465515137
1791,HGS-TV,52884.0,351879.90241479874
1792,HGS-TV,52884.0,351940.3473033905
1793,HGS-TV,52884.0,352140.23310661316
1794,HGS-TV,52884.0,352326.82153487206
1795,HGS-TV,52884.0,352417.2809937
1796,HGS-TV,52884.0,352490.85216355324
1797,HGS-TV,52884.0,352888.1758310795
1798,HGS-TV,52884.0,353205.3277711868
1799,HGS-TV,52884.0,353554.69532084465
1800,HGS-TV,52884.0,353615.01039123535
1801,HGS-TV,52884.0,353675.14277100563
1802,HGS-TV,52884.0,353750.2215266228
1803,HGS-TV,52884.0,353842.51804590225
1804,HGS-TV,52884.0,354024.01325559616
1805,HGS-TV,52884.0,354084.4368827343
1806,HGS-TV,52884.0,354144.8021616936
1807,HGS-TV,52884.0,354205.0592055321
1808,HGS-TV,52884.0,354265.08898854256
1809,HGS-TV,52884.0,354453.69887804985
1810,HGS-TV,52884.0,354753.88585567474
1811,HGS-TV,52884.0,354820.4430565834
1812,HGS-TV,52884.0,355182.3377494812
1813,HGS-TV,52884.0,355808.58311223984
1814,HGS-TV,52884.0,355900.4725263119
1815,HGS-TV,52884.0,356084.40756106377
1816,HGS-TV,52884.0,356144.8112487793
1817,HGS-TV,52884.0,356742.62536263466
1818,HGS-TV,52884.0,356802.7042982578
1819,HGS-TV,52884.0,357073.100440979
1820,HGS-TV,52884.0,357220.8684220314
1821,ails2_etaMax1.000_stoppingTime864000.00,52944.0,357402.42445703124
1822,HGS-TV,52884.0,357614.8057720661
1823,HGS-TV,52884.0,357675.104357481
1824,HGS-TV,52884.0,357799.1350848675
1825,HGS-TV,52884.0,357859.5160768032
1826,HGS-TV,52884.0,358004.260011673
1827,HGS-TV,52884.0,358064.8369553089
1828,HGS-TV,52884.0,358139.68298602104
1829,HGS-TV,52884.0,358446.37880563736
1830,HGS-TV,52884.0,358506.64852404594
1831,HGS-TV,52884.0,358594.52581858635
1832,HGS-TV,52884.0,358807.19495368004
1833,HGS-TV,52884.0,358867.8066046238
1834,HGS-TV,52884.0,359674.8372526169
1835,HGS-TV,52884.0,359735.1728336811
1836,HGS-TV,52884.0,360086.2086286545
1837,HGS-TV,52884.0,360486.934037447
1838,HGS-TV,52884.0,360584.000266552
1839,HGS-TV,52884.0,360909.6690354347
1840,HGS-TV,52884.0,360970.0832362175
1841,HGS-TV,52884.0,361426.4760723114
1842,HGS-TV,52884.0,361926.0752193928
1843,HGS-TV,52884.0,362087.76838231087
1844,HGS-TV,52884.0,362310.1676425934
1845,ails2_etaMax1.000_stoppingTime1728000.00,53367.0,362460.54445703124
1846,HGS-TV,52884.0,363116.9548239708
1847,HGS-TV,52884.0,363854.0572125912
1848,HGS-TV,52884.0,363914.1151230335
1849,HGS-TV,52884.0,363975.15373158455
1850,HGS-TV,52884.0,364265.24931645393
1851,HGS-TV,52884.0,364354.84669303894
1852,HGS-TV,52884.0,364609.18933176994
1853,HGS-TV,52884.0,365082.2478556633
1854,HGS-TV,52884.0,365327.8185260296
1855,HGS-TV,52884.0,365622.7817873955
1856,HGS-TV,52884.0,365709.9317855835
1857,HGS-TV,52884.0,365824.3924591541
1858,HGS-TV,52884.0,365944.98873353004
1859,HGS-TV,52884.0,366066.90036320686
1860,HGS-TV,52884.0,366256.98015117645
1861,HGS-TV,52884.0,366822.1042277813
1862,HGS-TV,52884.0,367021.8692550659
1863,HGS-TV,52884.0,367082.2394640446
1864,HGS-TV,52884.0,367142.51627635956
1865,HGS-TV,52884.0,367360.8857073784
1866,HGS-TV,52884.0,367496.73816657066
1867,HGS-TV,52884.0,367795.21165680885
1868,HGS-TV,52884.0,368135.3342971802
1869,HGS-TV,52884.0,368208.43970394135
1870,HGS-TV,52884.0,368513.0680644512
1871,ails2_etaMax1.000_stoppingTime864000.00,52943.0,368699.3334570312
1872,HGS-TV,52884.0,368725.70948815346
1873,HGS-TV,52884.0,369409.2256884575
1874,HGS-TV,52884.0,369564.99749040604
1875,HGS-TV,52884.0,369678.96996450424
1876,HGS-TV,52884.0,369898.38031315804
1877,ails2_etaMax1.000_stoppingTime1728000.00,53364.0,369944.9204570312
1878,ails2_etaMax1.000_stoppingTime1728000.00,53354.0,369944.93945703126
1879,HGS-TV,52884.0,370116.08322429657
1880,ails2_etaMax1.000_stoppingTime1728000.00,53348.0,370123.87145703123
1881,HGS-TV,52884.0,370300.97476410866
1882,HGS-TV,52884.0,370695.10866475105
1883,HGS-TV,52884.0,371108.4762840271
1884,HGS-TV,52884.0,371491.5942091942
1885,HGS-TV,52884.0,372388.105684042
1886,HGS-TV,52884.0,374002.2324962616
1887,HGS-TV,52884.0,374410.8838646412
1888,ails2_etaMax1.000_stoppingTime864000.00,52942.0,377674.47745703126
1889,HGS-TV,52884.0,378387.41407084465
1890,HGS-TV,52884.0,378813.9056634903
1891,HGS-TV,52884.0,380694.35044264793
1892,HGS-TV,52884.0,382176.12142562866
1893,HGS-TV,52884.0,383048.292280674
1894,ails2_etaMax1.000_stoppingTime1728000.00,53343.0,384585.2794570312
1895,ails2_etaMax1.000_stoppingTime1728000.00,53322.0,384612.30245703127
1896,HGS-TV,52884.0,384873.0923497677
1897,ails2_etaMax1.000_stoppingTime864000.00,52940.0,386886.30945703125
1898,ails2_etaMax1.000_stoppingTime864000.00,52938.0,387655.5194570313
1899,ails2_etaMax1.000_stoppingTime864000.00,52932.0,387655.52745703125
1900,ails2_etaMax1.000_stoppingTime864000.00,52930.0,388516.6114570313
1901,ails2_etaMax1.000_stoppingTime864000.00,52926.0,388559.08145703125
1902,ails2_etaMax1.000_stoppingTime1728000.00,53318.0,391806.82145703124
1903,ails2_etaMax1.000_stoppingTime1728000.00,53310.0,391806.86445703125
1904,ails2_etaMax1.000_stoppingTime1728000.00,53296.0,393234.92445703124
1905,HGS-TV,52884.0,396597.56458592415
1906,HGS-TV,52884.0,396658.14486670494
1907,HGS-TV,52884.0,396718.6294102669
1908,HGS-TV,52884.0,396779.14356541634
1909,HGS-TV,52884.0,396873.0033175945
1910,HGS-TV,52884.0,397491.6625261307
1911,HGS-TV,52884.0,397552.3571975231
1912,HGS-TV,52884.0,397782.3766798973
1913,HGS-TV,52884.0,397969.44769477844
1914,HGS-TV,52884.0,398319.54693984985
1915,HGS-TV,52884.0,398705.9410517216
1916,HGS-TV,52884.0,398821.4267566204
1917,HGS-TV,52884.0,399234.70161151886
1918,HGS-TV,52884.0,399383.82089066505
1919,HGS-TV,52884.0,399993.88044810295
1920,HGS-TV,52884.0,400133.6807317734
1921,HGS-TV,52884.0,400194.7270848751
1922,ails2_etaMax1.000_stoppingTime864000.00,52920.0,401057.4484570313
1923,ails2_etaMax1.000_stoppingTime864000.00,52919.0,401057.4974570313
1924,ails2_etaMax1.000_stoppingTime864000.00,52918.0,401283.67345703125
1925,HGS-TV,52884.0,401324.3782045841
1926,ails2_etaMax1.000_stoppingTime864000.00,52916.0,401285.2414570312
1927,HGS-TV,52884.0,401518.0580589771
1928,HGS-TV,52884.0,401579.8915858269
1929,HGS-TV,52884.0,401640.1900188923
1930,HGS-TV,52884.0,401858.44584846497
1931,HGS-TV,52884.0,401919.61390662193
1932,HGS-TV,52884.0,402441.55699419975
1933,HGS-TV,52884.0,402707.6088376045
1934,HGS-TV,52884.0,403035.50154185295
1935,HGS-TV,52884.0,403282.9686539173
1936,HGS-TV,52884.0,403343.22533512115
1937,HGS-TV,52884.0,403664.37561392784
1938,HGS-TV,52884.0,404025.54728102684
1939,HGS-TV,52884.0,404352.1286354065
1940,HGS-TV,52884.0,404639.36148142815
1941,HGS-TV,52884.0,404700.1211838722
1942,HGS-TV,52884.0,404804.45470547676
1943,HGS-TV,52884.0,404864.9109764099
1944,HGS-TV,52884.0,404925.95298051834
1945,HGS-TV,52884.0,405508.24354338646
1946,HGS-TV,52884.0,405691.17206668854
1947,HGS-TV,52884.0,406313.6582157612
1948,HGS-TV,52884.0,406410.53227472305
1949,HGS-TV,52884.0,406470.57721304893
1950,HGS-TV,52884.0,406616.16844010353
1951,HGS-TV,52884.0,406689.12018442154
1952,HGS-TV,52884.0,406806.9173531532
1953,HGS-TV,52884.0,406867.07644987106
1954,HGS-TV,52884.0,407047.75136590004
1955,HGS-TV,52884.0,407108.87659573555
1956,ails2_etaMax1.000_stoppingTime1728000.00,53295.0,407212.48745703127
1957,ails2_etaMax1.000_stoppingTime1728000.00,53281.0,407214.3064570312
1958,HGS-TV,52884.0,407408.54815363884
1959,HGS-TV,52884.0,407468.72282004356
1960,HGS-TV,52884.0,407587.9693160057
1961,HGS-TV,52884.0,407986.4222574234
1962,HGS-TV,52884.0,408250.2671124935
1963,HGS-TV,52884.0,408910.3119428158
1964,HGS-TV,52884.0,408971.0249466896
1965,HGS-TV,52884.0,409388.90026307106
1966,HGS-TV,52884.0,409449.01206827164
1967,HGS-TV,52884.0,409581.22777843475
1968,HGS-TV,52884.0,409654.69347310066
1969,HGS-TV,52884.0,409738.0051882267
1970,HGS-TV,52884.0,410264.6634044647
1971,HGS-TV,52884.0,410324.88326358795
1972,HGS-TV,52884.0,410385.4171028137
1973,HGS-TV,52884.0,410670.3228008747
1974,HGS-TV,52884.0,410819.32270622253
1975,HGS-TV,52884.0,411250.6338031292
1976,HGS-TV,52884.0,411310.968126297
1977,HGS-TV,52884.0,411371.0881061554
1978,HGS-TV,52884.0,411431.30552744865
1979,HGS-TV,52884.0,411702.40002036095
1980,HGS-TV,52884.0,411944.8735566139
1981,HGS-TV,52884.0,412054.44301986694
1982,HGS-TV,52884.0,412379.54252433777
1983,HGS-TV,52884.0,412444.453132391
1984,HGS-TV,52884.0,412784.009714365
1985,HGS-TV,52884.0,413008.8140361309
1986,HGS-TV,52884.0,413313.08037924767
1987,ails2_etaMax1.000_stoppingTime1728000.00,53271.0,413735.8394570312
1988,ails2_etaMax1.000_stoppingTime1728000.00,53261.0,413737.8334570312
1989,HGS-TV,52884.0,413846.5251970291
1990,HGS-TV,52884.0,414030.4021716118
1991,HGS-TV,52884.0,414108.605730772
1992,HGS-TV,52884.0,414211.43784093857
1993,HGS-TV,52884.0,414271.84038591385
1994,HGS-TV,52884.0,414521.1163561344
1995,HGS-TV,52884.0,414581.73263788223
1996,HGS-TV,52884.0,414641.8271815777
1997,HGS-TV,52884.0,414701.8761520386
1998,HGS-TV,52884.0,414815.6161532402
1999,HGS-TV,52884.0,414875.7475094795
2000,HGS-TV,52884.0,414936.3404355049
2001,HGS-TV,52884.0,415018.3857831955
2002,HGS-TV,52884.0,415079.3613078594
2003,HGS-TV,52884.0,415366.0396294594
2004,HGS-TV,52884.0,415535.55210042
2005,HGS-TV,52884.0,415596.8746380806
2006,HGS-TV,52884.0,415771.3647739887
2007,HGS-TV,52884.0,415916.0252289772
2008,HGS-TV,52884.0,416266.9204788208
2009,HGS-TV,52884.0,416361.1155936718
2010,HGS-TV,52884.0,416483.3827621937
2011,HGS-TV,52884.0,416545.5995154381
2012,HGS-TV,52884.0,416792.5928995609
2013,HGS-TV,52884.0,416875.30316734314
2014,HGS-TV,52884.0,416958.8407318592
2015,HGS-TV,52884.0,417019.0403928757
2016,HGS-TV,52884.0,417079.3144745827
2017,HGS-TV,52884.0,417174.87020254135
2018,HGS-TV,52884.0,417234.88262701035
2019,HGS-TV,52884.0,417295.03833532333
2020,HGS-TV,52884.0,417408.9114573002
2021,HGS-TV,52884.0,417712.6965267658
2022,HGS-TV,52884.0,418077.7730202675
2023,HGS-TV,52884.0,418137.8308541775
2024,HGS-TV,52884.0,418198.4576847553
2025,ails2_etaMax1.000_stoppingTime864000.00,52914.0,418531.18545703124
2026,ails2_etaMax1.000_stoppingTime864000.00,52911.0,418565.4424570312
2027,HGS-TV,52884.0,418731.61798644066
2028,HGS-TV,52884.0,418851.0740330219
2029,HGS-TV,52884.0,419087.46692848206
2030,HGS-TV,52884.0,419239.34737086296
2031,HGS-TV,52884.0,419299.47859692574
2032,HGS-TV,52884.0,419548.0772137642
2033,HGS-TV,52884.0,419754.39478445053
2034,HGS-TV,52884.0,420026.5053796768
2035,HGS-TV,52884.0,420219.6709139347
2036,HGS-TV,52884.0,420493.9198074341
2037,HGS-TV,52884.0,420555.4521458149
2038,HGS-TV,52884.0,420648.1021347046
2039,HGS-TV,52884.0,421099.79440140724
2040,HGS-TV,52884.0,421309.59568810463
2041,HGS-TV,52884.0,421383.76753664017
2042,HGS-TV,52884.0,421523.08364248276
2043,HGS-TV,52884.0,421656.75079631805
2044,HGS-TV,52884.0,421806.5273025036
2045,HGS-TV,52884.0,421915.6346349716
2046,HGS-TV,52884.0,422071.1830303669
2047,HGS-TV,52884.0,422131.2257716656
2048,HGS-TV,52884.0,422324.65589666367
2049,HGS-TV,52884.0,422490.0486087799
2050,HGS-TV,52884.0,422845.5757820606
2051,HGS-TV,52884.0,422905.90854644775
2052,HGS-TV,52884.0,423034.06657910347
2053,HGS-TV,52884.0,423237.4785411358
2054,HGS-TV,52884.0,423304.3414504528
2055,HGS-TV,52884.0,423397.0281496048
2056,HGS-TV,52884.0,423604.82453894615
2057,HGS-TV,52884.0,423682.5125927925
2058,HGS-TV,52884.0,423744.17456150055
2059,HGS-TV,52884.0,423804.5407450199
2060,HGS-TV,52884.0,424187.5564661026
2061,HGS-TV,52884.0,424370.25882434845
2062,HGS-TV,52884.0,424474.1001493931
2063,HGS-TV,52884.0,424534.23566126823
2064,HGS-TV,52884.0,424750.2661151886
2065,HGS-TV,52884.0,424817.00854182243
2066,HGS-TV,52884.0,425151.10781383514
2067,HGS-TV,52884.0,425211.7387506962
2068,HGS-TV,52884.0,425339.3623702526
2069,HGS-TV,52884.0,425399.7646341324
2070,HGS-TV,52884.0,425592.6115293503
2071,HGS-TV,52884.0,425851.84015488625
2072,HGS-TV,52884.0,425951.5377340317
2073,HGS-TV,52884.0,426012.08985972404
2074,HGS-TV,52884.0,426263.28485798836
2075,HGS-TV,52884.0,426323.4287688732
2076,HGS-TV,52884.0,426626.7399766445
2077,HGS-TV,52884.0,426687.51633119583
2078,HGS-TV,52884.0,426795.4213409424
2079,HGS-TV,52884.0,426855.48657751083
2080,HGS-TV,52884.0,427086.1581556797
2081,HGS-TV,52884.0,427146.9315652847
2082,HGS-TV,52884.0,427207.7097892761
2083,HGS-TV,52884.0,427347.56046032906
2084,HGS-TV,52884.0,427407.79161953926
2085,HGS-TV,52884.0,427468.08584451675
2086,HGS-TV,52884.0,427741.4318623543
2087,HGS-TV,52884.0,427825.45096874237
2088,HGS-TV,52884.0,427937.1738450527
2089,HGS-TV,52884.0,428005.1800932884
2090,ails2_etaMax1.000_stoppingTime1728000.00,53253.0,428107.3284570312
2091,ails2_etaMax1.000_stoppingTime1728000.00,53229.0,428112.78745703126
2092,HGS-TV,52884.0,428464.86275339127
2093,HGS-TV,52884.0,428759.8463509083
2094,HGS-TV,52884.0,428853.99687957764
2095,HGS-TV,52884.0,428914.37038087845
2096,HGS-TV,52884.0,428974.79582333565
2097,HGS-TV,52884.0,429447.73218631744
2098,HGS-TV,52884.0,429659.78935337067
2099,HGS-TV,52884.0,430255.04417181015
2100,HGS-TV,52884.0,430432.9224512577
2101,HGS-TV,52884.0,430493.1792433262
2102,HGS-TV,52884.0,430711.60725593567
2103,HGS-TV,52884.0,430787.5091996193
2104,HGS-TV,52884.0,430860.6648557186
2105,HGS-TV,52884.0,430983.68660116196
2106,HGS-TV,52884.0,431080.29748773575
2107,HGS-TV,52884.0,431204.963160038
2108,HGS-TV,52884.0,431265.4200115204
2109,HGS-TV,52884.0,431358.05341792107
2110,HGS-TV,52884.0,431498.8943219185
2111,HGS-TV,52884.0,431559.0419604778
2112,HGS-TV,52884.0,431619.1718096733
2113,HGS-TV,52884.0,431913.96582722664
2114,ails2_etaMax1.000_stoppingTime864000.00,52910.0,432796.89245703124
2115,ails2_etaMax1.000_stoppingTime864000.00,52908.0,432798.42245703127
2116,ails2_etaMax1.000_stoppingTime864000.00,52907.0,436126.16145703127
2117,ails2_etaMax1.000_stoppingTime864000.00,52904.0,436952.45745703124
2118,ails2_etaMax1.000_stoppingTime864000.00,52900.0,436955.71845703124
2119,ails2_etaMax1.000_stoppingTime864000.00,52899.0,441470.28345703124
2120,ails2_etaMax1.000_stoppingTime864000.00,52896.0,441503.67545703123
2121,ails2_etaMax1.000_stoppingTime864000.00,52895.0,456417.2804570313
2122,ails2_etaMax1.000_stoppingTime864000.00,52892.0,456420.4584570312
2123,ails2_etaMax1.000_stoppingTime864000.00,52891.0,459008.8344570313
2124,ails2_etaMax1.000_stoppingTime1728000.00,53225.0,460533.24645703123
2125,ails2_etaMax1.000_stoppingTime864000.00,52888.0,466500.05945703125
2126,ails2_etaMax1.000_stoppingTime1728000.00,53223.0,466511.56645703124
2127,ails2_etaMax1.000_stoppingTime864000.00,52885.0,466544.7904570312
2128,ails2_etaMax1.000_stoppingTime1728000.00,53209.0,466512.44745703123
2129,ails2_etaMax1.000_stoppingTime864000.00,52878.0,466567.13445703126
2130,ails2_etaMax1.000_stoppingTime1728000.00,53208.0,466836.3334570312
2131,ails2_etaMax1.000_stoppingTime1728000.00,53206.0,466837.2144570312
2132,filo2,52875.0,468092.1984510422
2133,HGS-TV,52871.0,468966.4593372345
2134,HGS-TV,52870.0,469332.7030439377
2135,HGS-TV,52869.0,469515.98730397224
2136,HGS-TV,52868.0,470359.0019352436
2137,HGS-TV,52867.0,470892.30813121796
2138,HGS-TV,52865.0,471473.1001303196
2139,HGS-TV,52863.0,471533.4827480316
2140,filo2,52862.0,471692.5287718773
2141,HGS-TV,52861.0,472194.1338162422
2142,HGS-TV,52860.0,473907.40983366966
2143,HGS-TV,52859.0,474513.42553019524
2144,ails2_etaMax1.000_stoppingTime864000.00,52877.0,475026.76045703125
2145,HGS-TV,52857.0,476734.70574116707
2146,ails2_etaMax1.000_stoppingTime864000.00,52876.0,486111.53345703124
2147,ails2_etaMax1.000_stoppingTime864000.00,52874.0,486119.23745703127
2148,HGS-TV,52856.0,487029.70593214035
2149,ails2_etaMax1.000_stoppingTime1728000.00,53203.0,488218.6324570312
2150,HGS-TV,52856.0,499204.4690167904
2151,HGS-TV,52856.0,499265.1689083576
2152,HGS-TV,52856.0,499340.44607686996
2153,HGS-TV,52856.0,499400.6582567692
2154,HGS-TV,52856.0,499461.7677824497
2155,HGS-TV,52856.0,499522.20283794403
2156,HGS-TV,52856.0,499582.6128709316
2157,HGS-TV,52856.0,499705.074485302
2158,HGS-TV,52856.0,499765.2499155998
2159,ails2_etaMax1.000_stoppingTime1728000.00,53201.0,500079.60945703124
2160,HGS-TV,52856.0,500278.3299732208
2161,HGS-TV,52856.0,500339.5780928135
2162,HGS-TV,52856.0,500433.44016861916
2163,HGS-TV,52856.0,500495.3045165539
2164,ails2_etaMax1.000_stoppingTime864000.00,52873.0,500712.5464570313
2165,HGS-TV,52856.0,500713.45908904076
2166,ails2_etaMax1.000_stoppingTime864000.00,52868.0,500770.36945703125
2167,HGS-TV,52856.0,501037.58934545517
2168,HGS-TV,52856.0,501471.66944527626
2169,HGS-TV,52856.0,501813.50338315964
2170,HGS-TV,52856.0,502043.5256357193
2171,HGS-TV,52856.0,502103.97995710373
2172,HGS-TV,52856.0,502299.7258620262
2173,HGS-TV,52856.0,502360.60323786736
2174,HGS-TV,52856.0,502468.04085564613
2175,HGS-TV,52856.0,502611.41472435
2176,HGS-TV,52856.0,502672.0434062481
2177,HGS-TV,52856.0,502732.4667761326
2178,HGS-TV,52856.0,502792.64815068245
2179,HGS-TV,52856.0,502852.8691620827
2180,HGS-TV,52856.0,503182.6258485317
2181,HGS-TV,52856.0,503341.48884010315
2182,HGS-TV,52856.0,503623.54308509827
2183,ails2_etaMax1.000_stoppingTime1728000.00,53189.0,503639.52845703124
2184,HGS-TV,52856.0,503685.40017938614
2185,ails2_etaMax1.000_stoppingTime1728000.00,53161.0,503644.02045703126
2186,HGS-TV,52856.0,503759.57532954216
2187,HGS-TV,52856.0,503911.57169532776
2188,HGS-TV,52856.0,503972.57523822784
2189,HGS-TV,52856.0,504282.0609292984
2190,HGS-TV,52856.0,504356.75994873047
2191,HGS-TV,52856.0,504717.61479496956
2192,HGS-TV,52856.0,504919.39346170425
2193,HGS-TV,52856.0,505007.81865262985
2194,HGS-TV,52856.0,505495.7616260052
2195,HGS-TV,52856.0,506093.8891201019
2196,HGS-TV,52856.0,506209.5493323803
2197,HGS-TV,52856.0,506269.6123743057
2198,HGS-TV,52856.0,506507.93450403214
2199,HGS-TV,52856.0,506746.8998565674
2200,HGS-TV,52856.0,506913.03923106194
2201,HGS-TV,52856.0,506973.94026374817
2202,HGS-TV,52856.0,507034.7116971016
2203,HGS-TV,52856.0,507095.3659698963
2204,HGS-TV,52856.0,507298.1701066494
2205,HGS-TV,52856.0,507358.5483472347
2206,HGS-TV,52856.0,507425.36963772774
2207,HGS-TV,52856.0,507485.66338324547
2208,HGS-TV,52856.0,507691.88480234146
2209,HGS-TV,52856.0,507826.20216059685
2210,HGS-TV,52856.0,507923.6769685745
2211,HGS-TV,52856.0,508324.0496864319
2212,HGS-TV,52856.0,508461.1398792267
2213,HGS-TV,52856.0,508521.6944434643
2214,HGS-TV,52856.0,508956.8047630787
2215,HGS-TV,52856.0,509056.88554263115
2216,HGS-TV,52856.0,509117.4001495838
2217,HGS-TV,52856.0,509178.0413854122
2218,HGS-TV,52856.0,509564.61757946014
2219,HGS-TV,52856.0,509830.30362057686
2220,HGS-TV,52856.0,509890.5239827633
2221,HGS-TV,52856.0,509986.86171889305
2222,HGS-TV,52856.0,510293.6059052944
2223,HGS-TV,52856.0,510405.62160658836
2224,HGS-TV,52856.0,510466.9550859928
2225,HGS-TV,52856.0,510822.01770186424
2226,HGS-TV,52856.0,510923.7476928234
2227,HGS-TV,52856.0,511301.03041028976
2228,HGS-TV,52856.0,511361.55699157715
2229,HGS-TV,52856.0,511429.67845511436
2230,HGS-TV,52856.0,511534.64216566086
2231,HGS-TV,52856.0,511770.9759287834
2232,HGS-TV,52856.0,511841.6686344147
2233,HGS-TV,52856.0,511915.57146525383
2234,HGS-TV,52856.0,512374.7417128086
2235,HGS-TV,52856.0,512435.3032810688
2236,HGS-TV,52856.0,512606.95366454124
2237,HGS-TV,52856.0,512670.329624176
2238,HGS-TV,52856.0,512730.704857111
2239,HGS-TV,52856.0,512855.09039092064
2240,HGS-TV,52856.0,512925.17531466484
2241,HGS-TV,52856.0,513190.41364216805
2242,HGS-TV,52856.0,513540.4630844593
2243,HGS-TV,52856.0,513600.53420233727
2244,HGS-TV,52856.0,513660.8365292549
2245,HGS-TV,52856.0,513850.177462101
2246,HGS-TV,52856.0,513910.606675148
2247,HGS-TV,52856.0,513997.0619878769
2248,HGS-TV,52856.0,514057.5206155777
2249,HGS-TV,52856.0,514651.94071650505
2250,HGS-TV,52856.0,514998.922219038
2251,HGS-TV,52856.0,515311.1772067547
2252,HGS-TV,52856.0,515371.2483365536
2253,HGS-TV,52856.0,515462.23357248306
2254,HGS-TV,52856.0,515587.48996281624
2255,HGS-TV,52856.0,515689.918125391
2256,HGS-TV,52856.0,515750.1185731888
2257,HGS-TV,52856.0,515810.4844658375
2258,HGS-TV,52856.0,515973.48680734634
2259,HGS-TV,52856.0,516158.2417471409
2260,HGS-TV,52856.0,516375.33908605576
2261,HGS-TV,52856.0,516435.7485766411
2262,HGS-TV,52856.0,516496.451076746
2263,HGS-TV,52856.0,516557.10995078087
2264,HGS-TV,52856.0,516793.8633439541
2265,HGS-TV,52856.0,517138.03904271126
2266,HGS-TV,52856.0,517198.1972272396
2267,HGS-TV,52856.0,517307.7232785225
2268,HGS-TV,52856.0,517368.76913166046
2269,HGS-TV,52856.0,517498.9468076229
2270,HGS-TV,52856.0,517718.16587233543
2271,HGS-TV,52856.0,518052.0698478222
2272,HGS-TV,52856.0,518201.66114997864
2273,HGS-TV,52856.0,518269.145182848
2274,HGS-TV,52856.0,518364.85647797585
2275,HGS-TV,52856.0,518508.5671868324
2276,HGS-TV,52856.0,518711.2425708771
2277,HGS-TV,52856.0,519344.4778225422
2278,HGS-TV,52856.0,519427.36404180527
2279,HGS-TV,52856.0,519488.160599947
2280,HGS-TV,52856.0,519700.5993578434
2281,HGS-TV,52856.0,519761.6519603729
2282,HGS-TV,52856.0,519916.6972646713
2283,HGS-TV,52856.0,519977.1717941761
2284,HGS-TV,52856.0,520253.21557569504
2285,HGS-TV,52856.0,520404.74444818497
2286,HGS-TV,52856.0,520661.71410536766
2287,HGS-TV,52856.0,520814.4650287628
2288,HGS-TV,52856.0,521271.29192090034
2289,HGS-TV,52856.0,521331.49505114555
2290,HGS-TV,52856.0,521466.898481369
2291,HGS-TV,52856.0,521572.2009267807
2292,ails2_etaMax1.000_stoppingTime1728000.00,53160.0,521649.56545703125
2293,ails2_etaMax1.000_stoppingTime1728000.00,53129.0,521655.48545703123
2294,HGS-TV,52856.0,521795.9036178589
2295,HGS-TV,52856.0,521856.2288329601
2296,HGS-TV,52856.0,522065.4571199417
2297,HGS-TV,52856.0,522325.2244505882
2298,HGS-TV,52856.0,522385.76689600945
2299,HGS-TV,52856.0,522445.83700084686
2300,HGS-TV,52856.0,522541.0030324459
2301,HGS-TV,52856.0,522633.7913441658
2302,HGS-TV,52856.0,523003.6312174797
2303,ails2_etaMax1.000_stoppingTime1728000.00,53122.0,523042.0944570312
2304,HGS-TV,52856.0,523063.7870693207
2305,HGS-TV,52856.0,523260.9607040882
2306,HGS-TV,52856.0,523345.4639649391
2307,HGS-TV,52856.0,523406.2323486805
2308,HGS-TV,52856.0,523840.36089396477
2309,HGS-TV,52856.0,524140.762598753
2310,HGS-TV,52856.0,524251.59392762184
2311,HGS-TV,52856.0,524311.7336502075
2312,HGS-TV,52856.0,524372.0789291859
2313,HGS-TV,52856.0,525008.962692976
2314,HGS-TV,52856.0,525069.1239516735
2315,HGS-TV,52856.0,525146.7326116562
2316,HGS-TV,52856.0,525358.2868285179
2317,HGS-TV,52856.0,526244.8262076378
2318,HGS-TV,52856.0,526471.4524056911
2319,HGS-TV,52856.0,526539.5804874897
2320,HGS-TV,52856.0,527048.1575813293
2321,HGS-TV,52856.0,527344.8175227642
2322,HGS-TV,52856.0,527449.8468472958
2323,HGS-TV,52856.0,527989.188085556
2324,HGS-TV,52856.0,528100.1837141514
2325,HGS-TV,52856.0,528371.5452964306
2326,HGS-TV,52856.0,528571.0831172466
2327,HGS-TV,52856.0,528688.7069532871
2328,HGS-TV,52856.0,528749.0480287075
2329,HGS-TV,52856.0,529007.1524984837
2330,HGS-TV,52856.0,529301.7444980145
2331,HGS-TV,52856.0,529604.0553629398
2332,HGS-TV,52856.0,529972.6614303589
2333,HGS-TV,52856.0,530329.1048252583
2334,HGS-TV,52856.0,530539.0258030891
2335,HGS-TV,52856.0,530905.4659090042
2336,HGS-TV,52856.0,531011.7532792091
2337,HGS-TV,52856.0,531127.8329985142
2338,HGS-TV,52856.0,531264.485332489
2339,HGS-TV,52856.0,531420.6683659554
2340,HGS-TV,52856.0,531679.7833285332
2341,HGS-TV,52856.0,531740.294400692
2342,HGS-TV,52856.0,532080.1819851398
2343,HGS-TV,52856.0,532413.9847857952
2344,HGS-TV,52856.0,532616.2085232735
2345,HGS-TV,52856.0,532837.0168731213
2346,HGS-TV,52856.0,533166.128154993
2347,HGS-TV,52856.0,533273.1204559803
2348,HGS-TV,52856.0,533419.8942029476
2349,HGS-TV,52856.0,533759.4982242584
2350,HGS-TV,52856.0,534342.3153221607
2351,HGS-TV,52856.0,534402.5778338909
2352,HGS-TV,52856.0,534484.4488987923
2353,HGS-TV,52856.0,534597.8267977238
2354,HGS-TV,52856.0,535143.3067302704
2355,HGS-TV,52856.0,535365.6252472401
2356,HGS-TV,52856.0,535540.155559063
2357,HGS-TV,52856.0,535741.2874007225
2358,HGS-TV,52856.0,536032.897433281
2359,HGS-TV,52856.0,536700.9070613384
2360,HGS-TV,52856.0,536963.3302407265
2361,HGS-TV,52856.0,537431.56893754
2362,HGS-TV,52856.0,537491.5749018192
2363,HGS-TV,52856.0,537628.89320755
2364,HGS-TV,52856.0,537703.6586661339
2365,HGS-TV,52856.0,537829.5317156315
2366,HGS-TV,52856.0,538058.8085315228
2367,HGS-TV,52856.0,538119.0554583073
2368,HGS-TV,52856.0,538468.8038015366
2369,HGS-TV,52856.0,539080.1214818954
2370,HGS-TV,52856.0,539233.560182333
2371,HGS-TV,52856.0,539397.5314071178
2372,HGS-TV,52856.0,541735.2010219097
2373,HGS-TV,52856.0,542511.5329024792
2374,HGS-TV,52856.0,542869.1258406639
2375,HGS-TV,52856.0,543245.6628990173
2376,HGS-TV,52856.0,544082.4706947803
2377,HGS-TV,52856.0,544680.6667656898
2378,HGS-TV,52856.0,545179.6583080292
2379,HGS-TV,52856.0,546617.9896492958
2380,HGS-TV,52856.0,548301.2113213539
2381,HGS-TV,52856.0,548370.6040132046
2382,HGS-TV,52856.0,548430.6086332798
2383,ails2_etaMax1.000_stoppingTime1728000.00,53119.0,548671.5744570312
2384,ails2_etaMax1.000_stoppingTime1728000.00,53102.0,548678.0334570312
2385,HGS-TV,52856.0,549435.8606574535
2386,ails2_etaMax1.000_stoppingTime864000.00,52867.0,553956.0874570312
2387,HGS-TV,52856.0,556862.8984725475
2388,HGS-TV,52856.0,556923.0280940533
2389,ails2_etaMax1.000_stoppingTime864000.00,52866.0,556974.9794570312
2390,HGS-TV,52856.0,557041.4481451511
2391,HGS-TV,52856.0,557500.1665461063
2392,HGS-TV,52856.0,557921.2791452408
2393,HGS-TV,52856.0,558373.8860478401
2394,HGS-TV,52856.0,558607.5400614738
2395,HGS-TV,52856.0,558744.055365324
2396,HGS-TV,52856.0,559424.7737920284
2397,HGS-TV,52856.0,560816.274528265
2398,HGS-TV,52856.0,563710.8691191673
2399,HGS-TV,52856.0,563871.1559448242
2400,HGS-TV,52856.0,566574.5166969299
2401,HGS-TV,52856.0,566846.1270391941
2402,ails2_etaMax1.000_stoppingTime864000.00,52865.0,569561.4014570313
2403,ails2_etaMax1.000_stoppingTime864000.00,52861.0,573427.3964570313
2404,ails2_etaMax1.000_stoppingTime864000.00,52860.0,573674.7714570313
2405,ails2_etaMax1.000_stoppingTime864000.00,52859.0,574506.3454570313
2406,HGS-TV,52856.0,578935.7022514343
2407,HGS-TV,52856.0,578997.2768681049
2408,HGS-TV,52856.0,579058.0296804905
2409,HGS-TV,52856.0,579481.6495201588
2410,HGS-TV,52856.0,579710.2097387314
2411,HGS-TV,52856.0,579818.7405631542
2412,HGS-TV,52856.0,579896.3227849007
2413,HGS-TV,52856.0,580064.3386669159
2414,HGS-TV,52856.0,580307.1801970005
2415,HGS-TV,52856.0,580367.259203434
2416,HGS-TV,52856.0,580428.1971755028
2417,HGS-TV,52856.0,580630.6233844757
2418,HGS-TV,52856.0,580884.9842908382
2419,HGS-TV,52856.0,581038.0247106552
2420,HGS-TV,52856.0,581331.4885361195
2421,HGS-TV,52856.0,581471.5023598671
2422,HGS-TV,52856.0,581531.7285037041
2423,HGS-TV,52856.0,581682.1769025326
2424,HGS-TV,52856.0,582706.3429818153
2425,HGS-TV,52856.0,582767.4925777912
2426,HGS-TV,52856.0,583412.9667265415
2427,HGS-TV,52856.0,583584.8307180405
2428,HGS-TV,52856.0,584375.4823040962
2429,HGS-TV,52856.0,584526.2883777618
2430,HGS-TV,52856.0,584656.6144428253
2431,HGS-TV,52856.0,585027.7288637161
2432,HGS-TV,52856.0,585157.7682013512
2433,HGS-TV,52856.0,585218.5182797909
2434,HGS-TV,52856.0,585499.1320743561
2435,HGS-TV,52856.0,585559.3950462341
2436,HGS-TV,52856.0,585755.6142416
2437,HGS-TV,52856.0,585816.625585556
2438,HGS-TV,52856.0,586223.4937210083
2439,HGS-TV,52856.0,586283.7016334534
2440,HGS-TV,52856.0,586421.0190253258
2441,HGS-TV,52856.0,586598.876793623
2442,HGS-TV,52856.0,586879.690448761
2443,HGS-TV,52856.0,587101.6276345253
2444,HGS-TV,52856.0,587240.1423351765
2445,HGS-TV,52856.0,587420.7436153889
2446,HGS-TV,52856.0,587480.9482619762
2447,HGS-TV,52856.0,587540.987903595
2448,HGS-TV,52856.0,587601.4163241386
2449,HGS-TV,52856.0,587898.3662493229
2450,HGS-TV,52856.0,587959.0160834789
2451,HGS-TV,52856.0,588019.5056891441
2452,HGS-TV,52856.0,588079.6781928539
2453,HGS-TV,52856.0,588209.7477853298
2454,HGS-TV,52856.0,588366.3947262764
2455,HGS-TV,52856.0,588897.9258167744
2456,HGS-TV,52856.0,588959.0796101093
2457,HGS-TV,52856.0,589197.5125620365
2458,HGS-TV,52856.0,589456.1791687012
2459,HGS-TV,52856.0,589566.1326775551
2460,HGS-TV,52856.0,589736.5871319771
2461,HGS-TV,52856.0,589796.6980698109
2462,HGS-TV,52856.0,589856.9735226631
2463,HGS-TV,52856.0,590044.3936285973
2464,HGS-TV,52856.0,590190.2994143963
2465,HGS-TV,52856.0,590624.0464749336
2466,HGS-TV,52856.0,590684.332734108
2467,HGS-TV,52856.0,590807.1259634495
2468,HGS-TV,52856.0,590917.7243738174
2469,HGS-TV,52856.0,590977.728302002
2470,HGS-TV,52856.0,591037.9669239521
2471,HGS-TV,52856.0,591136.3366527557
2472,HGS-TV,52856.0,591196.9932777882
2473,HGS-TV,52856.0,591259.9950649738
2474,HGS-TV,52856.0,591388.5339474678
2475,HGS-TV,52856.0,591448.5627024174
2476,HGS-TV,52856.0,591674.7349917889
2477,HGS-TV,52856.0,591768.6982905865
2478,HGS-TV,52856.0,591829.4662303925
2479,HGS-TV,52856.0,591968.6058926582
2480,HGS-TV,52856.0,592028.7378733158
2481,HGS-TV,52856.0,592089.0083427429
2482,HGS-TV,52856.0,592273.4425373077
2483,HGS-TV,52856.0,592447.0411264896
2484,HGS-TV,52856.0,592507.5748744011
2485,HGS-TV,52856.0,592680.430334568
2486,HGS-TV,52856.0,592741.1324748993
2487,HGS-TV,52856.0,592882.8977334499
2488,HGS-TV,52856.0,593144.8547205925
2489,HGS-TV,52856.0,593205.439419508
2490,HGS-TV,52856.0,593265.8684885502
2491,HGS-TV,52856.0,593326.6030509472
2492,HGS-TV,52856.0,593412.2385220528
2493,HGS-TV,52856.0,593473.5947346687
2494,HGS-TV,52856.0,593824.6164758205
2495,HGS-TV,52856.0,594228.1654222012
2496,HGS-TV,52856.0,594288.6737561226
2497,HGS-TV,52856.0,594348.7537734509
2498,HGS-TV,52856.0,594919.1029384136
2499,HGS-TV,52856.0,594983.2956597805
2500,HGS-TV,52856.0,595096.7081477642
2501,HGS-TV,52856.0,595157.0152235031
2502,HGS-TV,52856.0,595463.1765670776
2503,HGS-TV,52856.0,595682.5905644894
2504,HGS-TV,52856.0,595828.31737566
2505,HGS-TV,52856.0,596074.5080502033
2506,HGS-TV,52856.0,596285.1464412212
2507,HGS-TV,52856.0,596968.6575205326
2508,HGS-TV,52856.0,597029.4310467243
2509,HGS-TV,52856.0,597322.359869957
2510,HGS-TV,52856.0,597382.3852837086
2511,HGS-TV,52856.0,597586.8663015366
2512,HGS-TV,52856.0,597647.1796965599
2513,HGS-TV,52856.0,597707.5118780136
2514,HGS-TV,52856.0,597767.9714179039
2515,HGS-TV,52856.0,597942.6139249802
2516,HGS-TV,52856.0,598019.3790986538
2517,ails2_etaMax1.000_stoppingTime1728000.00,53093.0,598282.2034570313
2518,HGS-TV,52856.0,598430.5751328468
2519,HGS-TV,52856.0,598840.6563289165
2520,HGS-TV,52856.0,598966.3826503754
2521,HGS-TV,52856.0,599026.8357818127
2522,HGS-TV,52856.0,599086.878693819
2523,HGS-TV,52856.0,599349.2641556263
2524,HGS-TV,52856.0,599467.3926432133
2525,HGS-TV,52856.0,599545.0392878056
2526,HGS-TV,52856.0,599640.5610537529
2527,HGS-TV,52856.0,600002.5492675304
2528,HGS-TV,52856.0,600177.4622056484
2529,HGS-TV,52856.0,600451.1507434845
2530,HGS-TV,52856.0,600540.2696230412
2531,HGS-TV,52856.0,600601.2624909878
2532,HGS-TV,52856.0,600661.9099972248
2533,HGS-TV,52856.0,600839.962638855
2534,HGS-TV,52856.0,600900.515920639
2535,HGS-TV,52856.0,601116.5298082829
2536,HGS-TV,52856.0,601356.6290154457
2537,HGS-TV,52856.0,601607.5636978149
2538,HGS-TV,52856.0,602624.4701929092
2539,HGS-TV,52856.0,602835.9170145988
2540,HGS-TV,52856.0,602974.804164648
2541,HGS-TV,52856.0,603035.2388224602
2542,ails2_etaMax1.000_stoppingTime1728000.00,53091.0,603299.8164570313
2543,HGS-TV,52856.0,603405.6675651073
2544,HGS-TV,52856.0,603501.6042175293
2545,ails2_etaMax1.000_stoppingTime1728000.00,53087.0,603538.9854570313
2546,ails2_etaMax1.000_stoppingTime1728000.00,53085.0,603539.4774570313
2547,HGS-TV,52856.0,603607.0075895786
2548,HGS-TV,52856.0,603667.6465725899
2549,HGS-TV,52856.0,603728.5792262554
2550,HGS-TV,52856.0,603828.8286669254
2551,HGS-TV,52856.0,604053.1725139618
2552,HGS-TV,52856.0,604324.6516013145
2553,HGS-TV,52856.0,604385.4128258228
2554,HGS-TV,52856.0,604783.915781498
2555,HGS-TV,52856.0,604844.2946097851
2556,HGS-TV,52856.0,605394.367307663
2557,ails2_etaMax1.000_stoppingTime1728000.00,53084.0,605432.9164570313
2558,HGS-TV,52856.0,605454.4869599342
2559,ails2_etaMax1.000_stoppingTime1728000.00,53070.0,605434.0164570312
2560,HGS-TV,52856.0,605515.0901224613
2561,HGS-TV,52856.0,605732.923946619
2562,HGS-TV,52856.0,605792.9900996685
2563,HGS-TV,52856.0,605853.175178051
2564,HGS-TV,52856.0,605970.6273736954
2565,HGS-TV,52856.0,606030.7373256683
2566,HGS-TV,52856.0,606116.8746600151
2567,HGS-TV,52856.0,606425.1677348614
2568,HGS-TV,52856.0,606485.5684382915
2569,HGS-TV,52856.0,606797.0904364586
2570,HGS-TV,52856.0,606857.3849096298
2571,HGS-TV,52856.0,606917.712089777
2572,HGS-TV,52856.0,607245.6071629524
2573,HGS-TV,52856.0,608458.7119889259
2574,HGS-TV,52856.0,608519.4209964275
2575,HGS-TV,52856.0,608579.4538021088
2576,HGS-TV,52856.0,608646.6897530556
2577,HGS-TV,52856.0,608706.9459044933
2578,ails2_etaMax1.000_stoppingTime1728000.00,53067.0,608799.3004570312
2579,HGS-TV,52856.0,608903.1036596298
2580,HGS-TV,52856.0,608977.080165863
2581,HGS-TV,52856.0,609065.6451318264
2582,HGS-TV,52856.0,609223.985896349
2583,HGS-TV,52856.0,609454.9887788296
2584,HGS-TV,52856.0,609669.7922589779
2585,HGS-TV,52856.0,610576.215282917
2586,HGS-TV,52856.0,610850.897752285
2587,HGS-TV,52856.0,610991.1879272461
2588,HGS-TV,52856.0,611114.5065188408
2589,HGS-TV,52856.0,611446.5995264053
2590,HGS-TV,52856.0,611616.9171760082
2591,HGS-TV,52856.0,612145.5361955166
2592,HGS-TV,52856.0,612253.3397531509
2593,HGS-TV,52856.0,612593.7785685062
2594,HGS-TV,52856.0,612753.2218413353
2595,HGS-TV,52856.0,612884.1128985882
2596,HGS-TV,52856.0,613050.4798605442
2597,HGS-TV,52856.0,613432.5681777
2598,HGS-TV,52856.0,613493.0652856827
2599,HGS-TV,52856.0,613738.4987692833
2600,HGS-TV,52856.0,613827.0806629658
2601,HGS-TV,52856.0,613892.7886841297
2602,HGS-TV,52856.0,613968.3851935863
2603,HGS-TV,52856.0,614066.9823191166
2604,HGS-TV,52856.0,614127.274813652
2605,HGS-TV,52856.0,614356.2612600327
2606,HGS-TV,52856.0,614484.522036314
2607,HGS-TV,52856.0,614585.573012352
2608,HGS-TV,52856.0,614881.0332570076
2609,HGS-TV,52856.0,614941.1074399948
2610,HGS-TV,52856.0,615509.4094440937
2611,HGS-TV,52856.0,615851.6017467976
2612,HGS-TV,52856.0,615948.9133703709
2613,HGS-TV,52856.0,616008.970621109
2614,HGS-TV,52856.0,616167.9530277252
2615,HGS-TV,52856.0,616359.3741409779
2616,HGS-TV,52856.0,616514.5922963619
2617,HGS-TV,52856.0,616628.4544401169
2618,ails2_etaMax1.000_stoppingTime1728000.00,53064.0,616722.6494570313
2619,HGS-TV,52856.0,617279.7685403824
2620,HGS-TV,52856.0,617498.6737782955
2621,HGS-TV,52856.0,617627.9507098198
2622,HGS-TV,52856.0,617754.532797575
2623,HGS-TV,52856.0,618070.0343661308
2624,HGS-TV,52856.0,618248.7516658306
2625,HGS-TV,52856.0,618519.7152981758
2626,HGS-TV,52856.0,618793.7826578617
2627,HGS-TV,52856.0,618938.1962068081
2628,HGS-TV,52856.0,619202.8234024048
2629,HGS-TV,52856.0,619312.3536326885
2630,HGS-TV,52856.0,619696.3221187592
2631,HGS-TV,52856.0,619819.771312952
2632,HGS-TV,52856.0,619947.2360489368
2633,HGS-TV,52856.0,620358.981947422
2634,HGS-TV,52856.0,620547.7983808517
2635,HGS-TV,52856.0,620702.3182640076
2636,HGS-TV,52856.0,621045.3023109436
2637,HGS-TV,52856.0,621218.4488563538
2638,HGS-TV,52856.0,621323.3458247185
2639,HGS-TV,52856.0,621383.7438817024
2640,HGS-TV,52856.0,621618.9988503456
2641,HGS-TV,52856.0,622026.8609161377
2642,HGS-TV,52856.0,622293.1843953133
2643,HGS-TV,52856.0,622526.424880743
2644,HGS-TV,52856.0,622645.8472898006
2645,HGS-TV,52856.0,622707.8672480583
2646,HGS-TV,52856.0,623161.1246681213
2647,HGS-TV,52856.0,623407.6258120537
2648,HGS-TV,52856.0,623913.8492500782
2649,HGS-TV,52856.0,624220.7446448803
2650,HGS-TV,52856.0,624820.5575630665
2651,HGS-TV,52856.0,624895.097022295
2652,HGS-TV,52856.0,625240.4669158459
2653,HGS-TV,52856.0,625529.1250605583
2654,HGS-TV,52856.0,628272.0808329582
2655,ails2_etaMax1.000_stoppingTime1728000.00,53063.0,628585.7054570313
2656,ails2_etaMax1.000_stoppingTime1728000.00,53061.0,628586.0914570312
2657,ails2_etaMax1.000_stoppingTime1728000.00,53060.0,629063.5954570313
2658,ails2_etaMax1.000_stoppingTime1728000.00,53048.0,629064.2724570313
2659,HGS-TV,52856.0,629473.7458093166
2660,HGS-TV,52856.0,629539.8267452717
2661,HGS-TV,52856.0,629600.3234431744
2662,HGS-TV,52856.0,629944.869232893
2663,HGS-TV,52856.0,630517.4405295849
2664,HGS-TV,52856.0,631423.5876393318
2665,HGS-TV,52856.0,631722.4125521183
2666,HGS-TV,52856.0,632038.4932808876
2667,HGS-TV,52856.0,632879.9865174294
2668,HGS-TV,52856.0,633887.613399744
2669,HGS-TV,52856.0,635535.2703716755
2670,HGS-TV,52856.0,638295.3996224403
2671,HGS-TV,52856.0,638436.5599768162
2672,HGS-TV,52856.0,641059.7550060749
2673,ails2_etaMax1.000_stoppingTime1728000.00,53046.0,648155.4224570312
2674,HGS-TV,52856.0,653583.3542752266
2675,HGS-TV,52856.0,653643.9869353771
2676,HGS-TV,52856.0,653705.6775741577
2677,HGS-TV,52856.0,653765.7677721977
2678,HGS-TV,52856.0,653893.7545368671
2679,HGS-TV,52856.0,653995.6662380695
2680,HGS-TV,52856.0,654080.9964859486
2681,HGS-TV,52856.0,654205.8866400719
2682,HGS-TV,52856.0,654266.5371336937
2683,HGS-TV,52856.0,654644.9484803677
2684,HGS-TV,52856.0,654705.0149350166
2685,HGS-TV,52856.0,654884.508102417
2686,HGS-TV,52856.0,655024.1175322533
2687,HGS-TV,52856.0,655445.0327115059
2688,HGS-TV,52856.0,655558.031847477
2689,HGS-TV,52856.0,655798.8659527302
2690,ails2_etaMax1.000_stoppingTime1728000.00,53045.0,655976.5614570313
2691,HGS-TV,52856.0,656296.9263443947
2692,HGS-TV,52856.0,656443.5180313587
2693,HGS-TV,52856.0,657116.3036463261
2694,HGS-TV,52856.0,657748.0716898441
2695,HGS-TV,52856.0,657858.4258573055
2696,HGS-TV,52856.0,657920.5059142113
2697,HGS-TV,52856.0,657980.7967960835
2698,HGS-TV,52856.0,658098.2438719273
2699,HGS-TV,52856.0,658158.5256972313
2700,HGS-TV,52856.0,658218.5290966034
2701,HGS-TV,52856.0,658469.9198179245
2702,HGS-TV,52856.0,658791.3065209389
2703,HGS-TV,52856.0,658878.2378425598
2704,HGS-TV,52856.0,658938.3633987904
2705,HGS-TV,52856.0,659143.5117371082
2706,HGS-TV,52856.0,659271.799921751
2707,HGS-TV,52856.0,659401.2115893364
2708,ails2_etaMax1.000_stoppingTime1728000.00,53044.0,659523.5804570313
2709,ails2_etaMax1.000_stoppingTime1728000.00,53037.0,659525.9694570312
2710,HGS-TV,52856.0,659686.0059709549
2711,HGS-TV,52856.0,660009.7500669956
2712,HGS-TV,52856.0,660100.6321947575
2713,HGS-TV,52856.0,660654.448786974
2714,HGS-TV,52856.0,660965.6006262302
2715,HGS-TV,52856.0,661410.1281354427
2716,HGS-TV,52856.0,661658.153935194
2717,HGS-TV,52856.0,661729.1049704552
2718,HGS-TV,52856.0,661892.0834465027
2719,HGS-TV,52856.0,661952.4544169903
2720,HGS-TV,52856.0,662195.1506681442
2721,HGS-TV,52856.0,662294.5433695316
2722,HGS-TV,52856.0,662389.2436621189
2723,HGS-TV,52856.0,662450.4601056576
2724,HGS-TV,52856.0,662578.2107026577
2725,HGS-TV,52856.0,662895.0415439606
2726,HGS-TV,52856.0,663050.631393671
2727,HGS-TV,52856.0,663228.7559814453
2728,ails2_etaMax1.000_stoppingTime1728000.00,53032.0,663351.3394570312
2729,ails2_etaMax1.000_stoppingTime1728000.00,53028.0,663351.6274570313
2730,HGS-TV,52856.0,663594.8350651264
2731,HGS-TV,52856.0,663655.1210846901
2732,HGS-TV,52856.0,663715.2368047237
2733,HGS-TV,52856.0,663967.6878490448
2734,HGS-TV,52856.0,664051.7842445374
2735,HGS-TV,52856.0,664193.383058548
2736,HGS-TV,52856.0,664253.8374683857
2737,HGS-TV,52856.0,664550.6423580647
2738,HGS-TV,52856.0,665456.3998198509
2739,HGS-TV,52856.0,665745.4061880112
2740,HGS-TV,52856.0,666000.3385076523
2741,HGS-TV,52856.0,666290.4412579536
2742,HGS-TV,52856.0,666350.6669783592
2743,HGS-TV,52856.0,666598.8487539291
2744,HGS-TV,52856.0,666733.1530046463
2745,HGS-TV,52856.0,666793.3061521053
2746,HGS-TV,52856.0,666854.0421128273
2747,HGS-TV,52856.0,666914.4105465412
2748,HGS-TV,52856.0,667086.0912089348
2749,HGS-TV,52856.0,667146.5113964081
2750,HGS-TV,52856.0,667207.6225728989
2751,HGS-TV,52856.0,667366.156869173
2752,HGS-TV,52856.0,667547.9890956879
2753,HGS-TV,52856.0,667682.7531337738
2754,HGS-TV,52856.0,668052.8865177631
2755,HGS-TV,52856.0,668196.3333213329
2756,HGS-TV,52856.0,668271.285636425
2757,HGS-TV,52856.0,668486.9058885574
2758,HGS-TV,52856.0,668547.1423735619
2759,HGS-TV,52856.0,668607.6882076263
2760,HGS-TV,52856.0,669027.7304904461
2761,HGS-TV,52856.0,669088.3857080936
2762,HGS-TV,52856.0,669148.4541325569
2763,HGS-TV,52856.0,669213.8698420525
2764,HGS-TV,52856.0,669673.0857551098
2765,HGS-TV,52856.0,669733.2553186417
2766,HGS-TV,52856.0,669886.411596775
2767,HGS-TV,52856.0,670178.4024238586
2768,HGS-TV,52856.0,670262.4291961193
2769,HGS-TV,52856.0,670322.6659784317
2770,HGS-TV,52856.0,670394.6646499634
2771,HGS-TV,52856.0,670454.829431057
2772,HGS-TV,52856.0,670784.3578047752
2773,HGS-TV,52856.0,670997.1885216236
2774,HGS-TV,52856.0,671567.4154980183
2775,HGS-TV,52856.0,671670.4621119499
2776,HGS-TV,52856.0,671739.4624729156
2777,HGS-TV,52856.0,671878.2894656658
2778,HGS-TV,52856.0,672214.3089334965
2779,HGS-TV,52856.0,672368.505866766
2780,HGS-TV,52856.0,672535.5838968754
2781,HGS-TV,52856.0,672734.5185375214
2782,HGS-TV,52856.0,673002.5478234291
2783,HGS-TV,52856.0,673138.2830383778
2784,HGS-TV,52856.0,673544.911293745
2785,HGS-TV,52856.0,673729.5933256149
2786,HGS-TV,52856.0,673943.5106184483
2787,HGS-TV,52856.0,674089.2072045803
2788,HGS-TV,52856.0,674259.0257136822
2789,HGS-TV,52856.0,674669.7210686207
2790,HGS-TV,52856.0,675113.1209952831
2791,HGS-TV,52856.0,675207.8332192898
2792,HGS-TV,52856.0,675267.9126121998
2793,HGS-TV,52856.0,675394.908577919
2794,HGS-TV,52856.0,675455.3032400608
2795,HGS-TV,52856.0,675591.0017642975
2796,HGS-TV,52856.0,675714.2956888676
2797,HGS-TV,52856.0,675808.4802453518
2798,HGS-TV,52856.0,675932.0749993324
2799,HGS-TV,52856.0,675992.5840389729
2800,HGS-TV,52856.0,676052.8984684944
2801,HGS-TV,52856.0,676304.6912515163
2802,HGS-TV,52856.0,676364.7907516956
2803,HGS-TV,52856.0,676424.8815333843
2804,HGS-TV,52856.0,676485.274497509
2805,HGS-TV,52856.0,676545.3342626095
2806,ails2_etaMax1.000_stoppingTime1728000.00,53026.0,676806.5354570312
2807,HGS-TV,52856.0,676811.3287639618
2808,HGS-TV,52856.0,676871.5161414146
2809,HGS-TV,52856.0,676932.1220836639
2810,HGS-TV,52856.0,677127.8700580597
2811,HGS-TV,52856.0,677188.2417428493
2812,HGS-TV,52856.0,677520.2933850288
2813,HGS-TV,52856.0,677583.2238283157
2814,HGS-TV,52856.0,677643.2459290028
2815,HGS-TV,52856.0,677871.4463169575
2816,HGS-TV,52856.0,677931.8708600998
2817,HGS-TV,52856.0,678155.1490297318
2818,HGS-TV,52856.0,678257.9640750885
2819,HGS-TV,52856.0,678591.9867324829
2820,HGS-TV,52856.0,678705.8556063175
2821,HGS-TV,52856.0,678843.6285097599
2822,HGS-TV,52856.0,678929.4654028416
2823,ails2_etaMax1.000_stoppingTime1728000.00,53024.0,679050.2934570312
2824,HGS-TV,52856.0,679358.6840996742
2825,HGS-TV,52856.0,679463.3242406845
2826,HGS-TV,52856.0,679524.088552475
2827,HGS-TV,52856.0,679597.5510382652
2828,HGS-TV,52856.0,679732.6293985844
2829,HGS-TV,52856.0,679908.3547081947
2830,HGS-TV,52856.0,679968.6326134205
2831,HGS-TV,52856.0,680066.3615341187
2832,HGS-TV,52856.0,680173.7811551094
2833,HGS-TV,52856.0,680358.4175589085
2834,HGS-TV,52856.0,680418.4977180958
2835,HGS-TV,52856.0,680478.9560024738
2836,HGS-TV,52856.0,680637.6647982597
2837,HGS-TV,52856.0,680715.4305772781
2838,HGS-TV,52856.0,680869.6915280819
2839,HGS-TV,52856.0,680930.1304807663
2840,HGS-TV,52856.0,681094.694201231
2841,HGS-TV,52856.0,681154.8215851784
2842,HGS-TV,52856.0,681214.8973305225
2843,HGS-TV,52856.0,681275.1483290195
2844,HGS-TV,52856.0,681344.8248784542
2845,HGS-TV,52856.0,681595.0762515068
2846,HGS-TV,52856.0,681655.5373928547
2847,HGS-TV,52856.0,681818.985178709
2848,HGS-TV,52856.0,681897.4097692966
2849,HGS-TV,52856.0,681957.9051172733
2850,HGS-TV,52856.0,682448.2087755203
2851,HGS-TV,52856.0,682508.541213274
2852,HGS-TV,52856.0,682810.753515482
2853,HGS-TV,52856.0,683225.0901246071
2854,HGS-TV,52856.0,683318.9459531307
2855,HGS-TV,52856.0,683379.3807587624
2856,HGS-TV,52856.0,683599.2829685211
2857,HGS-TV,52856.0,683737.0763471127
2858,HGS-TV,52856.0,683797.8124694824
2859,HGS-TV,52856.0,684218.7866368294
2860,HGS-TV,52856.0,684491.7912466526
2861,HGS-TV,52856.0,684671.4987952709
2862,HGS-TV,52856.0,684734.4771664143
2863,HGS-TV,52856.0,685057.1511178017
2864,HGS-TV,52856.0,685306.640512228
2865,HGS-TV,52856.0,685484.245446682
2866,HGS-TV,52856.0,685545.0563046932
2867,HGS-TV,52856.0,685805.631655693
2868,HGS-TV,52856.0,686006.4535245895
2869,HGS-TV,52856.0,686255.7867431641
2870,HGS-TV,52856.0,686404.5703496933
2871,HGS-TV,52856.0,686615.2763447762
2872,HGS-TV,52856.0,686825.7196302414
2873,HGS-TV,52856.0,687233.8237121105
2874,HGS-TV,52856.0,687553.7172555923
2875,HGS-TV,52856.0,687626.9833827019
2876,HGS-TV,52856.0,687764.036261797
2877,HGS-TV,52856.0,688314.806951046
2878,HGS-TV,52856.0,688544.4805848598
2879,HGS-TV,52856.0,688604.6550061703
2880,HGS-TV,52856.0,688807.2574746609
2881,HGS-TV,52856.0,688867.4237058163
2882,HGS-TV,52856.0,688964.7530286312
2883,HGS-TV,52856.0,689024.770493269
2884,HGS-TV,52856.0,689318.9125301838
2885,HGS-TV,52856.0,689437.7207171917
2886,HGS-TV,52856.0,689669.374341011
2887,HGS-TV,52856.0,689729.5613000393
2888,HGS-TV,52856.0,690167.4372355938
2889,HGS-TV,52856.0,690507.3817405701
2890,HGS-TV,52856.0,691216.0682833195
2891,HGS-TV,52856.0,691285.0921328068
2892,HGS-TV,52856.0,693194.3097515106
2893,ails2_etaMax1.000_stoppingTime1728000.00,53023.0,693935.6734570313
2894,ails2_etaMax1.000_stoppingTime1728000.00,53010.0,693953.9134570312
2895,HGS-TV,52856.0,696699.862101078
2896,HGS-TV,52856.0,696827.4278166294
2897,HGS-TV,52856.0,698456.385340929
2898,HGS-TV,52856.0,698568.4089288712
2899,HGS-TV,52856.0,698642.8460459709
2900,HGS-TV,52856.0,698850.6541161537
2901,HGS-TV,52856.0,700011.2060325146
2902,HGS-TV,52856.0,700245.3346762657
2903,HGS-TV,52856.0,700616.928684473
2904,HGS-TV,52856.0,700677.6456487179
2905,HGS-TV,52856.0,701345.137414217
2906,HGS-TV,52856.0,702440.8283157349
2907,HGS-TV,52856.0,702946.9231369495
2908,HGS-TV,52856.0,703271.5882673264
2909,HGS-TV,52856.0,703331.856664896
2910,HGS-TV,52856.0,703919.2603771687
2911,HGS-TV,52856.0,705949.2182331085
2912,HGS-TV,52856.0,707068.0353171825
2913,HGS-TV,52856.0,707436.8179759979
2914,HGS-TV,52856.0,707744.9975605011
2915,HGS-TV,52856.0,707805.341501236
2916,HGS-TV,52856.0,707907.6667706966
2917,ails2_etaMax1.000_stoppingTime1728000.00,53004.0,708342.3494570312
2918,ails2_etaMax1.000_stoppingTime1728000.00,52992.0,708344.1504570312
2919,HGS-TV,52856.0,708989.1767847538
2920,HGS-TV,52856.0,715008.557382822
2921,HGS-TV,52856.0,715133.8934485912
2922,HGS-TV,52856.0,716567.7679355145
2923,HGS-TV,52856.0,716910.3871309757
2924,HGS-TV,52856.0,719556.4470765591
2925,HGS-TV,52856.0,720395.9722306728
2926,HGS-TV,52856.0,724673.1345221996
2927,HGS-TV,52856.0,726457.4208405018
2928,ails2_etaMax1.000_stoppingTime1728000.00,52990.0,727329.5664570313
2929,ails2_etaMax1.000_stoppingTime1728000.00,52988.0,727329.6944570312
2930,HGS-TV,52856.0,729972.2053697109
2931,HGS-TV,52856.0,743088.7399077415
2932,HGS-TV,52856.0,743156.640938282
2933,HGS-TV,52856.0,743228.5395867825
2934,HGS-TV,52856.0,743289.929459095
2935,HGS-TV,52856.0,743388.9735107422
2936,HGS-TV,52856.0,743787.8010487556
2937,HGS-TV,52856.0,743878.1595132351
2938,ails2_etaMax1.000_stoppingTime1728000.00,52983.0,744133.6974570312
2939,HGS-TV,52856.0,744153.2782008648
2940,HGS-TV,52856.0,744213.3395833969
2941,HGS-TV,52856.0,744290.8443648815
2942,HGS-TV,52856.0,744479.9372394085
2943,HGS-TV,52856.0,744704.8131127357
2944,HGS-TV,52856.0,744785.9081888199
2945,HGS-TV,52856.0,745070.9853954315
2946,HGS-TV,52856.0,745131.581499815
2947,HGS-TV,52856.0,745562.8915467262
2948,HGS-TV,52856.0,745958.0109283924
2949,HGS-TV,52856.0,746072.9889705181
2950,HGS-TV,52856.0,746133.6691515446
2951,HGS-TV,52856.0,746194.2614905834
2952,HGS-TV,52856.0,746494.8710999489
2953,HGS-TV,52856.0,746610.2726354599
2954,HGS-TV,52856.0,746862.1307456493
2955,HGS-TV,52856.0,746922.7376585007
2956,HGS-TV,52856.0,747000.3866431713
2957,HGS-TV,52856.0,747259.5515785217
2958,HGS-TV,52856.0,747497.2111546993
2959,HGS-TV,52856.0,747557.8947405815
2960,ails2_etaMax1.000_stoppingTime1728000.00,52982.0,747686.7624570313
2961,HGS-TV,52856.0,747821.6443281174
2962,HGS-TV,52856.0,748075.1217684746
2963,HGS-TV,52856.0,748225.9538538456
2964,HGS-TV,52856.0,748306.200056076
2965,HGS-TV,52856.0,748465.5368072987
2966,HGS-TV,52856.0,748541.8442349434
2967,HGS-TV,52856.0,748895.765455246
2968,HGS-TV,52856.0,748957.4161610603
2969,HGS-TV,52856.0,749276.1539485455
2970,HGS-TV,52856.0,749548.6094548702
2971,HGS-TV,52856.0,749652.7552666664
2972,HGS-TV,52856.0,750192.9412202835
2973,HGS-TV,52856.0,750253.2808206081
2974,HGS-TV,52856.0,750314.2276251316
2975,HGS-TV,52856.0,750374.5294108391
2976,HGS-TV,52856.0,750434.648828268
2977,HGS-TV,52856.0,750632.662671566
2978,HGS-TV,52856.0,751038.7759039402
2979,HGS-TV,52856.0,751109.4704840183
2980,HGS-TV,52856.0,751170.0312604904
2981,HGS-TV,52856.0,751473.272538662
2982,HGS-TV,52856.0,751759.7687420845
2983,HGS-TV,52856.0,752232.23782897
2984,HGS-TV,52856.0,752495.6909120083
2985,HGS-TV,52856.0,752815.5019173622
2986,HGS-TV,52856.0,753282.932185173
2987,HGS-TV,52856.0,753449.86064744
2988,HGS-TV,52856.0,753652.9684717655
2989,HGS-TV,52856.0,753957.3234219551
2990,HGS-TV,52856.0,754319.5902109146
2991,HGS-TV,52856.0,754380.0519788265
2992,HGS-TV,52856.0,754527.883960247
2993,HGS-TV,52856.0,754588.390721798
2994,HGS-TV,52856.0,754759.5854468346
2995,HGS-TV,52856.0,754820.0341625214
2996,HGS-TV,52856.0,754906.3748290539
2997,HGS-TV,52856.0,754967.3619441986
2998,HGS-TV,52856.0,755416.4514584541
2999,HGS-TV,52856.0,755477.4680559635
3000,HGS-TV,52856.0,755697.8254644871
3001,HGS-TV,52856.0,756153.2513465881
3002,HGS-TV,52856.0,756362.3428156376
3003,HGS-TV,52856.0,756560.822813034
3004,HGS-TV,52856.0,756642.5374350548
3005,HGS-TV,52856.0,756704.1775255203
3006,HGS-TV,52856.0,756775.9773700237
3007,HGS-TV,52856.0,757007.8552589417
3008,HGS-TV,52856.0,757067.9858417511
3009,HGS-TV,52856.0,757128.2843720913
3010,HGS-TV,52856.0,757188.7387006283
3011,HGS-TV,52856.0,757249.7284641266
3012,HGS-TV,52856.0,757392.8050355911
3013,HGS-TV,52856.0,757656.6377811432
3014,HGS-TV,52856.0,757974.6637027264
3015,HGS-TV,52856.0,758463.8957445621
3016,HGS-TV,52856.0,758524.5178046227
3017,HGS-TV,52856.0,758585.9062035084
3018,HGS-TV,52856.0,758749.351827383
3019,HGS-TV,52856.0,759265.1895377636
3020,HGS-TV,52856.0,759689.3307723999
3021,HGS-TV,52856.0,759944.1261291504
3022,HGS-TV,52856.0,760129.8551859856
3023,HGS-TV,52856.0,760245.1817429066
3024,HGS-TV,52856.0,760305.2444837093
3025,HGS-TV,52856.0,760366.3284101486
3026,HGS-TV,52856.0,760426.6600961685
3027,HGS-TV,52856.0,760486.9684662819
3028,HGS-TV,52856.0,760547.3328652382
3029,HGS-TV,52856.0,760779.0336430073
3030,HGS-TV,52856.0,761105.3154630661
3031,HGS-TV,52856.0,761479.5381400585
3032,HGS-TV,52856.0,761716.424654007
3033,HGS-TV,52856.0,761823.2236049175
3034,HGS-TV,52856.0,761953.7485947609
3035,HGS-TV,52856.0,762014.0660843849
3036,HGS-TV,52856.0,762260.8943805695
3037,HGS-TV,52856.0,762321.0150310993
3038,HGS-TV,52856.0,762381.2647418976
3039,HGS-TV,52856.0,762533.5185542107
3040,HGS-TV,52856.0,762611.7905063629
3041,HGS-TV,52856.0,762672.3378691673
3042,HGS-TV,52856.0,763296.7279195786
3043,HGS-TV,52856.0,763654.6242203712
3044,HGS-TV,52856.0,763739.7885322571
3045,ails2_etaMax1.000_stoppingTime1728000.00,52980.0,764004.5874570312
3046,HGS-TV,52856.0,764146.4392282963
3047,HGS-TV,52856.0,764206.7548971176
3048,HGS-TV,52856.0,764267.0119891167
3049,HGS-TV,52856.0,764354.9858283997
3050,HGS-TV,52856.0,764766.2393248081
3051,HGS-TV,52856.0,765009.7599701881
3052,HGS-TV,52856.0,765069.7910120487
3053,HGS-TV,52856.0,765142.7647452354
3054,HGS-TV,52856.0,765202.8289637566
3055,HGS-TV,52856.0,766031.431533575
3056,HGS-TV,52856.0,766174.3177127838
3057,HGS-TV,52856.0,766448.7988078594
3058,HGS-TV,52856.0,766612.2044732571
3059,HGS-TV,52856.0,766672.4802381992
3060,HGS-TV,52856.0,767106.8013999462
3061,HGS-TV,52856.0,767566.6970279217
3062,HGS-TV,52856.0,767627.0269458294
3063,HGS-TV,52856.0,767723.6221709251
3064,HGS-TV,52856.0,767973.7010412216
3065,HGS-TV,52856.0,768087.2786283493
3066,HGS-TV,52856.0,768147.5339400768
3067,HGS-TV,52856.0,768260.5503981113
3068,HGS-TV,52856.0,768403.2768690586
3069,HGS-TV,52856.0,768591.3250226974
3070,HGS-TV,52856.0,768691.6646037102
3071,HGS-TV,52856.0,768797.9637248516
3072,HGS-TV,52856.0,768967.0822606087
3073,HGS-TV,52856.0,769031.9567523003
3074,HGS-TV,52856.0,769162.1438407898
3075,HGS-TV,52856.0,769348.1995220184
3076,ails2_etaMax1.000_stoppingTime1728000.00,52970.0,769385.7224570313
3077,HGS-TV,52856.0,769543.118265152
3078,HGS-TV,52856.0,769603.6341657639
3079,HGS-TV,52856.0,769663.8430290222
3080,HGS-TV,52856.0,769859.2306919098
3081,HGS-TV,52856.0,770024.7727065086
3082,HGS-TV,52856.0,770085.0136947632
3083,HGS-TV,52856.0,770217.8242635727
3084,HGS-TV,52856.0,770317.4509596825
3085,HGS-TV,52856.0,770495.7879838943
3086,HGS-TV,52856.0,770802.0795226097
3087,HGS-TV,52856.0,771187.750859499
3088,HGS-TV,52856.0,771270.1110033989
3089,HGS-TV,52856.0,771356.895191431
3090,HGS-TV,52856.0,771604.8460819721
3091,HGS-TV,52856.0,771783.9063551426
3092,HGS-TV,52856.0,772016.9803044796
3093,HGS-TV,52856.0,772234.405308485
3094,HGS-TV,52856.0,772295.5370783806
3095,HGS-TV,52856.0,772418.3934409618
3096,HGS-TV,52856.0,772954.821187973
3097,HGS-TV,52856.0,773090.1392736435
3098,HGS-TV,52856.0,773241.2034265995
3099,HGS-TV,52856.0,773388.2475631237
3100,HGS-TV,52856.0,773448.3244028091
3101,HGS-TV,52856.0,773899.2206437588
3102,HGS-TV,52856.0,773959.7582764626
3103,HGS-TV,52856.0,774071.0879113674
3104,HGS-TV,52856.0,774131.4398610592
3105,HGS-TV,52856.0,774358.7025294304
3106,HGS-TV,52856.0,774649.3462815285
3107,HGS-TV,52856.0,774709.5976622105
3108,HGS-TV,52856.0,774965.0763876438
3109,HGS-TV,52856.0,775200.2323510647
3110,HGS-TV,52856.0,775369.279437542
3111,HGS-TV,52856.0,775578.1659486294
3112,HGS-TV,52856.0,775912.4603569508
3113,HGS-TV,52856.0,776012.0936021805
3114,HGS-TV,52856.0,776256.0873923302
3115,HGS-TV,52856.0,776321.8054199219
3116,HGS-TV,52856.0,776419.7592961788
3117,HGS-TV,52856.0,776480.0510604382
3118,HGS-TV,52856.0,776776.8126516342
3119,HGS-TV,52856.0,777250.3075487614
3120,HGS-TV,52856.0,777422.269108057
3121,HGS-TV,52856.0,777661.1053814888
3122,HGS-TV,52856.0,777721.2790279388
3123,HGS-TV,52856.0,777845.9131925106
3124,HGS-TV,52856.0,777915.107455492
3125,HGS-TV,52856.0,778383.7141897678
3126,HGS-TV,52856.0,782393.1670377254
3127,HGS-TV,52856.0,783034.3781366348
3128,HGS-TV,52856.0,784093.2704131603
3129,HGS-TV,52856.0,784238.1966884136
3130,HGS-TV,52856.0,784719.4274713993
3131,HGS-TV,52856.0,784779.5274350643
3132,HGS-TV,52856.0,785086.0872943401
3133,HGS-TV,52856.0,785571.448640585
3134,HGS-TV,52856.0,785840.8138861656
3135,HGS-TV,52856.0,786539.4220340252
3136,HGS-TV,52856.0,786958.9367980957
3137,HGS-TV,52856.0,787057.6139116287
3138,HGS-TV,52856.0,787128.2649304867
3139,HGS-TV,52856.0,787499.7870266438
3140,HGS-TV,52856.0,787848.9959540367
3141,HGS-TV,52856.0,787994.8481109142
3142,HGS-TV,52856.0,788074.1074054241
3143,HGS-TV,52856.0,788194.9328913689
3144,HGS-TV,52856.0,788256.1003377438
3145,HGS-TV,52856.0,788390.2750720978
3146,HGS-TV,52856.0,788450.6712896824
3147,ails2_etaMax1.000_stoppingTime1728000.00,52966.0,788687.4154570312
3148,ails2_etaMax1.000_stoppingTime1728000.00,52960.0,788692.9354570312
3149,HGS-TV,52856.0,788824.5420794487
3150,HGS-TV,52856.0,789495.1390907764
3151,HGS-TV,52856.0,791323.7027437687
3152,HGS-TV,52856.0,791384.5157065392
3153,HGS-TV,52856.0,791492.7646927834
3154,HGS-TV,52856.0,791638.1861107349
3155,HGS-TV,52856.0,792116.2654547691
3156,HGS-TV,52856.0,792177.6530458927
3157,HGS-TV,52856.0,792429.4671161175
3158,HGS-TV,52856.0,792489.7183964252
3159,HGS-TV,52856.0,792955.3226556778
3160,HGS-TV,52856.0,793177.5455086231
3161,HGS-TV,52856.0,793238.5981664658
3162,HGS-TV,52856.0,794212.4613368511
3163,HGS-TV,52856.0,794272.5291807652
3164,HGS-TV,52856.0,794453.266698122
3165,HGS-TV,52856.0,794571.0633239746
3166,HGS-TV,52856.0,794849.429381609
3167,HGS-TV,52856.0,794909.7453958988
3168,HGS-TV,52856.0,794970.0251579285
3169,HGS-TV,52856.0,795090.0348660946
3170,HGS-TV,52856.0,795414.2845208645
3171,HGS-TV,52856.0,795588.0642421246
3172,HGS-TV,52856.0,796029.0443279743
3173,HGS-TV,52856.0,796876.4938895702
3174,HGS-TV,52856.0,797769.6521651745
3175,HGS-TV,52856.0,808469.102640152
3176,HGS-TV,52856.0,810588.4539401531
3177,HGS-TV,52856.0,810793.0404055119
3178,HGS-TV,52856.0,812838.4249732494
3179,HGS-TV,52856.0,813305.0370514393
3180,HGS-TV,52856.0,814022.8134491444
3181,HGS-TV,52856.0,814279.9240393639
3182,HGS-TV,52856.0,814340.2386031151
3183,HGS-TV,52856.0,814486.4175853729
3184,HGS-TV,52856.0,815028.3102793694
3185,HGS-TV,52856.0,815501.3003437519
3186,HGS-TV,52856.0,815668.2278375626
3187,HGS-TV,52856.0,816358.7344999313
3188,HGS-TV,52856.0,817159.2531573772
3189,HGS-TV,52856.0,819985.9383599758
3190,HGS-TV,52856.0,821725.7103931904
3191,HGS-TV,52856.0,822048.871379137
3192,HGS-TV,52856.0,823695.48305583
3193,HGS-TV,52856.0,824041.8141646385
3194,HGS-TV,52856.0,824479.4477925301
3195,HGS-TV,52856.0,829466.3019750118
3196,HGS-TV,52856.0,830365.7970471382
3197,HGS-TV,52856.0,830425.895512104
3198,HGS-TV,52856.0,830547.1334962845
3199,HGS-TV,52856.0,830868.9878964424
3200,HGS-TV,52856.0,831227.1488845348
3201,HGS-TV,52856.0,831331.2646324635
3202,HGS-TV,52856.0,831429.1728579998
3203,HGS-TV,52856.0,831699.3688046932
3204,HGS-TV,52856.0,832051.6898620129
3205,HGS-TV,52856.0,832533.1742269993
3206,HGS-TV,52856.0,833069.1906135082
3207,HGS-TV,52856.0,833919.4322133064
3208,HGS-TV,52856.0,834184.7373538017
3209,ails2_etaMax1.000_stoppingTime1728000.00,52959.0,836268.4914570312
3210,HGS-TV,52856.0,838053.667948246
3211,HGS-TV,52856.0,838494.4302561283
3212,HGS-TV,52856.0,851593.8064129353
3213,HGS-TV,52856.0,851653.8990068436
3214,HGS-TV,52856.0,851714.7245044708
3215,HGS-TV,52856.0,851808.2005901337
3216,HGS-TV,52856.0,851870.8550801277
3217,HGS-TV,52856.0,852009.5419015884
3218,HGS-TV,52856.0,852071.396228075
3219,HGS-TV,52856.0,852133.593227148
3220,HGS-TV,52856.0,852194.02475214
3221,HGS-TV,52856.0,852370.3281393051
3222,HGS-TV,52856.0,852526.0246956348
3223,HGS-TV,52856.0,852586.6304674149
3224,HGS-TV,52856.0,853336.6787414551
3225,HGS-TV,52856.0,854141.2286455631
3226,HGS-TV,52856.0,854293.7575576305
3227,HGS-TV,52856.0,854355.6070365906
3228,HGS-TV,52856.0,854415.9590718746
3229,HGS-TV,52856.0,854697.3589487076
3230,HGS-TV,52856.0,854758.4437031746
3231,HGS-TV,52856.0,854978.2031936646
3232,HGS-TV,52856.0,855063.339332819
3233,HGS-TV,52856.0,855373.8480210304
3234,HGS-TV,52856.0,855974.229900837
3235,HGS-TV,52856.0,856039.1411912441
3236,HGS-TV,52856.0,856537.3593249321
3237,HGS-TV,52856.0,856939.3083395958
3238,HGS-TV,52856.0,857007.8208007812
3239,HGS-TV,52856.0,857069.2566976547
3240,HGS-TV,52856.0,857153.3533291817
3241,HGS-TV,52856.0,857214.1208367348
3242,HGS-TV,52856.0,857408.1268303394
3243,HGS-TV,52856.0,857747.104061842
3244,HGS-TV,52856.0,857855.7454001904
3245,HGS-TV,52856.0,858101.2653887272
3246,HGS-TV,52856.0,858477.0513248444
3247,HGS-TV,52856.0,858620.5842604637
3248,HGS-TV,52856.0,858681.5696768761
3249,HGS-TV,52856.0,858851.8350057602
3250,HGS-TV,52856.0,858911.9006574154
3251,HGS-TV,52856.0,858973.2788364887
3252,HGS-TV,52856.0,859258.110822916
3253,ails2_etaMax1.000_stoppingTime1728000.00,52957.0,859770.3854570312
3254,ails2_etaMax1.000_stoppingTime1728000.00,52952.0,859782.4284570313
3255,HGS-TV,52856.0,860108.0625982285
3256,HGS-TV,52856.0,860299.6388607025
3257,HGS-TV,52856.0,860360.2847723961
3258,HGS-TV,52856.0,860742.9949777126
3259,HGS-TV,52856.0,861253.2542731762
3260,HGS-TV,52856.0,861534.5278065205
3261,HGS-TV,52856.0,861748.6814603806
3262,HGS-TV,52856.0,861808.7271869183
3263,HGS-TV,52856.0,862234.181106329
3264,HGS-TV,52856.0,862538.448759079
3265,HGS-TV,52856.0,862676.9807751179
3266,HGS-TV,52856.0,863005.8422982693
3267,HGS-TV,52856.0,863117.5045661926
3268,HGS-TV,52856.0,863291.1132488251
3269,HGS-TV,52856.0,863400.1913576126
3270,HGS-TV,52856.0,864145.9247789383
3271,HGS-TV,52856.0,864438.9697113037
3272,HGS-TV,52856.0,864521.8200628757
3273,HGS-TV,52856.0,865102.3355062008
3274,HGS-TV,52856.0,865268.2585589886
3275,HGS-TV,52856.0,865556.5173101425
3276,HGS-TV,52856.0,865928.339492321
3277,HGS-TV,52856.0,866319.4688398838
3278,HGS-TV,52856.0,866506.5505137444
3279,HGS-TV,52856.0,866567.3503334522
3280,HGS-TV,52856.0,866760.61084342
3281,HGS-TV,52856.0,866821.0613446236
3282,HGS-TV,52856.0,866881.4123191833
3283,HGS-TV,52856.0,867024.0825190544
3284,HGS-TV,52856.0,867534.6520807743
3285,HGS-TV,52856.0,867599.4070014954
3286,HGS-TV,52856.0,867660.0660765171
3287,HGS-TV,52856.0,868357.0942232609
3288,HGS-TV,52856.0,868458.7245118618
3289,HGS-TV,52856.0,869146.0156462193
3290,HGS-TV,52856.0,870266.8963956833
3291,HGS-TV,52856.0,870508.3846905231
3292,HGS-TV,52856.0,871163.5690107346
3293,HGS-TV,52856.0,871575.4391982555
3294,HGS-TV,52856.0,871731.4103119373
3295,HGS-TV,52856.0,871850.1766068935
3296,HGS-TV,52856.0,872274.802926302
3297,HGS-TV,52856.0,872340.9024884701
3298,HGS-TV,52856.0,872515.236073494
3299,HGS-TV,52856.0,872741.2227511406
3300,HGS-TV,52856.0,872912.9772827625
3301,HGS-TV,52856.0,873174.7341377735
3302,HGS-TV,52856.0,873248.050390482
3303,HGS-TV,52856.0,873786.0873641968
3304,HGS-TV,52856.0,873846.9770030975
3305,HGS-TV,52856.0,874219.516752243
3306,HGS-TV,52856.0,874280.0256865025
3307,HGS-TV,52856.0,874391.4938318729
3308,HGS-TV,52856.0,874865.4354193211
3309,HGS-TV,52856.0,875160.3309772015
3310,HGS-TV,52856.0,875439.1744225025
3311,HGS-TV,52856.0,875499.746237278
3312,HGS-TV,52856.0,875817.7407836914
3313,HGS-TV,52856.0,875943.9923229218
3314,HGS-TV,52856.0,876005.3090372086
3315,HGS-TV,52856.0,876085.0494287014
3316,HGS-TV,52856.0,876273.6811034679
3317,HGS-TV,52856.0,876519.1634054184
3318,HGS-TV,52856.0,876802.2961921692
3319,HGS-TV,52856.0,876863.7558572292
3320,HGS-TV,52856.0,877036.0235743523
3321,HGS-TV,52856.0,877185.5063688755
3322,HGS-TV,52856.0,877812.6485877037
3323,HGS-TV,52856.0,878364.270891428
3324,HGS-TV,52856.0,878579.776286602
3325,HGS-TV,52856.0,878979.9913990498
3326,HGS-TV,52856.0,879224.9378290176
3327,HGS-TV,52856.0,879285.1119232178
3328,HGS-TV,52856.0,879711.379118681
3329,HGS-TV,52856.0,880082.9334597588
3330,HGS-TV,52856.0,880748.953638792
3331,HGS-TV,52856.0,880993.7520546913
3332,HGS-TV,52856.0,881077.9221105576
3333,HGS-TV,52856.0,881176.7047505379
3334,HGS-TV,52856.0,881551.2752084732
3335,HGS-TV,52856.0,881623.473293066
3336,HGS-TV,52856.0,881836.1766865253
3337,HGS-TV,52856.0,881896.404920578
3338,HGS-TV,52856.0,881956.4924304485
3339,HGS-TV,52856.0,882301.7284288406
3340,HGS-TV,52856.0,882467.1397230625
3341,HGS-TV,52856.0,882563.0575299263
3342,HGS-TV,52856.0,882643.7321922779
3343,HGS-TV,52856.0,883017.5298080444
3344,HGS-TV,52856.0,883078.1698925495
3345,HGS-TV,52856.0,883189.8804476261
3346,HGS-TV,52856.0,883255.5497174263
3347,HGS-TV,52856.0,883401.2050290108
3348,HGS-TV,52856.0,883461.5636813641
3349,HGS-TV,52856.0,883563.4667191505
3350,HGS-TV,52856.0,883936.7843413353
3351,HGS-TV,52856.0,883997.0287237167
3352,HGS-TV,52856.0,884097.8867971897
3353,HGS-TV,52856.0,884404.6283628941
3354,HGS-TV,52856.0,884465.179847002
3355,HGS-TV,52856.0,884586.8066384792
3356,HGS-TV,52856.0,884674.397998333
3357,HGS-TV,52856.0,884780.1602487564
3358,HGS-TV,52856.0,884840.7110257149
3359,HGS-TV,52856.0,884901.4175162315
3360,HGS-TV,52856.0,885025.4293212891
3361,HGS-TV,52856.0,885297.5532417297
3362,HGS-TV,52856.0,885357.9029076099
3363,HGS-TV,52856.0,885802.634881258
3364,HGS-TV,52856.0,886065.430655241
3365,HGS-TV,52856.0,886125.5078878403
3366,HGS-TV,52856.0,886264.9756159782
3367,HGS-TV,52856.0,886325.4255256653
3368,HGS-TV,52856.0,886501.676368475
3369,HGS-TV,52856.0,886755.0251483917
3370,HGS-TV,52856.0,886875.2886419296
3371,HGS-TV,52856.0,886982.4842255116
3372,HGS-TV,52856.0,887069.6590285301
3373,HGS-TV,52856.0,887171.0262651443
3374,HGS-TV,52856.0,887542.3131501675
3375,HGS-TV,52856.0,887688.4215891361
3376,HGS-TV,52856.0,887762.1166360378
3377,HGS-TV,52856.0,887822.1629059315
3378,HGS-TV,52856.0,887903.5632252693
3379,HGS-TV,52856.0,887981.8127059937
3380,HGS-TV,52856.0,888187.622569561
3381,HGS-TV,52856.0,888248.0144331455
3382,HGS-TV,52856.0,888308.2700269222
3383,HGS-TV,52856.0,888368.5562579632
3384,HGS-TV,52856.0,888428.8055405617
3385,ails2_etaMax1.000_stoppingTime1728000.00,52951.0,888601.6014570312
3386,ails2_etaMax1.000_stoppingTime1728000.00,52949.0,888601.9374570312
3387,HGS-TV,52856.0,888667.8390784264
3388,HGS-TV,52856.0,888893.0685231686
3389,HGS-TV,52856.0,889137.0476269722
3390,HGS-TV,52856.0,889197.3882312775
3391,HGS-TV,52856.0,889415.4486773014
3392,HGS-TV,52856.0,890090.1761760712
3393,HGS-TV,52856.0,890152.4684340954
3394,HGS-TV,52856.0,890212.4863209724
3395,HGS-TV,52856.0,890392.9517130852
3396,HGS-TV,52856.0,890811.2591838837
3397,HGS-TV,52856.0,890871.432264328
3398,HGS-TV,52856.0,890954.2079982758
3399,HGS-TV,52856.0,891014.2900607586
3400,HGS-TV,52856.0,891074.3755190372
3401,HGS-TV,52856.0,891294.9420659542
3402,HGS-TV,52856.0,891355.2910885811
3403,HGS-TV,52856.0,891415.3670551777
3404,HGS-TV,52856.0,891506.4155216217
3405,HGS-TV,52856.0,891566.65006423
3406,HGS-TV,52856.0,891627.0575079918
3407,HGS-TV,52856.0,891818.9326806068
3408,HGS-TV,52856.0,892405.5567252636
3409,HGS-TV,52856.0,892705.553063631
3410,HGS-TV,52856.0,892766.2196571827
3411,HGS-TV,52856.0,892948.3343822956
3412,HGS-TV,52856.0,893530.6292750835
3413,HGS-TV,52856.0,893650.7125000954
3414,HGS-TV,52856.0,894067.0826449394
3415,HGS-TV,52856.0,894598.8855006695
3416,HGS-TV,52856.0,894797.0585942268
3417,HGS-TV,52856.0,895139.5637147427
3418,HGS-TV,52856.0,895354.3616490364
3419,HGS-TV,52856.0,895703.2921504974
3420,HGS-TV,52856.0,895763.6473712921
3421,HGS-TV,52856.0,896522.2847425938
3422,HGS-TV,52856.0,896644.5128281116
3423,HGS-TV,52856.0,896704.9219985008
3424,HGS-TV,52856.0,896784.5867218971
3425,HGS-TV,52856.0,898035.229351759
3426,HGS-TV,52856.0,898743.2121682167
3427,HGS-TV,52856.0,899311.652541399
3428,HGS-TV,52856.0,899447.6581933498
3429,HGS-TV,52856.0,899637.1071491241
3430,HGS-TV,52856.0,899843.0449197292
3431,HGS-TV,52856.0,899978.9517986774
3432,HGS-TV,52856.0,900111.8048636913
3433,HGS-TV,52856.0,900241.3967628479
3434,HGS-TV,52856.0,900585.6400127411
3435,HGS-TV,52856.0,900645.9074289799
3436,HGS-TV,52856.0,901446.7128331661
3437,HGS-TV,52856.0,902061.5159704685
3438,HGS-TV,52856.0,902187.7520284653
3439,HGS-TV,52856.0,902248.1741008759
3440,HGS-TV,52856.0,902480.4553086758
3441,HGS-TV,52856.0,903190.1071863174
3442,HGS-TV,52856.0,905055.5386168957
3443,HGS-TV,52856.0,905726.3369073868
3444,ails2_etaMax1.000_stoppingTime1728000.00,52947.0,907786.4414570313
3445,ails2_etaMax1.000_stoppingTime1728000.00,52943.0,907787.1754570312
3446,HGS-TV,52856.0,909477.192684412
3447,HGS-TV,52856.0,909853.4118874073
3448,HGS-TV,52856.0,910317.0617547035
3449,HGS-TV,52856.0,911749.2199161053
3450,ails2_etaMax1.000_stoppingTime1728000.00,52939.0,911885.3554570313
3451,ails2_etaMax1.000_stoppingTime1728000.00,52937.0,911890.9944570313
3452,HGS-TV,52856.0,912416.6793754101
3453,HGS-TV,52856.0,912478.0675268173
3454,HGS-TV,52856.0,912747.6301195621
3455,HGS-TV,52856.0,912876.2580432892
3456,HGS-TV,52856.0,912936.2589409351
3457,HGS-TV,52856.0,913041.611312151
3458,HGS-TV,52856.0,913128.8285849094
3459,HGS-TV,52856.0,914267.2183220387
3460,HGS-TV,52856.0,914873.6310544014
3461,HGS-TV,52856.0,915229.4723980427
3462,HGS-TV,52856.0,916110.8454170227
3463,HGS-TV,52856.0,916217.0745511055
3464,HGS-TV,52856.0,917001.4907577038
3465,HGS-TV,52856.0,917455.8885846138
3466,HGS-TV,52856.0,918471.0716443062
3467,HGS-TV,52856.0,919003.1736233234
3468,HGS-TV,52856.0,922205.8264119625
3469,HGS-TV,52856.0,922474.3730905056
3470,HGS-TV,52856.0,922972.1678733826
3471,HGS-TV,52856.0,923120.055306673
3472,HGS-TV,52856.0,923334.7580180168
3473,HGS-TV,52856.0,923603.0008947849
3474,HGS-TV,52856.0,924142.6293680668
3475,HGS-TV,52856.0,924609.7813310623
3476,HGS-TV,52856.0,927016.2588229179
3477,HGS-TV,52856.0,931217.1425981522
3478,HGS-TV,52856.0,931594.0179336071
3479,HGS-TV,52856.0,932095.0341928005
3480,HGS-TV,52856.0,934843.5890882015
3481,HGS-TV,52856.0,935361.2262589931
3482,HGS-TV,52856.0,935444.1237411499
3483,HGS-TV,52856.0,936823.3943836689
3484,HGS-TV,52856.0,938289.2800927162
3485,HGS-TV,52856.0,940422.8986001015
3486,HGS-TV,52856.0,940534.0394964218
3487,HGS-TV,52856.0,940653.2925302982
3488,ails2_etaMax1.000_stoppingTime1728000.00,52936.0,949501.1504570312
3489,ails2_etaMax1.000_stoppingTime1728000.00,52934.0,949504.6184570312
3490,HGS-TV,52856.0,954438.0769119263
3491,HGS-TV,52856.0,954594.5061740875
3492,HGS-TV,52856.0,954983.6936833858
3493,ails2_etaMax1.000_stoppingTime1728000.00,52933.0,956899.0444570313
3494,ails2_etaMax1.000_stoppingTime1728000.00,52931.0,956903.4404570312
3495,HGS-TV,52856.0,958371.7056920528
3496,HGS-TV,52856.0,963689.7298491001
3497,HGS-TV,52856.0,970968.2459487915
3498,HGS-TV,52856.0,971350.769957304
3499,HGS-TV,52856.0,971523.2807400227
3500,HGS-TV,52856.0,971655.592476368
3501,ails2_etaMax1.000_stoppingTime1728000.00,52929.0,972439.0924570312
3502,HGS-TV,52856.0,972790.3468697071
3503,HGS-TV,52856.0,974217.6637842655
3504,HGS-TV,52856.0,974514.9487192631
3505,HGS-TV,52856.0,976044.898649931
3506,HGS-TV,52856.0,978105.1277992725
3507,HGS-TV,52856.0,978165.2872471809
3508,HGS-TV,52856.0,978878.4025096893
3509,HGS-TV,52856.0,979265.7889328003
3510,HGS-TV,52856.0,981695.4738402367
3511,HGS-TV,52856.0,981818.4748752117
3512,HGS-TV,52856.0,981966.5053668022
3513,HGS-TV,52856.0,983015.3448536396
3514,HGS-TV,52856.0,985532.8982849121
3515,HGS-TV,52856.0,985637.6998567581
3516,ails2_etaMax1.000_stoppingTime1728000.00,52928.0,996939.7644570313
3517,HGS-TV,52856.0,1002970.8210818768
3518,HGS-TV,52856.0,1003031.5745441914
3519,HGS-TV,52856.0,1003113.6404802799
3520,HGS-TV,52856.0,1003174.3179707527
3521,HGS-TV,52856.0,1003234.3902745247
3522,HGS-TV,52856.0,1003302.52987504
3523,HGS-TV,52856.0,1003363.9329166412
3524,HGS-TV,52856.0,1003428.5889165401
3525,HGS-TV,52856.0,1003488.8751738071
3526,HGS-TV,52856.0,1003550.2790043354
3527,HGS-TV,52856.0,1003735.4701533318
3528,HGS-TV,52856.0,1003797.0848536491
3529,HGS-TV,52856.0,1003858.5459268093
3530,HGS-TV,52856.0,1003918.5851826668
3531,HGS-TV,52856.0,1003980.9039473534
3532,HGS-TV,52856.0,1004249.9240608215
3533,HGS-TV,52856.0,1004310.3314502239
3534,HGS-TV,52856.0,1004919.254532814
3535,HGS-TV,52856.0,1004979.4973168373
3536,HGS-TV,52856.0,1005168.4817075729
3537,HGS-TV,52856.0,1005439.2589783669
3538,HGS-TV,52856.0,1005578.9112415314
3539,HGS-TV,52856.0,1006186.389960289
3540,HGS-TV,52856.0,1006452.1334748268
3541,HGS-TV,52856.0,1006512.3912365437
3542,HGS-TV,52856.0,1006700.787163496
3543,HGS-TV,52856.0,1006931.2982902527
3544,HGS-TV,52856.0,1006992.8616878986
3545,HGS-TV,52856.0,1007233.4631984234
3546,HGS-TV,52856.0,1007293.5736191273
3547,HGS-TV,52856.0,1007425.7063581944
3548,HGS-TV,52856.0,1007486.5457804203
3549,HGS-TV,52856.0,1007879.533238411
3550,HGS-TV,52856.0,1008362.4202854633
3551,HGS-TV,52856.0,1008654.8000707626
3552,HGS-TV,52856.0,1008715.483536005
3553,HGS-TV,52856.0,1009099.4256000519
3554,HGS-TV,52856.0,1009297.1915428638
3555,HGS-TV,52856.0,1009419.056833744
3556,HGS-TV,52856.0,1009568.6124787331
3557,HGS-TV,52856.0,1009629.7059829235
3558,HGS-TV,52856.0,1009768.3553307056
3559,HGS-TV,52856.0,1010264.4362874031
3560,HGS-TV,52856.0,1010519.5993664265
3561,HGS-TV,52856.0,1010680.228199482
3562,HGS-TV,52856.0,1010996.9091746807
3563,HGS-TV,52856.0,1011057.2104263306
3564,HGS-TV,52856.0,1011354.7202410698
3565,HGS-TV,52856.0,1011899.9366471767
3566,HGS-TV,52856.0,1011965.618531704
3567,HGS-TV,52856.0,1012027.1543340683
3568,HGS-TV,52856.0,1012087.5726747513
3569,HGS-TV,52856.0,1012318.8686995506
3570,HGS-TV,52856.0,1012535.1035962105
3571,HGS-TV,52856.0,1012730.321441412
3572,HGS-TV,52856.0,1013524.2847490311
3573,HGS-TV,52856.0,1013672.7298378944
3574,HGS-TV,52856.0,1014122.4061627388
3575,HGS-TV,52856.0,1014426.368957758
3576,HGS-TV,52856.0,1014608.7664239407
3577,HGS-TV,52856.0,1014961.2498869896
3578,HGS-TV,52856.0,1015346.9278867245
3579,HGS-TV,52856.0,1015675.8296601772
3580,HGS-TV,52856.0,1015908.7597401142
3581,HGS-TV,52856.0,1015969.3761000633
3582,HGS-TV,52856.0,1016029.6009452343
3583,HGS-TV,52856.0,1016126.7414917946
3584,HGS-TV,52856.0,1016192.0367820263
3585,HGS-TV,52856.0,1016259.1879813671
3586,HGS-TV,52856.0,1016556.5837986469
3587,HGS-TV,52856.0,1016616.9120607376
3588,HGS-TV,52856.0,1016677.6800134182
3589,HGS-TV,52856.0,1016785.2330720425
3590,HGS-TV,52856.0,1017497.667639494
3591,HGS-TV,52856.0,1017731.8028876781
3592,HGS-TV,52856.0,1018347.1489937305
3593,HGS-TV,52856.0,1018564.3911533356
3594,HGS-TV,52856.0,1018784.7925496101
3595,HGS-TV,52856.0,1019144.5794487
3596,HGS-TV,52856.0,1019205.659948349
3597,HGS-TV,52856.0,1019306.0388741493
3598,HGS-TV,52856.0,1019367.2021489143
3599,HGS-TV,52856.0,1019912.9729917049
3600,HGS-TV,52856.0,1019973.2988929749
3601,HGS-TV,52856.0,1020351.5245425701
3602,ails2_etaMax1.000_stoppingTime1728000.00,52927.0,1020354.9774570313
3603,HGS-TV,52856.0,1020494.6845602989
3604,HGS-TV,52856.0,1020684.7454698086
3605,HGS-TV,52856.0,1020745.5783705711
3606,HGS-TV,52856.0,1021115.7751898766
3607,HGS-TV,52856.0,1021237.6769194603
3608,HGS-TV,52856.0,1021297.7058529854
3609,HGS-TV,52856.0,1021359.8361370564
3610,HGS-TV,52856.0,1021420.3309495449
3611,HGS-TV,52856.0,1021481.2336668968
3612,HGS-TV,52856.0,1021908.4939489365
3613,HGS-TV,52856.0,1021968.6046183109
3614,HGS-TV,52856.0,1022435.9436547756
3615,HGS-TV,52856.0,1022709.2292892933
3616,HGS-TV,52856.0,1023584.0870199203
3617,HGS-TV,52856.0,1023772.6484417915
3618,HGS-TV,52856.0,1024015.3002231121
3619,HGS-TV,52856.0,1024076.3269691467
3620,ails2_etaMax1.000_stoppingTime1728000.00,52926.0,1024166.4194570313
3621,HGS-TV,52856.0,1024519.6655499935
3622,HGS-TV,52856.0,1024737.9557681084
3623,HGS-TV,52856.0,1024801.6403875351
3624,HGS-TV,52856.0,1024862.2210481167
3625,ails2_etaMax1.000_stoppingTime1728000.00,52925.0,1025163.1284570312
3626,HGS-TV,52856.0,1025181.3225588799
3627,HGS-TV,52856.0,1025515.0662384033
3628,HGS-TV,52856.0,1025606.0879983902
3629,HGS-TV,52856.0,1025857.464266777
3630,HGS-TV,52856.0,1025918.1288769245
3631,HGS-TV,52856.0,1026182.0211508274
3632,HGS-TV,52856.0,1026534.523519516
3633,HGS-TV,52856.0,1026678.7394080162
3634,HGS-TV,52856.0,1026898.417283535
3635,HGS-TV,52856.0,1027583.8922483921
3636,HGS-TV,52856.0,1027674.0258026123
3637,HGS-TV,52856.0,1027887.6025497913
3638,HGS-TV,52856.0,1028015.9604830742
3639,HGS-TV,52856.0,1028334.0917925835
3640,HGS-TV,52856.0,1028825.397939682
3641,HGS-TV,52856.0,1028951.1836209297
3642,HGS-TV,52856.0,1029197.2143154144
3643,HGS-TV,52856.0,1030099.0949394703
3644,HGS-TV,52856.0,1030159.6192014217
3645,HGS-TV,52856.0,1030220.4707548618
3646,HGS-TV,52856.0,1030371.0536556244
3647,HGS-TV,52856.0,1030866.1662211418
3648,HGS-TV,52856.0,1030926.7751686573
3649,HGS-TV,52856.0,1031313.1242172718
3650,HGS-TV,52856.0,1031486.960693121
3651,HGS-TV,52856.0,1032014.2614018917
3652,HGS-TV,52856.0,1032239.631162405
3653,HGS-TV,52856.0,1032299.762057066
3654,HGS-TV,52856.0,1033032.0523443222
3655,HGS-TV,52856.0,1033563.6145603657
3656,HGS-TV,52856.0,1033772.5887026787
3657,HGS-TV,52856.0,1033832.7040319443
3658,HGS-TV,52856.0,1034508.7689902782
3659,HGS-TV,52856.0,1034814.7966961861
3660,HGS-TV,52856.0,1035037.2284972668
3661,HGS-TV,52856.0,1035097.7611966133
3662,HGS-TV,52856.0,1035536.4845519066
3663,HGS-TV,52856.0,1035638.5946407318
3664,HGS-TV,52856.0,1035906.5780665874
3665,HGS-TV,52856.0,1036316.8682911396
3666,HGS-TV,52856.0,1036428.7164130211
3667,HGS-TV,52856.0,1036507.1765675545
3668,HGS-TV,52856.0,1036567.3103256226
3669,HGS-TV,52856.0,1036752.2161691189
3670,HGS-TV,52856.0,1036920.099930048
3671,HGS-TV,52856.0,1037083.2105572224
3672,HGS-TV,52856.0,1037144.1703996658
3673,HGS-TV,52856.0,1037367.110322237
3674,HGS-TV,52856.0,1037840.0863292217
3675,HGS-TV,52856.0,1037998.8095555305
3676,HGS-TV,52856.0,1038349.1103625298
3677,HGS-TV,52856.0,1038460.9158849716
3678,HGS-TV,52856.0,1038610.3642573357
3679,HGS-TV,52856.0,1039323.5361247063
3680,HGS-TV,52856.0,1040398.6031215191
3681,HGS-TV,52856.0,1040696.8021233082
3682,HGS-TV,52856.0,1041075.3349459171
3683,HGS-TV,52856.0,1041445.6532225609
3684,HGS-TV,52856.0,1041716.2152812481
3685,HGS-TV,52856.0,1042368.061663866
3686,HGS-TV,52856.0,1043030.206766367
3687,HGS-TV,52856.0,1043090.5225276947
3688,HGS-TV,52856.0,1043695.2277479172
3689,HGS-TV,52856.0,1044528.0009670258
3690,HGS-TV,52856.0,1044783.8075361252
3691,HGS-TV,52856.0,1045452.7706046104
3692,HGS-TV,52856.0,1046262.1443667412
3693,HGS-TV,52856.0,1046668.4150190353
3694,HGS-TV,52856.0,1046876.6359903812
3695,HGS-TV,52856.0,1047048.5572135448
3696,HGS-TV,52856.0,1047648.5286602974
3697,HGS-TV,52856.0,1047955.7775137424
3698,HGS-TV,52856.0,1048015.9360814095
3699,HGS-TV,52856.0,1048076.3753023148
3700,HGS-TV,52856.0,1048140.2607619762
3701,HGS-TV,52856.0,1048906.1175115108
3702,HGS-TV,52856.0,1049366.496630907
3703,HGS-TV,52856.0,1049641.00562644
3704,HGS-TV,52856.0,1049825.398402691
3705,HGS-TV,52856.0,1049886.6496782303
3706,HGS-TV,52856.0,1050394.296207428
3707,HGS-TV,52856.0,1050478.5506560802
3708,HGS-TV,52856.0,1050817.6557679176
3709,HGS-TV,52856.0,1050943.1468856335
3710,HGS-TV,52856.0,1051003.1815829277
3711,HGS-TV,52856.0,1051063.2133328915
3712,HGS-TV,52856.0,1051340.301210165
3713,HGS-TV,52856.0,1051614.552977085
3714,HGS-TV,52856.0,1051746.453273058
3715,HGS-TV,52856.0,1052002.5696544647
3716,HGS-TV,52856.0,1052593.843104601
3717,HGS-TV,52856.0,1052654.1225004196
3718,ails2_etaMax1.000_stoppingTime1728000.00,52924.0,1052999.7894570313
3719,ails2_etaMax1.000_stoppingTime1728000.00,52923.0,1053002.8674570313
3720,HGS-TV,52856.0,1053198.1543514729
3721,HGS-TV,52856.0,1053442.2137532234
3722,HGS-TV,52856.0,1054286.1157271862
3723,HGS-TV,52856.0,1054726.9851481915
3724,HGS-TV,52856.0,1054975.359343052
3725,HGS-TV,52856.0,1055256.8067383766
3726,ails2_etaMax1.000_stoppingTime1728000.00,52921.0,1056146.3194570313
3727,HGS-TV,52856.0,1056154.070385933
3728,HGS-TV,52856.0,1056315.7169225216
3729,HGS-TV,52856.0,1056576.1702263355
3730,HGS-TV,52856.0,1056847.124815464
3731,HGS-TV,52856.0,1056907.4886364937
3732,HGS-TV,52856.0,1059614.1747376919
3733,ails2_etaMax1.000_stoppingTime1728000.00,52920.0,1059658.0134570312
3734,HGS-TV,52856.0,1061106.5923109055
3735,HGS-TV,52856.0,1062787.3536264896
3736,HGS-TV,52856.0,1062863.694261551
3737,HGS-TV,52856.0,1063439.6364383698
3738,HGS-TV,52856.0,1063577.4016757011
3739,HGS-TV,52856.0,1064224.3572518826
3740,HGS-TV,52856.0,1064959.1138176918
3741,HGS-TV,52856.0,1065194.9752840996
3742,HGS-TV,52856.0,1065896.9676246643
3743,HGS-TV,52856.0,1066589.3112969398
3744,HGS-TV,52856.0,1067128.7563843727
3745,HGS-TV,52856.0,1067236.527467966
3746,HGS-TV,52856.0,1068839.5161180496
3747,HGS-TV,52856.0,1069815.3281333447
3748,HGS-TV,52856.0,1070094.8753962517
3749,HGS-TV,52856.0,1073237.0017900467
3750,HGS-TV,52856.0,1073593.2285943031
3751,HGS-TV,52856.0,1077482.2552609444
3752,HGS-TV,52856.0,1080267.3359885216
3753,ails2_etaMax1.000_stoppingTime1728000.00,52919.0,1080826.2854570313
3754,HGS-TV,52856.0,1083235.3267691135
3755,HGS-TV,52856.0,1085244.145296812
3756,HGS-TV,52856.0,1085595.0746386051
3757,HGS-TV,52856.0,1085655.885276556
3758,HGS-TV,52856.0,1086027.2391951084
3759,HGS-TV,52856.0,1086298.3116841316
3760,HGS-TV,52856.0,1087915.0400834084
3761,HGS-TV,52856.0,1088465.1420788765
3762,HGS-TV,52856.0,1088983.378065586
3763,ails2_etaMax1.000_stoppingTime1728000.00,52918.0,1089680.3414570312
3764,ails2_etaMax1.000_stoppingTime1728000.00,52916.0,1089681.0564570313
3765,HGS-TV,52856.0,1090207.6660289764
3766,HGS-TV,52856.0,1090277.497289896
3767,HGS-TV,52856.0,1091100.936864376
3768,HGS-TV,52856.0,1091510.5028567314
3769,HGS-TV,52856.0,1091669.1021602154
3770,HGS-TV,52856.0,1091839.671148777
3771,HGS-TV,52856.0,1092047.0979235172
3772,HGS-TV,52856.0,1092767.6950361729
3773,HGS-TV,52856.0,1093022.7583432198
3774,HGS-TV,52856.0,1093448.3086948395
3775,HGS-TV,52856.0,1093944.6160140038
3776,HGS-TV,52856.0,1095247.3226351738
3777,HGS-TV,52856.0,1095988.330328703
3778,HGS-TV,52856.0,1096282.8800065517
3779,HGS-TV,52856.0,1096557.9579918385
3780,HGS-TV,52856.0,1096842.291568756
3781,ails2_etaMax1.000_stoppingTime1728000.00,52915.0,1097060.3084570311
3782,ails2_etaMax1.000_stoppingTime1728000.00,52914.0,1097063.6544570313
3783,HGS-TV,52856.0,1097137.1025698185
3784,HGS-TV,52856.0,1097247.7358021736
3785,HGS-TV,52856.0,1097631.8142046928
3786,HGS-TV,52856.0,1097692.362884283
3787,HGS-TV,52856.0,1099080.8578071594
3788,HGS-TV,52856.0,1099653.2817351818
3789,HGS-TV,52856.0,1099783.6060202122
3790,HGS-TV,52856.0,1110928.3099343777
3791,HGS-TV,52856.0,1111739.4298591614
3792,HGS-TV,52856.0,1112283.0222063065
3793,HGS-TV,52856.0,1112369.1001312733
3794,HGS-TV,52856.0,1116295.533371687
3795,HGS-TV,52856.0,1117268.334912777
3796,ails2_etaMax1.000_stoppingTime1728000.00,52913.0,1120627.6144570312
