id,algo_name,score,runningtime
1,HGS-TV,98975.0,60.12389659881592
2,filo2,98532.0,61.651719093322754
3,ails2_etaMax0.020_stoppingTime86400.00,96391.0,58.85605004882812
4,ails2_etaMax0.010_stoppingTime432000.00,96375.0,63.843050048828125
5,ails2_eoh_omega2,96787.0,64.03205004882813
6,ails2_etaMax0.005_stoppingTime86400.00,96697.0,63.59505004882813
7,ails2_etaMax1.000_stoppingTime864000.00,97338.0,58.40205004882812
8,ails2_etaMax1.000_stoppingTime86400.00,97430.0,37.904050048828125
9,ails2_eoh_acc_large,96522.0,63.02705004882812
10,ails2_eoh_acc,96494.0,47.846050048828126
11,ails2_etaMax1.000_stoppingTime1728000.00,97448.0,48.157050048828125
12,ails2_etaMax1.000_stoppingTime432000.00,97383.0,25.062050048828127
13,HGS-TV,98638.0,120.15766716003418
14,filo2,98145.0,121.84116172790527
15,ails2_etaMax0.020_stoppingTime86400.00,96348.0,112.56205004882813
16,ails2_etaMax0.010_stoppingTime432000.00,96279.0,125.00205004882812
17,ails2_eoh_acc_large,96467.0,125.67405004882812
18,ails2_eoh_acc,96473.0,120.58905004882813
19,ails2_eoh_omega2,96674.0,121.73205004882813
20,ails2_etaMax0.005_stoppingTime86400.00,96663.0,96.43705004882813
21,ails2_etaMax1.000_stoppingTime1728000.00,97426.0,129.42305004882812
22,ails2_etaMax1.000_stoppingTime86400.00,97418.0,153.63205004882812
23,HGS-TV,98525.0,180.34049487113953
24,ails2_etaMax0.020_stoppingTime86400.00,96315.0,184.7260500488281
25,ails2_etaMax0.010_stoppingTime432000.00,96253.0,149.27405004882812
26,ails2_eoh_omega2,96605.0,181.35405004882813
27,ails2_eoh_acc,96462.0,135.74505004882812
28,ails2_eoh_acc_large,96457.0,156.74305004882814
29,ails2_etaMax0.005_stoppingTime86400.00,96607.0,180.00105004882812
30,ails2_etaMax1.000_stoppingTime1728000.00,97415.0,134.66905004882813
31,ails2_etaMax1.000_stoppingTime86400.00,97307.0,154.30005004882813
32,HGS-TV,98397.0,240.48272562026978
33,ails2_etaMax0.010_stoppingTime432000.00,96234.0,240.70305004882812
34,ails2_eoh_acc_large,96434.0,241.6900500488281
35,ails2_eoh_omega2,96580.0,245.07505004882813
36,ails2_etaMax0.005_stoppingTime86400.00,96546.0,244.5290500488281
37,ails2_eoh_acc,96436.0,243.44205004882812
38,ails2_etaMax0.020_stoppingTime86400.00,96311.0,251.01605004882813
39,HGS-TV,98178.0,300.53441882133484
40,ails2_etaMax0.010_stoppingTime432000.00,96223.0,305.15205004882813
41,ails2_etaMax0.005_stoppingTime86400.00,96439.0,308.07505004882813
42,ails2_eoh_omega2,96510.0,281.17305004882815
43,ails2_eoh_acc_large,96432.0,336.6510500488281
44,HGS-TV,97988.0,360.7507338523865
45,ails2_etaMax0.010_stoppingTime432000.00,96197.0,338.4200500488281
46,ails2_etaMax0.005_stoppingTime86400.00,96423.0,333.3670500488281
47,ails2_eoh_omega2,96503.0,353.37805004882813
48,ails2_etaMax1.000_stoppingTime1728000.00,97404.0,390.0420500488281
49,ails2_etaMax0.020_stoppingTime86400.00,96309.0,408.6600500488281
50,ails2_etaMax1.000_stoppingTime432000.00,97381.0,410.32005004882814
51,HGS-TV,97909.0,420.7897307872772
52,ails2_etaMax0.010_stoppingTime432000.00,96168.0,421.5810500488281
53,ails2_eoh_omega2,96485.0,402.6070500488281
54,ails2_etaMax0.005_stoppingTime86400.00,96417.0,414.0730500488281
55,ails2_etaMax1.000_stoppingTime1728000.00,97170.0,438.46905004882814
56,ails2_etaMax1.000_stoppingTime86400.00,97306.0,463.4790500488281
57,ails2_etaMax0.020_stoppingTime86400.00,96299.0,413.68505004882815
58,ails2_etaMax1.000_stoppingTime432000.00,97373.0,410.3450500488281
59,ails2_eoh_acc,96414.0,472.9150500488281
60,HGS-TV,97842.0,480.8040952682495
61,ails2_etaMax0.010_stoppingTime432000.00,96130.0,486.2680500488281
62,ails2_etaMax0.005_stoppingTime86400.00,96415.0,443.31505004882814
63,ails2_eoh_omega2,96435.0,489.98305004882815
64,ails2_etaMax1.000_stoppingTime86400.00,97305.0,463.50705004882815
65,ails2_etaMax0.020_stoppingTime86400.00,96295.0,502.81505004882814
66,ails2_etaMax1.000_stoppingTime432000.00,97313.0,510.7230500488281
67,HGS-TV,97799.0,540.9585890769958
68,ails2_etaMax0.010_stoppingTime432000.00,96116.0,535.3640500488282
69,ails2_eoh_omega2,96426.0,551.7540500488282
70,ails2_etaMax1.000_stoppingTime864000.00,97323.0,592.9200500488281
71,ails2_etaMax0.005_stoppingTime86400.00,96414.0,596.9370500488282
72,HGS-TV,97758.0,601.0399489402771
73,ails2_eoh_omega2,96425.0,577.6630500488282
74,ails2_etaMax0.010_stoppingTime432000.00,96115.0,626.0700500488281
75,ails2_etaMax1.000_stoppingTime864000.00,97289.0,592.9860500488281
76,ails2_etaMax0.005_stoppingTime86400.00,96413.0,613.6070500488281
77,ails2_etaMax0.020_stoppingTime86400.00,96291.0,660.7070500488281
78,HGS-TV,97724.0,661.1410975456238
79,ails2_eoh_omega2,96409.0,653.6030500488281
80,ails2_etaMax0.010_stoppingTime432000.00,96083.0,633.2300500488282
81,ails2_eoh_acc,96412.0,697.8980500488282
82,ails2_etaMax1.000_stoppingTime864000.00,97280.0,667.0750500488281
83,ails2_etaMax0.020_stoppingTime86400.00,96271.0,666.5630500488281
84,HGS-TV,97566.0,721.1482312679291
85,ails2_etaMax0.010_stoppingTime432000.00,96081.0,715.6260500488281
86,ails2_eoh_acc,96398.0,705.4650500488282
87,ails2_etaMax0.005_stoppingTime86400.00,96412.0,769.4350500488281
88,HGS-TV,97543.0,781.2752959728241
89,ails2_etaMax0.020_stoppingTime86400.00,96248.0,744.7000500488281
90,ails2_eoh_acc,96381.0,771.4890500488282
91,ails2_eoh_omega2,96408.0,821.6600500488281
92,ails2_etaMax0.005_stoppingTime86400.00,96407.0,793.9650500488282
93,HGS-TV,97493.0,841.2895498275757
94,ails2_eoh_acc,96376.0,868.9550500488281
95,ails2_eoh_omega2,96403.0,837.4290500488281
96,HGS-TV,97479.0,924.4292848110199
97,ails2_eoh_omega2,96399.0,936.1900500488281
98,ails2_etaMax0.010_stoppingTime432000.00,96072.0,944.8760500488281
99,HGS-TV,97434.0,984.5414493083954
100,ails2_eoh_acc,96375.0,1003.6670500488282
101,ails2_etaMax0.010_stoppingTime432000.00,96049.0,975.1090500488282
102,ails2_etaMax0.005_stoppingTime86400.00,96406.0,1018.1270500488281
103,ails2_etaMax0.020_stoppingTime86400.00,96247.0,1019.4340500488281
104,HGS-TV,97411.0,1044.589145898819
105,ails2_eoh_acc,96353.0,1047.253050048828
106,ails2_etaMax1.000_stoppingTime432000.00,97266.0,1073.771050048828
107,ails2_eoh_acc,96350.0,1108.313050048828
108,ails2_etaMax0.005_stoppingTime86400.00,96405.0,1134.915050048828
109,HGS-TV,97409.0,1194.9952001571655
110,ails2_etaMax0.005_stoppingTime86400.00,96400.0,1176.386050048828
111,ails2_etaMax1.000_stoppingTime86400.00,97290.0,1222.3150500488282
112,HGS-TV,97369.0,1255.0512778759003
113,ails2_etaMax0.005_stoppingTime86400.00,96369.0,1237.973050048828
114,ails2_etaMax1.000_stoppingTime86400.00,97282.0,1224.601050048828
115,ails2_etaMax0.010_stoppingTime432000.00,96047.0,1292.7570500488282
116,HGS-TV,97296.0,1315.1115741729736
117,ails2_etaMax0.020_stoppingTime86400.00,96246.0,1317.3620500488282
118,ails2_etaMax0.005_stoppingTime86400.00,96367.0,1329.5360500488282
119,ails2_etaMax0.010_stoppingTime432000.00,96046.0,1295.697050048828
120,HGS-TV,97207.0,1375.136920928955
121,ails2_etaMax0.020_stoppingTime86400.00,96245.0,1317.8440500488282
122,ails2_eoh_omega2,96391.0,1388.2780500488282
123,ails2_etaMax0.005_stoppingTime86400.00,96366.0,1395.0640500488282
124,HGS-TV,97112.0,1435.3957617282867
125,ails2_eoh_omega2,96388.0,1389.9900500488282
126,ails2_etaMax0.005_stoppingTime86400.00,96365.0,1449.091050048828
127,ails2_eoh_omega2,96387.0,1519.3040500488282
128,HGS-TV,97106.0,1526.9129662513733
129,ails2_eoh_omega2,96373.0,1542.716050048828
130,ails2_etaMax0.020_stoppingTime86400.00,96244.0,1585.2560500488282
131,HGS-TV,97087.0,1587.0381700992584
132,ails2_etaMax0.005_stoppingTime86400.00,96360.0,1604.524050048828
133,ails2_eoh_omega2,96372.0,1630.850050048828
134,ails2_etaMax0.020_stoppingTime86400.00,96243.0,1585.8830500488282
135,ails2_etaMax0.005_stoppingTime86400.00,96344.0,1611.5960500488281
136,ails2_eoh_omega2,96370.0,1643.773050048828
137,ails2_etaMax1.000_stoppingTime864000.00,97271.0,1706.792050048828
138,ails2_etaMax0.005_stoppingTime86400.00,96317.0,1722.647050048828
139,HGS-TV,97063.0,1758.1269431114197
140,ails2_eoh_omega2,96367.0,1764.081050048828
141,ails2_etaMax1.000_stoppingTime864000.00,97140.0,1706.840050048828
142,ails2_etaMax0.005_stoppingTime86400.00,96315.0,1775.890050048828
143,HGS-TV,97029.0,1821.817638874054
144,ails2_eoh_omega2,96345.0,1799.1140500488282
145,ails2_eoh_acc,96339.0,1851.7860500488282
146,ails2_etaMax0.020_stoppingTime86400.00,96242.0,1885.118050048828
147,ails2_eoh_acc,96337.0,1874.390050048828
148,ails2_eoh_omega2,96344.0,1926.7800500488281
149,ails2_etaMax0.020_stoppingTime86400.00,96239.0,1886.935050048828
150,ails2_eoh_omega2,96341.0,1961.243050048828
151,ails2_etaMax1.000_stoppingTime86400.00,97260.0,2000.4580500488282
152,HGS-TV,97004.0,2001.7838459014893
153,ails2_etaMax0.020_stoppingTime86400.00,96232.0,2024.6830500488281
154,ails2_eoh_omega2,96339.0,2043.7980500488281
155,ails2_etaMax1.000_stoppingTime86400.00,97237.0,2017.494050048828
156,HGS-TV,96978.0,2061.9831006526947
157,ails2_etaMax0.005_stoppingTime86400.00,96312.0,2072.100050048828
158,ails2_eoh_acc,96333.0,2084.966050048828
159,ails2_etaMax0.020_stoppingTime86400.00,96220.0,2028.6430500488282
160,ails2_eoh_acc_large,96425.0,2094.908050048828
161,ails2_etaMax0.010_stoppingTime432000.00,96045.0,2101.987050048828
162,ails2_eoh_omega2,96337.0,2065.752050048828
163,HGS-TV,96970.0,2122.026894569397
164,ails2_etaMax0.005_stoppingTime86400.00,96299.0,2106.5520500488283
165,ails2_eoh_acc,96330.0,2085.147050048828
166,ails2_etaMax0.020_stoppingTime86400.00,96207.0,2121.649050048828
167,ails2_eoh_acc_large,96414.0,2101.901050048828
168,ails2_etaMax0.010_stoppingTime432000.00,96026.0,2115.6680500488283
169,ails2_eoh_omega2,96332.0,2169.332050048828
170,ails2_etaMax0.005_stoppingTime86400.00,96274.0,2191.882050048828
171,ails2_eoh_omega2,96331.0,2175.162050048828
172,ails2_etaMax0.005_stoppingTime86400.00,96270.0,2209.286050048828
173,ails2_etaMax1.000_stoppingTime86400.00,97222.0,2261.219050048828
174,ails2_eoh_omega2,96329.0,2243.490050048828
175,HGS-TV,96960.0,2320.141628265381
176,ails2_etaMax1.000_stoppingTime86400.00,97190.0,2352.797050048828
177,ails2_eoh_omega2,96328.0,2314.2460500488282
178,ails2_etaMax0.020_stoppingTime86400.00,96206.0,2366.506050048828
179,ails2_etaMax1.000_stoppingTime86400.00,97183.0,2352.826050048828
180,ails2_eoh_omega2,96305.0,2362.984050048828
181,ails2_etaMax0.020_stoppingTime86400.00,96200.0,2387.710050048828
182,ails2_eoh_acc_large,96402.0,2442.865050048828
183,ails2_etaMax1.000_stoppingTime86400.00,97145.0,2427.199050048828
184,HGS-TV,96947.0,2479.839246034622
185,ails2_etaMax0.020_stoppingTime86400.00,96193.0,2475.357050048828
186,ails2_eoh_omega2,96304.0,2526.8980500488283
187,ails2_etaMax0.005_stoppingTime86400.00,96251.0,2548.065050048828
188,ails2_etaMax0.020_stoppingTime86400.00,96189.0,2531.480050048828
189,ails2_etaMax0.005_stoppingTime86400.00,96243.0,2574.895050048828
190,HGS-TV,96938.0,2624.7125153541565
191,ails2_etaMax0.020_stoppingTime86400.00,96187.0,2636.074050048828
192,ails2_eoh_acc,96327.0,2679.491050048828
193,ails2_eoh_omega2,96303.0,2687.066050048828
194,HGS-TV,96926.0,2690.3459215164185
195,ails2_etaMax0.020_stoppingTime86400.00,96185.0,2650.763050048828
196,HGS-TV,96923.0,2751.347635984421
197,ails2_etaMax0.020_stoppingTime86400.00,96184.0,2756.883050048828
198,ails2_etaMax0.020_stoppingTime86400.00,96176.0,2811.8690500488283
199,HGS-TV,96909.0,2829.365373849869
200,ails2_etaMax0.020_stoppingTime86400.00,96169.0,2846.7640500488283
201,HGS-TV,96893.0,2889.477686882019
202,ails2_etaMax0.020_stoppingTime86400.00,96168.0,2923.9360500488283
203,HGS-TV,96885.0,2963.198621749878
204,ails2_eoh_omega2,96302.0,2968.812050048828
205,ails2_etaMax0.005_stoppingTime86400.00,96236.0,2972.841050048828
206,ails2_etaMax0.020_stoppingTime86400.00,96166.0,2942.028050048828
207,ails2_eoh_omega2,96300.0,3007.727050048828
208,ails2_etaMax0.005_stoppingTime86400.00,96227.0,3022.504050048828
209,ails2_eoh_omega2,96297.0,3050.2040500488283
210,ails2_etaMax0.005_stoppingTime86400.00,96226.0,3045.274050048828
211,ails2_eoh_omega2,96286.0,3140.609050048828
212,ails2_etaMax1.000_stoppingTime86400.00,97126.0,3191.352050048828
213,HGS-TV,96868.0,3192.61877989769
214,ails2_etaMax1.000_stoppingTime432000.00,97256.0,3205.653050048828
215,ails2_etaMax0.020_stoppingTime86400.00,96165.0,3206.546050048828
216,ails2_etaMax0.005_stoppingTime86400.00,96225.0,3245.0430500488283
217,ails2_etaMax1.000_stoppingTime86400.00,97067.0,3191.403050048828
218,HGS-TV,96866.0,3255.008969068527
219,ails2_etaMax1.000_stoppingTime432000.00,97171.0,3206.383050048828
220,ails2_etaMax0.020_stoppingTime86400.00,96158.0,3240.156050048828
221,ails2_etaMax0.005_stoppingTime86400.00,96224.0,3309.989050048828
222,HGS-TV,96862.0,3343.661417245865
223,ails2_etaMax0.020_stoppingTime86400.00,96157.0,3343.761050048828
224,ails2_etaMax0.010_stoppingTime432000.00,96025.0,3366.765050048828
225,ails2_etaMax0.020_stoppingTime86400.00,96156.0,3343.826050048828
226,ails2_eoh_omega2,96285.0,3411.8960500488283
227,HGS-TV,96852.0,3426.9577870368958
228,ails2_etaMax0.010_stoppingTime432000.00,96022.0,3372.993050048828
229,HGS-TV,96834.0,3487.0208733081818
230,ails2_etaMax0.010_stoppingTime432000.00,96021.0,3485.568050048828
231,HGS-TV,96824.0,3547.1095225811005
232,ails2_etaMax0.010_stoppingTime432000.00,96019.0,3515.149050048828
233,ails2_etaMax0.005_stoppingTime86400.00,96018.0,3725.379050048828
234,ails2_eoh_acc_large,96016.0,3838.841050048828
235,ails2_etaMax0.010_stoppingTime432000.00,96018.0,3957.915050048828
236,ails2_eoh_acc,96017.0,3959.238050048828
237,ails2_etaMax0.010_stoppingTime432000.00,96017.0,3965.317050048828
238,ails2_eoh_acc,96010.0,4094.453050048828
239,ails2_etaMax0.005_stoppingTime86400.00,96017.0,4135.231050048828
240,ails2_eoh_acc,96008.0,4094.736050048828
241,ails2_etaMax0.005_stoppingTime86400.00,96010.0,4145.390050048828
242,ails2_eoh_acc,96002.0,4176.113050048828
243,ails2_eoh_omega2,96284.0,4231.810050048828
244,ails2_etaMax1.000_stoppingTime86400.00,97022.0,4236.9370500488285
245,ails2_etaMax0.010_stoppingTime432000.00,96016.0,4254.412050048828
246,ails2_eoh_omega2,96283.0,4238.962050048828
247,ails2_etaMax0.005_stoppingTime86400.00,96009.0,4294.043050048828
248,ails2_etaMax1.000_stoppingTime86400.00,96996.0,4237.295050048828
249,ails2_etaMax0.010_stoppingTime432000.00,96012.0,4284.300050048828
250,ails2_etaMax0.010_stoppingTime432000.00,96011.0,4369.096050048828
251,ails2_eoh_omega2,96282.0,4429.978050048828
252,ails2_etaMax0.020_stoppingTime86400.00,96016.0,4463.733050048828
253,ails2_eoh_omega2,96275.0,4449.757050048828
254,ails2_etaMax0.020_stoppingTime86400.00,95982.0,4492.876050048828
255,ails2_etaMax0.010_stoppingTime432000.00,96010.0,4527.909050048828
256,ails2_etaMax0.020_stoppingTime86400.00,95981.0,4525.232050048829
257,ails2_etaMax1.000_stoppingTime86400.00,96995.0,4611.752050048828
258,ails2_etaMax0.005_stoppingTime86400.00,96008.0,4635.091050048828
259,ails2_etaMax0.020_stoppingTime86400.00,95979.0,4639.675050048828
260,HGS-TV,96018.0,4688.891262769699
261,ails2_etaMax0.005_stoppingTime86400.00,96007.0,4699.395050048828
262,HGS-TV,96014.0,4749.039682388306
263,ails2_eoh_omega2,96274.0,4751.0440500488285
264,ails2_eoh_acc_large,96015.0,4765.478050048828
265,HGS-TV,96013.0,4809.1534814834595
266,ails2_eoh_omega2,96268.0,4770.365050048828
267,ails2_eoh_acc_large,96014.0,4777.5710500488285
268,ails2_etaMax0.005_stoppingTime86400.00,96006.0,4902.314050048828
269,ails2_eoh_acc,95999.0,4909.779050048828
270,ails2_eoh_omega2,96261.0,4935.866050048828
271,ails2_eoh_omega2,96260.0,4939.650050048828
272,ails2_etaMax0.020_stoppingTime86400.00,95977.0,5017.595050048828
273,HGS-TV,96007.0,5020.58859372139
274,ails2_etaMax0.005_stoppingTime86400.00,96001.0,5027.438050048828
275,ails2_eoh_omega2,96258.0,5006.3300500488285
276,ails2_etaMax0.020_stoppingTime86400.00,95969.0,5022.953050048828
277,HGS-TV,96004.0,5080.593200445175
278,ails2_etaMax0.005_stoppingTime86400.00,96000.0,5181.461050048828
279,ails2_etaMax0.020_stoppingTime86400.00,95968.0,5250.739050048828
280,ails2_etaMax0.020_stoppingTime86400.00,95965.0,5252.032050048828
281,ails2_eoh_acc,95995.0,5646.064050048828
282,ails2_eoh_acc,95986.0,5658.057050048828
283,ails2_etaMax0.020_stoppingTime86400.00,95964.0,5743.593050048828
284,HGS-TV,96002.0,5760.2196843624115
285,ails2_etaMax0.020_stoppingTime86400.00,95962.0,5801.929050048828
286,HGS-TV,96001.0,5820.245589733124
287,ails2_etaMax0.020_stoppingTime86400.00,95961.0,5880.914050048828
288,ails2_etaMax0.020_stoppingTime86400.00,95955.0,5898.636050048828
289,ails2_eoh_acc_large,96013.0,5948.051050048828
290,ails2_etaMax0.020_stoppingTime86400.00,95949.0,5945.125050048828
291,ails2_eoh_acc_large,96010.0,5950.106050048828
292,ails2_etaMax1.000_stoppingTime86400.00,96983.0,6285.042050048828
293,ails2_etaMax1.000_stoppingTime86400.00,96927.0,6320.569050048828
294,ails2_etaMax0.010_stoppingTime432000.00,96009.0,6507.176050048828
295,ails2_etaMax0.010_stoppingTime432000.00,96006.0,6534.632050048828
296,ails2_etaMax0.010_stoppingTime432000.00,96003.0,6627.7450500488285
297,ails2_etaMax0.010_stoppingTime432000.00,96001.0,6684.916050048828
298,ails2_etaMax0.010_stoppingTime432000.00,95999.0,6879.223050048829
299,ails2_etaMax0.010_stoppingTime432000.00,95995.0,6907.018050048828
300,ails2_etaMax0.020_stoppingTime86400.00,95948.0,6959.172050048828
301,ails2_eoh_omega2,96255.0,7017.483050048828
302,ails2_etaMax0.020_stoppingTime86400.00,95942.0,6965.978050048828
303,ails2_etaMax1.000_stoppingTime86400.00,96921.0,7028.942050048828
304,ails2_etaMax0.010_stoppingTime432000.00,95994.0,7031.9190500488285
305,ails2_eoh_omega2,96254.0,7072.891050048828
306,ails2_etaMax1.000_stoppingTime86400.00,96885.0,7029.8210500488285
307,ails2_etaMax0.020_stoppingTime86400.00,95940.0,7100.6110500488285
308,ails2_etaMax0.010_stoppingTime432000.00,95993.0,7111.652050048828
309,ails2_eoh_omega2,96253.0,7120.771050048828
310,ails2_etaMax0.010_stoppingTime432000.00,95990.0,7132.334050048828
311,ails2_etaMax1.000_stoppingTime86400.00,96882.0,7222.748050048828
312,ails2_etaMax0.010_stoppingTime432000.00,95984.0,7215.612050048828
313,ails2_eoh_acc,95937.0,7214.4640500488285
314,ails2_etaMax0.005_stoppingTime86400.00,95936.0,7217.914050048828
315,ails2_etaMax1.000_stoppingTime86400.00,96878.0,7223.039050048828
316,ails2_eoh_acc_large,95939.0,7316.951050048828
317,ails2_etaMax0.005_stoppingTime86400.00,95934.0,7312.308050048828
318,ails2_eoh_acc_large,95938.0,7325.400050048828
319,ails2_etaMax1.000_stoppingTime86400.00,96865.0,7487.216050048828
320,ails2_etaMax1.000_stoppingTime86400.00,96781.0,7487.438050048828
321,ails2_eoh_acc_large,95934.0,7567.506050048828
322,ails2_eoh_acc,95934.0,7650.560050048828
323,ails2_eoh_acc,95925.0,7661.833050048828
324,ails2_eoh_acc,95924.0,7711.718050048828
325,HGS-TV,95939.0,7775.83501458168
326,ails2_eoh_acc,95922.0,7950.208050048828
327,HGS-TV,95936.0,8001.103819847107
328,ails2_eoh_acc,95909.0,8009.739050048828
329,HGS-TV,95935.0,8232.63358449936
330,HGS-TV,95932.0,8292.715716123581
331,ails2_etaMax0.010_stoppingTime432000.00,95983.0,8323.187050048828
332,ails2_etaMax1.000_stoppingTime86400.00,96767.0,8367.807050048828
333,ails2_etaMax1.000_stoppingTime86400.00,96699.0,8367.851050048828
334,HGS-TV,95931.0,8504.929169893265
335,ails2_etaMax0.020_stoppingTime86400.00,95937.0,8554.543050048827
336,HGS-TV,95929.0,8564.95038485527
337,ails2_etaMax0.020_stoppingTime86400.00,95935.0,8563.980050048827
338,HGS-TV,95924.0,8624.9671792984
339,ails2_etaMax0.020_stoppingTime86400.00,95929.0,8656.746050048829
340,ails2_etaMax0.020_stoppingTime86400.00,95926.0,8688.282050048829
341,ails2_etaMax0.020_stoppingTime86400.00,95925.0,8806.310050048829
342,ails2_eoh_omega2,96252.0,8828.419050048828
343,ails2_etaMax0.005_stoppingTime86400.00,95933.0,8828.895050048828
344,ails2_etaMax0.020_stoppingTime86400.00,95923.0,8863.427050048827
345,ails2_etaMax1.000_stoppingTime86400.00,96695.0,8878.408050048829
346,ails2_etaMax0.005_stoppingTime86400.00,95926.0,8844.211050048829
347,ails2_eoh_omega2,96251.0,8851.870050048828
348,ails2_etaMax0.020_stoppingTime86400.00,95922.0,8921.805050048828
349,ails2_eoh_omega2,96249.0,8915.529050048828
350,ails2_etaMax0.005_stoppingTime86400.00,95925.0,8975.393050048828
351,ails2_etaMax0.020_stoppingTime86400.00,95919.0,8938.843050048828
352,ails2_eoh_omega2,96248.0,8963.556050048828
353,ails2_etaMax0.005_stoppingTime86400.00,95914.0,8998.919050048828
354,ails2_etaMax1.000_stoppingTime432000.00,97160.0,9042.722050048827
355,ails2_eoh_omega2,96247.0,9095.887050048828
356,ails2_etaMax0.005_stoppingTime86400.00,95913.0,9066.802050048827
357,ails2_etaMax1.000_stoppingTime432000.00,97113.0,9042.746050048829
358,ails2_etaMax0.020_stoppingTime86400.00,95916.0,9128.624050048827
359,ails2_eoh_omega2,96216.0,9136.995050048828
360,ails2_etaMax0.005_stoppingTime86400.00,95909.0,9109.826050048829
361,ails2_etaMax0.020_stoppingTime86400.00,95915.0,9284.937050048828
362,ails2_etaMax0.020_stoppingTime86400.00,95912.0,9285.407050048829
363,ails2_eoh_omega2,96215.0,9353.042050048829
364,ails2_eoh_omega2,96213.0,9803.153050048828
365,ails2_etaMax0.020_stoppingTime86400.00,95911.0,9954.816050048828
366,ails2_eoh_omega2,96212.0,9993.092050048828
367,ails2_etaMax0.020_stoppingTime86400.00,95908.0,9996.983050048828
368,ails2_etaMax1.000_stoppingTime86400.00,96660.0,10045.564050048828
369,ails2_etaMax0.020_stoppingTime86400.00,95905.0,10052.345050048829
370,ails2_etaMax1.000_stoppingTime86400.00,96557.0,10076.831050048828
371,ails2_eoh_omega2,96211.0,10213.515050048829
372,ails2_eoh_omega2,96205.0,10271.327050048829
373,ails2_eoh_omega2,96204.0,10276.983050048828
374,ails2_eoh_omega2,96203.0,10358.871050048829
375,HGS-TV,95924.0,10562.895669460297
376,HGS-TV,95924.0,10622.983919382095
377,HGS-TV,95924.0,10683.013990879059
378,HGS-TV,95924.0,10743.015219211578
379,HGS-TV,95924.0,10803.08313035965
380,HGS-TV,95905.0,12567.269279718399
381,HGS-TV,95905.0,12627.322305679321
382,HGS-TV,95905.0,12687.472560882568
383,HGS-TV,95905.0,12747.47715306282
384,ails2_etaMax1.000_stoppingTime432000.00,97107.0,12835.758050048827
385,HGS-TV,95905.0,12858.111761331558
386,ails2_etaMax1.000_stoppingTime432000.00,97103.0,12836.054050048828
387,HGS-TV,95905.0,12918.192826986313
388,HGS-TV,95905.0,12978.27319073677
389,HGS-TV,95905.0,13038.403193235397
390,HGS-TV,95905.0,13098.441102743149
391,HGS-TV,95905.0,13158.580322027206
392,ails2_etaMax1.000_stoppingTime86400.00,96544.0,13172.773050048829
393,HGS-TV,95905.0,13218.601095199585
394,HGS-TV,95905.0,13278.608980894089
395,ails2_eoh_omega2,96199.0,13311.076050048829
396,HGS-TV,95905.0,13338.648247003555
397,ails2_etaMax1.000_stoppingTime432000.00,97095.0,13365.104050048829
398,ails2_eoh_omega2,96191.0,13332.329050048827
399,ails2_etaMax1.000_stoppingTime432000.00,97090.0,13365.132050048827
400,ails2_etaMax1.000_stoppingTime432000.00,97081.0,13458.074050048828
401,HGS-TV,95905.0,13537.726649522781
402,HGS-TV,95905.0,13597.75177359581
403,ails2_etaMax1.000_stoppingTime86400.00,96540.0,13623.698050048828
404,HGS-TV,95905.0,13657.765142202377
405,ails2_etaMax1.000_stoppingTime86400.00,96539.0,13694.224050048828
406,HGS-TV,95905.0,13717.853647708893
407,ails2_etaMax1.000_stoppingTime86400.00,96476.0,13737.803050048828
408,HGS-TV,95905.0,13852.9819521904
409,HGS-TV,95905.0,13913.062375068665
410,ails2_etaMax1.000_stoppingTime86400.00,96469.0,13927.275050048827
411,HGS-TV,95905.0,13973.126527309418
412,ails2_etaMax1.000_stoppingTime86400.00,96432.0,13959.410050048828
413,HGS-TV,95905.0,14033.19894194603
414,HGS-TV,95905.0,14093.324526548386
415,HGS-TV,95905.0,14153.381618499756
416,HGS-TV,95905.0,14263.562778711319
417,HGS-TV,95905.0,14402.244807481766
418,HGS-TV,95905.0,14620.319928884506
419,HGS-TV,95905.0,14703.98712515831
420,ails2_etaMax1.000_stoppingTime86400.00,96429.0,14762.674050048829
421,HGS-TV,95905.0,14764.05656337738
422,ails2_etaMax1.000_stoppingTime86400.00,96415.0,14762.737050048829
423,HGS-TV,95905.0,14837.661970615387
424,HGS-TV,95905.0,14897.692234039307
425,HGS-TV,95905.0,14957.740080595016
426,ails2_etaMax1.000_stoppingTime432000.00,97076.0,14985.560050048829
427,HGS-TV,95905.0,15024.072127819061
428,HGS-TV,95905.0,15084.120394229889
429,HGS-TV,95905.0,15144.193087816238
430,ails2_etaMax1.000_stoppingTime86400.00,96410.0,15194.156050048829
431,HGS-TV,95905.0,15204.30738401413
432,ails2_etaMax1.000_stoppingTime86400.00,96379.0,15194.260050048828
433,HGS-TV,95905.0,15264.354977369308
434,HGS-TV,95905.0,15324.492168664932
435,HGS-TV,95905.0,15384.497047185898
436,HGS-TV,95905.0,15444.556364774704
437,HGS-TV,95905.0,15561.286451101303
438,HGS-TV,95905.0,15625.158477067947
439,HGS-TV,95905.0,15685.222937345505
440,HGS-TV,95905.0,15834.466349601746
441,ails2_etaMax1.000_stoppingTime432000.00,97061.0,15879.998050048827
442,HGS-TV,95905.0,16105.09923171997
443,HGS-TV,95905.0,16165.110967874527
444,HGS-TV,95905.0,16225.129315137863
445,HGS-TV,95905.0,16292.580862998962
446,HGS-TV,95905.0,16352.639328718185
447,HGS-TV,95905.0,16412.66528916359
448,HGS-TV,95905.0,16490.98296523094
449,HGS-TV,95905.0,16551.02020072937
450,HGS-TV,95905.0,16611.186533927917
451,ails2_eoh_omega2,96190.0,16651.766050048827
452,HGS-TV,95905.0,16671.252474069595
453,HGS-TV,95905.0,16731.278721809387
454,HGS-TV,95905.0,16791.34339952469
455,ails2_etaMax1.000_stoppingTime432000.00,97059.0,16846.82405004883
456,HGS-TV,95905.0,16851.402673244476
457,ails2_etaMax1.000_stoppingTime86400.00,96370.0,16893.520050048828
458,HGS-TV,95905.0,16911.43086528778
459,ails2_etaMax1.000_stoppingTime86400.00,96355.0,16893.56205004883
460,HGS-TV,95905.0,16971.47124147415
461,HGS-TV,95905.0,17045.125434160233
462,ails2_etaMax1.000_stoppingTime86400.00,96353.0,17160.46905004883
463,HGS-TV,95905.0,17177.962614536285
464,HGS-TV,95905.0,17238.094658136368
465,ails2_etaMax1.000_stoppingTime86400.00,96338.0,17260.305050048828
466,HGS-TV,95905.0,17298.16427254677
467,ails2_etaMax1.000_stoppingTime86400.00,96295.0,17260.34605004883
468,HGS-TV,95905.0,17358.244930028915
469,HGS-TV,95905.0,17418.265640497208
470,HGS-TV,95905.0,17478.326773166656
471,HGS-TV,95905.0,17541.40566444397
472,HGS-TV,95905.0,17601.50371003151
473,ails2_etaMax1.000_stoppingTime432000.00,97052.0,17620.48605004883
474,HGS-TV,95905.0,17661.566692352295
475,ails2_etaMax1.000_stoppingTime432000.00,97051.0,17650.66405004883
476,ails2_etaMax1.000_stoppingTime86400.00,96291.0,17719.15305004883
477,HGS-TV,95905.0,17721.60881280899
478,ails2_etaMax1.000_stoppingTime86400.00,96273.0,17721.818050048827
479,HGS-TV,95905.0,17781.77108168602
480,HGS-TV,95905.0,18062.66738820076
481,ails2_etaMax1.000_stoppingTime432000.00,97043.0,18091.30805004883
482,ails2_etaMax1.000_stoppingTime864000.00,97094.0,18191.50505004883
483,HGS-TV,95905.0,18343.2694272995
484,HGS-TV,95905.0,18904.9485976696
485,HGS-TV,95905.0,19047.411978006363
486,HGS-TV,95905.0,19107.447608470917
487,HGS-TV,95905.0,19167.521149635315
488,HGS-TV,95905.0,19227.54348063469
489,HGS-TV,95905.0,19348.95515179634
490,HGS-TV,95905.0,19421.52219772339
491,HGS-TV,95905.0,19481.654059171677
492,HGS-TV,95905.0,19588.781582832336
493,HGS-TV,95905.0,19677.115464925766
494,HGS-TV,95905.0,20133.514103889465
495,HGS-TV,95905.0,20706.632915496826
496,HGS-TV,95905.0,20914.276891708374
497,HGS-TV,95905.0,20974.392785310745
498,HGS-TV,95905.0,21281.834891319275
499,ails2_etaMax1.000_stoppingTime432000.00,97003.0,21346.72005004883
500,ails2_etaMax1.000_stoppingTime86400.00,96268.0,21368.501050048828
501,ails2_etaMax1.000_stoppingTime432000.00,96995.0,21346.765050048827
502,ails2_etaMax1.000_stoppingTime86400.00,96244.0,21368.69905004883
503,ails2_etaMax1.000_stoppingTime86400.00,96242.0,21516.27805004883
504,ails2_etaMax1.000_stoppingTime86400.00,96226.0,21721.59605004883
505,ails2_etaMax1.000_stoppingTime86400.00,96219.0,21721.640050048827
506,HGS-TV,95905.0,21966.182931661606
507,HGS-TV,95905.0,22026.196195364
508,ails2_etaMax1.000_stoppingTime432000.00,96989.0,22070.154050048826
509,HGS-TV,95905.0,22090.152572155
510,ails2_etaMax1.000_stoppingTime432000.00,96962.0,22070.209050048827
511,HGS-TV,95905.0,22150.21396803856
512,ails2_etaMax1.000_stoppingTime86400.00,96216.0,22159.59905004883
513,ails2_etaMax1.000_stoppingTime86400.00,96199.0,22159.63005004883
514,ails2_etaMax1.000_stoppingTime432000.00,96956.0,22313.787050048828
515,ails2_etaMax0.010_stoppingTime432000.00,95982.0,22464.531050048827
516,ails2_etaMax0.010_stoppingTime432000.00,95981.0,22512.99305004883
517,ails2_etaMax0.010_stoppingTime432000.00,95980.0,22687.252050048828
518,ails2_etaMax0.010_stoppingTime432000.00,95978.0,22709.137050048826
519,HGS-TV,95905.0,22787.087220430374
520,ails2_etaMax0.010_stoppingTime432000.00,95977.0,22765.11705004883
521,HGS-TV,95905.0,22847.092187166214
522,ails2_eoh_omega2,96189.0,23272.067050048827
523,HGS-TV,95905.0,23274.294625282288
524,HGS-TV,95905.0,23426.909037828445
525,HGS-TV,95905.0,23486.956192731857
526,ails2_etaMax1.000_stoppingTime864000.00,97088.0,23771.49205004883
527,ails2_etaMax1.000_stoppingTime864000.00,97060.0,23771.801050048827
528,ails2_etaMax1.000_stoppingTime86400.00,96195.0,23980.783050048827
529,ails2_eoh_omega2,96187.0,24012.93605004883
530,ails2_etaMax1.000_stoppingTime86400.00,96187.0,23981.323050048828
531,ails2_eoh_omega2,96181.0,24067.733050048828
532,ails2_etaMax1.000_stoppingTime86400.00,96171.0,24269.768050048828
533,ails2_etaMax1.000_stoppingTime86400.00,96165.0,24514.43105004883
534,ails2_eoh_omega2,96178.0,24564.97205004883
535,ails2_etaMax1.000_stoppingTime86400.00,96150.0,24515.75605004883
536,ails2_etaMax1.000_stoppingTime432000.00,96940.0,24632.139050048827
537,ails2_eoh_omega2,96177.0,24652.782050048827
538,ails2_eoh_omega2,96176.0,24652.870050048827
539,ails2_etaMax1.000_stoppingTime86400.00,96124.0,24928.66905004883
540,ails2_etaMax1.000_stoppingTime86400.00,96107.0,24934.391050048827
541,ails2_eoh_omega2,96175.0,24991.982050048828
542,ails2_eoh_omega2,96173.0,25048.59705004883
543,ails2_eoh_omega2,96171.0,25059.067050048827
544,HGS-TV,95905.0,25346.737052202225
545,HGS-TV,95905.0,25406.93905377388
546,HGS-TV,95905.0,25466.987682819366
547,HGS-TV,95905.0,25527.225715875626
548,HGS-TV,95905.0,25587.25519323349
549,HGS-TV,95905.0,25647.343456745148
550,HGS-TV,95905.0,25707.555732011795
551,HGS-TV,95905.0,25767.604407787323
552,HGS-TV,95905.0,25858.950670957565
553,HGS-TV,95905.0,25919.041179656982
554,HGS-TV,95905.0,25979.244614362717
555,HGS-TV,95905.0,26039.24768280983
556,HGS-TV,95905.0,26099.414479255676
557,HGS-TV,95905.0,26159.453083753586
558,HGS-TV,95905.0,26219.6384165287
559,HGS-TV,95905.0,26279.6806743145
560,HGS-TV,95905.0,26339.745564699173
561,HGS-TV,95905.0,26399.75826382637
562,HGS-TV,95905.0,26477.00293493271
563,ails2_etaMax1.000_stoppingTime86400.00,96104.0,26581.729050048827
564,HGS-TV,95905.0,26619.46436572075
565,ails2_etaMax1.000_stoppingTime86400.00,96097.0,26649.52805004883
566,ails2_etaMax1.000_stoppingTime86400.00,96077.0,26649.623050048827
567,HGS-TV,95905.0,26721.517001390457
568,HGS-TV,95905.0,26781.53732562065
569,HGS-TV,95905.0,26841.58459329605
570,HGS-TV,95905.0,26901.625091552734
571,HGS-TV,95905.0,26961.640038490295
572,HGS-TV,95905.0,27021.676580429077
573,HGS-TV,95905.0,27186.54563975334
574,ails2_etaMax1.000_stoppingTime432000.00,96926.0,27217.984050048828
575,HGS-TV,95905.0,27269.69436621666
576,ails2_etaMax1.000_stoppingTime432000.00,96890.0,27218.068050048827
577,HGS-TV,95905.0,27329.696543455124
578,HGS-TV,95905.0,27403.526528835297
579,HGS-TV,95905.0,27808.0603659153
580,HGS-TV,95905.0,27868.176959753036
581,HGS-TV,95905.0,27928.212827682495
582,HGS-TV,95905.0,27991.445776462555
583,HGS-TV,95905.0,28051.598710775375
584,HGS-TV,95905.0,28130.57541036606
585,HGS-TV,95905.0,28266.976158618927
586,ails2_etaMax1.000_stoppingTime1728000.00,97165.0,28307.38105004883
587,ails2_etaMax1.000_stoppingTime86400.00,96069.0,28351.943050048827
588,HGS-TV,95905.0,28448.96840262413
589,ails2_etaMax1.000_stoppingTime432000.00,96869.0,28482.05905004883
590,ails2_etaMax1.000_stoppingTime432000.00,96851.0,28483.66905004883
591,HGS-TV,95905.0,28549.386798143387
592,HGS-TV,95905.0,28628.989283561707
593,HGS-TV,95905.0,28691.33695435524
594,HGS-TV,95905.0,28751.384633541107
595,HGS-TV,95905.0,28811.40475320816
596,HGS-TV,95905.0,28871.42542219162
597,HGS-TV,95905.0,29020.17688560486
598,HGS-TV,95905.0,29080.23255085945
599,HGS-TV,95905.0,29140.303868293762
600,HGS-TV,95905.0,29200.382952451706
601,HGS-TV,95905.0,29274.242889881134
602,HGS-TV,95905.0,29364.60436654091
603,HGS-TV,95905.0,29521.551795244217
604,HGS-TV,95905.0,29689.497503995895
605,ails2_etaMax1.000_stoppingTime86400.00,96067.0,29701.00805004883
606,ails2_etaMax1.000_stoppingTime86400.00,96022.0,29701.79305004883
607,HGS-TV,95905.0,29839.90674519539
608,HGS-TV,95905.0,29902.03934955597
609,HGS-TV,95905.0,29962.063456058502
610,HGS-TV,95905.0,30116.855971097946
611,HGS-TV,95905.0,30176.906158924103
612,HGS-TV,95905.0,30264.72877383232
613,HGS-TV,95905.0,30636.423667430878
614,HGS-TV,95905.0,30737.105827093124
615,ails2_etaMax1.000_stoppingTime86400.00,96021.0,30741.86005004883
616,ails2_etaMax1.000_stoppingTime86400.00,96012.0,30742.656050048827
617,HGS-TV,95905.0,30804.352593421936
618,HGS-TV,95905.0,30864.38488960266
619,HGS-TV,95905.0,30985.18734073639
620,HGS-TV,95905.0,31067.141922473907
621,HGS-TV,95905.0,31127.2382311821
622,HGS-TV,95905.0,31187.250404834747
623,ails2_etaMax1.000_stoppingTime86400.00,96009.0,31205.817050048827
624,HGS-TV,95905.0,31253.455721139908
625,ails2_etaMax1.000_stoppingTime86400.00,95970.0,31231.59205004883
626,HGS-TV,95905.0,31313.54444336891
627,ails2_etaMax1.000_stoppingTime86400.00,95966.0,31302.478050048827
628,ails2_etaMax1.000_stoppingTime864000.00,96984.0,31351.79405004883
629,HGS-TV,95905.0,31373.635320663452
630,ails2_etaMax1.000_stoppingTime864000.00,96982.0,31351.820050048827
631,ails2_eoh_omega2,96169.0,31423.98605004883
632,HGS-TV,95905.0,31433.7065680027
633,ails2_eoh_omega2,96154.0,31465.887050048826
634,ails2_etaMax1.000_stoppingTime86400.00,95964.0,31489.481050048827
635,HGS-TV,95905.0,31493.723610639572
636,ails2_eoh_omega2,96153.0,31549.62905004883
637,ails2_etaMax1.000_stoppingTime86400.00,95934.0,31535.030050048827
638,HGS-TV,95905.0,31553.72668170929
639,HGS-TV,95905.0,31613.799107074738
640,HGS-TV,95905.0,31673.86276936531
641,HGS-TV,95905.0,31733.93229675293
642,ails2_eoh_omega2,96152.0,31782.02205004883
643,HGS-TV,95905.0,31794.071347236633
644,ails2_etaMax0.010_stoppingTime432000.00,95976.0,31847.015050048827
645,HGS-TV,95905.0,31854.166432857513
646,ails2_etaMax1.000_stoppingTime1728000.00,97164.0,31875.77705004883
647,ails2_etaMax0.010_stoppingTime432000.00,95975.0,31880.81305004883
648,HGS-TV,95905.0,31914.22663784027
649,ails2_etaMax1.000_stoppingTime1728000.00,97105.0,31875.945050048827
650,HGS-TV,95905.0,31976.47641324997
651,HGS-TV,95905.0,32037.778739452362
652,HGS-TV,95905.0,32099.736414432526
653,HGS-TV,95905.0,32159.764860391617
654,HGS-TV,95905.0,32219.77454519272
655,HGS-TV,95905.0,32280.659856796265
656,HGS-TV,95905.0,32340.770742416382
657,ails2_etaMax1.000_stoppingTime86400.00,95929.0,32378.46905004883
658,HGS-TV,95905.0,32400.95893263817
659,ails2_etaMax1.000_stoppingTime86400.00,95911.0,32378.517050048828
660,HGS-TV,95905.0,32460.989417552948
661,HGS-TV,95905.0,32521.07938027382
662,HGS-TV,95905.0,32581.236708641052
663,HGS-TV,95905.0,32641.3010365963
664,HGS-TV,95905.0,32701.317409276962
665,HGS-TV,95905.0,32761.35183739662
666,HGS-TV,95905.0,32821.476043224335
667,HGS-TV,95905.0,32881.546796798706
668,HGS-TV,95905.0,32941.63677191734
669,HGS-TV,95905.0,33001.73944401741
670,HGS-TV,95905.0,33154.95512533188
671,HGS-TV,95905.0,33292.71572971344
672,HGS-TV,95905.0,33352.7428753376
673,HGS-TV,95905.0,33412.785207271576
674,HGS-TV,95905.0,33472.86903142929
675,HGS-TV,95905.0,33532.91898870468
676,HGS-TV,95905.0,33592.950771570206
677,HGS-TV,95905.0,33652.951842308044
678,HGS-TV,95905.0,33713.02283477783
679,HGS-TV,95905.0,33855.56677722931
680,HGS-TV,95905.0,33934.52504301071
681,HGS-TV,95905.0,33994.617735147476
682,HGS-TV,95905.0,34054.792996406555
683,HGS-TV,95905.0,34114.91797757149
684,HGS-TV,95905.0,34175.0822327137
685,HGS-TV,95905.0,34235.22491025925
686,HGS-TV,95905.0,34428.56507611275
687,HGS-TV,95905.0,34488.69197487831
688,HGS-TV,95905.0,34548.74932193756
689,HGS-TV,95905.0,34623.79611468315
690,HGS-TV,95905.0,34757.036819934845
691,ails2_etaMax1.000_stoppingTime86400.00,95907.0,34795.040050048825
692,HGS-TV,95905.0,34852.798020124435
693,ails2_etaMax1.000_stoppingTime86400.00,95903.0,34795.09605004883
694,HGS-TV,95905.0,34912.82679772377
695,ails2_etaMax1.000_stoppingTime86400.00,95881.0,34904.30805004883
696,HGS-TV,95905.0,34973.90060567856
697,ails2_etaMax1.000_stoppingTime86400.00,95879.0,34968.559050048825
698,HGS-TV,95905.0,35033.94446325302
699,HGS-TV,95905.0,35093.96179533005
700,HGS-TV,95905.0,35154.00742459297
701,HGS-TV,95905.0,35214.03114557266
702,HGS-TV,95905.0,35274.13234710693
703,HGS-TV,95905.0,35334.14855360985
704,HGS-TV,95905.0,35402.96151781082
705,HGS-TV,95905.0,35463.08467745781
706,ails2_etaMax1.000_stoppingTime1728000.00,97104.0,35473.41605004883
707,HGS-TV,95905.0,35523.08632802963
708,HGS-TV,95905.0,35778.95870947838
709,ails2_etaMax0.005_stoppingTime86400.00,95811.0,36049.345050048825
710,ails2_eoh_acc,95774.0,36069.37605004883
711,HGS-TV,95867.0,36121.2530374527
712,ails2_etaMax0.005_stoppingTime86400.00,95771.0,36122.56905004883
713,ails2_eoh_acc,95760.0,36106.383050048826
714,ails2_etaMax0.005_stoppingTime86400.00,95759.0,36166.69205004883
715,ails2_eoh_acc,95752.0,36189.16105004883
716,ails2_etaMax0.005_stoppingTime86400.00,95756.0,36220.76705004883
717,ails2_eoh_acc,95751.0,36198.62105004883
718,HGS-TV,95863.0,36332.03895378113
719,HGS-TV,95856.0,36392.251744031906
720,ails2_eoh_acc,95749.0,36432.38405004883
721,HGS-TV,95839.0,36452.333701610565
722,ails2_etaMax0.020_stoppingTime86400.00,95878.0,36460.19105004883
723,ails2_eoh_acc,95746.0,36459.074050048825
724,HGS-TV,95838.0,36512.39807724953
725,ails2_etaMax0.020_stoppingTime86400.00,95876.0,36462.186050048826
726,HGS-TV,95826.0,36572.60716128349
727,HGS-TV,95825.0,36672.545929670334
728,HGS-TV,95824.0,36732.618059158325
729,ails2_etaMax0.005_stoppingTime86400.00,95755.0,36765.03605004883
730,HGS-TV,95823.0,36792.73867535591
731,HGS-TV,95822.0,36852.79267668724
732,ails2_etaMax0.020_stoppingTime86400.00,95870.0,36886.61505004883
733,ails2_etaMax0.005_stoppingTime86400.00,95754.0,36898.62305004883
734,HGS-TV,95821.0,36912.975910425186
735,ails2_etaMax0.020_stoppingTime86400.00,95869.0,36920.09205004883
736,ails2_etaMax0.005_stoppingTime86400.00,95750.0,36917.52805004883
737,HGS-TV,95820.0,36973.09027123451
738,ails2_etaMax0.020_stoppingTime86400.00,95868.0,36985.75505004883
739,ails2_etaMax0.005_stoppingTime86400.00,95747.0,37008.222050048826
740,ails2_etaMax0.020_stoppingTime86400.00,95865.0,37015.53005004883
741,HGS-TV,95819.0,37095.81681275368
742,HGS-TV,95816.0,37155.86974263191
743,HGS-TV,95814.0,37215.979400873184
744,ails2_etaMax0.020_stoppingTime86400.00,95864.0,37256.540050048825
745,HGS-TV,95813.0,37316.4738008976
746,ails2_etaMax0.020_stoppingTime86400.00,95857.0,37277.87405004883
747,ails2_etaMax0.005_stoppingTime86400.00,95746.0,37360.40505004883
748,HGS-TV,95810.0,37376.4815428257
749,ails2_etaMax0.020_stoppingTime86400.00,95856.0,37384.275050048826
750,ails2_etaMax0.005_stoppingTime86400.00,95745.0,37411.53005004883
751,HGS-TV,95801.0,37436.5110783577
752,ails2_etaMax0.020_stoppingTime86400.00,95852.0,37418.77405004883
753,ails2_etaMax0.005_stoppingTime86400.00,95744.0,37482.96505004883
754,HGS-TV,95799.0,37496.52253770828
755,ails2_etaMax0.005_stoppingTime86400.00,95740.0,37534.73205004883
756,ails2_etaMax0.020_stoppingTime86400.00,95851.0,37569.64205004883
757,HGS-TV,95798.0,37578.226219415665
758,ails2_etaMax0.005_stoppingTime86400.00,95738.0,37557.42205004883
759,ails2_etaMax0.020_stoppingTime86400.00,95843.0,37592.97305004883
760,HGS-TV,95797.0,37638.23701763153
761,HGS-TV,95786.0,37698.33217072487
762,ails2_etaMax0.020_stoppingTime86400.00,95842.0,37735.38005004883
763,ails2_etaMax0.020_stoppingTime86400.00,95833.0,37744.489050048825
764,HGS-TV,95783.0,37816.20097517967
765,HGS-TV,95782.0,37876.3077750206
766,ails2_etaMax0.020_stoppingTime86400.00,95832.0,37945.148050048825
767,HGS-TV,95779.0,37965.35911536217
768,ails2_etaMax0.020_stoppingTime86400.00,95831.0,37945.36705004883
769,ails2_etaMax0.020_stoppingTime86400.00,95828.0,38098.739050048825
770,ails2_etaMax0.020_stoppingTime86400.00,95826.0,38360.71005004883
771,HGS-TV,95778.0,38396.30280971527
772,ails2_etaMax0.020_stoppingTime86400.00,95823.0,38369.546050048826
773,HGS-TV,95775.0,38491.008754491806
774,HGS-TV,95767.0,38551.01101756096
775,ails2_eoh_acc,95742.0,38586.989050048825
776,HGS-TV,95763.0,38611.13832259178
777,HGS-TV,95760.0,38746.84489941597
778,ails2_etaMax0.005_stoppingTime86400.00,95736.0,39063.10205004883
779,ails2_etaMax1.000_stoppingTime86400.00,95873.0,39066.58705004883
780,ails2_etaMax0.005_stoppingTime86400.00,95731.0,39091.38705004883
781,ails2_etaMax1.000_stoppingTime86400.00,95872.0,39066.900050048826
782,HGS-TV,95759.0,39193.42344212532
783,ails2_etaMax0.020_stoppingTime86400.00,95822.0,39232.94505004883
784,HGS-TV,95758.0,39390.83624744415
785,ails2_etaMax0.020_stoppingTime86400.00,95821.0,39442.540050048825
786,HGS-TV,95757.0,39450.98095655441
787,ails2_etaMax0.020_stoppingTime86400.00,95816.0,39450.95905004883
788,HGS-TV,95756.0,39510.99509572983
789,ails2_etaMax1.000_stoppingTime86400.00,95871.0,39616.491050048826
790,ails2_etaMax1.000_stoppingTime432000.00,96837.0,39952.328050048825
791,ails2_etaMax1.000_stoppingTime432000.00,96831.0,40124.37405004883
792,ails2_etaMax1.000_stoppingTime432000.00,96814.0,40124.40105004883
793,ails2_etaMax1.000_stoppingTime86400.00,95865.0,40257.46505004883
794,ails2_etaMax1.000_stoppingTime432000.00,96783.0,41331.33705004883
795,ails2_etaMax1.000_stoppingTime1728000.00,97100.0,41532.260050048826
796,ails2_etaMax1.000_stoppingTime1728000.00,97086.0,41532.95005004883
797,ails2_etaMax0.010_stoppingTime432000.00,95969.0,42323.52605004883
798,HGS-TV,95731.0,42386.64398622513
799,ails2_etaMax0.010_stoppingTime432000.00,95968.0,42443.17705004883
800,HGS-TV,95731.0,42446.83370280266
801,ails2_etaMax0.010_stoppingTime432000.00,95967.0,42444.381050048825
802,HGS-TV,95731.0,42506.835062265396
803,ails2_etaMax0.010_stoppingTime432000.00,95966.0,42552.90705004883
804,HGS-TV,95731.0,42567.02966427803
805,HGS-TV,95731.0,42627.14499044418
806,HGS-TV,95731.0,42687.216362953186
807,HGS-TV,95731.0,42747.49711585045
808,HGS-TV,95731.0,42807.51805758476
809,HGS-TV,95731.0,42867.56644034386
810,HGS-TV,95731.0,42927.846168756485
811,ails2_etaMax1.000_stoppingTime432000.00,96781.0,42951.54505004883
812,HGS-TV,95731.0,42987.908262729645
813,HGS-TV,95731.0,43056.790417432785
814,HGS-TV,95731.0,43141.124898672104
815,HGS-TV,95731.0,43201.22052669525
816,HGS-TV,95731.0,43261.26994538307
817,HGS-TV,95731.0,43414.950241565704
818,ails2_etaMax0.010_stoppingTime432000.00,95951.0,43431.95005004883
819,HGS-TV,95731.0,43474.991728782654
820,ails2_etaMax0.010_stoppingTime432000.00,95934.0,43446.57105004883
821,ails2_etaMax0.010_stoppingTime432000.00,95933.0,43514.32205004883
822,ails2_etaMax0.010_stoppingTime432000.00,95932.0,43560.449050048825
823,HGS-TV,95731.0,43655.35927414894
824,ails2_etaMax0.010_stoppingTime432000.00,95931.0,43668.574050048825
825,HGS-TV,95731.0,43724.26819252968
826,HGS-TV,95731.0,43793.112855911255
827,HGS-TV,95731.0,43853.23582339287
828,HGS-TV,95731.0,43913.39205741882
829,HGS-TV,95731.0,44015.13473820686
830,ails2_etaMax0.010_stoppingTime432000.00,95930.0,44039.55605004883
831,HGS-TV,95731.0,44075.19189429283
832,HGS-TV,95731.0,44164.80263495445
833,HGS-TV,95731.0,44309.47775769234
834,HGS-TV,95731.0,44409.30066657066
835,HGS-TV,95731.0,44912.23000240326
836,HGS-TV,95731.0,45094.23239827156
837,HGS-TV,95731.0,45154.3313331604
838,HGS-TV,95731.0,45214.42494606972
839,HGS-TV,95731.0,45374.43231844902
840,HGS-TV,95731.0,45481.954380989075
841,HGS-TV,95731.0,45542.04077410698
842,HGS-TV,95731.0,45806.7656288147
843,HGS-TV,95731.0,45866.97843170166
844,ails2_etaMax1.000_stoppingTime1728000.00,97070.0,45895.39105004883
845,HGS-TV,95731.0,45927.112555742264
846,ails2_etaMax1.000_stoppingTime1728000.00,97031.0,45895.529050048826
847,HGS-TV,95731.0,45987.22820830345
848,HGS-TV,95731.0,46047.29373073578
849,HGS-TV,95731.0,46107.30186462402
850,HGS-TV,95731.0,46167.322227716446
851,HGS-TV,95731.0,46227.63672852516
852,HGS-TV,95731.0,46287.64047241211
853,HGS-TV,95731.0,46347.82625555992
854,HGS-TV,95731.0,46680.26086592674
855,HGS-TV,95731.0,46789.496539115906
856,HGS-TV,95731.0,46905.58302974701
857,HGS-TV,95731.0,46985.55399799347
858,HGS-TV,95731.0,47189.75313067436
859,HGS-TV,95731.0,47249.880378723145
860,HGS-TV,95731.0,47310.004588127136
861,HGS-TV,95731.0,47416.61521649361
862,HGS-TV,95731.0,47476.71621584892
863,HGS-TV,95731.0,47536.78536653519
864,HGS-TV,95731.0,47596.93618249893
865,HGS-TV,95731.0,47681.671656847
866,HGS-TV,95731.0,47741.77028083801
867,ails2_etaMax1.000_stoppingTime432000.00,96778.0,47753.91105004883
868,HGS-TV,95731.0,47801.77608084679
869,ails2_etaMax1.000_stoppingTime432000.00,96733.0,47755.86705004883
870,ails2_etaMax1.000_stoppingTime1728000.00,97028.0,47819.08305004883
871,ails2_etaMax0.005_stoppingTime86400.00,95730.0,47854.51605004883
872,HGS-TV,95731.0,47861.83702349663
873,HGS-TV,95731.0,47929.58321976662
874,HGS-TV,95731.0,48025.76885008812
875,HGS-TV,95731.0,48085.867449998856
876,HGS-TV,95731.0,48152.9294052124
877,HGS-TV,95731.0,48331.80897474289
878,HGS-TV,95731.0,48406.799429893494
879,HGS-TV,95731.0,48466.96055793762
880,HGS-TV,95731.0,48527.00636076927
881,ails2_etaMax1.000_stoppingTime432000.00,96728.0,48683.08105004883
882,HGS-TV,95731.0,48701.55035543442
883,ails2_etaMax1.000_stoppingTime432000.00,96693.0,48684.51205004883
884,HGS-TV,95731.0,48761.560091495514
885,HGS-TV,95731.0,48821.67167210579
886,HGS-TV,95731.0,48881.73605155945
887,HGS-TV,95731.0,48977.155697345734
888,HGS-TV,95731.0,49049.12544155121
889,HGS-TV,95731.0,49109.15530824661
890,ails2_etaMax1.000_stoppingTime432000.00,96682.0,49145.38805004883
891,HGS-TV,95731.0,49169.30885720253
892,ails2_etaMax1.000_stoppingTime432000.00,96664.0,49145.42405004883
893,HGS-TV,95731.0,49239.39034938812
894,HGS-TV,95731.0,49299.43589901924
895,HGS-TV,95731.0,49359.47513103485
896,ails2_etaMax1.000_stoppingTime432000.00,96660.0,49409.86905004883
897,HGS-TV,95731.0,49419.59031844139
898,HGS-TV,95731.0,49479.643280267715
899,HGS-TV,95731.0,49866.255810022354
900,HGS-TV,95731.0,49979.005207538605
901,HGS-TV,95731.0,50039.084602832794
902,HGS-TV,95731.0,50111.345527887344
903,HGS-TV,95731.0,50171.38482284546
904,HGS-TV,95731.0,50231.46935200691
905,HGS-TV,95731.0,50291.599168777466
906,HGS-TV,95731.0,50351.69199156761
907,ails2_etaMax1.000_stoppingTime86400.00,95859.0,50596.48005004883
908,ails2_etaMax1.000_stoppingTime86400.00,95849.0,50602.68105004883
909,HGS-TV,95730.0,52442.70012998581
910,ails2_etaMax1.000_stoppingTime86400.00,95842.0,52458.67905004883
911,HGS-TV,95730.0,52502.75333952904
912,HGS-TV,95730.0,52562.837706804276
913,HGS-TV,95730.0,52622.91457724571
914,HGS-TV,95730.0,52682.998190402985
915,HGS-TV,95730.0,52743.0848839283
916,HGS-TV,95730.0,52803.14694428444
917,HGS-TV,95730.0,52863.240622997284
918,HGS-TV,95730.0,52933.813611269
919,HGS-TV,95730.0,52993.9644651413
920,HGS-TV,95730.0,53119.913105249405
921,HGS-TV,95730.0,53179.97642850876
922,HGS-TV,95730.0,53476.00970196724
923,HGS-TV,95730.0,53536.18014574051
924,HGS-TV,95730.0,53596.22504758835
925,HGS-TV,95730.0,53656.2888071537
926,HGS-TV,95730.0,53740.12936425209
927,HGS-TV,95730.0,53840.42641353607
928,HGS-TV,95730.0,54023.678559064865
929,ails2_eoh_omega2,96151.0,54031.56705004883
930,ails2_eoh_omega2,96148.0,54064.75505004883
931,HGS-TV,95730.0,54152.989219903946
932,ails2_eoh_omega2,96138.0,54138.75705004883
933,ails2_eoh_omega2,96133.0,54164.85305004883
934,HGS-TV,95730.0,54220.99835085869
935,ails2_eoh_omega2,96132.0,54232.701050048825
936,HGS-TV,95730.0,54324.4167239666
937,HGS-TV,95730.0,54384.46107459068
938,HGS-TV,95730.0,54552.62427806854
939,ails2_etaMax1.000_stoppingTime86400.00,95840.0,54576.436050048826
940,HGS-TV,95730.0,54612.6938726902
941,HGS-TV,95730.0,54865.80724954605
942,HGS-TV,95730.0,55016.4995162487
943,ails2_etaMax1.000_stoppingTime864000.00,96970.0,55053.74505004883
944,ails2_etaMax1.000_stoppingTime864000.00,96953.0,55053.771050048825
945,ails2_etaMax1.000_stoppingTime432000.00,96643.0,55157.129050048825
946,ails2_etaMax1.000_stoppingTime432000.00,96627.0,55157.40105004883
947,HGS-TV,95730.0,55307.23237705231
948,HGS-TV,95730.0,55367.3935675621
949,ails2_etaMax1.000_stoppingTime86400.00,95838.0,55383.146050048825
950,ails2_etaMax1.000_stoppingTime86400.00,95835.0,55401.72805004883
951,HGS-TV,95730.0,55458.715979099274
952,HGS-TV,95730.0,55518.79145503044
953,HGS-TV,95730.0,55604.614924907684
954,HGS-TV,95730.0,55681.411792993546
955,HGS-TV,95730.0,55787.82974290848
956,HGS-TV,95730.0,55847.9188182354
957,HGS-TV,95730.0,55910.42559123039
958,ails2_eoh_omega2,96131.0,55991.19205004883
959,HGS-TV,95730.0,55996.358816862106
960,ails2_eoh_omega2,96125.0,56016.62405004883
961,HGS-TV,95730.0,56065.086961746216
962,HGS-TV,95730.0,56125.179830789566
963,ails2_eoh_omega2,96124.0,56139.05805004883
964,HGS-TV,95730.0,56185.33695077896
965,HGS-TV,95730.0,56245.47551345825
966,HGS-TV,95730.0,56305.53158020973
967,HGS-TV,95730.0,56365.753109931946
968,ails2_etaMax1.000_stoppingTime864000.00,96933.0,56409.50205004883
969,HGS-TV,95730.0,56425.88174176216
970,HGS-TV,95730.0,56485.93325829506
971,HGS-TV,95730.0,56545.985216856
972,HGS-TV,95730.0,56606.01633358002
973,HGS-TV,95730.0,56724.2728099823
974,HGS-TV,95730.0,56784.28895878792
975,HGS-TV,95730.0,56849.71068358421
976,HGS-TV,95730.0,56909.7988319397
977,HGS-TV,95730.0,56969.951302051544
978,ails2_etaMax1.000_stoppingTime86400.00,95834.0,57011.788050048825
979,HGS-TV,95730.0,57030.07854318619
980,ails2_etaMax1.000_stoppingTime86400.00,95828.0,57012.38405004883
981,HGS-TV,95730.0,57110.19275689125
982,HGS-TV,95730.0,57203.60622429848
983,HGS-TV,95730.0,57263.6782643795
984,HGS-TV,95730.0,57334.728867053986
985,HGS-TV,95730.0,57491.01483297348
986,HGS-TV,95730.0,57551.13205432892
987,HGS-TV,95730.0,57611.21298837662
988,HGS-TV,95730.0,57671.32535672188
989,HGS-TV,95730.0,57731.35019135475
990,HGS-TV,95730.0,57791.41444015503
991,HGS-TV,95730.0,57851.44837093353
992,HGS-TV,95730.0,57917.78567314148
993,HGS-TV,95730.0,57978.07278108597
994,HGS-TV,95730.0,58038.17670226097
995,HGS-TV,95730.0,58098.20096230507
996,HGS-TV,95730.0,58158.36470365524
997,ails2_etaMax1.000_stoppingTime86400.00,95827.0,58192.93505004883
998,HGS-TV,95730.0,58218.54399871826
999,HGS-TV,95730.0,58278.59516263008
1000,HGS-TV,95730.0,58338.61540865898
1001,HGS-TV,95730.0,58398.67138004303
1002,HGS-TV,95730.0,58459.852852106094
1003,HGS-TV,95730.0,58519.89551496506
1004,HGS-TV,95730.0,58579.97339773178
1005,HGS-TV,95730.0,58704.36373114586
1006,HGS-TV,95730.0,58764.515907526016
1007,HGS-TV,95730.0,58824.557970285416
1008,HGS-TV,95730.0,58884.6175160408
1009,ails2_etaMax1.000_stoppingTime86400.00,95825.0,58919.48205004883
1010,HGS-TV,95730.0,59002.660569667816
1011,HGS-TV,95730.0,59062.68317389488
1012,HGS-TV,95730.0,59122.689346551895
1013,ails2_etaMax1.000_stoppingTime86400.00,95824.0,59189.89405004883
1014,HGS-TV,95730.0,59223.94889044762
1015,ails2_etaMax1.000_stoppingTime86400.00,95823.0,59189.93705004883
1016,ails2_etaMax1.000_stoppingTime864000.00,96914.0,59257.94505004883
1017,HGS-TV,95730.0,59284.09809565544
1018,ails2_etaMax1.000_stoppingTime86400.00,95816.0,59268.90105004883
1019,ails2_etaMax1.000_stoppingTime864000.00,96807.0,59257.97505004883
1020,ails2_etaMax1.000_stoppingTime86400.00,95815.0,59523.55305004883
1021,HGS-TV,95730.0,59532.47728419304
1022,HGS-TV,95730.0,59592.48663902283
1023,HGS-TV,95730.0,59652.562910318375
1024,HGS-TV,95730.0,59712.593079805374
1025,HGS-TV,95730.0,59772.646314144135
1026,ails2_etaMax1.000_stoppingTime432000.00,96622.0,59774.14705004883
1027,HGS-TV,95730.0,59832.67284607887
1028,HGS-TV,95730.0,59892.67813754082
1029,HGS-TV,95730.0,60040.932876348495
1030,HGS-TV,95730.0,60100.93344569206
1031,ails2_etaMax1.000_stoppingTime86400.00,95814.0,60102.955050048826
1032,ails2_etaMax1.000_stoppingTime86400.00,95811.0,60104.35905004883
1033,HGS-TV,95730.0,60406.125083208084
1034,HGS-TV,95730.0,60481.67379832268
1035,HGS-TV,95730.0,60541.732192993164
1036,HGS-TV,95730.0,60601.8216342926
1037,HGS-TV,95730.0,60661.89766740799
1038,HGS-TV,95730.0,60721.92977833748
1039,HGS-TV,95730.0,60781.9962515831
1040,ails2_etaMax1.000_stoppingTime86400.00,95810.0,61098.90305004883
1041,ails2_etaMax1.000_stoppingTime86400.00,95808.0,61099.29305004883
1042,HGS-TV,95730.0,61379.04594922066
1043,ails2_etaMax1.000_stoppingTime86400.00,95807.0,61548.08105004883
1044,ails2_etaMax1.000_stoppingTime86400.00,95797.0,61553.35505004883
1045,HGS-TV,95730.0,61857.713411808014
1046,ails2_etaMax1.000_stoppingTime86400.00,95795.0,61938.81205004883
1047,ails2_etaMax1.000_stoppingTime86400.00,95792.0,61941.59005004883
1048,ails2_etaMax1.000_stoppingTime86400.00,95791.0,62072.258050048826
1049,ails2_etaMax1.000_stoppingTime86400.00,95785.0,62121.188050048826
1050,HGS-TV,95730.0,62265.68167066574
1051,ails2_etaMax1.000_stoppingTime86400.00,95784.0,62389.432050048825
1052,ails2_etaMax1.000_stoppingTime86400.00,95783.0,62457.72505004883
1053,ails2_etaMax1.000_stoppingTime432000.00,96607.0,62712.55205004883
1054,ails2_etaMax1.000_stoppingTime432000.00,96569.0,62712.94405004883
1055,ails2_etaMax1.000_stoppingTime432000.00,96568.0,63648.92205004883
1056,HGS-TV,95730.0,64379.770437955856
1057,HGS-TV,95730.0,64439.85690784454
1058,HGS-TV,95730.0,64500.037078619
1059,HGS-TV,95730.0,64560.07657241821
1060,HGS-TV,95730.0,64662.1642844677
1061,HGS-TV,95730.0,64722.264181137085
1062,HGS-TV,95730.0,64782.44775104523
1063,HGS-TV,95730.0,64842.597517728806
1064,HGS-TV,95730.0,64902.66150569916
1065,HGS-TV,95730.0,65026.12689757347
1066,HGS-TV,95730.0,65099.96610379219
1067,HGS-TV,95730.0,65160.001336336136
1068,HGS-TV,95730.0,65220.099169015884
1069,HGS-TV,95730.0,65354.65071129799
1070,HGS-TV,95730.0,65414.65985560417
1071,HGS-TV,95730.0,65474.687764406204
1072,HGS-TV,95730.0,65534.90306353569
1073,HGS-TV,95730.0,65595.15322160721
1074,HGS-TV,95730.0,65805.49147510529
1075,HGS-TV,95730.0,65865.59200811386
1076,HGS-TV,95730.0,66033.15927314758
1077,HGS-TV,95730.0,66136.03586792946
1078,HGS-TV,95730.0,66294.65552639961
1079,HGS-TV,95730.0,66451.12199449539
1080,HGS-TV,95730.0,66511.27331209183
1081,HGS-TV,95730.0,66615.45654320717
1082,HGS-TV,95730.0,66675.53313302994
1083,HGS-TV,95730.0,66735.74357938766
1084,HGS-TV,95730.0,66880.6105685234
1085,HGS-TV,95730.0,67245.22422122955
1086,HGS-TV,95730.0,67342.64819741249
1087,HGS-TV,95730.0,67424.51697254181
1088,HGS-TV,95730.0,67696.98995923996
1089,HGS-TV,95730.0,67792.16946864128
1090,HGS-TV,95730.0,67852.18225979805
1091,HGS-TV,95730.0,68026.25437951088
1092,HGS-TV,95730.0,68148.04426050186
1093,HGS-TV,95730.0,68208.07388997078
1094,ails2_etaMax1.000_stoppingTime432000.00,96567.0,68367.42205004883
1095,ails2_etaMax1.000_stoppingTime432000.00,96546.0,68370.82705004883
1096,HGS-TV,95730.0,68448.02059364319
1097,ails2_etaMax1.000_stoppingTime432000.00,96521.0,68471.26505004882
1098,HGS-TV,95730.0,68508.1934773922
1099,HGS-TV,95730.0,68568.28064203262
1100,HGS-TV,95730.0,68856.80455732346
1101,HGS-TV,95730.0,68916.88544607162
1102,HGS-TV,95730.0,68987.49262356758
1103,HGS-TV,95730.0,69047.49827861786
1104,HGS-TV,95730.0,69112.43264055252
1105,HGS-TV,95730.0,69175.16655015945
1106,HGS-TV,95730.0,69235.26719641685
1107,HGS-TV,95730.0,69295.32841563225
1108,HGS-TV,95730.0,69355.33981895447
1109,HGS-TV,95730.0,69415.36838436127
1110,HGS-TV,95730.0,69819.32625079155
1111,HGS-TV,95730.0,69953.81321907043
1112,HGS-TV,95730.0,70048.49156284332
1113,HGS-TV,95730.0,70125.73405742645
1114,HGS-TV,95730.0,70185.75684547424
1115,HGS-TV,95730.0,70245.79519510269
1116,HGS-TV,95730.0,70385.74097204208
1117,HGS-TV,95730.0,70445.8134689331
1118,HGS-TV,95730.0,70721.057087183
1119,HGS-TV,95730.0,70823.85543775558
1120,HGS-TV,95730.0,70883.92223143578
1121,HGS-TV,95730.0,70980.83575177193
1122,HGS-TV,95730.0,71073.33777165413
1123,HGS-TV,95730.0,71180.62096595764
1124,HGS-TV,95730.0,71304.31092453003
1125,HGS-TV,95730.0,71364.33548974991
1126,ails2_etaMax1.000_stoppingTime86400.00,95782.0,71408.19105004883
1127,HGS-TV,95730.0,71424.43744587898
1128,HGS-TV,95730.0,71484.46558952332
1129,HGS-TV,95730.0,71595.86519432068
1130,HGS-TV,95730.0,71655.91320729256
1131,HGS-TV,95730.0,71715.94025063515
1132,HGS-TV,95730.0,71775.98272514343
1133,HGS-TV,95730.0,71836.09584093094
1134,HGS-TV,95730.0,71942.60921597481
1135,HGS-TV,95730.0,72030.03828692436
1136,HGS-TV,95730.0,72090.10555171967
1137,ails2_etaMax1.000_stoppingTime432000.00,96518.0,72118.32705004883
1138,HGS-TV,95730.0,72150.1626765728
1139,ails2_etaMax1.000_stoppingTime432000.00,96432.0,72142.05405004883
1140,HGS-TV,95730.0,72210.2123978138
1141,HGS-TV,95730.0,72270.43820476532
1142,HGS-TV,95730.0,72354.92292380333
1143,HGS-TV,95730.0,72478.9813015461
1144,HGS-TV,95730.0,72598.47794604301
1145,HGS-TV,95730.0,72718.72068691254
1146,HGS-TV,95730.0,72810.36891818047
1147,HGS-TV,95730.0,72870.47428798676
1148,HGS-TV,95730.0,72930.50543045998
1149,HGS-TV,95730.0,72990.57237911224
1150,HGS-TV,95730.0,73050.66662693024
1151,HGS-TV,95730.0,73110.67231559753
1152,HGS-TV,95730.0,73170.70302987099
1153,HGS-TV,95730.0,73230.7715511322
1154,HGS-TV,95730.0,73290.88770723343
1155,HGS-TV,95730.0,73350.900588274
1156,HGS-TV,95730.0,73410.94017648697
1157,HGS-TV,95730.0,73511.16561436653
1158,HGS-TV,95730.0,73571.17137312889
1159,HGS-TV,95730.0,73631.23379516602
1160,HGS-TV,95730.0,73691.25739336014
1161,HGS-TV,95730.0,73773.07896399498
1162,HGS-TV,95730.0,73836.79981255531
1163,HGS-TV,95730.0,74384.42434310913
1164,HGS-TV,95730.0,75279.6793897152
1165,HGS-TV,95730.0,75697.71613073349
1166,HGS-TV,95730.0,76089.15867066383
1167,HGS-TV,95730.0,76197.53069114685
1168,HGS-TV,95730.0,76257.54444742203
1169,HGS-TV,95730.0,76365.87622570992
1170,HGS-TV,95730.0,76511.98517918587
1171,HGS-TV,95730.0,76668.94146728516
1172,HGS-TV,95730.0,76895.35663890839
1173,HGS-TV,95730.0,76955.44356322289
1174,HGS-TV,95730.0,77015.48930764198
1175,ails2_etaMax1.000_stoppingTime432000.00,96429.0,78384.01605004883
1176,ails2_etaMax1.000_stoppingTime864000.00,96801.0,78852.67505004883
1177,ails2_etaMax1.000_stoppingTime86400.00,95781.0,79099.18105004882
1178,ails2_etaMax1.000_stoppingTime86400.00,95780.0,79167.57405004883
1179,ails2_etaMax1.000_stoppingTime864000.00,96775.0,79241.07505004882
1180,ails2_etaMax1.000_stoppingTime864000.00,96677.0,79262.26105004882
1181,HGS-TV,95730.0,79475.24387407303
1182,HGS-TV,95730.0,79535.26421189308
1183,HGS-TV,95730.0,79595.28727698326
1184,HGS-TV,95730.0,79655.33885169029
1185,HGS-TV,95730.0,79715.40858530998
1186,HGS-TV,95730.0,79775.59403944016
1187,ails2_etaMax1.000_stoppingTime86400.00,95779.0,79794.37805004882
1188,HGS-TV,95730.0,79835.60185194016
1189,HGS-TV,95730.0,79895.61169552803
1190,HGS-TV,95730.0,79955.7166390419
1191,HGS-TV,95730.0,80015.8083217144
1192,HGS-TV,95730.0,80168.1563346386
1193,HGS-TV,95730.0,80228.22883558273
1194,HGS-TV,95730.0,80288.27519154549
1195,HGS-TV,95730.0,80359.98995828629
1196,HGS-TV,95730.0,80423.24654102325
1197,HGS-TV,95730.0,80630.37293481827
1198,HGS-TV,95730.0,80711.05496048927
1199,HGS-TV,95730.0,80771.17676901817
1200,HGS-TV,95730.0,80831.26899886131
1201,HGS-TV,95730.0,80891.35218954086
1202,HGS-TV,95730.0,80993.06961154938
1203,HGS-TV,95730.0,81066.1161942482
1204,HGS-TV,95730.0,81308.74298524857
1205,HGS-TV,95730.0,81368.83396816254
1206,HGS-TV,95730.0,81630.32519102097
1207,ails2_etaMax1.000_stoppingTime432000.00,96426.0,81661.95305004883
1208,HGS-TV,95730.0,81690.39582490921
1209,HGS-TV,95730.0,81750.46925711632
1210,HGS-TV,95730.0,81842.11243510246
1211,HGS-TV,95730.0,81902.22101449966
1212,HGS-TV,95730.0,81962.23124217987
1213,HGS-TV,95730.0,82022.2818980217
1214,HGS-TV,95730.0,82082.3240184784
1215,HGS-TV,95730.0,82142.35690641403
1216,ails2_etaMax1.000_stoppingTime432000.00,96413.0,82225.82105004883
1217,HGS-TV,95730.0,82245.1501121521
1218,HGS-TV,95730.0,82305.1549050808
1219,ails2_etaMax1.000_stoppingTime432000.00,96411.0,82313.04005004883
1220,HGS-TV,95730.0,82365.2929008007
1221,ails2_etaMax1.000_stoppingTime432000.00,96375.0,82313.75105004883
1222,ails2_etaMax1.000_stoppingTime432000.00,96366.0,82486.27905004883
1223,ails2_etaMax1.000_stoppingTime432000.00,96356.0,82486.30205004883
1224,HGS-TV,95730.0,82548.59314870834
1225,HGS-TV,95730.0,82615.21508383751
1226,HGS-TV,95730.0,82675.30568552017
1227,HGS-TV,95730.0,82817.54999756813
1228,HGS-TV,95730.0,82877.5828075409
1229,HGS-TV,95730.0,82937.68750286102
1230,HGS-TV,95730.0,83040.9790046215
1231,HGS-TV,95730.0,83101.04023694992
1232,HGS-TV,95730.0,83161.18551754951
1233,HGS-TV,95730.0,83221.19553256035
1234,HGS-TV,95730.0,83281.23873662949
1235,HGS-TV,95730.0,83341.28170013428
1236,HGS-TV,95730.0,83422.31781125069
1237,ails2_etaMax1.000_stoppingTime1728000.00,97014.0,83470.47705004882
1238,HGS-TV,95730.0,83482.47383570671
1239,ails2_etaMax1.000_stoppingTime1728000.00,96998.0,83470.50205004883
1240,HGS-TV,95730.0,83542.53569507599
1241,HGS-TV,95730.0,83602.71486186981
1242,HGS-TV,95730.0,83662.84230828285
1243,HGS-TV,95730.0,83722.86706209183
1244,HGS-TV,95730.0,83812.80534267426
1245,HGS-TV,95730.0,83872.87534999847
1246,HGS-TV,95730.0,83932.91117858887
1247,HGS-TV,95730.0,83992.94678544998
1248,HGS-TV,95730.0,84102.08308625221
1249,HGS-TV,95730.0,84162.19815278053
1250,HGS-TV,95730.0,84222.26032352448
1251,HGS-TV,95730.0,84282.35005831718
1252,HGS-TV,95730.0,84342.40606999397
1253,HGS-TV,95730.0,84402.44416117668
1254,HGS-TV,95730.0,84462.47421550751
1255,HGS-TV,95730.0,84532.70456457138
1256,HGS-TV,95730.0,84592.785998106
1257,HGS-TV,95730.0,84713.93329930305
1258,HGS-TV,95730.0,84773.96744465828
1259,ails2_etaMax1.000_stoppingTime432000.00,96339.0,84921.45205004883
1260,HGS-TV,95730.0,84924.4991889
1261,HGS-TV,95730.0,84984.56714606285
1262,HGS-TV,95730.0,85044.57559776306
1263,HGS-TV,95730.0,85104.63247394562
1264,HGS-TV,95730.0,85164.69777393341
1265,ails2_etaMax1.000_stoppingTime864000.00,96675.0,85216.44905004883
1266,HGS-TV,95730.0,85224.79547953606
1267,HGS-TV,95730.0,85380.8481349945
1268,HGS-TV,95730.0,85448.77548289299
1269,HGS-TV,95730.0,85508.86223697662
1270,HGS-TV,95730.0,85568.90677642822
1271,HGS-TV,95730.0,85629.01422905922
1272,HGS-TV,95730.0,85689.02472949028
1273,HGS-TV,95730.0,85798.13874721527
1274,HGS-TV,95730.0,85917.66573047638
1275,HGS-TV,95730.0,85982.11293077469
1276,HGS-TV,95730.0,86042.20106744766
1277,HGS-TV,95730.0,86120.30860042572
1278,HGS-TV,95730.0,86193.14850330353
1279,HGS-TV,95730.0,86253.24089360237
1280,HGS-TV,95730.0,86324.70123648643
1281,HGS-TV,95730.0,86401.38335680962
1282,HGS-TV,95730.0,86461.43582892418
1283,HGS-TV,95730.0,86521.48613929749
1284,HGS-TV,95730.0,86611.5792067051
1285,HGS-TV,95730.0,86671.64702963829
1286,HGS-TV,95730.0,86731.68118858337
1287,HGS-TV,95730.0,86791.68254876137
1288,HGS-TV,95730.0,86851.79875588417
1289,HGS-TV,95730.0,86911.8433907032
1290,HGS-TV,95730.0,87067.51032590866
1291,HGS-TV,95730.0,87127.63167190552
1292,HGS-TV,95730.0,87187.75029540062
1293,HGS-TV,95730.0,87247.87684130669
1294,HGS-TV,95730.0,87307.97254419327
1295,HGS-TV,95730.0,87368.09623098373
1296,HGS-TV,95730.0,87428.19448828697
1297,ails2_etaMax1.000_stoppingTime432000.00,96326.0,87462.60105004883
1298,HGS-TV,95730.0,87682.84101462364
1299,HGS-TV,95730.0,87742.88503336906
1300,HGS-TV,95730.0,87820.36627936363
1301,HGS-TV,95730.0,87880.49571990967
1302,HGS-TV,95730.0,87940.54005765915
1303,HGS-TV,95730.0,88000.60241389275
1304,HGS-TV,95730.0,88096.1947798729
1305,HGS-TV,95730.0,88156.21885633469
1306,HGS-TV,95730.0,88236.60373687744
1307,HGS-TV,95730.0,88296.63692331314
1308,HGS-TV,95730.0,88373.40165758133
1309,HGS-TV,95730.0,88433.4979300499
1310,HGS-TV,95730.0,88493.58428287506
1311,ails2_etaMax1.000_stoppingTime1728000.00,96997.0,88558.48505004882
1312,HGS-TV,95730.0,88562.9619486332
1313,ails2_etaMax1.000_stoppingTime1728000.00,96957.0,88558.52405004883
1314,HGS-TV,95730.0,88648.49227046967
1315,HGS-TV,95730.0,88708.53133797646
1316,HGS-TV,95730.0,88768.59503293037
1317,HGS-TV,95730.0,88896.12896847725
1318,HGS-TV,95730.0,88956.24024915695
1319,HGS-TV,95730.0,89016.35217165947
1320,HGS-TV,95730.0,89076.36538028717
1321,HGS-TV,95730.0,89153.24902772903
1322,HGS-TV,95730.0,89213.35487699509
1323,HGS-TV,95730.0,89273.5156879425
1324,HGS-TV,95730.0,89344.97679448128
1325,HGS-TV,95730.0,89405.06572580338
1326,HGS-TV,95730.0,89465.1315073967
1327,HGS-TV,95730.0,89526.10250115395
1328,HGS-TV,95730.0,89597.0620663166
1329,HGS-TV,95730.0,89677.9980289936
1330,HGS-TV,95730.0,89769.72478652
1331,HGS-TV,95730.0,89829.78462147713
1332,HGS-TV,95730.0,89889.79146242142
1333,HGS-TV,95730.0,89949.81867361069
1334,HGS-TV,95730.0,90476.90250492096
1335,HGS-TV,95730.0,90536.95431900024
1336,HGS-TV,95730.0,90596.99774336815
1337,HGS-TV,95730.0,90657.12087011337
1338,HGS-TV,95730.0,90886.90969204903
1339,HGS-TV,95730.0,90967.16387939453
1340,HGS-TV,95730.0,91030.0073196888
1341,HGS-TV,95730.0,91090.04110217094
1342,HGS-TV,95730.0,91150.12683367729
1343,HGS-TV,95730.0,91210.1869058609
1344,HGS-TV,95730.0,91270.20454144478
1345,HGS-TV,95730.0,91330.24147844315
1346,HGS-TV,95730.0,91390.33851909637
1347,HGS-TV,95730.0,91693.65640974045
1348,HGS-TV,95730.0,91753.79831147194
1349,HGS-TV,95730.0,93244.27015733719
1350,HGS-TV,95730.0,93304.28137350082
1351,ails2_etaMax1.000_stoppingTime864000.00,96665.0,93436.30605004882
1352,ails2_etaMax1.000_stoppingTime432000.00,96325.0,93472.19305004882
1353,ails2_etaMax1.000_stoppingTime432000.00,96323.0,93472.21505004884
1354,ails2_etaMax1.000_stoppingTime432000.00,96295.0,93628.71105004883
1355,ails2_etaMax1.000_stoppingTime432000.00,96259.0,93637.24605004882
1356,HGS-TV,95730.0,94168.4558005333
1357,ails2_etaMax1.000_stoppingTime432000.00,96252.0,94737.42905004883
1358,ails2_etaMax1.000_stoppingTime432000.00,96250.0,94737.45705004883
1359,HGS-TV,95730.0,94820.64140057564
1360,HGS-TV,95730.0,95611.718064785
1361,HGS-TV,95730.0,95799.8368666172
1362,HGS-TV,95730.0,95859.86601281166
1363,HGS-TV,95730.0,95919.96031355858
1364,ails2_etaMax1.000_stoppingTime432000.00,96247.0,96434.48805004882
1365,ails2_etaMax1.000_stoppingTime432000.00,96219.0,96435.32605004882
1366,HGS-TV,95730.0,96916.41460227966
1367,HGS-TV,95730.0,97179.90700984001
1368,HGS-TV,95730.0,97239.92048072815
1369,HGS-TV,95730.0,97299.95784449577
1370,HGS-TV,95730.0,99022.70423865318
1371,HGS-TV,95730.0,99082.80011415482
1372,HGS-TV,95730.0,99142.83059048653
1373,HGS-TV,95730.0,99202.94882774353
1374,HGS-TV,95730.0,99263.05901312828
1375,HGS-TV,95730.0,99323.13497161865
1376,HGS-TV,95730.0,99383.27780628204
1377,HGS-TV,95730.0,99443.31002116203
1378,HGS-TV,95730.0,99503.48810172081
1379,HGS-TV,95730.0,99563.6611237526
1380,HGS-TV,95730.0,99623.67020559311
1381,HGS-TV,95730.0,99683.81025862694
1382,HGS-TV,95730.0,99787.91779994965
1383,HGS-TV,95730.0,99847.95662665367
1384,ails2_etaMax1.000_stoppingTime864000.00,96664.0,99848.80205004883
1385,ails2_etaMax1.000_stoppingTime432000.00,96212.0,99884.89105004883
1386,HGS-TV,95730.0,99908.01567459106
1387,ails2_etaMax1.000_stoppingTime864000.00,96629.0,99849.16005004883
1388,ails2_etaMax1.000_stoppingTime432000.00,96192.0,99885.16905004883
1389,HGS-TV,95730.0,99968.12122821808
1390,HGS-TV,95730.0,100028.24299407005
1391,HGS-TV,95730.0,100088.26514601707
1392,HGS-TV,95730.0,100148.2808508873
1393,HGS-TV,95730.0,100208.39222669601
1394,HGS-TV,95730.0,100315.35165381432
1395,HGS-TV,95730.0,100381.57802987099
1396,HGS-TV,95730.0,100441.59265494347
1397,HGS-TV,95730.0,100501.63790774345
1398,HGS-TV,95730.0,100561.76121211052
1399,HGS-TV,95730.0,100635.9431951046
1400,HGS-TV,95730.0,100696.02037477493
1401,HGS-TV,95730.0,100756.11479234695
1402,HGS-TV,95730.0,100816.17135190964
1403,ails2_etaMax1.000_stoppingTime1728000.00,96955.0,100841.69605004883
1404,HGS-TV,95730.0,100876.24826908112
1405,ails2_etaMax1.000_stoppingTime1728000.00,96929.0,100841.85305004883
1406,HGS-TV,95730.0,100975.62467432022
1407,HGS-TV,95730.0,101215.26263475418
1408,HGS-TV,95730.0,101275.28364872932
1409,HGS-TV,95730.0,101335.38452982903
1410,HGS-TV,95730.0,101395.4788749218
1411,HGS-TV,95730.0,101455.52826142311
1412,HGS-TV,95730.0,101515.5557384491
1413,HGS-TV,95730.0,101668.42261791229
1414,HGS-TV,95730.0,101810.18029689789
1415,HGS-TV,95730.0,101870.3009109497
1416,HGS-TV,95730.0,101930.40847277641
1417,HGS-TV,95730.0,101990.41061115265
1418,HGS-TV,95730.0,102203.09220957756
1419,ails2_etaMax1.000_stoppingTime1728000.00,96910.0,102260.58705004882
1420,HGS-TV,95730.0,102263.27021765709
1421,ails2_etaMax1.000_stoppingTime1728000.00,96846.0,102260.67005004882
1422,HGS-TV,95730.0,102323.31707334518
1423,HGS-TV,95730.0,102383.38994026184
1424,HGS-TV,95730.0,102443.41417860985
1425,HGS-TV,95730.0,102503.44352698326
1426,HGS-TV,95730.0,102563.51293992996
1427,HGS-TV,95730.0,102639.01895165443
1428,HGS-TV,95730.0,102830.35799908638
1429,HGS-TV,95730.0,102890.3633506298
1430,HGS-TV,95730.0,102950.50359940529
1431,HGS-TV,95730.0,103035.28663349152
1432,HGS-TV,95730.0,103354.69542527199
1433,HGS-TV,95730.0,103473.37334728241
1434,HGS-TV,95730.0,103533.40920329094
1435,HGS-TV,95730.0,103593.45354962349
1436,HGS-TV,95730.0,103653.5427672863
1437,HGS-TV,95730.0,103713.60194253922
1438,HGS-TV,95730.0,103773.65987253189
1439,HGS-TV,95730.0,103833.67730975151
1440,HGS-TV,95730.0,103893.74897193909
1441,HGS-TV,95730.0,103953.78334712982
1442,HGS-TV,95730.0,104054.07261776924
1443,HGS-TV,95730.0,104114.16291189194
1444,HGS-TV,95730.0,104174.20250582695
1445,HGS-TV,95730.0,104252.11490297318
1446,HGS-TV,95730.0,104354.4237601757
1447,HGS-TV,95730.0,104415.04424715042
1448,HGS-TV,95730.0,104475.150765419
1449,HGS-TV,95730.0,104535.16152143478
1450,HGS-TV,95730.0,104715.66049695015
1451,HGS-TV,95730.0,104775.68895554543
1452,HGS-TV,95730.0,105037.66387152672
1453,HGS-TV,95730.0,105097.69911503792
1454,HGS-TV,95730.0,105169.24534893036
1455,HGS-TV,95730.0,105229.24964666367
1456,HGS-TV,95730.0,105289.32860541344
1457,HGS-TV,95730.0,105349.33961582184
1458,ails2_etaMax1.000_stoppingTime864000.00,96605.0,105409.00505004883
1459,HGS-TV,95730.0,105448.2052886486
1460,HGS-TV,95730.0,105517.13769006729
1461,HGS-TV,95730.0,105577.20841360092
1462,ails2_etaMax1.000_stoppingTime432000.00,96166.0,105617.60505004883
1463,HGS-TV,95730.0,105637.25191450119
1464,HGS-TV,95730.0,105697.40546679497
1465,HGS-TV,95730.0,105757.43560886383
1466,HGS-TV,95730.0,105848.88625073433
1467,HGS-TV,95730.0,105908.91910648346
1468,HGS-TV,95730.0,105968.94949436188
1469,HGS-TV,95730.0,106047.74216842651
1470,HGS-TV,95730.0,106107.78324365616
1471,HGS-TV,95730.0,106167.93696117401
1472,HGS-TV,95730.0,106227.99973964691
1473,HGS-TV,95730.0,106288.03145647049
1474,ails2_etaMax1.000_stoppingTime864000.00,96579.0,106309.20305004883
1475,HGS-TV,95730.0,106348.11322569847
1476,ails2_etaMax1.000_stoppingTime864000.00,96516.0,106317.29805004883
1477,HGS-TV,95730.0,106408.12932801247
1478,HGS-TV,95730.0,106482.95843458176
1479,HGS-TV,95730.0,106558.33838653564
1480,HGS-TV,95730.0,106618.35168623924
1481,HGS-TV,95730.0,106678.4362487793
1482,HGS-TV,95730.0,106738.47737884521
1483,HGS-TV,95730.0,106801.49772906303
1484,HGS-TV,95730.0,106861.52055120468
1485,HGS-TV,95730.0,106921.5529434681
1486,HGS-TV,95730.0,106981.55874228477
1487,HGS-TV,95730.0,107041.58706998825
1488,HGS-TV,95730.0,107101.71248078346
1489,HGS-TV,95730.0,107161.76938009262
1490,HGS-TV,95730.0,107221.85810017586
1491,HGS-TV,95730.0,107281.9257786274
1492,HGS-TV,95730.0,107355.92996644974
1493,HGS-TV,95730.0,107415.94351816177
1494,HGS-TV,95730.0,107528.91585683823
1495,HGS-TV,95730.0,107588.96195459366
1496,HGS-TV,95730.0,108013.39726734161
1497,HGS-TV,95730.0,109357.53612732887
1498,HGS-TV,95730.0,109417.58220815659
1499,HGS-TV,95730.0,109950.17255067825
1500,ails2_etaMax1.000_stoppingTime432000.00,96164.0,110200.87305004883
1501,HGS-TV,95730.0,111320.12227678299
1502,HGS-TV,95730.0,111380.17971348763
1503,HGS-TV,95730.0,111440.18738722801
1504,HGS-TV,95730.0,111500.25709867477
1505,ails2_etaMax1.000_stoppingTime432000.00,96155.0,111541.28905004883
1506,HGS-TV,95730.0,111560.27348685265
1507,HGS-TV,95730.0,111620.28295731544
1508,HGS-TV,95730.0,111680.32068443298
1509,HGS-TV,95730.0,111740.36113929749
1510,HGS-TV,95730.0,111800.426820755
1511,HGS-TV,95730.0,111860.51099920273
1512,HGS-TV,95730.0,111920.56314516068
1513,HGS-TV,95730.0,112031.42607307434
1514,HGS-TV,95730.0,112106.42585301399
1515,HGS-TV,95730.0,112166.42909407616
1516,HGS-TV,95730.0,112226.4837372303
1517,HGS-TV,95730.0,112297.29567599297
1518,HGS-TV,95730.0,112374.42113161087
1519,HGS-TV,95730.0,112434.45332336426
1520,HGS-TV,95730.0,112494.55728054047
1521,HGS-TV,95730.0,112554.69974970818
1522,HGS-TV,95730.0,112614.76729226112
1523,HGS-TV,95730.0,112674.91412186623
1524,ails2_etaMax1.000_stoppingTime432000.00,96148.0,112677.06405004882
1525,HGS-TV,95730.0,112734.98158884048
1526,HGS-TV,95730.0,112819.12447810173
1527,HGS-TV,95730.0,112897.31006789207
1528,HGS-TV,95730.0,112975.84391975403
1529,HGS-TV,95730.0,113035.96663451195
1530,HGS-TV,95730.0,113096.00835180283
1531,HGS-TV,95730.0,113156.12299060822
1532,HGS-TV,95730.0,113216.17970299721
1533,HGS-TV,95730.0,113276.27632069588
1534,HGS-TV,95730.0,113433.03611278534
1535,HGS-TV,95730.0,113493.04129362106
1536,HGS-TV,95730.0,113553.06003880501
1537,HGS-TV,95730.0,113656.85458755493
1538,HGS-TV,95730.0,113716.8903708458
1539,HGS-TV,95730.0,113777.07989382744
1540,HGS-TV,95730.0,113923.17037248611
1541,HGS-TV,95730.0,113983.26257872581
1542,HGS-TV,95730.0,114045.08433914185
1543,HGS-TV,95730.0,114129.24435853958
1544,HGS-TV,95730.0,114189.25255846977
1545,HGS-TV,95730.0,114249.26501083374
1546,HGS-TV,95730.0,114309.3453412056
1547,HGS-TV,95730.0,114407.83527469635
1548,HGS-TV,95730.0,114467.92089295387
1549,HGS-TV,95730.0,114527.94212079048
1550,HGS-TV,95730.0,114635.37679886818
1551,HGS-TV,95730.0,114695.39729595184
1552,HGS-TV,95730.0,114755.45629620552
1553,HGS-TV,95730.0,114815.53152441978
1554,HGS-TV,95730.0,114875.6504650116
1555,HGS-TV,95730.0,114935.6805422306
1556,HGS-TV,95730.0,114995.7089149952
1557,HGS-TV,95730.0,115055.71470594406
1558,HGS-TV,95730.0,115115.83514261246
1559,HGS-TV,95730.0,115181.86136841774
1560,HGS-TV,95730.0,115241.90021467209
1561,HGS-TV,95730.0,115301.93333745003
1562,HGS-TV,95730.0,115395.0691959858
1563,HGS-TV,95730.0,115455.1038634777
1564,HGS-TV,95730.0,115515.15425157547
1565,HGS-TV,95730.0,115575.16530323029
1566,HGS-TV,95730.0,115635.27694320679
1567,HGS-TV,95730.0,115695.30731678009
1568,HGS-TV,95730.0,115755.39170217514
1569,HGS-TV,95730.0,115815.57003188133
1570,HGS-TV,95730.0,115875.6406173706
1571,HGS-TV,95730.0,115935.65159082413
1572,HGS-TV,95730.0,115995.68320512772
1573,HGS-TV,95730.0,116055.74832201004
1574,HGS-TV,95730.0,116115.82206130028
1575,HGS-TV,95730.0,116194.36671853065
1576,HGS-TV,95730.0,116254.36703205109
1577,HGS-TV,95730.0,116314.39234018326
1578,HGS-TV,95730.0,116374.49629545212
1579,HGS-TV,95730.0,116434.55836391449
1580,HGS-TV,95730.0,116494.5669977665
1581,HGS-TV,95730.0,116554.66538572311
1582,HGS-TV,95730.0,116614.75691342354
1583,HGS-TV,95730.0,116674.78451752663
1584,HGS-TV,95730.0,116734.8427233696
1585,HGS-TV,95730.0,116794.84875106812
1586,HGS-TV,95730.0,116871.74539160728
1587,HGS-TV,95730.0,116931.7618150711
1588,HGS-TV,95730.0,116991.80644059181
1589,HGS-TV,95730.0,117051.89984726906
1590,HGS-TV,95730.0,117111.92102956772
1591,HGS-TV,95730.0,117172.00760650635
1592,HGS-TV,95730.0,117259.70794868469
1593,HGS-TV,95730.0,117364.95580387115
1594,HGS-TV,95730.0,117453.00929427147
1595,HGS-TV,95730.0,117522.97670459747
1596,HGS-TV,95730.0,117583.03899860382
1597,HGS-TV,95730.0,117643.04039931297
1598,HGS-TV,95730.0,117703.04858064651
1599,HGS-TV,95730.0,117763.11506390572
1600,HGS-TV,95730.0,117844.63933968544
1601,HGS-TV,95730.0,117904.76781368256
1602,HGS-TV,95730.0,118041.01806473732
1603,HGS-TV,95730.0,118101.07628512383
1604,HGS-TV,95730.0,118161.13348436356
1605,HGS-TV,95730.0,118221.17742991447
1606,HGS-TV,95730.0,118441.24744224548
1607,HGS-TV,95730.0,118501.57131648064
1608,ails2_etaMax1.000_stoppingTime864000.00,96482.0,118613.00105004883
1609,HGS-TV,95730.0,118757.4227244854
1610,HGS-TV,95730.0,118817.45735168457
1611,HGS-TV,95730.0,119059.32190299034
1612,ails2_etaMax1.000_stoppingTime432000.00,96146.0,119099.96805004883
1613,ails2_etaMax1.000_stoppingTime432000.00,96105.0,119100.20905004883
1614,HGS-TV,95730.0,119162.8488521576
1615,HGS-TV,95730.0,119222.90835213661
1616,HGS-TV,95730.0,119282.92797541618
1617,HGS-TV,95730.0,119360.00799584389
1618,HGS-TV,95730.0,119420.02318763733
1619,HGS-TV,95730.0,119480.07296085358
1620,HGS-TV,95730.0,119540.07853722572
1621,HGS-TV,95730.0,119600.17030358315
1622,HGS-TV,95730.0,119751.18994474411
1623,HGS-TV,95730.0,119811.2528488636
1624,HGS-TV,95730.0,119970.09107542038
1625,HGS-TV,95730.0,120030.12701487541
1626,HGS-TV,95730.0,120090.18768334389
1627,HGS-TV,95730.0,120198.14343881607
1628,HGS-TV,95730.0,120258.21514439583
1629,HGS-TV,95730.0,120405.67921614647
1630,HGS-TV,95730.0,120642.82207846642
1631,HGS-TV,95730.0,120710.86512804031
1632,HGS-TV,95730.0,120930.3717443943
1633,HGS-TV,95730.0,121009.36588907242
1634,HGS-TV,95730.0,121069.39993309975
1635,ails2_etaMax1.000_stoppingTime432000.00,96101.0,121139.90505004882
1636,ails2_etaMax1.000_stoppingTime432000.00,96096.0,121139.94805004883
1637,HGS-TV,95730.0,121228.99437642097
1638,HGS-TV,95730.0,121353.33685922623
1639,ails2_etaMax1.000_stoppingTime432000.00,96091.0,121353.93505004882
1640,ails2_etaMax1.000_stoppingTime432000.00,96087.0,121354.59405004882
1641,HGS-TV,95730.0,121573.1219625473
1642,HGS-TV,95730.0,121633.1734957695
1643,HGS-TV,95730.0,121693.23671293259
1644,HGS-TV,95730.0,121753.29081368446
1645,ails2_etaMax1.000_stoppingTime1728000.00,96845.0,121877.36705004882
1646,ails2_etaMax1.000_stoppingTime864000.00,96479.0,122622.14905004883
1647,ails2_etaMax1.000_stoppingTime432000.00,96078.0,122638.47605004883
1648,HGS-TV,95730.0,122670.86742305756
1649,ails2_etaMax1.000_stoppingTime864000.00,96476.0,122622.17105004883
1650,HGS-TV,95730.0,122730.90278458595
1651,HGS-TV,95730.0,122790.96778964996
1652,HGS-TV,95730.0,123670.2955429554
1653,HGS-TV,95730.0,124117.72756743431
1654,HGS-TV,95730.0,124177.90904569626
1655,HGS-TV,95730.0,124238.05255270004
1656,ails2_etaMax1.000_stoppingTime432000.00,96074.0,125940.88005004883
1657,ails2_etaMax1.000_stoppingTime432000.00,96044.0,125942.30705004882
1658,HGS-TV,95730.0,126203.85648870468
1659,HGS-TV,95730.0,126263.91428470612
1660,HGS-TV,95730.0,126324.0216498375
1661,HGS-TV,95730.0,126384.08374977112
1662,HGS-TV,95730.0,126498.02219772339
1663,HGS-TV,95730.0,126558.0607008934
1664,HGS-TV,95730.0,126618.06884527206
1665,HGS-TV,95730.0,126678.1123483181
1666,HGS-TV,95730.0,126738.11839175224
1667,HGS-TV,95730.0,126798.13196110725
1668,HGS-TV,95730.0,126858.18236804008
1669,HGS-TV,95730.0,126918.21139931679
1670,HGS-TV,95730.0,126978.22825574875
1671,HGS-TV,95730.0,127038.28766226768
1672,HGS-TV,95730.0,127098.44147992134
1673,HGS-TV,95730.0,127158.61586523056
1674,HGS-TV,95730.0,127218.67163586617
1675,ails2_etaMax1.000_stoppingTime1728000.00,96834.0,127274.82405004883
1676,HGS-TV,95730.0,127278.80532431602
1677,ails2_etaMax1.000_stoppingTime1728000.00,96798.0,127275.71505004884
1678,HGS-TV,95730.0,127338.86494541168
1679,HGS-TV,95730.0,127398.88352489471
1680,HGS-TV,95730.0,127459.01444101334
1681,HGS-TV,95730.0,127592.30394601822
1682,HGS-TV,95730.0,127652.35865950584
1683,HGS-TV,95730.0,127712.38372349739
1684,HGS-TV,95730.0,127810.24283099174
1685,HGS-TV,95730.0,127870.25161671638
1686,HGS-TV,95730.0,127930.28022837639
1687,HGS-TV,95730.0,127990.33517837524
1688,HGS-TV,95730.0,128050.39962077141
1689,HGS-TV,95730.0,128110.40905117989
1690,HGS-TV,95730.0,128170.49245095253
1691,HGS-TV,95730.0,128230.5255484581
1692,HGS-TV,95730.0,128290.63081240654
1693,HGS-TV,95730.0,128350.632345438
1694,HGS-TV,95730.0,128410.64849972725
1695,HGS-TV,95730.0,128652.47330856323
1696,HGS-TV,95730.0,128712.80653262138
1697,HGS-TV,95730.0,128778.18803071976
1698,HGS-TV,95730.0,128928.99136161804
1699,HGS-TV,95730.0,129030.50019860268
1700,HGS-TV,95730.0,129237.52041959763
1701,HGS-TV,95730.0,129297.61142206192
1702,HGS-TV,95730.0,129438.27314734459
1703,HGS-TV,95730.0,129498.39654994011
1704,HGS-TV,95730.0,129558.52019786835
1705,HGS-TV,95730.0,129618.5382232666
1706,HGS-TV,95730.0,129678.63424444199
1707,HGS-TV,95730.0,129738.6673169136
1708,HGS-TV,95730.0,129799.31954908371
1709,HGS-TV,95730.0,129872.73375177383
1710,HGS-TV,95730.0,129932.85581827164
1711,HGS-TV,95730.0,129993.02149319649
1712,HGS-TV,95730.0,130053.04095435143
1713,HGS-TV,95730.0,130113.07823896408
1714,HGS-TV,95730.0,130173.11183357239
1715,HGS-TV,95730.0,130255.47737288475
1716,HGS-TV,95730.0,130315.51089525223
1717,HGS-TV,95730.0,130375.64203381538
1718,HGS-TV,95730.0,130435.65367770195
1719,HGS-TV,95730.0,130777.04995560646
1720,HGS-TV,95730.0,131276.92433524132
1721,HGS-TV,95730.0,131337.03168058395
1722,HGS-TV,95730.0,131397.13013410568
1723,HGS-TV,95730.0,131662.0968954563
1724,ails2_etaMax1.000_stoppingTime432000.00,96039.0,131730.49005004883
1725,ails2_etaMax1.000_stoppingTime432000.00,95995.0,131731.94205004882
1726,HGS-TV,95730.0,131814.06693553925
1727,HGS-TV,95730.0,131874.1138896942
1728,HGS-TV,95730.0,131934.33076667786
1729,HGS-TV,95730.0,131994.4407055378
1730,HGS-TV,95730.0,132153.52574682236
1731,HGS-TV,95730.0,132213.6685512066
1732,HGS-TV,95730.0,132273.79829835892
1733,HGS-TV,95730.0,132333.84436678886
1734,HGS-TV,95730.0,132393.90249204636
1735,HGS-TV,95730.0,132453.96649575233
1736,HGS-TV,95730.0,132525.4731593132
1737,HGS-TV,95730.0,132585.5691254139
1738,ails2_etaMax1.000_stoppingTime1728000.00,96778.0,132761.52005004883
1739,ails2_etaMax1.000_stoppingTime1728000.00,96776.0,132761.54305004881
1740,ails2_etaMax1.000_stoppingTime864000.00,96448.0,133118.24405004882
1741,ails2_etaMax1.000_stoppingTime864000.00,96429.0,133118.26905004884
1742,HGS-TV,95730.0,133969.42623329163
1743,HGS-TV,95730.0,134209.15568947792
1744,HGS-TV,95730.0,134662.69914340973
1745,HGS-TV,95730.0,135004.3544139862
1746,HGS-TV,95730.0,135073.88748550415
1747,HGS-TV,95730.0,135351.6043665409
1748,HGS-TV,95730.0,135411.6863167286
1749,HGS-TV,95730.0,136069.03022003174
1750,HGS-TV,95730.0,136129.04797315598
1751,HGS-TV,95730.0,136236.28171515465
1752,HGS-TV,95730.0,136296.30217790604
1753,HGS-TV,95730.0,136356.34366631508
1754,HGS-TV,95730.0,136823.848995924
1755,HGS-TV,95730.0,136883.8808145523
1756,HGS-TV,95730.0,137498.99792337418
1757,HGS-TV,95730.0,137559.08383274078
1758,HGS-TV,95730.0,137666.40353918076
1759,HGS-TV,95730.0,137726.41808700562
1760,HGS-TV,95730.0,137871.48348259926
1761,HGS-TV,95730.0,137931.51429319382
1762,HGS-TV,95730.0,137991.53374004364
1763,HGS-TV,95730.0,138065.70761966705
1764,HGS-TV,95730.0,138242.249502182
1765,HGS-TV,95730.0,138704.8178524971
1766,HGS-TV,95730.0,138822.80798625946
1767,HGS-TV,95730.0,138927.54520750046
1768,HGS-TV,95730.0,138987.62370991707
1769,ails2_etaMax1.000_stoppingTime864000.00,96415.0,139090.98005004882
1770,HGS-TV,95730.0,140139.17795681953
1771,HGS-TV,95730.0,140199.23560929298
1772,HGS-TV,95730.0,140828.19653868675
1773,HGS-TV,95730.0,141656.62397003174
1774,HGS-TV,95730.0,141716.68273162842
1775,ails2_etaMax1.000_stoppingTime864000.00,96405.0,142424.35105004883
1776,HGS-TV,95730.0,142467.87644195557
1777,HGS-TV,95730.0,142736.94229340553
1778,HGS-TV,95730.0,142993.74415445328
1779,ails2_etaMax1.000_stoppingTime864000.00,96404.0,143043.50705004882
1780,ails2_etaMax1.000_stoppingTime864000.00,96397.0,143043.53105004883
1781,HGS-TV,95730.0,143687.582903862
1782,ails2_etaMax1.000_stoppingTime432000.00,95978.0,143925.29905004884
1783,ails2_etaMax1.000_stoppingTime432000.00,95956.0,143936.66905004883
1784,HGS-TV,95730.0,144236.94197368622
1785,HGS-TV,95730.0,144357.24716591835
1786,HGS-TV,95730.0,144417.35289239883
1787,HGS-TV,95730.0,144857.67286753654
1788,HGS-TV,95730.0,144917.8198404312
1789,HGS-TV,95730.0,144998.3866775036
1790,HGS-TV,95730.0,145158.34498548508
1791,HGS-TV,95730.0,145218.383341074
1792,HGS-TV,95730.0,145291.76436710358
1793,HGS-TV,95730.0,145520.36289930344
1794,HGS-TV,95730.0,145580.37268590927
1795,HGS-TV,95730.0,145640.48045897484
1796,HGS-TV,95730.0,146617.08628487587
1797,ails2_etaMax1.000_stoppingTime1728000.00,96766.0,147331.15105004882
1798,ails2_etaMax1.000_stoppingTime1728000.00,96752.0,147331.19805004884
1799,HGS-TV,95730.0,147784.29525637627
1800,HGS-TV,95730.0,147844.2964348793
1801,ails2_etaMax1.000_stoppingTime1728000.00,96720.0,148817.63605004884
1802,ails2_etaMax1.000_stoppingTime1728000.00,96714.0,148817.72405004883
1803,HGS-TV,95730.0,149029.61176419258
1804,HGS-TV,95730.0,150375.5520620346
1805,ails2_etaMax1.000_stoppingTime864000.00,96386.0,150875.04005004882
1806,ails2_etaMax1.000_stoppingTime864000.00,96301.0,150875.71905004882
1807,HGS-TV,95730.0,151977.71839571
1808,HGS-TV,95730.0,152037.81789040565
1809,HGS-TV,95730.0,152097.86394762993
1810,ails2_etaMax1.000_stoppingTime432000.00,95954.0,152110.44205004882
1811,HGS-TV,95730.0,152158.0152952671
1812,ails2_etaMax1.000_stoppingTime432000.00,95946.0,152112.68505004884
1813,HGS-TV,95730.0,152218.08972263336
1814,HGS-TV,95730.0,152278.12374138832
1815,HGS-TV,95730.0,152352.06622099876
1816,HGS-TV,95730.0,152412.08616542816
1817,HGS-TV,95730.0,152472.1488263607
1818,HGS-TV,95730.0,152532.1529738903
1819,HGS-TV,95730.0,152592.17594218254
1820,HGS-TV,95730.0,152652.2783625126
1821,HGS-TV,95730.0,152712.36040592194
1822,HGS-TV,95730.0,152786.78015208244
1823,HGS-TV,95730.0,152888.67775797844
1824,HGS-TV,95730.0,152948.68917870522
1825,ails2_etaMax1.000_stoppingTime432000.00,95943.0,153002.89805004883
1826,HGS-TV,95730.0,153027.9151854515
1827,ails2_etaMax1.000_stoppingTime432000.00,95901.0,153003.27305004883
1828,HGS-TV,95730.0,153159.04468607903
1829,HGS-TV,95730.0,153219.09367609024
1830,HGS-TV,95730.0,153279.21662926674
1831,HGS-TV,95730.0,153370.0669221878
1832,HGS-TV,95730.0,153439.222086668
1833,HGS-TV,95730.0,153660.1779601574
1834,ails2_etaMax1.000_stoppingTime1728000.00,96711.0,153719.97905004883
1835,HGS-TV,95730.0,153778.17915582657
1836,HGS-TV,95730.0,153929.7367348671
1837,HGS-TV,95730.0,153989.75363779068
1838,HGS-TV,95730.0,154049.76369261742
1839,HGS-TV,95730.0,154109.83990955353
1840,HGS-TV,95730.0,154169.95599675179
1841,HGS-TV,95730.0,154323.81177449226
1842,HGS-TV,95730.0,154383.85934185982
1843,HGS-TV,95730.0,154461.46948838234
1844,HGS-TV,95730.0,154545.2528128624
1845,HGS-TV,95730.0,154605.33996844292
1846,HGS-TV,95730.0,154665.36161637306
1847,HGS-TV,95730.0,154725.42967677116
1848,HGS-TV,95730.0,154785.46685767174
1849,HGS-TV,95730.0,154845.59885668755
1850,HGS-TV,95730.0,154946.43036866188
1851,HGS-TV,95730.0,155006.461425066
1852,HGS-TV,95730.0,155111.59176659584
1853,HGS-TV,95730.0,155171.64930152893
1854,HGS-TV,95730.0,155231.72967886925
1855,HGS-TV,95730.0,155291.77118730545
1856,HGS-TV,95730.0,155351.8641793728
1857,HGS-TV,95730.0,155411.9589715004
1858,HGS-TV,95730.0,155506.56913256645
1859,HGS-TV,95730.0,155597.99805879593
1860,HGS-TV,95730.0,155658.01060438156
1861,HGS-TV,95730.0,155806.56788992882
1862,HGS-TV,95730.0,155866.59456157684
1863,HGS-TV,95730.0,155967.7780070305
1864,HGS-TV,95730.0,156044.13650226593
1865,HGS-TV,95730.0,156107.3352110386
1866,HGS-TV,95730.0,156167.4154138565
1867,HGS-TV,95730.0,156227.44212460518
1868,HGS-TV,95730.0,156287.4816505909
1869,HGS-TV,95730.0,156347.5178706646
1870,HGS-TV,95730.0,156407.52569389343
1871,HGS-TV,95730.0,156473.13735890388
1872,HGS-TV,95730.0,156533.19395518303
1873,HGS-TV,95730.0,156593.19549512863
1874,HGS-TV,95730.0,156673.69721102715
1875,HGS-TV,95730.0,156733.70060181618
1876,HGS-TV,95730.0,156793.75987625122
1877,HGS-TV,95730.0,156853.84281992912
1878,HGS-TV,95730.0,156913.9795050621
1879,HGS-TV,95730.0,156974.0306968689
1880,HGS-TV,95730.0,157048.89865088463
1881,HGS-TV,95730.0,157109.01427197456
1882,HGS-TV,95730.0,157171.75186133385
1883,HGS-TV,95730.0,157231.859395504
1884,HGS-TV,95730.0,157291.93833136559
1885,HGS-TV,95730.0,157352.0064663887
1886,HGS-TV,95730.0,157412.02325963974
1887,HGS-TV,95730.0,157472.05573701859
1888,HGS-TV,95730.0,157563.94288778305
1889,HGS-TV,95730.0,157647.93872070312
1890,HGS-TV,95730.0,157707.94476890564
1891,HGS-TV,95730.0,158198.4872097969
1892,HGS-TV,95730.0,158601.86797857285
1893,ails2_etaMax1.000_stoppingTime1728000.00,96693.0,158770.30505004883
1894,HGS-TV,95730.0,158854.83717370033
1895,HGS-TV,95730.0,159224.2198433876
1896,HGS-TV,95730.0,159518.28084993362
1897,HGS-TV,95730.0,159626.55454993248
1898,HGS-TV,95730.0,159707.07792830467
1899,HGS-TV,95730.0,159767.13480567932
1900,HGS-TV,95730.0,159827.1913778782
1901,HGS-TV,95730.0,159887.26641345024
1902,HGS-TV,95730.0,159963.2445423603
1903,HGS-TV,95730.0,160023.33552789688
1904,HGS-TV,95730.0,160271.3531601429
1905,HGS-TV,95730.0,160646.11760163307
1906,HGS-TV,95730.0,161113.6840045452
1907,HGS-TV,95730.0,161325.03112268448
1908,HGS-TV,95730.0,161589.14165091515
1909,HGS-TV,95730.0,161686.52542948723
1910,HGS-TV,95730.0,161746.53178215027
1911,ails2_etaMax1.000_stoppingTime432000.00,95891.0,162127.80605004882
1912,HGS-TV,95730.0,162481.86034178734
1913,HGS-TV,95730.0,162692.57573723793
1914,HGS-TV,95730.0,162752.62799930573
1915,HGS-TV,95730.0,162819.2077870369
1916,HGS-TV,95730.0,162890.1703350544
1917,HGS-TV,95730.0,162958.85429549217
1918,HGS-TV,95730.0,163018.8676650524
1919,HGS-TV,95730.0,163078.93866848946
1920,HGS-TV,95730.0,163139.0206773281
1921,HGS-TV,95730.0,163251.34810876846
1922,HGS-TV,95730.0,163311.36628770828
1923,HGS-TV,95730.0,163371.469135046
1924,HGS-TV,95730.0,163431.6047794819
1925,HGS-TV,95730.0,163545.49786543846
1926,HGS-TV,95730.0,163605.56425261497
1927,HGS-TV,95730.0,163799.17706155777
1928,HGS-TV,95730.0,163964.53427243233
1929,HGS-TV,95730.0,164201.95322084427
1930,HGS-TV,95730.0,164262.06952643394
1931,HGS-TV,95730.0,164352.19604468346
1932,HGS-TV,95730.0,164412.24522829056
1933,HGS-TV,95730.0,164472.27293348312
1934,HGS-TV,95730.0,164598.15673613548
1935,HGS-TV,95730.0,164658.19256830215
1936,HGS-TV,95730.0,164718.2177233696
1937,HGS-TV,95730.0,164778.24265933037
1938,HGS-TV,95730.0,166217.24595284462
1939,HGS-TV,95730.0,166277.27086520195
1940,HGS-TV,95730.0,166337.30908870697
1941,HGS-TV,95730.0,166397.3310573101
1942,HGS-TV,95730.0,166457.3973596096
1943,HGS-TV,95730.0,166517.42293334007
1944,HGS-TV,95730.0,166577.5219502449
1945,HGS-TV,95730.0,166637.59576368332
1946,HGS-TV,95730.0,166705.0734770298
1947,HGS-TV,95730.0,166765.10236287117
1948,HGS-TV,95730.0,166825.1465587616
1949,HGS-TV,95730.0,166885.17448329926
1950,HGS-TV,95730.0,166948.84035754204
1951,HGS-TV,95730.0,167008.89269685745
1952,HGS-TV,95730.0,167074.59493470192
1953,ails2_etaMax1.000_stoppingTime864000.00,96287.0,167085.32905004884
1954,ails2_etaMax1.000_stoppingTime864000.00,96278.0,167086.05005004883
1955,HGS-TV,95730.0,167398.13669109344
1956,ails2_etaMax1.000_stoppingTime432000.00,95889.0,167409.13205004882
1957,HGS-TV,95730.0,167480.31809353828
1958,HGS-TV,95730.0,167540.42571115494
1959,ails2_etaMax1.000_stoppingTime432000.00,95881.0,167544.91605004884
1960,ails2_etaMax1.000_stoppingTime432000.00,95879.0,167544.96005004883
1961,HGS-TV,95730.0,167631.3327679634
1962,HGS-TV,95730.0,167749.3984336853
1963,HGS-TV,95730.0,167827.91947889328
1964,HGS-TV,95730.0,167940.75008273125
1965,HGS-TV,95730.0,168000.82925510406
1966,HGS-TV,95730.0,168060.90195584297
1967,HGS-TV,95730.0,168120.94169974327
1968,HGS-TV,95730.0,168181.05339550972
1969,HGS-TV,95730.0,168303.5874955654
1970,HGS-TV,95730.0,168363.62439203262
1971,HGS-TV,95730.0,168423.64998865128
1972,HGS-TV,95730.0,168483.71702599525
1973,HGS-TV,95730.0,168543.78630065918
1974,HGS-TV,95730.0,168603.82855772972
1975,HGS-TV,95730.0,168663.83247303963
1976,HGS-TV,95730.0,168828.72421884537
1977,HGS-TV,95730.0,168890.0447921753
1978,ails2_etaMax1.000_stoppingTime432000.00,95874.0,168944.21605004882
1979,HGS-TV,95730.0,168950.0990436077
1980,ails2_etaMax1.000_stoppingTime432000.00,95860.0,168944.28905004883
1981,HGS-TV,95730.0,169029.22591161728
1982,HGS-TV,95730.0,169089.2700073719
1983,HGS-TV,95730.0,169149.3581097126
1984,HGS-TV,95730.0,169209.39181256294
1985,HGS-TV,95730.0,169269.44819021225
1986,HGS-TV,95730.0,169329.45107126236
1987,HGS-TV,95730.0,169389.492115736
1988,HGS-TV,95730.0,169449.55830550194
1989,HGS-TV,95730.0,169520.75032806396
1990,HGS-TV,95730.0,169580.95042347908
1991,HGS-TV,95730.0,169640.98752737045
1992,HGS-TV,95730.0,169759.54193091393
1993,ails2_etaMax1.000_stoppingTime1728000.00,96636.0,169777.78005004884
1994,HGS-TV,95730.0,169819.6178600788
1995,HGS-TV,95730.0,169879.67840194702
1996,HGS-TV,95730.0,169939.72853422165
1997,HGS-TV,95730.0,169999.77284240723
1998,HGS-TV,95730.0,170059.81144022942
1999,HGS-TV,95730.0,170119.83622169495
2000,HGS-TV,95730.0,170179.8828997612
2001,HGS-TV,95730.0,170239.88863825798
2002,HGS-TV,95730.0,170307.1532690525
2003,HGS-TV,95730.0,170367.3279504776
2004,HGS-TV,95730.0,170427.354886055
2005,HGS-TV,95730.0,170487.38334560394
2006,HGS-TV,95730.0,170547.40517020226
2007,HGS-TV,95730.0,170607.44853377342
2008,HGS-TV,95730.0,170757.98801636696
2009,HGS-TV,95730.0,170818.03470993042
2010,HGS-TV,95730.0,170878.09681224823
2011,HGS-TV,95730.0,170938.16628432274
2012,HGS-TV,95730.0,171027.470754385
2013,HGS-TV,95730.0,171087.53508257866
2014,HGS-TV,95730.0,171147.55826210976
2015,HGS-TV,95730.0,171207.60653591156
2016,HGS-TV,95730.0,171351.19005775452
2017,HGS-TV,95730.0,171516.49720406532
2018,HGS-TV,95730.0,171576.6115424633
2019,HGS-TV,95730.0,171642.24187541008
2020,HGS-TV,95730.0,171702.29324173927
2021,HGS-TV,95730.0,171762.30510616302
2022,HGS-TV,95730.0,171848.79174470901
2023,HGS-TV,95730.0,171908.81752634048
2024,HGS-TV,95730.0,171968.86523270607
2025,HGS-TV,95730.0,172028.9146385193
2026,HGS-TV,95730.0,172088.96395015717
2027,HGS-TV,95730.0,172174.91260790825
2028,HGS-TV,95730.0,172234.9186925888
2029,HGS-TV,95730.0,172294.93382811546
2030,HGS-TV,95730.0,172354.94229865074
2031,HGS-TV,95730.0,172414.942538023
2032,HGS-TV,95730.0,172475.0127441883
2033,HGS-TV,95730.0,172535.0582048893
2034,HGS-TV,95730.0,172648.52962613106
2035,HGS-TV,95730.0,172708.5317363739
2036,HGS-TV,95730.0,172768.61264371872
2037,HGS-TV,95730.0,172828.70390820503
2038,HGS-TV,95730.0,172888.7043595314
2039,HGS-TV,95730.0,172948.72880768776
2040,HGS-TV,95730.0,173008.76548433304
2041,HGS-TV,95730.0,173068.79467511177
2042,HGS-TV,95730.0,173128.82779574394
2043,HGS-TV,95730.0,173188.85431337357
2044,HGS-TV,95730.0,173248.9921889305
2045,HGS-TV,95730.0,173419.87761592865
2046,HGS-TV,95730.0,173479.9068763256
2047,HGS-TV,95730.0,173539.9141075611
2048,ails2_etaMax1.000_stoppingTime864000.00,96270.0,173982.11405004884
2049,HGS-TV,95730.0,174382.1666662693
2050,HGS-TV,95730.0,174442.20695114136
2051,HGS-TV,95730.0,174502.25306224823
2052,HGS-TV,95730.0,174562.28250718117
2053,HGS-TV,95730.0,174922.6524643898
2054,HGS-TV,95730.0,175016.30448555946
2055,HGS-TV,95730.0,175099.3344490528
2056,HGS-TV,95730.0,175159.37109804153
2057,HGS-TV,95730.0,175228.4253127575
2058,HGS-TV,95730.0,175288.4766881466
2059,HGS-TV,95730.0,175348.54232764244
2060,HGS-TV,95730.0,175408.59288597107
2061,HGS-TV,95730.0,175480.5946509838
2062,HGS-TV,95730.0,175540.6316049099
2063,HGS-TV,95730.0,176038.93515729904
2064,HGS-TV,95730.0,176098.96841335297
2065,HGS-TV,95730.0,176555.17453694344
2066,HGS-TV,95730.0,176615.23229432106
2067,HGS-TV,95730.0,176675.29189872742
2068,HGS-TV,95730.0,176735.33324575424
2069,HGS-TV,95730.0,176922.97799944878
2070,HGS-TV,95730.0,176983.0239443779
2071,ails2_etaMax1.000_stoppingTime864000.00,96265.0,177042.19605004883
2072,HGS-TV,95730.0,177043.05307984352
2073,ails2_etaMax1.000_stoppingTime864000.00,96253.0,177042.47505004882
2074,HGS-TV,95730.0,177122.11864829063
2075,HGS-TV,95730.0,177646.51530981064
2076,HGS-TV,95730.0,178440.4366130829
2077,HGS-TV,95730.0,178500.47705745697
2078,HGS-TV,95730.0,178702.2341749668
2079,HGS-TV,95730.0,179006.2126019001
2080,HGS-TV,95730.0,179147.34006142616
2081,HGS-TV,95730.0,179421.5736269951
2082,ails2_etaMax1.000_stoppingTime432000.00,95856.0,180571.16005004884
2083,ails2_etaMax1.000_stoppingTime432000.00,95841.0,180571.85705004883
2084,HGS-TV,95730.0,180852.4202656746
2085,ails2_etaMax1.000_stoppingTime864000.00,96244.0,180858.44905004883
2086,HGS-TV,95730.0,180912.4901447296
2087,ails2_etaMax1.000_stoppingTime864000.00,96230.0,180858.48405004884
2088,HGS-TV,95730.0,180972.55992746353
2089,HGS-TV,95730.0,181032.6168665886
2090,HGS-TV,95730.0,181092.67777466774
2091,HGS-TV,95730.0,181152.762904644
2092,HGS-TV,95730.0,181212.76581335068
2093,HGS-TV,95730.0,181272.8133380413
2094,HGS-TV,95730.0,181332.87593197823
2095,HGS-TV,95730.0,181392.9987924099
2096,HGS-TV,95730.0,181453.10843157768
2097,HGS-TV,95730.0,181513.2482366562
2098,HGS-TV,95730.0,181589.1382367611
2099,HGS-TV,95730.0,181649.17110276222
2100,HGS-TV,95730.0,181709.2556476593
2101,HGS-TV,95730.0,181769.28380656242
2102,HGS-TV,95730.0,181829.33176350594
2103,HGS-TV,95730.0,181889.3719060421
2104,HGS-TV,95730.0,181972.4925415516
2105,HGS-TV,95730.0,182032.51579093933
2106,HGS-TV,95730.0,182092.5393795967
2107,HGS-TV,95730.0,182152.60454893112
2108,HGS-TV,95730.0,182250.9014632702
2109,HGS-TV,95730.0,182310.97641730309
2110,HGS-TV,95730.0,182371.06526613235
2111,ails2_etaMax1.000_stoppingTime432000.00,95839.0,182401.79305004881
2112,HGS-TV,95730.0,182436.36029100418
2113,HGS-TV,95730.0,182496.37084794044
2114,HGS-TV,95730.0,182556.41901254654
2115,HGS-TV,95730.0,182745.8135368824
2116,HGS-TV,95730.0,182834.6800148487
2117,HGS-TV,95730.0,182894.72285318375
2118,HGS-TV,95730.0,182954.72472262383
2119,HGS-TV,95730.0,183014.73090553284
2120,HGS-TV,95730.0,183151.47136092186
2121,HGS-TV,95730.0,183211.4804944992
2122,HGS-TV,95730.0,183271.49947857857
2123,HGS-TV,95730.0,183331.51938033104
2124,HGS-TV,95730.0,183391.59729886055
2125,HGS-TV,95730.0,183451.66085481644
2126,HGS-TV,95730.0,183511.66514229774
2127,HGS-TV,95730.0,183571.6706635952
2128,HGS-TV,95730.0,183659.23812317848
2129,HGS-TV,95730.0,183719.2780869007
2130,HGS-TV,95730.0,183779.38552999496
2131,HGS-TV,95730.0,183839.4242374897
2132,HGS-TV,95730.0,183899.4714858532
2133,HGS-TV,95730.0,183959.58375787735
2134,HGS-TV,95730.0,184019.65149188042
2135,HGS-TV,95730.0,184079.73951387405
2136,HGS-TV,95730.0,184139.81112480164
2137,HGS-TV,95730.0,184199.85564732552
2138,HGS-TV,95730.0,184259.9297697544
2139,HGS-TV,95730.0,184319.9598660469
2140,HGS-TV,95730.0,184380.03462314606
2141,HGS-TV,95730.0,184440.0963625908
2142,HGS-TV,95730.0,184500.12620830536
2143,HGS-TV,95730.0,184560.14512085915
2144,HGS-TV,95730.0,184622.47586107254
2145,HGS-TV,95730.0,184682.5227909088
2146,HGS-TV,95730.0,184742.6086075306
2147,HGS-TV,95730.0,184802.672508955
2148,HGS-TV,95730.0,184862.78262114525
2149,HGS-TV,95730.0,184922.8594431877
2150,ails2_etaMax1.000_stoppingTime1728000.00,96631.0,184956.02605004882
2151,HGS-TV,95730.0,185027.9898505211
2152,HGS-TV,95730.0,185088.01741075516
2153,HGS-TV,95730.0,185356.6973104477
2154,HGS-TV,95730.0,185416.75896048546
2155,ails2_etaMax1.000_stoppingTime432000.00,95834.0,185485.82905004884
2156,HGS-TV,95730.0,185582.9074897766
2157,HGS-TV,95730.0,185772.13999700546
2158,HGS-TV,95730.0,185832.14200615883
2159,HGS-TV,95730.0,186018.79413247108
2160,ails2_etaMax1.000_stoppingTime864000.00,96222.0,186068.73305004882
2161,ails2_etaMax1.000_stoppingTime864000.00,96202.0,186068.75805004884
2162,HGS-TV,95730.0,186324.50174593925
2163,HGS-TV,95730.0,186536.34706616402
2164,HGS-TV,95730.0,186596.41547083855
2165,HGS-TV,95730.0,186656.53974795341
2166,HGS-TV,95730.0,186716.56275081635
2167,HGS-TV,95730.0,186842.0213060379
2168,HGS-TV,95730.0,186902.04317951202
2169,HGS-TV,95730.0,187010.15048456192
2170,HGS-TV,95730.0,187070.24909591675
2171,HGS-TV,95730.0,187550.21600174904
2172,HGS-TV,95730.0,188041.89727330208
2173,HGS-TV,95730.0,188180.9174323082
2174,ails2_etaMax1.000_stoppingTime1728000.00,96615.0,188778.70505004883
2175,HGS-TV,95730.0,189124.32513594627
2176,HGS-TV,95730.0,189215.06038212776
2177,HGS-TV,95730.0,189275.0879907608
2178,HGS-TV,95730.0,189388.21439385414
2179,HGS-TV,95730.0,189448.21989822388
2180,HGS-TV,95730.0,189532.86030125618
2181,HGS-TV,95730.0,189592.92670059204
2182,HGS-TV,95730.0,189652.98052215576
2183,HGS-TV,95730.0,189720.23082327843
2184,HGS-TV,95730.0,189954.82639956474
2185,HGS-TV,95730.0,190014.83725237846
2186,HGS-TV,95730.0,190074.87297844887
2187,HGS-TV,95730.0,190448.0884156227
2188,HGS-TV,95730.0,190510.46052908897
2189,ails2_etaMax1.000_stoppingTime864000.00,96193.0,190884.05905004882
2190,ails2_etaMax1.000_stoppingTime1728000.00,96603.0,190922.20505004883
2191,ails2_etaMax1.000_stoppingTime864000.00,96181.0,191492.09505004884
2192,ails2_etaMax1.000_stoppingTime864000.00,96169.0,191492.12905004882
2193,HGS-TV,95730.0,191964.36945271492
2194,ails2_etaMax1.000_stoppingTime432000.00,95833.0,192022.94205004882
2195,HGS-TV,95730.0,192024.3975739479
2196,ails2_etaMax1.000_stoppingTime432000.00,95821.0,192023.11505004883
2197,HGS-TV,95730.0,192084.45780277252
2198,HGS-TV,95730.0,192144.52741718292
2199,HGS-TV,95730.0,192204.56398773193
2200,HGS-TV,95730.0,192264.57617020607
2201,HGS-TV,95730.0,192324.60089302063
2202,HGS-TV,95730.0,192384.63550329208
2203,HGS-TV,95730.0,192444.72499632835
2204,HGS-TV,95730.0,192504.8251132965
2205,HGS-TV,95730.0,192564.835657835
2206,HGS-TV,95730.0,192624.87239575386
2207,HGS-TV,95730.0,192684.92046666145
2208,HGS-TV,95730.0,192744.96510839462
2209,ails2_etaMax1.000_stoppingTime432000.00,95818.0,192903.31105004883
2210,HGS-TV,95730.0,192911.40773701668
2211,ails2_etaMax1.000_stoppingTime432000.00,95810.0,192903.39205004883
2212,HGS-TV,95730.0,193027.15436124802
2213,HGS-TV,95730.0,193087.2141816616
2214,HGS-TV,95730.0,193147.32844257355
2215,HGS-TV,95730.0,193207.41973400116
2216,HGS-TV,95730.0,193267.53952479362
2217,HGS-TV,95730.0,193337.40678691864
2218,HGS-TV,95730.0,193403.0697901249
2219,HGS-TV,95730.0,193463.09167790413
2220,HGS-TV,95730.0,193523.13184666634
2221,HGS-TV,95730.0,193583.1865799427
2222,HGS-TV,95730.0,193643.205493927
2223,HGS-TV,95730.0,193703.29540276527
2224,HGS-TV,95730.0,193776.11193084717
2225,HGS-TV,95730.0,193836.17359375954
2226,HGS-TV,95730.0,193896.22065997124
2227,HGS-TV,95730.0,193956.24589896202
2228,HGS-TV,95730.0,194016.3166630268
2229,HGS-TV,95730.0,194076.34336829185
2230,HGS-TV,95730.0,194136.3720729351
2231,HGS-TV,95730.0,194196.3977844715
2232,HGS-TV,95730.0,194256.40079140663
2233,HGS-TV,95730.0,194456.44362711906
2234,HGS-TV,95730.0,194516.50505518913
2235,HGS-TV,95730.0,194576.58258390427
2236,HGS-TV,95730.0,194636.60279083252
2237,HGS-TV,95730.0,194696.69619822502
2238,HGS-TV,95730.0,194756.76322460175
2239,HGS-TV,95730.0,194816.87185120583
2240,HGS-TV,95730.0,194876.93175911903
2241,HGS-TV,95730.0,194936.9555668831
2242,HGS-TV,95730.0,194997.04164648056
2243,HGS-TV,95730.0,195057.10022091866
2244,HGS-TV,95730.0,195117.12726330757
2245,HGS-TV,95730.0,195177.15947389603
2246,HGS-TV,95730.0,195237.18874144554
2247,HGS-TV,95730.0,195297.26378846169
2248,HGS-TV,95730.0,195357.32239603996
2249,HGS-TV,95730.0,195417.365234375
2250,HGS-TV,95730.0,195477.42973589897
2251,HGS-TV,95730.0,195537.50155377388
2252,HGS-TV,95730.0,195602.7419846058
2253,HGS-TV,95730.0,195662.7569179535
2254,HGS-TV,95730.0,195722.7653172016
2255,HGS-TV,95730.0,195782.79005169868
2256,HGS-TV,95730.0,195842.90075278282
2257,HGS-TV,95730.0,195903.99545121193
2258,HGS-TV,95730.0,196092.00754737854
2259,HGS-TV,95730.0,196152.01133537292
2260,ails2_etaMax1.000_stoppingTime1728000.00,96570.0,196182.26405004883
2261,HGS-TV,95730.0,196212.04364013672
2262,ails2_etaMax1.000_stoppingTime1728000.00,96567.0,196182.29305004881
2263,HGS-TV,95730.0,196272.0565943718
2264,HGS-TV,95730.0,196366.39767837524
2265,HGS-TV,95730.0,196426.43875074387
2266,HGS-TV,95730.0,196486.53565311432
2267,HGS-TV,95730.0,196546.64609909058
2268,HGS-TV,95730.0,196606.69516849518
2269,HGS-TV,95730.0,196718.99851870537
2270,HGS-TV,95730.0,196779.00130867958
2271,HGS-TV,95730.0,196839.0240740776
2272,HGS-TV,95730.0,197043.14472699165
2273,HGS-TV,95730.0,197103.23218870163
2274,HGS-TV,95730.0,197185.80652046204
2275,HGS-TV,95730.0,197245.8602206707
2276,HGS-TV,95730.0,197367.01638889313
2277,HGS-TV,95730.0,197586.92149686813
2278,HGS-TV,95730.0,197647.0079243183
2279,HGS-TV,95730.0,197707.03242230415
2280,HGS-TV,95730.0,197767.7192234993
2281,ails2_etaMax1.000_stoppingTime432000.00,95808.0,197923.02705004884
2282,ails2_etaMax1.000_stoppingTime432000.00,95796.0,197933.13405004883
2283,HGS-TV,95730.0,198004.78256225586
2284,HGS-TV,95730.0,198064.84882950783
2285,HGS-TV,95730.0,198124.9010746479
2286,ails2_etaMax1.000_stoppingTime864000.00,96167.0,198299.66105004883
2287,HGS-TV,95730.0,198314.09110856056
2288,ails2_etaMax1.000_stoppingTime864000.00,96140.0,198301.32705004883
2289,HGS-TV,95730.0,198601.78074359894
2290,HGS-TV,95730.0,198693.98245429993
2291,HGS-TV,95730.0,200221.55264043808
2292,HGS-TV,95730.0,201875.76979756355
2293,HGS-TV,95730.0,201935.8554596901
2294,HGS-TV,95730.0,201995.87894248962
2295,HGS-TV,95730.0,202055.95241069794
2296,HGS-TV,95730.0,202115.9594244957
2297,HGS-TV,95730.0,202175.98332190514
2298,HGS-TV,95730.0,202243.7757935524
2299,HGS-TV,95730.0,202303.80917835236
2300,HGS-TV,95730.0,202363.89804553986
2301,HGS-TV,95730.0,202424.0155661106
2302,HGS-TV,95730.0,202484.04714512825
2303,ails2_etaMax1.000_stoppingTime432000.00,95795.0,202513.76205004883
2304,HGS-TV,95730.0,202544.0634663105
2305,ails2_etaMax1.000_stoppingTime432000.00,95786.0,202526.08405004884
2306,HGS-TV,95730.0,202604.1851913929
2307,HGS-TV,95730.0,202664.22667646408
2308,HGS-TV,95730.0,202724.26982688904
2309,HGS-TV,95730.0,202820.70179080963
2310,HGS-TV,95730.0,202880.74118208885
2311,HGS-TV,95730.0,202940.81548523903
2312,HGS-TV,95730.0,203000.858594656
2313,HGS-TV,95730.0,203060.8630540371
2314,HGS-TV,95730.0,203120.87497210503
2315,HGS-TV,95730.0,203180.9805958271
2316,HGS-TV,95730.0,203265.85847258568
2317,HGS-TV,95730.0,203380.13240242004
2318,HGS-TV,95730.0,203440.1913638115
2319,HGS-TV,95730.0,203564.1926264763
2320,HGS-TV,95730.0,203643.98323106766
2321,HGS-TV,95730.0,203704.02250385284
2322,HGS-TV,95730.0,203785.86780381203
2323,HGS-TV,95730.0,203845.92739200592
2324,HGS-TV,95730.0,203979.1510734558
2325,HGS-TV,95730.0,204039.15483760834
2326,HGS-TV,95730.0,204111.57235336304
2327,HGS-TV,95730.0,204191.65445041656
2328,HGS-TV,95730.0,204251.72612309456
2329,HGS-TV,95730.0,204362.56258010864
2330,HGS-TV,95730.0,204422.56674838066
2331,HGS-TV,95730.0,204482.57106018066
2332,HGS-TV,95730.0,204576.8289246559
2333,HGS-TV,95730.0,204636.8741657734
2334,HGS-TV,95730.0,204729.5524160862
2335,HGS-TV,95730.0,204789.58009457588
2336,HGS-TV,95730.0,204849.68518066406
2337,HGS-TV,95730.0,204909.7414393425
2338,HGS-TV,95730.0,204969.78380084038
2339,HGS-TV,95730.0,205029.8655421734
2340,HGS-TV,95730.0,205089.9228594303
2341,HGS-TV,95730.0,205149.92721009254
2342,HGS-TV,95730.0,205209.96736121178
2343,HGS-TV,95730.0,205303.35432624817
2344,HGS-TV,95730.0,205428.7223277092
2345,HGS-TV,95730.0,205488.72714591026
2346,HGS-TV,95730.0,205548.7297976017
2347,HGS-TV,95730.0,205608.80901646614
2348,HGS-TV,95730.0,205668.8556790352
2349,HGS-TV,95730.0,205728.93730974197
2350,HGS-TV,95730.0,205890.04052233696
2351,HGS-TV,95730.0,205950.07050681114
2352,HGS-TV,95730.0,206010.12932872772
2353,HGS-TV,95730.0,206070.13303661346
2354,HGS-TV,95730.0,206130.16748929024
2355,HGS-TV,95730.0,206190.3162100315
2356,HGS-TV,95730.0,206271.13275671005
2357,ails2_etaMax1.000_stoppingTime864000.00,96134.0,206362.63205004882
2358,ails2_etaMax1.000_stoppingTime864000.00,96085.0,206362.71305004883
2359,HGS-TV,95730.0,206547.16865205765
2360,HGS-TV,95730.0,206747.289583683
2361,HGS-TV,95730.0,206955.3457994461
2362,HGS-TV,95730.0,207015.40116500854
2363,HGS-TV,95730.0,207075.4556362629
2364,HGS-TV,95730.0,207135.5725619793
2365,HGS-TV,95730.0,207195.59939813614
2366,HGS-TV,95730.0,207255.61338496208
2367,HGS-TV,95730.0,207315.6156270504
2368,HGS-TV,95730.0,207375.66506767273
2369,HGS-TV,95730.0,207435.71628379822
2370,HGS-TV,95730.0,207495.7866435051
2371,HGS-TV,95730.0,207555.85061836243
2372,HGS-TV,95730.0,207615.87497091293
2373,HGS-TV,95730.0,207675.92881965637
2374,HGS-TV,95730.0,207735.98530960083
2375,HGS-TV,95730.0,207795.98678159714
2376,HGS-TV,95730.0,207856.086820364
2377,HGS-TV,95730.0,208029.07791996002
2378,HGS-TV,95730.0,208089.08664512634
2379,HGS-TV,95730.0,208156.53585004807
2380,HGS-TV,95730.0,208216.60639333725
2381,HGS-TV,95730.0,208276.64591240883
2382,HGS-TV,95730.0,208336.65862178802
2383,HGS-TV,95730.0,208396.70349407196
2384,HGS-TV,95730.0,208456.70522356033
2385,HGS-TV,95730.0,208516.72138118744
2386,ails2_etaMax1.000_stoppingTime1728000.00,96548.0,208548.33505004883
2387,HGS-TV,95730.0,208614.38744068146
2388,HGS-TV,95730.0,208674.39287924767
2389,HGS-TV,95730.0,208734.43911838531
2390,HGS-TV,95730.0,208794.51251602173
2391,HGS-TV,95730.0,208854.63680005074
2392,HGS-TV,95730.0,208914.67537641525
2393,HGS-TV,95730.0,208974.70115089417
2394,HGS-TV,95730.0,209034.8382537365
2395,HGS-TV,95730.0,209106.93722343445
2396,HGS-TV,95730.0,209166.95023608208
2397,HGS-TV,95730.0,209424.62527751923
2398,HGS-TV,95730.0,209525.82785916328
2399,HGS-TV,95730.0,209585.8590695858
2400,HGS-TV,95730.0,209682.60362553596
2401,HGS-TV,95730.0,209742.64532089233
2402,HGS-TV,95730.0,209802.64553022385
2403,HGS-TV,95730.0,209890.92928481102
2404,HGS-TV,95730.0,209955.34494376183
2405,HGS-TV,95730.0,210049.29197120667
2406,HGS-TV,95730.0,210254.02203965187
2407,HGS-TV,95730.0,210314.13696193695
2408,HGS-TV,95730.0,210374.1921260357
2409,HGS-TV,95730.0,210499.36418890953
2410,HGS-TV,95730.0,210706.60053610802
2411,HGS-TV,95730.0,210766.61548876762
2412,HGS-TV,95730.0,210826.73821926117
2413,HGS-TV,95730.0,211006.11516141891
2414,HGS-TV,95730.0,211127.38864278793
2415,HGS-TV,95730.0,211187.4168088436
2416,HGS-TV,95730.0,211247.44288945198
2417,HGS-TV,95730.0,211307.49640321732
2418,HGS-TV,95730.0,211474.60986733437
2419,HGS-TV,95730.0,211669.52187633514
2420,HGS-TV,95730.0,211729.57853841782
2421,ails2_etaMax1.000_stoppingTime1728000.00,96542.0,211764.3610500488
2422,HGS-TV,95730.0,211926.4396252632
2423,HGS-TV,95730.0,212180.11177182198
2424,HGS-TV,95730.0,212429.39448714256
2425,HGS-TV,95730.0,212489.41773343086
2426,HGS-TV,95730.0,213798.86406850815
2427,HGS-TV,95730.0,213858.90027070045
2428,HGS-TV,95730.0,213919.0072376728
2429,HGS-TV,95730.0,213979.04606056213
2430,HGS-TV,95730.0,214039.05585074425
2431,HGS-TV,95730.0,214099.1522679329
2432,HGS-TV,95730.0,214159.20743012428
2433,ails2_etaMax1.000_stoppingTime1728000.00,96540.0,214160.54005004882
2434,ails2_etaMax1.000_stoppingTime1728000.00,96504.0,214160.58605004882
2435,HGS-TV,95730.0,214223.2963926792
2436,HGS-TV,95730.0,214283.33314275742
2437,HGS-TV,95730.0,214343.35776519775
2438,HGS-TV,95730.0,214483.76970291138
2439,HGS-TV,95730.0,214543.77355527878
2440,HGS-TV,95730.0,214640.88307404518
2441,HGS-TV,95730.0,214700.94839167595
2442,HGS-TV,95730.0,214761.0199892521
2443,HGS-TV,95730.0,214821.04683208466
2444,HGS-TV,95730.0,214898.23320913315
2445,HGS-TV,95730.0,214958.26983094215
2446,HGS-TV,95730.0,215018.35525894165
2447,HGS-TV,95730.0,215078.40580821037
2448,HGS-TV,95730.0,215138.4218211174
2449,HGS-TV,95730.0,215209.17652845383
2450,HGS-TV,95730.0,215290.8231766224
2451,HGS-TV,95730.0,215350.96017098427
2452,HGS-TV,95730.0,215476.43070864677
2453,HGS-TV,95730.0,215708.14010429382
2454,HGS-TV,95730.0,215768.14525914192
2455,HGS-TV,95730.0,215975.01016497612
2456,HGS-TV,95730.0,216035.06478571892
2457,HGS-TV,95730.0,216095.1866016388
2458,HGS-TV,95730.0,216155.20839238167
2459,HGS-TV,95730.0,216235.7184305191
2460,HGS-TV,95730.0,216295.7191886902
2461,HGS-TV,95730.0,216355.7512807846
2462,HGS-TV,95730.0,216415.87202215195
2463,HGS-TV,95730.0,216475.89698934555
2464,HGS-TV,95730.0,216563.87749648094
2465,HGS-TV,95730.0,216714.1620118618
2466,HGS-TV,95730.0,216774.19667220116
2467,HGS-TV,95730.0,216834.205606699
2468,HGS-TV,95730.0,216894.31102466583
2469,HGS-TV,95730.0,216962.36967277527
2470,HGS-TV,95730.0,217022.46591210365
2471,HGS-TV,95730.0,217082.53910660744
2472,HGS-TV,95730.0,217142.548132658
2473,HGS-TV,95730.0,217202.6331357956
2474,HGS-TV,95730.0,217262.6838335991
2475,HGS-TV,95730.0,217322.7715010643
2476,HGS-TV,95730.0,217382.9157795906
2477,HGS-TV,95730.0,217442.972543478
2478,HGS-TV,95730.0,217520.47364544868
2479,HGS-TV,95730.0,217580.48006534576
2480,HGS-TV,95730.0,217640.5424273014
2481,HGS-TV,95730.0,217702.9800670147
2482,HGS-TV,95730.0,217777.5242164135
2483,HGS-TV,95730.0,217847.5410618782
2484,HGS-TV,95730.0,217907.54914927483
2485,HGS-TV,95730.0,217967.62013983727
2486,HGS-TV,95730.0,218027.6949210167
2487,HGS-TV,95730.0,218087.72513771057
2488,HGS-TV,95730.0,218147.77617144585
2489,HGS-TV,95730.0,218207.78069519997
2490,HGS-TV,95730.0,218267.8378713131
2491,HGS-TV,95730.0,218327.8439540863
2492,HGS-TV,95730.0,218387.8517112732
2493,HGS-TV,95730.0,218447.8959403038
2494,HGS-TV,95730.0,218507.9030570984
2495,HGS-TV,95730.0,218567.92722439766
2496,HGS-TV,95730.0,218628.03291988373
2497,HGS-TV,95730.0,218688.07752370834
2498,HGS-TV,95730.0,218748.10335803032
2499,HGS-TV,95730.0,218808.1304986477
2500,HGS-TV,95730.0,218868.15202593803
2501,HGS-TV,95730.0,218928.20802497864
2502,HGS-TV,95730.0,219000.20986413956
2503,HGS-TV,95730.0,219060.32485175133
2504,HGS-TV,95730.0,219147.54065656662
2505,HGS-TV,95730.0,219207.5932750702
2506,HGS-TV,95730.0,219267.62801790237
2507,HGS-TV,95730.0,219327.6743400097
2508,HGS-TV,95730.0,219387.68779039383
2509,HGS-TV,95730.0,219447.69077539444
2510,HGS-TV,95730.0,219507.76638484
2511,HGS-TV,95730.0,219665.02481102943
2512,HGS-TV,95730.0,219725.05935025215
2513,HGS-TV,95730.0,219785.08591890335
2514,HGS-TV,95730.0,219926.7246773243
2515,HGS-TV,95730.0,219986.7983727455
2516,HGS-TV,95730.0,220475.59059214592
2517,ails2_etaMax1.000_stoppingTime1728000.00,96490.0,220606.94905004883
2518,HGS-TV,95730.0,220821.97669053078
2519,HGS-TV,95730.0,220882.03810834885
2520,HGS-TV,95730.0,220975.37629413605
2521,HGS-TV,95730.0,221044.34534168243
2522,HGS-TV,95730.0,221560.84037947655
2523,HGS-TV,95730.0,221620.90971183777
2524,ails2_etaMax1.000_stoppingTime864000.00,96081.0,222010.38405004883
2525,ails2_etaMax1.000_stoppingTime864000.00,96020.0,222059.47105004883
2526,HGS-TV,95730.0,222454.5189561844
2527,HGS-TV,95730.0,222514.58454799652
2528,HGS-TV,95730.0,222778.3019361496
2529,HGS-TV,95730.0,222838.33242583275
2530,HGS-TV,95730.0,223046.16274762154
2531,HGS-TV,95730.0,223106.16542506218
2532,HGS-TV,95730.0,223403.06493711472
2533,HGS-TV,95730.0,223869.48453378677
2534,HGS-TV,95730.0,224027.81074810028
2535,HGS-TV,95730.0,224089.36867523193
2536,HGS-TV,95730.0,224149.44167995453
2537,HGS-TV,95730.0,224209.4449608326
2538,HGS-TV,95730.0,224399.6430325508
2539,HGS-TV,95730.0,224459.6753089428
2540,HGS-TV,95730.0,224723.55067801476
2541,HGS-TV,95730.0,224783.5828590393
2542,HGS-TV,95730.0,224859.37443351746
2543,HGS-TV,95730.0,224983.8017861843
2544,HGS-TV,95730.0,225592.28383994102
2545,ails2_etaMax1.000_stoppingTime864000.00,96005.0,225636.11205004883
2546,HGS-TV,95730.0,225652.39860582352
2547,ails2_etaMax1.000_stoppingTime864000.00,96002.0,225636.21805004883
2548,HGS-TV,95730.0,227218.7795932293
2549,HGS-TV,95730.0,227278.82555437088
2550,HGS-TV,95730.0,227338.8290541172
2551,HGS-TV,95730.0,227707.50980257988
2552,HGS-TV,95730.0,227946.49617004395
2553,ails2_etaMax1.000_stoppingTime432000.00,95785.0,229359.49305004883
2554,HGS-TV,95730.0,229658.7851381302
2555,HGS-TV,95730.0,229718.85841178894
2556,HGS-TV,95730.0,229778.88028621674
2557,HGS-TV,95730.0,229838.9650642872
2558,HGS-TV,95730.0,229899.13623452187
2559,HGS-TV,95730.0,229959.1663401127
2560,HGS-TV,95730.0,230019.2058184147
2561,HGS-TV,95730.0,230079.2408876419
2562,HGS-TV,95730.0,230139.28799438477
2563,HGS-TV,95730.0,230199.29868984222
2564,HGS-TV,95730.0,230259.34155368805
2565,HGS-TV,95730.0,230319.3528649807
2566,HGS-TV,95730.0,230379.3957812786
2567,HGS-TV,95730.0,230439.50512385368
2568,HGS-TV,95730.0,230499.51739501953
2569,HGS-TV,95730.0,230570.2306010723
2570,HGS-TV,95730.0,230634.99161338806
2571,HGS-TV,95730.0,230695.01842021942
2572,HGS-TV,95730.0,230755.1034553051
2573,HGS-TV,95730.0,230815.1085076332
2574,HGS-TV,95730.0,230880.85116004944
2575,HGS-TV,95730.0,230981.1256735325
2576,HGS-TV,95730.0,231041.22625279427
2577,ails2_etaMax1.000_stoppingTime432000.00,95784.0,231162.44005004884
2578,HGS-TV,95730.0,231176.0033249855
2579,ails2_etaMax1.000_stoppingTime432000.00,95779.0,231162.73405004884
2580,HGS-TV,95730.0,231289.83818531036
2581,HGS-TV,95730.0,231424.3981871605
2582,ails2_etaMax1.000_stoppingTime1728000.00,96483.0,231437.25805004884
2583,HGS-TV,95730.0,231484.4819688797
2584,ails2_etaMax1.000_stoppingTime1728000.00,96476.0,231437.28305004883
2585,HGS-TV,95730.0,231587.22024297714
2586,HGS-TV,95730.0,231647.31327223778
2587,HGS-TV,95730.0,231757.1230442524
2588,HGS-TV,95730.0,231817.2250137329
2589,HGS-TV,95730.0,231877.27115011215
2590,ails2_etaMax1.000_stoppingTime432000.00,95777.0,231909.15305004883
2591,HGS-TV,95730.0,231937.3435895443
2592,ails2_etaMax1.000_stoppingTime432000.00,95775.0,231909.71505004884
2593,HGS-TV,95730.0,231997.38889861107
2594,HGS-TV,95730.0,232057.42257332802
2595,HGS-TV,95730.0,232117.48213744164
2596,HGS-TV,95730.0,232177.5505809784
2597,HGS-TV,95730.0,232237.55674386024
2598,HGS-TV,95730.0,232297.62351632118
2599,HGS-TV,95730.0,232357.70563864708
2600,HGS-TV,95730.0,232417.74152565002
2601,HGS-TV,95730.0,232477.79251098633
2602,HGS-TV,95730.0,232537.79945349693
2603,HGS-TV,95730.0,232597.86404967308
2604,HGS-TV,95730.0,232657.8716788292
2605,HGS-TV,95730.0,232717.99369764328
2606,HGS-TV,95730.0,232809.95133686066
2607,HGS-TV,95730.0,232869.9777314663
2608,HGS-TV,95730.0,232930.0426414013
2609,HGS-TV,95730.0,232990.08223819733
2610,HGS-TV,95730.0,233050.2328901291
2611,HGS-TV,95730.0,233110.25072836876
2612,HGS-TV,95730.0,233170.34759616852
2613,HGS-TV,95730.0,233230.40649914742
2614,HGS-TV,95730.0,233290.47952580452
2615,HGS-TV,95730.0,233350.49624538422
2616,HGS-TV,95730.0,233410.60330867767
2617,HGS-TV,95730.0,233470.66830682755
2618,HGS-TV,95730.0,233535.48935341835
2619,HGS-TV,95730.0,233598.2257847786
2620,HGS-TV,95730.0,233658.27391171455
2621,HGS-TV,95730.0,233718.283772707
2622,HGS-TV,95730.0,233778.35588741302
2623,HGS-TV,95730.0,233838.36100673676
2624,HGS-TV,95730.0,233898.36445355415
2625,ails2_etaMax1.000_stoppingTime432000.00,95774.0,233899.03405004882
2626,ails2_etaMax1.000_stoppingTime1728000.00,96474.0,234117.06205004881
2627,HGS-TV,95730.0,234152.39869379997
2628,HGS-TV,95730.0,234219.34871268272
2629,HGS-TV,95730.0,234326.407777071
2630,HGS-TV,95730.0,234404.97651052475
2631,HGS-TV,95730.0,234631.2364976406
2632,HGS-TV,95730.0,234704.34116888046
2633,HGS-TV,95730.0,234764.47419595718
2634,HGS-TV,95730.0,234824.48096323013
2635,HGS-TV,95730.0,234884.48386478424
2636,HGS-TV,95730.0,234944.50069475174
2637,HGS-TV,95730.0,235004.5638384819
2638,HGS-TV,95730.0,235064.57647442818
2639,HGS-TV,95730.0,235124.60308361053
2640,HGS-TV,95730.0,235184.65819859505
2641,HGS-TV,95730.0,235664.07523608208
2642,HGS-TV,95730.0,235724.12799263
2643,HGS-TV,95730.0,235905.474691391
2644,HGS-TV,95730.0,236060.64707040787
2645,HGS-TV,95730.0,236274.84560203552
2646,ails2_etaMax1.000_stoppingTime432000.00,95765.0,236889.37405004882
2647,HGS-TV,95730.0,237080.13795900345
2648,HGS-TV,95730.0,237459.33675408363
2649,HGS-TV,95730.0,237519.33808875084
2650,ails2_etaMax1.000_stoppingTime864000.00,96000.0,237758.79205004883
2651,ails2_etaMax1.000_stoppingTime864000.00,95999.0,237759.0240500488
2652,ails2_etaMax1.000_stoppingTime432000.00,95764.0,238260.07105004883
2653,HGS-TV,95730.0,238474.50194048882
2654,ails2_etaMax1.000_stoppingTime432000.00,95758.0,238508.60705004883
2655,HGS-TV,95730.0,238631.09906578064
2656,HGS-TV,95730.0,238691.1387488842
2657,HGS-TV,95730.0,239098.94863009453
2658,HGS-TV,95730.0,239158.96659183502
2659,ails2_etaMax1.000_stoppingTime1728000.00,96472.0,239208.87505004884
2660,ails2_etaMax1.000_stoppingTime1728000.00,96460.0,239209.06205004881
2661,HGS-TV,95730.0,239387.8383834362
2662,HGS-TV,95730.0,239447.90641760826
2663,HGS-TV,95730.0,239724.98318457603
2664,HGS-TV,95730.0,239869.3632593155
2665,HGS-TV,95730.0,240264.06492948532
2666,HGS-TV,95730.0,240324.13619923592
2667,HGS-TV,95730.0,240384.17370915413
2668,ails2_etaMax1.000_stoppingTime1728000.00,96451.0,240404.34805004884
2669,HGS-TV,95730.0,240579.25437927246
2670,HGS-TV,95730.0,240714.8689405918
2671,HGS-TV,95730.0,240774.90230870247
2672,ails2_etaMax0.010_stoppingTime432000.00,95929.0,240996.33505004883
2673,ails2_etaMax0.010_stoppingTime432000.00,95928.0,240999.67105004884
2674,HGS-TV,95730.0,241363.61771535873
2675,HGS-TV,95730.0,241553.8027431965
2676,HGS-TV,95730.0,241666.7280228138
2677,HGS-TV,95730.0,241726.77169537544
2678,HGS-TV,95730.0,242961.8231868744
2679,HGS-TV,95730.0,243021.84143519402
2680,HGS-TV,95730.0,243175.6513774395
2681,HGS-TV,95730.0,243913.8812534809
2682,HGS-TV,95730.0,244340.9880285263
2683,HGS-TV,95730.0,244645.0030348301
2684,HGS-TV,95730.0,244705.08078670502
2685,HGS-TV,95730.0,244950.3291580677
2686,HGS-TV,95730.0,245010.36411714554
2687,HGS-TV,95730.0,245241.25527381897
2688,HGS-TV,95730.0,245301.2710199356
2689,HGS-TV,95730.0,246035.62344908714
2690,HGS-TV,95730.0,246095.67720603943
2691,HGS-TV,95730.0,246201.26121497154
2692,HGS-TV,95730.0,246261.3207845688
2693,ails2_etaMax1.000_stoppingTime1728000.00,96450.0,246417.45805004882
2694,HGS-TV,95730.0,247004.98258900642
2695,HGS-TV,95730.0,247267.3846230507
2696,HGS-TV,95730.0,247327.44623875618
2697,HGS-TV,95730.0,248329.6795437336
2698,HGS-TV,95730.0,248392.60424923897
2699,HGS-TV,95730.0,248464.92281532288
2700,HGS-TV,95730.0,248620.9790136814
2701,HGS-TV,95730.0,248730.86436653137
2702,HGS-TV,95730.0,248823.4173564911
2703,ails2_etaMax1.000_stoppingTime1728000.00,96377.0,249502.26905004884
2704,ails2_etaMax1.000_stoppingTime864000.00,95984.0,249868.14505004883
2705,HGS-TV,95730.0,250126.74418997765
2706,HGS-TV,95730.0,251040.739882946
2707,HGS-TV,95730.0,251100.78333377838
2708,HGS-TV,95730.0,251176.6509308815
2709,HGS-TV,95730.0,251236.69825553894
2710,HGS-TV,95730.0,251313.96811056137
2711,HGS-TV,95730.0,251738.2119061947
2712,HGS-TV,95730.0,251876.3270149231
2713,HGS-TV,95730.0,252130.6262831688
2714,HGS-TV,95730.0,252202.80712771416
2715,HGS-TV,95730.0,252262.86759757996
2716,HGS-TV,95730.0,252435.24684405327
2717,HGS-TV,95730.0,253829.08285546303
2718,HGS-TV,95730.0,253889.17583990097
2719,HGS-TV,95730.0,253949.2287454605
2720,HGS-TV,95730.0,254009.29387903214
2721,HGS-TV,95730.0,254069.4307539463
2722,HGS-TV,95730.0,254129.43427920341
2723,HGS-TV,95730.0,254189.44657492638
2724,HGS-TV,95730.0,254249.57414269447
2725,HGS-TV,95730.0,254309.6933529377
2726,HGS-TV,95730.0,254369.78519248962
2727,ails2_etaMax1.000_stoppingTime864000.00,95977.0,254392.89105004884
2728,HGS-TV,95730.0,254429.85113930702
2729,HGS-TV,95730.0,254492.30955910683
2730,HGS-TV,95730.0,254552.38320446014
2731,HGS-TV,95730.0,254616.11050367355
2732,HGS-TV,95730.0,254676.1387822628
2733,HGS-TV,95730.0,254736.17052841187
2734,HGS-TV,95730.0,254796.19884467125
2735,HGS-TV,95730.0,254856.22571587563
2736,HGS-TV,95730.0,254916.28132128716
2737,HGS-TV,95730.0,254982.3631951809
2738,HGS-TV,95730.0,255044.4020767212
2739,HGS-TV,95730.0,255104.44767332077
2740,HGS-TV,95730.0,255236.1341533661
2741,HGS-TV,95730.0,255327.9602046013
2742,HGS-TV,95730.0,255387.96097064018
2743,HGS-TV,95730.0,255448.00164365768
2744,HGS-TV,95730.0,255508.00405192375
2745,HGS-TV,95730.0,255568.06265974045
2746,HGS-TV,95730.0,255628.13001799583
2747,HGS-TV,95730.0,255704.14114785194
2748,HGS-TV,95730.0,255764.16119098663
2749,HGS-TV,95730.0,255824.18140602112
2750,HGS-TV,95730.0,255884.20236086845
2751,HGS-TV,95730.0,255944.34396004677
2752,HGS-TV,95730.0,256004.39915800095
2753,HGS-TV,95730.0,256064.42393827438
2754,HGS-TV,95730.0,256128.60765051842
2755,HGS-TV,95730.0,256206.57027602196
2756,HGS-TV,95730.0,256266.64158272743
2757,HGS-TV,95730.0,256326.69511294365
2758,HGS-TV,95730.0,256396.32236933708
2759,HGS-TV,95730.0,256456.4169151783
2760,HGS-TV,95730.0,256516.4289329052
2761,HGS-TV,95730.0,256576.5235965252
2762,HGS-TV,95730.0,256636.54158711433
2763,HGS-TV,95730.0,256745.09416937828
2764,HGS-TV,95730.0,256805.10557103157
2765,HGS-TV,95730.0,256871.75863480568
2766,HGS-TV,95730.0,256931.8007261753
2767,HGS-TV,95730.0,256991.80837607384
2768,HGS-TV,95730.0,257051.83790755272
2769,HGS-TV,95730.0,257115.40482330322
2770,HGS-TV,95730.0,257175.47363209724
2771,HGS-TV,95730.0,257235.49723434448
2772,HGS-TV,95730.0,257295.5486934185
2773,HGS-TV,95730.0,257355.62523889542
2774,HGS-TV,95730.0,257415.64642691612
2775,HGS-TV,95730.0,257475.73341274261
2776,HGS-TV,95730.0,257535.73399186134
2777,HGS-TV,95730.0,257595.77981638908
2778,HGS-TV,95730.0,257655.80444025993
2779,HGS-TV,95730.0,257715.85129141808
2780,HGS-TV,95730.0,257775.86449980736
2781,HGS-TV,95730.0,257913.68847060204
2782,HGS-TV,95730.0,257973.70755124092
2783,HGS-TV,95730.0,258033.7269294262
2784,HGS-TV,95730.0,258185.87313771248
2785,HGS-TV,95730.0,258245.88403582573
2786,HGS-TV,95730.0,258305.8893046379
2787,HGS-TV,95730.0,258403.4988298416
2788,HGS-TV,95730.0,258626.6890525818
2789,HGS-TV,95730.0,258686.69852638245
2790,HGS-TV,95730.0,258746.7572824955
2791,HGS-TV,95730.0,258806.77550196648
2792,HGS-TV,95730.0,259634.7923283577
2793,HGS-TV,95730.0,259950.2564508915
2794,HGS-TV,95730.0,260173.2395441532
2795,HGS-TV,95730.0,260523.36685037613
2796,HGS-TV,95730.0,260583.40333676338
2797,HGS-TV,95730.0,260644.81358647346
2798,HGS-TV,95730.0,260704.82696175575
2799,HGS-TV,95730.0,260939.26964497566
2800,ails2_etaMax1.000_stoppingTime864000.00,95968.0,260989.83905004882
2801,HGS-TV,95730.0,260999.29610562325
2802,ails2_etaMax1.000_stoppingTime864000.00,95953.0,260989.86505004883
2803,HGS-TV,95730.0,261059.32298779488
2804,HGS-TV,95730.0,262460.37953805923
2805,HGS-TV,95730.0,262520.409686327
2806,HGS-TV,95730.0,262580.4278190136
2807,HGS-TV,95730.0,262640.4785065651
2808,HGS-TV,95730.0,262700.4978713989
2809,HGS-TV,95730.0,262760.5752494335
2810,HGS-TV,95730.0,262820.6859474182
2811,HGS-TV,95730.0,262880.7476606369
2812,HGS-TV,95730.0,262940.8761253357
2813,HGS-TV,95730.0,263063.9953825474
2814,HGS-TV,95730.0,263141.90549731255
2815,HGS-TV,95730.0,263201.9533865452
2816,HGS-TV,95730.0,263262.0569136143
2817,HGS-TV,95730.0,263322.07597088814
2818,HGS-TV,95730.0,263382.14172816277
2819,HGS-TV,95730.0,263442.1587193012
2820,HGS-TV,95730.0,263502.1892120838
2821,HGS-TV,95730.0,263569.02552223206
2822,HGS-TV,95730.0,263629.1092965603
2823,HGS-TV,95730.0,263689.1188483238
2824,HGS-TV,95730.0,263837.5237352848
2825,HGS-TV,95730.0,263897.590982914
2826,HGS-TV,95730.0,263957.61739110947
2827,HGS-TV,95730.0,264030.5931901932
2828,HGS-TV,95730.0,264090.6187386513
2829,ails2_etaMax1.000_stoppingTime1728000.00,96350.0,264104.5750500488
2830,HGS-TV,95730.0,264150.66811060905
2831,ails2_etaMax1.000_stoppingTime1728000.00,96335.0,264104.59905004886
2832,HGS-TV,95730.0,264210.7026076317
2833,HGS-TV,95730.0,264270.812844038
2834,HGS-TV,95730.0,264330.8221604824
2835,HGS-TV,95730.0,264390.8406584263
2836,HGS-TV,95730.0,264479.9371833801
2837,HGS-TV,95730.0,264567.769258976
2838,HGS-TV,95730.0,264627.80729818344
2839,HGS-TV,95730.0,264687.8522615433
2840,HGS-TV,95730.0,264747.9740252495
2841,HGS-TV,95730.0,264808.05014014244
2842,HGS-TV,95730.0,264868.0962936878
2843,HGS-TV,95730.0,264935.1272318363
2844,HGS-TV,95730.0,264995.2038896084
2845,HGS-TV,95730.0,265112.23347592354
2846,HGS-TV,95730.0,265172.2617702484
2847,HGS-TV,95730.0,265232.26329517365
2848,HGS-TV,95730.0,265292.3413743973
2849,HGS-TV,95730.0,265352.4388349056
2850,HGS-TV,95730.0,265429.24214076996
2851,HGS-TV,95730.0,265489.2727982998
2852,HGS-TV,95730.0,265549.3652346134
2853,HGS-TV,95730.0,265609.41246414185
2854,HGS-TV,95730.0,265669.4159567356
2855,HGS-TV,95730.0,265764.78076291084
2856,HGS-TV,95730.0,265826.9570040703
2857,HGS-TV,95730.0,265887.01930618286
2858,HGS-TV,95730.0,265947.0553660393
2859,HGS-TV,95730.0,266007.11459469795
2860,HGS-TV,95730.0,266067.1663675308
2861,HGS-TV,95730.0,266182.52174830437
2862,HGS-TV,95730.0,266242.57311320305
2863,HGS-TV,95730.0,266302.66966867447
2864,HGS-TV,95730.0,266362.72212314606
2865,HGS-TV,95730.0,266422.7876546383
2866,HGS-TV,95730.0,266482.84745264053
2867,HGS-TV,95730.0,266542.888982296
2868,HGS-TV,95730.0,266602.95651841164
2869,HGS-TV,95730.0,266663.04236507416
2870,HGS-TV,95730.0,266771.64206695557
2871,HGS-TV,95730.0,266891.78287768364
2872,HGS-TV,95730.0,266951.78414845467
2873,HGS-TV,95730.0,267041.85888409615
2874,HGS-TV,95730.0,267101.86069846153
2875,HGS-TV,95730.0,267161.94772553444
2876,HGS-TV,95730.0,267298.57831835747
2877,HGS-TV,95730.0,267358.6145889759
2878,HGS-TV,95730.0,267418.65214324
2879,HGS-TV,95730.0,267478.69813227654
2880,HGS-TV,95730.0,267538.76551508904
2881,HGS-TV,95730.0,267753.11927866936
2882,HGS-TV,95730.0,267864.6681470871
2883,HGS-TV,95730.0,267924.6964700222
2884,HGS-TV,95730.0,267984.7074368
2885,ails2_etaMax1.000_stoppingTime1728000.00,96329.0,268027.20905004884
2886,HGS-TV,95730.0,268068.5848684311
2887,ails2_etaMax1.000_stoppingTime1728000.00,96299.0,268027.65405004885
2888,HGS-TV,95730.0,268128.5938887596
2889,HGS-TV,95730.0,268291.7005968094
2890,HGS-TV,95730.0,268351.7766325474
2891,HGS-TV,95730.0,268411.82683706284
2892,HGS-TV,95730.0,268471.8562877178
2893,ails2_etaMax1.000_stoppingTime432000.00,95757.0,268772.2330500488
2894,HGS-TV,95730.0,268833.9815392494
2895,HGS-TV,95730.0,268958.1116080284
2896,HGS-TV,95730.0,269018.1246109009
2897,ails2_etaMax1.000_stoppingTime1728000.00,96275.0,269071.4820500488
2898,HGS-TV,95730.0,269078.14695715904
2899,ails2_etaMax1.000_stoppingTime1728000.00,96267.0,269071.8860500488
2900,HGS-TV,95730.0,269171.59283065796
2901,HGS-TV,95730.0,269231.6280360222
2902,HGS-TV,95730.0,269302.37626743317
2903,HGS-TV,95730.0,269476.46311712265
2904,HGS-TV,95730.0,269536.51069927216
2905,HGS-TV,95730.0,269596.5385026932
2906,HGS-TV,95730.0,269656.55605506897
2907,HGS-TV,95730.0,269717.27206611633
2908,HGS-TV,95730.0,269777.33315086365
2909,HGS-TV,95730.0,269837.42356419563
2910,HGS-TV,95730.0,269897.43602633476
2911,HGS-TV,95730.0,270000.82322883606
2912,HGS-TV,95730.0,270060.8889415264
2913,HGS-TV,95730.0,270120.8907594681
2914,HGS-TV,95730.0,270210.0351161957
2915,HGS-TV,95730.0,270270.0864531994
2916,HGS-TV,95730.0,270330.10655999184
2917,HGS-TV,95730.0,270402.70226264
2918,HGS-TV,95730.0,270467.49260783195
2919,HGS-TV,95730.0,270815.7512407303
2920,HGS-TV,95730.0,270975.8262989521
2921,HGS-TV,95730.0,271035.8818974495
2922,HGS-TV,95730.0,271095.9400599003
2923,HGS-TV,95730.0,271155.9462761879
2924,HGS-TV,95730.0,271238.14327287674
2925,HGS-TV,95730.0,271367.2920150757
2926,HGS-TV,95730.0,271443.86338186264
2927,HGS-TV,95730.0,271503.90719366074
2928,HGS-TV,95730.0,271608.208476305
2929,HGS-TV,95730.0,271668.28053736687
2930,HGS-TV,95730.0,271736.5577452183
2931,HGS-TV,95730.0,271796.6308825016
2932,HGS-TV,95730.0,271858.56521487236
2933,HGS-TV,95730.0,271918.59975504875
2934,HGS-TV,95730.0,271978.61762690544
2935,HGS-TV,95730.0,272201.97760510445
2936,ails2_etaMax1.000_stoppingTime432000.00,95756.0,272498.1450500488
2937,HGS-TV,95730.0,272509.64780545235
2938,HGS-TV,95730.0,273854.6747469902
2939,HGS-TV,95730.0,273914.7843194008
2940,HGS-TV,95730.0,273974.81132912636
2941,HGS-TV,95730.0,274034.8496940136
2942,HGS-TV,95730.0,274094.8574345112
2943,HGS-TV,95730.0,274154.97658514977
2944,HGS-TV,95730.0,274215.01617336273
2945,HGS-TV,95730.0,274275.81431007385
2946,HGS-TV,95730.0,274335.84684610367
2947,HGS-TV,95730.0,274395.94403481483
2948,HGS-TV,95730.0,274456.0012321472
2949,HGS-TV,95730.0,274516.0553331375
2950,HGS-TV,95730.0,274576.1287922859
2951,HGS-TV,95730.0,274636.19575691223
2952,HGS-TV,95730.0,274750.62301015854
2953,HGS-TV,95730.0,274855.8783187866
2954,HGS-TV,95730.0,274915.9404826164
2955,HGS-TV,95730.0,274975.9530596733
2956,HGS-TV,95730.0,275052.9070162773
2957,HGS-TV,95730.0,275112.91086792946
2958,HGS-TV,95730.0,275172.93784070015
2959,HGS-TV,95730.0,275233.0188560486
2960,HGS-TV,95730.0,275293.0917375088
2961,HGS-TV,95730.0,275353.2028205395
2962,HGS-TV,95730.0,275439.30083823204
2963,HGS-TV,95730.0,275508.5844759941
2964,HGS-TV,95730.0,275684.0905380249
2965,HGS-TV,95730.0,275744.1810693741
2966,HGS-TV,95730.0,275814.03218865395
2967,ails2_etaMax1.000_stoppingTime864000.00,95945.0,275848.01205004886
2968,HGS-TV,95730.0,275893.1380827427
2969,ails2_etaMax1.000_stoppingTime864000.00,95937.0,275848.25205004885
2970,HGS-TV,95730.0,275970.20906591415
2971,HGS-TV,95730.0,276030.2234404087
2972,HGS-TV,95730.0,276090.64779400826
2973,HGS-TV,95730.0,276216.1996703148
2974,HGS-TV,95730.0,276276.2365999222
2975,HGS-TV,95730.0,276346.4096984863
2976,HGS-TV,95730.0,276407.1947259903
2977,HGS-TV,95730.0,276629.84004735947
2978,HGS-TV,95730.0,276689.92194390297
2979,HGS-TV,95730.0,276749.9717271328
2980,HGS-TV,95730.0,276829.97378349304
2981,HGS-TV,95730.0,276998.7554490566
2982,HGS-TV,95730.0,277058.79069018364
2983,HGS-TV,95730.0,277146.44761514664
2984,HGS-TV,95730.0,277211.6847000122
2985,HGS-TV,95730.0,277271.7062191963
2986,HGS-TV,95730.0,277435.3713634014
2987,HGS-TV,95730.0,277522.77055358887
2988,HGS-TV,95730.0,277582.8417196274
2989,HGS-TV,95730.0,277642.8964910507
2990,HGS-TV,95730.0,277702.92100667953
2991,HGS-TV,95730.0,277762.979968071
2992,HGS-TV,95730.0,277857.93781256676
2993,HGS-TV,95730.0,277943.8845334053
2994,HGS-TV,95730.0,278003.93143868446
2995,HGS-TV,95730.0,278074.24673962593
2996,HGS-TV,95730.0,278142.80002355576
2997,HGS-TV,95730.0,278202.8552875519
2998,HGS-TV,95730.0,278262.93847489357
2999,HGS-TV,95730.0,278322.96917152405
3000,HGS-TV,95730.0,278472.0589468479
3001,HGS-TV,95730.0,278533.6677441597
3002,HGS-TV,95730.0,278593.74485373497
3003,HGS-TV,95730.0,278656.87770056725
3004,HGS-TV,95730.0,278716.93343162537
3005,HGS-TV,95730.0,278777.0000963211
3006,HGS-TV,95730.0,278837.0731613636
3007,HGS-TV,95730.0,278897.19236683846
3008,HGS-TV,95730.0,279022.3730080128
3009,HGS-TV,95730.0,279082.40990924835
3010,HGS-TV,95730.0,279142.4116063118
3011,HGS-TV,95730.0,279635.6567761898
3012,HGS-TV,95730.0,279697.2340130806
3013,HGS-TV,95730.0,279757.28507995605
3014,HGS-TV,95730.0,279997.88699936867
3015,HGS-TV,95730.0,280057.99182009697
3016,HGS-TV,95730.0,280128.603099823
3017,HGS-TV,95730.0,280671.77366375923
3018,HGS-TV,95730.0,280731.8255624771
3019,HGS-TV,95730.0,280791.8880689144
3020,HGS-TV,95730.0,280851.98023176193
3021,HGS-TV,95730.0,280912.0148370266
3022,HGS-TV,95730.0,280972.0352640152
3023,HGS-TV,95730.0,281032.14552259445
3024,HGS-TV,95730.0,281220.7527914047
3025,HGS-TV,95730.0,281280.83455991745
3026,HGS-TV,95730.0,281340.91385674477
3027,HGS-TV,95730.0,281499.32615470886
3028,HGS-TV,95730.0,281585.31746554375
3029,HGS-TV,95730.0,281645.3672850132
3030,HGS-TV,95730.0,281708.7025651932
3031,HGS-TV,95730.0,281786.280313015
3032,HGS-TV,95730.0,281871.1787776947
3033,HGS-TV,95730.0,281967.6732003689
3034,HGS-TV,95730.0,282027.7911474705
3035,HGS-TV,95730.0,282087.8564515114
3036,HGS-TV,95730.0,282718.7578282356
3037,HGS-TV,95730.0,282778.76363658905
3038,HGS-TV,95730.0,282977.67785835266
3039,HGS-TV,95730.0,283110.10136318207
3040,HGS-TV,95730.0,283170.23097634315
3041,HGS-TV,95730.0,283689.1531472206
3042,HGS-TV,95730.0,283749.21672296524
3043,HGS-TV,95730.0,284004.54857707024
3044,HGS-TV,95730.0,284064.583794117
3045,HGS-TV,95730.0,284124.6255326271
3046,HGS-TV,95730.0,284269.07124733925
3047,HGS-TV,95730.0,284377.8038022518
3048,HGS-TV,95730.0,284437.8309352398
3049,HGS-TV,95730.0,284497.84503793716
3050,HGS-TV,95730.0,285950.79246997833
3051,HGS-TV,95730.0,286010.86254906654
3052,HGS-TV,95730.0,286070.9237854481
3053,HGS-TV,95730.0,286130.9687435627
3054,HGS-TV,95730.0,286191.00185775757
3055,HGS-TV,95730.0,286251.15079283714
3056,HGS-TV,95730.0,286311.1514723301
3057,HGS-TV,95730.0,286371.23174381256
3058,HGS-TV,95730.0,286431.2517294884
3059,HGS-TV,95730.0,286491.2710032463
3060,HGS-TV,95730.0,286551.37096214294
3061,ails2_etaMax1.000_stoppingTime864000.00,95935.0,286568.19305004884
3062,HGS-TV,95730.0,286611.4089550972
3063,HGS-TV,95730.0,286671.4581515789
3064,HGS-TV,95730.0,286731.5804884434
3065,HGS-TV,95730.0,286791.6125972271
3066,HGS-TV,95730.0,286851.6481728554
3067,HGS-TV,95730.0,286911.72688531876
3068,HGS-TV,95730.0,286978.1032140255
3069,HGS-TV,95730.0,287038.15195822716
3070,HGS-TV,95730.0,287098.2001526356
3071,HGS-TV,95730.0,287158.25474333763
3072,HGS-TV,95730.0,287218.2682373524
3073,HGS-TV,95730.0,287278.9004523754
3074,HGS-TV,95730.0,287395.80433917046
3075,HGS-TV,95730.0,287455.9114077091
3076,HGS-TV,95730.0,287515.94469952583
3077,HGS-TV,95730.0,287575.97945189476
3078,HGS-TV,95730.0,287635.9969651699
3079,HGS-TV,95730.0,287696.00447010994
3080,HGS-TV,95730.0,287756.0491065979
3081,HGS-TV,95730.0,287819.7785527706
3082,HGS-TV,95730.0,287879.82641100883
3083,HGS-TV,95730.0,287939.9205634594
3084,HGS-TV,95730.0,287999.9687473774
3085,HGS-TV,95730.0,288059.97942996025
3086,HGS-TV,95730.0,288119.99644851685
3087,HGS-TV,95730.0,288180.0145730972
3088,HGS-TV,95730.0,288240.04033255577
3089,HGS-TV,95730.0,288309.0945775509
3090,HGS-TV,95730.0,288369.101913929
3091,ails2_etaMax1.000_stoppingTime864000.00,95915.0,288372.9840500488
3092,HGS-TV,95730.0,288429.1097202301
3093,HGS-TV,95730.0,288489.1196744442
3094,HGS-TV,95730.0,288549.18237018585
3095,HGS-TV,95730.0,288609.20628619194
3096,HGS-TV,95730.0,288669.23895049095
3097,HGS-TV,95730.0,288741.9075779915
3098,HGS-TV,95730.0,288801.9436004162
3099,HGS-TV,95730.0,288862.0048735142
3100,HGS-TV,95730.0,288922.0658349991
3101,HGS-TV,95730.0,288982.1064584255
3102,HGS-TV,95730.0,289042.1499965191
3103,HGS-TV,95730.0,289102.18306207657
3104,HGS-TV,95730.0,289162.245172739
3105,HGS-TV,95730.0,289222.2738316059
3106,HGS-TV,95730.0,289282.29990673065
3107,HGS-TV,95730.0,289342.30966353416
3108,HGS-TV,95730.0,289402.3825314045
3109,HGS-TV,95730.0,289462.40602111816
3110,HGS-TV,95730.0,289566.87792015076
3111,HGS-TV,95730.0,289626.9734532833
3112,HGS-TV,95730.0,289686.984621048
3113,HGS-TV,95730.0,289764.0514848232
3114,HGS-TV,95730.0,289824.06241703033
3115,HGS-TV,95730.0,289884.11857914925
3116,HGS-TV,95730.0,289944.155415535
3117,HGS-TV,95730.0,290004.22648596764
3118,HGS-TV,95730.0,290064.33759593964
3119,HGS-TV,95730.0,290146.29861855507
3120,HGS-TV,95730.0,290270.3167784214
3121,HGS-TV,95730.0,290330.3595840931
3122,HGS-TV,95730.0,290390.45913410187
3123,HGS-TV,95730.0,290474.30320096016
3124,HGS-TV,95730.0,290646.7556889057
3125,HGS-TV,95730.0,290713.823959589
3126,HGS-TV,95730.0,290773.852386713
3127,HGS-TV,95730.0,290926.82369184494
3128,HGS-TV,95730.0,291058.72326660156
3129,HGS-TV,95730.0,291151.2328636646
3130,HGS-TV,95730.0,291211.26461458206
3131,HGS-TV,95730.0,291469.0579447746
3132,HGS-TV,95730.0,291605.0526025295
3133,HGS-TV,95730.0,291852.15898036957
3134,HGS-TV,95730.0,292836.91668605804
3135,HGS-TV,95730.0,292896.9747636318
3136,HGS-TV,95730.0,292957.00274062157
3137,HGS-TV,95730.0,293017.0383782387
3138,HGS-TV,95730.0,293077.0833568573
3139,HGS-TV,95730.0,293137.1061785221
3140,HGS-TV,95730.0,293197.17239689827
3141,HGS-TV,95730.0,293257.20931744576
3142,HGS-TV,95730.0,293331.89138650894
3143,HGS-TV,95730.0,293413.31920289993
3144,HGS-TV,95730.0,293498.7862215042
3145,HGS-TV,95730.0,295029.1012277603
3146,HGS-TV,95730.0,295089.2698318958
3147,HGS-TV,95730.0,295149.28649806976
3148,HGS-TV,95730.0,295209.3337702751
3149,HGS-TV,95730.0,295269.4550962448
3150,ails2_etaMax1.000_stoppingTime1728000.00,96254.0,295324.15505004884
3151,HGS-TV,95730.0,295329.46240234375
3152,ails2_etaMax1.000_stoppingTime1728000.00,96251.0,295324.1910500488
3153,HGS-TV,95730.0,295389.49634337425
3154,HGS-TV,95730.0,295449.5059270859
3155,HGS-TV,95730.0,295509.5849249363
3156,HGS-TV,95730.0,295685.7978425026
3157,ails2_etaMax1.000_stoppingTime864000.00,95913.0,295830.5800500488
3158,HGS-TV,95730.0,295831.8065433502
3159,HGS-TV,95730.0,295919.1011276245
3160,HGS-TV,95730.0,296041.221562624
3161,HGS-TV,95730.0,296101.303930521
3162,ails2_etaMax1.000_stoppingTime432000.00,95755.0,296123.29505004885
3163,HGS-TV,95730.0,296161.3185060024
3164,ails2_etaMax1.000_stoppingTime1728000.00,96244.0,296180.60605004884
3165,HGS-TV,95730.0,296235.03605890274
3166,HGS-TV,95730.0,296295.11710190773
3167,HGS-TV,95730.0,296355.2122387886
3168,HGS-TV,95730.0,296415.28981232643
3169,HGS-TV,95730.0,296475.34644937515
3170,HGS-TV,95730.0,296535.4415166378
3171,HGS-TV,95730.0,296665.7798445225
3172,HGS-TV,95730.0,296730.72388505936
3173,HGS-TV,95730.0,296851.3867931366
3174,HGS-TV,95730.0,296911.4508407116
3175,HGS-TV,95730.0,296971.4925119877
3176,HGS-TV,95730.0,297031.50487065315
3177,HGS-TV,95730.0,297091.6420853138
3178,HGS-TV,95730.0,297151.70537543297
3179,HGS-TV,95730.0,297211.7830555439
3180,HGS-TV,95730.0,297295.1435713768
3181,HGS-TV,95730.0,297355.17162299156
3182,HGS-TV,95730.0,297458.3288681507
3183,HGS-TV,95730.0,297518.33039975166
3184,HGS-TV,95730.0,297578.3699631691
3185,HGS-TV,95730.0,297638.3832476139
3186,HGS-TV,95730.0,297737.39379143715
3187,HGS-TV,95730.0,297835.57851815224
3188,HGS-TV,95730.0,297910.1100010872
3189,HGS-TV,95730.0,297970.2395014763
3190,HGS-TV,95730.0,298030.30395793915
3191,HGS-TV,95730.0,298090.3347911835
3192,HGS-TV,95730.0,298150.3776459694
3193,HGS-TV,95730.0,298284.36126947403
3194,HGS-TV,95730.0,298344.3940000534
3195,HGS-TV,95730.0,298404.4944188595
3196,HGS-TV,95730.0,298482.17204904556
3197,HGS-TV,95730.0,298542.1880021095
3198,HGS-TV,95730.0,298602.2059879303
3199,HGS-TV,95730.0,298701.83505392075
3200,HGS-TV,95730.0,298761.8482029438
3201,HGS-TV,95730.0,298821.85099864006
3202,HGS-TV,95730.0,298899.38283872604
3203,HGS-TV,95730.0,298959.39135336876
3204,ails2_etaMax1.000_stoppingTime864000.00,95912.0,299012.33805004886
3205,HGS-TV,95730.0,299019.41369724274
3206,HGS-TV,95730.0,299079.4809651375
3207,HGS-TV,95730.0,299139.55759215355
3208,HGS-TV,95730.0,299199.58652305603
3209,HGS-TV,95730.0,299259.58872175217
3210,HGS-TV,95730.0,299319.68576574326
3211,HGS-TV,95730.0,299379.7013375759
3212,HGS-TV,95730.0,299482.7197740078
3213,HGS-TV,95730.0,299542.8120045662
3214,HGS-TV,95730.0,299602.8267583847
3215,HGS-TV,95730.0,299662.90135741234
3216,HGS-TV,95730.0,299722.9702138901
3217,HGS-TV,95730.0,299783.0098695755
3218,HGS-TV,95730.0,299843.02868771553
3219,HGS-TV,95730.0,299903.0760729313
3220,HGS-TV,95730.0,299963.1364352703
3221,HGS-TV,95730.0,300023.19377946854
3222,HGS-TV,95730.0,300083.223495245
3223,HGS-TV,95730.0,300143.29427599907
3224,ails2_etaMax1.000_stoppingTime864000.00,95900.0,300179.0800500488
3225,HGS-TV,95730.0,300235.4074394703
3226,ails2_etaMax1.000_stoppingTime864000.00,95896.0,300179.12105004885
3227,HGS-TV,95730.0,300295.43110346794
3228,HGS-TV,95730.0,300355.44918751717
3229,HGS-TV,95730.0,300415.51982188225
3230,HGS-TV,95730.0,300475.5672419071
3231,HGS-TV,95730.0,300535.5925490856
3232,HGS-TV,95730.0,300640.9337501526
3233,HGS-TV,95730.0,300700.96637797356
3234,HGS-TV,95730.0,300761.032353878
3235,HGS-TV,95730.0,300842.82379984856
3236,HGS-TV,95730.0,300902.8820466995
3237,HGS-TV,95730.0,300962.95408988
3238,HGS-TV,95730.0,301023.0867125988
3239,HGS-TV,95730.0,301102.27155685425
3240,HGS-TV,95730.0,301162.30906510353
3241,HGS-TV,95730.0,301666.5067036152
3242,HGS-TV,95730.0,301726.5574655533
3243,HGS-TV,95730.0,302011.65493917465
3244,HGS-TV,95730.0,302071.73773026466
3245,HGS-TV,95730.0,302131.81602811813
3246,HGS-TV,95730.0,302346.77602458
3247,HGS-TV,95730.0,302479.0610611439
3248,HGS-TV,95730.0,302789.39062571526
3249,HGS-TV,95730.0,302878.4189798832
3250,HGS-TV,95730.0,302938.43702316284
3251,HGS-TV,95730.0,303147.72310113907
3252,HGS-TV,95730.0,303207.7466995716
3253,HGS-TV,95730.0,304123.4066660404
3254,HGS-TV,95730.0,304847.3565711975
3255,HGS-TV,95730.0,304907.3606891632
3256,HGS-TV,95730.0,305185.2890057564
3257,HGS-TV,95730.0,305245.29946136475
3258,HGS-TV,95730.0,305305.3336570263
3259,HGS-TV,95730.0,305365.3519408703
3260,HGS-TV,95730.0,305425.3726058006
3261,HGS-TV,95730.0,305485.4727816582
3262,HGS-TV,95730.0,305545.4944291115
3263,HGS-TV,95730.0,305794.4384672642
3264,HGS-TV,95730.0,305854.48443198204
3265,HGS-TV,95730.0,305914.506360054
3266,HGS-TV,95730.0,305974.52373456955
3267,HGS-TV,95730.0,306272.29973220825
3268,HGS-TV,95730.0,306332.360196352
3269,HGS-TV,95730.0,306392.4585967064
3270,HGS-TV,95730.0,306452.4768948555
3271,HGS-TV,95730.0,306586.87741589546
3272,HGS-TV,95730.0,306662.4689562321
3273,HGS-TV,95730.0,306841.4454059601
3274,HGS-TV,95730.0,306901.4548614025
3275,HGS-TV,95730.0,306961.4738845825
3276,HGS-TV,95730.0,307219.8139076233
3277,HGS-TV,95730.0,307279.85380268097
3278,HGS-TV,95730.0,307462.78738832474
3279,HGS-TV,95730.0,307672.9654853344
3280,HGS-TV,95730.0,307733.01350593567
3281,HGS-TV,95730.0,307796.2559149265
3282,HGS-TV,95730.0,308527.55710959435
3283,HGS-TV,95730.0,310019.5244834423
3284,ails2_etaMax1.000_stoppingTime864000.00,95880.0,310647.48605004884
3285,HGS-TV,95730.0,310658.2067184448
3286,HGS-TV,95730.0,311225.7880818844
3287,HGS-TV,95730.0,311324.8295006752
3288,HGS-TV,95730.0,311690.1807730198
3289,HGS-TV,95730.0,311750.200425148
3290,HGS-TV,95730.0,311810.2331521511
3291,HGS-TV,95730.0,313282.4034099579
3292,HGS-TV,95730.0,313342.42631936073
3293,HGS-TV,95730.0,313402.49256038666
3294,HGS-TV,95730.0,313462.5942540169
3295,HGS-TV,95730.0,313522.62390232086
3296,HGS-TV,95730.0,313590.74617934227
3297,HGS-TV,95730.0,313650.80439710617
3298,HGS-TV,95730.0,313710.8191008568
3299,HGS-TV,95730.0,313770.9268758297
3300,HGS-TV,95730.0,313832.3277275562
3301,HGS-TV,95730.0,313892.34907746315
3302,HGS-TV,95730.0,313983.6524500847
3303,HGS-TV,95730.0,314043.66306591034
3304,HGS-TV,95730.0,314103.73083233833
3305,HGS-TV,95730.0,314163.77838277817
3306,ails2_etaMax1.000_stoppingTime864000.00,95878.0,314233.92105004884
3307,HGS-TV,95730.0,314252.0207295418
3308,ails2_etaMax1.000_stoppingTime864000.00,95853.0,314235.61605004885
3309,HGS-TV,95730.0,314312.07879662514
3310,HGS-TV,95730.0,314372.09376621246
3311,HGS-TV,95730.0,314477.8598418236
3312,HGS-TV,95730.0,314537.9005019665
3313,HGS-TV,95730.0,314615.3384320736
3314,HGS-TV,95730.0,314675.38751912117
3315,HGS-TV,95730.0,314735.48677277565
3316,HGS-TV,95730.0,314810.3850417137
3317,HGS-TV,95730.0,314998.77971982956
3318,HGS-TV,95730.0,315099.12451791763
3319,HGS-TV,95730.0,315159.1939251423
3320,HGS-TV,95730.0,315219.2405240536
3321,HGS-TV,95730.0,315279.35063147545
3322,HGS-TV,95730.0,315409.3998270035
3323,HGS-TV,95730.0,315469.40873122215
3324,HGS-TV,95730.0,315529.565707922
3325,HGS-TV,95730.0,315589.6343386173
3326,HGS-TV,95730.0,315649.6698124409
3327,HGS-TV,95730.0,315709.754740715
3328,HGS-TV,95730.0,315769.7812359333
3329,HGS-TV,95730.0,315829.79447698593
3330,HGS-TV,95730.0,315893.59640717506
3331,HGS-TV,95730.0,315953.6161470413
3332,HGS-TV,95730.0,316013.64652228355
3333,HGS-TV,95730.0,316073.6765217781
3334,HGS-TV,95730.0,316133.7957737446
3335,HGS-TV,95730.0,316193.9064562321
3336,HGS-TV,95730.0,316254.01277804375
3337,HGS-TV,95730.0,316314.0871925354
3338,HGS-TV,95730.0,316374.1559214592
3339,HGS-TV,95730.0,316434.1997716427
3340,HGS-TV,95730.0,316494.26545095444
3341,HGS-TV,95730.0,316554.2679834366
3342,HGS-TV,95730.0,316614.27927970886
3343,HGS-TV,95730.0,316674.2894990444
3344,HGS-TV,95730.0,316781.41664767265
3345,HGS-TV,95730.0,316841.43982195854
3346,HGS-TV,95730.0,316901.4809436798
3347,HGS-TV,95730.0,316961.50374627113
3348,HGS-TV,95730.0,317021.5051577091
3349,HGS-TV,95730.0,317081.5660452843
3350,HGS-TV,95730.0,317141.58470749855
3351,HGS-TV,95730.0,317201.67154979706
3352,HGS-TV,95730.0,317272.13122057915
3353,HGS-TV,95730.0,317332.1334295273
3354,HGS-TV,95730.0,317392.18184542656
3355,HGS-TV,95730.0,317452.61651563644
3356,HGS-TV,95730.0,317512.62086057663
3357,HGS-TV,95730.0,317589.9503581524
3358,HGS-TV,95730.0,317965.39736676216
3359,HGS-TV,95730.0,318032.4217813015
3360,HGS-TV,95730.0,318116.57086372375
3361,ails2_etaMax1.000_stoppingTime1728000.00,96243.0,318195.33805004886
3362,HGS-TV,95730.0,318237.43507027626
3363,HGS-TV,95730.0,318311.64271616936
3364,HGS-TV,95730.0,318371.71601867676
3365,HGS-TV,95730.0,318431.79675483704
3366,HGS-TV,95730.0,318730.0405244827
3367,HGS-TV,95730.0,318790.0734972954
3368,HGS-TV,95730.0,318869.7804431915
3369,HGS-TV,95730.0,318939.8342535496
3370,HGS-TV,95730.0,319157.65836691856
3371,HGS-TV,95730.0,319248.57903790474
3372,HGS-TV,95730.0,319308.6571185589
3373,HGS-TV,95730.0,319368.71818447113
3374,HGS-TV,95730.0,319431.3178870678
3375,HGS-TV,95730.0,319501.73155879974
3376,HGS-TV,95730.0,319571.58463573456
3377,HGS-TV,95730.0,320300.0913245678
3378,HGS-TV,95730.0,320377.37215566635
3379,HGS-TV,95730.0,320457.90067768097
3380,HGS-TV,95730.0,320529.04506111145
3381,HGS-TV,95730.0,320589.087546587
3382,HGS-TV,95730.0,320649.11910295486
3383,HGS-TV,95730.0,320721.36906957626
3384,HGS-TV,95730.0,320942.7754032612
3385,HGS-TV,95730.0,321220.3293688297
3386,HGS-TV,95730.0,321835.0432457924
3387,HGS-TV,95730.0,322345.7850637436
3388,HGS-TV,95730.0,322405.8372671604
3389,HGS-TV,95730.0,322465.8657512665
3390,HGS-TV,95730.0,322604.1751484871
3391,HGS-TV,95730.0,322664.2276620865
3392,HGS-TV,95730.0,323440.40084695816
3393,HGS-TV,95730.0,323668.4180676937
3394,HGS-TV,95730.0,323787.2292854786
3395,HGS-TV,95730.0,323873.9468884468
3396,HGS-TV,95730.0,323933.9732501507
3397,HGS-TV,95730.0,323994.023627758
3398,HGS-TV,95730.0,324061.588688612
3399,HGS-TV,95730.0,324164.74143600464
3400,HGS-TV,95730.0,324236.022813797
3401,HGS-TV,95730.0,324481.64863848686
3402,ails2_etaMax1.000_stoppingTime1728000.00,96231.0,325386.1420500488
3403,HGS-TV,95730.0,325430.57337498665
3404,HGS-TV,95730.0,325490.5977423191
3405,HGS-TV,95730.0,325550.6593351364
3406,HGS-TV,95730.0,325610.67412495613
3407,HGS-TV,95730.0,326043.15570640564
3408,HGS-TV,95730.0,326368.15102005005
3409,HGS-TV,95730.0,326606.9942302704
3410,HGS-TV,95730.0,326884.4554076195
3411,HGS-TV,95730.0,327400.29792141914
3412,HGS-TV,95730.0,327460.3664884567
3413,HGS-TV,95730.0,327608.1755094528
3414,HGS-TV,95730.0,327707.04841065407
3415,HGS-TV,95730.0,327767.1110355854
3416,HGS-TV,95730.0,327827.122150898
3417,HGS-TV,95730.0,327887.1258852482
3418,HGS-TV,95730.0,327947.2065901756
3419,HGS-TV,95730.0,328007.20674037933
3420,HGS-TV,95730.0,328067.2705771923
3421,HGS-TV,95730.0,328287.4015676975
3422,HGS-TV,95730.0,328347.5101876259
3423,HGS-TV,95730.0,328970.2379319668
3424,HGS-TV,95730.0,329030.3353712559
3425,HGS-TV,95730.0,329645.4945230484
3426,HGS-TV,95730.0,329705.6308107376
3427,HGS-TV,95730.0,329765.7170262337
3428,HGS-TV,95730.0,330052.4842560291
3429,HGS-TV,95730.0,330112.49051451683
3430,HGS-TV,95730.0,330250.39042782784
3431,HGS-TV,95730.0,330612.49057483673
3432,HGS-TV,95730.0,330672.50967669487
3433,HGS-TV,95730.0,330732.53570723534
3434,HGS-TV,95730.0,330983.99048256874
3435,ails2_etaMax1.000_stoppingTime1728000.00,96215.0,331838.4620500488
3436,ails2_etaMax1.000_stoppingTime1728000.00,96140.0,331838.76305004884
3437,HGS-TV,95730.0,332339.18600678444
3438,HGS-TV,95730.0,332399.1992661953
3439,HGS-TV,95730.0,332459.2078125477
3440,HGS-TV,95730.0,332669.1016051769
3441,HGS-TV,95730.0,332729.1323506832
3442,HGS-TV,95730.0,332789.19268774986
3443,HGS-TV,95730.0,333108.23062324524
3444,HGS-TV,95730.0,333358.9504175186
3445,HGS-TV,95730.0,333418.9881699085
3446,HGS-TV,95730.0,333527.89902305603
3447,HGS-TV,95730.0,333587.9224333763
3448,HGS-TV,95730.0,333647.9644072056
3449,HGS-TV,95730.0,333707.99250245094
3450,HGS-TV,95730.0,334086.36072158813
3451,HGS-TV,95730.0,334146.3775668144
3452,HGS-TV,95730.0,335390.83319830894
3453,HGS-TV,95730.0,335450.865016222
3454,HGS-TV,95730.0,335510.9041581154
3455,HGS-TV,95730.0,335570.9908192158
3456,HGS-TV,95730.0,335631.04663300514
3457,HGS-TV,95730.0,335691.170609951
3458,HGS-TV,95730.0,335751.26367783546
3459,HGS-TV,95730.0,335811.29133343697
3460,HGS-TV,95730.0,335871.3218700886
3461,HGS-TV,95730.0,335931.3889725208
3462,HGS-TV,95730.0,335991.4226381779
3463,HGS-TV,95730.0,336051.5286910534
3464,HGS-TV,95730.0,336111.64048194885
3465,HGS-TV,95730.0,336171.6810965538
3466,HGS-TV,95730.0,336231.7250802517
3467,HGS-TV,95730.0,336291.73727083206
3468,HGS-TV,95730.0,336351.7584514618
3469,HGS-TV,95730.0,336411.84245324135
3470,HGS-TV,95730.0,336590.01340937614
3471,HGS-TV,95730.0,336693.21167707443
3472,HGS-TV,95730.0,336753.24674987793
3473,HGS-TV,95730.0,336813.31718301773
3474,HGS-TV,95730.0,336875.3531444073
3475,ails2_etaMax1.000_stoppingTime864000.00,95851.0,336915.11605004885
3476,ails2_etaMax1.000_stoppingTime864000.00,95843.0,336915.25205004885
3477,HGS-TV,95730.0,336985.458268404
3478,HGS-TV,95730.0,337114.50260305405
3479,HGS-TV,95730.0,337174.5271368027
3480,HGS-TV,95730.0,337234.5452270508
3481,HGS-TV,95730.0,337335.10350203514
3482,HGS-TV,95730.0,337395.1316549778
3483,HGS-TV,95730.0,337455.14939808846
3484,HGS-TV,95730.0,337520.0772635937
3485,HGS-TV,95730.0,337606.24368715286
3486,HGS-TV,95730.0,337725.7133464813
3487,HGS-TV,95730.0,337793.46818351746
3488,HGS-TV,95730.0,337870.1698899269
3489,HGS-TV,95730.0,337930.2860343456
3490,HGS-TV,95730.0,337990.2917883396
3491,HGS-TV,95730.0,338050.4325773716
3492,HGS-TV,95730.0,338110.46735954285
3493,HGS-TV,95730.0,338202.947619915
3494,HGS-TV,95730.0,338262.9975590706
3495,HGS-TV,95730.0,338323.0185983181
3496,HGS-TV,95730.0,338383.1500675678
3497,HGS-TV,95730.0,338443.182431221
3498,HGS-TV,95730.0,338503.18262314796
3499,HGS-TV,95730.0,338563.230502367
3500,HGS-TV,95730.0,338623.3533718586
3501,HGS-TV,95730.0,338683.38276839256
3502,HGS-TV,95730.0,338743.3899817467
3503,HGS-TV,95730.0,338803.4137070179
3504,HGS-TV,95730.0,338863.50308704376
3505,HGS-TV,95730.0,338923.52795243263
3506,HGS-TV,95730.0,338983.6366696358
3507,HGS-TV,95730.0,339043.6677722931
3508,HGS-TV,95730.0,339103.71728897095
3509,HGS-TV,95730.0,339163.72018146515
3510,HGS-TV,95730.0,339223.7241182327
3511,HGS-TV,95730.0,339283.79851055145
3512,HGS-TV,95730.0,339343.8754918575
3513,HGS-TV,95730.0,339403.8809826374
3514,HGS-TV,95730.0,339481.7730126381
3515,HGS-TV,95730.0,339541.81568694115
3516,HGS-TV,95730.0,339628.26836180687
3517,HGS-TV,95730.0,339792.8620903492
3518,HGS-TV,95730.0,339888.06705617905
3519,HGS-TV,95730.0,339948.0821301937
3520,HGS-TV,95730.0,340008.172706604
3521,HGS-TV,95730.0,340284.7603445053
3522,HGS-TV,95730.0,340344.8078176975
3523,HGS-TV,95730.0,340404.8793222904
3524,HGS-TV,95730.0,340476.2616419792
3525,HGS-TV,95730.0,340536.29350304604
3526,HGS-TV,95730.0,340596.30994677544
3527,HGS-TV,95730.0,340711.6074373722
3528,HGS-TV,95730.0,340771.6621699333
3529,HGS-TV,95730.0,340854.03695201874
3530,HGS-TV,95730.0,340943.6945517063
3531,HGS-TV,95730.0,341003.7425572872
3532,HGS-TV,95730.0,341063.7736489773
3533,HGS-TV,95730.0,341123.7856411934
3534,HGS-TV,95730.0,341377.8923256397
3535,HGS-TV,95730.0,341437.95891165733
3536,HGS-TV,95730.0,341498.0227179527
3537,HGS-TV,95730.0,341558.04944229126
3538,HGS-TV,95730.0,341618.1116154194
3539,HGS-TV,95730.0,341678.18522310257
3540,HGS-TV,95730.0,341738.20945477486
3541,HGS-TV,95730.0,341798.2778451443
3542,HGS-TV,95730.0,341984.3161871433
3543,HGS-TV,95730.0,342730.03333210945
3544,HGS-TV,95730.0,342925.46057629585
3545,HGS-TV,95730.0,343336.89565992355
3546,HGS-TV,95730.0,343448.6238210201
3547,HGS-TV,95730.0,343508.62972927094
3548,HGS-TV,95730.0,343568.6584751606
3549,HGS-TV,95730.0,343704.5592722893
3550,HGS-TV,95730.0,343764.61089611053
3551,HGS-TV,95730.0,343946.94922327995
3552,HGS-TV,95730.0,344008.23250460625
3553,HGS-TV,95730.0,344068.29682064056
3554,HGS-TV,95730.0,344128.3561656475
3555,HGS-TV,95730.0,344257.0558023453
3556,HGS-TV,95730.0,344430.8061439991
3557,HGS-TV,95730.0,345415.3734281063
3558,HGS-TV,95730.0,346016.848477602
3559,HGS-TV,95730.0,347463.1951332092
3560,HGS-TV,95730.0,347523.2975461483
3561,HGS-TV,95730.0,347583.3240683079
3562,HGS-TV,95730.0,347643.3885025978
3563,HGS-TV,95730.0,347703.443921566
3564,HGS-TV,95730.0,347763.4883067608
3565,HGS-TV,95730.0,347823.5782177448
3566,ails2_etaMax1.000_stoppingTime864000.00,95842.0,347836.49805004883
3567,HGS-TV,95730.0,347883.59705519676
3568,ails2_etaMax1.000_stoppingTime864000.00,95833.0,347836.8430500488
3569,HGS-TV,95730.0,347943.7116343975
3570,HGS-TV,95730.0,348003.7362792492
3571,HGS-TV,95730.0,348063.7795469761
3572,HGS-TV,95730.0,348123.8524003029
3573,HGS-TV,95730.0,348183.90295624733
3574,HGS-TV,95730.0,348244.0048594475
3575,HGS-TV,95730.0,348304.0896189213
3576,HGS-TV,95730.0,348364.1298966408
3577,HGS-TV,95730.0,348424.14310979843
3578,HGS-TV,95730.0,348484.263882637
3579,HGS-TV,95730.0,348544.2755947113
3580,HGS-TV,95730.0,348604.3401784897
3581,HGS-TV,95730.0,348664.43949246407
3582,HGS-TV,95730.0,348724.52256798744
3583,HGS-TV,95730.0,348784.61966109276
3584,HGS-TV,95730.0,348868.0458035469
3585,HGS-TV,95730.0,348928.0986688137
3586,HGS-TV,95730.0,348988.10987377167
3587,HGS-TV,95730.0,349048.21434879303
3588,HGS-TV,95730.0,349108.2439112663
3589,HGS-TV,95730.0,349168.2941775322
3590,HGS-TV,95730.0,349228.3424742222
3591,HGS-TV,95730.0,349288.3969452381
3592,HGS-TV,95730.0,349348.510263443
3593,HGS-TV,95730.0,349408.5813989639
3594,HGS-TV,95730.0,349468.5859901905
3595,HGS-TV,95730.0,349528.62042212486
3596,HGS-TV,95730.0,349588.6291770935
3597,HGS-TV,95730.0,349648.6665549278
3598,HGS-TV,95730.0,349708.67519688606
3599,HGS-TV,95730.0,349768.76871967316
3600,HGS-TV,95730.0,349828.87684464455
3601,HGS-TV,95730.0,349888.8800778389
3602,HGS-TV,95730.0,349948.93270778656
3603,HGS-TV,95730.0,350009.0096678734
3604,HGS-TV,95730.0,350069.0194654465
3605,HGS-TV,95730.0,350129.09068489075
3606,HGS-TV,95730.0,350189.117590189
3607,HGS-TV,95730.0,350260.0873377323
3608,HGS-TV,95730.0,350394.89067840576
3609,HGS-TV,95730.0,350454.9330673218
3610,HGS-TV,95730.0,350514.9975576401
3611,HGS-TV,95730.0,350659.67252087593
3612,HGS-TV,95730.0,350842.00774526596
3613,HGS-TV,95730.0,351051.2223482132
3614,HGS-TV,95730.0,351111.2573173046
3615,HGS-TV,95730.0,351171.2816698551
3616,HGS-TV,95730.0,351231.3808810711
3617,HGS-TV,95730.0,351291.4146826267
3618,HGS-TV,95730.0,351351.4251804352
3619,HGS-TV,95730.0,351411.527995348
3620,HGS-TV,95730.0,351471.55872273445
3621,HGS-TV,95730.0,351531.5704905987
3622,HGS-TV,95730.0,351591.5735068321
3623,HGS-TV,95730.0,351651.63942718506
3624,HGS-TV,95730.0,351711.69112467766
3625,HGS-TV,95730.0,351792.00576496124
3626,HGS-TV,95730.0,351871.7441518307
3627,HGS-TV,95730.0,351931.81475138664
3628,HGS-TV,95730.0,351991.83456659317
3629,HGS-TV,95730.0,352051.8514966965
3630,HGS-TV,95730.0,352111.88683485985
3631,HGS-TV,95730.0,352218.0891931057
3632,HGS-TV,95730.0,352417.32730817795
3633,HGS-TV,95730.0,352940.87255883217
3634,HGS-TV,95730.0,353019.779030323
3635,HGS-TV,95730.0,353147.644299984
3636,HGS-TV,95730.0,353470.5565812588
3637,HGS-TV,95730.0,353530.5691020489
3638,HGS-TV,95730.0,353618.92718052864
3639,HGS-TV,95730.0,353678.9403142929
3640,HGS-TV,95730.0,353738.95934438705
3641,HGS-TV,95730.0,353798.98666858673
3642,HGS-TV,95730.0,353859.0529053211
3643,HGS-TV,95730.0,353919.11065769196
3644,HGS-TV,95730.0,353986.7797470093
3645,HGS-TV,95730.0,354046.8345878124
3646,HGS-TV,95730.0,354644.95464754105
3647,HGS-TV,95730.0,354714.48696208
3648,HGS-TV,95730.0,354802.04483675957
3649,HGS-TV,95730.0,354862.0632956028
3650,HGS-TV,95730.0,354941.34596943855
3651,HGS-TV,95730.0,355001.3468284607
3652,HGS-TV,95730.0,355506.60196375847
3653,HGS-TV,95730.0,355669.49165940285
3654,HGS-TV,95730.0,355729.49327135086
3655,HGS-TV,95730.0,357093.70189762115
3656,HGS-TV,95730.0,357153.75451111794
3657,HGS-TV,95730.0,357213.83554148674
3658,HGS-TV,95730.0,357273.90046811104
3659,HGS-TV,95730.0,357333.94441342354
3660,HGS-TV,95730.0,357394.05678248405
3661,HGS-TV,95730.0,357454.09797501564
3662,HGS-TV,95730.0,357514.2272362709
3663,HGS-TV,95730.0,357574.25829839706
3664,HGS-TV,95730.0,357634.27832984924
3665,HGS-TV,95730.0,357694.3405635357
3666,HGS-TV,95730.0,357754.3687121868
3667,HGS-TV,95730.0,357814.4583580494
3668,HGS-TV,95730.0,357888.0658774376
3669,HGS-TV,95730.0,357948.141058445
3670,HGS-TV,95730.0,358008.2076499462
3671,HGS-TV,95730.0,358236.17080426216
3672,HGS-TV,95730.0,358296.1736712456
3673,HGS-TV,95730.0,358356.18023109436
3674,HGS-TV,95730.0,358416.26208138466
3675,HGS-TV,95730.0,358515.4334959984
3676,HGS-TV,95730.0,358575.5151515007
3677,HGS-TV,95730.0,358635.5406887531
3678,HGS-TV,95730.0,358713.6789946556
3679,HGS-TV,95730.0,358773.71957969666
3680,HGS-TV,95730.0,358833.7447485924
3681,HGS-TV,95730.0,358893.77668213844
3682,HGS-TV,95730.0,358953.8037931919
3683,HGS-TV,95730.0,359016.9017729759
3684,HGS-TV,95730.0,359076.97383642197
3685,HGS-TV,95730.0,359137.06172037125
3686,HGS-TV,95730.0,359197.09023332596
3687,HGS-TV,95730.0,359257.19738793373
3688,HGS-TV,95730.0,359317.27939748764
3689,HGS-TV,95730.0,359399.60791254044
3690,HGS-TV,95730.0,359459.6804859638
3691,HGS-TV,95730.0,359519.7009062767
3692,HGS-TV,95730.0,359582.5075800419
3693,HGS-TV,95730.0,359642.5830914974
3694,HGS-TV,95730.0,359702.6406612396
3695,HGS-TV,95730.0,359762.6897790432
3696,HGS-TV,95730.0,359822.7709181309
3697,HGS-TV,95730.0,360211.25331401825
3698,HGS-TV,95730.0,360271.27065730095
3699,HGS-TV,95730.0,360331.37376737595
3700,HGS-TV,95730.0,360391.4335184097
3701,HGS-TV,95730.0,360451.51654553413
3702,HGS-TV,95730.0,360522.5793120861
3703,HGS-TV,95730.0,360582.6174893379
3704,HGS-TV,95730.0,360642.64196515083
3705,HGS-TV,95730.0,360702.67550849915
3706,HGS-TV,95730.0,360762.72412228584
3707,HGS-TV,95730.0,360822.7804236412
3708,HGS-TV,95730.0,360882.8694014549
3709,HGS-TV,95730.0,360942.917757988
3710,HGS-TV,95730.0,361002.9326109886
3711,HGS-TV,95730.0,361071.42349123955
3712,HGS-TV,95730.0,361131.48584866524
3713,HGS-TV,95730.0,361191.51252245903
3714,ails2_etaMax1.000_stoppingTime864000.00,95822.0,361209.93105004885
3715,HGS-TV,95730.0,361252.89142632484
3716,ails2_etaMax1.000_stoppingTime864000.00,95815.0,361210.02505004883
3717,HGS-TV,95730.0,361312.95901441574
3718,HGS-TV,95730.0,361372.99289512634
3719,HGS-TV,95730.0,361433.0469844341
3720,HGS-TV,95730.0,361493.63097167015
3721,HGS-TV,95730.0,361553.68836307526
3722,HGS-TV,95730.0,361613.70765662193
3723,HGS-TV,95730.0,361673.7150669098
3724,HGS-TV,95730.0,361733.7531604767
3725,HGS-TV,95730.0,361793.8386633396
3726,HGS-TV,95730.0,361853.92132520676
3727,HGS-TV,95730.0,361913.9326477051
3728,HGS-TV,95730.0,361973.93270611763
3729,HGS-TV,95730.0,362033.9479897022
3730,HGS-TV,95730.0,362094.0524690151
3731,HGS-TV,95730.0,362154.05452251434
3732,HGS-TV,95730.0,362219.8275361061
3733,HGS-TV,95730.0,362279.881023407
3734,HGS-TV,95730.0,362446.7781665325
3735,HGS-TV,95730.0,362515.1794667244
3736,HGS-TV,95730.0,362855.23662114143
3737,HGS-TV,95730.0,362915.2469880581
3738,HGS-TV,95730.0,362975.3173596859
3739,HGS-TV,95730.0,363035.33781576157
3740,HGS-TV,95730.0,363095.3503024578
3741,HGS-TV,95730.0,363206.43920850754
3742,HGS-TV,95730.0,363266.53587150574
3743,HGS-TV,95730.0,363326.56609749794
3744,HGS-TV,95730.0,363386.5799920559
3745,HGS-TV,95730.0,363503.67963433266
3746,HGS-TV,95730.0,363563.7085516453
3747,HGS-TV,95730.0,363623.71196484566
3748,HGS-TV,95730.0,363683.8161146641
3749,HGS-TV,95730.0,363854.61706089973
3750,HGS-TV,95730.0,363914.7352566719
3751,HGS-TV,95730.0,364103.3397908211
3752,HGS-TV,95730.0,364193.45828795433
3753,HGS-TV,95730.0,364276.91539907455
3754,HGS-TV,95730.0,364446.83757162094
3755,HGS-TV,95730.0,364506.9753754139
3756,HGS-TV,95730.0,364571.4672715664
3757,HGS-TV,95730.0,364742.8134801388
3758,HGS-TV,95730.0,364802.82615327835
3759,HGS-TV,95730.0,364862.84477996826
3760,HGS-TV,95730.0,364923.28583192825
3761,HGS-TV,95730.0,364983.35975265503
3762,HGS-TV,95730.0,365043.38981986046
3763,HGS-TV,95730.0,365138.23646759987
3764,HGS-TV,95730.0,365198.23689961433
3765,HGS-TV,95730.0,365346.4144279957
3766,ails2_etaMax1.000_stoppingTime864000.00,95813.0,365432.04005004885
3767,HGS-TV,95730.0,365597.7683289051
3768,HGS-TV,95730.0,365670.8246393204
3769,ails2_etaMax1.000_stoppingTime1728000.00,96137.0,365756.74605004885
3770,HGS-TV,95730.0,366091.0646870136
3771,HGS-TV,95730.0,366151.0991399288
3772,HGS-TV,95730.0,366211.1148221493
3773,HGS-TV,95730.0,366285.47630238533
3774,HGS-TV,95730.0,366345.52264237404
3775,HGS-TV,95730.0,367198.2897758484
3776,ails2_etaMax1.000_stoppingTime864000.00,95812.0,367294.7820500488
3777,ails2_etaMax1.000_stoppingTime864000.00,95805.0,367294.9080500488
3778,HGS-TV,95730.0,367361.47764730453
3779,HGS-TV,95730.0,367421.48199248314
3780,HGS-TV,95730.0,367589.67537236214
3781,HGS-TV,95730.0,367649.6949760914
3782,HGS-TV,95730.0,367713.05339837074
3783,HGS-TV,95730.0,367827.62109208107
3784,HGS-TV,95730.0,367887.67974066734
3785,HGS-TV,95730.0,367947.737634182
3786,HGS-TV,95730.0,368007.759442091
3787,HGS-TV,95730.0,368067.7710726261
3788,HGS-TV,95730.0,368946.9723994732
3789,HGS-TV,95730.0,369007.0188806057
3790,HGS-TV,95730.0,369573.83080649376
3791,HGS-TV,95730.0,369633.8630120754
3792,HGS-TV,95730.0,369705.0605664253
3793,HGS-TV,95730.0,370018.18091368675
3794,HGS-TV,95730.0,370091.13846087456
3795,HGS-TV,95730.0,370280.65543198586
3796,HGS-TV,95730.0,370881.60833597183
3797,HGS-TV,95730.0,370941.61847519875
3798,HGS-TV,95730.0,371001.63519978523
3799,HGS-TV,95730.0,371595.6007306576
3800,HGS-TV,95730.0,372840.0463178158
3801,HGS-TV,95730.0,372900.0517897606
3802,HGS-TV,95730.0,372960.06090545654
3803,HGS-TV,95730.0,373020.0730917454
3804,HGS-TV,95730.0,373080.07827568054
3805,HGS-TV,95730.0,373140.0985341072
3806,HGS-TV,95730.0,373200.1193225384
3807,HGS-TV,95730.0,373260.22118496895
3808,HGS-TV,95730.0,373320.2292878628
3809,HGS-TV,95730.0,373380.2825117111
3810,HGS-TV,95730.0,373440.36462283134
3811,HGS-TV,95730.0,373531.8296740055
3812,HGS-TV,95730.0,373591.8946623802
3813,HGS-TV,95730.0,373651.9551973343
3814,HGS-TV,95730.0,373712.01129984856
3815,HGS-TV,95730.0,373781.916121006
3816,HGS-TV,95730.0,373841.973713398
3817,HGS-TV,95730.0,373902.0145647526
3818,HGS-TV,95730.0,373962.0652041435
3819,HGS-TV,95730.0,374022.09973049164
3820,HGS-TV,95730.0,374082.1101055145
3821,HGS-TV,95730.0,374142.16755604744
3822,HGS-TV,95730.0,374202.22937583923
3823,HGS-TV,95730.0,374341.5170710087
3824,HGS-TV,95730.0,374461.6559827328
3825,HGS-TV,95730.0,374521.72178673744
3826,HGS-TV,95730.0,374581.76657509804
3827,HGS-TV,95730.0,374641.7781457901
3828,HGS-TV,95730.0,374701.8055949211
3829,HGS-TV,95730.0,374761.87643933296
3830,HGS-TV,95730.0,374821.9588909149
3831,HGS-TV,95730.0,374903.3418915272
3832,HGS-TV,95730.0,374963.39949560165
3833,HGS-TV,95730.0,375081.01490426064
3834,HGS-TV,95730.0,375141.0669322014
3835,HGS-TV,95730.0,375201.1522259712
3836,HGS-TV,95730.0,375454.64185905457
3837,HGS-TV,95730.0,375534.01180768013
3838,HGS-TV,95730.0,375598.6779410839
3839,HGS-TV,95730.0,375672.00495553017
3840,HGS-TV,95730.0,375732.09418463707
3841,HGS-TV,95730.0,375792.15474677086
3842,HGS-TV,95730.0,375852.1763858795
3843,HGS-TV,95730.0,375912.2471792698
3844,HGS-TV,95730.0,375972.2631189823
3845,HGS-TV,95730.0,376032.33974170685
3846,HGS-TV,95730.0,376092.3813416958
3847,ails2_etaMax1.000_stoppingTime864000.00,95800.0,376219.23105004884
3848,HGS-TV,95730.0,376236.1157517433
3849,ails2_etaMax1.000_stoppingTime864000.00,95788.0,376259.32205004885
3850,HGS-TV,95730.0,376296.20842933655
3851,ails2_etaMax1.000_stoppingTime864000.00,95787.0,376308.72005004884
3852,HGS-TV,95730.0,376356.2323539257
3853,ails2_etaMax1.000_stoppingTime864000.00,95786.0,376375.62705004885
3854,HGS-TV,95730.0,376416.2557606697
3855,HGS-TV,95730.0,376476.40409374237
3856,HGS-TV,95730.0,376536.42569088936
3857,HGS-TV,95730.0,376596.476177454
3858,HGS-TV,95730.0,376656.4888150692
3859,HGS-TV,95730.0,376716.5466108322
3860,HGS-TV,95730.0,376776.60578894615
3861,HGS-TV,95730.0,376836.68300271034
3862,ails2_etaMax1.000_stoppingTime864000.00,95785.0,376887.59005004884
3863,HGS-TV,95730.0,376896.7189092636
3864,ails2_etaMax1.000_stoppingTime864000.00,95784.0,376887.6450500488
3865,HGS-TV,95730.0,376956.7460193634
3866,HGS-TV,95730.0,377126.33843898773
3867,HGS-TV,95730.0,377186.35338544846
3868,HGS-TV,95730.0,377246.8821773529
3869,HGS-TV,95730.0,377306.94976234436
3870,HGS-TV,95730.0,377367.02531147003
3871,HGS-TV,95730.0,377427.06602835655
3872,HGS-TV,95730.0,377487.099247694
3873,HGS-TV,95730.0,377547.16683602333
3874,HGS-TV,95730.0,377607.24392175674
3875,HGS-TV,95730.0,377667.28164100647
3876,HGS-TV,95730.0,377727.3916282654
3877,HGS-TV,95730.0,377787.49815034866
3878,HGS-TV,95730.0,377847.58523726463
3879,HGS-TV,95730.0,377907.6459386349
3880,HGS-TV,95730.0,377967.66379761696
3881,HGS-TV,95730.0,378048.5430071354
3882,HGS-TV,95730.0,378108.56599736214
3883,HGS-TV,95730.0,378168.62535595894
3884,HGS-TV,95730.0,378241.63199973106
3885,HGS-TV,95730.0,378312.3123395443
3886,HGS-TV,95730.0,378372.3696951866
3887,HGS-TV,95730.0,378432.37644696236
3888,HGS-TV,95730.0,378496.32197237015
3889,HGS-TV,95730.0,378556.3646900654
3890,HGS-TV,95730.0,378616.3863289356
3891,HGS-TV,95730.0,378676.47270941734
3892,HGS-TV,95730.0,378736.53178691864
3893,HGS-TV,95730.0,378842.39770793915
3894,HGS-TV,95730.0,378902.4568769932
3895,HGS-TV,95730.0,378962.50172638893
3896,HGS-TV,95730.0,379022.55605888367
3897,HGS-TV,95730.0,379106.7315711975
3898,HGS-TV,95730.0,379166.81583571434
3899,HGS-TV,95730.0,379432.4632086754
3900,HGS-TV,95730.0,379492.4637787342
3901,HGS-TV,95730.0,379647.8344693184
3902,HGS-TV,95730.0,379770.6297569275
3903,HGS-TV,95730.0,379830.69573020935
3904,HGS-TV,95730.0,379890.78325653076
3905,HGS-TV,95730.0,380007.14289975166
3906,HGS-TV,95730.0,380067.14524555206
3907,HGS-TV,95730.0,380127.16208410263
3908,HGS-TV,95730.0,380187.1849076748
3909,HGS-TV,95730.0,380247.1947593689
3910,HGS-TV,95730.0,380307.19683671
3911,HGS-TV,95730.0,380367.25736808777
3912,HGS-TV,95730.0,380427.2978076935
3913,HGS-TV,95730.0,380487.30897688866
3914,HGS-TV,95730.0,380547.36858558655
3915,HGS-TV,95730.0,380607.40297079086
3916,HGS-TV,95730.0,380705.7654454708
3917,HGS-TV,95730.0,380765.8574974537
3918,HGS-TV,95730.0,380825.96506261826
3919,HGS-TV,95730.0,381099.5397093296
3920,HGS-TV,95730.0,381191.801258564
3921,HGS-TV,95730.0,381251.87543177605
3922,HGS-TV,95730.0,381311.9671435356
3923,HGS-TV,95730.0,381434.3886566162
3924,HGS-TV,95730.0,381494.42213082314
3925,HGS-TV,95730.0,381814.89108872414
3926,HGS-TV,95730.0,381874.89719080925
3927,HGS-TV,95730.0,381987.01933074
3928,ails2_etaMax1.000_stoppingTime1728000.00,96127.0,382737.43205004884
3929,HGS-TV,95730.0,383540.04522156715
3930,HGS-TV,95730.0,383600.0639081001
3931,HGS-TV,95730.0,383660.0846822262
3932,HGS-TV,95730.0,383720.2199997902
3933,HGS-TV,95730.0,383780.3144135475
3934,HGS-TV,95730.0,383840.34635949135
3935,HGS-TV,95730.0,383900.42993307114
3936,HGS-TV,95730.0,383960.43248295784
3937,HGS-TV,95730.0,384020.4912238121
3938,HGS-TV,95730.0,384080.5508477688
3939,HGS-TV,95730.0,384140.59090042114
3940,HGS-TV,95730.0,384200.68795895576
3941,HGS-TV,95730.0,384260.7794382572
3942,HGS-TV,95730.0,384320.92075133324
3943,HGS-TV,95730.0,384391.56122112274
3944,HGS-TV,95730.0,384451.5629339218
3945,ails2_etaMax1.000_stoppingTime1728000.00,96126.0,384508.5650500488
3946,HGS-TV,95730.0,384511.58244752884
3947,ails2_etaMax1.000_stoppingTime1728000.00,96103.0,384510.6470500488
3948,HGS-TV,95730.0,384571.6157376766
3949,HGS-TV,95730.0,384631.6632590294
3950,HGS-TV,95730.0,384751.8320207596
3951,HGS-TV,95730.0,385007.8092226982
3952,HGS-TV,95730.0,385115.7289056778
3953,HGS-TV,95730.0,385175.73340654373
3954,HGS-TV,95730.0,385235.7455756664
3955,HGS-TV,95730.0,385295.7602939606
3956,HGS-TV,95730.0,385374.6705594063
3957,HGS-TV,95730.0,385445.43464779854
3958,HGS-TV,95730.0,385505.4474210739
3959,HGS-TV,95730.0,385565.5683619976
3960,HGS-TV,95730.0,385625.6027522087
3961,HGS-TV,95730.0,385779.9713730812
3962,HGS-TV,95730.0,385937.6436266899
3963,HGS-TV,95730.0,385997.6725373268
3964,HGS-TV,95730.0,386057.7140800953
3965,HGS-TV,95730.0,386117.7655837536
3966,HGS-TV,95730.0,386177.87768673897
3967,HGS-TV,95730.0,386237.96260142326
3968,HGS-TV,95730.0,386298.00819325447
3969,HGS-TV,95730.0,386381.75249528885
3970,HGS-TV,95730.0,386563.58033418655
3971,HGS-TV,95730.0,386623.7081069946
3972,HGS-TV,95730.0,386683.7710082531
3973,HGS-TV,95730.0,386755.99122977257
3974,HGS-TV,95730.0,386816.0334868431
3975,HGS-TV,95730.0,387018.1158041954
3976,HGS-TV,95730.0,387078.1773676872
3977,HGS-TV,95730.0,387138.2091450691
3978,HGS-TV,95730.0,387198.22522830963
3979,HGS-TV,95730.0,387258.31374430656
3980,HGS-TV,95730.0,387318.3763215542
3981,HGS-TV,95730.0,387382.75261569023
3982,HGS-TV,95730.0,387442.80615472794
3983,HGS-TV,95730.0,387502.8248794079
3984,HGS-TV,95730.0,387562.84462428093
3985,HGS-TV,95730.0,387622.9785621166
3986,HGS-TV,95730.0,387683.06670951843
3987,HGS-TV,95730.0,387761.0480673313
3988,HGS-TV,95730.0,387821.1071124077
3989,HGS-TV,95730.0,387881.22786426544
3990,HGS-TV,95730.0,387995.8814237118
3991,HGS-TV,95730.0,388055.95219802856
3992,HGS-TV,95730.0,388116.0237288475
3993,HGS-TV,95730.0,388176.0333621502
3994,HGS-TV,95730.0,388236.038187027
3995,HGS-TV,95730.0,388296.05870723724
3996,HGS-TV,95730.0,388356.1200683117
3997,HGS-TV,95730.0,388416.1791367531
3998,HGS-TV,95730.0,388476.2080860138
3999,HGS-TV,95730.0,388536.21778154373
4000,HGS-TV,95730.0,388596.2232437134
4001,HGS-TV,95730.0,388656.29956936836
4002,HGS-TV,95730.0,388716.3339173794
4003,HGS-TV,95730.0,388776.3786480427
4004,HGS-TV,95730.0,388836.44015717506
4005,HGS-TV,95730.0,388896.4421052933
4006,HGS-TV,95730.0,388956.4563553333
4007,HGS-TV,95730.0,389016.52697467804
4008,HGS-TV,95730.0,389076.5466823578
4009,HGS-TV,95730.0,389136.58775639534
4010,HGS-TV,95730.0,389196.65756964684
4011,HGS-TV,95730.0,389256.71403098106
4012,HGS-TV,95730.0,389316.7632739544
4013,HGS-TV,95730.0,389376.7876813412
4014,HGS-TV,95730.0,389436.8134250641
4015,HGS-TV,95730.0,389496.8490629196
4016,HGS-TV,95730.0,389556.86603331566
4017,HGS-TV,95730.0,389616.89503765106
4018,HGS-TV,95730.0,389676.95183324814
4019,HGS-TV,95730.0,389736.96573090553
4020,HGS-TV,95730.0,389797.04544711113
4021,HGS-TV,95730.0,389857.12813305855
4022,HGS-TV,95730.0,389917.14277243614
4023,HGS-TV,95730.0,390010.92074394226
4024,HGS-TV,95730.0,390070.96808815
4025,HGS-TV,95730.0,390152.5353472233
4026,HGS-TV,95730.0,390212.5520555973
4027,HGS-TV,95730.0,390287.739184618
4028,ails2_etaMax1.000_stoppingTime864000.00,95783.0,390301.9560500488
4029,HGS-TV,95730.0,390347.7996149063
4030,ails2_etaMax1.000_stoppingTime864000.00,95779.0,390302.6940500488
4031,HGS-TV,95730.0,390407.8107609749
4032,HGS-TV,95730.0,390467.85648846626
4033,HGS-TV,95730.0,390543.5804321766
4034,HGS-TV,95730.0,390628.7495946884
4035,HGS-TV,95730.0,390837.5661222935
4036,HGS-TV,95730.0,390897.6234383583
4037,HGS-TV,95730.0,390979.6468126774
4038,HGS-TV,95730.0,391039.7093639374
4039,HGS-TV,95730.0,391150.0027077198
4040,HGS-TV,95730.0,391210.0216190815
4041,HGS-TV,95730.0,391412.1332938671
4042,HGS-TV,95730.0,391472.1684963703
4043,HGS-TV,95730.0,391584.5482196808
4044,HGS-TV,95730.0,391786.9210348129
4045,HGS-TV,95730.0,391846.92882847786
4046,HGS-TV,95730.0,392038.9757800102
4047,HGS-TV,95730.0,392098.9932434559
4048,HGS-TV,95730.0,392192.5041205883
4049,HGS-TV,95730.0,393377.72698688507
4050,HGS-TV,95730.0,393437.74145388603
4051,HGS-TV,95730.0,394684.6095161438
4052,HGS-TV,95730.0,394744.67626953125
4053,HGS-TV,95730.0,394804.778870821
4054,HGS-TV,95730.0,394864.8017067909
4055,HGS-TV,95730.0,394924.8416714668
4056,HGS-TV,95730.0,394984.8782186508
4057,HGS-TV,95730.0,395044.9138767719
4058,HGS-TV,95730.0,395104.94074463844
4059,HGS-TV,95730.0,395165.0420870781
4060,HGS-TV,95730.0,395225.04358148575
4061,HGS-TV,95730.0,395285.1022889614
4062,HGS-TV,95730.0,395345.1378993988
4063,HGS-TV,95730.0,395405.2117180824
4064,HGS-TV,95730.0,395468.42990350723
4065,HGS-TV,95730.0,395528.4668331146
4066,HGS-TV,95730.0,395588.51688337326
4067,HGS-TV,95730.0,395648.5415136814
4068,HGS-TV,95730.0,395708.55501294136
4069,HGS-TV,95730.0,395796.92291140556
4070,HGS-TV,95730.0,395856.93108677864
4071,HGS-TV,95730.0,395926.7338831425
4072,HGS-TV,95730.0,395986.7868411541
4073,HGS-TV,95730.0,396146.43745470047
4074,HGS-TV,95730.0,396297.21473646164
4075,HGS-TV,95730.0,396357.21872091293
4076,HGS-TV,95730.0,396417.24416184425
4077,HGS-TV,95730.0,396477.27668881416
4078,HGS-TV,95730.0,396537.38503551483
4079,HGS-TV,95730.0,396599.8002150059
4080,HGS-TV,95730.0,396659.81346964836
4081,HGS-TV,95730.0,396731.73237371445
4082,HGS-TV,95730.0,396803.3120238781
4083,HGS-TV,95730.0,396863.3545088768
4084,HGS-TV,95730.0,396923.4051730633
4085,HGS-TV,95730.0,396983.47793889046
4086,HGS-TV,95730.0,397043.50503873825
4087,HGS-TV,95730.0,397103.51498270035
4088,HGS-TV,95730.0,397163.5516793728
4089,HGS-TV,95730.0,397223.5914096832
4090,HGS-TV,95730.0,397283.62543821335
4091,HGS-TV,95730.0,397361.61344981194
4092,HGS-TV,95730.0,397421.64735388756
4093,HGS-TV,95730.0,397481.74818229675
4094,HGS-TV,95730.0,397541.81359028816
4095,HGS-TV,95730.0,397662.7229781151
4096,HGS-TV,95730.0,397733.731749773
4097,HGS-TV,95730.0,397793.7551152706
4098,HGS-TV,95730.0,397853.78944802284
4099,HGS-TV,95730.0,397965.8425283432
4100,HGS-TV,95730.0,398025.9374444485
4101,HGS-TV,95730.0,398158.8211860657
4102,HGS-TV,95730.0,398218.8892316818
4103,HGS-TV,95730.0,398278.91418743134
4104,HGS-TV,95730.0,398338.9720404148
4105,HGS-TV,95730.0,398398.9765777588
4106,HGS-TV,95730.0,398459.0666747093
4107,HGS-TV,95730.0,398519.0771291256
4108,HGS-TV,95730.0,398579.1004431248
4109,HGS-TV,95730.0,398639.1523580551
4110,HGS-TV,95730.0,398699.20600914955
4111,HGS-TV,95730.0,398759.23020100594
4112,HGS-TV,95730.0,398819.256203413
4113,HGS-TV,95730.0,398897.80202126503
4114,HGS-TV,95730.0,398957.82352018356
4115,HGS-TV,95730.0,399017.9465582371
4116,HGS-TV,95730.0,399077.9490053654
4117,HGS-TV,95730.0,399137.9962027073
4118,HGS-TV,95730.0,399198.0287127495
4119,HGS-TV,95730.0,399258.124468565
4120,HGS-TV,95730.0,399318.17123270035
4121,HGS-TV,95730.0,399378.19490242004
4122,HGS-TV,95730.0,399438.23470020294
4123,HGS-TV,95730.0,399498.2525880337
4124,HGS-TV,95730.0,399558.25942230225
4125,HGS-TV,95730.0,399618.30099725723
4126,HGS-TV,95730.0,399678.3958044052
4127,HGS-TV,95730.0,400434.7213933468
4128,HGS-TV,95730.0,400882.3253593445
4129,HGS-TV,95730.0,400942.32760190964
4130,HGS-TV,95730.0,401153.9722523689
4131,HGS-TV,95730.0,401214.007771492
4132,HGS-TV,95730.0,401491.57533192635
4133,HGS-TV,95730.0,401667.1987121105
4134,HGS-TV,95730.0,401727.2616369724
4135,HGS-TV,95730.0,401787.31310892105
4136,HGS-TV,95730.0,401964.94994688034
4137,HGS-TV,95730.0,402102.5997648239
4138,HGS-TV,95730.0,402162.6317579746
4139,HGS-TV,95730.0,402938.7775044441
4140,HGS-TV,95730.0,403221.9591193199
4141,HGS-TV,95730.0,403281.9863665104
4142,HGS-TV,95730.0,403416.99225616455
4143,HGS-TV,95730.0,403477.022405386
4144,HGS-TV,95730.0,403916.37855768204
4145,HGS-TV,95730.0,403976.48329877853
4146,HGS-TV,95730.0,404036.5776004791
4147,HGS-TV,95730.0,404096.6433172226
4148,HGS-TV,95730.0,404302.94111299515
4149,HGS-TV,95730.0,404362.97539663315
4150,HGS-TV,95730.0,404602.5600056648
4151,HGS-TV,95730.0,404662.5677576065
4152,HGS-TV,95730.0,404946.9436788559
4153,HGS-TV,95730.0,405006.96265506744
4154,HGS-TV,95730.0,405093.5366356373
4155,HGS-TV,95730.0,405365.00455856323
4156,HGS-TV,95730.0,405425.0258874893
4157,HGS-TV,95730.0,405485.028850317
4158,HGS-TV,95730.0,405716.7013013363
4159,HGS-TV,95730.0,405776.7175414562
4160,HGS-TV,95730.0,406195.52509760857
4161,HGS-TV,95730.0,406730.1992659569
4162,HGS-TV,95730.0,406790.2720577717
4163,HGS-TV,95730.0,406850.33975958824
4164,HGS-TV,95730.0,406910.3506231308
4165,HGS-TV,95730.0,407017.4687216282
4166,ails2_etaMax1.000_stoppingTime864000.00,95776.0,407834.7340500488
4167,ails2_etaMax1.000_stoppingTime864000.00,95774.0,407835.0930500488
4168,HGS-TV,95730.0,408358.3490998745
4169,HGS-TV,95730.0,408418.35859823227
4170,HGS-TV,95730.0,408478.4257211685
4171,HGS-TV,95730.0,408538.43244481087
4172,HGS-TV,95730.0,408598.4904434681
4173,HGS-TV,95730.0,408658.57818579674
4174,HGS-TV,95730.0,408718.6090965271
4175,HGS-TV,95730.0,408822.9974164963
4176,HGS-TV,95730.0,408883.0725502968
4177,HGS-TV,95730.0,408943.11209368706
4178,HGS-TV,95730.0,409119.5963180065
4179,HGS-TV,95730.0,409215.9992980957
4180,HGS-TV,95730.0,409276.091121912
4181,HGS-TV,95730.0,409336.091193676
4182,HGS-TV,95730.0,409396.1440708637
4183,HGS-TV,95730.0,409491.86749482155
4184,HGS-TV,95730.0,409626.94540810585
4185,HGS-TV,95730.0,409686.9744055271
4186,HGS-TV,95730.0,409747.06838417053
4187,HGS-TV,95730.0,409807.1235291958
4188,HGS-TV,95730.0,409867.14814925194
4189,HGS-TV,95730.0,409927.2192811966
4190,HGS-TV,95730.0,409987.24947977066
4191,HGS-TV,95730.0,410047.2636387348
4192,HGS-TV,95730.0,410121.9342083931
4193,HGS-TV,95730.0,410182.0258591175
4194,HGS-TV,95730.0,410242.0778148174
4195,HGS-TV,95730.0,410308.969902277
4196,HGS-TV,95730.0,410495.1005527973
4197,HGS-TV,95730.0,410555.1514759064
4198,HGS-TV,95730.0,410649.1939508915
4199,HGS-TV,95730.0,410716.78922462463
4200,HGS-TV,95730.0,410776.8033874035
4201,HGS-TV,95730.0,410840.2815043926
4202,HGS-TV,95730.0,410960.2085111141
4203,HGS-TV,95730.0,411020.27809762955
4204,HGS-TV,95730.0,411080.30373573303
4205,HGS-TV,95730.0,411140.384955883
4206,HGS-TV,95730.0,411200.39042544365
4207,HGS-TV,95730.0,411260.4189734459
4208,HGS-TV,95730.0,411320.47062158585
4209,HGS-TV,95730.0,411380.5479977131
4210,HGS-TV,95730.0,411440.59939169884
4211,HGS-TV,95730.0,411500.66319417953
4212,HGS-TV,95730.0,411560.7126169205
4213,HGS-TV,95730.0,411620.74312734604
4214,HGS-TV,95730.0,411680.74664759636
4215,HGS-TV,95730.0,411740.80534243584
4216,HGS-TV,95730.0,411800.8064568043
4217,HGS-TV,95730.0,411860.8557457924
4218,HGS-TV,95730.0,411920.92611789703
4219,HGS-TV,95730.0,411980.92819333076
4220,HGS-TV,95730.0,412040.95882844925
4221,ails2_etaMax1.000_stoppingTime1728000.00,96089.0,412072.7870500488
4222,HGS-TV,95730.0,412101.0040547848
4223,HGS-TV,95730.0,412161.0469663143
4224,HGS-TV,95730.0,412221.0568242073
4225,HGS-TV,95730.0,412311.58325982094
4226,HGS-TV,95730.0,412371.5919470787
4227,HGS-TV,95730.0,412431.6724643707
4228,HGS-TV,95730.0,412491.75081562996
4229,HGS-TV,95730.0,412551.80656027794
4230,HGS-TV,95730.0,412611.8858523369
4231,HGS-TV,95730.0,412771.5277838707
4232,HGS-TV,95730.0,412901.865401268
4233,HGS-TV,95730.0,412961.8945789337
4234,HGS-TV,95730.0,413021.9420413971
4235,HGS-TV,95730.0,413194.7833395004
4236,HGS-TV,95730.0,414620.5524725914
4237,HGS-TV,95730.0,414680.5838866234
4238,HGS-TV,95730.0,414740.65063524246
4239,HGS-TV,95730.0,414800.6646416187
4240,HGS-TV,95730.0,414860.7656571865
4241,HGS-TV,95730.0,414920.8029487133
4242,HGS-TV,95730.0,415001.8568623066
4243,HGS-TV,95730.0,415061.92013049126
4244,HGS-TV,95730.0,415292.4455816746
4245,HGS-TV,95730.0,415356.99512553215
4246,HGS-TV,95730.0,415417.023039341
4247,HGS-TV,95730.0,415477.0487463474
4248,HGS-TV,95730.0,415537.0788035393
4249,ails2_etaMax1.000_stoppingTime864000.00,95772.0,415657.6240500488
4250,HGS-TV,95730.0,415686.496086359
4251,HGS-TV,95730.0,415746.59318113327
4252,HGS-TV,95730.0,415806.63178777695
4253,HGS-TV,95730.0,415866.6916208267
4254,HGS-TV,95730.0,415938.42294049263
4255,HGS-TV,95730.0,415998.4968249798
4256,HGS-TV,95730.0,416058.5696809292
4257,HGS-TV,95730.0,416118.5783805847
4258,HGS-TV,95730.0,416178.6453816891
4259,HGS-TV,95730.0,416238.6594452858
4260,HGS-TV,95730.0,416298.7615902424
4261,HGS-TV,95730.0,416358.8353369236
4262,HGS-TV,95730.0,416418.9226241112
4263,HGS-TV,95730.0,416478.956956625
4264,HGS-TV,95730.0,416538.99010920525
4265,HGS-TV,95730.0,416599.00371193886
4266,HGS-TV,95730.0,416660.0096361637
4267,HGS-TV,95730.0,416720.11895775795
4268,HGS-TV,95730.0,416810.72065353394
4269,HGS-TV,95730.0,416870.7254407406
4270,HGS-TV,95730.0,416930.7575650215
4271,HGS-TV,95730.0,416990.766695261
4272,HGS-TV,95730.0,417050.8804907799
4273,HGS-TV,95730.0,417110.8923084736
4274,HGS-TV,95730.0,417188.85935139656
4275,HGS-TV,95730.0,417248.8856728077
4276,HGS-TV,95730.0,417308.92880129814
4277,HGS-TV,95730.0,417368.9863679409
4278,HGS-TV,95730.0,417437.80326747894
4279,HGS-TV,95730.0,417497.8193371296
4280,HGS-TV,95730.0,417558.93148469925
4281,HGS-TV,95730.0,417618.97570872307
4282,HGS-TV,95730.0,417883.301558733
4283,HGS-TV,95730.0,417952.6828942299
4284,HGS-TV,95730.0,418012.79740548134
4285,HGS-TV,95730.0,418072.8504898548
4286,HGS-TV,95730.0,418233.5228705406
4287,HGS-TV,95730.0,418293.55098629
4288,HGS-TV,95730.0,418353.59651613235
4289,HGS-TV,95730.0,418422.3548631668
4290,HGS-TV,95730.0,418482.37925457954
4291,HGS-TV,95730.0,418542.45988464355
4292,HGS-TV,95730.0,418602.4626555443
4293,HGS-TV,95730.0,418662.5105993748
4294,HGS-TV,95730.0,418731.2825758457
4295,HGS-TV,95730.0,418791.3541405201
4296,HGS-TV,95730.0,418851.36063838005
4297,HGS-TV,95730.0,418911.4334406853
4298,HGS-TV,95730.0,418971.44505906105
4299,HGS-TV,95730.0,419031.5229988098
4300,HGS-TV,95730.0,419091.54403615
4301,HGS-TV,95730.0,419151.54805493355
4302,HGS-TV,95730.0,419211.59931230545
4303,HGS-TV,95730.0,419271.66024184227
4304,HGS-TV,95730.0,419331.70893239975
4305,HGS-TV,95730.0,419391.7665555477
4306,HGS-TV,95730.0,419454.6958863735
4307,ails2_etaMax1.000_stoppingTime1728000.00,96084.0,419475.94205004885
4308,HGS-TV,95730.0,419514.6975762844
4309,HGS-TV,95730.0,419597.05839920044
4310,HGS-TV,95730.0,419657.1058719158
4311,HGS-TV,95730.0,419717.1585614681
4312,HGS-TV,95730.0,419777.1635270119
4313,HGS-TV,95730.0,419844.0032837391
4314,HGS-TV,95730.0,419904.02216148376
4315,HGS-TV,95730.0,420082.50892806053
4316,HGS-TV,95730.0,420142.5464658737
4317,HGS-TV,95730.0,420202.5689702034
4318,HGS-TV,95730.0,420283.62881469727
4319,HGS-TV,95730.0,420343.6374900341
4320,HGS-TV,95730.0,420403.65303993225
4321,HGS-TV,95730.0,420599.13301730156
4322,HGS-TV,95730.0,420659.17688918114
4323,HGS-TV,95730.0,420719.1978793144
4324,HGS-TV,95730.0,420841.0488500595
4325,HGS-TV,95730.0,420901.1140282154
4326,HGS-TV,95730.0,420961.1598505974
4327,ails2_etaMax1.000_stoppingTime1728000.00,96073.0,421001.1560500488
4328,ails2_etaMax1.000_stoppingTime864000.00,95770.0,421634.36105004884
4329,HGS-TV,95730.0,422158.2845196724
4330,HGS-TV,95730.0,422261.8108406067
4331,HGS-TV,95730.0,422321.8261220455
4332,HGS-TV,95730.0,422454.2135848999
4333,HGS-TV,95730.0,422514.26797533035
4334,HGS-TV,95730.0,422574.2972972393
4335,HGS-TV,95730.0,422695.86809039116
4336,HGS-TV,95730.0,422926.7872774601
4337,HGS-TV,95730.0,422986.85900998116
4338,HGS-TV,95730.0,423046.86917352676
4339,HGS-TV,95730.0,423106.8806376457
4340,HGS-TV,95730.0,423493.12281799316
4341,HGS-TV,95730.0,423553.1551582813
4342,HGS-TV,95730.0,423613.16261053085
4343,HGS-TV,95730.0,423673.2066376209
4344,HGS-TV,95730.0,423757.41495633125
4345,HGS-TV,95730.0,423817.4825282097
4346,HGS-TV,95730.0,423877.50072312355
4347,ails2_etaMax1.000_stoppingTime864000.00,95769.0,424023.9060500488
4348,HGS-TV,95730.0,424025.1725280285
4349,HGS-TV,95730.0,424276.8417310715
4350,HGS-TV,95730.0,424345.8121891022
4351,HGS-TV,95730.0,424405.85792040825
4352,HGS-TV,95730.0,424472.65171456337
4353,HGS-TV,95730.0,424532.6776368618
4354,HGS-TV,95730.0,424613.50207304955
4355,HGS-TV,95730.0,424673.58257985115
4356,HGS-TV,95730.0,424733.63178515434
4357,HGS-TV,95730.0,424793.6567978859
4358,HGS-TV,95730.0,424859.04005789757
4359,HGS-TV,95730.0,424972.1299612522
4360,HGS-TV,95730.0,425032.1946032047
4361,HGS-TV,95730.0,425409.74014019966
4362,HGS-TV,95730.0,426939.64881825447
4363,HGS-TV,95730.0,426999.6930372715
4364,HGS-TV,95730.0,427059.7938864231
4365,HGS-TV,95730.0,427119.9398112297
4366,HGS-TV,95730.0,427179.95878624916
4367,HGS-TV,95730.0,427240.01519298553
4368,HGS-TV,95730.0,427300.03448438644
4369,HGS-TV,95730.0,427360.0941371918
4370,HGS-TV,95730.0,427420.0965819359
4371,HGS-TV,95730.0,427480.1432540417
4372,HGS-TV,95730.0,427540.19494605064
4373,HGS-TV,95730.0,427600.19810938835
4374,HGS-TV,95730.0,427660.2295258045
4375,HGS-TV,95730.0,427720.29938292503
4376,HGS-TV,95730.0,427780.30476784706
4377,HGS-TV,95730.0,427840.3702068329
4378,HGS-TV,95730.0,427900.4604239464
4379,HGS-TV,95730.0,427960.5623214245
4380,HGS-TV,95730.0,428146.6842010021
4381,HGS-TV,95730.0,428206.70245456696
4382,HGS-TV,95730.0,428273.4983046055
4383,HGS-TV,95730.0,428430.9700703621
4384,HGS-TV,95730.0,428491.0050485134
4385,HGS-TV,95730.0,428667.6678404808
4386,HGS-TV,95730.0,428727.6689567566
4387,HGS-TV,95730.0,428789.79113197327
4388,HGS-TV,95730.0,428849.88231515884
4389,HGS-TV,95730.0,428955.83853268623
4390,HGS-TV,95730.0,429015.8866696358
4391,HGS-TV,95730.0,429076.00338602066
4392,HGS-TV,95730.0,429188.6780371666
4393,HGS-TV,95730.0,429248.7325286865
4394,HGS-TV,95730.0,429308.8174905777
4395,HGS-TV,95730.0,429368.90754675865
4396,HGS-TV,95730.0,429428.9653887749
4397,HGS-TV,95730.0,429494.3846282959
4398,HGS-TV,95730.0,429554.38468909264
4399,HGS-TV,95730.0,429614.4107236862
4400,HGS-TV,95730.0,429674.471054554
4401,HGS-TV,95730.0,429734.4905502796
4402,HGS-TV,95730.0,429794.52352547646
4403,HGS-TV,95730.0,429854.5382936001
4404,HGS-TV,95730.0,429914.59549856186
4405,HGS-TV,95730.0,429974.63301992416
4406,HGS-TV,95730.0,430034.6529815197
4407,HGS-TV,95730.0,430094.72519373894
4408,HGS-TV,95730.0,430154.8161549568
4409,HGS-TV,95730.0,430214.81785941124
4410,HGS-TV,95730.0,430274.8895714283
4411,HGS-TV,95730.0,430334.91892266273
4412,HGS-TV,95730.0,430394.9443204403
4413,HGS-TV,95730.0,430454.9452416897
4414,HGS-TV,95730.0,430515.05915641785
4415,HGS-TV,95730.0,430627.85497164726
4416,HGS-TV,95730.0,430704.62448835373
4417,HGS-TV,95730.0,430790.844925642
4418,HGS-TV,95730.0,430850.87378668785
4419,HGS-TV,95730.0,430910.91815042496
4420,HGS-TV,95730.0,430970.9255769253
4421,HGS-TV,95730.0,431031.0218708515
4422,HGS-TV,95730.0,431102.7090034485
4423,HGS-TV,95730.0,431162.8414924145
4424,HGS-TV,95730.0,431222.85296583176
4425,HGS-TV,95730.0,431282.8952150345
4426,HGS-TV,95730.0,431342.91685295105
4427,HGS-TV,95730.0,431402.9682469368
4428,HGS-TV,95730.0,431511.6562497616
4429,ails2_etaMax1.000_stoppingTime1728000.00,96059.0,431538.0810500488
4430,HGS-TV,95730.0,431571.66929769516
4431,HGS-TV,95730.0,433237.8455915451
4432,HGS-TV,95730.0,433297.90946149826
4433,HGS-TV,95730.0,433357.9841313362
4434,HGS-TV,95730.0,433417.9937517643
4435,HGS-TV,95730.0,433478.0326991081
4436,HGS-TV,95730.0,433538.04884696007
4437,HGS-TV,95730.0,433598.1184847355
4438,HGS-TV,95730.0,433658.1643195152
4439,HGS-TV,95730.0,433718.2007060051
4440,HGS-TV,95730.0,433778.27254605293
4441,HGS-TV,95730.0,433838.2857718468
4442,HGS-TV,95730.0,433898.3370330334
4443,HGS-TV,95730.0,433958.36717891693
4444,HGS-TV,95730.0,434018.4723043442
4445,HGS-TV,95730.0,434091.61938738823
4446,HGS-TV,95730.0,434151.67958426476
4447,HGS-TV,95730.0,434211.7177166939
4448,HGS-TV,95730.0,434328.33122730255
4449,HGS-TV,95730.0,434388.336073637
4450,HGS-TV,95730.0,434594.16134929657
4451,HGS-TV,95730.0,434766.60040807724
4452,HGS-TV,95730.0,434866.0455713272
4453,HGS-TV,95730.0,434926.11257219315
4454,HGS-TV,95730.0,434986.1664943695
4455,HGS-TV,95730.0,435051.754437685
4456,HGS-TV,95730.0,435111.7752571106
4457,HGS-TV,95730.0,435172.9761595726
4458,HGS-TV,95730.0,435233.0410358906
4459,HGS-TV,95730.0,435293.0800385475
4460,HGS-TV,95730.0,435353.0997736454
4461,HGS-TV,95730.0,435413.10940265656
4462,HGS-TV,95730.0,435473.15316963196
4463,HGS-TV,95730.0,435533.1638364792
4464,HGS-TV,95730.0,435593.1924021244
4465,HGS-TV,95730.0,436939.53422904015
4466,HGS-TV,95730.0,436999.55476880074
4467,HGS-TV,95730.0,437059.6139316559
4468,HGS-TV,95730.0,437119.62828040123
4469,HGS-TV,95730.0,437179.66921043396
4470,HGS-TV,95730.0,437239.7007858753
4471,HGS-TV,95730.0,437299.710483551
4472,HGS-TV,95730.0,437359.83359766006
4473,HGS-TV,95730.0,437419.96784830093
4474,HGS-TV,95730.0,437500.1132068634
4475,HGS-TV,95730.0,437560.14821887016
4476,HGS-TV,95730.0,437620.2691755295
4477,HGS-TV,95730.0,437680.3402106762
4478,HGS-TV,95730.0,437740.4806468487
4479,HGS-TV,95730.0,437800.50647068024
4480,HGS-TV,95730.0,437860.5942490101
4481,HGS-TV,95730.0,437920.6370174885
4482,HGS-TV,95730.0,437980.6531126499
4483,HGS-TV,95730.0,438040.69747567177
4484,HGS-TV,95730.0,438100.792078495
4485,HGS-TV,95730.0,438160.82003450394
4486,HGS-TV,95730.0,438220.8641266823
4487,HGS-TV,95730.0,438332.075922966
4488,HGS-TV,95730.0,438392.1642792225
4489,HGS-TV,95730.0,438467.24591112137
4490,HGS-TV,95730.0,438576.6709430218
4491,HGS-TV,95730.0,438636.6877515316
4492,HGS-TV,95730.0,438696.7261326313
4493,HGS-TV,95730.0,438756.79324793816
4494,HGS-TV,95730.0,438816.81897997856
4495,HGS-TV,95730.0,438876.8520116806
4496,HGS-TV,95730.0,438970.40947651863
4497,HGS-TV,95730.0,439030.48648381233
4498,HGS-TV,95730.0,439090.5252099037
4499,HGS-TV,95730.0,439150.5465269089
4500,HGS-TV,95730.0,439210.60848999023
4501,HGS-TV,95730.0,440531.580760479
4502,HGS-TV,95730.0,440591.5817012787
4503,ails2_etaMax1.000_stoppingTime1728000.00,96057.0,440632.61705004884
4504,HGS-TV,95730.0,440651.6126680374
4505,ails2_etaMax1.000_stoppingTime1728000.00,96024.0,440632.8310500488
4506,HGS-TV,95730.0,440711.7040505409
4507,HGS-TV,95730.0,440771.76203131676
4508,HGS-TV,95730.0,440831.7652449608
4509,HGS-TV,95730.0,440891.8080291748
4510,HGS-TV,95730.0,440951.8915529251
4511,HGS-TV,95730.0,441011.9384281635
4512,HGS-TV,95730.0,441072.02220726013
4513,HGS-TV,95730.0,441132.0971853733
4514,HGS-TV,95730.0,441192.14538002014
4515,HGS-TV,95730.0,441252.1998369694
4516,HGS-TV,95730.0,441312.2551314831
4517,HGS-TV,95730.0,441372.2901124954
4518,HGS-TV,95730.0,441432.34571790695
4519,HGS-TV,95730.0,441492.4087564945
4520,HGS-TV,95730.0,441552.4582378864
4521,HGS-TV,95730.0,441612.4742901325
4522,HGS-TV,95730.0,441672.5165503025
4523,HGS-TV,95730.0,441732.5710809231
4524,HGS-TV,95730.0,441792.6933348179
4525,HGS-TV,95730.0,441852.6973352432
4526,HGS-TV,95730.0,441912.71634054184
4527,HGS-TV,95730.0,441986.57800269127
4528,HGS-TV,95730.0,442111.2361688614
4529,HGS-TV,95730.0,442171.3279502392
4530,HGS-TV,95730.0,442231.35501885414
4531,HGS-TV,95730.0,442291.3551106453
4532,HGS-TV,95730.0,442351.4261915684
4533,HGS-TV,95730.0,442411.45145249367
4534,HGS-TV,95730.0,442471.4654119015
4535,HGS-TV,95730.0,442531.50030303
4536,HGS-TV,95730.0,442602.1712639332
4537,HGS-TV,95730.0,442662.2059955597
4538,HGS-TV,95730.0,442722.20853710175
4539,HGS-TV,95730.0,442782.2611708641
4540,ails2_etaMax1.000_stoppingTime864000.00,95767.0,443174.5160500488
4541,ails2_etaMax1.000_stoppingTime864000.00,95765.0,443174.8740500488
4542,HGS-TV,95730.0,444145.11342167854
4543,HGS-TV,95730.0,444205.20128440857
4544,HGS-TV,95730.0,444265.27102923393
4545,HGS-TV,95730.0,444325.3336689472
4546,HGS-TV,95730.0,444385.35495328903
4547,HGS-TV,95730.0,444445.4675209522
4548,HGS-TV,95730.0,444505.4952533245
4549,HGS-TV,95730.0,444565.56038713455
4550,HGS-TV,95730.0,444625.60908031464
4551,HGS-TV,95730.0,444685.6341788769
4552,HGS-TV,95730.0,444745.64849710464
4553,HGS-TV,95730.0,444805.6652212143
4554,HGS-TV,95730.0,444865.6911761761
4555,HGS-TV,95730.0,444925.6976943016
4556,HGS-TV,95730.0,445017.61008930206
4557,HGS-TV,95730.0,445245.8343820572
4558,HGS-TV,95730.0,445305.9099202156
4559,HGS-TV,95730.0,445365.9171614647
4560,HGS-TV,95730.0,445425.95809841156
4561,HGS-TV,95730.0,445485.99728798866
4562,HGS-TV,95730.0,445546.0599105358
4563,HGS-TV,95730.0,445606.0957272053
4564,HGS-TV,95730.0,445666.165317297
4565,HGS-TV,95730.0,445726.19547343254
4566,HGS-TV,95730.0,445885.63329815865
4567,HGS-TV,95730.0,445945.7706685066
4568,HGS-TV,95730.0,446005.8470635414
4569,HGS-TV,95730.0,446065.8508322239
4570,HGS-TV,95730.0,446125.93210196495
4571,HGS-TV,95730.0,446258.7352936268
4572,HGS-TV,95730.0,446318.7750892639
4573,HGS-TV,95730.0,446378.7908332348
4574,ails2_etaMax1.000_stoppingTime864000.00,95763.0,447017.7320500488
4575,HGS-TV,95730.0,447747.62052965164
4576,HGS-TV,95730.0,447807.6962697506
4577,HGS-TV,95730.0,447867.724347353
4578,HGS-TV,95730.0,447927.75620651245
4579,HGS-TV,95730.0,447987.83088850975
4580,HGS-TV,95730.0,448047.8935241699
4581,HGS-TV,95730.0,448107.94439578056
4582,HGS-TV,95730.0,448167.94489741325
4583,HGS-TV,95730.0,448228.0325882435
4584,HGS-TV,95730.0,448288.04811668396
4585,HGS-TV,95730.0,448348.185659647
4586,HGS-TV,95730.0,448408.2615804672
4587,HGS-TV,95730.0,448468.2652142048
4588,HGS-TV,95730.0,448528.27728772163
4589,HGS-TV,95730.0,448588.2955772877
4590,HGS-TV,95730.0,448730.0668768883
4591,HGS-TV,95730.0,448790.1290705204
4592,HGS-TV,95730.0,448850.2304558754
4593,HGS-TV,95730.0,448910.2324888706
4594,HGS-TV,95730.0,448970.2428946495
4595,HGS-TV,95730.0,449030.3372466564
4596,HGS-TV,95730.0,449090.4029095173
4597,HGS-TV,95730.0,449150.40970373154
4598,HGS-TV,95730.0,449210.4577386379
4599,HGS-TV,95730.0,449270.4637503624
4600,HGS-TV,95730.0,449330.48881816864
4601,HGS-TV,95730.0,449390.55520272255
4602,HGS-TV,95730.0,449450.6415262222
4603,HGS-TV,95730.0,449510.6928062439
4604,HGS-TV,95730.0,449602.9706196785
4605,HGS-TV,95730.0,449662.9724905491
4606,HGS-TV,95730.0,449722.9875898361
4607,HGS-TV,95730.0,449783.0940966606
4608,HGS-TV,95730.0,449843.1125257015
4609,HGS-TV,95730.0,449903.131118536
4610,HGS-TV,95730.0,449963.2128007412
4611,HGS-TV,95730.0,451381.54769539833
4612,HGS-TV,95730.0,451441.63893699646
4613,HGS-TV,95730.0,451501.65193390846
4614,HGS-TV,95730.0,451561.7353351116
4615,HGS-TV,95730.0,451621.8387286663
4616,HGS-TV,95730.0,451681.91735720634
4617,HGS-TV,95730.0,451742.0067408085
4618,HGS-TV,95730.0,451839.64642834663
4619,HGS-TV,95730.0,452027.9338772297
4620,HGS-TV,95730.0,452087.99506759644
4621,HGS-TV,95730.0,452148.0611548424
4622,HGS-TV,95730.0,452208.0675563812
4623,HGS-TV,95730.0,452458.4825320244
4624,HGS-TV,95730.0,452518.506772995
4625,HGS-TV,95730.0,452578.58870244026
4626,HGS-TV,95730.0,452638.6759288311
4627,HGS-TV,95730.0,452698.75582170486
4628,HGS-TV,95730.0,452758.80161833763
4629,HGS-TV,95730.0,452818.8387372494
4630,HGS-TV,95730.0,452900.24485325813
4631,HGS-TV,95730.0,452999.88385653496
4632,HGS-TV,95730.0,453140.6795053482
4633,HGS-TV,95730.0,453200.7218539715
4634,HGS-TV,95730.0,453260.7900483608
4635,HGS-TV,95730.0,453320.821041584
4636,HGS-TV,95730.0,453380.8508954048
4637,HGS-TV,95730.0,453472.8949291706
4638,ails2_etaMax1.000_stoppingTime864000.00,95760.0,454885.32805004885
4639,HGS-TV,95730.0,454932.97858810425
4640,HGS-TV,95730.0,454993.0637562275
4641,HGS-TV,95730.0,455053.11609244347
4642,HGS-TV,95730.0,455113.17277264595
4643,HGS-TV,95730.0,455173.2030596733
4644,HGS-TV,95730.0,455233.2939143181
4645,HGS-TV,95730.0,455299.5625793934
4646,HGS-TV,95730.0,455359.6643998623
4647,HGS-TV,95730.0,455437.18630337715
4648,HGS-TV,95730.0,455497.20749902725
4649,HGS-TV,95730.0,455557.2610347271
4650,HGS-TV,95730.0,455617.28606557846
4651,HGS-TV,95730.0,455677.2960870266
4652,HGS-TV,95730.0,455737.3044376373
4653,HGS-TV,95730.0,455888.25156617165
4654,HGS-TV,95730.0,455968.15936279297
4655,HGS-TV,95730.0,456039.1451072693
4656,HGS-TV,95730.0,456099.24344587326
4657,HGS-TV,95730.0,456210.60078167915
4658,HGS-TV,95730.0,456270.6179161072
4659,HGS-TV,95730.0,456330.6717045307
4660,HGS-TV,95730.0,456424.37292408943
4661,HGS-TV,95730.0,456484.3737504482
4662,HGS-TV,95730.0,456544.39714574814
4663,HGS-TV,95730.0,456604.3995504379
4664,HGS-TV,95730.0,456664.4220392704
4665,HGS-TV,95730.0,456724.47698903084
4666,HGS-TV,95730.0,456784.54641485214
4667,HGS-TV,95730.0,456844.56728100777
4668,HGS-TV,95730.0,456904.653744936
4669,HGS-TV,95730.0,456964.71145153046
4670,HGS-TV,95730.0,457024.73884630203
4671,HGS-TV,95730.0,457084.80114865303
4672,HGS-TV,95730.0,457144.8170850277
4673,HGS-TV,95730.0,457210.3538713455
4674,HGS-TV,95730.0,458581.9990904331
4675,HGS-TV,95730.0,458642.04566550255
4676,HGS-TV,95730.0,458702.17352867126
4677,HGS-TV,95730.0,458762.24024677277
4678,HGS-TV,95730.0,458822.2759735584
4679,HGS-TV,95730.0,458882.29609155655
4680,HGS-TV,95730.0,458942.4265973568
4681,HGS-TV,95730.0,459002.5171365738
4682,HGS-TV,95730.0,459062.58365011215
4683,HGS-TV,95730.0,459134.79955530167
4684,HGS-TV,95730.0,459194.8010034561
4685,HGS-TV,95730.0,459254.8038868904
4686,HGS-TV,95730.0,459314.8509004116
4687,HGS-TV,95730.0,459374.9150862694
4688,HGS-TV,95730.0,459434.9869801998
4689,HGS-TV,95730.0,459494.9972126484
4690,HGS-TV,95730.0,459555.0649635792
4691,HGS-TV,95730.0,459615.15572810173
4692,HGS-TV,95730.0,459675.21604824066
4693,HGS-TV,95730.0,459735.2536790371
4694,HGS-TV,95730.0,459795.2652003765
4695,HGS-TV,95730.0,459855.35327005386
4696,HGS-TV,95730.0,459915.4123120308
4697,HGS-TV,95730.0,459979.80985188484
4698,HGS-TV,95730.0,460039.88403201103
4699,HGS-TV,95730.0,460099.9577488899
4700,HGS-TV,95730.0,460160.0072979927
4701,HGS-TV,95730.0,460220.0430588722
4702,HGS-TV,95730.0,460325.3229608536
4703,HGS-TV,95730.0,460388.47518110275
4704,HGS-TV,95730.0,460448.5454068184
4705,HGS-TV,95730.0,460530.61925816536
4706,ails2_etaMax1.000_stoppingTime1728000.00,96022.0,460548.8970500488
4707,HGS-TV,95730.0,460602.1396138668
4708,HGS-TV,95730.0,460715.74716115
4709,HGS-TV,95730.0,460775.7761821747
4710,HGS-TV,95730.0,462250.5647842884
4711,HGS-TV,95730.0,462310.5858576298
4712,HGS-TV,95730.0,462370.6229698658
4713,HGS-TV,95730.0,462430.779163599
4714,HGS-TV,95730.0,462490.8041102886
4715,HGS-TV,95730.0,462550.9237091541
4716,HGS-TV,95730.0,462610.99987483025
4717,HGS-TV,95730.0,462671.067466259
4718,HGS-TV,95730.0,462731.1534330845
4719,HGS-TV,95730.0,462791.16479063034
4720,HGS-TV,95730.0,462851.2861690521
4721,HGS-TV,95730.0,462911.3030824661
4722,HGS-TV,95730.0,462971.38179540634
4723,HGS-TV,95730.0,463031.4994020462
4724,HGS-TV,95730.0,463091.51758027077
4725,HGS-TV,95730.0,463153.0370879173
4726,HGS-TV,95730.0,463213.118619442
4727,HGS-TV,95730.0,463273.1312727928
4728,HGS-TV,95730.0,463333.24971461296
4729,HGS-TV,95730.0,463513.78887581825
4730,HGS-TV,95730.0,463573.87012958527
4731,HGS-TV,95730.0,463633.9346780777
4732,HGS-TV,95730.0,463694.01649069786
4733,HGS-TV,95730.0,463754.0982077122
4734,HGS-TV,95730.0,463814.10267305374
4735,HGS-TV,95730.0,463874.1983280182
4736,HGS-TV,95730.0,463934.3031129837
4737,HGS-TV,95730.0,463994.34452939034
4738,HGS-TV,95730.0,464054.3821089268
4739,HGS-TV,95730.0,464114.5211343765
4740,HGS-TV,95730.0,464174.5852191448
4741,HGS-TV,95730.0,464234.60409259796
4742,HGS-TV,95730.0,464294.6375067234
4743,HGS-TV,95730.0,464356.544318676
4744,HGS-TV,95730.0,464416.615282774
4745,ails2_etaMax1.000_stoppingTime864000.00,95759.0,464771.09505004884
4746,HGS-TV,95730.0,465683.06906342506
4747,HGS-TV,95730.0,465743.14184451103
4748,HGS-TV,95730.0,465803.26109552383
4749,HGS-TV,95730.0,465863.3623216152
4750,HGS-TV,95730.0,465923.4019603729
4751,HGS-TV,95730.0,465983.482350111
4752,HGS-TV,95730.0,466043.53993582726
4753,HGS-TV,95730.0,466110.18699145317
4754,HGS-TV,95730.0,466170.3140923977
4755,HGS-TV,95730.0,466230.4124674797
4756,HGS-TV,95730.0,466290.42746663094
4757,HGS-TV,95730.0,466350.45085191727
4758,HGS-TV,95730.0,466412.88349819183
4759,HGS-TV,95730.0,466473.02923989296
4760,HGS-TV,95730.0,466533.1038286686
4761,HGS-TV,95730.0,466593.10476231575
4762,HGS-TV,95730.0,466668.1799387932
4763,HGS-TV,95730.0,466728.2183356285
4764,HGS-TV,95730.0,466788.28000974655
4765,HGS-TV,95730.0,466848.3597228527
4766,HGS-TV,95730.0,466943.3434472084
4767,HGS-TV,95730.0,467003.40525245667
4768,HGS-TV,95730.0,467063.45385694504
4769,HGS-TV,95730.0,467123.4694197178
4770,HGS-TV,95730.0,467183.47836613655
4771,HGS-TV,95730.0,467243.49347138405
4772,HGS-TV,95730.0,467303.5406692028
4773,HGS-TV,95730.0,467447.9380452633
4774,HGS-TV,95730.0,467507.98232245445
4775,HGS-TV,95730.0,467568.0044004917
4776,HGS-TV,95730.0,467628.0425260067
4777,HGS-TV,95730.0,467688.1369943619
4778,HGS-TV,95730.0,467748.16535305977
4779,HGS-TV,95730.0,467956.1936352253
4780,HGS-TV,95730.0,469302.44736909866
4781,HGS-TV,95730.0,469362.45572948456
4782,HGS-TV,95730.0,469422.46192264557
4783,HGS-TV,95730.0,469482.5012204647
4784,HGS-TV,95730.0,469542.51267528534
4785,HGS-TV,95730.0,469602.6253695488
4786,HGS-TV,95730.0,469662.64879465103
4787,HGS-TV,95730.0,469722.7037022114
4788,HGS-TV,95730.0,469782.80634975433
4789,HGS-TV,95730.0,469842.8743479252
4790,HGS-TV,95730.0,469902.9831106663
4791,HGS-TV,95730.0,469963.01144218445
4792,HGS-TV,95730.0,470023.10380649567
4793,HGS-TV,95730.0,470083.1272933483
4794,HGS-TV,95730.0,470143.15655875206
4795,HGS-TV,95730.0,470236.57866978645
4796,HGS-TV,95730.0,470296.6135416031
4797,HGS-TV,95730.0,470356.65735316277
4798,HGS-TV,95730.0,470459.2748403549
4799,HGS-TV,95730.0,470519.2798745632
4800,HGS-TV,95730.0,470579.36973786354
4801,HGS-TV,95730.0,470639.4528489113
4802,HGS-TV,95730.0,470699.54782414436
4803,HGS-TV,95730.0,470759.6180419922
4804,ails2_etaMax1.000_stoppingTime1728000.00,95977.0,470817.5530500488
4805,HGS-TV,95730.0,470819.62182688713
4806,HGS-TV,95730.0,470879.6872472763
4807,HGS-TV,95730.0,470939.73245072365
4808,HGS-TV,95730.0,470999.8061261177
4809,HGS-TV,95730.0,471059.86577272415
4810,HGS-TV,95730.0,471119.8998043537
4811,HGS-TV,95730.0,471179.93681287766
4812,HGS-TV,95730.0,471240.03205513954
4813,HGS-TV,95730.0,471300.07878375053
4814,HGS-TV,95730.0,471360.1534385681
4815,HGS-TV,95730.0,471420.2204272747
4816,HGS-TV,95730.0,471480.23806905746
4817,HGS-TV,95730.0,471586.3722565174
4818,ails2_etaMax1.000_stoppingTime864000.00,95758.0,472221.7010500488
4819,ails2_etaMax1.000_stoppingTime864000.00,95756.0,472221.74605004885
4820,HGS-TV,95730.0,472861.6032066345
4821,HGS-TV,95730.0,472921.66893315315
4822,HGS-TV,95730.0,472981.7298705578
4823,HGS-TV,95730.0,473041.8228855133
4824,HGS-TV,95730.0,473101.8909981251
4825,HGS-TV,95730.0,473162.01665472984
4826,HGS-TV,95730.0,473222.08328294754
4827,HGS-TV,95730.0,473282.1498301029
4828,HGS-TV,95730.0,473342.1882388592
4829,HGS-TV,95730.0,473433.7924821377
4830,HGS-TV,95730.0,473510.5453724861
4831,HGS-TV,95730.0,473570.61681222916
4832,HGS-TV,95730.0,473630.67992162704
4833,HGS-TV,95730.0,473690.7428033352
4834,HGS-TV,95730.0,473794.5835146904
4835,HGS-TV,95730.0,473854.62446689606
4836,HGS-TV,95730.0,473914.6437764168
4837,HGS-TV,95730.0,473974.66875743866
4838,HGS-TV,95730.0,474034.68128299713
4839,HGS-TV,95730.0,474094.6974225044
4840,HGS-TV,95730.0,474154.7254598141
4841,HGS-TV,95730.0,474214.80669379234
4842,HGS-TV,95730.0,474274.9225230217
4843,HGS-TV,95730.0,474334.99592518806
4844,HGS-TV,95730.0,474395.069791317
4845,ails2_etaMax1.000_stoppingTime864000.00,95754.0,474413.8250500488
4846,ails2_etaMax1.000_stoppingTime864000.00,95749.0,474427.30605004885
4847,HGS-TV,95730.0,474489.24887251854
4848,HGS-TV,95730.0,474549.34470391273
4849,HGS-TV,95730.0,474617.0610294342
4850,HGS-TV,95730.0,474694.4349706173
4851,HGS-TV,95730.0,474754.5711054802
4852,HGS-TV,95730.0,474814.6142537594
4853,HGS-TV,95730.0,474874.6574678421
4854,HGS-TV,95730.0,474934.6899738312
4855,HGS-TV,95730.0,474994.80148506165
4856,HGS-TV,95730.0,475054.8460576534
4857,HGS-TV,95730.0,475114.8702042103
4858,HGS-TV,95730.0,475174.88647961617
4859,HGS-TV,95730.0,476497.90416026115
4860,HGS-TV,95730.0,476557.9598031044
4861,HGS-TV,95730.0,476617.9898188114
4862,HGS-TV,95730.0,476678.04370832443
4863,HGS-TV,95730.0,476738.1368083954
4864,HGS-TV,95730.0,476813.80048418045
4865,HGS-TV,95730.0,476873.81294226646
4866,HGS-TV,95730.0,476972.5717051029
4867,HGS-TV,95730.0,477035.7925145626
4868,HGS-TV,95730.0,477095.83394026756
4869,HGS-TV,95730.0,477155.8792695999
4870,HGS-TV,95730.0,477215.88373947144
4871,HGS-TV,95730.0,477275.91425800323
4872,HGS-TV,95730.0,477335.9954557419
4873,HGS-TV,95730.0,477396.07117319107
4874,HGS-TV,95730.0,477456.1786148548
4875,HGS-TV,95730.0,477516.2594861984
4876,HGS-TV,95730.0,477664.7733078003
4877,HGS-TV,95730.0,477724.80484199524
4878,HGS-TV,95730.0,477789.10206747055
4879,HGS-TV,95730.0,477864.43697857857
4880,HGS-TV,95730.0,477924.46272420883
4881,HGS-TV,95730.0,477984.4726791382
4882,HGS-TV,95730.0,478044.4793999195
4883,HGS-TV,95730.0,478122.28962779045
4884,HGS-TV,95730.0,478182.41249012947
4885,HGS-TV,95730.0,478250.41478967667
4886,HGS-TV,95730.0,478430.38882160187
4887,HGS-TV,95730.0,478593.8679769039
4888,HGS-TV,95730.0,478653.92999124527
4889,HGS-TV,95730.0,478748.8609609604
4890,HGS-TV,95730.0,478808.8988509178
4891,HGS-TV,95730.0,480104.83151578903
4892,HGS-TV,95730.0,480164.88661408424
4893,HGS-TV,95730.0,480224.9269514084
4894,HGS-TV,95730.0,480285.01022076607
4895,HGS-TV,95730.0,480345.01055407524
4896,HGS-TV,95730.0,480405.0564007759
4897,HGS-TV,95730.0,480465.1404621601
4898,HGS-TV,95730.0,480525.2692000866
4899,HGS-TV,95730.0,480585.2899887562
4900,HGS-TV,95730.0,480645.42920064926
4901,HGS-TV,95730.0,480754.5271964073
4902,HGS-TV,95730.0,480814.5905172825
4903,HGS-TV,95730.0,480874.7537140846
4904,HGS-TV,95730.0,480934.77811312675
4905,HGS-TV,95730.0,480994.83037924767
4906,HGS-TV,95730.0,481054.8738412857
4907,HGS-TV,95730.0,481114.9161763191
4908,HGS-TV,95730.0,481174.9819717407
4909,HGS-TV,95730.0,481234.99376773834
4910,HGS-TV,95730.0,481295.0209622383
4911,HGS-TV,95730.0,481355.09136772156
4912,HGS-TV,95730.0,481415.12066698074
4913,HGS-TV,95730.0,481475.1610248089
4914,HGS-TV,95730.0,481535.2291777134
4915,HGS-TV,95730.0,481619.9492049217
4916,HGS-TV,95730.0,481679.9727408886
4917,HGS-TV,95730.0,481740.02765130997
4918,HGS-TV,95730.0,481800.0373542309
4919,HGS-TV,95730.0,481860.06710124016
4920,HGS-TV,95730.0,481920.09377741814
4921,HGS-TV,95730.0,481980.1633694172
4922,HGS-TV,95730.0,482061.0444033146
4923,HGS-TV,95730.0,482121.07097411156
4924,HGS-TV,95730.0,482199.0586948395
4925,HGS-TV,95730.0,482259.0691859722
4926,HGS-TV,95730.0,482354.5274581909
4927,HGS-TV,95730.0,482414.5525135994
4928,HGS-TV,95730.0,483713.6358795166
4929,HGS-TV,95730.0,483773.69815039635
4930,HGS-TV,95730.0,483833.7344865799
4931,HGS-TV,95730.0,483893.8507218361
4932,HGS-TV,95730.0,483953.97307920456
4933,HGS-TV,95730.0,484014.05942058563
4934,HGS-TV,95730.0,484074.1742761135
4935,HGS-TV,95730.0,484134.1794874668
4936,HGS-TV,95730.0,484194.2009732723
4937,HGS-TV,95730.0,484254.2530050278
4938,HGS-TV,95730.0,484314.30744600296
4939,HGS-TV,95730.0,484374.3113825321
4940,HGS-TV,95730.0,484434.3807733059
4941,HGS-TV,95730.0,484494.4217379093
4942,HGS-TV,95730.0,484554.4660689831
4943,HGS-TV,95730.0,484614.52785634995
4944,HGS-TV,95730.0,484747.0316500664
4945,HGS-TV,95730.0,484807.1215837002
4946,HGS-TV,95730.0,484888.62554717064
4947,HGS-TV,95730.0,484982.0179936886
4948,HGS-TV,95730.0,485042.0282969475
4949,HGS-TV,95730.0,485102.04156184196
4950,HGS-TV,95730.0,485171.3085989952
4951,HGS-TV,95730.0,485231.3104374409
4952,HGS-TV,95730.0,485291.4169433117
4953,HGS-TV,95730.0,485351.443985939
4954,HGS-TV,95730.0,485435.7877895832
4955,HGS-TV,95730.0,485629.87981915474
4956,HGS-TV,95730.0,485689.9337592125
4957,HGS-TV,95730.0,485824.22098493576
4958,HGS-TV,95730.0,485884.230284214
4959,HGS-TV,95730.0,485984.65305519104
4960,HGS-TV,95730.0,487340.5855231285
4961,HGS-TV,95730.0,487400.67885255814
4962,HGS-TV,95730.0,487460.7098698616
4963,HGS-TV,95730.0,487520.7422502041
4964,HGS-TV,95730.0,487580.8093304634
4965,HGS-TV,95730.0,487640.93268823624
4966,HGS-TV,95730.0,487701.016241312
4967,HGS-TV,95730.0,487761.0690486431
4968,HGS-TV,95730.0,487821.0748229027
4969,HGS-TV,95730.0,487881.2013297081
4970,HGS-TV,95730.0,488027.4300954342
4971,HGS-TV,95730.0,488087.4845132828
4972,HGS-TV,95730.0,488147.5274808407
4973,HGS-TV,95730.0,488207.58989453316
4974,HGS-TV,95730.0,488267.6648757458
4975,HGS-TV,95730.0,488327.7131078243
4976,HGS-TV,95730.0,488447.8637559414
4977,HGS-TV,95730.0,488507.9646742344
4978,HGS-TV,95730.0,488608.0141313076
4979,HGS-TV,95730.0,488681.1076745987
4980,HGS-TV,95730.0,488741.1750180721
4981,HGS-TV,95730.0,488801.1960504055
4982,HGS-TV,95730.0,488861.21330451965
4983,HGS-TV,95730.0,488921.28856396675
4984,HGS-TV,95730.0,488998.8314282894
4985,HGS-TV,95730.0,489095.6247148514
4986,HGS-TV,95730.0,489155.6302816868
4987,HGS-TV,95730.0,489215.7417740822
4988,HGS-TV,95730.0,489275.7478117943
4989,HGS-TV,95730.0,489348.31299853325
4990,HGS-TV,95730.0,489500.5810573101
4991,HGS-TV,95730.0,489560.62486338615
4992,HGS-TV,95730.0,489620.7032775879
4993,HGS-TV,95730.0,490975.9313571453
4994,HGS-TV,95730.0,491036.04799199104
4995,HGS-TV,95730.0,491096.1208310127
4996,HGS-TV,95730.0,491156.19516563416
4997,HGS-TV,95730.0,491216.2462017536
4998,HGS-TV,95730.0,491276.2920117378
4999,HGS-TV,95730.0,491336.3483161926
5000,HGS-TV,95730.0,491396.4136104584
5001,HGS-TV,95730.0,491456.4505317211
5002,HGS-TV,95730.0,491516.46197128296
5003,HGS-TV,95730.0,491576.47511196136
5004,HGS-TV,95730.0,491697.1164498329
5005,HGS-TV,95730.0,491776.09441924095
5006,HGS-TV,95730.0,491836.12151527405
5007,HGS-TV,95730.0,491896.1656370163
5008,HGS-TV,95730.0,491956.2366576195
5009,HGS-TV,95730.0,492016.2454595566
5010,HGS-TV,95730.0,492076.3305211067
5011,HGS-TV,95730.0,492279.60140037537
5012,HGS-TV,95730.0,492339.6574804783
5013,HGS-TV,95730.0,492399.7344005108
5014,HGS-TV,95730.0,492459.7439711094
5015,HGS-TV,95730.0,492519.7995669842
5016,HGS-TV,95730.0,492587.6009297371
5017,HGS-TV,95730.0,492647.6217124462
5018,HGS-TV,95730.0,492730.3428094387
5019,HGS-TV,95730.0,492790.35053420067
5020,HGS-TV,95730.0,492850.4790496826
5021,HGS-TV,95730.0,492910.5255498886
5022,HGS-TV,95730.0,492970.5307378769
5023,HGS-TV,95730.0,493030.5498974323
5024,HGS-TV,95730.0,493096.3322587013
5025,HGS-TV,95730.0,493202.50739359856
5026,HGS-TV,95730.0,494511.54065299034
5027,HGS-TV,95730.0,494571.59370803833
5028,HGS-TV,95730.0,494631.6796994209
5029,HGS-TV,95730.0,494691.71246409416
5030,HGS-TV,95730.0,494751.71912550926
5031,HGS-TV,95730.0,494811.7956266403
5032,HGS-TV,95730.0,494871.8485882282
5033,HGS-TV,95730.0,494931.852622509
5034,HGS-TV,95730.0,494991.86976385117
5035,HGS-TV,95730.0,495051.8979129791
5036,HGS-TV,95730.0,495111.97377729416
5037,HGS-TV,95730.0,495240.0085058212
5038,HGS-TV,95730.0,495300.0672683716
5039,HGS-TV,95730.0,495360.0817682743
5040,HGS-TV,95730.0,495420.1095428467
5041,HGS-TV,95730.0,495480.1663045883
5042,HGS-TV,95730.0,495540.2607059479
5043,HGS-TV,95730.0,495635.1438808441
5044,HGS-TV,95730.0,495695.17660808563
5045,HGS-TV,95730.0,495771.3240761757
5046,HGS-TV,95730.0,495831.3624718189
5047,HGS-TV,95730.0,495962.7695887089
5048,HGS-TV,95730.0,496056.79317879677
5049,HGS-TV,95730.0,496116.8530020714
5050,HGS-TV,95730.0,496176.9136865139
5051,HGS-TV,95730.0,496236.91509366035
5052,HGS-TV,95730.0,496296.92438960075
5053,HGS-TV,95730.0,496357.0365474224
5054,HGS-TV,95730.0,496417.053614378
5055,HGS-TV,95730.0,496477.06686115265
5056,HGS-TV,95730.0,496537.1366751194
5057,HGS-TV,95730.0,496630.95197725296
5058,HGS-TV,95730.0,496691.0238749981
5059,HGS-TV,95730.0,498143.66309952736
5060,HGS-TV,95730.0,498203.7266418934
5061,HGS-TV,95730.0,498263.7375805378
5062,HGS-TV,95730.0,498323.7688484192
5063,HGS-TV,95730.0,498383.82731699944
5064,HGS-TV,95730.0,498443.8515048027
5065,HGS-TV,95730.0,498503.9406416416
5066,HGS-TV,95730.0,498576.3693153858
5067,HGS-TV,95730.0,498636.4133105278
5068,HGS-TV,95730.0,498696.51758122444
5069,HGS-TV,95730.0,498837.2924654484
5070,HGS-TV,95730.0,498897.372743845
5071,HGS-TV,95730.0,498957.5264425278
5072,HGS-TV,95730.0,499017.56010103226
5073,HGS-TV,95730.0,499077.62784194946
5074,HGS-TV,95730.0,499137.6873829365
5075,HGS-TV,95730.0,499197.7228164673
5076,HGS-TV,95730.0,499257.781866312
5077,HGS-TV,95730.0,499317.8673257828
5078,HGS-TV,95730.0,499377.9222714901
5079,HGS-TV,95730.0,499437.9596068859
5080,HGS-TV,95730.0,499542.6060092449
5081,HGS-TV,95730.0,499608.1633899212
5082,HGS-TV,95730.0,499668.179956913
5083,HGS-TV,95730.0,499853.3890478611
5084,HGS-TV,95730.0,499913.3970167637
5085,HGS-TV,95730.0,500022.3052973747
5086,HGS-TV,95730.0,500082.35802030563
5087,HGS-TV,95730.0,500143.1180138588
5088,HGS-TV,95730.0,500326.22233343124
5089,HGS-TV,95730.0,500386.29400372505
5090,HGS-TV,95730.0,501683.60330438614
5091,HGS-TV,95730.0,501743.7218706608
5092,HGS-TV,95730.0,501803.8383965492
5093,HGS-TV,95730.0,501863.91238594055
5094,HGS-TV,95730.0,501923.96452999115
5095,HGS-TV,95730.0,501984.0963664055
5096,HGS-TV,95730.0,502044.25010967255
5097,HGS-TV,95730.0,502104.3048453331
5098,HGS-TV,95730.0,502164.3071014881
5099,HGS-TV,95730.0,502224.3371450901
5100,HGS-TV,95730.0,502284.42053103447
5101,HGS-TV,95730.0,502344.5283687115
5102,HGS-TV,95730.0,502404.5349576473
5103,HGS-TV,95730.0,502464.6572637558
5104,HGS-TV,95730.0,502524.71247959137
5105,HGS-TV,95730.0,502584.7313592434
5106,HGS-TV,95730.0,502644.81816244125
5107,HGS-TV,95730.0,502704.86953282356
5108,HGS-TV,95730.0,502764.9108352661
5109,HGS-TV,95730.0,502824.97462773323
5110,HGS-TV,95730.0,502885.08899641037
5111,HGS-TV,95730.0,502945.1516389847
5112,HGS-TV,95730.0,503133.00104141235
5113,HGS-TV,95730.0,503193.00327157974
5114,HGS-TV,95730.0,503258.6872282028
5115,ails2_etaMax1.000_stoppingTime1728000.00,95970.0,503294.7400500488
5116,HGS-TV,95730.0,503318.7480597496
5117,HGS-TV,95730.0,503389.54627871513
5118,HGS-TV,95730.0,503449.58564710617
5119,HGS-TV,95730.0,503509.64936351776
5120,HGS-TV,95730.0,503569.72816824913
5121,HGS-TV,95730.0,503679.2216536999
5122,HGS-TV,95730.0,503739.3076503277
5123,HGS-TV,95730.0,503799.31785082817
5124,HGS-TV,95730.0,503936.4682626724
5125,HGS-TV,95730.0,504008.71463394165
5126,HGS-TV,95730.0,505306.61535453796
5127,HGS-TV,95730.0,505366.63312625885
5128,HGS-TV,95730.0,505426.6886456013
5129,HGS-TV,95730.0,505486.74457097054
5130,HGS-TV,95730.0,505546.83693647385
5131,HGS-TV,95730.0,505606.91011309624
5132,HGS-TV,95730.0,505666.92769646645
5133,HGS-TV,95730.0,505726.9515862465
5134,HGS-TV,95730.0,505787.01278185844
5135,HGS-TV,95730.0,505847.0204639435
5136,HGS-TV,95730.0,505907.054315567
5137,HGS-TV,95730.0,505967.13367795944
5138,HGS-TV,95730.0,506027.2200496197
5139,HGS-TV,95730.0,506087.3332800865
5140,HGS-TV,95730.0,506204.3356690407
5141,HGS-TV,95730.0,506268.16503071785
5142,HGS-TV,95730.0,506328.2333109379
5143,HGS-TV,95730.0,506388.24347138405
5144,HGS-TV,95730.0,506448.25284552574
5145,HGS-TV,95730.0,506508.3466551304
5146,HGS-TV,95730.0,506602.8242623806
5147,HGS-TV,95730.0,506716.1335532665
5148,HGS-TV,95730.0,506776.19747805595
5149,HGS-TV,95730.0,506844.8510501385
5150,HGS-TV,95730.0,506904.91103744507
5151,HGS-TV,95730.0,506974.03624773026
5152,HGS-TV,95730.0,507034.08097338676
5153,HGS-TV,95730.0,507094.1378774643
5154,HGS-TV,95730.0,507154.1383597851
5155,HGS-TV,95730.0,507214.1573841572
5156,HGS-TV,95730.0,507298.950660944
5157,HGS-TV,95730.0,507359.00971484184
5158,HGS-TV,95730.0,507481.1589870453
5159,HGS-TV,95730.0,507541.25790166855
5160,HGS-TV,95730.0,507601.27223944664
5161,HGS-TV,95730.0,508905.9369661808
5162,HGS-TV,95730.0,508965.9895465374
5163,HGS-TV,95730.0,509025.9980144501
5164,HGS-TV,95730.0,509086.0324859619
5165,HGS-TV,95730.0,509155.8086824417
5166,HGS-TV,95730.0,509215.89429831505
5167,HGS-TV,95730.0,509275.9644138813
5168,HGS-TV,95730.0,509336.04212641716
5169,HGS-TV,95730.0,509396.14072823524
5170,HGS-TV,95730.0,509456.1911740303
5171,HGS-TV,95730.0,509516.21001267433
5172,HGS-TV,95730.0,509576.31704854965
5173,HGS-TV,95730.0,509636.4199883938
5174,HGS-TV,95730.0,509696.42065763474
5175,HGS-TV,95730.0,509764.10004734993
5176,HGS-TV,95730.0,509824.17104530334
5177,HGS-TV,95730.0,509884.17432928085
5178,HGS-TV,95730.0,509944.284563303
5179,HGS-TV,95730.0,510013.6284840107
5180,HGS-TV,95730.0,510073.72131705284
5181,HGS-TV,95730.0,510133.78807258606
5182,HGS-TV,95730.0,510193.83274269104
5183,HGS-TV,95730.0,510262.68947029114
5184,HGS-TV,95730.0,510322.75321149826
5185,HGS-TV,95730.0,510382.76712942123
5186,HGS-TV,95730.0,510442.8509469032
5187,HGS-TV,95730.0,510516.0555779934
5188,HGS-TV,95730.0,510576.05633473396
5189,HGS-TV,95730.0,510731.7139647007
5190,HGS-TV,95730.0,510791.7861607075
5191,HGS-TV,95730.0,510920.03879094124
5192,HGS-TV,95730.0,510980.0754785538
5193,HGS-TV,95730.0,511040.15428090096
5194,HGS-TV,95730.0,511100.2129294872
5195,HGS-TV,95730.0,511176.249535799
5196,HGS-TV,95730.0,512518.2783303261
5197,HGS-TV,95730.0,512578.3368191719
5198,HGS-TV,95730.0,512638.3570904732
5199,HGS-TV,95730.0,512698.4439239502
5200,HGS-TV,95730.0,512758.44639110565
5201,HGS-TV,95730.0,512818.4601895809
5202,HGS-TV,95730.0,512878.4711983204
5203,HGS-TV,95730.0,512938.62707543373
5204,HGS-TV,95730.0,512998.6289451122
5205,HGS-TV,95730.0,513116.092700243
5206,HGS-TV,95730.0,513176.1511981487
5207,HGS-TV,95730.0,513236.2398326397
5208,HGS-TV,95730.0,513296.2790749073
5209,HGS-TV,95730.0,513356.35872769356
5210,HGS-TV,95730.0,513416.4185039997
5211,HGS-TV,95730.0,513476.47947359085
5212,HGS-TV,95730.0,513536.4822294712
5213,HGS-TV,95730.0,513596.54497504234
5214,HGS-TV,95730.0,513656.5482304096
5215,HGS-TV,95730.0,513716.5979421139
5216,HGS-TV,95730.0,513776.67433667183
5217,HGS-TV,95730.0,513836.6869933605
5218,HGS-TV,95730.0,513896.77377176285
5219,HGS-TV,95730.0,513956.84780049324
5220,HGS-TV,95730.0,514016.91449952126
5221,HGS-TV,95730.0,514076.99967861176
5222,HGS-TV,95730.0,514137.0624730587
5223,HGS-TV,95730.0,514197.1060824394
5224,HGS-TV,95730.0,514257.13848400116
5225,HGS-TV,95730.0,514317.2026503086
5226,HGS-TV,95730.0,514377.2464635372
5227,HGS-TV,95730.0,514479.45684075356
5228,HGS-TV,95730.0,514539.57944369316
5229,HGS-TV,95730.0,514600.2849097252
5230,HGS-TV,95730.0,514660.3602335453
5231,HGS-TV,95730.0,514720.3724565506
5232,HGS-TV,95730.0,514780.44433259964
5233,HGS-TV,95730.0,516134.34252524376
5234,HGS-TV,95730.0,516194.3928089142
5235,HGS-TV,95730.0,516254.509213686
5236,HGS-TV,95730.0,516314.5302205086
5237,HGS-TV,95730.0,516374.5922167301
5238,HGS-TV,95730.0,516473.47216773033
5239,HGS-TV,95730.0,516533.4973180294
5240,HGS-TV,95730.0,516593.59176135063
5241,HGS-TV,95730.0,516653.7362000942
5242,HGS-TV,95730.0,516713.82322716713
5243,HGS-TV,95730.0,516773.8308415413
5244,HGS-TV,95730.0,516833.88006424904
5245,HGS-TV,95730.0,516893.905207634
5246,HGS-TV,95730.0,516953.9430780411
5247,HGS-TV,95730.0,517025.74821949005
5248,HGS-TV,95730.0,517085.83631777763
5249,HGS-TV,95730.0,517145.8941977024
5250,HGS-TV,95730.0,517205.9481742382
5251,HGS-TV,95730.0,517265.9969127178
5252,HGS-TV,95730.0,517326.02279806137
5253,HGS-TV,95730.0,517386.0359070301
5254,HGS-TV,95730.0,517446.06456279755
5255,HGS-TV,95730.0,517506.1165213585
5256,HGS-TV,95730.0,517566.1407196522
5257,HGS-TV,95730.0,517626.1869776249
5258,HGS-TV,95730.0,517686.2136068344
5259,HGS-TV,95730.0,517746.2235414982
5260,HGS-TV,95730.0,517843.2914311886
5261,HGS-TV,95730.0,518034.70196700096
5262,HGS-TV,95730.0,518094.72964954376
5263,HGS-TV,95730.0,518154.76180434227
5264,HGS-TV,95730.0,518214.839025259
5265,HGS-TV,95730.0,518274.85002851486
5266,HGS-TV,95730.0,518343.88311958313
5267,HGS-TV,95730.0,518403.93797302246
5268,HGS-TV,95730.0,519733.4340081215
5269,HGS-TV,95730.0,519793.46056079865
5270,HGS-TV,95730.0,519853.4673588276
5271,HGS-TV,95730.0,519913.5323243141
5272,HGS-TV,95730.0,519973.5991473198
5273,ails2_etaMax1.000_stoppingTime864000.00,95748.0,519992.26405004883
5274,HGS-TV,95730.0,520033.6447632313
5275,HGS-TV,95730.0,520103.49453115463
5276,HGS-TV,95730.0,520163.56911706924
5277,HGS-TV,95730.0,520223.62260627747
5278,HGS-TV,95730.0,520283.69646048546
5279,HGS-TV,95730.0,520343.7934834957
5280,HGS-TV,95730.0,520403.84644293785
5281,HGS-TV,95730.0,520463.90944600105
5282,HGS-TV,95730.0,520523.9787545204
5283,HGS-TV,95730.0,520584.01168870926
5284,HGS-TV,95730.0,520662.4139037132
5285,HGS-TV,95730.0,520722.51465415955
5286,HGS-TV,95730.0,520782.5522758961
5287,HGS-TV,95730.0,520842.603751421
5288,HGS-TV,95730.0,520902.66883182526
5289,HGS-TV,95730.0,520962.7294921875
5290,HGS-TV,95730.0,521022.775788784
5291,HGS-TV,95730.0,521082.77991604805
5292,HGS-TV,95730.0,521142.78271245956
5293,HGS-TV,95730.0,521202.8030152321
5294,HGS-TV,95730.0,521262.91343188286
5295,HGS-TV,95730.0,521322.93492650986
5296,HGS-TV,95730.0,521382.9587159157
5297,HGS-TV,95730.0,521443.0037097931
5298,HGS-TV,95730.0,521503.02923965454
5299,HGS-TV,95730.0,521563.08391594887
5300,HGS-TV,95730.0,521623.09924817085
5301,HGS-TV,95730.0,521683.186675787
5302,HGS-TV,95730.0,521743.2807750702
5303,HGS-TV,95730.0,521803.28931188583
5304,HGS-TV,95730.0,521863.3260900974
5305,HGS-TV,95730.0,521923.3386194706
5306,HGS-TV,95730.0,521983.42916202545
5307,HGS-TV,95730.0,523327.5474522114
5308,HGS-TV,95730.0,523387.5500290394
5309,HGS-TV,95730.0,523447.5591304302
5310,HGS-TV,95730.0,523507.63468003273
5311,HGS-TV,95730.0,523567.7346870899
5312,HGS-TV,95730.0,523627.8453540802
5313,HGS-TV,95730.0,523717.45693302155
5314,ails2_etaMax1.000_stoppingTime1728000.00,95964.0,523750.87605004886
5315,HGS-TV,95730.0,523777.5037844181
5316,HGS-TV,95730.0,523837.55558395386
5317,HGS-TV,95730.0,523897.6032924652
5318,HGS-TV,95730.0,523957.62049365044
5319,HGS-TV,95730.0,524017.6446592808
5320,HGS-TV,95730.0,524077.715102911
5321,HGS-TV,95730.0,524221.09032964706
5322,HGS-TV,95730.0,524281.19533371925
5323,HGS-TV,95730.0,524347.9025132656
5324,HGS-TV,95730.0,524407.9515299797
5325,HGS-TV,95730.0,524468.0488276482
5326,HGS-TV,95730.0,524528.0678827763
5327,HGS-TV,95730.0,524588.0793697834
5328,HGS-TV,95730.0,524648.1241874695
5329,HGS-TV,95730.0,524708.1395461559
5330,HGS-TV,95730.0,524768.1507468224
5331,HGS-TV,95730.0,524828.1561965942
5332,HGS-TV,95730.0,524888.207344532
5333,HGS-TV,95730.0,524948.2238841057
5334,HGS-TV,95730.0,525008.2301075459
5335,HGS-TV,95730.0,525068.3271884918
5336,HGS-TV,95730.0,525128.3370335102
5337,HGS-TV,95730.0,525297.0058207512
5338,HGS-TV,95730.0,525400.4970004559
5339,HGS-TV,95730.0,525460.5289669037
5340,HGS-TV,95730.0,525520.5654888153
5341,HGS-TV,95730.0,525580.5837342739
5342,ails2_etaMax1.000_stoppingTime864000.00,95747.0,525900.7570500488
5343,ails2_etaMax1.000_stoppingTime864000.00,95745.0,525901.2590500488
5344,HGS-TV,95730.0,527011.9986958504
5345,HGS-TV,95730.0,527072.1031548977
5346,HGS-TV,95730.0,527132.1193139553
5347,HGS-TV,95730.0,527192.1233332157
5348,HGS-TV,95730.0,527252.1637694836
5349,HGS-TV,95730.0,527312.199557066
5350,HGS-TV,95730.0,527372.2446184158
5351,ails2_etaMax1.000_stoppingTime1728000.00,95953.0,527403.5500500489
5352,HGS-TV,95730.0,527432.2749376297
5353,ails2_etaMax1.000_stoppingTime1728000.00,95940.0,527403.5760500488
5354,HGS-TV,95730.0,527492.3364400864
5355,HGS-TV,95730.0,527552.4127216339
5356,HGS-TV,95730.0,527612.4967374802
5357,HGS-TV,95730.0,527672.5166876316
5358,HGS-TV,95730.0,527743.4157307148
5359,HGS-TV,95730.0,527803.4310612679
5360,HGS-TV,95730.0,527863.4614214897
5361,HGS-TV,95730.0,527923.547842741
5362,HGS-TV,95730.0,527983.5790185928
5363,HGS-TV,95730.0,528043.6168584824
5364,HGS-TV,95730.0,528103.6721832752
5365,HGS-TV,95730.0,528163.6824774742
5366,HGS-TV,95730.0,528223.7442655563
5367,HGS-TV,95730.0,528283.7845654488
5368,HGS-TV,95730.0,528343.8026852608
5369,HGS-TV,95730.0,528403.8070342541
5370,HGS-TV,95730.0,528463.8286738396
5371,HGS-TV,95730.0,528523.8915617466
5372,HGS-TV,95730.0,528583.9363913536
5373,HGS-TV,95730.0,528643.9973478317
5374,HGS-TV,95730.0,528704.0736968517
5375,HGS-TV,95730.0,528764.1451177597
5376,HGS-TV,95730.0,528824.1460545063
5377,HGS-TV,95730.0,528884.1893489361
5378,HGS-TV,95730.0,528944.2832810879
5379,HGS-TV,95730.0,529004.3816387653
5380,HGS-TV,95730.0,529064.3840873241
5381,HGS-TV,95730.0,529135.9118332863
5382,HGS-TV,95730.0,529195.9595324993
5383,HGS-TV,95730.0,530567.1733076572
5384,HGS-TV,95730.0,530627.231467247
5385,HGS-TV,95730.0,530687.290872097
5386,HGS-TV,95730.0,530747.3145849705
5387,HGS-TV,95730.0,530807.381963253
5388,HGS-TV,95730.0,530867.4116191864
5389,HGS-TV,95730.0,530927.5239467621
5390,HGS-TV,95730.0,530987.5572624207
5391,HGS-TV,95730.0,531047.5936295986
5392,HGS-TV,95730.0,531107.6582877636
5393,HGS-TV,95730.0,531192.4680352211
5394,HGS-TV,95730.0,531252.5282900333
5395,HGS-TV,95730.0,531312.5859436989
5396,HGS-TV,95730.0,531372.6800329685
5397,HGS-TV,95730.0,531569.3432219028
5398,HGS-TV,95730.0,531629.3779814243
5399,HGS-TV,95730.0,531689.4825143814
5400,HGS-TV,95730.0,531787.8393421173
5401,HGS-TV,95730.0,531847.8903794289
5402,HGS-TV,95730.0,531907.932299614
5403,HGS-TV,95730.0,531967.947674036
5404,HGS-TV,95730.0,532028.0123486519
5405,HGS-TV,95730.0,532088.0135772228
5406,HGS-TV,95730.0,532148.0662345886
5407,HGS-TV,95730.0,532218.693551302
5408,HGS-TV,95730.0,532278.7036743164
5409,HGS-TV,95730.0,532338.7283778191
5410,HGS-TV,95730.0,532398.8214058876
5411,HGS-TV,95730.0,532458.8701331615
5412,HGS-TV,95730.0,532525.3331561089
5413,HGS-TV,95730.0,532585.4171257019
5414,HGS-TV,95730.0,532645.4541015625
5415,HGS-TV,95730.0,532705.457570076
5416,HGS-TV,95730.0,532765.5860989094
5417,HGS-TV,95730.0,532825.6080963612
5418,ails2_etaMax1.000_stoppingTime864000.00,95744.0,532931.6910500488
5419,HGS-TV,95730.0,534138.9236345291
5420,HGS-TV,95730.0,534198.9389531612
5421,HGS-TV,95730.0,534258.9912557602
5422,HGS-TV,95730.0,534319.0477821827
5423,HGS-TV,95730.0,534379.1284172535
5424,HGS-TV,95730.0,534439.2341406345
5425,HGS-TV,95730.0,534499.2581181526
5426,HGS-TV,95730.0,534559.2958834171
5427,HGS-TV,95730.0,534624.2180113792
5428,HGS-TV,95730.0,534684.3565714359
5429,HGS-TV,95730.0,534744.4411408901
5430,HGS-TV,95730.0,534804.4923260212
5431,HGS-TV,95730.0,534864.5118105412
5432,HGS-TV,95730.0,534924.6463468075
5433,HGS-TV,95730.0,534984.7177314758
5434,HGS-TV,95730.0,535044.7673604488
5435,HGS-TV,95730.0,535104.867938757
5436,HGS-TV,95730.0,535213.7796149254
5437,HGS-TV,95730.0,535273.818739891
5438,HGS-TV,95730.0,535333.8608150482
5439,HGS-TV,95730.0,535393.8799676895
5440,HGS-TV,95730.0,535470.0685315132
5441,HGS-TV,95730.0,535530.1113653183
5442,HGS-TV,95730.0,535590.1478462219
5443,HGS-TV,95730.0,535650.202685833
5444,HGS-TV,95730.0,535725.5620071888
5445,HGS-TV,95730.0,535785.5873353481
5446,HGS-TV,95730.0,535867.8178915977
5447,HGS-TV,95730.0,535933.9837782383
5448,HGS-TV,95730.0,536010.7834966183
5449,HGS-TV,95730.0,536182.3205554485
5450,HGS-TV,95730.0,536290.2123739719
5451,HGS-TV,95730.0,537721.2806372643
5452,HGS-TV,95730.0,537781.4029474258
5453,HGS-TV,95730.0,537841.4122288227
5454,HGS-TV,95730.0,537901.5107769966
5455,HGS-TV,95730.0,537961.6090037823
5456,HGS-TV,95730.0,538021.6807034016
5457,HGS-TV,95730.0,538081.7294549942
5458,HGS-TV,95730.0,538141.769338131
5459,HGS-TV,95730.0,538201.7958981991
5460,HGS-TV,95730.0,538261.8271536827
5461,HGS-TV,95730.0,538321.8863987923
5462,HGS-TV,95730.0,538381.9363937378
5463,HGS-TV,95730.0,538442.0447108746
5464,HGS-TV,95730.0,538502.1022524834
5465,HGS-TV,95730.0,538562.2157728672
5466,HGS-TV,95730.0,538622.2672219276
5467,HGS-TV,95730.0,538682.3428685665
5468,HGS-TV,95730.0,538742.3661592007
5469,HGS-TV,95730.0,538848.7681956291
5470,HGS-TV,95730.0,538908.7883565426
5471,HGS-TV,95730.0,538981.8196611404
5472,HGS-TV,95730.0,539058.3740577698
5473,HGS-TV,95730.0,539118.3767724037
5474,HGS-TV,95730.0,539178.4149723053
5475,HGS-TV,95730.0,539252.2000613213
5476,HGS-TV,95730.0,539312.2531895638
5477,HGS-TV,95730.0,539372.3249394894
5478,HGS-TV,95730.0,539432.3435716629
5479,HGS-TV,95730.0,539492.3944885731
5480,HGS-TV,95730.0,539552.4487886429
5481,HGS-TV,95730.0,539612.4862320423
5482,HGS-TV,95730.0,539672.5198714733
5483,HGS-TV,95730.0,539732.5386147499
5484,HGS-TV,95730.0,539863.4635004997
5485,HGS-TV,95730.0,539923.4696285725
5486,HGS-TV,95730.0,539983.4704108238
5487,HGS-TV,95730.0,541339.6022076607
5488,HGS-TV,95730.0,541399.6541399956
5489,HGS-TV,95730.0,541459.7474634647
5490,HGS-TV,95730.0,541519.8004047871
5491,HGS-TV,95730.0,541579.8477904797
5492,HGS-TV,95730.0,541639.8484413624
5493,HGS-TV,95730.0,541783.3090889454
5494,HGS-TV,95730.0,541843.3751599789
5495,HGS-TV,95730.0,541903.4171721935
5496,HGS-TV,95730.0,541963.442769289
5497,HGS-TV,95730.0,542142.5921323299
5498,HGS-TV,95730.0,542202.6011924744
5499,HGS-TV,95730.0,542262.6799144745
5500,HGS-TV,95730.0,542322.7043235302
5501,HGS-TV,95730.0,542382.7270283699
5502,HGS-TV,95730.0,542442.7563683987
5503,HGS-TV,95730.0,542502.823630333
5504,HGS-TV,95730.0,542562.8764822483
5505,HGS-TV,95730.0,542622.9795849323
5506,HGS-TV,95730.0,542695.7326533794
5507,HGS-TV,95730.0,542755.7377619743
5508,HGS-TV,95730.0,542815.786231041
5509,HGS-TV,95730.0,542875.7915432453
5510,HGS-TV,95730.0,542946.541040659
5511,HGS-TV,95730.0,543006.5443682671
5512,HGS-TV,95730.0,543066.6362433434
5513,HGS-TV,95730.0,543126.6525192261
5514,HGS-TV,95730.0,543186.6997697353
5515,HGS-TV,95730.0,543246.7780714035
5516,HGS-TV,95730.0,543313.9232840538
5517,HGS-TV,95730.0,543385.9908652306
5518,HGS-TV,95730.0,543446.0674095154
5519,HGS-TV,95730.0,543612.5437197685
5520,ails2_etaMax1.000_stoppingTime1728000.00,95928.0,544840.5280500489
5521,ails2_etaMax1.000_stoppingTime1728000.00,95920.0,544840.7300500488
5522,HGS-TV,95730.0,544927.4117295742
5523,HGS-TV,95730.0,544987.447706461
5524,HGS-TV,95730.0,545047.5111830235
5525,HGS-TV,95730.0,545107.5873453617
5526,HGS-TV,95730.0,545187.6701221466
5527,HGS-TV,95730.0,545247.6795642376
5528,HGS-TV,95730.0,545307.7616381645
5529,HGS-TV,95730.0,545367.7694282532
5530,HGS-TV,95730.0,545428.8447294235
5531,HGS-TV,95730.0,545488.9105961323
5532,HGS-TV,95730.0,545548.9197211266
5533,HGS-TV,95730.0,545713.5311543941
5534,HGS-TV,95730.0,545776.9270737171
5535,HGS-TV,95730.0,545836.9591014385
5536,HGS-TV,95730.0,545897.0148169994
5537,HGS-TV,95730.0,545957.0168664455
5538,HGS-TV,95730.0,546017.1715576649
5539,HGS-TV,95730.0,546142.4702382088
5540,HGS-TV,95730.0,546202.5092060566
5541,HGS-TV,95730.0,546262.5202496052
5542,HGS-TV,95730.0,546331.4047436714
5543,HGS-TV,95730.0,546391.4355969429
5544,HGS-TV,95730.0,546451.5157132149
5545,HGS-TV,95730.0,546511.5768096447
5546,HGS-TV,95730.0,546624.2609491348
5547,HGS-TV,95730.0,546684.3526506424
5548,HGS-TV,95730.0,546744.4742741585
5549,HGS-TV,95730.0,546816.0837590694
5550,HGS-TV,95730.0,546876.1508643627
5551,HGS-TV,95730.0,546936.1840009689
5552,HGS-TV,95730.0,547018.1874070168
5553,HGS-TV,95730.0,547095.4646468163
5554,HGS-TV,95730.0,547155.6006155014
5555,HGS-TV,95730.0,547215.6327731609
5556,HGS-TV,95730.0,548567.3396606445
5557,HGS-TV,95730.0,548627.4320912361
5558,HGS-TV,95730.0,548687.4657666683
5559,HGS-TV,95730.0,548747.5518343449
5560,HGS-TV,95730.0,548807.5589945316
5561,HGS-TV,95730.0,548867.5610203743
5562,HGS-TV,95730.0,548927.59882617
5563,HGS-TV,95730.0,548987.7179474831
5564,HGS-TV,95730.0,549047.7822978497
5565,HGS-TV,95730.0,549107.7930560112
5566,HGS-TV,95730.0,549167.8446149826
5567,HGS-TV,95730.0,549227.9036118984
5568,HGS-TV,95730.0,549287.997330904
5569,HGS-TV,95730.0,549348.0315740108
5570,HGS-TV,95730.0,549408.0912246704
5571,HGS-TV,95730.0,549468.1761600971
5572,HGS-TV,95730.0,549528.2682900429
5573,HGS-TV,95730.0,549588.287304163
5574,HGS-TV,95730.0,549648.3294882774
5575,HGS-TV,95730.0,549708.3731427193
5576,HGS-TV,95730.0,549768.5003020763
5577,HGS-TV,95730.0,549828.5740158558
5578,HGS-TV,95730.0,549964.9133572578
5579,HGS-TV,95730.0,550025.0021092892
5580,HGS-TV,95730.0,550085.0173821449
5581,HGS-TV,95730.0,550145.0453665257
5582,HGS-TV,95730.0,550205.0474672318
5583,HGS-TV,95730.0,550267.4552087784
5584,HGS-TV,95730.0,550327.5324130058
5585,HGS-TV,95730.0,550397.5036568642
5586,HGS-TV,95730.0,550471.3436806202
5587,HGS-TV,95730.0,550567.2005171776
5588,HGS-TV,95730.0,550642.8393065929
5589,HGS-TV,95730.0,550702.8403151035
5590,HGS-TV,95730.0,550762.9122684002
5591,HGS-TV,95730.0,550822.9753036499
5592,ails2_etaMax1.000_stoppingTime864000.00,95743.0,551212.9520500489
5593,HGS-TV,95730.0,552083.2089319229
5594,HGS-TV,95730.0,552143.2720637321
5595,HGS-TV,95730.0,552203.3559896946
5596,HGS-TV,95730.0,552263.409121275
5597,HGS-TV,95730.0,552323.5361762047
5598,HGS-TV,95730.0,552383.5528013706
5599,HGS-TV,95730.0,552443.5908415318
5600,HGS-TV,95730.0,552503.7326915264
5601,HGS-TV,95730.0,552563.7737894058
5602,HGS-TV,95730.0,552623.8878545761
5603,HGS-TV,95730.0,552683.9356508255
5604,HGS-TV,95730.0,552743.9496836662
5605,HGS-TV,95730.0,552804.0023641586
5606,HGS-TV,95730.0,552864.081659317
5607,HGS-TV,95730.0,552924.106862545
5608,HGS-TV,95730.0,553002.8548078537
5609,HGS-TV,95730.0,553062.9106407166
5610,HGS-TV,95730.0,553211.9119460583
5611,HGS-TV,95730.0,553318.8110435009
5612,HGS-TV,95730.0,553397.519506216
5613,HGS-TV,95730.0,553457.5548114777
5614,HGS-TV,95730.0,553517.5964460373
5615,HGS-TV,95730.0,553577.6295089722
5616,HGS-TV,95730.0,553637.6515331268
5617,HGS-TV,95730.0,553729.6884968281
5618,HGS-TV,95730.0,553789.7583298683
5619,HGS-TV,95730.0,553849.8206532001
5620,HGS-TV,95730.0,553988.2849578857
5621,HGS-TV,95730.0,554234.8312180042
5622,HGS-TV,95730.0,554294.8744204044
5623,HGS-TV,95730.0,554354.898109436
5624,HGS-TV,95730.0,554414.9508600235
5625,HGS-TV,95730.0,555747.1767988205
5626,HGS-TV,95730.0,555807.1786797047
5627,HGS-TV,95730.0,555867.253809452
5628,HGS-TV,95730.0,555957.0691883564
5629,HGS-TV,95730.0,556017.1290326118
5630,ails2_etaMax1.000_stoppingTime1728000.00,95917.0,556067.6630500489
5631,HGS-TV,95730.0,556077.1396884918
5632,ails2_etaMax1.000_stoppingTime1728000.00,95896.0,556069.1100500488
5633,HGS-TV,95730.0,556137.2399427891
5634,HGS-TV,95730.0,556197.3229403496
5635,HGS-TV,95730.0,556257.442037344
5636,HGS-TV,95730.0,556332.5881471634
5637,HGS-TV,95730.0,556392.6151006222
5638,HGS-TV,95730.0,556452.710406065
5639,HGS-TV,95730.0,556512.7464318275
5640,HGS-TV,95730.0,556572.8094620705
5641,HGS-TV,95730.0,556632.9093334675
5642,HGS-TV,95730.0,556692.9978921413
5643,HGS-TV,95730.0,556753.0302917957
5644,HGS-TV,95730.0,556813.0481834412
5645,HGS-TV,95730.0,556873.0563771725
5646,HGS-TV,95730.0,556933.1279540062
5647,HGS-TV,95730.0,557000.9945447445
5648,HGS-TV,95730.0,557061.0214905739
5649,HGS-TV,95730.0,557121.0529351234
5650,HGS-TV,95730.0,557181.1391193867
5651,HGS-TV,95730.0,557241.2542796135
5652,HGS-TV,95730.0,557301.2842738628
5653,HGS-TV,95730.0,557361.3127791882
5654,HGS-TV,95730.0,557421.3466823101
5655,HGS-TV,95730.0,557481.3506827354
5656,HGS-TV,95730.0,557541.3712732792
5657,HGS-TV,95730.0,557601.4216945171
5658,HGS-TV,95730.0,557661.4651663303
5659,HGS-TV,95730.0,557721.4923522472
5660,HGS-TV,95730.0,557781.5147526264
5661,HGS-TV,95730.0,557841.6229009628
5662,HGS-TV,95730.0,557901.6283996105
5663,HGS-TV,95730.0,557961.6896934509
5664,HGS-TV,95730.0,558021.7349243164
5665,HGS-TV,95730.0,559305.4112613201
5666,HGS-TV,95730.0,559365.4200251102
5667,HGS-TV,95730.0,559425.4768712521
5668,HGS-TV,95730.0,559485.5596129894
5669,HGS-TV,95730.0,559545.5851435661
5670,HGS-TV,95730.0,559605.6592690945
5671,HGS-TV,95730.0,559665.6921646595
5672,HGS-TV,95730.0,559725.701988697
5673,HGS-TV,95730.0,559785.8258740902
5674,HGS-TV,95730.0,559845.8358361721
5675,HGS-TV,95730.0,559905.8946220875
5676,HGS-TV,95730.0,559965.9783389568
5677,HGS-TV,95730.0,560026.0688238144
5678,HGS-TV,95730.0,560086.0706651211
5679,HGS-TV,95730.0,560146.1005208492
5680,HGS-TV,95730.0,560206.1714773178
5681,HGS-TV,95730.0,560266.2405219078
5682,HGS-TV,95730.0,560326.3019146919
5683,HGS-TV,95730.0,560386.4062883854
5684,HGS-TV,95730.0,560446.4694545269
5685,HGS-TV,95730.0,560538.6667323112
5686,HGS-TV,95730.0,560622.4455404282
5687,HGS-TV,95730.0,560682.5177195072
5688,HGS-TV,95730.0,560759.6995944977
5689,HGS-TV,95730.0,560854.4569802284
5690,HGS-TV,95730.0,560914.4764211178
5691,HGS-TV,95730.0,560974.5173742771
5692,HGS-TV,95730.0,561034.5890419483
5693,HGS-TV,95730.0,561094.6517138481
5694,HGS-TV,95730.0,561154.7051827908
5695,HGS-TV,95730.0,561214.7489404678
5696,HGS-TV,95730.0,561274.8177158833
5697,HGS-TV,95730.0,561361.6941947937
5698,HGS-TV,95730.0,561463.2620284557
5699,HGS-TV,95730.0,561523.3386089802
5700,HGS-TV,95730.0,561583.3405292034
5701,HGS-TV,95730.0,562932.7953717709
5702,HGS-TV,95730.0,562992.8239648342
5703,HGS-TV,95730.0,563052.8975877762
5704,HGS-TV,95730.0,563112.9110999107
5705,HGS-TV,95730.0,563172.9785037041
5706,HGS-TV,95730.0,563233.0175364017
5707,HGS-TV,95730.0,563293.0388231277
5708,HGS-TV,95730.0,563353.1137945652
5709,HGS-TV,95730.0,563413.2009320259
5710,HGS-TV,95730.0,563473.2201173306
5711,HGS-TV,95730.0,563533.252109766
5712,HGS-TV,95730.0,563593.3164641857
5713,HGS-TV,95730.0,563653.3472216129
5714,HGS-TV,95730.0,563713.3771348
5715,HGS-TV,95730.0,563773.4340112209
5716,HGS-TV,95730.0,563833.5122601986
5717,HGS-TV,95730.0,563893.5228931904
5718,HGS-TV,95730.0,563953.5648210049
5719,HGS-TV,95730.0,564013.567511797
5720,HGS-TV,95730.0,564149.5844995975
5721,HGS-TV,95730.0,564209.6886940002
5722,HGS-TV,95730.0,564269.7983422279
5723,HGS-TV,95730.0,564329.8480298519
5724,HGS-TV,95730.0,564389.9122714996
5725,HGS-TV,95730.0,564449.9900457859
5726,HGS-TV,95730.0,564534.6761558056
5727,HGS-TV,95730.0,564594.7152996063
5728,HGS-TV,95730.0,564741.0817153454
5729,HGS-TV,95730.0,564801.096944809
5730,HGS-TV,95730.0,564920.4356524944
5731,HGS-TV,95730.0,564980.4987251759
5732,HGS-TV,95730.0,565040.5014266968
5733,HGS-TV,95730.0,565100.5363543034
5734,HGS-TV,95730.0,565160.5524384975
5735,HGS-TV,95730.0,565220.6068894863
5736,HGS-TV,95730.0,566602.0039541721
5737,HGS-TV,95730.0,566662.1238033772
5738,HGS-TV,95730.0,566722.1845002174
5739,HGS-TV,95730.0,566782.1949462891
5740,HGS-TV,95730.0,566842.2332270145
5741,HGS-TV,95730.0,566902.3954353333
5742,HGS-TV,95730.0,566993.6082127094
5743,HGS-TV,95730.0,567053.7396109104
5744,HGS-TV,95730.0,567113.8019320965
5745,HGS-TV,95730.0,567173.8129632473
5746,HGS-TV,95730.0,567233.9027571678
5747,HGS-TV,95730.0,567293.9762227535
5748,HGS-TV,95730.0,567354.0327682495
5749,HGS-TV,95730.0,567414.0746014118
5750,HGS-TV,95730.0,567474.1728727818
5751,HGS-TV,95730.0,567534.2440390587
5752,HGS-TV,95730.0,567594.3052825928
5753,HGS-TV,95730.0,567699.9424581528
5754,HGS-TV,95730.0,567760.0007977486
5755,HGS-TV,95730.0,567820.0234539509
5756,HGS-TV,95730.0,567880.1301436424
5757,HGS-TV,95730.0,567940.234278202
5758,HGS-TV,95730.0,568000.2891874313
5759,HGS-TV,95730.0,568060.3137583733
5760,HGS-TV,95730.0,568120.3837022781
5761,HGS-TV,95730.0,568180.4012594223
5762,HGS-TV,95730.0,568240.4788088799
5763,HGS-TV,95730.0,568300.5645098686
5764,HGS-TV,95730.0,568360.645765543
5765,HGS-TV,95730.0,568420.7012169361
5766,HGS-TV,95730.0,568480.7545433044
5767,HGS-TV,95730.0,568551.9786205292
5768,HGS-TV,95730.0,568612.0339665413
5769,HGS-TV,95730.0,568672.1186351776
5770,HGS-TV,95730.0,568732.1214139462
5771,HGS-TV,95730.0,568798.1542570591
5772,ails2_etaMax1.000_stoppingTime864000.00,95742.0,569302.8730500488
5773,HGS-TV,95730.0,570182.0781304836
5774,HGS-TV,95730.0,570242.1640110016
5775,HGS-TV,95730.0,570302.2369372845
5776,HGS-TV,95730.0,570362.265327692
5777,HGS-TV,95730.0,570422.2655010223
5778,HGS-TV,95730.0,570482.3334624767
5779,HGS-TV,95730.0,570542.4036946297
5780,HGS-TV,95730.0,570602.4111144543
5781,HGS-TV,95730.0,570662.4400897026
5782,HGS-TV,95730.0,570722.4412925243
5783,HGS-TV,95730.0,570782.4691329002
5784,HGS-TV,95730.0,570842.4703891277
5785,HGS-TV,95730.0,570902.574981451
5786,HGS-TV,95730.0,570962.6202828884
5787,HGS-TV,95730.0,571022.6690936089
5788,HGS-TV,95730.0,571082.6779310703
5789,HGS-TV,95730.0,571142.684895277
5790,HGS-TV,95730.0,571202.7373104095
5791,HGS-TV,95730.0,571262.7754149437
5792,HGS-TV,95730.0,571322.8732488155
5793,HGS-TV,95730.0,571405.7222607136
5794,HGS-TV,95730.0,571495.9700522423
5795,HGS-TV,95730.0,571556.0055954456
5796,HGS-TV,95730.0,571616.012819767
5797,HGS-TV,95730.0,571676.0687038898
5798,HGS-TV,95730.0,571736.0833165646
5799,HGS-TV,95730.0,571796.4550366402
5800,HGS-TV,95730.0,571856.5425510406
5801,HGS-TV,95730.0,571916.5464448929
5802,HGS-TV,95730.0,571976.5860319138
5803,HGS-TV,95730.0,572036.601288557
5804,HGS-TV,95730.0,572096.6563823223
5805,HGS-TV,95730.0,572156.7211229801
5806,HGS-TV,95730.0,572216.7307515144
5807,HGS-TV,95730.0,572277.1834168434
5808,HGS-TV,95730.0,572337.2241487503
5809,HGS-TV,95730.0,572397.2775681019
5810,HGS-TV,95730.0,573694.4479446411
5811,HGS-TV,95730.0,573754.5336949825
5812,HGS-TV,95730.0,573814.5516092777
5813,HGS-TV,95730.0,573874.6330928802
5814,HGS-TV,95730.0,573934.668620348
5815,HGS-TV,95730.0,573994.7898094654
5816,HGS-TV,95730.0,574054.9251134396
5817,HGS-TV,95730.0,574115.0021777153
5818,HGS-TV,95730.0,574175.0403881073
5819,HGS-TV,95730.0,574235.0506272316
5820,HGS-TV,95730.0,574316.0207161903
5821,HGS-TV,95730.0,574376.0561292171
5822,HGS-TV,95730.0,574436.1304364204
5823,HGS-TV,95730.0,574496.1852500439
5824,HGS-TV,95730.0,574556.2804465294
5825,HGS-TV,95730.0,574616.2828223705
5826,HGS-TV,95730.0,574676.3960008621
5827,HGS-TV,95730.0,574736.4599494934
5828,HGS-TV,95730.0,574796.4707832336
5829,HGS-TV,95730.0,574856.5156104565
5830,HGS-TV,95730.0,574916.5311229229
5831,HGS-TV,95730.0,574976.5953073502
5832,HGS-TV,95730.0,575295.9192306995
5833,HGS-TV,95730.0,575355.9969043732
5834,HGS-TV,95730.0,575486.0421080589
5835,HGS-TV,95730.0,575600.1092019081
5836,HGS-TV,95730.0,575718.6439185143
5837,HGS-TV,95730.0,575820.2209215164
5838,HGS-TV,95730.0,575880.2910046577
5839,HGS-TV,95730.0,575940.3361928463
5840,HGS-TV,95730.0,576006.4942429066
5841,ails2_etaMax1.000_stoppingTime1728000.00,95893.0,576737.1120500488
5842,ails2_etaMax1.000_stoppingTime1728000.00,95833.0,576750.6260500489
5843,HGS-TV,95730.0,577360.4781475067
5844,HGS-TV,95730.0,577420.5623157024
5845,HGS-TV,95730.0,577480.641812563
5846,HGS-TV,95730.0,577540.6774535179
5847,HGS-TV,95730.0,577600.70236516
5848,HGS-TV,95730.0,577660.8182184696
5849,HGS-TV,95730.0,577720.8393332958
5850,HGS-TV,95730.0,577780.922996521
5851,HGS-TV,95730.0,577840.9454958439
5852,HGS-TV,95730.0,577902.2351839542
5853,HGS-TV,95730.0,577962.2911965847
5854,HGS-TV,95730.0,578022.3721163273
5855,HGS-TV,95730.0,578082.3727591038
5856,HGS-TV,95730.0,578142.4182672501
5857,HGS-TV,95730.0,578202.4873552322
5858,HGS-TV,95730.0,578262.581880331
5859,HGS-TV,95730.0,578344.5388531685
5860,HGS-TV,95730.0,578598.7872750759
5861,HGS-TV,95730.0,578719.6599652767
5862,HGS-TV,95730.0,578779.7117187977
5863,HGS-TV,95730.0,578839.7411909103
5864,HGS-TV,95730.0,578966.620467186
5865,HGS-TV,95730.0,579045.3535711765
5866,HGS-TV,95730.0,579119.619935751
5867,HGS-TV,95730.0,579179.6620180607
5868,HGS-TV,95730.0,579239.726804018
5869,HGS-TV,95730.0,579367.5551245213
5870,HGS-TV,95730.0,579442.6535623074
5871,ails2_etaMax0.005_stoppingTime86400.00,95729.0,579453.3400500488
5872,HGS-TV,95730.0,579502.7091081142
5873,HGS-TV,95730.0,579562.7416763306
5874,HGS-TV,95730.0,579622.7787396908
5875,ails2_etaMax0.020_stoppingTime86400.00,95728.0,580023.4060500489
5876,ails2_etaMax0.020_stoppingTime86400.00,95727.0,580417.3570500489
5877,HGS-TV,95729.0,580948.9516904354
5878,HGS-TV,95729.0,581009.0440590382
5879,HGS-TV,95729.0,581069.0932834148
5880,HGS-TV,95729.0,581129.1259026527
5881,HGS-TV,95729.0,581189.2135677338
5882,HGS-TV,95729.0,581249.3514413834
5883,HGS-TV,95729.0,581309.4144556522
5884,HGS-TV,95729.0,581369.4540674686
5885,HGS-TV,95729.0,581429.4568681717
5886,HGS-TV,95729.0,581489.497140646
5887,HGS-TV,95729.0,581549.5719738007
5888,HGS-TV,95729.0,581609.6781945229
5889,HGS-TV,95729.0,581669.6888582706
5890,HGS-TV,95729.0,581751.219378233
5891,HGS-TV,95729.0,581811.2817237377
5892,HGS-TV,95729.0,581871.2992377281
5893,HGS-TV,95729.0,581931.3006391525
5894,HGS-TV,95729.0,582003.3599011898
5895,HGS-TV,95729.0,582063.4804923534
5896,HGS-TV,95729.0,582123.5495786667
5897,HGS-TV,95729.0,582183.5939359665
5898,HGS-TV,95729.0,582243.655413866
5899,HGS-TV,95729.0,582303.7651340961
5900,HGS-TV,95729.0,582363.8316855431
5901,HGS-TV,95729.0,582423.9420537949
5902,HGS-TV,95729.0,582483.9878706932
5903,HGS-TV,95729.0,582543.9887382984
5904,HGS-TV,95729.0,582604.0364129543
5905,HGS-TV,95729.0,582664.0426650047
5906,HGS-TV,95729.0,582724.0778298378
5907,HGS-TV,95729.0,582784.1242954731
5908,HGS-TV,95729.0,582844.1677017212
5909,HGS-TV,95729.0,582904.2340381145
5910,HGS-TV,95729.0,582964.3279139996
5911,HGS-TV,95729.0,583024.3414435387
5912,HGS-TV,95729.0,583084.3424065113
5913,HGS-TV,95729.0,583144.3815815449
5914,HGS-TV,95729.0,583204.458463192
5915,ails2_etaMax0.005_stoppingTime86400.00,95726.0,583406.5070500488
5916,ails2_etaMax0.005_stoppingTime86400.00,95724.0,583441.7540500489
5917,HGS-TV,95725.0,583514.6940016747
5918,ails2_etaMax0.005_stoppingTime86400.00,95722.0,583475.3050500489
5919,HGS-TV,95724.0,583659.0844833851
5920,HGS-TV,95723.0,584037.0648896694
5921,HGS-TV,95722.0,584097.121114254
5922,HGS-TV,95722.0,585278.5757365227
5923,HGS-TV,95722.0,585338.5862190723
5924,HGS-TV,95722.0,585398.6380262375
5925,HGS-TV,95722.0,585458.6900486946
5926,HGS-TV,95722.0,585518.8250772953
5927,HGS-TV,95722.0,585578.9759733677
5928,HGS-TV,95722.0,585639.1018755436
5929,HGS-TV,95722.0,585699.2000112534
5930,HGS-TV,95722.0,585759.2029979229
5931,HGS-TV,95722.0,585819.2035217285
5932,HGS-TV,95722.0,585917.1030654907
5933,HGS-TV,95722.0,585977.1321117878
5934,HGS-TV,95722.0,586037.228931427
5935,HGS-TV,95722.0,586097.2825641632
5936,HGS-TV,95722.0,586157.3311970234
5937,HGS-TV,95722.0,586217.3769972324
5938,HGS-TV,95722.0,586277.4030017853
5939,HGS-TV,95722.0,586337.4150407314
5940,HGS-TV,95722.0,586397.4376358986
5941,HGS-TV,95722.0,586556.2181186676
5942,HGS-TV,95722.0,586616.2405974865
5943,HGS-TV,95722.0,586676.3671402931
5944,HGS-TV,95722.0,586806.8831133842
5945,HGS-TV,95722.0,588117.1292407513
5946,HGS-TV,95722.0,588177.1640417576
5947,HGS-TV,95722.0,588237.2718770504
5948,HGS-TV,95722.0,588297.342156887
5949,HGS-TV,95722.0,588357.3502361774
5950,HGS-TV,95722.0,588417.4320018291
5951,HGS-TV,95722.0,588477.494982481
5952,HGS-TV,95722.0,588537.5441162586
5953,HGS-TV,95722.0,588597.5532968044
5954,HGS-TV,95722.0,588657.680877924
5955,HGS-TV,95722.0,588717.7471659184
5956,HGS-TV,95722.0,588777.7724590302
5957,HGS-TV,95722.0,588837.8267235756
5958,HGS-TV,95722.0,588897.856054306
5959,HGS-TV,95722.0,588957.9270720482
5960,HGS-TV,95722.0,589018.9891765118
5961,HGS-TV,95722.0,589079.0800004005
5962,HGS-TV,95722.0,589139.1472792625
5963,HGS-TV,95722.0,589199.1562998295
5964,HGS-TV,95722.0,589259.2715239525
5965,HGS-TV,95722.0,589349.3155286312
5966,HGS-TV,95722.0,589409.3171677589
5967,HGS-TV,95722.0,589469.3714375496
5968,HGS-TV,95722.0,589529.4392032623
5969,HGS-TV,95722.0,589603.6641263962
5970,HGS-TV,95722.0,589663.6698133945
5971,HGS-TV,95722.0,589823.1905491352
5972,HGS-TV,95722.0,589883.2013115883
5973,HGS-TV,95722.0,589943.218403101
5974,HGS-TV,95722.0,590005.589420557
5975,HGS-TV,95722.0,590065.648730278
5976,HGS-TV,95722.0,590125.7320713997
5977,HGS-TV,95722.0,590185.7549815178
5978,HGS-TV,95722.0,590245.9078242779
5979,HGS-TV,95722.0,590305.984525919
5980,HGS-TV,95722.0,590366.0502934456
5981,HGS-TV,95722.0,590426.0660007
5982,HGS-TV,95722.0,591780.3476600647
5983,HGS-TV,95722.0,591840.3899834156
5984,HGS-TV,95722.0,591900.405727148
5985,HGS-TV,95722.0,591960.4569475651
5986,HGS-TV,95722.0,592020.5481345654
5987,HGS-TV,95722.0,592080.6008279324
5988,HGS-TV,95722.0,592140.640196085
5989,HGS-TV,95722.0,592200.6952812672
5990,HGS-TV,95722.0,592260.7185695171
5991,HGS-TV,95722.0,592320.8137719631
5992,HGS-TV,95722.0,592380.8413500786
5993,HGS-TV,95722.0,592440.9011468887
5994,HGS-TV,95722.0,592500.9210960865
5995,HGS-TV,95722.0,592560.9863955975
5996,HGS-TV,95722.0,592621.0306859016
5997,HGS-TV,95722.0,592681.0499582291
5998,HGS-TV,95722.0,592741.050955534
5999,HGS-TV,95722.0,592801.1310737133
6000,HGS-TV,95722.0,592861.138217926
6001,HGS-TV,95722.0,592921.153128624
6002,HGS-TV,95722.0,592981.1909735203
6003,HGS-TV,95722.0,593041.2271609306
6004,HGS-TV,95722.0,593101.2348546982
6005,HGS-TV,95722.0,593324.6882843971
6006,HGS-TV,95722.0,593488.3003127575
6007,HGS-TV,95722.0,593681.7366321087
6008,HGS-TV,95722.0,593816.2017655373
6009,HGS-TV,95722.0,593876.2377238274
6010,HGS-TV,95722.0,593936.2868278027
6011,HGS-TV,95722.0,593996.3294584751
6012,HGS-TV,95722.0,595395.2125189304
6013,HGS-TV,95722.0,595455.2898900509
6014,HGS-TV,95722.0,595515.3478193283
6015,HGS-TV,95722.0,595575.3508930206
6016,HGS-TV,95722.0,595635.4569876194
6017,HGS-TV,95722.0,595695.5198531151
6018,HGS-TV,95722.0,595755.6453406811
6019,HGS-TV,95722.0,595815.7146747112
6020,HGS-TV,95722.0,595875.7894601822
6021,HGS-TV,95722.0,595935.7929339409
6022,HGS-TV,95722.0,595995.809035778
6023,HGS-TV,95722.0,596076.8248858452
6024,HGS-TV,95722.0,596136.8650202751
6025,HGS-TV,95722.0,596196.8995800018
6026,HGS-TV,95722.0,596256.9299254417
6027,HGS-TV,95722.0,596316.9475433826
6028,HGS-TV,95722.0,596376.986250639
6029,HGS-TV,95722.0,596437.010535717
6030,HGS-TV,95722.0,596497.0725140572
6031,HGS-TV,95722.0,596557.1531999111
6032,HGS-TV,95722.0,596617.2420020103
6033,HGS-TV,95722.0,596677.2791638374
6034,HGS-TV,95722.0,596737.3161637783
6035,HGS-TV,95722.0,596797.3542664051
6036,HGS-TV,95722.0,596857.3782618046
6037,HGS-TV,95722.0,596917.4339334965
6038,HGS-TV,95722.0,596977.4382865429
6039,HGS-TV,95722.0,597037.4642744064
6040,HGS-TV,95722.0,597106.1942596436
6041,HGS-TV,95722.0,597166.2913150787
6042,HGS-TV,95722.0,597226.3355879784
6043,HGS-TV,95722.0,597286.3875603676
6044,HGS-TV,95722.0,597365.0715367794
6045,HGS-TV,95722.0,597425.1207871437
6046,HGS-TV,95722.0,597485.1523914337
6047,HGS-TV,95722.0,597564.8369064331
6048,HGS-TV,95722.0,597624.8692731857
6049,HGS-TV,95722.0,598942.8496620655
6050,HGS-TV,95722.0,599002.9463965893
6051,HGS-TV,95722.0,599063.0705389977
6052,HGS-TV,95722.0,599123.1261644363
6053,HGS-TV,95722.0,599183.1744971275
6054,HGS-TV,95722.0,599243.1923487186
6055,HGS-TV,95722.0,599303.2506358624
6056,HGS-TV,95722.0,599363.2939047813
6057,HGS-TV,95722.0,599442.2776894569
6058,HGS-TV,95722.0,599518.0526525974
6059,HGS-TV,95722.0,599578.0885174274
6060,HGS-TV,95722.0,599641.5850169659
6061,HGS-TV,95722.0,599702.5568130016
6062,HGS-TV,95722.0,599792.2146615982
6063,HGS-TV,95722.0,599852.2721655369
6064,HGS-TV,95722.0,599912.3338944912
6065,HGS-TV,95722.0,599972.3507168293
6066,HGS-TV,95722.0,600134.6717467308
6067,HGS-TV,95722.0,600194.7253055573
6068,HGS-TV,95722.0,600254.7979764938
6069,HGS-TV,95722.0,600412.5935094357
6070,HGS-TV,95722.0,600472.7035617828
6071,HGS-TV,95722.0,600532.7463605404
6072,HGS-TV,95722.0,600592.7722346783
6073,HGS-TV,95722.0,600652.7938616276
6074,HGS-TV,95722.0,600712.8150987625
6075,HGS-TV,95722.0,600772.8272616863
6076,HGS-TV,95722.0,600832.8442413807
6077,HGS-TV,95722.0,601016.8675134182
6078,HGS-TV,95722.0,601076.8890507221
6079,HGS-TV,95722.0,601137.1355836391
6080,HGS-TV,95722.0,601197.2025649548
6081,HGS-TV,95722.0,602590.653182745
6082,HGS-TV,95722.0,602650.7168672085
6083,HGS-TV,95722.0,602710.7799546719
6084,HGS-TV,95722.0,602770.8869771957
6085,HGS-TV,95722.0,602830.9306457043
6086,HGS-TV,95722.0,602918.9093282223
6087,HGS-TV,95722.0,602978.9631967545
6088,HGS-TV,95722.0,603039.0083522797
6089,HGS-TV,95722.0,603099.0844128132
6090,HGS-TV,95722.0,603159.1741268635
6091,HGS-TV,95722.0,603219.1751096249
6092,HGS-TV,95722.0,603279.2472989559
6093,HGS-TV,95722.0,603339.292642355
6094,HGS-TV,95722.0,603399.3089880943
6095,HGS-TV,95722.0,603459.3503952026
6096,HGS-TV,95722.0,603534.7294750214
6097,HGS-TV,95722.0,603594.8260397911
6098,HGS-TV,95722.0,603654.9548025131
6099,HGS-TV,95722.0,603715.0249304771
6100,HGS-TV,95722.0,603775.0328712463
6101,HGS-TV,95722.0,603835.074516058
6102,HGS-TV,95722.0,603895.107571125
6103,HGS-TV,95722.0,603955.1862061024
6104,HGS-TV,95722.0,604015.2634711266
6105,HGS-TV,95722.0,604075.3409729004
6106,HGS-TV,95722.0,604135.4138727188
6107,HGS-TV,95722.0,604195.4212002754
6108,HGS-TV,95722.0,604255.4885377884
6109,HGS-TV,95722.0,604315.5332102776
6110,HGS-TV,95722.0,604397.670848608
6111,HGS-TV,95722.0,604468.7606759071
6112,HGS-TV,95722.0,604528.8255002499
6113,HGS-TV,95722.0,604588.9176263809
6114,HGS-TV,95722.0,604649.0703396797
6115,HGS-TV,95722.0,604709.166302681
6116,HGS-TV,95722.0,604769.1952726841
6117,HGS-TV,95722.0,604829.2632873058
6118,HGS-TV,95722.0,606150.4284572601
6119,HGS-TV,95722.0,606210.4376542568
6120,HGS-TV,95722.0,606270.4596722126
6121,HGS-TV,95722.0,606330.5266671181
6122,HGS-TV,95722.0,606390.592048645
6123,HGS-TV,95722.0,606450.6957612038
6124,HGS-TV,95722.0,606510.7746055126
6125,HGS-TV,95722.0,606570.8354411125
6126,HGS-TV,95722.0,606702.5140151978
6127,HGS-TV,95722.0,606762.5477516651
6128,HGS-TV,95722.0,606822.552353859
6129,HGS-TV,95722.0,606969.5975778103
6130,HGS-TV,95722.0,607029.6723823547
6131,HGS-TV,95722.0,607214.988550663
6132,HGS-TV,95722.0,607275.0743794441
6133,HGS-TV,95722.0,607346.7599573135
6134,HGS-TV,95722.0,607406.796779871
6135,HGS-TV,95722.0,607466.8189492226
6136,HGS-TV,95722.0,607554.9034318924
6137,HGS-TV,95722.0,607614.9799411297
6138,HGS-TV,95722.0,607675.0628147125
6139,HGS-TV,95722.0,607735.0813968182
6140,HGS-TV,95722.0,607795.0927679539
6141,HGS-TV,95722.0,607855.1588382721
6142,HGS-TV,95722.0,607970.4853260517
6143,HGS-TV,95722.0,608036.3567931652
6144,HGS-TV,95722.0,608245.8330104351
6145,HGS-TV,95722.0,608305.845798254
6146,HGS-TV,95722.0,608365.8468947411
6147,HGS-TV,95722.0,608425.8691990376
6148,HGS-TV,95722.0,609776.7332794666
6149,HGS-TV,95722.0,609836.8401267529
6150,HGS-TV,95722.0,609896.973818779
6151,HGS-TV,95722.0,609957.032670021
6152,HGS-TV,95722.0,610017.0349929333
6153,HGS-TV,95722.0,610077.0531659126
6154,HGS-TV,95722.0,610137.0642774105
6155,HGS-TV,95722.0,610197.090464592
6156,HGS-TV,95722.0,610265.3012664318
6157,HGS-TV,95722.0,610325.3298692703
6158,HGS-TV,95722.0,610385.3893597126
6159,HGS-TV,95722.0,610445.4088907242
6160,HGS-TV,95722.0,610505.4940667152
6161,HGS-TV,95722.0,610614.6075212955
6162,HGS-TV,95722.0,610815.3301594257
6163,HGS-TV,95722.0,610875.4311990738
6164,HGS-TV,95722.0,610998.2496032715
6165,HGS-TV,95722.0,611058.3097615242
6166,HGS-TV,95722.0,611118.4180777073
6167,HGS-TV,95722.0,611178.4642577171
6168,HGS-TV,95722.0,611238.5042564869
6169,HGS-TV,95722.0,611298.5083630085
6170,HGS-TV,95722.0,611358.570731163
6171,HGS-TV,95722.0,611418.6641788483
6172,HGS-TV,95722.0,611501.2212941647
6173,HGS-TV,95722.0,611561.2248718739
6174,HGS-TV,95722.0,611652.8710181713
6175,HGS-TV,95722.0,611921.7998642921
6176,HGS-TV,95722.0,611990.2155637741
6177,HGS-TV,95722.0,613312.2616276741
6178,HGS-TV,95722.0,613372.2627482414
6179,HGS-TV,95722.0,613432.3250744343
6180,HGS-TV,95722.0,613492.394724369
6181,HGS-TV,95722.0,613552.4944121838
6182,HGS-TV,95722.0,613635.5436506271
6183,HGS-TV,95722.0,613698.8526675701
6184,HGS-TV,95722.0,613758.9726893902
6185,HGS-TV,95722.0,613819.0401406288
6186,HGS-TV,95722.0,613879.0891637802
6187,HGS-TV,95722.0,613939.141679287
6188,HGS-TV,95722.0,613999.2105779648
6189,HGS-TV,95722.0,614059.2697591782
6190,HGS-TV,95722.0,614119.3671588898
6191,HGS-TV,95722.0,614179.4186096191
6192,HGS-TV,95722.0,614262.0827503204
6193,HGS-TV,95722.0,614322.087624073
6194,HGS-TV,95722.0,614382.1079499722
6195,HGS-TV,95722.0,614442.1178505421
6196,HGS-TV,95722.0,614502.1944553852
6197,HGS-TV,95722.0,614562.2893438339
6198,HGS-TV,95722.0,614622.3087468147
6199,HGS-TV,95722.0,614682.3377542496
6200,HGS-TV,95722.0,614749.2297298908
6201,HGS-TV,95722.0,614809.2359757423
6202,HGS-TV,95722.0,614880.0814826488
6203,HGS-TV,95722.0,614940.0961508751
6204,HGS-TV,95722.0,615043.7467038631
6205,HGS-TV,95722.0,615103.8268418312
6206,HGS-TV,95722.0,615209.5650515556
6207,HGS-TV,95722.0,615336.7574236393
6208,HGS-TV,95722.0,615396.8287744522
6209,HGS-TV,95722.0,615456.8594799042
6210,HGS-TV,95722.0,615516.939560175
6211,HGS-TV,95722.0,616950.6353728771
6212,HGS-TV,95722.0,617010.676769495
6213,HGS-TV,95722.0,617070.7767190933
6214,HGS-TV,95722.0,617130.8524255753
6215,HGS-TV,95722.0,617190.8585014343
6216,HGS-TV,95722.0,617250.939340353
6217,HGS-TV,95722.0,617310.982878685
6218,HGS-TV,95722.0,617371.0064201355
6219,HGS-TV,95722.0,617431.0983138084
6220,HGS-TV,95722.0,617513.4525303841
6221,HGS-TV,95722.0,617573.5254740715
6222,HGS-TV,95722.0,617694.4319348335
6223,HGS-TV,95722.0,617754.4860925674
6224,HGS-TV,95722.0,617814.5010404587
6225,HGS-TV,95722.0,617874.5845794678
6226,HGS-TV,95722.0,617934.6015360355
6227,HGS-TV,95722.0,617994.6181702614
6228,HGS-TV,95722.0,618054.6605613232
6229,HGS-TV,95722.0,618114.6646225452
6230,HGS-TV,95722.0,618174.7006845474
6231,HGS-TV,95722.0,618234.8041880131
6232,HGS-TV,95722.0,618294.9444637299
6233,HGS-TV,95722.0,618355.080893755
6234,HGS-TV,95722.0,618415.1315324306
6235,HGS-TV,95722.0,618475.2211120129
6236,HGS-TV,95722.0,618535.2270195484
6237,HGS-TV,95722.0,618672.1600091457
6238,HGS-TV,95722.0,618732.248714447
6239,HGS-TV,95722.0,618792.3090112209
6240,HGS-TV,95722.0,618852.3384702206
6241,HGS-TV,95722.0,618912.3700911999
6242,HGS-TV,95722.0,618990.2631082535
6243,HGS-TV,95722.0,619195.5831441879
6244,HGS-TV,95722.0,620502.6553153992
6245,HGS-TV,95722.0,620562.7447912693
6246,HGS-TV,95722.0,620650.2829611301
6247,HGS-TV,95722.0,620710.333770752
6248,HGS-TV,95722.0,620770.396876812
6249,HGS-TV,95722.0,620830.4830346107
6250,HGS-TV,95722.0,620890.6137604713
6251,HGS-TV,95722.0,620950.6496105194
6252,HGS-TV,95722.0,621010.6499464512
6253,HGS-TV,95722.0,621070.6910533905
6254,HGS-TV,95722.0,621130.7736370564
6255,HGS-TV,95722.0,621190.7794511318
6256,HGS-TV,95722.0,621250.8064246178
6257,HGS-TV,95722.0,621310.8762078285
6258,HGS-TV,95722.0,621370.9061596394
6259,HGS-TV,95722.0,621430.9761240482
6260,HGS-TV,95722.0,621491.0429928303
6261,HGS-TV,95722.0,621551.1131951809
6262,HGS-TV,95722.0,621611.1848158836
6263,HGS-TV,95722.0,621671.248544693
6264,HGS-TV,95722.0,621731.3440585136
6265,HGS-TV,95722.0,621912.9726679325
6266,HGS-TV,95722.0,621972.9810726643
6267,HGS-TV,95722.0,622033.0006756783
6268,HGS-TV,95722.0,622093.0196506977
6269,HGS-TV,95722.0,622153.0412225723
6270,HGS-TV,95722.0,622213.1022548676
6271,HGS-TV,95722.0,622279.8294126987
6272,HGS-TV,95722.0,622339.8402051926
6273,HGS-TV,95722.0,622399.9016578197
6274,HGS-TV,95722.0,622459.9227557182
6275,HGS-TV,95722.0,622519.9714488983
6276,HGS-TV,95722.0,622626.6862397194
6277,HGS-TV,95722.0,622709.119146347
6278,HGS-TV,95722.0,622769.1534121037
6279,HGS-TV,95722.0,622829.2545440197
6280,HGS-TV,95722.0,624178.804322958
6281,HGS-TV,95722.0,624238.8893013
6282,HGS-TV,95722.0,624298.925899744
6283,HGS-TV,95722.0,624359.005179882
6284,HGS-TV,95722.0,624419.0874421597
6285,HGS-TV,95722.0,624479.2053513527
6286,HGS-TV,95722.0,624539.2120854855
6287,HGS-TV,95722.0,624599.2142424583
6288,HGS-TV,95722.0,624659.2245988846
6289,HGS-TV,95722.0,624719.2499475479
6290,HGS-TV,95722.0,624873.5479369164
6291,HGS-TV,95722.0,624933.6801567078
6292,HGS-TV,95722.0,624995.6753492355
6293,HGS-TV,95722.0,625055.7708296776
6294,HGS-TV,95722.0,625115.785825491
6295,HGS-TV,95722.0,625175.837066412
6296,HGS-TV,95722.0,625235.9040222168
6297,HGS-TV,95722.0,625347.2755942345
6298,HGS-TV,95722.0,625527.1907770634
6299,HGS-TV,95722.0,625669.3934621811
6300,HGS-TV,95722.0,625744.9021155834
6301,HGS-TV,95722.0,625849.1727604866
6302,HGS-TV,95722.0,625909.1901538372
6303,HGS-TV,95722.0,626105.6063690186
6304,HGS-TV,95722.0,626237.8260173798
6305,HGS-TV,95722.0,626343.9967582226
6306,HGS-TV,95722.0,627709.9215140343
6307,HGS-TV,95722.0,627770.026116848
6308,HGS-TV,95722.0,627830.0734882355
6309,HGS-TV,95722.0,627890.2060420513
6310,HGS-TV,95722.0,627950.2416708469
6311,HGS-TV,95722.0,628010.2624278069
6312,HGS-TV,95722.0,628070.3093035221
6313,HGS-TV,95722.0,628130.3101022243
6314,HGS-TV,95722.0,628190.3181524277
6315,HGS-TV,95722.0,628250.342199564
6316,HGS-TV,95722.0,628310.378374815
6317,HGS-TV,95722.0,628370.4444952011
6318,HGS-TV,95722.0,628435.6844978333
6319,HGS-TV,95722.0,628495.7078270912
6320,HGS-TV,95722.0,628555.777160883
6321,HGS-TV,95722.0,628615.8690121174
6322,HGS-TV,95722.0,628675.9480051994
6323,HGS-TV,95722.0,628736.0283529758
6324,HGS-TV,95722.0,628796.0482141972
6325,HGS-TV,95722.0,628856.0626552105
6326,HGS-TV,95722.0,628916.126994133
6327,HGS-TV,95722.0,628976.1661849022
6328,HGS-TV,95722.0,629036.1753604412
6329,HGS-TV,95722.0,629096.208843708
6330,HGS-TV,95722.0,629156.3017668724
6331,HGS-TV,95722.0,629262.4854230881
6332,HGS-TV,95722.0,629322.5122621059
6333,HGS-TV,95722.0,629475.2639389038
6334,HGS-TV,95722.0,629535.3647823334
6335,HGS-TV,95722.0,629595.4384579659
6336,HGS-TV,95722.0,629655.5086765289
6337,HGS-TV,95722.0,629715.5437653065
6338,HGS-TV,95722.0,629775.62169981
6339,HGS-TV,95722.0,629835.6843957901
6340,HGS-TV,95722.0,629895.7562868595
6341,HGS-TV,95722.0,629955.7624006271
6342,HGS-TV,95722.0,630015.8013925552
6343,HGS-TV,95722.0,631342.4335150719
6344,HGS-TV,95722.0,631402.5299782753
6345,HGS-TV,95722.0,631462.6269657612
6346,HGS-TV,95722.0,631522.7504281998
6347,HGS-TV,95722.0,631582.8288092613
6348,HGS-TV,95722.0,631642.8553493023
6349,HGS-TV,95722.0,631702.9573476315
6350,HGS-TV,95722.0,631763.0293462276
6351,HGS-TV,95722.0,631823.035810709
6352,HGS-TV,95722.0,631883.1013805866
6353,HGS-TV,95722.0,631943.1127505302
6354,HGS-TV,95722.0,632003.2116675377
6355,HGS-TV,95722.0,632063.2815692425
6356,HGS-TV,95722.0,632123.3727285862
6357,HGS-TV,95722.0,632298.9462094307
6358,HGS-TV,95722.0,632383.9492042065
6359,HGS-TV,95722.0,632443.9553723335
6360,HGS-TV,95722.0,632504.0332353115
6361,HGS-TV,95722.0,632579.3074202538
6362,HGS-TV,95722.0,632639.3108210564
6363,HGS-TV,95722.0,632699.3421890736
6364,HGS-TV,95722.0,632759.4110994339
6365,HGS-TV,95722.0,632819.4919910431
6366,HGS-TV,95722.0,632879.5291609764
6367,HGS-TV,95722.0,632939.5664784908
6368,HGS-TV,95722.0,632999.6402928829
6369,HGS-TV,95722.0,633131.8492925167
6370,HGS-TV,95722.0,633191.9325356483
6371,HGS-TV,95722.0,633251.9851284027
6372,HGS-TV,95722.0,633312.0086758137
6373,HGS-TV,95722.0,633372.0130178928
6374,HGS-TV,95722.0,633432.0856096745
6375,HGS-TV,95722.0,633569.0675692558
6376,HGS-TV,95722.0,633629.1020212173
6377,HGS-TV,95722.0,634977.0826420784
6378,HGS-TV,95722.0,635037.2153520584
6379,HGS-TV,95722.0,635097.2510740757
6380,HGS-TV,95722.0,635157.3557457924
6381,HGS-TV,95722.0,635217.3880033493
6382,HGS-TV,95722.0,635277.4818689823
6383,HGS-TV,95722.0,635337.4928915501
6384,HGS-TV,95722.0,635397.5281600952
6385,HGS-TV,95722.0,635457.5281877518
6386,HGS-TV,95722.0,635517.6138749123
6387,HGS-TV,95722.0,635577.632548809
6388,HGS-TV,95722.0,635667.2372457981
6389,HGS-TV,95722.0,635727.3608901501
6390,HGS-TV,95722.0,635788.1543865204
6391,HGS-TV,95722.0,635904.6277153492
6392,HGS-TV,95722.0,635985.9593036175
6393,HGS-TV,95722.0,636084.0373623371
6394,HGS-TV,95722.0,636144.054251194
6395,HGS-TV,95722.0,636204.1432263851
6396,HGS-TV,95722.0,636264.1626319885
6397,HGS-TV,95722.0,636341.3689205647
6398,HGS-TV,95722.0,636401.4842171669
6399,HGS-TV,95722.0,636461.5281636715
6400,HGS-TV,95722.0,636752.5812623501
6401,HGS-TV,95722.0,636966.8072404861
6402,HGS-TV,95722.0,637026.8690369129
6403,HGS-TV,95722.0,637086.8833982944
6404,HGS-TV,95722.0,637146.9237020016
6405,HGS-TV,95722.0,637206.9934165478
6406,HGS-TV,95722.0,638595.2234857082
6407,HGS-TV,95722.0,638655.2628967762
6408,HGS-TV,95722.0,638715.2777912617
6409,HGS-TV,95722.0,638775.3111166954
6410,HGS-TV,95722.0,638838.6012442112
6411,HGS-TV,95722.0,638898.6105279922
6412,HGS-TV,95722.0,638958.6607365608
6413,HGS-TV,95722.0,639091.9228453636
6414,HGS-TV,95722.0,639241.6646127701
6415,HGS-TV,95722.0,639301.6817080975
6416,HGS-TV,95722.0,639361.6956772804
6417,HGS-TV,95722.0,639421.7064335346
6418,HGS-TV,95722.0,639481.7240786552
6419,HGS-TV,95722.0,639541.7476987839
6420,HGS-TV,95722.0,639601.7600455284
6421,HGS-TV,95722.0,639661.8068535328
6422,HGS-TV,95722.0,639774.7720882893
6423,HGS-TV,95722.0,639834.8309657574
6424,HGS-TV,95722.0,640006.7218852043
6425,HGS-TV,95722.0,640115.7417562008
6426,HGS-TV,95722.0,640175.7894842625
6427,HGS-TV,95722.0,640247.5658144951
6428,HGS-TV,95722.0,640307.5992567539
6429,HGS-TV,95722.0,640379.1526753902
6430,HGS-TV,95722.0,640439.2174208164
6431,HGS-TV,95722.0,640499.2751810551
6432,HGS-TV,95722.0,640559.331223011
6433,HGS-TV,95722.0,640619.3655908108
6434,HGS-TV,95722.0,640679.3912804127
6435,HGS-TV,95722.0,640739.4808750153
6436,HGS-TV,95722.0,640799.6327118874
6437,HGS-TV,95722.0,642116.8573710918
6438,HGS-TV,95722.0,642176.9412126541
6439,HGS-TV,95722.0,642237.0183587074
6440,HGS-TV,95722.0,642297.1176049709
6441,HGS-TV,95722.0,642357.161919117
6442,HGS-TV,95722.0,642417.214771986
6443,HGS-TV,95722.0,642477.2698380947
6444,HGS-TV,95722.0,642537.2967224121
6445,HGS-TV,95722.0,642597.3273038864
6446,HGS-TV,95722.0,642657.419175148
6447,HGS-TV,95722.0,642717.448943615
6448,HGS-TV,95722.0,642777.4978795052
6449,HGS-TV,95722.0,642837.5271828175
6450,HGS-TV,95722.0,642897.6405029297
6451,HGS-TV,95722.0,642957.6684474945
6452,HGS-TV,95722.0,643019.2674417496
6453,HGS-TV,95722.0,643079.3264918327
6454,HGS-TV,95722.0,643163.9179675579
6455,HGS-TV,95722.0,643235.829472065
6456,HGS-TV,95722.0,643311.1128883362
6457,HGS-TV,95722.0,643458.3203127384
6458,HGS-TV,95722.0,643518.3553106785
6459,HGS-TV,95722.0,643578.4076881409
6460,HGS-TV,95722.0,643638.4236984253
6461,HGS-TV,95722.0,643698.4521303177
6462,HGS-TV,95722.0,643758.4790086746
6463,HGS-TV,95722.0,643818.4855313301
6464,HGS-TV,95722.0,643878.5244128704
6465,HGS-TV,95722.0,643975.1995911598
6466,HGS-TV,95722.0,644035.2138309479
6467,HGS-TV,95722.0,644095.2279846668
6468,HGS-TV,95722.0,644155.262444973
6469,HGS-TV,95722.0,644266.3947873116
6470,HGS-TV,95722.0,644326.4207675457
6471,HGS-TV,95722.0,644386.4987080097
6472,HGS-TV,95722.0,645717.0380308628
6473,HGS-TV,95722.0,645777.1537060738
6474,HGS-TV,95722.0,645837.2758905888
6475,HGS-TV,95722.0,645897.3255894184
6476,HGS-TV,95722.0,645957.4089949131
6477,HGS-TV,95722.0,646017.4489889145
6478,HGS-TV,95722.0,646077.5247488022
6479,HGS-TV,95722.0,646137.5706851482
6480,HGS-TV,95722.0,646197.5921711922
6481,HGS-TV,95722.0,646257.6910634041
6482,HGS-TV,95722.0,646317.7188014984
6483,HGS-TV,95722.0,646377.7950899601
6484,HGS-TV,95722.0,646437.8317792416
6485,HGS-TV,95722.0,646497.912186861
6486,HGS-TV,95722.0,646589.2224593163
6487,HGS-TV,95722.0,646656.6356506348
6488,HGS-TV,95722.0,646718.7545866966
6489,HGS-TV,95722.0,646778.7903969288
6490,HGS-TV,95722.0,646838.8459932804
6491,HGS-TV,95722.0,646924.698371172
6492,HGS-TV,95722.0,646984.7266125679
6493,HGS-TV,95722.0,647072.001996994
6494,HGS-TV,95722.0,647180.5590834618
6495,HGS-TV,95722.0,647240.6201584339
6496,HGS-TV,95722.0,647300.6573727131
6497,HGS-TV,95722.0,647360.7003507614
6498,HGS-TV,95722.0,647451.4197731018
6499,HGS-TV,95722.0,647511.5196552277
6500,HGS-TV,95722.0,647571.5707850456
6501,HGS-TV,95722.0,647631.6291623116
6502,HGS-TV,95722.0,647691.668617487
6503,HGS-TV,95722.0,647751.6829659939
6504,HGS-TV,95722.0,647811.6853301525
6505,HGS-TV,95722.0,647871.7344822884
6506,HGS-TV,95722.0,647931.7617146969
6507,HGS-TV,95722.0,647991.7713859081
6508,HGS-TV,95722.0,649390.1514878273
6509,HGS-TV,95722.0,649450.2776885033
6510,HGS-TV,95722.0,649510.3971145153
6511,HGS-TV,95722.0,649570.4010531902
6512,HGS-TV,95722.0,649630.4498579502
6513,ails2_etaMax1.000_stoppingTime1728000.00,95828.0,649666.6490500488
6514,HGS-TV,95722.0,649690.520452261
6515,ails2_etaMax1.000_stoppingTime1728000.00,95819.0,649666.7120500489
6516,HGS-TV,95722.0,649750.5241653919
6517,HGS-TV,95722.0,649810.5247607231
6518,HGS-TV,95722.0,649870.5693390369
6519,HGS-TV,95722.0,649934.8274052143
6520,HGS-TV,95722.0,649994.8419451714
6521,HGS-TV,95722.0,650054.848190546
6522,HGS-TV,95722.0,650238.0827903748
6523,HGS-TV,95722.0,650298.1739048958
6524,HGS-TV,95722.0,650358.2944424152
6525,HGS-TV,95722.0,650418.3721671104
6526,HGS-TV,95722.0,650478.3990483284
6527,HGS-TV,95722.0,650538.4266319275
6528,HGS-TV,95722.0,650598.4408121109
6529,HGS-TV,95722.0,650683.6423912048
6530,HGS-TV,95722.0,650743.7623786926
6531,HGS-TV,95722.0,650803.8458201885
6532,HGS-TV,95722.0,650863.9315507412
6533,HGS-TV,95722.0,650923.9597382545
6534,HGS-TV,95722.0,650984.0155756474
6535,HGS-TV,95722.0,651044.0268545151
6536,HGS-TV,95722.0,651104.0757725239
6537,HGS-TV,95722.0,651164.1783020496
6538,HGS-TV,95722.0,651224.2368457317
6539,HGS-TV,95722.0,651284.4055371284
6540,HGS-TV,95722.0,651344.4261221886
6541,HGS-TV,95722.0,651404.513655901
6542,HGS-TV,95722.0,651464.5697786808
6543,HGS-TV,95722.0,651544.4395654202
6544,HGS-TV,95722.0,651604.4721338749
6545,HGS-TV,95722.0,652951.5278809071
6546,HGS-TV,95722.0,653011.5425419807
6547,HGS-TV,95722.0,653071.575763464
6548,HGS-TV,95722.0,653131.6343224049
6549,HGS-TV,95722.0,653191.6718599796
6550,HGS-TV,95722.0,653251.7705702782
6551,HGS-TV,95722.0,653311.8903002739
6552,HGS-TV,95722.0,653371.950376749
6553,HGS-TV,95722.0,653431.9955677986
6554,HGS-TV,95722.0,653499.9932332039
6555,HGS-TV,95722.0,653560.0123720169
6556,HGS-TV,95722.0,653620.1094019413
6557,HGS-TV,95722.0,653680.1285119057
6558,HGS-TV,95722.0,653740.2499730587
6559,HGS-TV,95722.0,653800.2758021355
6560,HGS-TV,95722.0,653860.3595750332
6561,HGS-TV,95722.0,654040.9213345051
6562,HGS-TV,95722.0,654100.9925134182
6563,HGS-TV,95722.0,654161.0417776108
6564,HGS-TV,95722.0,654221.0431764126
6565,HGS-TV,95722.0,654281.0768427849
6566,HGS-TV,95722.0,654465.0385885239
6567,HGS-TV,95722.0,654578.1962647438
6568,HGS-TV,95722.0,654638.2620253563
6569,HGS-TV,95722.0,654718.2380051613
6570,HGS-TV,95722.0,654778.3118023872
6571,HGS-TV,95722.0,654838.4123370647
6572,HGS-TV,95722.0,654898.4124610424
6573,HGS-TV,95722.0,654958.4844770432
6574,HGS-TV,95722.0,655018.5093083382
6575,HGS-TV,95722.0,655086.4627165794
6576,HGS-TV,95722.0,655146.4918160439
6577,HGS-TV,95722.0,655206.5050079823
6578,HGS-TV,95722.0,656497.5915491581
6579,HGS-TV,95722.0,656557.6394124031
6580,HGS-TV,95722.0,656617.6763296127
6581,HGS-TV,95722.0,656677.7216677666
6582,HGS-TV,95722.0,656737.742759943
6583,HGS-TV,95722.0,656797.7784385681
6584,HGS-TV,95722.0,656857.8343274593
6585,HGS-TV,95722.0,656917.9666378498
6586,HGS-TV,95722.0,657086.494695425
6587,HGS-TV,95722.0,657146.5170931816
6588,HGS-TV,95722.0,657242.0927741528
6589,HGS-TV,95722.0,657302.1996088028
6590,HGS-TV,95722.0,657362.2651610374
6591,HGS-TV,95722.0,657422.3132791519
6592,HGS-TV,95722.0,657482.3218665123
6593,HGS-TV,95722.0,657542.3398354053
6594,HGS-TV,95722.0,657611.5748803616
6595,HGS-TV,95722.0,657671.6603505611
6596,HGS-TV,95722.0,657731.7688522339
6597,HGS-TV,95722.0,657791.8619441986
6598,HGS-TV,95722.0,657851.9719834328
6599,HGS-TV,95722.0,657935.7800827026
6600,HGS-TV,95722.0,658135.2079846859
6601,HGS-TV,95722.0,658483.4116346836
6602,HGS-TV,95722.0,658697.6856968403
6603,HGS-TV,95722.0,658757.7061178684
6604,HGS-TV,95722.0,658831.8426780701
6605,HGS-TV,95722.0,660262.2203919888
6606,HGS-TV,95722.0,660322.331766367
6607,HGS-TV,95722.0,660382.4167573452
6608,HGS-TV,95722.0,660442.4836454391
6609,HGS-TV,95722.0,660502.5684599876
6610,HGS-TV,95722.0,660562.6190297604
6611,HGS-TV,95722.0,660644.0809602737
6612,HGS-TV,95722.0,660711.8709588051
6613,HGS-TV,95722.0,660771.8987026215
6614,HGS-TV,95722.0,660831.9226062298
6615,HGS-TV,95722.0,660892.0055699348
6616,HGS-TV,95722.0,660952.152941227
6617,HGS-TV,95722.0,661012.1858706474
6618,HGS-TV,95722.0,661077.651911974
6619,HGS-TV,95722.0,661137.6992385387
6620,HGS-TV,95722.0,661197.7804269791
6621,HGS-TV,95722.0,661257.8155243397
6622,HGS-TV,95722.0,661317.8779177666
6623,HGS-TV,95722.0,661396.8095507622
6624,HGS-TV,95722.0,661531.9446387291
6625,HGS-TV,95722.0,661597.7756295204
6626,HGS-TV,95722.0,661657.8415760994
6627,HGS-TV,95722.0,661717.8496229649
6628,HGS-TV,95722.0,661777.8751649857
6629,HGS-TV,95722.0,661837.9624238014
6630,HGS-TV,95722.0,661900.164286375
6631,HGS-TV,95722.0,661960.1653289795
6632,HGS-TV,95722.0,662022.5806958675
6633,HGS-TV,95722.0,662192.4090354443
6634,HGS-TV,95722.0,662252.4418678284
6635,HGS-TV,95722.0,662367.9691679478
6636,HGS-TV,95722.0,662428.0546498299
6637,HGS-TV,95722.0,663715.4864215851
6638,HGS-TV,95722.0,663775.4886653423
6639,HGS-TV,95722.0,663835.5959544182
6640,HGS-TV,95722.0,663895.6318795681
6641,HGS-TV,95722.0,663955.6336271763
6642,HGS-TV,95722.0,664015.6735868454
6643,HGS-TV,95722.0,664075.7262251377
6644,HGS-TV,95722.0,664138.2075629234
6645,HGS-TV,95722.0,664198.2579636574
6646,HGS-TV,95722.0,664263.7492206097
6647,HGS-TV,95722.0,664323.7696378231
6648,HGS-TV,95722.0,664383.839771986
6649,HGS-TV,95722.0,664443.959332943
6650,HGS-TV,95722.0,664525.9219675064
6651,HGS-TV,95722.0,664585.9775223732
6652,HGS-TV,95722.0,664646.0607874393
6653,HGS-TV,95722.0,664760.138576746
6654,HGS-TV,95722.0,664820.1393046379
6655,HGS-TV,95722.0,664880.1515073776
6656,HGS-TV,95722.0,664940.1762974262
6657,HGS-TV,95722.0,665000.2543869019
6658,HGS-TV,95722.0,665060.2580225468
6659,HGS-TV,95722.0,665120.3606007099
6660,HGS-TV,95722.0,665180.3775627613
6661,HGS-TV,95722.0,665240.3952476978
6662,HGS-TV,95722.0,665300.4611940384
6663,HGS-TV,95722.0,665528.7407009602
6664,HGS-TV,95722.0,665588.7664959431
6665,HGS-TV,95722.0,665676.6799407005
6666,HGS-TV,95722.0,665736.7162237167
6667,HGS-TV,95722.0,665796.7974796295
6668,HGS-TV,95722.0,665866.661441803
6669,HGS-TV,95722.0,665926.6697361469
6670,HGS-TV,95722.0,665986.6703817844
6671,HGS-TV,95722.0,666046.6743083
6672,HGS-TV,95722.0,667367.0834691525
6673,HGS-TV,95722.0,667427.1610229015
6674,HGS-TV,95722.0,667487.1910133362
6675,HGS-TV,95722.0,667547.2533876896
6676,HGS-TV,95722.0,667607.3111057281
6677,HGS-TV,95722.0,667667.3148875237
6678,HGS-TV,95722.0,667727.3891322613
6679,HGS-TV,95722.0,667787.3970565796
6680,HGS-TV,95722.0,667847.4259848595
6681,HGS-TV,95722.0,667917.4481914043
6682,HGS-TV,95722.0,667977.5048635006
6683,HGS-TV,95722.0,668037.5826942921
6684,HGS-TV,95722.0,668151.7986431122
6685,HGS-TV,95722.0,668211.8574566841
6686,HGS-TV,95722.0,668271.932046175
6687,HGS-TV,95722.0,668354.9204740524
6688,HGS-TV,95722.0,668414.935491085
6689,HGS-TV,95722.0,668475.8273937702
6690,HGS-TV,95722.0,668535.9064154625
6691,HGS-TV,95722.0,668595.9801604748
6692,HGS-TV,95722.0,668656.0685482025
6693,HGS-TV,95722.0,668716.0878353119
6694,HGS-TV,95722.0,668776.1217684746
6695,HGS-TV,95722.0,668836.1888041496
6696,HGS-TV,95722.0,668920.4348950386
6697,HGS-TV,95722.0,668980.4754223824
6698,HGS-TV,95722.0,669040.503483057
6699,HGS-TV,95722.0,669110.5174076557
6700,HGS-TV,95722.0,669213.1459393501
6701,HGS-TV,95722.0,669314.9174823761
6702,HGS-TV,95722.0,669375.7846195698
6703,HGS-TV,95722.0,669454.0967218876
6704,HGS-TV,95722.0,669514.1123759747
6705,HGS-TV,95722.0,669574.1434659958
6706,HGS-TV,95722.0,669634.1849837303
6707,HGS-TV,95722.0,671019.288724184
6708,HGS-TV,95722.0,671079.3663363457
6709,HGS-TV,95722.0,671139.4345576763
6710,HGS-TV,95722.0,671199.4505205154
6711,HGS-TV,95722.0,671261.5384550095
6712,HGS-TV,95722.0,671321.6230721474
6713,HGS-TV,95722.0,671381.6792125702
6714,HGS-TV,95722.0,671441.6948134899
6715,HGS-TV,95722.0,671501.7235109806
6716,HGS-TV,95722.0,671561.7810673714
6717,HGS-TV,95722.0,671621.8464996815
6718,HGS-TV,95722.0,671681.8734817505
6719,HGS-TV,95722.0,671741.9207968712
6720,HGS-TV,95722.0,671885.0591959953
6721,HGS-TV,95722.0,671945.1928906441
6722,HGS-TV,95722.0,672005.1957130432
6723,HGS-TV,95722.0,672069.6554577351
6724,HGS-TV,95722.0,672129.7056913376
6725,HGS-TV,95722.0,672189.7476582527
6726,HGS-TV,95722.0,672306.9083340168
6727,HGS-TV,95722.0,672371.769785881
6728,HGS-TV,95722.0,672490.4924583435
6729,HGS-TV,95722.0,672550.5904481411
6730,HGS-TV,95722.0,672632.1650156975
6731,HGS-TV,95722.0,672715.7948892117
6732,HGS-TV,95722.0,672775.868354559
6733,HGS-TV,95722.0,672860.5470299721
6734,HGS-TV,95722.0,672920.6674864292
6735,HGS-TV,95722.0,672980.7468993664
6736,HGS-TV,95722.0,673040.7588648796
6737,HGS-TV,95722.0,673102.1291806698
6738,HGS-TV,95722.0,673162.2065331936
6739,HGS-TV,95722.0,673222.2997457981
6740,HGS-TV,95722.0,674599.8323671818
6741,HGS-TV,95722.0,674659.8862726688
6742,HGS-TV,95722.0,674719.9341363907
6743,HGS-TV,95722.0,674779.9926242828
6744,HGS-TV,95722.0,674840.050229311
6745,HGS-TV,95722.0,674900.1292917728
6746,HGS-TV,95722.0,674960.1845676899
6747,HGS-TV,95722.0,675020.2736530304
6748,HGS-TV,95722.0,675080.3994801044
6749,HGS-TV,95722.0,675140.4231514931
6750,HGS-TV,95722.0,675200.4634189606
6751,HGS-TV,95722.0,675351.967908144
6752,HGS-TV,95722.0,675411.9983928204
6753,HGS-TV,95722.0,675472.0090711117
6754,HGS-TV,95722.0,675532.0814993382
6755,HGS-TV,95722.0,675616.9291493893
6756,HGS-TV,95722.0,675676.9535193443
6757,HGS-TV,95722.0,675737.0051116943
6758,HGS-TV,95722.0,675797.051350832
6759,HGS-TV,95722.0,675916.555606842
6760,HGS-TV,95722.0,675976.5731678009
6761,HGS-TV,95722.0,676036.5748586655
6762,HGS-TV,95722.0,676096.6602504253
6763,HGS-TV,95722.0,676156.6631224155
6764,HGS-TV,95722.0,676216.7060244083
6765,HGS-TV,95722.0,676276.7451496124
6766,HGS-TV,95722.0,676338.0324194431
6767,HGS-TV,95722.0,676398.0996210575
6768,HGS-TV,95722.0,676458.1593160629
6769,HGS-TV,95722.0,676518.2154238224
6770,HGS-TV,95722.0,676578.3414080143
6771,HGS-TV,95722.0,676649.4878394604
6772,HGS-TV,95722.0,676709.4922530651
6773,HGS-TV,95722.0,676769.4956071377
6774,HGS-TV,95722.0,676829.579123497
6775,HGS-TV,95722.0,678152.7703845501
6776,HGS-TV,95722.0,678212.8968298435
6777,HGS-TV,95722.0,678273.0001680851
6778,HGS-TV,95722.0,678333.1376171112
6779,HGS-TV,95722.0,678393.2674748898
6780,HGS-TV,95722.0,678453.2739527225
6781,HGS-TV,95722.0,678513.2788949013
6782,HGS-TV,95722.0,678573.3634064198
6783,HGS-TV,95722.0,678633.4213643074
6784,HGS-TV,95722.0,678720.3234353065
6785,HGS-TV,95722.0,678780.404904604
6786,HGS-TV,95722.0,678840.4956729412
6787,HGS-TV,95722.0,678900.5266473293
6788,HGS-TV,95722.0,678960.6427240372
6789,HGS-TV,95722.0,679020.6445400715
6790,HGS-TV,95722.0,679080.7681114674
6791,HGS-TV,95722.0,679241.9016389847
6792,HGS-TV,95722.0,679301.9318788052
6793,HGS-TV,95722.0,679371.7110383511
6794,HGS-TV,95722.0,679431.7317266464
6795,HGS-TV,95722.0,679491.8157320023
6796,HGS-TV,95722.0,679551.8867022991
6797,HGS-TV,95722.0,679611.9038891792
6798,HGS-TV,95722.0,679671.9640002251
6799,HGS-TV,95722.0,679816.2081665993
6800,HGS-TV,95722.0,679921.183911562
6801,HGS-TV,95722.0,680091.9687087536
6802,HGS-TV,95722.0,680151.9703397751
6803,HGS-TV,95722.0,680212.0405302048
6804,HGS-TV,95722.0,680272.0789391994
6805,HGS-TV,95722.0,680332.1208326817
6806,HGS-TV,95722.0,680392.1541008949
6807,HGS-TV,95722.0,681808.5592119694
6808,HGS-TV,95722.0,681868.560400486
6809,HGS-TV,95722.0,681928.6101088524
6810,HGS-TV,95722.0,681988.705986023
6811,HGS-TV,95722.0,682048.7626769543
6812,HGS-TV,95722.0,682108.7649433613
6813,HGS-TV,95722.0,682168.7972621918
6814,HGS-TV,95722.0,682228.8995902538
6815,HGS-TV,95722.0,682288.9459514618
6816,HGS-TV,95722.0,682349.0323836803
6817,HGS-TV,95722.0,682423.2879319191
6818,HGS-TV,95722.0,682520.4857161045
6819,HGS-TV,95722.0,682580.5280325413
6820,HGS-TV,95722.0,682640.564684391
6821,HGS-TV,95722.0,682700.6275346279
6822,HGS-TV,95722.0,682760.7193295956
6823,HGS-TV,95722.0,682820.8342962265
6824,HGS-TV,95722.0,682983.317224741
6825,HGS-TV,95722.0,683044.4649016857
6826,HGS-TV,95722.0,683104.5094790459
6827,HGS-TV,95722.0,683164.5200462341
6828,HGS-TV,95722.0,683224.6201150417
6829,HGS-TV,95722.0,683284.6627743244
6830,HGS-TV,95722.0,683344.7874159813
6831,HGS-TV,95722.0,683404.8647339344
6832,HGS-TV,95722.0,683464.8731064796
6833,HGS-TV,95722.0,683553.3366293907
6834,HGS-TV,95722.0,683613.3630466461
6835,HGS-TV,95722.0,683673.4451644421
6836,HGS-TV,95722.0,683750.7699489594
6837,HGS-TV,95722.0,683810.8205399513
6838,HGS-TV,95722.0,683870.9009537697
6839,HGS-TV,95722.0,683931.0125350952
6840,HGS-TV,95722.0,683991.0902504921
6841,HGS-TV,95722.0,685368.0382606983
6842,HGS-TV,95722.0,685428.0612998009
6843,HGS-TV,95722.0,685488.0734996796
6844,HGS-TV,95722.0,685548.1421670914
6845,HGS-TV,95722.0,685608.1639242172
6846,HGS-TV,95722.0,685668.2510480881
6847,HGS-TV,95722.0,685728.3859319687
6848,HGS-TV,95722.0,685798.5510392189
6849,HGS-TV,95722.0,685858.5841646194
6850,HGS-TV,95722.0,685918.6885735989
6851,HGS-TV,95722.0,685978.7162086964
6852,HGS-TV,95722.0,686038.7482101917
6853,HGS-TV,95722.0,686098.7665450573
6854,HGS-TV,95722.0,686158.7773265839
6855,HGS-TV,95722.0,686218.803447485
6856,HGS-TV,95722.0,686374.2551326752
6857,HGS-TV,95722.0,686434.3171212673
6858,HGS-TV,95722.0,686494.3595516682
6859,HGS-TV,95722.0,686554.4181163311
6860,HGS-TV,95722.0,686614.4388997555
6861,HGS-TV,95722.0,686674.4731395245
6862,HGS-TV,95722.0,686734.5232834816
6863,HGS-TV,95722.0,686796.7740616798
6864,HGS-TV,95722.0,686896.1940758228
6865,HGS-TV,95722.0,686956.2736747265
6866,HGS-TV,95722.0,687059.4338169098
6867,HGS-TV,95722.0,687119.4548103809
6868,HGS-TV,95722.0,687179.4643688202
6869,HGS-TV,95722.0,687239.5448138714
6870,HGS-TV,95722.0,687299.656488657
6871,HGS-TV,95722.0,687359.6715478897
6872,HGS-TV,95722.0,687549.7889149189
6873,HGS-TV,95722.0,687609.8165798187
6874,HGS-TV,95722.0,688994.896705389
6875,HGS-TV,95722.0,689054.9765563011
6876,HGS-TV,95722.0,689115.1186525822
6877,HGS-TV,95722.0,689175.1271748543
6878,HGS-TV,95722.0,689235.1540105343
6879,HGS-TV,95722.0,689295.299339056
6880,HGS-TV,95722.0,689355.3228909969
6881,HGS-TV,95722.0,689415.4598293304
6882,HGS-TV,95722.0,689475.485104084
6883,HGS-TV,95722.0,689535.4991209507
6884,HGS-TV,95722.0,689653.3947947025
6885,HGS-TV,95722.0,689713.4397096634
6886,HGS-TV,95722.0,689773.5049073696
6887,HGS-TV,95722.0,689833.5779218674
6888,HGS-TV,95722.0,689901.6519141197
6889,HGS-TV,95722.0,689961.6732354164
6890,HGS-TV,95722.0,690021.6944189072
6891,HGS-TV,95722.0,690091.5263621807
6892,HGS-TV,95722.0,690151.5675420761
6893,HGS-TV,95722.0,690211.6492729187
6894,HGS-TV,95722.0,690271.7271165848
6895,HGS-TV,95722.0,690331.7915692329
6896,HGS-TV,95722.0,690391.8469455242
6897,HGS-TV,95722.0,690451.8734297752
6898,HGS-TV,95722.0,690511.9257860184
6899,HGS-TV,95722.0,690571.9329152107
6900,HGS-TV,95722.0,690631.9422340393
6901,HGS-TV,95722.0,690691.9996099472
6902,HGS-TV,95722.0,690752.0527851582
6903,HGS-TV,95722.0,690812.0527865887
6904,HGS-TV,95722.0,690872.0655655861
6905,HGS-TV,95722.0,690932.0741596222
6906,HGS-TV,95722.0,690992.0756366253
6907,HGS-TV,95722.0,691052.1385185719
6908,HGS-TV,95722.0,691213.8092069626
6909,HGS-TV,95722.0,692545.5828790665
6910,HGS-TV,95722.0,692605.6045982838
6911,HGS-TV,95722.0,692665.652982235
6912,HGS-TV,95722.0,692725.7678349018
6913,HGS-TV,95722.0,692785.7799961567
6914,HGS-TV,95722.0,692845.8639044762
6915,HGS-TV,95722.0,692915.1370139122
6916,HGS-TV,95722.0,692975.1589763165
6917,HGS-TV,95722.0,693035.18481493
6918,HGS-TV,95722.0,693095.2225589752
6919,HGS-TV,95722.0,693155.3404374123
6920,HGS-TV,95722.0,693215.4217584133
6921,HGS-TV,95722.0,693275.471875906
6922,HGS-TV,95722.0,693354.4496159554
6923,HGS-TV,95722.0,693414.4906003475
6924,HGS-TV,95722.0,693474.5218160152
6925,HGS-TV,95722.0,693535.6005187035
6926,HGS-TV,95722.0,693595.6111447811
6927,HGS-TV,95722.0,693732.5305702686
6928,HGS-TV,95722.0,693799.7903497219
6929,HGS-TV,95722.0,693902.080088377
6930,HGS-TV,95722.0,693962.155463934
6931,HGS-TV,95722.0,694022.3315193653
6932,HGS-TV,95722.0,694082.3819005489
6933,HGS-TV,95722.0,694142.4796917439
6934,HGS-TV,95722.0,694454.7220168114
6935,HGS-TV,95722.0,694514.8105092049
6936,HGS-TV,95722.0,694574.8504686356
6937,HGS-TV,95722.0,694634.8691735268
6938,HGS-TV,95722.0,694694.9055678844
6939,HGS-TV,95722.0,694760.4725973606
6940,HGS-TV,95722.0,694820.4904940128
6941,HGS-TV,95722.0,696157.1079125404
6942,HGS-TV,95722.0,696217.1940553188
6943,HGS-TV,95722.0,696277.2329468727
6944,HGS-TV,95722.0,696337.3467912674
6945,HGS-TV,95722.0,696397.3966815472
6946,HGS-TV,95722.0,696457.470562458
6947,HGS-TV,95722.0,696517.4892575741
6948,HGS-TV,95722.0,696586.7584657669
6949,HGS-TV,95722.0,696646.7915911674
6950,HGS-TV,95722.0,696706.8461568356
6951,HGS-TV,95722.0,696766.8896913528
6952,HGS-TV,95722.0,696826.9577832222
6953,HGS-TV,95722.0,696887.0367686749
6954,HGS-TV,95722.0,696947.050183773
6955,HGS-TV,95722.0,697007.0898640156
6956,HGS-TV,95722.0,697077.9523997307
6957,HGS-TV,95722.0,697165.2119252682
6958,HGS-TV,95722.0,697225.2162995338
6959,HGS-TV,95722.0,697285.2496623993
6960,HGS-TV,95722.0,697374.9003269672
6961,HGS-TV,95722.0,697435.0159888268
6962,HGS-TV,95722.0,697495.0858237743
6963,HGS-TV,95722.0,697555.1347718239
6964,HGS-TV,95722.0,697762.8149933815
6965,HGS-TV,95722.0,697822.8531522751
6966,HGS-TV,95722.0,697882.8953881264
6967,HGS-TV,95722.0,697942.9493472576
6968,HGS-TV,95722.0,698003.0231266022
6969,HGS-TV,95722.0,698066.576187849
6970,HGS-TV,95722.0,698130.1054382324
6971,HGS-TV,95722.0,698314.3805766106
6972,HGS-TV,95722.0,698418.4346590042
6973,HGS-TV,95722.0,699737.3611674309
6974,HGS-TV,95722.0,699797.3830337524
6975,HGS-TV,95722.0,699857.4520328045
6976,HGS-TV,95722.0,699917.4832892418
6977,HGS-TV,95722.0,699977.5526249409
6978,HGS-TV,95722.0,700037.6082704067
6979,HGS-TV,95722.0,700097.7003538609
6980,HGS-TV,95722.0,700157.7438549995
6981,HGS-TV,95722.0,700220.3191287518
6982,HGS-TV,95722.0,700280.368790865
6983,HGS-TV,95722.0,700340.4223718643
6984,HGS-TV,95722.0,700400.4739806652
6985,HGS-TV,95722.0,700460.5729591846
6986,HGS-TV,95722.0,700520.6042103767
6987,HGS-TV,95722.0,700580.7099382877
6988,HGS-TV,95722.0,700640.7428743839
6989,HGS-TV,95722.0,700700.783813715
6990,HGS-TV,95722.0,700760.8235647678
6991,HGS-TV,95722.0,700849.3886053562
6992,HGS-TV,95722.0,700922.6391518116
6993,HGS-TV,95722.0,700982.7235167027
6994,HGS-TV,95722.0,701042.8147757053
6995,HGS-TV,95722.0,701102.9089801311
6996,HGS-TV,95722.0,701163.053081274
6997,HGS-TV,95722.0,701223.1020560265
6998,HGS-TV,95722.0,701294.7871303558
6999,HGS-TV,95722.0,701392.3630590439
7000,HGS-TV,95722.0,701452.4604861736
7001,HGS-TV,95722.0,701517.7811927795
7002,HGS-TV,95722.0,701840.7322773933
7003,HGS-TV,95722.0,701900.7583346367
7004,HGS-TV,95722.0,701960.8175075054
7005,HGS-TV,95722.0,703316.7650551796
7006,HGS-TV,95722.0,703376.8364458084
7007,HGS-TV,95722.0,703436.9248480797
7008,HGS-TV,95722.0,703496.9488837719
7009,HGS-TV,95722.0,703556.9492809772
7010,HGS-TV,95722.0,703742.8386566639
7011,HGS-TV,95722.0,703802.9452490807
7012,HGS-TV,95722.0,703863.020368576
7013,HGS-TV,95722.0,703923.1047091484
7014,HGS-TV,95722.0,703983.106678009
7015,HGS-TV,95722.0,704043.1375412941
7016,HGS-TV,95722.0,704103.1784644127
7017,HGS-TV,95722.0,704163.2327432632
7018,HGS-TV,95722.0,704223.270516634
7019,HGS-TV,95722.0,704283.2817299366
7020,HGS-TV,95722.0,704343.2844600677
7021,HGS-TV,95722.0,704403.314003706
7022,HGS-TV,95722.0,704467.1762011051
7023,HGS-TV,95722.0,704527.1807510853
7024,HGS-TV,95722.0,704587.2428610325
7025,HGS-TV,95722.0,704647.2864351273
7026,HGS-TV,95722.0,704707.2925708294
7027,HGS-TV,95722.0,704767.3294582367
7028,HGS-TV,95722.0,704827.4058721066
7029,HGS-TV,95722.0,704887.4641010761
7030,HGS-TV,95722.0,704984.2308547497
7031,HGS-TV,95722.0,705044.3090500832
7032,HGS-TV,95722.0,705208.7750062943
7033,HGS-TV,95722.0,705268.8544416428
7034,HGS-TV,95722.0,705328.9505195618
7035,HGS-TV,95722.0,705388.9986212254
7036,HGS-TV,95722.0,705448.9996635914
7037,HGS-TV,95722.0,705509.070984602
7038,HGS-TV,95722.0,705569.1456079483
7039,HGS-TV,95722.0,705629.1714808941
7040,HGS-TV,95722.0,706965.607462883
7041,HGS-TV,95722.0,707025.6648585796
7042,HGS-TV,95722.0,707085.6721763611
7043,ails2_etaMax0.005_stoppingTime86400.00,95721.0,707114.3950500488
7044,HGS-TV,95722.0,707145.74061656
7045,HGS-TV,95722.0,707254.1854076385
7046,HGS-TV,95722.0,707314.2134315968
7047,HGS-TV,95722.0,707374.305562973
7048,HGS-TV,95722.0,707434.401165247
7049,HGS-TV,95722.0,707494.4560775757
7050,HGS-TV,95722.0,707554.5311665535
7051,HGS-TV,95722.0,707614.6023898125
7052,HGS-TV,95722.0,707674.6320502758
7053,HGS-TV,95722.0,707734.6484873295
7054,HGS-TV,95722.0,707801.0165667534
7055,HGS-TV,95722.0,707915.094073534
7056,HGS-TV,95722.0,707975.1382191181
7057,HGS-TV,95722.0,708035.1451716423
7058,HGS-TV,95722.0,708095.2158472538
7059,HGS-TV,95722.0,708205.2572946548
7060,HGS-TV,95722.0,708265.3146531582
7061,HGS-TV,95722.0,708325.3969604969
7062,HGS-TV,95722.0,708385.5198976994
7063,HGS-TV,95722.0,708445.5512850285
7064,HGS-TV,95722.0,708505.6457686424
7065,HGS-TV,95722.0,708565.6883025169
7066,HGS-TV,95722.0,708625.7783646584
7067,HGS-TV,95722.0,708685.9088842869
7068,HGS-TV,95722.0,708745.928399086
7069,HGS-TV,95722.0,708807.2031121254
7070,HGS-TV,95722.0,708918.9876027107
7071,HGS-TV,95722.0,708979.0164747238
7072,HGS-TV,95722.0,709039.1274578571
7073,HGS-TV,95722.0,709168.8557109833
7074,HGS-TV,95722.0,709228.8649587631
7075,ails2_etaMax1.000_stoppingTime1728000.00,95816.0,709627.1430500488
7076,ails2_etaMax1.000_stoppingTime1728000.00,95808.0,709627.1730500489
7077,HGS-TV,95721.0,710667.6681654453
7078,HGS-TV,95721.0,710727.7351026535
7079,HGS-TV,95721.0,710787.7855341434
7080,HGS-TV,95721.0,710847.841329813
7081,HGS-TV,95721.0,710907.9470953941
7082,HGS-TV,95721.0,710967.9880199432
7083,HGS-TV,95721.0,711028.0089645386
7084,HGS-TV,95721.0,711088.0196697712
7085,HGS-TV,95721.0,711148.0257334709
7086,HGS-TV,95721.0,711208.0934467316
7087,HGS-TV,95721.0,711268.0962560177
7088,HGS-TV,95721.0,711347.4144058228
7089,HGS-TV,95721.0,711407.4469590187
7090,HGS-TV,95721.0,711467.4759881496
7091,HGS-TV,95721.0,711527.581691742
7092,HGS-TV,95721.0,711596.1011581421
7093,HGS-TV,95721.0,711656.121260643
7094,HGS-TV,95721.0,711716.1709945202
7095,HGS-TV,95721.0,711776.2436933517
7096,HGS-TV,95721.0,711836.2853889465
7097,HGS-TV,95721.0,711896.3328185081
7098,HGS-TV,95721.0,711956.4225361347
7099,HGS-TV,95721.0,712016.4410161972
7100,HGS-TV,95721.0,712076.4659585953
7101,HGS-TV,95721.0,712136.550974369
7102,HGS-TV,95721.0,712237.5794119835
7103,HGS-TV,95721.0,712344.9455184937
7104,HGS-TV,95721.0,712405.0120830536
7105,HGS-TV,95721.0,712465.1138114929
7106,HGS-TV,95721.0,712525.1439259052
7107,HGS-TV,95721.0,712585.1532731056
7108,HGS-TV,95721.0,712645.1830422878
7109,HGS-TV,95721.0,712705.2325856686
7110,HGS-TV,95721.0,712765.2808072567
7111,HGS-TV,95721.0,712825.2962164879
7112,HGS-TV,95721.0,714211.4051785469
7113,HGS-TV,95721.0,714271.4533247948
7114,HGS-TV,95721.0,714331.5619523525
7115,HGS-TV,95721.0,714391.6592559814
7116,HGS-TV,95721.0,714451.686034441
7117,HGS-TV,95721.0,714511.7150857449
7118,HGS-TV,95721.0,714590.1670410633
7119,HGS-TV,95721.0,714650.1701142788
7120,HGS-TV,95721.0,714733.9185423851
7121,HGS-TV,95721.0,714793.9228923321
7122,HGS-TV,95721.0,714853.990752697
7123,HGS-TV,95721.0,714914.06082654
7124,HGS-TV,95721.0,714974.0963938236
7125,HGS-TV,95721.0,715034.1469459534
7126,HGS-TV,95721.0,715094.2410280704
7127,HGS-TV,95721.0,715154.2796607018
7128,HGS-TV,95721.0,715214.3465173244
7129,HGS-TV,95721.0,715317.6704342365
7130,HGS-TV,95721.0,715377.7803094387
7131,HGS-TV,95721.0,715437.8451924324
7132,HGS-TV,95721.0,715497.8828244209
7133,HGS-TV,95721.0,715557.9612636566
7134,HGS-TV,95721.0,715630.3641850948
7135,HGS-TV,95721.0,715690.4512345791
7136,HGS-TV,95721.0,715750.471922636
7137,HGS-TV,95721.0,715868.2426936626
7138,HGS-TV,95721.0,715928.3433361053
7139,HGS-TV,95721.0,715988.4762136936
7140,HGS-TV,95721.0,716048.5485081673
7141,HGS-TV,95721.0,716147.0717787743
7142,HGS-TV,95721.0,716227.2702896595
7143,HGS-TV,95721.0,716287.3063538074
7144,HGS-TV,95721.0,716355.244055748
7145,HGS-TV,95721.0,716415.3064398766
7146,HGS-TV,95721.0,717817.0237624645
7147,HGS-TV,95721.0,717877.1542878151
7148,HGS-TV,95721.0,717937.2183279991
7149,HGS-TV,95721.0,717997.2806127071
7150,HGS-TV,95721.0,718057.3688883781
7151,HGS-TV,95721.0,718145.4506747723
7152,HGS-TV,95721.0,718224.4860498905
7153,HGS-TV,95721.0,718284.532474041
7154,HGS-TV,95721.0,718357.1564052105
7155,HGS-TV,95721.0,718417.2199590206
7156,HGS-TV,95721.0,718477.2476994991
7157,HGS-TV,95721.0,718537.2978947163
7158,HGS-TV,95721.0,718597.3451526165
7159,HGS-TV,95721.0,718657.3487098217
7160,HGS-TV,95721.0,718717.4189965725
7161,HGS-TV,95721.0,718777.4770927429
7162,HGS-TV,95721.0,718837.5897054672
7163,HGS-TV,95721.0,718923.0005252361
7164,HGS-TV,95721.0,718983.0124256611
7165,HGS-TV,95721.0,719043.0159392357
7166,HGS-TV,95721.0,719103.0297203064
7167,HGS-TV,95721.0,719163.1085522175
7168,HGS-TV,95721.0,719249.3232684135
7169,HGS-TV,95721.0,719309.3881070614
7170,HGS-TV,95721.0,719451.3415756226
7171,HGS-TV,95721.0,719511.3928589821
7172,HGS-TV,95721.0,719571.4917709827
7173,HGS-TV,95721.0,719685.9146678448
7174,HGS-TV,95721.0,719802.912263155
7175,HGS-TV,95721.0,719862.953253746
7176,HGS-TV,95721.0,719923.003947258
7177,HGS-TV,95721.0,719983.0785133839
7178,HGS-TV,95721.0,721409.4061822891
7179,HGS-TV,95721.0,721469.4751222134
7180,HGS-TV,95721.0,721529.5255429745
7181,HGS-TV,95721.0,721589.546020031
7182,HGS-TV,95721.0,721649.6396222115
7183,HGS-TV,95721.0,721709.7448723316
7184,HGS-TV,95721.0,721769.806566
7185,HGS-TV,95721.0,721829.8994197845
7186,HGS-TV,95721.0,721889.9519572258
7187,HGS-TV,95721.0,721950.0059657097
7188,HGS-TV,95721.0,722010.0199205875
7189,HGS-TV,95721.0,722070.1045024395
7190,HGS-TV,95721.0,722130.2073071003
7191,HGS-TV,95721.0,722190.2251434326
7192,HGS-TV,95721.0,722250.2363610268
7193,HGS-TV,95721.0,722310.2538793087
7194,HGS-TV,95721.0,722370.3566100597
7195,HGS-TV,95721.0,722430.4081618786
7196,HGS-TV,95721.0,722503.4518768787
7197,HGS-TV,95721.0,722563.5525333881
7198,HGS-TV,95721.0,722685.6268484592
7199,HGS-TV,95721.0,722766.2693665028
7200,HGS-TV,95721.0,722826.3543474674
7201,HGS-TV,95721.0,722896.1070539951
7202,HGS-TV,95721.0,722956.1671974659
7203,HGS-TV,95721.0,723016.201374054
7204,HGS-TV,95721.0,723076.3190629482
7205,HGS-TV,95721.0,723187.519620657
7206,HGS-TV,95721.0,723263.2016932964
7207,HGS-TV,95721.0,723562.7828345299
7208,HGS-TV,95721.0,723633.290157795
7209,HGS-TV,95721.0,725049.1089770794
7210,HGS-TV,95721.0,725109.1952595711
7211,HGS-TV,95721.0,725169.2162446976
7212,HGS-TV,95721.0,725229.3246259689
7213,HGS-TV,95721.0,725289.4586510658
7214,HGS-TV,95721.0,725349.5564713478
7215,HGS-TV,95721.0,725409.6404044628
7216,HGS-TV,95721.0,725473.3061461449
7217,HGS-TV,95721.0,725590.7825484276
7218,HGS-TV,95721.0,725744.4541893005
7219,HGS-TV,95721.0,725971.0211079121
7220,HGS-TV,95721.0,726031.0519113541
7221,HGS-TV,95721.0,726091.0752632618
7222,HGS-TV,95721.0,726151.1101453304
7223,HGS-TV,95721.0,726211.1258354187
7224,HGS-TV,95721.0,726408.8713366985
7225,HGS-TV,95721.0,726468.8869998455
7226,HGS-TV,95721.0,726528.9917273521
7227,HGS-TV,95721.0,726911.6528296471
7228,HGS-TV,95721.0,726971.8421421051
7229,HGS-TV,95721.0,727031.8669595718
7230,HGS-TV,95721.0,727091.904345274
7231,HGS-TV,95721.0,727151.9428408146
7232,HGS-TV,95721.0,727211.9605038166
7233,HGS-TV,95721.0,728671.1901915073
7234,HGS-TV,95721.0,728731.2349784374
7235,HGS-TV,95721.0,728791.2705569267
7236,HGS-TV,95721.0,728851.2804203033
7237,HGS-TV,95721.0,728911.4131112099
7238,HGS-TV,95721.0,728993.5915329456
7239,HGS-TV,95721.0,729053.592402935
7240,HGS-TV,95721.0,729113.7201068401
7241,HGS-TV,95721.0,729173.732493639
7242,HGS-TV,95721.0,729233.7410638332
7243,HGS-TV,95721.0,729293.7794373035
7244,HGS-TV,95721.0,729353.8320410252
7245,HGS-TV,95721.0,729413.8917782307
7246,HGS-TV,95721.0,729473.8988292217
7247,HGS-TV,95721.0,729609.0363285542
7248,HGS-TV,95721.0,729669.1141078472
7249,HGS-TV,95721.0,729729.2014200687
7250,HGS-TV,95721.0,729809.6357657909
7251,HGS-TV,95721.0,729880.291680336
7252,HGS-TV,95721.0,730062.5497121811
7253,HGS-TV,95721.0,730122.5912611485
7254,HGS-TV,95721.0,730182.6313643456
7255,HGS-TV,95721.0,730242.6814332008
7256,HGS-TV,95721.0,730363.4019167423
7257,HGS-TV,95721.0,730423.4212944508
7258,HGS-TV,95721.0,730483.5070695877
7259,HGS-TV,95721.0,730629.010178566
7260,HGS-TV,95721.0,730779.7716472149
7261,HGS-TV,95721.0,730839.7777283192
7262,HGS-TV,95721.0,732210.898473978
7263,HGS-TV,95721.0,732270.9217391014
7264,HGS-TV,95721.0,732330.9361824989
7265,HGS-TV,95721.0,732391.0034375191
7266,HGS-TV,95721.0,732451.027107954
7267,HGS-TV,95721.0,732511.0901315212
7268,HGS-TV,95721.0,732571.1101856232
7269,HGS-TV,95721.0,732631.1479356289
7270,HGS-TV,95721.0,732691.1742031574
7271,HGS-TV,95721.0,732751.2388861179
7272,HGS-TV,95721.0,732811.3097207546
7273,HGS-TV,95721.0,732871.3240718842
7274,HGS-TV,95721.0,732931.4484710693
7275,HGS-TV,95721.0,732991.5190021992
7276,HGS-TV,95721.0,733053.4433069229
7277,HGS-TV,95721.0,733113.5053963661
7278,HGS-TV,95721.0,733236.5859832764
7279,HGS-TV,95721.0,733296.6632435322
7280,HGS-TV,95721.0,733356.7073094845
7281,HGS-TV,95721.0,733620.4908385277
7282,HGS-TV,95721.0,733887.3677635193
7283,HGS-TV,95721.0,733947.4615733624
7284,HGS-TV,95721.0,734007.5296499729
7285,HGS-TV,95721.0,734076.5565655231
7286,HGS-TV,95721.0,734136.6255860329
7287,HGS-TV,95721.0,734196.7563197613
7288,HGS-TV,95721.0,734316.4252407551
7289,HGS-TV,95721.0,734376.4551081657
7290,HGS-TV,95721.0,734436.5381309986
7291,HGS-TV,95721.0,735872.214681387
7292,HGS-TV,95721.0,735932.244004488
7293,HGS-TV,95721.0,735992.2722606659
7294,HGS-TV,95721.0,736052.3398604393
7295,HGS-TV,95721.0,736112.4181900024
7296,HGS-TV,95721.0,736172.5410761833
7297,HGS-TV,95721.0,736232.6055452824
7298,HGS-TV,95721.0,736292.6466224194
7299,HGS-TV,95721.0,736352.762468338
7300,HGS-TV,95721.0,736412.7790803909
7301,HGS-TV,95721.0,736472.7810921669
7302,HGS-TV,95721.0,736532.7855241299
7303,HGS-TV,95721.0,736592.8166031837
7304,HGS-TV,95721.0,736652.8206045628
7305,HGS-TV,95721.0,736712.8782496452
7306,HGS-TV,95721.0,736772.9428784847
7307,HGS-TV,95721.0,736832.9530081749
7308,HGS-TV,95721.0,736909.2072374821
7309,HGS-TV,95721.0,737024.8413038254
7310,HGS-TV,95721.0,737113.2538523674
7311,HGS-TV,95721.0,737173.3219110966
7312,HGS-TV,95721.0,737233.3272674084
7313,HGS-TV,95721.0,737296.5939793587
7314,HGS-TV,95721.0,737356.6672172546
7315,HGS-TV,95721.0,737416.7089922428
7316,HGS-TV,95721.0,737476.7178931236
7317,HGS-TV,95721.0,737536.8068027496
7318,HGS-TV,95721.0,737596.8610186577
7319,HGS-TV,95721.0,737693.5000245571
7320,HGS-TV,95721.0,737753.5437662601
7321,HGS-TV,95721.0,737813.6483876705
7322,HGS-TV,95721.0,737873.6669640541
7323,HGS-TV,95721.0,738012.2473418713
7324,HGS-TV,95721.0,739417.6961874962
7325,HGS-TV,95721.0,739477.7498095036
7326,HGS-TV,95721.0,739537.8118057251
7327,HGS-TV,95721.0,739597.9047119617
7328,HGS-TV,95721.0,739658.0015742779
7329,HGS-TV,95721.0,739718.0073158741
7330,HGS-TV,95721.0,739778.024386406
7331,HGS-TV,95721.0,739838.039765358
7332,HGS-TV,95721.0,739898.054393053
7333,HGS-TV,95721.0,739958.1589355469
7334,HGS-TV,95721.0,740018.2105565071
7335,HGS-TV,95721.0,740078.29956913
7336,HGS-TV,95721.0,740138.3053312302
7337,HGS-TV,95721.0,740198.3300333023
7338,HGS-TV,95721.0,740368.0546634197
7339,HGS-TV,95721.0,740428.1661498547
7340,HGS-TV,95721.0,740500.2533166409
7341,HGS-TV,95721.0,740560.3168787956
7342,HGS-TV,95721.0,740620.3360455036
7343,HGS-TV,95721.0,740680.3559441566
7344,HGS-TV,95721.0,740740.3833611012
7345,HGS-TV,95721.0,740800.4218189716
7346,HGS-TV,95721.0,740860.4395694733
7347,HGS-TV,95721.0,740922.4298629761
7348,HGS-TV,95721.0,740983.4465596676
7349,HGS-TV,95721.0,741164.8090698719
7350,HGS-TV,95721.0,741224.8237540722
7351,HGS-TV,95721.0,741284.8770596981
7352,HGS-TV,95721.0,741344.8897938728
7353,HGS-TV,95721.0,741404.9509747028
7354,HGS-TV,95721.0,741464.9939415455
7355,HGS-TV,95721.0,741525.0636208057
7356,HGS-TV,95721.0,741585.0727829933
7357,HGS-TV,95721.0,741645.1325659752
7358,HGS-TV,95721.0,743069.2440128326
7359,HGS-TV,95721.0,743129.2545733452
7360,HGS-TV,95721.0,743189.312139988
7361,HGS-TV,95721.0,743249.3992063999
7362,HGS-TV,95721.0,743309.3998456001
7363,HGS-TV,95721.0,743369.4770331383
7364,HGS-TV,95721.0,743429.4943783283
7365,HGS-TV,95721.0,743489.5266804695
7366,HGS-TV,95721.0,743549.5832879543
7367,HGS-TV,95721.0,743609.586422205
7368,HGS-TV,95721.0,743669.6190826893
7369,HGS-TV,95721.0,743741.3273646832
7370,HGS-TV,95721.0,743870.4647746086
7371,HGS-TV,95721.0,743930.4908511639
7372,HGS-TV,95721.0,743990.4955496788
7373,HGS-TV,95721.0,744069.3634228706
7374,HGS-TV,95721.0,744129.4173638821
7375,HGS-TV,95721.0,744317.7613563538
7376,HGS-TV,95721.0,744377.8935534954
7377,HGS-TV,95721.0,744437.9580450058
7378,HGS-TV,95721.0,744548.584250927
7379,HGS-TV,95721.0,744649.9609527588
7380,HGS-TV,95721.0,744710.0193302631
7381,HGS-TV,95721.0,744770.101899147
7382,HGS-TV,95721.0,744830.1622710228
7383,HGS-TV,95721.0,744909.7887074947
7384,HGS-TV,95721.0,745055.8253149986
7385,HGS-TV,95721.0,745163.263864994
7386,HGS-TV,95721.0,746641.1845986843
7387,HGS-TV,95721.0,746701.2892718315
7388,HGS-TV,95721.0,746761.3744752407
7389,HGS-TV,95721.0,746821.3819086552
7390,HGS-TV,95721.0,746881.4157078266
7391,HGS-TV,95721.0,746941.4209370613
7392,HGS-TV,95721.0,747001.469306469
7393,HGS-TV,95721.0,747083.4364151955
7394,HGS-TV,95721.0,747143.537576437
7395,HGS-TV,95721.0,747203.6005623341
7396,HGS-TV,95721.0,747263.6363444328
7397,HGS-TV,95721.0,747323.7094142437
7398,HGS-TV,95721.0,747479.5271012783
7399,HGS-TV,95721.0,747539.5315499306
7400,HGS-TV,95721.0,747599.5317087173
7401,HGS-TV,95721.0,747691.0881147385
7402,HGS-TV,95721.0,747751.1220836639
7403,HGS-TV,95721.0,747905.5872445107
7404,HGS-TV,95721.0,747965.6766600609
7405,HGS-TV,95721.0,748076.8863732815
7406,HGS-TV,95721.0,748147.8883390427
7407,HGS-TV,95721.0,748353.4714312553
7408,HGS-TV,95721.0,748562.2118852139
7409,HGS-TV,95721.0,748622.2306096554
7410,HGS-TV,95721.0,748848.3825364113
7411,HGS-TV,95721.0,750228.8080835342
7412,HGS-TV,95721.0,750288.8847365379
7413,HGS-TV,95721.0,750348.9318175316
7414,HGS-TV,95721.0,750409.0094957352
7415,HGS-TV,95721.0,750469.091645956
7416,HGS-TV,95721.0,750529.120126009
7417,HGS-TV,95721.0,750589.132701397
7418,HGS-TV,95721.0,750649.2097594738
7419,HGS-TV,95721.0,750709.2825510502
7420,HGS-TV,95721.0,750769.309499979
7421,HGS-TV,95721.0,750829.3975996971
7422,HGS-TV,95721.0,750889.4393372536
7423,HGS-TV,95721.0,750949.4640250206
7424,HGS-TV,95721.0,751009.532122612
7425,HGS-TV,95721.0,751069.5416827202
7426,HGS-TV,95721.0,751140.4938423634
7427,HGS-TV,95721.0,751200.5125527382
7428,HGS-TV,95721.0,751260.5336124897
7429,HGS-TV,95721.0,751320.540825367
7430,HGS-TV,95721.0,751380.5508191586
7431,HGS-TV,95721.0,751440.5685038567
7432,HGS-TV,95721.0,751605.7654662132
7433,HGS-TV,95721.0,751665.8332679272
7434,HGS-TV,95721.0,751864.6238250732
7435,HGS-TV,95721.0,751924.6753218174
7436,HGS-TV,95721.0,751984.7585442066
7437,HGS-TV,95721.0,752044.7772724628
7438,HGS-TV,95721.0,752104.8118448257
7439,HGS-TV,95721.0,752173.8547067642
7440,HGS-TV,95721.0,752233.9315094948
7441,HGS-TV,95721.0,752340.374335289
7442,HGS-TV,95721.0,752400.4135251045
7443,HGS-TV,95721.0,753827.5688323975
7444,HGS-TV,95721.0,753887.640062809
7445,HGS-TV,95721.0,753947.6849863529
7446,HGS-TV,95721.0,754007.7265896797
7447,HGS-TV,95721.0,754067.8221318722
7448,HGS-TV,95721.0,754127.8344378471
7449,HGS-TV,95721.0,754187.8662347794
7450,HGS-TV,95721.0,754247.8777275085
7451,HGS-TV,95721.0,754307.8801093102
7452,HGS-TV,95721.0,754367.8905241489
7453,HGS-TV,95721.0,754639.6138305664
7454,HGS-TV,95721.0,754699.7180278301
7455,HGS-TV,95721.0,754759.7259736061
7456,HGS-TV,95721.0,754819.7925257683
7457,HGS-TV,95721.0,754879.8116364479
7458,HGS-TV,95721.0,754939.8152792454
7459,HGS-TV,95721.0,754999.8340375423
7460,HGS-TV,95721.0,755059.8736109734
7461,HGS-TV,95721.0,755119.8978331089
7462,HGS-TV,95721.0,755208.6253082752
7463,HGS-TV,95721.0,755268.6430947781
7464,HGS-TV,95721.0,755328.650979042
7465,HGS-TV,95721.0,755425.1804916859
7466,HGS-TV,95721.0,755524.5368580818
7467,HGS-TV,95721.0,755584.5578460693
7468,HGS-TV,95721.0,755644.5591835976
7469,HGS-TV,95721.0,755704.5852780342
7470,HGS-TV,95721.0,755770.3098664284
7471,HGS-TV,95721.0,755830.369474411
7472,HGS-TV,95721.0,755943.4275269508
7473,HGS-TV,95721.0,757432.0888619423
7474,HGS-TV,95721.0,757492.1138114929
7475,HGS-TV,95721.0,757552.126727581
7476,HGS-TV,95721.0,757612.195274353
7477,HGS-TV,95721.0,757672.2485654354
7478,HGS-TV,95721.0,757732.2588000298
7479,HGS-TV,95721.0,757792.3124620914
7480,HGS-TV,95721.0,757852.4275503159
7481,HGS-TV,95721.0,757926.3943023682
7482,HGS-TV,95721.0,757986.4491386414
7483,HGS-TV,95721.0,758046.456392765
7484,HGS-TV,95721.0,758159.0828003883
7485,HGS-TV,95721.0,758219.1182584763
7486,HGS-TV,95721.0,758279.1656084061
7487,HGS-TV,95721.0,758383.6195995808
7488,HGS-TV,95721.0,758443.690718174
7489,HGS-TV,95721.0,758522.9367177486
7490,HGS-TV,95721.0,758583.0028958321
7491,HGS-TV,95721.0,758876.9030168056
7492,HGS-TV,95721.0,758936.9761362076
7493,HGS-TV,95721.0,759091.8746845722
7494,HGS-TV,95721.0,759151.9668803215
7495,HGS-TV,95721.0,759244.4307844639
7496,HGS-TV,95721.0,759304.4700627327
7497,HGS-TV,95721.0,759364.5254843235
7498,HGS-TV,95721.0,759424.5348803997
7499,HGS-TV,95721.0,759484.5537848473
7500,HGS-TV,95721.0,759544.5961461067
7501,HGS-TV,95721.0,759604.6491732597
7502,HGS-TV,95721.0,761036.7442831993
7503,HGS-TV,95721.0,761096.7582576275
7504,HGS-TV,95721.0,761156.7967956066
7505,HGS-TV,95721.0,761216.8488841057
7506,HGS-TV,95721.0,761276.960416317
7507,HGS-TV,95721.0,761337.0053060055
7508,HGS-TV,95721.0,761397.0507266521
7509,HGS-TV,95721.0,761470.7165248394
7510,HGS-TV,95721.0,761530.7172658443
7511,HGS-TV,95721.0,761590.7744867802
7512,HGS-TV,95721.0,761650.788872242
7513,HGS-TV,95721.0,761710.8716216087
7514,HGS-TV,95721.0,761770.8801651001
7515,HGS-TV,95721.0,761830.9309344292
7516,HGS-TV,95721.0,761890.987197876
7517,HGS-TV,95721.0,761951.0319330692
7518,HGS-TV,95721.0,762011.082773447
7519,HGS-TV,95721.0,762075.8648021221
7520,HGS-TV,95721.0,762135.9038963318
7521,HGS-TV,95721.0,762215.9339823723
7522,HGS-TV,95721.0,762338.7739622593
7523,HGS-TV,95721.0,762398.8083031178
7524,HGS-TV,95721.0,762461.6258592606
7525,HGS-TV,95721.0,762521.6688349247
7526,HGS-TV,95721.0,762724.9177687168
7527,HGS-TV,95721.0,762785.04037714
7528,HGS-TV,95721.0,762845.1198172569
7529,HGS-TV,95721.0,762940.3531124592
7530,HGS-TV,95721.0,763000.39605093
7531,HGS-TV,95721.0,763060.4038624763
7532,HGS-TV,95721.0,763120.4242045879
7533,HGS-TV,95721.0,763180.5311727524
7534,HGS-TV,95721.0,763240.5569691658
7535,HGS-TV,95721.0,764691.8590016365
7536,HGS-TV,95721.0,764751.9223012924
7537,HGS-TV,95721.0,764812.0211939812
7538,HGS-TV,95721.0,764872.0444953442
7539,HGS-TV,95721.0,764932.0722360611
7540,HGS-TV,95721.0,764992.111000061
7541,HGS-TV,95721.0,765052.1689491272
7542,HGS-TV,95721.0,765112.2127315998
7543,HGS-TV,95721.0,765172.3000545502
7544,HGS-TV,95721.0,765232.3604204655
7545,HGS-TV,95721.0,765292.4217295647
7546,HGS-TV,95721.0,765352.500453949
7547,HGS-TV,95721.0,765471.1026592255
7548,HGS-TV,95721.0,765531.168595314
7549,HGS-TV,95721.0,765591.2338864803
7550,HGS-TV,95721.0,765671.4538452625
7551,HGS-TV,95721.0,765737.119743824
7552,HGS-TV,95721.0,765797.1642525196
7553,HGS-TV,95721.0,765857.1788756847
7554,HGS-TV,95721.0,765917.18638587
7555,HGS-TV,95721.0,765977.2473418713
7556,HGS-TV,95721.0,766037.2637505531
7557,HGS-TV,95721.0,766097.3171913624
7558,HGS-TV,95721.0,766157.4116942883
7559,HGS-TV,95721.0,766217.4966175556
7560,HGS-TV,95721.0,766277.5568950176
7561,HGS-TV,95721.0,766337.5684521198
7562,HGS-TV,95721.0,766403.1077947617
7563,HGS-TV,95721.0,766463.2463986874
7564,HGS-TV,95721.0,766523.284081459
7565,HGS-TV,95721.0,766583.3142533302
7566,HGS-TV,95721.0,766643.345168829
7567,HGS-TV,95721.0,766703.3951942921
7568,HGS-TV,95721.0,766763.452696085
7569,HGS-TV,95721.0,766840.1023311615
7570,HGS-TV,95721.0,768282.9741778374
7571,HGS-TV,95721.0,768342.9851033688
7572,HGS-TV,95721.0,768403.0177710056
7573,HGS-TV,95721.0,768463.0464503765
7574,HGS-TV,95721.0,768523.125775814
7575,HGS-TV,95721.0,768583.200263977
7576,HGS-TV,95721.0,768643.2618873119
7577,HGS-TV,95721.0,768703.3473362923
7578,HGS-TV,95721.0,768763.4327085018
7579,HGS-TV,95721.0,768823.442602396
7580,HGS-TV,95721.0,768883.5078434944
7581,HGS-TV,95721.0,768943.593310833
7582,HGS-TV,95721.0,769003.663164854
7583,HGS-TV,95721.0,769063.6789205074
7584,HGS-TV,95721.0,769140.1257646084
7585,HGS-TV,95721.0,769268.8729813099
7586,HGS-TV,95721.0,769328.8816235065
7587,HGS-TV,95721.0,769388.9330599308
7588,HGS-TV,95721.0,769448.9931707382
7589,HGS-TV,95721.0,769509.0790498257
7590,HGS-TV,95721.0,769586.1008946896
7591,HGS-TV,95721.0,769652.7027368546
7592,HGS-TV,95721.0,769712.7909095287
7593,HGS-TV,95721.0,769772.834297657
7594,HGS-TV,95721.0,769832.8691394329
7595,HGS-TV,95721.0,769892.9333548546
7596,HGS-TV,95721.0,770001.4566540718
7597,HGS-TV,95721.0,770061.4995620251
7598,HGS-TV,95721.0,770128.8905837536
7599,HGS-TV,95721.0,770188.9201235771
7600,HGS-TV,95721.0,770248.9398801327
7601,HGS-TV,95721.0,770308.964058876
7602,HGS-TV,95721.0,770369.0093271732
7603,HGS-TV,95721.0,770429.0448622704
7604,HGS-TV,95721.0,771920.810366869
7605,HGS-TV,95721.0,771980.9169709682
7606,HGS-TV,95721.0,772040.9243688583
7607,HGS-TV,95721.0,772100.9287128448
7608,HGS-TV,95721.0,772160.9611992836
7609,HGS-TV,95721.0,772221.0981853008
7610,HGS-TV,95721.0,772281.2187752724
7611,HGS-TV,95721.0,772386.1744294167
7612,HGS-TV,95721.0,772446.1751201153
7613,HGS-TV,95721.0,772506.2118434906
7614,HGS-TV,95721.0,772566.2776043415
7615,HGS-TV,95721.0,772626.3759195805
7616,HGS-TV,95721.0,772686.456246376
7617,HGS-TV,95721.0,772746.5255861282
7618,HGS-TV,95721.0,772806.6097574234
7619,HGS-TV,95721.0,772866.7394750118
7620,HGS-TV,95721.0,772926.7999742031
7621,HGS-TV,95721.0,772986.8192403316
7622,HGS-TV,95721.0,773046.883844614
7623,HGS-TV,95721.0,773106.9489543438
7624,HGS-TV,95721.0,773166.9604125023
7625,HGS-TV,95721.0,773261.2887940407
7626,HGS-TV,95721.0,773321.3619613647
7627,HGS-TV,95721.0,773440.1755108833
7628,HGS-TV,95721.0,773500.2665388584
7629,HGS-TV,95721.0,773560.312135458
7630,HGS-TV,95721.0,773620.3945996761
7631,HGS-TV,95721.0,773693.5115056038
7632,HGS-TV,95721.0,773759.0140836239
7633,HGS-TV,95721.0,773888.6463971138
7634,ails2_etaMax1.000_stoppingTime1728000.00,95805.0,774299.8720500488
7635,ails2_etaMax1.000_stoppingTime1728000.00,95799.0,774614.3350500488
7636,HGS-TV,95721.0,775511.9951133728
7637,HGS-TV,95721.0,775572.0127773285
7638,HGS-TV,95721.0,775632.020768404
7639,HGS-TV,95721.0,775692.0948016644
7640,HGS-TV,95721.0,775752.1016919613
7641,HGS-TV,95721.0,775812.1640088558
7642,HGS-TV,95721.0,775872.2059812546
7643,HGS-TV,95721.0,775932.2160718441
7644,HGS-TV,95721.0,776027.6421847343
7645,HGS-TV,95721.0,776163.1758553982
7646,HGS-TV,95721.0,776223.2736611366
7647,HGS-TV,95721.0,776292.1600561142
7648,HGS-TV,95721.0,776352.2307190895
7649,HGS-TV,95721.0,776421.594638586
7650,HGS-TV,95721.0,776481.6215088367
7651,HGS-TV,95721.0,776541.6541922092
7652,HGS-TV,95721.0,776601.7073318958
7653,HGS-TV,95721.0,776661.7164065838
7654,HGS-TV,95721.0,776733.4766087532
7655,HGS-TV,95721.0,776793.4991593361
7656,HGS-TV,95721.0,776853.5686597824
7657,HGS-TV,95721.0,776913.6157567501
7658,HGS-TV,95721.0,776973.6417582035
7659,HGS-TV,95721.0,777033.763466835
7660,HGS-TV,95721.0,777093.8653092384
7661,HGS-TV,95721.0,777153.9197142124
7662,HGS-TV,95721.0,777213.9788475037
7663,ails2_etaMax1.000_stoppingTime1728000.00,95795.0,777243.2230500488
7664,HGS-TV,95721.0,777273.979937315
7665,ails2_etaMax1.000_stoppingTime1728000.00,95785.0,777243.2730500489
7666,HGS-TV,95721.0,777380.7469699383
7667,HGS-TV,95721.0,777440.7541055679
7668,HGS-TV,95721.0,777503.9426863194
7669,HGS-TV,95721.0,777563.9795148373
7670,HGS-TV,95721.0,777624.0144250393
7671,HGS-TV,95721.0,778989.2915000916
7672,HGS-TV,95721.0,779049.3663573265
7673,HGS-TV,95721.0,779109.4755957127
7674,HGS-TV,95721.0,779169.5624499321
7675,HGS-TV,95721.0,779229.6140739918
7676,HGS-TV,95721.0,779289.6837391853
7677,HGS-TV,95721.0,779349.68851614
7678,HGS-TV,95721.0,779409.7594957352
7679,HGS-TV,95721.0,779469.8332335949
7680,HGS-TV,95721.0,779529.8779408932
7681,HGS-TV,95721.0,779589.9254376888
7682,HGS-TV,95721.0,779649.96601367
7683,HGS-TV,95721.0,779710.0030646324
7684,HGS-TV,95721.0,779808.8259866238
7685,HGS-TV,95721.0,779868.8803470135
7686,HGS-TV,95721.0,779928.9657490253
7687,HGS-TV,95721.0,779989.0076122284
7688,HGS-TV,95721.0,780056.9543044567
7689,HGS-TV,95721.0,780254.0959582329
7690,HGS-TV,95721.0,780314.1068792343
7691,HGS-TV,95721.0,780374.1609632969
7692,HGS-TV,95721.0,780434.2391731739
7693,HGS-TV,95721.0,780494.2516260147
7694,HGS-TV,95721.0,780704.2994391918
7695,HGS-TV,95721.0,780764.3192596436
7696,HGS-TV,95721.0,780824.3747107983
7697,HGS-TV,95721.0,780884.4033865929
7698,HGS-TV,95721.0,780944.4517130852
7699,HGS-TV,95721.0,781004.5428042412
7700,HGS-TV,95721.0,781064.5604183674
7701,HGS-TV,95721.0,781124.5808033943
7702,HGS-TV,95721.0,781184.5937547684
7703,HGS-TV,95721.0,782612.9846551418
7704,HGS-TV,95721.0,782673.0441279411
7705,HGS-TV,95721.0,782733.062151432
7706,HGS-TV,95721.0,782793.1452014446
7707,HGS-TV,95721.0,782853.2499620914
7708,HGS-TV,95721.0,782913.256282568
7709,HGS-TV,95721.0,782973.2907559872
7710,HGS-TV,95721.0,783033.3046107292
7711,HGS-TV,95721.0,783093.3209075928
7712,HGS-TV,95721.0,783153.3706080914
7713,HGS-TV,95721.0,783213.4577863216
7714,HGS-TV,95721.0,783283.0451419353
7715,HGS-TV,95721.0,783343.0891153812
7716,HGS-TV,95721.0,783417.409109354
7717,HGS-TV,95721.0,783477.4762506485
7718,HGS-TV,95721.0,783555.6973643303
7719,HGS-TV,95721.0,783615.7253272533
7720,HGS-TV,95721.0,783675.7483446598
7721,HGS-TV,95721.0,783774.0908463001
7722,HGS-TV,95721.0,783843.656955719
7723,HGS-TV,95721.0,783903.6579656601
7724,HGS-TV,95721.0,783963.6840076447
7725,HGS-TV,95721.0,784025.3111462593
7726,HGS-TV,95721.0,784085.3901884556
7727,HGS-TV,95721.0,784145.498064518
7728,HGS-TV,95721.0,784205.5004923344
7729,HGS-TV,95721.0,784265.5709095001
7730,HGS-TV,95721.0,784325.6763248444
7731,HGS-TV,95721.0,784387.4327311516
7732,HGS-TV,95721.0,784447.4479546547
7733,HGS-TV,95721.0,784507.5343024731
7734,HGS-TV,95721.0,784567.6578826904
7735,HGS-TV,95721.0,784633.3001217842
7736,HGS-TV,95721.0,784693.3888990879
7737,HGS-TV,95721.0,784753.478705883
7738,HGS-TV,95721.0,784819.6102769375
7739,HGS-TV,95721.0,786235.711520195
7740,HGS-TV,95721.0,786295.75172472
7741,HGS-TV,95721.0,786355.7920024395
7742,HGS-TV,95721.0,786415.8773002625
7743,HGS-TV,95721.0,786475.88144207
7744,HGS-TV,95721.0,786535.9765429497
7745,HGS-TV,95721.0,786596.0074548721
7746,HGS-TV,95721.0,786656.056343317
7747,HGS-TV,95721.0,786716.1632449627
7748,HGS-TV,95721.0,786776.2277441025
7749,HGS-TV,95721.0,786836.2885077
7750,HGS-TV,95721.0,786896.3234148026
7751,HGS-TV,95721.0,786956.4146444798
7752,HGS-TV,95721.0,787108.3778281212
7753,HGS-TV,95721.0,787168.4197719097
7754,HGS-TV,95721.0,787228.4663212299
7755,HGS-TV,95721.0,787288.4789197445
7756,HGS-TV,95721.0,787374.0108449459
7757,HGS-TV,95721.0,787586.4134988785
7758,HGS-TV,95721.0,787646.4720926285
7759,HGS-TV,95721.0,787706.493200779
7760,HGS-TV,95721.0,787766.5514478683
7761,HGS-TV,95721.0,787826.5855195522
7762,HGS-TV,95721.0,787886.6572263241
7763,HGS-TV,95721.0,787946.7000935078
7764,HGS-TV,95721.0,788026.0205907822
7765,HGS-TV,95721.0,788086.0868296623
7766,HGS-TV,95721.0,788223.4927313328
7767,HGS-TV,95721.0,788283.5700273514
7768,HGS-TV,95721.0,788343.5849461555
7769,HGS-TV,95721.0,788441.8261973858
7770,HGS-TV,95721.0,789930.46316576
7771,HGS-TV,95721.0,789990.4847152233
7772,HGS-TV,95721.0,790050.5610928535
7773,HGS-TV,95721.0,790110.5992686749
7774,HGS-TV,95721.0,790170.720716238
7775,HGS-TV,95721.0,790230.776391983
7776,HGS-TV,95721.0,790290.8385510445
7777,HGS-TV,95721.0,790351.8101046085
7778,HGS-TV,95721.0,790411.8917722702
7779,HGS-TV,95721.0,790471.9310393333
7780,HGS-TV,95721.0,790531.9450829029
7781,HGS-TV,95721.0,790592.0220935345
7782,HGS-TV,95721.0,790652.096319437
7783,HGS-TV,95721.0,790712.1042542458
7784,HGS-TV,95721.0,790774.9378278255
7785,HGS-TV,95721.0,790901.6335074902
7786,HGS-TV,95721.0,791111.6736824512
7787,HGS-TV,95721.0,791171.7968754768
7788,HGS-TV,95721.0,791231.8186724186
7789,HGS-TV,95721.0,791291.901319027
7790,HGS-TV,95721.0,791351.96484828
7791,HGS-TV,95721.0,791411.9922714233
7792,HGS-TV,95721.0,791480.7762036324
7793,HGS-TV,95721.0,791540.7851305008
7794,HGS-TV,95721.0,791600.8044397831
7795,HGS-TV,95721.0,791660.8751168251
7796,HGS-TV,95721.0,791720.9829652309
7797,HGS-TV,95721.0,791781.0786235332
7798,ails2_etaMax1.000_stoppingTime1728000.00,95777.0,791804.6650500488
7799,HGS-TV,95721.0,791841.150791645
7800,HGS-TV,95721.0,791901.2564458847
7801,HGS-TV,95721.0,791961.2946846485
7802,HGS-TV,95721.0,792048.703234911
7803,HGS-TV,95721.0,793440.4422998428
7804,HGS-TV,95721.0,793500.4518184662
7805,HGS-TV,95721.0,793560.5164353848
7806,HGS-TV,95721.0,793620.539828062
7807,HGS-TV,95721.0,793693.8076312542
7808,HGS-TV,95721.0,793753.8621106148
7809,HGS-TV,95721.0,793813.8712089062
7810,HGS-TV,95721.0,793873.9196763039
7811,HGS-TV,95721.0,793933.94237566
7812,HGS-TV,95721.0,793994.053596735
7813,HGS-TV,95721.0,794054.0879487991
7814,HGS-TV,95721.0,794128.3552231789
7815,HGS-TV,95721.0,794188.4498648643
7816,HGS-TV,95721.0,794294.0047590733
7817,HGS-TV,95721.0,794354.0339312553
7818,HGS-TV,95721.0,794414.1060831547
7819,HGS-TV,95721.0,794503.8649272919
7820,HGS-TV,95721.0,794563.868036747
7821,HGS-TV,95721.0,794665.78424263
7822,HGS-TV,95721.0,794745.6116976738
7823,HGS-TV,95721.0,794805.7257597446
7824,HGS-TV,95721.0,794943.72757864
7825,HGS-TV,95721.0,795114.4146027565
7826,HGS-TV,95721.0,795224.9801352024
7827,HGS-TV,95721.0,795285.0549502373
7828,HGS-TV,95721.0,795345.1283433437
7829,HGS-TV,95721.0,795405.2002646923
7830,HGS-TV,95721.0,795465.2113626003
7831,HGS-TV,95721.0,795525.2386274338
7832,HGS-TV,95721.0,795585.3070471287
7833,HGS-TV,95721.0,795645.3451113701
7834,HGS-TV,95721.0,797095.9262871742
7835,HGS-TV,95721.0,797156.0792906284
7836,HGS-TV,95721.0,797216.1956315041
7837,HGS-TV,95721.0,797276.321782589
7838,HGS-TV,95721.0,797336.4054124355
7839,HGS-TV,95721.0,797396.457875967
7840,HGS-TV,95721.0,797456.4583249092
7841,HGS-TV,95721.0,797516.5607082844
7842,HGS-TV,95721.0,797576.6300728321
7843,HGS-TV,95721.0,797743.8944311142
7844,HGS-TV,95721.0,797803.9601461887
7845,HGS-TV,95721.0,797864.046929121
7846,HGS-TV,95721.0,797924.1079883575
7847,HGS-TV,95721.0,798028.053653717
7848,HGS-TV,95721.0,798256.8442630768
7849,HGS-TV,95721.0,798316.9000267982
7850,HGS-TV,95721.0,798376.9044597149
7851,HGS-TV,95721.0,798437.8558659554
7852,HGS-TV,95721.0,798497.9080808163
7853,HGS-TV,95721.0,798557.9314773083
7854,HGS-TV,95721.0,798618.0304083824
7855,HGS-TV,95721.0,798678.0821573734
7856,HGS-TV,95721.0,798738.0998921394
7857,HGS-TV,95721.0,798830.1550900936
7858,HGS-TV,95721.0,798890.1823093891
7859,HGS-TV,95721.0,798950.2296717167
7860,HGS-TV,95721.0,799010.2816753387
7861,HGS-TV,95721.0,799070.3383588791
7862,HGS-TV,95721.0,799130.3591501713
7863,HGS-TV,95721.0,799253.0260691643
7864,HGS-TV,95721.0,800620.0165176392
7865,HGS-TV,95721.0,800680.0964641571
7866,HGS-TV,95721.0,800740.1269314289
7867,HGS-TV,95721.0,800800.1876454353
7868,HGS-TV,95721.0,800860.2352144718
7869,HGS-TV,95721.0,800920.2377874851
7870,HGS-TV,95721.0,801012.9520227909
7871,HGS-TV,95721.0,801072.9768066406
7872,HGS-TV,95721.0,801132.9859771729
7873,HGS-TV,95721.0,801193.0292935371
7874,HGS-TV,95721.0,801253.1085281372
7875,HGS-TV,95721.0,801313.2058858871
7876,HGS-TV,95721.0,801373.2932887077
7877,HGS-TV,95721.0,801433.3923039436
7878,HGS-TV,95721.0,801505.8413364887
7879,HGS-TV,95721.0,801565.9163191319
7880,HGS-TV,95721.0,801625.9363889694
7881,HGS-TV,95721.0,801685.9684967995
7882,HGS-TV,95721.0,801777.2800934315
7883,HGS-TV,95721.0,801837.3849673271
7884,HGS-TV,95721.0,801897.4852888584
7885,HGS-TV,95721.0,802039.6218328476
7886,HGS-TV,95721.0,802366.8055028915
7887,HGS-TV,95721.0,802426.8184447289
7888,HGS-TV,95721.0,802486.9348843098
7889,HGS-TV,95721.0,802546.9959900379
7890,HGS-TV,95721.0,802607.0695567131
7891,HGS-TV,95721.0,802765.1491336823
7892,HGS-TV,95721.0,802853.9874505997
7893,HGS-TV,95721.0,804271.696703434
7894,HGS-TV,95721.0,804331.7716891766
7895,HGS-TV,95721.0,804391.8307375908
7896,HGS-TV,95721.0,804451.8582570553
7897,HGS-TV,95721.0,804511.8999180794
7898,HGS-TV,95721.0,804572.0032429695
7899,HGS-TV,95721.0,804632.0096850395
7900,HGS-TV,95721.0,804692.057561636
7901,HGS-TV,95721.0,804752.073600769
7902,HGS-TV,95721.0,804812.0868110657
7903,ails2_etaMax1.000_stoppingTime1728000.00,95769.0,804825.6150500488
7904,HGS-TV,95721.0,804872.1099023819
7905,ails2_etaMax1.000_stoppingTime1728000.00,95764.0,804825.6600500488
7906,HGS-TV,95721.0,805064.1047291756
7907,HGS-TV,95721.0,805124.1156358719
7908,HGS-TV,95721.0,805185.6841850281
7909,HGS-TV,95721.0,805245.7243950367
7910,HGS-TV,95721.0,805305.785166502
7911,HGS-TV,95721.0,805435.6215958595
7912,HGS-TV,95721.0,805495.7441987991
7913,HGS-TV,95721.0,805555.8116164207
7914,HGS-TV,95721.0,805676.5216982365
7915,HGS-TV,95721.0,805736.5317533016
7916,HGS-TV,95721.0,805796.5569775105
7917,HGS-TV,95721.0,805971.9935472012
7918,HGS-TV,95721.0,806032.046192646
7919,HGS-TV,95721.0,806092.0627243519
7920,HGS-TV,95721.0,806152.0780313015
7921,HGS-TV,95721.0,806212.0924823284
7922,HGS-TV,95721.0,806272.0925707817
7923,HGS-TV,95721.0,806332.131164074
7924,HGS-TV,95721.0,806392.1426420212
7925,HGS-TV,95721.0,806452.1586515903
7926,HGS-TV,95721.0,807840.0821793079
7927,HGS-TV,95721.0,807900.1930713654
7928,HGS-TV,95721.0,807960.2300088406
7929,HGS-TV,95721.0,808020.2584934235
7930,HGS-TV,95721.0,808080.3439700603
7931,HGS-TV,95721.0,808140.3715298176
7932,HGS-TV,95721.0,808200.4944951534
7933,HGS-TV,95721.0,808260.5388395786
7934,HGS-TV,95721.0,808320.5602033138
7935,HGS-TV,95721.0,808380.56569314
7936,HGS-TV,95721.0,808440.6983170509
7937,HGS-TV,95721.0,808500.7150006294
7938,HGS-TV,95721.0,808610.0261142254
7939,HGS-TV,95721.0,808689.1127972603
7940,HGS-TV,95721.0,808772.0951220989
7941,HGS-TV,95721.0,808899.9440822601
7942,HGS-TV,95721.0,808986.9958956242
7943,HGS-TV,95721.0,809076.104966402
7944,HGS-TV,95721.0,809166.6909234524
7945,HGS-TV,95721.0,809226.7560861111
7946,HGS-TV,95721.0,809286.8735733032
7947,HGS-TV,95721.0,809346.8754749298
7948,HGS-TV,95721.0,809407.8548412323
7949,HGS-TV,95721.0,809480.6281740665
7950,HGS-TV,95721.0,809548.8448207378
7951,HGS-TV,95721.0,809608.8726990223
7952,HGS-TV,95721.0,809668.9376757145
7953,HGS-TV,95721.0,809728.9647810459
7954,HGS-TV,95721.0,809804.3577682972
7955,HGS-TV,95721.0,809864.4216792583
7956,HGS-TV,95721.0,809924.4327216148
7957,HGS-TV,95721.0,811323.6275279522
7958,HGS-TV,95721.0,811383.6282877922
7959,HGS-TV,95721.0,811443.7034063339
7960,HGS-TV,95721.0,811503.7314610481
7961,HGS-TV,95721.0,811563.8162109852
7962,HGS-TV,95721.0,811623.8973183632
7963,HGS-TV,95721.0,811699.7412700653
7964,HGS-TV,95721.0,811759.7571370602
7965,HGS-TV,95721.0,811819.8188078403
7966,HGS-TV,95721.0,811879.8976140022
7967,HGS-TV,95721.0,811940.0400629044
7968,HGS-TV,95721.0,812000.1297607422
7969,HGS-TV,95721.0,812060.1473155022
7970,HGS-TV,95721.0,812162.1817479134
7971,HGS-TV,95721.0,812222.2127120495
7972,HGS-TV,95721.0,812282.2978332043
7973,HGS-TV,95721.0,812342.3286898136
7974,HGS-TV,95721.0,812413.6073870659
7975,HGS-TV,95721.0,812494.85283041
7976,HGS-TV,95721.0,812554.898226738
7977,HGS-TV,95721.0,812627.6025488377
7978,HGS-TV,95721.0,812687.6931655407
7979,ails2_etaMax0.020_stoppingTime86400.00,95720.0,812718.4850500488
7980,ails2_etaMax0.020_stoppingTime86400.00,95717.0,812719.6340500488
7981,HGS-TV,95721.0,812804.186144352
7982,HGS-TV,95721.0,812864.1935360432
7983,HGS-TV,95721.0,812924.2060835361
7984,HGS-TV,95721.0,813021.5558691025
7985,HGS-TV,95721.0,813118.5862193108
7986,HGS-TV,95721.0,813214.9453530312
7987,HGS-TV,95721.0,813274.976568222
7988,HGS-TV,95721.0,813363.6496860981
7989,HGS-TV,95721.0,813423.7314023972
7990,HGS-TV,95721.0,813502.7815990448
7991,HGS-TV,95721.0,813640.845564127
7992,HGS-TV,95715.0,813747.6411297321
7993,HGS-TV,95714.0,813971.5284330845
7994,HGS-TV,95714.0,815220.3631417751
7995,HGS-TV,95714.0,815280.4393591881
7996,HGS-TV,95714.0,815340.4729151726
7997,HGS-TV,95714.0,815400.5340204239
7998,HGS-TV,95714.0,815460.5886614323
7999,HGS-TV,95714.0,815520.6284332275
8000,HGS-TV,95714.0,815580.660171032
8001,HGS-TV,95714.0,815640.7072732449
8002,HGS-TV,95714.0,815700.7635812759
8003,HGS-TV,95714.0,815760.8432614803
8004,HGS-TV,95714.0,815820.8890347481
8005,HGS-TV,95714.0,815880.9609508514
8006,HGS-TV,95714.0,815940.9944760799
8007,HGS-TV,95714.0,816041.8877134323
8008,HGS-TV,95714.0,816101.9370231628
8009,HGS-TV,95714.0,816162.0168168545
8010,HGS-TV,95714.0,816222.1417937279
8011,HGS-TV,95714.0,816282.1773412228
8012,HGS-TV,95714.0,816371.9714884758
8013,HGS-TV,95714.0,816432.0154635906
8014,HGS-TV,95714.0,816492.0884647369
8015,HGS-TV,95714.0,816576.004671812
8016,HGS-TV,95714.0,816636.016027689
8017,HGS-TV,95714.0,816696.0445578098
8018,HGS-TV,95714.0,816756.1054623127
8019,HGS-TV,95714.0,816816.1486234665
8020,HGS-TV,95714.0,817054.3005671501
8021,HGS-TV,95714.0,817180.3601825237
8022,HGS-TV,95714.0,817240.4555342197
8023,HGS-TV,95714.0,817306.9684109688
8024,HGS-TV,95714.0,817366.9782323837
8025,HGS-TV,95714.0,817434.3192863464
8026,HGS-TV,95714.0,817552.0851647854
8027,HGS-TV,95714.0,817612.4267058372
8028,HGS-TV,95714.0,817672.465970993
8029,HGS-TV,95714.0,817762.225458622
8030,HGS-TV,95714.0,817822.3155248165
8031,HGS-TV,95714.0,817882.3334140778
8032,HGS-TV,95714.0,817942.3437170982
8033,HGS-TV,95714.0,818002.3450679779
8034,HGS-TV,95714.0,818117.107041359
8035,HGS-TV,95714.0,818209.837253809
8036,HGS-TV,95714.0,818325.5214500427
8037,HGS-TV,95714.0,818385.5714833736
8038,HGS-TV,95714.0,818445.5762927532
8039,HGS-TV,95714.0,818505.616617918
8040,HGS-TV,95714.0,818740.6961326599
8041,HGS-TV,95714.0,818802.1570112705
8042,HGS-TV,95714.0,818869.0603444576
8043,HGS-TV,95714.0,818990.2994530201
8044,HGS-TV,95714.0,819076.7922818661
8045,HGS-TV,95714.0,819139.9724936485
8046,HGS-TV,95714.0,819200.0148062706
8047,HGS-TV,95714.0,819260.0943300724
8048,HGS-TV,95714.0,819320.1548888683
8049,HGS-TV,95714.0,819380.2520451546
8050,HGS-TV,95714.0,819440.3221492767
8051,HGS-TV,95714.0,819500.3408055305
8052,HGS-TV,95714.0,819603.3044400215
8053,HGS-TV,95714.0,819663.3058168888
8054,HGS-TV,95714.0,819723.3566997051
8055,HGS-TV,95714.0,819833.6107196808
8056,HGS-TV,95714.0,819893.6538419724
8057,HGS-TV,95714.0,819953.7875523567
8058,HGS-TV,95714.0,820013.8710103035
8059,HGS-TV,95714.0,820073.8948488235
8060,HGS-TV,95714.0,820133.9427032471
8061,HGS-TV,95714.0,820193.9606492519
8062,HGS-TV,95714.0,820253.9680869579
8063,HGS-TV,95714.0,820322.3717768192
8064,HGS-TV,95714.0,820382.3737742901
8065,HGS-TV,95714.0,820452.3113291264
8066,HGS-TV,95714.0,820512.3400969505
8067,HGS-TV,95714.0,820572.3447170258
8068,HGS-TV,95714.0,820632.3649480343
8069,HGS-TV,95714.0,820847.8685660362
8070,HGS-TV,95714.0,820907.9060292244
8071,HGS-TV,95714.0,820967.9372632504
8072,HGS-TV,95714.0,821053.1279537678
8073,HGS-TV,95714.0,821280.6445970535
8074,HGS-TV,95714.0,821366.2788131237
8075,HGS-TV,95714.0,821426.3605194092
8076,HGS-TV,95714.0,821486.3673603535
8077,HGS-TV,95714.0,821546.4023656845
8078,HGS-TV,95714.0,821606.4936711788
8079,HGS-TV,95714.0,821666.5269565582
8080,HGS-TV,95714.0,821726.6062338352
8081,HGS-TV,95714.0,821786.6582558155
8082,HGS-TV,95714.0,821849.218757391
8083,HGS-TV,95714.0,821999.2573432922
8084,HGS-TV,95714.0,822197.2807753086
8085,HGS-TV,95714.0,822257.2931535244
8086,HGS-TV,95714.0,822329.9089400768
8087,HGS-TV,95714.0,822389.954221487
8088,HGS-TV,95714.0,822450.0100049973
8089,HGS-TV,95714.0,822514.9144189358
8090,HGS-TV,95714.0,822838.3509223461
8091,HGS-TV,95714.0,822974.204169035
8092,HGS-TV,95714.0,823397.336671114
8093,HGS-TV,95714.0,823457.3560910225
8094,HGS-TV,95714.0,823668.6308691502
8095,HGS-TV,95714.0,823728.6511342525
8096,HGS-TV,95714.0,824146.2216169834
8097,HGS-TV,95714.0,824206.2618296146
8098,HGS-TV,95714.0,824567.4280517101
8099,HGS-TV,95714.0,824627.4523384571
8100,HGS-TV,95714.0,824751.99101758
8101,HGS-TV,95714.0,826014.4398164749
8102,HGS-TV,95714.0,826074.464017868
8103,HGS-TV,95714.0,826161.0618069172
8104,HGS-TV,95714.0,826221.1001329422
8105,HGS-TV,95714.0,826306.0614256859
8106,HGS-TV,95714.0,826366.1387820244
8107,HGS-TV,95714.0,827032.3398475647
8108,HGS-TV,95714.0,827321.1637020111
8109,ails2_etaMax1.000_stoppingTime1728000.00,95763.0,827414.7730500489
8110,ails2_etaMax1.000_stoppingTime1728000.00,95757.0,827415.2520500488
8111,HGS-TV,95714.0,827757.1453819275
8112,HGS-TV,95714.0,827817.2229552269
8113,HGS-TV,95714.0,827924.766061306
8114,HGS-TV,95714.0,827984.7919557095
8115,HGS-TV,95714.0,828044.9119739532
8116,HGS-TV,95714.0,828918.5727303028
8117,HGS-TV,95714.0,829111.2339763641
8118,HGS-TV,95714.0,829462.4529604912
8119,HGS-TV,95714.0,830919.0880298615
8120,HGS-TV,95714.0,830979.110398531
8121,HGS-TV,95714.0,831039.2137892246
8122,HGS-TV,95714.0,831099.2324008942
8123,HGS-TV,95714.0,831159.2471837997
8124,HGS-TV,95714.0,831248.9763102531
8125,HGS-TV,95714.0,831309.041000843
8126,HGS-TV,95714.0,831375.9236564636
8127,HGS-TV,95714.0,831435.925258398
8128,HGS-TV,95714.0,831496.0157544613
8129,HGS-TV,95714.0,831556.0224199295
8130,HGS-TV,95714.0,831616.0341331959
8131,HGS-TV,95714.0,831681.1238908768
8132,HGS-TV,95714.0,831784.3522658348
8133,HGS-TV,95714.0,831844.3794307709
8134,HGS-TV,95714.0,831904.4145376682
8135,HGS-TV,95714.0,831964.4360256195
8136,HGS-TV,95714.0,832024.4464178085
8137,HGS-TV,95714.0,832084.4536960125
8138,HGS-TV,95714.0,832144.55351758
8139,HGS-TV,95714.0,832204.6595699787
8140,HGS-TV,95714.0,832264.6762242317
8141,HGS-TV,95714.0,832324.6919941902
8142,HGS-TV,95714.0,832384.7027583122
8143,HGS-TV,95714.0,832444.8075330257
8144,HGS-TV,95714.0,832504.9264597893
8145,HGS-TV,95714.0,832564.9320931435
8146,HGS-TV,95714.0,832625.0032606125
8147,HGS-TV,95714.0,832905.8646440506
8148,HGS-TV,95714.0,832965.8876597881
8149,HGS-TV,95714.0,833100.9098927975
8150,HGS-TV,95714.0,833160.9335370064
8151,HGS-TV,95714.0,833221.0016446114
8152,HGS-TV,95714.0,833284.7243380547
8153,HGS-TV,95714.0,833344.7650444508
8154,HGS-TV,95714.0,833404.7852938175
8155,HGS-TV,95714.0,833464.8392231464
8156,HGS-TV,95714.0,833524.9307281971
8157,HGS-TV,95714.0,833585.0051095486
8158,HGS-TV,95714.0,833645.1041302681
8159,HGS-TV,95714.0,833705.1913628578
8160,HGS-TV,95714.0,833765.2314789295
8161,HGS-TV,95714.0,833825.2576622963
8162,HGS-TV,95714.0,833887.1976308823
8163,HGS-TV,95714.0,833947.2559621334
8164,HGS-TV,95714.0,834011.3400321007
8165,HGS-TV,95714.0,834071.3651731014
8166,HGS-TV,95714.0,834131.414828062
8167,HGS-TV,95714.0,834191.4707157612
8168,HGS-TV,95714.0,834251.4894316196
8169,HGS-TV,95714.0,834311.549529314
8170,HGS-TV,95714.0,834382.6119422913
8171,HGS-TV,95714.0,834442.6357181072
8172,HGS-TV,95714.0,834502.6413302422
8173,HGS-TV,95714.0,834562.7214105129
8174,HGS-TV,95714.0,834622.752030611
8175,HGS-TV,95714.0,834682.8155298233
8176,HGS-TV,95714.0,834742.8619022369
8177,HGS-TV,95714.0,834802.9275593758
8178,HGS-TV,95714.0,834862.9468767643
8179,HGS-TV,95714.0,834922.9812014103
8180,HGS-TV,95714.0,834982.9940195084
8181,HGS-TV,95714.0,835077.610947609
8182,HGS-TV,95714.0,835137.7228844166
8183,HGS-TV,95714.0,835197.7273378372
8184,HGS-TV,95714.0,835257.8047506809
8185,HGS-TV,95714.0,835317.8353364468
8186,HGS-TV,95714.0,835377.8674747944
8187,HGS-TV,95714.0,835437.8900926113
8188,HGS-TV,95714.0,835497.9422826767
8189,HGS-TV,95714.0,835604.2361149788
8190,HGS-TV,95714.0,835664.3381545544
8191,HGS-TV,95714.0,835724.3615558147
8192,HGS-TV,95714.0,835784.4097876549
8193,HGS-TV,95714.0,835844.4469358921
8194,HGS-TV,95714.0,836067.4712197781
8195,HGS-TV,95714.0,836127.5324099064
8196,HGS-TV,95714.0,836228.7996611595
8197,HGS-TV,95714.0,836491.190696001
8198,HGS-TV,95714.0,836687.6191909313
8199,HGS-TV,95714.0,836759.6502153873
8200,HGS-TV,95714.0,837198.3128259182
8201,HGS-TV,95714.0,837356.3577721119
8202,HGS-TV,95714.0,837516.9330182076
8203,HGS-TV,95714.0,837576.9639790058
8204,HGS-TV,95714.0,837691.120921135
8205,HGS-TV,95714.0,837751.1430072784
8206,HGS-TV,95714.0,837936.611528635
8207,HGS-TV,95714.0,837996.6161661148
8208,HGS-TV,95714.0,838153.0756883621
8209,HGS-TV,95714.0,838770.7792921066
8210,HGS-TV,95714.0,838830.8107101917
8211,ails2_etaMax0.010_stoppingTime432000.00,95728.0,839149.6780500489
8212,ails2_etaMax0.010_stoppingTime432000.00,95727.0,839150.9260500488
8213,HGS-TV,95714.0,839365.5050349236
8214,HGS-TV,95714.0,839454.5574522018
8215,HGS-TV,95714.0,839514.6144218445
8216,HGS-TV,95714.0,840247.2008798122
8217,HGS-TV,95714.0,840307.2328896523
8218,HGS-TV,95714.0,840925.8434636593
8219,HGS-TV,95714.0,841860.3899884224
8220,HGS-TV,95714.0,841920.4191839695
8221,ails2_etaMax1.000_stoppingTime1728000.00,95754.0,841954.6000500488
8222,HGS-TV,95714.0,841980.4224874973
8223,HGS-TV,95714.0,842040.4317185879
8224,HGS-TV,95714.0,842525.2473750114
8225,HGS-TV,95714.0,844014.487411499
8226,HGS-TV,95714.0,844074.5273046494
8227,HGS-TV,95714.0,844134.6400153637
8228,HGS-TV,95714.0,844194.7400350571
8229,HGS-TV,95714.0,844254.8414182663
8230,HGS-TV,95714.0,844314.9407019615
8231,HGS-TV,95714.0,844374.9705271721
8232,HGS-TV,95714.0,844435.038762331
8233,HGS-TV,95714.0,844495.1290214062
8234,HGS-TV,95714.0,844555.2257156372
8235,HGS-TV,95714.0,844615.2781910896
8236,HGS-TV,95714.0,844680.0662405491
8237,HGS-TV,95714.0,844740.1551978588
8238,HGS-TV,95714.0,844827.1795425415
8239,HGS-TV,95714.0,844935.260215044
8240,HGS-TV,95714.0,844995.3394365311
8241,HGS-TV,95714.0,845055.3443143368
8242,HGS-TV,95714.0,845115.4039511681
8243,HGS-TV,95714.0,845175.4466178417
8244,HGS-TV,95714.0,845235.4795696735
8245,HGS-TV,95714.0,845295.5057337284
8246,HGS-TV,95714.0,845355.6074995995
8247,HGS-TV,95714.0,845415.6425094604
8248,HGS-TV,95714.0,845475.6569225788
8249,HGS-TV,95714.0,845535.6702640057
8250,HGS-TV,95714.0,845595.7322762012
8251,HGS-TV,95714.0,845678.0010371208
8252,HGS-TV,95714.0,845816.1921901703
8253,HGS-TV,95714.0,845906.3867878914
8254,HGS-TV,95714.0,845966.4313955307
8255,HGS-TV,95714.0,846026.4856309891
8256,HGS-TV,95714.0,846086.5495715141
8257,HGS-TV,95714.0,846163.513510704
8258,HGS-TV,95714.0,846223.5543539524
8259,HGS-TV,95714.0,846283.5693471432
8260,HGS-TV,95714.0,846436.0695114136
8261,HGS-TV,95714.0,846496.0749697685
8262,HGS-TV,95714.0,846556.1658535004
8263,HGS-TV,95714.0,846616.1805412769
8264,HGS-TV,95714.0,846676.2357866764
8265,HGS-TV,95714.0,846751.9303917885
8266,HGS-TV,95714.0,846830.7174918652
8267,HGS-TV,95714.0,846890.7915079594
8268,HGS-TV,95714.0,846950.8894839287
8269,HGS-TV,95714.0,847011.0372414589
8270,HGS-TV,95714.0,847071.1687278748
8271,HGS-TV,95714.0,847131.2307200432
8272,HGS-TV,95714.0,847191.2375071049
8273,HGS-TV,95714.0,847251.2452783585
8274,HGS-TV,95714.0,847311.3348875046
8275,HGS-TV,95714.0,847371.3699731827
8276,HGS-TV,95714.0,847431.3810741901
8277,HGS-TV,95714.0,847491.4283852577
8278,HGS-TV,95714.0,847551.5036911964
8279,HGS-TV,95714.0,847611.5801260471
8280,HGS-TV,95714.0,847671.6025133133
8281,HGS-TV,95714.0,847731.6373095512
8282,HGS-TV,95714.0,847848.2398762703
8283,HGS-TV,95714.0,847908.314573288
8284,HGS-TV,95714.0,847968.3559689522
8285,HGS-TV,95714.0,848301.2140822411
8286,HGS-TV,95714.0,848361.2161316872
8287,HGS-TV,95714.0,848479.6692988873
8288,HGS-TV,95714.0,848539.7319378853
8289,HGS-TV,95714.0,848660.8926961422
8290,HGS-TV,95714.0,848911.6756658554
8291,HGS-TV,95714.0,848971.762881279
8292,HGS-TV,95714.0,849031.8046574593
8293,HGS-TV,95714.0,849395.0245549679
8294,HGS-TV,95714.0,849455.0551300049
8295,HGS-TV,95714.0,849854.599265337
8296,HGS-TV,95714.0,850159.3738191128
8297,HGS-TV,95714.0,850219.3888835907
8298,HGS-TV,95714.0,850279.4188723564
8299,HGS-TV,95714.0,850339.4407503605
8300,HGS-TV,95714.0,850399.4427568913
8301,HGS-TV,95714.0,850485.8474924564
8302,HGS-TV,95714.0,850553.4184448719
8303,HGS-TV,95714.0,850627.7887821198
8304,HGS-TV,95714.0,850687.7913558483
8305,HGS-TV,95714.0,852132.4702386856
8306,HGS-TV,95714.0,852192.564606905
8307,HGS-TV,95714.0,852252.6058628559
8308,HGS-TV,95714.0,852312.6780545712
8309,HGS-TV,95714.0,852372.7419862747
8310,HGS-TV,95714.0,852432.8590033054
8311,HGS-TV,95714.0,852492.8971853256
8312,HGS-TV,95714.0,852552.9635899067
8313,HGS-TV,95714.0,852613.0089588165
8314,HGS-TV,95714.0,852729.3593666553
8315,HGS-TV,95714.0,852789.380382061
8316,HGS-TV,95714.0,853157.8958978653
8317,HGS-TV,95714.0,853217.9645035267
8318,HGS-TV,95714.0,853378.7964506149
8319,HGS-TV,95714.0,853438.8255560398
8320,HGS-TV,95714.0,853498.8529410362
8321,HGS-TV,95714.0,853558.9438569546
8322,HGS-TV,95714.0,853671.6606712341
8323,HGS-TV,95714.0,853797.4564082623
8324,HGS-TV,95714.0,853890.8330950737
8325,HGS-TV,95714.0,853950.9070856571
8326,HGS-TV,95714.0,854010.9349181652
8327,HGS-TV,95714.0,854070.9354257584
8328,HGS-TV,95714.0,854130.9435770512
8329,HGS-TV,95714.0,854191.009440422
8330,HGS-TV,95714.0,854251.1165342331
8331,HGS-TV,95714.0,854311.1339843273
8332,HGS-TV,95714.0,854371.1901373863
8333,HGS-TV,95714.0,854434.5353281498
8334,HGS-TV,95714.0,854494.6241383553
8335,HGS-TV,95714.0,854554.632843256
8336,HGS-TV,95714.0,854614.704713583
8337,HGS-TV,95714.0,854674.7290616035
8338,HGS-TV,95714.0,854737.8498733044
8339,HGS-TV,95714.0,854797.932202816
8340,HGS-TV,95714.0,854872.8464183807
8341,HGS-TV,95714.0,854979.013584137
8342,HGS-TV,95714.0,855039.0556674004
8343,HGS-TV,95714.0,855099.1210331917
8344,HGS-TV,95714.0,855159.1413707733
8345,HGS-TV,95714.0,855219.1688141823
8346,HGS-TV,95714.0,855279.2215316296
8347,HGS-TV,95714.0,855339.2645955086
8348,HGS-TV,95714.0,855399.283875227
8349,HGS-TV,95714.0,855459.3568902016
8350,HGS-TV,95714.0,855519.3935108185
8351,HGS-TV,95714.0,855579.4014430046
8352,HGS-TV,95714.0,855639.4348158836
8353,HGS-TV,95714.0,855699.4565594196
8354,HGS-TV,95714.0,855759.4967739582
8355,HGS-TV,95714.0,855819.5164599419
8356,HGS-TV,95714.0,855879.618077755
8357,HGS-TV,95714.0,855939.6272470951
8358,HGS-TV,95714.0,855999.6411705017
8359,HGS-TV,95714.0,856059.6667444706
8360,HGS-TV,95714.0,856119.6915698051
8361,HGS-TV,95714.0,856179.7213265896
8362,HGS-TV,95714.0,856239.7584021091
8363,HGS-TV,95714.0,856299.7622966766
8364,HGS-TV,95714.0,856359.8050403595
8365,HGS-TV,95714.0,856419.8568615913
8366,HGS-TV,95714.0,856479.9114990234
8367,HGS-TV,95714.0,856539.9843568802
8368,HGS-TV,95714.0,856599.991181612
8369,HGS-TV,95714.0,856660.0070493221
8370,HGS-TV,95714.0,856790.2220890522
8371,HGS-TV,95714.0,856850.2760798931
8372,HGS-TV,95714.0,856910.3005604744
8373,HGS-TV,95714.0,856970.4613950253
8374,HGS-TV,95714.0,857030.5137815475
8375,HGS-TV,95714.0,857090.5664403439
8376,HGS-TV,95714.0,857150.5976846218
8377,HGS-TV,95714.0,857221.4434425831
8378,HGS-TV,95714.0,857281.4688494205
8379,HGS-TV,95714.0,857341.5393550396
8380,HGS-TV,95714.0,857401.57625103
8381,HGS-TV,95714.0,857479.41908741
8382,HGS-TV,95714.0,857539.4255292416
8383,HGS-TV,95714.0,857599.437725544
8384,HGS-TV,95714.0,857659.4808781147
8385,HGS-TV,95714.0,857719.4826180935
8386,HGS-TV,95714.0,857779.5488986969
8387,HGS-TV,95714.0,857839.5848386288
8388,HGS-TV,95714.0,857978.4386489391
8389,HGS-TV,95714.0,858038.509999752
8390,HGS-TV,95714.0,858098.5352814198
8391,HGS-TV,95714.0,858158.5413038731
8392,HGS-TV,95714.0,858218.5779001713
8393,HGS-TV,95714.0,858278.5824773312
8394,HGS-TV,95714.0,858361.3828864098
8395,HGS-TV,95714.0,858421.3898639679
8396,HGS-TV,95714.0,858481.4216187
8397,HGS-TV,95714.0,858541.5712578297
8398,HGS-TV,95714.0,858601.5977373123
8399,HGS-TV,95714.0,859041.0831027031
8400,HGS-TV,95714.0,859122.1646461487
8401,HGS-TV,95714.0,859344.129537344
8402,HGS-TV,95714.0,859434.3942449093
8403,HGS-TV,95714.0,859494.4232196808
8404,HGS-TV,95714.0,859554.5161542892
8405,HGS-TV,95714.0,859614.5195436478
8406,HGS-TV,95714.0,859724.8922300339
8407,HGS-TV,95714.0,859784.9965186119
8408,HGS-TV,95714.0,859845.076526165
8409,HGS-TV,95714.0,859905.0904128551
8410,HGS-TV,95714.0,859965.1987123489
8411,HGS-TV,95714.0,860025.2261373997
8412,HGS-TV,95714.0,860113.9284229279
8413,HGS-TV,95714.0,860173.9722943306
8414,HGS-TV,95714.0,860233.9945595264
8415,HGS-TV,95714.0,860294.044839859
8416,HGS-TV,95714.0,860354.0631952286
8417,HGS-TV,95714.0,860455.3897631168
8418,HGS-TV,95714.0,860548.5845198631
8419,HGS-TV,95714.0,860608.6004972458
8420,HGS-TV,95714.0,860668.6057014465
8421,HGS-TV,95714.0,860733.1613998413
8422,HGS-TV,95714.0,860831.4623823166
8423,HGS-TV,95714.0,860982.8647060394
8424,HGS-TV,95714.0,861042.9103829861
8425,HGS-TV,95714.0,861373.0208954811
8426,HGS-TV,95714.0,861654.9686784744
8427,HGS-TV,95714.0,861851.0083699226
8428,HGS-TV,95714.0,863229.0723376274
8429,HGS-TV,95714.0,863289.0852324963
8430,HGS-TV,95714.0,863349.1800012589
8431,HGS-TV,95714.0,863409.1929459572
8432,HGS-TV,95714.0,863469.1953082085
8433,HGS-TV,95714.0,863529.2484152317
8434,HGS-TV,95714.0,863589.2498540878
8435,HGS-TV,95714.0,863649.2779047489
8436,HGS-TV,95714.0,863710.5890629292
8437,HGS-TV,95714.0,863770.6812353134
8438,HGS-TV,95714.0,863830.7473642826
8439,HGS-TV,95714.0,863890.7746391296
8440,HGS-TV,95714.0,863950.8867852688
8441,HGS-TV,95714.0,864010.9493973255
8442,HGS-TV,95714.0,864071.0106203556
8443,HGS-TV,95714.0,864131.1179049015
8444,HGS-TV,95714.0,864191.1692240238
8445,HGS-TV,95714.0,864251.2424137592
8446,HGS-TV,95714.0,864311.286850214
8447,HGS-TV,95714.0,864371.4314670563
8448,HGS-TV,95714.0,864431.5235345364
8449,HGS-TV,95714.0,864561.400769949
8450,HGS-TV,95714.0,864764.3350851536
8451,HGS-TV,95714.0,865022.1473703384
8452,HGS-TV,95714.0,865089.4751031399
8453,HGS-TV,95714.0,865149.5434610844
8454,HGS-TV,95714.0,865209.5702085495
8455,HGS-TV,95714.0,865424.5133171082
8456,HGS-TV,95714.0,865484.5653502941
8457,HGS-TV,95714.0,865603.962590456
8458,HGS-TV,95714.0,865664.034816742
8459,HGS-TV,95714.0,865724.0453901291
8460,HGS-TV,95714.0,865784.0993931293
8461,HGS-TV,95714.0,865844.14793396
8462,HGS-TV,95714.0,865904.2236223221
8463,HGS-TV,95714.0,865964.2414731979
8464,HGS-TV,95714.0,866036.1947281361
8465,HGS-TV,95714.0,866096.1948428154
8466,HGS-TV,95714.0,866166.4460437298
8467,HGS-TV,95714.0,866226.4475061893
8468,HGS-TV,95714.0,866286.4772276878
8469,HGS-TV,95714.0,866346.5050396919
8470,HGS-TV,95714.0,866406.5285692215
8471,HGS-TV,95714.0,866466.5550825596
8472,HGS-TV,95714.0,866526.5851984024
8473,HGS-TV,95714.0,866586.6628293991
8474,HGS-TV,95714.0,866703.7600307465
8475,HGS-TV,95714.0,866763.8380134106
8476,HGS-TV,95714.0,866823.9030611515
8477,HGS-TV,95714.0,866883.9534015656
8478,HGS-TV,95714.0,866943.96347785
8479,HGS-TV,95714.0,867003.9711480141
8480,HGS-TV,95714.0,867064.0108976364
8481,HGS-TV,95714.0,867124.0416693687
8482,HGS-TV,95714.0,867184.0913300514
8483,HGS-TV,95714.0,867244.1174769402
8484,HGS-TV,95714.0,867304.125786066
8485,HGS-TV,95714.0,867364.1646459103
8486,HGS-TV,95714.0,867424.1800458431
8487,HGS-TV,95714.0,867484.1803975105
8488,HGS-TV,95714.0,867544.1966443062
8489,HGS-TV,95714.0,867604.2741522789
8490,HGS-TV,95714.0,867730.7127034664
8491,HGS-TV,95714.0,867804.648409605
8492,HGS-TV,95714.0,867864.6788139343
8493,HGS-TV,95714.0,867924.6941142082
8494,HGS-TV,95714.0,867984.7131099701
8495,HGS-TV,95714.0,868044.7938303947
8496,HGS-TV,95714.0,868104.836322546
8497,HGS-TV,95714.0,868164.8670270443
8498,HGS-TV,95714.0,868365.6125240326
8499,HGS-TV,95714.0,868441.8512392044
8500,HGS-TV,95714.0,868502.0171217918
8501,HGS-TV,95714.0,868562.0306963921
8502,HGS-TV,95714.0,868622.0922842026
8503,HGS-TV,95714.0,868729.9071016312
8504,HGS-TV,95714.0,868831.682901144
8505,HGS-TV,95714.0,868891.6912162304
8506,HGS-TV,95714.0,869068.9500415325
8507,HGS-TV,95714.0,869129.0002224445
8508,HGS-TV,95714.0,869189.1009776592
8509,HGS-TV,95714.0,869249.1590249538
8510,HGS-TV,95714.0,869385.6026587486
8511,HGS-TV,95714.0,869445.6503407955
8512,HGS-TV,95714.0,870226.1129248142
8513,HGS-TV,95714.0,870286.1136832237
8514,HGS-TV,95714.0,871230.5085196495
8515,HGS-TV,95714.0,871290.5202217102
8516,HGS-TV,95714.0,871350.5468990803
8517,HGS-TV,95714.0,871440.6410624981
8518,HGS-TV,95714.0,871500.6858022213
8519,HGS-TV,95714.0,871560.7065470219
8520,HGS-TV,95714.0,871620.760222435
8521,HGS-TV,95714.0,872090.0740919113
8522,HGS-TV,95714.0,872645.1764874458
8523,HGS-TV,95714.0,872921.3947043419
8524,HGS-TV,95714.0,873952.6026084423
8525,HGS-TV,95714.0,875304.2184996605
8526,HGS-TV,95714.0,875364.2854130268
8527,HGS-TV,95714.0,875424.319931984
8528,HGS-TV,95714.0,875484.3663244247
8529,HGS-TV,95714.0,875544.3695721626
8530,HGS-TV,95714.0,875604.4400036335
8531,HGS-TV,95714.0,875730.6146769524
8532,HGS-TV,95714.0,875790.6600613594
8533,HGS-TV,95714.0,875850.694890976
8534,HGS-TV,95714.0,875917.2306768894
8535,HGS-TV,95714.0,875977.3311636448
8536,HGS-TV,95714.0,876037.3337862492
8537,HGS-TV,95714.0,876097.376452446
8538,HGS-TV,95714.0,876157.3900873661
8539,HGS-TV,95714.0,876217.4813334942
8540,HGS-TV,95714.0,876277.4836659431
8541,HGS-TV,95714.0,876350.0835680962
8542,HGS-TV,95714.0,876410.167787075
8543,HGS-TV,95714.0,876470.268532753
8544,HGS-TV,95714.0,876530.3342986107
8545,HGS-TV,95714.0,876590.4150736332
8546,HGS-TV,95714.0,876679.6234736443
8547,HGS-TV,95714.0,876739.6811258793
8548,HGS-TV,95714.0,876853.053342104
8549,HGS-TV,95714.0,876950.4932336807
8550,HGS-TV,95714.0,877010.5108346939
8551,HGS-TV,95714.0,877070.5344185829
8552,HGS-TV,95714.0,877218.7585659027
8553,HGS-TV,95714.0,877278.8046123981
8554,HGS-TV,95714.0,877338.8635625839
8555,HGS-TV,95714.0,877398.901722908
8556,HGS-TV,95714.0,877482.4178392887
8557,HGS-TV,95714.0,877619.3271331787
8558,HGS-TV,95714.0,877679.3326942921
8559,HGS-TV,95714.0,877739.3930065632
8560,HGS-TV,95714.0,877882.668959856
8561,HGS-TV,95714.0,877956.07218647
8562,HGS-TV,95714.0,878016.1146433353
8563,HGS-TV,95714.0,878076.2430827618
8564,HGS-TV,95714.0,878136.2612612247
8565,HGS-TV,95714.0,878196.2616827488
8566,HGS-TV,95714.0,878256.3081293106
8567,HGS-TV,95714.0,878316.3444626331
8568,HGS-TV,95714.0,878376.4139549732
8569,HGS-TV,95714.0,878436.4591925144
8570,HGS-TV,95714.0,878496.4928748608
8571,HGS-TV,95714.0,878584.8086471558
8572,HGS-TV,95714.0,878644.8239047527
8573,HGS-TV,95714.0,878704.8715023994
8574,HGS-TV,95714.0,878768.6009392738
8575,HGS-TV,95714.0,878828.609416008
8576,HGS-TV,95714.0,878917.9843335152
8577,HGS-TV,95714.0,878978.0278759003
8578,HGS-TV,95714.0,879038.0773763657
8579,HGS-TV,95714.0,879098.0814106464
8580,HGS-TV,95714.0,879158.1837618351
8581,HGS-TV,95714.0,879218.1857142448
8582,HGS-TV,95714.0,879278.2144961357
8583,HGS-TV,95714.0,879338.2382206917
8584,HGS-TV,95714.0,879398.2591803074
8585,HGS-TV,95714.0,879458.4105632305
8586,HGS-TV,95714.0,879518.4107553959
8587,HGS-TV,95714.0,879578.446066618
8588,HGS-TV,95714.0,879638.4782500267
8589,HGS-TV,95714.0,879698.4837677479
8590,HGS-TV,95714.0,879764.7147791386
8591,HGS-TV,95714.0,879824.8151516914
8592,HGS-TV,95714.0,879910.4347884655
8593,HGS-TV,95714.0,879970.4670526981
8594,HGS-TV,95714.0,880030.4690825939
8595,HGS-TV,95714.0,880090.4999330044
8596,HGS-TV,95714.0,880150.5709233284
8597,HGS-TV,95714.0,880210.5833947659
8598,HGS-TV,95714.0,880270.6174418926
8599,HGS-TV,95714.0,880474.6363492012
8600,HGS-TV,95714.0,880747.3938088417
8601,HGS-TV,95714.0,880807.465127945
8602,HGS-TV,95714.0,880867.4830627441
8603,HGS-TV,95714.0,881090.148065567
8604,HGS-TV,95714.0,881150.161945343
8605,HGS-TV,95714.0,881232.6006641388
8606,HGS-TV,95714.0,881756.3475203514
8607,HGS-TV,95714.0,881816.351231575
8608,HGS-TV,95714.0,881905.3201322556
8609,HGS-TV,95714.0,882545.6713588238
8610,HGS-TV,95714.0,882605.6777694225
8611,HGS-TV,95714.0,882807.2796211243
8612,HGS-TV,95714.0,883755.894441843
8613,HGS-TV,95714.0,883815.9750459194
8614,HGS-TV,95714.0,883876.1010553837
8615,HGS-TV,95714.0,885491.0486154556
8616,HGS-TV,95714.0,885551.0508828163
8617,HGS-TV,95714.0,885611.0533089638
8618,HGS-TV,95714.0,885671.1599190235
8619,HGS-TV,95714.0,885737.1792752743
8620,HGS-TV,95714.0,885797.2090852261
8621,HGS-TV,95714.0,885857.2708582878
8622,HGS-TV,95714.0,885917.3174953461
8623,HGS-TV,95714.0,885997.4655919075
8624,HGS-TV,95714.0,886062.7229759693
8625,HGS-TV,95714.0,886122.757399559
8626,HGS-TV,95714.0,886182.8203220367
8627,HGS-TV,95714.0,886242.9491226673
8628,HGS-TV,95714.0,886302.9558758736
8629,HGS-TV,95714.0,886367.6971890926
8630,HGS-TV,95714.0,886427.7614235878
8631,HGS-TV,95714.0,886487.7999875546
8632,HGS-TV,95714.0,886547.8302795887
8633,HGS-TV,95714.0,886607.8471126556
8634,HGS-TV,95714.0,886667.9785430431
8635,HGS-TV,95714.0,886727.986811161
8636,HGS-TV,95714.0,886788.0370323658
8637,HGS-TV,95714.0,886848.0486776829
8638,HGS-TV,95714.0,887038.518068552
8639,HGS-TV,95714.0,887098.5467135906
8640,HGS-TV,95714.0,887222.0664618015
8641,HGS-TV,95714.0,887282.0968854427
8642,HGS-TV,95714.0,887342.2277173996
8643,HGS-TV,95714.0,887443.2262220383
8644,ails2_etaMax1.000_stoppingTime1728000.00,95753.0,887494.8310500488
8645,HGS-TV,95714.0,887503.2330231667
8646,ails2_etaMax1.000_stoppingTime1728000.00,95752.0,887494.9880500488
8647,HGS-TV,95714.0,887639.3786084652
8648,HGS-TV,95714.0,887699.4227821827
8649,HGS-TV,95714.0,887759.4507608414
8650,HGS-TV,95714.0,887819.5018291473
8651,HGS-TV,95714.0,887886.6152451038
8652,HGS-TV,95714.0,887946.6617867947
8653,HGS-TV,95714.0,888006.6960878372
8654,HGS-TV,95714.0,888066.8727881908
8655,HGS-TV,95714.0,888126.9102003574
8656,HGS-TV,95714.0,888186.9775662422
8657,HGS-TV,95714.0,888247.0166935921
8658,HGS-TV,95714.0,888307.0878059864
8659,HGS-TV,95714.0,888367.1199193001
8660,HGS-TV,95714.0,888427.1342248917
8661,HGS-TV,95714.0,888546.2136244774
8662,HGS-TV,95714.0,888618.803647995
8663,HGS-TV,95714.0,888678.8181455135
8664,HGS-TV,95714.0,888738.9152860641
8665,HGS-TV,95714.0,888798.964818716
8666,HGS-TV,95714.0,888858.9655618668
8667,HGS-TV,95714.0,888919.0012710094
8668,HGS-TV,95714.0,888979.0083825588
8669,HGS-TV,95714.0,889039.0382583141
8670,HGS-TV,95714.0,889099.0815851688
8671,HGS-TV,95714.0,889159.1075863838
8672,HGS-TV,95714.0,889219.1877586842
8673,HGS-TV,95714.0,889279.2161605358
8674,HGS-TV,95714.0,889339.2291386127
8675,HGS-TV,95714.0,889399.2635016441
8676,HGS-TV,95714.0,889459.3372311592
8677,HGS-TV,95714.0,889519.3479068279
8678,HGS-TV,95714.0,889579.4003324509
8679,HGS-TV,95714.0,889644.9643542767
8680,HGS-TV,95714.0,889704.9702832699
8681,HGS-TV,95714.0,889764.9800777435
8682,HGS-TV,95714.0,889825.0059287548
8683,HGS-TV,95714.0,889885.0554325581
8684,HGS-TV,95714.0,889980.8900065422
8685,HGS-TV,95714.0,890040.9263827801
8686,HGS-TV,95714.0,890126.6778583527
8687,HGS-TV,95714.0,890200.274320364
8688,HGS-TV,95714.0,890260.2985744476
8689,HGS-TV,95714.0,890320.3826572895
8690,HGS-TV,95714.0,890380.385373354
8691,HGS-TV,95714.0,890440.4647128582
8692,HGS-TV,95714.0,890500.4799947739
8693,HGS-TV,95714.0,890692.5319449902
8694,HGS-TV,95714.0,890752.6318478584
8695,HGS-TV,95714.0,890812.6884441376
8696,HGS-TV,95714.0,890872.7350916862
8697,HGS-TV,95714.0,890932.7500362396
8698,HGS-TV,95714.0,890992.7840321064
8699,HGS-TV,95714.0,891052.8115620613
8700,HGS-TV,95714.0,891112.8243482113
8701,HGS-TV,95714.0,891172.8667645454
8702,HGS-TV,95714.0,891232.8872363567
8703,HGS-TV,95714.0,891292.9049298763
8704,HGS-TV,95714.0,891352.91168046
8705,HGS-TV,95714.0,891528.1935381889
8706,HGS-TV,95714.0,891588.2087774277
8707,HGS-TV,95714.0,891705.2703773975
8708,HGS-TV,95714.0,891765.3547670841
8709,HGS-TV,95714.0,892077.1476023197
8710,HGS-TV,95714.0,892137.1608448029
8711,ails2_etaMax1.000_stoppingTime1728000.00,95746.0,892650.4620500489
8712,HGS-TV,95714.0,893355.487349987
8713,HGS-TV,95714.0,893415.5678274632
8714,HGS-TV,95714.0,893475.6139290333
8715,HGS-TV,95714.0,893535.7359287739
8716,HGS-TV,95714.0,893595.764862299
8717,HGS-TV,95714.0,893655.8025472164
8718,HGS-TV,95714.0,893715.8253650665
8719,HGS-TV,95714.0,893775.8868610859
8720,HGS-TV,95714.0,893835.9430911541
8721,HGS-TV,95714.0,893896.0055832863
8722,HGS-TV,95714.0,893956.0886063576
8723,HGS-TV,95714.0,894016.1226098537
8724,HGS-TV,95714.0,894078.3810822964
8725,HGS-TV,95714.0,894154.5654337406
8726,HGS-TV,95714.0,894214.6004874706
8727,HGS-TV,95714.0,894508.4774954319
8728,HGS-TV,95714.0,894568.4779186249
8729,HGS-TV,95714.0,894695.9520919323
8730,HGS-TV,95714.0,894755.9934482574
8731,HGS-TV,95714.0,894816.078201294
8732,HGS-TV,95714.0,894891.8564052582
8733,HGS-TV,95714.0,894968.8525748253
8734,HGS-TV,95714.0,895028.892077446
8735,HGS-TV,95714.0,895088.8955395222
8736,HGS-TV,95714.0,895148.9268000126
8737,HGS-TV,95714.0,895209.0004687309
8738,HGS-TV,95714.0,895269.0256533623
8739,HGS-TV,95714.0,895329.071352005
8740,HGS-TV,95714.0,895389.1402709484
8741,HGS-TV,95714.0,895449.1795613766
8742,HGS-TV,95714.0,895509.1837310791
8743,HGS-TV,95714.0,895569.2009022236
8744,HGS-TV,95714.0,895629.2208025455
8745,HGS-TV,95714.0,895934.733070612
8746,HGS-TV,95714.0,895994.776654005
8747,HGS-TV,95714.0,896054.8682303429
8748,HGS-TV,95714.0,896114.9140095711
8749,HGS-TV,95714.0,896197.1634764671
8750,HGS-TV,95714.0,896511.6990950108
8751,HGS-TV,95714.0,896571.7469296455
8752,HGS-TV,95714.0,896631.8172991276
8753,HGS-TV,95714.0,896691.9105110168
8754,HGS-TV,95714.0,896776.1328859329
8755,HGS-TV,95714.0,896836.2367782593
8756,HGS-TV,95714.0,896896.2686722279
8757,HGS-TV,95714.0,896956.2913091183
8758,HGS-TV,95714.0,897016.3756313324
8759,HGS-TV,95714.0,897076.4429461956
8760,HGS-TV,95714.0,897136.5506711006
8761,HGS-TV,95714.0,897196.5886926651
8762,HGS-TV,95714.0,897256.6231813431
8763,HGS-TV,95714.0,897316.6344501972
8764,HGS-TV,95714.0,897376.760456562
8765,HGS-TV,95714.0,897453.8193984032
8766,HGS-TV,95714.0,897513.8523259163
8767,HGS-TV,95714.0,897573.8757500648
8768,HGS-TV,95714.0,897633.9009010792
8769,HGS-TV,95714.0,897693.9597101212
8770,HGS-TV,95714.0,897753.9750993252
8771,HGS-TV,95714.0,897829.761784792
8772,HGS-TV,95714.0,897908.093793869
8773,HGS-TV,95714.0,897968.097370863
8774,HGS-TV,95714.0,898028.1445295811
8775,HGS-TV,95714.0,898088.216458559
8776,HGS-TV,95714.0,898148.2904205322
8777,HGS-TV,95714.0,898212.495798111
8778,HGS-TV,95714.0,898272.5236985683
8779,HGS-TV,95714.0,898441.5116670132
8780,HGS-TV,95714.0,898604.2164151669
8781,HGS-TV,95714.0,898664.250616312
8782,HGS-TV,95714.0,898733.2260050774
8783,HGS-TV,95714.0,898793.245496273
8784,HGS-TV,95714.0,898853.2474575043
8785,HGS-TV,95714.0,898921.9369065762
8786,HGS-TV,95714.0,898981.947247982
8787,HGS-TV,95714.0,899042.0581707954
8788,HGS-TV,95714.0,899102.061217308
8789,HGS-TV,95714.0,899184.6878707409
8790,HGS-TV,95714.0,899244.766130209
8791,HGS-TV,95714.0,899315.4049680233
8792,HGS-TV,95714.0,899375.4517726898
8793,HGS-TV,95714.0,899467.4621059895
8794,HGS-TV,95714.0,899824.1463513374
8795,HGS-TV,95714.0,899984.1038353443
8796,HGS-TV,95714.0,900119.7877559662
8797,HGS-TV,95714.0,900203.9652938843
8798,HGS-TV,95714.0,900263.9927649498
8799,HGS-TV,95714.0,900323.998534441
8800,HGS-TV,95714.0,900384.0124261379
8801,HGS-TV,95714.0,900444.0338709354
8802,HGS-TV,95714.0,900504.1050219536
8803,HGS-TV,95714.0,900564.1770765781
8804,HGS-TV,95714.0,900997.9753801823
8805,HGS-TV,95714.0,901058.0009810925
8806,HGS-TV,95714.0,901118.0640747547
8807,HGS-TV,95714.0,901277.2851006985
8808,HGS-TV,95714.0,901337.3846576214
8809,HGS-TV,95714.0,901397.4161748886
8810,HGS-TV,95714.0,901457.4298503399
8811,HGS-TV,95714.0,901578.3767938614
8812,HGS-TV,95714.0,901638.4360001087
8813,HGS-TV,95714.0,901724.2547950745
8814,HGS-TV,95714.0,901822.1129677296
8815,HGS-TV,95714.0,901882.1764454842
8816,HGS-TV,95714.0,901995.6093933582
8817,HGS-TV,95714.0,902210.4218959808
8818,HGS-TV,95714.0,902334.8546235561
8819,HGS-TV,95714.0,902419.5908920765
8820,HGS-TV,95714.0,902487.3578007221
8821,HGS-TV,95714.0,902547.4252071381
8822,HGS-TV,95714.0,902650.8076124191
8823,HGS-TV,95714.0,902710.8889784813
8824,HGS-TV,95714.0,902793.4535093307
8825,HGS-TV,95714.0,902853.4601700306
8826,HGS-TV,95714.0,902980.4941806793
8827,HGS-TV,95714.0,903174.0219841003
8828,HGS-TV,95714.0,903292.7512335777
8829,HGS-TV,95714.0,903491.0628352165
8830,HGS-TV,95714.0,903551.1273488998
8831,HGS-TV,95714.0,903626.6072711945
8832,HGS-TV,95714.0,903845.9055743217
8833,HGS-TV,95714.0,904541.9549481869
8834,HGS-TV,95714.0,904618.1166641712
8835,HGS-TV,95714.0,904678.1294190884
8836,HGS-TV,95714.0,905042.9257624149
8837,HGS-TV,95714.0,905179.4114215374
8838,HGS-TV,95714.0,905395.4475717545
8839,HGS-TV,95714.0,905455.57457304
8840,HGS-TV,95714.0,906047.987123251
8841,HGS-TV,95714.0,906182.3069663048
8842,HGS-TV,95714.0,906260.6050596237
8843,HGS-TV,95714.0,907599.2061774731
8844,HGS-TV,95714.0,907659.2266936302
8845,HGS-TV,95714.0,907719.2674334049
8846,HGS-TV,95714.0,907779.3634674549
8847,HGS-TV,95714.0,907839.4221220016
8848,HGS-TV,95714.0,907899.4930131435
8849,HGS-TV,95714.0,907959.5628991127
8850,HGS-TV,95714.0,908060.5514404774
8851,HGS-TV,95714.0,908120.5759885311
8852,HGS-TV,95714.0,908180.6137633324
8853,HGS-TV,95714.0,908243.8755662441
8854,HGS-TV,95714.0,908303.8900692463
8855,HGS-TV,95714.0,908363.988367796
8856,HGS-TV,95714.0,908428.9721484184
8857,HGS-TV,95714.0,908489.0394852161
8858,HGS-TV,95714.0,908608.7544686794
8859,HGS-TV,95714.0,908668.7890489101
8860,HGS-TV,95714.0,908764.2434732914
8861,HGS-TV,95714.0,908824.3035550117
8862,HGS-TV,95714.0,908894.1032731533
8863,HGS-TV,95714.0,908954.1535894871
8864,HGS-TV,95714.0,909014.2011034489
8865,HGS-TV,95714.0,909074.2488210201
8866,HGS-TV,95714.0,909134.3833198547
8867,HGS-TV,95714.0,909194.4881560802
8868,HGS-TV,95714.0,909254.542289257
8869,HGS-TV,95714.0,909314.575868845
8870,HGS-TV,95714.0,909374.6889457703
8871,HGS-TV,95714.0,909434.7345108986
8872,HGS-TV,95714.0,909494.8126194477
8873,HGS-TV,95714.0,909554.8921639919
8874,HGS-TV,95714.0,909614.9670181274
8875,HGS-TV,95714.0,909702.0010304451
8876,HGS-TV,95714.0,909762.0191721916
8877,HGS-TV,95714.0,909822.0687949657
8878,HGS-TV,95714.0,909882.0937156677
8879,HGS-TV,95714.0,909942.1323142052
8880,HGS-TV,95714.0,910002.1970882416
8881,HGS-TV,95714.0,910062.3119738102
8882,HGS-TV,95714.0,910122.3259310722
8883,HGS-TV,95714.0,910182.3639857769
8884,HGS-TV,95714.0,910242.3904998302
8885,HGS-TV,95714.0,910302.4301218987
8886,HGS-TV,95714.0,910427.1860473156
8887,HGS-TV,95714.0,910487.1876499653
8888,HGS-TV,95714.0,910600.9606850147
8889,HGS-TV,95714.0,910726.0588307381
8890,HGS-TV,95714.0,910786.1217031479
8891,HGS-TV,95714.0,910846.1992585659
8892,HGS-TV,95714.0,910906.2151196003
8893,HGS-TV,95714.0,910966.2631263733
8894,HGS-TV,95714.0,911026.3400149345
8895,HGS-TV,95714.0,911086.3751912117
8896,HGS-TV,95714.0,911146.4573018551
8897,HGS-TV,95714.0,911206.459038496
8898,HGS-TV,95714.0,911266.4897272587
8899,HGS-TV,95714.0,911326.5368392467
8900,HGS-TV,95714.0,911386.5369927883
8901,HGS-TV,95714.0,911446.6383137703
8902,HGS-TV,95714.0,911506.7123765945
8903,HGS-TV,95714.0,911566.8029305935
8904,HGS-TV,95714.0,911626.8502454758
8905,HGS-TV,95714.0,911686.9336121082
8906,HGS-TV,95714.0,911780.5197715759
8907,HGS-TV,95714.0,911840.5464801788
8908,HGS-TV,95714.0,911968.8568267822
8909,HGS-TV,95714.0,912028.8894336224
8910,HGS-TV,95714.0,912088.9165008068
8911,HGS-TV,95714.0,912148.9928181171
8912,HGS-TV,95714.0,912209.040371418
8913,HGS-TV,95714.0,912269.0431947708
8914,HGS-TV,95714.0,912329.08117342
8915,HGS-TV,95714.0,912389.123198986
8916,HGS-TV,95714.0,912480.2471663952
8917,HGS-TV,95714.0,912540.2499842644
8918,HGS-TV,95714.0,912744.5380132198
8919,HGS-TV,95714.0,912883.4791722298
8920,HGS-TV,95714.0,912943.4945325851
8921,HGS-TV,95714.0,913003.5673823357
8922,HGS-TV,95714.0,913280.3041849136
8923,HGS-TV,95714.0,913758.6927068233
8924,HGS-TV,95714.0,913930.4795274734
8925,HGS-TV,95714.0,914100.9234564304
8926,HGS-TV,95714.0,914160.9391157627
8927,HGS-TV,95714.0,914434.7392849922
8928,HGS-TV,95714.0,914624.3131291866
8929,HGS-TV,95714.0,914684.3925290108
8930,HGS-TV,95714.0,914978.3240132332
8931,HGS-TV,95714.0,915038.400093317
8932,HGS-TV,95714.0,915098.4031326771
8933,HGS-TV,95714.0,915251.1650269032
8934,HGS-TV,95714.0,916697.6734142303
8935,HGS-TV,95714.0,916757.7434337139
8936,HGS-TV,95714.0,916817.906214714
8937,HGS-TV,95714.0,916877.9680392742
8938,HGS-TV,95714.0,916938.0427434444
8939,HGS-TV,95714.0,916998.053779602
8940,HGS-TV,95714.0,917058.1232180595
8941,HGS-TV,95714.0,917118.1877572536
8942,HGS-TV,95714.0,917178.2464747429
8943,HGS-TV,95714.0,917249.5179431438
8944,HGS-TV,95714.0,917313.8100802898
8945,HGS-TV,95714.0,917373.8763988018
8946,HGS-TV,95714.0,917472.7408335209
8947,HGS-TV,95714.0,917532.7427361012
8948,HGS-TV,95714.0,917669.8326137066
8949,HGS-TV,95714.0,917729.8724591732
8950,HGS-TV,95714.0,917837.9219167233
8951,HGS-TV,95714.0,918039.6780776978
8952,HGS-TV,95714.0,918099.8077890873
8953,HGS-TV,95714.0,918159.8186628819
8954,HGS-TV,95714.0,918219.9050049782
8955,HGS-TV,95714.0,918279.9184155464
8956,HGS-TV,95714.0,918339.971000433
8957,HGS-TV,95714.0,918400.0342152119
8958,HGS-TV,95714.0,918460.0559356213
8959,HGS-TV,95714.0,918520.1036067009
8960,HGS-TV,95714.0,918580.2032573223
8961,HGS-TV,95714.0,918648.3104481697
8962,HGS-TV,95714.0,918708.3386924267
8963,HGS-TV,95714.0,918768.4012124538
8964,HGS-TV,95714.0,918828.4169564247
8965,HGS-TV,95714.0,918888.4891088009
8966,HGS-TV,95714.0,918948.5649416447
8967,HGS-TV,95714.0,919008.5964260101
8968,HGS-TV,95714.0,919068.6175000668
8969,HGS-TV,95714.0,919128.6405153275
8970,HGS-TV,95714.0,919188.726006031
8971,HGS-TV,95714.0,919248.7925975323
8972,HGS-TV,95714.0,919308.8321204185
8973,HGS-TV,95714.0,919368.8777096272
8974,HGS-TV,95714.0,919428.933909893
8975,HGS-TV,95714.0,919489.0348703861
8976,HGS-TV,95714.0,919549.0965073109
8977,HGS-TV,95714.0,919609.1267666817
8978,HGS-TV,95714.0,919669.2248566151
8979,HGS-TV,95714.0,919729.2319514751
8980,HGS-TV,95714.0,919789.3212912083
8981,HGS-TV,95714.0,919849.3649361134
8982,HGS-TV,95714.0,919909.3664214611
8983,HGS-TV,95714.0,919969.3790009022
8984,HGS-TV,95714.0,920029.4090070724
8985,HGS-TV,95714.0,920089.4494028091
8986,HGS-TV,95714.0,920149.451479435
8987,HGS-TV,95714.0,920209.534825325
8988,HGS-TV,95714.0,920269.5963511467
8989,HGS-TV,95714.0,920329.6077215672
8990,HGS-TV,95714.0,920389.6571958065
8991,HGS-TV,95714.0,920449.7513751984
8992,HGS-TV,95714.0,920509.7575774193
8993,HGS-TV,95714.0,920569.8276247978
8994,HGS-TV,95714.0,920821.6814751625
8995,HGS-TV,95714.0,920881.7298765182
8996,HGS-TV,95714.0,920948.1847569942
8997,HGS-TV,95714.0,921008.1992394924
8998,HGS-TV,95714.0,921138.6204483509
8999,HGS-TV,95714.0,921198.7661480904
9000,HGS-TV,95714.0,921283.7720587254
9001,HGS-TV,95714.0,921349.5918598175
9002,HGS-TV,95714.0,921409.6304376125
9003,HGS-TV,95714.0,921469.6579844952
9004,HGS-TV,95714.0,921529.6605746746
9005,HGS-TV,95714.0,921589.747707367
9006,HGS-TV,95714.0,921649.7597854137
9007,HGS-TV,95714.0,921709.8432922363
9008,HGS-TV,95714.0,921828.4716744423
9009,HGS-TV,95714.0,921888.5008077621
9010,HGS-TV,95714.0,921948.530162096
9011,HGS-TV,95714.0,922008.563144207
9012,HGS-TV,95714.0,922130.1892647743
9013,HGS-TV,95714.0,922190.2820932865
9014,HGS-TV,95714.0,922250.4029848576
9015,HGS-TV,95714.0,922310.4130914211
9016,HGS-TV,95714.0,922370.4497981071
9017,HGS-TV,95714.0,922519.2810177803
9018,HGS-TV,95714.0,922579.3925526142
9019,HGS-TV,95714.0,922700.8890266418
9020,HGS-TV,95714.0,922760.953337431
9021,HGS-TV,95714.0,922821.1342980862
9022,HGS-TV,95714.0,922881.164785862
9023,HGS-TV,95714.0,922949.4303905964
9024,HGS-TV,95714.0,923106.8973321915
9025,HGS-TV,95714.0,923200.5054776669
9026,HGS-TV,95714.0,923287.6762480736
9027,HGS-TV,95714.0,923347.7078039646
9028,HGS-TV,95714.0,923407.7269394398
9029,HGS-TV,95714.0,923483.8191139698
9030,HGS-TV,95714.0,923543.819211483
9031,HGS-TV,95714.0,923603.8854660988
9032,HGS-TV,95714.0,923663.9065880775
9033,HGS-TV,95714.0,923723.9455034733
9034,HGS-TV,95714.0,923783.9688985348
9035,HGS-TV,95714.0,924127.3954470158
9036,HGS-TV,95714.0,924187.4814207554
9037,HGS-TV,95714.0,924247.5004730225
9038,HGS-TV,95714.0,924615.0233900547
9039,HGS-TV,95714.0,924675.0468821526
9040,HGS-TV,95714.0,924735.0503678322
9041,HGS-TV,95714.0,925124.2792649269
9042,HGS-TV,95714.0,925887.7927010059
9043,HGS-TV,95714.0,925947.8619067669
9044,HGS-TV,95714.0,926007.9293642044
9045,HGS-TV,95714.0,926074.9949557781
9046,HGS-TV,95714.0,926135.0346989632
9047,HGS-TV,95714.0,926218.7363014221
9048,HGS-TV,95714.0,926278.7651023865
9049,HGS-TV,95714.0,926403.6621718407
9050,HGS-TV,95714.0,926649.4717731476
9051,HGS-TV,95714.0,926709.5089299679
9052,HGS-TV,95714.0,926769.5136370659
9053,HGS-TV,95714.0,927013.6970570087
9054,HGS-TV,95714.0,927073.7184939384
9055,HGS-TV,95714.0,927265.5332741737
9056,HGS-TV,95714.0,927325.5517816544
9057,HGS-TV,95714.0,927542.4184279442
9058,HGS-TV,95714.0,928337.0331697464
9059,HGS-TV,95714.0,928397.1339912415
9060,HGS-TV,95714.0,928475.1396377087
9061,HGS-TV,95714.0,928750.2218050957
9062,HGS-TV,95714.0,928810.2726578712
9063,HGS-TV,95714.0,930192.3580160141
9064,HGS-TV,95714.0,930252.3720984459
9065,HGS-TV,95714.0,930312.4940211773
9066,HGS-TV,95714.0,930372.5463805199
9067,HGS-TV,95714.0,930432.6201593876
9068,HGS-TV,95714.0,930492.6556444168
9069,HGS-TV,95714.0,930552.6893372536
9070,HGS-TV,95714.0,930612.7499477863
9071,HGS-TV,95714.0,930672.8620893955
9072,HGS-TV,95714.0,930732.9915604591
9073,HGS-TV,95714.0,930793.0206086636
9074,HGS-TV,95714.0,930891.4944505692
9075,HGS-TV,95714.0,930951.5837397575
9076,HGS-TV,95714.0,931011.6793723106
9077,HGS-TV,95714.0,931108.2698919773
9078,HGS-TV,95714.0,931258.0913493633
9079,HGS-TV,95714.0,931318.128715992
9080,HGS-TV,95714.0,931378.147149086
9081,HGS-TV,95714.0,931438.1834919453
9082,HGS-TV,95714.0,931600.0616886616
9083,HGS-TV,95714.0,931660.1413519382
9084,HGS-TV,95714.0,931751.834646225
9085,HGS-TV,95714.0,931811.9065899849
9086,HGS-TV,95714.0,931908.9584743977
9087,HGS-TV,95714.0,931968.9743058681
9088,HGS-TV,95714.0,932043.3810031414
9089,HGS-TV,95714.0,932103.3878729343
9090,HGS-TV,95714.0,932163.5354216099
9091,HGS-TV,95714.0,932223.5862379074
9092,HGS-TV,95714.0,932283.6321856976
9093,HGS-TV,95714.0,932343.6537935734
9094,HGS-TV,95714.0,932477.0695660114
9095,HGS-TV,95714.0,932555.2542357445
9096,HGS-TV,95714.0,932712.1303539276
9097,HGS-TV,95714.0,932772.1489713192
9098,HGS-TV,95714.0,932832.2132489681
9099,HGS-TV,95714.0,932928.0240206718
9100,HGS-TV,95714.0,932988.0832180977
9101,HGS-TV,95714.0,933048.0954537392
9102,HGS-TV,95714.0,933108.1534056664
9103,HGS-TV,95714.0,933168.1746995449
9104,HGS-TV,95714.0,933418.7742657661
9105,HGS-TV,95714.0,933587.3538887501
9106,HGS-TV,95714.0,933664.9746057987
9107,HGS-TV,95714.0,933765.9210743904
9108,HGS-TV,95714.0,933825.9380393028
9109,HGS-TV,95714.0,933885.981853962
9110,HGS-TV,95714.0,933946.0496628284
9111,HGS-TV,95714.0,934006.0846672058
9112,HGS-TV,95714.0,934221.0843446255
9113,HGS-TV,95714.0,934281.1656413078
9114,HGS-TV,95714.0,934341.1750614643
9115,HGS-TV,95714.0,934401.26334548
9116,HGS-TV,95714.0,934461.2741398811
9117,HGS-TV,95714.0,934521.3863601685
9118,HGS-TV,95714.0,934581.4016218185
9119,HGS-TV,95714.0,934641.4122564793
9120,HGS-TV,95714.0,934731.1377799511
9121,HGS-TV,95714.0,934791.1535155773
9122,HGS-TV,95714.0,934888.161775589
9123,HGS-TV,95714.0,934971.2013611794
9124,HGS-TV,95714.0,935031.2176301479
9125,HGS-TV,95714.0,935091.2222027779
9126,HGS-TV,95714.0,935151.3385865688
9127,HGS-TV,95714.0,935211.3446447849
9128,HGS-TV,95714.0,935271.4310166836
9129,HGS-TV,95714.0,935331.4323573112
9130,HGS-TV,95714.0,935391.4760735035
9131,HGS-TV,95714.0,935451.500068903
9132,HGS-TV,95714.0,935511.5271553993
9133,HGS-TV,95714.0,935571.6530241966
9134,HGS-TV,95714.0,935631.72666049
9135,HGS-TV,95714.0,935691.7493493557
9136,HGS-TV,95714.0,935751.8574671745
9137,HGS-TV,95714.0,935811.9350430965
9138,HGS-TV,95714.0,935898.7554500103
9139,HGS-TV,95714.0,935958.7569580078
9140,HGS-TV,95714.0,936018.8022706509
9141,HGS-TV,95714.0,936078.8671371937
9142,HGS-TV,95714.0,936138.8732330799
9143,HGS-TV,95714.0,936198.8857412338
9144,HGS-TV,95714.0,936258.9007127285
9145,HGS-TV,95714.0,936318.9254179001
9146,HGS-TV,95714.0,936378.94576931
9147,HGS-TV,95714.0,936439.0230443478
9148,HGS-TV,95714.0,936499.0893537998
9149,HGS-TV,95714.0,936559.1142644882
9150,HGS-TV,95714.0,936646.6998429298
9151,HGS-TV,95714.0,936706.7173011303
9152,HGS-TV,95714.0,936766.756985426
9153,HGS-TV,95714.0,936826.7772221565
9154,HGS-TV,95714.0,937049.1009426117
9155,HGS-TV,95714.0,937565.3717947006
9156,HGS-TV,95714.0,937625.392758131
9157,HGS-TV,95714.0,937742.9026181698
9158,HGS-TV,95714.0,937895.4453959465
9159,HGS-TV,95714.0,937955.4559895992
9160,HGS-TV,95714.0,938015.4599192142
9161,HGS-TV,95714.0,938155.6803979874
9162,HGS-TV,95714.0,938318.052567482
9163,HGS-TV,95714.0,938407.6342892647
9164,HGS-TV,95714.0,938467.6923418045
9165,HGS-TV,95714.0,938527.6940321922
9166,HGS-TV,95714.0,938587.761808157
9167,HGS-TV,95714.0,938647.820129633
9168,HGS-TV,95714.0,938756.7958505154
9169,HGS-TV,95714.0,938827.8456640244
9170,HGS-TV,95714.0,938887.8663570881
9171,HGS-TV,95714.0,938947.9814312458
9172,ails2_etaMax1.000_stoppingTime1728000.00,95745.0,939076.4360500488
9173,ails2_etaMax1.000_stoppingTime1728000.00,95729.0,939090.3520500489
9174,HGS-TV,95714.0,939141.4977841377
9175,HGS-TV,95714.0,939418.2067537308
9176,HGS-TV,95714.0,939478.2404782772
9177,HGS-TV,95714.0,939945.2978079319
9178,HGS-TV,95714.0,940005.4011585712
9179,HGS-TV,95714.0,941037.1983339787
9180,HGS-TV,95714.0,941452.959577322
9181,HGS-TV,95714.0,941512.959918499
9182,HGS-TV,95714.0,942098.0874562263
9183,HGS-TV,95714.0,942390.4179472923
9184,HGS-TV,95714.0,942450.4805219173
9185,HGS-TV,95714.0,943912.3592057228
9186,HGS-TV,95714.0,943972.3991606236
9187,HGS-TV,95714.0,944032.4897506237
9188,HGS-TV,95714.0,944092.5775659084
9189,HGS-TV,95714.0,944152.6073822975
9190,HGS-TV,95714.0,944212.6870024204
9191,HGS-TV,95714.0,944283.3044836521
9192,HGS-TV,95714.0,944343.3822832108
9193,HGS-TV,95714.0,944403.3858189583
9194,HGS-TV,95714.0,944463.4678022861
9195,HGS-TV,95714.0,944523.5166735649
9196,HGS-TV,95714.0,944583.5979275703
9197,HGS-TV,95714.0,944643.6155259609
9198,HGS-TV,95714.0,944703.6545548439
9199,HGS-TV,95714.0,944763.6894578934
9200,HGS-TV,95714.0,944823.7449300289
9201,HGS-TV,95714.0,944883.7792601585
9202,HGS-TV,95714.0,944943.802161932
9203,HGS-TV,95714.0,945003.8492965698
9204,HGS-TV,95714.0,945098.7819099426
9205,HGS-TV,95714.0,945158.8211007118
9206,HGS-TV,95714.0,945218.9364082813
9207,HGS-TV,95714.0,945345.3728790283
9208,HGS-TV,95714.0,945433.064499855
9209,HGS-TV,95714.0,945493.1843235493
9210,HGS-TV,95714.0,945578.5816495419
9211,HGS-TV,95714.0,945756.0271289349
9212,HGS-TV,95714.0,945819.8128416538
9213,HGS-TV,95714.0,945908.2467460632
9214,HGS-TV,95714.0,946065.2721881866
9215,HGS-TV,95714.0,946188.3195462227
9216,HGS-TV,95714.0,946248.4065976143
9217,HGS-TV,95714.0,946404.1781077385
9218,HGS-TV,95714.0,946558.631002903
9219,HGS-TV,95714.0,946618.6460812092
9220,HGS-TV,95714.0,946722.0333664417
9221,HGS-TV,95714.0,946796.3137352467
9222,HGS-TV,95714.0,946926.3393099308
9223,HGS-TV,95714.0,946986.3839025497
9224,HGS-TV,95714.0,947046.502466917
9225,HGS-TV,95714.0,947106.5725133419
9226,HGS-TV,95714.0,947166.6115891933
9227,HGS-TV,95714.0,947226.6427755356
9228,HGS-TV,95714.0,947286.7660832405
9229,HGS-TV,95714.0,947346.7710909843
9230,HGS-TV,95714.0,947406.7758829594
9231,HGS-TV,95714.0,947466.8541891575
9232,HGS-TV,95714.0,947526.9311060905
9233,HGS-TV,95714.0,947586.9755768776
9234,HGS-TV,95714.0,947647.0225214958
9235,HGS-TV,95714.0,947707.0776791573
9236,HGS-TV,95714.0,947768.7476975918
9237,HGS-TV,95714.0,947828.7875289917
9238,HGS-TV,95714.0,947929.0844926834
9239,HGS-TV,95714.0,947989.0874209404
9240,HGS-TV,95714.0,948049.097140789
9241,HGS-TV,95714.0,948109.1496303082
9242,HGS-TV,95714.0,948169.1557297707
9243,HGS-TV,95714.0,948229.2492349148
9244,HGS-TV,95714.0,948289.4063544273
9245,HGS-TV,95714.0,948349.4404947758
9246,HGS-TV,95714.0,948566.3386013508
9247,HGS-TV,95714.0,948626.4007556438
9248,HGS-TV,95714.0,948686.4452040195
9249,HGS-TV,95714.0,948746.5180909634
9250,HGS-TV,95714.0,948861.8781805038
9251,HGS-TV,95714.0,948921.9138576984
9252,HGS-TV,95714.0,948981.9614944458
9253,HGS-TV,95714.0,949069.8434696198
9254,HGS-TV,95714.0,949142.3173737526
9255,HGS-TV,95714.0,949398.0870089531
9256,HGS-TV,95714.0,949547.5098025799
9257,HGS-TV,95714.0,949607.5585169792
9258,HGS-TV,95714.0,950710.8673760891
9259,HGS-TV,95714.0,950770.8927793503
9260,HGS-TV,95714.0,950830.8954949379
9261,HGS-TV,95714.0,951635.7154607773
9262,HGS-TV,95714.0,951744.1119859219
9263,HGS-TV,95714.0,951804.1754922867
9264,HGS-TV,95714.0,951926.1460082531
9265,HGS-TV,95714.0,951986.153216362
9266,HGS-TV,95714.0,952046.2381572723
9267,HGS-TV,95714.0,953330.1267504692
9268,HGS-TV,95714.0,953390.1787137985
9269,HGS-TV,95714.0,953450.3291153908
9270,HGS-TV,95714.0,953510.3937411308
9271,HGS-TV,95714.0,953570.4012753963
9272,HGS-TV,95714.0,953630.4823527336
9273,HGS-TV,95714.0,953690.5354034901
9274,HGS-TV,95714.0,953750.5967373848
9275,HGS-TV,95714.0,953810.6107029915
9276,HGS-TV,95714.0,953870.6997840405
9277,HGS-TV,95714.0,953930.7103493214
9278,HGS-TV,95714.0,954001.9627695084
9279,HGS-TV,95714.0,954061.9919102192
9280,HGS-TV,95714.0,954122.035187006
9281,HGS-TV,95714.0,954182.146406889
9282,HGS-TV,95714.0,954242.2005338669
9283,HGS-TV,95714.0,954302.3650867939
9284,HGS-TV,95714.0,954362.421902895
9285,HGS-TV,95714.0,954422.5378351212
9286,HGS-TV,95714.0,954482.6333913803
9287,HGS-TV,95714.0,954542.7034468651
9288,HGS-TV,95714.0,954602.7845513821
9289,HGS-TV,95714.0,954695.8668437004
9290,HGS-TV,95714.0,954807.2368445396
9291,HGS-TV,95714.0,954867.252427578
9292,HGS-TV,95714.0,954944.6137814522
9293,HGS-TV,95714.0,955030.2249107361
9294,HGS-TV,95714.0,955090.2687301636
9295,HGS-TV,95714.0,955150.3417396545
9296,HGS-TV,95714.0,955210.4346942902
9297,HGS-TV,95714.0,955282.1702399254
9298,HGS-TV,95714.0,955342.1885795593
9299,HGS-TV,95714.0,955402.1926109791
9300,HGS-TV,95714.0,955462.241437912
9301,HGS-TV,95714.0,955522.3638312817
9302,HGS-TV,95714.0,955582.3712348938
9303,HGS-TV,95714.0,955642.4260759354
9304,HGS-TV,95714.0,955720.1190853119
9305,HGS-TV,95714.0,955780.1801345348
9306,HGS-TV,95714.0,955840.196672678
9307,HGS-TV,95714.0,955900.2754707336
9308,HGS-TV,95714.0,955960.386077404
9309,HGS-TV,95714.0,956020.4272482395
9310,HGS-TV,95714.0,956080.533258915
9311,HGS-TV,95714.0,956140.5518176556
9312,HGS-TV,95714.0,956200.5670437813
9313,HGS-TV,95714.0,956260.6350734234
9314,HGS-TV,95714.0,956320.6835525036
9315,HGS-TV,95714.0,956380.7968819141
9316,HGS-TV,95714.0,956440.8608272076
9317,HGS-TV,95714.0,956517.3511664867
9318,HGS-TV,95714.0,956577.4040632248
9319,HGS-TV,95714.0,956637.4155595303
9320,HGS-TV,95714.0,956697.469502449
9321,HGS-TV,95714.0,956757.5897021294
9322,HGS-TV,95714.0,956817.5903673172
9323,HGS-TV,95714.0,956882.5146639347
9324,HGS-TV,95714.0,956942.5624570847
9325,HGS-TV,95714.0,957002.6322085857
9326,HGS-TV,95714.0,957062.7251415253
9327,HGS-TV,95714.0,957122.7742912769
9328,HGS-TV,95714.0,957228.5746276379
9329,HGS-TV,95714.0,957288.6305932999
9330,HGS-TV,95714.0,957348.653329134
9331,HGS-TV,95714.0,957408.6605336666
9332,HGS-TV,95714.0,957497.7144861221
9333,HGS-TV,95714.0,957557.759606123
9334,HGS-TV,95714.0,957617.7716412544
9335,HGS-TV,95714.0,957677.8070087433
9336,HGS-TV,95714.0,957737.8279528618
9337,HGS-TV,95714.0,957797.8347451687
9338,HGS-TV,95714.0,957871.3112134933
9339,HGS-TV,95714.0,957931.3643202782
9340,HGS-TV,95714.0,957991.4204442501
9341,HGS-TV,95714.0,958051.494998455
9342,HGS-TV,95714.0,958128.6829798222
9343,HGS-TV,95714.0,958188.7397193909
9344,HGS-TV,95714.0,958248.7752768993
9345,HGS-TV,95714.0,958308.79048419
9346,HGS-TV,95714.0,958368.8384723663
9347,HGS-TV,95714.0,958428.8852431774
9348,HGS-TV,95714.0,958488.9434738159
9349,HGS-TV,95714.0,958559.6909365654
9350,HGS-TV,95714.0,958752.2736952305
9351,HGS-TV,95714.0,958812.3739612103
9352,HGS-TV,95714.0,958982.802315712
9353,HGS-TV,95714.0,959042.8214733601
9354,HGS-TV,95714.0,959102.8539633751
9355,HGS-TV,95714.0,959171.0356049538
9356,HGS-TV,95714.0,959231.0925009251
9357,HGS-TV,95714.0,959362.9647977352
9358,HGS-TV,95714.0,959423.028904438
9359,HGS-TV,95714.0,959483.1016361713
9360,HGS-TV,95714.0,959543.1654632092
9361,HGS-TV,95714.0,959603.1910891533
9362,HGS-TV,95714.0,959663.2863807678
9363,HGS-TV,95714.0,959723.3471853733
9364,HGS-TV,95714.0,959783.3665122986
9365,HGS-TV,95714.0,959882.7103664875
9366,HGS-TV,95714.0,959942.7174634933
9367,HGS-TV,95714.0,960337.9024143219
9368,HGS-TV,95714.0,960476.3588786125
9369,HGS-TV,95714.0,960536.4556465149
9370,HGS-TV,95714.0,960596.5649938583
9371,HGS-TV,95714.0,960656.6155028343
9372,HGS-TV,95714.0,960796.9470219612
9373,HGS-TV,95714.0,960857.0188381672
9374,HGS-TV,95714.0,960917.0646970272
9375,HGS-TV,95714.0,960977.0907504559
9376,HGS-TV,95714.0,961059.1202421188
9377,HGS-TV,95714.0,961119.1537790298
9378,HGS-TV,95714.0,962487.3148076534
9379,HGS-TV,95714.0,962547.3179519176
9380,HGS-TV,95714.0,962607.3455095291
9381,HGS-TV,95714.0,962667.3751263618
9382,HGS-TV,95714.0,962727.4298129082
9383,HGS-TV,95714.0,962787.5401716232
9384,HGS-TV,95714.0,962853.3893887997
9385,HGS-TV,95714.0,962913.4225375652
9386,HGS-TV,95714.0,962973.5216228962
9387,HGS-TV,95714.0,963033.5554130077
9388,HGS-TV,95714.0,963093.5621070862
9389,HGS-TV,95714.0,963158.3353607655
9390,HGS-TV,95714.0,963247.0855815411
9391,HGS-TV,95714.0,963325.2524161339
9392,HGS-TV,95714.0,963515.3922204971
9393,HGS-TV,95714.0,963575.4316589832
9394,HGS-TV,95714.0,963635.4733073711
9395,HGS-TV,95714.0,963695.5077490807
9396,HGS-TV,95714.0,963755.6015207767
9397,HGS-TV,95714.0,963815.7044882774
9398,HGS-TV,95714.0,963875.8209095001
9399,HGS-TV,95714.0,963935.8527488708
9400,HGS-TV,95714.0,963995.9791698456
9401,HGS-TV,95714.0,964056.1014082432
9402,HGS-TV,95714.0,964116.183501482
9403,HGS-TV,95714.0,964224.1906728745
9404,HGS-TV,95714.0,964290.3516981602
9405,HGS-TV,95714.0,964363.3311789036
9406,HGS-TV,95714.0,964434.5618395805
9407,HGS-TV,95714.0,964494.6744527817
9408,HGS-TV,95714.0,964554.7186162472
9409,HGS-TV,95714.0,964614.9544186592
9410,HGS-TV,95714.0,964675.0257201195
9411,HGS-TV,95714.0,964735.1561722755
9412,HGS-TV,95714.0,964896.1089880466
9413,HGS-TV,95714.0,964956.1914162636
9414,HGS-TV,95714.0,965078.389010191
9415,HGS-TV,95714.0,965138.4328150749
9416,HGS-TV,95714.0,965198.5577449799
9417,HGS-TV,95714.0,965268.0129277706
9418,HGS-TV,95714.0,965328.0267343521
9419,HGS-TV,95714.0,965388.0955862999
9420,HGS-TV,95714.0,965448.1322917938
9421,HGS-TV,95714.0,965508.1658313274
9422,HGS-TV,95714.0,965568.1857333183
9423,HGS-TV,95714.0,965628.3310620785
9424,HGS-TV,95714.0,965688.3943223953
9425,HGS-TV,95714.0,965748.5169243813
9426,HGS-TV,95714.0,965846.9204583168
9427,HGS-TV,95714.0,965974.313482523
9428,HGS-TV,95714.0,966034.3363044262
9429,HGS-TV,95714.0,966141.820555687
9430,HGS-TV,95714.0,966201.873822689
9431,HGS-TV,95714.0,966261.8793485165
9432,HGS-TV,95714.0,966321.9813113213
9433,HGS-TV,95714.0,966382.0333652496
9434,HGS-TV,95714.0,966442.1006569862
9435,HGS-TV,95714.0,966502.1223599911
9436,HGS-TV,95714.0,966562.2440702915
9437,HGS-TV,95714.0,966622.354634285
9438,HGS-TV,95714.0,966715.0587291718
9439,HGS-TV,95714.0,966781.1806497574
9440,HGS-TV,95714.0,966841.1850700378
9441,HGS-TV,95714.0,966901.3497617245
9442,HGS-TV,95714.0,967044.8254768848
9443,HGS-TV,95714.0,967104.8667013645
9444,HGS-TV,95714.0,967164.8786666393
9445,HGS-TV,95714.0,967224.9055702686
9446,HGS-TV,95714.0,967368.0395038128
9447,HGS-TV,95714.0,967495.433380127
9448,HGS-TV,95714.0,967555.4513151646
9449,HGS-TV,95714.0,967615.5045595169
9450,HGS-TV,95714.0,967675.5373156071
9451,HGS-TV,95714.0,967735.5387580395
9452,HGS-TV,95714.0,967795.5637812614
9453,HGS-TV,95714.0,967855.5969924927
9454,HGS-TV,95714.0,967915.6337883472
9455,HGS-TV,95714.0,967975.7504692078
9456,HGS-TV,95714.0,968035.7856521606
9457,HGS-TV,95714.0,968095.810074091
9458,HGS-TV,95714.0,968163.6538915634
9459,HGS-TV,95714.0,968223.6791763306
9460,HGS-TV,95714.0,968283.6994433403
9461,HGS-TV,95714.0,968343.7717995644
9462,HGS-TV,95714.0,968403.7986166477
9463,HGS-TV,95714.0,968463.8873929977
9464,HGS-TV,95714.0,968524.0374112129
9465,HGS-TV,95714.0,968584.062664032
9466,HGS-TV,95714.0,968644.2465713024
9467,HGS-TV,95714.0,968704.3361337185
9468,HGS-TV,95714.0,968883.3768787384
9469,HGS-TV,95714.0,968943.4320483208
9470,HGS-TV,95714.0,969028.7476141453
9471,HGS-TV,95714.0,969129.1561989784
9472,HGS-TV,95714.0,969348.1934189796
9473,HGS-TV,95714.0,969428.8990924358
9474,HGS-TV,95714.0,969488.926486969
9475,HGS-TV,95714.0,969645.1034572124
9476,HGS-TV,95714.0,969705.1801052094
9477,HGS-TV,95714.0,970177.405620575
9478,HGS-TV,95714.0,970356.7263562679
9479,HGS-TV,95714.0,970416.7443509102
9480,HGS-TV,95714.0,970604.3206017017
9481,HGS-TV,95714.0,970664.3339715004
9482,HGS-TV,95714.0,971157.3556911945
9483,HGS-TV,95714.0,971217.3619661331
9484,HGS-TV,95714.0,971845.7897267342
9485,HGS-TV,95714.0,971905.8641979694
9486,HGS-TV,95714.0,971965.9099440575
9487,HGS-TV,95714.0,973242.2925944328
9488,HGS-TV,95714.0,973302.3609204292
9489,HGS-TV,95714.0,973362.396491766
9490,HGS-TV,95714.0,973422.5090816021
9491,HGS-TV,95714.0,973482.6136651039
9492,HGS-TV,95714.0,973574.8401374817
9493,HGS-TV,95714.0,973634.9297633171
9494,HGS-TV,95714.0,973727.9818265438
9495,HGS-TV,95714.0,973787.9893577099
9496,HGS-TV,95714.0,973848.0226945877
9497,HGS-TV,95714.0,973908.1278054714
9498,HGS-TV,95714.0,973968.1519067287
9499,HGS-TV,95714.0,974034.8376567364
9500,HGS-TV,95714.0,974094.8662538528
9501,HGS-TV,95714.0,974154.8813271523
9502,HGS-TV,95714.0,974214.9786581993
9503,HGS-TV,95714.0,974275.0581936836
9504,HGS-TV,95714.0,974335.131374836
9505,HGS-TV,95714.0,974395.1632275581
9506,HGS-TV,95714.0,974518.309407711
9507,HGS-TV,95714.0,974578.386149168
9508,HGS-TV,95714.0,974638.5165655613
9509,HGS-TV,95714.0,974698.5356111526
9510,HGS-TV,95714.0,974802.2230923176
9511,HGS-TV,95714.0,974862.2346251011
9512,HGS-TV,95714.0,974922.363578558
9513,HGS-TV,95714.0,974982.4735460281
9514,HGS-TV,95714.0,975042.5051319599
9515,HGS-TV,95714.0,975102.5329840183
9516,HGS-TV,95714.0,975162.5430436134
9517,HGS-TV,95714.0,975222.5463240147
9518,HGS-TV,95714.0,975282.572524786
9519,HGS-TV,95714.0,975342.634175539
9520,HGS-TV,95714.0,975402.6419637203
9521,HGS-TV,95714.0,975474.6014716625
9522,HGS-TV,95714.0,975534.7091970444
9523,HGS-TV,95714.0,975594.8723680973
9524,HGS-TV,95714.0,975654.9514131546
9525,HGS-TV,95714.0,975714.9579267502
9526,HGS-TV,95714.0,975775.0092582703
9527,HGS-TV,95714.0,975835.1201810837
9528,HGS-TV,95714.0,975895.2220118046
9529,HGS-TV,95714.0,975955.343739748
9530,HGS-TV,95714.0,976015.3945884705
9531,HGS-TV,95714.0,976075.4762341976
9532,HGS-TV,95714.0,976135.5241503716
9533,ails2_etaMax0.005_stoppingTime86400.00,95712.0,976140.3160500488
9534,HGS-TV,95714.0,976195.5961947441
9535,ails2_etaMax0.005_stoppingTime86400.00,95710.0,976154.0930500488
9536,HGS-TV,95714.0,976255.664000988
9537,ails2_etaMax0.005_stoppingTime86400.00,95709.0,976291.7910500488
9538,HGS-TV,95714.0,976315.6835951805
9539,HGS-TV,95714.0,976375.7728159428
9540,HGS-TV,95714.0,976435.8456532955
9541,ails2_etaMax0.005_stoppingTime86400.00,95708.0,976444.6550500488
9542,HGS-TV,95714.0,976495.8716375828
9543,HGS-TV,95714.0,976555.9073328972
9544,HGS-TV,95714.0,976615.9889519215
9545,HGS-TV,95714.0,976676.0436208248
9546,HGS-TV,95714.0,976736.0970239639
9547,HGS-TV,95714.0,976796.1025280952
9548,HGS-TV,95714.0,976859.4521038532
9549,HGS-TV,95714.0,976919.5720331669
9550,HGS-TV,95714.0,976979.6185042858
9551,HGS-TV,95714.0,977064.6309759617
9552,HGS-TV,95714.0,977165.2049891949
9553,HGS-TV,95714.0,977225.2379410267
9554,HGS-TV,95714.0,977305.6203727722
9555,HGS-TV,95714.0,977365.6969048977
9556,HGS-TV,95714.0,977425.7938454151
9557,HGS-TV,95714.0,977485.8582072258
9558,HGS-TV,95714.0,977545.9011924267
9559,HGS-TV,95714.0,977608.9747040272
9560,HGS-TV,95714.0,977668.9932925701
9561,HGS-TV,95714.0,977729.0511410236
9562,HGS-TV,95714.0,977789.0555410385
9563,HGS-TV,95714.0,977977.128223896
9564,HGS-TV,95714.0,978229.1930046082
9565,HGS-TV,95714.0,978289.2115857601
9566,ails2_etaMax1.000_stoppingTime1728000.00,95728.0,978782.8370500489
9567,ails2_etaMax1.000_stoppingTime1728000.00,95727.0,978783.0720500489
9568,HGS-TV,95714.0,978882.2263133526
9569,ails2_etaMax1.000_stoppingTime1728000.00,95725.0,979043.6880500488
9570,HGS-TV,95708.0,980671.6017858982
9571,HGS-TV,95708.0,980731.6499311924
9572,HGS-TV,95708.0,980791.693870306
9573,HGS-TV,95708.0,980851.707578659
9574,HGS-TV,95708.0,980911.7330238819
9575,HGS-TV,95708.0,980971.7952327728
9576,HGS-TV,95708.0,981031.8982961178
9577,HGS-TV,95708.0,981091.9935867786
9578,HGS-TV,95708.0,981152.1163401604
9579,HGS-TV,95708.0,981212.2368335724
9580,HGS-TV,95708.0,981272.2739241123
9581,HGS-TV,95708.0,981332.2823731899
9582,HGS-TV,95708.0,981392.3212616444
9583,HGS-TV,95708.0,981452.3546762466
9584,HGS-TV,95708.0,981512.4376101494
9585,HGS-TV,95708.0,981589.9759466648
9586,HGS-TV,95708.0,981650.0076155663
9587,HGS-TV,95708.0,981710.0171382427
9588,HGS-TV,95708.0,981770.0827243328
9589,HGS-TV,95708.0,981830.1599111557
9590,HGS-TV,95708.0,981890.1617844105
9591,HGS-TV,95708.0,981950.1707696915
9592,HGS-TV,95708.0,982152.5359437466
9593,HGS-TV,95708.0,982325.7905762196
9594,HGS-TV,95708.0,982483.5602507591
9595,HGS-TV,95708.0,982543.562445879
9596,HGS-TV,95708.0,982603.6611335278
9597,HGS-TV,95708.0,982698.7244610786
9598,HGS-TV,95708.0,982831.3907263279
9599,HGS-TV,95708.0,982891.4831562042
9600,HGS-TV,95708.0,984304.3596143723
9601,HGS-TV,95708.0,984364.4157278538
9602,HGS-TV,95708.0,984424.5145614147
9603,HGS-TV,95708.0,984484.5842442513
9604,HGS-TV,95708.0,984544.5943255424
9605,HGS-TV,95708.0,984604.6319787502
9606,HGS-TV,95708.0,984664.6625106335
9607,HGS-TV,95708.0,984724.7607278824
9608,HGS-TV,95708.0,984784.7695503235
9609,HGS-TV,95708.0,984844.8246517181
9610,HGS-TV,95708.0,984927.0659968853
9611,HGS-TV,95708.0,984987.0716745853
9612,HGS-TV,95708.0,985047.0925266743
9613,HGS-TV,95708.0,985107.1767733097
9614,HGS-TV,95708.0,985167.2314589024
9615,HGS-TV,95708.0,985227.2483603954
9616,HGS-TV,95708.0,985287.2759871483
9617,HGS-TV,95708.0,985347.2848727703
9618,HGS-TV,95708.0,985407.2975785732
9619,HGS-TV,95708.0,985467.314589262
9620,HGS-TV,95708.0,985536.9848690033
9621,HGS-TV,95708.0,985597.0287802219
9622,HGS-TV,95708.0,985657.0734188557
9623,HGS-TV,95708.0,985717.1672670841
9624,HGS-TV,95708.0,985845.2617564201
9625,HGS-TV,95708.0,985905.2992892265
9626,HGS-TV,95708.0,985965.3707654476
9627,HGS-TV,95708.0,986025.4128420353
9628,HGS-TV,95708.0,986085.4176719189
9629,HGS-TV,95708.0,986145.4538769722
9630,HGS-TV,95708.0,986205.4635789394
9631,HGS-TV,95708.0,986265.4902284145
9632,HGS-TV,95708.0,986325.5277307034
9633,HGS-TV,95708.0,986385.6169166565
9634,HGS-TV,95708.0,986445.7177326679
9635,HGS-TV,95708.0,987857.090284586
9636,HGS-TV,95708.0,987917.1502661705
9637,HGS-TV,95708.0,987977.2663626671
9638,HGS-TV,95708.0,988037.3008182049
9639,HGS-TV,95708.0,988097.3624255657
9640,HGS-TV,95708.0,988157.4158422947
9641,HGS-TV,95708.0,988217.454300642
9642,HGS-TV,95708.0,988285.1926884651
9643,HGS-TV,95708.0,988345.2747104168
9644,HGS-TV,95708.0,988405.3233668804
9645,HGS-TV,95708.0,988465.3519859314
9646,HGS-TV,95708.0,988525.4232046604
9647,HGS-TV,95708.0,988585.4559979439
9648,HGS-TV,95708.0,988645.5362534523
9649,HGS-TV,95708.0,988705.5498638153
9650,HGS-TV,95708.0,988765.6709342003
9651,HGS-TV,95708.0,988825.788513422
9652,HGS-TV,95708.0,988885.9101998806
9653,HGS-TV,95708.0,988945.9361758232
9654,HGS-TV,95708.0,989005.9684622288
9655,HGS-TV,95708.0,989151.1993579865
9656,HGS-TV,95708.0,989211.300704956
9657,HGS-TV,95708.0,989279.3908846378
9658,HGS-TV,95708.0,989345.3773479462
9659,HGS-TV,95708.0,989405.4145255089
9660,HGS-TV,95708.0,989465.4157874584
9661,HGS-TV,95708.0,989530.807333231
9662,HGS-TV,95708.0,989622.7117316723
9663,HGS-TV,95708.0,989682.7840197086
9664,HGS-TV,95708.0,989742.8290510178
9665,HGS-TV,95708.0,989802.9073753357
9666,HGS-TV,95708.0,989862.9183797836
9667,HGS-TV,95708.0,989922.9569485188
9668,HGS-TV,95708.0,989983.0389020443
9669,HGS-TV,95708.0,991620.2556519508
9670,HGS-TV,95708.0,991680.2949542999
9671,HGS-TV,95708.0,991740.3263783455
9672,HGS-TV,95708.0,991800.3451952934
9673,HGS-TV,95708.0,991860.3813407421
9674,HGS-TV,95708.0,991920.4089169502
9675,HGS-TV,95708.0,991980.480237484
9676,HGS-TV,95708.0,992040.579190731
9677,HGS-TV,95708.0,992100.6125540733
9678,HGS-TV,95708.0,992160.6279463768
9679,HGS-TV,95708.0,992220.640556097
9680,HGS-TV,95708.0,992280.7332499027
9681,HGS-TV,95708.0,992340.7578027248
9682,HGS-TV,95708.0,992400.8356142044
9683,HGS-TV,95708.0,992498.8239774704
9684,HGS-TV,95708.0,992612.3287599087
9685,HGS-TV,95708.0,992726.1802794933
9686,HGS-TV,95708.0,992832.487388134
9687,HGS-TV,95708.0,992892.5249052048
9688,HGS-TV,95708.0,992952.5930662155
9689,HGS-TV,95708.0,993012.6705341339
9690,HGS-TV,95708.0,993072.7309937477
9691,HGS-TV,95708.0,993132.7579102516
9692,HGS-TV,95708.0,993214.2278573513
9693,HGS-TV,95708.0,993274.2442641258
9694,HGS-TV,95708.0,993334.2650485039
9695,HGS-TV,95708.0,993548.8684244156
9696,HGS-TV,95708.0,993662.4920165539
9697,HGS-TV,95708.0,995075.74416399
9698,HGS-TV,95708.0,995135.7761552334
9699,HGS-TV,95708.0,995195.8500757217
9700,HGS-TV,95708.0,995255.9763050079
9701,HGS-TV,95708.0,995316.0142345428
9702,HGS-TV,95708.0,995376.034747839
9703,HGS-TV,95708.0,995436.0872380733
9704,HGS-TV,95708.0,995496.1573596001
9705,HGS-TV,95708.0,995556.1822931767
9706,HGS-TV,95708.0,995616.2053523064
9707,HGS-TV,95708.0,995676.237956047
9708,HGS-TV,95708.0,995736.3201231956
9709,HGS-TV,95708.0,995813.4222140312
9710,HGS-TV,95708.0,995873.5387399197
9711,HGS-TV,95708.0,995933.6150414944
9712,HGS-TV,95708.0,996071.5240914822
9713,HGS-TV,95708.0,996131.5575799942
9714,HGS-TV,95708.0,996191.6478514671
9715,HGS-TV,95708.0,996255.4750332832
9716,HGS-TV,95708.0,996432.3234450817
9717,HGS-TV,95708.0,996492.3825392723
9718,HGS-TV,95708.0,996585.4071214199
9719,HGS-TV,95708.0,996645.4326453209
9720,HGS-TV,95708.0,996705.4437060356
9721,HGS-TV,95708.0,996978.7230563164
9722,HGS-TV,95708.0,997194.9829659462
9723,HGS-TV,95708.0,997255.0105481148
9724,HGS-TV,95708.0,998682.481771946
9725,HGS-TV,95708.0,998742.4903476238
9726,HGS-TV,95708.0,998802.5922493935
9727,HGS-TV,95708.0,998862.7041814327
9728,HGS-TV,95708.0,998922.7970776558
9729,HGS-TV,95708.0,998982.8373014927
9730,HGS-TV,95708.0,999042.8787555695
9731,HGS-TV,95708.0,999102.9173691273
9732,HGS-TV,95708.0,999162.9402389526
9733,HGS-TV,95708.0,999222.942448616
9734,HGS-TV,95708.0,999282.9663672447
9735,HGS-TV,95708.0,999343.0063846111
9736,HGS-TV,95708.0,999403.0903556347
9737,HGS-TV,95708.0,999463.0927696228
9738,HGS-TV,95708.0,999543.5560662746
9739,HGS-TV,95708.0,999603.6079621315
9740,HGS-TV,95708.0,999663.6700546741
9741,HGS-TV,95708.0,999727.5942239761
9742,HGS-TV,95708.0,999787.6177442074
9743,HGS-TV,95708.0,999847.6432335377
9744,HGS-TV,95708.0,999907.7553799152
9745,HGS-TV,95708.0,999967.8040456772
9746,HGS-TV,95708.0,1000027.823497057
9747,HGS-TV,95708.0,1000087.8843803406
9748,HGS-TV,95708.0,1000147.949994564
9749,HGS-TV,95708.0,1000293.3902795315
9750,HGS-TV,95708.0,1000353.4326016903
9751,HGS-TV,95708.0,1000413.5338876247
9752,HGS-TV,95708.0,1000473.601806879
9753,HGS-TV,95708.0,1000533.6754512787
9754,HGS-TV,95708.0,1000594.108243227
9755,HGS-TV,95708.0,1000654.1281559467
9756,HGS-TV,95708.0,1000812.3867967129
9757,HGS-TV,95708.0,1002224.9302167892
9758,HGS-TV,95708.0,1002285.0243988037
9759,HGS-TV,95708.0,1002345.1411664486
9760,HGS-TV,95708.0,1002405.1673855782
9761,HGS-TV,95708.0,1002465.1677720547
9762,HGS-TV,95708.0,1002525.2329938412
9763,HGS-TV,95708.0,1002585.2483007908
9764,HGS-TV,95708.0,1002645.3445441723
9765,HGS-TV,95708.0,1002705.4300403595
9766,HGS-TV,95708.0,1002788.1286766529
9767,HGS-TV,95708.0,1002909.4445550442
9768,HGS-TV,95708.0,1002969.5723760128
9769,HGS-TV,95708.0,1003111.9369926453
9770,HGS-TV,95708.0,1003171.9479410648
9771,HGS-TV,95708.0,1003231.9632422924
9772,HGS-TV,95708.0,1003346.6898329258
9773,HGS-TV,95708.0,1003406.6932122707
9774,HGS-TV,95708.0,1003466.711173296
9775,HGS-TV,95708.0,1003526.8348677158
9776,HGS-TV,95708.0,1003634.8111236095
9777,HGS-TV,95708.0,1003698.4027271271
9778,HGS-TV,95708.0,1003865.7905745506
9779,HGS-TV,95708.0,1003925.8817715645
9780,HGS-TV,95708.0,1003985.984451294
9781,HGS-TV,95708.0,1004046.0002865791
9782,HGS-TV,95708.0,1004109.1659412384
9783,HGS-TV,95708.0,1004193.192384243
9784,HGS-TV,95708.0,1004253.2205152512
9785,HGS-TV,95708.0,1005864.9121630192
9786,HGS-TV,95708.0,1005925.0046286583
9787,HGS-TV,95708.0,1005985.0540010929
9788,HGS-TV,95708.0,1006045.0678124428
9789,HGS-TV,95708.0,1006105.1298422813
9790,HGS-TV,95708.0,1006165.1901509762
9791,HGS-TV,95708.0,1006225.2336015701
9792,HGS-TV,95708.0,1006285.3447039127
9793,HGS-TV,95708.0,1006345.4443032742
9794,HGS-TV,95708.0,1006405.5087666512
9795,HGS-TV,95708.0,1006465.5253286362
9796,HGS-TV,95708.0,1006525.5967113972
9797,HGS-TV,95708.0,1006585.7287287712
9798,HGS-TV,95708.0,1006682.6767234802
9799,HGS-TV,95708.0,1006742.7169144154
9800,HGS-TV,95708.0,1006802.7694978714
9801,HGS-TV,95708.0,1006862.8352384567
9802,HGS-TV,95708.0,1006922.8587870598
9803,HGS-TV,95708.0,1006982.9231009483
9804,HGS-TV,95708.0,1007042.9735000134
9805,HGS-TV,95708.0,1007115.5670497417
9806,HGS-TV,95708.0,1007175.6474616528
9807,HGS-TV,95708.0,1007235.7424271107
9808,HGS-TV,95708.0,1007295.7594912052
9809,HGS-TV,95708.0,1007355.8318800926
9810,HGS-TV,95708.0,1007415.8932471275
9811,HGS-TV,95708.0,1007475.9111351967
9812,HGS-TV,95708.0,1007535.9249544144
9813,HGS-TV,95708.0,1007595.9670701027
9814,HGS-TV,95708.0,1007655.9951581955
9815,HGS-TV,95708.0,1007731.8625342846
9816,HGS-TV,95708.0,1007820.6638152599
9817,HGS-TV,95708.0,1007881.8925361633
9818,HGS-TV,95708.0,1007941.9458043575
9819,HGS-TV,95708.0,1008020.0602433681
9820,HGS-TV,95708.0,1008080.0806467533
9821,HGS-TV,95708.0,1009486.170665741
9822,HGS-TV,95708.0,1009546.2958266735
9823,HGS-TV,95708.0,1009606.3761355877
9824,HGS-TV,95708.0,1009666.4072022438
9825,HGS-TV,95708.0,1009726.4990093708
9826,HGS-TV,95708.0,1009786.5823771954
9827,HGS-TV,95708.0,1009846.5899608135
9828,HGS-TV,95708.0,1009906.6747431755
9829,HGS-TV,95708.0,1009966.7565433979
9830,HGS-TV,95708.0,1010026.7775187492
9831,HGS-TV,95708.0,1010094.1304576397
9832,HGS-TV,95708.0,1010154.1550331116
9833,HGS-TV,95708.0,1010214.1565577984
9834,HGS-TV,95708.0,1010274.1851651669
9835,HGS-TV,95708.0,1010334.2055580616
9836,HGS-TV,95708.0,1010394.3177103996
9837,HGS-TV,95708.0,1010487.5375931263
9838,HGS-TV,95708.0,1010547.6076059341
9839,HGS-TV,95708.0,1010629.3273231983
9840,HGS-TV,95708.0,1010689.4301474094
9841,HGS-TV,95708.0,1010749.4522898197
9842,HGS-TV,95708.0,1010809.5110647678
9843,HGS-TV,95708.0,1010941.0150721073
9844,HGS-TV,95708.0,1011001.0727806091
9845,HGS-TV,95708.0,1011064.5002624989
9846,HGS-TV,95708.0,1011124.5142223835
9847,HGS-TV,95708.0,1011184.5473270416
9848,HGS-TV,95708.0,1011244.568423748
9849,HGS-TV,95708.0,1011304.6050491333
9850,HGS-TV,95708.0,1011364.6121461391
9851,HGS-TV,95708.0,1011424.695464611
9852,HGS-TV,95708.0,1011531.2709240913
9853,HGS-TV,95708.0,1011591.3125140667
9854,HGS-TV,95708.0,1011651.3899555206
9855,HGS-TV,95708.0,1013076.5548038483
9856,HGS-TV,95708.0,1013136.6074624062
9857,HGS-TV,95708.0,1013196.6502809525
9858,HGS-TV,95708.0,1013256.6945214272
9859,HGS-TV,95708.0,1013316.7211871147
9860,HGS-TV,95708.0,1013376.7856748104
9861,HGS-TV,95708.0,1013436.8085041046
9862,HGS-TV,95708.0,1013496.9052853584
9863,HGS-TV,95708.0,1013556.9534745216
9864,HGS-TV,95708.0,1013616.9635753632
9865,HGS-TV,95708.0,1013676.9789590836
9866,HGS-TV,95708.0,1013737.0453350544
9867,HGS-TV,95708.0,1013797.0690352917
9868,HGS-TV,95708.0,1013857.1438467503
9869,HGS-TV,95708.0,1013986.3480846882
9870,HGS-TV,95708.0,1014046.4094657898
9871,HGS-TV,95708.0,1014106.4688565731
9872,HGS-TV,95708.0,1014166.5368738174
9873,HGS-TV,95708.0,1014226.6244199276
9874,HGS-TV,95708.0,1014286.7085556984
9875,HGS-TV,95708.0,1014346.8048698902
9876,HGS-TV,95708.0,1014477.5511827469
9877,HGS-TV,95708.0,1014568.8900825977
9878,HGS-TV,95708.0,1014630.1807451248
9879,HGS-TV,95708.0,1014690.2309675217
9880,HGS-TV,95708.0,1014750.2794618607
9881,HGS-TV,95708.0,1014841.1575229168
9882,HGS-TV,95708.0,1014940.0307040215
9883,HGS-TV,95708.0,1015006.6855282784
9884,HGS-TV,95708.0,1015078.9310696125
9885,HGS-TV,95708.0,1015187.5658798218
9886,HGS-TV,95708.0,1015247.6379854679
9887,HGS-TV,95708.0,1016622.6937470436
9888,HGS-TV,95708.0,1016682.7311227322
9889,HGS-TV,95708.0,1016742.739386797
9890,HGS-TV,95708.0,1016802.7580378056
9891,HGS-TV,95708.0,1016862.7906308174
9892,HGS-TV,95708.0,1016922.8725521564
9893,HGS-TV,95708.0,1016982.8928792477
9894,HGS-TV,95708.0,1017042.893090725
9895,HGS-TV,95708.0,1017102.9333384037
9896,HGS-TV,95708.0,1017163.0508739948
9897,HGS-TV,95708.0,1017223.1403958797
9898,HGS-TV,95708.0,1017283.2246081829
9899,HGS-TV,95708.0,1017343.2396836281
9900,HGS-TV,95708.0,1017403.4024941921
9901,HGS-TV,95708.0,1017463.5205323696
9902,HGS-TV,95708.0,1017523.567081213
9903,HGS-TV,95708.0,1017583.6451992989
9904,HGS-TV,95708.0,1017643.7067403793
9905,HGS-TV,95708.0,1017703.7291140556
9906,HGS-TV,95708.0,1017914.4317407608
9907,HGS-TV,95708.0,1018211.1654655933
9908,HGS-TV,95708.0,1018271.2104372978
9909,HGS-TV,95708.0,1018331.3052651882
9910,HGS-TV,95708.0,1018400.7453999519
9911,HGS-TV,95708.0,1018460.7689597607
9912,HGS-TV,95708.0,1018520.8073198795
9913,HGS-TV,95708.0,1018674.432766676
9914,HGS-TV,95708.0,1018734.516756773
9915,HGS-TV,95708.0,1018894.964291811
9916,HGS-TV,95708.0,1020417.5814697742
9917,HGS-TV,95708.0,1020477.5883693695
9918,HGS-TV,95708.0,1020537.6462264061
9919,HGS-TV,95708.0,1020597.7381911278
9920,HGS-TV,95708.0,1020657.742401123
9921,HGS-TV,95708.0,1020717.7970826626
9922,HGS-TV,95708.0,1020777.8012824059
9923,HGS-TV,95708.0,1020852.2840285301
9924,HGS-TV,95708.0,1020912.3211574554
9925,HGS-TV,95708.0,1020976.0817492008
9926,HGS-TV,95708.0,1021041.6247551441
9927,HGS-TV,95708.0,1021101.6317698956
9928,HGS-TV,95708.0,1021161.7962813377
9929,HGS-TV,95708.0,1021223.1737656593
9930,HGS-TV,95708.0,1021283.2238168716
9931,HGS-TV,95708.0,1021343.2766404152
9932,HGS-TV,95708.0,1021404.7680504322
9933,HGS-TV,95708.0,1021464.806694746
9934,HGS-TV,95708.0,1021524.8655571938
9935,HGS-TV,95708.0,1021584.8929486275
9936,HGS-TV,95708.0,1021644.913008213
9937,HGS-TV,95708.0,1021704.9669017792
9938,HGS-TV,95708.0,1021764.9833478928
9939,HGS-TV,95708.0,1021825.0623562336
9940,HGS-TV,95708.0,1021885.117380619
9941,HGS-TV,95708.0,1021945.1292827129
9942,HGS-TV,95708.0,1022005.1318631172
9943,HGS-TV,95708.0,1022065.1669771671
9944,HGS-TV,95708.0,1022125.1861097813
9945,HGS-TV,95708.0,1022185.236312151
9946,HGS-TV,95708.0,1022245.273264885
9947,HGS-TV,95708.0,1022305.2842524052
9948,HGS-TV,95708.0,1022365.3291165829
9949,HGS-TV,95708.0,1022472.5021960735
9950,HGS-TV,95708.0,1023839.8599784374
9951,HGS-TV,95708.0,1023899.8817989826
9952,HGS-TV,95708.0,1023959.9789657593
9953,HGS-TV,95708.0,1024020.0674595833
9954,HGS-TV,95708.0,1024080.0855805874
9955,HGS-TV,95708.0,1024140.154052496
9956,HGS-TV,95708.0,1024200.1960570812
9957,HGS-TV,95708.0,1024260.3061885834
9958,HGS-TV,95708.0,1024320.3169887066
9959,HGS-TV,95708.0,1024380.3594679832
9960,HGS-TV,95708.0,1024440.4529209137
9961,HGS-TV,95708.0,1024500.4655475616
9962,HGS-TV,95708.0,1024560.5792434216
9963,HGS-TV,95708.0,1024620.6034986973
9964,HGS-TV,95708.0,1024680.6308612823
9965,HGS-TV,95708.0,1024746.0260043144
9966,HGS-TV,95708.0,1024806.0347664356
9967,HGS-TV,95708.0,1024866.0916457176
9968,HGS-TV,95708.0,1024926.1099596024
9969,HGS-TV,95708.0,1025130.7852950096
9970,HGS-TV,95708.0,1025190.856045723
9971,HGS-TV,95708.0,1025300.5982484818
9972,HGS-TV,95708.0,1025360.6064038277
9973,HGS-TV,95708.0,1025420.7052958012
9974,HGS-TV,95708.0,1025512.8874855042
9975,HGS-TV,95708.0,1025634.5957114697
9976,HGS-TV,95708.0,1025694.6125020981
9977,HGS-TV,95708.0,1025786.4878396988
9978,HGS-TV,95708.0,1025846.5841357708
9979,HGS-TV,95708.0,1025906.75771451
9980,HGS-TV,95708.0,1026017.0679671764
9981,HGS-TV,95708.0,1027498.1409757137
9982,HGS-TV,95708.0,1027558.2183363438
9983,HGS-TV,95708.0,1027618.2967908382
9984,HGS-TV,95708.0,1027678.3042387962
9985,HGS-TV,95708.0,1027738.3067395687
9986,HGS-TV,95708.0,1027798.3122832775
9987,HGS-TV,95708.0,1027858.3374764919
9988,HGS-TV,95708.0,1027918.3902277946
9989,HGS-TV,95708.0,1027978.4322769642
9990,HGS-TV,95708.0,1028038.4496295452
9991,HGS-TV,95708.0,1028098.5311784744
9992,HGS-TV,95708.0,1028158.6339521408
9993,HGS-TV,95708.0,1028218.6786158085
9994,HGS-TV,95708.0,1028278.7617337704
9995,HGS-TV,95708.0,1028338.8729434013
9996,HGS-TV,95708.0,1028436.4674019814
9997,HGS-TV,95708.0,1028496.5160002708
9998,HGS-TV,95708.0,1028579.3389008045
9999,HGS-TV,95708.0,1028639.3999865055
10000,HGS-TV,95708.0,1028699.6491670609
10001,HGS-TV,95708.0,1028858.9028794765
10002,HGS-TV,95708.0,1028918.9253895283
10003,HGS-TV,95708.0,1028978.9789729118
10004,HGS-TV,95708.0,1029039.0137166977
10005,HGS-TV,95708.0,1029099.0674750805
10006,HGS-TV,95708.0,1029308.5628433228
10007,HGS-TV,95708.0,1029368.5628783703
10008,HGS-TV,95708.0,1029449.3305411339
10009,HGS-TV,95708.0,1029515.6922471523
10010,HGS-TV,95708.0,1029575.7663373947
10011,HGS-TV,95708.0,1029635.7701294422
10012,HGS-TV,95708.0,1029695.7966020107
10013,HGS-TV,95708.0,1031057.246332407
10014,HGS-TV,95708.0,1031117.3286979198
10015,HGS-TV,95708.0,1031177.4466190338
10016,HGS-TV,95708.0,1031237.4895045757
10017,HGS-TV,95708.0,1031297.6191716194
10018,HGS-TV,95708.0,1031357.7363629341
10019,HGS-TV,95708.0,1031417.8048377037
10020,HGS-TV,95708.0,1031477.8461892605
10021,HGS-TV,95708.0,1031537.8932971954
10022,HGS-TV,95708.0,1031597.936716795
10023,HGS-TV,95708.0,1031693.1727478504
10024,HGS-TV,95708.0,1031753.2754733562
10025,HGS-TV,95708.0,1031813.2787647247
10026,HGS-TV,95708.0,1031873.309432745
10027,HGS-TV,95708.0,1031933.3406476974
10028,HGS-TV,95708.0,1031996.6932821274
10029,HGS-TV,95708.0,1032056.7059907913
10030,HGS-TV,95708.0,1032116.7505602837
10031,HGS-TV,95708.0,1032176.7883284092
10032,HGS-TV,95708.0,1032236.8231680393
10033,HGS-TV,95708.0,1032296.8398637772
10034,HGS-TV,95708.0,1032356.9393143654
10035,HGS-TV,95708.0,1032417.0416784286
10036,HGS-TV,95708.0,1032477.0850150585
10037,HGS-TV,95708.0,1032545.3100669384
10038,HGS-TV,95708.0,1032605.333814621
10039,HGS-TV,95708.0,1032665.340231657
10040,HGS-TV,95708.0,1032725.414737463
10041,HGS-TV,95708.0,1032785.4513058662
10042,HGS-TV,95708.0,1032845.5084223747
10043,HGS-TV,95708.0,1032905.6100902557
10044,HGS-TV,95708.0,1032965.6706666946
10045,HGS-TV,95708.0,1033025.6992499828
10046,HGS-TV,95708.0,1033085.7557332516
10047,HGS-TV,95708.0,1033145.8075096607
10048,HGS-TV,95708.0,1033205.8695876598
10049,HGS-TV,95708.0,1033265.9007070065
10050,HGS-TV,95708.0,1034613.0859715939
10051,HGS-TV,95708.0,1034673.1119372845
10052,HGS-TV,95708.0,1034733.1443397999
10053,HGS-TV,95708.0,1034797.3426814079
10054,HGS-TV,95708.0,1034857.4185330868
10055,HGS-TV,95708.0,1034917.4814040661
10056,HGS-TV,95708.0,1034977.5002992153
10057,HGS-TV,95708.0,1035037.5225458145
10058,HGS-TV,95708.0,1035097.5748143196
10059,HGS-TV,95708.0,1035157.6285629272
10060,HGS-TV,95708.0,1035217.6330971718
10061,HGS-TV,95708.0,1035277.6948273182
10062,HGS-TV,95708.0,1035343.6067588329
10063,HGS-TV,95708.0,1035403.694475174
10064,HGS-TV,95708.0,1035463.7488331795
10065,HGS-TV,95708.0,1035523.7614629269
10066,HGS-TV,95708.0,1035583.8140909672
10067,HGS-TV,95708.0,1035643.833492279
10068,HGS-TV,95708.0,1035703.8810527325
10069,HGS-TV,95708.0,1035763.949215889
10070,HGS-TV,95708.0,1035823.9981296062
10071,HGS-TV,95708.0,1035917.2048721313
10072,HGS-TV,95708.0,1035977.2063262463
10073,HGS-TV,95708.0,1036037.2741560936
10074,HGS-TV,95708.0,1036097.3283669949
10075,HGS-TV,95708.0,1036157.360352993
10076,HGS-TV,95708.0,1036217.4210560322
10077,HGS-TV,95708.0,1036284.2512924671
10078,HGS-TV,95708.0,1036344.2951831818
10079,HGS-TV,95708.0,1036404.3301455975
10080,HGS-TV,95708.0,1036464.3868031502
10081,HGS-TV,95708.0,1036524.3907516003
10082,HGS-TV,95708.0,1036584.449753046
10083,HGS-TV,95708.0,1036644.5291721821
10084,HGS-TV,95708.0,1036704.5434846878
10085,HGS-TV,95708.0,1036764.5780751705
10086,HGS-TV,95708.0,1036824.6634559631
10087,HGS-TV,95708.0,1036884.7155804634
10088,HGS-TV,95708.0,1038265.3611953259
10089,HGS-TV,95708.0,1038325.4106826782
10090,HGS-TV,95708.0,1038385.4669787884
10091,HGS-TV,95708.0,1038445.4796276093
10092,HGS-TV,95708.0,1038505.539935112
10093,HGS-TV,95708.0,1038565.5897481441
10094,HGS-TV,95708.0,1038625.6390345097
10095,HGS-TV,95708.0,1038685.6841189861
10096,HGS-TV,95708.0,1038745.7266685963
10097,HGS-TV,95708.0,1038836.0880494118
10098,HGS-TV,95708.0,1038896.2104022503
10099,HGS-TV,95708.0,1038956.2630889416
10100,HGS-TV,95708.0,1039016.3697061539
10101,HGS-TV,95708.0,1039076.4629895687
10102,HGS-TV,95708.0,1039136.5293138027
10103,HGS-TV,95708.0,1039196.6407186985
10104,HGS-TV,95708.0,1039256.6709632874
10105,HGS-TV,95708.0,1039316.7475926876
10106,HGS-TV,95708.0,1039376.7497000694
10107,HGS-TV,95708.0,1039436.7732276917
10108,HGS-TV,95708.0,1039496.8576700687
10109,HGS-TV,95708.0,1039588.3200757504
10110,HGS-TV,95708.0,1039648.3211064339
10111,HGS-TV,95708.0,1039758.5708293915
10112,HGS-TV,95708.0,1039818.6534781456
10113,HGS-TV,95708.0,1039878.6929306984
10114,HGS-TV,95708.0,1039938.7814950943
10115,HGS-TV,95708.0,1039998.8185687065
10116,HGS-TV,95708.0,1040058.8516466618
10117,HGS-TV,95708.0,1040118.9251217842
10118,HGS-TV,95708.0,1040178.9258232117
10119,HGS-TV,95708.0,1040238.9507846832
10120,HGS-TV,95708.0,1040299.0101025105
10121,HGS-TV,95708.0,1040386.5957887173
10122,HGS-TV,95708.0,1040462.9963486195
10123,HGS-TV,95708.0,1041830.3133099079
10124,HGS-TV,95708.0,1041890.3346047401
10125,HGS-TV,95708.0,1041950.351639986
10126,HGS-TV,95708.0,1042010.3852319717
10127,HGS-TV,95708.0,1042070.3883371353
10128,HGS-TV,95708.0,1042130.4231779575
10129,HGS-TV,95708.0,1042190.5287685394
10130,HGS-TV,95708.0,1042250.5784463882
10131,HGS-TV,95708.0,1042351.7505164146
10132,HGS-TV,95708.0,1042411.8837995529
10133,HGS-TV,95708.0,1042471.9575712681
10134,HGS-TV,95708.0,1042532.0088067055
10135,HGS-TV,95708.0,1042592.0916955471
10136,HGS-TV,95708.0,1042652.1078665257
10137,HGS-TV,95708.0,1042712.134357214
10138,HGS-TV,95708.0,1042772.1515231133
10139,HGS-TV,95708.0,1042832.2311923504
10140,HGS-TV,95708.0,1042892.264914751
10141,HGS-TV,95708.0,1042952.2721395493
10142,HGS-TV,95708.0,1043012.3041894436
10143,HGS-TV,95708.0,1043092.8376200199
10144,HGS-TV,95708.0,1043152.9309811592
10145,HGS-TV,95708.0,1043213.0078279972
10146,HGS-TV,95708.0,1043325.1283066273
10147,HGS-TV,95708.0,1043470.2774224281
10148,HGS-TV,95708.0,1043530.347430706
10149,HGS-TV,95708.0,1043590.4951438904
10150,HGS-TV,95708.0,1043650.5613412857
10151,HGS-TV,95708.0,1043827.8293297291
10152,HGS-TV,95708.0,1043940.301047802
10153,HGS-TV,95708.0,1044001.8320550919
10154,HGS-TV,95708.0,1044066.2360260487
10155,HGS-TV,95708.0,1045397.7389609814
10156,HGS-TV,95708.0,1045457.7465155125
10157,HGS-TV,95708.0,1045517.8145546913
10158,HGS-TV,95708.0,1045577.821949482
10159,HGS-TV,95708.0,1045637.9362518787
10160,HGS-TV,95708.0,1045697.9681901932
10161,HGS-TV,95708.0,1045758.0091130733
10162,HGS-TV,95708.0,1045818.1029715538
10163,HGS-TV,95708.0,1045878.214528799
10164,HGS-TV,95708.0,1045938.2680079937
10165,HGS-TV,95708.0,1045998.2949910164
10166,HGS-TV,95708.0,1046058.4170036316
10167,HGS-TV,95708.0,1046135.9876298904
10168,HGS-TV,95708.0,1046280.3589720726
10169,HGS-TV,95708.0,1046340.3722147942
10170,HGS-TV,95708.0,1046413.6216721535
10171,HGS-TV,95708.0,1046473.6870484352
10172,HGS-TV,95708.0,1046533.7093157768
10173,HGS-TV,95708.0,1046593.754306078
10174,HGS-TV,95708.0,1046693.7996284962
10175,HGS-TV,95708.0,1046753.8850977421
10176,HGS-TV,95708.0,1046813.9637582302
10177,HGS-TV,95708.0,1046873.9946699142
10178,HGS-TV,95708.0,1046938.1868963242
10179,HGS-TV,95708.0,1046998.2384338379
10180,HGS-TV,95708.0,1047112.2854967117
10181,HGS-TV,95708.0,1047172.357986927
10182,HGS-TV,95708.0,1047232.4133136272
10183,HGS-TV,95708.0,1047292.4464230537
10184,HGS-TV,95708.0,1047352.4864509106
10185,HGS-TV,95708.0,1047412.5659379959
10186,HGS-TV,95708.0,1047655.4799752235
10187,HGS-TV,95708.0,1048985.614944458
10188,HGS-TV,95708.0,1049045.6923015118
10189,HGS-TV,95708.0,1049105.7347693443
10190,HGS-TV,95708.0,1049165.7627592087
10191,HGS-TV,95708.0,1049225.8117370605
10192,HGS-TV,95708.0,1049285.8158757687
10193,HGS-TV,95708.0,1049345.8619010448
10194,HGS-TV,95708.0,1049421.9197108746
10195,HGS-TV,95708.0,1049493.7040150166
10196,HGS-TV,95708.0,1049616.9842114449
10197,HGS-TV,95708.0,1049694.6578185558
10198,HGS-TV,95708.0,1049754.7470207214
10199,HGS-TV,95708.0,1049814.7609555721
10200,HGS-TV,95708.0,1049881.517589569
10201,HGS-TV,95708.0,1049941.5345871449
10202,HGS-TV,95708.0,1050036.2811200619
10203,HGS-TV,95708.0,1050096.3381984234
10204,HGS-TV,95708.0,1050277.4654848576
10205,HGS-TV,95708.0,1050337.4723689556
10206,HGS-TV,95708.0,1050397.48990798
10207,HGS-TV,95708.0,1050524.0517716408
10208,HGS-TV,95708.0,1050584.0771336555
10209,HGS-TV,95708.0,1050680.6842839718
10210,HGS-TV,95708.0,1050740.6856348515
10211,HGS-TV,95708.0,1050800.7036967278
10212,HGS-TV,95708.0,1050860.7709395885
10213,HGS-TV,95708.0,1050981.3372716904
10214,HGS-TV,95708.0,1051121.1467940807
10215,HGS-TV,95708.0,1051181.2222015858
10216,HGS-TV,95708.0,1051241.2243552208
10217,HGS-TV,95708.0,1051301.3306429386
10218,HGS-TV,95708.0,1052635.0741641521
10219,HGS-TV,95708.0,1052695.1280286312
10220,HGS-TV,95708.0,1052755.1873393059
10221,HGS-TV,95708.0,1052815.299528122
10222,HGS-TV,95708.0,1052875.4162375927
10223,HGS-TV,95708.0,1052935.4378521442
10224,ails2_etaMax0.005_stoppingTime86400.00,95707.0,1052966.1590500488
10225,HGS-TV,95708.0,1052995.441838026
10226,HGS-TV,95708.0,1053055.5281879902
10227,HGS-TV,95708.0,1053115.5538551807
10228,HGS-TV,95708.0,1053175.6382234097
10229,HGS-TV,95708.0,1053235.7286541462
10230,HGS-TV,95708.0,1053295.7681212425
10231,HGS-TV,95708.0,1053355.8973565102
10232,HGS-TV,95708.0,1053463.275588274
10233,HGS-TV,95708.0,1053541.5159106255
10234,HGS-TV,95708.0,1053601.597062111
10235,HGS-TV,95708.0,1053661.6510033607
10236,HGS-TV,95708.0,1053721.6993842125
10237,HGS-TV,95708.0,1053781.7415168285
10238,HGS-TV,95708.0,1053841.7679114342
10239,HGS-TV,95708.0,1053949.928330183
10240,HGS-TV,95708.0,1054009.944875002
10241,HGS-TV,95708.0,1054158.5113973618
10242,HGS-TV,95708.0,1054298.7773547173
10243,HGS-TV,95708.0,1054602.157879591
10244,HGS-TV,95708.0,1054662.1990542412
10245,HGS-TV,95708.0,1054722.255998373
10246,HGS-TV,95708.0,1054782.3278315067
10247,HGS-TV,95708.0,1054842.3522853851
10248,HGS-TV,95708.0,1054902.4356985092
10249,HGS-TV,95707.0,1056344.353335619
10250,HGS-TV,95707.0,1056404.421728611
10251,HGS-TV,95707.0,1056464.4874880314
10252,HGS-TV,95707.0,1056524.6316008568
10253,HGS-TV,95707.0,1056584.6559667587
10254,HGS-TV,95707.0,1056644.76725173
10255,HGS-TV,95707.0,1056704.9351217747
10256,HGS-TV,95707.0,1056764.945123434
10257,HGS-TV,95707.0,1056825.0616688728
10258,HGS-TV,95707.0,1056885.1215093136
10259,HGS-TV,95707.0,1056945.9851522446
10260,HGS-TV,95707.0,1057006.0596911907
10261,HGS-TV,95707.0,1057066.080123663
10262,HGS-TV,95707.0,1057126.1217963696
10263,HGS-TV,95707.0,1057186.1763973236
10264,HGS-TV,95707.0,1057246.2517223358
10265,HGS-TV,95707.0,1057306.3116278648
10266,HGS-TV,95707.0,1057375.3962347507
10267,HGS-TV,95707.0,1057435.489030838
10268,HGS-TV,95707.0,1057495.61227417
10269,HGS-TV,95707.0,1057555.6360225677
10270,HGS-TV,95707.0,1057615.6367797852
10271,HGS-TV,95707.0,1057675.6611704826
10272,HGS-TV,95707.0,1057735.695613861
10273,HGS-TV,95707.0,1057797.4231686592
10274,HGS-TV,95707.0,1057857.4398167133
10275,HGS-TV,95707.0,1057917.5564949512
10276,HGS-TV,95707.0,1057977.5732169151
10277,HGS-TV,95707.0,1058037.6716196537
10278,HGS-TV,95707.0,1058097.7260763645
10279,HGS-TV,95707.0,1058157.7528073788
10280,HGS-TV,95707.0,1058217.859953642
10281,HGS-TV,95707.0,1058277.8817305565
10282,HGS-TV,95707.0,1058338.015007019
10283,HGS-TV,95707.0,1058398.0584146976
10284,HGS-TV,95707.0,1058458.0661814213
10285,HGS-TV,95707.0,1059835.2068338394
10286,HGS-TV,95707.0,1059895.246733904
10287,HGS-TV,95707.0,1059955.247616291
10288,HGS-TV,95707.0,1060015.264656067
10289,HGS-TV,95707.0,1060075.2787644863
10290,HGS-TV,95707.0,1060135.286102295
10291,HGS-TV,95707.0,1060195.292425394
10292,HGS-TV,95707.0,1060255.3662743568
10293,HGS-TV,95707.0,1060315.455411911
10294,HGS-TV,95707.0,1060392.0035645962
10295,HGS-TV,95707.0,1060452.0798416138
10296,HGS-TV,95707.0,1060519.7092666626
10297,HGS-TV,95707.0,1060579.7217943668
10298,HGS-TV,95707.0,1060648.6989376545
10299,HGS-TV,95707.0,1060708.790225029
10300,HGS-TV,95707.0,1060768.8786549568
10301,HGS-TV,95707.0,1060828.9291832447
10302,HGS-TV,95707.0,1060888.934589386
10303,HGS-TV,95707.0,1060948.9707729816
10304,HGS-TV,95707.0,1061009.0273325443
10305,HGS-TV,95707.0,1061069.0424776077
10306,HGS-TV,95707.0,1061141.865783453
10307,HGS-TV,95707.0,1061201.963750124
10308,HGS-TV,95707.0,1061280.54855752
10309,HGS-TV,95707.0,1061346.2971217632
10310,HGS-TV,95707.0,1061452.9375908375
10311,HGS-TV,95707.0,1061512.9731545448
10312,HGS-TV,95707.0,1061573.017175436
10313,HGS-TV,95707.0,1061827.7980668545
10314,HGS-TV,95707.0,1061927.807852745
10315,HGS-TV,95707.0,1062040.5251243114
10316,HGS-TV,95707.0,1062100.53785038
10317,HGS-TV,95707.0,1063387.2099459171
10318,HGS-TV,95707.0,1063447.3343548775
10319,HGS-TV,95707.0,1063507.347391367
10320,HGS-TV,95707.0,1063567.3807075024
10321,HGS-TV,95707.0,1063627.423985958
10322,HGS-TV,95707.0,1063687.509317398
10323,HGS-TV,95707.0,1063762.6259264946
10324,HGS-TV,95707.0,1063822.699693203
10325,HGS-TV,95707.0,1063890.7346532345
10326,HGS-TV,95707.0,1064061.869136095
10327,HGS-TV,95707.0,1064121.9689297676
10328,HGS-TV,95707.0,1064181.9761748314
10329,HGS-TV,95707.0,1064242.034768343
10330,HGS-TV,95707.0,1064349.5079581738
10331,HGS-TV,95707.0,1064463.5909001827
10332,HGS-TV,95707.0,1064523.6111783981
10333,HGS-TV,95707.0,1064583.621414423
10334,HGS-TV,95707.0,1064736.5457036495
10335,HGS-TV,95707.0,1064809.1464505196
10336,HGS-TV,95707.0,1064869.2429785728
10337,HGS-TV,95707.0,1064929.307943344
10338,HGS-TV,95707.0,1065002.4241759777
10339,HGS-TV,95707.0,1065137.7556722164
10340,HGS-TV,95707.0,1065197.7803382874
10341,HGS-TV,95707.0,1065257.877860546
10342,HGS-TV,95707.0,1065317.885431528
10343,HGS-TV,95707.0,1065377.893089056
10344,HGS-TV,95707.0,1065437.9124798775
10345,HGS-TV,95707.0,1065497.9479920864
10346,HGS-TV,95707.0,1065558.0665626526
10347,HGS-TV,95707.0,1065618.180332899
10348,HGS-TV,95707.0,1065678.189151764
10349,HGS-TV,95707.0,1067238.5645346642
10350,HGS-TV,95707.0,1067298.5911211967
10351,HGS-TV,95707.0,1067358.6943321228
10352,HGS-TV,95707.0,1067418.7774271965
10353,HGS-TV,95707.0,1067478.8871877193
10354,HGS-TV,95707.0,1067538.981571436
10355,HGS-TV,95707.0,1067599.0478346348
10356,HGS-TV,95707.0,1067659.1129591465
10357,HGS-TV,95707.0,1067719.1888723373
10358,HGS-TV,95707.0,1067779.2483091354
10359,HGS-TV,95707.0,1067839.2668685913
10360,HGS-TV,95707.0,1067899.408462286
10361,HGS-TV,95707.0,1067959.4659719467
10362,HGS-TV,95707.0,1068019.4863061905
10363,HGS-TV,95707.0,1068079.5241422653
10364,HGS-TV,95707.0,1068149.2116234303
10365,HGS-TV,95707.0,1068209.2361273766
10366,HGS-TV,95707.0,1068269.2950832844
10367,HGS-TV,95707.0,1068329.3908479214
10368,HGS-TV,95707.0,1068389.4272019863
10369,HGS-TV,95707.0,1068449.478814125
10370,HGS-TV,95707.0,1068519.0038692951
10371,HGS-TV,95707.0,1068579.0611889362
10372,HGS-TV,95707.0,1068639.1673510075
10373,HGS-TV,95707.0,1068699.208631754
10374,HGS-TV,95707.0,1068759.2535259724
10375,HGS-TV,95707.0,1068819.314556837
10376,HGS-TV,95707.0,1068879.356912136
10377,HGS-TV,95707.0,1068939.3954861164
10378,HGS-TV,95707.0,1068999.5113778114
10379,HGS-TV,95707.0,1069066.1913137436
10380,HGS-TV,95707.0,1069126.2179131508
10381,HGS-TV,95707.0,1069269.3492615223
10382,HGS-TV,95707.0,1070629.6268057823
10383,HGS-TV,95707.0,1070689.6276960373
10384,HGS-TV,95707.0,1070749.647748232
10385,HGS-TV,95707.0,1070809.7321367264
10386,HGS-TV,95707.0,1070869.82720685
10387,HGS-TV,95707.0,1070929.8460178375
10388,HGS-TV,95707.0,1070994.9416332245
10389,HGS-TV,95707.0,1071054.9529972076
10390,HGS-TV,95707.0,1071115.070839882
10391,HGS-TV,95707.0,1071175.081395626
10392,HGS-TV,95707.0,1071235.0903065205
10393,HGS-TV,95707.0,1071295.1586289406
10394,HGS-TV,95707.0,1071355.224959135
10395,HGS-TV,95707.0,1071415.2918143272
10396,HGS-TV,95707.0,1071475.309953928
10397,HGS-TV,95707.0,1071535.4550180435
10398,HGS-TV,95707.0,1071595.5041911602
10399,HGS-TV,95707.0,1071655.550977707
10400,HGS-TV,95707.0,1071715.5675122738
10401,HGS-TV,95707.0,1071775.5791933537
10402,HGS-TV,95707.0,1071846.7158887386
10403,HGS-TV,95707.0,1071906.8134512901
10404,HGS-TV,95707.0,1072056.452140808
10405,HGS-TV,95707.0,1072116.4680612087
10406,HGS-TV,95707.0,1072176.5642044544
10407,HGS-TV,95707.0,1072236.5904884338
10408,HGS-TV,95707.0,1072338.4855685234
10409,HGS-TV,95707.0,1072398.5299942493
10410,HGS-TV,95707.0,1072458.5349037647
10411,HGS-TV,95707.0,1072585.2782337666
10412,HGS-TV,95707.0,1072645.2873146534
10413,HGS-TV,95707.0,1072705.3089904785
10414,HGS-TV,95707.0,1072765.4126336575
10415,HGS-TV,95707.0,1072866.127480507
10416,HGS-TV,95707.0,1074442.1708405018
10417,HGS-TV,95707.0,1074502.3193881512
10418,HGS-TV,95707.0,1074562.3916687965
10419,HGS-TV,95707.0,1074622.398262024
10420,HGS-TV,95707.0,1074682.403519392
10421,HGS-TV,95707.0,1074742.5614299774
10422,HGS-TV,95707.0,1074802.6192719936
10423,HGS-TV,95707.0,1074862.7157619
10424,HGS-TV,95707.0,1074922.7245924473
10425,HGS-TV,95707.0,1074982.7642951012
10426,HGS-TV,95707.0,1075042.8136291504
10427,HGS-TV,95707.0,1075102.8880252838
10428,HGS-TV,95707.0,1075162.9346926212
10429,HGS-TV,95707.0,1075222.9814167023
10430,HGS-TV,95707.0,1075283.0131876469
10431,HGS-TV,95707.0,1075343.0959563255
10432,HGS-TV,95707.0,1075500.2139458656
10433,HGS-TV,95707.0,1075565.0694253445
10434,HGS-TV,95707.0,1075625.1018884182
10435,HGS-TV,95707.0,1075685.1181454659
10436,HGS-TV,95707.0,1075745.2319903374
10437,HGS-TV,95707.0,1075812.390385151
10438,HGS-TV,95707.0,1075872.4365181923
10439,HGS-TV,95707.0,1075963.6148238182
10440,HGS-TV,95707.0,1076023.6763353348
10441,HGS-TV,95707.0,1076096.788996458
10442,HGS-TV,95707.0,1076156.8152217865
10443,HGS-TV,95707.0,1076216.8511931896
10444,HGS-TV,95707.0,1076319.3051640987
10445,HGS-TV,95707.0,1076379.3653624058
10446,HGS-TV,95707.0,1076439.4247698784
10447,HGS-TV,95707.0,1076499.5024421215
10448,HGS-TV,95707.0,1077799.5497000217
10449,HGS-TV,95707.0,1077859.5815429688
10450,HGS-TV,95707.0,1077919.613149643
10451,HGS-TV,95707.0,1077979.743783474
10452,HGS-TV,95707.0,1078039.7628428936
10453,HGS-TV,95707.0,1078099.8205339909
10454,HGS-TV,95707.0,1078159.8410799503
10455,HGS-TV,95707.0,1078219.8868644238
10456,HGS-TV,95707.0,1078281.8879287243
10457,HGS-TV,95707.0,1078341.9028248787
10458,HGS-TV,95707.0,1078401.9665486813
10459,HGS-TV,95707.0,1078462.0073959827
10460,HGS-TV,95707.0,1078522.1045732498
10461,HGS-TV,95707.0,1078582.167023182
10462,HGS-TV,95707.0,1078666.111940384
10463,HGS-TV,95707.0,1078776.3135695457
10464,HGS-TV,95707.0,1078932.643209219
10465,HGS-TV,95707.0,1079173.2486965656
10466,HGS-TV,95707.0,1079233.3416221142
10467,HGS-TV,95707.0,1079293.3762972355
10468,HGS-TV,95707.0,1079353.4849298
10469,HGS-TV,95707.0,1079413.5297732353
10470,HGS-TV,95707.0,1079473.5358569622
10471,HGS-TV,95707.0,1079533.6336109638
10472,HGS-TV,95707.0,1079593.6873431206
10473,HGS-TV,95707.0,1079653.6996757984
10474,HGS-TV,95707.0,1079713.7086811066
10475,HGS-TV,95707.0,1079775.333855629
10476,HGS-TV,95707.0,1079835.3438620567
10477,HGS-TV,95707.0,1079899.8172490597
10478,HGS-TV,95707.0,1079971.776948452
10479,HGS-TV,95707.0,1080031.842338562
10480,HGS-TV,95707.0,1080091.8550486565
10481,HGS-TV,95707.0,1081737.8479487896
10482,HGS-TV,95707.0,1081797.892179966
10483,HGS-TV,95707.0,1081857.9725778103
10484,HGS-TV,95707.0,1081917.996540308
10485,HGS-TV,95707.0,1081978.0577087402
10486,HGS-TV,95707.0,1082038.1537148952
10487,HGS-TV,95707.0,1082098.3011054993
10488,HGS-TV,95707.0,1082158.3977043629
10489,HGS-TV,95707.0,1082218.4796278477
10490,HGS-TV,95707.0,1082278.545530796
10491,HGS-TV,95707.0,1082338.6174535751
10492,HGS-TV,95707.0,1082398.7051222324
10493,HGS-TV,95707.0,1082458.7753095627
10494,HGS-TV,95707.0,1082638.3062565327
10495,HGS-TV,95707.0,1082698.3939919472
10496,HGS-TV,95707.0,1082758.4889423847
10497,HGS-TV,95707.0,1082818.551279068
10498,HGS-TV,95707.0,1082878.627421856
10499,HGS-TV,95707.0,1082979.6004440784
10500,HGS-TV,95707.0,1083039.6819107533
10501,HGS-TV,95707.0,1083099.7607228756
10502,HGS-TV,95707.0,1083159.7655906677
10503,HGS-TV,95707.0,1083225.8313941956
10504,HGS-TV,95707.0,1083454.555892229
10505,HGS-TV,95707.0,1083555.1780366898
10506,HGS-TV,95707.0,1083617.1067786217
10507,HGS-TV,95707.0,1085052.1320371628
10508,HGS-TV,95707.0,1085112.163465023
10509,HGS-TV,95707.0,1085172.1946821213
10510,HGS-TV,95707.0,1085232.2016527653
10511,HGS-TV,95707.0,1085292.2251803875
10512,HGS-TV,95707.0,1085352.3474628925
10513,HGS-TV,95707.0,1085412.468922615
10514,HGS-TV,95707.0,1085472.5238175392
10515,HGS-TV,95707.0,1085570.8329331875
10516,HGS-TV,95707.0,1085781.242953062
10517,HGS-TV,95707.0,1086118.472818613
10518,HGS-TV,95707.0,1086178.5269789696
10519,HGS-TV,95707.0,1086238.571317196
10520,HGS-TV,95707.0,1086298.5887625217
10521,HGS-TV,95707.0,1086358.756407261
10522,HGS-TV,95707.0,1086418.7850604057
10523,HGS-TV,95707.0,1086523.248492241
10524,HGS-TV,95707.0,1086583.3820154667
10525,HGS-TV,95707.0,1086643.3954174519
10526,HGS-TV,95707.0,1086703.441997528
10527,HGS-TV,95707.0,1086763.554603815
10528,HGS-TV,95707.0,1086823.6018412113
10529,HGS-TV,95707.0,1086930.3702566624
10530,HGS-TV,95707.0,1086995.1336688995
10531,HGS-TV,95707.0,1087055.7949774265
10532,HGS-TV,95707.0,1087115.83487463
10533,HGS-TV,95707.0,1087175.8433964252
10534,HGS-TV,95707.0,1087235.909138441
10535,HGS-TV,95707.0,1087295.9370102882
10536,HGS-TV,95707.0,1088748.1274802685
10537,HGS-TV,95707.0,1088808.2548902035
10538,HGS-TV,95707.0,1088868.288305521
10539,HGS-TV,95707.0,1088928.3778402805
10540,HGS-TV,95707.0,1088988.3935978413
10541,HGS-TV,95707.0,1089048.4729969501
10542,HGS-TV,95707.0,1089108.4904682636
10543,HGS-TV,95707.0,1089168.5876893997
10544,HGS-TV,95707.0,1089228.694328308
10545,HGS-TV,95707.0,1089288.7976913452
10546,HGS-TV,95707.0,1089348.8383173943
10547,HGS-TV,95707.0,1089408.9253995419
10548,HGS-TV,95707.0,1089468.9738903046
10549,HGS-TV,95707.0,1089529.094940424
10550,HGS-TV,95707.0,1089589.1171057224
10551,HGS-TV,95707.0,1089649.2262105942
10552,HGS-TV,95707.0,1089916.287835598
10553,HGS-TV,95707.0,1089976.2984445095
10554,HGS-TV,95707.0,1090036.367645502
10555,HGS-TV,95707.0,1090104.2759315968
10556,HGS-TV,95707.0,1090172.5882108212
10557,HGS-TV,95707.0,1090244.8489470482
10558,HGS-TV,95707.0,1090304.932190895
10559,HGS-TV,95707.0,1090364.974104166
10560,HGS-TV,95707.0,1090425.0683953762
10561,HGS-TV,95707.0,1090515.324304819
10562,HGS-TV,95707.0,1090575.453668356
10563,HGS-TV,95707.0,1090635.4857168198
10564,HGS-TV,95707.0,1090695.5286910534
10565,HGS-TV,95707.0,1090755.5759117603
10566,HGS-TV,95707.0,1090815.6436002254
10567,HGS-TV,95707.0,1090875.6440737247
10568,HGS-TV,95707.0,1092217.3454694748
10569,HGS-TV,95707.0,1092277.4289710522
10570,HGS-TV,95707.0,1092337.4539642334
10571,HGS-TV,95707.0,1092397.5132730007
10572,HGS-TV,95707.0,1092457.6022295952
10573,HGS-TV,95707.0,1092517.6907246113
10574,HGS-TV,95707.0,1092577.7730464935
10575,HGS-TV,95707.0,1092637.8615467548
10576,HGS-TV,95707.0,1092697.8951077461
10577,HGS-TV,95707.0,1092757.9820950031
10578,HGS-TV,95707.0,1092818.1116673946
10579,HGS-TV,95707.0,1092878.180127859
10580,HGS-TV,95707.0,1092938.2333128452
10581,HGS-TV,95707.0,1092998.274224043
10582,HGS-TV,95707.0,1093069.7768940926
10583,HGS-TV,95707.0,1093159.3654258251
10584,HGS-TV,95707.0,1093219.4013938904
10585,HGS-TV,95707.0,1093405.409063816
10586,HGS-TV,95707.0,1093465.4300572872
10587,HGS-TV,95707.0,1093525.4625322819
10588,HGS-TV,95707.0,1093601.032880783
10589,HGS-TV,95707.0,1093680.081400156
10590,HGS-TV,95707.0,1093740.15179348
10591,HGS-TV,95707.0,1093800.206773281
10592,HGS-TV,95707.0,1093860.2843284607
10593,HGS-TV,95707.0,1093920.29285717
10594,HGS-TV,95707.0,1093980.3735392094
10595,HGS-TV,95707.0,1094040.478561163
10596,HGS-TV,95707.0,1094100.4855999947
10597,HGS-TV,95707.0,1094160.587268591
10598,HGS-TV,95707.0,1094220.6917126179
10599,HGS-TV,95707.0,1094280.7155349255
10600,HGS-TV,95707.0,1094340.7774817944
10601,HGS-TV,95707.0,1094400.9107062817
10602,HGS-TV,95707.0,1094488.6151366234
10603,HGS-TV,95707.0,1095949.9474403858
10604,HGS-TV,95707.0,1096010.0407886505
10605,HGS-TV,95707.0,1096070.1735026836
10606,HGS-TV,95707.0,1096130.267730236
10607,HGS-TV,95707.0,1096190.357147932
10608,HGS-TV,95707.0,1096250.5062484741
10609,HGS-TV,95707.0,1096310.5098781586
10610,HGS-TV,95707.0,1096370.5781140327
10611,HGS-TV,95707.0,1096430.681681633
10612,HGS-TV,95707.0,1096501.0081810951
10613,HGS-TV,95707.0,1096561.0901322365
10614,HGS-TV,95707.0,1096621.1974871159
10615,HGS-TV,95707.0,1096681.20242548
10616,HGS-TV,95707.0,1096741.31142354
10617,HGS-TV,95707.0,1096801.3755118847
10618,HGS-TV,95707.0,1097064.280479908
10619,HGS-TV,95707.0,1097187.3392043114
10620,HGS-TV,95707.0,1097299.4613268375
10621,HGS-TV,95707.0,1097359.4818274975
10622,HGS-TV,95707.0,1097623.5546181202
10623,HGS-TV,95707.0,1097683.5812988281
10624,HGS-TV,95707.0,1097743.634349823
10625,HGS-TV,95707.0,1097803.6484444141
10626,HGS-TV,95707.0,1097924.0681066513
10627,HGS-TV,95707.0,1097984.094388485
10628,HGS-TV,95707.0,1098044.1499166489
10629,HGS-TV,95707.0,1098104.1685283184
10630,HGS-TV,95707.0,1099532.471265316
10631,HGS-TV,95707.0,1099592.5044693947
10632,HGS-TV,95707.0,1099652.6170253754
10633,HGS-TV,95707.0,1099712.6203362942
10634,HGS-TV,95707.0,1099772.6559882164
10635,HGS-TV,95707.0,1099832.6991403103
10636,HGS-TV,95707.0,1099892.707426548
10637,HGS-TV,95707.0,1099952.7771480083
10638,HGS-TV,95707.0,1100012.8187448978
10639,HGS-TV,95707.0,1100088.731903553
10640,HGS-TV,95707.0,1100148.77821064
10641,HGS-TV,95707.0,1100208.8950150013
10642,HGS-TV,95707.0,1100268.899819851
10643,HGS-TV,95707.0,1100328.9177019596
10644,HGS-TV,95707.0,1100388.9920957088
10645,HGS-TV,95707.0,1100449.026396513
10646,HGS-TV,95707.0,1100538.7544875145
10647,HGS-TV,95707.0,1100625.1667556763
10648,HGS-TV,95707.0,1100721.9775295258
10649,HGS-TV,95707.0,1100895.1034405231
10650,HGS-TV,95707.0,1100970.1938216686
10651,HGS-TV,95707.0,1101030.2062792778
10652,HGS-TV,95707.0,1101125.4777185917
10653,HGS-TV,95707.0,1101194.1224739552
10654,HGS-TV,95707.0,1101254.1574323177
10655,HGS-TV,95707.0,1101314.1575098038
10656,HGS-TV,95707.0,1101378.495196581
10657,HGS-TV,95707.0,1101465.0265331268
10658,HGS-TV,95707.0,1101615.244511366
10659,HGS-TV,95707.0,1101697.1156885624
10660,HGS-TV,95707.0,1103025.8438520432
10661,HGS-TV,95707.0,1103085.8819561005
10662,HGS-TV,95707.0,1103145.8961851597
10663,HGS-TV,95707.0,1103205.9436068535
10664,HGS-TV,95707.0,1103266.0300984383
10665,HGS-TV,95707.0,1103326.0667369366
10666,HGS-TV,95707.0,1103386.1222326756
10667,HGS-TV,95707.0,1103446.1556932926
10668,HGS-TV,95707.0,1103506.2024655342
10669,HGS-TV,95707.0,1103566.2433674335
10670,HGS-TV,95707.0,1103628.7295467854
10671,HGS-TV,95707.0,1103688.8071784973
10672,HGS-TV,95707.0,1103748.843991518
10673,HGS-TV,95707.0,1103808.8868386745
10674,HGS-TV,95707.0,1103868.9374547005
10675,HGS-TV,95707.0,1103928.961560011
10676,HGS-TV,95707.0,1103988.9789402485
10677,HGS-TV,95707.0,1104049.1011116505
10678,HGS-TV,95707.0,1104109.1850028038
10679,HGS-TV,95707.0,1104169.251481533
10680,HGS-TV,95707.0,1104229.2605800629
10681,HGS-TV,95707.0,1104289.2891430855
10682,HGS-TV,95707.0,1104349.3833203316
10683,HGS-TV,95707.0,1104409.4928834438
10684,HGS-TV,95707.0,1104469.4960083961
10685,HGS-TV,95707.0,1104529.4987745285
10686,HGS-TV,95707.0,1104589.517234087
10687,HGS-TV,95707.0,1104698.628796339
10688,HGS-TV,95707.0,1104960.477483511
10689,HGS-TV,95707.0,1105104.5167205334
10690,HGS-TV,95707.0,1105164.5782737732
10691,HGS-TV,95707.0,1105224.6020958424
10692,HGS-TV,95707.0,1105284.6786694527
10693,HGS-TV,95707.0,1106666.1421616077
10694,HGS-TV,95707.0,1106726.1739711761
10695,HGS-TV,95707.0,1106786.1835465431
10696,HGS-TV,95707.0,1106846.2536039352
10697,HGS-TV,95707.0,1106906.3667986393
10698,HGS-TV,95707.0,1106966.4105203152
10699,HGS-TV,95707.0,1107026.4844901562
10700,HGS-TV,95707.0,1107086.4988946915
10701,HGS-TV,95707.0,1107146.6313269138
10702,HGS-TV,95707.0,1107246.4473524094
10703,HGS-TV,95707.0,1107306.4718601704
10704,HGS-TV,95707.0,1107366.5717437267
10705,HGS-TV,95707.0,1107426.6129434109
10706,HGS-TV,95707.0,1107486.6794669628
10707,HGS-TV,95707.0,1107546.7502086163
10708,HGS-TV,95707.0,1107606.8480114937
10709,HGS-TV,95707.0,1107666.8693947792
10710,HGS-TV,95707.0,1107726.9485778809
10711,HGS-TV,95707.0,1107786.9567103386
10712,HGS-TV,95707.0,1107847.078350544
10713,HGS-TV,95707.0,1107907.1511347294
10714,HGS-TV,95707.0,1107967.2474930286
10715,HGS-TV,95707.0,1108027.3250453472
10716,HGS-TV,95707.0,1108087.3409280777
10717,HGS-TV,95707.0,1108241.6500456333
10718,HGS-TV,95707.0,1108301.7175087929
10719,HGS-TV,95707.0,1108361.8003504276
10720,HGS-TV,95707.0,1108421.8457717896
10721,HGS-TV,95707.0,1108490.2343535423
10722,HGS-TV,95707.0,1108550.282643795
10723,HGS-TV,95707.0,1108610.35809803
10724,HGS-TV,95707.0,1108670.4754242897
10725,HGS-TV,95707.0,1108730.5969691277
10726,HGS-TV,95707.0,1108850.9015350342
10727,HGS-TV,95707.0,1110476.5787453651
10728,HGS-TV,95707.0,1110536.6446883678
10729,HGS-TV,95707.0,1110596.6727912426
10730,HGS-TV,95707.0,1110656.7837896347
10731,HGS-TV,95707.0,1110716.84571743
10732,HGS-TV,95707.0,1110838.6919894218
10733,HGS-TV,95707.0,1110898.6974086761
10734,HGS-TV,95707.0,1110958.776286602
10735,HGS-TV,95707.0,1111018.818571806
10736,HGS-TV,95707.0,1111078.8894383907
10737,HGS-TV,95707.0,1111154.26071167
10738,HGS-TV,95707.0,1111214.287617445
10739,HGS-TV,95707.0,1111274.3408417702
10740,HGS-TV,95707.0,1111334.4812488556
10741,HGS-TV,95707.0,1111394.5782644749
10742,HGS-TV,95707.0,1111454.6633467674
10743,HGS-TV,95707.0,1111521.9345867634
10744,HGS-TV,95707.0,1111581.9711720943
10745,HGS-TV,95707.0,1111683.5346372128
10746,HGS-TV,95707.0,1111743.5605683327
10747,HGS-TV,95707.0,1111815.5399532318
10748,HGS-TV,95707.0,1111933.9585797787
10749,HGS-TV,95707.0,1111994.1161658764
10750,HGS-TV,95707.0,1112160.6997897625
10751,HGS-TV,95707.0,1112233.253790617
10752,HGS-TV,95707.0,1112293.3564796448
10753,HGS-TV,95707.0,1112353.4293572903
10754,HGS-TV,95707.0,1112428.2311103344
10755,HGS-TV,95707.0,1112491.3090438843
10756,HGS-TV,95707.0,1113829.952037096
10757,HGS-TV,95707.0,1113889.9663131237
10758,HGS-TV,95707.0,1113950.0572030544
10759,HGS-TV,95707.0,1114010.1315805912
10760,HGS-TV,95707.0,1114070.2369980812
10761,HGS-TV,95707.0,1114130.2750675678
10762,HGS-TV,95707.0,1114190.333757162
10763,HGS-TV,95707.0,1114250.442645073
10764,HGS-TV,95707.0,1114310.476695776
10765,HGS-TV,95707.0,1114398.993383646
10766,HGS-TV,95707.0,1114459.0746934414
10767,HGS-TV,95707.0,1114519.1602487564
10768,HGS-TV,95707.0,1114579.170445919
10769,HGS-TV,95707.0,1114657.435013771
10770,HGS-TV,95707.0,1114841.2491030693
10771,HGS-TV,95707.0,1114922.1856775284
10772,HGS-TV,95707.0,1114982.28186059
10773,HGS-TV,95707.0,1115042.3641934395
10774,HGS-TV,95707.0,1115102.42745471
10775,HGS-TV,95707.0,1115162.448442459
10776,HGS-TV,95707.0,1115242.9953417778
10777,HGS-TV,95707.0,1115303.0306389332
10778,HGS-TV,95707.0,1115363.0585124493
10779,HGS-TV,95707.0,1115423.060754776
10780,HGS-TV,95707.0,1115622.6266753674
10781,HGS-TV,95707.0,1115682.6734924316
10782,HGS-TV,95707.0,1115745.890105009
10783,HGS-TV,95707.0,1115805.9297397137
10784,HGS-TV,95707.0,1115865.9805169106
10785,HGS-TV,95707.0,1115926.103858471
10786,HGS-TV,95707.0,1115986.132114172
10787,HGS-TV,95707.0,1116046.1695952415
10788,HGS-TV,95707.0,1116106.1984024048
10789,HGS-TV,95707.0,1117455.4754238129
10790,HGS-TV,95707.0,1117515.4790036678
10791,HGS-TV,95707.0,1117575.5649197102
10792,HGS-TV,95707.0,1117635.584732294
10793,HGS-TV,95707.0,1117695.6864290237
10794,HGS-TV,95707.0,1117755.7615876198
10795,HGS-TV,95707.0,1117830.9613611698
10796,HGS-TV,95707.0,1117890.9851772785
10797,HGS-TV,95707.0,1117951.0310275555
10798,HGS-TV,95707.0,1118055.0798709393
10799,HGS-TV,95707.0,1118124.7325632572
10800,HGS-TV,95707.0,1118234.5318028927
10801,HGS-TV,95707.0,1118294.5789096355
10802,HGS-TV,95707.0,1118370.1303956509
10803,HGS-TV,95707.0,1118430.1741399765
10804,HGS-TV,95707.0,1118490.1807134151
10805,HGS-TV,95707.0,1118550.2246687412
10806,HGS-TV,95707.0,1118610.2770283222
10807,HGS-TV,95707.0,1118670.347293377
10808,HGS-TV,95707.0,1118730.3642001152
10809,HGS-TV,95707.0,1118819.4323687553
10810,HGS-TV,95707.0,1118879.4670107365
10811,HGS-TV,95707.0,1118939.520071745
10812,HGS-TV,95707.0,1119074.2259078026
10813,HGS-TV,95707.0,1119182.6081194878
10814,HGS-TV,95707.0,1119242.6372582912
10815,HGS-TV,95707.0,1119404.1610889435
10816,HGS-TV,95707.0,1119560.07365942
10817,HGS-TV,95707.0,1119620.0779886246
10818,HGS-TV,95707.0,1119683.0650422573
10819,HGS-TV,95707.0,1121181.294002533
10820,HGS-TV,95707.0,1121241.3390095234
10821,HGS-TV,95707.0,1121301.3495767117
10822,HGS-TV,95707.0,1121361.451142311
10823,HGS-TV,95707.0,1121455.0067589283
10824,HGS-TV,95707.0,1121515.0404088497
10825,HGS-TV,95707.0,1121575.046705246
10826,HGS-TV,95707.0,1121635.202283144
10827,HGS-TV,95707.0,1121695.2883820534
10828,HGS-TV,95707.0,1121755.3499805927
10829,HGS-TV,95707.0,1121815.3673696518
10830,HGS-TV,95707.0,1121875.4407513142
10831,HGS-TV,95707.0,1121935.5037829876
10832,HGS-TV,95707.0,1121995.5663340092
