id,algo_name,score,runningtime
1,filo2,114487.0,61.292818546295166
2,ails2_eoh_acc,109862.0,64.0933076171875
3,ails2_eoh_acc_large,110402.0,64.2073076171875
4,ails2_etaMax1.000_stoppingTime432000.00,111773.0,47.7513076171875
5,ails2_etaMax1.000_stoppingTime864000.00,111941.0,53.7933076171875
6,ails2_etaMax1.000_stoppingTime1728000.00,111621.0,38.7563076171875
7,ails2_etaMax0.020_stoppingTime86400.00,109650.0,63.7103076171875
8,ails2_etaMax0.010_stoppingTime432000.00,110054.0,64.0063076171875
9,ails2_etaMax1.000_stoppingTime86400.00,111813.0,36.3713076171875
10,ails2_eoh_omega2,109688.0,63.8203076171875
11,ails2_etaMax0.005_stoppingTime86400.00,110243.0,61.6543076171875
12,filo2,113984.0,121.36664605140686
13,ails2_etaMax0.010_stoppingTime432000.00,109894.0,108.0323076171875
14,ails2_eoh_acc,109682.0,124.8163076171875
15,ails2_etaMax1.000_stoppingTime432000.00,111517.0,114.9443076171875
16,ails2_etaMax1.000_stoppingTime86400.00,111708.0,103.6873076171875
17,ails2_etaMax0.020_stoppingTime86400.00,109452.0,124.9693076171875
18,ails2_eoh_omega2,109534.0,113.5103076171875
19,ails2_eoh_acc_large,110101.0,124.1773076171875
20,ails2_etaMax0.005_stoppingTime86400.00,109865.0,125.5793076171875
21,ails2_etaMax1.000_stoppingTime864000.00,111900.0,129.6783076171875
22,filo2,113663.0,181.6601357460022
23,ails2_eoh_acc_large,109991.0,179.5183076171875
24,ails2_eoh_omega2,109407.0,178.1313076171875
25,ails2_etaMax0.020_stoppingTime86400.00,109425.0,143.6853076171875
26,ails2_etaMax0.010_stoppingTime432000.00,109788.0,183.0403076171875
27,ails2_eoh_acc,109504.0,181.8463076171875
28,ails2_etaMax0.005_stoppingTime86400.00,109778.0,163.3433076171875
29,ails2_etaMax1.000_stoppingTime864000.00,111750.0,155.0533076171875
30,ails2_etaMax1.000_stoppingTime86400.00,111706.0,220.7413076171875
31,filo2,113440.0,241.70276999473572
32,ails2_etaMax0.020_stoppingTime86400.00,109396.0,243.6803076171875
33,ails2_eoh_acc,109381.0,245.2903076171875
34,ails2_eoh_acc_large,109881.0,243.2023076171875
35,ails2_eoh_omega2,109357.0,245.6983076171875
36,ails2_etaMax0.010_stoppingTime432000.00,109735.0,245.6333076171875
37,ails2_etaMax0.005_stoppingTime86400.00,109720.0,247.4973076171875
38,ails2_etaMax1.000_stoppingTime864000.00,111688.0,219.7643076171875
39,ails2_etaMax1.000_stoppingTime86400.00,111583.0,277.0213076171875
40,ails2_etaMax0.020_stoppingTime86400.00,109331.0,300.2233076171875
41,ails2_eoh_acc,109321.0,308.0293076171875
42,ails2_etaMax0.010_stoppingTime432000.00,109682.0,278.0303076171875
43,ails2_eoh_acc_large,109830.0,307.2563076171875
44,ails2_eoh_omega2,109295.0,307.0403076171875
45,ails2_etaMax0.005_stoppingTime86400.00,109645.0,308.9553076171875
46,ails2_etaMax1.000_stoppingTime864000.00,111516.0,291.3103076171875
47,ails2_etaMax1.000_stoppingTime432000.00,111509.0,313.3903076171875
48,ails2_etaMax0.010_stoppingTime432000.00,109618.0,356.3423076171875
49,ails2_eoh_acc_large,109742.0,368.5403076171875
50,ails2_eoh_omega2,109267.0,365.2083076171875
51,ails2_etaMax0.020_stoppingTime86400.00,109281.0,362.7603076171875
52,ails2_eoh_acc,109303.0,349.7963076171875
53,ails2_etaMax0.005_stoppingTime86400.00,109587.0,362.6893076171875
54,ails2_etaMax1.000_stoppingTime86400.00,111577.0,370.9693076171875
55,ails2_etaMax0.010_stoppingTime432000.00,109609.0,429.5983076171875
56,ails2_eoh_omega2,109233.0,428.4503076171875
57,ails2_etaMax0.020_stoppingTime86400.00,109241.0,407.3633076171875
58,ails2_eoh_acc,109300.0,415.8003076171875
59,ails2_eoh_acc_large,109716.0,429.6013076171875
60,ails2_etaMax0.005_stoppingTime86400.00,109508.0,430.9803076171875
61,ails2_etaMax1.000_stoppingTime86400.00,111478.0,388.9163076171875
62,ails2_eoh_omega2,109195.0,454.8733076171875
63,ails2_eoh_acc_large,109679.0,482.4003076171875
64,ails2_etaMax0.010_stoppingTime432000.00,109601.0,477.3223076171875
65,ails2_eoh_acc,109274.0,468.9763076171875
66,ails2_etaMax0.020_stoppingTime86400.00,109194.0,467.6753076171875
67,ails2_etaMax1.000_stoppingTime86400.00,111467.0,438.7963076171875
68,ails2_etaMax0.005_stoppingTime86400.00,109476.0,479.4673076171875
69,ails2_etaMax0.020_stoppingTime86400.00,109097.0,550.2323076171875
70,ails2_etaMax0.010_stoppingTime432000.00,109497.0,548.6483076171875
71,ails2_eoh_acc_large,109675.0,506.8513076171875
72,ails2_eoh_omega2,109152.0,543.6603076171875
73,ails2_eoh_acc,109272.0,512.3873076171875
74,ails2_etaMax1.000_stoppingTime86400.00,111421.0,503.7723076171875
75,ails2_etaMax0.005_stoppingTime86400.00,109466.0,551.9263076171875
76,ails2_etaMax1.000_stoppingTime432000.00,111508.0,554.8093076171875
77,ails2_eoh_acc_large,109672.0,600.1283076171875
78,ails2_etaMax0.020_stoppingTime86400.00,109070.0,581.7393076171875
79,ails2_eoh_acc,109213.0,608.0543076171875
80,ails2_etaMax0.010_stoppingTime432000.00,109451.0,586.5073076171875
81,ails2_etaMax1.000_stoppingTime86400.00,111418.0,572.7863076171875
82,ails2_etaMax0.005_stoppingTime86400.00,109396.0,609.1403076171875
83,ails2_etaMax1.000_stoppingTime1728000.00,111590.0,637.8173076171875
84,ails2_eoh_omega2,109151.0,641.9213076171875
85,ails2_etaMax0.020_stoppingTime86400.00,109064.0,641.7843076171876
86,ails2_eoh_acc_large,109671.0,659.9323076171875
87,ails2_eoh_acc,109210.0,669.3473076171875
88,ails2_etaMax0.005_stoppingTime86400.00,109374.0,657.1763076171875
89,ails2_etaMax1.000_stoppingTime1728000.00,111575.0,637.8253076171875
90,ails2_eoh_omega2,109089.0,699.9643076171875
91,ails2_eoh_acc,109199.0,732.0943076171875
92,ails2_etaMax0.020_stoppingTime86400.00,109036.0,731.0963076171874
93,ails2_etaMax0.005_stoppingTime86400.00,109345.0,735.3623076171875
94,ails2_eoh_acc_large,109670.0,747.9593076171875
95,ails2_eoh_omega2,109077.0,739.1203076171874
96,ails2_etaMax0.010_stoppingTime432000.00,109450.0,766.3863076171875
97,ails2_etaMax0.020_stoppingTime86400.00,109000.0,794.4993076171875
98,ails2_eoh_acc,109188.0,784.5083076171875
99,ails2_etaMax0.005_stoppingTime86400.00,109314.0,791.5663076171875
100,ails2_eoh_acc_large,109668.0,798.2003076171875
101,ails2_etaMax0.010_stoppingTime432000.00,109426.0,825.5043076171875
102,ails2_eoh_acc,109174.0,855.6663076171875
103,ails2_etaMax0.020_stoppingTime86400.00,108970.0,832.6423076171875
104,ails2_etaMax0.005_stoppingTime86400.00,109297.0,852.3283076171875
105,ails2_etaMax1.000_stoppingTime432000.00,111501.0,863.0823076171876
106,ails2_etaMax0.010_stoppingTime432000.00,109397.0,880.9373076171875
107,ails2_eoh_acc_large,109665.0,895.5633076171875
108,ails2_etaMax0.020_stoppingTime86400.00,108959.0,877.4303076171875
109,ails2_eoh_acc,109172.0,873.5443076171875
110,ails2_etaMax0.005_stoppingTime86400.00,109274.0,910.2973076171875
111,ails2_etaMax1.000_stoppingTime432000.00,111483.0,863.0883076171875
112,ails2_eoh_acc_large,109653.0,946.3913076171875
113,ails2_etaMax1.000_stoppingTime1728000.00,111550.0,957.6373076171875
114,ails2_eoh_acc,109165.0,969.7973076171875
115,ails2_etaMax0.020_stoppingTime86400.00,108937.0,935.9153076171875
116,ails2_etaMax0.005_stoppingTime86400.00,109268.0,952.7463076171875
117,ails2_etaMax1.000_stoppingTime432000.00,111469.0,996.1493076171874
118,ails2_etaMax1.000_stoppingTime1728000.00,111526.0,957.6433076171875
119,ails2_eoh_acc_large,109642.0,1036.5963076171874
120,ails2_etaMax1.000_stoppingTime432000.00,111347.0,996.9633076171875
121,ails2_etaMax0.010_stoppingTime432000.00,109396.0,1056.4613076171875
122,ails2_eoh_acc,109157.0,1071.8023076171876
123,ails2_etaMax1.000_stoppingTime1728000.00,111510.0,1048.2373076171875
124,ails2_etaMax0.005_stoppingTime86400.00,109266.0,1079.4063076171874
125,ails2_eoh_acc_large,109616.0,1074.1243076171875
126,ails2_etaMax0.020_stoppingTime86400.00,108935.0,1111.9873076171875
127,ails2_etaMax0.010_stoppingTime432000.00,109370.0,1083.8473076171874
128,ails2_eoh_acc,109156.0,1086.6613076171875
129,ails2_etaMax0.005_stoppingTime86400.00,109236.0,1122.7973076171875
130,ails2_eoh_acc_large,109597.0,1157.7803076171874
131,ails2_etaMax0.020_stoppingTime86400.00,108911.0,1116.5713076171876
132,ails2_etaMax0.010_stoppingTime432000.00,109353.0,1166.7133076171874
133,ails2_eoh_acc,109151.0,1141.4293076171875
134,ails2_etaMax0.005_stoppingTime86400.00,109197.0,1190.8873076171874
135,ails2_eoh_acc_large,109588.0,1213.0803076171876
136,ails2_etaMax0.010_stoppingTime432000.00,109352.0,1253.0613076171876
137,ails2_eoh_acc,109147.0,1250.4083076171876
138,ails2_etaMax1.000_stoppingTime432000.00,111292.0,1286.6793076171875
139,ails2_eoh_acc_large,109587.0,1291.0463076171875
140,ails2_etaMax1.000_stoppingTime86400.00,111390.0,1302.0323076171876
141,ails2_etaMax0.010_stoppingTime432000.00,109319.0,1308.2473076171875
142,ails2_eoh_acc,109133.0,1313.2593076171875
143,ails2_eoh_acc_large,109585.0,1338.5443076171875
144,ails2_etaMax0.005_stoppingTime86400.00,109195.0,1356.7543076171876
145,ails2_etaMax1.000_stoppingTime86400.00,111296.0,1302.4043076171874
146,ails2_etaMax0.010_stoppingTime432000.00,109295.0,1373.9033076171875
147,ails2_eoh_acc,109128.0,1360.4663076171876
148,ails2_eoh_acc_large,109581.0,1395.4303076171875
149,ails2_etaMax0.005_stoppingTime86400.00,109175.0,1411.7563076171875
150,ails2_etaMax0.010_stoppingTime432000.00,109294.0,1374.3563076171874
151,ails2_eoh_acc,109121.0,1430.7163076171876
152,ails2_etaMax1.000_stoppingTime86400.00,111272.0,1472.6803076171875
153,ails2_etaMax0.005_stoppingTime86400.00,109174.0,1445.2883076171875
154,ails2_eoh_acc,109116.0,1497.7453076171876
155,ails2_eoh_acc_large,109578.0,1517.6143076171875
156,ails2_etaMax1.000_stoppingTime86400.00,111213.0,1472.8573076171874
157,ails2_etaMax0.005_stoppingTime86400.00,109144.0,1520.8643076171875
158,ails2_eoh_acc,109110.0,1551.5863076171875
159,HGS-TV,109225.0,1566.1202895641327
160,ails2_eoh_acc_large,109575.0,1564.9853076171876
161,ails2_etaMax0.020_stoppingTime86400.00,108910.0,1607.6203076171876
162,ails2_etaMax0.005_stoppingTime86400.00,109143.0,1609.3583076171874
163,ails2_eoh_acc,109109.0,1606.3613076171875
164,ails2_etaMax1.000_stoppingTime864000.00,111474.0,1626.5633076171875
165,ails2_eoh_acc_large,109573.0,1659.9423076171875
166,ails2_etaMax0.020_stoppingTime86400.00,108899.0,1616.3033076171876
167,ails2_etaMax0.005_stoppingTime86400.00,109120.0,1637.7033076171874
168,ails2_etaMax0.010_stoppingTime432000.00,109292.0,1675.2723076171876
169,ails2_eoh_acc,109107.0,1680.5573076171875
170,ails2_etaMax1.000_stoppingTime864000.00,111175.0,1661.6223076171875
171,ails2_eoh_acc_large,109570.0,1717.5463076171875
172,ails2_etaMax0.010_stoppingTime432000.00,109290.0,1685.0443076171875
173,ails2_eoh_acc,109103.0,1741.1853076171874
174,ails2_eoh_omega2,109072.0,1749.2853076171875
175,ails2_etaMax0.005_stoppingTime86400.00,109117.0,1765.9003076171875
176,ails2_eoh_acc_large,109569.0,1776.5323076171876
177,ails2_etaMax0.010_stoppingTime432000.00,109282.0,1803.2243076171876
178,ails2_eoh_acc,109099.0,1794.3323076171876
179,ails2_eoh_omega2,109048.0,1781.7383076171875
180,ails2_etaMax0.005_stoppingTime86400.00,109110.0,1772.6923076171875
181,ails2_etaMax0.020_stoppingTime86400.00,108898.0,1850.7663076171875
182,ails2_etaMax0.010_stoppingTime432000.00,109264.0,1863.8793076171876
183,ails2_eoh_acc,109096.0,1836.0733076171875
184,ails2_etaMax1.000_stoppingTime86400.00,111209.0,1869.2723076171876
185,ails2_eoh_omega2,109029.0,1830.9293076171875
186,ails2_eoh_acc_large,109568.0,1887.5793076171874
187,ails2_etaMax1.000_stoppingTime1728000.00,111497.0,1895.1923076171875
188,ails2_etaMax0.020_stoppingTime86400.00,108882.0,1896.3633076171875
189,ails2_etaMax0.010_stoppingTime432000.00,109252.0,1913.3843076171875
190,ails2_etaMax1.000_stoppingTime86400.00,111131.0,1871.9393076171875
191,ails2_eoh_acc_large,109566.0,1945.6873076171876
192,ails2_etaMax1.000_stoppingTime1728000.00,111450.0,1895.2043076171874
193,ails2_etaMax0.010_stoppingTime432000.00,109244.0,2008.7143076171874
194,ails2_eoh_acc_large,109563.0,1974.9963076171875
195,ails2_etaMax0.010_stoppingTime432000.00,109237.0,2022.1583076171876
196,ails2_eoh_acc_large,109557.0,2064.3803076171876
197,ails2_eoh_acc,109095.0,2070.4503076171877
198,ails2_etaMax0.020_stoppingTime86400.00,108878.0,2125.5883076171876
199,ails2_eoh_acc,109092.0,2100.7123076171874
200,ails2_eoh_acc_large,109555.0,2084.9523076171877
201,ails2_etaMax0.020_stoppingTime86400.00,108869.0,2157.7143076171874
202,ails2_eoh_acc,109086.0,2176.2483076171875
203,ails2_eoh_acc_large,109553.0,2148.2813076171874
204,ails2_eoh_acc_large,109530.0,2240.2573076171875
205,ails2_eoh_acc,109072.0,2247.4403076171875
206,ails2_etaMax0.005_stoppingTime86400.00,109107.0,2256.0683076171877
207,ails2_eoh_acc_large,109523.0,2280.4613076171877
208,ails2_etaMax0.005_stoppingTime86400.00,109077.0,2301.2783076171877
209,ails2_eoh_acc,109067.0,2325.4923076171876
210,ails2_etaMax0.020_stoppingTime86400.00,108868.0,2348.7883076171875
211,ails2_eoh_omega2,109027.0,2356.3893076171876
212,ails2_etaMax0.005_stoppingTime86400.00,109071.0,2374.1653076171874
213,ails2_etaMax1.000_stoppingTime1728000.00,111397.0,2385.7633076171874
214,ails2_eoh_acc,109065.0,2329.8663076171874
215,ails2_etaMax0.020_stoppingTime86400.00,108851.0,2398.0523076171876
216,ails2_eoh_omega2,109008.0,2416.8353076171875
217,ails2_etaMax0.010_stoppingTime432000.00,109236.0,2434.0013076171876
218,ails2_eoh_acc_large,109521.0,2441.4023076171875
219,ails2_etaMax1.000_stoppingTime1728000.00,111385.0,2385.7743076171873
220,ails2_eoh_acc,109062.0,2438.5703076171876
221,ails2_eoh_omega2,109006.0,2441.3203076171876
222,ails2_etaMax0.010_stoppingTime432000.00,109187.0,2484.2473076171873
223,ails2_eoh_acc_large,109490.0,2501.0903076171876
224,ails2_eoh_acc,109061.0,2465.0603076171874
225,ails2_eoh_omega2,108988.0,2535.3473076171877
226,ails2_etaMax0.010_stoppingTime432000.00,109156.0,2554.6983076171873
227,ails2_eoh_acc_large,109406.0,2559.8613076171873
228,ails2_eoh_acc,109059.0,2545.2423076171876
229,ails2_etaMax0.005_stoppingTime86400.00,109069.0,2581.6663076171876
230,ails2_etaMax0.020_stoppingTime86400.00,108848.0,2586.1443076171877
231,ails2_eoh_omega2,108972.0,2582.2083076171875
232,ails2_etaMax0.010_stoppingTime432000.00,109140.0,2606.7323076171874
233,ails2_eoh_acc_large,109376.0,2615.3233076171873
234,ails2_eoh_acc,109057.0,2633.6843076171876
235,ails2_etaMax0.005_stoppingTime86400.00,109058.0,2583.4153076171874
236,ails2_etaMax0.010_stoppingTime432000.00,109135.0,2670.1373076171876
237,ails2_eoh_acc_large,109373.0,2682.7133076171876
238,HGS-TV,109221.0,2701.4911603927612
239,ails2_etaMax0.005_stoppingTime86400.00,109056.0,2726.3313076171876
240,ails2_etaMax0.010_stoppingTime432000.00,109127.0,2698.1123076171875
241,ails2_eoh_acc_large,109365.0,2695.7363076171873
242,ails2_eoh_omega2,108970.0,2756.3083076171874
243,ails2_etaMax0.005_stoppingTime86400.00,109041.0,2740.4523076171877
244,ails2_eoh_acc_large,109363.0,2768.5823076171873
245,ails2_eoh_omega2,108965.0,2757.1343076171875
246,ails2_etaMax0.010_stoppingTime432000.00,109124.0,2838.6633076171875
247,ails2_etaMax0.005_stoppingTime86400.00,109040.0,2823.6943076171874
248,ails2_etaMax0.010_stoppingTime432000.00,109114.0,2841.7803076171876
249,ails2_eoh_acc_large,109361.0,2903.1843076171876
250,ails2_etaMax0.010_stoppingTime432000.00,109105.0,2959.6823076171877
251,ails2_etaMax0.005_stoppingTime86400.00,109036.0,2961.6423076171877
252,ails2_etaMax0.010_stoppingTime432000.00,109084.0,2971.9693076171875
253,ails2_etaMax0.005_stoppingTime86400.00,109027.0,2972.0113076171874
254,ails2_eoh_omega2,108963.0,3039.3593076171874
255,ails2_eoh_acc,109056.0,3051.8203076171876
256,ails2_etaMax0.005_stoppingTime86400.00,109026.0,3096.5383076171875
257,ails2_eoh_omega2,108952.0,3049.7693076171877
258,ails2_eoh_acc,109053.0,3086.8183076171877
259,ails2_eoh_acc_large,109360.0,3117.7373076171875
260,ails2_etaMax0.005_stoppingTime86400.00,109015.0,3140.0623076171873
261,ails2_eoh_acc_large,109351.0,3165.4603076171875
262,ails2_etaMax0.010_stoppingTime432000.00,109083.0,3191.7913076171876
263,ails2_etaMax0.005_stoppingTime86400.00,109006.0,3162.6103076171876
264,ails2_eoh_acc_large,109347.0,3195.6703076171875
265,ails2_etaMax0.020_stoppingTime86400.00,108842.0,3247.2933076171876
266,ails2_etaMax0.010_stoppingTime432000.00,109056.0,3228.7913076171876
267,ails2_eoh_acc,109052.0,3253.6403076171873
268,ails2_etaMax1.000_stoppingTime86400.00,111115.0,3277.8223076171876
269,ails2_etaMax0.005_stoppingTime86400.00,108987.0,3258.1783076171873
270,ails2_etaMax0.020_stoppingTime86400.00,108799.0,3269.7213076171874
271,ails2_eoh_acc,109048.0,3283.1903076171875
272,ails2_eoh_acc_large,109346.0,3314.5463076171877
273,HGS-TV,109219.0,3319.378237247467
274,ails2_etaMax0.020_stoppingTime86400.00,108788.0,3368.6393076171876
275,ails2_eoh_acc,109044.0,3384.2233076171874
276,ails2_eoh_acc_large,109344.0,3410.1503076171875
277,ails2_etaMax0.020_stoppingTime86400.00,108778.0,3382.5543076171875
278,ails2_eoh_acc_large,109343.0,3466.6053076171875
279,ails2_etaMax0.010_stoppingTime432000.00,109052.0,3511.1583076171873
280,ails2_etaMax1.000_stoppingTime86400.00,111110.0,3570.2353076171876
281,ails2_etaMax0.010_stoppingTime432000.00,109044.0,3537.4853076171876
282,ails2_eoh_acc_large,109342.0,3579.9383076171875
283,ails2_etaMax1.000_stoppingTime86400.00,111070.0,3570.2993076171874
284,ails2_etaMax0.010_stoppingTime432000.00,109034.0,3576.4673076171875
285,ails2_eoh_acc_large,108755.0,3663.8913076171875
286,ails2_eoh_acc,108741.0,3663.8123076171873
287,ails2_etaMax0.005_stoppingTime86400.00,108758.0,3631.7083076171875
288,ails2_etaMax0.010_stoppingTime432000.00,109017.0,3676.8393076171874
289,ails2_eoh_acc_large,108750.0,3712.3973076171874
290,ails2_eoh_acc,108728.0,3716.6323076171875
291,ails2_eoh_acc_large,108744.0,3769.6963076171874
292,ails2_eoh_acc,108726.0,3785.5173076171877
293,ails2_eoh_acc,108724.0,3814.1653076171874
294,ails2_eoh_acc_large,108741.0,3841.9013076171873
295,ails2_eoh_acc,108716.0,3904.8613076171873
296,ails2_eoh_acc_large,108733.0,3882.5173076171877
297,ails2_eoh_acc,108710.0,3942.3823076171875
298,ails2_eoh_acc_large,108729.0,3980.7003076171877
299,ails2_eoh_omega2,108947.0,3997.7213076171874
300,ails2_eoh_acc,108704.0,4004.8733076171875
301,ails2_eoh_acc_large,108726.0,4020.7643076171876
302,ails2_eoh_omega2,108946.0,4000.4513076171875
303,ails2_eoh_acc_large,108719.0,4070.1363076171874
304,ails2_eoh_acc,108702.0,4162.753307617188
305,ails2_eoh_acc_large,108714.0,4134.575307617188
306,ails2_eoh_omega2,108945.0,4182.360307617188
307,ails2_etaMax0.020_stoppingTime86400.00,108775.0,4203.325307617188
308,ails2_eoh_acc_large,108713.0,4216.001307617187
309,ails2_etaMax0.010_stoppingTime432000.00,109015.0,4229.167307617187
310,ails2_eoh_acc,108699.0,4234.284307617188
311,ails2_eoh_omega2,108934.0,4239.496307617187
312,ails2_etaMax0.020_stoppingTime86400.00,108765.0,4212.461307617187
313,ails2_etaMax0.010_stoppingTime432000.00,108999.0,4243.554307617187
314,ails2_eoh_acc,108698.0,4315.542307617187
315,ails2_eoh_acc,108695.0,4369.302307617188
316,ails2_etaMax0.020_stoppingTime86400.00,108764.0,4433.285307617188
317,ails2_eoh_acc,108692.0,4434.917307617187
318,ails2_eoh_omega2,108933.0,4468.875307617188
319,ails2_etaMax0.005_stoppingTime86400.00,108756.0,4479.741307617188
320,ails2_etaMax0.020_stoppingTime86400.00,108762.0,4433.519307617187
321,ails2_eoh_acc,108691.0,4500.942307617188
322,ails2_eoh_omega2,108924.0,4487.655307617188
323,ails2_etaMax0.005_stoppingTime86400.00,108747.0,4489.417307617187
324,ails2_eoh_omega2,108922.0,4533.375307617188
325,ails2_eoh_acc,108689.0,4740.162307617187
326,ails2_eoh_acc_large,108711.0,4749.615307617188
327,ails2_eoh_acc,108687.0,4740.513307617188
328,ails2_eoh_acc_large,108705.0,4779.3243076171875
329,ails2_eoh_acc,108685.0,4850.889307617187
330,ails2_etaMax0.005_stoppingTime86400.00,108746.0,4905.439307617187
331,ails2_etaMax1.000_stoppingTime86400.00,111055.0,5047.321307617188
332,ails2_etaMax0.010_stoppingTime432000.00,108997.0,5082.925307617187
333,ails2_etaMax0.005_stoppingTime86400.00,108745.0,5105.173307617188
334,ails2_etaMax1.000_stoppingTime86400.00,110923.0,5105.849307617187
335,ails2_etaMax0.010_stoppingTime432000.00,108979.0,5101.146307617188
336,ails2_etaMax0.005_stoppingTime86400.00,108732.0,5125.540307617188
337,ails2_eoh_omega2,108921.0,5170.4983076171875
338,ails2_eoh_acc,108682.0,5197.667307617187
339,ails2_eoh_acc_large,108697.0,5213.544307617188
340,ails2_etaMax0.005_stoppingTime86400.00,108713.0,5187.726307617188
341,ails2_etaMax1.000_stoppingTime86400.00,110867.0,5243.359307617187
342,ails2_eoh_acc,108673.0,5210.853307617187
343,ails2_eoh_acc_large,108691.0,5271.890307617187
344,ails2_eoh_omega2,108919.0,5277.907307617187
345,ails2_etaMax0.020_stoppingTime86400.00,108760.0,5285.898307617187
346,ails2_etaMax0.005_stoppingTime86400.00,108712.0,5265.128307617188
347,ails2_etaMax1.000_stoppingTime86400.00,110791.0,5243.543307617188
348,ails2_eoh_acc_large,108684.0,5317.517307617188
349,ails2_eoh_omega2,108915.0,5280.790307617188
350,ails2_etaMax0.020_stoppingTime86400.00,108757.0,5364.067307617188
351,ails2_eoh_acc_large,108682.0,5376.460307617188
352,ails2_etaMax0.010_stoppingTime432000.00,108978.0,5424.108307617187
353,ails2_etaMax0.020_stoppingTime86400.00,108756.0,5400.495307617188
354,ails2_etaMax0.010_stoppingTime432000.00,108968.0,5474.414307617188
355,ails2_etaMax0.020_stoppingTime86400.00,108741.0,5459.212307617187
356,ails2_etaMax0.010_stoppingTime432000.00,108966.0,5491.122307617187
357,ails2_eoh_acc,108672.0,5607.4003076171875
358,ails2_eoh_acc,108669.0,5612.682307617188
359,ails2_etaMax0.005_stoppingTime86400.00,108707.0,5717.354307617187
360,ails2_eoh_acc,108666.0,5683.404307617187
361,ails2_etaMax0.005_stoppingTime86400.00,108706.0,5718.462307617187
362,ails2_eoh_acc,108664.0,5780.010307617187
363,HGS-TV,108714.0,5796.195864677429
364,HGS-TV,108713.0,5878.195514678955
365,HGS-TV,108712.0,6206.850746393204
366,ails2_etaMax0.005_stoppingTime86400.00,108705.0,6350.760307617187
367,ails2_etaMax0.005_stoppingTime86400.00,108698.0,6364.789307617188
368,ails2_eoh_acc_large,108679.0,6413.392307617188
369,ails2_etaMax0.020_stoppingTime86400.00,108740.0,6440.110307617188
370,ails2_etaMax0.005_stoppingTime86400.00,108693.0,6493.647307617188
371,ails2_etaMax0.020_stoppingTime86400.00,108732.0,6484.552307617188
372,ails2_etaMax0.005_stoppingTime86400.00,108672.0,6553.965307617187
373,ails2_etaMax1.000_stoppingTime432000.00,111281.0,6572.878307617188
374,ails2_eoh_omega2,108914.0,6593.508307617188
375,ails2_etaMax1.000_stoppingTime432000.00,111228.0,6576.193307617187
376,ails2_eoh_omega2,108908.0,6604.553307617188
377,ails2_etaMax0.020_stoppingTime86400.00,108730.0,6683.328307617187
378,HGS-TV,108711.0,6710.172920465469
379,ails2_eoh_omega2,108899.0,6709.290307617188
380,ails2_etaMax0.020_stoppingTime86400.00,108718.0,6705.358307617187
381,ails2_eoh_omega2,108898.0,6740.649307617187
382,HGS-TV,108710.0,6777.90377831459
383,ails2_etaMax0.020_stoppingTime86400.00,108717.0,6828.226307617188
384,ails2_eoh_omega2,108886.0,6811.182307617188
385,ails2_etaMax0.010_stoppingTime432000.00,108964.0,7000.898307617187
386,ails2_etaMax0.020_stoppingTime86400.00,108714.0,7024.970307617187
387,ails2_etaMax0.010_stoppingTime432000.00,108950.0,7012.830307617188
388,ails2_etaMax1.000_stoppingTime432000.00,111203.0,7136.103307617187
389,ails2_etaMax0.010_stoppingTime432000.00,108947.0,7172.491307617188
390,ails2_etaMax1.000_stoppingTime432000.00,111091.0,7139.457307617187
391,ails2_eoh_omega2,108883.0,7196.795307617187
392,ails2_eoh_omega2,108859.0,7241.420307617187
393,ails2_etaMax0.010_stoppingTime432000.00,108943.0,7347.946307617188
394,ails2_etaMax0.010_stoppingTime432000.00,108939.0,7350.994307617188
395,ails2_etaMax1.000_stoppingTime86400.00,110789.0,7622.345307617187
396,ails2_etaMax0.010_stoppingTime432000.00,108934.0,7628.148307617187
397,ails2_etaMax1.000_stoppingTime86400.00,110742.0,7622.589307617188
398,ails2_etaMax0.010_stoppingTime432000.00,108923.0,7633.334307617188
399,ails2_etaMax1.000_stoppingTime86400.00,110727.0,7732.638307617188
400,ails2_eoh_omega2,108850.0,7793.879307617188
401,ails2_etaMax0.010_stoppingTime432000.00,108922.0,7850.545307617187
402,ails2_eoh_omega2,108847.0,7821.965307617187
403,ails2_etaMax0.010_stoppingTime432000.00,108906.0,7857.206307617187
404,ails2_eoh_omega2,108843.0,7983.973307617188
405,ails2_etaMax0.010_stoppingTime432000.00,108904.0,8023.794307617188
406,ails2_etaMax0.010_stoppingTime432000.00,108895.0,8042.926307617187
407,ails2_eoh_omega2,108841.0,8099.783307617187
408,ails2_eoh_acc,108663.0,8141.2173076171875
409,ails2_eoh_omega2,108824.0,8115.817307617188
410,ails2_etaMax1.000_stoppingTime86400.00,110725.0,8165.6233076171875
411,ails2_etaMax1.000_stoppingTime86400.00,110614.0,8207.207307617187
412,ails2_eoh_omega2,108823.0,8290.196307617187
413,ails2_eoh_omega2,108794.0,8302.802307617187
414,ails2_etaMax1.000_stoppingTime86400.00,110553.0,8556.928307617187
415,ails2_eoh_acc_large,108662.0,8664.964307617187
416,ails2_eoh_omega2,108792.0,8887.832307617187
417,ails2_eoh_omega2,108790.0,8889.952307617188
418,ails2_etaMax1.000_stoppingTime1728000.00,111360.0,8949.209307617188
419,ails2_etaMax1.000_stoppingTime1728000.00,111297.0,8949.887307617188
420,ails2_eoh_acc_large,108660.0,9030.187307617187
421,ails2_etaMax1.000_stoppingTime86400.00,110544.0,9130.845307617188
422,ails2_etaMax1.000_stoppingTime86400.00,110537.0,9532.039307617188
423,ails2_etaMax1.000_stoppingTime86400.00,110487.0,9533.267307617187
424,ails2_etaMax1.000_stoppingTime86400.00,110473.0,9718.572307617187
425,ails2_etaMax1.000_stoppingTime86400.00,110378.0,9736.309307617188
426,ails2_etaMax1.000_stoppingTime86400.00,110353.0,9909.041307617188
427,ails2_etaMax1.000_stoppingTime86400.00,110263.0,9927.557307617188
428,ails2_etaMax0.010_stoppingTime432000.00,108890.0,10281.307307617188
429,ails2_etaMax0.010_stoppingTime432000.00,108882.0,10322.957307617187
430,ails2_etaMax0.010_stoppingTime432000.00,108878.0,10390.587307617188
431,ails2_eoh_omega2,108789.0,10473.217307617188
432,ails2_etaMax0.010_stoppingTime432000.00,108875.0,10480.137307617188
433,ails2_eoh_omega2,108776.0,10531.243307617187
434,ails2_etaMax0.010_stoppingTime432000.00,108860.0,10526.047307617187
435,ails2_etaMax0.010_stoppingTime432000.00,108859.0,10624.665307617188
436,ails2_etaMax0.010_stoppingTime432000.00,108858.0,10625.009307617187
437,ails2_eoh_omega2,108775.0,10760.409307617187
438,ails2_eoh_omega2,108774.0,10761.113307617188
439,ails2_etaMax0.010_stoppingTime432000.00,108857.0,11253.128307617188
440,ails2_etaMax0.010_stoppingTime432000.00,108855.0,11255.944307617188
441,ails2_etaMax1.000_stoppingTime432000.00,111084.0,11374.222307617187
442,ails2_etaMax1.000_stoppingTime432000.00,111020.0,11374.414307617188
443,ails2_etaMax0.010_stoppingTime432000.00,108853.0,11524.327307617188
444,ails2_etaMax0.010_stoppingTime432000.00,108852.0,11524.997307617188
445,ails2_eoh_omega2,108771.0,11600.058307617188
446,ails2_etaMax1.000_stoppingTime86400.00,110254.0,11601.585307617188
447,ails2_etaMax1.000_stoppingTime86400.00,110243.0,11601.726307617188
448,ails2_etaMax0.010_stoppingTime432000.00,108850.0,12131.349307617187
449,ails2_etaMax0.010_stoppingTime432000.00,108834.0,12161.867307617187
450,ails2_etaMax1.000_stoppingTime86400.00,110215.0,12289.021307617188
451,ails2_etaMax1.000_stoppingTime86400.00,110211.0,12289.033307617188
452,ails2_eoh_omega2,108768.0,12385.324307617188
453,ails2_etaMax1.000_stoppingTime86400.00,110173.0,12406.443307617188
454,ails2_eoh_omega2,108759.0,12406.489307617188
455,ails2_etaMax1.000_stoppingTime86400.00,110165.0,12432.114307617188
456,ails2_eoh_acc_large,108655.0,12559.845307617188
457,ails2_eoh_omega2,108757.0,12567.575307617188
458,ails2_eoh_omega2,108744.0,12601.732307617187
459,ails2_etaMax1.000_stoppingTime86400.00,110153.0,13039.591307617187
460,ails2_etaMax1.000_stoppingTime86400.00,110081.0,13039.808307617188
461,ails2_eoh_acc_large,108654.0,13285.357307617187
462,ails2_etaMax0.005_stoppingTime86400.00,108655.0,13354.708307617188
463,ails2_etaMax0.005_stoppingTime86400.00,108652.0,13362.333307617188
464,ails2_etaMax0.005_stoppingTime86400.00,108651.0,13558.403307617187
465,ails2_etaMax0.010_stoppingTime432000.00,108832.0,13627.816307617188
466,ails2_etaMax1.000_stoppingTime86400.00,110079.0,13631.204307617187
467,ails2_etaMax1.000_stoppingTime86400.00,109973.0,13655.733307617187
468,ails2_etaMax0.005_stoppingTime86400.00,108650.0,13719.074307617188
469,ails2_etaMax0.005_stoppingTime86400.00,108643.0,13736.716307617187
470,HGS-TV,108659.0,13820.087571144104
471,ails2_etaMax0.005_stoppingTime86400.00,108640.0,13801.834307617188
472,ails2_etaMax1.000_stoppingTime86400.00,109955.0,13863.078307617188
473,ails2_eoh_acc_large,108653.0,13904.430307617187
474,ails2_etaMax1.000_stoppingTime86400.00,109951.0,13968.796307617187
475,ails2_eoh_acc,108656.0,14021.677307617187
476,ails2_etaMax1.000_stoppingTime86400.00,109891.0,13978.252307617187
477,HGS-TV,108658.0,14035.855190038681
478,filo2,108638.0,14463.428591012955
479,ails2_eoh_acc,108629.0,14460.112307617188
480,ails2_eoh_acc_large,108620.0,14446.817307617188
481,ails2_etaMax0.005_stoppingTime86400.00,108636.0,14415.107307617187
482,ails2_eoh_acc_large,108610.0,14514.882307617187
483,ails2_eoh_acc,108615.0,14519.494307617188
484,ails2_eoh_acc_large,108609.0,14593.243307617187
485,ails2_eoh_acc_large,108608.0,14624.110307617188
486,ails2_eoh_acc,108612.0,14690.200307617188
487,ails2_eoh_acc_large,108607.0,14662.163307617187
488,ails2_eoh_acc,108610.0,14758.937307617187
489,ails2_eoh_acc_large,108604.0,14758.160307617187
490,ails2_eoh_acc,108607.0,14767.142307617187
491,ails2_eoh_acc_large,108598.0,14830.355307617188
492,ails2_eoh_acc,108606.0,14862.073307617187
493,ails2_eoh_acc_large,108595.0,14861.511307617187
494,ails2_eoh_acc,108605.0,15032.909307617187
495,ails2_eoh_acc,108604.0,15046.434307617188
496,HGS-TV,108601.0,15151.32309126854
497,ails2_etaMax1.000_stoppingTime432000.00,111015.0,15313.273307617188
498,ails2_eoh_omega2,108742.0,15319.021307617188
499,ails2_etaMax1.000_stoppingTime432000.00,110975.0,15313.299307617188
500,ails2_eoh_omega2,108737.0,15369.658307617188
501,ails2_etaMax1.000_stoppingTime86400.00,109886.0,15425.971307617188
502,ails2_eoh_omega2,108732.0,15421.381307617188
503,ails2_etaMax1.000_stoppingTime86400.00,109828.0,15446.238307617188
504,ails2_eoh_omega2,108731.0,15508.152307617187
505,ails2_eoh_acc,108603.0,15566.995307617188
506,ails2_eoh_omega2,108719.0,15548.115307617187
507,ails2_eoh_acc,108602.0,15624.317307617188
508,ails2_eoh_omega2,108713.0,15627.014307617188
509,ails2_etaMax1.000_stoppingTime432000.00,110966.0,15704.156307617188
510,ails2_eoh_acc,108601.0,15744.575307617188
511,ails2_etaMax1.000_stoppingTime432000.00,110942.0,15707.091307617187
512,ails2_eoh_omega2,108712.0,15792.903307617187
513,ails2_eoh_acc,108600.0,15800.746307617188
514,ails2_eoh_omega2,108698.0,15852.955307617187
515,ails2_etaMax1.000_stoppingTime86400.00,109822.0,15929.368307617187
516,ails2_etaMax1.000_stoppingTime86400.00,109797.0,15929.472307617187
517,ails2_eoh_acc_large,108594.0,16038.473307617187
518,ails2_eoh_acc_large,108591.0,16046.851307617188
519,ails2_etaMax1.000_stoppingTime86400.00,109795.0,16154.473307617187
520,ails2_etaMax1.000_stoppingTime86400.00,109759.0,16154.795307617187
521,ails2_eoh_acc_large,108588.0,16246.748307617188
522,ails2_eoh_acc,108598.0,16322.766307617187
523,ails2_eoh_acc,108597.0,16359.783307617188
524,ails2_eoh_acc_large,108586.0,16492.78530761719
525,ails2_eoh_acc,108596.0,16630.324307617186
526,ails2_eoh_acc_large,108585.0,16739.683307617186
527,ails2_eoh_acc_large,108583.0,16789.737307617186
528,ails2_eoh_acc_large,108580.0,16847.76530761719
529,ails2_etaMax1.000_stoppingTime86400.00,109757.0,17109.093307617186
530,ails2_eoh_acc_large,108579.0,17115.75130761719
531,ails2_eoh_acc_large,108578.0,17141.656307617188
532,ails2_eoh_acc_large,108576.0,17199.905307617188
533,HGS-TV,108598.0,17409.429203271866
534,ails2_etaMax1.000_stoppingTime86400.00,109741.0,17514.798307617188
535,ails2_etaMax1.000_stoppingTime86400.00,109693.0,17556.228307617188
536,ails2_eoh_omega2,108697.0,17627.441307617188
537,ails2_eoh_omega2,108693.0,17628.476307617188
538,HGS-TV,108596.0,17729.366260528564
539,ails2_eoh_omega2,108689.0,17697.335307617188
540,ails2_etaMax0.010_stoppingTime432000.00,108831.0,17889.243307617187
541,ails2_eoh_omega2,108688.0,17913.297307617187
542,ails2_etaMax0.010_stoppingTime432000.00,108816.0,17891.146307617186
543,ails2_eoh_omega2,108681.0,17959.99930761719
544,ails2_etaMax1.000_stoppingTime86400.00,109667.0,18051.57330761719
545,ails2_etaMax1.000_stoppingTime86400.00,109638.0,18051.98130761719
546,ails2_eoh_acc,108575.0,18198.08930761719
547,ails2_etaMax1.000_stoppingTime86400.00,109629.0,18230.312307617187
548,ails2_eoh_acc,108571.0,18237.704307617187
549,ails2_etaMax1.000_stoppingTime86400.00,109574.0,18247.436307617187
550,ails2_eoh_acc,108568.0,18314.473307617187
551,ails2_eoh_acc,108565.0,18365.28530761719
552,ails2_eoh_acc,108562.0,18447.73030761719
553,ails2_eoh_acc,108557.0,18450.636307617187
554,ails2_eoh_acc,108555.0,18732.53530761719
555,ails2_etaMax1.000_stoppingTime864000.00,111166.0,18897.438307617187
556,ails2_eoh_acc,108554.0,18898.043307617187
557,ails2_etaMax1.000_stoppingTime864000.00,111154.0,18897.454307617187
558,ails2_eoh_acc,108553.0,18949.396307617186
559,ails2_etaMax1.000_stoppingTime86400.00,109555.0,19027.063307617187
560,ails2_etaMax1.000_stoppingTime86400.00,109536.0,19027.741307617187
561,ails2_eoh_omega2,108680.0,19105.82030761719
562,ails2_etaMax1.000_stoppingTime1728000.00,111254.0,19207.28330761719
563,ails2_eoh_acc,108552.0,19262.66230761719
564,ails2_etaMax1.000_stoppingTime1728000.00,111151.0,19207.807307617186
565,ails2_eoh_acc,108551.0,19399.110307617186
566,ails2_eoh_acc_large,108575.0,19428.243307617187
567,ails2_eoh_acc,108549.0,19449.46330761719
568,ails2_etaMax1.000_stoppingTime86400.00,109534.0,19516.14430761719
569,ails2_etaMax1.000_stoppingTime86400.00,109488.0,19574.39130761719
570,ails2_etaMax1.000_stoppingTime86400.00,109472.0,19616.703307617187
571,ails2_eoh_acc,108548.0,19724.275307617187
572,ails2_eoh_acc,108543.0,19773.02030761719
573,ails2_etaMax1.000_stoppingTime432000.00,110922.0,20122.258307617187
574,ails2_etaMax1.000_stoppingTime432000.00,110893.0,20122.282307617188
575,ails2_eoh_acc,108542.0,20292.17630761719
576,ails2_etaMax1.000_stoppingTime86400.00,109468.0,20430.348307617187
577,ails2_etaMax1.000_stoppingTime86400.00,109447.0,20430.367307617187
578,HGS-TV,108556.0,20571.859332084656
579,HGS-TV,108554.0,20631.955961465836
580,ails2_eoh_acc,108540.0,20676.940307617188
581,ails2_eoh_acc_large,108574.0,20692.111307617186
582,HGS-TV,108553.0,20712.285690307617
583,ails2_eoh_acc,108538.0,20697.579307617187
584,HGS-TV,108552.0,20772.527812719345
585,ails2_etaMax1.000_stoppingTime864000.00,111142.0,20845.728307617188
586,ails2_etaMax1.000_stoppingTime864000.00,111140.0,20845.922307617187
587,ails2_etaMax1.000_stoppingTime86400.00,109446.0,21082.50130761719
588,ails2_eoh_acc_large,108570.0,21120.043307617187
589,ails2_etaMax1.000_stoppingTime86400.00,109397.0,21091.50130761719
590,ails2_etaMax1.000_stoppingTime86400.00,109396.0,21260.719307617186
591,ails2_etaMax1.000_stoppingTime86400.00,109393.0,21260.851307617188
592,ails2_etaMax1.000_stoppingTime86400.00,109379.0,21388.925307617188
593,ails2_eoh_acc,108537.0,21408.92730761719
594,ails2_etaMax1.000_stoppingTime86400.00,109344.0,21392.78530761719
595,ails2_etaMax0.010_stoppingTime432000.00,108812.0,21572.94830761719
596,ails2_etaMax0.010_stoppingTime432000.00,108807.0,21631.852307617188
597,ails2_eoh_acc_large,108536.0,21685.41030761719
598,ails2_eoh_omega2,108678.0,21980.468307617186
599,ails2_eoh_omega2,108673.0,22053.30530761719
600,ails2_etaMax1.000_stoppingTime86400.00,109331.0,22123.778307617187
601,ails2_etaMax1.000_stoppingTime432000.00,110888.0,22240.39230761719
602,ails2_etaMax1.000_stoppingTime432000.00,110811.0,22240.60730761719
603,ails2_etaMax1.000_stoppingTime86400.00,109318.0,22414.958307617188
604,ails2_etaMax1.000_stoppingTime86400.00,109315.0,22475.503307617186
605,ails2_etaMax1.000_stoppingTime86400.00,109309.0,22484.129307617186
606,ails2_etaMax1.000_stoppingTime86400.00,109304.0,22691.24830761719
607,ails2_etaMax1.000_stoppingTime86400.00,109294.0,23659.14130761719
608,ails2_etaMax1.000_stoppingTime86400.00,109292.0,23659.19630761719
609,ails2_eoh_acc,108534.0,23928.703307617187
610,ails2_etaMax1.000_stoppingTime86400.00,109285.0,23986.74830761719
611,ails2_etaMax1.000_stoppingTime86400.00,109222.0,23990.35830761719
612,ails2_etaMax0.010_stoppingTime432000.00,108804.0,24076.094307617186
613,ails2_eoh_acc,108532.0,24077.37430761719
614,ails2_etaMax0.010_stoppingTime432000.00,108772.0,24102.300307617188
615,ails2_etaMax0.010_stoppingTime432000.00,108770.0,24208.80430761719
616,ails2_etaMax0.010_stoppingTime432000.00,108768.0,24210.14130761719
617,ails2_etaMax0.010_stoppingTime432000.00,108742.0,24309.15830761719
618,ails2_eoh_omega2,108671.0,24425.722307617187
619,ails2_etaMax0.010_stoppingTime432000.00,108736.0,24597.245307617188
620,ails2_etaMax0.010_stoppingTime432000.00,108733.0,24640.02030761719
621,ails2_etaMax0.010_stoppingTime432000.00,108731.0,24775.28430761719
622,ails2_etaMax1.000_stoppingTime86400.00,109218.0,24793.782307617188
623,ails2_eoh_acc,108531.0,24797.614307617187
624,ails2_etaMax0.010_stoppingTime432000.00,108720.0,24824.24830761719
625,ails2_etaMax1.000_stoppingTime86400.00,109205.0,24794.008307617187
626,ails2_eoh_acc,108529.0,24852.853307617188
627,ails2_etaMax0.010_stoppingTime432000.00,108718.0,24907.879307617186
628,ails2_eoh_acc_large,108535.0,24928.136307617187
629,ails2_etaMax0.010_stoppingTime432000.00,108696.0,24968.022307617186
630,HGS-TV,108535.0,25028.841284275055
631,ails2_etaMax0.010_stoppingTime432000.00,108695.0,25085.30230761719
632,ails2_etaMax1.000_stoppingTime86400.00,109183.0,25126.611307617186
633,ails2_eoh_acc_large,108534.0,25135.172307617187
634,ails2_etaMax0.010_stoppingTime432000.00,108686.0,25086.505307617186
635,ails2_eoh_omega2,108670.0,25192.01830761719
636,ails2_etaMax1.000_stoppingTime86400.00,109170.0,25220.880307617186
637,ails2_eoh_omega2,108655.0,25230.07230761719
638,ails2_etaMax1.000_stoppingTime86400.00,109103.0,25221.648307617186
639,ails2_etaMax1.000_stoppingTime864000.00,111139.0,25998.64530761719
640,ails2_etaMax0.010_stoppingTime432000.00,108685.0,26047.886307617187
641,ails2_etaMax1.000_stoppingTime864000.00,111115.0,25998.665307617186
642,ails2_etaMax1.000_stoppingTime86400.00,109086.0,26077.006307617186
643,ails2_etaMax0.010_stoppingTime432000.00,108671.0,26050.601307617188
644,ails2_etaMax0.010_stoppingTime432000.00,108660.0,26136.879307617186
645,ails2_etaMax0.010_stoppingTime432000.00,108652.0,26228.78330761719
646,ails2_etaMax1.000_stoppingTime86400.00,109083.0,26284.33830761719
647,ails2_etaMax0.010_stoppingTime432000.00,108649.0,26263.258307617187
648,ails2_etaMax1.000_stoppingTime86400.00,109073.0,26284.508307617187
649,ails2_etaMax0.010_stoppingTime432000.00,108648.0,26294.050307617188
650,ails2_etaMax0.010_stoppingTime432000.00,108641.0,26384.00030761719
651,ails2_etaMax1.000_stoppingTime864000.00,111083.0,26740.955307617187
652,ails2_etaMax1.000_stoppingTime86400.00,109070.0,26788.56930761719
653,ails2_etaMax1.000_stoppingTime864000.00,111068.0,26741.951307617186
654,ails2_etaMax1.000_stoppingTime86400.00,109045.0,26788.992307617187
655,ails2_eoh_omega2,108653.0,27095.508307617187
656,ails2_eoh_omega2,108652.0,27097.610307617186
657,ails2_etaMax1.000_stoppingTime432000.00,110721.0,27178.726307617188
658,ails2_etaMax1.000_stoppingTime86400.00,109025.0,27195.494307617188
659,ails2_eoh_acc,108528.0,27533.09130761719
660,ails2_etaMax1.000_stoppingTime86400.00,109020.0,27737.065307617188
661,ails2_etaMax1.000_stoppingTime86400.00,108989.0,27738.89430761719
662,ails2_etaMax0.010_stoppingTime432000.00,108638.0,28030.528307617187
663,ails2_etaMax0.010_stoppingTime432000.00,108628.0,28045.385307617187
664,ails2_eoh_omega2,108651.0,28137.866307617187
665,ails2_etaMax0.010_stoppingTime432000.00,108618.0,28141.509307617187
666,HGS-TV,108526.0,28196.156475782394
667,ails2_eoh_omega2,108643.0,28166.933307617186
668,ails2_etaMax0.010_stoppingTime432000.00,108607.0,28179.442307617188
669,HGS-TV,108524.0,28306.37121295929
670,ails2_etaMax1.000_stoppingTime86400.00,108987.0,28351.458307617188
671,ails2_etaMax1.000_stoppingTime86400.00,108972.0,28351.532307617188
672,HGS-TV,108519.0,28531.07011795044
673,ails2_etaMax1.000_stoppingTime864000.00,111042.0,28562.169307617187
674,HGS-TV,108517.0,28836.983243703842
675,HGS-TV,108515.0,28897.374628543854
676,ails2_etaMax1.000_stoppingTime432000.00,110702.0,28915.669307617187
677,ails2_etaMax1.000_stoppingTime86400.00,108962.0,28975.577307617186
678,ails2_etaMax1.000_stoppingTime432000.00,110700.0,28916.041307617186
679,ails2_etaMax1.000_stoppingTime864000.00,111025.0,29007.042307617186
680,ails2_etaMax1.000_stoppingTime86400.00,108955.0,28975.67730761719
681,ails2_etaMax1.000_stoppingTime86400.00,108949.0,29273.336307617188
682,ails2_etaMax1.000_stoppingTime86400.00,108910.0,29319.37730761719
683,HGS-TV,108513.0,29421.363930225372
684,ails2_eoh_omega2,108642.0,29448.53730761719
685,ails2_etaMax1.000_stoppingTime86400.00,108909.0,29465.16030761719
686,ails2_eoh_omega2,108621.0,29469.721307617187
687,ails2_eoh_acc_large,108516.0,29645.451307617186
688,ails2_etaMax1.000_stoppingTime432000.00,110693.0,29676.98230761719
689,ails2_eoh_acc_large,108515.0,29720.28330761719
690,ails2_eoh_acc_large,108514.0,29793.02030761719
691,ails2_etaMax1.000_stoppingTime86400.00,108903.0,29807.434307617186
692,ails2_eoh_acc,108516.0,29846.062307617187
693,ails2_etaMax1.000_stoppingTime86400.00,108848.0,29810.098307617187
694,ails2_eoh_acc_large,108510.0,29884.521307617186
695,ails2_eoh_acc,108511.0,30022.83830761719
696,ails2_eoh_acc,108508.0,30039.74830761719
697,ails2_eoh_acc,108506.0,30083.690307617188
698,ails2_eoh_acc_large,108506.0,30152.638307617188
699,ails2_eoh_acc_large,108505.0,30260.387307617188
700,HGS-TV,108511.0,30280.23012328148
701,ails2_etaMax1.000_stoppingTime864000.00,111013.0,30370.871307617188
702,HGS-TV,108510.0,30381.985513448715
703,ails2_etaMax1.000_stoppingTime864000.00,110946.0,30370.885307617187
704,HGS-TV,108504.0,30442.056797981262
705,ails2_eoh_acc_large,108504.0,30540.342307617186
706,ails2_etaMax0.010_stoppingTime432000.00,108606.0,31150.849307617187
707,ails2_etaMax0.010_stoppingTime432000.00,108605.0,31307.87330761719
708,ails2_etaMax1.000_stoppingTime86400.00,108847.0,31342.05430761719
709,ails2_etaMax0.010_stoppingTime432000.00,108598.0,31352.208307617188
710,ails2_etaMax1.000_stoppingTime86400.00,108782.0,31356.808307617186
711,HGS-TV,108502.0,31531.04919195175
712,ails2_eoh_acc_large,108500.0,31583.652307617187
713,ails2_etaMax1.000_stoppingTime86400.00,108781.0,32097.62230761719
714,HGS-TV,108501.0,32120.313117980957
715,ails2_etaMax1.000_stoppingTime86400.00,108770.0,32135.093307617186
716,ails2_etaMax1.000_stoppingTime86400.00,108767.0,32246.300307617188
717,ails2_etaMax1.000_stoppingTime86400.00,108754.0,32246.53530761719
718,ails2_etaMax1.000_stoppingTime86400.00,108750.0,32452.55530761719
719,ails2_etaMax1.000_stoppingTime86400.00,108737.0,32500.009307617187
720,ails2_etaMax1.000_stoppingTime86400.00,108734.0,32784.94430761719
721,ails2_etaMax1.000_stoppingTime86400.00,108707.0,32805.88230761719
722,ails2_etaMax1.000_stoppingTime86400.00,108702.0,32983.820307617185
723,ails2_etaMax1.000_stoppingTime86400.00,108656.0,32992.053307617185
724,ails2_etaMax1.000_stoppingTime86400.00,108645.0,33109.97630761719
725,ails2_etaMax0.010_stoppingTime432000.00,108597.0,33114.45930761719
726,ails2_etaMax1.000_stoppingTime86400.00,108626.0,33110.06330761719
727,ails2_etaMax0.010_stoppingTime432000.00,108586.0,33125.65030761719
728,ails2_eoh_acc_large,108499.0,33636.00930761719
729,ails2_eoh_omega2,108620.0,33756.852307617184
730,ails2_etaMax1.000_stoppingTime86400.00,108623.0,33765.612307617186
731,ails2_eoh_omega2,108614.0,33771.053307617185
732,ails2_etaMax1.000_stoppingTime86400.00,108606.0,33766.10530761719
733,ails2_eoh_omega2,108610.0,33874.23930761719
734,ails2_etaMax1.000_stoppingTime432000.00,110692.0,34069.61330761719
735,ails2_etaMax1.000_stoppingTime432000.00,110628.0,34069.64730761719
736,ails2_etaMax1.000_stoppingTime86400.00,108605.0,34276.60330761719
737,ails2_etaMax1.000_stoppingTime86400.00,108601.0,34566.68530761719
738,ails2_etaMax1.000_stoppingTime86400.00,108600.0,34723.38730761719
739,ails2_etaMax1.000_stoppingTime86400.00,108591.0,34723.93530761719
740,ails2_etaMax1.000_stoppingTime86400.00,108587.0,35092.53930761719
741,ails2_etaMax1.000_stoppingTime86400.00,108585.0,35662.03130761719
742,ails2_etaMax1.000_stoppingTime86400.00,108579.0,35662.763307617184
743,ails2_eoh_omega2,108608.0,35764.81130761719
744,ails2_etaMax1.000_stoppingTime86400.00,108571.0,35776.87430761719
745,ails2_etaMax1.000_stoppingTime432000.00,110617.0,35801.750307617185
746,ails2_eoh_omega2,108600.0,35780.94430761719
747,ails2_etaMax1.000_stoppingTime86400.00,108560.0,35838.01030761719
748,HGS-TV,108498.0,35856.92699599266
749,ails2_etaMax1.000_stoppingTime432000.00,110512.0,35805.00730761719
750,HGS-TV,108497.0,36148.74420571327
751,HGS-TV,108496.0,36400.18491959572
752,ails2_eoh_acc_large,108497.0,36639.572307617185
753,ails2_etaMax1.000_stoppingTime86400.00,108553.0,36792.52630761719
754,ails2_etaMax1.000_stoppingTime864000.00,110926.0,36835.20530761719
755,ails2_etaMax1.000_stoppingTime86400.00,108491.0,36807.25830761719
756,ails2_etaMax1.000_stoppingTime864000.00,110925.0,36836.833307617184
757,ails2_eoh_acc_large,108495.0,37775.129307617186
758,ails2_eoh_acc_large,108494.0,37956.98630761719
759,ails2_etaMax1.000_stoppingTime864000.00,110918.0,38410.34930761719
760,ails2_etaMax1.000_stoppingTime864000.00,110914.0,38410.38330761719
761,ails2_eoh_omega2,108599.0,38540.01630761719
762,ails2_etaMax1.000_stoppingTime86400.00,108489.0,38580.69630761719
763,ails2_eoh_omega2,108598.0,38544.27430761719
764,ails2_etaMax1.000_stoppingTime86400.00,108438.0,38600.716307617186
765,ails2_eoh_omega2,108597.0,38996.87830761719
766,ails2_eoh_omega2,108595.0,38997.737307617186
767,ails2_etaMax1.000_stoppingTime864000.00,110897.0,39670.12030761719
768,ails2_etaMax0.020_stoppingTime86400.00,108360.0,39647.63530761719
769,ails2_etaMax0.005_stoppingTime86400.00,108362.0,39645.50830761719
770,ails2_eoh_acc,108366.0,39669.25930761719
771,ails2_eoh_acc_large,108369.0,39666.00530761719
772,ails2_eoh_acc,108312.0,39724.29230761719
773,ails2_eoh_acc_large,108333.0,39730.945307617185
774,ails2_etaMax0.020_stoppingTime86400.00,108353.0,39694.58130761719
775,ails2_etaMax0.005_stoppingTime86400.00,108323.0,39709.483307617185
776,ails2_etaMax0.020_stoppingTime86400.00,108337.0,39752.06430761719
777,ails2_eoh_acc,108308.0,39772.77930761719
778,ails2_etaMax0.005_stoppingTime86400.00,108301.0,39745.532307617184
779,ails2_eoh_acc_large,108285.0,39785.54230761719
780,ails2_eoh_acc_large,108272.0,39839.822307617185
781,ails2_etaMax0.005_stoppingTime86400.00,108280.0,39833.621307617184
782,ails2_etaMax0.020_stoppingTime86400.00,108336.0,39842.123307617185
783,ails2_eoh_acc,108307.0,39838.91030761719
784,ails2_etaMax0.020_stoppingTime86400.00,108322.0,39880.82330761719
785,ails2_eoh_acc,108306.0,39908.11730761719
786,ails2_eoh_acc_large,108268.0,39876.45230761719
787,ails2_etaMax0.005_stoppingTime86400.00,108261.0,39908.83630761719
788,ails2_etaMax0.005_stoppingTime86400.00,108246.0,39971.140307617185
789,ails2_eoh_acc_large,108261.0,39967.52930761719
790,ails2_eoh_acc,108297.0,39970.93530761719
791,ails2_eoh_omega2,108594.0,39995.14330761719
792,ails2_etaMax0.020_stoppingTime86400.00,108321.0,40000.199307617186
793,ails2_etaMax0.005_stoppingTime86400.00,108242.0,40031.52930761719
794,ails2_eoh_acc,108275.0,40033.498307617185
795,ails2_eoh_acc_large,108259.0,39998.46530761719
796,ails2_eoh_omega2,108586.0,40002.64130761719
797,ails2_etaMax0.020_stoppingTime86400.00,108308.0,40053.84430761719
798,ails2_eoh_acc_large,108257.0,40079.14130761719
799,ails2_etaMax0.005_stoppingTime86400.00,108235.0,40091.16230761719
800,ails2_eoh_acc,108238.0,40094.52630761719
801,ails2_eoh_omega2,108577.0,40084.678307617185
802,ails2_eoh_acc,108231.0,40156.76830761719
803,ails2_eoh_acc_large,108242.0,40154.727307617184
804,ails2_etaMax0.005_stoppingTime86400.00,108231.0,40101.998307617185
805,ails2_eoh_omega2,108572.0,40142.41830761719
806,ails2_eoh_acc,108218.0,40216.805307617185
807,ails2_eoh_acc_large,108241.0,40217.99130761719
808,ails2_etaMax0.020_stoppingTime86400.00,108302.0,40275.71730761719
809,ails2_eoh_acc,108201.0,40266.890307617185
810,ails2_etaMax0.005_stoppingTime86400.00,108228.0,40285.03130761719
811,ails2_etaMax0.020_stoppingTime86400.00,108268.0,40304.180307617185
812,ails2_eoh_acc,108196.0,40331.16930761719
813,ails2_etaMax0.005_stoppingTime86400.00,108223.0,40296.445307617185
814,ails2_etaMax1.000_stoppingTime1728000.00,111135.0,40354.85530761719
815,ails2_eoh_acc,108195.0,40396.75930761719
816,ails2_etaMax0.005_stoppingTime86400.00,108216.0,40355.32730761719
817,ails2_eoh_acc_large,108240.0,40406.78530761719
818,ails2_etaMax1.000_stoppingTime1728000.00,111094.0,40354.87030761719
819,ails2_etaMax0.020_stoppingTime86400.00,108267.0,40486.05230761719
820,ails2_eoh_acc_large,108239.0,40501.98930761719
821,ails2_eoh_acc,108194.0,40505.27530761719
822,HGS-TV,108232.0,40517.520975112915
823,ails2_etaMax0.020_stoppingTime86400.00,108256.0,40536.93330761719
824,ails2_eoh_acc_large,108236.0,40559.19430761719
825,ails2_eoh_acc,108193.0,40549.26030761719
826,ails2_etaMax0.020_stoppingTime86400.00,108254.0,40549.434307617186
827,ails2_eoh_acc_large,108235.0,40577.70430761719
828,ails2_eoh_acc,108191.0,40596.34830761719
829,ails2_eoh_acc_large,108233.0,40677.85130761719
830,ails2_eoh_acc_large,108232.0,40760.83830761719
831,ails2_etaMax0.020_stoppingTime86400.00,108251.0,40761.73930761719
832,ails2_eoh_acc,108187.0,40798.572307617185
833,ails2_eoh_acc_large,108230.0,40790.86130761719
834,ails2_etaMax0.020_stoppingTime86400.00,108244.0,40777.396307617186
835,ails2_eoh_acc_large,108229.0,40901.54430761719
836,ails2_etaMax1.000_stoppingTime432000.00,110495.0,40940.271307617186
837,ails2_etaMax0.020_stoppingTime86400.00,108241.0,40968.932307617186
838,ails2_etaMax1.000_stoppingTime86400.00,108434.0,40968.97630761719
839,ails2_etaMax1.000_stoppingTime432000.00,110412.0,40941.54630761719
840,ails2_etaMax1.000_stoppingTime86400.00,108432.0,40969.157307617184
841,ails2_etaMax0.020_stoppingTime86400.00,108234.0,40981.394307617185
842,ails2_eoh_acc_large,108227.0,41070.754307617186
843,ails2_eoh_acc_large,108225.0,41209.63330761719
844,ails2_eoh_acc_large,108223.0,41318.409307617185
845,ails2_eoh_acc_large,108222.0,41368.26430761719
846,ails2_etaMax0.020_stoppingTime86400.00,108233.0,41421.45630761719
847,ails2_etaMax0.020_stoppingTime86400.00,108202.0,41435.54130761719
848,ails2_eoh_acc_large,108221.0,41532.04530761719
849,ails2_eoh_acc,108186.0,41574.50930761719
850,ails2_eoh_acc_large,108220.0,41535.29430761719
851,ails2_eoh_acc,108176.0,41622.65130761719
852,ails2_eoh_acc_large,108219.0,41641.47630761719
853,ails2_eoh_acc,108175.0,41668.65130761719
854,ails2_eoh_acc_large,108217.0,41689.606307617185
855,ails2_eoh_acc_large,108216.0,41885.35530761719
856,ails2_eoh_acc_large,108215.0,42050.002307617186
857,ails2_eoh_acc_large,108212.0,42110.13130761719
858,ails2_eoh_acc_large,108208.0,42145.502307617186
859,ails2_eoh_acc,108171.0,42319.415307617186
860,ails2_eoh_acc,108165.0,42353.307307617186
861,ails2_etaMax0.005_stoppingTime86400.00,108215.0,42557.21930761719
862,ails2_etaMax1.000_stoppingTime86400.00,108424.0,42566.47530761719
863,ails2_eoh_acc,108164.0,42579.252307617186
864,ails2_etaMax0.005_stoppingTime86400.00,108211.0,42558.182307617186
865,ails2_etaMax0.005_stoppingTime86400.00,108206.0,42645.21530761719
866,ails2_etaMax1.000_stoppingTime86400.00,108421.0,42696.01630761719
867,ails2_etaMax0.005_stoppingTime86400.00,108205.0,42749.65030761719
868,ails2_etaMax1.000_stoppingTime86400.00,108417.0,42697.46730761719
869,ails2_etaMax0.005_stoppingTime86400.00,108203.0,42750.125307617185
870,ails2_eoh_acc_large,108207.0,42826.35030761719
871,ails2_etaMax1.000_stoppingTime86400.00,108416.0,42839.81930761719
872,ails2_etaMax0.005_stoppingTime86400.00,108190.0,42870.94230761719
873,HGS-TV,108231.0,42883.95404291153
874,ails2_etaMax1.000_stoppingTime86400.00,108413.0,42844.85930761719
875,ails2_eoh_acc_large,108205.0,42998.03330761719
876,ails2_eoh_acc_large,108204.0,43076.59830761719
877,ails2_eoh_acc,108163.0,43081.36830761719
878,HGS-TV,108230.0,43133.716794490814
879,ails2_etaMax1.000_stoppingTime86400.00,108412.0,43161.63330761719
880,ails2_etaMax1.000_stoppingTime86400.00,108403.0,43161.932307617186
881,ails2_etaMax1.000_stoppingTime432000.00,110394.0,43231.80630761719
882,ails2_etaMax1.000_stoppingTime432000.00,110329.0,43241.892307617185
883,ails2_etaMax1.000_stoppingTime86400.00,108402.0,43531.693307617184
884,ails2_etaMax1.000_stoppingTime86400.00,108401.0,43612.642307617185
885,ails2_etaMax1.000_stoppingTime86400.00,108360.0,43614.18630761719
886,ails2_etaMax1.000_stoppingTime864000.00,110876.0,43760.445307617185
887,HGS-TV,108161.0,43773.07534074783
888,ails2_etaMax1.000_stoppingTime864000.00,110807.0,43765.09230761719
889,ails2_etaMax1.000_stoppingTime86400.00,108358.0,44331.464307617185
890,ails2_etaMax1.000_stoppingTime86400.00,108326.0,44351.95230761719
891,ails2_etaMax1.000_stoppingTime86400.00,108324.0,44621.763307617184
892,ails2_eoh_omega2,108568.0,44661.60530761719
893,ails2_etaMax1.000_stoppingTime86400.00,108323.0,44621.77030761719
894,ails2_eoh_omega2,108567.0,44701.27830761719
895,ails2_eoh_omega2,108561.0,45202.67730761719
896,ails2_eoh_acc,108162.0,45614.68530761719
897,ails2_eoh_acc,108160.0,45821.13630761719
898,ails2_eoh_acc_large,108162.0,45910.807307617186
899,ails2_eoh_acc_large,108160.0,45942.15130761719
900,HGS-TV,108158.0,46195.283860206604
901,HGS-TV,108156.0,46393.73615813255
902,HGS-TV,108148.0,46643.43863224983
903,ails2_etaMax1.000_stoppingTime86400.00,108322.0,46707.95330761719
904,ails2_etaMax1.000_stoppingTime86400.00,108320.0,46707.98030761719
905,ails2_eoh_omega2,108559.0,46830.17230761719
906,ails2_eoh_omega2,108554.0,46832.307307617186
907,ails2_etaMax1.000_stoppingTime86400.00,108319.0,47023.96730761719
908,ails2_etaMax1.000_stoppingTime86400.00,108318.0,47106.10730761719
909,ails2_etaMax1.000_stoppingTime86400.00,108296.0,47108.483307617185
910,HGS-TV,108147.0,47177.054792165756
911,HGS-TV,108146.0,47237.10246157646
912,ails2_eoh_acc_large,108147.0,47316.94030761719
913,HGS-TV,108145.0,47328.41733455658
914,HGS-TV,108144.0,47388.5008661747
915,ails2_eoh_acc_large,108145.0,47424.727307617184
916,HGS-TV,108143.0,47480.76542210579
917,ails2_etaMax1.000_stoppingTime432000.00,110316.0,47621.18830761719
918,ails2_eoh_acc_large,108144.0,47652.941307617184
919,ails2_etaMax1.000_stoppingTime432000.00,110277.0,47621.22630761719
920,ails2_etaMax1.000_stoppingTime432000.00,110267.0,47756.699307617186
921,ails2_etaMax1.000_stoppingTime86400.00,108295.0,47759.13530761719
922,HGS-TV,108142.0,47770.66829586029
923,ails2_etaMax1.000_stoppingTime432000.00,110264.0,47758.106307617185
924,ails2_etaMax1.000_stoppingTime86400.00,108274.0,47775.375307617185
925,HGS-TV,108141.0,47914.73491573334
926,ails2_eoh_acc_large,108142.0,47976.86830761719
927,HGS-TV,108140.0,48182.775287389755
928,ails2_eoh_acc,108147.0,48326.19630761719
929,ails2_etaMax1.000_stoppingTime86400.00,108269.0,48413.38730761719
930,ails2_etaMax1.000_stoppingTime86400.00,108234.0,48427.75930761719
931,ails2_etaMax1.000_stoppingTime432000.00,110263.0,48855.72330761719
932,ails2_etaMax1.000_stoppingTime432000.00,110243.0,48855.75930761719
933,HGS-TV,108139.0,49334.32050919533
934,ails2_eoh_acc_large,108140.0,49446.29530761719
935,ails2_eoh_acc_large,108139.0,49781.284307617185
936,ails2_eoh_acc,108144.0,49934.39330761719
937,ails2_eoh_acc_large,108138.0,50035.20430761719
938,ails2_eoh_acc_large,108134.0,50077.809307617186
939,ails2_eoh_acc_large,108133.0,50264.46730761719
940,ails2_eoh_acc_large,108132.0,50704.701307617186
941,ails2_etaMax1.000_stoppingTime864000.00,110796.0,50732.52530761719
942,ails2_etaMax1.000_stoppingTime86400.00,108230.0,52084.60130761719
943,ails2_etaMax1.000_stoppingTime864000.00,110782.0,52143.941307617184
944,ails2_etaMax1.000_stoppingTime86400.00,108221.0,52139.589307617185
945,ails2_etaMax1.000_stoppingTime864000.00,110774.0,52147.83630761719
946,ails2_etaMax1.000_stoppingTime86400.00,108220.0,52369.87630761719
947,ails2_eoh_omega2,108553.0,52409.71330761719
948,ails2_etaMax1.000_stoppingTime86400.00,108214.0,52370.21130761719
949,ails2_etaMax1.000_stoppingTime86400.00,108213.0,52561.07130761719
950,ails2_etaMax1.000_stoppingTime86400.00,108212.0,53081.94830761719
951,ails2_etaMax0.010_stoppingTime432000.00,108584.0,53136.75830761719
952,ails2_eoh_omega2,108552.0,53195.32130761719
953,ails2_etaMax0.010_stoppingTime432000.00,108583.0,53137.345307617186
954,ails2_etaMax1.000_stoppingTime86400.00,108206.0,53229.892307617185
955,ails2_etaMax1.000_stoppingTime86400.00,108197.0,53232.34030761719
956,ails2_etaMax1.000_stoppingTime86400.00,108194.0,53354.176307617185
957,ails2_etaMax1.000_stoppingTime86400.00,108192.0,53355.879307617186
958,ails2_etaMax1.000_stoppingTime86400.00,108190.0,53537.67030761719
959,ails2_etaMax1.000_stoppingTime86400.00,108178.0,53580.985307617186
960,ails2_etaMax1.000_stoppingTime86400.00,108177.0,54201.21730761719
961,ails2_etaMax1.000_stoppingTime86400.00,108160.0,54204.02930761719
962,ails2_etaMax1.000_stoppingTime1728000.00,111091.0,54456.08230761719
963,ails2_etaMax0.010_stoppingTime432000.00,108580.0,54655.31430761719
964,ails2_etaMax0.010_stoppingTime432000.00,108576.0,54715.877307617186
965,ails2_etaMax1.000_stoppingTime1728000.00,111086.0,54725.33030761719
966,ails2_etaMax1.000_stoppingTime1728000.00,111002.0,54725.35330761719
967,ails2_etaMax0.010_stoppingTime432000.00,108575.0,54934.48630761719
968,ails2_etaMax0.010_stoppingTime432000.00,108566.0,54982.96330761719
969,ails2_etaMax0.010_stoppingTime432000.00,108562.0,55149.40830761719
970,ails2_etaMax0.010_stoppingTime432000.00,108561.0,55150.11630761719
971,HGS-TV,108131.0,55542.21894454956
972,ails2_etaMax1.000_stoppingTime86400.00,108159.0,56132.15630761719
973,ails2_etaMax1.000_stoppingTime432000.00,110236.0,56649.377307617186
974,ails2_etaMax1.000_stoppingTime432000.00,110175.0,56649.39930761719
975,ails2_etaMax1.000_stoppingTime864000.00,110762.0,57150.45530761719
976,ails2_etaMax1.000_stoppingTime864000.00,110757.0,57150.540307617186
977,ails2_eoh_omega2,108550.0,57341.33630761719
978,ails2_etaMax1.000_stoppingTime86400.00,108158.0,57374.41930761719
979,ails2_eoh_omega2,108547.0,57353.345307617186
980,ails2_eoh_omega2,108542.0,57414.41730761719
981,ails2_etaMax1.000_stoppingTime86400.00,108157.0,57529.22530761719
982,ails2_eoh_acc_large,108131.0,57557.02430761719
983,ails2_etaMax1.000_stoppingTime86400.00,108153.0,57529.59630761719
984,HGS-TV,108130.0,58062.45315980911
985,ails2_etaMax1.000_stoppingTime86400.00,108150.0,58127.559307617186
986,ails2_etaMax1.000_stoppingTime86400.00,108149.0,58285.98930761719
987,ails2_etaMax1.000_stoppingTime864000.00,110753.0,58358.50730761719
988,ails2_etaMax1.000_stoppingTime864000.00,110723.0,58358.52030761719
989,ails2_etaMax1.000_stoppingTime86400.00,108148.0,58485.67730761719
990,ails2_etaMax1.000_stoppingTime86400.00,108147.0,58655.33630761719
991,ails2_etaMax1.000_stoppingTime86400.00,108143.0,58655.371307617184
992,ails2_eoh_acc_large,108130.0,58745.41430761719
993,ails2_etaMax1.000_stoppingTime86400.00,108140.0,58724.201307617186
994,ails2_eoh_acc_large,108126.0,58783.64330761719
995,ails2_eoh_acc_large,108125.0,58972.96330761719
996,ails2_etaMax1.000_stoppingTime86400.00,108139.0,59109.99130761719
997,ails2_etaMax1.000_stoppingTime86400.00,108137.0,59110.286307617185
998,ails2_etaMax1.000_stoppingTime864000.00,110717.0,59287.45930761719
999,ails2_eoh_acc_large,108124.0,59787.375307617185
1000,ails2_etaMax1.000_stoppingTime86400.00,108136.0,60070.41030761719
1001,ails2_etaMax1.000_stoppingTime86400.00,108124.0,60091.36730761719
1002,ails2_etaMax1.000_stoppingTime864000.00,110715.0,60297.521307617186
1003,ails2_eoh_acc_large,108121.0,60425.551307617185
1004,ails2_etaMax0.010_stoppingTime432000.00,108559.0,60487.809307617186
1005,ails2_etaMax0.010_stoppingTime432000.00,108555.0,60489.97430761719
1006,ails2_etaMax0.010_stoppingTime432000.00,108554.0,60613.08230761719
1007,ails2_etaMax0.010_stoppingTime432000.00,108549.0,60615.02430761719
1008,ails2_etaMax1.000_stoppingTime432000.00,110162.0,60880.55430761719
1009,ails2_etaMax1.000_stoppingTime432000.00,110135.0,60880.56430761719
1010,ails2_eoh_omega2,108541.0,61032.873307617185
1011,ails2_etaMax1.000_stoppingTime864000.00,110708.0,61079.13930761719
1012,ails2_eoh_omega2,108539.0,61034.695307617185
1013,ails2_etaMax1.000_stoppingTime864000.00,110695.0,61081.589307617185
1014,ails2_etaMax1.000_stoppingTime86400.00,108122.0,61503.809307617186
1015,ails2_etaMax1.000_stoppingTime86400.00,108117.0,61515.680307617185
1016,ails2_etaMax1.000_stoppingTime864000.00,110673.0,61573.30030761719
1017,ails2_etaMax1.000_stoppingTime432000.00,110120.0,61787.00830761719
1018,ails2_etaMax1.000_stoppingTime432000.00,110050.0,61820.23430761719
1019,ails2_eoh_omega2,108537.0,61940.92930761719
1020,ails2_eoh_omega2,108534.0,61944.661307617185
1021,HGS-TV,108114.0,62024.27216553688
1022,ails2_etaMax0.010_stoppingTime432000.00,108547.0,62546.82330761719
1023,ails2_etaMax1.000_stoppingTime86400.00,108115.0,62663.568307617184
1024,ails2_etaMax0.010_stoppingTime432000.00,108546.0,62939.72230761719
1025,ails2_etaMax0.010_stoppingTime432000.00,108544.0,62940.362307617186
1026,ails2_etaMax0.010_stoppingTime432000.00,108541.0,63214.60930761719
1027,ails2_etaMax1.000_stoppingTime86400.00,108114.0,63636.88330761719
1028,ails2_etaMax1.000_stoppingTime86400.00,108112.0,63851.77930761719
1029,HGS-TV,108113.0,63896.07510018349
1030,ails2_etaMax1.000_stoppingTime86400.00,108110.0,63853.07330761719
1031,HGS-TV,108111.0,64310.47634100914
1032,HGS-TV,108110.0,64618.64659976959
1033,ails2_etaMax1.000_stoppingTime432000.00,110026.0,64627.91430761719
1034,ails2_etaMax1.000_stoppingTime86400.00,108109.0,65134.892307617185
1035,ails2_etaMax1.000_stoppingTime86400.00,108101.0,65155.648307617186
1036,ails2_etaMax1.000_stoppingTime432000.00,110014.0,65878.98230761719
1037,ails2_eoh_omega2,108533.0,66259.22930761719
1038,ails2_eoh_omega2,108532.0,66260.43230761719
1039,ails2_eoh_omega2,108526.0,66329.73930761719
1040,ails2_etaMax1.000_stoppingTime864000.00,110663.0,66462.79530761718
1041,ails2_etaMax1.000_stoppingTime864000.00,110563.0,66463.26630761719
1042,ails2_etaMax0.010_stoppingTime432000.00,108540.0,66756.55330761719
1043,ails2_etaMax0.010_stoppingTime432000.00,108538.0,66806.16630761718
1044,ails2_etaMax0.010_stoppingTime432000.00,108537.0,67046.84230761719
1045,ails2_etaMax1.000_stoppingTime1728000.00,110996.0,67393.0823076172
1046,ails2_etaMax1.000_stoppingTime1728000.00,110957.0,67393.37530761719
1047,ails2_etaMax1.000_stoppingTime86400.00,108100.0,67479.38730761719
1048,ails2_etaMax1.000_stoppingTime86400.00,108097.0,67498.46130761718
1049,ails2_etaMax1.000_stoppingTime86400.00,108093.0,67544.37630761719
1050,HGS-TV,108097.0,67864.87790298462
1051,filo2,108092.0,68473.32641029358
1052,ails2_eoh_acc,108090.0,68461.18230761719
1053,ails2_eoh_acc_large,108091.0,68702.47830761719
1054,ails2_eoh_acc_large,108090.0,68747.30330761719
1055,ails2_eoh_acc,108088.0,70004.75130761719
1056,ails2_eoh_acc,108087.0,70350.3323076172
1057,ails2_etaMax1.000_stoppingTime432000.00,110013.0,70394.81930761719
1058,ails2_etaMax1.000_stoppingTime432000.00,109933.0,70453.01630761719
1059,ails2_etaMax1.000_stoppingTime432000.00,109916.0,70932.36930761719
1060,ails2_etaMax1.000_stoppingTime432000.00,109861.0,70935.11830761719
1061,ails2_etaMax1.000_stoppingTime864000.00,110545.0,71289.47130761719
1062,ails2_etaMax1.000_stoppingTime864000.00,110460.0,71289.71730761719
1063,HGS-TV,108089.0,71657.66808748245
1064,ails2_etaMax1.000_stoppingTime432000.00,109850.0,71868.80230761718
1065,ails2_etaMax1.000_stoppingTime432000.00,109844.0,71870.46330761719
1066,ails2_etaMax1.000_stoppingTime432000.00,109828.0,73694.40530761718
1067,ails2_etaMax1.000_stoppingTime432000.00,109802.0,73695.20030761718
1068,ails2_etaMax1.000_stoppingTime432000.00,109801.0,74626.82030761719
1069,ails2_etaMax1.000_stoppingTime432000.00,109775.0,74627.39730761718
1070,ails2_etaMax1.000_stoppingTime86400.00,108092.0,74784.24830761719
1071,ails2_etaMax1.000_stoppingTime1728000.00,110877.0,74975.17830761719
1072,ails2_etaMax1.000_stoppingTime864000.00,110447.0,75655.19630761718
1073,ails2_etaMax1.000_stoppingTime864000.00,110408.0,75655.22030761719
1074,ails2_etaMax1.000_stoppingTime86400.00,108091.0,75838.5633076172
1075,ails2_etaMax1.000_stoppingTime86400.00,108090.0,76328.28230761719
1076,ails2_etaMax1.000_stoppingTime432000.00,109771.0,77486.59930761719
1077,HGS-TV,108086.0,79209.33964633942
1078,ails2_etaMax1.000_stoppingTime86400.00,108089.0,80123.83530761719
1079,ails2_etaMax1.000_stoppingTime86400.00,108088.0,80148.87330761719
1080,ails2_etaMax1.000_stoppingTime86400.00,108086.0,80226.96630761719
1081,ails2_etaMax1.000_stoppingTime432000.00,109766.0,80352.3053076172
1082,ails2_etaMax1.000_stoppingTime432000.00,109702.0,80353.29330761719
1083,ails2_etaMax1.000_stoppingTime86400.00,108085.0,80625.62230761719
1084,ails2_etaMax1.000_stoppingTime432000.00,109697.0,81754.27230761718
1085,ails2_etaMax1.000_stoppingTime86400.00,108084.0,82068.51830761718
1086,ails2_eoh_omega2,108524.0,82236.7073076172
1087,ails2_eoh_omega2,108514.0,82262.7183076172
1088,ails2_etaMax1.000_stoppingTime86400.00,108083.0,82304.2183076172
1089,ails2_etaMax0.010_stoppingTime432000.00,108535.0,83650.53830761719
1090,ails2_etaMax0.010_stoppingTime432000.00,108533.0,83689.54130761718
1091,ails2_etaMax1.000_stoppingTime864000.00,110341.0,83771.59230761719
1092,ails2_eoh_omega2,108513.0,83966.05330761719
1093,ails2_eoh_omega2,108512.0,84037.47930761719
1094,ails2_eoh_omega2,108511.0,84214.22330761718
1095,ails2_eoh_omega2,108508.0,84218.72630761718
1096,ails2_etaMax1.000_stoppingTime432000.00,109694.0,84349.65830761718
1097,ails2_eoh_omega2,108507.0,84699.29230761719
1098,ails2_etaMax1.000_stoppingTime432000.00,109658.0,84714.40730761719
1099,ails2_etaMax1.000_stoppingTime432000.00,109647.0,84715.73830761718
1100,ails2_eoh_omega2,108506.0,84862.19430761719
1101,ails2_eoh_omega2,108504.0,84867.59830761718
1102,ails2_etaMax0.010_stoppingTime432000.00,108531.0,85463.06830761718
1103,ails2_etaMax0.010_stoppingTime432000.00,108530.0,85463.08730761718
1104,ails2_etaMax1.000_stoppingTime432000.00,109639.0,85574.39230761719
1105,ails2_etaMax1.000_stoppingTime432000.00,109624.0,85574.5403076172
1106,HGS-TV,108082.0,85704.62374067307
1107,ails2_etaMax1.000_stoppingTime1728000.00,110862.0,87862.50530761719
1108,ails2_etaMax1.000_stoppingTime432000.00,109621.0,89089.59130761719
1109,ails2_etaMax1.000_stoppingTime432000.00,109609.0,89223.41430761719
1110,ails2_etaMax1.000_stoppingTime432000.00,109575.0,90010.50930761719
1111,ails2_etaMax1.000_stoppingTime432000.00,109565.0,90010.51530761718
1112,ails2_etaMax1.000_stoppingTime432000.00,109549.0,90266.42830761719
1113,ails2_etaMax1.000_stoppingTime432000.00,109543.0,90267.67430761718
1114,ails2_etaMax1.000_stoppingTime432000.00,109534.0,90775.73530761719
1115,HGS-TV,108082.0,90788.71521091461
1116,ails2_etaMax1.000_stoppingTime432000.00,109530.0,90775.94730761719
1117,HGS-TV,108082.0,90849.57682323456
1118,HGS-TV,108082.0,90909.661059618
1119,HGS-TV,108082.0,90970.54886436462
1120,HGS-TV,108082.0,91030.62767338753
1121,ails2_etaMax1.000_stoppingTime1728000.00,110852.0,91036.52230761718
1122,HGS-TV,108082.0,91091.48221063614
1123,HGS-TV,108082.0,91151.69831442833
1124,HGS-TV,108082.0,91212.26399707794
1125,HGS-TV,108082.0,91284.43644118309
1126,HGS-TV,108082.0,91344.90008854866
1127,HGS-TV,108082.0,91490.11538815498
1128,HGS-TV,108082.0,91571.26036095619
1129,HGS-TV,108082.0,91631.43412470818
1130,HGS-TV,108082.0,91734.49533843994
1131,HGS-TV,108082.0,92033.17069983482
1132,ails2_etaMax1.000_stoppingTime432000.00,109518.0,92042.45830761718
1133,ails2_etaMax1.000_stoppingTime432000.00,109493.0,92043.26830761718
1134,HGS-TV,108082.0,92275.90682935715
1135,HGS-TV,108082.0,92336.44211626053
1136,HGS-TV,108082.0,92427.91763138771
1137,ails2_etaMax0.010_stoppingTime432000.00,108529.0,92474.06430761718
1138,HGS-TV,108082.0,92487.92550587654
1139,ails2_etaMax0.010_stoppingTime432000.00,108527.0,92479.35330761719
1140,HGS-TV,108082.0,92751.7265894413
1141,ails2_etaMax1.000_stoppingTime864000.00,110320.0,92930.01730761719
1142,HGS-TV,108082.0,92943.24935340881
1143,ails2_etaMax1.000_stoppingTime864000.00,110216.0,92931.17230761719
1144,HGS-TV,108082.0,93365.08961892128
1145,HGS-TV,108082.0,93710.40271234512
1146,ails2_etaMax1.000_stoppingTime432000.00,109488.0,94072.78130761719
1147,ails2_etaMax1.000_stoppingTime432000.00,109351.0,94075.11930761719
1148,HGS-TV,108082.0,94417.55020022392
1149,HGS-TV,108082.0,94527.49387598038
1150,ails2_etaMax1.000_stoppingTime1728000.00,110845.0,94774.0403076172
1151,ails2_etaMax0.010_stoppingTime432000.00,108525.0,94820.14930761719
1152,ails2_etaMax0.010_stoppingTime432000.00,108518.0,94839.04330761719
1153,HGS-TV,108082.0,94905.98599910736
1154,ails2_etaMax0.010_stoppingTime432000.00,108517.0,94964.28630761719
1155,ails2_etaMax0.010_stoppingTime432000.00,108511.0,95013.49630761718
1156,HGS-TV,108082.0,95076.39572024345
1157,HGS-TV,108082.0,95290.56118535995
1158,HGS-TV,108082.0,95448.06070232391
1159,HGS-TV,108082.0,95989.79841971397
1160,HGS-TV,108082.0,96214.74668765068
1161,HGS-TV,108082.0,96827.63324475288
1162,HGS-TV,108082.0,97154.54951739311
1163,HGS-TV,108082.0,97522.88254451752
1164,HGS-TV,108082.0,97964.49409842491
1165,HGS-TV,108082.0,98037.83464193344
1166,HGS-TV,108082.0,98098.11158704758
1167,HGS-TV,108082.0,98185.05093955994
1168,ails2_etaMax1.000_stoppingTime1728000.00,110828.0,98385.94230761718
1169,HGS-TV,108082.0,98750.46047878265
1170,HGS-TV,108082.0,98810.61118626595
1171,HGS-TV,108082.0,99301.79241275787
1172,HGS-TV,108082.0,99362.21839737892
1173,ails2_etaMax1.000_stoppingTime1728000.00,110827.0,99432.60830761719
1174,HGS-TV,108082.0,99925.16234755516
1175,ails2_etaMax1.000_stoppingTime1728000.00,110797.0,100138.43230761719
1176,ails2_etaMax1.000_stoppingTime1728000.00,110785.0,100138.46030761719
1177,HGS-TV,108082.0,100761.37780332565
1178,HGS-TV,108082.0,101287.87141680717
1179,ails2_etaMax1.000_stoppingTime864000.00,110210.0,101612.20130761719
1180,HGS-TV,108082.0,101663.06118273735
1181,HGS-TV,108082.0,102139.54834103584
1182,HGS-TV,108082.0,102199.60237073898
1183,ails2_etaMax1.000_stoppingTime1728000.00,110745.0,102231.3093076172
1184,ails2_etaMax1.000_stoppingTime1728000.00,110730.0,102231.32030761719
1185,ails2_eoh_omega2,108503.0,102444.2753076172
1186,ails2_eoh_omega2,108502.0,102509.43130761718
1187,ails2_eoh_omega2,108496.0,102529.37630761719
1188,ails2_etaMax1.000_stoppingTime864000.00,110206.0,103391.79230761719
1189,HGS-TV,108082.0,104192.7731628418
1190,HGS-TV,108082.0,104664.79505729675
1191,ails2_etaMax1.000_stoppingTime432000.00,109345.0,105195.73030761718
1192,ails2_etaMax1.000_stoppingTime432000.00,109331.0,105215.36930761719
1193,HGS-TV,108082.0,105427.3172621727
1194,HGS-TV,108082.0,105549.35156106949
1195,ails2_etaMax1.000_stoppingTime864000.00,110205.0,106189.15530761718
1196,ails2_etaMax1.000_stoppingTime864000.00,110190.0,106189.16730761719
1197,ails2_etaMax1.000_stoppingTime864000.00,110181.0,106255.19630761718
1198,HGS-TV,108082.0,106334.6997692585
1199,HGS-TV,108082.0,106538.21436238289
1200,ails2_etaMax1.000_stoppingTime432000.00,109326.0,106637.49730761719
1201,HGS-TV,108082.0,106997.82330608368
1202,HGS-TV,108082.0,107293.21239733696
1203,HGS-TV,108082.0,107465.50933742523
1204,HGS-TV,108082.0,107846.4779510498
1205,HGS-TV,108082.0,108169.88729023933
1206,ails2_etaMax1.000_stoppingTime1728000.00,110695.0,108817.39130761719
1207,HGS-TV,108082.0,109327.76820397377
1208,ails2_etaMax1.000_stoppingTime864000.00,110174.0,109444.69530761719
1209,ails2_etaMax1.000_stoppingTime864000.00,110168.0,109444.7523076172
1210,ails2_etaMax1.000_stoppingTime864000.00,110155.0,109767.67530761719
1211,HGS-TV,108082.0,109944.08504772186
1212,HGS-TV,108082.0,111040.12153887749
1213,HGS-TV,108082.0,111100.34895396233
1214,HGS-TV,108082.0,111334.36428260803
1215,HGS-TV,108082.0,111672.38385510445
1216,ails2_etaMax1.000_stoppingTime432000.00,109302.0,111717.79930761718
1217,ails2_etaMax1.000_stoppingTime432000.00,109250.0,111748.10730761719
1218,HGS-TV,108082.0,112313.88494610786
1219,ails2_etaMax1.000_stoppingTime432000.00,109247.0,112517.04830761718
1220,ails2_etaMax1.000_stoppingTime1728000.00,110693.0,112730.42230761719
1221,HGS-TV,108082.0,112733.14473080635
1222,ails2_etaMax1.000_stoppingTime1728000.00,110675.0,112730.44530761719
1223,HGS-TV,108082.0,112984.98677921295
1224,HGS-TV,108082.0,113045.42339777946
1225,ails2_etaMax1.000_stoppingTime864000.00,110101.0,113211.14230761719
1226,HGS-TV,108082.0,113229.20611166954
1227,ails2_etaMax1.000_stoppingTime864000.00,109975.0,113212.02230761718
1228,HGS-TV,108082.0,113426.47726941109
1229,HGS-TV,108082.0,113547.81974434853
1230,ails2_etaMax1.000_stoppingTime432000.00,109244.0,114217.32730761719
1231,ails2_etaMax1.000_stoppingTime432000.00,109224.0,114217.42530761719
1232,HGS-TV,108082.0,114481.59805011749
1233,HGS-TV,108082.0,114620.9810385704
1234,HGS-TV,108082.0,114681.21291446686
1235,ails2_etaMax1.000_stoppingTime432000.00,109218.0,115421.57130761718
1236,ails2_etaMax1.000_stoppingTime432000.00,109189.0,115421.65630761719
1237,HGS-TV,108082.0,115722.13151311874
1238,HGS-TV,108082.0,115782.24463224411
1239,HGS-TV,108082.0,116092.42384791374
1240,HGS-TV,108082.0,116649.1982293129
1241,HGS-TV,108082.0,117448.42889714241
1242,ails2_etaMax0.010_stoppingTime432000.00,108508.0,117677.43930761718
1243,HGS-TV,108082.0,118440.2407758236
1244,HGS-TV,108082.0,118500.37368178368
1245,ails2_etaMax1.000_stoppingTime432000.00,109187.0,118636.76330761719
1246,ails2_etaMax1.000_stoppingTime432000.00,109185.0,118637.0553076172
1247,HGS-TV,108082.0,119047.88427138329
1248,ails2_etaMax1.000_stoppingTime1728000.00,110663.0,119310.51930761719
1249,HGS-TV,108082.0,119512.67716407776
1250,HGS-TV,108082.0,119619.49255681038
1251,HGS-TV,108082.0,120115.11143732071
1252,HGS-TV,108082.0,120184.9533135891
1253,HGS-TV,108082.0,120450.04770207405
1254,HGS-TV,108082.0,120783.8943965435
1255,ails2_etaMax1.000_stoppingTime432000.00,109171.0,120843.96230761718
1256,ails2_etaMax1.000_stoppingTime432000.00,109131.0,120844.14430761719
1257,HGS-TV,108082.0,121046.61905169487
1258,ails2_etaMax1.000_stoppingTime1728000.00,110634.0,121225.5443076172
1259,ails2_etaMax1.000_stoppingTime1728000.00,110620.0,121225.55230761718
1260,HGS-TV,108082.0,121487.31470918655
1261,ails2_etaMax1.000_stoppingTime432000.00,109120.0,121798.39530761719
1262,HGS-TV,108082.0,122044.26729774475
1263,HGS-TV,108082.0,122380.40429782867
1264,ails2_etaMax1.000_stoppingTime432000.00,109118.0,122824.01430761718
1265,HGS-TV,108082.0,122867.46486973763
1266,ails2_etaMax0.010_stoppingTime432000.00,108507.0,122867.82730761719
1267,ails2_etaMax1.000_stoppingTime432000.00,109092.0,123601.25030761719
1268,ails2_etaMax1.000_stoppingTime432000.00,109055.0,123602.45430761718
1269,HGS-TV,108082.0,123739.95383810997
1270,HGS-TV,108082.0,123800.26998853683
1271,HGS-TV,108082.0,124183.68317222595
1272,ails2_etaMax1.000_stoppingTime432000.00,109053.0,124654.73430761718
1273,ails2_etaMax0.010_stoppingTime432000.00,108506.0,124786.89730761718
1274,ails2_etaMax0.010_stoppingTime432000.00,108503.0,124791.21930761718
1275,ails2_etaMax1.000_stoppingTime432000.00,109039.0,125104.5593076172
1276,ails2_etaMax1.000_stoppingTime432000.00,109003.0,125106.85630761718
1277,ails2_etaMax0.010_stoppingTime432000.00,108502.0,125425.0973076172
1278,HGS-TV,108082.0,125666.72129511833
1279,HGS-TV,108082.0,125873.06536126137
1280,ails2_etaMax0.010_stoppingTime432000.00,108500.0,126048.65930761718
1281,ails2_etaMax0.010_stoppingTime432000.00,108499.0,126052.62330761719
1282,HGS-TV,108082.0,126169.32468819618
1283,HGS-TV,108082.0,126368.81653881073
1284,ails2_etaMax1.000_stoppingTime432000.00,108993.0,126395.10430761719
1285,HGS-TV,108082.0,126439.58378767967
1286,ails2_etaMax1.000_stoppingTime432000.00,108986.0,126395.16030761719
1287,HGS-TV,108082.0,126499.98501110077
1288,ails2_etaMax0.010_stoppingTime432000.00,108498.0,126634.5213076172
1289,HGS-TV,108082.0,126639.6692841053
1290,ails2_etaMax0.010_stoppingTime432000.00,108496.0,126785.90130761718
1291,HGS-TV,108082.0,126825.1451766491
1292,ails2_etaMax0.010_stoppingTime432000.00,108492.0,126812.88630761718
1293,ails2_etaMax0.010_stoppingTime432000.00,108491.0,126912.99630761718
1294,HGS-TV,108082.0,127199.36460733414
1295,ails2_etaMax1.000_stoppingTime1728000.00,110559.0,128035.01630761719
1296,ails2_etaMax1.000_stoppingTime1728000.00,110504.0,128035.0443076172
1297,HGS-TV,108082.0,129685.42050814629
1298,HGS-TV,108082.0,129746.64001274109
1299,ails2_etaMax1.000_stoppingTime432000.00,108980.0,129810.62630761719
1300,ails2_etaMax1.000_stoppingTime432000.00,108940.0,129813.05130761719
1301,ails2_etaMax1.000_stoppingTime864000.00,109973.0,129932.06530761719
1302,ails2_etaMax1.000_stoppingTime864000.00,109944.0,129932.58330761718
1303,ails2_etaMax1.000_stoppingTime432000.00,108936.0,130179.3813076172
1304,ails2_etaMax1.000_stoppingTime432000.00,108934.0,130179.38730761719
1305,HGS-TV,108082.0,130250.65290689468
1306,ails2_etaMax0.010_stoppingTime432000.00,108490.0,132373.0183076172
1307,ails2_etaMax0.010_stoppingTime432000.00,108488.0,132409.1513076172
1308,ails2_etaMax0.010_stoppingTime432000.00,108487.0,132501.21830761718
1309,HGS-TV,108082.0,132947.2915174961
1310,ails2_etaMax0.010_stoppingTime432000.00,108486.0,133127.75630761718
1311,ails2_eoh_omega2,108495.0,133528.85730761717
1312,ails2_eoh_omega2,108490.0,133572.0243076172
1313,ails2_etaMax1.000_stoppingTime864000.00,109930.0,133752.8503076172
1314,ails2_eoh_omega2,108489.0,133841.8423076172
1315,ails2_eoh_omega2,108486.0,133848.7493076172
1316,HGS-TV,108082.0,135324.08571529388
1317,HGS-TV,108082.0,135634.20339250565
1318,ails2_etaMax0.010_stoppingTime432000.00,108485.0,137657.5453076172
1319,ails2_etaMax0.010_stoppingTime432000.00,108483.0,137662.2353076172
1320,ails2_etaMax1.000_stoppingTime864000.00,109914.0,137852.37530761719
1321,ails2_etaMax1.000_stoppingTime864000.00,109881.0,137853.4323076172
1322,ails2_etaMax1.000_stoppingTime864000.00,109843.0,137915.7763076172
1323,HGS-TV,108082.0,138255.17448973656
1324,HGS-TV,108082.0,138625.15039873123
1325,ails2_etaMax1.000_stoppingTime432000.00,108932.0,138691.6193076172
1326,ails2_etaMax1.000_stoppingTime432000.00,108923.0,138691.6983076172
1327,ails2_etaMax1.000_stoppingTime432000.00,108869.0,138808.44430761717
1328,HGS-TV,108082.0,139143.71442317963
1329,HGS-TV,108082.0,139308.26222014427
1330,HGS-TV,108082.0,139368.82028579712
1331,HGS-TV,108082.0,139687.97134399414
1332,HGS-TV,108082.0,140311.41782689095
1333,ails2_etaMax1.000_stoppingTime864000.00,109838.0,140564.2853076172
1334,ails2_etaMax1.000_stoppingTime864000.00,109707.0,140571.87030761718
1335,ails2_etaMax0.010_stoppingTime432000.00,108482.0,141311.20730761718
1336,ails2_etaMax0.010_stoppingTime432000.00,108480.0,141312.34030761718
1337,HGS-TV,108082.0,141520.39974665642
1338,ails2_eoh_omega2,108485.0,141561.2733076172
1339,ails2_eoh_omega2,108484.0,141713.0953076172
1340,ails2_eoh_omega2,108482.0,141713.98730761718
1341,HGS-TV,108082.0,142000.72197198868
1342,ails2_etaMax0.010_stoppingTime432000.00,108478.0,142190.64430761719
1343,ails2_etaMax0.010_stoppingTime432000.00,108475.0,142222.7603076172
1344,ails2_etaMax0.010_stoppingTime432000.00,108474.0,142453.14530761717
1345,ails2_etaMax0.010_stoppingTime432000.00,108472.0,142455.40630761717
1346,HGS-TV,108082.0,142884.21761345863
1347,ails2_etaMax1.000_stoppingTime1728000.00,110499.0,143010.21530761718
1348,HGS-TV,108082.0,143408.9134709835
1349,HGS-TV,108082.0,144801.59317564964
1350,ails2_etaMax1.000_stoppingTime432000.00,108867.0,144980.80530761718
1351,ails2_etaMax1.000_stoppingTime432000.00,108842.0,144981.23730761718
1352,ails2_etaMax1.000_stoppingTime432000.00,108834.0,145223.6923076172
1353,ails2_etaMax0.010_stoppingTime432000.00,108469.0,145494.5953076172
1354,HGS-TV,108082.0,145598.7970483303
1355,ails2_eoh_omega2,108480.0,146012.52230761718
1356,ails2_eoh_omega2,108479.0,146016.1163076172
1357,ails2_eoh_omega2,108476.0,146093.84830761718
1358,ails2_etaMax0.020_stoppingTime86400.00,108081.0,147389.5103076172
1359,HGS-TV,108082.0,147528.18231797218
1360,ails2_etaMax1.000_stoppingTime1728000.00,110495.0,147605.75030761719
1361,ails2_etaMax1.000_stoppingTime1728000.00,110494.0,147605.75930761718
1362,ails2_etaMax1.000_stoppingTime1728000.00,110458.0,148402.72930761718
1363,ails2_etaMax1.000_stoppingTime1728000.00,110426.0,148407.2143076172
1364,ails2_etaMax1.000_stoppingTime1728000.00,110384.0,148505.6053076172
1365,ails2_etaMax1.000_stoppingTime432000.00,108832.0,148715.9133076172
1366,ails2_etaMax1.000_stoppingTime432000.00,108809.0,148716.05830761718
1367,ails2_etaMax1.000_stoppingTime432000.00,108800.0,149102.3303076172
1368,ails2_etaMax1.000_stoppingTime432000.00,108795.0,149461.78130761717
1369,ails2_etaMax1.000_stoppingTime432000.00,108790.0,149461.98230761717
1370,HGS-TV,108080.0,149949.0857887268
1371,ails2_etaMax1.000_stoppingTime864000.00,109692.0,150220.4913076172
1372,ails2_etaMax1.000_stoppingTime864000.00,109666.0,150220.50930761718
1373,HGS-TV,108079.0,152540.98367357254
1374,ails2_etaMax1.000_stoppingTime432000.00,108785.0,153601.14730761718
1375,ails2_etaMax1.000_stoppingTime432000.00,108755.0,153601.37030761718
1376,ails2_etaMax1.000_stoppingTime432000.00,108749.0,153723.2683076172
1377,HGS-TV,108078.0,153822.13293790817
1378,ails2_etaMax1.000_stoppingTime432000.00,108739.0,154017.8913076172
1379,ails2_etaMax1.000_stoppingTime432000.00,108667.0,154018.3113076172
1380,HGS-TV,108077.0,154119.2758193016
1381,ails2_etaMax1.000_stoppingTime864000.00,109665.0,155263.17730761718
1382,ails2_etaMax1.000_stoppingTime864000.00,109610.0,155265.06630761718
1383,ails2_etaMax0.010_stoppingTime432000.00,108468.0,156183.86530761718
1384,ails2_etaMax0.010_stoppingTime432000.00,108466.0,156184.07130761718
1385,ails2_etaMax1.000_stoppingTime432000.00,108666.0,156677.7243076172
1386,ails2_etaMax1.000_stoppingTime432000.00,108646.0,156681.6783076172
1387,HGS-TV,108077.0,159081.3721458912
1388,HGS-TV,108077.0,159142.5672264099
1389,HGS-TV,108077.0,159202.7121038437
1390,HGS-TV,108077.0,159262.98470401764
1391,HGS-TV,108077.0,159323.8325676918
1392,HGS-TV,108077.0,159383.85595273972
1393,HGS-TV,108077.0,159444.71143126488
1394,HGS-TV,108077.0,159505.44500947
1395,HGS-TV,108077.0,159666.46152114868
1396,HGS-TV,108077.0,159726.51822423935
1397,ails2_etaMax1.000_stoppingTime1728000.00,110371.0,159851.2223076172
1398,ails2_etaMax1.000_stoppingTime1728000.00,110335.0,159851.23130761718
1399,HGS-TV,108077.0,159978.2233388424
1400,HGS-TV,108077.0,160046.7240204811
1401,HGS-TV,108077.0,160518.92299246788
1402,ails2_etaMax1.000_stoppingTime432000.00,108645.0,160563.01230761717
1403,HGS-TV,108077.0,160622.75206828117
1404,ails2_etaMax1.000_stoppingTime432000.00,108639.0,160563.1923076172
1405,HGS-TV,108077.0,160682.77455568314
1406,HGS-TV,108077.0,160852.35965919495
1407,HGS-TV,108077.0,161129.2766225338
1408,HGS-TV,108077.0,161189.81481146812
1409,ails2_etaMax1.000_stoppingTime432000.00,108636.0,161291.5323076172
1410,ails2_etaMax1.000_stoppingTime864000.00,109609.0,161306.51430761718
1411,HGS-TV,108077.0,161343.14296793938
1412,ails2_etaMax1.000_stoppingTime432000.00,108633.0,161291.7713076172
1413,HGS-TV,108077.0,161466.0060760975
1414,HGS-TV,108077.0,161529.20969438553
1415,HGS-TV,108077.0,161589.379976511
1416,HGS-TV,108077.0,161649.5419869423
1417,HGS-TV,108077.0,162191.74695563316
1418,HGS-TV,108077.0,162671.25499939919
1419,HGS-TV,108077.0,162731.4116408825
1420,HGS-TV,108077.0,162903.94001078606
1421,HGS-TV,108077.0,163319.7535994053
1422,HGS-TV,108077.0,163865.02651047707
1423,ails2_etaMax1.000_stoppingTime432000.00,108622.0,165249.8643076172
1424,ails2_etaMax1.000_stoppingTime432000.00,108611.0,165496.15330761718
1425,ails2_etaMax1.000_stoppingTime432000.00,108605.0,165526.0753076172
1426,HGS-TV,108077.0,165762.96128106117
1427,ails2_etaMax1.000_stoppingTime1728000.00,110323.0,165828.4723076172
1428,ails2_etaMax1.000_stoppingTime1728000.00,110287.0,165828.7763076172
1429,HGS-TV,108077.0,166152.01560759544
1430,ails2_etaMax1.000_stoppingTime432000.00,108601.0,167546.5453076172
1431,HGS-TV,108077.0,167604.82218885422
1432,ails2_etaMax1.000_stoppingTime432000.00,108587.0,167546.59830761718
1433,ails2_etaMax1.000_stoppingTime432000.00,108586.0,167707.3793076172
1434,HGS-TV,108077.0,167720.96522164345
1435,ails2_etaMax1.000_stoppingTime432000.00,108552.0,167710.1143076172
1436,HGS-TV,108077.0,167894.80940675735
1437,ails2_etaMax1.000_stoppingTime432000.00,108551.0,169103.3643076172
1438,ails2_etaMax1.000_stoppingTime432000.00,108542.0,169104.1653076172
1439,HGS-TV,108077.0,169847.68101620674
1440,HGS-TV,108077.0,170268.6656513214
1441,ails2_etaMax1.000_stoppingTime864000.00,109591.0,170292.77230761718
1442,ails2_etaMax1.000_stoppingTime864000.00,109572.0,170317.7033076172
1443,HGS-TV,108077.0,171838.63487505913
1444,HGS-TV,108077.0,171990.7196187973
1445,ails2_etaMax1.000_stoppingTime1728000.00,110265.0,172146.83830761717
1446,ails2_etaMax1.000_stoppingTime1728000.00,110259.0,172147.6603076172
1447,ails2_etaMax1.000_stoppingTime864000.00,109564.0,172460.87630761717
1448,ails2_etaMax1.000_stoppingTime864000.00,109443.0,172461.39430761719
1449,HGS-TV,108077.0,172834.63035273552
1450,HGS-TV,108077.0,173765.76905846596
1451,HGS-TV,108077.0,174247.58227467537
1452,HGS-TV,108077.0,174376.9594926834
1453,HGS-TV,108077.0,174981.8358719349
1454,HGS-TV,108077.0,175959.75377821922
1455,HGS-TV,108077.0,176754.2314221859
1456,ails2_etaMax1.000_stoppingTime1728000.00,110258.0,176808.5423076172
1457,ails2_etaMax1.000_stoppingTime1728000.00,110252.0,176809.2523076172
1458,HGS-TV,108077.0,177694.86596035957
1459,ails2_etaMax1.000_stoppingTime432000.00,108537.0,180083.74530761718
1460,ails2_etaMax1.000_stoppingTime432000.00,108533.0,180083.81030761718
1461,ails2_etaMax1.000_stoppingTime432000.00,108526.0,181055.8473076172
1462,ails2_etaMax1.000_stoppingTime432000.00,108506.0,181056.56330761718
1463,HGS-TV,108077.0,182115.60581493378
1464,HGS-TV,108077.0,182312.89592695236
1465,ails2_etaMax1.000_stoppingTime432000.00,108494.0,183061.8603076172
1466,HGS-TV,108077.0,183311.07015180588
1467,HGS-TV,108077.0,184512.1998782158
1468,ails2_etaMax1.000_stoppingTime432000.00,108493.0,184547.13730761717
1469,ails2_etaMax1.000_stoppingTime432000.00,108469.0,184547.41430761717
1470,HGS-TV,108077.0,185092.07921028137
1471,HGS-TV,108077.0,185308.34728217125
1472,HGS-TV,108077.0,185559.02677106857
1473,HGS-TV,108077.0,185697.6312634945
1474,ails2_etaMax0.020_stoppingTime86400.00,108076.0,185981.14430761719
1475,HGS-TV,108077.0,186018.02085494995
1476,ails2_etaMax0.020_stoppingTime86400.00,108075.0,186205.1463076172
1477,ails2_etaMax0.020_stoppingTime86400.00,108073.0,186209.6463076172
1478,ails2_etaMax0.020_stoppingTime86400.00,108072.0,186288.3993076172
1479,ails2_etaMax1.000_stoppingTime432000.00,108468.0,186583.59030761718
1480,ails2_etaMax1.000_stoppingTime432000.00,108432.0,186625.1923076172
1481,HGS-TV,108077.0,186834.75158286095
1482,ails2_etaMax0.020_stoppingTime86400.00,108071.0,186879.3113076172
1483,ails2_etaMax0.020_stoppingTime86400.00,108067.0,186884.9233076172
1484,HGS-TV,108077.0,187038.64853549004
1485,HGS-TV,108077.0,187099.06290745735
1486,ails2_etaMax1.000_stoppingTime1728000.00,110245.0,187249.6713076172
1487,ails2_etaMax1.000_stoppingTime1728000.00,110240.0,187249.71530761718
1488,HGS-TV,108065.0,187528.25483560562
1489,ails2_etaMax1.000_stoppingTime864000.00,109429.0,187602.8303076172
1490,HGS-TV,108064.0,189063.41481924057
1491,HGS-TV,108063.0,189123.45354413986
1492,ails2_etaMax1.000_stoppingTime864000.00,109423.0,189648.8713076172
1493,ails2_etaMax1.000_stoppingTime864000.00,109409.0,189649.23230761717
1494,HGS-TV,108062.0,189779.56911683083
1495,HGS-TV,108060.0,190080.24929189682
1496,ails2_etaMax1.000_stoppingTime432000.00,108430.0,190119.1523076172
1497,ails2_etaMax1.000_stoppingTime432000.00,108401.0,190136.87530761719
1498,HGS-TV,108059.0,190240.30171322823
1499,ails2_etaMax1.000_stoppingTime864000.00,109403.0,191394.2203076172
1500,ails2_etaMax1.000_stoppingTime864000.00,109378.0,191394.85930761718
1501,HGS-TV,108058.0,192362.23820114136
1502,ails2_etaMax1.000_stoppingTime432000.00,108393.0,194578.8913076172
1503,ails2_etaMax1.000_stoppingTime432000.00,108369.0,194591.08830761717
1504,HGS-TV,108058.0,197649.13929367065
1505,HGS-TV,108058.0,197709.29206442833
1506,HGS-TV,108058.0,197769.95244765282
1507,HGS-TV,108058.0,197830.64453434944
1508,HGS-TV,108058.0,197891.26524186134
1509,HGS-TV,108058.0,198018.44267225266
1510,HGS-TV,108058.0,198095.49854636192
1511,HGS-TV,108058.0,198155.69441008568
1512,HGS-TV,108058.0,198215.77806901932
1513,HGS-TV,108058.0,198276.58879065514
1514,ails2_etaMax1.000_stoppingTime1728000.00,110234.0,198279.47130761718
1515,HGS-TV,108058.0,198337.22911930084
1516,HGS-TV,108058.0,198700.4232313633
1517,HGS-TV,108058.0,198761.10504603386
1518,HGS-TV,108058.0,198933.7633368969
1519,ails2_etaMax1.000_stoppingTime864000.00,109376.0,199059.9663076172
1520,ails2_etaMax1.000_stoppingTime864000.00,109375.0,199059.97130761718
1521,ails2_etaMax1.000_stoppingTime1728000.00,110230.0,199206.4963076172
1522,HGS-TV,108058.0,199214.97917675972
1523,ails2_etaMax1.000_stoppingTime1728000.00,110160.0,199206.7823076172
1524,HGS-TV,108058.0,199608.69559049606
1525,HGS-TV,108058.0,200189.22005534172
1526,HGS-TV,108058.0,200521.47779154778
1527,ails2_etaMax1.000_stoppingTime864000.00,109365.0,200543.56030761718
1528,HGS-TV,108058.0,200596.97442412376
1529,ails2_etaMax0.010_stoppingTime432000.00,108465.0,200611.23430761718
1530,HGS-TV,108058.0,200762.46334695816
1531,HGS-TV,108058.0,200964.7923157215
1532,ails2_etaMax1.000_stoppingTime864000.00,109355.0,200985.28330761718
1533,HGS-TV,108058.0,201025.43391609192
1534,ails2_etaMax1.000_stoppingTime864000.00,109315.0,200985.6273076172
1535,HGS-TV,108058.0,201191.38522958755
1536,HGS-TV,108058.0,201263.4114370346
1537,HGS-TV,108058.0,201860.79751896858
1538,ails2_etaMax1.000_stoppingTime432000.00,108368.0,202662.94930761718
1539,ails2_etaMax1.000_stoppingTime432000.00,108365.0,202663.04130761718
1540,ails2_etaMax1.000_stoppingTime432000.00,108358.0,203301.26930761719
1541,ails2_etaMax1.000_stoppingTime432000.00,108351.0,203301.4483076172
1542,ails2_etaMax1.000_stoppingTime432000.00,108340.0,203402.1483076172
1543,HGS-TV,108058.0,203720.76068162918
1544,HGS-TV,108058.0,203781.46292734146
1545,ails2_etaMax1.000_stoppingTime1728000.00,110159.0,204347.5053076172
1546,ails2_etaMax1.000_stoppingTime1728000.00,110140.0,204347.70230761718
1547,ails2_etaMax1.000_stoppingTime432000.00,108339.0,204768.81330761718
1548,ails2_etaMax1.000_stoppingTime432000.00,108335.0,204769.04930761718
1549,HGS-TV,108058.0,204992.59720015526
1550,HGS-TV,108058.0,205056.52466392517
1551,HGS-TV,108058.0,206509.63730239868
1552,ails2_etaMax1.000_stoppingTime864000.00,109294.0,206903.5723076172
1553,ails2_etaMax1.000_stoppingTime864000.00,109282.0,206904.8773076172
1554,HGS-TV,108058.0,206968.14393997192
1555,HGS-TV,108058.0,207061.7784883976
1556,HGS-TV,108058.0,207121.96425127983
1557,HGS-TV,108058.0,207486.946808815
1558,ails2_etaMax1.000_stoppingTime864000.00,109270.0,208183.78630761718
1559,ails2_etaMax1.000_stoppingTime864000.00,109243.0,208184.5763076172
1560,HGS-TV,108058.0,208292.4000737667
1561,HGS-TV,108058.0,208915.38789582253
1562,HGS-TV,108058.0,209075.9863026142
1563,HGS-TV,108058.0,209162.36925792694
1564,HGS-TV,108058.0,209495.68530154228
1565,HGS-TV,108058.0,209616.1617012024
1566,HGS-TV,108058.0,209676.57198596
1567,ails2_etaMax1.000_stoppingTime432000.00,108333.0,209919.2683076172
1568,HGS-TV,108058.0,210299.10494542122
1569,HGS-TV,108058.0,210359.36411118507
1570,HGS-TV,108058.0,210667.03504538536
1571,ails2_etaMax1.000_stoppingTime1728000.00,110114.0,210732.4783076172
1572,ails2_etaMax1.000_stoppingTime432000.00,108331.0,210821.76730761718
1573,ails2_etaMax1.000_stoppingTime432000.00,108311.0,210822.8043076172
1574,HGS-TV,108058.0,211319.14348626137
1575,HGS-TV,108058.0,212034.2340118885
1576,HGS-TV,108058.0,212648.14509916306
1577,HGS-TV,108058.0,213150.92313098907
1578,HGS-TV,108058.0,213211.25199747086
1579,HGS-TV,108058.0,213486.058270216
1580,ails2_etaMax1.000_stoppingTime432000.00,108306.0,213720.9203076172
1581,ails2_etaMax1.000_stoppingTime432000.00,108303.0,213729.01230761717
1582,ails2_etaMax1.000_stoppingTime864000.00,109239.0,214168.99530761718
1583,ails2_etaMax1.000_stoppingTime864000.00,109198.0,214170.3113076172
1584,HGS-TV,108058.0,214383.11380052567
1585,ails2_etaMax1.000_stoppingTime864000.00,109196.0,215027.1843076172
1586,ails2_etaMax1.000_stoppingTime1728000.00,110111.0,215232.2493076172
1587,HGS-TV,108058.0,215262.99056100845
1588,ails2_etaMax1.000_stoppingTime1728000.00,109954.0,215233.44630761718
1589,ails2_etaMax1.000_stoppingTime864000.00,109186.0,215552.44330761718
1590,ails2_etaMax1.000_stoppingTime864000.00,109167.0,215557.4593076172
1591,ails2_etaMax1.000_stoppingTime432000.00,108291.0,215616.8793076172
1592,HGS-TV,108058.0,215671.83060979843
1593,ails2_etaMax1.000_stoppingTime432000.00,108287.0,215618.4673076172
1594,ails2_etaMax1.000_stoppingTime432000.00,108264.0,215706.5403076172
1595,HGS-TV,108058.0,215974.28442454338
1596,HGS-TV,108058.0,216363.44813132286
1597,HGS-TV,108058.0,217111.0120704174
1598,ails2_etaMax1.000_stoppingTime432000.00,108261.0,217997.17530761717
1599,ails2_etaMax1.000_stoppingTime432000.00,108259.0,218113.0243076172
1600,ails2_etaMax1.000_stoppingTime432000.00,108256.0,218113.02830761718
1601,HGS-TV,108058.0,218262.15925312042
1602,ails2_etaMax1.000_stoppingTime864000.00,109159.0,218403.54430761718
1603,HGS-TV,108058.0,218670.52306103706
1604,HGS-TV,108058.0,218810.6871328354
1605,HGS-TV,108058.0,218870.99234127998
1606,HGS-TV,108058.0,219095.6686284542
1607,ails2_etaMax1.000_stoppingTime432000.00,108255.0,219364.3743076172
1608,HGS-TV,108058.0,219548.6069264412
1609,HGS-TV,108058.0,220016.0465400219
1610,ails2_etaMax1.000_stoppingTime432000.00,108254.0,220291.85130761718
1611,ails2_etaMax1.000_stoppingTime432000.00,108219.0,220299.6143076172
1612,HGS-TV,108058.0,220514.61913609505
1613,HGS-TV,108058.0,221094.49916052818
1614,HGS-TV,108058.0,221771.28398227692
1615,HGS-TV,108058.0,223142.63617777824
1616,HGS-TV,108058.0,223203.33544445038
1617,HGS-TV,108058.0,223342.31237459183
1618,HGS-TV,108058.0,223402.94130063057
1619,HGS-TV,108058.0,223542.375333786
1620,HGS-TV,108058.0,223602.57294392586
1621,HGS-TV,108058.0,223897.8201160431
1622,HGS-TV,108058.0,224452.61389565468
1623,HGS-TV,108058.0,224772.82169437408
1624,HGS-TV,108058.0,224833.13073587418
1625,HGS-TV,108058.0,225133.60192608833
1626,ails2_etaMax1.000_stoppingTime864000.00,109144.0,225228.47330761718
1627,ails2_etaMax1.000_stoppingTime864000.00,109136.0,225228.4973076172
1628,HGS-TV,108058.0,225496.06550502777
1629,ails2_etaMax1.000_stoppingTime864000.00,109128.0,225584.9073076172
1630,ails2_etaMax1.000_stoppingTime864000.00,109122.0,225644.5083076172
1631,ails2_etaMax1.000_stoppingTime864000.00,109099.0,225665.6383076172
1632,ails2_etaMax1.000_stoppingTime432000.00,108215.0,225846.99830761718
1633,ails2_etaMax1.000_stoppingTime432000.00,108210.0,225847.65830761718
1634,HGS-TV,108058.0,226252.52569127083
1635,HGS-TV,108058.0,226533.73335790634
1636,HGS-TV,108058.0,226834.7270617485
1637,HGS-TV,108058.0,227794.19756531715
1638,HGS-TV,108058.0,228006.31711888313
1639,HGS-TV,108058.0,228168.58972883224
1640,ails2_etaMax1.000_stoppingTime432000.00,108207.0,228503.36530761718
1641,ails2_etaMax1.000_stoppingTime432000.00,108196.0,228507.01930761719
1642,ails2_etaMax1.000_stoppingTime432000.00,108195.0,228742.1893076172
1643,HGS-TV,108058.0,229029.09714698792
1644,HGS-TV,108058.0,229796.51676797867
1645,HGS-TV,108058.0,230024.1224346161
1646,HGS-TV,108058.0,230343.7142212391
1647,HGS-TV,108058.0,230403.78700757027
1648,HGS-TV,108058.0,230464.20848488808
1649,ails2_etaMax1.000_stoppingTime432000.00,108191.0,230560.19630761718
1650,ails2_etaMax1.000_stoppingTime432000.00,108171.0,230568.50630761718
1651,ails2_etaMax1.000_stoppingTime864000.00,109098.0,230704.57930761718
1652,ails2_etaMax1.000_stoppingTime864000.00,109059.0,230704.8063076172
1653,HGS-TV,108058.0,230894.6290588379
1654,HGS-TV,108058.0,231075.47644495964
1655,HGS-TV,108058.0,231436.68211627007
1656,HGS-TV,108058.0,231502.348995924
1657,HGS-TV,108058.0,231971.64710211754
1658,HGS-TV,108058.0,232710.36423039436
1659,HGS-TV,108058.0,233179.57060813904
1660,HGS-TV,108058.0,233370.1389553547
1661,HGS-TV,108058.0,233673.12400341034
1662,ails2_etaMax0.010_stoppingTime432000.00,108464.0,234632.10630761718
1663,ails2_etaMax0.010_stoppingTime432000.00,108463.0,234889.17230761718
1664,HGS-TV,108058.0,234971.40790390968
1665,HGS-TV,108058.0,235180.52104091644
1666,HGS-TV,108058.0,235250.73345637321
1667,ails2_etaMax0.010_stoppingTime432000.00,108462.0,236302.5973076172
1668,HGS-TV,108058.0,236494.76063609123
1669,HGS-TV,108058.0,236554.8280339241
1670,HGS-TV,108058.0,237013.63085842133
1671,ails2_etaMax0.020_stoppingTime86400.00,108057.0,237149.4933076172
1672,ails2_etaMax0.020_stoppingTime86400.00,108056.0,237149.56830761718
1673,ails2_etaMax0.020_stoppingTime86400.00,108055.0,237359.2243076172
1674,HGS-TV,108058.0,237456.90536761284
1675,HGS-TV,108054.0,238122.73525071144
1676,HGS-TV,108053.0,239577.34521484375
1677,HGS-TV,108052.0,239705.0059478283
1678,ails2_etaMax1.000_stoppingTime864000.00,109043.0,239809.9593076172
1679,ails2_etaMax1.000_stoppingTime864000.00,108983.0,239813.10730761717
1680,ails2_etaMax1.000_stoppingTime1728000.00,109952.0,240408.66630761718
1681,ails2_etaMax1.000_stoppingTime1728000.00,109901.0,240409.1653076172
1682,HGS-TV,108051.0,240482.56259274483
1683,HGS-TV,108050.0,240627.8898434639
1684,HGS-TV,108049.0,241954.24274420738
1685,HGS-TV,108048.0,243616.79303073883
1686,HGS-TV,108047.0,243676.8303859234
1687,HGS-TV,108046.0,243737.04540371895
1688,HGS-TV,108045.0,243797.60893130302
1689,HGS-TV,108044.0,243857.72427368164
1690,HGS-TV,108043.0,244458.4824306965
1691,HGS-TV,108041.0,244974.08142089844
1692,HGS-TV,108040.0,246375.72417974472
1693,ails2_eoh_omega2,108475.0,247705.42230761718
1694,ails2_etaMax1.000_stoppingTime1728000.00,109897.0,249030.19330761718
1695,ails2_etaMax1.000_stoppingTime1728000.00,109839.0,251366.50130761717
1696,ails2_etaMax1.000_stoppingTime1728000.00,109790.0,251372.4913076172
1697,ails2_etaMax1.000_stoppingTime432000.00,108165.0,251568.27530761718
1698,ails2_etaMax1.000_stoppingTime432000.00,108164.0,251568.6983076172
1699,HGS-TV,108040.0,251753.50467395782
1700,HGS-TV,108040.0,251813.63663697243
1701,HGS-TV,108040.0,251882.06655716896
1702,HGS-TV,108040.0,251943.1969332695
1703,HGS-TV,108040.0,252003.54228758812
1704,HGS-TV,108040.0,252063.98316168785
1705,HGS-TV,108040.0,252124.61459040642
1706,HGS-TV,108040.0,252229.46926021576
1707,HGS-TV,108040.0,252289.62773299217
1708,ails2_etaMax1.000_stoppingTime864000.00,108982.0,252330.3143076172
1709,HGS-TV,108040.0,252349.66152381897
1710,ails2_etaMax1.000_stoppingTime864000.00,108974.0,252330.4533076172
1711,HGS-TV,108040.0,252486.43090367317
1712,HGS-TV,108040.0,252546.88155412674
1713,HGS-TV,108040.0,252758.9242796898
1714,HGS-TV,108040.0,253008.7439479828
1715,ails2_etaMax0.010_stoppingTime432000.00,108461.0,253014.5463076172
1716,HGS-TV,108040.0,253109.55238509178
1717,HGS-TV,108040.0,253257.27238750458
1718,HGS-TV,108040.0,253791.87720775604
1719,HGS-TV,108040.0,253852.04095101357
1720,HGS-TV,108040.0,253912.883343935
1721,HGS-TV,108040.0,254022.84395074844
1722,HGS-TV,108040.0,254289.91796565056
1723,HGS-TV,108040.0,254656.29761958122
1724,HGS-TV,108040.0,254863.13239908218
1725,HGS-TV,108040.0,255008.48453712463
1726,HGS-TV,108040.0,255179.47183322906
1727,HGS-TV,108040.0,255515.3721652031
1728,HGS-TV,108040.0,255727.9833905697
1729,HGS-TV,108040.0,256063.85642576218
1730,HGS-TV,108040.0,256501.8259768486
1731,HGS-TV,108040.0,256846.40318512917
1732,HGS-TV,108040.0,257131.87704133987
1733,HGS-TV,108040.0,257431.50830245018
1734,HGS-TV,108040.0,257534.64041495323
1735,HGS-TV,108040.0,257594.6707918644
1736,ails2_etaMax1.000_stoppingTime432000.00,108163.0,257787.22930761718
1737,HGS-TV,108040.0,258153.0662856102
1738,ails2_etaMax1.000_stoppingTime432000.00,108161.0,258548.5723076172
1739,ails2_etaMax1.000_stoppingTime432000.00,108145.0,258603.6413076172
1740,ails2_etaMax1.000_stoppingTime432000.00,108144.0,258644.9473076172
1741,ails2_etaMax1.000_stoppingTime432000.00,108140.0,258687.5923076172
1742,ails2_etaMax1.000_stoppingTime432000.00,108139.0,258857.81930761717
1743,ails2_etaMax1.000_stoppingTime432000.00,108133.0,258860.51230761717
1744,ails2_etaMax1.000_stoppingTime864000.00,108972.0,259072.2773076172
1745,ails2_etaMax1.000_stoppingTime864000.00,108964.0,259072.34630761718
1746,HGS-TV,108040.0,259522.63553500175
1747,HGS-TV,108040.0,259851.2470164299
1748,ails2_etaMax1.000_stoppingTime432000.00,108131.0,260008.96830761718
1749,ails2_etaMax1.000_stoppingTime432000.00,108130.0,260009.1653076172
1750,HGS-TV,108040.0,260141.4588842392
1751,HGS-TV,108040.0,260600.7756369114
1752,ails2_etaMax1.000_stoppingTime864000.00,108963.0,260846.8043076172
1753,ails2_etaMax1.000_stoppingTime864000.00,108956.0,260846.9263076172
1754,HGS-TV,108040.0,261215.7548968792
1755,HGS-TV,108040.0,263260.5072686672
1756,HGS-TV,108040.0,263466.2270948887
1757,ails2_etaMax1.000_stoppingTime864000.00,108950.0,263781.7123076172
1758,ails2_etaMax1.000_stoppingTime864000.00,108949.0,263781.7223076172
1759,HGS-TV,108040.0,263883.7113275528
1760,ails2_etaMax1.000_stoppingTime864000.00,108925.0,263884.1183076172
1761,ails2_etaMax1.000_stoppingTime864000.00,108919.0,264579.2963076172
1762,HGS-TV,108040.0,264990.67995524406
1763,HGS-TV,108040.0,265743.8701789379
1764,HGS-TV,108040.0,265844.08124780655
1765,HGS-TV,108040.0,265979.75657463074
1766,HGS-TV,108040.0,266290.04738497734
1767,HGS-TV,108040.0,266350.30948901176
1768,HGS-TV,108040.0,266480.99616765976
1769,ails2_etaMax1.000_stoppingTime432000.00,108129.0,267820.3183076172
1770,HGS-TV,108040.0,267849.7230696678
1771,ails2_etaMax1.000_stoppingTime432000.00,108124.0,267820.5273076172
1772,HGS-TV,108040.0,267951.5107882023
1773,ails2_etaMax1.000_stoppingTime864000.00,108914.0,268650.0663076172
1774,ails2_etaMax1.000_stoppingTime864000.00,108902.0,268650.2263076172
1775,HGS-TV,108040.0,269665.1782836914
1776,ails2_etaMax1.000_stoppingTime864000.00,108896.0,269869.0703076172
1777,ails2_etaMax1.000_stoppingTime864000.00,108880.0,269869.5273076172
1778,HGS-TV,108040.0,270148.5856645107
1779,HGS-TV,108040.0,271695.35412955284
1780,ails2_etaMax1.000_stoppingTime864000.00,108878.0,271767.9663076172
1781,ails2_etaMax1.000_stoppingTime864000.00,108869.0,271914.5173076172
1782,ails2_etaMax1.000_stoppingTime864000.00,108857.0,271914.5483076172
1783,ails2_etaMax0.010_stoppingTime432000.00,108460.0,271983.7553076172
1784,HGS-TV,108040.0,272463.98262262344
1785,HGS-TV,108040.0,273106.91619443893
1786,HGS-TV,108040.0,273225.24837088585
1787,HGS-TV,108040.0,273519.5075750351
1788,HGS-TV,108040.0,273617.9778904915
1789,HGS-TV,108040.0,274844.33490228653
1790,HGS-TV,108040.0,274905.0506596565
1791,HGS-TV,108040.0,275275.50819802284
1792,ails2_etaMax1.000_stoppingTime864000.00,108852.0,275634.85030761716
1793,HGS-TV,108040.0,275643.1932461262
1794,ails2_etaMax1.000_stoppingTime864000.00,108834.0,275644.04530761717
1795,HGS-TV,108040.0,275720.19152212143
1796,HGS-TV,108040.0,276071.6693277359
1797,ails2_etaMax1.000_stoppingTime1728000.00,109763.0,276141.5583076172
1798,ails2_etaMax1.000_stoppingTime1728000.00,109689.0,276141.5813076172
1799,ails2_etaMax1.000_stoppingTime864000.00,108832.0,276335.48630761716
1800,HGS-TV,108040.0,276350.98747587204
1801,ails2_etaMax1.000_stoppingTime864000.00,108826.0,276486.90930761717
1802,ails2_etaMax1.000_stoppingTime864000.00,108809.0,276487.0933076172
1803,HGS-TV,108040.0,276602.1836321354
1804,ails2_etaMax1.000_stoppingTime864000.00,108808.0,277109.3183076172
1805,ails2_etaMax1.000_stoppingTime864000.00,108778.0,277109.91530761716
1806,HGS-TV,108040.0,277199.01861691475
1807,ails2_eoh_omega2,108474.0,277416.8533076172
1808,ails2_eoh_omega2,108473.0,277570.8043076172
1809,HGS-TV,108040.0,277692.6753227711
1810,HGS-TV,108040.0,278805.5276224613
1811,HGS-TV,108040.0,279113.46874308586
1812,HGS-TV,108040.0,279173.48751425743
1813,HGS-TV,108040.0,279498.5223376751
1814,HGS-TV,108040.0,280670.36198592186
1815,HGS-TV,108040.0,280984.8048093319
1816,ails2_etaMax0.010_stoppingTime432000.00,108459.0,281091.55630761717
1817,HGS-TV,108040.0,281608.6844923496
1818,HGS-TV,108040.0,282508.86156082153
1819,ails2_etaMax1.000_stoppingTime432000.00,108123.0,282591.1573076172
1820,ails2_etaMax1.000_stoppingTime432000.00,108113.0,282641.3873076172
1821,ails2_etaMax1.000_stoppingTime432000.00,108112.0,282740.4493076172
1822,ails2_etaMax1.000_stoppingTime432000.00,108111.0,282741.1453076172
1823,ails2_etaMax1.000_stoppingTime432000.00,108110.0,282856.1303076172
1824,HGS-TV,108040.0,282913.8259692192
1825,ails2_etaMax1.000_stoppingTime432000.00,108104.0,282904.6863076172
1826,ails2_etaMax1.000_stoppingTime864000.00,108769.0,282967.8313076172
1827,ails2_etaMax1.000_stoppingTime432000.00,108103.0,283001.5913076172
1828,HGS-TV,108040.0,283026.88884711266
1829,ails2_etaMax1.000_stoppingTime864000.00,108741.0,282970.9443076172
1830,ails2_etaMax1.000_stoppingTime432000.00,108092.0,283033.7503076172
1831,HGS-TV,108040.0,283138.5567917824
1832,ails2_etaMax1.000_stoppingTime432000.00,108091.0,283161.58330761717
1833,ails2_etaMax1.000_stoppingTime432000.00,108086.0,283166.8213076172
1834,HGS-TV,108040.0,283446.44684672356
1835,HGS-TV,108040.0,283521.1799662113
1836,HGS-TV,108040.0,283679.7959661484
1837,HGS-TV,108040.0,283866.10956168175
1838,ails2_etaMax1.000_stoppingTime432000.00,108084.0,284216.17630761716
1839,ails2_etaMax1.000_stoppingTime432000.00,108083.0,284216.3473076172
1840,HGS-TV,108040.0,284811.1352109909
1841,HGS-TV,108040.0,285267.53590393066
1842,ails2_etaMax1.000_stoppingTime432000.00,108082.0,285380.5873076172
1843,ails2_etaMax1.000_stoppingTime432000.00,108081.0,285380.59430761717
1844,HGS-TV,108040.0,285929.30000019073
1845,HGS-TV,108040.0,286427.71198916435
1846,HGS-TV,108040.0,287603.62545990944
1847,ails2_etaMax1.000_stoppingTime432000.00,108079.0,288377.2023076172
1848,ails2_etaMax1.000_stoppingTime432000.00,108078.0,288485.7913076172
1849,HGS-TV,108040.0,288912.59692525864
1850,HGS-TV,108040.0,289152.2669491768
1851,ails2_etaMax1.000_stoppingTime432000.00,108076.0,289572.21430761716
1852,HGS-TV,108040.0,289615.45899152756
1853,HGS-TV,108040.0,289708.76146030426
1854,ails2_etaMax1.000_stoppingTime432000.00,108074.0,289812.05630761717
1855,ails2_etaMax1.000_stoppingTime432000.00,108071.0,289852.82230761717
1856,ails2_etaMax1.000_stoppingTime432000.00,108069.0,289880.1013076172
1857,HGS-TV,108040.0,289974.12986540794
1858,HGS-TV,108040.0,290035.17441534996
1859,ails2_etaMax1.000_stoppingTime432000.00,108067.0,291031.6803076172
1860,ails2_etaMax1.000_stoppingTime432000.00,108060.0,291032.73630761716
1861,ails2_etaMax1.000_stoppingTime864000.00,108735.0,291176.2973076172
1862,HGS-TV,108040.0,291576.36546111107
1863,HGS-TV,108040.0,292645.1106288433
1864,HGS-TV,108040.0,293424.25558137894
1865,HGS-TV,108040.0,294583.7858250141
1866,HGS-TV,108040.0,295003.0372390747
1867,HGS-TV,108040.0,295120.9443566799
1868,HGS-TV,108040.0,295738.07041573524
1869,HGS-TV,108040.0,296087.1839442253
1870,HGS-TV,108040.0,296384.8105144501
1871,HGS-TV,108040.0,297170.8753871918
1872,HGS-TV,108040.0,298957.2648653984
1873,HGS-TV,108040.0,299040.3939859867
1874,HGS-TV,108040.0,299510.42657613754
1875,HGS-TV,108040.0,299570.81585645676
1876,ails2_etaMax1.000_stoppingTime864000.00,108732.0,299902.7433076172
1877,ails2_etaMax1.000_stoppingTime864000.00,108657.0,299904.2383076172
1878,HGS-TV,108040.0,300548.5497274399
1879,HGS-TV,108040.0,300770.0817348957
1880,HGS-TV,108040.0,301011.1434633732
1881,HGS-TV,108040.0,301239.27816081047
1882,HGS-TV,108040.0,301350.56415963173
1883,HGS-TV,108040.0,301954.24553632736
1884,HGS-TV,108040.0,302996.2758421898
1885,HGS-TV,108040.0,303670.4875433445
1886,HGS-TV,108040.0,303743.8010149002
1887,HGS-TV,108040.0,303993.0476591587
1888,ails2_eoh_omega2,108472.0,304310.0683076172
1889,HGS-TV,108040.0,304972.13016819954
1890,HGS-TV,108040.0,305034.4008047581
1891,HGS-TV,108040.0,305923.41126155853
1892,ails2_etaMax1.000_stoppingTime1728000.00,109665.0,306250.2693076172
1893,HGS-TV,108040.0,306292.83710718155
1894,ails2_etaMax1.000_stoppingTime1728000.00,109619.0,306258.7073076172
1895,ails2_eoh_omega2,108471.0,306488.3903076172
1896,ails2_eoh_omega2,108470.0,306489.3093076172
1897,HGS-TV,108040.0,308554.76921725273
1898,HGS-TV,108040.0,309301.64463377
1899,HGS-TV,108040.0,309362.385730505
1900,ails2_etaMax0.020_stoppingTime86400.00,108039.0,310118.9453076172
1901,ails2_etaMax1.000_stoppingTime1728000.00,109611.0,310625.6333076172
1902,ails2_etaMax1.000_stoppingTime1728000.00,109569.0,310625.6893076172
1903,ails2_etaMax1.000_stoppingTime864000.00,108653.0,311713.9793076172
1904,ails2_etaMax1.000_stoppingTime864000.00,108640.0,311714.1103076172
1905,HGS-TV,108040.0,312258.4202466011
1906,ails2_eoh_omega2,108469.0,312292.2783076172
1907,HGS-TV,108040.0,312394.4898993969
1908,ails2_eoh_omega2,108468.0,312495.8363076172
1909,ails2_eoh_omega2,108467.0,312557.00230761716
1910,HGS-TV,108040.0,312584.97551321983
1911,ails2_etaMax0.020_stoppingTime86400.00,108038.0,312907.7213076172
1912,ails2_etaMax0.020_stoppingTime86400.00,108037.0,313001.02930761717
1913,HGS-TV,108036.0,313531.0973305702
1914,ails2_eoh_omega2,108466.0,313772.5773076172
1915,ails2_etaMax1.000_stoppingTime432000.00,108059.0,315095.82830761716
1916,HGS-TV,108035.0,315717.7467010021
1917,ails2_etaMax1.000_stoppingTime864000.00,108631.0,316616.6253076172
1918,ails2_etaMax1.000_stoppingTime864000.00,108606.0,316618.6893076172
1919,ails2_etaMax1.000_stoppingTime432000.00,108058.0,316762.5643076172
1920,ails2_etaMax1.000_stoppingTime432000.00,108054.0,316764.46930761717
1921,ails2_etaMax1.000_stoppingTime432000.00,108053.0,316992.5093076172
1922,ails2_etaMax1.000_stoppingTime432000.00,108047.0,316998.8033076172
1923,HGS-TV,108034.0,317253.3501520157
1924,ails2_etaMax0.010_stoppingTime432000.00,108458.0,317343.6353076172
1925,ails2_eoh_omega2,108465.0,317665.1563076172
1926,ails2_etaMax0.010_stoppingTime432000.00,108457.0,318176.0283076172
1927,ails2_etaMax0.010_stoppingTime432000.00,108455.0,318218.52430761716
1928,ails2_etaMax1.000_stoppingTime1728000.00,109565.0,318372.7243076172
1929,ails2_etaMax1.000_stoppingTime1728000.00,109523.0,318373.2803076172
1930,ails2_etaMax0.010_stoppingTime432000.00,108454.0,318505.0963076172
1931,ails2_etaMax0.010_stoppingTime432000.00,108453.0,318535.1233076172
1932,ails2_etaMax0.010_stoppingTime432000.00,108452.0,318650.0003076172
1933,ails2_etaMax0.010_stoppingTime432000.00,108450.0,318709.4703076172
1934,HGS-TV,108031.0,319370.830988884
1935,HGS-TV,108030.0,319714.58675289154
1936,ails2_etaMax1.000_stoppingTime864000.00,108605.0,321756.4673076172
1937,ails2_etaMax0.010_stoppingTime432000.00,108449.0,322937.88830761716
1938,ails2_etaMax0.010_stoppingTime432000.00,108448.0,324076.5043076172
1939,ails2_etaMax1.000_stoppingTime864000.00,108604.0,324195.6313076172
1940,ails2_etaMax1.000_stoppingTime864000.00,108595.0,324196.0313076172
1941,HGS-TV,108030.0,325043.4555928707
1942,HGS-TV,108030.0,325104.0141746998
1943,HGS-TV,108030.0,325164.5327119827
1944,HGS-TV,108030.0,325226.18724393845
1945,HGS-TV,108030.0,325287.6440336704
1946,HGS-TV,108030.0,325348.21285772324
1947,HGS-TV,108030.0,325456.4958026409
1948,HGS-TV,108030.0,325516.5941348076
1949,HGS-TV,108030.0,325577.31019997597
1950,HGS-TV,108030.0,325637.6186680794
1951,HGS-TV,108030.0,325698.2014629841
1952,HGS-TV,108030.0,325915.31577682495
1953,HGS-TV,108030.0,326097.5745458603
1954,HGS-TV,108030.0,326158.07104825974
1955,HGS-TV,108030.0,326291.48193979263
1956,HGS-TV,108030.0,326384.3987863064
1957,HGS-TV,108030.0,326501.4785938263
1958,HGS-TV,108030.0,326606.97650384903
1959,ails2_etaMax1.000_stoppingTime432000.00,108045.0,326839.8793076172
1960,HGS-TV,108030.0,326915.02981615067
1961,HGS-TV,108030.0,327087.0031914711
1962,HGS-TV,108030.0,327453.74979019165
1963,HGS-TV,108030.0,327514.5589597225
1964,HGS-TV,108030.0,327627.6763343811
1965,HGS-TV,108030.0,327946.7739970684
1966,HGS-TV,108030.0,328782.02638316154
1967,HGS-TV,108030.0,328895.6760954857
1968,ails2_etaMax1.000_stoppingTime432000.00,108044.0,329103.0793076172
1969,ails2_etaMax1.000_stoppingTime432000.00,108043.0,329443.2993076172
1970,ails2_etaMax1.000_stoppingTime432000.00,108041.0,329466.3943076172
1971,HGS-TV,108030.0,330468.6760497093
1972,ails2_etaMax1.000_stoppingTime864000.00,108592.0,330611.8473076172
1973,HGS-TV,108030.0,332207.73196816444
1974,HGS-TV,108030.0,332267.9391372204
1975,HGS-TV,108030.0,332396.49994421005
1976,HGS-TV,108030.0,332530.80812191963
1977,ails2_etaMax1.000_stoppingTime432000.00,108040.0,333365.2213076172
1978,HGS-TV,108030.0,333374.27356004715
1979,ails2_etaMax1.000_stoppingTime432000.00,108039.0,333365.3983076172
1980,ails2_etaMax1.000_stoppingTime864000.00,108586.0,333539.8153076172
1981,ails2_etaMax1.000_stoppingTime864000.00,108582.0,333539.82830761716
1982,HGS-TV,108030.0,333777.9866640568
1983,HGS-TV,108030.0,334075.035466671
1984,HGS-TV,108030.0,334136.4803199768
1985,HGS-TV,108030.0,334410.47720742226
1986,ails2_etaMax1.000_stoppingTime864000.00,108575.0,335223.73030761717
1987,HGS-TV,108030.0,335269.33825039864
1988,HGS-TV,108030.0,335592.538449049
1989,ails2_etaMax1.000_stoppingTime432000.00,108038.0,335647.0473076172
1990,ails2_etaMax1.000_stoppingTime864000.00,108573.0,336359.0323076172
1991,HGS-TV,108030.0,337302.18613386154
1992,HGS-TV,108030.0,337905.7532672882
1993,HGS-TV,108030.0,338461.2769417763
1994,ails2_eoh_omega2,108464.0,339104.4663076172
1995,HGS-TV,108030.0,339341.0535097122
1996,HGS-TV,108030.0,339427.8878405094
1997,HGS-TV,108030.0,339738.17303180695
1998,HGS-TV,108030.0,340125.45687031746
1999,HGS-TV,108030.0,340206.64780569077
2000,ails2_etaMax1.000_stoppingTime864000.00,108567.0,340669.1073076172
2001,ails2_etaMax1.000_stoppingTime864000.00,108552.0,340669.4923076172
2002,HGS-TV,108030.0,340896.6894438267
2003,ails2_etaMax1.000_stoppingTime864000.00,108550.0,340993.6343076172
2004,HGS-TV,108030.0,341403.29021048546
2005,HGS-TV,108030.0,341464.054428339
2006,HGS-TV,108030.0,341539.33734083176
2007,HGS-TV,108030.0,341607.5027000904
2008,ails2_etaMax1.000_stoppingTime864000.00,108546.0,341747.5593076172
2009,ails2_etaMax1.000_stoppingTime864000.00,108542.0,341747.6013076172
2010,ails2_etaMax1.000_stoppingTime432000.00,108037.0,341909.3523076172
2011,ails2_etaMax1.000_stoppingTime432000.00,108036.0,341909.6783076172
2012,HGS-TV,108030.0,342468.5831115246
2013,HGS-TV,108030.0,342529.3679563999
2014,HGS-TV,108030.0,342809.5913903713
2015,ails2_etaMax1.000_stoppingTime864000.00,108535.0,343563.58930761716
2016,ails2_etaMax1.000_stoppingTime864000.00,108522.0,343568.1753076172
2017,ails2_etaMax1.000_stoppingTime864000.00,108498.0,343640.0593076172
2018,HGS-TV,108030.0,343894.87146282196
2019,HGS-TV,108030.0,344325.2386610508
2020,HGS-TV,108030.0,345612.3711762428
2021,HGS-TV,108030.0,345724.1865451336
2022,HGS-TV,108030.0,346109.75089383125
2023,HGS-TV,108030.0,346271.87372612953
2024,HGS-TV,108030.0,346631.9296634197
2025,HGS-TV,108030.0,346934.778860569
2026,HGS-TV,108030.0,347124.60962462425
2027,HGS-TV,108030.0,347298.70518660545
2028,HGS-TV,108030.0,347555.64947772026
2029,HGS-TV,108030.0,347615.97174715996
2030,HGS-TV,108030.0,347804.82808303833
2031,HGS-TV,108030.0,348086.38680768013
2032,HGS-TV,108030.0,348612.0436375141
2033,HGS-TV,108030.0,348731.0482697487
2034,HGS-TV,108030.0,348839.4734199047
2035,ails2_etaMax1.000_stoppingTime864000.00,108492.0,348839.78530761716
2036,HGS-TV,108030.0,348900.00138020515
2037,ails2_etaMax1.000_stoppingTime864000.00,108488.0,348843.3583076172
2038,HGS-TV,108030.0,349514.5107548237
2039,HGS-TV,108030.0,349624.050845623
2040,HGS-TV,108030.0,349684.2552959919
2041,ails2_etaMax1.000_stoppingTime864000.00,108486.0,351069.7443076172
2042,ails2_etaMax1.000_stoppingTime864000.00,108483.0,351069.9923076172
2043,HGS-TV,108030.0,351131.0872788429
2044,ails2_etaMax1.000_stoppingTime864000.00,108481.0,351198.28530761716
2045,HGS-TV,108030.0,351518.87634062767
2046,HGS-TV,108030.0,351722.1097509861
2047,ails2_etaMax0.010_stoppingTime432000.00,108447.0,351723.5153076172
2048,ails2_etaMax1.000_stoppingTime1728000.00,109496.0,352022.5963076172
2049,ails2_etaMax1.000_stoppingTime1728000.00,109477.0,352022.62130761717
2050,ails2_etaMax1.000_stoppingTime864000.00,108480.0,352086.3913076172
2051,ails2_etaMax1.000_stoppingTime864000.00,108442.0,352089.8863076172
2052,ails2_etaMax1.000_stoppingTime864000.00,108437.0,352374.9553076172
2053,ails2_etaMax1.000_stoppingTime864000.00,108408.0,352376.7393076172
2054,HGS-TV,108030.0,352841.04096388817
2055,HGS-TV,108030.0,353124.7788915634
2056,ails2_etaMax1.000_stoppingTime432000.00,108035.0,353448.2993076172
2057,ails2_etaMax1.000_stoppingTime432000.00,108034.0,354713.3373076172
2058,HGS-TV,108030.0,355357.52568149567
2059,HGS-TV,108030.0,356595.5764684677
2060,ails2_etaMax1.000_stoppingTime432000.00,108033.0,356896.9763076172
2061,ails2_etaMax1.000_stoppingTime1728000.00,109464.0,357548.81230761716
2062,ails2_etaMax1.000_stoppingTime1728000.00,109434.0,357589.36130761716
2063,HGS-TV,108030.0,357718.1581187248
2064,HGS-TV,108030.0,357778.69784784317
2065,ails2_etaMax1.000_stoppingTime432000.00,108032.0,357857.87730761716
2066,HGS-TV,108030.0,359110.90096592903
2067,HGS-TV,108030.0,359330.8923306465
2068,HGS-TV,108030.0,359907.64688420296
2069,HGS-TV,108030.0,360224.7715933323
2070,HGS-TV,108030.0,360439.2305865288
2071,HGS-TV,108030.0,360569.05015563965
2072,HGS-TV,108030.0,360664.1958489418
2073,HGS-TV,108030.0,360772.66066384315
2074,HGS-TV,108030.0,361585.89150333405
2075,HGS-TV,108030.0,362191.3605656624
2076,HGS-TV,108030.0,362346.22951745987
2077,HGS-TV,108030.0,363159.0320162773
2078,ails2_etaMax1.000_stoppingTime432000.00,108030.0,364166.1373076172
2079,ails2_etaMax1.000_stoppingTime432000.00,108028.0,364173.2813076172
2080,ails2_etaMax1.000_stoppingTime432000.00,108027.0,364362.6803076172
2081,ails2_etaMax1.000_stoppingTime432000.00,108026.0,364393.04030761716
2082,ails2_etaMax1.000_stoppingTime432000.00,108025.0,364829.4923076172
2083,HGS-TV,108030.0,365134.55520129204
2084,HGS-TV,108030.0,366107.5380296707
2085,HGS-TV,108030.0,366168.28041768074
2086,HGS-TV,108030.0,366991.8429772854
2087,HGS-TV,108030.0,367195.53684711456
2088,ails2_etaMax1.000_stoppingTime1728000.00,109423.0,367405.0383076172
2089,HGS-TV,108024.0,369871.89353489876
2090,HGS-TV,108019.0,369931.9273235798
2091,HGS-TV,108017.0,370463.0096926689
2092,ails2_etaMax1.000_stoppingTime432000.00,108024.0,370748.28530761716
2093,HGS-TV,108015.0,370752.83836340904
2094,ails2_etaMax1.000_stoppingTime864000.00,108404.0,374835.2313076172
2095,ails2_etaMax1.000_stoppingTime864000.00,108398.0,374835.2663076172
2096,HGS-TV,108015.0,375872.13853788376
2097,HGS-TV,108015.0,375933.03018784523
2098,HGS-TV,108015.0,375993.42707920074
2099,HGS-TV,108015.0,376053.9328379631
2100,HGS-TV,108015.0,376114.614846468
2101,HGS-TV,108015.0,376174.9406635761
2102,HGS-TV,108015.0,376235.20215177536
2103,HGS-TV,108015.0,376295.4323813915
2104,HGS-TV,108015.0,376355.56824707985
2105,HGS-TV,108015.0,376452.60536932945
2106,HGS-TV,108015.0,376514.019197464
2107,ails2_etaMax1.000_stoppingTime864000.00,108396.0,376542.6303076172
2108,ails2_etaMax1.000_stoppingTime864000.00,108366.0,376543.3213076172
2109,HGS-TV,108015.0,376608.1079518795
2110,HGS-TV,108015.0,376710.6551361084
2111,HGS-TV,108015.0,376906.7266483307
2112,HGS-TV,108015.0,376966.7959494591
2113,HGS-TV,108015.0,377027.07291436195
2114,HGS-TV,108015.0,377199.6565527916
2115,HGS-TV,108015.0,377259.77257466316
2116,HGS-TV,108015.0,377320.3518123627
2117,HGS-TV,108015.0,377380.5412120819
2118,HGS-TV,108015.0,377513.6844844818
2119,HGS-TV,108015.0,377801.89950585365
2120,HGS-TV,108015.0,377862.2841424942
2121,HGS-TV,108015.0,377985.8372592926
2122,HGS-TV,108015.0,378060.11863970757
2123,HGS-TV,108015.0,378156.3196415901
2124,HGS-TV,108015.0,378226.8765656948
2125,HGS-TV,108015.0,378429.2804968357
2126,HGS-TV,108015.0,378817.39585375786
2127,HGS-TV,108015.0,378878.03619146347
2128,HGS-TV,108015.0,379059.2650039196
2129,ails2_etaMax1.000_stoppingTime1728000.00,109415.0,379103.2133076172
2130,ails2_etaMax1.000_stoppingTime1728000.00,109409.0,379103.2203076172
2131,HGS-TV,108015.0,379338.8742854595
2132,HGS-TV,108015.0,379622.05848670006
2133,HGS-TV,108015.0,379942.0181388855
2134,HGS-TV,108015.0,380295.9143002033
2135,HGS-TV,108015.0,380412.02543091774
2136,HGS-TV,108015.0,380926.45225286484
2137,HGS-TV,108015.0,381135.55341148376
2138,HGS-TV,108015.0,381196.76201820374
2139,HGS-TV,108015.0,381561.6881427765
2140,HGS-TV,108015.0,381622.0837430954
2141,HGS-TV,108015.0,381682.63501930237
2142,HGS-TV,108015.0,382061.05110502243
2143,HGS-TV,108015.0,382156.80223584175
2144,HGS-TV,108015.0,382620.7294008732
2145,HGS-TV,108015.0,383211.82123851776
2146,HGS-TV,108015.0,383272.5067267418
2147,HGS-TV,108015.0,384327.1880042553
2148,ails2_etaMax1.000_stoppingTime1728000.00,109404.0,384565.3383076172
2149,HGS-TV,108015.0,384699.746979475
2150,HGS-TV,108015.0,386232.8262667656
2151,ails2_etaMax1.000_stoppingTime1728000.00,109378.0,386400.6823076172
2152,HGS-TV,108015.0,386792.42477989197
2153,HGS-TV,108015.0,386913.15196561813
2154,HGS-TV,108015.0,387407.7730848789
2155,HGS-TV,108015.0,387564.2954273224
2156,ails2_etaMax1.000_stoppingTime864000.00,108360.0,387832.90930761717
2157,ails2_etaMax1.000_stoppingTime864000.00,108344.0,387833.2713076172
2158,ails2_etaMax1.000_stoppingTime432000.00,108023.0,388030.8963076172
2159,HGS-TV,108015.0,388405.2376253605
2160,HGS-TV,108015.0,388769.2671689987
2161,ails2_etaMax1.000_stoppingTime432000.00,108022.0,389121.8353076172
2162,HGS-TV,108015.0,389565.3006505966
2163,HGS-TV,108015.0,389670.1304628849
2164,HGS-TV,108015.0,391235.1095664501
2165,HGS-TV,108015.0,391371.36453056335
2166,HGS-TV,108015.0,391519.4154267311
2167,HGS-TV,108015.0,391989.61532497406
2168,HGS-TV,108015.0,392075.2191929817
2169,HGS-TV,108015.0,392154.91265678406
2170,HGS-TV,108015.0,392215.08933997154
2171,HGS-TV,108015.0,392691.566580534
2172,HGS-TV,108015.0,392853.13115525246
2173,HGS-TV,108015.0,392919.07843852043
2174,HGS-TV,108015.0,392979.55991125107
2175,HGS-TV,108015.0,393632.6975684166
2176,ails2_etaMax1.000_stoppingTime432000.00,108021.0,393816.6793076172
2177,ails2_etaMax1.000_stoppingTime432000.00,108020.0,393827.37230761716
2178,ails2_etaMax1.000_stoppingTime1728000.00,109355.0,393951.22530761716
2179,HGS-TV,108015.0,394410.5666821003
2180,HGS-TV,108015.0,397385.2693448067
2181,HGS-TV,108015.0,397446.0140314102
2182,HGS-TV,108015.0,397506.1015281677
2183,HGS-TV,108015.0,399220.5672879219
2184,HGS-TV,108015.0,399280.80009150505
2185,HGS-TV,108015.0,400361.79216742516
2186,ails2_etaMax1.000_stoppingTime864000.00,108340.0,400670.1733076172
2187,ails2_etaMax1.000_stoppingTime864000.00,108315.0,400672.58430761716
2188,HGS-TV,108015.0,400821.62481451035
2189,ails2_etaMax1.000_stoppingTime864000.00,108308.0,400842.7243076172
2190,ails2_etaMax1.000_stoppingTime864000.00,108303.0,400843.6103076172
2191,HGS-TV,108015.0,401080.3482878208
2192,HGS-TV,108015.0,401241.16639232635
2193,HGS-TV,108015.0,401430.09952545166
2194,ails2_etaMax1.000_stoppingTime432000.00,108019.0,402636.76330761716
2195,ails2_etaMax1.000_stoppingTime1728000.00,109350.0,403340.1373076172
2196,HGS-TV,108015.0,403440.47273397446
2197,HGS-TV,108015.0,403666.9272785187
2198,ails2_etaMax1.000_stoppingTime1728000.00,109349.0,403940.3953076172
2199,ails2_etaMax1.000_stoppingTime432000.00,108018.0,404547.3163076172
2200,HGS-TV,108015.0,404594.0277092457
2201,HGS-TV,108015.0,404654.3405637741
2202,HGS-TV,108015.0,404714.80495643616
2203,HGS-TV,108015.0,405642.6758775711
2204,HGS-TV,108015.0,405774.63280916214
2205,HGS-TV,108015.0,408435.2308857441
2206,HGS-TV,108015.0,408669.116918087
2207,HGS-TV,108015.0,408896.9031763077
2208,HGS-TV,108015.0,408957.553396225
2209,HGS-TV,108015.0,409017.6024298668
2210,HGS-TV,108015.0,409290.1523730755
2211,HGS-TV,108015.0,409716.31789946556
2212,HGS-TV,108015.0,410307.663479805
2213,HGS-TV,108015.0,410608.6999974251
2214,HGS-TV,108015.0,411014.28293037415
2215,ails2_etaMax0.010_stoppingTime432000.00,108446.0,411394.7053076172
2216,ails2_etaMax0.010_stoppingTime432000.00,108445.0,411407.3523076172
2217,ails2_etaMax0.010_stoppingTime432000.00,108444.0,411515.04530761717
2218,HGS-TV,108015.0,411882.1682789326
2219,ails2_etaMax0.010_stoppingTime432000.00,108443.0,412057.96430761716
2220,ails2_etaMax0.010_stoppingTime432000.00,108442.0,412085.42030761717
2221,HGS-TV,108015.0,412289.67274713516
2222,ails2_etaMax1.000_stoppingTime1728000.00,109342.0,412430.07230761717
2223,ails2_etaMax1.000_stoppingTime1728000.00,109313.0,412431.0163076172
2224,ails2_etaMax1.000_stoppingTime1728000.00,109298.0,413244.6683076172
2225,ails2_etaMax1.000_stoppingTime1728000.00,109288.0,413244.9333076172
2226,HGS-TV,108015.0,413478.2989041805
2227,HGS-TV,108015.0,413768.7775940895
2228,HGS-TV,108015.0,414311.3567237854
2229,HGS-TV,108015.0,415175.3708741665
2230,HGS-TV,108015.0,415608.5575273037
2231,ails2_etaMax1.000_stoppingTime864000.00,108298.0,415666.7323076172
2232,ails2_etaMax1.000_stoppingTime864000.00,108277.0,415677.34430761717
2233,HGS-TV,108015.0,415828.45259833336
2234,ails2_etaMax0.010_stoppingTime432000.00,108441.0,416387.3113076172
2235,HGS-TV,108015.0,416633.18612241745
2236,HGS-TV,108015.0,417339.243786335
2237,ails2_etaMax1.000_stoppingTime864000.00,108274.0,417509.9703076172
2238,ails2_etaMax1.000_stoppingTime864000.00,108269.0,417510.8863076172
2239,HGS-TV,108015.0,417666.283516407
2240,HGS-TV,108015.0,417792.68900060654
2241,ails2_etaMax0.010_stoppingTime432000.00,108440.0,417840.82230761717
2242,ails2_etaMax0.010_stoppingTime432000.00,108439.0,417853.2483076172
2243,HGS-TV,108015.0,417920.6846191883
2244,HGS-TV,108015.0,418252.03901028633
2245,HGS-TV,108015.0,418494.00282788277
2246,HGS-TV,108015.0,418648.5919985771
2247,HGS-TV,108015.0,419135.9195551872
2248,HGS-TV,108015.0,419383.1419067383
2249,HGS-TV,108015.0,420561.28240799904
2250,ails2_etaMax0.010_stoppingTime432000.00,108438.0,420880.4563076172
2251,ails2_etaMax1.000_stoppingTime432000.00,108017.0,421014.5923076172
2252,HGS-TV,108015.0,422739.65008068085
2253,ails2_etaMax1.000_stoppingTime432000.00,108016.0,422895.4853076172
2254,ails2_etaMax1.000_stoppingTime432000.00,108015.0,422905.6393076172
2255,ails2_etaMax1.000_stoppingTime432000.00,108014.0,423444.2543076172
2256,HGS-TV,108015.0,423787.7222211361
2257,HGS-TV,108015.0,423923.5391280651
2258,HGS-TV,108015.0,424030.24501895905
2259,HGS-TV,108015.0,424320.69498848915
2260,HGS-TV,108015.0,424425.4434673786
2261,ails2_etaMax1.000_stoppingTime1728000.00,109278.0,425167.8453076172
2262,ails2_etaMax1.000_stoppingTime1728000.00,109246.0,425169.5763076172
2263,ails2_etaMax1.000_stoppingTime1728000.00,109241.0,425581.0473076172
2264,ails2_etaMax1.000_stoppingTime864000.00,108267.0,425639.9443076172
2265,ails2_etaMax1.000_stoppingTime1728000.00,109169.0,425581.6753076172
2266,ails2_etaMax1.000_stoppingTime864000.00,108253.0,425640.2893076172
2267,ails2_etaMax1.000_stoppingTime432000.00,108013.0,429643.6033076172
2268,HGS-TV,108014.0,431578.6235964298
2269,HGS-TV,108014.0,431639.2036893368
2270,HGS-TV,108014.0,431700.1535925865
2271,HGS-TV,108014.0,431760.48285079
2272,HGS-TV,108014.0,431820.902708292
2273,HGS-TV,108014.0,431881.8274974823
2274,HGS-TV,108014.0,431982.3678057194
2275,ails2_etaMax1.000_stoppingTime1728000.00,109149.0,432447.70830761717
2276,ails2_etaMax1.000_stoppingTime1728000.00,109114.0,432449.1953076172
2277,HGS-TV,108012.0,435399.8886182308
2278,ails2_etaMax1.000_stoppingTime864000.00,108248.0,437836.6453076172
2279,ails2_etaMax1.000_stoppingTime864000.00,108243.0,437836.8963076172
2280,ails2_etaMax1.000_stoppingTime864000.00,108242.0,439175.6773076172
2281,ails2_etaMax1.000_stoppingTime864000.00,108221.0,439177.1793076172
2282,HGS-TV,108012.0,440580.5398066044
2283,HGS-TV,108012.0,440641.1252052784
2284,HGS-TV,108012.0,440702.1361465454
2285,HGS-TV,108012.0,440762.3490552902
2286,HGS-TV,108012.0,440823.1067171097
2287,HGS-TV,108012.0,440883.5198917389
2288,HGS-TV,108012.0,441043.2668905258
2289,HGS-TV,108012.0,441103.4716258049
2290,HGS-TV,108012.0,441492.0001165867
2291,HGS-TV,108012.0,441731.11357212067
2292,HGS-TV,108012.0,441817.37179493904
2293,HGS-TV,108012.0,442439.4573729038
2294,HGS-TV,108012.0,442594.43377280235
2295,HGS-TV,108012.0,442811.3499741554
2296,HGS-TV,108012.0,443126.1545100212
2297,ails2_etaMax1.000_stoppingTime1728000.00,109108.0,443198.29030761716
2298,HGS-TV,108012.0,443208.43369174004
2299,HGS-TV,108012.0,443311.14201784134
2300,HGS-TV,108012.0,443371.89071416855
2301,HGS-TV,108012.0,443432.66436958313
2302,HGS-TV,108012.0,443751.73083496094
2303,ails2_etaMax1.000_stoppingTime1728000.00,109095.0,443983.74730761716
2304,HGS-TV,108012.0,444018.7340230942
2305,HGS-TV,108012.0,444208.7052464485
2306,HGS-TV,108012.0,444591.7868256569
2307,HGS-TV,108012.0,444652.346963644
2308,HGS-TV,108012.0,444980.33542490005
2309,HGS-TV,108012.0,445592.9463002682
2310,HGS-TV,108012.0,446207.48403811455
2311,HGS-TV,108012.0,446273.93820524216
2312,HGS-TV,108012.0,446528.71095633507
2313,HGS-TV,108012.0,446646.75777220726
2314,HGS-TV,108012.0,446758.92114520073
2315,HGS-TV,108012.0,447138.76643013954
2316,HGS-TV,108012.0,447616.4979622364
2317,HGS-TV,108012.0,447832.3271076679
2318,HGS-TV,108012.0,448161.158642292
2319,HGS-TV,108012.0,448316.0909163952
2320,HGS-TV,108012.0,449115.0458805561
2321,HGS-TV,108012.0,449175.1726551056
2322,HGS-TV,108012.0,449265.70304989815
2323,ails2_etaMax1.000_stoppingTime864000.00,108220.0,449865.1293076172
2324,ails2_etaMax1.000_stoppingTime864000.00,108200.0,449865.4023076172
2325,HGS-TV,108012.0,450342.34390950203
2326,HGS-TV,108012.0,451002.540607214
2327,ails2_etaMax1.000_stoppingTime1728000.00,109092.0,451138.68730761716
2328,HGS-TV,108012.0,451160.21144223213
2329,HGS-TV,108012.0,451550.1556954384
2330,HGS-TV,108012.0,451610.65360736847
2331,HGS-TV,108012.0,451965.0916481018
2332,HGS-TV,108012.0,452148.69612169266
2333,HGS-TV,108012.0,452309.88666915894
2334,HGS-TV,108012.0,452451.81998848915
2335,HGS-TV,108012.0,453196.7278101444
2336,HGS-TV,108012.0,453680.6314740181
2337,HGS-TV,108012.0,453989.0496520996
2338,HGS-TV,108012.0,454246.1220424175
2339,HGS-TV,108012.0,454308.53442668915
2340,HGS-TV,108012.0,454368.9198215008
2341,ails2_etaMax1.000_stoppingTime864000.00,108199.0,454411.69730761717
2342,ails2_etaMax1.000_stoppingTime864000.00,108190.0,454412.3653076172
2343,HGS-TV,108012.0,454784.730727911
2344,HGS-TV,108012.0,455313.30279159546
2345,HGS-TV,108012.0,456307.4681620598
2346,HGS-TV,108012.0,456447.21609044075
2347,HGS-TV,108012.0,456783.795006752
2348,HGS-TV,108012.0,457379.86660552025
2349,HGS-TV,108012.0,457713.8655910492
2350,HGS-TV,108012.0,457832.84147644043
2351,HGS-TV,108012.0,459147.59339928627
2352,HGS-TV,108012.0,459207.7899057865
2353,HGS-TV,108012.0,459839.873537302
2354,ails2_etaMax1.000_stoppingTime1728000.00,109089.0,461390.87230761716
2355,ails2_etaMax1.000_stoppingTime1728000.00,108983.0,461393.8703076172
2356,HGS-TV,108012.0,461458.9283461571
2357,HGS-TV,108012.0,462012.3813486099
2358,HGS-TV,108012.0,462298.6711432934
2359,HGS-TV,108012.0,462699.445199728
2360,HGS-TV,108012.0,462765.80471396446
2361,HGS-TV,108012.0,462826.37232351303
2362,HGS-TV,108012.0,463224.7724173069
2363,HGS-TV,108012.0,463444.01789975166
2364,HGS-TV,108012.0,463780.2989909649
2365,HGS-TV,108012.0,465171.3512079716
2366,HGS-TV,108012.0,465307.9443733692
2367,HGS-TV,108012.0,465368.71870183945
2368,HGS-TV,108012.0,465807.5961344242
2369,HGS-TV,108012.0,466003.7380373478
2370,HGS-TV,108012.0,466466.19716382027
2371,HGS-TV,108012.0,467324.647629261
2372,HGS-TV,108012.0,467736.5860786438
2373,HGS-TV,108012.0,468549.42517757416
2374,ails2_etaMax1.000_stoppingTime864000.00,108189.0,468602.0573076172
2375,ails2_etaMax1.000_stoppingTime864000.00,108166.0,468607.0223076172
2376,HGS-TV,108012.0,470367.9058980942
2377,HGS-TV,108012.0,471333.3961942196
2378,HGS-TV,108012.0,471542.29363942146
2379,ails2_etaMax1.000_stoppingTime864000.00,108165.0,471958.1733076172
2380,ails2_etaMax1.000_stoppingTime864000.00,108154.0,471971.4403076172
2381,ails2_etaMax1.000_stoppingTime864000.00,108134.0,472038.3093076172
2382,HGS-TV,108012.0,473256.2086920738
2383,HGS-TV,108012.0,473316.2616174221
2384,HGS-TV,108012.0,473726.54370355606
2385,HGS-TV,108012.0,473787.3142912388
2386,HGS-TV,108012.0,474179.8628485203
2387,HGS-TV,108012.0,475979.49740219116
2388,HGS-TV,108012.0,476203.68059134483
2389,HGS-TV,108012.0,477283.9081623554
2390,HGS-TV,108012.0,478009.106423378
2391,HGS-TV,108012.0,478069.416557312
2392,HGS-TV,108012.0,478424.9933965206
2393,HGS-TV,108012.0,479417.0885233879
2394,HGS-TV,108012.0,479806.74570059776
2395,HGS-TV,108012.0,481122.2178001404
2396,HGS-TV,108012.0,481182.2674996853
2397,HGS-TV,108012.0,481242.5242242813
2398,HGS-TV,108012.0,482348.6602387428
2399,HGS-TV,108012.0,482543.28614497185
2400,HGS-TV,108012.0,484126.07170701027
2401,HGS-TV,108012.0,484787.5428147316
2402,HGS-TV,108012.0,484847.64701652527
2403,HGS-TV,108012.0,485662.3938615322
2404,HGS-TV,108012.0,486131.8069922924
2405,HGS-TV,108012.0,486207.2483422756
2406,HGS-TV,108012.0,486364.40921354294
2407,HGS-TV,108012.0,486424.8266289234
2408,HGS-TV,108012.0,487314.6189277172
2409,ails2_etaMax1.000_stoppingTime1728000.00,108976.0,487433.5643076172
2410,ails2_etaMax1.000_stoppingTime1728000.00,108966.0,487433.6183076172
2411,HGS-TV,108012.0,488177.6443963051
2412,HGS-TV,108012.0,488673.3913652897
2413,HGS-TV,108012.0,489070.9856688976
2414,HGS-TV,108012.0,489420.0170445442
2415,HGS-TV,108012.0,489728.03378868103
2416,ails2_etaMax1.000_stoppingTime1728000.00,108961.0,490102.2613076172
2417,HGS-TV,108012.0,490116.4374382496
2418,HGS-TV,108012.0,490180.9153225422
2419,HGS-TV,108012.0,490813.06301379204
2420,HGS-TV,108012.0,491092.62733125687
2421,HGS-TV,108012.0,492553.91713666916
2422,HGS-TV,108012.0,493276.0698111057
2423,HGS-TV,108012.0,493575.73143434525
2424,HGS-TV,108012.0,494026.0806508064
2425,HGS-TV,108012.0,495195.47288537025
2426,HGS-TV,108012.0,495383.3223683834
2427,HGS-TV,108012.0,495547.031481266
2428,HGS-TV,108012.0,495881.97706747055
2429,HGS-TV,108012.0,496156.46426939964
2430,HGS-TV,108012.0,496757.56483745575
2431,HGS-TV,108012.0,496818.032145977
2432,HGS-TV,108012.0,496969.829826355
2433,HGS-TV,108012.0,497030.1159133911
2434,HGS-TV,108012.0,497377.3127653599
2435,HGS-TV,108012.0,497509.6939198971
2436,HGS-TV,108012.0,497643.8006711006
2437,HGS-TV,108012.0,497758.63697981834
2438,ails2_etaMax1.000_stoppingTime864000.00,108131.0,497876.3763076172
2439,ails2_etaMax1.000_stoppingTime864000.00,108129.0,497876.6263076172
2440,ails2_etaMax1.000_stoppingTime864000.00,108127.0,497984.8513076172
2441,HGS-TV,108012.0,498188.3441517353
2442,HGS-TV,108012.0,498248.60903811455
2443,ails2_etaMax1.000_stoppingTime864000.00,108126.0,498592.6103076172
2444,HGS-TV,108012.0,498711.4549999237
2445,ails2_etaMax1.000_stoppingTime864000.00,108125.0,499031.8043076172
2446,HGS-TV,108012.0,499071.2067761421
2447,ails2_etaMax1.000_stoppingTime864000.00,108124.0,499480.36630761717
2448,ails2_etaMax1.000_stoppingTime864000.00,108118.0,499484.0523076172
2449,HGS-TV,108012.0,499705.8315114975
2450,ails2_etaMax1.000_stoppingTime864000.00,108114.0,500033.14330761717
2451,ails2_etaMax1.000_stoppingTime864000.00,108113.0,500033.1633076172
2452,HGS-TV,108012.0,500162.86315488815
2453,HGS-TV,108012.0,500223.0350244045
2454,HGS-TV,108012.0,500290.2541720867
2455,HGS-TV,108012.0,500405.73226833344
2456,HGS-TV,108012.0,500465.9220159054
2457,HGS-TV,108012.0,500698.57013082504
2458,HGS-TV,108012.0,501406.1756463051
2459,HGS-TV,108012.0,501639.02723765373
2460,HGS-TV,108012.0,501858.9637172222
2461,HGS-TV,108012.0,502199.4223077297
2462,HGS-TV,108012.0,502259.58521676064
2463,HGS-TV,108012.0,502443.345900774
2464,HGS-TV,108012.0,502802.8263537884
2465,HGS-TV,108012.0,503177.4915215969
2466,HGS-TV,108012.0,503384.7931792736
2467,HGS-TV,108012.0,503916.5751724243
2468,HGS-TV,108012.0,504204.3537297249
2469,HGS-TV,108012.0,504397.2506494522
2470,HGS-TV,108012.0,504457.27776527405
2471,HGS-TV,108012.0,504517.54098296165
2472,HGS-TV,108012.0,504644.3430173397
2473,HGS-TV,108012.0,505675.1899051666
2474,HGS-TV,108012.0,505735.3000051975
2475,HGS-TV,108012.0,505796.09132528305
2476,HGS-TV,108012.0,506037.88820147514
2477,HGS-TV,108012.0,506292.1108701229
2478,HGS-TV,108012.0,506352.16966962814
2479,HGS-TV,108012.0,506701.0041129589
2480,HGS-TV,108012.0,507217.7686200142
2481,HGS-TV,108012.0,507765.15508008003
2482,HGS-TV,108012.0,507843.30903053284
2483,HGS-TV,108012.0,507977.4210591316
2484,HGS-TV,108012.0,508143.6254541874
2485,HGS-TV,108012.0,508220.0721271038
2486,HGS-TV,108012.0,508686.4688563347
2487,HGS-TV,108012.0,508747.4247350693
2488,HGS-TV,108012.0,508807.77651786804
2489,HGS-TV,108012.0,508977.5116763115
2490,HGS-TV,108012.0,509247.5464169979
2491,HGS-TV,108012.0,509407.8753063679
2492,HGS-TV,108012.0,509652.1085937023
2493,HGS-TV,108012.0,509754.30315852165
2494,HGS-TV,108012.0,509814.8380434513
2495,HGS-TV,108012.0,509874.9112405777
2496,HGS-TV,108012.0,510127.9722428322
2497,HGS-TV,108012.0,510416.21634054184
2498,HGS-TV,108012.0,510552.28785705566
2499,HGS-TV,108012.0,510612.37491607666
2500,HGS-TV,108012.0,510767.71540784836
2501,HGS-TV,108012.0,510828.1493611336
2502,HGS-TV,108012.0,510888.5411479473
2503,HGS-TV,108012.0,511297.8676228523
2504,HGS-TV,108012.0,511568.2395102978
2505,HGS-TV,108012.0,511628.43899822235
2506,HGS-TV,108012.0,512070.6847882271
2507,HGS-TV,108012.0,512498.74778723717
2508,HGS-TV,108012.0,512806.1467783451
2509,HGS-TV,108012.0,512866.80521678925
2510,HGS-TV,108012.0,513024.9440009594
2511,ails2_etaMax1.000_stoppingTime864000.00,108112.0,513256.3973076172
2512,ails2_etaMax1.000_stoppingTime864000.00,108098.0,513260.4113076172
2513,HGS-TV,108012.0,513925.78177547455
2514,HGS-TV,108012.0,514450.47364234924
2515,HGS-TV,108012.0,514604.0228879452
2516,HGS-TV,108012.0,515033.02404904366
2517,HGS-TV,108012.0,515132.6457078457
2518,HGS-TV,108012.0,515266.4327926636
2519,HGS-TV,108012.0,515348.86726522446
2520,HGS-TV,108012.0,515409.0402958393
2521,HGS-TV,108012.0,515469.1714568138
2522,ails2_etaMax1.000_stoppingTime864000.00,108096.0,515644.4893076172
2523,HGS-TV,108012.0,515907.2449622154
2524,HGS-TV,108012.0,516216.9675395489
2525,HGS-TV,108012.0,516599.1213159561
2526,HGS-TV,108012.0,516742.54860305786
2527,HGS-TV,108012.0,516938.8096783161
2528,ails2_etaMax1.000_stoppingTime1728000.00,108959.0,516997.40930761717
2529,HGS-TV,108012.0,517012.1208488941
2530,ails2_etaMax1.000_stoppingTime1728000.00,108952.0,516999.1023076172
2531,HGS-TV,108012.0,517218.27192020416
2532,HGS-TV,108012.0,517305.30349993706
2533,HGS-TV,108012.0,517467.7605059147
2534,HGS-TV,108012.0,517527.79490852356
2535,ails2_etaMax1.000_stoppingTime1728000.00,108951.0,517666.9943076172
2536,HGS-TV,108012.0,518057.70067977905
2537,HGS-TV,108012.0,518165.28004288673
2538,HGS-TV,108012.0,518399.54088687897
2539,HGS-TV,108012.0,518592.3877570629
2540,HGS-TV,108012.0,518781.50227189064
2541,ails2_etaMax1.000_stoppingTime1728000.00,108940.0,519074.4783076172
2542,ails2_etaMax1.000_stoppingTime1728000.00,108829.0,519081.45830761717
2543,HGS-TV,108012.0,519562.862421751
2544,HGS-TV,108012.0,519797.7621138096
2545,HGS-TV,108012.0,519922.3123726845
2546,HGS-TV,108012.0,520207.4219567776
2547,HGS-TV,108012.0,520314.6879417896
2548,HGS-TV,108012.0,520374.7993950844
2549,HGS-TV,108012.0,520546.5250980854
2550,HGS-TV,108012.0,520865.13802599907
2551,HGS-TV,108012.0,520925.37444877625
2552,HGS-TV,108012.0,521098.3573887348
2553,HGS-TV,108012.0,521249.1353313923
2554,HGS-TV,108012.0,521622.78108382225
2555,HGS-TV,108012.0,521798.2193143368
2556,HGS-TV,108012.0,522265.69640159607
2557,HGS-TV,108012.0,522559.26655197144
2558,HGS-TV,108012.0,523321.0784833431
2559,HGS-TV,108012.0,523625.0341873169
2560,HGS-TV,108012.0,524285.1754052639
2561,HGS-TV,108012.0,524345.2306649685
2562,HGS-TV,108012.0,524483.5991609097
2563,HGS-TV,108012.0,524688.2504067421
2564,ails2_etaMax1.000_stoppingTime864000.00,108095.0,524814.0853076172
2565,HGS-TV,108012.0,524858.0919795036
2566,HGS-TV,108012.0,527847.7532637119
2567,HGS-TV,108012.0,528225.2857482433
2568,HGS-TV,108012.0,528294.5280077457
2569,HGS-TV,108012.0,528354.7021713257
2570,HGS-TV,108012.0,528759.8597407341
2571,HGS-TV,108012.0,529125.5831313133
2572,ails2_etaMax1.000_stoppingTime864000.00,108094.0,529841.1083076171
2573,ails2_etaMax1.000_stoppingTime864000.00,108090.0,529841.8543076172
2574,HGS-TV,108012.0,531049.2529835701
2575,ails2_etaMax1.000_stoppingTime864000.00,108089.0,531516.0203076171
2576,ails2_etaMax1.000_stoppingTime864000.00,108085.0,531516.3703076172
2577,ails2_etaMax1.000_stoppingTime864000.00,108082.0,531798.4923076172
2578,ails2_etaMax1.000_stoppingTime864000.00,108076.0,531798.8023076172
2579,HGS-TV,108012.0,532173.3262181282
2580,HGS-TV,108012.0,532689.073444128
2581,HGS-TV,108012.0,533018.8132615089
2582,ails2_etaMax1.000_stoppingTime864000.00,108075.0,534607.9333076172
2583,ails2_etaMax1.000_stoppingTime864000.00,108070.0,534618.2813076172
2584,HGS-TV,108012.0,535290.0444779396
2585,HGS-TV,108012.0,536212.2175116539
2586,HGS-TV,108012.0,536409.2341380119
2587,HGS-TV,108012.0,536883.0663542747
2588,HGS-TV,108012.0,537390.2623119354
2589,HGS-TV,108012.0,538339.0209085941
2590,HGS-TV,108012.0,539364.6214313507
2591,HGS-TV,108012.0,539610.5987160206
2592,HGS-TV,108012.0,539670.7327957153
2593,HGS-TV,108012.0,540446.5328452587
2594,HGS-TV,108012.0,541187.271168232
2595,HGS-TV,108012.0,541727.7788281441
2596,HGS-TV,108012.0,541850.284255743
2597,HGS-TV,108012.0,542381.0577492714
2598,ails2_etaMax1.000_stoppingTime1728000.00,108824.0,543049.9383076172
2599,ails2_etaMax1.000_stoppingTime1728000.00,108787.0,543107.0793076172
2600,HGS-TV,108012.0,543173.6072053909
2601,HGS-TV,108012.0,543480.8723685741
2602,HGS-TV,108012.0,545868.6056871414
2603,HGS-TV,108012.0,546015.7639760971
2604,HGS-TV,108012.0,547273.4142782688
2605,HGS-TV,108012.0,547636.2307162285
2606,HGS-TV,108012.0,547742.045791626
2607,HGS-TV,108012.0,547881.3032259941
2608,HGS-TV,108012.0,548514.9238784313
2609,HGS-TV,108012.0,548846.9773042202
2610,ails2_etaMax1.000_stoppingTime864000.00,108069.0,549229.9423076172
2611,HGS-TV,108012.0,550373.2356071472
2612,HGS-TV,108012.0,550464.1536638737
2613,HGS-TV,108012.0,550524.560085535
2614,HGS-TV,108012.0,550646.6488053799
2615,HGS-TV,108012.0,550865.4950313568
2616,HGS-TV,108012.0,551744.5658159256
2617,HGS-TV,108012.0,551804.64803648
2618,HGS-TV,108012.0,552429.8650941849
2619,HGS-TV,108012.0,553072.5856428146
2620,ails2_etaMax1.000_stoppingTime864000.00,108068.0,553313.3713076172
2621,ails2_etaMax1.000_stoppingTime864000.00,108059.0,553322.7093076172
2622,ails2_etaMax1.000_stoppingTime864000.00,108054.0,553408.5613076172
2623,ails2_etaMax1.000_stoppingTime864000.00,108053.0,554234.4443076171
2624,HGS-TV,108012.0,554876.7765960693
2625,HGS-TV,108012.0,555632.8848507404
2626,HGS-TV,108012.0,556352.8619785309
2627,HGS-TV,108012.0,556413.2411673069
2628,HGS-TV,108012.0,556582.7060773373
2629,HGS-TV,108012.0,556642.8119990826
2630,HGS-TV,108012.0,556703.2517430782
2631,HGS-TV,108012.0,556837.1371057034
2632,HGS-TV,108012.0,557121.2173876762
2633,HGS-TV,108012.0,557943.7624385357
2634,HGS-TV,108012.0,558003.7853760719
2635,HGS-TV,108012.0,558188.3106396198
2636,HGS-TV,108012.0,558320.0855541229
2637,HGS-TV,108012.0,558380.2049427032
2638,HGS-TV,108012.0,558547.9770236015
2639,HGS-TV,108012.0,558716.158862114
2640,HGS-TV,108012.0,559984.9673390388
2641,HGS-TV,108012.0,560622.6773016453
2642,HGS-TV,108012.0,561998.6728441715
2643,HGS-TV,108012.0,562144.2427921295
2644,HGS-TV,108012.0,562862.3102593422
2645,ails2_etaMax1.000_stoppingTime864000.00,108052.0,563981.2763076172
2646,HGS-TV,108012.0,564311.6087427139
2647,HGS-TV,108012.0,564537.5099976063
2648,HGS-TV,108012.0,566994.5722460747
2649,HGS-TV,108012.0,567096.6591117382
2650,ails2_etaMax1.000_stoppingTime864000.00,108051.0,567489.0093076172
2651,ails2_etaMax1.000_stoppingTime864000.00,108046.0,567490.5343076172
2652,ails2_etaMax1.000_stoppingTime864000.00,108045.0,567663.7053076172
2653,ails2_etaMax1.000_stoppingTime864000.00,108043.0,568451.3023076172
2654,ails2_etaMax1.000_stoppingTime864000.00,108041.0,568625.3483076172
2655,ails2_etaMax1.000_stoppingTime864000.00,108036.0,568666.0233076172
2656,HGS-TV,108012.0,569553.7193734646
2657,ails2_etaMax1.000_stoppingTime1728000.00,108770.0,570358.5293076172
2658,ails2_etaMax1.000_stoppingTime1728000.00,108752.0,570358.8183076172
2659,HGS-TV,108012.0,575570.5710310936
2660,HGS-TV,108012.0,575631.4940001965
2661,HGS-TV,108012.0,575692.3844444752
2662,HGS-TV,108012.0,575753.5894799232
2663,HGS-TV,108012.0,575813.8570616245
2664,HGS-TV,108012.0,575874.0209662914
2665,HGS-TV,108012.0,575934.2547004223
2666,HGS-TV,108012.0,576033.6729078293
2667,HGS-TV,108012.0,576179.8619234562
2668,HGS-TV,108012.0,576524.7073323727
2669,HGS-TV,108012.0,576689.8313057423
2670,HGS-TV,108012.0,576750.2243332863
2671,HGS-TV,108012.0,577225.8917262554
2672,HGS-TV,108012.0,577374.2071483135
2673,HGS-TV,108012.0,577527.8608567715
2674,HGS-TV,108012.0,577780.5011942387
2675,HGS-TV,108012.0,577865.539372921
2676,HGS-TV,108012.0,578533.8331291676
2677,HGS-TV,108012.0,578667.3877131939
2678,HGS-TV,108012.0,578959.2963438034
2679,HGS-TV,108012.0,579034.1158149242
2680,HGS-TV,108012.0,579245.7266600132
2681,HGS-TV,108012.0,579307.1594481468
2682,HGS-TV,108012.0,579846.8178677559
2683,HGS-TV,108012.0,579984.4449577332
2684,HGS-TV,108012.0,580044.9621064663
2685,HGS-TV,108012.0,580202.6714920998
2686,HGS-TV,108012.0,580488.6431457996
2687,HGS-TV,108012.0,580548.6483404636
2688,HGS-TV,108012.0,580761.6176950932
2689,HGS-TV,108012.0,580884.1979663372
2690,HGS-TV,108012.0,582111.0239973068
2691,HGS-TV,108012.0,582171.426898241
2692,HGS-TV,108012.0,582428.4697413445
2693,HGS-TV,108012.0,582727.218985796
2694,ails2_etaMax1.000_stoppingTime864000.00,108035.0,583208.2963076172
2695,ails2_etaMax1.000_stoppingTime864000.00,108032.0,583208.3723076172
2696,HGS-TV,108012.0,583623.094140768
2697,HGS-TV,108012.0,583912.2853398323
2698,HGS-TV,108012.0,584905.5849027634
2699,HGS-TV,108012.0,585348.5316441059
2700,HGS-TV,108012.0,586144.3548829556
2701,HGS-TV,108012.0,586328.8988826275
2702,HGS-TV,108012.0,586388.92633605
2703,HGS-TV,108012.0,586538.4701788425
2704,HGS-TV,108012.0,586825.3213026524
2705,HGS-TV,108012.0,587321.968467474
2706,HGS-TV,108012.0,587677.7171843052
2707,HGS-TV,108012.0,587987.5336723328
2708,HGS-TV,108012.0,588754.2615942955
2709,HGS-TV,108012.0,589164.1135687828
2710,HGS-TV,108012.0,589460.6014266014
2711,HGS-TV,108012.0,589904.4800662994
2712,HGS-TV,108012.0,590719.0540544987
2713,HGS-TV,108012.0,590796.4618177414
2714,HGS-TV,108012.0,591065.4146676064
2715,HGS-TV,108012.0,592908.0051474571
2716,HGS-TV,108012.0,593831.531154871
2717,HGS-TV,108012.0,594111.2525658607
2718,HGS-TV,108012.0,594659.4835159779
2719,ails2_etaMax1.000_stoppingTime1728000.00,108748.0,594812.3383076172
2720,HGS-TV,108012.0,594864.4339728355
2721,ails2_etaMax1.000_stoppingTime1728000.00,108744.0,594812.3683076171
2722,HGS-TV,108012.0,595314.6122765541
2723,HGS-TV,108012.0,595678.8865451813
2724,HGS-TV,108012.0,595739.187268734
2725,HGS-TV,108012.0,597672.294467926
2726,HGS-TV,108012.0,598106.2968463898
2727,HGS-TV,108012.0,598180.7804744244
2728,HGS-TV,108012.0,598294.4981179237
2729,HGS-TV,108012.0,598873.6511108875
2730,HGS-TV,108012.0,600806.225508213
2731,HGS-TV,108012.0,600866.2529833317
2732,ails2_etaMax1.000_stoppingTime1728000.00,108731.0,601299.5673076172
2733,ails2_etaMax1.000_stoppingTime1728000.00,108669.0,601309.3663076172
2734,HGS-TV,108012.0,601468.7880318165
2735,HGS-TV,108012.0,601528.892236948
2736,HGS-TV,108012.0,601781.6445171833
2737,HGS-TV,108012.0,603380.3686308861
2738,HGS-TV,108012.0,603450.6523606777
2739,HGS-TV,108012.0,603579.5518558025
2740,HGS-TV,108012.0,604738.8368690014
2741,HGS-TV,108012.0,605045.506209135
2742,HGS-TV,108012.0,605183.2857000828
2743,HGS-TV,108012.0,605243.6772708893
2744,HGS-TV,108012.0,605756.8252768517
2745,HGS-TV,108012.0,605822.1976518631
2746,HGS-TV,108012.0,606321.5342700481
2747,HGS-TV,108012.0,607038.2163741589
2748,HGS-TV,108012.0,607101.4209148884
2749,HGS-TV,108012.0,607161.4379386902
2750,ails2_etaMax1.000_stoppingTime864000.00,108031.0,607189.4383076172
2751,ails2_etaMax1.000_stoppingTime864000.00,108024.0,607193.9583076172
2752,ails2_etaMax1.000_stoppingTime864000.00,108023.0,607778.7813076172
2753,HGS-TV,108012.0,608114.1358942986
2754,HGS-TV,108012.0,608192.0741345882
2755,HGS-TV,108012.0,610547.6346504688
2756,HGS-TV,108012.0,612100.6509771347
2757,HGS-TV,108012.0,612304.8181443214
2758,HGS-TV,108012.0,613908.6852030754
2759,HGS-TV,108012.0,615460.747341156
2760,HGS-TV,108012.0,615568.1321578026
2761,HGS-TV,108012.0,616005.6296291351
2762,HGS-TV,108012.0,616222.9546101093
2763,HGS-TV,108012.0,616337.4991838932
2764,HGS-TV,108012.0,616551.8432598114
2765,HGS-TV,108012.0,617382.6813499928
2766,HGS-TV,108012.0,617649.3898973465
2767,HGS-TV,108012.0,617997.5878155231
2768,HGS-TV,108012.0,618488.3204746246
2769,HGS-TV,108012.0,619083.4732983112
2770,HGS-TV,108012.0,619211.972042799
2771,HGS-TV,108012.0,619272.0851869583
2772,HGS-TV,108012.0,619961.6449687481
2773,HGS-TV,108012.0,620568.3526647091
2774,HGS-TV,108012.0,620664.9325101376
2775,HGS-TV,108012.0,621034.3978433609
2776,HGS-TV,108012.0,622075.735024929
2777,HGS-TV,108012.0,622211.0164864063
2778,HGS-TV,108012.0,623089.2393381596
2779,HGS-TV,108012.0,623527.7651445866
2780,HGS-TV,108012.0,624716.0943331718
2781,HGS-TV,108012.0,625752.5067455769
2782,HGS-TV,108012.0,626086.0686099529
2783,HGS-TV,108012.0,626737.5994257927
2784,HGS-TV,108012.0,626866.0776569843
2785,HGS-TV,108012.0,627655.0723733902
2786,HGS-TV,108012.0,628661.5201089382
2787,HGS-TV,108012.0,628959.7832007408
2788,HGS-TV,108012.0,629273.9147474766
2789,HGS-TV,108012.0,630501.08142519
2790,HGS-TV,108012.0,631159.2987701893
2791,HGS-TV,108012.0,631643.2030563354
2792,HGS-TV,108012.0,632872.9340207577
2793,HGS-TV,108012.0,634532.621963501
2794,HGS-TV,108012.0,634732.89823699
2795,HGS-TV,108012.0,634924.5454797745
2796,HGS-TV,108012.0,635006.5725617409
2797,HGS-TV,108012.0,635069.2582085133
2798,HGS-TV,108012.0,635407.3231067657
2799,HGS-TV,108012.0,635712.575368166
2800,HGS-TV,108012.0,635806.0833518505
2801,ails2_etaMax1.000_stoppingTime864000.00,108022.0,635954.8903076171
2802,ails2_etaMax1.000_stoppingTime864000.00,108020.0,635958.7843076172
2803,HGS-TV,108012.0,636428.1724917889
2804,ails2_etaMax1.000_stoppingTime1728000.00,108667.0,636580.5063076172
2805,ails2_etaMax1.000_stoppingTime1728000.00,108662.0,636627.1633076172
2806,ails2_etaMax1.000_stoppingTime1728000.00,108659.0,637442.7503076172
2807,ails2_etaMax1.000_stoppingTime1728000.00,108649.0,637443.5133076172
2808,HGS-TV,108012.0,637907.8059854507
2809,HGS-TV,108012.0,637967.988951683
2810,HGS-TV,108012.0,638995.3094072342
2811,HGS-TV,108012.0,639205.476706028
2812,ails2_etaMax1.000_stoppingTime1728000.00,108647.0,639895.3983076172
2813,ails2_etaMax1.000_stoppingTime1728000.00,108645.0,639895.4183076172
2814,HGS-TV,108012.0,640127.9186577797
2815,HGS-TV,108012.0,640382.836258173
2816,HGS-TV,108012.0,640442.8751909733
2817,HGS-TV,108012.0,640647.3571856022
2818,HGS-TV,108012.0,640882.911084652
2819,ails2_etaMax1.000_stoppingTime864000.00,108018.0,640977.6543076172
2820,ails2_etaMax1.000_stoppingTime864000.00,108017.0,640982.2413076172
2821,HGS-TV,108012.0,641658.6074819565
2822,HGS-TV,108012.0,641841.2754223347
2823,HGS-TV,108012.0,641901.4211564064
2824,HGS-TV,108012.0,642071.344525814
2825,HGS-TV,108012.0,642317.9106168747
2826,ails2_etaMax1.000_stoppingTime864000.00,108015.0,642374.2493076172
2827,HGS-TV,108012.0,642904.462376833
2828,HGS-TV,108012.0,643890.3144767284
2829,HGS-TV,108012.0,644536.0538904667
2830,HGS-TV,108012.0,645444.4264268875
2831,HGS-TV,108012.0,646103.2650353909
2832,HGS-TV,108012.0,646167.6972289085
2833,HGS-TV,108012.0,646227.7488873005
2834,ails2_etaMax1.000_stoppingTime1728000.00,108642.0,646565.9043076172
2835,ails2_etaMax1.000_stoppingTime1728000.00,108627.0,646567.1833076172
2836,ails2_etaMax1.000_stoppingTime1728000.00,108624.0,647440.7213076171
2837,ails2_etaMax1.000_stoppingTime1728000.00,108564.0,647445.4803076172
2838,HGS-TV,108012.0,647517.5160646439
2839,HGS-TV,108012.0,648792.3858828545
2840,HGS-TV,108012.0,650427.753033638
2841,HGS-TV,108012.0,650995.660284996
2842,HGS-TV,108012.0,651286.6512668133
2843,HGS-TV,108012.0,651405.6034612656
2844,HGS-TV,108012.0,652054.9776675701
2845,HGS-TV,108012.0,652185.0490057468
2846,HGS-TV,108012.0,652286.1724791527
2847,HGS-TV,108012.0,652527.959962368
2848,HGS-TV,108012.0,652757.9300193787
2849,HGS-TV,108012.0,652833.3045899868
2850,HGS-TV,108012.0,653212.7217743397
2851,HGS-TV,108012.0,653645.4905896187
2852,HGS-TV,108012.0,654932.386040926
2853,HGS-TV,108012.0,655667.0980622768
2854,HGS-TV,108012.0,655871.0482959747
2855,HGS-TV,108012.0,656041.8559648991
2856,HGS-TV,108012.0,656713.7381110191
2857,HGS-TV,108012.0,657763.5692555904
2858,HGS-TV,108012.0,657966.4416353703
2859,HGS-TV,108012.0,658417.936971426
2860,HGS-TV,108012.0,658672.8998861313
2861,HGS-TV,108012.0,658733.4092421532
2862,HGS-TV,108012.0,658924.3528008461
2863,HGS-TV,108012.0,659346.6868431568
2864,HGS-TV,108012.0,659421.8430428505
2865,HGS-TV,108012.0,659956.7066726685
2866,HGS-TV,108012.0,660016.7799036503
2867,HGS-TV,108012.0,660076.8000869751
2868,HGS-TV,108012.0,660394.0868821144
2869,HGS-TV,108012.0,660511.5339207649
2870,HGS-TV,108012.0,660878.7753372192
2871,HGS-TV,108012.0,660939.2868592739
2872,HGS-TV,108012.0,661042.3002326488
2873,HGS-TV,108012.0,661441.0324225426
2874,HGS-TV,108012.0,661572.142318964
2875,HGS-TV,108012.0,662183.546346426
2876,HGS-TV,108012.0,662438.0063755512
2877,HGS-TV,108012.0,663327.4342486858
2878,HGS-TV,108012.0,663940.0126748085
2879,HGS-TV,108012.0,664772.7184407711
2880,HGS-TV,108012.0,665279.4739103317
2881,HGS-TV,108012.0,665470.2483558655
2882,HGS-TV,108012.0,666127.5178003311
2883,HGS-TV,108012.0,666851.558103323
2884,HGS-TV,108012.0,667036.607366085
2885,HGS-TV,108012.0,668019.412566185
2886,HGS-TV,108012.0,668079.5613508224
2887,HGS-TV,108012.0,670025.5523273945
2888,HGS-TV,108012.0,671179.1269512177
2889,HGS-TV,108012.0,671431.6404783726
2890,HGS-TV,108012.0,672059.5569643974
2891,HGS-TV,108012.0,672254.2196483612
2892,HGS-TV,108012.0,672569.6505274773
2893,HGS-TV,108012.0,672896.4589316845
2894,ails2_etaMax1.000_stoppingTime1728000.00,108536.0,673476.7093076172
2895,HGS-TV,108012.0,673480.3857433796
2896,ails2_etaMax1.000_stoppingTime1728000.00,108533.0,673476.7183076172
2897,HGS-TV,108012.0,673853.9516596794
2898,HGS-TV,108012.0,674259.5141983032
2899,HGS-TV,108012.0,674382.7109167576
2900,HGS-TV,108012.0,674707.474891901
2901,HGS-TV,108012.0,674887.5666851997
2902,HGS-TV,108012.0,675019.2091560364
2903,HGS-TV,108012.0,675105.6859493256
2904,HGS-TV,108012.0,675450.9007484913
2905,HGS-TV,108012.0,675590.8501076698
2906,HGS-TV,108012.0,676021.8270721436
2907,ails2_etaMax1.000_stoppingTime864000.00,108014.0,676100.0523076172
2908,ails2_etaMax1.000_stoppingTime864000.00,108010.0,676110.2963076172
2909,HGS-TV,108012.0,676468.3316533566
2910,HGS-TV,108012.0,676774.9528167248
2911,HGS-TV,108012.0,676848.2019910812
2912,HGS-TV,108008.0,677373.4182927608
2913,HGS-TV,108007.0,678706.6506524086
2914,HGS-TV,108005.0,678766.7960805893
2915,HGS-TV,108004.0,679155.9326074123
2916,HGS-TV,108002.0,679454.1899390221
2917,HGS-TV,108001.0,679633.0220043659
2918,HGS-TV,108000.0,679873.5367734432
2919,ails2_etaMax1.000_stoppingTime864000.00,108009.0,681032.9943076172
2920,ails2_etaMax1.000_stoppingTime864000.00,108008.0,681035.0793076172
2921,HGS-TV,108000.0,684147.4822478294
2922,HGS-TV,108000.0,684208.301076889
2923,HGS-TV,108000.0,684269.6008656025
2924,ails2_etaMax1.000_stoppingTime1728000.00,108532.0,684324.5223076172
2925,HGS-TV,108000.0,684330.5895853043
2926,ails2_etaMax1.000_stoppingTime1728000.00,108500.0,684324.7043076172
2927,HGS-TV,108000.0,684391.1028072834
2928,HGS-TV,108000.0,684455.5190002918
2929,HGS-TV,108000.0,684528.7056956291
2930,HGS-TV,108000.0,684588.9429042339
2931,HGS-TV,108000.0,684649.0405106544
2932,HGS-TV,108000.0,684709.2288331985
2933,HGS-TV,108000.0,684770.2685399055
2934,HGS-TV,108000.0,684834.9754383564
2935,HGS-TV,108000.0,684895.3710772991
2936,HGS-TV,108000.0,684980.9498209953
2937,HGS-TV,108000.0,685057.0630042553
2938,HGS-TV,108000.0,685244.1433727741
2939,HGS-TV,108000.0,686070.7193880081
2940,HGS-TV,108000.0,686142.2263777256
2941,HGS-TV,108000.0,686202.8187940121
2942,HGS-TV,108000.0,686263.7867546082
2943,HGS-TV,108000.0,686324.0663530827
2944,HGS-TV,108000.0,686934.0240852833
2945,HGS-TV,108000.0,687118.1438753605
2946,HGS-TV,108000.0,687185.9771485329
2947,HGS-TV,108000.0,687246.5722968578
2948,HGS-TV,108000.0,687307.6460368633
2949,HGS-TV,108000.0,687424.2075605392
2950,HGS-TV,108000.0,688113.9014730453
2951,HGS-TV,108000.0,688291.6567635536
2952,HGS-TV,108000.0,688543.8639452457
2953,HGS-TV,108000.0,688792.2986307144
2954,HGS-TV,108000.0,689056.5741846561
2955,HGS-TV,108000.0,689347.8560459614
2956,HGS-TV,108000.0,690324.672650814
2957,HGS-TV,108000.0,690627.2498903275
2958,HGS-TV,108000.0,691727.1028673649
2959,HGS-TV,108000.0,691910.0908813477
2960,HGS-TV,108000.0,692182.5231394768
2961,HGS-TV,108000.0,692498.7156281471
2962,HGS-TV,108000.0,692727.9359521866
2963,HGS-TV,108000.0,692905.2912766933
2964,HGS-TV,108000.0,692977.8425676823
2965,HGS-TV,108000.0,693233.0587947369
2966,HGS-TV,108000.0,693433.2928278446
2967,HGS-TV,108000.0,693520.4171807766
2968,HGS-TV,108000.0,693604.0845489502
2969,HGS-TV,108000.0,693691.6557414532
2970,ails2_etaMax1.000_stoppingTime864000.00,108007.0,693727.4213076172
2971,HGS-TV,108000.0,693751.9852228165
2972,ails2_etaMax1.000_stoppingTime864000.00,108006.0,693729.6483076172
2973,HGS-TV,108000.0,693812.2720117569
2974,HGS-TV,108000.0,694195.4711272717
2975,HGS-TV,108000.0,694255.5938959122
2976,HGS-TV,108000.0,694326.9552853107
2977,HGS-TV,108000.0,694590.6939153671
2978,ails2_etaMax1.000_stoppingTime1728000.00,108498.0,694763.3373076172
2979,ails2_etaMax1.000_stoppingTime1728000.00,108477.0,694765.9853076172
2980,HGS-TV,108000.0,694839.3291101456
2981,HGS-TV,108000.0,695239.1482961178
2982,HGS-TV,108000.0,695447.6566469669
2983,HGS-TV,108000.0,696263.314581871
2984,HGS-TV,108000.0,696485.2431099415
2985,HGS-TV,108000.0,696749.8822937012
2986,HGS-TV,108000.0,696810.3878185749
2987,HGS-TV,108000.0,697264.5207381248
2988,HGS-TV,108000.0,697580.6431498528
2989,HGS-TV,108000.0,697640.828555584
2990,ails2_etaMax1.000_stoppingTime864000.00,108005.0,698721.7033076172
2991,HGS-TV,108000.0,698861.3088703156
2992,HGS-TV,108000.0,698921.4604465961
2993,HGS-TV,108000.0,700047.0545191765
2994,HGS-TV,108000.0,701702.4443697929
2995,HGS-TV,108000.0,702144.826672554
2996,HGS-TV,108000.0,702442.2546739578
2997,HGS-TV,108000.0,703233.118170023
2998,HGS-TV,108000.0,703344.467997551
2999,HGS-TV,108000.0,703404.6592149734
3000,HGS-TV,108000.0,704486.8652608395
3001,HGS-TV,108000.0,704546.880607605
3002,HGS-TV,108000.0,706730.4106240273
3003,HGS-TV,108000.0,706836.2123525143
3004,HGS-TV,108000.0,706896.421006918
3005,HGS-TV,108000.0,707207.9450068474
3006,HGS-TV,108000.0,707749.98366189
3007,HGS-TV,108000.0,708065.2820186615
3008,HGS-TV,108000.0,708268.1323883533
3009,HGS-TV,108000.0,709816.9482979774
3010,HGS-TV,108000.0,710335.2476894855
3011,HGS-TV,108000.0,710538.3304431438
3012,HGS-TV,108000.0,710790.7228162289
3013,HGS-TV,108000.0,711287.441467762
3014,HGS-TV,108000.0,711358.4816968441
3015,HGS-TV,108000.0,711585.0397474766
3016,HGS-TV,108000.0,711659.3532893658
3017,HGS-TV,108000.0,712461.8952045441
3018,HGS-TV,108000.0,712691.3520114422
3019,HGS-TV,108000.0,713338.3074781895
3020,HGS-TV,108000.0,714421.867433548
3021,HGS-TV,108000.0,715156.9335045815
3022,HGS-TV,108000.0,716639.4835445881
3023,ails2_etaMax1.000_stoppingTime864000.00,108004.0,716701.7323076172
3024,HGS-TV,108000.0,717213.518683672
3025,HGS-TV,108000.0,717703.6065263748
3026,HGS-TV,108000.0,718108.0223760605
3027,HGS-TV,108000.0,718793.4534623623
3028,HGS-TV,108000.0,718965.5773084164
3029,HGS-TV,108000.0,719516.4175560474
3030,HGS-TV,108000.0,719673.9803752899
3031,HGS-TV,108000.0,719960.3366029263
3032,HGS-TV,108000.0,720020.4467842579
3033,HGS-TV,108000.0,720307.4751720428
3034,HGS-TV,108000.0,722345.5517449379
3035,ails2_etaMax1.000_stoppingTime864000.00,108003.0,722727.9373076172
3036,ails2_etaMax1.000_stoppingTime864000.00,108002.0,722741.1763076172
3037,ails2_etaMax1.000_stoppingTime864000.00,108001.0,723018.0243076172
3038,HGS-TV,108000.0,723049.4559593201
3039,ails2_etaMax1.000_stoppingTime864000.00,107999.0,723042.4843076172
3040,HGS-TV,108000.0,723303.972026825
3041,HGS-TV,107998.0,724088.1943104267
3042,ails2_etaMax1.000_stoppingTime1728000.00,108476.0,724455.2543076172
3043,ails2_etaMax1.000_stoppingTime1728000.00,108474.0,724456.3363076171
3044,HGS-TV,107997.0,727916.1768238544
3045,HGS-TV,107996.0,728458.3005225658
3046,ails2_etaMax1.000_stoppingTime1728000.00,108473.0,729572.0963076171
3047,ails2_etaMax1.000_stoppingTime1728000.00,108466.0,729576.4983076171
3048,HGS-TV,107991.0,730933.441450119
3049,HGS-TV,107990.0,731079.3745145798
3050,HGS-TV,107989.0,731645.7202398777
3051,ails2_etaMax1.000_stoppingTime1728000.00,108455.0,732308.6163076172
3052,ails2_etaMax1.000_stoppingTime1728000.00,108449.0,732310.0043076172
3053,ails2_etaMax1.000_stoppingTime1728000.00,108447.0,735770.8123076172
3054,HGS-TV,107989.0,736418.8541800976
3055,HGS-TV,107989.0,736479.1625423431
3056,HGS-TV,107989.0,736546.6057574749
3057,HGS-TV,107989.0,736703.2213737965
3058,HGS-TV,107989.0,736764.2351698875
3059,HGS-TV,107989.0,736894.555296421
3060,HGS-TV,107989.0,736955.2683434486
3061,HGS-TV,107989.0,737024.3409669399
3062,HGS-TV,107989.0,737084.4737398624
3063,HGS-TV,107989.0,737145.0231041908
3064,HGS-TV,107989.0,737205.9715874195
3065,HGS-TV,107989.0,737266.3588085175
3066,HGS-TV,107989.0,737330.9890317917
3067,HGS-TV,107989.0,737392.3292174339
3068,HGS-TV,107989.0,737452.8747899532
3069,HGS-TV,107989.0,737825.0661170483
3070,HGS-TV,107989.0,737922.7859680653
3071,HGS-TV,107989.0,738255.7545089722
3072,HGS-TV,107989.0,738480.7463080883
3073,HGS-TV,107989.0,738896.4141633511
3074,HGS-TV,107989.0,738970.5543148518
3075,HGS-TV,107989.0,739404.2594108582
3076,HGS-TV,107989.0,739609.7717878819
3077,HGS-TV,107989.0,740270.0312933922
3078,HGS-TV,107989.0,740334.6884932518
3079,HGS-TV,107989.0,741366.6438052654
3080,HGS-TV,107989.0,742378.3758733273
3081,HGS-TV,107989.0,742538.55479455
3082,HGS-TV,107989.0,743198.401674509
3083,HGS-TV,107989.0,743258.5669035912
3084,HGS-TV,107989.0,743461.5126559734
3085,HGS-TV,107989.0,743540.3027575016
3086,HGS-TV,107989.0,743939.9358336926
3087,HGS-TV,107989.0,744494.3019979
3088,HGS-TV,107989.0,744555.0445556641
3089,HGS-TV,107989.0,744785.6823251247
3090,HGS-TV,107989.0,745972.5712578297
3091,HGS-TV,107989.0,746925.8271915913
3092,ails2_etaMax1.000_stoppingTime1728000.00,108446.0,747765.8103076172
3093,HGS-TV,107989.0,747865.4761402607
3094,HGS-TV,107989.0,747941.0298845768
3095,HGS-TV,107989.0,748080.5880391598
3096,HGS-TV,107989.0,749193.810208559
3097,ails2_etaMax1.000_stoppingTime1728000.00,108444.0,749289.9493076171
3098,ails2_etaMax1.000_stoppingTime1728000.00,108429.0,749289.9793076172
3099,HGS-TV,107989.0,750443.6956157684
3100,HGS-TV,107989.0,750874.5648913383
3101,HGS-TV,107989.0,751194.8601784706
3102,HGS-TV,107989.0,751466.5969727039
3103,HGS-TV,107989.0,751734.8398795128
3104,HGS-TV,107989.0,752178.199952364
3105,HGS-TV,107989.0,752547.3985180855
3106,HGS-TV,107989.0,752630.0348038673
3107,HGS-TV,107989.0,753088.6435759068
3108,HGS-TV,107989.0,753148.9029171467
3109,HGS-TV,107989.0,754083.693470478
3110,HGS-TV,107989.0,754281.4521672726
3111,HGS-TV,107989.0,754460.0392637253
3112,HGS-TV,107989.0,754606.9703190327
3113,HGS-TV,107989.0,754667.3164126873
3114,HGS-TV,107989.0,754727.967366457
3115,ails2_etaMax1.000_stoppingTime1728000.00,108424.0,755699.8343076172
3116,ails2_etaMax1.000_stoppingTime1728000.00,108421.0,755699.9003076172
3117,HGS-TV,107989.0,755961.3898472786
3118,HGS-TV,107989.0,756062.7819020748
3119,ails2_etaMax1.000_stoppingTime1728000.00,108419.0,756243.0003076172
3120,ails2_etaMax1.000_stoppingTime1728000.00,108407.0,756244.0373076171
3121,HGS-TV,107989.0,756342.869437933
3122,ails2_etaMax1.000_stoppingTime1728000.00,108402.0,756339.2643076172
3123,ails2_etaMax1.000_stoppingTime1728000.00,108401.0,756705.6593076172
3124,ails2_etaMax1.000_stoppingTime1728000.00,108389.0,756706.0333076172
3125,HGS-TV,107989.0,757444.2924323082
3126,HGS-TV,107989.0,757616.5227718353
3127,HGS-TV,107989.0,757770.0347163677
3128,HGS-TV,107989.0,758030.3791823387
3129,HGS-TV,107989.0,758151.5576179028
3130,HGS-TV,107989.0,758968.1084806919
3131,HGS-TV,107989.0,759039.8273422718
3132,HGS-TV,107989.0,759595.3386952877
3133,HGS-TV,107989.0,759732.8196206093
3134,HGS-TV,107989.0,760054.8077557087
3135,HGS-TV,107989.0,760279.0681064129
3136,HGS-TV,107989.0,761078.2593972683
3137,HGS-TV,107989.0,761138.8205122948
3138,HGS-TV,107989.0,761228.9967529774
3139,HGS-TV,107989.0,762719.2859048843
3140,ails2_etaMax1.000_stoppingTime1728000.00,108386.0,763024.6733076172
3141,HGS-TV,107989.0,763065.7557041645
3142,ails2_etaMax1.000_stoppingTime1728000.00,108307.0,763036.8723076172
3143,HGS-TV,107989.0,763394.1610126495
3144,HGS-TV,107989.0,763764.9052782059
3145,HGS-TV,107989.0,764422.4928984642
3146,HGS-TV,107989.0,764811.4397511482
3147,HGS-TV,107989.0,766062.7750060558
3148,HGS-TV,107989.0,766686.8425118923
3149,HGS-TV,107989.0,767011.3524188995
3150,HGS-TV,107989.0,767498.8266825676
3151,HGS-TV,107989.0,769235.3841979504
3152,HGS-TV,107989.0,769790.2958476543
3153,HGS-TV,107989.0,772007.7946763039
3154,HGS-TV,107989.0,772068.0509135723
3155,HGS-TV,107989.0,772618.8830564022
3156,HGS-TV,107989.0,772679.3947968483
3157,HGS-TV,107989.0,773016.5226671696
3158,HGS-TV,107989.0,773530.534465313
3159,HGS-TV,107989.0,774936.8132236004
3160,HGS-TV,107989.0,775023.7269482613
3161,HGS-TV,107989.0,775187.597738266
3162,HGS-TV,107989.0,775492.1271495819
3163,HGS-TV,107989.0,775966.8535907269
3164,HGS-TV,107989.0,776027.3326461315
3165,HGS-TV,107989.0,776375.954044342
3166,HGS-TV,107989.0,776907.2351818085
3167,HGS-TV,107989.0,777045.5732419491
3168,HGS-TV,107989.0,777756.2540977001
3169,HGS-TV,107989.0,778019.0929646492
3170,HGS-TV,107989.0,778351.4005215168
3171,HGS-TV,107989.0,778641.95601964
3172,HGS-TV,107989.0,778702.0712304115
3173,HGS-TV,107989.0,779392.1736922264
3174,HGS-TV,107989.0,779483.1921606064
3175,HGS-TV,107989.0,779803.7032701969
3176,HGS-TV,107989.0,779901.3445169926
3177,HGS-TV,107989.0,780243.1464042664
3178,HGS-TV,107989.0,781620.2694582939
3179,HGS-TV,107989.0,781680.4568479061
3180,HGS-TV,107989.0,782669.7285914421
3181,HGS-TV,107989.0,783116.279299736
3182,HGS-TV,107989.0,783796.4362244606
3183,HGS-TV,107989.0,784459.3547875881
3184,HGS-TV,107989.0,784519.3611595631
3185,HGS-TV,107989.0,784592.3960361481
3186,HGS-TV,107989.0,784682.6180179119
3187,HGS-TV,107989.0,784853.6741278172
3188,HGS-TV,107989.0,785084.956691742
3189,HGS-TV,107989.0,786037.4444344044
3190,HGS-TV,107989.0,786433.2670328617
3191,HGS-TV,107989.0,787673.6522400379
3192,ails2_etaMax1.000_stoppingTime1728000.00,108303.0,788872.2203076172
3193,ails2_etaMax1.000_stoppingTime1728000.00,108291.0,788875.3843076172
3194,HGS-TV,107989.0,789277.3419618607
3195,HGS-TV,107989.0,789337.7486000061
3196,HGS-TV,107989.0,791031.5053508282
3197,HGS-TV,107989.0,791459.36404109
3198,HGS-TV,107989.0,791519.4504663944
3199,HGS-TV,107989.0,791584.523473978
3200,HGS-TV,107989.0,791705.3535501957
3201,HGS-TV,107989.0,792536.6680834293
3202,HGS-TV,107989.0,792748.1871552467
3203,HGS-TV,107989.0,792988.4049341679
3204,HGS-TV,107989.0,793157.3651065826
3205,HGS-TV,107989.0,793745.5029118061
3206,HGS-TV,107989.0,794052.643658638
3207,HGS-TV,107989.0,794112.784519434
3208,HGS-TV,107989.0,794376.1328396797
3209,HGS-TV,107989.0,794849.0499405861
3210,HGS-TV,107989.0,795411.7713258266
3211,HGS-TV,107989.0,795550.6406776905
3212,HGS-TV,107989.0,795664.5005550385
3213,HGS-TV,107989.0,795807.2327239513
3214,HGS-TV,107989.0,796085.2613384724
3215,HGS-TV,107989.0,796409.7669408321
3216,HGS-TV,107989.0,796622.8689830303
3217,HGS-TV,107989.0,796849.7524795532
3218,HGS-TV,107989.0,797004.724738121
3219,HGS-TV,107989.0,797266.3696713448
3220,HGS-TV,107989.0,797326.928409338
3221,HGS-TV,107989.0,797577.8284628391
3222,HGS-TV,107989.0,797712.2774550915
3223,HGS-TV,107989.0,798000.6319246292
3224,HGS-TV,107989.0,798397.5892715454
3225,HGS-TV,107989.0,798518.266220808
3226,HGS-TV,107989.0,799950.0515930653
3227,HGS-TV,107989.0,800010.4575879574
3228,HGS-TV,107989.0,800664.6398618221
3229,HGS-TV,107989.0,800724.6661515236
3230,HGS-TV,107989.0,802144.8112738132
3231,HGS-TV,107989.0,802294.350972414
3232,HGS-TV,107989.0,802512.9940941334
3233,HGS-TV,107989.0,802600.891040802
3234,HGS-TV,107989.0,803317.1323788166
3235,ails2_etaMax1.000_stoppingTime864000.00,107998.0,803363.8763076172
3236,HGS-TV,107989.0,803571.8055899143
3237,HGS-TV,107989.0,803894.9825568199
3238,HGS-TV,107989.0,803959.0072519779
3239,HGS-TV,107989.0,804086.0942602158
3240,HGS-TV,107989.0,805160.937158823
3241,HGS-TV,107989.0,805242.8909776211
3242,HGS-TV,107989.0,806249.2967803478
3243,HGS-TV,107989.0,807382.9293420315
3244,HGS-TV,107989.0,808001.3030962944
3245,HGS-TV,107989.0,808298.8302979469
3246,HGS-TV,107989.0,808402.027525425
3247,HGS-TV,107989.0,808968.4324421883
3248,HGS-TV,107989.0,809187.5147759914
3249,HGS-TV,107989.0,809266.3733274937
3250,HGS-TV,107989.0,809530.0937423706
3251,HGS-TV,107989.0,809753.5088860989
3252,HGS-TV,107989.0,810110.5015459061
3253,HGS-TV,107989.0,810347.428645134
3254,HGS-TV,107989.0,810492.9185752869
3255,HGS-TV,107989.0,810722.2910926342
3256,HGS-TV,107989.0,811151.7640566826
3257,HGS-TV,107989.0,811909.8794591427
3258,HGS-TV,107989.0,812197.0485367775
3259,HGS-TV,107989.0,812632.5110814571
3260,HGS-TV,107989.0,812713.7190778255
3261,HGS-TV,107989.0,812773.925252676
3262,HGS-TV,107989.0,813350.251496315
3263,HGS-TV,107989.0,814245.4520189762
3264,HGS-TV,107989.0,814469.8949103355
3265,HGS-TV,107989.0,815193.560841322
3266,HGS-TV,107989.0,815854.3585979939
3267,HGS-TV,107989.0,816013.0011594296
3268,HGS-TV,107989.0,816115.8512597084
3269,HGS-TV,107989.0,816183.8673107624
3270,HGS-TV,107989.0,816803.1670668125
3271,HGS-TV,107989.0,816973.4695744514
3272,HGS-TV,107989.0,817076.8060255051
3273,HGS-TV,107989.0,817137.0155191422
3274,HGS-TV,107989.0,817295.5528149605
3275,HGS-TV,107989.0,817876.1245760918
3276,HGS-TV,107989.0,818012.0100736618
3277,HGS-TV,107989.0,818178.366396904
3278,HGS-TV,107989.0,818678.8966670036
3279,HGS-TV,107989.0,818866.6502175331
3280,ails2_etaMax1.000_stoppingTime864000.00,107997.0,819022.7923076171
3281,HGS-TV,107989.0,819081.939306736
3282,ails2_etaMax1.000_stoppingTime864000.00,107996.0,819061.5203076171
3283,HGS-TV,107989.0,819295.6133766174
3284,HGS-TV,107989.0,819365.0188345909
3285,HGS-TV,107989.0,819935.5494785309
3286,HGS-TV,107989.0,820158.9315645695
3287,HGS-TV,107989.0,820350.7556791306
3288,HGS-TV,107989.0,820667.5599215031
3289,HGS-TV,107989.0,820814.7128767967
3290,HGS-TV,107989.0,821380.4049601555
3291,HGS-TV,107989.0,821440.5422604084
3292,HGS-TV,107989.0,821560.9114880562
3293,HGS-TV,107989.0,821620.9801476002
3294,HGS-TV,107989.0,821921.1772928238
3295,HGS-TV,107989.0,822049.6626420021
3296,HGS-TV,107989.0,822159.1936244965
3297,HGS-TV,107989.0,822219.7733101845
3298,HGS-TV,107989.0,822474.6573882103
3299,HGS-TV,107989.0,822624.5447707176
3300,HGS-TV,107989.0,823577.4842717648
3301,HGS-TV,107989.0,823722.5050652027
3302,HGS-TV,107989.0,824177.0209522247
3303,HGS-TV,107989.0,824930.3974192142
3304,HGS-TV,107989.0,825731.4546396732
3305,HGS-TV,107989.0,825817.7503352165
3306,HGS-TV,107989.0,825935.7118933201
3307,HGS-TV,107989.0,826022.0282950401
3308,HGS-TV,107989.0,826349.067843914
3309,HGS-TV,107989.0,826442.2299363613
3310,HGS-TV,107989.0,826589.7641479969
3311,HGS-TV,107989.0,826820.3224020004
3312,HGS-TV,107989.0,826903.0235695839
3313,HGS-TV,107989.0,826963.171175003
3314,HGS-TV,107989.0,827023.3239369392
3315,HGS-TV,107989.0,827097.5930736065
3316,HGS-TV,107989.0,827352.9898064137
3317,HGS-TV,107989.0,827547.5373735428
3318,HGS-TV,107989.0,827649.828815937
3319,HGS-TV,107989.0,827966.2750284672
3320,HGS-TV,107989.0,828234.0476315022
3321,HGS-TV,107989.0,828557.7971777916
3322,HGS-TV,107989.0,828756.1010811329
3323,HGS-TV,107989.0,828816.1124949455
3324,HGS-TV,107989.0,828950.1180057526
3325,HGS-TV,107989.0,829281.4578449726
3326,HGS-TV,107989.0,829800.4627454281
3327,HGS-TV,107989.0,829860.5669076443
3328,HGS-TV,107989.0,829920.6093268394
3329,HGS-TV,107989.0,830083.6621131897
3330,HGS-TV,107989.0,830164.3916964531
3331,HGS-TV,107989.0,830391.166618824
3332,HGS-TV,107989.0,830605.8640522957
3333,HGS-TV,107989.0,830666.0998311043
3334,HGS-TV,107989.0,830793.2775382996
3335,HGS-TV,107989.0,830883.0877037048
3336,HGS-TV,107989.0,831177.8993644714
3337,HGS-TV,107989.0,832584.0417900085
3338,HGS-TV,107989.0,832803.3306186199
3339,HGS-TV,107989.0,833107.6147279739
3340,HGS-TV,107989.0,833294.9957892895
3341,HGS-TV,107989.0,833932.593724966
3342,HGS-TV,107989.0,834792.0016863346
3343,HGS-TV,107989.0,835017.3476850986
3344,HGS-TV,107989.0,835180.8140494823
3345,HGS-TV,107989.0,835589.7324018478
3346,HGS-TV,107989.0,835650.1053278446
3347,HGS-TV,107989.0,835710.3698019981
3348,HGS-TV,107989.0,836688.9637255669
3349,HGS-TV,107989.0,836990.1320462227
3350,HGS-TV,107989.0,837201.746711731
3351,HGS-TV,107989.0,837536.1932377815
3352,HGS-TV,107989.0,837653.8548262119
3353,HGS-TV,107989.0,837713.947583437
3354,HGS-TV,107989.0,837858.4274733067
3355,HGS-TV,107989.0,838001.2885949612
3356,HGS-TV,107989.0,838073.1596529484
3357,HGS-TV,107989.0,838424.2627835274
3358,HGS-TV,107989.0,839347.7478179932
3359,HGS-TV,107989.0,842185.4169111252
3360,HGS-TV,107989.0,843073.0217721462
3361,HGS-TV,107989.0,843523.4976351261
3362,HGS-TV,107989.0,843583.573652029
3363,HGS-TV,107989.0,849218.1701383591
3364,HGS-TV,107989.0,849278.2009985447
3365,HGS-TV,107989.0,849339.6253006458
3366,HGS-TV,107989.0,849400.9401314259
3367,HGS-TV,107989.0,849461.3458986282
3368,HGS-TV,107989.0,849579.8301827908
3369,HGS-TV,107989.0,849640.1537976265
3370,HGS-TV,107989.0,849700.498513937
3371,HGS-TV,107989.0,849854.0885870457
3372,HGS-TV,107989.0,849914.6745355129
3373,HGS-TV,107989.0,849991.8530590534
3374,HGS-TV,107989.0,850157.9443335533
3375,HGS-TV,107989.0,850583.5455210209
3376,HGS-TV,107989.0,850803.8707771301
3377,HGS-TV,107989.0,851146.6414554119
3378,HGS-TV,107989.0,852144.8450055122
3379,HGS-TV,107989.0,852360.4361310005
3380,HGS-TV,107989.0,852423.4283983707
3381,HGS-TV,107989.0,853304.0793426037
3382,HGS-TV,107989.0,853841.6187653542
3383,ails2_etaMax1.000_stoppingTime1728000.00,108275.0,853884.8323076172
3384,ails2_etaMax1.000_stoppingTime1728000.00,108269.0,853886.8943076172
3385,HGS-TV,107989.0,854432.9093666077
3386,HGS-TV,107989.0,854493.7389600277
3387,HGS-TV,107989.0,855797.0733773708
3388,HGS-TV,107989.0,856458.0107839108
3389,HGS-TV,107989.0,856968.0234274864
3390,HGS-TV,107989.0,857103.9134390354
3391,HGS-TV,107989.0,857626.6063563824
3392,HGS-TV,107989.0,857785.5529055595
3393,HGS-TV,107989.0,858139.0492777824
3394,HGS-TV,107989.0,858293.6669082642
3395,HGS-TV,107989.0,858354.3571989536
3396,HGS-TV,107989.0,858594.3039386272
3397,HGS-TV,107989.0,858767.8039813042
3398,HGS-TV,107989.0,859595.5886669159
3399,HGS-TV,107989.0,859655.631619215
3400,HGS-TV,107989.0,859848.3368756771
3401,HGS-TV,107989.0,860200.2985031605
3402,ails2_etaMax1.000_stoppingTime1728000.00,108265.0,860236.9333076172
3403,ails2_etaMax1.000_stoppingTime1728000.00,108254.0,860237.8943076172
3404,HGS-TV,107989.0,860446.5094344616
3405,HGS-TV,107989.0,860601.8262841702
3406,HGS-TV,107989.0,860854.2508580685
3407,HGS-TV,107989.0,860914.8964493275
3408,HGS-TV,107989.0,861003.8587784767
3409,HGS-TV,107989.0,861349.9148159027
3410,HGS-TV,107989.0,861508.5305581093
3411,HGS-TV,107989.0,861624.9750201702
3412,HGS-TV,107989.0,861818.0844182968
3413,HGS-TV,107989.0,861878.5175523758
3414,HGS-TV,107989.0,862059.187589407
3415,HGS-TV,107989.0,862138.4809229374
3416,HGS-TV,107989.0,862249.9373335838
3417,HGS-TV,107989.0,863271.1705651283
3418,HGS-TV,107989.0,864079.0038411617
3419,HGS-TV,107989.0,864170.9196619987
3420,HGS-TV,107989.0,864810.0672142506
3421,HGS-TV,107989.0,865609.1516325474
3422,HGS-TV,107989.0,865703.4511699677
3423,HGS-TV,107989.0,865786.899107933
3424,HGS-TV,107989.0,866237.6163175106
3425,HGS-TV,107989.0,866945.6045222282
3426,HGS-TV,107989.0,867379.6765527725
3427,HGS-TV,107989.0,868337.6399300098
3428,HGS-TV,107989.0,869126.3967468739
3429,HGS-TV,107989.0,869327.4808855057
3430,HGS-TV,107989.0,869439.4055933952
3431,HGS-TV,107989.0,869954.7039909363
3432,HGS-TV,107989.0,870333.5101475716
3433,HGS-TV,107989.0,871131.1480698586
3434,HGS-TV,107989.0,871421.5773875713
3435,HGS-TV,107989.0,871744.417320013
3436,HGS-TV,107989.0,871804.4653007984
3437,HGS-TV,107989.0,872422.1039140224
3438,HGS-TV,107989.0,872482.264590025
3439,ails2_etaMax1.000_stoppingTime1728000.00,108245.0,873233.0413076172
3440,ails2_etaMax1.000_stoppingTime1728000.00,108216.0,873260.2683076172
3441,HGS-TV,107989.0,873332.3119263649
3442,HGS-TV,107989.0,873583.6814835072
3443,HGS-TV,107989.0,874055.4673230648
3444,HGS-TV,107989.0,874115.4825146198
3445,HGS-TV,107989.0,874341.9500975609
3446,HGS-TV,107989.0,874455.9105834961
3447,HGS-TV,107989.0,874595.0051326752
3448,HGS-TV,107989.0,875151.7629122734
3449,HGS-TV,107989.0,875392.4914200306
3450,HGS-TV,107989.0,876790.100561142
3451,HGS-TV,107989.0,877017.9001271725
3452,HGS-TV,107989.0,877462.0776336193
3453,HGS-TV,107989.0,877612.5911111832
3454,HGS-TV,107989.0,877672.8987362385
3455,HGS-TV,107989.0,877776.1171963215
3456,HGS-TV,107989.0,877850.9461817741
3457,HGS-TV,107989.0,878209.2621545792
3458,HGS-TV,107989.0,878295.9897921085
3459,HGS-TV,107989.0,878815.5136082172
3460,HGS-TV,107989.0,880470.7951610088
3461,HGS-TV,107989.0,880733.3737919331
3462,HGS-TV,107989.0,880793.4141180515
3463,HGS-TV,107989.0,881247.2363681793
3464,HGS-TV,107989.0,881712.5599246025
3465,HGS-TV,107989.0,882680.1036198139
3466,HGS-TV,107989.0,883548.4973609447
3467,HGS-TV,107989.0,884991.4168827534
3468,HGS-TV,107989.0,885055.228269577
3469,HGS-TV,107989.0,885445.0538175106
3470,HGS-TV,107989.0,885510.6268827915
3471,HGS-TV,107989.0,886473.1597266197
3472,HGS-TV,107989.0,887689.3916800022
3473,HGS-TV,107989.0,890082.1347587109
3474,HGS-TV,107989.0,891483.0212221146
3475,HGS-TV,107989.0,891543.5743215084
3476,HGS-TV,107989.0,891791.7588589191
3477,HGS-TV,107989.0,891851.9658596516
3478,HGS-TV,107989.0,892168.2135825157
3479,HGS-TV,107989.0,892228.5409379005
3480,HGS-TV,107989.0,893282.3187935352
3481,HGS-TV,107989.0,893411.5751719475
3482,HGS-TV,107989.0,895055.3188943863
3483,HGS-TV,107989.0,896011.3971188068
3484,HGS-TV,107989.0,896256.9709789753
3485,HGS-TV,107989.0,896750.4442267418
3486,HGS-TV,107989.0,896810.4462623596
3487,HGS-TV,107989.0,897721.0298867226
3488,HGS-TV,107989.0,898103.5659687519
3489,HGS-TV,107989.0,898426.3789389133
3490,HGS-TV,107989.0,898612.2558288574
3491,HGS-TV,107989.0,898672.7388026714
3492,HGS-TV,107989.0,898732.8453910351
3493,HGS-TV,107989.0,900329.1628098488
3494,HGS-TV,107989.0,900389.5487544537
3495,HGS-TV,107989.0,901212.6291527748
3496,HGS-TV,107989.0,901304.672311306
3497,HGS-TV,107989.0,901650.1916670799
3498,HGS-TV,107989.0,901718.7267518044
3499,HGS-TV,107989.0,901778.8499116898
3500,HGS-TV,107989.0,902048.5433571339
3501,HGS-TV,107989.0,902462.8354310989
3502,HGS-TV,107989.0,902555.468914032
3503,HGS-TV,107989.0,902634.7204763889
3504,HGS-TV,107989.0,903596.7374186516
3505,HGS-TV,107989.0,906946.7061798573
3506,HGS-TV,107989.0,907200.1799061298
3507,HGS-TV,107989.0,907737.456537962
3508,HGS-TV,107989.0,907833.4757699966
3509,HGS-TV,107989.0,908946.1631660461
3510,HGS-TV,107989.0,909006.1957595348
3511,HGS-TV,107989.0,909188.2149972916
3512,HGS-TV,107989.0,909801.6036047935
3513,HGS-TV,107989.0,910103.2216455936
3514,HGS-TV,107989.0,910889.8033337593
3515,HGS-TV,107989.0,910979.3089790344
3516,HGS-TV,107989.0,911082.2615747452
3517,HGS-TV,107989.0,911278.1367592812
3518,HGS-TV,107989.0,911386.5193638802
3519,HGS-TV,107989.0,911545.5161435604
3520,HGS-TV,107989.0,911605.8588411808
3521,HGS-TV,107989.0,911671.5144453049
3522,HGS-TV,107989.0,911731.7775621414
3523,HGS-TV,107989.0,911828.3246741295
3524,HGS-TV,107989.0,911948.1925740242
3525,HGS-TV,107989.0,912733.4285662174
3526,HGS-TV,107989.0,912927.3888545036
3527,HGS-TV,107989.0,913394.392203331
3528,HGS-TV,107989.0,913498.6492562294
3529,HGS-TV,107989.0,913558.9383625984
3530,HGS-TV,107989.0,913726.5648536682
3531,HGS-TV,107989.0,913786.7038075924
3532,HGS-TV,107989.0,913846.7056283951
3533,HGS-TV,107989.0,914021.6508388519
3534,HGS-TV,107989.0,914320.8059065342
3535,HGS-TV,107989.0,914574.7738397121
3536,HGS-TV,107989.0,914947.1266584396
3537,HGS-TV,107989.0,915385.1244323254
3538,HGS-TV,107989.0,915904.9777469635
3539,HGS-TV,107989.0,916070.1926791668
3540,HGS-TV,107989.0,916416.2721996307
3541,HGS-TV,107989.0,917449.7168653011
3542,HGS-TV,107989.0,917636.5989768505
3543,HGS-TV,107989.0,918048.2556564808
3544,HGS-TV,107989.0,918987.2978982925
3545,HGS-TV,107989.0,919047.5195789337
3546,HGS-TV,107989.0,919107.6023955345
3547,HGS-TV,107989.0,919859.3397176266
3548,HGS-TV,107989.0,919919.5400030613
3549,HGS-TV,107989.0,920037.8920390606
3550,HGS-TV,107989.0,920226.1950440407
3551,HGS-TV,107989.0,921134.8666996956
3552,HGS-TV,107989.0,921371.9416034222
3553,HGS-TV,107989.0,921432.6046910286
3554,HGS-TV,107989.0,921492.6989812851
3555,HGS-TV,107989.0,921573.4373047352
3556,HGS-TV,107989.0,922265.5592474937
3557,HGS-TV,107989.0,922359.8797285557
3558,HGS-TV,107989.0,922538.1575093269
3559,HGS-TV,107989.0,922637.2882635593
3560,HGS-TV,107989.0,922840.1393699646
3561,HGS-TV,107989.0,922915.101770401
3562,HGS-TV,107989.0,923276.3026249409
3563,HGS-TV,107989.0,923692.1876604557
3564,HGS-TV,107989.0,923752.4601130486
3565,HGS-TV,107989.0,923866.8917179108
3566,HGS-TV,107989.0,923968.7042443752
3567,HGS-TV,107989.0,924358.8858709335
3568,HGS-TV,107989.0,924446.2512123585
3569,HGS-TV,107989.0,924616.9091625214
3570,HGS-TV,107989.0,924791.5294229984
3571,HGS-TV,107989.0,924905.8333215714
3572,HGS-TV,107989.0,925399.0332081318
3573,HGS-TV,107989.0,925640.5922677517
3574,HGS-TV,107989.0,926488.6130681038
3575,HGS-TV,107989.0,926992.5227704048
3576,HGS-TV,107989.0,927304.8864719868
3577,HGS-TV,107989.0,927410.5599548817
3578,ails2_etaMax1.000_stoppingTime1728000.00,108214.0,927677.6353076171
3579,ails2_etaMax1.000_stoppingTime1728000.00,108187.0,927678.1823076172
3580,HGS-TV,107989.0,928428.0609939098
3581,HGS-TV,107989.0,928938.8480618
3582,HGS-TV,107989.0,929520.2322573662
3583,HGS-TV,107989.0,929593.4483702183
3584,HGS-TV,107989.0,929715.244579792
3585,HGS-TV,107989.0,929775.4456474781
3586,HGS-TV,107989.0,930107.1930849552
3587,HGS-TV,107989.0,930167.48868227
3588,HGS-TV,107989.0,930412.7159292698
3589,HGS-TV,107989.0,930629.1447751522
3590,HGS-TV,107989.0,931370.5483477116
3591,HGS-TV,107989.0,931555.4358625412
3592,HGS-TV,107989.0,931884.6681559086
3593,HGS-TV,107989.0,931984.334928751
3594,HGS-TV,107989.0,932044.4329118729
3595,HGS-TV,107989.0,932277.2887709141
3596,HGS-TV,107989.0,932337.4248428345
3597,HGS-TV,107989.0,932490.4020273685
3598,HGS-TV,107989.0,932703.2225801945
3599,HGS-TV,107989.0,932763.2969806194
3600,HGS-TV,107989.0,933014.0746314526
3601,HGS-TV,107989.0,933464.2498557568
3602,HGS-TV,107989.0,933642.2182223797
3603,HGS-TV,107989.0,934079.0380067825
3604,HGS-TV,107989.0,934306.3093137741
3605,HGS-TV,107989.0,934382.1771745682
3606,HGS-TV,107989.0,934624.3499906063
3607,HGS-TV,107989.0,934890.9623653889
3608,HGS-TV,107989.0,935140.1013579369
3609,HGS-TV,107989.0,935230.9210984707
3610,HGS-TV,107989.0,935290.9830465317
3611,HGS-TV,107989.0,935408.0568342209
3612,HGS-TV,107989.0,935601.4709393978
3613,HGS-TV,107989.0,935724.1281759739
3614,HGS-TV,107989.0,935785.8050627708
3615,HGS-TV,107989.0,936696.4200327396
3616,HGS-TV,107989.0,936896.8077523708
3617,HGS-TV,107989.0,937012.677885294
3618,HGS-TV,107989.0,937257.6209335327
3619,HGS-TV,107989.0,937849.4738073349
3620,HGS-TV,107989.0,937909.6364047527
3621,HGS-TV,107989.0,938462.9391028881
3622,HGS-TV,107989.0,938656.355659008
3623,HGS-TV,107989.0,938716.3663096428
3624,HGS-TV,107989.0,939462.1811814308
3625,HGS-TV,107989.0,939522.2969551086
3626,HGS-TV,107989.0,939657.396037817
3627,HGS-TV,107989.0,939798.2318937778
3628,HGS-TV,107989.0,939858.4886231422
3629,HGS-TV,107989.0,940099.241945982
3630,HGS-TV,107989.0,940336.6535608768
3631,HGS-TV,107989.0,940397.0305349827
3632,HGS-TV,107989.0,940474.5304105282
3633,HGS-TV,107989.0,940587.5672812462
3634,HGS-TV,107989.0,940647.7754721642
3635,HGS-TV,107989.0,940999.671800375
3636,HGS-TV,107989.0,941157.7160999775
3637,HGS-TV,107989.0,941461.0256097317
3638,HGS-TV,107989.0,941713.0953743458
3639,HGS-TV,107989.0,941807.9495456219
3640,HGS-TV,107989.0,942065.5083661079
3641,HGS-TV,107989.0,942255.1998958588
3642,HGS-TV,107989.0,942315.2509944439
3643,HGS-TV,107989.0,942956.827337265
3644,HGS-TV,107989.0,943639.979911089
3645,HGS-TV,107989.0,943739.6114630699
3646,HGS-TV,107989.0,944168.3472902775
3647,HGS-TV,107989.0,944438.9750733376
3648,HGS-TV,107989.0,945145.3036339283
3649,HGS-TV,107989.0,945873.0842254162
3650,HGS-TV,107989.0,946656.889840126
3651,HGS-TV,107989.0,947001.5375256538
3652,HGS-TV,107989.0,947157.9010543823
3653,HGS-TV,107989.0,947218.1712639332
3654,HGS-TV,107989.0,947447.2912676334
3655,HGS-TV,107989.0,948064.2023358345
3656,HGS-TV,107989.0,948407.0374157429
3657,HGS-TV,107989.0,949029.37038517
3658,ails2_etaMax1.000_stoppingTime1728000.00,108186.0,949357.8713076172
3659,ails2_etaMax1.000_stoppingTime1728000.00,108169.0,949358.4563076171
3660,HGS-TV,107989.0,949482.3592209816
3661,HGS-TV,107989.0,949603.8813676834
3662,HGS-TV,107989.0,949664.1274914742
3663,HGS-TV,107989.0,949724.3099851608
3664,HGS-TV,107989.0,949797.776255846
3665,HGS-TV,107989.0,950026.0184104443
3666,HGS-TV,107989.0,950343.0695092678
3667,HGS-TV,107989.0,950403.4643838406
3668,HGS-TV,107989.0,950685.7027378082
3669,HGS-TV,107989.0,951245.4519431591
3670,HGS-TV,107989.0,951591.7994458675
3671,HGS-TV,107989.0,951762.3550364971
3672,HGS-TV,107989.0,951822.4207642078
3673,HGS-TV,107989.0,951933.833892107
3674,HGS-TV,107989.0,952102.6614923477
3675,HGS-TV,107989.0,952174.2403042316
3676,HGS-TV,107989.0,952335.7183561325
3677,HGS-TV,107989.0,952395.8759353161
3678,HGS-TV,107989.0,952527.5242712498
3679,HGS-TV,107989.0,952727.4779019356
3680,HGS-TV,107989.0,952891.1501796246
3681,HGS-TV,107989.0,952951.3754460812
3682,HGS-TV,107989.0,953088.7813260555
3683,HGS-TV,107989.0,953257.1674060822
3684,HGS-TV,107989.0,953342.5488877296
3685,HGS-TV,107989.0,953487.2883155346
3686,HGS-TV,107989.0,953682.0368213654
3687,HGS-TV,107989.0,953742.045514822
3688,HGS-TV,107989.0,954135.5885958672
3689,HGS-TV,107989.0,954195.8990104198
3690,HGS-TV,107989.0,954504.4969060421
3691,ails2_etaMax1.000_stoppingTime1728000.00,108167.0,954605.8033076172
3692,HGS-TV,107989.0,954631.6591558456
3693,ails2_etaMax1.000_stoppingTime1728000.00,108157.0,954606.0993076172
3694,HGS-TV,107989.0,954754.8352909088
3695,HGS-TV,107989.0,955009.976943016
3696,HGS-TV,107989.0,955488.2521188259
3697,HGS-TV,107989.0,955548.3997294903
3698,HGS-TV,107989.0,955757.8838238716
3699,HGS-TV,107989.0,956152.8401153088
3700,HGS-TV,107989.0,956341.7335965633
3701,HGS-TV,107989.0,956401.8802273273
3702,HGS-TV,107989.0,956590.1517517567
3703,HGS-TV,107989.0,956820.5717587471
3704,HGS-TV,107989.0,956907.8453314304
3705,HGS-TV,107989.0,957021.0237493515
3706,HGS-TV,107989.0,957261.3325333595
3707,HGS-TV,107989.0,957364.9851725101
3708,HGS-TV,107989.0,957663.7649412155
3709,HGS-TV,107989.0,958232.8711316586
3710,HGS-TV,107989.0,958417.0665307045
3711,HGS-TV,107989.0,958830.646415472
3712,ails2_etaMax1.000_stoppingTime1728000.00,108149.0,959361.7453076172
3713,HGS-TV,107989.0,959363.1557877064
3714,ails2_etaMax1.000_stoppingTime1728000.00,108148.0,959369.7573076172
3715,HGS-TV,107989.0,959837.1128275394
3716,HGS-TV,107989.0,959960.9791054726
3717,HGS-TV,107989.0,960424.8702294827
3718,HGS-TV,107989.0,960704.426653862
3719,HGS-TV,107989.0,961246.637342453
3720,HGS-TV,107989.0,961614.8915610313
3721,HGS-TV,107989.0,961675.1155116558
3722,HGS-TV,107989.0,961812.9485435486
3723,HGS-TV,107989.0,962233.3087325096
3724,HGS-TV,107989.0,963194.5939683914
3725,HGS-TV,107989.0,963275.3973166943
3726,HGS-TV,107989.0,963527.189965725
3727,HGS-TV,107989.0,963920.1927995682
3728,HGS-TV,107989.0,964345.1400361061
3729,HGS-TV,107989.0,964510.5321528912
3730,HGS-TV,107989.0,964718.4900977612
3731,HGS-TV,107989.0,964993.7681474686
3732,HGS-TV,107989.0,965381.5786607265
3733,HGS-TV,107989.0,965842.6577215195
3734,HGS-TV,107989.0,967437.2754333019
3735,HGS-TV,107989.0,967772.1226427555
3736,HGS-TV,107989.0,967947.244543314
3737,HGS-TV,107989.0,968007.5936279297
3738,HGS-TV,107989.0,968193.2536847591
3739,HGS-TV,107989.0,968619.3178949356
3740,HGS-TV,107989.0,968687.4491086006
3741,HGS-TV,107989.0,968971.1993045807
3742,HGS-TV,107989.0,969287.745516777
3743,HGS-TV,107989.0,969425.5800080299
3744,HGS-TV,107989.0,969534.0097613335
3745,HGS-TV,107989.0,969594.1375985146
3746,HGS-TV,107989.0,969815.228317976
3747,HGS-TV,107989.0,970898.229309082
3748,HGS-TV,107989.0,973475.3455748558
3749,HGS-TV,107989.0,974499.0100808144
3750,HGS-TV,107989.0,975048.5451595783
3751,HGS-TV,107989.0,975108.716545105
3752,HGS-TV,107989.0,975869.9047968388
3753,HGS-TV,107989.0,977575.7652835846
3754,HGS-TV,107989.0,978145.9830799103
3755,HGS-TV,107989.0,978206.0963139534
3756,HGS-TV,107989.0,978549.8395216465
3757,HGS-TV,107989.0,979817.0235617161
3758,HGS-TV,107989.0,980094.1802809238
3759,HGS-TV,107989.0,980786.5591466427
3760,HGS-TV,107989.0,981036.1116232872
3761,HGS-TV,107989.0,981306.3294467926
3762,HGS-TV,107989.0,981753.2316024303
3763,HGS-TV,107989.0,983074.9830377102
3764,HGS-TV,107989.0,983276.9431509972
3765,HGS-TV,107989.0,983337.0713465214
3766,HGS-TV,107989.0,983830.9839198589
3767,HGS-TV,107989.0,986002.6261301041
3768,HGS-TV,107989.0,986607.4314491749
3769,HGS-TV,107989.0,986936.3396341801
3770,HGS-TV,107989.0,990778.5070171356
3771,HGS-TV,107989.0,990870.917933464
3772,HGS-TV,107989.0,991226.8329324722
3773,ails2_etaMax1.000_stoppingTime1728000.00,108147.0,993696.8433076172
3774,HGS-TV,107989.0,994418.0143585205
3775,HGS-TV,107989.0,997802.683819294
3776,HGS-TV,107989.0,999248.5322475433
3777,HGS-TV,107989.0,999705.9302663803
3778,HGS-TV,107989.0,1000007.6790978909
3779,HGS-TV,107989.0,1000294.5905702114
3780,HGS-TV,107989.0,1000532.4164664745
3781,HGS-TV,107989.0,1001645.001970768
3782,ails2_etaMax1.000_stoppingTime1728000.00,108145.0,1002266.9553076172
3783,ails2_etaMax1.000_stoppingTime1728000.00,108139.0,1002268.9963076172
3784,HGS-TV,107989.0,1002851.0573980808
3785,HGS-TV,107989.0,1004331.8464689255
3786,HGS-TV,107989.0,1004674.7519445419
3787,ails2_etaMax1.000_stoppingTime1728000.00,108138.0,1006004.4603076172
3788,ails2_etaMax1.000_stoppingTime1728000.00,108123.0,1006012.2963076172
3789,HGS-TV,107989.0,1009668.175590992
3790,HGS-TV,107989.0,1015517.5009915829
3791,HGS-TV,107989.0,1015838.0467646122
3792,HGS-TV,107989.0,1019998.2769289017
3793,HGS-TV,107989.0,1020571.4691176414
3794,HGS-TV,107989.0,1020694.2759783268
3795,HGS-TV,107989.0,1020790.7233433723
3796,HGS-TV,107989.0,1021015.4747831821
3797,HGS-TV,107989.0,1021075.5541772842
3798,HGS-TV,107989.0,1021470.3651690483
3799,HGS-TV,107989.0,1021530.6211841106
3800,HGS-TV,107989.0,1022286.7578225136
3801,HGS-TV,107989.0,1022785.3238151073
3802,HGS-TV,107989.0,1023582.8675777912
3803,HGS-TV,107989.0,1024415.2022759914
3804,ails2_etaMax1.000_stoppingTime1728000.00,108122.0,1024415.5203076171
3805,HGS-TV,107989.0,1024475.715837717
3806,ails2_etaMax1.000_stoppingTime1728000.00,108109.0,1024416.5043076172
3807,HGS-TV,107989.0,1025318.7893373966
3808,HGS-TV,107989.0,1025594.2072732449
3809,HGS-TV,107989.0,1025680.7769260406
3810,HGS-TV,107989.0,1025912.6382544041
3811,HGS-TV,107989.0,1026664.662276268
3812,HGS-TV,107989.0,1026812.5761539936
3813,HGS-TV,107989.0,1026929.7936649323
3814,HGS-TV,107989.0,1027517.7386758327
3815,HGS-TV,107989.0,1027655.9383752346
3816,HGS-TV,107989.0,1027715.9802510738
3817,HGS-TV,107989.0,1028017.0098440647
3818,HGS-TV,107989.0,1028253.0913023949
3819,HGS-TV,107989.0,1028487.371484518
3820,HGS-TV,107989.0,1028609.3216302395
3821,HGS-TV,107989.0,1028853.542683363
3822,ails2_etaMax1.000_stoppingTime1728000.00,108107.0,1029904.9483076172
3823,HGS-TV,107989.0,1032687.09141469
3824,HGS-TV,107989.0,1034044.4706189632
3825,HGS-TV,107989.0,1037564.0159699917
3826,HGS-TV,107989.0,1038108.887542963
3827,ails2_etaMax1.000_stoppingTime1728000.00,108106.0,1040854.5703076172
3828,ails2_etaMax1.000_stoppingTime1728000.00,108090.0,1040857.0413076172
3829,ails2_etaMax1.000_stoppingTime1728000.00,108088.0,1042865.5333076172
3830,ails2_etaMax1.000_stoppingTime1728000.00,108078.0,1042865.9103076172
3831,HGS-TV,107989.0,1044452.6747889519
3832,HGS-TV,107989.0,1044513.3219568729
3833,HGS-TV,107989.0,1044573.5481798649
3834,HGS-TV,107989.0,1044635.1808745861
3835,HGS-TV,107989.0,1044695.3218300343
3836,HGS-TV,107989.0,1044755.9813776016
3837,HGS-TV,107989.0,1044816.8208858967
3838,HGS-TV,107989.0,1044877.5180399418
3839,HGS-TV,107989.0,1044938.465641737
3840,HGS-TV,107989.0,1045024.1353025436
3841,HGS-TV,107989.0,1045084.6154170036
3842,HGS-TV,107989.0,1045145.9809646606
3843,HGS-TV,107989.0,1045272.9420144558
3844,HGS-TV,107989.0,1045426.163640976
3845,HGS-TV,107989.0,1045499.0549969673
3846,HGS-TV,107989.0,1046386.4921035767
3847,HGS-TV,107989.0,1046635.5715560913
3848,HGS-TV,107989.0,1047084.0942926407
3849,HGS-TV,107989.0,1047185.1635773182
3850,HGS-TV,107989.0,1047597.961368084
3851,HGS-TV,107989.0,1048400.9833953381
3852,HGS-TV,107989.0,1048758.1668009758
3853,HGS-TV,107989.0,1049188.7290332317
3854,HGS-TV,107989.0,1049249.510582447
3855,HGS-TV,107989.0,1049309.5216994286
3856,HGS-TV,107989.0,1049465.587660551
3857,HGS-TV,107989.0,1049644.1928098202
3858,HGS-TV,107989.0,1050312.249562025
3859,HGS-TV,107989.0,1050372.9381875992
3860,HGS-TV,107989.0,1051063.8525297642
3861,HGS-TV,107989.0,1051517.0367183685
3862,HGS-TV,107989.0,1051645.3857257366
3863,HGS-TV,107989.0,1052316.2127091885
3864,HGS-TV,107989.0,1052524.1131865978
3865,HGS-TV,107989.0,1052996.4672801495
3866,HGS-TV,107989.0,1054164.242273569
3867,HGS-TV,107989.0,1056002.9512608051
3868,HGS-TV,107989.0,1056211.0455200672
3869,HGS-TV,107989.0,1056967.1317529678
3870,HGS-TV,107989.0,1057688.7778203487
3871,HGS-TV,107989.0,1057919.6781787872
3872,HGS-TV,107989.0,1058223.6997029781
3873,HGS-TV,107989.0,1058428.4748544693
3874,HGS-TV,107989.0,1058946.7288570404
3875,HGS-TV,107989.0,1059067.9871621132
3876,HGS-TV,107989.0,1059364.2744708061
3877,HGS-TV,107989.0,1059622.5392460823
3878,HGS-TV,107989.0,1059788.6168441772
3879,HGS-TV,107989.0,1060359.2630925179
3880,HGS-TV,107989.0,1060600.1896426678
3881,HGS-TV,107989.0,1061245.3280980587
3882,HGS-TV,107989.0,1061829.247934103
3883,HGS-TV,107989.0,1062020.009222746
3884,HGS-TV,107989.0,1062166.7437109947
3885,HGS-TV,107989.0,1062227.2820265293
3886,HGS-TV,107989.0,1062922.028997898
3887,HGS-TV,107989.0,1063202.1854321957
3888,HGS-TV,107989.0,1063262.301197052
3889,HGS-TV,107989.0,1063856.459294796
3890,HGS-TV,107989.0,1064230.1556754112
3891,HGS-TV,107989.0,1064412.0576090813
3892,HGS-TV,107989.0,1065215.2155418396
3893,HGS-TV,107989.0,1065284.060871601
3894,HGS-TV,107989.0,1065346.6759209633
3895,HGS-TV,107989.0,1066168.4719035625
3896,HGS-TV,107989.0,1066272.188984394
3897,HGS-TV,107989.0,1067465.7238054276
3898,HGS-TV,107989.0,1067602.439496994
3899,HGS-TV,107989.0,1068389.2549290657
3900,HGS-TV,107989.0,1069593.9007771015
3901,HGS-TV,107989.0,1070172.8866598606
3902,HGS-TV,107989.0,1071034.95550704
3903,HGS-TV,107989.0,1071790.3698775768
3904,HGS-TV,107989.0,1072811.4609675407
3905,ails2_etaMax1.000_stoppingTime1728000.00,108077.0,1073422.8593076172
3906,ails2_etaMax1.000_stoppingTime1728000.00,108074.0,1073423.0173076172
3907,HGS-TV,107989.0,1074072.765409708
3908,HGS-TV,107989.0,1074239.8580591679
3909,HGS-TV,107989.0,1075693.3902487755
3910,HGS-TV,107989.0,1076894.1631455421
3911,HGS-TV,107989.0,1077016.4241659641
3912,HGS-TV,107989.0,1077499.2221472263
3913,HGS-TV,107989.0,1077615.45930624
3914,HGS-TV,107989.0,1077816.3983678818
3915,HGS-TV,107989.0,1077975.0196983814
3916,HGS-TV,107989.0,1078290.6426000595
3917,HGS-TV,107989.0,1078871.114340067
3918,HGS-TV,107989.0,1079277.5948224068
3919,HGS-TV,107989.0,1080215.9982624054
3920,HGS-TV,107989.0,1082893.9286515713
3921,HGS-TV,107989.0,1083499.1445064545
3922,HGS-TV,107989.0,1083819.7052021027
3923,HGS-TV,107989.0,1084763.0926032066
3924,HGS-TV,107989.0,1085847.566126585
3925,HGS-TV,107989.0,1085907.843850851
3926,HGS-TV,107989.0,1086417.3316776752
3927,HGS-TV,107989.0,1086527.334745407
3928,HGS-TV,107989.0,1087309.4629704952
3929,HGS-TV,107989.0,1087486.286457777
3930,HGS-TV,107989.0,1087907.3312296867
3931,HGS-TV,107989.0,1088404.8836183548
3932,HGS-TV,107989.0,1088465.22418499
3933,HGS-TV,107989.0,1088584.909421444
3934,HGS-TV,107989.0,1088645.2161295414
3935,HGS-TV,107989.0,1088755.6826422215
3936,HGS-TV,107989.0,1088953.7014882565
3937,HGS-TV,107989.0,1089706.1411633492
3938,HGS-TV,107989.0,1089862.3679773808
3939,HGS-TV,107989.0,1090176.8119826317
3940,HGS-TV,107989.0,1090241.6056277752
3941,HGS-TV,107989.0,1090688.228757143
3942,HGS-TV,107989.0,1090833.9136531353
3943,HGS-TV,107989.0,1091003.553374529
3944,HGS-TV,107989.0,1091101.8787486553
3945,HGS-TV,107989.0,1091243.6219408512
3946,HGS-TV,107989.0,1091756.740619421
3947,HGS-TV,107989.0,1092031.4561054707
3948,HGS-TV,107989.0,1092586.1420726776
3949,HGS-TV,107989.0,1092844.2480566502
3950,HGS-TV,107989.0,1093916.294312954
3951,HGS-TV,107989.0,1094371.001808405
3952,HGS-TV,107989.0,1094550.349816084
3953,HGS-TV,107989.0,1095263.0531980991
3954,HGS-TV,107989.0,1096803.5691792965
3955,HGS-TV,107989.0,1097143.3310120106
3956,HGS-TV,107989.0,1097508.2452504635
3957,HGS-TV,107989.0,1097688.8358643055
3958,HGS-TV,107989.0,1097875.249335289
3959,HGS-TV,107989.0,1099692.8664581776
3960,HGS-TV,107989.0,1099829.697762251
3961,HGS-TV,107989.0,1101626.7558515072
3962,HGS-TV,107989.0,1101913.3151328564
3963,HGS-TV,107989.0,1101973.5729839802
3964,HGS-TV,107989.0,1103220.5132534504
3965,HGS-TV,107989.0,1103865.574502945
3966,HGS-TV,107989.0,1104024.8848471642
3967,HGS-TV,107989.0,1104983.089214325
3968,HGS-TV,107989.0,1106019.7234640121
3969,HGS-TV,107989.0,1106452.7225215435
3970,HGS-TV,107989.0,1106971.7076954842
3971,HGS-TV,107989.0,1107397.3986742496
3972,HGS-TV,107989.0,1108768.406841278
3973,HGS-TV,107989.0,1109638.378335476
3974,HGS-TV,107989.0,1109734.784845829
3975,HGS-TV,107989.0,1109968.696180582
3976,HGS-TV,107989.0,1111849.6328744888
3977,HGS-TV,107989.0,1112328.783254385
3978,HGS-TV,107989.0,1112698.737097025
3979,HGS-TV,107989.0,1113385.784456253
3980,HGS-TV,107989.0,1113680.2059373856
3981,ails2_etaMax1.000_stoppingTime1728000.00,108073.0,1113937.8983076173
3982,ails2_etaMax1.000_stoppingTime1728000.00,108071.0,1113942.9393076173
3983,HGS-TV,107989.0,1114042.250906229
3984,HGS-TV,107989.0,1114123.5539996624
3985,HGS-TV,107989.0,1114723.0000998974
3986,HGS-TV,107989.0,1114783.4403223991
3987,HGS-TV,107989.0,1115349.3627111912
3988,HGS-TV,107989.0,1115534.1890695095
3989,HGS-TV,107989.0,1116323.3043205738
3990,ails2_etaMax1.000_stoppingTime1728000.00,108066.0,1116555.7503076172
3991,ails2_etaMax1.000_stoppingTime1728000.00,108063.0,1116555.9703076172
3992,HGS-TV,107989.0,1116893.2320020199
3993,HGS-TV,107989.0,1116985.1282026768
3994,HGS-TV,107989.0,1117329.562987566
3995,HGS-TV,107989.0,1117808.2175414562
3996,HGS-TV,107989.0,1117889.033151865
3997,HGS-TV,107989.0,1117975.8891043663
3998,HGS-TV,107989.0,1118934.8339452744
3999,HGS-TV,107989.0,1119318.2215299606
4000,HGS-TV,107989.0,1119415.6769914627
4001,HGS-TV,107989.0,1119830.683991909
4002,HGS-TV,107989.0,1120003.5051372051
4003,HGS-TV,107989.0,1120436.595715046
4004,HGS-TV,107989.0,1120557.850868225
4005,HGS-TV,107989.0,1120673.29515481
4006,HGS-TV,107989.0,1121288.229671955
4007,HGS-TV,107989.0,1121386.7424929142
4008,HGS-TV,107989.0,1121805.9821481705
4009,HGS-TV,107989.0,1121866.2052268982
