id,algo_name,score,runningtime
1,ails2_etaMax0.005_stoppingTime86400.00,252286.0,63.63035693359375
2,ails2_etaMax1.000_stoppingTime1728000.00,254028.0,43.53735693359375
3,ails2_etaMax1.000_stoppingTime864000.00,253833.0,39.03135693359375
4,ails2_etaMax0.010_stoppingTime432000.00,252328.0,64.27835693359376
5,ails2_eoh_acc,252210.0,63.04435693359375
6,ails2_etaMax1.000_stoppingTime432000.00,254093.0,55.07435693359375
7,ails2_eoh_acc_large,252076.0,62.76335693359375
8,ails2_etaMax1.000_stoppingTime86400.00,253980.0,55.19535693359375
9,ails2_etaMax0.020_stoppingTime86400.00,251923.0,58.03035693359375
10,ails2_eoh_omega2,252202.0,65.12935693359375
11,filo2,259027.0,121.28177499771118
12,ails2_etaMax0.005_stoppingTime86400.00,251929.0,124.60035693359374
13,ails2_etaMax0.020_stoppingTime86400.00,251588.0,124.30935693359375
14,ails2_eoh_acc,251962.0,123.90435693359375
15,ails2_etaMax1.000_stoppingTime432000.00,254000.0,109.62635693359375
16,ails2_eoh_acc_large,251912.0,122.14635693359375
17,ails2_etaMax0.010_stoppingTime432000.00,252108.0,124.53835693359375
18,ails2_eoh_omega2,251970.0,102.70035693359375
19,filo2,256927.0,181.43425250053406
20,ails2_etaMax0.005_stoppingTime86400.00,251819.0,185.61135693359375
21,ails2_eoh_acc,251841.0,184.38535693359376
22,ails2_etaMax0.020_stoppingTime86400.00,251547.0,183.75635693359374
23,ails2_etaMax1.000_stoppingTime432000.00,253783.0,131.60535693359375
24,ails2_etaMax0.010_stoppingTime432000.00,251979.0,186.46735693359375
25,ails2_eoh_acc_large,251836.0,181.15235693359375
26,ails2_eoh_omega2,251865.0,185.83935693359376
27,filo2,256226.0,241.58850693702698
28,ails2_etaMax0.005_stoppingTime86400.00,251558.0,245.55535693359374
29,ails2_eoh_acc_large,251740.0,243.96135693359375
30,ails2_eoh_acc,251817.0,236.21235693359375
31,ails2_etaMax0.020_stoppingTime86400.00,251440.0,239.54035693359376
32,ails2_etaMax0.010_stoppingTime432000.00,251694.0,245.72635693359376
33,ails2_eoh_omega2,251692.0,246.93735693359375
34,filo2,255274.0,302.1134600639343
35,ails2_etaMax0.005_stoppingTime86400.00,251445.0,288.8653569335938
36,ails2_eoh_acc,251742.0,305.89835693359373
37,ails2_etaMax0.020_stoppingTime86400.00,251351.0,307.83935693359376
38,ails2_eoh_acc_large,251723.0,300.9203569335937
39,ails2_etaMax0.010_stoppingTime432000.00,251662.0,301.37635693359374
40,ails2_eoh_omega2,251586.0,304.38835693359374
41,ails2_etaMax1.000_stoppingTime1728000.00,254002.0,349.86135693359375
42,filo2,254921.0,362.54908442497253
43,ails2_etaMax0.005_stoppingTime86400.00,251336.0,366.46935693359376
44,ails2_etaMax0.020_stoppingTime86400.00,251326.0,352.48635693359375
45,ails2_eoh_acc_large,251711.0,349.21735693359375
46,ails2_etaMax0.010_stoppingTime432000.00,251655.0,367.9683569335937
47,ails2_eoh_acc,251696.0,351.69835693359374
48,ails2_eoh_omega2,251494.0,368.48635693359375
49,ails2_etaMax1.000_stoppingTime86400.00,253893.0,393.18635693359374
50,ails2_etaMax1.000_stoppingTime1728000.00,253963.0,349.89235693359376
51,ails2_etaMax0.005_stoppingTime86400.00,251222.0,429.66435693359375
52,ails2_eoh_acc,251680.0,412.2283569335938
53,ails2_etaMax0.010_stoppingTime432000.00,251616.0,423.73135693359376
54,ails2_etaMax0.020_stoppingTime86400.00,251314.0,405.33935693359376
55,ails2_eoh_acc_large,251672.0,424.22735693359374
56,ails2_eoh_omega2,251400.0,411.94235693359377
57,ails2_etaMax1.000_stoppingTime86400.00,253867.0,393.21335693359373
58,ails2_etaMax0.005_stoppingTime86400.00,251204.0,490.64235693359376
59,ails2_eoh_acc,251677.0,483.04835693359377
60,ails2_eoh_acc_large,251603.0,489.8193569335937
61,ails2_etaMax0.010_stoppingTime432000.00,251613.0,459.02735693359375
62,ails2_etaMax0.020_stoppingTime86400.00,251251.0,480.02935693359376
63,ails2_eoh_omega2,251399.0,544.9253569335938
64,ails2_etaMax0.005_stoppingTime86400.00,251202.0,512.1443569335937
65,ails2_etaMax0.020_stoppingTime86400.00,251222.0,551.2473569335938
66,ails2_etaMax0.010_stoppingTime432000.00,251609.0,492.73935693359374
67,ails2_eoh_acc_large,251476.0,523.4003569335938
68,ails2_eoh_acc,251667.0,510.74535693359377
69,ails2_eoh_omega2,251391.0,593.8913569335938
70,ails2_etaMax0.005_stoppingTime86400.00,251180.0,581.4993569335937
71,ails2_eoh_acc_large,251435.0,606.6193569335937
72,ails2_eoh_acc,251666.0,564.8923569335938
73,ails2_etaMax0.020_stoppingTime86400.00,251215.0,613.8623569335938
74,ails2_etaMax1.000_stoppingTime86400.00,253857.0,642.9743569335938
75,ails2_etaMax0.010_stoppingTime432000.00,251604.0,669.2413569335938
76,ails2_etaMax0.005_stoppingTime86400.00,251132.0,662.4253569335938
77,ails2_etaMax0.020_stoppingTime86400.00,251211.0,639.0983569335938
78,ails2_eoh_acc_large,251418.0,664.2633569335937
79,ails2_eoh_acc,251661.0,683.6213569335938
80,ails2_etaMax1.000_stoppingTime86400.00,253847.0,643.0203569335938
81,ails2_etaMax0.010_stoppingTime432000.00,251594.0,693.7913569335938
82,ails2_etaMax0.005_stoppingTime86400.00,251111.0,731.0843569335938
83,ails2_eoh_acc,251644.0,697.8643569335937
84,ails2_etaMax1.000_stoppingTime86400.00,253762.0,749.0873569335937
85,ails2_eoh_omega2,251388.0,777.4233569335937
86,ails2_etaMax0.010_stoppingTime432000.00,251593.0,788.9453569335938
87,ails2_etaMax0.005_stoppingTime86400.00,251047.0,770.8213569335937
88,ails2_etaMax0.020_stoppingTime86400.00,251203.0,816.5903569335937
89,ails2_eoh_acc,251637.0,821.2203569335937
90,ails2_eoh_omega2,251384.0,797.2073569335937
91,ails2_etaMax0.010_stoppingTime432000.00,251592.0,792.4193569335938
92,ails2_etaMax0.005_stoppingTime86400.00,251037.0,816.8373569335937
93,ails2_eoh_acc_large,251416.0,861.4643569335938
94,ails2_etaMax0.020_stoppingTime86400.00,251191.0,832.2023569335937
95,ails2_eoh_acc,251629.0,825.4563569335937
96,ails2_etaMax0.010_stoppingTime432000.00,251589.0,907.8103569335938
97,ails2_etaMax0.005_stoppingTime86400.00,251033.0,905.6973569335937
98,ails2_eoh_acc_large,251405.0,917.8983569335937
99,ails2_etaMax1.000_stoppingTime864000.00,253825.0,929.9603569335937
100,ails2_etaMax0.020_stoppingTime86400.00,251166.0,907.1583569335937
101,ails2_eoh_omega2,251381.0,941.6723569335937
102,ails2_etaMax0.010_stoppingTime432000.00,251579.0,940.6203569335937
103,ails2_etaMax0.005_stoppingTime86400.00,251022.0,947.2233569335938
104,ails2_etaMax0.020_stoppingTime86400.00,251127.0,993.5563569335937
105,ails2_etaMax0.010_stoppingTime432000.00,251533.0,1011.4403569335938
106,ails2_eoh_omega2,251380.0,1041.8113569335937
107,ails2_etaMax0.020_stoppingTime86400.00,251123.0,1025.9643569335938
108,ails2_eoh_acc_large,251403.0,1071.8503569335937
109,ails2_etaMax0.010_stoppingTime432000.00,251481.0,1089.4283569335937
110,ails2_eoh_omega2,251378.0,1089.2963569335936
111,ails2_etaMax1.000_stoppingTime432000.00,253742.0,1106.7293569335939
112,ails2_etaMax1.000_stoppingTime864000.00,253821.0,1107.2943569335937
113,ails2_eoh_acc_large,251398.0,1074.2793569335938
114,ails2_etaMax0.010_stoppingTime432000.00,251467.0,1138.8583569335938
115,ails2_etaMax0.020_stoppingTime86400.00,251116.0,1157.2143569335938
116,ails2_etaMax1.000_stoppingTime864000.00,253749.0,1120.8323569335937
117,ails2_eoh_acc,251628.0,1191.5083569335939
118,ails2_etaMax0.020_stoppingTime86400.00,251115.0,1157.2823569335937
119,ails2_etaMax0.010_stoppingTime432000.00,251455.0,1215.8403569335937
120,ails2_etaMax1.000_stoppingTime864000.00,253482.0,1217.6553569335938
121,ails2_eoh_acc,251609.0,1201.9033569335938
122,ails2_eoh_omega2,251377.0,1257.6693569335937
123,ails2_eoh_acc_large,251396.0,1260.8433569335937
124,ails2_etaMax0.010_stoppingTime432000.00,251449.0,1261.1153569335938
125,ails2_etaMax0.020_stoppingTime86400.00,251114.0,1264.0113569335938
126,ails2_eoh_omega2,251370.0,1304.4803569335938
127,ails2_eoh_acc_large,251363.0,1284.0983569335938
128,ails2_etaMax0.020_stoppingTime86400.00,251111.0,1299.3813569335937
129,ails2_etaMax1.000_stoppingTime1728000.00,253914.0,1340.6053569335938
130,ails2_etaMax0.010_stoppingTime432000.00,251448.0,1360.0353569335937
131,ails2_eoh_omega2,251358.0,1377.0303569335938
132,ails2_eoh_acc_large,251299.0,1381.4903569335938
133,ails2_etaMax0.005_stoppingTime86400.00,251021.0,1389.0713569335937
134,ails2_etaMax1.000_stoppingTime1728000.00,253827.0,1340.6383569335937
135,ails2_etaMax0.010_stoppingTime432000.00,251442.0,1360.7473569335937
136,ails2_etaMax1.000_stoppingTime86400.00,253752.0,1435.9803569335938
137,ails2_eoh_omega2,251338.0,1438.5753569335936
138,ails2_eoh_acc_large,251281.0,1431.6893569335937
139,ails2_etaMax0.005_stoppingTime86400.00,251017.0,1389.2323569335938
140,ails2_etaMax1.000_stoppingTime86400.00,253726.0,1436.0753569335936
141,ails2_eoh_omega2,251334.0,1488.7753569335937
142,ails2_eoh_acc_large,251279.0,1466.7153569335937
143,ails2_eoh_omega2,251330.0,1533.5983569335938
144,ails2_eoh_acc_large,251270.0,1510.2833569335937
145,ails2_etaMax1.000_stoppingTime86400.00,253717.0,1629.2933569335937
146,ails2_etaMax1.000_stoppingTime86400.00,253533.0,1638.4873569335937
147,ails2_eoh_omega2,251328.0,1710.6593569335937
148,ails2_etaMax0.010_stoppingTime432000.00,251440.0,1765.8533569335937
149,ails2_eoh_omega2,251320.0,1712.7493569335938
150,ails2_eoh_omega2,251309.0,1777.7123569335938
151,ails2_etaMax0.020_stoppingTime86400.00,251110.0,1855.3273569335938
152,ails2_etaMax0.010_stoppingTime432000.00,251439.0,1889.5303569335938
153,ails2_eoh_omega2,251308.0,1888.6933569335938
154,ails2_etaMax0.020_stoppingTime86400.00,251100.0,1877.5413569335938
155,ails2_eoh_acc,251607.0,1925.0333569335937
156,ails2_eoh_acc_large,251265.0,1925.7623569335938
157,ails2_etaMax1.000_stoppingTime86400.00,253532.0,1930.3193569335938
158,ails2_eoh_omega2,251304.0,1931.7953569335937
159,ails2_etaMax0.010_stoppingTime432000.00,251438.0,1976.5493569335938
160,ails2_etaMax0.020_stoppingTime86400.00,251099.0,1930.8983569335937
161,ails2_eoh_acc,251602.0,1926.0353569335937
162,ails2_eoh_acc_large,251250.0,1963.1493569335937
163,ails2_etaMax1.000_stoppingTime86400.00,253468.0,1930.3553569335938
164,ails2_etaMax0.010_stoppingTime432000.00,251427.0,2007.4723569335938
165,ails2_eoh_acc_large,251197.0,2039.6163569335938
166,ails2_eoh_omega2,251301.0,2068.977356933594
167,ails2_eoh_omega2,251299.0,2069.3083569335936
168,ails2_eoh_omega2,251292.0,2188.4293569335937
169,ails2_etaMax0.010_stoppingTime432000.00,251424.0,2242.4473569335937
170,HGS-TV,251915.0,2248.8021252155304
171,ails2_eoh_omega2,251231.0,2251.888356933594
172,ails2_etaMax0.010_stoppingTime432000.00,251423.0,2243.792356933594
173,ails2_eoh_omega2,251162.0,2304.2443569335937
174,ails2_etaMax0.010_stoppingTime432000.00,251422.0,2362.680356933594
175,ails2_etaMax1.000_stoppingTime1728000.00,253746.0,2372.3223569335937
176,ails2_eoh_omega2,251153.0,2357.9113569335937
177,ails2_etaMax0.010_stoppingTime432000.00,251383.0,2405.850356933594
178,ails2_etaMax1.000_stoppingTime1728000.00,253663.0,2372.917356933594
179,ails2_eoh_omega2,251145.0,2386.242356933594
180,ails2_etaMax0.020_stoppingTime86400.00,251098.0,2457.9893569335936
181,ails2_etaMax0.010_stoppingTime432000.00,251367.0,2456.1083569335938
182,ails2_eoh_omega2,251137.0,2486.5983569335935
183,ails2_etaMax0.020_stoppingTime86400.00,251096.0,2517.2823569335937
184,ails2_eoh_omega2,251000.0,2554.8103569335935
185,ails2_etaMax0.010_stoppingTime432000.00,251360.0,2567.149356933594
186,ails2_etaMax0.020_stoppingTime86400.00,251083.0,2565.111356933594
187,ails2_eoh_acc_large,251193.0,2581.620356933594
188,ails2_eoh_omega2,250996.0,2610.2083569335937
189,ails2_etaMax0.010_stoppingTime432000.00,251321.0,2619.8103569335935
190,ails2_eoh_acc,251599.0,2638.109356933594
191,ails2_etaMax0.020_stoppingTime86400.00,251079.0,2602.0583569335936
192,ails2_etaMax1.000_stoppingTime86400.00,253450.0,2658.4623569335936
193,ails2_eoh_omega2,250992.0,2674.727356933594
194,ails2_etaMax0.010_stoppingTime432000.00,251314.0,2674.1953569335938
195,ails2_eoh_acc,251596.0,2641.249356933594
196,ails2_etaMax1.000_stoppingTime86400.00,253298.0,2658.5783569335936
197,ails2_eoh_acc_large,251190.0,2736.622356933594
198,ails2_etaMax0.010_stoppingTime432000.00,251312.0,2741.1103569335937
199,ails2_etaMax0.020_stoppingTime86400.00,251078.0,2790.6413569335937
200,ails2_etaMax0.010_stoppingTime432000.00,251293.0,2794.4333569335936
201,ails2_eoh_omega2,250990.0,2815.021356933594
202,ails2_etaMax0.020_stoppingTime86400.00,251075.0,2846.553356933594
203,HGS-TV,251902.0,2852.0285925865173
204,ails2_etaMax0.010_stoppingTime432000.00,251290.0,2873.8193569335936
205,ails2_eoh_omega2,250985.0,2816.086356933594
206,ails2_etaMax0.020_stoppingTime86400.00,251074.0,2860.354356933594
207,ails2_etaMax0.010_stoppingTime432000.00,251282.0,2923.481356933594
208,ails2_etaMax0.010_stoppingTime432000.00,251281.0,2996.5383569335936
209,ails2_etaMax0.005_stoppingTime86400.00,251014.0,3031.209356933594
210,ails2_eoh_omega2,250984.0,3085.640356933594
211,ails2_etaMax0.005_stoppingTime86400.00,251009.0,3051.3103569335935
212,ails2_etaMax0.020_stoppingTime86400.00,251072.0,3095.247356933594
213,ails2_eoh_omega2,250981.0,3094.2013569335936
214,ails2_etaMax0.005_stoppingTime86400.00,251008.0,3113.593356933594
215,ails2_etaMax0.020_stoppingTime86400.00,251064.0,3095.6723569335936
216,ails2_etaMax1.000_stoppingTime432000.00,253700.0,3199.718356933594
217,ails2_etaMax0.020_stoppingTime86400.00,251056.0,3207.2393569335936
218,ails2_eoh_omega2,250980.0,3219.481356933594
219,ails2_etaMax0.005_stoppingTime86400.00,251007.0,3231.6473569335935
220,ails2_etaMax0.010_stoppingTime432000.00,251280.0,3244.370356933594
221,ails2_etaMax1.000_stoppingTime432000.00,253694.0,3199.7433569335935
222,ails2_etaMax0.020_stoppingTime86400.00,251055.0,3239.6033569335937
223,ails2_eoh_omega2,250978.0,3222.3643569335936
224,ails2_etaMax0.010_stoppingTime432000.00,251276.0,3277.667356933594
225,ails2_etaMax0.020_stoppingTime86400.00,251054.0,3360.9063569335935
226,ails2_etaMax0.005_stoppingTime86400.00,251006.0,3363.3023569335937
227,ails2_etaMax0.010_stoppingTime432000.00,251275.0,3316.7373569335937
228,ails2_eoh_omega2,250974.0,3386.6453569335936
229,ails2_etaMax0.020_stoppingTime86400.00,251053.0,3361.0493569335936
230,ails2_etaMax0.005_stoppingTime86400.00,251002.0,3364.042356933594
231,ails2_etaMax1.000_stoppingTime432000.00,253635.0,3424.7153569335937
232,ails2_etaMax0.010_stoppingTime432000.00,251262.0,3398.8493569335938
233,ails2_eoh_omega2,250968.0,3433.559356933594
234,ails2_etaMax0.020_stoppingTime86400.00,251049.0,3438.662356933594
235,ails2_etaMax1.000_stoppingTime432000.00,253627.0,3469.4063569335935
236,ails2_etaMax0.005_stoppingTime86400.00,251000.0,3446.593356933594
237,ails2_eoh_omega2,250959.0,3473.6483569335937
238,ails2_etaMax1.000_stoppingTime86400.00,253237.0,3512.4383569335937
239,ails2_eoh_acc_large,251186.0,3539.0433569335937
240,ails2_etaMax0.020_stoppingTime86400.00,251039.0,3502.959356933594
241,filo2,250958.0,3663.1316986083984
242,ails2_eoh_acc,250945.0,3904.595356933594
243,ails2_eoh_acc,250938.0,3947.937356933594
244,ails2_eoh_acc,250926.0,4039.5143569335937
245,ails2_eoh_omega2,250958.0,4064.879356933594
246,ails2_eoh_acc,250912.0,4074.9963569335937
247,ails2_eoh_omega2,250955.0,4085.644356933594
248,ails2_eoh_acc,250909.0,4189.464356933594
249,ails2_eoh_omega2,250954.0,4194.445356933594
250,ails2_etaMax0.010_stoppingTime432000.00,251260.0,4243.531356933594
251,ails2_eoh_acc,250904.0,4228.578356933594
252,ails2_eoh_omega2,250953.0,4253.505356933594
253,ails2_etaMax0.010_stoppingTime432000.00,251258.0,4247.120356933594
254,ails2_eoh_acc,250901.0,4253.660356933594
255,ails2_eoh_acc_large,250954.0,4329.700356933594
256,ails2_eoh_acc_large,250937.0,4339.181356933594
257,ails2_etaMax0.010_stoppingTime432000.00,251257.0,4400.955356933594
258,ails2_eoh_acc,250900.0,4459.041356933593
259,ails2_etaMax0.010_stoppingTime432000.00,251256.0,4513.116356933594
260,ails2_eoh_omega2,250952.0,4553.880356933594
261,ails2_etaMax0.010_stoppingTime432000.00,251250.0,4519.9173569335935
262,ails2_etaMax0.010_stoppingTime432000.00,251249.0,4638.028356933593
263,ails2_etaMax1.000_stoppingTime86400.00,253170.0,4681.487356933594
264,ails2_eoh_omega2,250951.0,4695.843356933594
265,ails2_eoh_omega2,250945.0,4729.636356933594
266,ails2_etaMax1.000_stoppingTime432000.00,253613.0,5285.246356933594
267,ails2_etaMax1.000_stoppingTime432000.00,253603.0,5285.287356933593
268,ails2_etaMax1.000_stoppingTime1728000.00,253657.0,5526.008356933594
269,ails2_etaMax1.000_stoppingTime86400.00,253163.0,5785.246356933594
270,ails2_etaMax1.000_stoppingTime432000.00,253599.0,6273.940356933594
271,ails2_etaMax0.010_stoppingTime432000.00,251247.0,6445.3683569335935
272,ails2_eoh_omega2,250944.0,6469.014356933594
273,ails2_etaMax0.010_stoppingTime432000.00,251244.0,6908.293356933594
274,ails2_etaMax1.000_stoppingTime86400.00,253140.0,6931.199356933594
275,ails2_etaMax0.010_stoppingTime432000.00,251242.0,6917.063356933594
276,ails2_etaMax1.000_stoppingTime86400.00,252967.0,6931.835356933594
277,ails2_eoh_omega2,250941.0,7124.434356933593
278,ails2_eoh_acc,250890.0,7142.494356933594
279,ails2_eoh_omega2,250934.0,7161.8503569335935
280,ails2_eoh_acc,250878.0,7173.443356933593
281,ails2_eoh_omega2,250930.0,7234.392356933594
282,ails2_eoh_acc,250877.0,7206.162356933593
283,ails2_eoh_acc_large,250869.0,7229.7073569335935
284,ails2_eoh_acc,250865.0,7300.713356933594
285,ails2_eoh_omega2,250927.0,7406.684356933593
286,ails2_eoh_acc,250862.0,7412.665356933594
287,ails2_eoh_omega2,250911.0,7440.080356933594
288,ails2_etaMax1.000_stoppingTime86400.00,252962.0,7501.3593569335935
289,ails2_etaMax0.010_stoppingTime432000.00,251241.0,7522.7073569335935
290,ails2_eoh_omega2,250908.0,7477.021356933594
291,ails2_etaMax1.000_stoppingTime86400.00,252891.0,7501.438356933594
292,ails2_eoh_acc_large,250866.0,7566.989356933594
293,ails2_eoh_omega2,250907.0,7632.851356933594
294,ails2_etaMax0.020_stoppingTime86400.00,250873.0,7984.632356933594
295,ails2_etaMax0.020_stoppingTime86400.00,250870.0,7987.253356933594
296,ails2_etaMax0.020_stoppingTime86400.00,250868.0,8217.705356933593
297,ails2_etaMax1.000_stoppingTime86400.00,252867.0,8237.624356933593
298,ails2_etaMax0.010_stoppingTime432000.00,251240.0,8265.799356933594
299,ails2_etaMax0.020_stoppingTime86400.00,250846.0,8273.163356933594
300,ails2_etaMax1.000_stoppingTime86400.00,252643.0,8241.542356933594
301,ails2_etaMax0.020_stoppingTime86400.00,250845.0,8295.037356933593
302,ails2_etaMax0.010_stoppingTime432000.00,251239.0,8363.182356933594
303,ails2_etaMax0.020_stoppingTime86400.00,250837.0,8343.070356933593
304,ails2_etaMax0.010_stoppingTime432000.00,251233.0,8401.929356933593
305,ails2_etaMax0.020_stoppingTime86400.00,250823.0,8422.546356933593
306,ails2_eoh_acc,250859.0,8760.862356933594
307,ails2_etaMax0.010_stoppingTime432000.00,251231.0,8803.080356933593
308,ails2_etaMax1.000_stoppingTime432000.00,253399.0,9048.689356933593
309,ails2_etaMax0.005_stoppingTime86400.00,250877.0,9126.633356933593
310,ails2_etaMax1.000_stoppingTime1728000.00,253637.0,9131.663356933594
311,ails2_etaMax0.020_stoppingTime86400.00,250822.0,9143.261356933594
312,ails2_etaMax0.005_stoppingTime86400.00,250855.0,9166.541356933594
313,ails2_etaMax1.000_stoppingTime1728000.00,253612.0,9131.691356933594
314,ails2_etaMax0.020_stoppingTime86400.00,250821.0,9156.325356933594
315,ails2_etaMax0.010_stoppingTime432000.00,251230.0,9204.795356933593
316,ails2_etaMax0.005_stoppingTime86400.00,250853.0,9229.338356933593
317,ails2_etaMax0.020_stoppingTime86400.00,250818.0,9249.383356933593
318,ails2_etaMax0.005_stoppingTime86400.00,250850.0,9264.492356933593
319,ails2_eoh_acc_large,250862.0,9309.170356933593
320,ails2_eoh_acc_large,250860.0,9309.948356933593
321,ails2_etaMax0.020_stoppingTime86400.00,250817.0,9372.154356933594
322,ails2_etaMax0.005_stoppingTime86400.00,250849.0,9414.451356933594
323,ails2_etaMax0.010_stoppingTime432000.00,251229.0,9418.749356933593
324,ails2_etaMax0.005_stoppingTime86400.00,250848.0,9414.896356933594
325,ails2_etaMax0.010_stoppingTime432000.00,251228.0,9420.691356933594
326,ails2_etaMax0.005_stoppingTime86400.00,250844.0,9535.843356933594
327,ails2_eoh_acc_large,250859.0,9576.092356933594
328,ails2_etaMax0.005_stoppingTime86400.00,250835.0,9579.046356933593
329,ails2_eoh_acc_large,250856.0,9645.883356933593
330,ails2_etaMax0.005_stoppingTime86400.00,250826.0,9733.449356933594
331,ails2_etaMax0.005_stoppingTime86400.00,250820.0,9753.621356933594
332,ails2_etaMax1.000_stoppingTime432000.00,253343.0,9827.656356933594
333,ails2_etaMax0.005_stoppingTime86400.00,250810.0,9852.705356933593
334,ails2_etaMax1.000_stoppingTime432000.00,253316.0,9827.680356933593
335,ails2_etaMax0.005_stoppingTime86400.00,250804.0,9908.352356933594
336,ails2_eoh_acc_large,250853.0,9962.190356933594
337,ails2_etaMax0.005_stoppingTime86400.00,250786.0,9971.269356933593
338,ails2_eoh_acc_large,250850.0,10008.877356933594
339,ails2_eoh_acc_large,250836.0,10057.070356933593
340,ails2_etaMax1.000_stoppingTime86400.00,252623.0,10097.740356933593
341,ails2_etaMax0.005_stoppingTime86400.00,250785.0,10101.321356933593
342,ails2_etaMax0.020_stoppingTime86400.00,250815.0,10363.026356933593
343,ails2_etaMax0.010_stoppingTime432000.00,251226.0,10809.837356933594
344,ails2_eoh_acc_large,250774.0,10859.773356933594
345,ails2_etaMax0.010_stoppingTime432000.00,251194.0,10864.299356933594
346,ails2_eoh_acc_large,250750.0,10910.345356933594
347,ails2_etaMax0.010_stoppingTime432000.00,251167.0,10897.356356933593
348,ails2_etaMax0.010_stoppingTime432000.00,251148.0,10948.503356933594
349,ails2_eoh_acc_large,250745.0,11010.363356933594
350,ails2_eoh_acc_large,250716.0,11047.644356933593
351,ails2_etaMax0.010_stoppingTime432000.00,251146.0,11185.295356933593
352,ails2_etaMax0.010_stoppingTime432000.00,251145.0,11267.816356933594
353,ails2_etaMax0.010_stoppingTime432000.00,251144.0,11286.520356933594
354,ails2_etaMax0.010_stoppingTime432000.00,251139.0,11385.947356933593
355,ails2_etaMax0.010_stoppingTime432000.00,251135.0,11446.852356933594
356,ails2_etaMax0.010_stoppingTime432000.00,251134.0,11765.226356933594
357,ails2_etaMax0.010_stoppingTime432000.00,251133.0,11779.239356933595
358,ails2_eoh_omega2,250906.0,11831.181356933594
359,ails2_etaMax0.010_stoppingTime432000.00,251132.0,11884.012356933594
360,ails2_eoh_omega2,250903.0,11864.407356933594
361,ails2_etaMax0.010_stoppingTime432000.00,251130.0,11895.375356933593
362,ails2_etaMax1.000_stoppingTime86400.00,252608.0,12014.147356933594
363,ails2_etaMax1.000_stoppingTime86400.00,252542.0,12014.175356933594
364,ails2_etaMax1.000_stoppingTime86400.00,252541.0,12251.576356933594
365,ails2_eoh_acc_large,250714.0,12378.428356933593
366,ails2_eoh_acc_large,250713.0,12378.932356933594
367,HGS-TV,250765.0,12599.897953748703
368,ails2_etaMax1.000_stoppingTime86400.00,252538.0,12735.284356933595
369,HGS-TV,250763.0,12755.181399822235
370,ails2_etaMax1.000_stoppingTime86400.00,252536.0,12735.316356933594
371,ails2_etaMax1.000_stoppingTime86400.00,252493.0,12834.518356933593
372,HGS-TV,250761.0,12912.91735625267
373,ails2_etaMax1.000_stoppingTime86400.00,252482.0,13047.763356933594
374,ails2_etaMax1.000_stoppingTime86400.00,252367.0,13048.782356933594
375,ails2_etaMax1.000_stoppingTime86400.00,252271.0,13951.339356933593
376,HGS-TV,250760.0,14105.72865152359
377,ails2_etaMax0.020_stoppingTime86400.00,250784.0,14126.222356933593
378,ails2_etaMax0.020_stoppingTime86400.00,250780.0,14158.239356933595
379,ails2_etaMax0.020_stoppingTime86400.00,250778.0,14245.439356933593
380,ails2_etaMax0.020_stoppingTime86400.00,250743.0,14294.312356933593
381,ails2_etaMax1.000_stoppingTime86400.00,252251.0,14403.488356933594
382,ails2_etaMax1.000_stoppingTime86400.00,252200.0,14457.066356933594
383,ails2_etaMax0.010_stoppingTime432000.00,251129.0,14993.889356933594
384,ails2_etaMax0.010_stoppingTime432000.00,251128.0,15008.304356933593
385,ails2_eoh_acc,250712.0,15554.511356933594
386,ails2_etaMax0.010_stoppingTime432000.00,251126.0,15612.580356933593
387,ails2_eoh_acc,250710.0,15555.704356933593
388,ails2_eoh_acc,250704.0,15615.842356933594
389,ails2_eoh_acc,250693.0,15724.433356933594
390,ails2_etaMax0.005_stoppingTime86400.00,250712.0,15883.576356933594
391,ails2_etaMax0.005_stoppingTime86400.00,250711.0,15884.129356933594
392,ails2_etaMax1.000_stoppingTime1728000.00,253503.0,16104.694356933594
393,ails2_etaMax1.000_stoppingTime86400.00,252187.0,16127.094356933594
394,ails2_etaMax1.000_stoppingTime86400.00,252186.0,16128.018356933593
395,ails2_etaMax1.000_stoppingTime86400.00,252178.0,16477.447356933593
396,ails2_etaMax0.010_stoppingTime432000.00,251125.0,16625.806356933594
397,ails2_etaMax1.000_stoppingTime86400.00,252162.0,16662.338356933593
398,ails2_etaMax0.010_stoppingTime432000.00,251119.0,16662.229356933592
399,ails2_etaMax1.000_stoppingTime86400.00,252144.0,16662.392356933593
400,ails2_etaMax1.000_stoppingTime432000.00,253251.0,16750.873356933593
401,ails2_etaMax1.000_stoppingTime86400.00,252036.0,16766.574356933594
402,ails2_etaMax0.005_stoppingTime86400.00,250708.0,16795.781356933592
403,ails2_etaMax0.005_stoppingTime86400.00,250702.0,16803.624356933593
404,ails2_etaMax0.010_stoppingTime432000.00,251118.0,16860.851356933596
405,ails2_etaMax0.005_stoppingTime86400.00,250701.0,16990.289356933594
406,ails2_etaMax0.005_stoppingTime86400.00,250683.0,17047.927356933593
407,ails2_etaMax0.005_stoppingTime86400.00,250680.0,17104.117356933595
408,ails2_etaMax0.010_stoppingTime432000.00,251115.0,17220.039356933594
409,ails2_etaMax0.005_stoppingTime86400.00,250678.0,17246.015356933593
410,ails2_etaMax0.010_stoppingTime432000.00,251114.0,17227.576356933594
411,ails2_etaMax0.005_stoppingTime86400.00,250673.0,17248.438356933595
412,ails2_etaMax0.010_stoppingTime432000.00,251113.0,17421.915356933594
413,ails2_etaMax0.005_stoppingTime86400.00,250672.0,17432.279356933595
414,ails2_etaMax0.010_stoppingTime432000.00,251112.0,17422.115356933595
415,ails2_etaMax0.005_stoppingTime86400.00,250671.0,17649.142356933593
416,ails2_etaMax0.005_stoppingTime86400.00,250655.0,17680.578356933594
417,ails2_eoh_omega2,250902.0,17904.636356933595
418,ails2_etaMax0.005_stoppingTime86400.00,250653.0,17991.062356933595
419,ails2_eoh_omega2,250898.0,18039.085356933592
420,filo2,250650.0,18066.59236741066
421,ails2_etaMax1.000_stoppingTime86400.00,252008.0,18086.380356933594
422,ails2_eoh_omega2,250896.0,18068.917356933594
423,ails2_etaMax1.000_stoppingTime86400.00,252003.0,18088.455356933595
424,ails2_eoh_omega2,250895.0,18509.817356933592
425,ails2_etaMax1.000_stoppingTime86400.00,251991.0,18566.442356933592
426,ails2_etaMax1.000_stoppingTime864000.00,253417.0,18614.366356933595
427,ails2_etaMax1.000_stoppingTime86400.00,251938.0,18566.574356933594
428,ails2_eoh_omega2,250893.0,18704.948356933593
429,ails2_etaMax1.000_stoppingTime86400.00,251841.0,18906.720356933594
430,ails2_etaMax1.000_stoppingTime86400.00,251785.0,18906.853356933592
431,HGS-TV,250649.0,19135.9251806736
432,ails2_etaMax0.010_stoppingTime432000.00,251111.0,19403.372356933593
433,ails2_etaMax0.010_stoppingTime432000.00,251105.0,19460.789356933594
434,ails2_etaMax0.010_stoppingTime432000.00,251101.0,19475.814356933595
435,ails2_etaMax1.000_stoppingTime86400.00,251776.0,19615.962356933593
436,ails2_etaMax0.010_stoppingTime432000.00,251099.0,19643.234356933594
437,ails2_etaMax1.000_stoppingTime86400.00,251656.0,19619.490356933595
438,ails2_etaMax0.010_stoppingTime432000.00,251098.0,19645.655356933592
439,ails2_etaMax0.010_stoppingTime432000.00,251097.0,19862.085356933592
440,ails2_etaMax0.010_stoppingTime432000.00,251086.0,19911.192356933592
441,ails2_etaMax0.010_stoppingTime432000.00,251069.0,19983.086356933592
442,ails2_etaMax0.010_stoppingTime432000.00,251066.0,20022.220356933594
443,ails2_etaMax0.010_stoppingTime432000.00,251065.0,20112.530356933592
444,ails2_etaMax0.010_stoppingTime432000.00,251063.0,20642.690356933595
445,HGS-TV,250648.0,21013.240494012833
446,ails2_etaMax1.000_stoppingTime86400.00,251647.0,21076.094356933594
447,HGS-TV,250647.0,21126.900131702423
448,ails2_etaMax1.000_stoppingTime1728000.00,253479.0,21137.117356933595
449,ails2_etaMax1.000_stoppingTime1728000.00,253414.0,21137.144356933593
450,ails2_etaMax1.000_stoppingTime86400.00,251637.0,21352.067356933592
451,ails2_etaMax1.000_stoppingTime86400.00,251612.0,21456.683356933594
452,ails2_etaMax1.000_stoppingTime86400.00,251580.0,21460.645356933594
453,ails2_etaMax1.000_stoppingTime432000.00,253221.0,21535.134356933595
454,ails2_etaMax1.000_stoppingTime86400.00,251444.0,21566.855356933593
455,ails2_etaMax1.000_stoppingTime432000.00,253198.0,21535.660356933593
456,ails2_eoh_acc,250646.0,21694.831356933595
457,ails2_eoh_acc,250645.0,21731.029356933595
458,ails2_etaMax0.010_stoppingTime432000.00,251060.0,21834.374356933593
459,ails2_eoh_acc_large,250646.0,21883.183356933594
460,ails2_etaMax0.010_stoppingTime432000.00,251050.0,21845.087356933593
461,ails2_eoh_acc_large,250614.0,21931.329356933595
462,ails2_eoh_acc,250643.0,22087.091356933593
463,ails2_eoh_acc_large,250613.0,22103.405356933592
464,ails2_eoh_acc,250642.0,22145.325356933594
465,ails2_eoh_acc_large,250612.0,22157.297356933595
466,ails2_etaMax0.020_stoppingTime86400.00,250644.0,22292.170356933595
467,ails2_etaMax0.020_stoppingTime86400.00,250621.0,22352.070356933593
468,ails2_eoh_acc,250641.0,22381.582356933595
469,ails2_etaMax0.020_stoppingTime86400.00,250606.0,22379.549356933592
470,ails2_eoh_acc_large,250611.0,22658.518356933593
471,ails2_etaMax0.020_stoppingTime86400.00,250604.0,23153.410356933593
472,ails2_etaMax1.000_stoppingTime432000.00,253195.0,23366.804356933593
473,HGS-TV,250641.0,23384.31949019432
474,ails2_etaMax1.000_stoppingTime432000.00,253193.0,23366.920356933595
475,HGS-TV,250639.0,23444.397625684738
476,ails2_eoh_acc_large,250605.0,23505.574356933594
477,ails2_eoh_omega2,250892.0,23766.302356933593
478,ails2_etaMax0.020_stoppingTime86400.00,250602.0,23822.412356933593
479,ails2_eoh_omega2,250891.0,23766.988356933594
480,ails2_etaMax0.020_stoppingTime86400.00,250587.0,23854.903356933595
481,ails2_etaMax1.000_stoppingTime86400.00,251439.0,24601.880356933594
482,ails2_etaMax1.000_stoppingTime86400.00,251414.0,24602.667356933594
483,ails2_eoh_acc_large,250597.0,24869.573356933593
484,ails2_etaMax0.020_stoppingTime86400.00,250585.0,24902.114356933595
485,ails2_eoh_acc_large,250596.0,24885.788356933594
486,ails2_etaMax0.020_stoppingTime86400.00,250570.0,24903.621356933592
487,ails2_eoh_acc_large,250591.0,24938.058356933594
488,ails2_etaMax0.010_stoppingTime432000.00,251048.0,25271.232356933593
489,ails2_etaMax0.010_stoppingTime432000.00,251046.0,25330.240356933595
490,ails2_etaMax0.010_stoppingTime432000.00,251044.0,25463.584356933592
491,ails2_etaMax0.010_stoppingTime432000.00,251043.0,25463.908356933593
492,ails2_etaMax0.010_stoppingTime432000.00,251041.0,25613.020356933594
493,HGS-TV,250565.0,25649.16670513153
494,ails2_etaMax0.010_stoppingTime432000.00,251037.0,25751.687356933595
495,HGS-TV,250562.0,25786.435745716095
496,ails2_etaMax0.010_stoppingTime432000.00,251036.0,25808.267356933593
497,ails2_etaMax0.010_stoppingTime432000.00,251034.0,25828.571356933593
498,ails2_etaMax0.010_stoppingTime432000.00,251033.0,26550.242356933595
499,ails2_etaMax1.000_stoppingTime86400.00,251396.0,26564.033356933593
500,ails2_etaMax1.000_stoppingTime86400.00,251338.0,26578.064356933595
501,ails2_etaMax0.010_stoppingTime432000.00,251032.0,26626.621356933592
502,ails2_etaMax1.000_stoppingTime432000.00,253172.0,26818.604356933592
503,ails2_etaMax0.010_stoppingTime432000.00,251031.0,26821.726356933596
504,ails2_etaMax0.010_stoppingTime432000.00,251029.0,26880.329356933595
505,HGS-TV,250561.0,26944.666687250137
506,HGS-TV,250560.0,27004.80242919922
507,ails2_etaMax1.000_stoppingTime86400.00,251324.0,27039.278356933595
508,ails2_etaMax1.000_stoppingTime86400.00,251318.0,27047.394356933593
509,HGS-TV,250559.0,27150.635828495026
510,ails2_etaMax1.000_stoppingTime864000.00,253414.0,27218.664356933594
511,ails2_etaMax1.000_stoppingTime86400.00,251308.0,27488.439356933595
512,ails2_etaMax1.000_stoppingTime86400.00,251169.0,27490.254356933594
513,ails2_etaMax1.000_stoppingTime864000.00,253396.0,27565.695356933593
514,HGS-TV,250557.0,27622.19563484192
515,ails2_etaMax1.000_stoppingTime864000.00,253373.0,27565.729356933592
516,HGS-TV,250553.0,27682.22897696495
517,ails2_etaMax1.000_stoppingTime432000.00,253166.0,28069.524356933594
518,ails2_etaMax1.000_stoppingTime432000.00,253147.0,28070.211356933592
519,ails2_etaMax0.010_stoppingTime432000.00,251028.0,28142.710356933592
520,ails2_etaMax1.000_stoppingTime432000.00,253014.0,28485.671356933595
521,ails2_etaMax0.010_stoppingTime432000.00,251027.0,28618.150356933595
522,ails2_etaMax0.010_stoppingTime432000.00,251025.0,28624.984356933594
523,ails2_etaMax1.000_stoppingTime86400.00,251167.0,28766.957356933595
524,ails2_etaMax1.000_stoppingTime86400.00,251148.0,28772.907356933592
525,ails2_etaMax0.010_stoppingTime432000.00,251023.0,28932.882356933595
526,ails2_etaMax0.010_stoppingTime432000.00,251022.0,28969.433356933594
527,ails2_etaMax1.000_stoppingTime86400.00,251146.0,30709.029356933595
528,ails2_etaMax1.000_stoppingTime86400.00,251094.0,30722.201356933594
529,ails2_etaMax1.000_stoppingTime86400.00,251087.0,30886.261356933595
530,ails2_eoh_omega2,250889.0,31157.213356933593
531,ails2_etaMax1.000_stoppingTime864000.00,253354.0,31190.610356933594
532,ails2_eoh_omega2,250885.0,31164.085356933592
533,ails2_etaMax1.000_stoppingTime864000.00,253338.0,31190.763356933592
534,ails2_eoh_omega2,250884.0,31308.974356933595
535,ails2_eoh_omega2,250883.0,31312.120356933592
536,ails2_etaMax0.010_stoppingTime432000.00,251020.0,31432.483356933593
537,ails2_etaMax0.010_stoppingTime432000.00,251016.0,31472.276356933595
538,ails2_etaMax0.010_stoppingTime432000.00,251013.0,31548.663356933594
539,ails2_etaMax1.000_stoppingTime432000.00,252981.0,31752.736356933594
540,ails2_etaMax1.000_stoppingTime432000.00,252919.0,31752.767356933593
541,ails2_etaMax1.000_stoppingTime86400.00,251067.0,31828.708356933595
542,ails2_etaMax1.000_stoppingTime86400.00,251056.0,31965.639356933592
543,ails2_etaMax1.000_stoppingTime86400.00,251013.0,31975.836356933592
544,ails2_eoh_omega2,250879.0,32034.113356933594
545,ails2_eoh_omega2,250865.0,32080.110356933594
546,HGS-TV,250553.0,32116.304754018784
547,ails2_eoh_omega2,250864.0,32164.034356933593
548,HGS-TV,250553.0,32176.445630311966
549,HGS-TV,250553.0,32236.66855120659
550,ails2_etaMax0.010_stoppingTime432000.00,251012.0,32394.193356933592
551,HGS-TV,250553.0,32551.91769552231
552,ails2_eoh_omega2,250863.0,32664.868356933595
553,ails2_etaMax1.000_stoppingTime86400.00,251011.0,32668.401356933595
554,HGS-TV,250553.0,32699.334904670715
555,ails2_eoh_omega2,250861.0,32665.202356933594
556,ails2_etaMax1.000_stoppingTime86400.00,250890.0,32679.610356933594
557,ails2_etaMax1.000_stoppingTime86400.00,250879.0,32791.95335693359
558,HGS-TV,250553.0,32824.36245584488
559,ails2_etaMax0.010_stoppingTime432000.00,251011.0,32832.2673569336
560,HGS-TV,250553.0,32884.63191342354
561,HGS-TV,250553.0,32954.63874006271
562,ails2_etaMax0.010_stoppingTime432000.00,251010.0,33059.15235693359
563,ails2_etaMax0.010_stoppingTime432000.00,251008.0,33217.09535693359
564,HGS-TV,250553.0,33226.159848213196
565,HGS-TV,250553.0,33518.2820045948
566,ails2_etaMax0.010_stoppingTime432000.00,251006.0,33692.56535693359
567,HGS-TV,250553.0,33898.23465204239
568,HGS-TV,250553.0,34094.57529067993
569,HGS-TV,250553.0,34239.232813835144
570,ails2_etaMax0.010_stoppingTime432000.00,251005.0,34309.84735693359
571,ails2_etaMax1.000_stoppingTime864000.00,253328.0,34366.469356933594
572,ails2_etaMax0.010_stoppingTime432000.00,251004.0,34313.83435693359
573,ails2_etaMax1.000_stoppingTime86400.00,250876.0,34417.29035693359
574,ails2_etaMax1.000_stoppingTime864000.00,253241.0,34399.87435693359
575,ails2_etaMax1.000_stoppingTime86400.00,250861.0,34417.6253569336
576,HGS-TV,250553.0,34589.931213617325
577,ails2_etaMax1.000_stoppingTime432000.00,252906.0,34932.967356933594
578,ails2_etaMax1.000_stoppingTime432000.00,252820.0,34933.744356933596
579,ails2_etaMax1.000_stoppingTime86400.00,250858.0,35008.76035693359
580,ails2_etaMax1.000_stoppingTime86400.00,250741.0,35011.666356933594
581,HGS-TV,250553.0,35396.02096033096
582,ails2_eoh_omega2,250860.0,35648.1953569336
583,ails2_eoh_omega2,250859.0,35655.02535693359
584,HGS-TV,250553.0,36275.04847455025
585,ails2_etaMax1.000_stoppingTime86400.00,250739.0,36329.621356933596
586,ails2_etaMax1.000_stoppingTime86400.00,250737.0,36336.2693569336
587,HGS-TV,250553.0,37229.87938594818
588,HGS-TV,250553.0,37989.770465135574
589,HGS-TV,250553.0,38049.84916996956
590,ails2_eoh_omega2,250857.0,38144.405356933596
591,HGS-TV,250553.0,38156.47396874428
592,HGS-TV,250553.0,38260.290863990784
593,HGS-TV,250553.0,38355.43127965927
594,HGS-TV,250553.0,38820.07723045349
595,HGS-TV,250553.0,39035.66385769844
596,HGS-TV,250553.0,39422.40743947029
597,HGS-TV,250553.0,39507.17437338829
598,HGS-TV,250553.0,39567.56459259987
599,HGS-TV,250553.0,39627.59567832947
600,HGS-TV,250553.0,39719.859218120575
601,HGS-TV,250553.0,39813.99804472923
602,ails2_etaMax1.000_stoppingTime86400.00,250723.0,39962.58635693359
603,ails2_etaMax1.000_stoppingTime86400.00,250714.0,39965.187356933595
604,ails2_etaMax1.000_stoppingTime86400.00,250699.0,40094.8923569336
605,ails2_etaMax0.010_stoppingTime432000.00,251003.0,40233.32135693359
606,ails2_etaMax0.010_stoppingTime432000.00,251002.0,40451.37035693359
607,HGS-TV,250553.0,40874.600677490234
608,ails2_etaMax1.000_stoppingTime86400.00,250698.0,41091.087356933596
609,ails2_etaMax1.000_stoppingTime86400.00,250649.0,41094.2673569336
610,HGS-TV,250553.0,41404.0854279995
611,ails2_etaMax1.000_stoppingTime86400.00,250645.0,41648.113356933594
612,ails2_etaMax1.000_stoppingTime86400.00,250632.0,41648.640356933596
613,ails2_etaMax1.000_stoppingTime86400.00,250618.0,41974.40035693359
614,ails2_etaMax1.000_stoppingTime86400.00,250577.0,41984.36235693359
615,ails2_etaMax1.000_stoppingTime86400.00,250573.0,42144.87035693359
616,ails2_etaMax1.000_stoppingTime86400.00,250561.0,42783.1233569336
617,ails2_etaMax1.000_stoppingTime86400.00,250504.0,42787.725356933595
618,ails2_etaMax1.000_stoppingTime86400.00,250490.0,42853.66035693359
619,ails2_etaMax0.020_stoppingTime86400.00,250486.0,43385.18435693359
620,ails2_etaMax0.020_stoppingTime86400.00,250481.0,43412.80435693359
621,ails2_eoh_acc,250481.0,43487.98235693359
622,ails2_eoh_acc,250473.0,43520.38135693359
623,ails2_etaMax0.020_stoppingTime86400.00,250480.0,43551.7483569336
624,ails2_eoh_acc,250468.0,43597.95535693359
625,ails2_etaMax0.020_stoppingTime86400.00,250465.0,43563.958356933595
626,ails2_eoh_acc,250466.0,43721.40635693359
627,ails2_etaMax1.000_stoppingTime86400.00,250488.0,43789.02735693359
628,ails2_etaMax0.020_stoppingTime86400.00,250463.0,43793.401356933595
629,ails2_etaMax1.000_stoppingTime86400.00,250445.0,43790.564356933595
630,ails2_etaMax0.020_stoppingTime86400.00,250418.0,43817.03335693359
631,ails2_eoh_acc,250463.0,43883.668356933595
632,ails2_etaMax0.020_stoppingTime86400.00,250412.0,43889.87935693359
633,ails2_eoh_acc,250454.0,43931.26435693359
634,ails2_etaMax0.020_stoppingTime86400.00,250408.0,43924.958356933595
635,ails2_eoh_acc,250442.0,44061.941356933596
636,ails2_eoh_acc,250391.0,44102.8923569336
637,ails2_eoh_acc,250378.0,44149.09035693359
638,HGS-TV,250478.0,44256.57335758209
639,ails2_etaMax0.020_stoppingTime86400.00,250407.0,44271.01435693359
640,ails2_etaMax0.020_stoppingTime86400.00,250395.0,44273.59335693359
641,ails2_eoh_acc,250372.0,44613.12235693359
642,ails2_etaMax0.020_stoppingTime86400.00,250393.0,44791.3773569336
643,ails2_etaMax0.020_stoppingTime86400.00,250369.0,44803.48235693359
644,ails2_eoh_acc,250371.0,44861.8393569336
645,ails2_etaMax0.020_stoppingTime86400.00,250365.0,44862.3393569336
646,ails2_eoh_acc,250360.0,44946.3413569336
647,ails2_etaMax0.020_stoppingTime86400.00,250352.0,44971.422356933595
648,ails2_eoh_acc,250341.0,44969.030356933596
649,ails2_etaMax0.020_stoppingTime86400.00,250332.0,45002.9453569336
650,ails2_eoh_acc,250337.0,45144.7483569336
651,ails2_eoh_acc,250324.0,45151.98235693359
652,HGS-TV,250477.0,45234.22122979164
653,ails2_etaMax0.020_stoppingTime86400.00,250330.0,45334.77035693359
654,ails2_etaMax0.020_stoppingTime86400.00,250328.0,45335.4473569336
655,ails2_eoh_acc,250321.0,45620.941356933596
656,ails2_eoh_acc,250319.0,45622.515356933596
657,ails2_eoh_acc,250317.0,45767.026356933595
658,ails2_etaMax1.000_stoppingTime432000.00,252786.0,46039.496356933596
659,ails2_etaMax1.000_stoppingTime432000.00,252762.0,46040.96835693359
660,HGS-TV,250466.0,46179.81204199791
661,ails2_etaMax1.000_stoppingTime1728000.00,253413.0,46222.414356933594
662,ails2_etaMax1.000_stoppingTime1728000.00,253309.0,46222.4453569336
663,HGS-TV,250461.0,46665.397158145905
664,HGS-TV,250455.0,46725.56367659569
665,ails2_etaMax0.010_stoppingTime432000.00,251000.0,46852.193356933596
666,ails2_etaMax1.000_stoppingTime864000.00,253196.0,47242.899356933594
667,ails2_etaMax1.000_stoppingTime864000.00,253004.0,47243.47035693359
668,ails2_eoh_acc,250314.0,47472.94435693359
669,ails2_eoh_omega2,250856.0,47575.918356933595
670,ails2_eoh_omega2,250852.0,47605.842356933594
671,ails2_eoh_omega2,250851.0,47748.23235693359
672,ails2_eoh_omega2,250850.0,47847.25635693359
673,ails2_etaMax0.010_stoppingTime432000.00,250999.0,47867.3563569336
674,ails2_eoh_omega2,250847.0,47899.26235693359
675,ails2_etaMax0.010_stoppingTime432000.00,250980.0,47882.030356933596
676,ails2_etaMax1.000_stoppingTime432000.00,252755.0,48102.4093569336
677,ails2_etaMax1.000_stoppingTime432000.00,252628.0,48103.45735693359
678,ails2_etaMax1.000_stoppingTime86400.00,250440.0,48589.382356933595
679,ails2_etaMax1.000_stoppingTime86400.00,250420.0,48589.86235693359
680,ails2_etaMax0.010_stoppingTime432000.00,250979.0,49523.01235693359
681,ails2_etaMax0.010_stoppingTime432000.00,250978.0,49523.43435693359
682,ails2_etaMax1.000_stoppingTime432000.00,252610.0,50797.54435693359
683,ails2_etaMax1.000_stoppingTime432000.00,252601.0,50797.5913569336
684,ails2_etaMax1.000_stoppingTime1728000.00,253268.0,51466.331356933595
685,ails2_etaMax1.000_stoppingTime1728000.00,253233.0,51466.38135693359
686,ails2_eoh_acc_large,250306.0,51808.73435693359
687,ails2_eoh_acc_large,250305.0,51810.58035693359
688,ails2_eoh_acc_large,250295.0,51896.151356933595
689,ails2_etaMax1.000_stoppingTime86400.00,250417.0,52329.1633569336
690,ails2_etaMax1.000_stoppingTime86400.00,250400.0,52329.541356933594
691,ails2_etaMax0.010_stoppingTime432000.00,250977.0,52950.3583569336
692,ails2_eoh_omega2,250845.0,53206.10135693359
693,ails2_eoh_omega2,250844.0,53485.496356933596
694,ails2_eoh_omega2,250843.0,55548.204356933595
695,ails2_eoh_omega2,250840.0,55577.17335693359
696,ails2_eoh_omega2,250839.0,56349.18835693359
697,ails2_etaMax1.000_stoppingTime86400.00,250395.0,56882.486356933594
698,ails2_eoh_acc_large,250293.0,56901.59935693359
699,HGS-TV,250293.0,56907.49433350563
700,ails2_etaMax1.000_stoppingTime86400.00,250391.0,56882.60535693359
701,ails2_etaMax1.000_stoppingTime86400.00,250350.0,56969.95735693359
702,ails2_etaMax1.000_stoppingTime86400.00,250349.0,57042.70935693359
703,ails2_eoh_acc_large,250292.0,57208.030356933596
704,ails2_etaMax1.000_stoppingTime432000.00,252578.0,57273.97235693359
705,ails2_etaMax1.000_stoppingTime432000.00,252421.0,57277.98735693359
706,ails2_eoh_omega2,250838.0,57575.44635693359
707,ails2_eoh_omega2,250835.0,57576.003356933594
708,ails2_eoh_omega2,250834.0,57820.62635693359
709,ails2_eoh_omega2,250801.0,57850.26035693359
710,ails2_eoh_omega2,250800.0,57942.91735693359
711,ails2_eoh_omega2,250799.0,58032.348356933595
712,ails2_eoh_omega2,250790.0,58110.97835693359
713,ails2_eoh_omega2,250778.0,58169.488356933594
714,ails2_eoh_omega2,250777.0,58300.757356933595
715,ails2_eoh_omega2,250776.0,58506.32335693359
716,ails2_eoh_omega2,250775.0,58851.18435693359
717,ails2_eoh_omega2,250774.0,58908.79435693359
718,ails2_eoh_omega2,250773.0,58999.51235693359
719,ails2_eoh_omega2,250772.0,59556.539356933594
720,ails2_eoh_omega2,250761.0,59606.85335693359
721,ails2_eoh_omega2,250755.0,59638.21535693359
722,ails2_etaMax1.000_stoppingTime864000.00,252973.0,60255.63335693359
723,ails2_etaMax1.000_stoppingTime864000.00,252966.0,60255.65835693359
724,ails2_eoh_omega2,250754.0,60319.439356933595
725,ails2_etaMax1.000_stoppingTime432000.00,252400.0,61624.12435693359
726,ails2_eoh_omega2,250753.0,61645.19835693359
727,ails2_etaMax1.000_stoppingTime432000.00,252319.0,61624.22835693359
728,ails2_etaMax1.000_stoppingTime86400.00,250342.0,62058.814356933595
729,ails2_etaMax1.000_stoppingTime86400.00,250339.0,62059.640356933596
730,HGS-TV,250292.0,63611.78753018379
731,HGS-TV,250292.0,63671.922506570816
732,HGS-TV,250292.0,63732.3005232811
733,ails2_etaMax1.000_stoppingTime86400.00,250338.0,63767.12935693359
734,HGS-TV,250292.0,63827.090970277786
735,HGS-TV,250292.0,63887.260192632675
736,ails2_etaMax1.000_stoppingTime86400.00,250335.0,64170.460356933596
737,ails2_etaMax1.000_stoppingTime86400.00,250334.0,64170.8203569336
738,HGS-TV,250292.0,64384.90275835991
739,ails2_etaMax1.000_stoppingTime86400.00,250333.0,64460.49335693359
740,ails2_etaMax1.000_stoppingTime86400.00,250331.0,64479.54035693359
741,HGS-TV,250292.0,64692.230459690094
742,HGS-TV,250292.0,64838.35066819191
743,ails2_etaMax1.000_stoppingTime432000.00,252315.0,65019.68835693359
744,ails2_etaMax1.000_stoppingTime432000.00,252314.0,65019.8223569336
745,HGS-TV,250292.0,65414.29389047623
746,ails2_etaMax1.000_stoppingTime86400.00,250329.0,65427.426356933596
747,HGS-TV,250292.0,65474.391902923584
748,ails2_etaMax1.000_stoppingTime86400.00,250325.0,65427.564356933595
749,ails2_etaMax1.000_stoppingTime86400.00,250324.0,65603.93435693359
750,HGS-TV,250292.0,65608.88709926605
751,ails2_etaMax1.000_stoppingTime86400.00,250321.0,65604.30835693359
752,ails2_etaMax1.000_stoppingTime86400.00,250309.0,65682.37035693359
753,HGS-TV,250292.0,65826.33698964119
754,HGS-TV,250292.0,65962.55069684982
755,HGS-TV,250292.0,66232.1880595684
756,ails2_eoh_omega2,250752.0,66409.8863569336
757,HGS-TV,250292.0,66469.51555347443
758,HGS-TV,250292.0,66944.16732692719
759,ails2_etaMax1.000_stoppingTime432000.00,252281.0,66991.7173569336
760,ails2_etaMax1.000_stoppingTime432000.00,252138.0,67028.7313569336
761,HGS-TV,250292.0,67087.68666434288
762,HGS-TV,250292.0,67177.74059772491
763,HGS-TV,250292.0,67463.00817966461
764,HGS-TV,250292.0,68407.32183003426
765,HGS-TV,250292.0,68533.0349829197
766,ails2_etaMax1.000_stoppingTime86400.00,250307.0,68866.6073569336
767,ails2_etaMax1.000_stoppingTime86400.00,250303.0,68867.2003569336
768,HGS-TV,250292.0,69068.13265490532
769,ails2_eoh_omega2,250751.0,69105.83235693359
770,HGS-TV,250292.0,69128.2051897049
771,ails2_eoh_omega2,250747.0,69121.8903569336
772,HGS-TV,250292.0,69454.94722223282
773,HGS-TV,250292.0,69976.40324640274
774,HGS-TV,250292.0,70036.43058562279
775,HGS-TV,250292.0,70270.87620687485
776,ails2_eoh_omega2,250746.0,70289.3783569336
777,ails2_eoh_omega2,250744.0,70289.80535693359
778,HGS-TV,250292.0,70471.81627392769
779,HGS-TV,250292.0,70531.92217159271
780,ails2_eoh_omega2,250742.0,70535.6713569336
781,HGS-TV,250292.0,70658.57785797119
782,HGS-TV,250292.0,71060.75584435463
783,HGS-TV,250292.0,71254.20950889587
784,HGS-TV,250292.0,71441.25927877426
785,HGS-TV,250292.0,71585.35520625114
786,HGS-TV,250292.0,71667.67417216301
787,HGS-TV,250292.0,72069.60842633247
788,HGS-TV,250292.0,72134.88943004608
789,HGS-TV,250292.0,72268.68653035164
790,HGS-TV,250292.0,72329.02969264984
791,ails2_etaMax1.000_stoppingTime86400.00,250302.0,72548.6793569336
792,ails2_etaMax0.010_stoppingTime432000.00,250976.0,72563.1483569336
793,ails2_etaMax0.010_stoppingTime432000.00,250974.0,72600.62035693359
794,ails2_etaMax1.000_stoppingTime86400.00,250299.0,72624.8153569336
795,HGS-TV,250292.0,72975.53114581108
796,ails2_etaMax1.000_stoppingTime86400.00,250295.0,73088.18835693359
797,ails2_etaMax1.000_stoppingTime864000.00,252962.0,73152.60835693359
798,ails2_etaMax1.000_stoppingTime864000.00,252953.0,73152.65435693359
799,ails2_etaMax1.000_stoppingTime86400.00,250294.0,73396.53935693359
800,ails2_etaMax1.000_stoppingTime86400.00,250289.0,73452.3913569336
801,ails2_etaMax1.000_stoppingTime864000.00,252948.0,73688.59735693359
802,HGS-TV,250292.0,73697.01673340797
803,ails2_etaMax1.000_stoppingTime864000.00,252883.0,73688.8233569336
804,HGS-TV,250292.0,73944.63905906677
805,HGS-TV,250292.0,74616.84403181076
806,HGS-TV,250292.0,75024.36067056656
807,ails2_eoh_acc_large,250286.0,75665.1173569336
808,ails2_eoh_acc_large,250280.0,75695.3873569336
809,ails2_eoh_acc_large,250279.0,75854.81335693359
810,ails2_etaMax0.005_stoppingTime86400.00,250288.0,76104.4323569336
811,ails2_etaMax0.005_stoppingTime86400.00,250287.0,76104.61935693359
812,ails2_eoh_acc_large,250277.0,76278.72635693359
813,ails2_etaMax0.005_stoppingTime86400.00,250286.0,76668.4023569336
814,ails2_etaMax0.005_stoppingTime86400.00,250284.0,76720.0383569336
815,ails2_etaMax0.005_stoppingTime86400.00,250283.0,76752.29035693359
816,ails2_etaMax0.005_stoppingTime86400.00,250282.0,76910.8153569336
817,ails2_etaMax0.005_stoppingTime86400.00,250279.0,76918.15435693359
818,ails2_etaMax1.000_stoppingTime86400.00,250288.0,78447.4253569336
819,ails2_etaMax1.000_stoppingTime86400.00,250278.0,78497.7123569336
820,ails2_etaMax1.000_stoppingTime1728000.00,253232.0,79167.45735693359
821,ails2_etaMax1.000_stoppingTime1728000.00,253189.0,79172.9583569336
822,ails2_etaMax1.000_stoppingTime86400.00,250275.0,79711.79835693359
823,ails2_etaMax1.000_stoppingTime86400.00,250265.0,79736.6823569336
824,ails2_etaMax1.000_stoppingTime86400.00,250264.0,79950.03935693359
825,ails2_etaMax1.000_stoppingTime864000.00,252847.0,80116.1333569336
826,ails2_etaMax1.000_stoppingTime86400.00,250263.0,80159.79035693359
827,ails2_etaMax1.000_stoppingTime864000.00,252783.0,80116.5423569336
828,ails2_eoh_omega2,250741.0,80640.42635693359
829,ails2_etaMax1.000_stoppingTime432000.00,252134.0,80819.34735693359
830,ails2_etaMax1.000_stoppingTime432000.00,252025.0,80822.1593569336
831,ails2_etaMax1.000_stoppingTime86400.00,250262.0,81390.93835693359
832,ails2_etaMax1.000_stoppingTime86400.00,250261.0,81611.2533569336
833,ails2_etaMax1.000_stoppingTime432000.00,252021.0,81625.0543569336
834,ails2_etaMax1.000_stoppingTime432000.00,252018.0,82168.06335693359
835,ails2_etaMax1.000_stoppingTime432000.00,251954.0,82169.2463569336
836,ails2_etaMax0.010_stoppingTime432000.00,250973.0,84031.45235693359
837,ails2_etaMax0.010_stoppingTime432000.00,250971.0,84304.7963569336
838,ails2_etaMax1.000_stoppingTime86400.00,250259.0,84545.63135693359
839,ails2_etaMax0.010_stoppingTime432000.00,250970.0,84675.3183569336
840,ails2_etaMax0.010_stoppingTime432000.00,250969.0,84741.8823569336
841,ails2_etaMax0.010_stoppingTime432000.00,250968.0,84742.17335693359
842,ails2_etaMax1.000_stoppingTime864000.00,252767.0,84955.8483569336
843,ails2_etaMax1.000_stoppingTime864000.00,252690.0,84957.1023569336
844,ails2_etaMax0.010_stoppingTime432000.00,250967.0,85055.91535693359
845,ails2_etaMax1.000_stoppingTime1728000.00,253153.0,85113.45735693359
846,ails2_etaMax0.010_stoppingTime432000.00,250965.0,85056.34735693359
847,HGS-TV,250260.0,85143.26681613922
848,ails2_etaMax1.000_stoppingTime1728000.00,253140.0,85113.47935693359
849,ails2_etaMax0.010_stoppingTime432000.00,250962.0,86221.50935693359
850,ails2_etaMax0.010_stoppingTime432000.00,250960.0,86221.5943569336
851,ails2_etaMax1.000_stoppingTime1728000.00,253124.0,88007.37335693359
852,ails2_etaMax1.000_stoppingTime1728000.00,253011.0,88007.45735693359
853,ails2_etaMax1.000_stoppingTime432000.00,251928.0,89827.74135693359
854,ails2_etaMax1.000_stoppingTime432000.00,251836.0,89827.9353569336
855,ails2_etaMax0.010_stoppingTime432000.00,250959.0,90067.3333569336
856,HGS-TV,250259.0,90124.31079864502
857,ails2_etaMax0.010_stoppingTime432000.00,250958.0,90129.60835693359
858,HGS-TV,250259.0,90188.80615353584
859,ails2_etaMax0.010_stoppingTime432000.00,250950.0,90143.67635693359
860,HGS-TV,250259.0,90248.98542571068
861,ails2_etaMax0.010_stoppingTime432000.00,250949.0,90225.54035693359
862,ails2_etaMax0.010_stoppingTime432000.00,250948.0,90268.4363569336
863,HGS-TV,250259.0,90338.0679974556
864,ails2_etaMax0.010_stoppingTime432000.00,250947.0,90322.0993569336
865,HGS-TV,250259.0,90398.18072271347
866,HGS-TV,250259.0,90692.21238684654
867,ails2_etaMax0.010_stoppingTime432000.00,250946.0,90834.9933569336
868,HGS-TV,250259.0,90947.64968585968
869,HGS-TV,250259.0,91008.0773742199
870,HGS-TV,250259.0,91308.5914709568
871,ails2_etaMax0.010_stoppingTime432000.00,250945.0,91423.0803569336
872,ails2_etaMax0.010_stoppingTime432000.00,250943.0,91436.81335693359
873,HGS-TV,250259.0,91486.12264299393
874,HGS-TV,250259.0,91566.67181301117
875,HGS-TV,250259.0,91626.97005939484
876,HGS-TV,250259.0,92116.29172563553
877,HGS-TV,250259.0,92513.76876831055
878,ails2_etaMax0.010_stoppingTime432000.00,250942.0,92845.3423569336
879,ails2_etaMax0.010_stoppingTime432000.00,250941.0,92846.7663569336
880,HGS-TV,250259.0,92908.67372131348
881,ails2_etaMax0.010_stoppingTime432000.00,250937.0,92966.06335693359
882,HGS-TV,250259.0,92985.86534762383
883,ails2_etaMax0.010_stoppingTime432000.00,250936.0,92989.50535693359
884,HGS-TV,250259.0,93046.06998300552
885,HGS-TV,250259.0,93112.74570965767
886,HGS-TV,250259.0,93352.05793809891
887,HGS-TV,250259.0,93412.07027244568
888,HGS-TV,250259.0,93698.74772119522
889,ails2_etaMax1.000_stoppingTime864000.00,252682.0,93818.8333569336
890,ails2_etaMax1.000_stoppingTime864000.00,252645.0,93818.87335693359
891,HGS-TV,250259.0,93971.66818976402
892,HGS-TV,250259.0,94031.67381000519
893,ails2_etaMax1.000_stoppingTime432000.00,251834.0,95359.6173569336
894,ails2_etaMax1.000_stoppingTime864000.00,252637.0,95419.1673569336
895,ails2_etaMax1.000_stoppingTime432000.00,251785.0,95360.5923569336
896,HGS-TV,250259.0,95937.45390486717
897,ails2_etaMax1.000_stoppingTime432000.00,251746.0,95966.6363569336
898,ails2_etaMax1.000_stoppingTime432000.00,251738.0,95967.53935693359
899,HGS-TV,250259.0,96122.97914195061
900,HGS-TV,250259.0,96281.34096503258
901,HGS-TV,250259.0,96479.34722542763
902,HGS-TV,250259.0,96539.80634999275
903,HGS-TV,250259.0,96719.41376948357
904,HGS-TV,250259.0,96856.23484921455
905,HGS-TV,250259.0,96916.68543672562
906,HGS-TV,250259.0,97253.09706926346
907,HGS-TV,250259.0,97387.02894663811
908,HGS-TV,250259.0,98099.24985575676
909,ails2_eoh_omega2,250740.0,98230.9923569336
910,HGS-TV,250259.0,98520.90603542328
911,ails2_etaMax0.010_stoppingTime432000.00,250933.0,98545.7083569336
912,ails2_etaMax0.010_stoppingTime432000.00,250921.0,98569.8413569336
913,ails2_etaMax0.010_stoppingTime432000.00,250918.0,98665.3833569336
914,HGS-TV,250259.0,98701.23830652237
915,ails2_etaMax0.010_stoppingTime432000.00,250915.0,98681.45635693359
916,HGS-TV,250259.0,98992.62314605713
917,ails2_etaMax0.010_stoppingTime432000.00,250914.0,99038.8003569336
918,HGS-TV,250259.0,99599.68473958969
919,HGS-TV,250259.0,99659.75089502335
920,ails2_etaMax0.010_stoppingTime432000.00,250913.0,99792.1633569336
921,ails2_etaMax1.000_stoppingTime864000.00,252610.0,99900.2853569336
922,ails2_etaMax1.000_stoppingTime864000.00,252523.0,99900.8403569336
923,HGS-TV,250259.0,99962.33648657799
924,HGS-TV,250259.0,100235.33952212334
925,HGS-TV,250259.0,100512.60586643219
926,HGS-TV,250259.0,101039.49794316292
927,HGS-TV,250259.0,101099.53351068497
928,ails2_etaMax1.000_stoppingTime432000.00,251710.0,101179.88135693359
929,ails2_etaMax1.000_stoppingTime432000.00,251576.0,101180.75935693359
930,HGS-TV,250259.0,101361.2628633976
931,HGS-TV,250259.0,101421.63453865051
932,HGS-TV,250259.0,101481.86074781418
933,HGS-TV,250259.0,101583.43244028091
934,HGS-TV,250259.0,102031.79761528969
935,HGS-TV,250259.0,102092.01756691933
936,HGS-TV,250259.0,102152.33735752106
937,HGS-TV,250259.0,102328.56013870239
938,HGS-TV,250259.0,102467.05657958984
939,HGS-TV,250259.0,102680.42978811264
940,HGS-TV,250259.0,102740.78656387329
941,HGS-TV,250259.0,103037.01325964928
942,HGS-TV,250259.0,103273.58088183403
943,HGS-TV,250259.0,103905.44289708138
944,HGS-TV,250259.0,104187.04693245888
945,HGS-TV,250259.0,104264.59324812889
946,HGS-TV,250259.0,104324.67631912231
947,HGS-TV,250259.0,104432.50799536705
948,HGS-TV,250259.0,104803.7789888382
949,HGS-TV,250259.0,104957.71624732018
950,HGS-TV,250259.0,105451.61641669273
951,HGS-TV,250259.0,105512.99510598183
952,ails2_etaMax1.000_stoppingTime432000.00,251545.0,105589.9023569336
953,HGS-TV,250259.0,105605.44012475014
954,HGS-TV,250259.0,106288.94217514992
955,HGS-TV,250259.0,106681.61662602425
956,HGS-TV,250259.0,106851.3445494175
957,HGS-TV,250259.0,107176.63573741913
958,HGS-TV,250259.0,107236.75888514519
959,HGS-TV,250259.0,107502.06268811226
960,HGS-TV,250259.0,107739.42239236832
961,HGS-TV,250259.0,108094.50356054306
962,HGS-TV,250259.0,108191.40524315834
963,HGS-TV,250259.0,108251.6916885376
964,HGS-TV,250259.0,108444.53493070602
965,HGS-TV,250259.0,108533.16666054726
966,HGS-TV,250259.0,108788.76433062553
967,HGS-TV,250259.0,108950.26403927803
968,HGS-TV,250259.0,109010.32891893387
969,HGS-TV,250259.0,109106.38203930855
970,HGS-TV,250259.0,109166.62969708443
971,HGS-TV,250259.0,109270.15877270699
972,HGS-TV,250259.0,109351.4315559864
973,ails2_etaMax0.010_stoppingTime432000.00,250912.0,109400.5373569336
974,HGS-TV,250259.0,109411.58167004585
975,HGS-TV,250259.0,109535.4883351326
976,HGS-TV,250259.0,109667.88372135162
977,HGS-TV,250259.0,109993.40165710449
978,HGS-TV,250259.0,110141.8471403122
979,ails2_etaMax1.000_stoppingTime864000.00,252473.0,110213.3903569336
980,ails2_etaMax1.000_stoppingTime864000.00,252455.0,110213.4813569336
981,HGS-TV,250259.0,110372.53847336769
982,HGS-TV,250259.0,110432.68858599663
983,HGS-TV,250259.0,110779.58606123924
984,HGS-TV,250259.0,110839.85074663162
985,HGS-TV,250259.0,110899.93215847015
986,HGS-TV,250259.0,110959.98085737228
987,HGS-TV,250259.0,111020.10290145874
988,ails2_etaMax1.000_stoppingTime864000.00,252445.0,111253.58935693359
989,ails2_etaMax1.000_stoppingTime864000.00,252415.0,111253.61535693359
990,HGS-TV,250259.0,111356.89219236374
991,HGS-TV,250259.0,112036.03679299355
992,HGS-TV,250259.0,112231.2050511837
993,HGS-TV,250259.0,112346.28394055367
994,ails2_etaMax1.000_stoppingTime432000.00,251509.0,112740.0153569336
995,ails2_etaMax1.000_stoppingTime432000.00,251323.0,112792.1663569336
996,HGS-TV,250259.0,112854.96192765236
997,HGS-TV,250259.0,113757.99918675423
998,ails2_etaMax1.000_stoppingTime864000.00,252392.0,114052.0603569336
999,ails2_etaMax1.000_stoppingTime864000.00,252226.0,114053.29035693359
1000,HGS-TV,250259.0,114166.95047974586
1001,HGS-TV,250259.0,114231.17069911957
1002,HGS-TV,250259.0,114826.08255171776
1003,HGS-TV,250259.0,115542.13071155548
1004,HGS-TV,250259.0,116176.38773417473
1005,HGS-TV,250259.0,116465.6018948555
1006,HGS-TV,250259.0,116582.47070455551
1007,HGS-TV,250259.0,117501.97263431549
1008,HGS-TV,250259.0,117562.12558555603
1009,HGS-TV,250259.0,117663.43696904182
1010,HGS-TV,250259.0,117723.74041461945
1011,HGS-TV,250259.0,119308.87894797325
1012,HGS-TV,250259.0,119577.33390760422
1013,ails2_etaMax1.000_stoppingTime1728000.00,252988.0,119748.9243569336
1014,ails2_etaMax1.000_stoppingTime1728000.00,252882.0,119748.96835693359
1015,HGS-TV,250259.0,120176.50252914429
1016,HGS-TV,250259.0,121242.43649554253
1017,HGS-TV,250259.0,121931.34930634499
1018,HGS-TV,250259.0,121991.75264930725
1019,ails2_etaMax1.000_stoppingTime432000.00,251278.0,122335.4513569336
1020,HGS-TV,250259.0,122388.69071149826
1021,ails2_etaMax1.000_stoppingTime432000.00,251239.0,122336.6753569336
1022,HGS-TV,250259.0,122450.65614080429
1023,HGS-TV,250259.0,122921.30766487122
1024,HGS-TV,250259.0,123139.65357255936
1025,HGS-TV,250259.0,123589.53861951828
1026,HGS-TV,250259.0,123649.54855370522
1027,HGS-TV,250259.0,124356.20086956024
1028,HGS-TV,250259.0,124433.85569405556
1029,HGS-TV,250259.0,124576.71542549133
1030,HGS-TV,250259.0,124637.19605827332
1031,HGS-TV,250259.0,125469.59635400772
1032,HGS-TV,250259.0,125553.93372535706
1033,HGS-TV,250259.0,125649.18648529053
1034,HGS-TV,250259.0,125709.23977994919
1035,HGS-TV,250259.0,125769.44794893265
1036,HGS-TV,250259.0,125924.39094281197
1037,HGS-TV,250259.0,125984.49275779724
1038,HGS-TV,250259.0,126044.49706220627
1039,HGS-TV,250259.0,126169.68652319908
1040,HGS-TV,250259.0,126230.01353597641
1041,HGS-TV,250259.0,126325.17374944687
1042,HGS-TV,250259.0,126455.07266139984
1043,HGS-TV,250259.0,126678.66198635101
1044,HGS-TV,250259.0,128080.99760174751
1045,HGS-TV,250259.0,128395.89607977867
1046,HGS-TV,250259.0,128466.81423163414
1047,HGS-TV,250259.0,128857.70369505882
1048,HGS-TV,250259.0,128975.54013299942
1049,HGS-TV,250259.0,129035.7551202774
1050,HGS-TV,250259.0,130091.2044980526
1051,HGS-TV,250259.0,130274.68725848198
1052,ails2_etaMax1.000_stoppingTime432000.00,251232.0,130500.15835693359
1053,HGS-TV,250259.0,130547.65260124207
1054,ails2_etaMax1.000_stoppingTime432000.00,251172.0,130501.15435693359
1055,HGS-TV,250259.0,130767.48088979721
1056,HGS-TV,250259.0,130827.71023702621
1057,HGS-TV,250259.0,130988.38444209099
1058,HGS-TV,250259.0,131048.4592654705
1059,HGS-TV,250259.0,131203.61303949356
1060,HGS-TV,250259.0,131283.19876217842
1061,HGS-TV,250259.0,131520.8140873909
1062,HGS-TV,250259.0,131830.2108514309
1063,HGS-TV,250259.0,131936.14646100998
1064,HGS-TV,250259.0,132219.2680325508
1065,ails2_etaMax1.000_stoppingTime864000.00,252223.0,132246.66735693358
1066,HGS-TV,250259.0,132397.49023985863
1067,HGS-TV,250259.0,132457.69963240623
1068,HGS-TV,250259.0,132517.86626911163
1069,HGS-TV,250259.0,132578.16812467575
1070,HGS-TV,250259.0,132672.64682865143
1071,ails2_etaMax1.000_stoppingTime864000.00,252218.0,132849.1053569336
1072,ails2_etaMax1.000_stoppingTime864000.00,252087.0,132849.5523569336
1073,HGS-TV,250259.0,132960.37580895424
1074,HGS-TV,250259.0,133068.03389382362
1075,HGS-TV,250259.0,133270.80439400673
1076,ails2_etaMax1.000_stoppingTime432000.00,251171.0,133417.1443569336
1077,HGS-TV,250259.0,133446.10208773613
1078,ails2_etaMax1.000_stoppingTime432000.00,251073.0,133418.35235693358
1079,HGS-TV,250259.0,133506.29241275787
1080,HGS-TV,250259.0,133871.93455457687
1081,HGS-TV,250259.0,134102.5520811081
1082,HGS-TV,250259.0,134162.8565375805
1083,HGS-TV,250259.0,134362.04511737823
1084,HGS-TV,250259.0,134479.0666205883
1085,HGS-TV,250259.0,134757.54940867424
1086,HGS-TV,250259.0,134975.617354393
1087,HGS-TV,250259.0,135373.38938498497
1088,HGS-TV,250259.0,135560.0686671734
1089,ails2_etaMax1.000_stoppingTime1728000.00,252879.0,136614.9053569336
1090,ails2_etaMax1.000_stoppingTime1728000.00,252786.0,136615.87135693358
1091,HGS-TV,250259.0,136723.35881209373
1092,HGS-TV,250259.0,136879.65784406662
1093,HGS-TV,250259.0,137201.9313454628
1094,HGS-TV,250259.0,137273.13818192482
1095,HGS-TV,250259.0,137333.37088131905
1096,HGS-TV,250259.0,137753.7994503975
1097,HGS-TV,250259.0,138183.4079735279
1098,ails2_etaMax1.000_stoppingTime432000.00,251069.0,138362.9953569336
1099,HGS-TV,250259.0,138405.19872379303
1100,ails2_etaMax1.000_stoppingTime1728000.00,252764.0,138407.3093569336
1101,ails2_etaMax1.000_stoppingTime1728000.00,252642.0,138407.8073569336
1102,HGS-TV,250259.0,138478.67295241356
1103,HGS-TV,250259.0,139931.06987833977
1104,HGS-TV,250259.0,140869.47192311287
1105,ails2_etaMax1.000_stoppingTime432000.00,251047.0,141196.9023569336
1106,ails2_etaMax1.000_stoppingTime432000.00,251020.0,142990.49635693358
1107,ails2_etaMax1.000_stoppingTime432000.00,250963.0,143014.71635693358
1108,ails2_eoh_omega2,250738.0,143512.6073569336
1109,ails2_eoh_omega2,250733.0,143548.80335693358
1110,ails2_eoh_omega2,250731.0,143642.55035693359
1111,ails2_eoh_omega2,250721.0,143644.0173569336
1112,ails2_eoh_omega2,250720.0,143878.9273569336
1113,ails2_eoh_omega2,250715.0,143897.7583569336
1114,ails2_eoh_omega2,250714.0,144128.0363569336
1115,HGS-TV,250259.0,144224.1560485363
1116,HGS-TV,250259.0,145180.16843867302
1117,HGS-TV,250259.0,145637.0789425373
1118,HGS-TV,250259.0,145958.39520072937
1119,HGS-TV,250259.0,146234.76081943512
1120,HGS-TV,250259.0,146359.8158493042
1121,HGS-TV,250259.0,146860.39231657982
1122,HGS-TV,250259.0,147774.65878534317
1123,HGS-TV,250259.0,147834.75514245033
1124,HGS-TV,250259.0,147930.64215636253
1125,HGS-TV,250259.0,148066.92309045792
1126,HGS-TV,250259.0,148127.03594851494
1127,HGS-TV,250259.0,148266.96056842804
1128,HGS-TV,250259.0,148500.54397845268
1129,HGS-TV,250259.0,148591.29081249237
1130,HGS-TV,250259.0,149401.3087697029
1131,HGS-TV,250259.0,149461.4374039173
1132,HGS-TV,250259.0,149679.32045149803
1133,HGS-TV,250259.0,149950.1735777855
1134,HGS-TV,250259.0,150010.4024503231
1135,HGS-TV,250259.0,150105.6206793785
1136,ails2_etaMax1.000_stoppingTime432000.00,250958.0,150240.8643569336
1137,HGS-TV,250259.0,150257.31100273132
1138,ails2_etaMax1.000_stoppingTime432000.00,250947.0,150244.3203569336
1139,ails2_etaMax1.000_stoppingTime432000.00,250938.0,150345.2963569336
1140,HGS-TV,250259.0,150422.5583832264
1141,HGS-TV,250259.0,150518.78168082237
1142,HGS-TV,250259.0,150578.9657075405
1143,HGS-TV,250259.0,150729.99261689186
1144,HGS-TV,250259.0,151265.45063233376
1145,HGS-TV,250259.0,151347.2724788189
1146,HGS-TV,250259.0,151605.85150194168
1147,HGS-TV,250259.0,151750.48810195923
1148,ails2_etaMax1.000_stoppingTime432000.00,250916.0,151757.30035693359
1149,HGS-TV,250259.0,151810.5044822693
1150,ails2_etaMax1.000_stoppingTime432000.00,250834.0,151763.9603569336
1151,HGS-TV,250259.0,151870.61930394173
1152,HGS-TV,250259.0,151991.47623324394
1153,HGS-TV,250259.0,152051.51137375832
1154,HGS-TV,250259.0,152283.5939900875
1155,HGS-TV,250259.0,152700.5051829815
1156,HGS-TV,250259.0,152760.79868769646
1157,HGS-TV,250259.0,152872.17289876938
1158,HGS-TV,250259.0,153145.32617735863
1159,HGS-TV,250259.0,153363.3335595131
1160,HGS-TV,250259.0,153423.53560709953
1161,ails2_etaMax1.000_stoppingTime864000.00,252085.0,153538.81435693358
1162,ails2_etaMax1.000_stoppingTime864000.00,252026.0,153539.1303569336
1163,HGS-TV,250259.0,153625.021163702
1164,ails2_etaMax1.000_stoppingTime864000.00,252009.0,153662.2823569336
1165,ails2_etaMax1.000_stoppingTime864000.00,251996.0,153662.6303569336
1166,HGS-TV,250259.0,153922.97233462334
1167,ails2_etaMax1.000_stoppingTime432000.00,250823.0,153999.38235693358
1168,HGS-TV,250259.0,154013.20831537247
1169,ails2_etaMax1.000_stoppingTime432000.00,250696.0,153999.5323569336
1170,HGS-TV,250259.0,154182.86200976372
1171,HGS-TV,250259.0,154581.91807365417
1172,HGS-TV,250259.0,154641.91969633102
1173,HGS-TV,250259.0,154982.7750673294
1174,ails2_etaMax1.000_stoppingTime432000.00,250687.0,155021.4323569336
1175,HGS-TV,250259.0,155042.81923866272
1176,ails2_etaMax1.000_stoppingTime432000.00,250686.0,155021.4563569336
1177,HGS-TV,250259.0,155102.99089741707
1178,HGS-TV,250259.0,155265.42784452438
1179,HGS-TV,250259.0,155355.18846964836
1180,HGS-TV,250259.0,155427.49433016777
1181,HGS-TV,250259.0,155487.56288170815
1182,HGS-TV,250259.0,155547.77737426758
1183,HGS-TV,250259.0,155627.53274989128
1184,HGS-TV,250259.0,155687.595246315
1185,HGS-TV,250259.0,155751.27643728256
1186,HGS-TV,250259.0,155975.0657403469
1187,HGS-TV,250259.0,156035.2644121647
1188,HGS-TV,250259.0,156117.05108118057
1189,HGS-TV,250259.0,156184.18763685226
1190,HGS-TV,250259.0,156244.2465596199
1191,HGS-TV,250259.0,156465.3448843956
1192,HGS-TV,250259.0,156668.2343122959
1193,HGS-TV,250259.0,156728.33657336235
1194,HGS-TV,250259.0,156797.82435035706
1195,HGS-TV,250259.0,156864.2347328663
1196,HGS-TV,250259.0,157048.23923420906
1197,HGS-TV,250259.0,157159.933324337
1198,HGS-TV,250259.0,157220.103785038
1199,ails2_etaMax1.000_stoppingTime864000.00,251970.0,157306.3203569336
1200,HGS-TV,250259.0,157356.78388524055
1201,ails2_etaMax1.000_stoppingTime864000.00,251915.0,157312.8323569336
1202,HGS-TV,250259.0,157509.8568520546
1203,HGS-TV,250259.0,157630.1647028923
1204,HGS-TV,250259.0,157803.17904353142
1205,HGS-TV,250259.0,157919.7442741394
1206,HGS-TV,250259.0,157979.89082813263
1207,HGS-TV,250259.0,158041.12735557556
1208,HGS-TV,250259.0,158195.54739761353
1209,HGS-TV,250259.0,158255.6147401333
1210,HGS-TV,250259.0,158595.8537118435
1211,HGS-TV,250259.0,158655.89831662178
1212,ails2_etaMax1.000_stoppingTime864000.00,251914.0,158694.4723569336
1213,ails2_etaMax1.000_stoppingTime864000.00,251901.0,158694.5583569336
1214,HGS-TV,250259.0,159102.85963225365
1215,HGS-TV,250259.0,159162.89321017265
1216,HGS-TV,250259.0,159222.92851495743
1217,HGS-TV,250259.0,159290.15112829208
1218,HGS-TV,250259.0,159350.25248026848
1219,HGS-TV,250259.0,159550.7902328968
1220,HGS-TV,250259.0,159610.9161286354
1221,HGS-TV,250259.0,159682.23509979248
1222,HGS-TV,250259.0,159932.26279950142
1223,HGS-TV,250259.0,160008.97411632538
1224,HGS-TV,250259.0,160218.10651922226
1225,HGS-TV,250259.0,160389.55383896828
1226,HGS-TV,250259.0,160602.56589579582
1227,HGS-TV,250259.0,160662.8570585251
1228,HGS-TV,250259.0,160729.10642790794
1229,HGS-TV,250259.0,161425.99130010605
1230,ails2_eoh_omega2,250713.0,161626.63735693358
1231,HGS-TV,250259.0,161692.01453185081
1232,HGS-TV,250259.0,161846.32996368408
1233,HGS-TV,250259.0,162176.795055151
1234,HGS-TV,250259.0,162445.5622959137
1235,HGS-TV,250259.0,163032.68742895126
1236,HGS-TV,250259.0,163092.8631556034
1237,HGS-TV,250259.0,163290.34585094452
1238,HGS-TV,250259.0,163350.67803430557
1239,HGS-TV,250259.0,163444.16800045967
1240,HGS-TV,250259.0,163539.6292037964
1241,HGS-TV,250259.0,163632.7232017517
1242,HGS-TV,250259.0,163692.78948116302
1243,HGS-TV,250259.0,163753.0500330925
1244,HGS-TV,250259.0,164069.9084839821
1245,HGS-TV,250259.0,164213.24893069267
1246,HGS-TV,250259.0,164273.27626800537
1247,HGS-TV,250259.0,164782.4224512577
1248,HGS-TV,250259.0,164842.9696648121
1249,HGS-TV,250259.0,165150.72276234627
1250,HGS-TV,250259.0,165283.23777127266
1251,HGS-TV,250259.0,165688.99452400208
1252,HGS-TV,250259.0,165749.0171558857
1253,ails2_etaMax1.000_stoppingTime864000.00,251880.0,166066.4723569336
1254,ails2_etaMax1.000_stoppingTime864000.00,251745.0,166067.1803569336
1255,HGS-TV,250259.0,166752.6759634018
1256,HGS-TV,250259.0,166902.84237456322
1257,HGS-TV,250259.0,166962.86273145676
1258,HGS-TV,250259.0,167110.27485656738
1259,HGS-TV,250259.0,167377.47561764717
1260,HGS-TV,250259.0,167437.73732185364
1261,HGS-TV,250259.0,167509.70223975182
1262,HGS-TV,250259.0,167834.92019844055
1263,HGS-TV,250259.0,167968.10491371155
1264,HGS-TV,250259.0,168028.13568162918
1265,HGS-TV,250259.0,168088.49751925468
1266,HGS-TV,250259.0,168919.0784060955
1267,HGS-TV,250259.0,169911.41008114815
1268,HGS-TV,250259.0,171438.48695969582
1269,HGS-TV,250259.0,171498.6159684658
1270,HGS-TV,250259.0,171689.29474449158
1271,HGS-TV,250259.0,172927.95859885216
1272,HGS-TV,250259.0,173019.95658874512
1273,HGS-TV,250259.0,173684.56176185608
1274,ails2_etaMax1.000_stoppingTime1728000.00,252622.0,176762.2213569336
1275,ails2_etaMax1.000_stoppingTime1728000.00,252491.0,176762.3363569336
1276,HGS-TV,250259.0,178499.8389761448
1277,HGS-TV,250259.0,178560.14351701736
1278,HGS-TV,250259.0,178620.3670783043
1279,HGS-TV,250259.0,178680.60931181908
1280,HGS-TV,250259.0,178740.73234415054
1281,HGS-TV,250259.0,178800.8667163849
1282,HGS-TV,250259.0,178861.1573820114
1283,HGS-TV,250259.0,178921.42823171616
1284,HGS-TV,250259.0,178981.43672132492
1285,ails2_etaMax1.000_stoppingTime432000.00,250683.0,179072.9243569336
1286,HGS-TV,250259.0,179092.75560450554
1287,HGS-TV,250259.0,179259.4842991829
1288,ails2_etaMax1.000_stoppingTime432000.00,250670.0,179287.4483569336
1289,HGS-TV,250259.0,179319.7181403637
1290,HGS-TV,250259.0,179379.84577417374
1291,HGS-TV,250259.0,179505.75059604645
1292,HGS-TV,250259.0,179674.33162379265
1293,HGS-TV,250259.0,179758.6361861229
1294,HGS-TV,250259.0,180284.94253778458
1295,HGS-TV,250259.0,180344.9838502407
1296,HGS-TV,250259.0,180619.07324051857
1297,HGS-TV,250259.0,181081.34440541267
1298,ails2_etaMax1.000_stoppingTime432000.00,250666.0,181154.6853569336
1299,HGS-TV,250259.0,181198.73587989807
1300,ails2_etaMax1.000_stoppingTime432000.00,250663.0,181154.89035693358
1301,ails2_etaMax1.000_stoppingTime432000.00,250636.0,181266.1813569336
1302,HGS-TV,250259.0,181360.8577041626
1303,HGS-TV,250259.0,181772.42918276787
1304,HGS-TV,250259.0,182009.97319293022
1305,ails2_etaMax1.000_stoppingTime864000.00,251727.0,182180.8353569336
1306,HGS-TV,250259.0,182717.3455939293
1307,ails2_etaMax1.000_stoppingTime432000.00,250635.0,182861.1073569336
1308,ails2_etaMax1.000_stoppingTime432000.00,250630.0,182861.27335693358
1309,HGS-TV,250259.0,183049.6231558323
1310,HGS-TV,250259.0,183120.385358572
1311,ails2_etaMax1.000_stoppingTime432000.00,250629.0,183209.9783569336
1312,ails2_etaMax1.000_stoppingTime432000.00,250587.0,183212.5623569336
1313,HGS-TV,250259.0,183932.90060806274
1314,HGS-TV,250259.0,184347.30687069893
1315,HGS-TV,250259.0,184418.35573625565
1316,HGS-TV,250259.0,184562.43540287018
1317,HGS-TV,250259.0,185125.41403985023
1318,ails2_etaMax1.000_stoppingTime432000.00,250574.0,185548.78135693358
1319,ails2_etaMax1.000_stoppingTime432000.00,250514.0,185551.4493569336
1320,ails2_etaMax1.000_stoppingTime432000.00,250502.0,185674.8813569336
1321,ails2_etaMax1.000_stoppingTime432000.00,250472.0,185675.9863569336
1322,HGS-TV,250259.0,186313.54882740974
1323,HGS-TV,250259.0,186446.86875987053
1324,HGS-TV,250259.0,186876.0461742878
1325,HGS-TV,250259.0,186936.08571004868
1326,ails2_etaMax1.000_stoppingTime864000.00,251725.0,186996.2443569336
1327,HGS-TV,250259.0,187055.24459052086
1328,HGS-TV,250259.0,187120.61052274704
1329,HGS-TV,250259.0,187180.70161175728
1330,HGS-TV,250259.0,187384.59617710114
1331,HGS-TV,250259.0,187633.87942671776
1332,HGS-TV,250259.0,187703.96240878105
1333,HGS-TV,250259.0,188338.6274251938
1334,HGS-TV,250259.0,188414.41081380844
1335,HGS-TV,250259.0,188761.6021361351
1336,HGS-TV,250259.0,188940.50305747986
1337,HGS-TV,250259.0,189262.58348584175
1338,HGS-TV,250259.0,191290.1283507347
1339,ails2_etaMax1.000_stoppingTime1728000.00,252478.0,191454.6063569336
1340,ails2_etaMax1.000_stoppingTime1728000.00,252321.0,191454.7933569336
1341,ails2_etaMax1.000_stoppingTime864000.00,251714.0,191629.67835693358
1342,ails2_etaMax1.000_stoppingTime864000.00,251711.0,191629.7823569336
1343,HGS-TV,250259.0,191869.72294020653
1344,HGS-TV,250259.0,191930.13805770874
1345,HGS-TV,250259.0,192115.4913403988
1346,ails2_etaMax1.000_stoppingTime864000.00,251706.0,192777.7943569336
1347,ails2_etaMax1.000_stoppingTime864000.00,251595.0,192778.24635693358
1348,HGS-TV,250259.0,192891.25108599663
1349,HGS-TV,250259.0,192961.51443052292
1350,HGS-TV,250259.0,193082.86935925484
1351,HGS-TV,250259.0,193142.95626688004
1352,HGS-TV,250259.0,193318.48935890198
1353,HGS-TV,250259.0,193691.9176814556
1354,HGS-TV,250259.0,194001.75893878937
1355,HGS-TV,250259.0,194162.77178120613
1356,HGS-TV,250259.0,194255.120190382
1357,HGS-TV,250259.0,194607.14155459404
1358,HGS-TV,250259.0,195676.32072901726
1359,ails2_etaMax1.000_stoppingTime864000.00,251568.0,195682.31135693358
1360,ails2_etaMax1.000_stoppingTime864000.00,251490.0,195683.9313569336
1361,HGS-TV,250259.0,196526.45588445663
1362,HGS-TV,250259.0,196586.50510931015
1363,HGS-TV,250259.0,197092.08705806732
1364,HGS-TV,250259.0,197345.74392724037
1365,HGS-TV,250259.0,197405.95226573944
1366,HGS-TV,250259.0,197910.89282536507
1367,HGS-TV,250259.0,198581.518982172
1368,HGS-TV,250259.0,198641.7026283741
1369,HGS-TV,250259.0,198701.95989847183
1370,HGS-TV,250259.0,198795.8310058117
1371,HGS-TV,250259.0,199128.92434334755
1372,HGS-TV,250259.0,199280.2120900154
1373,HGS-TV,250259.0,199448.64214801788
1374,HGS-TV,250259.0,199508.86747598648
1375,HGS-TV,250259.0,199804.72807955742
1376,HGS-TV,250259.0,199916.4918575287
1377,HGS-TV,250259.0,199976.75266861916
1378,HGS-TV,250259.0,200395.43291521072
1379,HGS-TV,250259.0,200455.5459611416
1380,HGS-TV,250259.0,200814.5605018139
1381,HGS-TV,250259.0,200997.70599985123
1382,HGS-TV,250259.0,201096.55701565742
1383,HGS-TV,250259.0,201543.35136771202
1384,HGS-TV,250259.0,201675.6263604164
1385,HGS-TV,250259.0,201766.45123291016
1386,HGS-TV,250259.0,201826.7293484211
1387,ails2_etaMax1.000_stoppingTime432000.00,250469.0,201964.48835693358
1388,ails2_etaMax1.000_stoppingTime432000.00,250468.0,201964.5473569336
1389,HGS-TV,250259.0,202211.00221657753
1390,HGS-TV,250259.0,202330.79744839668
1391,HGS-TV,250259.0,202421.736068964
1392,ails2_etaMax1.000_stoppingTime432000.00,250465.0,202864.05335693358
1393,HGS-TV,250259.0,202966.6617553234
1394,ails2_etaMax1.000_stoppingTime432000.00,250460.0,202969.6093569336
1395,HGS-TV,250259.0,203026.67024159431
1396,ails2_etaMax1.000_stoppingTime432000.00,250432.0,202976.24635693358
1397,HGS-TV,250259.0,203086.70607733727
1398,HGS-TV,250259.0,203234.3661892414
1399,HGS-TV,250259.0,203343.00216674805
1400,HGS-TV,250259.0,203403.10480070114
1401,HGS-TV,250259.0,203473.6875872612
1402,HGS-TV,250259.0,203688.62936544418
1403,HGS-TV,250259.0,203748.77459168434
1404,HGS-TV,250259.0,204014.64313673973
1405,HGS-TV,250259.0,204118.75843811035
1406,HGS-TV,250259.0,204179.10720539093
1407,HGS-TV,250259.0,204239.221732378
1408,HGS-TV,250259.0,204412.7810344696
1409,HGS-TV,250259.0,204473.11642289162
1410,HGS-TV,250259.0,204679.99402093887
1411,HGS-TV,250259.0,204760.9873728752
1412,HGS-TV,250259.0,204821.2714922428
1413,HGS-TV,250259.0,204988.74867630005
1414,HGS-TV,250259.0,205069.82812285423
1415,HGS-TV,250259.0,205289.16492247581
1416,HGS-TV,250259.0,205373.59027695656
1417,HGS-TV,250259.0,205433.6085243225
1418,HGS-TV,250259.0,205754.3437345028
1419,HGS-TV,250259.0,205814.75274562836
1420,HGS-TV,250259.0,205959.19740891457
1421,HGS-TV,250259.0,206054.21189832687
1422,HGS-TV,250259.0,206123.80953717232
1423,HGS-TV,250259.0,206242.3865261078
1424,HGS-TV,250259.0,206302.42577195168
1425,HGS-TV,250259.0,206475.45658183098
1426,HGS-TV,250259.0,206575.65651154518
1427,HGS-TV,250259.0,206635.90155434608
1428,HGS-TV,250259.0,206718.66997265816
1429,ails2_etaMax1.000_stoppingTime432000.00,250423.0,206740.08335693358
1430,ails2_etaMax1.000_stoppingTime432000.00,250411.0,206744.3813569336
1431,HGS-TV,250259.0,206956.28624224663
1432,HGS-TV,250259.0,207016.3757622242
1433,HGS-TV,250259.0,207116.17447519302
1434,ails2_etaMax1.000_stoppingTime432000.00,250410.0,207139.67835693358
1435,ails2_etaMax1.000_stoppingTime432000.00,250396.0,207139.7363569336
1436,HGS-TV,250259.0,207211.4672589302
1437,HGS-TV,250259.0,207271.4745490551
1438,HGS-TV,250259.0,207335.48236632347
1439,ails2_etaMax1.000_stoppingTime432000.00,250385.0,207402.4523569336
1440,HGS-TV,250259.0,207404.47688531876
1441,ails2_etaMax1.000_stoppingTime432000.00,250379.0,207402.7773569336
1442,HGS-TV,250259.0,207464.63418722153
1443,HGS-TV,250259.0,207641.76901078224
1444,HGS-TV,250259.0,207701.97824788094
1445,HGS-TV,250259.0,207775.62701416016
1446,HGS-TV,250259.0,207835.87695860863
1447,HGS-TV,250259.0,207914.03837418556
1448,HGS-TV,250259.0,208075.0141940117
1449,HGS-TV,250259.0,208135.04398965836
1450,HGS-TV,250259.0,208195.27314281464
1451,HGS-TV,250259.0,208268.5571615696
1452,ails2_etaMax1.000_stoppingTime864000.00,251442.0,208347.4513569336
1453,HGS-TV,250259.0,208352.2532069683
1454,HGS-TV,250259.0,208488.78568387032
1455,HGS-TV,250259.0,208548.90952825546
1456,HGS-TV,250259.0,208609.23373508453
1457,HGS-TV,250259.0,208725.33377194405
1458,HGS-TV,250259.0,208907.4466636181
1459,HGS-TV,250259.0,208967.70791721344
1460,HGS-TV,250259.0,209027.732339859
1461,HGS-TV,250259.0,209087.89568924904
1462,HGS-TV,250259.0,209147.9652261734
1463,HGS-TV,250259.0,209317.5199022293
1464,HGS-TV,250259.0,209377.53390741348
1465,HGS-TV,250259.0,209437.69650673866
1466,HGS-TV,250259.0,209587.77386903763
1467,HGS-TV,250259.0,209647.93403697014
1468,HGS-TV,250259.0,209830.04629421234
1469,HGS-TV,250259.0,210001.65901255608
1470,HGS-TV,250259.0,210259.74796581268
1471,HGS-TV,250259.0,210668.46532821655
1472,HGS-TV,250259.0,210858.27027845383
1473,HGS-TV,250259.0,211026.00120854378
1474,HGS-TV,250259.0,211086.13119840622
1475,HGS-TV,250259.0,211617.07108545303
1476,ails2_etaMax1.000_stoppingTime1728000.00,252308.0,212034.1983569336
1477,HGS-TV,250259.0,212112.9046704769
1478,HGS-TV,250259.0,212173.1069033146
1479,HGS-TV,250259.0,212248.62660098076
1480,HGS-TV,250259.0,212512.7989845276
1481,HGS-TV,250259.0,212649.53703045845
1482,HGS-TV,250259.0,212914.70194005966
1483,HGS-TV,250259.0,213088.04374933243
1484,HGS-TV,250259.0,213609.56986379623
1485,HGS-TV,250259.0,213727.9979584217
1486,HGS-TV,250259.0,213788.0357749462
1487,HGS-TV,250259.0,213848.042375803
1488,HGS-TV,250259.0,213908.17570734024
1489,HGS-TV,250259.0,213968.27331328392
1490,HGS-TV,250259.0,214028.58248972893
1491,HGS-TV,250259.0,214088.80320596695
1492,HGS-TV,250259.0,214189.58447408676
1493,HGS-TV,250259.0,214423.59194254875
1494,HGS-TV,250259.0,214483.89703893661
1495,HGS-TV,250259.0,214554.3255698681
1496,HGS-TV,250259.0,214917.13352298737
1497,HGS-TV,250259.0,214977.16579294205
1498,HGS-TV,250259.0,215037.2098546028
1499,HGS-TV,250259.0,215341.0622074604
1500,HGS-TV,250259.0,215426.58499526978
1501,HGS-TV,250259.0,215486.86081576347
1502,HGS-TV,250259.0,215782.3236823082
1503,HGS-TV,250259.0,215877.55944609642
1504,HGS-TV,250259.0,215998.0075085163
1505,HGS-TV,250259.0,216073.96390008926
1506,HGS-TV,250259.0,216167.19377827644
1507,HGS-TV,250259.0,216227.22356629372
1508,HGS-TV,250259.0,216339.7582066059
1509,HGS-TV,250259.0,216705.3372080326
1510,HGS-TV,250259.0,217836.63550972939
1511,HGS-TV,250259.0,218035.6181988716
1512,HGS-TV,250259.0,218095.79181575775
1513,HGS-TV,250259.0,218244.28835248947
1514,HGS-TV,250259.0,218335.4266011715
1515,HGS-TV,250259.0,218761.31353092194
1516,HGS-TV,250259.0,218821.5151064396
1517,HGS-TV,250259.0,218888.52955961227
1518,HGS-TV,250259.0,218948.6738743782
1519,HGS-TV,250259.0,219301.19955325127
1520,HGS-TV,250259.0,220291.3646888733
1521,HGS-TV,250259.0,220401.07013058662
1522,HGS-TV,250259.0,221718.65937137604
1523,HGS-TV,250259.0,221796.4305689335
1524,HGS-TV,250259.0,222381.28633093834
1525,HGS-TV,250259.0,222693.8915064335
1526,HGS-TV,250259.0,222754.1436598301
1527,ails2_etaMax1.000_stoppingTime864000.00,251423.0,222823.9683569336
1528,ails2_etaMax1.000_stoppingTime864000.00,251349.0,222827.9543569336
1529,HGS-TV,250259.0,223042.4837498665
1530,ails2_etaMax1.000_stoppingTime432000.00,250373.0,223393.0953569336
1531,ails2_etaMax1.000_stoppingTime432000.00,250353.0,223393.9543569336
1532,HGS-TV,250259.0,223645.39427423477
1533,HGS-TV,250259.0,223716.90688967705
1534,HGS-TV,250259.0,223776.97877120972
1535,HGS-TV,250259.0,223855.7358314991
1536,ails2_etaMax1.000_stoppingTime864000.00,251348.0,223966.0603569336
1537,HGS-TV,250259.0,224025.60586714745
1538,ails2_etaMax1.000_stoppingTime864000.00,251273.0,223967.36835693358
1539,HGS-TV,250259.0,224128.4764854908
1540,HGS-TV,250259.0,224188.5439209938
1541,HGS-TV,250259.0,224351.16486382484
1542,HGS-TV,250259.0,224415.4937813282
1543,HGS-TV,250259.0,224687.49941825867
1544,HGS-TV,250259.0,224999.96246528625
1545,HGS-TV,250259.0,225060.12799215317
1546,HGS-TV,250259.0,225379.13802814484
1547,HGS-TV,250259.0,227490.03435254097
1548,HGS-TV,250259.0,228199.75145864487
1549,HGS-TV,250259.0,228616.89934778214
1550,HGS-TV,250259.0,228880.30288791656
1551,HGS-TV,250259.0,228946.76585745811
1552,HGS-TV,250259.0,230204.03042173386
1553,HGS-TV,250259.0,230409.6186351776
1554,HGS-TV,250259.0,230983.99879431725
1555,HGS-TV,250259.0,231271.09032177925
1556,HGS-TV,250259.0,231331.23414206505
1557,HGS-TV,250259.0,231609.38556480408
1558,ails2_etaMax1.000_stoppingTime432000.00,250348.0,231703.42835693358
1559,ails2_etaMax1.000_stoppingTime432000.00,250288.0,231745.9133569336
1560,HGS-TV,250259.0,232790.9539182186
1561,HGS-TV,250259.0,232994.36874771118
1562,HGS-TV,250259.0,233206.10948204994
1563,HGS-TV,250259.0,235239.60523223877
1564,HGS-TV,250259.0,235319.51370573044
1565,HGS-TV,250259.0,236389.16344761848
1566,HGS-TV,250259.0,236449.2707440853
1567,HGS-TV,250259.0,236509.27332949638
1568,ails2_etaMax1.000_stoppingTime1728000.00,252307.0,236530.0203569336
1569,HGS-TV,250259.0,236776.8199775219
1570,HGS-TV,250259.0,237544.9999485016
1571,HGS-TV,250259.0,237653.65256929398
1572,HGS-TV,250259.0,237713.68809390068
1573,HGS-TV,250259.0,237796.18789052963
1574,HGS-TV,250259.0,237986.10074400902
1575,HGS-TV,250259.0,238095.10735964775
1576,HGS-TV,250259.0,238155.17313337326
1577,HGS-TV,250259.0,238427.67712712288
1578,HGS-TV,250259.0,238689.5344400406
1579,HGS-TV,250259.0,238830.76202368736
1580,ails2_etaMax1.000_stoppingTime1728000.00,252302.0,238983.23835693358
1581,ails2_etaMax1.000_stoppingTime1728000.00,252279.0,238983.3643569336
1582,HGS-TV,250259.0,239103.3268954754
1583,ails2_etaMax1.000_stoppingTime1728000.00,252272.0,239067.9383569336
1584,ails2_etaMax1.000_stoppingTime864000.00,251270.0,240463.0013569336
1585,ails2_etaMax1.000_stoppingTime864000.00,251234.0,240463.1633569336
1586,HGS-TV,250259.0,240663.24279260635
1587,HGS-TV,250259.0,240921.76652812958
1588,ails2_etaMax1.000_stoppingTime1728000.00,252252.0,241168.25735693358
1589,HGS-TV,250259.0,241513.79871869087
1590,HGS-TV,250259.0,242334.22313523293
1591,HGS-TV,250259.0,242394.33501935005
1592,HGS-TV,250259.0,242454.4668753147
1593,HGS-TV,250259.0,242972.13015723228
1594,HGS-TV,250259.0,243038.01747965813
1595,HGS-TV,250259.0,243250.69554162025
1596,HGS-TV,250259.0,243310.72234368324
1597,HGS-TV,250259.0,243512.42562913895
1598,HGS-TV,250259.0,243771.5473089218
1599,HGS-TV,250259.0,243831.6073000431
1600,HGS-TV,250259.0,243999.26763248444
1601,HGS-TV,250259.0,244118.1073153019
1602,HGS-TV,250259.0,244351.37213015556
1603,ails2_etaMax1.000_stoppingTime432000.00,250286.0,244358.0223569336
1604,ails2_etaMax1.000_stoppingTime432000.00,250281.0,244358.0603569336
1605,HGS-TV,250259.0,244576.96686816216
1606,HGS-TV,250259.0,244874.70961236954
1607,HGS-TV,250259.0,244934.71199774742
1608,HGS-TV,250259.0,245044.9070186615
1609,HGS-TV,250259.0,245386.3398938179
1610,HGS-TV,250259.0,246342.88291239738
1611,HGS-TV,250259.0,246403.01491236687
1612,HGS-TV,250259.0,247069.32607531548
1613,HGS-TV,250259.0,247348.71515583992
1614,HGS-TV,250259.0,247409.00808262825
1615,HGS-TV,250259.0,247469.12008833885
1616,HGS-TV,250259.0,247529.53564929962
1617,HGS-TV,250259.0,247726.2434952259
1618,HGS-TV,250259.0,247912.54149770737
1619,HGS-TV,250259.0,248065.3684642315
1620,HGS-TV,250259.0,248239.29070806503
1621,HGS-TV,250259.0,248299.3556213379
1622,HGS-TV,250259.0,248416.15724229813
1623,HGS-TV,250259.0,248867.57698464394
1624,ails2_etaMax1.000_stoppingTime1728000.00,252150.0,249432.9923569336
1625,ails2_etaMax1.000_stoppingTime1728000.00,252118.0,249433.1443569336
1626,ails2_etaMax1.000_stoppingTime864000.00,251223.0,249612.4183569336
1627,ails2_etaMax1.000_stoppingTime864000.00,251220.0,249612.6663569336
1628,ails2_etaMax1.000_stoppingTime864000.00,251219.0,249801.0513569336
1629,ails2_etaMax1.000_stoppingTime864000.00,251203.0,249829.82535693358
1630,HGS-TV,250259.0,249922.93915867805
1631,HGS-TV,250259.0,250172.96683502197
1632,HGS-TV,250259.0,250242.0979397297
1633,HGS-TV,250259.0,250403.8152832985
1634,HGS-TV,250259.0,250750.64707922935
1635,HGS-TV,250259.0,250810.6662261486
1636,HGS-TV,250259.0,251308.2026488781
1637,HGS-TV,250259.0,251603.04426336288
1638,HGS-TV,250259.0,251993.37050056458
1639,HGS-TV,250259.0,252728.88511753082
1640,HGS-TV,250259.0,253444.66492199898
1641,HGS-TV,250259.0,253522.69912099838
1642,ails2_etaMax1.000_stoppingTime864000.00,251202.0,253628.31935693359
1643,HGS-TV,250259.0,253634.57420778275
1644,ails2_etaMax1.000_stoppingTime864000.00,251104.0,253633.9323569336
1645,HGS-TV,250259.0,253850.4079310894
1646,HGS-TV,250259.0,254047.44744229317
1647,HGS-TV,250259.0,254176.45752429962
1648,HGS-TV,250259.0,254236.74250721931
1649,HGS-TV,250259.0,254296.8961660862
1650,HGS-TV,250259.0,254769.94221138954
1651,HGS-TV,250259.0,255031.6515955925
1652,HGS-TV,250259.0,255199.67129015923
1653,HGS-TV,250259.0,255509.1900625229
1654,HGS-TV,250259.0,255569.21996951103
1655,HGS-TV,250259.0,256165.698584795
1656,HGS-TV,250259.0,256226.03165769577
1657,HGS-TV,250259.0,256286.18366408348
1658,HGS-TV,250259.0,256346.2731640339
1659,HGS-TV,250259.0,256406.40886116028
1660,HGS-TV,250259.0,256504.5947751999
1661,HGS-TV,250259.0,256816.54014778137
1662,HGS-TV,250259.0,256876.6523320675
1663,HGS-TV,250259.0,256936.69886231422
1664,HGS-TV,250259.0,257851.47756123543
1665,HGS-TV,250259.0,257914.3793900013
1666,HGS-TV,250259.0,258069.6287560463
1667,ails2_etaMax1.000_stoppingTime432000.00,250280.0,261785.9003569336
1668,HGS-TV,250259.0,262318.3471028805
1669,HGS-TV,250259.0,262378.47288680077
1670,HGS-TV,250259.0,262438.6982359886
1671,HGS-TV,250259.0,262498.96905207634
1672,HGS-TV,250259.0,262559.20007658005
1673,HGS-TV,250259.0,262953.05832338333
1674,HGS-TV,250259.0,263411.81783413887
1675,ails2_etaMax1.000_stoppingTime1728000.00,252091.0,263450.01135693357
1676,HGS-TV,250259.0,263472.16241431236
1677,HGS-TV,250259.0,263540.13985419273
1678,HGS-TV,250259.0,263600.4527220726
1679,HGS-TV,250259.0,263845.72043323517
1680,HGS-TV,250259.0,263957.5840251446
1681,HGS-TV,250259.0,264174.49122595787
1682,HGS-TV,250259.0,264242.1242315769
1683,HGS-TV,250259.0,264384.77380657196
1684,HGS-TV,250259.0,264460.5077569485
1685,HGS-TV,250259.0,264526.94938254356
1686,HGS-TV,250259.0,265554.360853672
1687,ails2_etaMax1.000_stoppingTime864000.00,251102.0,265691.5053569336
1688,ails2_etaMax1.000_stoppingTime864000.00,251095.0,265691.57635693357
1689,HGS-TV,250259.0,265768.9287366867
1690,HGS-TV,250259.0,266048.28295373917
1691,HGS-TV,250259.0,266214.95462822914
1692,HGS-TV,250259.0,266275.02001833916
1693,HGS-TV,250259.0,266339.27462625504
1694,HGS-TV,250259.0,266865.1873598099
1695,HGS-TV,250259.0,266950.45120048523
1696,HGS-TV,250259.0,267010.65302062035
1697,HGS-TV,250259.0,267117.6136674881
1698,HGS-TV,250259.0,267348.8299059868
1699,HGS-TV,250259.0,267598.5966434479
1700,ails2_etaMax1.000_stoppingTime864000.00,251047.0,267863.33735693357
1701,ails2_etaMax1.000_stoppingTime864000.00,251046.0,267863.3893569336
1702,HGS-TV,250259.0,268294.2762744427
1703,HGS-TV,250259.0,268354.57384109497
1704,HGS-TV,250259.0,269013.6462686062
1705,HGS-TV,250259.0,269327.39753103256
1706,HGS-TV,250259.0,269482.6258084774
1707,HGS-TV,250259.0,269608.8801114559
1708,HGS-TV,250259.0,269835.52102327347
1709,HGS-TV,250259.0,269895.5963358879
1710,HGS-TV,250259.0,270349.6081960201
1711,HGS-TV,250259.0,271200.89482569695
1712,HGS-TV,250259.0,271261.0523262024
1713,HGS-TV,250259.0,271321.3448793888
1714,HGS-TV,250259.0,271438.1385397911
1715,HGS-TV,250259.0,271498.27623844147
1716,HGS-TV,250259.0,271592.83435177803
1717,HGS-TV,250259.0,271684.47327923775
1718,HGS-TV,250259.0,271744.47399687767
1719,HGS-TV,250259.0,271854.3079881668
1720,HGS-TV,250259.0,272061.465528965
1721,HGS-TV,250259.0,272121.47971487045
1722,HGS-TV,250259.0,272181.8634095192
1723,HGS-TV,250259.0,272437.04558706284
1724,HGS-TV,250259.0,272856.0675549507
1725,HGS-TV,250259.0,273849.5107114315
1726,HGS-TV,250259.0,274468.5782697201
1727,ails2_etaMax1.000_stoppingTime1728000.00,252082.0,275550.2113569336
1728,HGS-TV,250259.0,276053.1277458668
1729,HGS-TV,250259.0,276744.903496027
1730,ails2_etaMax1.000_stoppingTime864000.00,251030.0,277478.0643569336
1731,ails2_etaMax1.000_stoppingTime864000.00,250956.0,277479.2313569336
1732,HGS-TV,250259.0,277834.0751209259
1733,HGS-TV,250259.0,278194.6270802021
1734,HGS-TV,250259.0,278290.967471838
1735,HGS-TV,250259.0,278383.87158179283
1736,HGS-TV,250259.0,278443.9711892605
1737,HGS-TV,250259.0,278589.81820368767
1738,HGS-TV,250259.0,278651.07026052475
1739,HGS-TV,250259.0,278888.13725709915
1740,HGS-TV,250259.0,278948.2103624344
1741,HGS-TV,250259.0,279008.42675995827
1742,HGS-TV,250259.0,279159.79734683037
1743,HGS-TV,250259.0,279219.9208076
1744,HGS-TV,250259.0,279319.1351940632
1745,ails2_etaMax1.000_stoppingTime1728000.00,252073.0,279321.4773569336
1746,ails2_etaMax1.000_stoppingTime1728000.00,252008.0,279322.0863569336
1747,HGS-TV,250259.0,279527.6370384693
1748,HGS-TV,250259.0,279648.5272350311
1749,HGS-TV,250259.0,279857.8236114979
1750,HGS-TV,250259.0,280022.301987648
1751,HGS-TV,250259.0,280082.4764852524
1752,HGS-TV,250259.0,280181.1693763733
1753,HGS-TV,250259.0,280343.7507786751
1754,HGS-TV,250259.0,280403.9205751419
1755,HGS-TV,250259.0,280558.3728032112
1756,HGS-TV,250259.0,281192.7642419338
1757,HGS-TV,250259.0,281252.8577463627
1758,ails2_etaMax1.000_stoppingTime432000.00,250275.0,281849.4013569336
1759,ails2_etaMax1.000_stoppingTime432000.00,250270.0,281849.4503569336
1760,HGS-TV,250259.0,281960.99050951004
1761,HGS-TV,250259.0,283126.78272247314
1762,HGS-TV,250259.0,283186.98610806465
1763,HGS-TV,250259.0,283521.2332100868
1764,HGS-TV,250259.0,283798.5085606575
1765,HGS-TV,250259.0,284058.9334907532
1766,HGS-TV,250259.0,284126.85194563866
1767,HGS-TV,250259.0,284187.1317756176
1768,HGS-TV,250259.0,284330.1504342556
1769,HGS-TV,250259.0,284605.71462392807
1770,HGS-TV,250259.0,284826.72397351265
1771,HGS-TV,250259.0,284886.7517476082
1772,HGS-TV,250259.0,284962.57874417305
1773,ails2_etaMax1.000_stoppingTime1728000.00,252004.0,284993.04935693357
1774,ails2_etaMax1.000_stoppingTime1728000.00,252000.0,284993.0953569336
1775,HGS-TV,250259.0,285259.6781845093
1776,HGS-TV,250259.0,285502.7413573265
1777,HGS-TV,250259.0,285609.2569682598
1778,HGS-TV,250259.0,285732.4813256264
1779,HGS-TV,250259.0,285792.61707639694
1780,HGS-TV,250259.0,285852.9032654762
1781,HGS-TV,250259.0,285913.01899552345
1782,HGS-TV,250259.0,286026.6986963749
1783,HGS-TV,250259.0,286087.0907149315
1784,HGS-TV,250259.0,286147.3224925995
1785,HGS-TV,250259.0,286207.44155216217
1786,HGS-TV,250259.0,286267.5800309181
1787,HGS-TV,250259.0,286585.0927491188
1788,HGS-TV,250259.0,286691.4567167759
1789,HGS-TV,250259.0,286993.07812666893
1790,HGS-TV,250259.0,287146.9394712448
1791,HGS-TV,250259.0,287207.1092646122
1792,HGS-TV,250259.0,287404.281229496
1793,HGS-TV,250259.0,287668.9109237194
1794,HGS-TV,250259.0,287949.5005056858
1795,HGS-TV,250259.0,288129.8401994705
1796,ails2_etaMax1.000_stoppingTime864000.00,250919.0,288765.2073569336
1797,ails2_etaMax1.000_stoppingTime864000.00,250885.0,288765.9313569336
1798,HGS-TV,250259.0,289001.4582748413
1799,HGS-TV,250259.0,289824.0395114422
1800,HGS-TV,250259.0,290109.29333615303
1801,HGS-TV,250259.0,290521.2222702503
1802,ails2_etaMax1.000_stoppingTime864000.00,250883.0,291227.1653569336
1803,ails2_etaMax1.000_stoppingTime864000.00,250842.0,291227.2513569336
1804,HGS-TV,250259.0,292004.62653517723
1805,HGS-TV,250259.0,292064.7143421173
1806,HGS-TV,250259.0,292894.4958059788
1807,ails2_etaMax1.000_stoppingTime864000.00,250834.0,293146.3473569336
1808,HGS-TV,250259.0,293339.0860903263
1809,HGS-TV,250259.0,293846.8398768902
1810,HGS-TV,250259.0,294549.8655779362
1811,ails2_etaMax1.000_stoppingTime432000.00,250268.0,294555.4383569336
1812,HGS-TV,250259.0,294609.9546380043
1813,ails2_etaMax1.000_stoppingTime432000.00,250264.0,294556.5053569336
1814,HGS-TV,250259.0,294670.1188454628
1815,HGS-TV,250259.0,294730.2247853279
1816,HGS-TV,250259.0,294809.7832713127
1817,HGS-TV,250259.0,294985.1183497906
1818,HGS-TV,250259.0,295067.61772084236
1819,HGS-TV,250259.0,295575.6959705353
1820,HGS-TV,250259.0,295707.68165540695
1821,HGS-TV,250259.0,295767.8685295582
1822,ails2_etaMax1.000_stoppingTime432000.00,250262.0,295918.9003569336
1823,ails2_etaMax1.000_stoppingTime432000.00,250260.0,295919.0183569336
1824,HGS-TV,250259.0,295980.8302221298
1825,HGS-TV,250259.0,296041.08468317986
1826,ails2_etaMax1.000_stoppingTime1728000.00,251979.0,296094.4913569336
1827,HGS-TV,250259.0,296141.9565105438
1828,ails2_etaMax1.000_stoppingTime1728000.00,251859.0,296094.7533569336
1829,HGS-TV,250259.0,296245.1510810852
1830,HGS-TV,250259.0,296305.1641070843
1831,HGS-TV,250259.0,296365.34613347054
1832,HGS-TV,250259.0,296484.2033896446
1833,HGS-TV,250259.0,296619.8725810051
1834,HGS-TV,250259.0,296710.2929856777
1835,HGS-TV,250259.0,296995.78782486916
1836,HGS-TV,250259.0,297266.5205564499
1837,HGS-TV,250259.0,297668.15415143967
1838,HGS-TV,250259.0,298096.60838985443
1839,HGS-TV,250259.0,298156.8958966732
1840,HGS-TV,250259.0,298216.9702334404
1841,HGS-TV,250259.0,298276.9743654728
1842,HGS-TV,250259.0,298337.0568025112
1843,HGS-TV,250259.0,298397.2906010151
1844,HGS-TV,250259.0,298496.70800209045
1845,HGS-TV,250259.0,298557.03593063354
1846,HGS-TV,250259.0,298617.15618753433
1847,HGS-TV,250259.0,299347.5580692291
1848,HGS-TV,250259.0,299579.01751947403
1849,HGS-TV,250259.0,300058.2100713253
1850,HGS-TV,250259.0,300706.6734647751
1851,HGS-TV,250259.0,300883.58207273483
1852,HGS-TV,250259.0,301653.8975286484
1853,HGS-TV,250259.0,301945.0374889374
1854,HGS-TV,250259.0,303007.2848389149
1855,ails2_etaMax1.000_stoppingTime864000.00,250808.0,303102.61435693357
1856,ails2_etaMax1.000_stoppingTime864000.00,250761.0,303103.0713569336
1857,HGS-TV,250259.0,303862.0538473129
1858,HGS-TV,250259.0,304543.088978529
1859,ails2_etaMax1.000_stoppingTime864000.00,250755.0,304609.1263569336
1860,ails2_etaMax1.000_stoppingTime864000.00,250715.0,304611.2353569336
1861,HGS-TV,250259.0,305046.20652127266
1862,HGS-TV,250259.0,305212.9895374775
1863,HGS-TV,250259.0,305393.982070446
1864,ails2_etaMax1.000_stoppingTime432000.00,250257.0,305731.6763569336
1865,HGS-TV,250259.0,305739.8650341034
1866,ails2_etaMax1.000_stoppingTime432000.00,250256.0,305732.5093569336
1867,HGS-TV,250259.0,306012.27222418785
1868,HGS-TV,250255.0,307534.15092635155
1869,HGS-TV,250254.0,307594.33842253685
1870,HGS-TV,250254.0,310650.5575389862
1871,HGS-TV,250254.0,310710.61575222015
1872,HGS-TV,250254.0,310770.6790573597
1873,HGS-TV,250254.0,310830.7017939091
1874,HGS-TV,250254.0,310890.78500247
1875,HGS-TV,250254.0,310950.90276908875
1876,HGS-TV,250254.0,311011.14622831345
1877,HGS-TV,250254.0,311251.9689104557
1878,HGS-TV,250254.0,311424.65116381645
1879,HGS-TV,250254.0,311672.12927246094
1880,HGS-TV,250254.0,311748.24177217484
1881,HGS-TV,250254.0,312170.70816898346
1882,HGS-TV,250254.0,312439.4179222584
1883,HGS-TV,250254.0,312781.03546476364
1884,HGS-TV,250254.0,313212.754812479
1885,HGS-TV,250254.0,313403.13675427437
1886,HGS-TV,250254.0,313771.2217681408
1887,HGS-TV,250254.0,313837.0210185051
1888,HGS-TV,250254.0,314057.83116173744
1889,HGS-TV,250254.0,314151.61666321754
1890,HGS-TV,250254.0,315478.1030795574
1891,HGS-TV,250254.0,315538.1424045563
1892,HGS-TV,250254.0,315659.0869898796
1893,HGS-TV,250254.0,315953.1084406376
1894,HGS-TV,250254.0,316250.56655812263
1895,HGS-TV,250254.0,316310.74998641014
1896,ails2_etaMax1.000_stoppingTime864000.00,250708.0,316320.60335693357
1897,HGS-TV,250254.0,316371.140444994
1898,ails2_etaMax1.000_stoppingTime864000.00,250680.0,316321.2543569336
1899,HGS-TV,250254.0,316444.092972517
1900,HGS-TV,250254.0,316647.48389673233
1901,HGS-TV,250254.0,316707.5634434223
1902,HGS-TV,250254.0,317039.183093071
1903,HGS-TV,250254.0,317125.81194782257
1904,HGS-TV,250254.0,317457.3596215248
1905,HGS-TV,250254.0,318055.30216789246
1906,HGS-TV,250254.0,318472.6460607052
1907,HGS-TV,250254.0,318634.8147611618
1908,HGS-TV,250254.0,319056.10907125473
1909,HGS-TV,250254.0,319142.0969221592
1910,HGS-TV,250254.0,319626.89247345924
1911,HGS-TV,250254.0,319851.78637719154
1912,HGS-TV,250254.0,320890.726906538
1913,HGS-TV,250254.0,320950.73677778244
1914,HGS-TV,250254.0,321047.3457348347
1915,HGS-TV,250254.0,321404.3851876259
1916,HGS-TV,250254.0,321858.4865195751
1917,HGS-TV,250254.0,322226.8978202343
1918,HGS-TV,250254.0,322287.3600766659
1919,HGS-TV,250254.0,323513.0597753525
1920,HGS-TV,250254.0,323865.9054312706
1921,HGS-TV,250254.0,324646.98016119003
1922,HGS-TV,250254.0,325123.26783394814
1923,ails2_etaMax1.000_stoppingTime1728000.00,251820.0,325804.8003569336
1924,ails2_etaMax1.000_stoppingTime1728000.00,251802.0,325804.8233569336
1925,HGS-TV,250254.0,326130.2860047817
1926,HGS-TV,250254.0,326691.4940979481
1927,HGS-TV,250254.0,326751.82909941673
1928,HGS-TV,250254.0,328514.46811819077
1929,HGS-TV,250254.0,329045.2411813736
1930,HGS-TV,250254.0,331257.94492292404
1931,HGS-TV,250254.0,331835.3174805641
1932,HGS-TV,250254.0,332110.1631128788
1933,HGS-TV,250254.0,332214.72411608696
1934,HGS-TV,250254.0,332469.9152789116
1935,HGS-TV,250254.0,332615.41491150856
1936,HGS-TV,250254.0,332727.1697256565
1937,HGS-TV,250254.0,332873.12202501297
1938,HGS-TV,250254.0,332933.2723765373
1939,HGS-TV,250254.0,333049.94725751877
1940,HGS-TV,250254.0,333241.83613562584
1941,ails2_etaMax1.000_stoppingTime1728000.00,251761.0,333244.0773569336
1942,ails2_etaMax1.000_stoppingTime1728000.00,251756.0,333244.1003569336
1943,HGS-TV,250254.0,334388.60713100433
1944,HGS-TV,250254.0,334513.8981535435
1945,HGS-TV,250254.0,334696.11005187035
1946,HGS-TV,250254.0,334756.3151447773
1947,HGS-TV,250254.0,334816.6412091255
1948,HGS-TV,250254.0,335191.78899765015
1949,HGS-TV,250254.0,335310.19905281067
1950,HGS-TV,250254.0,335378.6815071106
1951,HGS-TV,250254.0,335463.34466838837
1952,HGS-TV,250254.0,335665.14005589485
1953,HGS-TV,250254.0,335966.05413532257
1954,HGS-TV,250254.0,336112.65814208984
1955,HGS-TV,250254.0,336172.8703198433
1956,HGS-TV,250254.0,336233.1661531925
1957,HGS-TV,250254.0,336345.265501976
1958,HGS-TV,250254.0,336429.6504421234
1959,HGS-TV,250254.0,336691.15930867195
1960,HGS-TV,250254.0,336751.1679956913
1961,HGS-TV,250254.0,336843.9355700016
1962,HGS-TV,250254.0,337110.29742383957
1963,HGS-TV,250254.0,337170.5723502636
1964,HGS-TV,250254.0,337230.60204577446
1965,ails2_etaMax1.000_stoppingTime1728000.00,251754.0,337278.8093569336
1966,HGS-TV,250254.0,337290.9706764221
1967,HGS-TV,250254.0,337568.3757824898
1968,HGS-TV,250254.0,337628.3763320446
1969,ails2_etaMax1.000_stoppingTime1728000.00,251751.0,337675.9883569336
1970,ails2_etaMax1.000_stoppingTime864000.00,250674.0,337723.0953569336
1971,ails2_etaMax1.000_stoppingTime1728000.00,251690.0,337679.0123569336
1972,ails2_etaMax1.000_stoppingTime864000.00,250673.0,337723.9853569336
1973,HGS-TV,250254.0,338234.2847495079
1974,ails2_etaMax1.000_stoppingTime864000.00,250670.0,338595.95135693357
1975,ails2_etaMax1.000_stoppingTime864000.00,250619.0,338601.8093569336
1976,ails2_etaMax1.000_stoppingTime864000.00,250604.0,338729.3333569336
1977,ails2_etaMax1.000_stoppingTime864000.00,250597.0,338756.8093569336
1978,HGS-TV,250254.0,338837.0155160427
1979,ails2_etaMax1.000_stoppingTime432000.00,250255.0,338958.6153569336
1980,HGS-TV,250254.0,339102.23991537094
1981,HGS-TV,250254.0,339195.41653084755
1982,HGS-TV,250254.0,339685.99492931366
1983,HGS-TV,250254.0,339836.8107585907
1984,HGS-TV,250254.0,340230.0120227337
1985,HGS-TV,250254.0,340822.61345124245
1986,HGS-TV,250254.0,340931.37838315964
1987,HGS-TV,250254.0,341106.34104824066
1988,HGS-TV,250254.0,341166.3477640152
1989,HGS-TV,250254.0,341359.3718445301
1990,HGS-TV,250254.0,341649.6769578457
1991,HGS-TV,250254.0,341880.8703465462
1992,HGS-TV,250254.0,341940.9014313221
1993,HGS-TV,250254.0,342160.53128671646
1994,HGS-TV,250254.0,342240.6487476826
1995,HGS-TV,250254.0,342443.6979856491
1996,HGS-TV,250254.0,342578.28815960884
1997,HGS-TV,250254.0,342696.63941812515
1998,HGS-TV,250254.0,343577.7100393772
1999,HGS-TV,250254.0,343870.99250006676
2000,HGS-TV,250254.0,344358.69958496094
2001,HGS-TV,250254.0,344721.0786960125
2002,HGS-TV,250254.0,344781.2550895214
2003,HGS-TV,250254.0,344841.42266845703
2004,HGS-TV,250254.0,345011.2301893234
2005,HGS-TV,250254.0,345169.4523792267
2006,HGS-TV,250254.0,345229.66287469864
2007,HGS-TV,250254.0,345289.8759686947
2008,HGS-TV,250254.0,345349.92970490456
2009,HGS-TV,250254.0,345410.09424233437
2010,HGS-TV,250254.0,345470.21852469444
2011,HGS-TV,250254.0,345670.332903862
2012,HGS-TV,250254.0,345730.3830835819
2013,HGS-TV,250254.0,345790.69258356094
2014,HGS-TV,250254.0,345933.017570734
2015,HGS-TV,250254.0,346107.4280424118
2016,HGS-TV,250254.0,346318.8202495575
2017,HGS-TV,250254.0,346428.82086515427
2018,HGS-TV,250254.0,346498.8919494152
2019,HGS-TV,250254.0,346559.1135869026
2020,HGS-TV,250254.0,346619.3332314491
2021,HGS-TV,250254.0,346679.4039609432
2022,HGS-TV,250254.0,346792.34817934036
2023,HGS-TV,250254.0,346930.74987483025
2024,HGS-TV,250254.0,347061.92672657967
2025,HGS-TV,250254.0,347244.23686623573
2026,HGS-TV,250254.0,347428.9822149277
2027,HGS-TV,250254.0,347650.704508543
2028,HGS-TV,250254.0,348196.2537405491
2029,HGS-TV,250254.0,348256.30604958534
2030,HGS-TV,250254.0,348440.64448070526
2031,HGS-TV,250254.0,348500.77111029625
2032,HGS-TV,250254.0,348663.9514603615
2033,HGS-TV,250254.0,348797.3554363251
2034,HGS-TV,250254.0,348984.0036110878
2035,ails2_etaMax1.000_stoppingTime864000.00,250577.0,349128.6873569336
2036,HGS-TV,250254.0,349129.28716135025
2037,ails2_etaMax1.000_stoppingTime864000.00,250563.0,349166.0903569336
2038,ails2_etaMax1.000_stoppingTime864000.00,250552.0,349191.4653569336
2039,HGS-TV,250254.0,349261.0026741028
2040,HGS-TV,250254.0,349350.53271889687
2041,ails2_etaMax1.000_stoppingTime864000.00,250547.0,349523.6393569336
2042,HGS-TV,250254.0,349560.7854242325
2043,ails2_etaMax1.000_stoppingTime864000.00,250527.0,349523.7543569336
2044,HGS-TV,250254.0,349620.94110536575
2045,HGS-TV,250254.0,349681.026563406
2046,HGS-TV,250254.0,350028.2179796696
2047,HGS-TV,250254.0,350088.67174720764
2048,HGS-TV,250254.0,350442.68454265594
2049,HGS-TV,250254.0,350502.8083283901
2050,HGS-TV,250254.0,350654.36192440987
2051,HGS-TV,250254.0,350825.75878190994
2052,HGS-TV,250254.0,350959.75884079933
2053,HGS-TV,250254.0,351156.3177781105
2054,HGS-TV,250254.0,351416.5133190155
2055,HGS-TV,250254.0,351514.7821941376
2056,HGS-TV,250254.0,351691.43471837044
2057,HGS-TV,250254.0,351851.2211441994
2058,HGS-TV,250254.0,352345.2571017742
2059,HGS-TV,250254.0,352809.25205755234
2060,HGS-TV,250254.0,353011.74880480766
2061,HGS-TV,250254.0,353296.2322638035
2062,HGS-TV,250254.0,353356.36066150665
2063,HGS-TV,250254.0,353577.16632437706
2064,HGS-TV,250254.0,353637.49948072433
2065,HGS-TV,250254.0,353697.512704134
2066,HGS-TV,250254.0,353769.88750839233
2067,HGS-TV,250254.0,354023.1799080372
2068,HGS-TV,250254.0,354152.4149839878
2069,HGS-TV,250254.0,354212.63822579384
2070,HGS-TV,250254.0,354272.88023114204
2071,HGS-TV,250254.0,354333.06128787994
2072,HGS-TV,250254.0,355000.59766840935
2073,HGS-TV,250254.0,355438.6180906296
2074,HGS-TV,250254.0,356285.31367874146
2075,HGS-TV,250254.0,356858.7828269005
2076,HGS-TV,250254.0,357527.50077724457
2077,ails2_etaMax1.000_stoppingTime1728000.00,251666.0,357740.9593569336
2078,ails2_etaMax1.000_stoppingTime1728000.00,251622.0,357745.3183569336
2079,HGS-TV,250254.0,357806.12837553024
2080,HGS-TV,250254.0,358010.82048010826
2081,HGS-TV,250254.0,358549.8515226841
2082,HGS-TV,250254.0,358710.38824415207
2083,HGS-TV,250254.0,359038.6216480732
2084,HGS-TV,250254.0,359204.1738624573
2085,HGS-TV,250254.0,359409.7286171913
2086,HGS-TV,250254.0,359526.18300771713
2087,HGS-TV,250254.0,359634.44996619225
2088,HGS-TV,250254.0,359694.57786154747
2089,HGS-TV,250254.0,360536.03915166855
2090,HGS-TV,250254.0,361170.5384309292
2091,HGS-TV,250254.0,361421.3201470375
2092,HGS-TV,250254.0,361845.6417593956
2093,HGS-TV,250254.0,361995.6304163933
2094,HGS-TV,250254.0,362538.34755444527
2095,HGS-TV,250254.0,362642.5012819767
2096,HGS-TV,250254.0,363098.42046046257
2097,HGS-TV,250254.0,363279.8943564892
2098,HGS-TV,250254.0,363354.5159995556
2099,HGS-TV,250254.0,363748.5377063751
2100,HGS-TV,250254.0,364002.5458929539
2101,HGS-TV,250254.0,364110.6330900192
2102,HGS-TV,250254.0,364239.03089380264
2103,HGS-TV,250254.0,364542.743768692
2104,HGS-TV,250254.0,364674.14476418495
2105,HGS-TV,250254.0,364812.19723653793
2106,HGS-TV,250254.0,365189.4088361263
2107,HGS-TV,250254.0,365419.2087056637
2108,ails2_etaMax1.000_stoppingTime864000.00,250525.0,365905.6963569336
2109,HGS-TV,250254.0,366009.46884560585
2110,HGS-TV,250254.0,366069.53753113747
2111,HGS-TV,250254.0,366249.4947602749
2112,HGS-TV,250254.0,366403.3039112091
2113,HGS-TV,250254.0,366637.2113375664
2114,HGS-TV,250254.0,366697.60626626015
2115,HGS-TV,250254.0,366899.75027155876
2116,HGS-TV,250254.0,367176.71806287766
2117,HGS-TV,250254.0,367443.9630699158
2118,HGS-TV,250254.0,367627.05246186256
2119,HGS-TV,250254.0,367765.3018743992
2120,HGS-TV,250254.0,367828.4592618942
2121,HGS-TV,250254.0,367953.94734978676
2122,HGS-TV,250254.0,368022.68782639503
2123,HGS-TV,250254.0,368132.2612633705
2124,HGS-TV,250254.0,368234.7336394787
2125,HGS-TV,250254.0,368316.5599370003
2126,HGS-TV,250254.0,368376.5741536617
2127,HGS-TV,250254.0,368980.6302807331
2128,HGS-TV,250254.0,369057.26550650597
2129,HGS-TV,250254.0,369120.11398768425
2130,HGS-TV,250254.0,369180.1509177685
2131,ails2_etaMax1.000_stoppingTime864000.00,250521.0,369361.6173569336
2132,HGS-TV,250254.0,369381.0207204819
2133,ails2_etaMax1.000_stoppingTime864000.00,250498.0,369376.8683569336
2134,HGS-TV,250254.0,369441.04303503036
2135,HGS-TV,250254.0,369575.74345469475
2136,HGS-TV,250254.0,369635.7453842163
2137,HGS-TV,250254.0,369942.17414593697
2138,HGS-TV,250254.0,370146.7391653061
2139,HGS-TV,250254.0,370277.96445035934
2140,HGS-TV,250254.0,370381.7539360523
2141,HGS-TV,250254.0,370441.8768167496
2142,HGS-TV,250254.0,370596.88685011864
2143,HGS-TV,250254.0,370702.8468708992
2144,HGS-TV,250254.0,370762.93403601646
2145,HGS-TV,250254.0,370838.5668079853
2146,HGS-TV,250254.0,370916.6323065758
2147,HGS-TV,250254.0,370976.86961245537
2148,HGS-TV,250254.0,371067.4228198528
2149,HGS-TV,250254.0,371127.4336645603
2150,HGS-TV,250254.0,371267.7475321293
2151,HGS-TV,250254.0,371327.803542614
2152,HGS-TV,250254.0,371410.75869750977
2153,HGS-TV,250254.0,371470.7718491554
2154,HGS-TV,250254.0,371671.5437092781
2155,HGS-TV,250254.0,371731.6474618912
2156,HGS-TV,250254.0,371812.2914545536
2157,HGS-TV,250254.0,372114.87111759186
2158,HGS-TV,250254.0,372182.36835479736
2159,HGS-TV,250254.0,372329.79038858414
2160,HGS-TV,250254.0,372390.1030418873
2161,ails2_etaMax1.000_stoppingTime1728000.00,251609.0,372439.7843569336
2162,HGS-TV,250254.0,372688.0464274883
2163,HGS-TV,250254.0,372748.33028292656
2164,HGS-TV,250254.0,372823.9727323055
2165,HGS-TV,250254.0,372919.8611049652
2166,HGS-TV,250254.0,373013.537910223
2167,HGS-TV,250254.0,373073.60499215126
2168,HGS-TV,250254.0,373137.7545645237
2169,HGS-TV,250254.0,373197.7585570812
2170,HGS-TV,250254.0,373397.4702966213
2171,HGS-TV,250254.0,373832.2364265919
2172,HGS-TV,250254.0,373892.41132164
2173,HGS-TV,250254.0,373952.4458181858
2174,HGS-TV,250254.0,374023.86887311935
2175,HGS-TV,250254.0,374385.4156610966
2176,ails2_etaMax1.000_stoppingTime864000.00,250496.0,374568.2923569336
2177,ails2_etaMax1.000_stoppingTime864000.00,250437.0,374575.1553569336
2178,HGS-TV,250254.0,374641.0157792568
2179,HGS-TV,250254.0,374701.0484161377
2180,HGS-TV,250254.0,374761.2993271351
2181,HGS-TV,250254.0,374821.33203959465
2182,HGS-TV,250254.0,374995.53229761124
2183,ails2_etaMax1.000_stoppingTime864000.00,250405.0,375186.0503569336
2184,HGS-TV,250254.0,375377.2523109913
2185,HGS-TV,250254.0,375543.73756217957
2186,HGS-TV,250254.0,375603.73881816864
2187,HGS-TV,250254.0,375749.8369040489
2188,HGS-TV,250254.0,375851.4146194458
2189,HGS-TV,250254.0,376268.7451515198
2190,ails2_eoh_omega2,250711.0,378429.1263569336
2191,ails2_eoh_omega2,250706.0,378463.5673569336
2192,HGS-TV,250254.0,378683.50444221497
2193,HGS-TV,250254.0,378752.94296097755
2194,HGS-TV,250254.0,379664.26453495026
2195,ails2_etaMax1.000_stoppingTime1728000.00,251586.0,380137.5613569336
2196,ails2_etaMax1.000_stoppingTime1728000.00,251363.0,380150.25035693357
2197,HGS-TV,250254.0,381036.14852666855
2198,HGS-TV,250254.0,381096.4212641716
2199,HGS-TV,250254.0,381729.1093263626
2200,HGS-TV,250254.0,381789.3672757149
2201,HGS-TV,250254.0,383499.67357492447
2202,HGS-TV,250254.0,383559.7336463928
2203,HGS-TV,250254.0,383635.351123333
2204,HGS-TV,250254.0,385138.747631073
2205,HGS-TV,250254.0,385198.83784890175
2206,HGS-TV,250254.0,385305.3888027668
2207,HGS-TV,250254.0,386018.13812732697
2208,HGS-TV,250254.0,389968.46252274513
2209,HGS-TV,250254.0,390678.89322543144
2210,HGS-TV,250254.0,391192.5280082226
2211,ails2_etaMax1.000_stoppingTime432000.00,250254.0,392197.1973569336
2212,ails2_etaMax0.010_stoppingTime432000.00,250911.0,392736.4603569336
2213,ails2_etaMax0.010_stoppingTime432000.00,250910.0,392738.1453569336
2214,ails2_etaMax0.010_stoppingTime432000.00,250909.0,392877.7073569336
2215,HGS-TV,250254.0,392934.38191246986
2216,HGS-TV,250254.0,392994.8361027241
2217,HGS-TV,250254.0,393132.2212562561
2218,HGS-TV,250254.0,393322.6701233387
2219,ails2_etaMax1.000_stoppingTime864000.00,250400.0,393595.5623569336
2220,HGS-TV,250254.0,393859.21155524254
2221,HGS-TV,250254.0,393976.2066581249
2222,ails2_etaMax1.000_stoppingTime864000.00,250399.0,395382.5303569336
2223,ails2_etaMax1.000_stoppingTime864000.00,250392.0,395509.6353569336
2224,ails2_etaMax1.000_stoppingTime864000.00,250391.0,395754.0233569336
2225,ails2_etaMax1.000_stoppingTime864000.00,250388.0,395754.0903569336
2226,ails2_etaMax1.000_stoppingTime864000.00,250387.0,396572.1653569336
2227,ails2_etaMax1.000_stoppingTime864000.00,250379.0,396572.7863569336
2228,HGS-TV,250254.0,397869.1246445179
2229,HGS-TV,250254.0,397929.36549043655
2230,HGS-TV,250254.0,397989.565084219
2231,HGS-TV,250254.0,398049.8593416214
2232,HGS-TV,250254.0,398110.1017305851
2233,HGS-TV,250254.0,398207.9833395481
2234,HGS-TV,250254.0,398377.59967160225
2235,HGS-TV,250254.0,398596.7528626919
2236,HGS-TV,250254.0,398793.469271183
2237,HGS-TV,250254.0,398925.3388450146
2238,HGS-TV,250254.0,398985.6105635166
2239,HGS-TV,250254.0,399138.4998309612
2240,HGS-TV,250254.0,399214.0451500416
2241,HGS-TV,250254.0,399463.57790756226
2242,HGS-TV,250254.0,399523.68155932426
2243,HGS-TV,250254.0,399608.2884206772
2244,HGS-TV,250254.0,399855.57770371437
2245,HGS-TV,250254.0,400010.0914571285
2246,HGS-TV,250254.0,400691.48389315605
2247,HGS-TV,250254.0,400751.5991997719
2248,HGS-TV,250254.0,401325.14640164375
2249,HGS-TV,250254.0,401622.65862965584
2250,HGS-TV,250254.0,401692.03931427
2251,HGS-TV,250254.0,402557.24406027794
2252,HGS-TV,250254.0,403172.43037843704
2253,HGS-TV,250254.0,403237.87963986397
2254,HGS-TV,250254.0,403363.1593494415
2255,HGS-TV,250254.0,403423.29034376144
2256,HGS-TV,250254.0,403483.5219428539
2257,HGS-TV,250254.0,404897.7946822643
2258,HGS-TV,250254.0,405587.5898003578
2259,HGS-TV,250254.0,406020.8027455807
2260,HGS-TV,250254.0,406560.5175294876
2261,HGS-TV,250254.0,407494.4895937443
2262,HGS-TV,250254.0,407623.12852048874
2263,HGS-TV,250254.0,407683.16424918175
2264,HGS-TV,250254.0,408435.2353556156
2265,HGS-TV,250254.0,409505.09088110924
2266,HGS-TV,250254.0,410312.45087504387
2267,HGS-TV,250254.0,412707.7035808563
2268,HGS-TV,250254.0,412780.7551448345
2269,HGS-TV,250254.0,414495.65252518654
2270,HGS-TV,250254.0,415675.474298954
2271,HGS-TV,250254.0,418601.64916944504
2272,HGS-TV,250254.0,420155.20978474617
2273,HGS-TV,250254.0,421074.2051038742
2274,HGS-TV,250254.0,421919.79619050026
2275,HGS-TV,250254.0,422036.82540392876
2276,HGS-TV,250254.0,422183.12307596207
2277,HGS-TV,250254.0,422323.9660484791
2278,HGS-TV,250254.0,422591.36774659157
2279,HGS-TV,250254.0,422881.46226525307
2280,HGS-TV,250254.0,423244.6385564804
2281,HGS-TV,250254.0,423327.33031344414
2282,HGS-TV,250254.0,423478.70478868484
2283,HGS-TV,250254.0,423546.1140534878
2284,HGS-TV,250254.0,423614.16542482376
2285,HGS-TV,250254.0,423947.4326784611
2286,ails2_etaMax1.000_stoppingTime864000.00,250377.0,424177.1973569336
2287,ails2_etaMax1.000_stoppingTime864000.00,250361.0,424178.1983569336
2288,HGS-TV,250254.0,424647.74837064743
2289,HGS-TV,250254.0,425098.717110157
2290,HGS-TV,250254.0,426099.8699877262
2291,HGS-TV,250254.0,427045.0179555416
2292,HGS-TV,250254.0,427105.08744597435
2293,HGS-TV,250254.0,427607.88442516327
2294,HGS-TV,250254.0,427891.58249020576
2295,HGS-TV,250254.0,428957.6418759823
2296,HGS-TV,250254.0,429065.66242551804
2297,ails2_etaMax1.000_stoppingTime864000.00,250358.0,429382.1063569336
2298,ails2_etaMax1.000_stoppingTime864000.00,250322.0,429382.56535693357
2299,HGS-TV,250254.0,429912.8803026676
2300,HGS-TV,250254.0,430192.14203834534
2301,HGS-TV,250254.0,431056.5410926342
2302,HGS-TV,250254.0,432493.8079121113
2303,HGS-TV,250254.0,433170.76355981827
2304,HGS-TV,250254.0,433938.2412548065
2305,HGS-TV,250254.0,434257.51123809814
2306,HGS-TV,250254.0,435844.4900460243
2307,HGS-TV,250254.0,436195.46128487587
2308,HGS-TV,250254.0,436356.34199643135
2309,HGS-TV,250254.0,436763.5904378891
2310,HGS-TV,250254.0,437230.4285604954
2311,HGS-TV,250254.0,438840.1024324894
2312,HGS-TV,250254.0,439514.1302690506
2313,HGS-TV,250254.0,440221.03004455566
2314,HGS-TV,250254.0,440934.40420150757
2315,HGS-TV,250254.0,441326.3256742954
2316,HGS-TV,250254.0,441614.6608250141
2317,HGS-TV,250254.0,442677.9243621826
2318,HGS-TV,250254.0,442902.7613904476
2319,HGS-TV,250254.0,443193.70340919495
2320,HGS-TV,250254.0,443302.5980360508
2321,HGS-TV,250254.0,443620.80037355423
2322,HGS-TV,250254.0,443838.1173284054
2323,HGS-TV,250254.0,443934.1755902767
2324,HGS-TV,250254.0,444145.5333929062
2325,HGS-TV,250254.0,444948.66067934036
2326,HGS-TV,250254.0,447282.06319355965
2327,HGS-TV,250254.0,447885.71564245224
2328,ails2_etaMax1.000_stoppingTime864000.00,250313.0,448924.4123569336
2329,ails2_etaMax1.000_stoppingTime864000.00,250311.0,449488.6493569336
2330,ails2_etaMax1.000_stoppingTime864000.00,250302.0,449488.6793569336
2331,HGS-TV,250254.0,449660.8000380993
2332,ails2_etaMax1.000_stoppingTime864000.00,250299.0,449773.3493569336
2333,HGS-TV,250254.0,449886.7416293621
2334,HGS-TV,250254.0,449946.76182842255
2335,ails2_etaMax1.000_stoppingTime864000.00,250294.0,449958.7693569336
2336,ails2_etaMax1.000_stoppingTime864000.00,250283.0,449958.9593569336
2337,HGS-TV,250254.0,450273.0862467289
2338,HGS-TV,250254.0,450492.82060050964
2339,HGS-TV,250254.0,450563.41970205307
2340,HGS-TV,250254.0,450844.4120399952
2341,HGS-TV,250254.0,450958.4925482273
2342,HGS-TV,250254.0,451018.7839486599
2343,HGS-TV,250254.0,451242.7649395466
2344,HGS-TV,250254.0,451657.57938981056
2345,ails2_etaMax1.000_stoppingTime1728000.00,251361.0,451880.5503569336
2346,ails2_etaMax1.000_stoppingTime1728000.00,251246.0,451881.3593569336
2347,HGS-TV,250254.0,452307.8719460964
2348,HGS-TV,250254.0,452368.1557006836
2349,HGS-TV,250254.0,452540.4934310913
2350,HGS-TV,250254.0,452600.54064297676
2351,HGS-TV,250254.0,452660.86712932587
2352,HGS-TV,250254.0,453222.03694295883
2353,HGS-TV,250254.0,453330.41409111023
2354,HGS-TV,250254.0,453390.4850232601
2355,HGS-TV,250254.0,453694.914829731
2356,HGS-TV,250254.0,453755.17583942413
2357,HGS-TV,250254.0,453979.1153588295
2358,HGS-TV,250254.0,454107.2699136734
2359,HGS-TV,250254.0,454228.059183836
2360,ails2_etaMax1.000_stoppingTime864000.00,250277.0,454257.2133569336
2361,ails2_etaMax1.000_stoppingTime864000.00,250263.0,454257.4613569336
2362,HGS-TV,250254.0,454473.4610066414
2363,HGS-TV,250254.0,454906.47413372993
2364,HGS-TV,250254.0,454997.54593396187
2365,HGS-TV,250254.0,455628.7340312004
2366,HGS-TV,250254.0,455774.24616503716
2367,HGS-TV,250254.0,455834.28947615623
2368,HGS-TV,250254.0,455894.34673285484
2369,HGS-TV,250254.0,455987.73172807693
2370,HGS-TV,250254.0,456503.90919947624
2371,ails2_etaMax1.000_stoppingTime1728000.00,251238.0,456972.7733569336
2372,ails2_etaMax1.000_stoppingTime1728000.00,251186.0,456974.8853569336
2373,HGS-TV,250254.0,457215.76197481155
2374,HGS-TV,250254.0,457658.2838549614
2375,HGS-TV,250254.0,457863.8565132618
2376,HGS-TV,250254.0,458507.1137008667
2377,HGS-TV,250254.0,458571.1768069267
2378,HGS-TV,250254.0,459363.357118845
2379,HGS-TV,250254.0,459700.35889339447
2380,HGS-TV,250254.0,459900.71045923233
2381,HGS-TV,250254.0,459960.863196373
2382,HGS-TV,250254.0,460304.8374862671
2383,HGS-TV,250254.0,460403.42009329796
2384,HGS-TV,250254.0,461026.44177365303
2385,HGS-TV,250254.0,461195.03043818474
2386,HGS-TV,250254.0,461358.23292064667
2387,HGS-TV,250254.0,461424.50096035004
2388,HGS-TV,250254.0,461484.72849678993
2389,HGS-TV,250254.0,461544.9568250179
2390,HGS-TV,250254.0,461629.20911335945
2391,HGS-TV,250254.0,461692.45613217354
2392,HGS-TV,250254.0,461885.9798467159
2393,HGS-TV,250254.0,462064.22476506233
2394,HGS-TV,250254.0,462185.61429739
2395,HGS-TV,250254.0,462295.5421772003
2396,HGS-TV,250254.0,462355.8396706581
2397,HGS-TV,250254.0,462415.91930031776
2398,HGS-TV,250254.0,462547.2441203594
2399,HGS-TV,250254.0,462607.31714344025
2400,HGS-TV,250254.0,462667.35775732994
2401,HGS-TV,250254.0,462772.9462273121
2402,HGS-TV,250254.0,462896.3097076416
2403,HGS-TV,250254.0,462989.702105999
2404,HGS-TV,250254.0,463049.86688780785
2405,HGS-TV,250254.0,463311.06405711174
2406,HGS-TV,250254.0,463435.7642817497
2407,HGS-TV,250254.0,463495.8612039089
2408,HGS-TV,250254.0,463628.6198234558
2409,HGS-TV,250254.0,463688.70240592957
2410,HGS-TV,250254.0,463841.86049747467
2411,ails2_etaMax1.000_stoppingTime864000.00,250262.0,464059.4683569336
2412,HGS-TV,250254.0,464073.35299015045
2413,ails2_etaMax1.000_stoppingTime864000.00,250223.0,464070.1383569336
2414,HGS-TV,250254.0,464133.5660047531
2415,HGS-TV,250254.0,464193.78169322014
2416,HGS-TV,250254.0,464255.42405653
2417,ails2_etaMax0.005_stoppingTime86400.00,250197.0,464491.7933569336
2418,ails2_etaMax0.005_stoppingTime86400.00,250196.0,464513.0893569336
2419,ails2_etaMax0.005_stoppingTime86400.00,250189.0,464575.4373569336
2420,ails2_etaMax0.005_stoppingTime86400.00,250179.0,464649.3573569336
2421,ails2_etaMax0.005_stoppingTime86400.00,250178.0,464774.2043569336
2422,ails2_etaMax0.005_stoppingTime86400.00,250177.0,464833.9923569336
2423,ails2_etaMax0.005_stoppingTime86400.00,250176.0,464880.0923569336
2424,HGS-TV,250193.0,465063.6992816925
2425,ails2_etaMax0.005_stoppingTime86400.00,250175.0,465446.3453569336
2426,ails2_etaMax0.005_stoppingTime86400.00,250174.0,465467.0183569336
2427,ails2_etaMax0.005_stoppingTime86400.00,250173.0,465615.7433569336
2428,ails2_etaMax0.005_stoppingTime86400.00,250172.0,465782.8633569336
2429,ails2_etaMax0.005_stoppingTime86400.00,250170.0,465783.0413569336
2430,ails2_etaMax0.005_stoppingTime86400.00,250169.0,465987.0413569336
2431,HGS-TV,250192.0,465994.41116690636
2432,ails2_etaMax0.005_stoppingTime86400.00,250166.0,465989.0043569336
2433,HGS-TV,250188.0,466067.9777534008
2434,HGS-TV,250187.0,466128.0538415909
2435,HGS-TV,250186.0,466324.4566414356
2436,HGS-TV,250184.0,466384.4732325077
2437,HGS-TV,250182.0,466736.08693027496
2438,HGS-TV,250181.0,466799.61877799034
2439,HGS-TV,250180.0,466859.8452773094
2440,ails2_etaMax1.000_stoppingTime1728000.00,251176.0,467002.4943569336
2441,HGS-TV,250179.0,467469.2636318207
2442,HGS-TV,250171.0,467622.14175367355
2443,filo2,250165.0,468091.8777759075
2444,HGS-TV,250163.0,468206.33957362175
2445,HGS-TV,250162.0,471979.35999917984
2446,HGS-TV,250160.0,472461.9700963497
2447,ails2_etaMax1.000_stoppingTime864000.00,250220.0,472762.8613569336
2448,ails2_etaMax1.000_stoppingTime864000.00,250211.0,472790.7683569336
2449,HGS-TV,250160.0,476008.06714987755
2450,HGS-TV,250160.0,476068.2312617302
2451,HGS-TV,250160.0,476128.3789744377
2452,HGS-TV,250160.0,476188.50221419334
2453,HGS-TV,250160.0,476353.25861263275
2454,HGS-TV,250160.0,476413.469394207
2455,HGS-TV,250160.0,476570.1841933727
2456,HGS-TV,250160.0,476795.74608135223
2457,HGS-TV,250160.0,476891.95997333527
2458,HGS-TV,250160.0,476952.40387940407
2459,HGS-TV,250160.0,477065.9578471184
2460,HGS-TV,250160.0,477246.4051692486
2461,HGS-TV,250160.0,477529.37239456177
2462,HGS-TV,250160.0,477834.43873262405
2463,HGS-TV,250160.0,477989.95258688927
2464,HGS-TV,250160.0,478804.1694910526
2465,ails2_etaMax1.000_stoppingTime1728000.00,251173.0,478807.3583569336
2466,HGS-TV,250160.0,478864.3209223747
2467,HGS-TV,250160.0,478924.4802350998
2468,HGS-TV,250160.0,478984.5602886677
2469,ails2_etaMax1.000_stoppingTime1728000.00,251163.0,479269.6153569336
2470,HGS-TV,250160.0,480486.4961619377
2471,HGS-TV,250160.0,480599.17468857765
2472,HGS-TV,250160.0,480659.29104042053
2473,HGS-TV,250160.0,480746.5350766182
2474,HGS-TV,250160.0,480858.733453989
2475,HGS-TV,250160.0,481415.44564533234
2476,HGS-TV,250160.0,481475.4711112976
2477,HGS-TV,250160.0,481535.5952961445
2478,HGS-TV,250160.0,481698.00299572945
2479,HGS-TV,250160.0,481804.70110058784
2480,HGS-TV,250160.0,482111.74903821945
2481,HGS-TV,250160.0,482239.0656647682
2482,HGS-TV,250160.0,482438.5204117298
2483,HGS-TV,250160.0,482498.5677974224
2484,HGS-TV,250160.0,483050.1987760067
2485,HGS-TV,250160.0,483874.71635603905
2486,ails2_etaMax1.000_stoppingTime1728000.00,251119.0,483992.3033569336
2487,ails2_etaMax1.000_stoppingTime1728000.00,251111.0,483992.3273569336
2488,HGS-TV,250160.0,485531.59864258766
2489,HGS-TV,250160.0,485889.9704415798
2490,HGS-TV,250160.0,486023.8762514591
2491,HGS-TV,250160.0,486157.5844306946
2492,ails2_etaMax1.000_stoppingTime864000.00,250209.0,486709.8473569336
2493,ails2_etaMax1.000_stoppingTime864000.00,250208.0,486946.0393569336
2494,ails2_etaMax1.000_stoppingTime864000.00,250202.0,486946.3243569336
2495,ails2_etaMax1.000_stoppingTime864000.00,250201.0,487125.6963569336
2496,ails2_etaMax1.000_stoppingTime864000.00,250200.0,487125.7543569336
2497,HGS-TV,250160.0,487432.49665665627
2498,HGS-TV,250160.0,487505.5069937706
2499,HGS-TV,250160.0,487565.8104708195
2500,HGS-TV,250160.0,487833.09644937515
2501,HGS-TV,250160.0,487941.05867147446
2502,HGS-TV,250160.0,488168.00319719315
2503,HGS-TV,250160.0,488381.58412742615
2504,HGS-TV,250160.0,488638.30597138405
2505,HGS-TV,250160.0,489138.3316464424
2506,HGS-TV,250160.0,489198.56297802925
2507,HGS-TV,250160.0,489485.35394096375
2508,HGS-TV,250160.0,489775.99206376076
2509,HGS-TV,250160.0,489836.16410684586
2510,HGS-TV,250160.0,490812.7290725708
2511,HGS-TV,250160.0,491096.52489614487
2512,HGS-TV,250160.0,491396.39821863174
2513,HGS-TV,250160.0,492108.4565029144
2514,HGS-TV,250160.0,492516.24533724785
2515,ails2_etaMax1.000_stoppingTime1728000.00,251101.0,492780.2633569336
2516,ails2_etaMax1.000_stoppingTime1728000.00,251046.0,492781.0903569336
2517,ails2_etaMax1.000_stoppingTime864000.00,250198.0,493320.9453569336
2518,HGS-TV,250160.0,493337.976842165
2519,ails2_etaMax1.000_stoppingTime864000.00,250195.0,493320.9993569336
2520,HGS-TV,250160.0,494352.33386588097
2521,HGS-TV,250160.0,494479.7523405552
2522,HGS-TV,250160.0,495090.17250442505
2523,HGS-TV,250160.0,495502.3116481304
2524,HGS-TV,250160.0,495799.8451311588
2525,HGS-TV,250160.0,496524.6745452881
2526,HGS-TV,250160.0,496729.08481788635
2527,HGS-TV,250160.0,497260.74208521843
2528,HGS-TV,250160.0,497320.9926686287
2529,HGS-TV,250160.0,497447.75696754456
2530,HGS-TV,250160.0,497508.00596499443
2531,HGS-TV,250160.0,498000.3758766651
2532,HGS-TV,250160.0,498420.19986367226
2533,HGS-TV,250160.0,498480.358702898
2534,HGS-TV,250160.0,498654.9360053539
2535,HGS-TV,250160.0,498715.46042990685
2536,HGS-TV,250160.0,499252.8417301178
2537,HGS-TV,250160.0,499338.7085325718
2538,HGS-TV,250160.0,499462.7379500866
2539,HGS-TV,250160.0,499609.18268084526
2540,HGS-TV,250160.0,499669.5793991089
2541,HGS-TV,250160.0,499732.80773830414
2542,HGS-TV,250160.0,499910.8504462242
2543,HGS-TV,250160.0,500459.74051475525
2544,HGS-TV,250160.0,500732.07443618774
2545,HGS-TV,250160.0,500792.1231968403
2546,HGS-TV,250160.0,500955.86717534065
2547,HGS-TV,250160.0,501097.39763212204
2548,HGS-TV,250160.0,501412.0085220337
2549,HGS-TV,250160.0,501576.6916363239
2550,HGS-TV,250160.0,501703.30081415176
2551,HGS-TV,250160.0,501763.58260822296
2552,HGS-TV,250160.0,501959.3213162422
2553,HGS-TV,250160.0,502322.2408583164
2554,HGS-TV,250160.0,502504.64108109474
2555,HGS-TV,250160.0,502717.44498467445
2556,HGS-TV,250160.0,502777.4450843334
2557,HGS-TV,250160.0,502915.20512008667
2558,HGS-TV,250160.0,503007.21436691284
2559,HGS-TV,250160.0,503166.2921760082
2560,HGS-TV,250160.0,503226.3237876892
2561,HGS-TV,250160.0,503337.76712059975
2562,HGS-TV,250160.0,503397.92348980904
2563,HGS-TV,250160.0,503458.1621541977
2564,HGS-TV,250160.0,503765.68413352966
2565,HGS-TV,250160.0,503881.98254203796
2566,HGS-TV,250160.0,503942.0049569607
2567,HGS-TV,250160.0,504002.05430555344
2568,HGS-TV,250160.0,504164.7787923813
2569,HGS-TV,250160.0,504372.4217772484
2570,HGS-TV,250160.0,504815.62504434586
2571,HGS-TV,250160.0,504897.7150621414
2572,HGS-TV,250160.0,505014.72972393036
2573,HGS-TV,250160.0,505074.77954506874
2574,HGS-TV,250160.0,505143.39380025864
2575,HGS-TV,250160.0,505230.077791214
2576,HGS-TV,250160.0,505323.67967915535
2577,HGS-TV,250160.0,505499.5604727268
2578,HGS-TV,250160.0,505910.0712687969
2579,HGS-TV,250160.0,506759.4654145241
2580,HGS-TV,250160.0,506819.79852223396
2581,HGS-TV,250160.0,506940.45979332924
2582,HGS-TV,250160.0,507250.77027344704
2583,HGS-TV,250160.0,507378.8093340397
2584,HGS-TV,250160.0,508189.67036032677
2585,HGS-TV,250160.0,508783.0827410221
2586,HGS-TV,250160.0,508928.83843159676
2587,HGS-TV,250160.0,509238.33486652374
2588,HGS-TV,250160.0,509989.5304386616
2589,HGS-TV,250160.0,510148.07417345047
2590,HGS-TV,250160.0,510671.206840992
2591,HGS-TV,250160.0,511097.8393304348
2592,HGS-TV,250160.0,511445.4216558933
2593,ails2_etaMax1.000_stoppingTime1728000.00,251041.0,511615.7343569336
2594,HGS-TV,250160.0,511635.09033703804
2595,ails2_etaMax1.000_stoppingTime1728000.00,250975.0,511615.82635693357
2596,HGS-TV,250160.0,511979.916826725
2597,HGS-TV,250160.0,512128.0968904495
2598,HGS-TV,250160.0,512233.3801674843
2599,HGS-TV,250160.0,512612.9419167042
2600,HGS-TV,250160.0,512673.0221455097
2601,HGS-TV,250160.0,512733.0322070122
2602,HGS-TV,250160.0,513078.1385166645
2603,HGS-TV,250160.0,513138.1904566288
2604,HGS-TV,250160.0,513198.23723840714
2605,HGS-TV,250160.0,513289.66204977036
2606,HGS-TV,250160.0,513541.129789114
2607,HGS-TV,250160.0,513601.289406538
2608,HGS-TV,250160.0,513711.99877405167
2609,HGS-TV,250160.0,513887.5653209686
2610,HGS-TV,250160.0,513990.5372157097
2611,HGS-TV,250160.0,514172.0591995716
2612,HGS-TV,250160.0,514252.6494498253
2613,HGS-TV,250160.0,514385.67926335335
2614,HGS-TV,250160.0,514466.7808856964
2615,HGS-TV,250160.0,514545.2620818615
2616,HGS-TV,250160.0,514605.44966602325
2617,HGS-TV,250160.0,514665.57344579697
2618,HGS-TV,250160.0,515016.47147011757
2619,HGS-TV,250160.0,515309.05770015717
2620,HGS-TV,250160.0,515369.2468867302
2621,HGS-TV,250160.0,515432.70241093636
2622,HGS-TV,250160.0,515621.2286660671
2623,HGS-TV,250160.0,515787.7561879158
2624,HGS-TV,250160.0,516073.39491534233
2625,HGS-TV,250160.0,516396.6899483204
2626,HGS-TV,250160.0,516728.9037678242
2627,HGS-TV,250160.0,516789.10821294785
2628,HGS-TV,250160.0,517030.3775305748
2629,HGS-TV,250160.0,517090.56199765205
2630,HGS-TV,250160.0,517150.58215522766
2631,HGS-TV,250160.0,517226.1528353691
2632,HGS-TV,250160.0,517724.46714663506
2633,ails2_etaMax0.020_stoppingTime86400.00,250156.0,518052.6963569336
2634,HGS-TV,250160.0,518084.7699017525
2635,HGS-TV,250160.0,518155.25625395775
2636,HGS-TV,250160.0,518215.3995332718
2637,HGS-TV,250160.0,518408.23597097397
2638,ails2_etaMax0.005_stoppingTime86400.00,250155.0,518626.8323569336
2639,ails2_etaMax0.005_stoppingTime86400.00,250153.0,518640.9443569336
2640,HGS-TV,250154.0,518770.6953089237
2641,ails2_etaMax0.005_stoppingTime86400.00,250151.0,518787.3673569336
2642,ails2_etaMax0.005_stoppingTime86400.00,250150.0,518791.3013569336
2643,HGS-TV,250153.0,519325.16944503784
2644,HGS-TV,250151.0,519925.3234217167
2645,ails2_etaMax0.005_stoppingTime86400.00,250149.0,519985.5543569336
2646,HGS-TV,250150.0,519985.5592851639
2647,HGS-TV,250149.0,521033.810972929
2648,HGS-TV,250146.0,521500.392570734
2649,HGS-TV,250144.0,523765.9797656536
2650,HGS-TV,250144.0,526925.8810060024
2651,HGS-TV,250144.0,526986.263469696
2652,HGS-TV,250144.0,527046.4081277847
2653,HGS-TV,250144.0,527122.0247144699
2654,HGS-TV,250144.0,527182.1365642548
2655,HGS-TV,250144.0,527242.4530742168
2656,HGS-TV,250144.0,527326.7588381767
2657,HGS-TV,250144.0,527387.0289359093
2658,HGS-TV,250144.0,527447.2308733463
2659,HGS-TV,250144.0,527762.5049357414
2660,HGS-TV,250144.0,527822.6449253559
2661,HGS-TV,250144.0,527882.7993299961
2662,HGS-TV,250144.0,527989.7578287125
2663,HGS-TV,250144.0,528127.1961631775
2664,HGS-TV,250144.0,528187.3637707233
2665,HGS-TV,250144.0,528283.6784713268
2666,HGS-TV,250144.0,528367.4501664639
2667,HGS-TV,250144.0,528519.0368199348
2668,HGS-TV,250144.0,528579.0530014038
2669,HGS-TV,250144.0,528825.9502556324
2670,HGS-TV,250144.0,528941.0085942745
2671,HGS-TV,250144.0,529157.6044621468
2672,HGS-TV,250144.0,529404.5674827099
2673,HGS-TV,250144.0,530358.8460214138
2674,HGS-TV,250144.0,530694.981739521
2675,HGS-TV,250144.0,530991.31859231
2676,HGS-TV,250144.0,531051.4127287865
2677,HGS-TV,250144.0,531617.7163648605
2678,HGS-TV,250144.0,531677.7697701454
2679,HGS-TV,250144.0,531842.9903435707
2680,HGS-TV,250144.0,531945.4247205257
2681,HGS-TV,250144.0,532273.9545996189
2682,HGS-TV,250144.0,532334.1060090065
2683,HGS-TV,250144.0,532485.9207735062
2684,HGS-TV,250144.0,532772.9525282383
2685,HGS-TV,250144.0,532908.0050518513
2686,HGS-TV,250144.0,533018.58968997
2687,HGS-TV,250144.0,533101.1756210327
2688,HGS-TV,250144.0,533381.4814009666
2689,HGS-TV,250144.0,533441.7618966103
2690,HGS-TV,250144.0,533565.6720764637
2691,HGS-TV,250144.0,534378.344851017
2692,HGS-TV,250144.0,534831.1544241905
2693,HGS-TV,250144.0,535016.0709414482
2694,HGS-TV,250144.0,535076.1744353771
2695,HGS-TV,250144.0,535198.2201213837
2696,HGS-TV,250144.0,535264.852291584
2697,HGS-TV,250144.0,535325.0383074284
2698,HGS-TV,250144.0,535522.8042888641
2699,HGS-TV,250144.0,535637.3201203346
2700,HGS-TV,250144.0,535858.0382540226
2701,HGS-TV,250144.0,535918.2412726879
2702,HGS-TV,250144.0,535978.2471797466
2703,HGS-TV,250144.0,536038.5929577351
2704,HGS-TV,250144.0,536154.652826786
2705,HGS-TV,250144.0,536437.087911129
2706,HGS-TV,250144.0,536575.049696207
2707,HGS-TV,250144.0,537122.1367521286
2708,HGS-TV,250144.0,537203.5679652691
2709,ails2_etaMax1.000_stoppingTime1728000.00,250969.0,538264.5373569336
2710,HGS-TV,250144.0,538301.0245366096
2711,ails2_etaMax1.000_stoppingTime1728000.00,250811.0,538275.5863569336
2712,HGS-TV,250144.0,538755.875970602
2713,HGS-TV,250144.0,539029.0417232513
2714,HGS-TV,250144.0,539298.1831605434
2715,HGS-TV,250144.0,539437.7592873573
2716,HGS-TV,250144.0,539722.25182724
2717,HGS-TV,250144.0,540966.8905007839
2718,HGS-TV,250144.0,541301.4700741768
2719,HGS-TV,250144.0,541366.6120374203
2720,HGS-TV,250144.0,541426.6133069992
2721,HGS-TV,250144.0,542986.290473938
2722,HGS-TV,250144.0,543068.0254831314
2723,HGS-TV,250144.0,543196.4395375252
2724,HGS-TV,250144.0,544378.5887761116
2725,HGS-TV,250144.0,544670.0759727955
2726,HGS-TV,250144.0,545057.0101492405
2727,HGS-TV,250144.0,545568.6882538795
2728,HGS-TV,250144.0,545750.5149629116
2729,HGS-TV,250144.0,545811.0139963627
2730,HGS-TV,250144.0,545990.2124977112
2731,HGS-TV,250144.0,546332.0095906258
2732,HGS-TV,250144.0,546628.0630567074
2733,HGS-TV,250144.0,547572.4427657127
2734,HGS-TV,250144.0,547715.7204871178
2735,HGS-TV,250144.0,548923.4389083385
2736,HGS-TV,250144.0,549005.6297237873
2737,HGS-TV,250144.0,549272.2981798649
2738,HGS-TV,250144.0,549932.716411829
2739,HGS-TV,250144.0,550619.2176969051
2740,HGS-TV,250144.0,551320.5515117645
2741,HGS-TV,250144.0,552150.1677801609
2742,HGS-TV,250144.0,553067.6780982018
2743,HGS-TV,250144.0,553386.1957762241
2744,HGS-TV,250144.0,553446.2778913975
2745,HGS-TV,250144.0,554383.177580595
2746,HGS-TV,250144.0,554598.9977560043
2747,HGS-TV,250144.0,554704.2525568008
2748,HGS-TV,250144.0,555194.9533481598
2749,HGS-TV,250144.0,555394.3137488365
2750,HGS-TV,250144.0,555716.7092602253
2751,HGS-TV,250144.0,556297.3803637028
2752,HGS-TV,250144.0,556357.6347763538
2753,HGS-TV,250144.0,556417.8481736183
2754,HGS-TV,250144.0,556483.0172975063
2755,HGS-TV,250144.0,556543.0582714081
2756,HGS-TV,250144.0,556678.85653615
2757,HGS-TV,250144.0,556739.0910518169
2758,HGS-TV,250144.0,556841.6456727982
2759,HGS-TV,250144.0,556901.7673194408
2760,HGS-TV,250144.0,557301.7425346375
2761,HGS-TV,250144.0,558406.2520806789
2762,HGS-TV,250144.0,558801.5903139114
2763,HGS-TV,250144.0,559001.2996408939
2764,HGS-TV,250144.0,559061.589040041
2765,HGS-TV,250144.0,559391.055794239
2766,HGS-TV,250144.0,559538.665009737
2767,HGS-TV,250144.0,559664.1042666435
2768,HGS-TV,250144.0,559902.3781924248
2769,HGS-TV,250144.0,560608.5257086754
2770,HGS-TV,250144.0,561563.7808947563
2771,HGS-TV,250144.0,561738.4323425293
2772,HGS-TV,250144.0,562067.944401741
2773,HGS-TV,250144.0,562711.7749290466
2774,HGS-TV,250144.0,565093.2061164379
2775,HGS-TV,250144.0,565990.5429182053
2776,HGS-TV,250144.0,566522.2314724922
2777,HGS-TV,250144.0,566743.8280012608
2778,HGS-TV,250144.0,567220.4885947704
2779,HGS-TV,250144.0,569199.9639718533
2780,HGS-TV,250144.0,569681.5265514851
2781,HGS-TV,250144.0,570185.3627009392
2782,HGS-TV,250144.0,571181.3110282421
2783,HGS-TV,250144.0,571809.8814947605
2784,HGS-TV,250144.0,573770.0038483143
2785,HGS-TV,250144.0,575585.4263319969
2786,HGS-TV,250144.0,576171.5209608078
2787,HGS-TV,250144.0,577721.6852931976
2788,HGS-TV,250144.0,577960.338378191
2789,HGS-TV,250144.0,578051.6236720085
2790,HGS-TV,250144.0,578874.7235350609
2791,HGS-TV,250144.0,578976.5691475868
2792,HGS-TV,250144.0,579036.6392951012
2793,HGS-TV,250144.0,579238.8801114559
2794,HGS-TV,250144.0,579320.2286772728
2795,HGS-TV,250144.0,579380.2891087532
2796,HGS-TV,250144.0,579533.0508315563
2797,HGS-TV,250144.0,579612.3777339458
2798,HGS-TV,250144.0,579751.5483825207
2799,HGS-TV,250144.0,579831.8790287971
2800,HGS-TV,250144.0,580081.4478693008
2801,HGS-TV,250144.0,580231.2864818573
2802,HGS-TV,250144.0,580366.4559795856
2803,HGS-TV,250144.0,580481.1783657074
2804,HGS-TV,250144.0,580690.123238802
2805,HGS-TV,250144.0,580837.5716483593
2806,HGS-TV,250144.0,580964.0725224018
2807,HGS-TV,250144.0,581487.3448200226
2808,HGS-TV,250144.0,581752.4177145958
2809,HGS-TV,250144.0,581814.3641884327
2810,HGS-TV,250144.0,581953.4465327263
2811,HGS-TV,250144.0,582094.0621113777
2812,HGS-TV,250144.0,582217.1717042923
2813,HGS-TV,250144.0,582833.808514595
2814,HGS-TV,250144.0,582893.9775595665
2815,HGS-TV,250144.0,582954.1028678417
2816,HGS-TV,250144.0,583014.306933403
2817,HGS-TV,250144.0,583398.0697512627
2818,HGS-TV,250144.0,584151.4667782784
2819,HGS-TV,250144.0,584860.6810071468
2820,HGS-TV,250144.0,584920.6823215485
2821,HGS-TV,250144.0,585353.099886179
2822,HGS-TV,250144.0,585645.8814616203
2823,HGS-TV,250144.0,585705.9668076038
2824,HGS-TV,250144.0,585876.9105744362
2825,HGS-TV,250144.0,588263.6066994667
2826,HGS-TV,250144.0,588323.8274796009
2827,HGS-TV,250144.0,588667.3531591892
2828,HGS-TV,250144.0,589151.339517355
2829,HGS-TV,250144.0,589590.5818984509
2830,HGS-TV,250144.0,590505.6039066315
2831,HGS-TV,250144.0,591182.6123859882
2832,HGS-TV,250144.0,591470.2700650692
2833,HGS-TV,250144.0,592341.483228445
2834,HGS-TV,250144.0,593071.5550796986
2835,HGS-TV,250144.0,593457.3169176579
2836,HGS-TV,250144.0,594027.4067206383
2837,HGS-TV,250144.0,594223.2444109917
2838,HGS-TV,250144.0,594438.1243348122
2839,HGS-TV,250144.0,595238.0900027752
2840,HGS-TV,250144.0,595763.8720753193
2841,HGS-TV,250144.0,596090.3127324581
2842,HGS-TV,250144.0,596324.2741825581
2843,HGS-TV,250144.0,596745.4489295483
2844,HGS-TV,250144.0,597246.7952775955
2845,HGS-TV,250144.0,597307.0217590332
2846,HGS-TV,250144.0,597678.6098489761
2847,HGS-TV,250144.0,597938.779709816
2848,HGS-TV,250144.0,598338.3625478745
2849,HGS-TV,250144.0,598469.0191602707
2850,HGS-TV,250144.0,598578.0470023155
2851,HGS-TV,250144.0,598638.0583872795
2852,HGS-TV,250144.0,598750.4265539646
2853,HGS-TV,250144.0,599030.3937001228
2854,HGS-TV,250144.0,599218.9138631821
2855,HGS-TV,250144.0,599910.5200884342
2856,HGS-TV,250144.0,600531.7233915329
2857,HGS-TV,250144.0,601057.0668904781
2858,HGS-TV,250144.0,603128.7580161095
2859,HGS-TV,250144.0,603241.1052970886
2860,HGS-TV,250144.0,603376.6782443523
2861,HGS-TV,250144.0,603883.6029715538
2862,HGS-TV,250144.0,604760.9640817642
2863,HGS-TV,250144.0,605199.7717704773
2864,ails2_etaMax1.000_stoppingTime1728000.00,250780.0,605265.3803569336
2865,ails2_etaMax1.000_stoppingTime1728000.00,250769.0,605265.4813569336
2866,HGS-TV,250144.0,605526.9176459312
2867,HGS-TV,250144.0,605723.3052442074
2868,HGS-TV,250144.0,606224.1839430332
2869,HGS-TV,250144.0,607170.7785229683
2870,HGS-TV,250144.0,608363.888992548
2871,HGS-TV,250144.0,608576.0437660217
2872,HGS-TV,250144.0,608822.2323477268
2873,HGS-TV,250144.0,608882.4311637878
2874,HGS-TV,250144.0,609218.2061216831
2875,HGS-TV,250144.0,609833.8705997467
2876,HGS-TV,250144.0,610086.5178229809
2877,HGS-TV,250144.0,610235.2324757576
2878,HGS-TV,250144.0,610418.3682699203
2879,HGS-TV,250144.0,610760.181727171
2880,HGS-TV,250144.0,610997.6776106358
2881,HGS-TV,250144.0,611057.7529613972
2882,HGS-TV,250144.0,611169.1276938915
2883,HGS-TV,250144.0,611845.3885571957
2884,HGS-TV,250144.0,612018.7214140892
2885,HGS-TV,250144.0,612078.9411244392
2886,HGS-TV,250144.0,612195.3914077282
2887,HGS-TV,250144.0,612834.8733789921
2888,HGS-TV,250144.0,612903.543592453
2889,HGS-TV,250144.0,613110.9581463337
2890,HGS-TV,250144.0,613182.7854290009
2891,HGS-TV,250144.0,613242.8484363556
2892,HGS-TV,250144.0,613412.4310939312
2893,HGS-TV,250144.0,613472.4771709442
2894,HGS-TV,250144.0,613532.7252812386
2895,HGS-TV,250144.0,613598.2772855759
2896,HGS-TV,250144.0,613905.5453519821
2897,HGS-TV,250144.0,614217.8139896393
2898,HGS-TV,250144.0,614307.2330214977
2899,ails2_etaMax1.000_stoppingTime1728000.00,250751.0,614512.6443569335
2900,HGS-TV,250144.0,614568.463155508
2901,ails2_etaMax1.000_stoppingTime1728000.00,250643.0,614531.9823569336
2902,HGS-TV,250144.0,615367.7807602882
2903,HGS-TV,250144.0,616662.7911944389
2904,HGS-TV,250144.0,616722.8722696304
2905,ails2_etaMax0.005_stoppingTime86400.00,250143.0,617108.3623569336
2906,HGS-TV,250144.0,617709.8701779842
2907,HGS-TV,250144.0,618322.4706606865
2908,HGS-TV,250144.0,618647.7560842037
2909,HGS-TV,250144.0,618721.2911241055
2910,HGS-TV,250144.0,619181.9630594254
2911,HGS-TV,250142.0,619791.9533700943
2912,HGS-TV,250141.0,620296.6165947914
2913,HGS-TV,250140.0,620390.1360650063
2914,HGS-TV,250140.0,623441.0943746567
2915,HGS-TV,250140.0,623501.1274800301
2916,HGS-TV,250140.0,623577.6720108986
2917,HGS-TV,250140.0,623637.8458583355
2918,HGS-TV,250140.0,623882.4489052296
2919,HGS-TV,250140.0,623942.7724649906
2920,HGS-TV,250140.0,624047.8725466728
2921,HGS-TV,250140.0,624415.4534323215
2922,HGS-TV,250140.0,624510.9124953747
2923,HGS-TV,250140.0,624624.6551835537
2924,HGS-TV,250140.0,624694.2916522026
2925,HGS-TV,250140.0,624938.4311401844
2926,HGS-TV,250140.0,624998.5642814636
2927,HGS-TV,250140.0,625231.1226751804
2928,HGS-TV,250140.0,625291.1943819523
2929,HGS-TV,250140.0,625669.7889475822
2930,HGS-TV,250140.0,625814.8446018696
2931,HGS-TV,250140.0,626041.6400961876
2932,HGS-TV,250140.0,626101.98168993
2933,HGS-TV,250140.0,626356.3568041325
2934,HGS-TV,250140.0,626898.0905547142
2935,HGS-TV,250140.0,627144.316791296
2936,HGS-TV,250140.0,627249.3047261238
2937,HGS-TV,250140.0,627309.5394320488
2938,HGS-TV,250140.0,628816.0136139393
2939,HGS-TV,250140.0,630333.1807169914
2940,HGS-TV,250140.0,630532.7103614807
2941,HGS-TV,250140.0,631045.5104343891
2942,HGS-TV,250140.0,631565.3684723377
2943,HGS-TV,250140.0,631701.8277049065
2944,HGS-TV,250140.0,631773.4229738712
2945,HGS-TV,250140.0,631833.5290727615
2946,HGS-TV,250140.0,632647.0528593063
2947,HGS-TV,250140.0,633301.6010494232
2948,HGS-TV,250140.0,633484.6249446869
2949,HGS-TV,250140.0,633972.6626553535
2950,HGS-TV,250140.0,634032.9289674759
2951,HGS-TV,250140.0,634174.0096142292
2952,HGS-TV,250140.0,634259.1723661423
2953,HGS-TV,250140.0,635045.8331034184
2954,HGS-TV,250140.0,635324.1455233097
2955,HGS-TV,250140.0,635384.3698146343
2956,HGS-TV,250140.0,635477.4581348896
2957,HGS-TV,250140.0,635537.6834499836
2958,HGS-TV,250140.0,635646.4569852352
2959,HGS-TV,250140.0,635945.3346321583
2960,HGS-TV,250140.0,636005.5886967182
2961,HGS-TV,250140.0,636234.9203546047
2962,HGS-TV,250140.0,636295.0384895802
2963,HGS-TV,250140.0,636403.4843912125
2964,HGS-TV,250140.0,636463.68780303
2965,HGS-TV,250140.0,636523.7645995617
2966,HGS-TV,250140.0,636583.9986996651
2967,HGS-TV,250140.0,636716.1741030216
2968,HGS-TV,250140.0,636787.0241837502
2969,HGS-TV,250140.0,637271.379250288
2970,HGS-TV,250140.0,637338.1749253273
2971,HGS-TV,250140.0,637600.9299509525
2972,HGS-TV,250140.0,637710.3322212696
2973,HGS-TV,250140.0,637770.3855907917
2974,HGS-TV,250140.0,637830.5986626148
2975,HGS-TV,250140.0,637890.7825632095
2976,HGS-TV,250140.0,638422.3843915462
2977,HGS-TV,250140.0,638482.496696949
2978,HGS-TV,250140.0,638801.4405751228
2979,HGS-TV,250140.0,638861.7581958771
2980,HGS-TV,250140.0,638985.1260950565
2981,HGS-TV,250140.0,639045.1643514633
2982,HGS-TV,250140.0,639127.5369529724
2983,HGS-TV,250140.0,639195.6386623383
2984,HGS-TV,250140.0,639518.6078526974
2985,HGS-TV,250140.0,640548.4581935406
2986,HGS-TV,250140.0,641413.4017851353
2987,HGS-TV,250140.0,641554.8985037804
2988,HGS-TV,250140.0,642356.0135002136
2989,HGS-TV,250140.0,642465.4924588203
2990,HGS-TV,250140.0,642687.7595214844
2991,HGS-TV,250140.0,643766.3398406506
2992,HGS-TV,250140.0,643826.3779582977
2993,HGS-TV,250140.0,643967.0597836971
2994,HGS-TV,250140.0,644130.8588309288
2995,HGS-TV,250140.0,644204.5761432648
2996,HGS-TV,250140.0,644977.787091732
2997,HGS-TV,250140.0,647590.8608593941
2998,HGS-TV,250140.0,647651.0552215576
2999,HGS-TV,250140.0,648453.0932075977
3000,HGS-TV,250140.0,648531.3562970161
3001,HGS-TV,250140.0,648911.101891756
3002,HGS-TV,250140.0,648971.1473953724
3003,HGS-TV,250140.0,649683.0707426071
3004,HGS-TV,250140.0,649772.1568374634
3005,HGS-TV,250140.0,650010.6625442505
3006,HGS-TV,250140.0,650070.8019728661
3007,HGS-TV,250140.0,650713.4174280167
3008,HGS-TV,250140.0,651068.1125400066
3009,HGS-TV,250140.0,651265.7698874474
3010,HGS-TV,250140.0,651823.60318923
3011,HGS-TV,250140.0,651883.8425168991
3012,HGS-TV,250140.0,652251.3396782875
3013,HGS-TV,250140.0,652344.8917367458
3014,HGS-TV,250140.0,652633.2952334881
3015,HGS-TV,250140.0,652771.1185297966
3016,HGS-TV,250140.0,652904.3965620995
3017,HGS-TV,250140.0,653583.2061002254
3018,HGS-TV,250140.0,654060.3896193504
3019,HGS-TV,250140.0,654215.2403829098
3020,HGS-TV,250140.0,654290.5828623772
3021,HGS-TV,250140.0,654631.8937063217
3022,HGS-TV,250140.0,654691.9691097736
3023,HGS-TV,250140.0,654893.4566459656
3024,HGS-TV,250140.0,655297.9036319256
3025,HGS-TV,250140.0,655486.8961975574
3026,HGS-TV,250140.0,655644.9740250111
3027,HGS-TV,250140.0,655713.4210627079
3028,HGS-TV,250140.0,655811.4627869129
3029,HGS-TV,250140.0,655947.6476533413
3030,HGS-TV,250140.0,656102.2739062309
3031,HGS-TV,250140.0,656270.1955075264
3032,HGS-TV,250140.0,656354.7828199863
3033,HGS-TV,250140.0,656414.7911856174
3034,HGS-TV,250140.0,656576.6704411507
3035,HGS-TV,250140.0,656636.9894151688
3036,HGS-TV,250140.0,656998.2445311546
3037,HGS-TV,250140.0,657129.3922417164
3038,HGS-TV,250140.0,657189.4065401554
3039,HGS-TV,250140.0,657249.4976694584
3040,HGS-TV,250140.0,657309.6876924038
3041,HGS-TV,250140.0,657768.3665406704
3042,HGS-TV,250140.0,657916.6507024765
3043,HGS-TV,250140.0,658015.9311430454
3044,HGS-TV,250140.0,658393.2114171982
3045,HGS-TV,250140.0,658453.3211576939
3046,HGS-TV,250140.0,658513.5143229961
3047,HGS-TV,250140.0,658573.7996075153
3048,HGS-TV,250140.0,658928.5450930595
3049,HGS-TV,250140.0,659138.8832597733
3050,HGS-TV,250140.0,659242.0515768528
3051,HGS-TV,250140.0,659506.2617478371
3052,HGS-TV,250140.0,659715.25466609
3053,HGS-TV,250140.0,659775.3432719707
3054,HGS-TV,250140.0,659889.9884595871
3055,HGS-TV,250140.0,660345.3799510002
3056,HGS-TV,250140.0,660405.4635968208
3057,HGS-TV,250140.0,660897.994995594
3058,HGS-TV,250140.0,661295.0529227257
3059,HGS-TV,250140.0,661382.2948215008
3060,HGS-TV,250140.0,661442.5038700104
3061,HGS-TV,250140.0,661979.898712635
3062,HGS-TV,250140.0,662040.1545138359
3063,HGS-TV,250140.0,662142.6643400192
3064,HGS-TV,250140.0,662202.7731790543
3065,HGS-TV,250140.0,662262.9042508602
3066,HGS-TV,250140.0,662402.9039478302
3067,HGS-TV,250140.0,662526.4217176437
3068,HGS-TV,250140.0,662831.6145060062
3069,HGS-TV,250140.0,663177.8531243801
3070,HGS-TV,250140.0,663238.1621921062
3071,HGS-TV,250140.0,663298.2411131859
3072,HGS-TV,250140.0,663523.1284742355
3073,HGS-TV,250140.0,663770.5821144581
3074,HGS-TV,250140.0,663878.7681398392
3075,HGS-TV,250140.0,663939.2283973694
3076,HGS-TV,250140.0,664037.0541450977
3077,HGS-TV,250140.0,664097.278134346
3078,HGS-TV,250140.0,664157.5367410183
3079,HGS-TV,250140.0,664217.6638171673
3080,HGS-TV,250140.0,664637.575710535
3081,HGS-TV,250140.0,664697.6734633446
3082,HGS-TV,250140.0,664960.4556913376
3083,HGS-TV,250140.0,665175.8122475147
3084,HGS-TV,250140.0,665235.8725702763
3085,HGS-TV,250140.0,665496.1902070045
3086,HGS-TV,250140.0,665556.4936752319
3087,HGS-TV,250140.0,665747.5432720184
3088,HGS-TV,250140.0,666909.7409536839
3089,HGS-TV,250140.0,668042.8526587486
3090,HGS-TV,250140.0,668266.3673114777
3091,HGS-TV,250140.0,668326.4269566536
3092,HGS-TV,250140.0,668473.2017638683
3093,HGS-TV,250140.0,668665.5602316856
3094,HGS-TV,250140.0,668725.8217065334
3095,HGS-TV,250140.0,668785.9674932957
3096,HGS-TV,250140.0,668846.1014034748
3097,HGS-TV,250140.0,669160.1448833942
3098,HGS-TV,250140.0,669427.805952549
3099,HGS-TV,250140.0,669487.9232134819
3100,HGS-TV,250140.0,669623.1461777687
3101,HGS-TV,250140.0,669808.4030754566
3102,HGS-TV,250140.0,669909.0423467159
3103,HGS-TV,250140.0,670162.8085134029
3104,HGS-TV,250140.0,670363.0768930912
3105,HGS-TV,250140.0,671010.6752040386
3106,HGS-TV,250140.0,671231.524936676
3107,HGS-TV,250140.0,671381.071390152
3108,HGS-TV,250140.0,671441.1168692112
3109,HGS-TV,250140.0,671682.559223175
3110,HGS-TV,250140.0,671749.3260667324
3111,HGS-TV,250140.0,671809.3773913383
3112,HGS-TV,250140.0,671941.9704091549
3113,HGS-TV,250140.0,672002.1621747017
3114,HGS-TV,250140.0,672191.3076770306
3115,HGS-TV,250140.0,672251.4838283062
3116,HGS-TV,250140.0,673008.4247217178
3117,HGS-TV,250140.0,673179.783147335
3118,HGS-TV,250140.0,673659.7964806557
3119,HGS-TV,250140.0,673915.9504778385
3120,HGS-TV,250140.0,674174.8627574444
3121,HGS-TV,250140.0,674399.4680161476
3122,HGS-TV,250140.0,674822.932559967
3123,HGS-TV,250140.0,675154.7261431217
3124,HGS-TV,250140.0,675262.7830514908
3125,HGS-TV,250140.0,675335.1844313145
3126,HGS-TV,250140.0,675656.9470434189
3127,HGS-TV,250140.0,675716.9739778042
3128,HGS-TV,250140.0,675962.6667971611
3129,HGS-TV,250140.0,676077.1374545097
3130,HGS-TV,250140.0,676216.7450151443
3131,HGS-TV,250140.0,677319.8615839481
3132,HGS-TV,250140.0,677670.048153162
3133,HGS-TV,250140.0,677730.164919138
3134,HGS-TV,250140.0,677790.2870180607
3135,HGS-TV,250140.0,677853.3372523785
3136,HGS-TV,250140.0,677913.3748354912
3137,HGS-TV,250140.0,677991.3445186615
3138,HGS-TV,250140.0,678477.7657132149
3139,HGS-TV,250140.0,678640.8982474804
3140,HGS-TV,250140.0,678701.4711208344
3141,HGS-TV,250140.0,678761.4892325401
3142,HGS-TV,250140.0,678821.5350596905
3143,HGS-TV,250140.0,679170.6592974663
3144,HGS-TV,250140.0,679230.6930782795
3145,HGS-TV,250140.0,679290.7392859459
3146,HGS-TV,250140.0,679375.4290993214
3147,HGS-TV,250140.0,679435.46712327
3148,HGS-TV,250140.0,679582.0416123867
3149,HGS-TV,250140.0,679642.0929198265
3150,HGS-TV,250140.0,679702.2365727425
3151,HGS-TV,250140.0,679808.2420086861
3152,ails2_etaMax1.000_stoppingTime1728000.00,250636.0,679812.5173569336
3153,HGS-TV,250140.0,679868.3130633831
3154,ails2_etaMax1.000_stoppingTime1728000.00,250631.0,679812.5423569336
3155,ails2_etaMax1.000_stoppingTime1728000.00,250612.0,680014.1883569336
3156,HGS-TV,250140.0,680067.925560236
3157,ails2_etaMax1.000_stoppingTime1728000.00,250602.0,680014.7403569336
3158,HGS-TV,250140.0,680273.0984499454
3159,HGS-TV,250140.0,680381.3540256023
3160,HGS-TV,250140.0,680441.7330305576
3161,HGS-TV,250140.0,680501.8692212105
3162,HGS-TV,250140.0,680562.0343034267
3163,HGS-TV,250140.0,681690.8918430805
3164,HGS-TV,250140.0,681750.9269485474
3165,HGS-TV,250140.0,681810.964047432
3166,HGS-TV,250140.0,681871.0010392666
3167,HGS-TV,250140.0,682527.0882315636
3168,HGS-TV,250140.0,683021.9833893776
3169,HGS-TV,250140.0,683298.2956373692
3170,HGS-TV,250140.0,683531.5531263351
3171,HGS-TV,250140.0,683752.8757812977
3172,HGS-TV,250140.0,683812.940239191
3173,HGS-TV,250140.0,684242.2806856632
3174,HGS-TV,250140.0,684698.585973978
3175,HGS-TV,250140.0,685028.0789079666
3176,HGS-TV,250140.0,685934.03429389
3177,HGS-TV,250140.0,685994.1964075565
3178,HGS-TV,250140.0,686085.3144245148
3179,HGS-TV,250140.0,686554.4298927784
3180,HGS-TV,250140.0,687067.8996295929
3181,HGS-TV,250140.0,687128.0088877678
3182,HGS-TV,250140.0,687190.2130527496
3183,HGS-TV,250140.0,687290.0981996059
3184,HGS-TV,250140.0,687350.132266283
3185,HGS-TV,250140.0,687495.0260593891
3186,HGS-TV,250140.0,687705.8697459698
3187,HGS-TV,250140.0,688101.9610991478
3188,HGS-TV,250140.0,688274.8946168423
3189,HGS-TV,250140.0,688335.0435211658
3190,HGS-TV,250140.0,688395.2592308521
3191,HGS-TV,250140.0,688470.7255330086
3192,HGS-TV,250140.0,688749.07726717
3193,HGS-TV,250140.0,688825.0671780109
3194,HGS-TV,250140.0,688929.928175211
3195,HGS-TV,250140.0,689158.0823760033
3196,HGS-TV,250140.0,689484.466037035
3197,HGS-TV,250140.0,689718.7838401794
3198,HGS-TV,250140.0,689778.8365068436
3199,HGS-TV,250140.0,690005.2386815548
3200,HGS-TV,250140.0,690150.4058852196
3201,HGS-TV,250140.0,690210.5995051861
3202,HGS-TV,250140.0,690762.0081913471
3203,HGS-TV,250140.0,691138.5914607048
3204,HGS-TV,250140.0,691303.5356009007
3205,HGS-TV,250140.0,691423.2421402931
3206,HGS-TV,250140.0,691967.1677794456
3207,HGS-TV,250140.0,692681.6926984787
3208,ails2_etaMax1.000_stoppingTime1728000.00,250591.0,692695.5493569336
3209,HGS-TV,250140.0,692754.3133704662
3210,ails2_etaMax1.000_stoppingTime1728000.00,250571.0,692698.5283569336
3211,HGS-TV,250140.0,693185.0637667179
3212,HGS-TV,250140.0,693245.2509484291
3213,HGS-TV,250140.0,693305.4257228374
3214,HGS-TV,250140.0,693368.107063055
3215,HGS-TV,250140.0,694345.632311821
3216,HGS-TV,250140.0,694405.6886789799
3217,HGS-TV,250140.0,694498.6348056793
3218,HGS-TV,250140.0,694649.1238546371
3219,HGS-TV,250140.0,694709.1463706493
3220,HGS-TV,250140.0,694769.172744751
3221,HGS-TV,250140.0,694829.3549237251
3222,HGS-TV,250140.0,696385.6836047173
3223,HGS-TV,250140.0,696445.7619831562
3224,HGS-TV,250140.0,696849.4404063225
3225,HGS-TV,250140.0,696909.4931292534
3226,HGS-TV,250140.0,697380.2245287895
3227,HGS-TV,250140.0,697440.2681484222
3228,HGS-TV,250140.0,697500.4207653999
3229,HGS-TV,250140.0,698476.4355964661
3230,HGS-TV,250140.0,699189.6934351921
3231,HGS-TV,250140.0,699249.7676887512
3232,HGS-TV,250140.0,699309.7697594166
3233,HGS-TV,250140.0,699370.0403475761
3234,HGS-TV,250140.0,699430.0990607738
3235,HGS-TV,250140.0,699571.5170688629
3236,HGS-TV,250140.0,699631.6273355484
3237,HGS-TV,250140.0,699691.7741770744
3238,HGS-TV,250140.0,700077.7141263485
3239,HGS-TV,250140.0,700375.188542366
3240,HGS-TV,250140.0,700435.2189364433
3241,HGS-TV,250140.0,700514.7152295113
3242,HGS-TV,250140.0,700605.5244414806
3243,HGS-TV,250140.0,700665.6790268421
3244,HGS-TV,250140.0,700868.908200264
3245,HGS-TV,250140.0,700929.0954065323
3246,HGS-TV,250140.0,702255.789760828
3247,HGS-TV,250140.0,702457.8327152729
3248,HGS-TV,250140.0,702553.3354394436
3249,HGS-TV,250140.0,702690.8950071335
3250,HGS-TV,250140.0,702751.0951547623
3251,HGS-TV,250140.0,704404.2515394688
3252,HGS-TV,250140.0,706043.8340189457
3253,HGS-TV,250140.0,706395.3020596504
3254,HGS-TV,250140.0,706455.3498678207
3255,HGS-TV,250140.0,707038.0907862186
3256,HGS-TV,250140.0,707370.1177818775
3257,ails2_etaMax1.000_stoppingTime864000.00,250193.0,710337.0853569336
3258,ails2_etaMax1.000_stoppingTime864000.00,250192.0,710337.1833569336
3259,HGS-TV,250140.0,711080.2863810062
3260,HGS-TV,250140.0,711140.4868764877
3261,HGS-TV,250140.0,711200.535479784
3262,HGS-TV,250140.0,711285.8418896198
3263,HGS-TV,250140.0,711346.155983448
3264,HGS-TV,250140.0,711406.297816515
3265,HGS-TV,250140.0,711654.815300703
3266,HGS-TV,250140.0,711730.7444748878
3267,HGS-TV,250140.0,711894.5612053871
3268,HGS-TV,250140.0,711963.7474901676
3269,HGS-TV,250140.0,712037.1850550175
3270,HGS-TV,250140.0,712097.601780653
3271,HGS-TV,250140.0,712157.7893741131
3272,HGS-TV,250140.0,712274.7900285721
3273,HGS-TV,250140.0,712334.8245363235
3274,HGS-TV,250140.0,712738.0331685543
3275,HGS-TV,250140.0,712798.3558757305
3276,HGS-TV,250140.0,712874.8035988808
3277,HGS-TV,250140.0,713094.455108881
3278,HGS-TV,250140.0,713154.6200668812
3279,HGS-TV,250140.0,713274.5453979969
3280,HGS-TV,250140.0,713468.3258361816
3281,HGS-TV,250140.0,713693.874745369
3282,HGS-TV,250140.0,713933.4510018826
3283,HGS-TV,250140.0,714024.7336075306
3284,HGS-TV,250140.0,714903.9068553448
3285,HGS-TV,250140.0,715330.3320639133
3286,HGS-TV,250140.0,715600.4504284859
3287,HGS-TV,250140.0,715879.5518467426
3288,HGS-TV,250140.0,716029.3266558647
3289,HGS-TV,250140.0,716548.114790678
3290,HGS-TV,250140.0,717311.2074165344
3291,HGS-TV,250140.0,717728.5944766998
3292,HGS-TV,250140.0,717965.9074704647
3293,HGS-TV,250140.0,718179.0701234341
3294,HGS-TV,250140.0,718253.0216100216
3295,HGS-TV,250140.0,718326.9120326042
3296,HGS-TV,250140.0,718401.0534749031
3297,HGS-TV,250140.0,718954.7335450649
3298,HGS-TV,250140.0,719480.4353444576
3299,HGS-TV,250140.0,720529.0439689159
3300,HGS-TV,250140.0,720769.8586668968
3301,HGS-TV,250140.0,720829.874202013
3302,HGS-TV,250140.0,720906.345748663
3303,HGS-TV,250140.0,720986.4093821049
3304,HGS-TV,250140.0,721046.4672677517
3305,HGS-TV,250140.0,721113.9118976593
3306,HGS-TV,250140.0,721173.9368526936
3307,HGS-TV,250140.0,721233.9890322685
3308,HGS-TV,250140.0,721341.7241785526
3309,HGS-TV,250140.0,721505.2485771179
3310,HGS-TV,250140.0,721565.2508785725
3311,HGS-TV,250140.0,721760.6201786995
3312,HGS-TV,250140.0,722420.7165851593
3313,HGS-TV,250140.0,722812.6806333065
3314,HGS-TV,250140.0,723563.0153133869
3315,HGS-TV,250140.0,724100.4194221497
3316,HGS-TV,250140.0,724902.5079057217
3317,HGS-TV,250140.0,724962.7411437035
3318,HGS-TV,250140.0,725286.656329155
3319,HGS-TV,250140.0,725346.762763977
3320,HGS-TV,250140.0,725406.9643256664
3321,HGS-TV,250140.0,725570.3751349449
3322,HGS-TV,250140.0,725838.6065273285
3323,HGS-TV,250140.0,726382.0684978962
3324,HGS-TV,250140.0,727325.9244859219
3325,HGS-TV,250140.0,727592.3557083607
3326,HGS-TV,250140.0,728148.8726956844
3327,HGS-TV,250140.0,728209.1298089027
3328,HGS-TV,250140.0,728515.77911973
3329,HGS-TV,250140.0,728869.3980445862
3330,HGS-TV,250140.0,728929.7838964462
3331,HGS-TV,250140.0,729199.6059076786
3332,HGS-TV,250140.0,729351.2907018661
3333,ails2_etaMax1.000_stoppingTime1728000.00,250568.0,729387.7783569336
3334,HGS-TV,250140.0,729411.2945783138
3335,ails2_etaMax1.000_stoppingTime1728000.00,250550.0,729387.9243569336
3336,HGS-TV,250140.0,729510.5684478283
3337,HGS-TV,250140.0,729663.7948000431
3338,HGS-TV,250140.0,729723.8299088478
3339,ails2_etaMax1.000_stoppingTime1728000.00,250549.0,730058.2843569336
3340,ails2_etaMax1.000_stoppingTime1728000.00,250526.0,730109.0613569336
3341,HGS-TV,250140.0,730510.3801796436
3342,HGS-TV,250140.0,730570.667192936
3343,HGS-TV,250140.0,730716.6280267239
3344,HGS-TV,250140.0,731067.2635068893
3345,HGS-TV,250140.0,731127.6362388134
3346,HGS-TV,250140.0,731187.7052881718
3347,HGS-TV,250140.0,731562.8086380959
3348,HGS-TV,250140.0,731682.8804454803
3349,HGS-TV,250140.0,731791.1877615452
3350,HGS-TV,250140.0,732394.8469920158
3351,HGS-TV,250140.0,732607.0018801689
3352,HGS-TV,250140.0,732867.3463437557
3353,HGS-TV,250140.0,733349.2342691422
3354,HGS-TV,250140.0,733645.0224788189
3355,HGS-TV,250140.0,733882.427875042
3356,HGS-TV,250140.0,734092.472296238
3357,HGS-TV,250140.0,734152.654802084
3358,HGS-TV,250140.0,734213.1251091957
3359,HGS-TV,250140.0,734396.1574504375
3360,HGS-TV,250140.0,734456.387001276
3361,HGS-TV,250140.0,734683.5952351093
3362,HGS-TV,250140.0,734817.9108281136
3363,HGS-TV,250140.0,734877.9891319275
3364,HGS-TV,250140.0,734947.492344141
3365,HGS-TV,250140.0,735179.7689535618
3366,HGS-TV,250140.0,735426.301995039
3367,HGS-TV,250140.0,735559.40817976
3368,HGS-TV,250140.0,736446.4445545673
3369,HGS-TV,250140.0,736506.6146533489
3370,HGS-TV,250140.0,736617.5237767696
3371,ails2_etaMax1.000_stoppingTime864000.00,250190.0,736901.2593569336
3372,HGS-TV,250140.0,737170.7744259834
3373,HGS-TV,250140.0,737729.4471783638
3374,HGS-TV,250140.0,738044.3434567451
3375,HGS-TV,250140.0,738190.8085813522
3376,HGS-TV,250140.0,738551.9200577736
3377,HGS-TV,250140.0,738612.0566525459
3378,HGS-TV,250140.0,738925.5547094345
3379,HGS-TV,250140.0,739001.2438557148
3380,HGS-TV,250140.0,739155.3599932194
3381,HGS-TV,250140.0,739347.5286245346
3382,HGS-TV,250140.0,739407.9474468231
3383,ails2_etaMax1.000_stoppingTime1728000.00,250518.0,739468.5173569336
3384,HGS-TV,250140.0,739482.9291164875
3385,ails2_etaMax1.000_stoppingTime1728000.00,250505.0,739471.4853569336
3386,HGS-TV,250140.0,739777.1806573868
3387,HGS-TV,250140.0,739837.1871402264
3388,HGS-TV,250140.0,740039.2586402893
3389,HGS-TV,250140.0,740620.4007258415
3390,HGS-TV,250140.0,741109.3130643368
3391,HGS-TV,250140.0,741169.6029088497
3392,HGS-TV,250140.0,741333.2853000164
3393,HGS-TV,250140.0,741393.308122158
3394,HGS-TV,250140.0,741453.4160554409
3395,HGS-TV,250140.0,741513.745203495
3396,HGS-TV,250140.0,741919.9043316841
3397,HGS-TV,250140.0,742465.4269881248
3398,HGS-TV,250140.0,742525.471354723
3399,HGS-TV,250140.0,742677.4977762699
3400,HGS-TV,250140.0,742737.7402961254
3401,HGS-TV,250140.0,742956.1993992329
3402,HGS-TV,250140.0,743049.6929123402
3403,HGS-TV,250140.0,743109.9945857525
3404,HGS-TV,250140.0,743502.7888851166
3405,HGS-TV,250140.0,743768.6295392513
3406,HGS-TV,250140.0,743828.8011758327
3407,HGS-TV,250140.0,743958.2057306767
3408,HGS-TV,250140.0,744484.5450687408
3409,HGS-TV,250140.0,744544.8651866913
3410,HGS-TV,250140.0,744605.0012207031
3411,HGS-TV,250140.0,744665.3308939934
3412,HGS-TV,250140.0,744782.777633667
3413,HGS-TV,250140.0,745003.7930681705
3414,HGS-TV,250140.0,745135.3892066479
3415,HGS-TV,250140.0,745210.7466950417
3416,HGS-TV,250140.0,745471.11601758
3417,HGS-TV,250140.0,745813.7271397114
3418,HGS-TV,250140.0,745995.0943729877
3419,HGS-TV,250140.0,746055.2955925465
3420,HGS-TV,250140.0,746197.6106734276
3421,HGS-TV,250140.0,746363.306538105
3422,HGS-TV,250140.0,746423.5481131077
3423,HGS-TV,250140.0,746543.4318225384
3424,HGS-TV,250140.0,746626.4329035282
3425,HGS-TV,250140.0,746686.4870843887
3426,HGS-TV,250140.0,746878.5727870464
3427,HGS-TV,250140.0,747061.4913406372
3428,HGS-TV,250140.0,747193.3712031841
3429,HGS-TV,250140.0,747305.9719250202
3430,HGS-TV,250140.0,747365.9840629101
3431,HGS-TV,250140.0,747426.123455286
3432,HGS-TV,250140.0,747486.5495510101
3433,HGS-TV,250140.0,747546.7082169056
3434,HGS-TV,250140.0,747606.761998415
3435,HGS-TV,250140.0,747667.5433642864
3436,ails2_etaMax1.000_stoppingTime1728000.00,250488.0,747696.3673569335
3437,HGS-TV,250140.0,747727.6482312679
3438,ails2_etaMax1.000_stoppingTime1728000.00,250466.0,747697.6823569336
3439,HGS-TV,250140.0,747827.6602320671
3440,HGS-TV,250140.0,747887.7664837837
3441,HGS-TV,250140.0,748019.7861375809
3442,ails2_etaMax1.000_stoppingTime1728000.00,250456.0,748025.4463569336
3443,ails2_etaMax1.000_stoppingTime1728000.00,250431.0,748027.0273569336
3444,HGS-TV,250140.0,748343.8096256256
3445,HGS-TV,250140.0,748404.016556263
3446,HGS-TV,250140.0,748464.0970082283
3447,HGS-TV,250140.0,748524.199076891
3448,HGS-TV,250140.0,749063.7640902996
3449,HGS-TV,250140.0,749124.1309900284
3450,HGS-TV,250140.0,749260.5806083679
3451,HGS-TV,250140.0,749574.6861212254
3452,HGS-TV,250140.0,749995.8115887642
3453,HGS-TV,250140.0,750196.8072807789
3454,HGS-TV,250140.0,750320.2981407642
3455,HGS-TV,250140.0,750389.2018556595
3456,HGS-TV,250140.0,750673.0053212643
3457,HGS-TV,250140.0,750917.8134801388
3458,HGS-TV,250140.0,750977.9351696968
3459,HGS-TV,250140.0,751038.1673855782
3460,HGS-TV,250140.0,751109.0912852287
3461,HGS-TV,250140.0,751341.6877198219
3462,HGS-TV,250140.0,751401.7023224831
3463,HGS-TV,250140.0,751813.581451416
3464,HGS-TV,250140.0,751929.1818296909
3465,HGS-TV,250140.0,751999.3426458836
3466,HGS-TV,250140.0,752059.3883957863
3467,HGS-TV,250140.0,752276.8306834698
3468,HGS-TV,250140.0,752336.966761589
3469,HGS-TV,250140.0,752427.7395884991
3470,HGS-TV,250140.0,752487.9287903309
3471,HGS-TV,250140.0,752564.7623484135
3472,HGS-TV,250140.0,752692.7921373844
3473,HGS-TV,250140.0,752770.5011944771
3474,HGS-TV,250140.0,752868.637373209
3475,ails2_etaMax1.000_stoppingTime1728000.00,250429.0,753044.2743569335
3476,HGS-TV,250140.0,753262.4263348579
3477,HGS-TV,250140.0,753322.489989996
3478,HGS-TV,250140.0,753540.0676167011
3479,HGS-TV,250140.0,753616.2349233627
3480,HGS-TV,250140.0,753787.4132816792
3481,HGS-TV,250140.0,754252.9994983673
3482,HGS-TV,250140.0,754348.9348218441
3483,HGS-TV,250140.0,754487.2843756676
3484,HGS-TV,250140.0,754626.2876160145
3485,HGS-TV,250140.0,754686.5864946842
3486,HGS-TV,250140.0,754879.1597616673
3487,HGS-TV,250140.0,754987.4976780415
3488,HGS-TV,250140.0,755131.8939003944
3489,HGS-TV,250140.0,755191.9008545876
3490,HGS-TV,250140.0,755252.2113029957
3491,HGS-TV,250140.0,755312.363850832
3492,HGS-TV,250140.0,755372.7709624767
3493,HGS-TV,250140.0,755542.6704781055
3494,HGS-TV,250140.0,755602.8500053883
3495,HGS-TV,250140.0,755703.6072919369
3496,HGS-TV,250140.0,756163.378221035
3497,HGS-TV,250140.0,756986.2408282757
3498,HGS-TV,250140.0,757119.1405117512
3499,HGS-TV,250140.0,757179.5279533863
3500,HGS-TV,250140.0,757430.2900824547
3501,HGS-TV,250140.0,757557.3816697598
3502,HGS-TV,250140.0,757617.4948592186
3503,HGS-TV,250140.0,757806.9320304394
3504,ails2_etaMax1.000_stoppingTime1728000.00,250427.0,757822.2093569336
3505,ails2_etaMax1.000_stoppingTime1728000.00,250384.0,757822.3663569336
3506,HGS-TV,250140.0,758090.8583474159
3507,HGS-TV,250140.0,758447.3564605713
3508,ails2_etaMax1.000_stoppingTime864000.00,250189.0,758569.8413569336
3509,ails2_etaMax1.000_stoppingTime864000.00,250188.0,758570.0743569336
3510,HGS-TV,250140.0,758823.7390162945
3511,HGS-TV,250140.0,758896.6430075169
3512,HGS-TV,250140.0,758956.8647072315
3513,HGS-TV,250140.0,759121.3180508614
3514,HGS-TV,250140.0,759411.0465786457
3515,HGS-TV,250140.0,759471.0606057644
3516,HGS-TV,250140.0,760680.9978504181
3517,HGS-TV,250140.0,760796.4309868813
3518,HGS-TV,250140.0,760856.6016335487
3519,HGS-TV,250140.0,760916.7039775848
3520,HGS-TV,250140.0,760976.8286004066
3521,HGS-TV,250140.0,761350.0644235611
3522,HGS-TV,250140.0,761410.0996482372
3523,HGS-TV,250140.0,761576.898452282
3524,HGS-TV,250140.0,761720.3716034889
3525,HGS-TV,250140.0,761780.6162400246
3526,HGS-TV,250140.0,761840.6806509495
3527,HGS-TV,250140.0,762456.3966450691
3528,HGS-TV,250140.0,762516.4702064991
3529,HGS-TV,250140.0,762576.8190488815
3530,HGS-TV,250140.0,762636.8466465473
3531,HGS-TV,250140.0,762700.1965885162
3532,HGS-TV,250140.0,762760.2803065777
3533,HGS-TV,250140.0,762935.743989706
3534,HGS-TV,250140.0,762999.371109724
3535,HGS-TV,250140.0,763166.270070076
3536,HGS-TV,250140.0,763226.3091404438
3537,HGS-TV,250140.0,763585.7633166313
3538,HGS-TV,250140.0,763784.8501963615
3539,HGS-TV,250140.0,763991.7290837765
3540,HGS-TV,250140.0,764052.1638753414
3541,HGS-TV,250140.0,764295.2703158855
3542,HGS-TV,250140.0,764459.3407101631
3543,HGS-TV,250140.0,764519.4712533951
3544,HGS-TV,250140.0,764579.6425750256
3545,HGS-TV,250140.0,764878.7378599644
3546,HGS-TV,250140.0,764938.7623243332
3547,HGS-TV,250140.0,765206.4153175354
3548,HGS-TV,250140.0,765266.5536782742
3549,HGS-TV,250140.0,765463.4599831104
3550,HGS-TV,250140.0,765658.3828718662
3551,HGS-TV,250140.0,765740.7453258038
3552,HGS-TV,250140.0,765924.6788723469
3553,HGS-TV,250140.0,766005.8422348499
3554,HGS-TV,250140.0,766592.8358845711
3555,HGS-TV,250140.0,766652.8933303356
3556,HGS-TV,250140.0,766713.0982437134
3557,HGS-TV,250140.0,766945.29921031
3558,HGS-TV,250140.0,767349.2736160755
3559,HGS-TV,250140.0,767426.8524928093
3560,HGS-TV,250140.0,767626.9393098354
3561,HGS-TV,250140.0,767694.9183213711
3562,HGS-TV,250140.0,768335.8425352573
3563,HGS-TV,250140.0,768395.9247424603
3564,HGS-TV,250140.0,769021.6160149574
3565,HGS-TV,250140.0,769168.0733296871
3566,HGS-TV,250140.0,769302.7432031631
3567,HGS-TV,250140.0,769424.8000781536
3568,HGS-TV,250140.0,770309.0674738884
3569,HGS-TV,250140.0,770526.9999129772
3570,ails2_etaMax1.000_stoppingTime1728000.00,250383.0,770603.4593569336
3571,HGS-TV,250140.0,770628.3523569107
3572,ails2_etaMax1.000_stoppingTime1728000.00,250379.0,770603.6123569336
3573,HGS-TV,250140.0,771210.7774136066
3574,HGS-TV,250140.0,771549.8193767071
3575,HGS-TV,250140.0,771996.8693363667
3576,HGS-TV,250140.0,772057.1528232098
3577,HGS-TV,250140.0,773310.9550795555
3578,HGS-TV,250140.0,773743.5463371277
3579,ails2_etaMax1.000_stoppingTime1728000.00,250360.0,775053.5493569336
3580,ails2_etaMax1.000_stoppingTime1728000.00,250355.0,775053.5793569336
3581,HGS-TV,250140.0,776705.6757521629
3582,HGS-TV,250140.0,780753.8463864326
3583,HGS-TV,250140.0,780948.7007713318
3584,HGS-TV,250140.0,785344.7275664806
3585,HGS-TV,250140.0,787043.6695592403
3586,HGS-TV,250140.0,787146.3848290443
3587,HGS-TV,250140.0,789130.5892982483
3588,HGS-TV,250140.0,790615.5344154835
3589,HGS-TV,250140.0,790675.8058488369
3590,HGS-TV,250140.0,790855.184420824
3591,HGS-TV,250140.0,791256.5253434181
3592,HGS-TV,250140.0,791953.9693477154
3593,HGS-TV,250140.0,792655.0826551914
3594,HGS-TV,250140.0,795916.0036809444
3595,HGS-TV,250140.0,796924.2018995285
3596,HGS-TV,250140.0,798964.1077718735
3597,HGS-TV,250140.0,799024.3665020466
3598,HGS-TV,250140.0,799179.5977654457
3599,HGS-TV,250140.0,799675.1814358234
3600,HGS-TV,250140.0,804341.6168415546
3601,HGS-TV,250140.0,804401.9956743717
3602,HGS-TV,250140.0,804462.3114159107
3603,HGS-TV,250140.0,804522.5833995342
3604,HGS-TV,250140.0,804653.9694929123
3605,HGS-TV,250140.0,804727.6057388783
3606,HGS-TV,250140.0,804889.277415514
3607,HGS-TV,250140.0,805003.5569927692
3608,HGS-TV,250140.0,805127.4766848087
3609,HGS-TV,250140.0,805187.6686184406
3610,HGS-TV,250140.0,805615.1242911816
3611,HGS-TV,250140.0,806016.3606846333
3612,HGS-TV,250140.0,806183.6682970524
3613,HGS-TV,250140.0,806386.0031375885
3614,HGS-TV,250140.0,806728.308214426
3615,HGS-TV,250140.0,806788.3305416107
3616,HGS-TV,250140.0,807021.1013305187
3617,HGS-TV,250140.0,807110.1644599438
3618,HGS-TV,250140.0,807217.9094285965
3619,HGS-TV,250140.0,809414.0105214119
3620,HGS-TV,250140.0,809474.1650750637
3621,HGS-TV,250140.0,809666.974822998
3622,HGS-TV,250140.0,810536.1367566586
3623,HGS-TV,250140.0,811788.8630955219
3624,HGS-TV,250140.0,812234.3489131927
3625,HGS-TV,250140.0,812294.5397660732
3626,HGS-TV,250140.0,812717.2047822475
3627,HGS-TV,250140.0,813025.3328711987
3628,HGS-TV,250140.0,813085.4813773632
3629,HGS-TV,250140.0,813257.377313137
3630,HGS-TV,250140.0,813333.5069584846
3631,HGS-TV,250140.0,813409.453086853
3632,HGS-TV,250140.0,813469.5187175274
3633,HGS-TV,250140.0,813555.2260463238
3634,HGS-TV,250140.0,814135.9266395569
3635,HGS-TV,250140.0,814253.2154433727
3636,HGS-TV,250140.0,814422.2412564754
3637,HGS-TV,250140.0,815036.5155918598
3638,HGS-TV,250140.0,815186.3258545399
3639,HGS-TV,250140.0,815395.3273282051
3640,HGS-TV,250140.0,815579.883544445
3641,HGS-TV,250140.0,815706.5900578499
3642,HGS-TV,250140.0,816358.3541724682
3643,HGS-TV,250140.0,816733.3648118973
3644,HGS-TV,250140.0,816849.0929830074
3645,HGS-TV,250140.0,817174.7163686752
3646,HGS-TV,250140.0,817234.9099459648
3647,HGS-TV,250140.0,817918.2579774857
3648,HGS-TV,250140.0,818139.6454997063
3649,HGS-TV,250140.0,818199.8798797131
3650,HGS-TV,250140.0,818415.4936528206
3651,HGS-TV,250140.0,818475.5108845234
3652,HGS-TV,250140.0,818834.5062294006
3653,HGS-TV,250140.0,818894.9026927948
3654,HGS-TV,250140.0,819401.2951674461
3655,HGS-TV,250140.0,819761.9108753204
3656,HGS-TV,250140.0,819832.2987174988
3657,HGS-TV,250140.0,820111.4359562397
3658,HGS-TV,250140.0,820700.439704895
3659,HGS-TV,250140.0,820834.4990170002
3660,HGS-TV,250140.0,820901.1692318916
3661,HGS-TV,250140.0,821370.4746851921
3662,HGS-TV,250140.0,821455.063147068
3663,HGS-TV,250140.0,821780.1514625549
3664,HGS-TV,250140.0,821840.2786748409
3665,HGS-TV,250140.0,822429.8209290504
3666,ails2_etaMax1.000_stoppingTime1728000.00,250340.0,822568.1303569336
3667,HGS-TV,250140.0,822593.4403738976
3668,ails2_etaMax1.000_stoppingTime1728000.00,250322.0,822569.1963569336
3669,HGS-TV,250140.0,823414.899102211
3670,HGS-TV,250140.0,823936.9217720032
3671,ails2_etaMax1.000_stoppingTime1728000.00,250320.0,823981.4563569336
3672,HGS-TV,250140.0,823997.123342514
3673,ails2_etaMax1.000_stoppingTime1728000.00,250317.0,823981.5383569336
3674,HGS-TV,250140.0,824064.0722768307
3675,HGS-TV,250140.0,824950.1286666393
3676,HGS-TV,250140.0,825284.5278835297
3677,HGS-TV,250140.0,825883.8581542969
3678,HGS-TV,250140.0,826193.6030066013
3679,HGS-TV,250140.0,826324.6392159462
3680,HGS-TV,250140.0,826403.7439217567
3681,HGS-TV,250140.0,828381.550955534
3682,HGS-TV,250140.0,828525.5353400707
3683,HGS-TV,250140.0,828796.2711606026
3684,HGS-TV,250140.0,828920.2533965111
3685,HGS-TV,250140.0,829027.3689641953
3686,HGS-TV,250140.0,829269.4041137695
3687,HGS-TV,250140.0,829329.4717478752
3688,HGS-TV,250140.0,829431.2711701393
3689,HGS-TV,250140.0,829558.0771081448
3690,HGS-TV,250140.0,830068.8732409477
3691,HGS-TV,250140.0,830228.1090013981
3692,HGS-TV,250140.0,830288.2318329811
3693,HGS-TV,250140.0,830390.0005421638
3694,HGS-TV,250140.0,830552.8872337341
3695,HGS-TV,250140.0,830705.8002176285
3696,HGS-TV,250140.0,830777.6166293621
3697,HGS-TV,250140.0,831018.3795030117
3698,HGS-TV,250140.0,831091.0974974632
3699,HGS-TV,250140.0,831151.177406311
3700,HGS-TV,250140.0,831211.1968929768
3701,HGS-TV,250140.0,831271.414356947
3702,HGS-TV,250140.0,831366.614174366
3703,HGS-TV,250140.0,831436.3561229706
3704,HGS-TV,250140.0,831612.7234694958
3705,HGS-TV,250140.0,831672.8839418888
3706,HGS-TV,250140.0,831975.6639974117
3707,HGS-TV,250140.0,832457.9979729652
3708,HGS-TV,250140.0,832745.7410502434
3709,HGS-TV,250140.0,832853.7235748768
3710,HGS-TV,250140.0,832913.8705132008
3711,HGS-TV,250140.0,833006.4544055462
3712,HGS-TV,250140.0,833364.7906534672
3713,HGS-TV,250140.0,833516.7894678116
3714,HGS-TV,250140.0,833602.7808427811
3715,HGS-TV,250140.0,833663.1673443317
3716,HGS-TV,250140.0,833911.7962317467
3717,HGS-TV,250140.0,834169.1611351967
3718,HGS-TV,250140.0,834243.9048213959
3719,HGS-TV,250140.0,834304.0527038574
3720,HGS-TV,250140.0,834367.3302793503
3721,HGS-TV,250140.0,834495.7822480202
3722,HGS-TV,250140.0,834628.9985332489
3723,HGS-TV,250140.0,834729.7308125496
3724,HGS-TV,250140.0,834865.4151039124
3725,HGS-TV,250140.0,834954.8417136669
3726,HGS-TV,250140.0,835039.890263319
3727,HGS-TV,250140.0,835100.2643170357
3728,HGS-TV,250140.0,835160.5872969627
3729,HGS-TV,250140.0,835237.9061086178
3730,HGS-TV,250140.0,835425.9003067017
3731,HGS-TV,250140.0,835974.521682024
3732,HGS-TV,250140.0,836476.0880489349
3733,HGS-TV,250140.0,836793.597063303
3734,ails2_etaMax1.000_stoppingTime1728000.00,250304.0,837026.8983569336
3735,ails2_etaMax1.000_stoppingTime1728000.00,250256.0,837029.3053569336
3736,HGS-TV,250140.0,837450.0590236187
3737,HGS-TV,250140.0,837832.2016885281
3738,HGS-TV,250140.0,838067.6619417667
3739,HGS-TV,250140.0,838137.8475515842
3740,HGS-TV,250140.0,838283.4827685356
3741,HGS-TV,250140.0,838638.1951942444
3742,HGS-TV,250140.0,839137.5126919746
3743,HGS-TV,250140.0,839772.1954414845
3744,HGS-TV,250140.0,839853.3911495209
3745,HGS-TV,250140.0,840117.6282279491
3746,HGS-TV,250140.0,840517.9521994591
3747,HGS-TV,250140.0,841173.0902442932
3748,HGS-TV,250140.0,841450.3644652367
3749,HGS-TV,250140.0,841544.1924901009
3750,HGS-TV,250140.0,842447.9640631676
3751,HGS-TV,250140.0,842843.6782970428
3752,HGS-TV,250140.0,842903.8026103973
3753,HGS-TV,250140.0,843210.2836306095
3754,HGS-TV,250140.0,843708.3788866997
3755,HGS-TV,250140.0,844146.7728614807
3756,HGS-TV,250140.0,844385.069845438
3757,HGS-TV,250140.0,844509.8398735523
3758,HGS-TV,250140.0,847654.6665561199
3759,HGS-TV,250140.0,849292.7370371819
3760,HGS-TV,250140.0,849648.9776322842
3761,HGS-TV,250140.0,849735.2509152889
3762,ails2_etaMax1.000_stoppingTime1728000.00,250254.0,849806.2153569337
3763,HGS-TV,250140.0,849837.6036801338
3764,ails2_etaMax1.000_stoppingTime1728000.00,250250.0,849819.3793569336
3765,HGS-TV,250140.0,849962.8904867172
3766,HGS-TV,250140.0,850133.0788874626
3767,HGS-TV,250140.0,850193.2878301144
3768,HGS-TV,250140.0,850264.8143484592
3769,HGS-TV,250140.0,850805.2169084549
3770,HGS-TV,250140.0,851337.7360265255
3771,HGS-TV,250140.0,851771.7455079556
3772,HGS-TV,250140.0,853064.4334111214
3773,ails2_etaMax1.000_stoppingTime1728000.00,250245.0,853668.3323569336
3774,ails2_etaMax1.000_stoppingTime1728000.00,250226.0,853671.8993569335
3775,HGS-TV,250140.0,854860.5912549496
3776,HGS-TV,250140.0,855149.50902462
3777,HGS-TV,250140.0,855380.2127783298
3778,HGS-TV,250140.0,855454.2222185135
3779,HGS-TV,250140.0,856457.7082636356
3780,HGS-TV,250140.0,856707.2425749302
3781,HGS-TV,250140.0,856825.3752505779
3782,HGS-TV,250140.0,857295.839520216
3783,HGS-TV,250140.0,857691.807693243
3784,HGS-TV,250140.0,857882.7842817307
3785,HGS-TV,250140.0,858045.5647404194
3786,HGS-TV,250140.0,858786.7232739925
3787,HGS-TV,250140.0,858847.0030345917
3788,HGS-TV,250140.0,859114.5875165462
3789,HGS-TV,250140.0,860077.1264922619
3790,HGS-TV,250140.0,860579.982509613
3791,HGS-TV,250140.0,860640.3249926567
3792,HGS-TV,250140.0,860915.4777917862
3793,HGS-TV,250140.0,861246.8128559589
3794,HGS-TV,250140.0,861829.2663612366
3795,HGS-TV,250140.0,862679.7743694782
3796,HGS-TV,250140.0,862740.2451674938
3797,HGS-TV,250140.0,862842.4558463097
3798,HGS-TV,250140.0,863553.3186340332
3799,HGS-TV,250140.0,863855.1974620819
3800,HGS-TV,250140.0,864923.0774645805
3801,HGS-TV,250140.0,865197.8695328236
3802,ails2_etaMax1.000_stoppingTime1728000.00,250225.0,865618.6523569336
3803,HGS-TV,250140.0,866840.5769603252
3804,HGS-TV,250140.0,867287.4097490311
3805,HGS-TV,250140.0,867599.9087617397
3806,HGS-TV,250140.0,868126.1250247955
3807,HGS-TV,250140.0,868956.7716803551
3808,HGS-TV,250140.0,870526.3756439686
3809,HGS-TV,250140.0,871297.9021546841
3810,HGS-TV,250140.0,871357.9836111069
3811,HGS-TV,250140.0,872318.7439236641
3812,HGS-TV,250140.0,872815.1707479954
3813,HGS-TV,250140.0,873026.2810678482
3814,HGS-TV,250140.0,873395.956666708
3815,HGS-TV,250140.0,873466.1321661472
3816,HGS-TV,250140.0,874530.3214812279
3817,HGS-TV,250140.0,874962.0915722847
3818,HGS-TV,250140.0,875275.215726614
3819,HGS-TV,250140.0,875703.9005641937
3820,HGS-TV,250140.0,876404.8769674301
3821,HGS-TV,250140.0,876972.1913096905
3822,HGS-TV,250140.0,877113.3853261471
3823,HGS-TV,250140.0,877173.6293234825
3824,HGS-TV,250140.0,877408.8723125458
3825,HGS-TV,250140.0,877469.0640039444
3826,HGS-TV,250140.0,877557.7107419968
3827,HGS-TV,250140.0,878161.569589138
3828,HGS-TV,250140.0,878827.1616487503
3829,HGS-TV,250140.0,878887.2755079269
3830,HGS-TV,250140.0,878971.0490133762
3831,HGS-TV,250140.0,879657.5511465073
3832,HGS-TV,250140.0,879894.9735271931
3833,HGS-TV,250140.0,880146.8059751987
3834,HGS-TV,250140.0,880538.0662055016
3835,HGS-TV,250140.0,880598.2303349972
3836,HGS-TV,250140.0,880758.6905345917
3837,HGS-TV,250140.0,880873.5879654884
3838,HGS-TV,250140.0,881175.5169181824
3839,HGS-TV,250140.0,881236.9893574715
3840,HGS-TV,250140.0,881297.2600753307
3841,HGS-TV,250140.0,881595.8216993809
3842,HGS-TV,250140.0,881655.8484141827
3843,HGS-TV,250140.0,881715.938788414
3844,HGS-TV,250140.0,882003.3922543526
3845,HGS-TV,250140.0,882066.6488046646
3846,HGS-TV,250140.0,882126.972294569
3847,HGS-TV,250140.0,882187.3618886471
3848,HGS-TV,250140.0,882247.5628845692
3849,HGS-TV,250140.0,882361.8483259678
3850,HGS-TV,250140.0,882531.148308754
3851,HGS-TV,250140.0,882746.2118563652
3852,HGS-TV,250140.0,882865.2397482395
3853,HGS-TV,250140.0,882938.5716714859
3854,HGS-TV,250140.0,882998.7109041214
3855,HGS-TV,250140.0,883059.4186673164
3856,HGS-TV,250140.0,883137.0252027512
3857,HGS-TV,250140.0,883312.6884007454
3858,HGS-TV,250140.0,883444.5002515316
3859,HGS-TV,250140.0,883525.4725492
3860,HGS-TV,250140.0,883789.9973700047
3861,HGS-TV,250140.0,883954.3795897961
3862,HGS-TV,250140.0,884377.6569905281
3863,HGS-TV,250140.0,884775.4412009716
3864,HGS-TV,250140.0,884835.4419023991
3865,HGS-TV,250140.0,885234.8093137741
3866,HGS-TV,250140.0,885294.8913936615
3867,HGS-TV,250140.0,885393.5140266418
3868,HGS-TV,250140.0,885453.5722007751
3869,HGS-TV,250140.0,885705.8978579044
3870,HGS-TV,250140.0,885787.2193105221
3871,HGS-TV,250140.0,885847.2649180889
3872,HGS-TV,250140.0,885907.5785980225
3873,HGS-TV,250140.0,885967.8074872494
3874,HGS-TV,250140.0,886027.8474628925
3875,HGS-TV,250140.0,886087.9248292446
3876,HGS-TV,250140.0,886147.9618952274
3877,HGS-TV,250140.0,886266.4138832092
3878,HGS-TV,250140.0,886395.0929894447
3879,HGS-TV,250140.0,886455.2033295631
3880,HGS-TV,250140.0,886538.4196078777
3881,HGS-TV,250140.0,886712.179172039
3882,HGS-TV,250140.0,886772.3891716003
3883,HGS-TV,250140.0,886832.7657945156
3884,HGS-TV,250140.0,886915.1778514385
3885,HGS-TV,250140.0,887215.333943367
3886,HGS-TV,250140.0,887275.6619756222
3887,HGS-TV,250140.0,887335.774822712
3888,HGS-TV,250140.0,887395.8240270615
3889,HGS-TV,250140.0,887490.9440288544
3890,HGS-TV,250140.0,887551.1845738888
3891,HGS-TV,250140.0,887611.4353613853
3892,HGS-TV,250140.0,887671.6917564869
3893,HGS-TV,250140.0,887731.7446866035
3894,HGS-TV,250140.0,887795.2763957977
3895,HGS-TV,250140.0,887891.6122796535
3896,HGS-TV,250140.0,887978.605442524
3897,HGS-TV,250140.0,888101.1522576809
3898,HGS-TV,250140.0,888161.2057905197
3899,HGS-TV,250140.0,888221.2709012032
3900,HGS-TV,250140.0,888281.3443462849
3901,HGS-TV,250140.0,888341.5205729008
3902,HGS-TV,250140.0,888435.7943797112
3903,HGS-TV,250140.0,888496.0065574646
3904,HGS-TV,250140.0,888556.1866884232
3905,HGS-TV,250140.0,888694.9880549908
3906,HGS-TV,250140.0,888920.8555474281
3907,HGS-TV,250140.0,889000.8089597225
3908,HGS-TV,250140.0,889060.9547159672
3909,HGS-TV,250140.0,889173.1985163689
3910,HGS-TV,250140.0,889315.873206377
3911,HGS-TV,250140.0,889400.4100270271
3912,HGS-TV,250140.0,889460.4908137321
3913,HGS-TV,250140.0,889524.0600934029
3914,ails2_etaMax1.000_stoppingTime1728000.00,250221.0,889908.4803569335
3915,HGS-TV,250140.0,889985.5255479813
3916,HGS-TV,250140.0,890107.9100632668
3917,HGS-TV,250140.0,890233.0970389843
3918,HGS-TV,250140.0,890293.4513561726
3919,HGS-TV,250140.0,890371.5788094997
3920,ails2_etaMax1.000_stoppingTime1728000.00,250218.0,890403.5103569336
3921,ails2_etaMax1.000_stoppingTime1728000.00,250214.0,890451.2323569336
3922,ails2_etaMax1.000_stoppingTime1728000.00,250204.0,890465.6453569336
3923,HGS-TV,250140.0,890609.5150766373
3924,HGS-TV,250140.0,890669.5721569061
3925,HGS-TV,250140.0,890813.3077282906
3926,HGS-TV,250140.0,890873.4307835102
3927,HGS-TV,250140.0,890970.6669726372
3928,HGS-TV,250140.0,891295.0117487907
3929,HGS-TV,250140.0,891663.4964668751
3930,HGS-TV,250140.0,891869.8281707764
3931,HGS-TV,250140.0,892243.3597428799
3932,HGS-TV,250140.0,892600.8082184792
3933,HGS-TV,250140.0,892679.8446209431
3934,HGS-TV,250140.0,892739.9819180965
3935,HGS-TV,250140.0,893056.0851151943
3936,HGS-TV,250140.0,893116.5522530079
3937,HGS-TV,250140.0,893938.6085209846
3938,HGS-TV,250140.0,894502.6927776337
3939,HGS-TV,250140.0,894624.2737934589
3940,HGS-TV,250140.0,896128.3258583546
3941,HGS-TV,250140.0,896220.1003820896
3942,HGS-TV,250140.0,896305.1166758537
3943,HGS-TV,250140.0,896861.8081099987
3944,HGS-TV,250140.0,896922.1192073822
3945,HGS-TV,250140.0,897825.9460849762
3946,HGS-TV,250140.0,898116.0423872471
3947,HGS-TV,250140.0,898242.1549754143
3948,ails2_etaMax1.000_stoppingTime1728000.00,250199.0,899104.9163569335
3949,ails2_etaMax1.000_stoppingTime1728000.00,250198.0,899105.0853569336
3950,HGS-TV,250140.0,899508.2678449154
3951,HGS-TV,250140.0,899568.3950755596
3952,HGS-TV,250140.0,900357.5395133495
3953,HGS-TV,250140.0,901273.2946650982
3954,HGS-TV,250140.0,901333.5861599445
3955,HGS-TV,250140.0,902320.5904686451
3956,HGS-TV,250140.0,902380.7375495434
3957,HGS-TV,250140.0,902710.1099910736
3958,HGS-TV,250140.0,904150.8692097664
3959,HGS-TV,250140.0,904382.7076733112
3960,HGS-TV,250140.0,904454.2181434631
3961,HGS-TV,250140.0,904865.6485714912
3962,HGS-TV,250140.0,904925.8027877808
3963,HGS-TV,250140.0,905160.2451093197
3964,HGS-TV,250140.0,905229.0913345814
3965,HGS-TV,250140.0,905326.711463213
3966,HGS-TV,250140.0,905421.4942598343
3967,HGS-TV,250140.0,905481.6169097424
3968,HGS-TV,250140.0,906650.5603680611
3969,HGS-TV,250140.0,907860.2946975231
3970,HGS-TV,250140.0,908788.8959596157
3971,HGS-TV,250140.0,908850.6753618717
3972,HGS-TV,250140.0,908910.7781193256
3973,HGS-TV,250140.0,911243.9259746075
3974,HGS-TV,250140.0,911824.301431179
3975,HGS-TV,250140.0,915342.2107534409
3976,HGS-TV,250140.0,915958.6055583954
3977,ails2_etaMax1.000_stoppingTime1728000.00,250193.0,917122.7823569336
3978,ails2_etaMax1.000_stoppingTime1728000.00,250186.0,917122.8153569336
3979,HGS-TV,250140.0,920447.1196155548
3980,HGS-TV,250140.0,920507.1207466125
3981,HGS-TV,250140.0,920567.1391544342
3982,HGS-TV,250140.0,920627.1463940144
3983,HGS-TV,250140.0,920687.2454147339
3984,HGS-TV,250140.0,920793.0250484943
3985,HGS-TV,250140.0,920853.2860329151
3986,HGS-TV,250140.0,921097.0389924049
3987,HGS-TV,250140.0,921249.5612239838
3988,HGS-TV,250140.0,921309.8329942226
3989,HGS-TV,250140.0,921571.4759089947
3990,HGS-TV,250140.0,921725.4202203751
3991,HGS-TV,250140.0,921924.8005023003
3992,HGS-TV,250140.0,922736.8491826057
3993,HGS-TV,250140.0,923074.8555903435
3994,HGS-TV,250140.0,923186.1624190807
3995,HGS-TV,250140.0,923246.3094415665
3996,HGS-TV,250140.0,923369.9544651508
3997,HGS-TV,250140.0,923592.2109196186
3998,HGS-TV,250140.0,923771.6493654251
3999,HGS-TV,250140.0,924014.7554371357
4000,HGS-TV,250140.0,925484.3647162914
4001,HGS-TV,250140.0,925544.6800630093
4002,HGS-TV,250140.0,925605.0166871548
4003,HGS-TV,250140.0,926800.3216445446
4004,HGS-TV,250140.0,926899.4398918152
4005,HGS-TV,250140.0,927985.9885830879
4006,HGS-TV,250140.0,928046.3499238491
4007,HGS-TV,250140.0,928819.118355751
4008,HGS-TV,250140.0,928908.1608161926
4009,HGS-TV,250140.0,928968.3714048862
4010,HGS-TV,250140.0,929172.9050030708
4011,HGS-TV,250140.0,929245.1222586632
4012,HGS-TV,250140.0,929330.6873056889
4013,HGS-TV,250140.0,929818.0428650379
4014,HGS-TV,250140.0,929984.2977113724
4015,HGS-TV,250140.0,930282.7161803246
4016,HGS-TV,250140.0,930342.906103611
4017,HGS-TV,250140.0,930403.0747439861
4018,HGS-TV,250140.0,930838.4078285694
4019,HGS-TV,250140.0,932502.0976278782
4020,HGS-TV,250140.0,932692.4367995262
4021,HGS-TV,250140.0,932963.8858218193
4022,HGS-TV,250140.0,933720.7050292492
4023,HGS-TV,250140.0,933876.5363354683
4024,HGS-TV,250140.0,933986.4673454762
4025,HGS-TV,250140.0,934173.4387595654
4026,HGS-TV,250140.0,934483.3477621078
4027,HGS-TV,250140.0,935239.15173769
4028,HGS-TV,250140.0,936500.5009117126
4029,HGS-TV,250140.0,937467.8461976051
4030,HGS-TV,250140.0,939508.6314561367
4031,HGS-TV,250140.0,940222.7048127651
4032,HGS-TV,250140.0,940745.9506895542
4033,HGS-TV,250140.0,941233.7688086033
4034,HGS-TV,250140.0,941392.9029173851
4035,HGS-TV,250140.0,941453.1490457058
4036,HGS-TV,250140.0,941564.1931927204
4037,HGS-TV,250140.0,942241.5107696056
4038,HGS-TV,250140.0,942301.7831397057
4039,HGS-TV,250140.0,942362.1859986782
4040,HGS-TV,250140.0,942422.2663948536
4041,HGS-TV,250140.0,942482.6364719868
4042,HGS-TV,250140.0,942542.7490615845
4043,HGS-TV,250140.0,942659.2088987827
4044,HGS-TV,250140.0,942771.9255561829
4045,HGS-TV,250140.0,942913.947239399
4046,HGS-TV,250140.0,942974.3436918259
4047,HGS-TV,250140.0,943092.1322989464
4048,HGS-TV,250140.0,943175.581754446
4049,HGS-TV,250140.0,943279.0866162777
4050,HGS-TV,250140.0,943971.6675009727
4051,HGS-TV,250140.0,944181.630507946
4052,HGS-TV,250140.0,944673.3712105751
4053,HGS-TV,250140.0,944932.0785253048
4054,HGS-TV,250140.0,945070.26633358
4055,HGS-TV,250140.0,945300.8085398674
4056,HGS-TV,250140.0,945462.0074493885
4057,HGS-TV,250140.0,945535.7136986256
4058,HGS-TV,250140.0,945973.0057885647
4059,HGS-TV,250140.0,946319.5525860786
4060,HGS-TV,250140.0,946415.608522892
4061,HGS-TV,250140.0,946592.1167507172
4062,HGS-TV,250140.0,946652.1350243092
4063,HGS-TV,250140.0,946817.9819715023
4064,HGS-TV,250140.0,946878.1878354549
4065,HGS-TV,250140.0,947090.0657567978
4066,HGS-TV,250140.0,947150.0771915913
4067,HGS-TV,250140.0,947492.8777720928
4068,HGS-TV,250140.0,947553.1052827835
4069,HGS-TV,250140.0,948162.2516729832
4070,HGS-TV,250140.0,948355.0332121849
4071,HGS-TV,250140.0,948415.1591048241
4072,HGS-TV,250140.0,948518.1712043285
4073,HGS-TV,250140.0,948620.9825503826
4074,HGS-TV,250140.0,948788.0381374359
4075,HGS-TV,250140.0,949161.6400084496
4076,HGS-TV,250140.0,949221.7900619507
4077,HGS-TV,250140.0,949282.0500781536
4078,HGS-TV,250140.0,949424.1035757065
4079,HGS-TV,250140.0,949522.0427744389
4080,HGS-TV,250140.0,949582.1186184883
4081,HGS-TV,250140.0,949777.4095146656
4082,HGS-TV,250140.0,949930.1848630905
4083,HGS-TV,250140.0,949990.2590353489
4084,HGS-TV,250140.0,950333.9230983257
4085,HGS-TV,250140.0,951250.9523615837
4086,HGS-TV,250140.0,951311.1082420349
4087,HGS-TV,250140.0,951391.5733766556
4088,HGS-TV,250140.0,951616.5512242317
4089,HGS-TV,250140.0,951676.6348180771
4090,HGS-TV,250140.0,951949.0584185123
4091,HGS-TV,250140.0,952459.3270683289
4092,HGS-TV,250140.0,952525.02444911
4093,HGS-TV,250140.0,952585.201870203
4094,HGS-TV,250140.0,952645.4749951363
4095,HGS-TV,250140.0,952801.1039066315
4096,HGS-TV,250140.0,952861.2571957111
4097,HGS-TV,250140.0,952988.492775917
4098,HGS-TV,250140.0,953114.1498477459
4099,HGS-TV,250140.0,953181.3807821274
4100,HGS-TV,250140.0,953241.4668221474
4101,HGS-TV,250140.0,953301.9075226784
4102,HGS-TV,250140.0,953657.728867054
4103,HGS-TV,250140.0,953949.2608203888
4104,HGS-TV,250140.0,954184.300586462
4105,HGS-TV,250140.0,954275.0087897778
4106,HGS-TV,250140.0,955246.0101189613
4107,HGS-TV,250140.0,955349.7313370705
4108,HGS-TV,250140.0,955941.5971572399
4109,HGS-TV,250140.0,956016.4080162048
4110,HGS-TV,250140.0,956128.1207904816
4111,HGS-TV,250140.0,956994.9237186909
4112,HGS-TV,250140.0,957479.2329511642
4113,HGS-TV,250140.0,957576.0847427845
4114,HGS-TV,250140.0,958114.5165672302
4115,HGS-TV,250140.0,958393.3635697365
4116,HGS-TV,250140.0,958744.2598938942
4117,HGS-TV,250140.0,959235.4990313053
4118,HGS-TV,250140.0,959790.0366880894
4119,HGS-TV,250140.0,959850.1680674553
4120,HGS-TV,250140.0,959964.1791481972
4121,HGS-TV,250140.0,960049.9078981876
4122,HGS-TV,250140.0,960110.1006400585
4123,HGS-TV,250140.0,960634.6427395344
4124,HGS-TV,250140.0,960761.5113005638
4125,HGS-TV,250140.0,961019.3709936142
4126,HGS-TV,250140.0,961243.7518942356
4127,HGS-TV,250140.0,961755.8009254932
4128,HGS-TV,250140.0,962091.9347705841
4129,HGS-TV,250140.0,962248.1966710091
4130,HGS-TV,250140.0,962678.5376241207
4131,HGS-TV,250140.0,963061.035902977
4132,HGS-TV,250140.0,963189.0770747662
4133,HGS-TV,250140.0,963255.1933820248
4134,HGS-TV,250140.0,963618.4339754581
4135,HGS-TV,250140.0,963678.4429404736
4136,HGS-TV,250140.0,963799.8596260548
4137,HGS-TV,250140.0,964415.423232317
4138,HGS-TV,250140.0,964838.0452804565
4139,HGS-TV,250140.0,965030.8426597118
4140,HGS-TV,250140.0,965095.2556796074
4141,HGS-TV,250140.0,965579.4656538963
4142,HGS-TV,250140.0,966123.16695261
4143,HGS-TV,250140.0,966183.4699542522
4144,HGS-TV,250140.0,966721.4747133255
4145,HGS-TV,250140.0,966841.5228345394
4146,HGS-TV,250140.0,967055.0797605515
4147,HGS-TV,250140.0,967124.0694289207
4148,HGS-TV,250140.0,967425.0111765862
4149,HGS-TV,250140.0,967511.6834144592
4150,HGS-TV,250140.0,967571.6879258156
4151,HGS-TV,250140.0,967761.2955238819
4152,HGS-TV,250140.0,967898.8462357521
4153,HGS-TV,250140.0,967983.0871241093
4154,HGS-TV,250140.0,968051.2927808762
4155,HGS-TV,250140.0,968386.0783042908
4156,HGS-TV,250140.0,968576.1424195766
4157,HGS-TV,250140.0,968765.849845171
4158,HGS-TV,250140.0,968957.859546423
4159,HGS-TV,250140.0,969018.1419847012
4160,HGS-TV,250140.0,969116.2685706615
4161,HGS-TV,250140.0,969448.7138242722
4162,HGS-TV,250140.0,969592.6507811546
4163,HGS-TV,250140.0,969652.6826417446
4164,HGS-TV,250140.0,969712.6847014427
4165,HGS-TV,250140.0,969787.0131757259
4166,HGS-TV,250140.0,969918.0457065105
4167,HGS-TV,250140.0,969978.2086720467
4168,HGS-TV,250140.0,970038.3838543892
4169,HGS-TV,250140.0,970098.4828028679
4170,HGS-TV,250140.0,970158.6915867329
4171,HGS-TV,250140.0,970294.9231674671
4172,HGS-TV,250140.0,970355.0246732235
4173,HGS-TV,250140.0,970415.2599935532
4174,HGS-TV,250140.0,970475.2850987911
4175,HGS-TV,250140.0,970878.8581626415
4176,HGS-TV,250140.0,971780.1830208302
4177,HGS-TV,250140.0,971849.5605134964
4178,HGS-TV,250140.0,971909.8160486221
4179,HGS-TV,250140.0,972141.2989804745
4180,HGS-TV,250140.0,972632.5421178341
4181,HGS-TV,250140.0,972726.0585067272
4182,HGS-TV,250140.0,972816.3584914207
4183,HGS-TV,250140.0,972876.5991132259
4184,HGS-TV,250140.0,972936.9562439919
4185,HGS-TV,250140.0,973085.1180095673
4186,HGS-TV,250140.0,973145.2004535198
4187,HGS-TV,250140.0,973371.907084465
4188,HGS-TV,250140.0,973609.6982796192
4189,HGS-TV,250140.0,973989.1900751591
4190,HGS-TV,250140.0,974049.3176460266
4191,HGS-TV,250140.0,974109.6299526691
4192,HGS-TV,250140.0,974391.5431237221
4193,HGS-TV,250140.0,974531.7886874676
4194,HGS-TV,250140.0,974591.988423109
4195,HGS-TV,250140.0,974773.4528136253
4196,HGS-TV,250140.0,974840.022747755
4197,HGS-TV,250140.0,974927.5458669662
4198,HGS-TV,250140.0,974987.5828435421
4199,HGS-TV,250140.0,975047.6234800816
4200,HGS-TV,250140.0,975555.1990447044
4201,HGS-TV,250140.0,975758.3761472702
4202,HGS-TV,250140.0,976117.8144321442
4203,HGS-TV,250140.0,976226.3791029453
4204,HGS-TV,250140.0,976511.1204378605
4205,HGS-TV,250140.0,976936.0676999092
4206,HGS-TV,250140.0,976996.3423724174
4207,HGS-TV,250140.0,977150.5935573578
4208,HGS-TV,250140.0,977210.6864309311
4209,HGS-TV,250140.0,977292.1583323479
4210,HGS-TV,250140.0,977357.7423555851
4211,HGS-TV,250140.0,977417.8815567493
4212,HGS-TV,250140.0,977484.7941734791
4213,HGS-TV,250140.0,977545.102856636
4214,HGS-TV,250140.0,977605.1307814121
4215,HGS-TV,250140.0,977707.6722450256
4216,HGS-TV,250140.0,978048.2893776894
4217,HGS-TV,250140.0,978263.771017313
4218,HGS-TV,250140.0,978666.0079238415
4219,HGS-TV,250140.0,979292.555567503
4220,HGS-TV,250140.0,979608.9166076183
4221,HGS-TV,250140.0,979741.0933823586
4222,HGS-TV,250140.0,979943.1407072544
4223,HGS-TV,250140.0,980062.5537161827
4224,HGS-TV,250140.0,980227.5644724369
4225,HGS-TV,250140.0,980385.4800584316
4226,HGS-TV,250140.0,981016.2032949924
4227,HGS-TV,250140.0,981364.8817508221
4228,HGS-TV,250140.0,981424.9177720547
4229,HGS-TV,250140.0,981485.1616575718
4230,HGS-TV,250140.0,981551.2555139065
4231,HGS-TV,250140.0,981685.1943190098
4232,HGS-TV,250140.0,981745.6561405659
4233,HGS-TV,250140.0,981805.800494194
4234,HGS-TV,250140.0,981865.9384930134
4235,HGS-TV,250140.0,982098.19916296
4236,HGS-TV,250140.0,982334.2567386627
4237,HGS-TV,250140.0,982394.6222572327
4238,HGS-TV,250140.0,982454.623863697
4239,HGS-TV,250140.0,982526.7563247681
4240,HGS-TV,250140.0,983801.1028203964
4241,HGS-TV,250140.0,984225.7405204773
4242,HGS-TV,250140.0,984716.7605247498
4243,HGS-TV,250140.0,985072.2519562244
4244,HGS-TV,250140.0,985560.5866479874
4245,HGS-TV,250140.0,985874.289378643
4246,HGS-TV,250140.0,986311.500685215
4247,HGS-TV,250140.0,986371.5847766399
4248,HGS-TV,250140.0,986696.3350119591
4249,HGS-TV,250140.0,986890.7131538391
4250,HGS-TV,250140.0,987266.2019672394
4251,HGS-TV,250140.0,987483.3787927628
4252,HGS-TV,250140.0,987548.2651069164
4253,HGS-TV,250140.0,988089.3864638805
4254,HGS-TV,250140.0,988149.6130418777
4255,HGS-TV,250140.0,988209.8775413036
4256,HGS-TV,250140.0,988664.8283312321
4257,HGS-TV,250140.0,988782.6716766357
4258,HGS-TV,250140.0,989216.4907717705
4259,HGS-TV,250140.0,989497.7985672951
4260,HGS-TV,250140.0,989639.9921467304
4261,HGS-TV,250140.0,989739.7509491444
4262,HGS-TV,250140.0,990221.6039495468
4263,HGS-TV,250140.0,990482.7549834251
4264,HGS-TV,250140.0,990543.0088748932
4265,HGS-TV,250140.0,990713.1642847061
4266,HGS-TV,250140.0,992383.3255002499
4267,HGS-TV,250140.0,992585.503262043
4268,HGS-TV,250140.0,992718.8639955521
4269,HGS-TV,250140.0,992984.648383379
4270,HGS-TV,250140.0,993464.8347764015
4271,HGS-TV,250140.0,993647.3481268883
4272,HGS-TV,250140.0,993707.4735143185
4273,HGS-TV,250140.0,993767.7113144398
4274,HGS-TV,250140.0,994110.5310723782
4275,HGS-TV,250140.0,994369.4187915325
4276,HGS-TV,250140.0,994853.2614731789
4277,HGS-TV,250140.0,995011.6087908745
4278,HGS-TV,250140.0,995362.6056621075
4279,HGS-TV,250140.0,995785.336612463
4280,HGS-TV,250140.0,996973.4589498043
4281,HGS-TV,250140.0,997033.6588907242
4282,HGS-TV,250140.0,997093.7657277584
4283,ails2_etaMax1.000_stoppingTime1728000.00,250184.0,997241.6663569335
4284,HGS-TV,250140.0,997254.7498886585
4285,HGS-TV,250140.0,997314.8875632286
4286,HGS-TV,250140.0,997377.4192767143
4287,HGS-TV,250140.0,998344.9621555805
4288,HGS-TV,250140.0,998720.8325097561
4289,HGS-TV,250140.0,998782.6522316933
4290,HGS-TV,250140.0,998842.6980030537
4291,HGS-TV,250140.0,999024.5632088184
4292,HGS-TV,250140.0,999310.5754230022
4293,HGS-TV,250140.0,1000663.4827296734
4294,HGS-TV,250140.0,1001105.8472862244
4295,HGS-TV,250140.0,1001206.7845218182
4296,HGS-TV,250140.0,1001358.539560318
4297,HGS-TV,250140.0,1002175.3767278194
4298,HGS-TV,250140.0,1002235.5506665707
4299,HGS-TV,250140.0,1002414.36511302
4300,HGS-TV,250140.0,1003754.8833918571
4301,HGS-TV,250140.0,1005854.9823739529
4302,HGS-TV,250140.0,1005991.2892115116
4303,HGS-TV,250140.0,1006061.3336815834
4304,HGS-TV,250140.0,1006121.3973963261
4305,HGS-TV,250140.0,1006638.4125535488
4306,HGS-TV,250140.0,1006808.2159256935
4307,HGS-TV,250140.0,1010806.0027506351
4308,HGS-TV,250140.0,1010866.003121376
4309,HGS-TV,250140.0,1010926.1841645241
4310,HGS-TV,250140.0,1010986.4597482681
4311,HGS-TV,250140.0,1011099.474722147
4312,HGS-TV,250140.0,1011217.0244801044
4313,HGS-TV,250140.0,1011299.2456805706
4314,HGS-TV,250140.0,1011386.3204581738
4315,HGS-TV,250140.0,1011446.5104615688
4316,HGS-TV,250140.0,1011645.2515442371
4317,HGS-TV,250140.0,1011888.3024785519
4318,HGS-TV,250140.0,1011980.1727511883
4319,HGS-TV,250140.0,1012040.3201043606
4320,HGS-TV,250140.0,1012689.2829890251
4321,HGS-TV,250140.0,1012775.1581068039
4322,HGS-TV,250140.0,1012904.8602595329
4323,HGS-TV,250140.0,1013061.5777173042
4324,HGS-TV,250140.0,1013151.7883954048
4325,HGS-TV,250140.0,1013672.7769248486
4326,HGS-TV,250140.0,1014289.1495602131
4327,HGS-TV,250140.0,1014352.5482048988
4328,HGS-TV,250140.0,1015019.709893465
4329,HGS-TV,250140.0,1016982.8249258995
4330,HGS-TV,250140.0,1017657.8873853683
4331,HGS-TV,250140.0,1017750.37534976
4332,HGS-TV,250140.0,1018742.7516977787
4333,HGS-TV,250140.0,1019158.5521998405
4334,HGS-TV,250140.0,1019304.2481937408
4335,HGS-TV,250140.0,1020084.5637423992
4336,HGS-TV,250140.0,1020144.6880772114
4337,HGS-TV,250140.0,1021377.0591564178
4338,HGS-TV,250140.0,1021606.1260802746
4339,HGS-TV,250140.0,1022042.1853475571
4340,HGS-TV,250140.0,1022393.4735631943
4341,HGS-TV,250140.0,1022464.1953098774
4342,HGS-TV,250140.0,1022826.0931751728
4343,HGS-TV,250140.0,1023148.5781371593
4344,HGS-TV,250140.0,1023520.2227706909
4345,HGS-TV,250140.0,1024409.7092299461
4346,HGS-TV,250140.0,1024469.8688187599
4347,HGS-TV,250140.0,1024582.3311946392
4348,HGS-TV,250140.0,1025829.3691473007
4349,HGS-TV,250140.0,1026088.6859164238
4350,HGS-TV,250140.0,1026328.5512394905
4351,HGS-TV,250140.0,1027432.4839839935
4352,HGS-TV,250140.0,1028074.2281737328
4353,HGS-TV,250140.0,1028189.7599642277
4354,HGS-TV,250140.0,1028728.3822827339
4355,HGS-TV,250140.0,1028908.9571311474
4356,HGS-TV,250140.0,1028969.0158288479
4357,HGS-TV,250140.0,1029029.1706182957
4358,HGS-TV,250140.0,1029103.6471509933
4359,HGS-TV,250140.0,1029328.5346648693
4360,HGS-TV,250140.0,1029388.5446925163
4361,HGS-TV,250140.0,1029464.9503200054
4362,HGS-TV,250140.0,1029571.6708850861
4363,HGS-TV,250140.0,1029862.4427275658
4364,HGS-TV,250140.0,1030150.0432784557
4365,HGS-TV,250140.0,1030626.5919163227
4366,HGS-TV,250140.0,1031966.4346268177
4367,HGS-TV,250140.0,1032264.9444277287
4368,HGS-TV,250140.0,1032524.2146339417
4369,HGS-TV,250140.0,1032722.5157496929
4370,HGS-TV,250140.0,1032895.7019455433
4371,HGS-TV,250140.0,1033005.2983777523
4372,HGS-TV,250140.0,1033332.0563881397
4373,HGS-TV,250140.0,1033579.2889690399
4374,HGS-TV,250140.0,1033887.1298308372
4375,HGS-TV,250140.0,1033947.3410904408
4376,HGS-TV,250140.0,1034030.2320110798
4377,HGS-TV,250140.0,1034090.2554116249
4378,HGS-TV,250140.0,1035581.9528503418
4379,HGS-TV,250140.0,1036252.6137304306
4380,HGS-TV,250140.0,1036312.667318821
4381,HGS-TV,250140.0,1036634.7078545094
4382,HGS-TV,250140.0,1036874.2490825653
4383,HGS-TV,250140.0,1036934.7456576824
4384,HGS-TV,250140.0,1038194.1529171467
4385,HGS-TV,250140.0,1038254.6482892036
4386,HGS-TV,250140.0,1038494.5027694702
4387,HGS-TV,250140.0,1038590.1824440956
4388,HGS-TV,250140.0,1038765.0843062401
4389,HGS-TV,250140.0,1039164.1681466103
4390,HGS-TV,250140.0,1039224.439706564
4391,HGS-TV,250140.0,1039359.7105243206
4392,HGS-TV,250140.0,1039569.0778090954
4393,HGS-TV,250140.0,1039690.2507314682
4394,HGS-TV,250140.0,1039753.8185327053
4395,HGS-TV,250140.0,1039972.064858675
4396,HGS-TV,250140.0,1040065.8411750793
4397,HGS-TV,250140.0,1040802.1023066044
4398,HGS-TV,250140.0,1040862.2871205807
4399,HGS-TV,250140.0,1041117.0689623356
4400,HGS-TV,250140.0,1041415.919757843
4401,HGS-TV,250140.0,1041649.3589718342
4402,HGS-TV,250140.0,1042200.6229999065
4403,ails2_etaMax1.000_stoppingTime1728000.00,250181.0,1042522.3173569336
4404,HGS-TV,250140.0,1042531.6273908615
4405,ails2_etaMax1.000_stoppingTime1728000.00,250177.0,1042522.8333569336
4406,HGS-TV,250140.0,1042881.0475063324
4407,HGS-TV,250140.0,1044154.008187294
4408,HGS-TV,250140.0,1044583.942381382
4409,HGS-TV,250140.0,1044767.0157248974
4410,HGS-TV,250140.0,1045547.2754490376
4411,HGS-TV,250140.0,1045663.5838265419
4412,HGS-TV,250140.0,1045780.7923858166
4413,HGS-TV,250140.0,1045840.9804217815
4414,HGS-TV,250140.0,1045907.4113185406
4415,HGS-TV,250140.0,1046278.3949437141
4416,HGS-TV,250140.0,1046338.7627511024
4417,HGS-TV,250140.0,1046398.8857080936
4418,HGS-TV,250140.0,1046604.2872722149
4419,HGS-TV,250140.0,1046741.1995620728
4420,HGS-TV,250140.0,1047344.7615566254
4421,HGS-TV,250140.0,1047404.7780323029
4422,HGS-TV,250140.0,1047465.122025013
4423,HGS-TV,250140.0,1047695.422270298
4424,HGS-TV,250140.0,1048162.232773304
4425,HGS-TV,250140.0,1048372.8985219002
4426,HGS-TV,250140.0,1048433.0519394875
4427,HGS-TV,250140.0,1048673.227431059
4428,HGS-TV,250140.0,1048878.9141004086
4429,HGS-TV,250140.0,1048938.9964852333
4430,HGS-TV,250140.0,1049301.068551302
4431,HGS-TV,250140.0,1049420.9932992458
4432,HGS-TV,250140.0,1049561.6995124817
4433,HGS-TV,250140.0,1049621.767541647
4434,HGS-TV,250140.0,1049828.9576392174
4435,HGS-TV,250140.0,1049889.0447506905
4436,HGS-TV,250140.0,1049997.5550134182
4437,HGS-TV,250140.0,1050089.215584278
4438,HGS-TV,250140.0,1050819.063668251
4439,HGS-TV,250140.0,1050879.2196576595
4440,HGS-TV,250140.0,1051024.54586339
4441,HGS-TV,250140.0,1051666.2032735348
4442,HGS-TV,250140.0,1051793.5940704346
4443,HGS-TV,250140.0,1052135.5188188553
4444,HGS-TV,250140.0,1052235.6175260544
4445,HGS-TV,250140.0,1052295.9231123924
4446,HGS-TV,250140.0,1052370.0730910301
4447,HGS-TV,250140.0,1052430.1064882278
4448,HGS-TV,250140.0,1052956.7485296726
4449,HGS-TV,250140.0,1053036.9288983345
4450,HGS-TV,250140.0,1053096.9400880337
4451,HGS-TV,250140.0,1053157.271994114
4452,HGS-TV,250140.0,1053217.4166681767
4453,HGS-TV,250140.0,1053374.363512516
4454,HGS-TV,250140.0,1053434.7653160095
4455,HGS-TV,250140.0,1053633.707798481
4456,HGS-TV,250140.0,1053748.0156841278
4457,HGS-TV,250140.0,1053808.1784009933
4458,HGS-TV,250140.0,1053936.2970290184
4459,HGS-TV,250140.0,1054045.4295060635
4460,HGS-TV,250140.0,1054288.3473157883
4461,HGS-TV,250140.0,1054618.331026554
4462,HGS-TV,250140.0,1054927.2603702545
4463,HGS-TV,250140.0,1054987.4651036263
4464,HGS-TV,250140.0,1055442.1838505268
4465,HGS-TV,250140.0,1055548.5013873577
4466,HGS-TV,250140.0,1055989.935541153
4467,HGS-TV,250140.0,1056174.735304594
4468,HGS-TV,250140.0,1056475.7183308601
4469,HGS-TV,250140.0,1058397.0458796024
4470,HGS-TV,250140.0,1058893.5148322582
4471,HGS-TV,250140.0,1058989.9259519577
4472,HGS-TV,250140.0,1059514.148102522
4473,HGS-TV,250140.0,1059838.216965437
4474,HGS-TV,250140.0,1060001.0363190174
4475,HGS-TV,250140.0,1060061.0780863762
4476,HGS-TV,250140.0,1060278.8094496727
4477,HGS-TV,250140.0,1060452.236443758
4478,HGS-TV,250140.0,1060681.2695176601
4479,HGS-TV,250140.0,1060827.7817738056
4480,HGS-TV,250140.0,1060956.5863773823
4481,HGS-TV,250140.0,1061016.9202485085
4482,HGS-TV,250140.0,1061102.24351573
4483,HGS-TV,250140.0,1061162.2813632488
4484,HGS-TV,250140.0,1061223.0565180779
4485,HGS-TV,250140.0,1061476.0873146057
4486,HGS-TV,250140.0,1061589.571173191
4487,HGS-TV,250140.0,1061649.796308279
4488,HGS-TV,250140.0,1061828.3082342148
4489,HGS-TV,250140.0,1061999.3558368683
4490,HGS-TV,250140.0,1062059.5258207321
4491,HGS-TV,250140.0,1062119.6220998764
4492,HGS-TV,250140.0,1062608.4411184788
4493,HGS-TV,250140.0,1062939.601698637
4494,HGS-TV,250140.0,1062999.6646814346
4495,HGS-TV,250140.0,1063073.2798621655
4496,HGS-TV,250140.0,1063209.1585173607
4497,HGS-TV,250140.0,1063507.9892189503
4498,HGS-TV,250140.0,1063569.9819338322
4499,HGS-TV,250140.0,1063646.0139493942
4500,HGS-TV,250140.0,1063789.9614400864
4501,HGS-TV,250140.0,1063859.8779947758
4502,HGS-TV,250140.0,1063975.9363410473
4503,HGS-TV,250140.0,1064565.4359645844
4504,HGS-TV,250140.0,1065076.8949239254
4505,HGS-TV,250140.0,1065195.32224226
4506,HGS-TV,250140.0,1065456.576067686
4507,HGS-TV,250140.0,1065602.4684743881
4508,HGS-TV,250140.0,1065662.531485796
4509,HGS-TV,250140.0,1066647.7963674068
4510,HGS-TV,250140.0,1066708.2129750252
4511,HGS-TV,250140.0,1066768.3624753952
4512,HGS-TV,250140.0,1067865.7814481258
4513,HGS-TV,250140.0,1068109.304119587
4514,HGS-TV,250140.0,1069211.3482477665
4515,HGS-TV,250140.0,1069847.9762835503
4516,HGS-TV,250140.0,1070730.5245161057
4517,HGS-TV,250140.0,1071685.0010387897
4518,HGS-TV,250140.0,1071762.2035639286
4519,HGS-TV,250140.0,1072006.9279978275
4520,HGS-TV,250140.0,1072067.0285117626
4521,HGS-TV,250140.0,1073644.492315054
4522,HGS-TV,250140.0,1073771.432482481
4523,HGS-TV,250140.0,1073831.6507060528
4524,HGS-TV,250140.0,1074288.6282792091
4525,HGS-TV,250140.0,1074584.0006101131
4526,HGS-TV,250140.0,1074644.120336771
4527,HGS-TV,250140.0,1074704.203615427
4528,HGS-TV,250140.0,1074816.2412273884
4529,HGS-TV,250140.0,1076037.3108007908
4530,HGS-TV,250140.0,1076336.5791418552
4531,HGS-TV,250140.0,1076407.1423738003
4532,HGS-TV,250140.0,1076562.1007332802
4533,HGS-TV,250140.0,1076622.109940052
4534,HGS-TV,250140.0,1076832.21848917
4535,HGS-TV,250140.0,1077175.604530096
4536,HGS-TV,250140.0,1077249.3516902924
4537,HGS-TV,250140.0,1077309.576268196
4538,HGS-TV,250140.0,1077369.7411165237
4539,HGS-TV,250140.0,1077462.3827462196
4540,HGS-TV,250140.0,1077522.3907842636
4541,HGS-TV,250140.0,1077869.6488289833
4542,HGS-TV,250140.0,1077965.2049033642
4543,HGS-TV,250140.0,1078494.746316433
4544,HGS-TV,250140.0,1079056.8750350475
4545,HGS-TV,250140.0,1079196.2491223812
4546,HGS-TV,250140.0,1080313.5833702087
4547,HGS-TV,250140.0,1080442.1386797428
4548,HGS-TV,250140.0,1081184.2838771343
4549,HGS-TV,250140.0,1081272.4007544518
4550,HGS-TV,250140.0,1081861.4275634289
4551,HGS-TV,250140.0,1082928.985136032
4552,HGS-TV,250140.0,1083061.5341861248
4553,HGS-TV,250140.0,1083129.4306645393
4554,HGS-TV,250140.0,1083189.675666809
4555,HGS-TV,250140.0,1084847.8436710835
4556,HGS-TV,250140.0,1085648.1066207886
4557,HGS-TV,250140.0,1086265.5627763271
4558,HGS-TV,250140.0,1086468.9496376514
4559,HGS-TV,250140.0,1086764.9712178707
4560,HGS-TV,250140.0,1086829.8220853806
4561,HGS-TV,250140.0,1087116.7515392303
4562,HGS-TV,250140.0,1087212.8170199394
4563,HGS-TV,250140.0,1087696.334149599
4564,HGS-TV,250140.0,1088386.5100007057
4565,HGS-TV,250140.0,1088571.1792988777
4566,HGS-TV,250140.0,1088657.4445867538
4567,ails2_etaMax0.005_stoppingTime86400.00,250139.0,1090380.7853569335
4568,ails2_etaMax0.005_stoppingTime86400.00,250138.0,1090404.3213569336
4569,HGS-TV,250140.0,1090596.124395609
4570,HGS-TV,250136.0,1093486.775061369
4571,HGS-TV,250133.0,1093576.556144476
4572,HGS-TV,250133.0,1098035.3366804123
4573,HGS-TV,250133.0,1098123.4625422955
4574,HGS-TV,250133.0,1098183.679350853
4575,HGS-TV,250133.0,1098243.968465805
4576,HGS-TV,250133.0,1098304.2815482616
4577,HGS-TV,250133.0,1098386.6467125416
4578,HGS-TV,250133.0,1098446.9013581276
4579,HGS-TV,250133.0,1098507.1624634266
4580,HGS-TV,250133.0,1098821.614325285
4581,HGS-TV,250133.0,1099411.757796526
4582,HGS-TV,250133.0,1099590.717372179
4583,HGS-TV,250133.0,1100807.377744913
4584,HGS-TV,250133.0,1100867.521657467
4585,HGS-TV,250133.0,1101014.2160947323
4586,HGS-TV,250133.0,1102275.018298626
4587,HGS-TV,250133.0,1102369.2602961063
4588,HGS-TV,250133.0,1102493.5729570389
4589,HGS-TV,250133.0,1102598.2676458359
4590,HGS-TV,250133.0,1102900.3543171883
4591,HGS-TV,250133.0,1103338.9953303337
4592,HGS-TV,250133.0,1103815.7361102104
4593,HGS-TV,250133.0,1103961.7213306427
4594,HGS-TV,250133.0,1104063.9823639393
4595,HGS-TV,250133.0,1104124.197671175
4596,HGS-TV,250133.0,1106079.5577008724
4597,HGS-TV,250133.0,1106380.6467792988
4598,HGS-TV,250133.0,1106622.6620242596
4599,HGS-TV,250133.0,1106682.8047766685
4600,HGS-TV,250133.0,1106833.3435592651
4601,HGS-TV,250133.0,1106893.5029745102
4602,HGS-TV,250133.0,1106953.5111641884
4603,HGS-TV,250133.0,1107197.7200393677
4604,HGS-TV,250133.0,1107257.9380793571
4605,HGS-TV,250133.0,1107931.5151901245
4606,HGS-TV,250133.0,1108385.668140173
4607,HGS-TV,250133.0,1108475.2269980907
4608,HGS-TV,250133.0,1108699.7771139145
4609,HGS-TV,250133.0,1108873.810713768
4610,HGS-TV,250133.0,1108933.8172388077
4611,HGS-TV,250133.0,1109913.6504261494
4612,HGS-TV,250133.0,1110053.5424838066
4613,HGS-TV,250133.0,1110132.3874373436
4614,HGS-TV,250133.0,1110192.42451787
4615,HGS-TV,250133.0,1110550.8516886234
4616,HGS-TV,250133.0,1110639.7839272022
4617,HGS-TV,250133.0,1110699.795642376
4618,HGS-TV,250133.0,1111430.9981997013
4619,HGS-TV,250133.0,1111894.889232874
4620,ails2_etaMax0.020_stoppingTime86400.00,250132.0,1111935.2483569337
4621,ails2_etaMax0.020_stoppingTime86400.00,250131.0,1111935.4873569335
4622,HGS-TV,250133.0,1112135.5740613937
4623,HGS-TV,250133.0,1112254.854353428
4624,HGS-TV,250133.0,1112338.4897248745
4625,HGS-TV,250133.0,1112510.3457660675
4626,HGS-TV,250128.0,1113285.568700552
