id,algo_name,score,runningtime
1,ails2_etaMax1.000_stoppingTime432000.00,389864.0,44.96789916992188
2,ails2_etaMax0.005_stoppingTime86400.00,387269.0,64.89989916992188
3,ails2_etaMax1.000_stoppingTime864000.00,389837.0,20.639899169921875
4,ails2_etaMax0.020_stoppingTime86400.00,387179.0,59.243899169921875
5,ails2_eoh_acc_large,387096.0,64.70989916992187
6,ails2_eoh_acc,386854.0,64.93689916992187
7,ails2_etaMax0.010_stoppingTime432000.00,387012.0,63.288899169921876
8,ails2_eoh_omega2,387035.0,64.59889916992188
9,ails2_etaMax1.000_stoppingTime1728000.00,389923.0,57.07989916992187
10,ails2_etaMax1.000_stoppingTime86400.00,389688.0,26.349899169921876
11,ails2_etaMax1.000_stoppingTime432000.00,389616.0,96.40389916992187
12,ails2_eoh_acc,386505.0,125.72689916992188
13,ails2_etaMax1.000_stoppingTime1728000.00,389680.0,123.14989916992188
14,ails2_etaMax0.020_stoppingTime86400.00,386935.0,124.93589916992188
15,ails2_etaMax0.010_stoppingTime432000.00,386809.0,123.66289916992187
16,ails2_etaMax0.005_stoppingTime86400.00,386825.0,125.89089916992188
17,ails2_etaMax1.000_stoppingTime864000.00,389742.0,111.95589916992188
18,ails2_eoh_omega2,386704.0,125.88489916992188
19,ails2_eoh_acc_large,386844.0,124.92389916992188
20,ails2_eoh_acc,386385.0,184.6658991699219
21,ails2_eoh_omega2,386466.0,186.69889916992187
22,ails2_etaMax0.005_stoppingTime86400.00,386624.0,183.49689916992187
23,ails2_eoh_acc_large,386724.0,179.59189916992187
24,ails2_etaMax1.000_stoppingTime1728000.00,389523.0,131.00689916992187
25,ails2_etaMax0.020_stoppingTime86400.00,386695.0,171.51589916992188
26,ails2_etaMax0.010_stoppingTime432000.00,386655.0,185.76089916992188
27,ails2_eoh_acc,386258.0,243.80389916992186
28,ails2_eoh_acc_large,386519.0,246.44489916992188
29,ails2_etaMax0.020_stoppingTime86400.00,386662.0,240.4998991699219
30,ails2_etaMax0.005_stoppingTime86400.00,386565.0,244.51289916992187
31,ails2_eoh_omega2,386447.0,247.39289916992186
32,ails2_etaMax0.010_stoppingTime432000.00,386611.0,247.88489916992188
33,ails2_etaMax1.000_stoppingTime86400.00,389659.0,255.6248991699219
34,ails2_etaMax1.000_stoppingTime864000.00,389740.0,255.93689916992187
35,HGS-TV,386848.0,269.372451543808
36,ails2_etaMax1.000_stoppingTime432000.00,389603.0,291.2468991699219
37,filo2,391167.0,293.36306643486023
38,ails2_etaMax0.005_stoppingTime86400.00,386467.0,296.6728991699219
39,ails2_etaMax0.010_stoppingTime432000.00,386551.0,308.4688991699219
40,ails2_eoh_acc,386214.0,301.02489916992187
41,ails2_eoh_omega2,386436.0,259.46989916992186
42,ails2_etaMax0.020_stoppingTime86400.00,386627.0,266.4498991699219
43,ails2_eoh_acc_large,386278.0,308.2908991699219
44,ails2_etaMax1.000_stoppingTime864000.00,389632.0,256.56889916992185
45,ails2_etaMax1.000_stoppingTime86400.00,389584.0,256.00089916992187
46,ails2_etaMax1.000_stoppingTime432000.00,389436.0,343.5138991699219
47,ails2_eoh_acc,386189.0,351.9378991699219
48,ails2_etaMax0.010_stoppingTime432000.00,386497.0,343.4978991699219
49,ails2_etaMax0.020_stoppingTime86400.00,386574.0,368.21789916992185
50,ails2_eoh_acc_large,386179.0,367.4418991699219
51,ails2_etaMax0.005_stoppingTime86400.00,386390.0,355.92389916992187
52,ails2_etaMax1.000_stoppingTime864000.00,389537.0,335.9138991699219
53,ails2_eoh_omega2,386435.0,409.7398991699219
54,filo2,391146.0,416.0440003871918
55,ails2_etaMax1.000_stoppingTime86400.00,389568.0,417.4038991699219
56,ails2_etaMax0.020_stoppingTime86400.00,386558.0,422.6658991699219
57,ails2_eoh_acc_large,386122.0,417.8438991699219
58,ails2_etaMax0.005_stoppingTime86400.00,386279.0,425.9378991699219
59,ails2_eoh_acc,386161.0,429.4138991699219
60,ails2_etaMax0.010_stoppingTime432000.00,386171.0,425.26789916992186
61,ails2_eoh_omega2,386399.0,468.7908991699219
62,HGS-TV,386846.0,473.12726044654846
63,filo2,391049.0,476.07461810112
64,ails2_etaMax1.000_stoppingTime86400.00,389236.0,452.5098991699219
65,ails2_etaMax0.010_stoppingTime432000.00,386161.0,477.9348991699219
66,ails2_eoh_acc,386117.0,491.4568991699219
67,ails2_etaMax0.005_stoppingTime86400.00,386267.0,474.36889916992186
68,ails2_etaMax0.020_stoppingTime86400.00,386517.0,488.4138991699219
69,ails2_eoh_acc_large,386103.0,484.51789916992186
70,ails2_etaMax1.000_stoppingTime864000.00,389532.0,521.7458991699219
71,ails2_eoh_omega2,386383.0,528.0508991699219
72,filo2,390930.0,536.7112145423889
73,HGS-TV,386842.0,551.6251728534698
74,ails2_eoh_acc,386078.0,548.2158991699218
75,ails2_etaMax0.020_stoppingTime86400.00,386461.0,534.6068991699219
76,ails2_etaMax0.010_stoppingTime432000.00,386117.0,525.3358991699218
77,ails2_eoh_acc_large,386099.0,541.3158991699219
78,ails2_etaMax0.005_stoppingTime86400.00,386239.0,523.6258991699219
79,ails2_etaMax1.000_stoppingTime864000.00,389402.0,521.7978991699218
80,ails2_eoh_omega2,386333.0,588.7118991699218
81,ails2_etaMax0.005_stoppingTime86400.00,386231.0,581.2688991699218
82,ails2_etaMax0.020_stoppingTime86400.00,386074.0,613.8088991699219
83,ails2_eoh_acc_large,386039.0,598.4468991699218
84,ails2_eoh_acc,386065.0,597.9718991699219
85,ails2_etaMax0.010_stoppingTime432000.00,386089.0,583.3548991699219
86,HGS-TV,386832.0,650.8506004810333
87,ails2_eoh_omega2,386327.0,621.6618991699219
88,ails2_etaMax0.010_stoppingTime432000.00,385985.0,672.1158991699219
89,ails2_etaMax0.020_stoppingTime86400.00,385740.0,674.5418991699219
90,ails2_etaMax0.005_stoppingTime86400.00,386086.0,667.4488991699219
91,ails2_eoh_acc,386061.0,671.8608991699218
92,ails2_eoh_acc_large,386034.0,686.3208991699219
93,HGS-TV,386811.0,710.9088091850281
94,ails2_eoh_omega2,386303.0,702.4568991699218
95,ails2_etaMax0.020_stoppingTime86400.00,385666.0,730.4188991699219
96,ails2_eoh_acc,386057.0,688.6778991699218
97,ails2_etaMax0.005_stoppingTime86400.00,386038.0,728.6028991699219
98,ails2_etaMax0.010_stoppingTime432000.00,385972.0,725.9388991699219
99,ails2_eoh_acc_large,386027.0,741.5468991699219
100,ails2_etaMax1.000_stoppingTime864000.00,389396.0,764.8998991699219
101,HGS-TV,386788.0,771.3116574287415
102,ails2_eoh_omega2,386302.0,753.4608991699218
103,ails2_etaMax0.010_stoppingTime432000.00,385945.0,796.5428991699218
104,ails2_etaMax0.020_stoppingTime86400.00,385662.0,782.1738991699219
105,ails2_etaMax0.005_stoppingTime86400.00,385998.0,794.3178991699219
106,ails2_eoh_acc_large,386000.0,801.7058991699218
107,ails2_etaMax1.000_stoppingTime864000.00,389328.0,764.9488991699219
108,HGS-TV,386773.0,831.6248712539673
109,ails2_etaMax0.010_stoppingTime432000.00,385902.0,839.1548991699219
110,ails2_etaMax0.005_stoppingTime86400.00,385988.0,849.1128991699219
111,ails2_etaMax0.020_stoppingTime86400.00,385576.0,843.1288991699219
112,ails2_eoh_acc_large,385992.0,862.0298991699219
113,ails2_eoh_acc,386054.0,875.0098991699218
114,ails2_etaMax0.020_stoppingTime86400.00,385537.0,918.5008991699219
115,ails2_etaMax0.005_stoppingTime86400.00,385986.0,931.8848991699218
116,ails2_eoh_acc,386045.0,925.0168991699219
117,ails2_etaMax0.010_stoppingTime432000.00,385901.0,940.0828991699219
118,HGS-TV,386765.0,960.9249272346497
119,ails2_eoh_omega2,386298.0,979.0788991699219
120,ails2_etaMax0.020_stoppingTime86400.00,385506.0,936.6028991699219
121,ails2_etaMax0.005_stoppingTime86400.00,385968.0,948.7458991699219
122,ails2_eoh_acc,386038.0,990.6028991699219
123,ails2_etaMax0.010_stoppingTime432000.00,385896.0,1017.6908991699219
124,HGS-TV,386752.0,1021.0636737346649
125,ails2_eoh_acc_large,385991.0,1028.171899169922
126,ails2_eoh_omega2,386289.0,993.3758991699219
127,ails2_etaMax0.020_stoppingTime86400.00,385492.0,1027.912899169922
128,ails2_etaMax0.005_stoppingTime86400.00,385937.0,1042.0748991699218
129,ails2_etaMax0.010_stoppingTime432000.00,385894.0,1020.7258991699218
130,ails2_eoh_acc_large,385975.0,1087.152899169922
131,ails2_eoh_omega2,386272.0,1099.5358991699218
132,ails2_etaMax0.005_stoppingTime86400.00,385917.0,1100.5348991699218
133,HGS-TV,386750.0,1123.1423072814941
134,ails2_eoh_acc,386032.0,1129.0318991699219
135,ails2_etaMax0.020_stoppingTime86400.00,385485.0,1137.3038991699218
136,ails2_eoh_acc_large,385970.0,1146.9188991699218
137,ails2_eoh_omega2,386267.0,1157.222899169922
138,ails2_etaMax0.010_stoppingTime432000.00,385891.0,1166.4008991699218
139,ails2_etaMax0.005_stoppingTime86400.00,385913.0,1121.6468991699219
140,HGS-TV,386743.0,1183.22318649292
141,ails2_eoh_acc,386021.0,1149.2378991699218
142,ails2_eoh_acc_large,385963.0,1180.681899169922
143,ails2_etaMax0.010_stoppingTime432000.00,385878.0,1185.548899169922
144,ails2_etaMax0.005_stoppingTime86400.00,385900.0,1230.190899169922
145,HGS-TV,386742.0,1243.2368791103363
146,ails2_eoh_acc_large,385960.0,1271.713899169922
147,ails2_etaMax0.010_stoppingTime432000.00,385876.0,1292.134899169922
148,ails2_eoh_omega2,386263.0,1299.2178991699218
149,HGS-TV,386731.0,1303.3618841171265
150,ails2_eoh_acc_large,385949.0,1291.421899169922
151,ails2_etaMax0.010_stoppingTime432000.00,385845.0,1346.914899169922
152,ails2_eoh_omega2,386254.0,1303.413899169922
153,HGS-TV,386730.0,1363.4076473712921
154,ails2_eoh_acc,386019.0,1374.1968991699218
155,ails2_etaMax0.010_stoppingTime432000.00,385831.0,1360.3138991699218
156,ails2_eoh_acc_large,385931.0,1417.799899169922
157,ails2_eoh_omega2,386209.0,1399.7148991699219
158,ails2_eoh_acc,386018.0,1381.222899169922
159,ails2_etaMax0.005_stoppingTime86400.00,385896.0,1455.2658991699218
160,ails2_etaMax0.010_stoppingTime432000.00,385818.0,1448.5128991699219
161,ails2_eoh_acc_large,385907.0,1435.6698991699218
162,ails2_eoh_omega2,386203.0,1433.2958991699218
163,ails2_etaMax0.020_stoppingTime86400.00,385481.0,1494.3918991699218
164,ails2_etaMax1.000_stoppingTime1728000.00,389464.0,1512.422899169922
165,ails2_etaMax0.005_stoppingTime86400.00,385880.0,1496.4198991699218
166,ails2_etaMax0.010_stoppingTime432000.00,385816.0,1535.231899169922
167,ails2_eoh_acc_large,385886.0,1512.345899169922
168,ails2_eoh_omega2,386191.0,1517.1788991699218
169,ails2_etaMax0.020_stoppingTime86400.00,385463.0,1553.182899169922
170,ails2_eoh_acc,386016.0,1568.047899169922
171,ails2_etaMax1.000_stoppingTime1728000.00,389398.0,1538.028899169922
172,ails2_etaMax0.005_stoppingTime86400.00,385871.0,1562.816899169922
173,ails2_etaMax0.010_stoppingTime432000.00,385815.0,1536.383899169922
174,ails2_eoh_acc_large,385885.0,1568.180899169922
175,ails2_eoh_omega2,386178.0,1581.6658991699219
176,ails2_eoh_acc,385991.0,1621.8908991699218
177,ails2_etaMax0.005_stoppingTime86400.00,385849.0,1626.7358991699218
178,ails2_eoh_omega2,386171.0,1611.0798991699219
179,ails2_eoh_acc_large,385884.0,1671.6388991699218
180,ails2_etaMax0.020_stoppingTime86400.00,385462.0,1672.9088991699218
181,ails2_eoh_acc,385982.0,1645.4298991699218
182,ails2_eoh_omega2,386154.0,1721.645899169922
183,ails2_eoh_acc_large,385879.0,1727.0798991699219
184,ails2_etaMax0.020_stoppingTime86400.00,385420.0,1699.683899169922
185,ails2_etaMax0.010_stoppingTime432000.00,385812.0,1745.6508991699218
186,ails2_etaMax1.000_stoppingTime432000.00,389435.0,1773.315899169922
187,ails2_eoh_omega2,386138.0,1784.9008991699218
188,ails2_etaMax0.020_stoppingTime86400.00,385419.0,1779.469899169922
189,ails2_etaMax0.010_stoppingTime432000.00,385802.0,1780.844899169922
190,ails2_etaMax1.000_stoppingTime432000.00,389431.0,1773.346899169922
191,ails2_eoh_omega2,386125.0,1812.827899169922
192,ails2_eoh_acc,385980.0,1851.103899169922
193,ails2_etaMax0.020_stoppingTime86400.00,385397.0,1821.4848991699218
194,ails2_etaMax0.010_stoppingTime432000.00,385800.0,1874.8438991699218
195,ails2_eoh_omega2,386111.0,1882.988899169922
196,ails2_etaMax0.005_stoppingTime86400.00,385848.0,1909.020899169922
197,ails2_etaMax0.020_stoppingTime86400.00,385394.0,1909.432899169922
198,ails2_etaMax0.010_stoppingTime432000.00,385782.0,1925.642899169922
199,ails2_etaMax0.005_stoppingTime86400.00,385838.0,1914.5328991699218
200,ails2_eoh_omega2,386101.0,1979.1958991699219
201,ails2_etaMax0.010_stoppingTime432000.00,385780.0,1944.595899169922
202,ails2_eoh_omega2,386058.0,2012.2648991699218
203,ails2_etaMax0.010_stoppingTime432000.00,385776.0,2012.815899169922
204,ails2_etaMax0.005_stoppingTime86400.00,385837.0,2063.858899169922
205,ails2_eoh_omega2,386057.0,2084.457899169922
206,ails2_etaMax0.010_stoppingTime432000.00,385770.0,2103.3768991699217
207,ails2_etaMax0.005_stoppingTime86400.00,385835.0,2064.009899169922
208,ails2_eoh_acc_large,385875.0,2131.507899169922
209,ails2_eoh_omega2,386053.0,2148.1628991699217
210,ails2_etaMax0.010_stoppingTime432000.00,385760.0,2147.4528991699217
211,ails2_eoh_acc,385978.0,2193.308899169922
212,ails2_eoh_acc,385949.0,2249.313899169922
213,ails2_eoh_omega2,386051.0,2262.782899169922
214,ails2_eoh_omega2,386025.0,2304.478899169922
215,ails2_eoh_omega2,386024.0,2349.0178991699217
216,ails2_eoh_omega2,386023.0,2415.152899169922
217,ails2_eoh_omega2,386022.0,2508.448899169922
218,HGS-TV,386722.0,2597.1758151054382
219,ails2_eoh_omega2,386019.0,2619.3078991699217
220,ails2_eoh_acc_large,385874.0,2634.5218991699217
221,ails2_eoh_omega2,386017.0,2689.250899169922
222,ails2_eoh_acc,385944.0,2725.8568991699217
223,ails2_eoh_omega2,385974.0,2736.136899169922
224,ails2_eoh_acc,385931.0,2733.168899169922
225,ails2_eoh_omega2,385937.0,2789.379899169922
226,ails2_etaMax0.005_stoppingTime86400.00,385834.0,2818.928899169922
227,ails2_eoh_acc,385930.0,2795.753899169922
228,ails2_etaMax0.020_stoppingTime86400.00,385389.0,2847.174899169922
229,ails2_eoh_omega2,385912.0,2844.9528991699217
230,ails2_etaMax0.005_stoppingTime86400.00,385830.0,2865.7498991699217
231,ails2_etaMax0.020_stoppingTime86400.00,385342.0,2906.817899169922
232,HGS-TV,386719.0,2938.699461698532
233,ails2_etaMax0.005_stoppingTime86400.00,385809.0,2910.833899169922
234,ails2_eoh_omega2,385911.0,2964.358899169922
235,ails2_etaMax1.000_stoppingTime86400.00,389214.0,2968.358899169922
236,ails2_etaMax0.020_stoppingTime86400.00,385330.0,2916.4258991699216
237,ails2_eoh_omega2,385910.0,3025.216899169922
238,ails2_etaMax0.020_stoppingTime86400.00,385328.0,3037.3098991699217
239,ails2_eoh_acc_large,385872.0,3043.004899169922
240,ails2_etaMax0.005_stoppingTime86400.00,385808.0,3065.398899169922
241,ails2_etaMax1.000_stoppingTime432000.00,389427.0,3082.524899169922
242,ails2_eoh_omega2,385908.0,3025.447899169922
243,ails2_etaMax0.020_stoppingTime86400.00,385322.0,3037.860899169922
244,ails2_eoh_acc_large,385863.0,3051.103899169922
245,ails2_etaMax0.005_stoppingTime86400.00,385805.0,3126.667899169922
246,ails2_eoh_acc,385928.0,3132.6938991699217
247,ails2_eoh_omega2,385894.0,3136.2878991699217
248,ails2_eoh_omega2,385870.0,3205.966899169922
249,HGS-TV,386704.0,3214.6768634319305
250,ails2_eoh_acc_large,385858.0,3256.284899169922
251,HGS-TV,386702.0,3280.84899353981
252,ails2_etaMax0.010_stoppingTime432000.00,385758.0,3356.1178991699217
253,HGS-TV,386701.0,3397.874445915222
254,ails2_etaMax0.010_stoppingTime432000.00,385754.0,3360.322899169922
255,HGS-TV,386694.0,3458.066650390625
256,ails2_eoh_acc_large,385854.0,3488.531899169922
257,ails2_etaMax0.020_stoppingTime86400.00,385320.0,3490.274899169922
258,HGS-TV,386693.0,3518.154036998749
259,ails2_etaMax0.010_stoppingTime432000.00,385753.0,3534.8168991699217
260,ails2_eoh_acc_large,385842.0,3509.4038991699217
261,ails2_etaMax0.020_stoppingTime86400.00,385296.0,3540.799899169922
262,ails2_etaMax0.010_stoppingTime432000.00,385746.0,3552.634899169922
263,filo2,385295.0,3662.462301969528
264,ails2_eoh_acc_large,385232.0,3659.056899169922
265,ails2_eoh_acc,385295.0,3666.360899169922
266,ails2_etaMax1.000_stoppingTime86400.00,389182.0,3676.697899169922
267,ails2_eoh_acc_large,385228.0,3721.842899169922
268,ails2_eoh_acc,385285.0,3712.614899169922
269,ails2_etaMax1.000_stoppingTime86400.00,389162.0,3677.137899169922
270,ails2_eoh_acc_large,385220.0,3786.536899169922
271,ails2_eoh_acc,385263.0,3783.020899169922
272,ails2_etaMax1.000_stoppingTime1728000.00,389391.0,3809.065899169922
273,ails2_eoh_acc_large,385216.0,3815.332899169922
274,ails2_eoh_acc,385257.0,3835.118899169922
275,ails2_etaMax0.020_stoppingTime86400.00,385294.0,3855.382899169922
276,ails2_etaMax1.000_stoppingTime1728000.00,389324.0,3809.5468991699217
277,ails2_eoh_omega2,385868.0,3906.5288991699217
278,ails2_eoh_acc,385252.0,3882.951899169922
279,ails2_etaMax0.020_stoppingTime86400.00,385289.0,3855.8008991699216
280,ails2_eoh_acc_large,385213.0,3916.332899169922
281,ails2_etaMax0.005_stoppingTime86400.00,385279.0,3926.023899169922
282,ails2_etaMax0.010_stoppingTime432000.00,385745.0,3953.257899169922
283,ails2_eoh_omega2,385856.0,3958.455899169922
284,ails2_eoh_acc,385247.0,3927.2208991699217
285,ails2_etaMax0.020_stoppingTime86400.00,385262.0,3966.692899169922
286,ails2_eoh_acc_large,385211.0,3932.929899169922
287,ails2_etaMax0.005_stoppingTime86400.00,385254.0,3977.737899169922
288,ails2_eoh_omega2,385847.0,3988.056899169922
289,ails2_eoh_acc_large,385189.0,4029.439899169922
290,ails2_etaMax0.005_stoppingTime86400.00,385248.0,4022.848899169922
291,ails2_eoh_acc,385246.0,4055.083899169922
292,ails2_eoh_acc_large,385188.0,4093.889899169922
293,ails2_eoh_acc,385241.0,4056.349899169922
294,ails2_etaMax0.010_stoppingTime432000.00,385744.0,4122.361899169922
295,ails2_etaMax0.005_stoppingTime86400.00,385247.0,4143.430899169922
296,ails2_eoh_acc_large,385185.0,4123.215899169922
297,ails2_etaMax0.010_stoppingTime432000.00,385716.0,4138.878899169922
298,ails2_etaMax0.005_stoppingTime86400.00,385232.0,4191.899899169922
299,ails2_eoh_acc_large,385182.0,4185.288899169922
300,ails2_etaMax0.010_stoppingTime432000.00,385697.0,4216.3178991699215
301,ails2_etaMax0.005_stoppingTime86400.00,385219.0,4254.959899169922
302,ails2_eoh_acc_large,385180.0,4281.568899169922
303,ails2_eoh_acc,385240.0,4284.470899169922
304,ails2_eoh_omega2,385845.0,4314.953899169922
305,ails2_etaMax0.005_stoppingTime86400.00,385212.0,4318.767899169922
306,ails2_eoh_acc,385238.0,4310.195899169922
307,ails2_eoh_omega2,385844.0,4315.026899169922
308,ails2_etaMax0.005_stoppingTime86400.00,385207.0,4339.226899169922
309,ails2_etaMax1.000_stoppingTime86400.00,389148.0,4394.628899169922
310,ails2_eoh_omega2,385837.0,4432.389899169922
311,ails2_etaMax1.000_stoppingTime86400.00,388961.0,4394.685899169922
312,ails2_eoh_omega2,385836.0,4437.258899169922
313,ails2_etaMax0.005_stoppingTime86400.00,385206.0,4556.139899169922
314,ails2_etaMax0.020_stoppingTime86400.00,385252.0,4558.104899169922
315,ails2_eoh_acc,385237.0,4564.806899169922
316,ails2_etaMax0.005_stoppingTime86400.00,385205.0,4556.999899169922
317,ails2_etaMax0.020_stoppingTime86400.00,385200.0,4598.341899169922
318,ails2_eoh_omega2,385835.0,4636.212899169922
319,ails2_eoh_omega2,385830.0,4690.234899169922
320,ails2_etaMax0.010_stoppingTime432000.00,385696.0,4713.471899169922
321,ails2_etaMax0.020_stoppingTime86400.00,385199.0,4715.404899169922
322,ails2_eoh_omega2,385825.0,4725.287899169922
323,ails2_etaMax0.010_stoppingTime432000.00,385693.0,4737.216899169922
324,ails2_etaMax0.020_stoppingTime86400.00,385198.0,4715.916899169922
325,ails2_etaMax0.010_stoppingTime432000.00,385673.0,4833.632899169922
326,ails2_etaMax0.005_stoppingTime86400.00,385203.0,4976.316899169922
327,ails2_eoh_acc,385236.0,5019.546899169922
328,ails2_eoh_omega2,385824.0,5021.068899169922
329,ails2_etaMax0.005_stoppingTime86400.00,385202.0,4977.947899169922
330,ails2_etaMax0.010_stoppingTime432000.00,385672.0,5052.389899169922
331,ails2_eoh_omega2,385813.0,5070.363899169922
332,ails2_eoh_omega2,385805.0,5111.492899169922
333,ails2_etaMax0.005_stoppingTime86400.00,385201.0,5163.369899169922
334,ails2_etaMax0.005_stoppingTime86400.00,385197.0,5163.764899169922
335,ails2_etaMax0.005_stoppingTime86400.00,385194.0,5356.349899169922
336,ails2_etaMax0.005_stoppingTime86400.00,385192.0,5356.6348991699215
337,ails2_eoh_omega2,385804.0,5466.945899169922
338,ails2_etaMax0.005_stoppingTime86400.00,385191.0,5515.690899169922
339,ails2_eoh_omega2,385803.0,5466.974899169922
340,ails2_etaMax0.005_stoppingTime86400.00,385188.0,5517.610899169922
341,ails2_etaMax0.005_stoppingTime86400.00,385187.0,5781.296899169922
342,ails2_etaMax1.000_stoppingTime432000.00,389400.0,5841.632899169922
343,ails2_etaMax0.005_stoppingTime86400.00,385183.0,5781.401899169922
344,ails2_etaMax1.000_stoppingTime432000.00,389298.0,5846.624899169922
345,ails2_eoh_acc,385235.0,6007.574899169922
346,ails2_eoh_acc_large,385175.0,6009.1528991699215
347,ails2_etaMax1.000_stoppingTime86400.00,388951.0,6010.515899169922
348,ails2_eoh_acc,385227.0,6072.578899169922
349,ails2_eoh_acc,385222.0,6101.921899169922
350,ails2_eoh_acc,385215.0,6180.846899169922
351,ails2_etaMax1.000_stoppingTime86400.00,388933.0,6236.436899169922
352,ails2_etaMax1.000_stoppingTime86400.00,388851.0,6237.095899169922
353,ails2_etaMax1.000_stoppingTime864000.00,389313.0,6319.014899169922
354,ails2_etaMax0.010_stoppingTime432000.00,385671.0,6364.160899169922
355,ails2_etaMax1.000_stoppingTime864000.00,389311.0,6319.038899169922
356,ails2_etaMax0.010_stoppingTime432000.00,385670.0,6364.236899169922
357,ails2_eoh_acc,385209.0,6475.624899169922
358,ails2_eoh_acc_large,385174.0,6493.097899169922
359,ails2_eoh_acc,385198.0,6501.448899169922
360,ails2_eoh_acc,385195.0,6536.278899169922
361,ails2_eoh_acc,385182.0,6655.185899169922
362,ails2_etaMax0.010_stoppingTime432000.00,385669.0,6670.378899169922
363,ails2_etaMax0.010_stoppingTime432000.00,385666.0,6672.596899169922
364,ails2_eoh_acc,385180.0,6819.778899169922
365,ails2_etaMax0.005_stoppingTime86400.00,385182.0,6839.396899169922
366,ails2_etaMax0.005_stoppingTime86400.00,385181.0,6839.463899169922
367,ails2_eoh_acc,385179.0,7134.400899169922
368,ails2_eoh_acc,385175.0,7182.314899169922
369,ails2_eoh_omega2,385802.0,7590.112899169922
370,ails2_eoh_omega2,385797.0,7594.921899169922
371,ails2_etaMax0.010_stoppingTime432000.00,385664.0,8178.794899169922
372,ails2_etaMax1.000_stoppingTime432000.00,389277.0,8269.719899169922
373,ails2_etaMax1.000_stoppingTime432000.00,389099.0,8269.906899169922
374,ails2_etaMax1.000_stoppingTime86400.00,388828.0,8333.006899169923
375,ails2_etaMax1.000_stoppingTime86400.00,388815.0,8427.275899169921
376,ails2_etaMax1.000_stoppingTime1728000.00,389320.0,8498.089899169921
377,ails2_etaMax1.000_stoppingTime1728000.00,389297.0,8498.139899169923
378,ails2_eoh_omega2,385796.0,8706.867899169922
379,ails2_eoh_omega2,385795.0,8707.126899169922
380,ails2_etaMax0.010_stoppingTime432000.00,385663.0,8963.398899169923
381,ails2_etaMax0.010_stoppingTime432000.00,385661.0,8966.537899169922
382,ails2_etaMax1.000_stoppingTime86400.00,388793.0,9342.253899169922
383,ails2_etaMax1.000_stoppingTime86400.00,388766.0,9342.293899169921
384,ails2_eoh_omega2,385794.0,9491.909899169921
385,ails2_eoh_omega2,385775.0,9516.871899169922
386,ails2_eoh_omega2,385761.0,9611.744899169922
387,ails2_eoh_omega2,385749.0,9619.498899169921
388,ails2_etaMax1.000_stoppingTime1728000.00,389283.0,9679.075899169922
389,ails2_eoh_omega2,385724.0,9723.670899169922
390,ails2_eoh_omega2,385723.0,10021.071899169921
391,ails2_eoh_omega2,385709.0,10038.790899169922
392,ails2_eoh_omega2,385692.0,10124.788899169922
393,ails2_eoh_omega2,385657.0,10184.284899169921
394,HGS-TV,385174.0,10534.787541627884
395,HGS-TV,385174.0,10594.795483589172
396,HGS-TV,385174.0,10654.901814937592
397,HGS-TV,385174.0,10715.030461072922
398,ails2_etaMax1.000_stoppingTime864000.00,389302.0,10755.789899169922
399,HGS-TV,385174.0,10790.098898649216
400,ails2_etaMax0.010_stoppingTime432000.00,385653.0,10798.360899169922
401,ails2_etaMax1.000_stoppingTime864000.00,389164.0,10756.513899169922
402,HGS-TV,385174.0,10850.179105758667
403,ails2_etaMax0.010_stoppingTime432000.00,385652.0,10798.478899169922
404,HGS-TV,385174.0,10910.556398391724
405,HGS-TV,385174.0,10970.62981390953
406,ails2_etaMax0.010_stoppingTime432000.00,385651.0,10977.540899169922
407,HGS-TV,385174.0,11030.79200720787
408,ails2_etaMax0.010_stoppingTime432000.00,385649.0,10980.126899169922
409,ails2_eoh_omega2,385655.0,11070.271899169922
410,ails2_etaMax0.010_stoppingTime432000.00,385648.0,11098.816899169922
411,ails2_eoh_omega2,385643.0,11125.770899169922
412,ails2_etaMax0.010_stoppingTime432000.00,385639.0,11110.889899169923
413,ails2_etaMax0.010_stoppingTime432000.00,385635.0,11244.988899169923
414,HGS-TV,385174.0,11287.649773836136
415,ails2_etaMax0.010_stoppingTime432000.00,385627.0,11249.188899169922
416,HGS-TV,385174.0,11889.857884168625
417,HGS-TV,385174.0,12006.403198719025
418,HGS-TV,385174.0,12128.033185720444
419,ails2_etaMax0.010_stoppingTime432000.00,385626.0,12162.230899169921
420,ails2_etaMax0.010_stoppingTime432000.00,385622.0,12233.822899169922
421,ails2_etaMax0.010_stoppingTime432000.00,385611.0,12248.733899169922
422,HGS-TV,385174.0,12324.180044174194
423,ails2_etaMax0.010_stoppingTime432000.00,385610.0,12343.719899169922
424,ails2_etaMax1.000_stoppingTime86400.00,388711.0,12378.834899169922
425,ails2_etaMax0.010_stoppingTime432000.00,385608.0,12386.428899169921
426,ails2_etaMax1.000_stoppingTime86400.00,388612.0,12379.325899169922
427,ails2_etaMax0.010_stoppingTime432000.00,385605.0,12455.305899169922
428,ails2_etaMax0.010_stoppingTime432000.00,385599.0,12486.819899169921
429,ails2_etaMax0.005_stoppingTime86400.00,385172.0,12546.053899169921
430,HGS-TV,385174.0,12566.588686227798
431,ails2_etaMax0.010_stoppingTime432000.00,385592.0,12557.169899169921
432,HGS-TV,385174.0,12972.81164097786
433,ails2_etaMax0.005_stoppingTime86400.00,385168.0,13018.415899169922
434,HGS-TV,385174.0,13032.847085237503
435,ails2_etaMax0.010_stoppingTime432000.00,385591.0,13049.981899169921
436,ails2_etaMax0.010_stoppingTime432000.00,385585.0,13058.411899169922
437,ails2_etaMax0.010_stoppingTime432000.00,385584.0,13176.603899169922
438,ails2_eoh_omega2,385642.0,13300.590899169922
439,HGS-TV,385174.0,13304.01973104477
440,ails2_eoh_omega2,385627.0,13359.128899169922
441,ails2_eoh_omega2,385617.0,13397.261899169922
442,ails2_etaMax0.005_stoppingTime86400.00,385166.0,13476.695899169921
443,ails2_eoh_omega2,385614.0,13466.390899169923
444,ails2_etaMax0.005_stoppingTime86400.00,385155.0,13516.035899169921
445,ails2_eoh_omega2,385612.0,13591.550899169923
446,HGS-TV,385174.0,13602.332503795624
447,ails2_eoh_omega2,385599.0,13611.957899169922
448,ails2_etaMax1.000_stoppingTime86400.00,388587.0,13733.183899169922
449,ails2_eoh_omega2,385598.0,13734.710899169922
450,HGS-TV,385174.0,13754.60056257248
451,ails2_etaMax1.000_stoppingTime86400.00,388436.0,13733.891899169921
452,ails2_eoh_omega2,385593.0,13736.456899169922
453,HGS-TV,385174.0,13890.991891145706
454,ails2_etaMax1.000_stoppingTime86400.00,388387.0,13963.517899169921
455,ails2_eoh_omega2,385590.0,13995.356899169921
456,ails2_etaMax0.005_stoppingTime86400.00,385153.0,14014.007899169921
457,ails2_etaMax1.000_stoppingTime86400.00,388307.0,13987.377899169922
458,HGS-TV,385174.0,14033.112264156342
459,ails2_eoh_omega2,385582.0,14000.349899169922
460,ails2_etaMax0.005_stoppingTime86400.00,385151.0,14014.033899169923
461,ails2_etaMax0.010_stoppingTime432000.00,385582.0,14082.937899169921
462,HGS-TV,385174.0,14093.402526855469
463,ails2_eoh_omega2,385578.0,14107.931899169922
464,ails2_etaMax0.005_stoppingTime86400.00,385150.0,14089.206899169922
465,ails2_etaMax0.010_stoppingTime432000.00,385578.0,14139.907899169923
466,HGS-TV,385174.0,14258.191677331924
467,ails2_etaMax1.000_stoppingTime432000.00,389083.0,14273.181899169922
468,ails2_etaMax1.000_stoppingTime432000.00,389044.0,14273.211899169923
469,filo2,385149.0,14464.38428735733
470,ails2_eoh_omega2,385573.0,14572.610899169922
471,ails2_etaMax1.000_stoppingTime86400.00,388296.0,14597.666899169923
472,ails2_etaMax0.010_stoppingTime432000.00,385576.0,14616.581899169922
473,ails2_eoh_omega2,385569.0,14572.816899169922
474,ails2_etaMax1.000_stoppingTime86400.00,388159.0,14597.835899169922
475,ails2_etaMax0.010_stoppingTime432000.00,385568.0,14617.101899169922
476,ails2_eoh_omega2,385565.0,14716.081899169922
477,ails2_eoh_omega2,385548.0,14722.890899169923
478,ails2_eoh_omega2,385543.0,14831.843899169922
479,ails2_eoh_omega2,385542.0,14891.207899169922
480,HGS-TV,385140.0,14955.379486083984
481,ails2_eoh_omega2,385541.0,14951.578899169921
482,ails2_eoh_omega2,385531.0,14986.318899169923
483,ails2_etaMax0.005_stoppingTime86400.00,385149.0,15200.152899169922
484,ails2_etaMax0.005_stoppingTime86400.00,385125.0,15258.166899169923
485,ails2_etaMax0.005_stoppingTime86400.00,385123.0,15272.344899169922
486,HGS-TV,385139.0,15449.208221435547
487,HGS-TV,385137.0,15509.298127889633
488,ails2_eoh_omega2,385530.0,15546.063899169922
489,HGS-TV,385136.0,15569.418946266174
490,HGS-TV,385135.0,15850.366358041763
491,ails2_etaMax0.005_stoppingTime86400.00,385121.0,15858.744899169922
492,ails2_etaMax0.005_stoppingTime86400.00,385116.0,15859.687899169921
493,HGS-TV,385134.0,15986.576957702637
494,HGS-TV,385133.0,16237.464324474335
495,ails2_eoh_omega2,385529.0,16429.971899169923
496,ails2_eoh_omega2,385522.0,16470.67389916992
497,ails2_etaMax0.005_stoppingTime86400.00,385115.0,16595.379899169922
498,ails2_etaMax0.005_stoppingTime86400.00,385113.0,16596.598899169923
499,ails2_eoh_acc,385147.0,16757.80489916992
500,ails2_eoh_acc,385131.0,16769.752899169922
501,ails2_eoh_acc,385126.0,16822.01989916992
502,ails2_eoh_omega2,385521.0,16943.69789916992
503,HGS-TV,385132.0,16958.043860673904
504,ails2_etaMax1.000_stoppingTime86400.00,388048.0,16993.683899169922
505,ails2_eoh_omega2,385516.0,16946.80389916992
506,HGS-TV,385131.0,17036.446903705597
507,ails2_etaMax1.000_stoppingTime86400.00,388025.0,16994.06989916992
508,ails2_eoh_omega2,385515.0,17237.145899169922
509,HGS-TV,385128.0,17276.948984622955
510,ails2_eoh_omega2,385513.0,17265.07189916992
511,HGS-TV,385127.0,17413.764761686325
512,HGS-TV,385126.0,17473.986392736435
513,ails2_eoh_omega2,385512.0,17542.128899169922
514,ails2_eoh_omega2,385510.0,17543.770899169922
515,ails2_eoh_omega2,385509.0,17663.67289916992
516,ails2_eoh_acc,385123.0,17721.01689916992
517,ails2_etaMax0.020_stoppingTime86400.00,385147.0,17753.183899169922
518,ails2_eoh_acc,385122.0,17722.44189916992
519,ails2_etaMax0.020_stoppingTime86400.00,385120.0,17755.234899169922
520,filo2,385109.0,18065.51566553116
521,ails2_eoh_acc_large,385105.0,18059.06789916992
522,ails2_eoh_acc_large,385104.0,18129.254899169922
523,ails2_eoh_acc_large,385097.0,18160.17489916992
524,ails2_eoh_omega2,385508.0,18220.599899169923
525,ails2_eoh_acc_large,385087.0,18237.66089916992
526,ails2_eoh_omega2,385500.0,18245.850899169924
527,ails2_eoh_omega2,385493.0,18313.42589916992
528,ails2_etaMax1.000_stoppingTime86400.00,388000.0,18616.71189916992
529,ails2_eoh_acc_large,385086.0,18630.415899169922
530,ails2_etaMax1.000_stoppingTime1728000.00,389266.0,18663.21489916992
531,ails2_etaMax1.000_stoppingTime86400.00,387924.0,18617.574899169922
532,ails2_eoh_acc_large,385085.0,18679.71089916992
533,ails2_etaMax1.000_stoppingTime1728000.00,389247.0,18663.37089916992
534,HGS-TV,385103.0,18726.252978801727
535,ails2_eoh_acc_large,385082.0,18794.877899169922
536,ails2_eoh_acc_large,385080.0,18829.84089916992
537,ails2_eoh_omega2,385492.0,18921.26789916992
538,HGS-TV,385102.0,18929.300723552704
539,ails2_eoh_omega2,385473.0,18960.004899169922
540,HGS-TV,385100.0,18991.314091444016
541,ails2_etaMax0.010_stoppingTime432000.00,385567.0,19486.01689916992
542,ails2_etaMax1.000_stoppingTime86400.00,387906.0,20302.382899169923
543,ails2_etaMax1.000_stoppingTime86400.00,387858.0,20302.42789916992
544,ails2_etaMax1.000_stoppingTime432000.00,388986.0,20497.381899169923
545,ails2_etaMax1.000_stoppingTime86400.00,387811.0,20695.67989916992
546,ails2_etaMax1.000_stoppingTime86400.00,387783.0,20933.17689916992
547,ails2_etaMax1.000_stoppingTime86400.00,387687.0,20934.78489916992
548,ails2_etaMax1.000_stoppingTime86400.00,387661.0,21284.21189916992
549,ails2_etaMax1.000_stoppingTime86400.00,387567.0,21285.74489916992
550,ails2_etaMax1.000_stoppingTime86400.00,387551.0,21752.63789916992
551,ails2_etaMax1.000_stoppingTime86400.00,387539.0,21752.934899169923
552,ails2_etaMax1.000_stoppingTime86400.00,387534.0,22080.559899169923
553,ails2_etaMax1.000_stoppingTime86400.00,387497.0,22101.30289916992
554,ails2_etaMax1.000_stoppingTime1728000.00,389209.0,22155.561899169923
555,ails2_etaMax1.000_stoppingTime432000.00,388959.0,22395.863899169923
556,ails2_etaMax1.000_stoppingTime864000.00,389154.0,22406.272899169922
557,ails2_etaMax1.000_stoppingTime432000.00,388936.0,22395.89489916992
558,ails2_etaMax1.000_stoppingTime864000.00,389152.0,22792.58389916992
559,ails2_etaMax1.000_stoppingTime86400.00,387495.0,23293.01789916992
560,ails2_etaMax1.000_stoppingTime86400.00,387274.0,23293.76489916992
561,ails2_etaMax1.000_stoppingTime864000.00,389145.0,23383.85889916992
562,ails2_etaMax0.010_stoppingTime432000.00,385566.0,23441.46589916992
563,ails2_etaMax1.000_stoppingTime864000.00,389062.0,23383.901899169923
564,ails2_etaMax0.010_stoppingTime432000.00,385560.0,23442.26689916992
565,ails2_etaMax0.010_stoppingTime432000.00,385558.0,23600.469899169922
566,ails2_etaMax0.010_stoppingTime432000.00,385556.0,23714.276899169923
567,ails2_etaMax0.010_stoppingTime432000.00,385551.0,23756.51289916992
568,ails2_etaMax0.010_stoppingTime432000.00,385545.0,23834.772899169922
569,ails2_etaMax0.010_stoppingTime432000.00,385543.0,23836.707899169924
570,ails2_etaMax0.010_stoppingTime432000.00,385542.0,24589.734899169922
571,ails2_etaMax0.010_stoppingTime432000.00,385535.0,24642.51489916992
572,ails2_etaMax0.010_stoppingTime432000.00,385526.0,24656.60689916992
573,ails2_etaMax0.020_stoppingTime86400.00,385078.0,25131.276899169923
574,ails2_etaMax0.020_stoppingTime86400.00,385076.0,25131.69589916992
575,ails2_etaMax0.010_stoppingTime432000.00,385525.0,25193.31589916992
576,filo2,385067.0,25267.042663812637
577,ails2_eoh_acc_large,385051.0,25263.06589916992
578,ails2_etaMax0.010_stoppingTime432000.00,385524.0,25276.223899169923
579,ails2_eoh_acc_large,385043.0,25282.738899169923
580,ails2_etaMax0.010_stoppingTime432000.00,385511.0,25326.450899169922
581,ails2_eoh_acc_large,385038.0,25358.83689916992
582,ails2_etaMax1.000_stoppingTime86400.00,387259.0,25427.631899169923
583,ails2_eoh_acc_large,385034.0,25433.94389916992
584,ails2_etaMax1.000_stoppingTime86400.00,387227.0,25427.65689916992
585,ails2_etaMax1.000_stoppingTime432000.00,388902.0,25501.327899169923
586,ails2_etaMax1.000_stoppingTime432000.00,388816.0,25501.706899169923
587,ails2_eoh_acc_large,385021.0,25635.99989916992
588,ails2_etaMax0.010_stoppingTime432000.00,385510.0,25661.528899169924
589,ails2_eoh_acc_large,385010.0,25645.24789916992
590,ails2_etaMax0.010_stoppingTime432000.00,385509.0,25768.096899169923
591,ails2_etaMax0.010_stoppingTime432000.00,385504.0,25849.06689916992
592,ails2_eoh_acc_large,385009.0,25891.115899169923
593,ails2_etaMax0.010_stoppingTime432000.00,385502.0,25857.628899169922
594,ails2_eoh_acc_large,385005.0,26074.403899169924
595,ails2_etaMax1.000_stoppingTime86400.00,387201.0,26117.561899169923
596,ails2_eoh_acc_large,385004.0,26077.772899169922
597,ails2_etaMax1.000_stoppingTime86400.00,387184.0,26117.58689916992
598,ails2_eoh_acc_large,385003.0,26204.134899169923
599,ails2_etaMax1.000_stoppingTime1728000.00,389123.0,26235.238899169923
600,ails2_eoh_acc_large,385002.0,26227.653899169924
601,ails2_etaMax1.000_stoppingTime1728000.00,389096.0,26235.275899169923
602,HGS-TV,385050.0,26366.87647676468
603,HGS-TV,385049.0,26426.927600622177
604,ails2_eoh_acc_large,384994.0,26473.30289916992
605,HGS-TV,385048.0,26690.975727558136
606,HGS-TV,385044.0,26751.108337640762
607,ails2_etaMax1.000_stoppingTime86400.00,387183.0,26763.399899169923
608,ails2_etaMax0.005_stoppingTime86400.00,385075.0,26799.51389916992
609,ails2_etaMax1.000_stoppingTime86400.00,387161.0,26763.42589916992
610,ails2_eoh_acc_large,384991.0,26826.879899169922
611,ails2_etaMax0.005_stoppingTime86400.00,385072.0,26821.89389916992
612,ails2_etaMax0.010_stoppingTime432000.00,385501.0,26932.614899169923
613,ails2_etaMax1.000_stoppingTime86400.00,387148.0,26989.15689916992
614,ails2_etaMax0.010_stoppingTime432000.00,385495.0,26957.51589916992
615,ails2_etaMax1.000_stoppingTime86400.00,386959.0,26990.33889916992
616,ails2_etaMax0.010_stoppingTime432000.00,385491.0,27029.485899169922
617,ails2_etaMax0.005_stoppingTime86400.00,385067.0,27394.681899169922
618,ails2_etaMax0.005_stoppingTime86400.00,385064.0,27394.826899169922
619,ails2_etaMax1.000_stoppingTime86400.00,386939.0,27464.594899169922
620,ails2_etaMax0.005_stoppingTime86400.00,385063.0,27568.89389916992
621,ails2_etaMax0.005_stoppingTime86400.00,385061.0,27569.825899169922
622,ails2_etaMax0.005_stoppingTime86400.00,385059.0,27717.89089916992
623,ails2_etaMax0.005_stoppingTime86400.00,385058.0,27835.093899169922
624,ails2_etaMax0.005_stoppingTime86400.00,385057.0,27957.96589916992
625,ails2_eoh_acc_large,384987.0,27972.563899169923
626,HGS-TV,385043.0,28012.34520339966
627,ails2_etaMax0.005_stoppingTime86400.00,385050.0,27976.600899169924
628,ails2_eoh_acc_large,384985.0,27975.45889916992
629,HGS-TV,385042.0,28072.431087732315
630,HGS-TV,385041.0,28164.795378923416
631,ails2_etaMax1.000_stoppingTime86400.00,386901.0,28277.69589916992
632,ails2_etaMax1.000_stoppingTime86400.00,386844.0,28292.96689916992
633,ails2_etaMax0.010_stoppingTime432000.00,385490.0,28634.58689916992
634,ails2_etaMax0.010_stoppingTime432000.00,385489.0,28634.94289916992
635,HGS-TV,385040.0,28795.425065755844
636,ails2_eoh_acc_large,384983.0,28858.897899169922
637,ails2_etaMax0.010_stoppingTime432000.00,385487.0,28870.69689916992
638,ails2_etaMax0.010_stoppingTime432000.00,385481.0,28885.313899169923
639,ails2_etaMax0.010_stoppingTime432000.00,385480.0,28937.74989916992
640,ails2_etaMax0.010_stoppingTime432000.00,385479.0,29190.688899169923
641,ails2_etaMax0.010_stoppingTime432000.00,385463.0,29247.582899169924
642,ails2_etaMax0.010_stoppingTime432000.00,385462.0,29553.627899169922
643,ails2_etaMax0.010_stoppingTime432000.00,385456.0,29602.260899169924
644,ails2_etaMax0.010_stoppingTime432000.00,385455.0,29818.42389916992
645,ails2_etaMax1.000_stoppingTime86400.00,386842.0,30022.97789916992
646,ails2_etaMax1.000_stoppingTime86400.00,386830.0,30023.022899169922
647,ails2_etaMax1.000_stoppingTime86400.00,386822.0,30354.98189916992
648,ails2_eoh_acc,384983.0,30371.153899169924
649,ails2_etaMax1.000_stoppingTime86400.00,386742.0,30355.112899169922
650,ails2_etaMax1.000_stoppingTime86400.00,386728.0,30935.877899169922
651,ails2_etaMax1.000_stoppingTime86400.00,386568.0,30936.896899169922
652,HGS-TV,384983.0,32233.235466241837
653,HGS-TV,384983.0,32293.27749991417
654,ails2_etaMax1.000_stoppingTime86400.00,386564.0,32332.67489916992
655,HGS-TV,384983.0,32353.403339385986
656,ails2_etaMax1.000_stoppingTime86400.00,386518.0,32334.30589916992
657,ails2_etaMax1.000_stoppingTime86400.00,386516.0,33345.323899169925
658,ails2_etaMax1.000_stoppingTime86400.00,386488.0,33345.43589916992
659,ails2_etaMax1.000_stoppingTime432000.00,388804.0,34811.26089916992
660,ails2_etaMax1.000_stoppingTime432000.00,388679.0,34811.29689916992
661,ails2_etaMax1.000_stoppingTime86400.00,386468.0,35022.459899169924
662,ails2_etaMax1.000_stoppingTime86400.00,386446.0,35022.53689916992
663,ails2_etaMax1.000_stoppingTime86400.00,386434.0,35121.262899169924
664,ails2_etaMax1.000_stoppingTime432000.00,388658.0,35483.20889916992
665,ails2_etaMax1.000_stoppingTime432000.00,388559.0,35483.36189916992
666,HGS-TV,384983.0,36484.324466466904
667,HGS-TV,384983.0,36544.45039987564
668,ails2_etaMax1.000_stoppingTime86400.00,386425.0,36600.64789916992
669,HGS-TV,384983.0,36604.8129901886
670,HGS-TV,384983.0,36742.043397426605
671,HGS-TV,384983.0,36802.13734173775
672,ails2_etaMax1.000_stoppingTime86400.00,386393.0,36863.77189916992
673,HGS-TV,384983.0,36901.481194496155
674,ails2_etaMax1.000_stoppingTime86400.00,386390.0,36864.00089916992
675,HGS-TV,384983.0,36966.09997653961
676,ails2_etaMax1.000_stoppingTime86400.00,386387.0,36995.82089916992
677,ails2_etaMax1.000_stoppingTime86400.00,386330.0,36996.09889916992
678,HGS-TV,384983.0,37081.86601662636
679,HGS-TV,384983.0,37141.968311309814
680,ails2_etaMax1.000_stoppingTime86400.00,386324.0,37180.86189916992
681,HGS-TV,384983.0,37202.045307159424
682,ails2_etaMax1.000_stoppingTime86400.00,386173.0,37223.93289916992
683,HGS-TV,384983.0,37352.37786722183
684,HGS-TV,384983.0,37412.49467134476
685,ails2_eoh_omega2,385472.0,37451.64489916992
686,HGS-TV,384983.0,37472.725009441376
687,ails2_eoh_omega2,385467.0,37475.52689916992
688,HGS-TV,384983.0,37533.06094264984
689,ails2_etaMax1.000_stoppingTime864000.00,389016.0,37569.38389916992
690,HGS-TV,384983.0,37593.72001194954
691,HGS-TV,384983.0,37653.93691301346
692,HGS-TV,384983.0,38145.76548528671
693,ails2_etaMax0.010_stoppingTime432000.00,385454.0,38362.26389916992
694,HGS-TV,384983.0,38401.22886943817
695,ails2_etaMax0.010_stoppingTime432000.00,385446.0,38365.622899169924
696,ails2_eoh_omega2,385465.0,38525.35689916992
697,ails2_eoh_omega2,385461.0,38578.175899169924
698,ails2_etaMax0.010_stoppingTime432000.00,385445.0,38679.86089916992
699,ails2_etaMax0.010_stoppingTime432000.00,385440.0,38814.98889916992
700,HGS-TV,384983.0,38962.18488574028
701,HGS-TV,384983.0,39022.435272455215
702,HGS-TV,384983.0,39144.26303935051
703,HGS-TV,384983.0,39421.175037145615
704,HGS-TV,384983.0,39676.22504782677
705,HGS-TV,384983.0,39761.82892036438
706,ails2_etaMax1.000_stoppingTime86400.00,386172.0,39929.94989916992
707,ails2_etaMax1.000_stoppingTime86400.00,386049.0,39939.243899169924
708,HGS-TV,384983.0,40131.68812561035
709,ails2_etaMax0.010_stoppingTime432000.00,385439.0,40215.179899169925
710,ails2_etaMax0.010_stoppingTime432000.00,385433.0,40216.83289916992
711,ails2_etaMax1.000_stoppingTime86400.00,386041.0,40531.548899169924
712,ails2_etaMax1.000_stoppingTime86400.00,386001.0,40531.79489916992
713,HGS-TV,384983.0,40695.36489319801
714,ails2_etaMax1.000_stoppingTime86400.00,385998.0,40865.70489916992
715,ails2_etaMax1.000_stoppingTime86400.00,385978.0,40866.05889916992
716,HGS-TV,384983.0,41144.85495495796
717,ails2_eoh_omega2,385460.0,41343.658899169925
718,HGS-TV,384983.0,41510.119767427444
719,ails2_etaMax1.000_stoppingTime86400.00,385977.0,41510.243899169924
720,ails2_eoh_omega2,385459.0,41521.11489916992
721,ails2_etaMax1.000_stoppingTime86400.00,385959.0,41517.61489916992
722,HGS-TV,384983.0,41658.66528201103
723,HGS-TV,384983.0,41765.2349820137
724,HGS-TV,384983.0,41825.34224104881
725,ails2_etaMax1.000_stoppingTime864000.00,388965.0,41865.785899169925
726,ails2_etaMax1.000_stoppingTime864000.00,388888.0,41865.81689916992
727,HGS-TV,384983.0,42546.07565045357
728,ails2_eoh_omega2,385458.0,42796.11289916992
729,ails2_eoh_omega2,385450.0,42802.86989916992
730,HGS-TV,384983.0,43261.99383044243
731,ails2_etaMax1.000_stoppingTime86400.00,385907.0,43656.49889916992
732,ails2_etaMax1.000_stoppingTime86400.00,385897.0,43656.851899169924
733,HGS-TV,384983.0,43735.46425318718
734,HGS-TV,384983.0,44042.899767398834
735,HGS-TV,384983.0,44729.45629072189
736,HGS-TV,384983.0,45116.82956075668
737,ails2_etaMax1.000_stoppingTime86400.00,385886.0,45684.49189916992
738,ails2_etaMax1.000_stoppingTime86400.00,385885.0,45684.53989916992
739,ails2_etaMax1.000_stoppingTime86400.00,385876.0,45806.42689916992
740,ails2_etaMax1.000_stoppingTime86400.00,385794.0,45809.24689916992
741,ails2_etaMax1.000_stoppingTime86400.00,385781.0,45924.694899169925
742,HGS-TV,384983.0,46080.89978432655
743,ails2_etaMax1.000_stoppingTime1728000.00,389065.0,46315.02289916992
744,HGS-TV,384983.0,46802.68658041954
745,HGS-TV,384983.0,47081.4924492836
746,ails2_etaMax1.000_stoppingTime864000.00,388875.0,47185.78689916992
747,ails2_etaMax1.000_stoppingTime86400.00,385768.0,47237.00789916992
748,ails2_etaMax1.000_stoppingTime864000.00,388847.0,47185.82089916992
749,HGS-TV,384983.0,47260.257299661636
750,HGS-TV,384983.0,47411.77990102768
751,HGS-TV,384983.0,47472.00840806961
752,ails2_etaMax0.020_stoppingTime86400.00,384982.0,47573.09489916992
753,ails2_etaMax0.020_stoppingTime86400.00,384981.0,47708.36389916992
754,ails2_etaMax0.020_stoppingTime86400.00,384966.0,47762.963899169925
755,HGS-TV,384983.0,47782.59367489815
756,ails2_etaMax0.020_stoppingTime86400.00,384958.0,47782.09289916992
757,ails2_etaMax1.000_stoppingTime86400.00,385767.0,47874.61989916992
758,ails2_etaMax0.020_stoppingTime86400.00,384950.0,47860.15989916992
759,ails2_etaMax1.000_stoppingTime86400.00,385750.0,47874.83989916992
760,ails2_etaMax1.000_stoppingTime86400.00,385742.0,47956.97789916992
761,ails2_etaMax0.020_stoppingTime86400.00,384945.0,48012.97289916992
762,ails2_etaMax0.020_stoppingTime86400.00,384936.0,48072.982899169925
763,ails2_etaMax0.020_stoppingTime86400.00,384932.0,48093.04689916992
764,ails2_etaMax1.000_stoppingTime86400.00,385741.0,48146.548899169924
765,ails2_etaMax1.000_stoppingTime86400.00,385686.0,48159.139899169924
766,HGS-TV,384983.0,48241.48932361603
767,ails2_etaMax1.000_stoppingTime86400.00,385663.0,48488.084899169924
768,HGS-TV,384983.0,48536.809331178665
769,HGS-TV,384983.0,49056.290712594986
770,ails2_eoh_omega2,385448.0,49121.626899169925
771,ails2_eoh_omega2,385444.0,49122.84789916992
772,HGS-TV,384983.0,49431.51591157913
773,ails2_eoh_omega2,385442.0,49457.893899169925
774,ails2_eoh_omega2,385438.0,49459.480899169925
775,ails2_eoh_omega2,385435.0,49607.56389916992
776,ails2_eoh_omega2,385434.0,49849.26989916992
777,ails2_eoh_omega2,385431.0,49852.70889916992
778,HGS-TV,384983.0,50043.369857788086
779,HGS-TV,384983.0,50117.72181367874
780,ails2_etaMax1.000_stoppingTime86400.00,385662.0,50487.355899169925
781,ails2_etaMax1.000_stoppingTime86400.00,385587.0,50540.67289916992
782,ails2_etaMax1.000_stoppingTime86400.00,385510.0,50550.72489916992
783,HGS-TV,384918.0,50645.427048921585
784,ails2_etaMax0.005_stoppingTime86400.00,384931.0,50718.02489916992
785,ails2_etaMax0.005_stoppingTime86400.00,384929.0,50718.61689916992
786,ails2_eoh_acc,384927.0,50816.74189916992
787,ails2_etaMax0.005_stoppingTime86400.00,384928.0,50804.28689916992
788,ails2_etaMax1.000_stoppingTime864000.00,388835.0,51024.09989916992
789,ails2_etaMax0.005_stoppingTime86400.00,384927.0,51048.83089916992
790,ails2_etaMax0.005_stoppingTime86400.00,384924.0,51100.89789916992
791,ails2_etaMax0.005_stoppingTime86400.00,384914.0,51132.39089916992
792,HGS-TV,384916.0,51446.7554461956
793,HGS-TV,384915.0,51506.956949710846
794,ails2_etaMax1.000_stoppingTime86400.00,385509.0,51557.65389916992
795,HGS-TV,384914.0,51573.8182554245
796,HGS-TV,384913.0,51633.98202586174
797,ails2_etaMax1.000_stoppingTime86400.00,385507.0,51784.93389916992
798,ails2_etaMax1.000_stoppingTime86400.00,385504.0,51784.97489916992
799,ails2_etaMax1.000_stoppingTime86400.00,385453.0,51860.245899169924
800,HGS-TV,384912.0,51927.784836769104
801,HGS-TV,384910.0,52042.25418925285
802,ails2_eoh_omega2,385430.0,52252.730899169925
803,ails2_eoh_omega2,385429.0,52285.49489916992
804,ails2_etaMax0.005_stoppingTime86400.00,384913.0,52414.45589916992
805,HGS-TV,384908.0,52447.983880758286
806,ails2_eoh_omega2,385427.0,52465.51789916992
807,ails2_etaMax0.005_stoppingTime86400.00,384911.0,52414.766899169925
808,ails2_eoh_omega2,385412.0,52476.54389916992
809,HGS-TV,384906.0,52627.47259020805
810,HGS-TV,384904.0,52784.811822891235
811,ails2_etaMax0.010_stoppingTime432000.00,385432.0,52819.357899169925
812,ails2_etaMax1.000_stoppingTime86400.00,385451.0,52826.73889916992
813,HGS-TV,384903.0,52846.77828812599
814,ails2_etaMax0.010_stoppingTime432000.00,385431.0,52819.62989916992
815,ails2_etaMax1.000_stoppingTime86400.00,385401.0,52835.83789916992
816,HGS-TV,384902.0,53571.689714193344
817,ails2_etaMax1.000_stoppingTime86400.00,385394.0,53856.50289916992
818,ails2_etaMax1.000_stoppingTime86400.00,385335.0,53890.04789916992
819,ails2_etaMax0.010_stoppingTime432000.00,385429.0,54200.67189916992
820,ails2_etaMax1.000_stoppingTime86400.00,385333.0,56108.840899169925
821,ails2_etaMax1.000_stoppingTime86400.00,385323.0,56110.98789916992
822,ails2_etaMax1.000_stoppingTime86400.00,385304.0,56224.63089916992
823,ails2_etaMax1.000_stoppingTime86400.00,385297.0,56238.10689916992
824,ails2_etaMax1.000_stoppingTime86400.00,385296.0,56390.75789916992
825,ails2_etaMax1.000_stoppingTime86400.00,385252.0,56391.065899169924
826,ails2_eoh_omega2,385410.0,56717.840899169925
827,ails2_eoh_omega2,385407.0,56718.91589916992
828,ails2_etaMax1.000_stoppingTime86400.00,385249.0,56975.44189916992
829,ails2_eoh_omega2,385406.0,56998.56689916992
830,ails2_etaMax1.000_stoppingTime86400.00,385247.0,57043.55189916992
831,ails2_eoh_omega2,385399.0,57000.554899169925
832,ails2_etaMax1.000_stoppingTime86400.00,385220.0,57045.851899169924
833,HGS-TV,384902.0,57306.65755915642
834,HGS-TV,384902.0,57366.71145820618
835,HGS-TV,384902.0,57426.82819318771
836,HGS-TV,384902.0,57487.061371564865
837,HGS-TV,384902.0,57547.245993852615
838,HGS-TV,384902.0,57607.271766901016
839,HGS-TV,384902.0,57743.75399398804
840,HGS-TV,384902.0,57803.76490974426
841,ails2_eoh_omega2,385397.0,57846.13589916992
842,ails2_eoh_omega2,385396.0,57846.67289916992
843,HGS-TV,384902.0,58057.410343408585
844,HGS-TV,384902.0,58247.51575374603
845,HGS-TV,384902.0,58307.54828238487
846,HGS-TV,384902.0,58392.9343290329
847,HGS-TV,384902.0,58453.07644057274
848,HGS-TV,384902.0,58792.5422205925
849,HGS-TV,384902.0,59295.738053798676
850,ails2_etaMax1.000_stoppingTime86400.00,385218.0,59301.71989916992
851,ails2_etaMax1.000_stoppingTime86400.00,385201.0,59332.67089916992
852,HGS-TV,384902.0,59414.71246743202
853,ails2_etaMax1.000_stoppingTime86400.00,385200.0,59436.75289916992
854,ails2_eoh_omega2,385395.0,59470.02489916992
855,HGS-TV,384902.0,59495.61127901077
856,ails2_etaMax1.000_stoppingTime86400.00,385185.0,59437.63589916992
857,HGS-TV,384902.0,59646.466475725174
858,ails2_eoh_omega2,385394.0,60109.50589916992
859,ails2_etaMax1.000_stoppingTime86400.00,385183.0,60203.99689916992
860,HGS-TV,384902.0,60238.46472501755
861,ails2_etaMax1.000_stoppingTime86400.00,385159.0,60206.18689916992
862,ails2_eoh_omega2,385391.0,60268.14889916992
863,ails2_etaMax0.005_stoppingTime86400.00,384901.0,60439.268899169925
864,ails2_etaMax1.000_stoppingTime432000.00,388539.0,60687.39589916992
865,HGS-TV,384902.0,60756.8895714283
866,HGS-TV,384902.0,60892.801166296005
867,HGS-TV,384902.0,60952.90789651871
868,HGS-TV,384902.0,61034.42038273811
869,ails2_etaMax0.010_stoppingTime432000.00,385427.0,61035.71789916992
870,ails2_eoh_omega2,385389.0,61056.425899169924
871,ails2_etaMax0.010_stoppingTime432000.00,385426.0,61035.73989916992
872,ails2_eoh_omega2,385382.0,61107.26789916992
873,HGS-TV,384902.0,61197.80827307701
874,ails2_eoh_omega2,385381.0,61247.93889916992
875,filo2,384899.0,61272.00159883499
876,ails2_eoh_acc,384878.0,61268.34289916992
877,ails2_eoh_omega2,385378.0,61256.050899169924
878,ails2_eoh_acc_large,384895.0,61308.34189916992
879,ails2_eoh_acc,384874.0,61318.06489916992
880,ails2_eoh_omega2,385375.0,61355.15589916992
881,ails2_eoh_acc_large,384889.0,61355.09989916992
882,ails2_eoh_acc,384873.0,61442.28689916992
883,ails2_eoh_acc_large,384888.0,61471.32789916992
884,ails2_eoh_acc,384872.0,61473.89289916992
885,ails2_eoh_omega2,385374.0,61525.48389916992
886,ails2_eoh_omega2,385372.0,61525.62189916992
887,ails2_eoh_acc_large,384887.0,61679.20889916992
888,ails2_etaMax1.000_stoppingTime86400.00,385158.0,61817.96489916992
889,ails2_etaMax1.000_stoppingTime86400.00,385155.0,61819.02789916992
890,ails2_etaMax1.000_stoppingTime86400.00,385143.0,61960.982899169925
891,ails2_etaMax1.000_stoppingTime86400.00,385139.0,61965.26189916992
892,ails2_eoh_omega2,385371.0,62054.38489916992
893,ails2_eoh_omega2,385370.0,62056.840899169925
894,ails2_eoh_omega2,385367.0,62217.031899169924
895,ails2_etaMax1.000_stoppingTime86400.00,385135.0,62259.16189916992
896,ails2_eoh_omega2,385365.0,62217.31389916992
897,ails2_etaMax1.000_stoppingTime86400.00,385127.0,62259.198899169925
898,ails2_etaMax1.000_stoppingTime86400.00,385097.0,62361.23989916992
899,ails2_etaMax0.010_stoppingTime432000.00,385425.0,62484.234899169925
900,ails2_eoh_acc,384870.0,62924.38089916992
901,ails2_eoh_acc_large,384886.0,63280.21689916992
902,ails2_etaMax0.010_stoppingTime432000.00,385424.0,63684.50989916992
903,ails2_etaMax0.010_stoppingTime432000.00,385420.0,63685.96789916992
904,ails2_etaMax1.000_stoppingTime1728000.00,389023.0,63949.588899169925
905,HGS-TV,384877.0,64049.30655503273
906,ails2_etaMax1.000_stoppingTime432000.00,388503.0,64354.41889916992
907,ails2_etaMax1.000_stoppingTime432000.00,388183.0,64355.406899169924
908,ails2_etaMax1.000_stoppingTime86400.00,385095.0,64989.160899169925
909,ails2_etaMax1.000_stoppingTime86400.00,385088.0,65002.97789916992
910,ails2_etaMax1.000_stoppingTime86400.00,385083.0,65130.618899169924
911,ails2_eoh_omega2,385364.0,65357.29189916992
912,ails2_etaMax1.000_stoppingTime86400.00,385080.0,66428.14289916992
913,ails2_etaMax1.000_stoppingTime86400.00,385075.0,66516.62389916992
914,ails2_etaMax1.000_stoppingTime86400.00,385074.0,66809.21489916992
915,ails2_etaMax1.000_stoppingTime86400.00,385060.0,66858.01989916993
916,ails2_etaMax1.000_stoppingTime86400.00,385059.0,67491.44089916992
917,ails2_etaMax1.000_stoppingTime864000.00,388824.0,67550.74389916992
918,ails2_etaMax1.000_stoppingTime86400.00,385058.0,67492.59389916992
919,ails2_etaMax1.000_stoppingTime864000.00,388806.0,67553.09289916992
920,ails2_etaMax1.000_stoppingTime86400.00,385047.0,67588.92089916993
921,ails2_etaMax1.000_stoppingTime864000.00,388805.0,68070.34289916992
922,ails2_etaMax1.000_stoppingTime86400.00,385046.0,68498.36689916992
923,ails2_etaMax1.000_stoppingTime86400.00,385035.0,68505.26689916992
924,ails2_etaMax1.000_stoppingTime864000.00,388776.0,68794.70789916992
925,ails2_etaMax1.000_stoppingTime864000.00,388703.0,68794.78589916992
926,HGS-TV,384870.0,69339.85028553009
927,HGS-TV,384870.0,69399.91453886032
928,HGS-TV,384870.0,69460.03778028488
929,HGS-TV,384870.0,69520.05149579048
930,ails2_etaMax1.000_stoppingTime86400.00,385034.0,69553.85689916993
931,HGS-TV,384870.0,69580.2064139843
932,ails2_eoh_acc_large,384868.0,69596.72589916992
933,HGS-TV,384870.0,69640.3090171814
934,HGS-TV,384870.0,69700.32360601425
935,ails2_etaMax1.000_stoppingTime86400.00,385027.0,69706.05489916992
936,ails2_etaMax1.000_stoppingTime86400.00,385022.0,69706.17189916992
937,HGS-TV,384870.0,69921.94833469391
938,HGS-TV,384870.0,69982.2228102684
939,HGS-TV,384870.0,70122.1162788868
940,ails2_etaMax1.000_stoppingTime86400.00,385020.0,70776.16689916993
941,ails2_etaMax1.000_stoppingTime86400.00,385010.0,70777.56289916992
942,HGS-TV,384870.0,70884.05398750305
943,HGS-TV,384870.0,70944.05567574501
944,ails2_etaMax1.000_stoppingTime86400.00,385009.0,70967.00089916993
945,ails2_etaMax1.000_stoppingTime86400.00,385004.0,70967.11389916993
946,HGS-TV,384870.0,71226.3612203598
947,ails2_etaMax1.000_stoppingTime86400.00,385003.0,71327.88589916992
948,ails2_etaMax1.000_stoppingTime86400.00,384986.0,71328.43989916993
949,HGS-TV,384870.0,71500.73789572716
950,HGS-TV,384870.0,71560.86022424698
951,ails2_etaMax1.000_stoppingTime86400.00,384984.0,71768.89689916992
952,ails2_etaMax1.000_stoppingTime86400.00,384981.0,71769.18689916992
953,HGS-TV,384870.0,71992.51005983353
954,ails2_etaMax1.000_stoppingTime86400.00,384979.0,72550.58089916992
955,ails2_etaMax1.000_stoppingTime86400.00,384977.0,72553.38389916992
956,ails2_etaMax1.000_stoppingTime86400.00,384969.0,72637.54789916992
957,ails2_etaMax0.010_stoppingTime432000.00,385419.0,72714.59489916993
958,ails2_etaMax0.010_stoppingTime432000.00,385418.0,73286.97489916992
959,ails2_etaMax0.010_stoppingTime432000.00,385417.0,73287.75689916992
960,ails2_etaMax1.000_stoppingTime86400.00,384961.0,73528.76089916992
961,ails2_etaMax1.000_stoppingTime86400.00,384957.0,73636.60189916992
962,ails2_etaMax1.000_stoppingTime86400.00,384950.0,73640.08689916992
963,ails2_etaMax1.000_stoppingTime86400.00,384946.0,74164.96989916993
964,ails2_etaMax1.000_stoppingTime86400.00,384937.0,74166.16689916993
965,ails2_etaMax1.000_stoppingTime86400.00,384934.0,74290.58489916992
966,ails2_etaMax1.000_stoppingTime86400.00,384932.0,74291.28289916992
967,ails2_etaMax1.000_stoppingTime432000.00,388176.0,74638.16189916992
968,ails2_etaMax1.000_stoppingTime432000.00,388166.0,74638.19389916993
969,HGS-TV,384868.0,76436.23072195053
970,HGS-TV,384868.0,76496.24054479599
971,HGS-TV,384868.0,76556.68168878555
972,HGS-TV,384868.0,76671.2451608181
973,HGS-TV,384868.0,76731.33794164658
974,HGS-TV,384868.0,76823.45628428459
975,HGS-TV,384868.0,76883.93081116676
976,HGS-TV,384868.0,76943.94919133186
977,HGS-TV,384868.0,77004.3212556839
978,HGS-TV,384868.0,77081.65405964851
979,HGS-TV,384868.0,77141.80847167969
980,HGS-TV,384868.0,77507.7478852272
981,HGS-TV,384868.0,77691.99804282188
982,HGS-TV,384868.0,77752.4773581028
983,ails2_eoh_omega2,385363.0,78076.14589916992
984,HGS-TV,384868.0,78196.72616314888
985,HGS-TV,384868.0,78357.32331776619
986,HGS-TV,384868.0,78699.13169574738
987,HGS-TV,384868.0,78889.38197875023
988,ails2_etaMax1.000_stoppingTime1728000.00,389009.0,79014.44889916992
989,HGS-TV,384868.0,79323.82331848145
990,HGS-TV,384868.0,79383.86502718925
991,ails2_eoh_omega2,385362.0,79384.67489916993
992,HGS-TV,384868.0,79443.92639136314
993,ails2_eoh_omega2,385350.0,79440.83489916992
994,ails2_eoh_omega2,385349.0,79447.51389916992
995,ails2_etaMax1.000_stoppingTime1728000.00,389003.0,79528.12389916992
996,ails2_eoh_omega2,385348.0,79580.39189916992
997,ails2_etaMax1.000_stoppingTime1728000.00,388880.0,79528.54789916992
998,ails2_eoh_omega2,385342.0,79632.04589916993
999,ails2_eoh_omega2,385340.0,79645.97089916992
1000,HGS-TV,384868.0,79900.01896929741
1001,HGS-TV,384868.0,80332.80565881729
1002,HGS-TV,384868.0,80825.45181560516
1003,ails2_etaMax1.000_stoppingTime86400.00,384931.0,81330.08889916992
1004,ails2_etaMax1.000_stoppingTime86400.00,384928.0,81330.18289916991
1005,HGS-TV,384868.0,81539.45504832268
1006,ails2_etaMax1.000_stoppingTime86400.00,384927.0,82418.25489916992
1007,ails2_etaMax1.000_stoppingTime86400.00,384925.0,82418.33689916992
1008,HGS-TV,384868.0,82999.83018541336
1009,ails2_etaMax1.000_stoppingTime432000.00,388161.0,83027.67289916992
1010,HGS-TV,384868.0,83117.73116016388
1011,ails2_etaMax1.000_stoppingTime432000.00,388142.0,83403.79889916992
1012,HGS-TV,384868.0,83428.55073070526
1013,ails2_etaMax1.000_stoppingTime432000.00,388112.0,83403.92989916992
1014,HGS-TV,384868.0,83488.70237398148
1015,HGS-TV,384868.0,83549.04980945587
1016,ails2_etaMax1.000_stoppingTime432000.00,388098.0,83570.51189916993
1017,ails2_etaMax1.000_stoppingTime86400.00,384924.0,83624.42889916993
1018,ails2_etaMax1.000_stoppingTime432000.00,388044.0,83570.54189916993
1019,HGS-TV,384868.0,83633.78491663933
1020,ails2_etaMax1.000_stoppingTime864000.00,388634.0,83657.73889916993
1021,ails2_etaMax1.000_stoppingTime864000.00,388565.0,83657.90989916993
1022,HGS-TV,384868.0,83915.9407696724
1023,HGS-TV,384868.0,84074.39056444168
1024,HGS-TV,384868.0,84616.11768746376
1025,ails2_etaMax1.000_stoppingTime86400.00,384922.0,84905.03889916991
1026,ails2_etaMax1.000_stoppingTime86400.00,384921.0,84905.28889916991
1027,HGS-TV,384868.0,85160.5104355812
1028,HGS-TV,384868.0,85643.56004881859
1029,ails2_etaMax1.000_stoppingTime432000.00,388041.0,86271.83589916992
1030,ails2_etaMax1.000_stoppingTime432000.00,388016.0,86272.04589916993
1031,HGS-TV,384868.0,86650.47342729568
1032,HGS-TV,384868.0,86710.81750178337
1033,HGS-TV,384868.0,86946.88668966293
1034,HGS-TV,384868.0,87057.50868630409
1035,HGS-TV,384868.0,87145.27411961555
1036,HGS-TV,384868.0,87329.97909617424
1037,HGS-TV,384868.0,87592.13109374046
1038,HGS-TV,384868.0,87652.16881990433
1039,HGS-TV,384868.0,87865.39978766441
1040,HGS-TV,384868.0,87971.0738735199
1041,HGS-TV,384868.0,88171.46003341675
1042,HGS-TV,384868.0,88626.46584033966
1043,HGS-TV,384868.0,89007.10881614685
1044,HGS-TV,384868.0,89331.23594903946
1045,HGS-TV,384868.0,89604.31182026863
1046,HGS-TV,384868.0,89664.33965873718
1047,HGS-TV,384868.0,90052.95182967186
1048,HGS-TV,384868.0,90332.6666893959
1049,ails2_etaMax0.010_stoppingTime432000.00,385416.0,90681.60389916992
1050,ails2_etaMax0.010_stoppingTime432000.00,385407.0,90732.20089916993
1051,HGS-TV,384868.0,90968.25582814217
1052,ails2_etaMax1.000_stoppingTime432000.00,387966.0,90968.89889916992
1053,ails2_etaMax1.000_stoppingTime432000.00,387957.0,90968.96089916992
1054,ails2_etaMax0.010_stoppingTime432000.00,385406.0,91074.76889916993
1055,ails2_etaMax0.010_stoppingTime432000.00,385402.0,91077.20889916993
1056,HGS-TV,384868.0,91363.59397673607
1057,HGS-TV,384868.0,91961.86699342728
1058,ails2_etaMax0.010_stoppingTime432000.00,385400.0,92126.98989916992
1059,ails2_etaMax1.000_stoppingTime432000.00,387897.0,92636.83489916992
1060,ails2_etaMax1.000_stoppingTime432000.00,387825.0,92637.21389916992
1061,HGS-TV,384868.0,92857.40706253052
1062,ails2_etaMax1.000_stoppingTime432000.00,387814.0,93000.36489916992
1063,HGS-TV,384868.0,93279.35543560982
1064,ails2_eoh_omega2,385338.0,93312.52689916993
1065,HGS-TV,384868.0,93413.50479412079
1066,ails2_etaMax1.000_stoppingTime432000.00,387763.0,93489.20489916993
1067,ails2_etaMax1.000_stoppingTime432000.00,387762.0,93684.68989916993
1068,ails2_eoh_omega2,385336.0,93702.92989916992
1069,ails2_etaMax1.000_stoppingTime432000.00,387707.0,93684.79289916992
1070,ails2_eoh_omega2,385335.0,93702.97189916992
1071,HGS-TV,384868.0,94371.96804690361
1072,HGS-TV,384868.0,94505.92703390121
1073,HGS-TV,384868.0,94568.33346438408
1074,ails2_eoh_omega2,385330.0,94763.97789916993
1075,ails2_eoh_omega2,385328.0,94764.20989916992
1076,HGS-TV,384868.0,95159.67204594612
1077,HGS-TV,384868.0,95409.48112988472
1078,HGS-TV,384868.0,95546.88458538055
1079,HGS-TV,384868.0,95625.0370748043
1080,HGS-TV,384868.0,96556.42030715942
1081,HGS-TV,384868.0,96731.31204295158
1082,HGS-TV,384868.0,97119.94464755058
1083,HGS-TV,384868.0,97268.48105096817
1084,ails2_etaMax1.000_stoppingTime432000.00,387669.0,97778.08689916992
1085,ails2_etaMax1.000_stoppingTime432000.00,387647.0,97778.15589916993
1086,HGS-TV,384868.0,97920.30224633217
1087,ails2_etaMax1.000_stoppingTime1728000.00,388837.0,98233.94889916992
1088,HGS-TV,384868.0,98442.67867422104
1089,ails2_etaMax1.000_stoppingTime432000.00,387634.0,98444.82789916992
1090,ails2_etaMax1.000_stoppingTime432000.00,387620.0,98445.13889916992
1091,HGS-TV,384868.0,98911.27303504944
1092,ails2_etaMax1.000_stoppingTime432000.00,387606.0,99853.79489916992
1093,ails2_etaMax1.000_stoppingTime432000.00,387537.0,99854.39689916992
1094,ails2_etaMax0.010_stoppingTime432000.00,385398.0,100356.01089916992
1095,HGS-TV,384868.0,100996.01225280762
1096,HGS-TV,384868.0,101314.30938959122
1097,HGS-TV,384868.0,102331.0751004219
1098,ails2_etaMax1.000_stoppingTime432000.00,387535.0,102776.39089916993
1099,ails2_etaMax1.000_stoppingTime432000.00,387492.0,102793.91889916992
1100,HGS-TV,384868.0,103193.00684928894
1101,HGS-TV,384868.0,103393.37374973297
1102,HGS-TV,384868.0,103457.60220742226
1103,HGS-TV,384868.0,103563.68667316437
1104,HGS-TV,384868.0,103669.09317064285
1105,HGS-TV,384868.0,103804.13709068298
1106,HGS-TV,384868.0,103864.17856788635
1107,HGS-TV,384868.0,104089.40815925598
1108,ails2_etaMax1.000_stoppingTime432000.00,387471.0,104116.63489916992
1109,ails2_etaMax1.000_stoppingTime432000.00,387446.0,104116.79789916992
1110,HGS-TV,384868.0,104199.08543658257
1111,HGS-TV,384868.0,104458.1749920845
1112,HGS-TV,384868.0,104543.39259719849
1113,HGS-TV,384868.0,104685.3689186573
1114,HGS-TV,384868.0,104781.76688599586
1115,HGS-TV,384868.0,104841.80324029922
1116,ails2_etaMax1.000_stoppingTime1728000.00,388828.0,104894.64289916992
1117,ails2_etaMax1.000_stoppingTime1728000.00,388667.0,104905.79589916993
1118,HGS-TV,384868.0,104992.8288769722
1119,HGS-TV,384868.0,105087.31397414207
1120,HGS-TV,384868.0,105380.72571730614
1121,HGS-TV,384868.0,105481.61571383476
1122,HGS-TV,384868.0,105706.22828102112
1123,HGS-TV,384868.0,105894.49045610428
1124,HGS-TV,384868.0,106080.98974347115
1125,ails2_etaMax1.000_stoppingTime864000.00,388520.0,106573.54489916992
1126,HGS-TV,384868.0,106715.89917850494
1127,HGS-TV,384868.0,106802.87282013893
1128,HGS-TV,384868.0,106971.7225458622
1129,HGS-TV,384868.0,107101.07434654236
1130,HGS-TV,384868.0,107214.64691472054
1131,HGS-TV,384868.0,107274.95006299019
1132,ails2_etaMax0.005_stoppingTime86400.00,384867.0,107623.18389916992
1133,HGS-TV,384868.0,107841.89789032936
1134,ails2_etaMax1.000_stoppingTime864000.00,388500.0,107924.11189916992
1135,ails2_etaMax1.000_stoppingTime864000.00,388475.0,107924.16489916992
1136,ails2_etaMax1.000_stoppingTime432000.00,387445.0,107992.36989916992
1137,HGS-TV,384868.0,108000.50424981117
1138,ails2_etaMax1.000_stoppingTime432000.00,387401.0,107992.52189916992
1139,filo2,384864.0,108075.40497493744
1140,HGS-TV,384860.0,108394.14103293419
1141,HGS-TV,384859.0,109203.3033452034
1142,HGS-TV,384856.0,109864.71761727333
1143,HGS-TV,384855.0,109924.77505397797
1144,HGS-TV,384854.0,110721.4017701149
1145,ails2_etaMax1.000_stoppingTime864000.00,388391.0,113286.40689916992
1146,ails2_etaMax1.000_stoppingTime864000.00,388355.0,113286.42989916992
1147,ails2_etaMax1.000_stoppingTime432000.00,387352.0,113486.98389916992
1148,ails2_etaMax1.000_stoppingTime432000.00,387340.0,113502.35889916992
1149,ails2_etaMax1.000_stoppingTime432000.00,387326.0,113697.39689916992
1150,HGS-TV,384854.0,114160.44719862938
1151,HGS-TV,384854.0,114220.78846502304
1152,HGS-TV,384854.0,114280.86823987961
1153,HGS-TV,384854.0,114341.33111286163
1154,HGS-TV,384854.0,114401.4510371685
1155,ails2_etaMax1.000_stoppingTime432000.00,387311.0,114434.77389916992
1156,HGS-TV,384854.0,114461.54131317139
1157,ails2_etaMax1.000_stoppingTime432000.00,387195.0,114435.43689916992
1158,HGS-TV,384854.0,114521.97889685631
1159,HGS-TV,384854.0,114582.33537101746
1160,HGS-TV,384854.0,114755.96117758751
1161,HGS-TV,384854.0,114899.60102772713
1162,HGS-TV,384854.0,115131.36451292038
1163,HGS-TV,384854.0,115246.5357761383
1164,HGS-TV,384854.0,115327.99200773239
1165,HGS-TV,384854.0,115387.99399924278
1166,HGS-TV,384854.0,115565.73959732056
1167,HGS-TV,384854.0,115642.83661794662
1168,HGS-TV,384854.0,116013.53536748886
1169,HGS-TV,384854.0,116344.28656768799
1170,ails2_eoh_omega2,385327.0,116938.18389916992
1171,ails2_eoh_omega2,385326.0,116939.57089916992
1172,HGS-TV,384854.0,117403.01619648933
1173,HGS-TV,384854.0,117937.75695538521
1174,HGS-TV,384854.0,117998.05924344063
1175,HGS-TV,384854.0,118100.53484416008
1176,HGS-TV,384854.0,118160.69731879234
1177,HGS-TV,384854.0,118754.53071165085
1178,HGS-TV,384854.0,119089.01724052429
1179,HGS-TV,384854.0,119149.22372817993
1180,HGS-TV,384854.0,119209.34249973297
1181,HGS-TV,384854.0,119379.13107204437
1182,HGS-TV,384854.0,119583.00244426727
1183,HGS-TV,384854.0,119881.16012978554
1184,HGS-TV,384854.0,120043.11406421661
1185,HGS-TV,384854.0,120290.14269900322
1186,HGS-TV,384854.0,120535.524538517
1187,HGS-TV,384854.0,120595.70236515999
1188,HGS-TV,384854.0,120655.8087618351
1189,HGS-TV,384854.0,120998.36355042458
1190,HGS-TV,384854.0,121058.70181298256
1191,HGS-TV,384854.0,121256.59472060204
1192,ails2_etaMax1.000_stoppingTime432000.00,387186.0,121265.05489916992
1193,HGS-TV,384854.0,121316.70193719864
1194,ails2_etaMax1.000_stoppingTime432000.00,387080.0,121265.46489916992
1195,HGS-TV,384854.0,121493.23526978493
1196,HGS-TV,384854.0,121553.36605405807
1197,ails2_etaMax1.000_stoppingTime432000.00,387073.0,121580.65689916992
1198,HGS-TV,384854.0,121622.29691720009
1199,ails2_etaMax1.000_stoppingTime432000.00,387043.0,121580.77589916992
1200,HGS-TV,384854.0,121717.66140007973
1201,HGS-TV,384854.0,121777.7453994751
1202,HGS-TV,384854.0,121837.77721214294
1203,HGS-TV,384854.0,122055.63277077675
1204,HGS-TV,384854.0,122642.2132730484
1205,HGS-TV,384854.0,122878.88203191757
1206,HGS-TV,384854.0,123448.10837197304
1207,HGS-TV,384854.0,123533.61362886429
1208,HGS-TV,384854.0,124129.03665280342
1209,HGS-TV,384854.0,124201.26486372948
1210,HGS-TV,384854.0,124299.69496393204
1211,HGS-TV,384854.0,124372.62651968002
1212,HGS-TV,384854.0,125058.78116106987
1213,HGS-TV,384854.0,125118.80870461464
1214,HGS-TV,384854.0,125250.61120533943
1215,HGS-TV,384854.0,125397.07503938675
1216,HGS-TV,384854.0,125866.78402686119
1217,HGS-TV,384854.0,126088.42143058777
1218,HGS-TV,384854.0,126148.73586416245
1219,ails2_etaMax1.000_stoppingTime432000.00,387036.0,126531.72589916992
1220,ails2_eoh_omega2,385324.0,126586.16589916992
1221,ails2_etaMax1.000_stoppingTime432000.00,387034.0,126531.75989916992
1222,ails2_eoh_omega2,385321.0,126630.15589916993
1223,HGS-TV,384854.0,126739.90342879295
1224,HGS-TV,384854.0,126897.12372326851
1225,HGS-TV,384854.0,127175.20172667503
1226,ails2_eoh_omega2,385320.0,127178.07789916992
1227,HGS-TV,384854.0,127447.16086268425
1228,HGS-TV,384854.0,127908.83989238739
1229,ails2_etaMax1.000_stoppingTime1728000.00,388663.0,128012.12589916993
1230,HGS-TV,384854.0,128211.55239844322
1231,ails2_etaMax1.000_stoppingTime432000.00,387007.0,128292.69589916992
1232,HGS-TV,384854.0,128311.24995589256
1233,ails2_etaMax1.000_stoppingTime432000.00,387000.0,128292.72589916992
1234,ails2_etaMax1.000_stoppingTime1728000.00,388661.0,128528.77589916992
1235,HGS-TV,384854.0,128544.36159944534
1236,ails2_etaMax1.000_stoppingTime1728000.00,388657.0,128528.79889916992
1237,HGS-TV,384854.0,129107.15977501869
1238,HGS-TV,384854.0,129251.03865766525
1239,ails2_eoh_omega2,385314.0,129315.27989916992
1240,ails2_etaMax1.000_stoppingTime432000.00,386998.0,129322.15989916993
1241,ails2_eoh_omega2,385310.0,129316.84989916992
1242,HGS-TV,384854.0,129553.62586593628
1243,HGS-TV,384854.0,129758.73752188683
1244,HGS-TV,384854.0,130419.57762742043
1245,HGS-TV,384854.0,130491.93265557289
1246,HGS-TV,384854.0,130552.09864783287
1247,HGS-TV,384854.0,130878.95063304901
1248,HGS-TV,384854.0,131161.25617051125
1249,HGS-TV,384854.0,131365.58316016197
1250,HGS-TV,384854.0,131527.39496946335
1251,HGS-TV,384854.0,131626.0045428276
1252,HGS-TV,384854.0,131731.36797618866
1253,HGS-TV,384854.0,131857.20077180862
1254,HGS-TV,384854.0,131964.58189606667
1255,HGS-TV,384854.0,132024.83881545067
1256,HGS-TV,384854.0,132194.76266860962
1257,HGS-TV,384854.0,132258.62603998184
1258,HGS-TV,384854.0,132526.63504433632
1259,ails2_etaMax1.000_stoppingTime864000.00,388329.0,132670.63789916993
1260,HGS-TV,384854.0,132671.27038431168
1261,ails2_etaMax1.000_stoppingTime432000.00,386986.0,132704.57089916992
1262,ails2_etaMax1.000_stoppingTime432000.00,386983.0,132704.75289916992
1263,HGS-TV,384854.0,133029.2132577896
1264,HGS-TV,384854.0,133172.46964621544
1265,HGS-TV,384854.0,133283.74977445602
1266,HGS-TV,384854.0,133370.64189696312
1267,HGS-TV,384854.0,133478.66928577423
1268,HGS-TV,384854.0,133538.98381733894
1269,HGS-TV,384854.0,133599.24837756157
1270,HGS-TV,384854.0,133741.90077137947
1271,HGS-TV,384854.0,133802.1442797184
1272,ails2_etaMax1.000_stoppingTime432000.00,386952.0,134211.69889916992
1273,ails2_etaMax1.000_stoppingTime432000.00,386922.0,134211.7948991699
1274,HGS-TV,384854.0,134334.75640654564
1275,HGS-TV,384854.0,134422.73480081558
1276,ails2_eoh_omega2,385308.0,134442.6938991699
1277,ails2_eoh_omega2,385307.0,134446.91789916993
1278,HGS-TV,384854.0,134590.13477277756
1279,HGS-TV,384854.0,134650.31116771698
1280,HGS-TV,384854.0,134835.63129997253
1281,HGS-TV,384854.0,135027.0331287384
1282,HGS-TV,384854.0,135087.23833823204
1283,HGS-TV,384854.0,135147.3079907894
1284,ails2_etaMax1.000_stoppingTime432000.00,386842.0,135279.0638991699
1285,HGS-TV,384854.0,135522.47801923752
1286,HGS-TV,384854.0,135586.82485628128
1287,HGS-TV,384854.0,135647.33261990547
1288,HGS-TV,384854.0,135942.104493618
1289,HGS-TV,384854.0,136002.21287298203
1290,ails2_eoh_omega2,385302.0,136270.87789916992
1291,ails2_eoh_omega2,385299.0,136308.68189916993
1292,ails2_eoh_omega2,385296.0,136451.32789916993
1293,ails2_eoh_omega2,385295.0,136451.77489916992
1294,ails2_etaMax1.000_stoppingTime432000.00,386787.0,136676.03889916991
1295,ails2_etaMax1.000_stoppingTime432000.00,386786.0,136676.09189916993
1296,HGS-TV,384854.0,136971.88659095764
1297,HGS-TV,384854.0,137087.91833519936
1298,ails2_etaMax1.000_stoppingTime432000.00,386782.0,137134.27689916993
1299,ails2_etaMax1.000_stoppingTime432000.00,386710.0,137166.54389916992
1300,HGS-TV,384854.0,137206.25102066994
1301,HGS-TV,384854.0,137619.6225001812
1302,HGS-TV,384854.0,137972.9461390972
1303,HGS-TV,384854.0,138032.96608042717
1304,HGS-TV,384854.0,138482.86376094818
1305,HGS-TV,384854.0,138542.9097354412
1306,HGS-TV,384854.0,138602.9461390972
1307,HGS-TV,384854.0,138663.19224572182
1308,ails2_etaMax1.000_stoppingTime432000.00,386690.0,138998.85589916992
1309,HGS-TV,384854.0,139014.59074044228
1310,HGS-TV,384854.0,139151.17539811134
1311,HGS-TV,384854.0,139231.65205216408
1312,ails2_etaMax1.000_stoppingTime432000.00,386672.0,139242.18789916992
1313,ails2_etaMax1.000_stoppingTime432000.00,386429.0,139243.74789916992
1314,HGS-TV,384854.0,139324.80534911156
1315,HGS-TV,384854.0,139423.108181715
1316,ails2_etaMax1.000_stoppingTime864000.00,388314.0,139478.8438991699
1317,HGS-TV,384854.0,139497.43053221703
1318,ails2_etaMax1.000_stoppingTime864000.00,388308.0,139478.87689916993
1319,HGS-TV,384854.0,139557.4327392578
1320,HGS-TV,384854.0,139917.35122394562
1321,HGS-TV,384854.0,139977.4073214531
1322,HGS-TV,384854.0,140155.96166348457
1323,HGS-TV,384854.0,140216.06459212303
1324,HGS-TV,384854.0,140405.0499033928
1325,HGS-TV,384854.0,140578.14369273186
1326,HGS-TV,384854.0,140659.52240228653
1327,ails2_etaMax1.000_stoppingTime1728000.00,388649.0,140903.62689916993
1328,HGS-TV,384854.0,140908.91555857658
1329,HGS-TV,384854.0,140969.3822684288
1330,HGS-TV,384854.0,141056.94392299652
1331,HGS-TV,384854.0,141130.63993382454
1332,HGS-TV,384854.0,141245.70095849037
1333,HGS-TV,384854.0,141567.94111704826
1334,ails2_etaMax1.000_stoppingTime864000.00,388303.0,141773.3628991699
1335,ails2_etaMax1.000_stoppingTime864000.00,388263.0,141773.54089916992
1336,HGS-TV,384854.0,141890.2567434311
1337,HGS-TV,384854.0,141950.3971054554
1338,HGS-TV,384854.0,142076.42628073692
1339,HGS-TV,384854.0,142155.82148051262
1340,HGS-TV,384854.0,142262.80538225174
1341,HGS-TV,384854.0,142322.8542087078
1342,HGS-TV,384854.0,142706.76491951942
1343,HGS-TV,384854.0,142772.20502066612
1344,HGS-TV,384854.0,143115.23784780502
1345,HGS-TV,384854.0,143288.00775027275
1346,HGS-TV,384854.0,143476.98255205154
1347,HGS-TV,384854.0,143537.2322216034
1348,HGS-TV,384854.0,143597.52496504784
1349,HGS-TV,384854.0,143748.00368642807
1350,HGS-TV,384854.0,143808.222779274
1351,HGS-TV,384854.0,143982.21816802025
1352,HGS-TV,384854.0,144221.23786902428
1353,HGS-TV,384854.0,144346.77934074402
1354,HGS-TV,384854.0,144406.80532050133
1355,HGS-TV,384854.0,144608.50696659088
1356,HGS-TV,384854.0,144796.54260015488
1357,HGS-TV,384854.0,144881.9135837555
1358,HGS-TV,384854.0,145174.88366413116
1359,HGS-TV,384854.0,145234.95718455315
1360,HGS-TV,384854.0,145309.03074145317
1361,HGS-TV,384854.0,145436.9998934269
1362,HGS-TV,384854.0,145497.00656867027
1363,HGS-TV,384854.0,145557.0087454319
1364,HGS-TV,384854.0,145617.02743005753
1365,HGS-TV,384854.0,145901.1784813404
1366,ails2_etaMax1.000_stoppingTime864000.00,388247.0,145955.90989916993
1367,HGS-TV,384854.0,145961.4172668457
1368,ails2_etaMax1.000_stoppingTime864000.00,388194.0,145957.38789916993
1369,HGS-TV,384854.0,146228.23310542107
1370,HGS-TV,384854.0,146288.60503292084
1371,HGS-TV,384854.0,146396.6910316944
1372,HGS-TV,384854.0,146456.94247603416
1373,HGS-TV,384854.0,146517.18805098534
1374,HGS-TV,384854.0,146646.62786984444
1375,HGS-TV,384854.0,146745.76540994644
1376,HGS-TV,384854.0,146805.97753167152
1377,HGS-TV,384854.0,146866.0428299904
1378,HGS-TV,384854.0,146926.1149559021
1379,HGS-TV,384854.0,146986.29321169853
1380,HGS-TV,384854.0,147046.54565787315
1381,HGS-TV,384854.0,147106.60301327705
1382,HGS-TV,384854.0,147210.8593263626
1383,HGS-TV,384854.0,147305.21382904053
1384,HGS-TV,384854.0,147418.60242962837
1385,HGS-TV,384854.0,147513.49210739136
1386,HGS-TV,384854.0,147677.0599179268
1387,HGS-TV,384854.0,147737.07266426086
1388,HGS-TV,384854.0,147864.06333136559
1389,HGS-TV,384854.0,147924.09682178497
1390,HGS-TV,384854.0,147984.27101707458
1391,HGS-TV,384854.0,148062.90391850471
1392,HGS-TV,384854.0,148122.96034383774
1393,HGS-TV,384854.0,148183.03408765793
1394,HGS-TV,384854.0,148254.291847229
1395,HGS-TV,384854.0,148314.45272111893
1396,HGS-TV,384854.0,148374.5663266182
1397,HGS-TV,384854.0,148434.62022066116
1398,HGS-TV,384854.0,148494.7590587139
1399,HGS-TV,384854.0,148564.7697517872
1400,HGS-TV,384854.0,148770.01633119583
1401,HGS-TV,384854.0,148891.18067359924
1402,HGS-TV,384854.0,148951.44922947884
1403,HGS-TV,384854.0,149041.18126630783
1404,HGS-TV,384854.0,149187.17225503922
1405,HGS-TV,384854.0,149247.28494644165
1406,HGS-TV,384854.0,149307.43374967575
1407,HGS-TV,384854.0,149428.17721509933
1408,HGS-TV,384854.0,149488.30117201805
1409,HGS-TV,384854.0,149548.31966996193
1410,HGS-TV,384854.0,149608.61277222633
1411,HGS-TV,384854.0,149668.76294708252
1412,HGS-TV,384854.0,149728.88070869446
1413,HGS-TV,384854.0,149793.97815084457
1414,HGS-TV,384854.0,149854.1788933277
1415,HGS-TV,384854.0,149914.25269651413
1416,HGS-TV,384854.0,149974.5514075756
1417,HGS-TV,384854.0,150034.63074159622
1418,HGS-TV,384854.0,150094.8973991871
1419,HGS-TV,384854.0,150154.99753689766
1420,HGS-TV,384854.0,150215.23339772224
1421,HGS-TV,384854.0,150275.3738205433
1422,HGS-TV,384854.0,150335.37772417068
1423,HGS-TV,384854.0,150436.95243310928
1424,HGS-TV,384854.0,150497.04886245728
1425,HGS-TV,384854.0,150557.19646072388
1426,HGS-TV,384854.0,150617.2042207718
1427,HGS-TV,384854.0,150839.78551340103
1428,HGS-TV,384854.0,151136.9182112217
1429,HGS-TV,384854.0,151197.1020708084
1430,HGS-TV,384854.0,151309.00723981857
1431,HGS-TV,384854.0,151369.0615298748
1432,HGS-TV,384854.0,151429.1270468235
1433,HGS-TV,384854.0,151521.77427697182
1434,HGS-TV,384854.0,151669.1441028118
1435,HGS-TV,384854.0,151729.1452755928
1436,HGS-TV,384854.0,151789.333173275
1437,HGS-TV,384854.0,151849.59952402115
1438,HGS-TV,384854.0,151909.78786301613
1439,HGS-TV,384854.0,151969.90944981575
1440,HGS-TV,384854.0,152030.17265367508
1441,HGS-TV,384854.0,152090.24471330643
1442,HGS-TV,384854.0,152168.4108979702
1443,HGS-TV,384854.0,152306.4660704136
1444,HGS-TV,384854.0,152379.65448403358
1445,HGS-TV,384854.0,152439.89234662056
1446,HGS-TV,384854.0,152499.94849157333
1447,ails2_etaMax1.000_stoppingTime864000.00,388176.0,152549.5338991699
1448,HGS-TV,384854.0,152559.97904658318
1449,ails2_etaMax1.000_stoppingTime864000.00,387923.0,152551.6938991699
1450,HGS-TV,384854.0,152620.21218419075
1451,HGS-TV,384854.0,152681.13332033157
1452,HGS-TV,384854.0,152860.8566880226
1453,HGS-TV,384854.0,152975.5813753605
1454,HGS-TV,384854.0,153035.7420744896
1455,HGS-TV,384854.0,153095.92906355858
1456,HGS-TV,384854.0,153156.15836787224
1457,HGS-TV,384854.0,153216.21400880814
1458,HGS-TV,384854.0,153410.88222193718
1459,HGS-TV,384854.0,153517.539403677
1460,HGS-TV,384854.0,153577.75548768044
1461,HGS-TV,384854.0,153716.0157430172
1462,HGS-TV,384854.0,153833.75678515434
1463,HGS-TV,384854.0,153893.7794368267
1464,HGS-TV,384854.0,153953.99033617973
1465,HGS-TV,384854.0,154040.0927274227
1466,HGS-TV,384854.0,154183.9088177681
1467,HGS-TV,384854.0,154246.94501709938
1468,HGS-TV,384854.0,154360.31373023987
1469,HGS-TV,384854.0,154489.31176424026
1470,HGS-TV,384854.0,154554.43501758575
1471,HGS-TV,384854.0,154614.58941721916
1472,HGS-TV,384854.0,154674.64247965813
1473,HGS-TV,384854.0,154734.74146938324
1474,HGS-TV,384854.0,154795.01268219948
1475,HGS-TV,384854.0,155132.91350913048
1476,HGS-TV,384854.0,155193.0705165863
1477,HGS-TV,384854.0,155264.5722990036
1478,HGS-TV,384854.0,155344.08357954025
1479,HGS-TV,384854.0,155547.92953324318
1480,HGS-TV,384854.0,155689.1033191681
1481,HGS-TV,384854.0,156072.14675188065
1482,HGS-TV,384854.0,156132.36389565468
1483,HGS-TV,384854.0,156278.17953276634
1484,HGS-TV,384854.0,156431.82314801216
1485,HGS-TV,384854.0,156491.9723572731
1486,HGS-TV,384854.0,156997.5173113346
1487,HGS-TV,384854.0,157065.97930312157
1488,HGS-TV,384854.0,157139.12129449844
1489,HGS-TV,384854.0,157199.25484871864
1490,HGS-TV,384854.0,157298.25770878792
1491,HGS-TV,384854.0,157499.14528679848
1492,HGS-TV,384854.0,157559.1688928604
1493,HGS-TV,384854.0,157619.17074608803
1494,HGS-TV,384854.0,157830.7383096218
1495,HGS-TV,384854.0,157984.6145761013
1496,HGS-TV,384854.0,158044.80494356155
1497,HGS-TV,384854.0,158105.01083350182
1498,HGS-TV,384854.0,158239.160374403
1499,HGS-TV,384854.0,158341.05912089348
1500,HGS-TV,384854.0,158401.1606273651
1501,HGS-TV,384854.0,158519.27099251747
1502,HGS-TV,384854.0,158579.44864845276
1503,HGS-TV,384854.0,158685.7288236618
1504,HGS-TV,384854.0,158750.4836010933
1505,HGS-TV,384854.0,158873.42309689522
1506,HGS-TV,384854.0,159119.04832148552
1507,HGS-TV,384854.0,159179.20659542084
1508,HGS-TV,384854.0,159239.22415447235
1509,HGS-TV,384854.0,159299.32534193993
1510,HGS-TV,384854.0,159609.13579034805
1511,HGS-TV,384854.0,159714.84208893776
1512,HGS-TV,384854.0,159774.98675775528
1513,ails2_etaMax1.000_stoppingTime1728000.00,388648.0,159784.59189916993
1514,ails2_etaMax1.000_stoppingTime1728000.00,388585.0,159786.8028991699
1515,HGS-TV,384854.0,160301.29885840416
1516,HGS-TV,384854.0,160361.50292944908
1517,HGS-TV,384854.0,160447.1448237896
1518,HGS-TV,384854.0,160507.16630649567
1519,HGS-TV,384854.0,160730.8387992382
1520,HGS-TV,384854.0,160790.9544057846
1521,HGS-TV,384854.0,160851.31644678116
1522,ails2_etaMax1.000_stoppingTime432000.00,386422.0,161003.55489916992
1523,HGS-TV,384854.0,161016.93062758446
1524,ails2_etaMax1.000_stoppingTime432000.00,386384.0,161003.90689916993
1525,HGS-TV,384854.0,161077.0723912716
1526,HGS-TV,384854.0,161137.2592921257
1527,HGS-TV,384854.0,161197.41707730293
1528,HGS-TV,384854.0,161334.95448732376
1529,HGS-TV,384854.0,161395.02962112427
1530,HGS-TV,384854.0,161925.7213654518
1531,HGS-TV,384854.0,162111.364051342
1532,HGS-TV,384854.0,162242.32744288445
1533,HGS-TV,384854.0,162536.84269189835
1534,ails2_etaMax1.000_stoppingTime432000.00,386352.0,162768.60089916992
1535,HGS-TV,384854.0,162795.10176205635
1536,HGS-TV,384854.0,162855.23745131493
1537,HGS-TV,384854.0,162989.26828837395
1538,HGS-TV,384854.0,163144.61093115807
1539,HGS-TV,384854.0,163219.87749505043
1540,ails2_etaMax1.000_stoppingTime432000.00,386345.0,163274.2158991699
1541,ails2_etaMax1.000_stoppingTime432000.00,386341.0,163274.45389916992
1542,HGS-TV,384854.0,163529.43828630447
1543,HGS-TV,384854.0,163599.13964009285
1544,ails2_etaMax1.000_stoppingTime432000.00,386336.0,163767.49989916992
1545,HGS-TV,384854.0,163825.2441277504
1546,ails2_etaMax1.000_stoppingTime432000.00,386327.0,163767.52489916992
1547,HGS-TV,384854.0,163885.3226132393
1548,HGS-TV,384854.0,164269.0530898571
1549,HGS-TV,384854.0,164329.26851320267
1550,HGS-TV,384854.0,164389.39979076385
1551,HGS-TV,384854.0,164449.5474333763
1552,HGS-TV,384854.0,164509.55663323402
1553,HGS-TV,384854.0,164569.8825750351
1554,HGS-TV,384854.0,164700.93890023232
1555,HGS-TV,384854.0,165050.13369059563
1556,ails2_etaMax1.000_stoppingTime432000.00,386320.0,165234.7918991699
1557,ails2_etaMax1.000_stoppingTime432000.00,386278.0,165234.86589916993
1558,HGS-TV,384854.0,165319.5998928547
1559,ails2_etaMax0.020_stoppingTime86400.00,384852.0,165342.32589916993
1560,HGS-TV,384854.0,165379.78606939316
1561,HGS-TV,384854.0,165469.52135062218
1562,HGS-TV,384854.0,165572.02098488808
1563,filo2,384849.0,165677.86833167076
1564,HGS-TV,384848.0,165854.8383114338
1565,ails2_etaMax1.000_stoppingTime864000.00,387913.0,166303.55589916994
1566,ails2_etaMax1.000_stoppingTime864000.00,387831.0,166306.86989916992
1567,ails2_etaMax1.000_stoppingTime432000.00,386264.0,166453.36089916993
1568,ails2_etaMax1.000_stoppingTime432000.00,386210.0,166454.49689916993
1569,HGS-TV,384846.0,166574.24521136284
1570,ails2_etaMax1.000_stoppingTime864000.00,387799.0,166693.71389916993
1571,ails2_etaMax1.000_stoppingTime864000.00,387741.0,166693.7378991699
1572,ails2_etaMax1.000_stoppingTime864000.00,387740.0,167462.07889916992
1573,HGS-TV,384845.0,167471.12722802162
1574,ails2_etaMax1.000_stoppingTime864000.00,387714.0,167462.15689916993
1575,ails2_etaMax1.000_stoppingTime432000.00,386164.0,167561.44189916993
1576,ails2_etaMax1.000_stoppingTime432000.00,386160.0,167561.4688991699
1577,HGS-TV,384843.0,168551.6486222744
1578,ails2_etaMax1.000_stoppingTime432000.00,386147.0,171945.5938991699
1579,HGS-TV,384843.0,171988.42548680305
1580,ails2_etaMax1.000_stoppingTime432000.00,386139.0,171945.65689916993
1581,HGS-TV,384843.0,172048.68735599518
1582,HGS-TV,384843.0,172108.7028286457
1583,HGS-TV,384843.0,172168.82382512093
1584,HGS-TV,384843.0,172229.2494533062
1585,HGS-TV,384843.0,172300.48131799698
1586,HGS-TV,384843.0,172360.53683304787
1587,HGS-TV,384843.0,172420.7113354206
1588,HGS-TV,384843.0,172480.7581999302
1589,HGS-TV,384843.0,172629.5722272396
1590,HGS-TV,384843.0,172722.0553610325
1591,HGS-TV,384843.0,172883.61022615433
1592,HGS-TV,384843.0,172943.70905303955
1593,ails2_etaMax1.000_stoppingTime432000.00,386126.0,172952.27989916992
1594,HGS-TV,384843.0,173003.71389389038
1595,ails2_etaMax1.000_stoppingTime432000.00,385993.0,172953.60289916993
1596,ails2_etaMax1.000_stoppingTime864000.00,387711.0,173100.02389916993
1597,ails2_etaMax1.000_stoppingTime864000.00,387694.0,173100.14989916992
1598,HGS-TV,384843.0,173301.04834794998
1599,HGS-TV,384843.0,173509.80965852737
1600,HGS-TV,384843.0,173569.92367601395
1601,HGS-TV,384843.0,173629.95424103737
1602,HGS-TV,384843.0,173740.29872465134
1603,HGS-TV,384843.0,173800.56407904625
1604,HGS-TV,384843.0,173978.59387040138
1605,HGS-TV,384843.0,174118.7918856144
1606,HGS-TV,384843.0,174178.8713107109
1607,HGS-TV,384843.0,174633.4548368454
1608,HGS-TV,384843.0,174694.6847498417
1609,HGS-TV,384843.0,174952.07612609863
1610,HGS-TV,384843.0,175154.97442555428
1611,HGS-TV,384843.0,175362.43262815475
1612,HGS-TV,384843.0,175873.01298666
1613,ails2_etaMax1.000_stoppingTime1728000.00,388567.0,176322.50489916993
1614,ails2_etaMax1.000_stoppingTime1728000.00,388548.0,176322.57789916993
1615,HGS-TV,384843.0,176439.80108070374
1616,HGS-TV,384843.0,176618.76864790916
1617,HGS-TV,384843.0,176715.5753247738
1618,HGS-TV,384843.0,176775.69137072563
1619,HGS-TV,384843.0,176835.86591625214
1620,HGS-TV,384843.0,176895.86715459824
1621,HGS-TV,384843.0,177211.00836992264
1622,ails2_etaMax1.000_stoppingTime864000.00,387687.0,177478.78289916992
1623,ails2_etaMax1.000_stoppingTime864000.00,387648.0,177478.90389916993
1624,HGS-TV,384843.0,177752.07937955856
1625,HGS-TV,384843.0,177812.2793033123
1626,HGS-TV,384843.0,179124.96551704407
1627,HGS-TV,384843.0,179861.0027718544
1628,HGS-TV,384843.0,180175.39877939224
1629,HGS-TV,384843.0,180543.57820796967
1630,HGS-TV,384843.0,180603.63801431656
1631,HGS-TV,384843.0,181079.53239417076
1632,HGS-TV,384843.0,181139.66874480247
1633,ails2_etaMax1.000_stoppingTime864000.00,387639.0,181739.20089916993
1634,HGS-TV,384843.0,181793.51023101807
1635,ails2_etaMax1.000_stoppingTime864000.00,387531.0,181739.7998991699
1636,ails2_etaMax1.000_stoppingTime432000.00,385971.0,181802.89389916993
1637,HGS-TV,384843.0,182020.261916399
1638,HGS-TV,384843.0,182080.30406475067
1639,HGS-TV,384843.0,182552.85043239594
1640,HGS-TV,384843.0,182684.57842803
1641,ails2_etaMax0.010_stoppingTime432000.00,385396.0,182800.34189916993
1642,HGS-TV,384843.0,182870.859770298
1643,HGS-TV,384843.0,183109.40078997612
1644,ails2_etaMax1.000_stoppingTime432000.00,385961.0,183118.08989916992
1645,ails2_etaMax1.000_stoppingTime432000.00,385837.0,183119.96189916992
1646,HGS-TV,384843.0,183492.30964136124
1647,HGS-TV,384843.0,183606.71371269226
1648,HGS-TV,384843.0,183736.7553088665
1649,HGS-TV,384843.0,184234.43085241318
1650,HGS-TV,384843.0,184306.7684428692
1651,HGS-TV,384843.0,184779.82590150833
1652,HGS-TV,384843.0,184840.01941251755
1653,ails2_etaMax1.000_stoppingTime864000.00,387492.0,184924.9498991699
1654,HGS-TV,384843.0,184966.30052304268
1655,ails2_etaMax1.000_stoppingTime864000.00,387375.0,184926.86389916993
1656,ails2_etaMax1.000_stoppingTime432000.00,385803.0,185069.1258991699
1657,HGS-TV,384843.0,185103.81297779083
1658,ails2_etaMax1.000_stoppingTime432000.00,385775.0,185069.56589916992
1659,HGS-TV,384843.0,185520.57121610641
1660,HGS-TV,384843.0,185609.77032279968
1661,HGS-TV,384843.0,185757.85179162025
1662,HGS-TV,384843.0,185961.86215901375
1663,HGS-TV,384843.0,186180.28826117516
1664,HGS-TV,384843.0,186428.15119051933
1665,HGS-TV,384843.0,186997.1727514267
1666,HGS-TV,384843.0,187193.52237796783
1667,HGS-TV,384843.0,187339.3740518093
1668,HGS-TV,384843.0,187530.17099285126
1669,HGS-TV,384843.0,187699.58013129234
1670,HGS-TV,384843.0,187991.00961828232
1671,HGS-TV,384843.0,188142.59561777115
1672,HGS-TV,384843.0,188202.62057733536
1673,HGS-TV,384843.0,188431.35246825218
1674,HGS-TV,384843.0,189025.44947433472
1675,HGS-TV,384843.0,189183.01282048225
1676,HGS-TV,384843.0,189625.77271652222
1677,HGS-TV,384843.0,189691.4735250473
1678,ails2_etaMax1.000_stoppingTime1728000.00,388527.0,189765.73889916993
1679,ails2_etaMax1.000_stoppingTime1728000.00,388336.0,189767.33589916994
1680,HGS-TV,384843.0,189871.68485879898
1681,HGS-TV,384843.0,189931.91198349
1682,HGS-TV,384843.0,189992.1711678505
1683,HGS-TV,384843.0,190190.3931775093
1684,HGS-TV,384843.0,190250.5545039177
1685,HGS-TV,384843.0,190310.6060473919
1686,HGS-TV,384843.0,190370.63765072823
1687,HGS-TV,384843.0,190430.7577533722
1688,HGS-TV,384843.0,190559.76507163048
1689,HGS-TV,384843.0,190631.2664322853
1690,HGS-TV,384843.0,190727.7636833191
1691,HGS-TV,384843.0,190934.76820468903
1692,HGS-TV,384843.0,191016.9398303032
1693,HGS-TV,384843.0,191077.17207551003
1694,HGS-TV,384843.0,191390.86685872078
1695,ails2_etaMax1.000_stoppingTime432000.00,385774.0,191500.76689916992
1696,ails2_etaMax1.000_stoppingTime432000.00,385763.0,191501.0418991699
1697,HGS-TV,384843.0,191728.60225725174
1698,HGS-TV,384843.0,191846.9093015194
1699,HGS-TV,384843.0,191965.92111825943
1700,HGS-TV,384843.0,192026.13821816444
1701,HGS-TV,384843.0,192271.97259664536
1702,HGS-TV,384843.0,192332.19405794144
1703,HGS-TV,384843.0,192392.2074596882
1704,HGS-TV,384843.0,192532.36564445496
1705,HGS-TV,384843.0,192622.3989481926
1706,HGS-TV,384843.0,192683.2293932438
1707,HGS-TV,384843.0,192838.46341609955
1708,HGS-TV,384843.0,192898.503336668
1709,HGS-TV,384843.0,192958.54688978195
1710,HGS-TV,384843.0,193153.41048645973
1711,HGS-TV,384843.0,193219.98855161667
1712,HGS-TV,384843.0,193307.41255426407
1713,HGS-TV,384843.0,193428.00215172768
1714,HGS-TV,384843.0,193488.03337335587
1715,HGS-TV,384843.0,193548.19369196892
1716,HGS-TV,384843.0,193672.1137058735
1717,HGS-TV,384843.0,193770.83318972588
1718,HGS-TV,384843.0,193908.25033664703
1719,HGS-TV,384843.0,193983.59186339378
1720,HGS-TV,384843.0,194043.75334882736
1721,HGS-TV,384843.0,194103.85297513008
1722,HGS-TV,384843.0,194163.86875247955
1723,HGS-TV,384843.0,194223.9137570858
1724,HGS-TV,384843.0,194289.54025506973
1725,HGS-TV,384843.0,194349.70037341118
1726,HGS-TV,384843.0,194481.51743769646
1727,HGS-TV,384843.0,194541.58212900162
1728,HGS-TV,384843.0,194649.929905653
1729,ails2_etaMax0.010_stoppingTime432000.00,385395.0,194715.17189916992
1730,HGS-TV,384843.0,194724.58343338966
1731,HGS-TV,384843.0,195034.11697125435
1732,HGS-TV,384843.0,195242.0169751644
1733,HGS-TV,384843.0,195676.83574986458
1734,HGS-TV,384843.0,196276.62993836403
1735,HGS-TV,384843.0,196362.47643351555
1736,HGS-TV,384843.0,196422.48478627205
1737,HGS-TV,384843.0,196482.61710119247
1738,HGS-TV,384843.0,196766.7031764984
1739,HGS-TV,384843.0,196840.07813334465
1740,HGS-TV,384843.0,196910.27631950378
1741,HGS-TV,384843.0,196970.5841910839
1742,HGS-TV,384843.0,197109.8558795452
1743,HGS-TV,384843.0,197295.89370441437
1744,ails2_etaMax1.000_stoppingTime432000.00,385761.0,197296.60489916994
1745,ails2_etaMax1.000_stoppingTime432000.00,385728.0,197300.10789916993
1746,HGS-TV,384843.0,197521.3549208641
1747,HGS-TV,384843.0,197581.54792952538
1748,HGS-TV,384843.0,197641.68541693687
1749,HGS-TV,384843.0,197887.97516965866
1750,HGS-TV,384843.0,197948.2013616562
1751,HGS-TV,384843.0,198008.28719115257
1752,HGS-TV,384843.0,198068.33278918266
1753,HGS-TV,384843.0,198140.76530098915
1754,HGS-TV,384843.0,198200.96666812897
1755,HGS-TV,384843.0,198261.04786372185
1756,ails2_eoh_omega2,385294.0,198376.94089916992
1757,HGS-TV,384843.0,198386.69852042198
1758,ails2_eoh_omega2,385293.0,198440.30389916993
1759,HGS-TV,384843.0,198454.6976120472
1760,ails2_eoh_omega2,385292.0,198499.13589916992
1761,HGS-TV,384843.0,198549.43195819855
1762,ails2_eoh_omega2,385287.0,198525.76889916993
1763,ails2_eoh_omega2,385286.0,198586.37489916992
1764,HGS-TV,384843.0,198741.53187680244
1765,HGS-TV,384843.0,198809.50105953217
1766,HGS-TV,384843.0,198927.69977378845
1767,HGS-TV,384843.0,199006.00135564804
1768,HGS-TV,384843.0,199162.01021385193
1769,HGS-TV,384843.0,199222.06171131134
1770,ails2_etaMax0.010_stoppingTime432000.00,385394.0,199355.86689916992
1771,HGS-TV,384843.0,199661.06318569183
1772,HGS-TV,384843.0,199739.63527154922
1773,HGS-TV,384843.0,199799.82379293442
1774,HGS-TV,384843.0,199859.90565633774
1775,HGS-TV,384843.0,199919.97422242165
1776,HGS-TV,384843.0,199980.05729532242
1777,HGS-TV,384843.0,200061.50531697273
1778,HGS-TV,384843.0,200121.5352036953
1779,HGS-TV,384843.0,200312.422706604
1780,HGS-TV,384843.0,200406.0558795929
1781,HGS-TV,384843.0,200500.50660276413
1782,HGS-TV,384843.0,200560.68939995766
1783,HGS-TV,384843.0,200620.91672587395
1784,HGS-TV,384843.0,200681.03814029694
1785,HGS-TV,384843.0,200833.2568924427
1786,HGS-TV,384843.0,200893.2580587864
1787,HGS-TV,384843.0,200958.91787695885
1788,HGS-TV,384843.0,201034.52639484406
1789,HGS-TV,384843.0,201109.7011256218
1790,HGS-TV,384843.0,201190.80339813232
1791,ails2_etaMax0.005_stoppingTime86400.00,384842.0,201212.32889916992
1792,ails2_etaMax0.005_stoppingTime86400.00,384840.0,201212.77789916992
1793,HGS-TV,384843.0,201424.37753152847
1794,filo2,384839.0,201679.66856098175
1795,ails2_etaMax1.000_stoppingTime432000.00,385710.0,201777.02089916993
1796,HGS-TV,384838.0,201807.63077497482
1797,ails2_etaMax1.000_stoppingTime432000.00,385687.0,201777.12189916993
1798,HGS-TV,384837.0,202167.4027788639
1799,HGS-TV,384835.0,202227.46503162384
1800,HGS-TV,384831.0,202287.64329266548
1801,HGS-TV,384829.0,202347.91615724564
1802,HGS-TV,384828.0,202768.96847844124
1803,ails2_etaMax1.000_stoppingTime432000.00,385686.0,203936.69089916992
1804,ails2_etaMax1.000_stoppingTime432000.00,385667.0,203936.7238991699
1805,HGS-TV,384825.0,204141.66484045982
1806,HGS-TV,384824.0,204237.97569990158
1807,ails2_etaMax1.000_stoppingTime432000.00,385659.0,204276.99689916993
1808,ails2_etaMax1.000_stoppingTime432000.00,385636.0,204284.9848991699
1809,HGS-TV,384821.0,204721.85063171387
1810,HGS-TV,384820.0,204782.15383982658
1811,HGS-TV,384819.0,205958.06916093826
1812,HGS-TV,384818.0,206064.72880864143
1813,ails2_etaMax1.000_stoppingTime864000.00,387321.0,206487.9958991699
1814,ails2_etaMax1.000_stoppingTime432000.00,385632.0,206767.52789916992
1815,ails2_etaMax1.000_stoppingTime432000.00,385629.0,206767.89389916993
1816,ails2_etaMax1.000_stoppingTime432000.00,385621.0,207895.05589916994
1817,ails2_etaMax1.000_stoppingTime432000.00,385541.0,207898.33989916992
1818,ails2_etaMax1.000_stoppingTime432000.00,385532.0,208173.59989916993
1819,HGS-TV,384818.0,208944.29252433777
1820,HGS-TV,384818.0,209004.3781094551
1821,HGS-TV,384818.0,209064.68455028534
1822,HGS-TV,384818.0,209125.01002073288
1823,HGS-TV,384818.0,209190.45722556114
1824,HGS-TV,384818.0,209250.81179237366
1825,HGS-TV,384818.0,209560.72448253632
1826,HGS-TV,384818.0,209707.98472571373
1827,HGS-TV,384818.0,209768.2347252369
1828,HGS-TV,384818.0,209885.29959964752
1829,HGS-TV,384818.0,209945.60037088394
1830,HGS-TV,384818.0,210108.40252184868
1831,HGS-TV,384818.0,210196.32513666153
1832,HGS-TV,384818.0,210558.30516910553
1833,HGS-TV,384818.0,210874.30494236946
1834,HGS-TV,384818.0,211292.9191327095
1835,HGS-TV,384818.0,211417.43835282326
1836,HGS-TV,384818.0,211498.4502737522
1837,HGS-TV,384818.0,211616.73679995537
1838,HGS-TV,384818.0,211676.98375606537
1839,HGS-TV,384818.0,211822.41709375381
1840,HGS-TV,384818.0,211942.71724367142
1841,HGS-TV,384818.0,212164.8456647396
1842,HGS-TV,384818.0,212438.82240128517
1843,HGS-TV,384818.0,212520.212403059
1844,HGS-TV,384818.0,212789.86590862274
1845,HGS-TV,384818.0,212897.75522756577
1846,HGS-TV,384818.0,213084.7602739334
1847,HGS-TV,384818.0,213286.22558307648
1848,ails2_etaMax1.000_stoppingTime432000.00,385530.0,214213.21689916993
1849,ails2_etaMax1.000_stoppingTime432000.00,385489.0,214221.20389916992
1850,HGS-TV,384818.0,214400.8457159996
1851,ails2_etaMax0.010_stoppingTime432000.00,385393.0,214424.38589916992
1852,HGS-TV,384818.0,214546.8078765869
1853,ails2_etaMax1.000_stoppingTime864000.00,387319.0,214549.94589916992
1854,ails2_etaMax1.000_stoppingTime432000.00,385483.0,214814.96089916994
1855,HGS-TV,384818.0,215933.3674032688
1856,HGS-TV,384818.0,216091.6196706295
1857,HGS-TV,384818.0,216151.88774824142
1858,HGS-TV,384818.0,216243.89091157913
1859,ails2_etaMax1.000_stoppingTime864000.00,387301.0,216346.3438991699
1860,ails2_etaMax1.000_stoppingTime864000.00,387218.0,217164.38489916993
1861,ails2_etaMax1.000_stoppingTime864000.00,387099.0,217164.7378991699
1862,HGS-TV,384818.0,217433.05210399628
1863,ails2_etaMax1.000_stoppingTime432000.00,385471.0,217611.85289916993
1864,ails2_etaMax1.000_stoppingTime432000.00,385422.0,217614.8218991699
1865,ails2_etaMax1.000_stoppingTime432000.00,385416.0,217827.8488991699
1866,HGS-TV,384818.0,217868.0649459362
1867,ails2_etaMax1.000_stoppingTime432000.00,385346.0,217828.70089916993
1868,HGS-TV,384818.0,217928.0737848282
1869,ails2_etaMax1.000_stoppingTime1728000.00,388321.0,217997.7268991699
1870,ails2_etaMax1.000_stoppingTime1728000.00,388288.0,217997.89289916994
1871,HGS-TV,384818.0,218137.36436486244
1872,HGS-TV,384818.0,218215.20251345634
1873,HGS-TV,384818.0,218501.18283462524
1874,HGS-TV,384818.0,218724.5120329857
1875,HGS-TV,384818.0,218868.5733962059
1876,HGS-TV,384818.0,219117.66177392006
1877,HGS-TV,384818.0,219178.09820580482
1878,HGS-TV,384818.0,219238.1865170002
1879,HGS-TV,384818.0,219703.6358511448
1880,HGS-TV,384818.0,220728.90241765976
1881,HGS-TV,384818.0,221076.71929192543
1882,HGS-TV,384818.0,221200.5409901142
1883,HGS-TV,384818.0,221659.08636403084
1884,HGS-TV,384818.0,221947.24840855598
1885,HGS-TV,384818.0,222013.6437842846
1886,HGS-TV,384818.0,222073.669246912
1887,HGS-TV,384818.0,222236.03114843369
1888,HGS-TV,384818.0,222332.7736325264
1889,HGS-TV,384818.0,222479.59669351578
1890,HGS-TV,384818.0,222539.93461942673
1891,HGS-TV,384818.0,222599.9999680519
1892,HGS-TV,384818.0,222738.22365927696
1893,HGS-TV,384818.0,222976.5019235611
1894,ails2_etaMax1.000_stoppingTime864000.00,387083.0,223075.4548991699
1895,ails2_etaMax1.000_stoppingTime864000.00,387054.0,223078.37989916993
1896,HGS-TV,384818.0,223382.6976184845
1897,HGS-TV,384818.0,223606.7638015747
1898,HGS-TV,384818.0,223817.2919933796
1899,ails2_eoh_omega2,385285.0,224307.84289916992
1900,HGS-TV,384818.0,224359.40169215202
1901,HGS-TV,384818.0,224517.88784003258
1902,HGS-TV,384818.0,224719.18148636818
1903,ails2_etaMax0.010_stoppingTime432000.00,385392.0,224888.54789916993
1904,HGS-TV,384818.0,225249.06898522377
1905,HGS-TV,384818.0,225739.57848215103
1906,HGS-TV,384818.0,225799.57858753204
1907,ails2_etaMax0.010_stoppingTime432000.00,385391.0,225831.1128991699
1908,ails2_etaMax0.010_stoppingTime432000.00,385390.0,225831.9058991699
1909,HGS-TV,384818.0,226155.81673288345
1910,HGS-TV,384818.0,226215.91620779037
1911,HGS-TV,384818.0,226275.9213488102
1912,HGS-TV,384818.0,226336.2044274807
1913,HGS-TV,384818.0,226396.2601006031
1914,HGS-TV,384818.0,226504.3650352955
1915,HGS-TV,384818.0,226574.20533514023
1916,HGS-TV,384818.0,226650.61222839355
1917,HGS-TV,384818.0,226837.66196608543
1918,HGS-TV,384818.0,227012.42679977417
1919,HGS-TV,384818.0,227545.71868109703
1920,HGS-TV,384818.0,227656.00092363358
1921,HGS-TV,384818.0,227716.06611084938
1922,HGS-TV,384818.0,227944.57546710968
1923,HGS-TV,384818.0,228004.6836373806
1924,ails2_etaMax1.000_stoppingTime432000.00,385343.0,228174.28889916991
1925,ails2_etaMax1.000_stoppingTime432000.00,385326.0,228174.31589916992
1926,HGS-TV,384818.0,228252.8222439289
1927,HGS-TV,384818.0,228312.99584293365
1928,HGS-TV,384818.0,228448.0603671074
1929,HGS-TV,384818.0,228515.53293514252
1930,HGS-TV,384818.0,228575.60742783546
1931,ails2_etaMax1.000_stoppingTime864000.00,387044.0,228728.26589916993
1932,HGS-TV,384818.0,228730.28046131134
1933,ails2_etaMax1.000_stoppingTime864000.00,387033.0,228728.6588991699
1934,HGS-TV,384818.0,228790.45905733109
1935,HGS-TV,384818.0,228919.8906211853
1936,HGS-TV,384818.0,229349.7086467743
1937,HGS-TV,384818.0,229409.7815914154
1938,HGS-TV,384818.0,229487.47455525398
1939,HGS-TV,384818.0,229547.6472606659
1940,HGS-TV,384818.0,229682.39601898193
1941,HGS-TV,384818.0,229916.20153713226
1942,HGS-TV,384818.0,229976.51451563835
1943,HGS-TV,384818.0,230265.22025728226
1944,HGS-TV,384818.0,230442.59833693504
1945,HGS-TV,384818.0,230502.78857636452
1946,HGS-TV,384818.0,230592.4941239357
1947,HGS-TV,384818.0,230740.58854174614
1948,HGS-TV,384818.0,230804.40586686134
1949,HGS-TV,384818.0,230872.0130829811
1950,ails2_etaMax1.000_stoppingTime432000.00,385322.0,230872.2428991699
1951,HGS-TV,384818.0,231031.87734031677
1952,HGS-TV,384818.0,231091.99189805984
1953,HGS-TV,384818.0,231152.08703231812
1954,ails2_etaMax1.000_stoppingTime864000.00,387028.0,231185.8328991699
1955,ails2_etaMax1.000_stoppingTime864000.00,386969.0,231202.71189916992
1956,HGS-TV,384818.0,231376.29233002663
1957,HGS-TV,384818.0,231436.46791243553
1958,HGS-TV,384818.0,231502.42473602295
1959,HGS-TV,384818.0,231562.47435426712
1960,HGS-TV,384818.0,231622.81259942055
1961,HGS-TV,384818.0,231737.17065930367
1962,HGS-TV,384818.0,231797.291618824
1963,HGS-TV,384818.0,231857.49323439598
1964,HGS-TV,384818.0,231917.56483530998
1965,HGS-TV,384818.0,231985.5600271225
1966,HGS-TV,384818.0,232045.68238019943
1967,HGS-TV,384818.0,232105.74799776077
1968,HGS-TV,384818.0,232165.88792014122
1969,HGS-TV,384818.0,232225.98897480965
1970,HGS-TV,384818.0,232311.4705080986
1971,HGS-TV,384818.0,232371.57156014442
1972,HGS-TV,384818.0,232431.84141159058
1973,HGS-TV,384818.0,232491.9427652359
1974,HGS-TV,384818.0,232703.84418678284
1975,HGS-TV,384818.0,232764.0797727108
1976,HGS-TV,384818.0,232824.2778892517
1977,HGS-TV,384818.0,232884.4370470047
1978,HGS-TV,384818.0,232944.48351168633
1979,HGS-TV,384818.0,233004.5098245144
1980,HGS-TV,384818.0,233065.3889644146
1981,HGS-TV,384818.0,233151.28658294678
1982,HGS-TV,384818.0,233211.3902812004
1983,HGS-TV,384818.0,233277.80398321152
1984,HGS-TV,384818.0,233338.04220581055
1985,HGS-TV,384818.0,233486.19475197792
1986,HGS-TV,384818.0,233546.261115551
1987,ails2_etaMax1.000_stoppingTime432000.00,385308.0,233660.33389916993
1988,HGS-TV,384818.0,233712.536090374
1989,ails2_etaMax1.000_stoppingTime432000.00,385301.0,233720.17889916993
1990,HGS-TV,384818.0,233805.3197901249
1991,ails2_etaMax1.000_stoppingTime432000.00,385295.0,233837.38789916993
1992,HGS-TV,384818.0,233865.47083449364
1993,ails2_etaMax1.000_stoppingTime432000.00,385270.0,233847.91389916991
1994,ails2_etaMax1.000_stoppingTime432000.00,385266.0,233902.02189916992
1995,HGS-TV,384818.0,233986.01917672157
1996,HGS-TV,384818.0,234046.01961112022
1997,HGS-TV,384818.0,234286.4220137596
1998,HGS-TV,384818.0,234547.35475301743
1999,HGS-TV,384818.0,234682.2897799015
2000,HGS-TV,384818.0,234819.4625492096
2001,HGS-TV,384818.0,234879.53757596016
2002,HGS-TV,384818.0,235024.284378767
2003,HGS-TV,384818.0,235084.3249335289
2004,HGS-TV,384818.0,235144.57625961304
2005,HGS-TV,384818.0,235204.69765138626
2006,HGS-TV,384818.0,235264.8955926895
2007,HGS-TV,384818.0,235328.1173875332
2008,HGS-TV,384818.0,235388.13705945015
2009,HGS-TV,384818.0,235575.51947331429
2010,HGS-TV,384818.0,235635.73051977158
2011,HGS-TV,384818.0,235738.29111766815
2012,HGS-TV,384818.0,235805.63478851318
2013,HGS-TV,384818.0,235935.38977885246
2014,HGS-TV,384818.0,235995.7239637375
2015,HGS-TV,384818.0,236055.7377846241
2016,HGS-TV,384818.0,236115.9001276493
2017,HGS-TV,384818.0,236231.8894393444
2018,HGS-TV,384818.0,236292.00797748566
2019,HGS-TV,384818.0,236352.20712161064
2020,HGS-TV,384818.0,236429.07288765907
2021,HGS-TV,384818.0,236504.03083372116
2022,HGS-TV,384818.0,236787.25667476654
2023,HGS-TV,384818.0,236889.42878055573
2024,HGS-TV,384818.0,236949.50187683105
2025,HGS-TV,384818.0,237009.56873464584
2026,HGS-TV,384818.0,237069.5808057785
2027,HGS-TV,384818.0,237129.75657868385
2028,HGS-TV,384818.0,237198.962577343
2029,HGS-TV,384818.0,237358.18068647385
2030,HGS-TV,384818.0,237418.31346702576
2031,HGS-TV,384818.0,237478.70364689827
2032,HGS-TV,384818.0,237538.78120064735
2033,HGS-TV,384818.0,237679.0989496708
2034,HGS-TV,384818.0,237739.44926428795
2035,HGS-TV,384818.0,237799.71602201462
2036,HGS-TV,384818.0,237899.9823999405
2037,HGS-TV,384818.0,238085.52279114723
2038,HGS-TV,384818.0,238145.64909505844
2039,HGS-TV,384818.0,238205.73842692375
2040,HGS-TV,384818.0,238265.82673954964
2041,HGS-TV,384818.0,238325.8477768898
2042,ails2_etaMax1.000_stoppingTime1728000.00,388204.0,238353.31189916993
2043,ails2_etaMax1.000_stoppingTime432000.00,385265.0,238365.91389916991
2044,HGS-TV,384818.0,238386.03255343437
2045,ails2_etaMax1.000_stoppingTime432000.00,385239.0,238382.57589916993
2046,HGS-TV,384818.0,238446.09256124496
2047,HGS-TV,384818.0,238506.14475345612
2048,ails2_etaMax1.000_stoppingTime864000.00,386960.0,238537.39189916992
2049,HGS-TV,384818.0,238566.25058794022
2050,ails2_etaMax1.000_stoppingTime864000.00,386862.0,238545.38089916992
2051,HGS-TV,384818.0,238627.07392048836
2052,HGS-TV,384818.0,238825.19429636002
2053,HGS-TV,384818.0,238885.2463746071
2054,HGS-TV,384818.0,238958.0793786049
2055,HGS-TV,384818.0,239018.19526052475
2056,HGS-TV,384818.0,239078.20887327194
2057,HGS-TV,384818.0,239138.38179945946
2058,HGS-TV,384818.0,239238.56137514114
2059,HGS-TV,384818.0,239302.2113931179
2060,HGS-TV,384818.0,239362.3757095337
2061,HGS-TV,384818.0,239422.4084236622
2062,HGS-TV,384818.0,239482.54564642906
2063,HGS-TV,384818.0,239582.41452860832
2064,HGS-TV,384818.0,239664.76514816284
2065,HGS-TV,384818.0,239724.86389136314
2066,HGS-TV,384818.0,239945.2012577057
2067,HGS-TV,384818.0,240019.6621310711
2068,HGS-TV,384818.0,240079.74292182922
2069,HGS-TV,384818.0,240229.53889250755
2070,HGS-TV,384818.0,240394.52049279213
2071,HGS-TV,384818.0,240478.5701057911
2072,HGS-TV,384818.0,240561.90911769867
2073,HGS-TV,384818.0,240622.03553891182
2074,HGS-TV,384818.0,240791.08912849426
2075,HGS-TV,384818.0,240851.32904672623
2076,HGS-TV,384818.0,240930.47021079063
2077,HGS-TV,384818.0,240990.61653709412
2078,HGS-TV,384818.0,241050.65061855316
2079,HGS-TV,384818.0,241110.68954062462
2080,HGS-TV,384818.0,241193.93524312973
2081,HGS-TV,384818.0,241254.0180311203
2082,HGS-TV,384818.0,241314.1254916191
2083,HGS-TV,384818.0,241374.16850733757
2084,HGS-TV,384818.0,241434.34378623962
2085,HGS-TV,384818.0,241515.00789380074
2086,HGS-TV,384818.0,241575.13019824028
2087,HGS-TV,384818.0,241635.2818171978
2088,HGS-TV,384818.0,241695.52762126923
2089,HGS-TV,384818.0,241795.41659545898
2090,HGS-TV,384818.0,241874.76748132706
2091,HGS-TV,384818.0,241982.26743412018
2092,HGS-TV,384818.0,242042.45280003548
2093,HGS-TV,384818.0,242102.47925114632
2094,HGS-TV,384818.0,242209.45206546783
2095,HGS-TV,384818.0,242269.63895320892
2096,HGS-TV,384818.0,242329.8773841858
2097,HGS-TV,384818.0,242453.44961237907
2098,HGS-TV,384818.0,242513.52807545662
2099,HGS-TV,384818.0,242617.31289219856
2100,HGS-TV,384818.0,242677.3494193554
2101,HGS-TV,384818.0,242863.7497842312
2102,HGS-TV,384818.0,242923.98806095123
2103,HGS-TV,384818.0,242984.21851062775
2104,HGS-TV,384818.0,243044.2597541809
2105,HGS-TV,384818.0,243143.86983394623
2106,ails2_etaMax1.000_stoppingTime432000.00,385229.0,243197.42189916992
2107,HGS-TV,384818.0,243203.88360190392
2108,ails2_etaMax1.000_stoppingTime432000.00,385206.0,243199.65689916993
2109,HGS-TV,384818.0,243365.66991782188
2110,HGS-TV,384818.0,243425.82600975037
2111,HGS-TV,384818.0,243486.0786910057
2112,HGS-TV,384818.0,243546.21500205994
2113,HGS-TV,384818.0,243606.32182359695
2114,HGS-TV,384818.0,243666.3240480423
2115,HGS-TV,384818.0,243726.43809723854
2116,HGS-TV,384818.0,243786.50844311714
2117,HGS-TV,384818.0,243846.63927865028
2118,HGS-TV,384818.0,243942.84004092216
2119,ails2_eoh_omega2,385284.0,243949.6998991699
2120,HGS-TV,384818.0,244062.80478930473
2121,HGS-TV,384818.0,244267.6846599579
2122,HGS-TV,384818.0,244327.80355620384
2123,HGS-TV,384818.0,244387.88988733292
2124,ails2_etaMax1.000_stoppingTime432000.00,385204.0,244570.7808991699
2125,ails2_etaMax1.000_stoppingTime432000.00,385198.0,244570.9548991699
2126,HGS-TV,384818.0,244633.85045599937
2127,HGS-TV,384818.0,244769.3973581791
2128,HGS-TV,384818.0,244836.6829946041
2129,HGS-TV,384818.0,245049.17882680893
2130,HGS-TV,384818.0,245109.32904076576
2131,HGS-TV,384818.0,245169.52852511406
2132,HGS-TV,384818.0,245264.84611916542
2133,HGS-TV,384818.0,245324.99837994576
2134,HGS-TV,384818.0,245440.02329921722
2135,HGS-TV,384818.0,245500.02408576012
2136,HGS-TV,384818.0,245602.57449674606
2137,HGS-TV,384818.0,245662.6202430725
2138,HGS-TV,384818.0,245722.84163713455
2139,HGS-TV,384818.0,245787.12714648247
2140,HGS-TV,384818.0,245856.85023713112
2141,HGS-TV,384818.0,245925.86341953278
2142,HGS-TV,384818.0,245986.02334356308
2143,ails2_eoh_omega2,385283.0,245987.6558991699
2144,HGS-TV,384818.0,246046.2462542057
2145,HGS-TV,384818.0,246106.28352808952
2146,HGS-TV,384818.0,246186.91725111008
2147,HGS-TV,384818.0,246246.92211723328
2148,HGS-TV,384818.0,246307.1739346981
2149,HGS-TV,384818.0,246367.4719080925
2150,HGS-TV,384818.0,246550.24024248123
2151,HGS-TV,384818.0,246610.3916296959
2152,HGS-TV,384818.0,246670.58728384972
2153,HGS-TV,384818.0,246730.7239434719
2154,HGS-TV,384818.0,246790.7306678295
2155,HGS-TV,384818.0,246850.83905267715
2156,HGS-TV,384818.0,246917.3535451889
2157,ails2_etaMax1.000_stoppingTime432000.00,385197.0,247052.10889916992
2158,HGS-TV,384818.0,247096.2756984234
2159,ails2_etaMax1.000_stoppingTime432000.00,385147.0,247088.81789916992
2160,HGS-TV,384818.0,247193.47242736816
2161,HGS-TV,384818.0,247384.41099715233
2162,HGS-TV,384818.0,247566.29936003685
2163,HGS-TV,384818.0,247905.15037465096
2164,HGS-TV,384818.0,247965.1525170803
2165,HGS-TV,384818.0,248122.61373591423
2166,HGS-TV,384818.0,248340.56417012215
2167,HGS-TV,384818.0,248559.72487139702
2168,ails2_etaMax1.000_stoppingTime432000.00,385143.0,248738.1258991699
2169,ails2_etaMax1.000_stoppingTime432000.00,385141.0,248738.22989916994
2170,HGS-TV,384818.0,249241.38362812996
2171,HGS-TV,384818.0,249430.44810032845
2172,HGS-TV,384818.0,249795.45860648155
2173,HGS-TV,384818.0,249855.52761793137
2174,HGS-TV,384818.0,250001.2599322796
2175,HGS-TV,384818.0,250061.45964360237
2176,HGS-TV,384818.0,250121.4706223011
2177,HGS-TV,384818.0,250307.40097427368
2178,HGS-TV,384818.0,250367.43980407715
2179,HGS-TV,384818.0,250483.829829216
2180,HGS-TV,384818.0,251098.17898702621
2181,HGS-TV,384818.0,251158.2124426365
2182,HGS-TV,384818.0,251218.26724100113
2183,HGS-TV,384818.0,251278.3900642395
2184,HGS-TV,384818.0,251338.54251766205
2185,HGS-TV,384818.0,251566.5269961357
2186,HGS-TV,384818.0,251626.63383460045
2187,HGS-TV,384818.0,251809.75640130043
2188,HGS-TV,384818.0,251869.8733932972
2189,HGS-TV,384818.0,252080.53338456154
2190,HGS-TV,384818.0,252215.15308761597
2191,HGS-TV,384818.0,252361.42359685898
2192,HGS-TV,384818.0,252421.55525016785
2193,HGS-TV,384818.0,252481.55719423294
2194,HGS-TV,384818.0,252652.7841875553
2195,HGS-TV,384818.0,252712.84458589554
2196,HGS-TV,384818.0,252851.36267876625
2197,HGS-TV,384818.0,252988.06702780724
2198,HGS-TV,384818.0,253048.31881642342
2199,HGS-TV,384818.0,253108.32992386818
2200,HGS-TV,384818.0,253168.41828346252
2201,HGS-TV,384818.0,253228.49690032005
2202,HGS-TV,384818.0,253288.5525882244
2203,HGS-TV,384818.0,253348.55799269676
2204,HGS-TV,384818.0,253408.56831359863
2205,HGS-TV,384818.0,253468.57988023758
2206,HGS-TV,384818.0,253560.1940062046
2207,HGS-TV,384818.0,253654.61290717125
2208,HGS-TV,384818.0,253714.64731907845
2209,HGS-TV,384818.0,253774.66416358948
2210,HGS-TV,384818.0,253834.68906998634
2211,HGS-TV,384818.0,253956.20762205124
2212,ails2_etaMax1.000_stoppingTime864000.00,386854.0,253988.57689916992
2213,HGS-TV,384818.0,254016.45327234268
2214,ails2_etaMax1.000_stoppingTime864000.00,386765.0,253989.12689916993
2215,ails2_etaMax1.000_stoppingTime432000.00,385139.0,254059.28489916993
2216,HGS-TV,384818.0,254076.60147428513
2217,ails2_etaMax1.000_stoppingTime432000.00,385135.0,254059.45889916993
2218,HGS-TV,384818.0,254136.71330451965
2219,HGS-TV,384818.0,254196.71559643745
2220,HGS-TV,384818.0,254451.05168151855
2221,HGS-TV,384818.0,254880.10696029663
2222,HGS-TV,384818.0,255140.1026546955
2223,HGS-TV,384818.0,255274.91187143326
2224,HGS-TV,384818.0,255335.03536772728
2225,HGS-TV,384818.0,255395.2264611721
2226,HGS-TV,384818.0,255475.7587788105
2227,HGS-TV,384818.0,255568.7185485363
2228,HGS-TV,384818.0,255628.82568645477
2229,HGS-TV,384818.0,255692.73470449448
2230,HGS-TV,384818.0,255752.84928965569
2231,HGS-TV,384818.0,255812.92969417572
2232,HGS-TV,384818.0,256052.0358593464
2233,ails2_etaMax1.000_stoppingTime432000.00,385125.0,256241.6558991699
2234,ails2_etaMax1.000_stoppingTime432000.00,385069.0,256285.15789916992
2235,HGS-TV,384818.0,256385.5184891224
2236,HGS-TV,384818.0,256445.67847085
2237,HGS-TV,384818.0,256505.8095948696
2238,HGS-TV,384818.0,256573.85811972618
2239,HGS-TV,384818.0,256657.8334956169
2240,HGS-TV,384818.0,256717.83642482758
2241,HGS-TV,384818.0,257027.76204133034
2242,HGS-TV,384818.0,257433.62364506721
2243,HGS-TV,384818.0,257532.81214380264
2244,HGS-TV,384818.0,257827.4240372181
2245,HGS-TV,384818.0,257887.46838831902
2246,HGS-TV,384818.0,258052.43806529045
2247,HGS-TV,384818.0,258257.48337340355
2248,HGS-TV,384818.0,258397.64463996887
2249,HGS-TV,384818.0,259003.3790283203
2250,ails2_etaMax1.000_stoppingTime864000.00,386725.0,259183.2048991699
2251,ails2_etaMax1.000_stoppingTime864000.00,386713.0,259651.86489916992
2252,HGS-TV,384818.0,259959.15127420425
2253,ails2_etaMax1.000_stoppingTime432000.00,385067.0,259987.51789916994
2254,HGS-TV,384818.0,260044.69500517845
2255,ails2_etaMax1.000_stoppingTime432000.00,385065.0,259987.59689916993
2256,ails2_etaMax1.000_stoppingTime432000.00,385060.0,260534.37489916992
2257,HGS-TV,384818.0,260571.1719367504
2258,ails2_etaMax1.000_stoppingTime432000.00,385024.0,260571.51289916993
2259,ails2_etaMax0.010_stoppingTime432000.00,385389.0,260611.9198991699
2260,HGS-TV,384818.0,261146.94703531265
2261,HGS-TV,384818.0,261300.84727096558
2262,ails2_etaMax0.010_stoppingTime432000.00,385388.0,261717.41389916991
2263,ails2_etaMax1.000_stoppingTime432000.00,385023.0,261816.00589916992
2264,ails2_etaMax1.000_stoppingTime432000.00,385008.0,261851.79589916993
2265,ails2_etaMax1.000_stoppingTime432000.00,384994.0,261921.06989916993
2266,HGS-TV,384818.0,262516.711761713
2267,ails2_etaMax1.000_stoppingTime864000.00,386696.0,262529.5408991699
2268,HGS-TV,384818.0,262583.37095451355
2269,HGS-TV,384818.0,262643.4818851948
2270,HGS-TV,384818.0,262703.63103318214
2271,HGS-TV,384818.0,262982.7450683117
2272,ails2_etaMax1.000_stoppingTime864000.00,386692.0,263026.2118991699
2273,ails2_etaMax1.000_stoppingTime864000.00,386603.0,263030.04989916994
2274,HGS-TV,384818.0,263304.558611393
2275,HGS-TV,384818.0,263869.8238053322
2276,ails2_etaMax1.000_stoppingTime432000.00,384992.0,263882.0158991699
2277,HGS-TV,384818.0,263929.83603072166
2278,HGS-TV,384818.0,266006.52104377747
2279,ails2_etaMax1.000_stoppingTime432000.00,384989.0,268075.2978991699
2280,ails2_etaMax1.000_stoppingTime432000.00,384970.0,268075.4818991699
2281,ails2_etaMax1.000_stoppingTime864000.00,386600.0,268264.1248991699
2282,HGS-TV,384818.0,268280.5040047169
2283,ails2_etaMax1.000_stoppingTime432000.00,384968.0,268288.5868991699
2284,ails2_etaMax1.000_stoppingTime432000.00,384947.0,268341.6448991699
2285,HGS-TV,384818.0,268485.9768745899
2286,HGS-TV,384818.0,268674.7130289078
2287,HGS-TV,384818.0,272304.16990709305
2288,HGS-TV,384818.0,272364.34605383873
2289,HGS-TV,384818.0,272424.61836504936
2290,HGS-TV,384818.0,272484.758051157
2291,ails2_etaMax1.000_stoppingTime432000.00,384946.0,272529.81089916994
2292,HGS-TV,384818.0,272585.3454582691
2293,ails2_etaMax1.000_stoppingTime432000.00,384937.0,272555.6078991699
2294,HGS-TV,384818.0,272645.6700952053
2295,ails2_etaMax1.000_stoppingTime432000.00,384905.0,272614.3298991699
2296,HGS-TV,384818.0,272705.8274433613
2297,ails2_etaMax1.000_stoppingTime432000.00,384902.0,272701.03889916994
2298,HGS-TV,384818.0,272765.82972860336
2299,HGS-TV,384818.0,272835.7311704159
2300,ails2_etaMax1.000_stoppingTime432000.00,384899.0,272884.1348991699
2301,ails2_etaMax1.000_stoppingTime432000.00,384892.0,272884.5538991699
2302,HGS-TV,384818.0,272976.91262698174
2303,ails2_etaMax1.000_stoppingTime864000.00,386590.0,273316.6448991699
2304,HGS-TV,384818.0,273377.1632065773
2305,HGS-TV,384818.0,273471.72155594826
2306,HGS-TV,384818.0,273547.9252049923
2307,HGS-TV,384818.0,273706.2464494705
2308,HGS-TV,384818.0,273793.32333779335
2309,HGS-TV,384818.0,273856.52889561653
2310,HGS-TV,384818.0,273916.742174387
2311,HGS-TV,384818.0,274191.27020025253
2312,HGS-TV,384818.0,274404.6702363491
2313,ails2_etaMax1.000_stoppingTime1728000.00,388186.0,274669.21389916993
2314,HGS-TV,384818.0,274748.21093535423
2315,HGS-TV,384818.0,274808.32835292816
2316,HGS-TV,384818.0,275085.64265847206
2317,HGS-TV,384818.0,275182.1488993168
2318,HGS-TV,384818.0,275268.8100748062
2319,HGS-TV,384818.0,275386.7390611172
2320,HGS-TV,384818.0,275446.9488070011
2321,HGS-TV,384818.0,275631.51227998734
2322,HGS-TV,384818.0,275691.57942938805
2323,HGS-TV,384818.0,275761.87608504295
2324,ails2_eoh_omega2,385282.0,275769.3038991699
2325,HGS-TV,384818.0,275938.8148481846
2326,HGS-TV,384818.0,275998.8258471489
2327,HGS-TV,384818.0,276280.1759548187
2328,HGS-TV,384818.0,276440.2066709995
2329,HGS-TV,384818.0,276925.2245461941
2330,HGS-TV,384818.0,277007.73685240746
2331,HGS-TV,384818.0,277165.00860357285
2332,HGS-TV,384818.0,277457.0531833172
2333,HGS-TV,384818.0,277665.1053147316
2334,HGS-TV,384818.0,277725.18428993225
2335,HGS-TV,384818.0,277850.65944600105
2336,HGS-TV,384818.0,277910.97778463364
2337,HGS-TV,384818.0,277975.3217971325
2338,HGS-TV,384818.0,278215.3420817852
2339,HGS-TV,384818.0,278275.3687751293
2340,ails2_etaMax1.000_stoppingTime1728000.00,388184.0,278376.5088991699
2341,ails2_etaMax1.000_stoppingTime1728000.00,388009.0,278377.7928991699
2342,HGS-TV,384818.0,278465.87348890305
2343,HGS-TV,384818.0,278766.1549925804
2344,ails2_etaMax1.000_stoppingTime432000.00,384891.0,278790.9128991699
2345,HGS-TV,384818.0,278826.4809317589
2346,HGS-TV,384818.0,278886.49296593666
2347,HGS-TV,384818.0,278961.05861902237
2348,HGS-TV,384818.0,279021.1635019779
2349,HGS-TV,384818.0,279217.812728405
2350,HGS-TV,384818.0,279358.30995321274
2351,HGS-TV,384818.0,279438.7976369858
2352,HGS-TV,384818.0,279523.33551621437
2353,HGS-TV,384818.0,279583.3971107006
2354,HGS-TV,384818.0,279901.7207901478
2355,HGS-TV,384818.0,279962.0127823353
2356,HGS-TV,384818.0,280022.307441473
2357,HGS-TV,384818.0,280111.9686162472
2358,HGS-TV,384818.0,280502.4326059818
2359,HGS-TV,384818.0,280562.6044476032
2360,HGS-TV,384818.0,280635.1416566372
2361,HGS-TV,384818.0,280809.3037917614
2362,HGS-TV,384818.0,281000.14445853233
2363,ails2_etaMax1.000_stoppingTime432000.00,384888.0,281063.7048991699
2364,ails2_etaMax1.000_stoppingTime432000.00,384887.0,281063.7598991699
2365,HGS-TV,384818.0,281487.4639594555
2366,HGS-TV,384818.0,281547.59441423416
2367,ails2_etaMax1.000_stoppingTime432000.00,384882.0,281612.01289916993
2368,ails2_etaMax1.000_stoppingTime432000.00,384867.0,281612.0678991699
2369,ails2_etaMax1.000_stoppingTime864000.00,386574.0,281865.48589916993
2370,ails2_etaMax1.000_stoppingTime864000.00,386506.0,281866.9388991699
2371,HGS-TV,384818.0,281990.7316298485
2372,ails2_etaMax1.000_stoppingTime432000.00,384864.0,282026.4608991699
2373,HGS-TV,384818.0,282055.17224287987
2374,ails2_etaMax1.000_stoppingTime432000.00,384853.0,282026.83889916993
2375,HGS-TV,384818.0,282115.3571918011
2376,HGS-TV,384818.0,282389.5546004772
2377,HGS-TV,384818.0,282449.6656777859
2378,HGS-TV,384818.0,282562.3988223076
2379,HGS-TV,384818.0,282622.5930054188
2380,ails2_etaMax1.000_stoppingTime432000.00,384852.0,282663.1168991699
2381,HGS-TV,384818.0,282990.5327951908
2382,HGS-TV,384818.0,283071.6879808903
2383,HGS-TV,384818.0,283221.3572425842
2384,HGS-TV,384818.0,283339.2592828274
2385,HGS-TV,384818.0,283481.5141429901
2386,HGS-TV,384818.0,283542.6197013855
2387,HGS-TV,384818.0,283602.6522259712
2388,HGS-TV,384818.0,283701.8420636654
2389,HGS-TV,384818.0,283899.9344110489
2390,HGS-TV,384818.0,284036.73327994347
2391,HGS-TV,384818.0,284096.91612386703
2392,HGS-TV,384818.0,284157.0459561348
2393,HGS-TV,384818.0,284324.30891418457
2394,HGS-TV,384818.0,284411.7824304104
2395,HGS-TV,384818.0,284619.6168060303
2396,HGS-TV,384818.0,285355.31488871574
2397,HGS-TV,384818.0,285505.6517159939
2398,HGS-TV,384818.0,285847.21933221817
2399,HGS-TV,384818.0,286056.15479159355
2400,HGS-TV,384818.0,286130.5409286022
2401,HGS-TV,384818.0,286520.5427019596
2402,HGS-TV,384818.0,286674.99677443504
2403,HGS-TV,384818.0,286735.19514250755
2404,HGS-TV,384818.0,286853.8967137337
2405,HGS-TV,384818.0,287052.6358528137
2406,HGS-TV,384818.0,287301.88299155235
2407,HGS-TV,384818.0,287595.3680512905
2408,HGS-TV,384818.0,287655.5867614746
2409,ails2_etaMax1.000_stoppingTime864000.00,386494.0,288144.7968991699
2410,ails2_etaMax1.000_stoppingTime864000.00,386481.0,288144.9328991699
2411,HGS-TV,384818.0,288304.0099668503
2412,HGS-TV,384818.0,288846.4689667225
2413,HGS-TV,384818.0,288992.8452613354
2414,HGS-TV,384818.0,289052.8590517044
2415,HGS-TV,384818.0,289113.02898192406
2416,ails2_eoh_omega2,385281.0,289187.3128991699
2417,ails2_etaMax1.000_stoppingTime432000.00,384849.0,289222.5158991699
2418,HGS-TV,384818.0,289245.01593232155
2419,ails2_eoh_omega2,385280.0,289190.3668991699
2420,HGS-TV,384818.0,289305.2005069256
2421,HGS-TV,384818.0,289542.7131102085
2422,HGS-TV,384818.0,289852.2834365368
2423,HGS-TV,384818.0,290057.0045275688
2424,HGS-TV,384818.0,290599.82046842575
2425,HGS-TV,384818.0,290799.80210256577
2426,HGS-TV,384818.0,291652.5298705101
2427,ails2_etaMax1.000_stoppingTime432000.00,384834.0,291830.1448991699
2428,ails2_etaMax1.000_stoppingTime432000.00,384829.0,291834.51789916994
2429,HGS-TV,384818.0,292082.3358130455
2430,HGS-TV,384818.0,292212.8061840534
2431,HGS-TV,384818.0,292342.8391788006
2432,HGS-TV,384818.0,292403.11396217346
2433,HGS-TV,384818.0,292510.29025650024
2434,HGS-TV,384818.0,292849.98498415947
2435,HGS-TV,384818.0,293245.24885106087
2436,HGS-TV,384818.0,293806.551153183
2437,HGS-TV,384818.0,293866.67828798294
2438,HGS-TV,384818.0,294127.8235371113
2439,HGS-TV,384818.0,294277.22769093513
2440,HGS-TV,384818.0,294381.24318265915
2441,HGS-TV,384818.0,294558.9872786999
2442,HGS-TV,384818.0,294692.2243974209
2443,HGS-TV,384818.0,294892.8947222233
2444,HGS-TV,384818.0,294992.2172675133
2445,HGS-TV,384818.0,295052.2500011921
2446,HGS-TV,384818.0,295112.46535110474
2447,ails2_etaMax1.000_stoppingTime864000.00,386474.0,295149.3578991699
2448,HGS-TV,384818.0,295180.0112481117
2449,ails2_etaMax1.000_stoppingTime864000.00,386468.0,295149.88089916995
2450,ails2_etaMax1.000_stoppingTime432000.00,384824.0,295302.68689916993
2451,ails2_etaMax1.000_stoppingTime432000.00,384823.0,295386.0248991699
2452,HGS-TV,384818.0,295392.35608530045
2453,ails2_etaMax1.000_stoppingTime432000.00,384821.0,295386.1568991699
2454,HGS-TV,384818.0,295452.42638635635
2455,HGS-TV,384818.0,295512.58129143715
2456,HGS-TV,384818.0,295572.7225461006
2457,HGS-TV,384818.0,295651.5159432888
2458,HGS-TV,384818.0,295711.6960847378
2459,HGS-TV,384818.0,295844.34239673615
2460,ails2_etaMax1.000_stoppingTime864000.00,386461.0,295844.3578991699
2461,HGS-TV,384818.0,295904.4078373909
2462,ails2_etaMax1.000_stoppingTime864000.00,386326.0,295876.89289916994
2463,HGS-TV,384818.0,296030.10978269577
2464,HGS-TV,384818.0,296090.1806418896
2465,ails2_etaMax1.000_stoppingTime432000.00,384818.0,296106.34989916993
2466,HGS-TV,384818.0,296150.3739116192
2467,ails2_etaMax1.000_stoppingTime432000.00,384812.0,296109.5428991699
2468,HGS-TV,384818.0,296210.536683321
2469,HGS-TV,384818.0,296270.7840616703
2470,HGS-TV,384818.0,296348.28575849533
2471,HGS-TV,384818.0,296496.3550930023
2472,HGS-TV,384818.0,296556.52838373184
2473,HGS-TV,384818.0,296704.2452850342
2474,HGS-TV,384818.0,296896.2404689789
2475,HGS-TV,384818.0,297183.0784468651
2476,HGS-TV,384818.0,297439.50964975357
2477,HGS-TV,384818.0,297499.5348160267
2478,HGS-TV,384818.0,297559.63203787804
2479,HGS-TV,384818.0,297707.755658865
2480,HGS-TV,384818.0,297768.0513830185
2481,HGS-TV,384818.0,297828.3047566414
2482,HGS-TV,384818.0,297888.38078808784
2483,HGS-TV,384818.0,297948.57653975487
2484,HGS-TV,384818.0,298008.8108353615
2485,HGS-TV,384818.0,298068.9318828583
2486,HGS-TV,384818.0,298206.32521033287
2487,HGS-TV,384818.0,298303.311211586
2488,HGS-TV,384818.0,298375.9627120495
2489,HGS-TV,384818.0,298541.1407363415
2490,HGS-TV,384818.0,298626.0559401512
2491,HGS-TV,384818.0,298686.0973601341
2492,HGS-TV,384818.0,298753.029181242
2493,HGS-TV,384818.0,298813.27335834503
2494,filo2,384807.0,298882.99715161324
2495,filo2,384803.0,298943.06573438644
2496,filo2,384801.0,299074.9362590313
2497,ails2_etaMax1.000_stoppingTime432000.00,384809.0,299506.9278991699
2498,HGS-TV,384799.0,299551.9937427044
2499,ails2_etaMax1.000_stoppingTime432000.00,384798.0,299524.5698991699
2500,ails2_etaMax1.000_stoppingTime432000.00,384777.0,299598.4238991699
2501,HGS-TV,384798.0,299846.3482942581
2502,HGS-TV,384793.0,299928.71042943
2503,HGS-TV,384792.0,300172.3228003979
2504,HGS-TV,384789.0,300247.5550906658
2505,HGS-TV,384782.0,300413.4064025879
2506,HGS-TV,384778.0,300473.4463253021
2507,HGS-TV,384777.0,300651.5552110672
2508,HGS-TV,384774.0,300718.72633576393
2509,HGS-TV,384771.0,300778.9213125706
2510,HGS-TV,384770.0,300839.0307943821
2511,HGS-TV,384769.0,300958.88883948326
2512,HGS-TV,384768.0,301018.95343732834
2513,ails2_etaMax0.005_stoppingTime86400.00,384810.0,301118.9878991699
2514,ails2_etaMax0.005_stoppingTime86400.00,384805.0,301159.59389916994
2515,HGS-TV,384762.0,301224.45778393745
2516,ails2_etaMax0.005_stoppingTime86400.00,384804.0,301261.77389916993
2517,HGS-TV,384761.0,301284.5291571617
2518,ails2_etaMax0.005_stoppingTime86400.00,384794.0,301262.11589916993
2519,ails2_etaMax0.005_stoppingTime86400.00,384788.0,301340.34889916994
2520,ails2_etaMax0.005_stoppingTime86400.00,384785.0,301661.34889916994
2521,HGS-TV,384760.0,301726.1286454201
2522,ails2_etaMax1.000_stoppingTime432000.00,384776.0,301739.5208991699
2523,HGS-TV,384759.0,301834.5928235054
2524,ails2_etaMax1.000_stoppingTime1728000.00,388005.0,301838.10389916995
2525,ails2_etaMax1.000_stoppingTime1728000.00,387998.0,301838.1298991699
2526,HGS-TV,384758.0,302367.8716804981
2527,HGS-TV,384755.0,302494.58883810043
2528,HGS-TV,384754.0,302554.62866044044
2529,ails2_etaMax1.000_stoppingTime864000.00,386324.0,302596.1818991699
2530,ails2_etaMax1.000_stoppingTime864000.00,386267.0,302596.8018991699
2531,HGS-TV,384752.0,302964.2105066776
2532,HGS-TV,384751.0,303034.34954953194
2533,HGS-TV,384750.0,303228.9306178093
2534,HGS-TV,384747.0,303288.9914531708
2535,HGS-TV,384745.0,303349.0126709938
2536,HGS-TV,384743.0,303438.990003109
2537,HGS-TV,384742.0,303499.0177409649
2538,HGS-TV,384741.0,303559.0949757099
2539,HGS-TV,384739.0,304415.2870476246
2540,HGS-TV,384738.0,304475.3870244026
2541,ails2_etaMax1.000_stoppingTime432000.00,384771.0,305595.3678991699
2542,ails2_etaMax1.000_stoppingTime432000.00,384769.0,305612.8178991699
2543,ails2_etaMax1.000_stoppingTime432000.00,384766.0,305795.1938991699
2544,ails2_etaMax1.000_stoppingTime864000.00,386244.0,305882.95789916994
2545,ails2_etaMax1.000_stoppingTime864000.00,386089.0,305885.82689916994
2546,ails2_etaMax1.000_stoppingTime432000.00,384764.0,306420.0808991699
2547,ails2_etaMax1.000_stoppingTime432000.00,384758.0,306420.5978991699
2548,HGS-TV,384738.0,307404.21889567375
2549,HGS-TV,384738.0,307464.23594617844
2550,HGS-TV,384738.0,307524.29947686195
2551,HGS-TV,384738.0,307584.32923460007
2552,HGS-TV,384738.0,307780.3095726967
2553,ails2_etaMax1.000_stoppingTime1728000.00,387994.0,307972.43589916994
2554,ails2_etaMax1.000_stoppingTime1728000.00,387975.0,307972.9988991699
2555,HGS-TV,384738.0,308106.69377970695
2556,HGS-TV,384738.0,308336.8082995415
2557,HGS-TV,384738.0,308419.66790771484
2558,HGS-TV,384738.0,308535.4468693733
2559,HGS-TV,384738.0,308595.6474637985
2560,ails2_etaMax1.000_stoppingTime1728000.00,387950.0,309556.46389916993
2561,HGS-TV,384738.0,309574.2773153782
2562,ails2_etaMax1.000_stoppingTime1728000.00,387924.0,309556.5208991699
2563,HGS-TV,384738.0,309688.8358654976
2564,HGS-TV,384738.0,309987.49643039703
2565,HGS-TV,384738.0,310047.7338318825
2566,HGS-TV,384738.0,310123.48693084717
2567,HGS-TV,384738.0,310351.4851100445
2568,HGS-TV,384738.0,310411.55430936813
2569,HGS-TV,384738.0,310753.76549720764
2570,HGS-TV,384738.0,310814.0075893402
2571,HGS-TV,384738.0,310879.5847258568
2572,HGS-TV,384738.0,311192.30383872986
2573,HGS-TV,384738.0,311252.3881864548
2574,HGS-TV,384738.0,311335.0219576359
2575,HGS-TV,384738.0,311743.0402698517
2576,HGS-TV,384738.0,311868.1363711357
2577,HGS-TV,384738.0,312091.4539294243
2578,HGS-TV,384738.0,312151.5230810642
2579,HGS-TV,384738.0,312321.6638433933
2580,HGS-TV,384738.0,312434.97867679596
2581,HGS-TV,384738.0,312579.31807518005
2582,HGS-TV,384738.0,312790.2228958607
2583,HGS-TV,384738.0,313033.7181072235
2584,HGS-TV,384738.0,313212.9564638138
2585,HGS-TV,384738.0,313315.9126393795
2586,HGS-TV,384738.0,313660.2927315235
2587,HGS-TV,384738.0,314113.70393657684
2588,ails2_etaMax1.000_stoppingTime432000.00,384756.0,314301.6068991699
2589,ails2_etaMax1.000_stoppingTime432000.00,384752.0,314376.6778991699
2590,ails2_etaMax1.000_stoppingTime432000.00,384721.0,314427.83289916994
2591,HGS-TV,384738.0,314468.53655552864
2592,HGS-TV,384738.0,314528.8127541542
2593,HGS-TV,384738.0,314868.9322538376
2594,ails2_etaMax1.000_stoppingTime432000.00,384720.0,315333.4178991699
2595,HGS-TV,384738.0,315374.53757452965
2596,HGS-TV,384738.0,315542.7040524483
2597,HGS-TV,384738.0,315843.4032871723
2598,HGS-TV,384738.0,316003.0559799671
2599,HGS-TV,384738.0,316204.4439563751
2600,ails2_etaMax1.000_stoppingTime1728000.00,387892.0,316437.0678991699
2601,ails2_etaMax1.000_stoppingTime1728000.00,387886.0,316437.10489916994
2602,ails2_etaMax0.005_stoppingTime86400.00,384719.0,316976.90389916993
2603,HGS-TV,384714.0,317258.6020498276
2604,HGS-TV,384713.0,317342.91723537445
2605,HGS-TV,384710.0,317402.9384047985
2606,HGS-TV,384708.0,317463.0917584896
2607,ails2_etaMax0.005_stoppingTime86400.00,384718.0,318004.69189916993
2608,ails2_etaMax0.005_stoppingTime86400.00,384717.0,318019.1998991699
2609,HGS-TV,384707.0,318106.50301885605
2610,ails2_etaMax0.005_stoppingTime86400.00,384715.0,318212.2978991699
2611,ails2_etaMax0.005_stoppingTime86400.00,384706.0,318215.99089916993
2612,HGS-TV,384705.0,318352.5398902893
2613,HGS-TV,384704.0,318412.70099282265
2614,HGS-TV,384703.0,318472.85113048553
2615,HGS-TV,384700.0,318532.9332501888
2616,HGS-TV,384699.0,318674.65639925003
2617,HGS-TV,384694.0,318874.4509792328
2618,HGS-TV,384693.0,318934.48317432404
2619,HGS-TV,384692.0,319631.67376351357
2620,ails2_etaMax1.000_stoppingTime1728000.00,387851.0,319640.3198991699
2621,HGS-TV,384691.0,319853.3782083988
2622,HGS-TV,384690.0,319913.3949506283
2623,HGS-TV,384689.0,320624.5028479099
2624,HGS-TV,384689.0,323518.945091486
2625,HGS-TV,384689.0,323578.98900437355
2626,HGS-TV,384689.0,323639.1685054302
2627,HGS-TV,384689.0,323723.05753946304
2628,HGS-TV,384689.0,323783.08140707016
2629,HGS-TV,384689.0,323886.1981384754
2630,HGS-TV,384689.0,323946.3588447571
2631,HGS-TV,384689.0,324006.58410167694
2632,HGS-TV,384689.0,324066.6313278675
2633,HGS-TV,384689.0,324231.0142712593
2634,HGS-TV,384689.0,324366.7907795906
2635,HGS-TV,384689.0,324511.95914530754
2636,HGS-TV,384689.0,324577.7362303734
2637,HGS-TV,384689.0,324637.8643987179
2638,HGS-TV,384689.0,324821.2475757599
2639,HGS-TV,384689.0,324927.8754930496
2640,HGS-TV,384689.0,325029.1409945488
2641,HGS-TV,384689.0,325228.08116698265
2642,HGS-TV,384689.0,325293.0493967533
2643,HGS-TV,384689.0,325756.78896665573
2644,HGS-TV,384689.0,326394.13982892036
2645,HGS-TV,384689.0,326490.3178703785
2646,HGS-TV,384689.0,326637.6561052799
2647,HGS-TV,384689.0,326697.80056118965
2648,HGS-TV,384689.0,326941.58070516586
2649,HGS-TV,384689.0,327924.40324807167
2650,HGS-TV,384689.0,328111.9527363777
2651,HGS-TV,384689.0,328495.25012779236
2652,HGS-TV,384689.0,328653.3758676052
2653,HGS-TV,384689.0,328860.27375745773
2654,HGS-TV,384689.0,328962.5969622135
2655,HGS-TV,384689.0,329444.7967083454
2656,HGS-TV,384689.0,329807.51341986656
2657,HGS-TV,384689.0,329867.57240247726
2658,HGS-TV,384689.0,330513.55733418465
2659,HGS-TV,384689.0,330607.56298804283
2660,HGS-TV,384689.0,331007.5153861046
2661,ails2_eoh_omega2,385279.0,331187.0638991699
2662,ails2_eoh_omega2,385278.0,331332.03289916995
2663,ails2_eoh_omega2,385277.0,331332.4498991699
2664,HGS-TV,384689.0,331502.4444847107
2665,ails2_etaMax1.000_stoppingTime1728000.00,387792.0,331637.55489916995
2666,ails2_etaMax1.000_stoppingTime1728000.00,387735.0,331637.58789916994
2667,HGS-TV,384689.0,332086.1322834492
2668,HGS-TV,384689.0,332203.9670689106
2669,HGS-TV,384689.0,332778.77602672577
2670,HGS-TV,384689.0,332838.7790875435
2671,HGS-TV,384689.0,332987.25928997993
2672,HGS-TV,384689.0,333047.4789981842
2673,HGS-TV,384689.0,333640.3103380203
2674,HGS-TV,384689.0,333700.4559791088
2675,ails2_eoh_omega2,385276.0,334160.3678991699
2676,ails2_etaMax1.000_stoppingTime1728000.00,387732.0,334784.62589916994
2677,ails2_etaMax1.000_stoppingTime1728000.00,387682.0,334784.71389916993
2678,ails2_etaMax0.010_stoppingTime432000.00,385387.0,334996.5248991699
2679,ails2_etaMax0.010_stoppingTime432000.00,385386.0,334996.8578991699
2680,HGS-TV,384689.0,335507.0396168232
2681,HGS-TV,384689.0,335811.14365005493
2682,ails2_etaMax1.000_stoppingTime864000.00,386082.0,336231.5158991699
2683,HGS-TV,384689.0,336306.6961185932
2684,HGS-TV,384689.0,336520.8874659538
2685,ails2_eoh_omega2,385274.0,336795.81689916993
2686,HGS-TV,384689.0,337228.35416674614
2687,HGS-TV,384689.0,337288.60881638527
2688,HGS-TV,384689.0,337348.65840888023
2689,HGS-TV,384689.0,337521.9026145935
2690,HGS-TV,384689.0,337582.0111236572
2691,HGS-TV,384689.0,337932.18760323524
2692,HGS-TV,384689.0,337993.9961555004
2693,HGS-TV,384689.0,338714.19156479836
2694,HGS-TV,384689.0,338925.55237030983
2695,ails2_etaMax1.000_stoppingTime864000.00,386077.0,339074.14889916993
2696,ails2_etaMax1.000_stoppingTime864000.00,386050.0,339084.6188991699
2697,HGS-TV,384689.0,339655.2840952873
2698,HGS-TV,384689.0,339877.39734601974
2699,ails2_etaMax1.000_stoppingTime1728000.00,387681.0,339883.7968991699
2700,HGS-TV,384689.0,339937.6982960701
2701,ails2_etaMax1.000_stoppingTime1728000.00,387674.0,339883.8398991699
2702,HGS-TV,384689.0,340532.209038496
2703,HGS-TV,384689.0,340614.01340699196
2704,HGS-TV,384689.0,340949.39676976204
2705,HGS-TV,384689.0,341098.21558332443
2706,HGS-TV,384689.0,341301.3190367222
2707,HGS-TV,384689.0,341361.46452617645
2708,HGS-TV,384689.0,341421.6164932251
2709,ails2_etaMax1.000_stoppingTime864000.00,386048.0,341548.71789916995
2710,ails2_etaMax1.000_stoppingTime864000.00,386044.0,341548.7588991699
2711,HGS-TV,384689.0,341639.0270488262
2712,HGS-TV,384689.0,341739.32897019386
2713,HGS-TV,384689.0,342026.0070223808
2714,HGS-TV,384689.0,342086.3264672756
2715,HGS-TV,384689.0,342253.40479564667
2716,ails2_etaMax1.000_stoppingTime432000.00,384718.0,343027.37589916994
2717,HGS-TV,384689.0,343262.940533638
2718,HGS-TV,384689.0,343421.76387143135
2719,HGS-TV,384689.0,343493.93136024475
2720,HGS-TV,384689.0,344144.06067967415
2721,HGS-TV,384689.0,344540.4019315243
2722,HGS-TV,384689.0,344747.08496022224
2723,HGS-TV,384689.0,345258.6930027008
2724,HGS-TV,384689.0,345318.9732067585
2725,HGS-TV,384689.0,345584.4449148178
2726,HGS-TV,384689.0,345924.8716292381
2727,HGS-TV,384689.0,346336.8321733475
2728,HGS-TV,384689.0,346560.9975709915
2729,HGS-TV,384689.0,346634.80429053307
2730,HGS-TV,384689.0,346884.35139393806
2731,HGS-TV,384689.0,347034.8637394905
2732,HGS-TV,384689.0,347094.87083148956
2733,HGS-TV,384689.0,347674.06979084015
2734,ails2_etaMax1.000_stoppingTime432000.00,384717.0,347702.65789916995
2735,HGS-TV,384689.0,347734.2066986561
2736,ails2_etaMax1.000_stoppingTime432000.00,384708.0,347756.7378991699
2737,ails2_etaMax1.000_stoppingTime432000.00,384705.0,347783.89789916994
2738,HGS-TV,384689.0,347935.9419634342
2739,HGS-TV,384689.0,348000.16517305374
2740,ails2_etaMax1.000_stoppingTime864000.00,386029.0,348049.1788991699
2741,ails2_etaMax1.000_stoppingTime864000.00,386015.0,348049.73389916995
2742,ails2_etaMax1.000_stoppingTime864000.00,386012.0,348305.5458991699
2743,HGS-TV,384689.0,348334.7688381672
2744,HGS-TV,384689.0,348431.1420865059
2745,HGS-TV,384689.0,348491.32375741005
2746,HGS-TV,384689.0,348551.43939590454
2747,HGS-TV,384689.0,348666.68301796913
2748,HGS-TV,384689.0,348726.8466575146
2749,HGS-TV,384689.0,349034.70212364197
2750,HGS-TV,384689.0,349264.2110440731
2751,HGS-TV,384689.0,349324.237449646
2752,HGS-TV,384689.0,349567.1591308117
2753,HGS-TV,384689.0,349746.06574201584
2754,HGS-TV,384689.0,350486.9734520912
2755,HGS-TV,384689.0,350546.99600982666
2756,HGS-TV,384689.0,350712.2740268707
2757,HGS-TV,384689.0,350850.1881673336
2758,HGS-TV,384689.0,350955.6461713314
2759,HGS-TV,384689.0,351182.64725756645
2760,HGS-TV,384689.0,351242.7652156353
2761,HGS-TV,384689.0,351302.87171411514
2762,HGS-TV,384689.0,351362.8971321583
2763,HGS-TV,384689.0,351730.6385214329
2764,HGS-TV,384689.0,351829.0956504345
2765,HGS-TV,384689.0,352029.36433792114
2766,HGS-TV,384689.0,352090.61689686775
2767,HGS-TV,384689.0,352150.67573428154
2768,HGS-TV,384689.0,352293.35665488243
2769,HGS-TV,384689.0,352353.4063179493
2770,HGS-TV,384689.0,352413.46356606483
2771,HGS-TV,384689.0,352473.49398064613
2772,HGS-TV,384689.0,352533.62747740746
2773,HGS-TV,384689.0,352642.93640708923
2774,HGS-TV,384689.0,352703.0086991787
2775,HGS-TV,384689.0,352763.10094571114
2776,HGS-TV,384689.0,352823.1217479706
2777,HGS-TV,384689.0,352883.3202495575
2778,HGS-TV,384689.0,352999.6377694607
2779,HGS-TV,384689.0,353059.7213213444
2780,HGS-TV,384689.0,353120.038598299
2781,HGS-TV,384689.0,353180.17994356155
2782,HGS-TV,384689.0,353240.46955370903
2783,HGS-TV,384689.0,353300.5937988758
2784,HGS-TV,384689.0,353360.6346333027
2785,HGS-TV,384689.0,353420.6476035118
2786,HGS-TV,384689.0,353697.63658714294
2787,HGS-TV,384689.0,353859.26465058327
2788,HGS-TV,384689.0,353919.4413330555
2789,HGS-TV,384689.0,354158.8592979908
2790,HGS-TV,384689.0,354218.9677209854
2791,HGS-TV,384689.0,354320.1947724819
2792,HGS-TV,384689.0,354532.1806936264
2793,HGS-TV,384689.0,354592.26122546196
2794,HGS-TV,384689.0,354658.1275417805
2795,HGS-TV,384689.0,354718.153386116
2796,HGS-TV,384689.0,354778.19781661034
2797,HGS-TV,384689.0,355053.73986673355
2798,HGS-TV,384689.0,355113.84305381775
2799,HGS-TV,384689.0,355174.06420493126
2800,HGS-TV,384689.0,355234.0809929371
2801,HGS-TV,384689.0,355318.17233252525
2802,HGS-TV,384689.0,355378.3303952217
2803,HGS-TV,384689.0,355438.57455325127
2804,HGS-TV,384689.0,355498.59127497673
2805,HGS-TV,384689.0,355597.20155358315
2806,HGS-TV,384689.0,355684.61508989334
2807,HGS-TV,384689.0,355744.6529893875
2808,HGS-TV,384689.0,355883.17741179466
2809,HGS-TV,384689.0,355975.16387701035
2810,HGS-TV,384689.0,356172.93257427216
2811,HGS-TV,384689.0,356323.9207763672
2812,HGS-TV,384689.0,356492.79727077484
2813,HGS-TV,384689.0,356712.1859076023
2814,HGS-TV,384689.0,356772.3249371052
2815,HGS-TV,384689.0,356902.9351799488
2816,HGS-TV,384689.0,356963.0698828697
2817,HGS-TV,384689.0,357102.91537857056
2818,HGS-TV,384689.0,357162.96778202057
2819,HGS-TV,384689.0,357246.8786575794
2820,HGS-TV,384689.0,357306.9300096035
2821,HGS-TV,384689.0,357367.0819115639
2822,HGS-TV,384689.0,357435.1852762699
2823,ails2_etaMax1.000_stoppingTime1728000.00,387666.0,357580.39189916995
2824,HGS-TV,384689.0,357652.38034033775
2825,HGS-TV,384689.0,357749.84735894203
2826,HGS-TV,384689.0,357810.26202344894
2827,HGS-TV,384689.0,357870.27866601944
2828,HGS-TV,384689.0,357930.4697124958
2829,HGS-TV,384689.0,357990.4995803833
2830,HGS-TV,384689.0,358050.64012622833
2831,HGS-TV,384689.0,358137.618568182
2832,HGS-TV,384689.0,358197.74801564217
2833,ails2_etaMax1.000_stoppingTime864000.00,386000.0,358212.7908991699
2834,HGS-TV,384689.0,358257.9182021618
2835,ails2_etaMax1.000_stoppingTime864000.00,385951.0,358214.12689916993
2836,HGS-TV,384689.0,358318.05944013596
2837,HGS-TV,384689.0,358378.3402812481
2838,HGS-TV,384689.0,358438.47716116905
2839,HGS-TV,384689.0,358498.5540704727
2840,HGS-TV,384689.0,358558.5750133991
2841,ails2_etaMax1.000_stoppingTime864000.00,385911.0,358613.31089916994
2842,HGS-TV,384689.0,358626.47865724564
2843,ails2_etaMax1.000_stoppingTime864000.00,385893.0,358613.4338991699
2844,HGS-TV,384689.0,358708.7206978798
2845,HGS-TV,384689.0,358768.8673825264
2846,HGS-TV,384689.0,358829.051615715
2847,HGS-TV,384689.0,358889.1166803837
2848,HGS-TV,384689.0,359125.2188937664
2849,HGS-TV,384689.0,359228.9803156853
2850,HGS-TV,384689.0,359289.0226330757
2851,HGS-TV,384689.0,359349.0538804531
2852,HGS-TV,384689.0,359409.114351511
2853,HGS-TV,384689.0,359523.2806518078
2854,HGS-TV,384689.0,359583.395229578
2855,HGS-TV,384689.0,359675.48589634895
2856,HGS-TV,384689.0,359765.30853939056
2857,HGS-TV,384689.0,359877.88592767715
2858,HGS-TV,384689.0,359938.1576230526
2859,HGS-TV,384689.0,360008.84994220734
2860,ails2_etaMax1.000_stoppingTime432000.00,384704.0,360199.35389916995
2861,ails2_etaMax1.000_stoppingTime1728000.00,387655.0,360258.5248991699
2862,HGS-TV,384689.0,360275.55377984047
2863,ails2_etaMax1.000_stoppingTime432000.00,384702.0,360311.75189916993
2864,ails2_etaMax1.000_stoppingTime1728000.00,387641.0,360269.73489916994
2865,HGS-TV,384689.0,360481.20757484436
2866,HGS-TV,384689.0,360541.4234099388
2867,HGS-TV,384689.0,360601.4764113426
2868,HGS-TV,384689.0,360698.9503388405
2869,HGS-TV,384689.0,360758.9924952984
2870,ails2_etaMax1.000_stoppingTime1728000.00,387640.0,360796.6458991699
2871,HGS-TV,384689.0,360819.0303661823
2872,HGS-TV,384689.0,360891.44745373726
2873,HGS-TV,384689.0,360951.64641213417
2874,HGS-TV,384689.0,361011.8190083504
2875,HGS-TV,384689.0,361071.9411742687
2876,HGS-TV,384689.0,361132.04241776466
2877,HGS-TV,384689.0,361192.0852472782
2878,HGS-TV,384689.0,361259.5853655338
2879,HGS-TV,384689.0,361457.33512091637
2880,ails2_etaMax1.000_stoppingTime432000.00,384700.0,361533.8288991699
2881,HGS-TV,384689.0,361586.97089219093
2882,ails2_etaMax1.000_stoppingTime432000.00,384699.0,361533.86489916994
2883,HGS-TV,384689.0,361646.99631643295
2884,HGS-TV,384689.0,361707.2959496975
2885,HGS-TV,384689.0,361876.981760025
2886,HGS-TV,384689.0,361948.71611762047
2887,HGS-TV,384689.0,362066.3228878975
2888,HGS-TV,384689.0,362126.371083498
2889,HGS-TV,384689.0,362186.3722271919
2890,HGS-TV,384689.0,362250.89152407646
2891,HGS-TV,384689.0,362311.12735176086
2892,HGS-TV,384689.0,362371.12894177437
2893,HGS-TV,384689.0,362454.50217437744
2894,HGS-TV,384689.0,362514.7600991726
2895,HGS-TV,384689.0,362642.33454942703
2896,HGS-TV,384689.0,362702.4148452282
2897,HGS-TV,384689.0,362811.7862203121
2898,HGS-TV,384689.0,362871.8042001724
2899,HGS-TV,384689.0,362931.8769259453
2900,HGS-TV,384689.0,363015.6930491924
2901,HGS-TV,384689.0,363098.85529088974
2902,HGS-TV,384689.0,363158.90539622307
2903,HGS-TV,384689.0,363218.9267346859
2904,HGS-TV,384689.0,363278.9700829983
2905,HGS-TV,384689.0,363339.24960923195
2906,HGS-TV,384689.0,363399.30095362663
2907,HGS-TV,384689.0,363474.6023452282
2908,HGS-TV,384689.0,363546.99632549286
2909,HGS-TV,384689.0,363607.0539546013
2910,HGS-TV,384689.0,363667.1571316719
2911,HGS-TV,384689.0,363727.2833240032
2912,HGS-TV,384689.0,363787.56346702576
2913,HGS-TV,384689.0,363853.08749198914
2914,HGS-TV,384689.0,363913.1335682869
2915,HGS-TV,384689.0,363973.20655703545
2916,HGS-TV,384689.0,364256.31328868866
2917,HGS-TV,384689.0,364316.35933303833
2918,HGS-TV,384689.0,364376.37157440186
2919,HGS-TV,384689.0,364436.3758366108
2920,HGS-TV,384689.0,364557.9005661011
2921,HGS-TV,384689.0,364617.9262678623
2922,HGS-TV,384689.0,364763.64894771576
2923,HGS-TV,384689.0,364823.73623919487
2924,HGS-TV,384689.0,364883.82552170753
2925,HGS-TV,384689.0,364943.9016172886
2926,HGS-TV,384689.0,365003.96481633186
2927,HGS-TV,384689.0,365064.2024862766
2928,ails2_etaMax1.000_stoppingTime864000.00,385866.0,365083.4068991699
2929,ails2_etaMax1.000_stoppingTime864000.00,385830.0,365083.8858991699
2930,HGS-TV,384689.0,365163.7438969612
2931,HGS-TV,384689.0,365223.7985291481
2932,HGS-TV,384689.0,365283.94973254204
2933,HGS-TV,384689.0,365367.33626389503
2934,HGS-TV,384689.0,365463.82049775124
2935,HGS-TV,384689.0,365556.27699255943
2936,HGS-TV,384689.0,365616.3293290138
2937,HGS-TV,384689.0,365676.402371645
2938,HGS-TV,384689.0,365736.4141201973
2939,HGS-TV,384689.0,365796.4887690544
2940,HGS-TV,384689.0,365896.6105158329
2941,HGS-TV,384689.0,365956.61299967766
2942,HGS-TV,384689.0,366175.7086446285
2943,HGS-TV,384689.0,366261.47652840614
2944,HGS-TV,384689.0,366321.62937545776
2945,HGS-TV,384689.0,366381.6621081829
2946,HGS-TV,384689.0,366469.69229507446
2947,HGS-TV,384689.0,366529.91854023933
2948,HGS-TV,384689.0,366589.99355721474
2949,HGS-TV,384689.0,366700.93255996704
2950,HGS-TV,384689.0,366761.0862455368
2951,HGS-TV,384689.0,366827.51324772835
2952,HGS-TV,384689.0,366887.72883701324
2953,HGS-TV,384689.0,366947.9143047333
2954,HGS-TV,384689.0,367111.61829710007
2955,HGS-TV,384689.0,367217.85193014145
2956,HGS-TV,384689.0,367278.02540683746
2957,HGS-TV,384689.0,367338.1000673771
2958,HGS-TV,384689.0,367398.10350108147
2959,HGS-TV,384689.0,367486.5649960041
2960,ails2_etaMax1.000_stoppingTime864000.00,385825.0,367660.9338991699
2961,ails2_etaMax1.000_stoppingTime864000.00,385823.0,367660.95689916995
2962,HGS-TV,384689.0,367883.2044727802
2963,HGS-TV,384689.0,367943.3496899605
2964,HGS-TV,384689.0,368003.38036847115
2965,HGS-TV,384689.0,368063.54057979584
2966,HGS-TV,384689.0,368164.47249770164
2967,HGS-TV,384689.0,368224.64710855484
2968,HGS-TV,384689.0,368794.32210946083
2969,HGS-TV,384689.0,368854.4083082676
2970,HGS-TV,384689.0,369157.5874109268
2971,HGS-TV,384689.0,369236.84418034554
2972,HGS-TV,384689.0,369297.02009272575
2973,HGS-TV,384689.0,369361.2007098198
2974,HGS-TV,384689.0,369421.27270412445
2975,HGS-TV,384689.0,369481.2995853424
2976,HGS-TV,384689.0,369584.4064669609
2977,HGS-TV,384689.0,369644.4907410145
2978,HGS-TV,384689.0,369719.5747640133
2979,HGS-TV,384689.0,369779.6846368313
2980,HGS-TV,384689.0,369893.4673073292
2981,HGS-TV,384689.0,369953.70869636536
2982,HGS-TV,384689.0,370013.73036170006
2983,HGS-TV,384689.0,370114.6674044132
2984,HGS-TV,384689.0,370215.22932839394
2985,HGS-TV,384689.0,370275.24643206596
2986,HGS-TV,384689.0,370439.6697063446
2987,HGS-TV,384689.0,370628.3401134014
2988,ails2_etaMax1.000_stoppingTime864000.00,385819.0,370995.2648991699
2989,ails2_etaMax1.000_stoppingTime864000.00,385757.0,370995.9988991699
2990,HGS-TV,384689.0,372054.0129170418
2991,HGS-TV,384689.0,372155.7445445061
2992,HGS-TV,384689.0,372216.04524564743
2993,HGS-TV,384689.0,372276.07905578613
2994,HGS-TV,384689.0,372336.1121132374
2995,HGS-TV,384689.0,372396.3390786648
2996,HGS-TV,384689.0,372524.7051143646
2997,HGS-TV,384689.0,372584.7552332878
2998,HGS-TV,384689.0,372644.8056116104
2999,HGS-TV,384689.0,372704.85426425934
3000,HGS-TV,384689.0,372764.8566608429
3001,HGS-TV,384689.0,372824.91387820244
3002,HGS-TV,384689.0,372885.0701715946
3003,HGS-TV,384689.0,372976.37946271896
3004,HGS-TV,384689.0,373388.11920905113
3005,ails2_etaMax1.000_stoppingTime1728000.00,387634.0,373629.3458991699
3006,HGS-TV,384689.0,373649.44620633125
3007,ails2_etaMax1.000_stoppingTime864000.00,385755.0,373663.7328991699
3008,ails2_etaMax1.000_stoppingTime1728000.00,387557.0,373629.5728991699
3009,ails2_etaMax1.000_stoppingTime864000.00,385741.0,373680.47389916994
3010,HGS-TV,384689.0,374085.9120066166
3011,HGS-TV,384689.0,374145.9968357086
3012,HGS-TV,384689.0,374336.89263033867
3013,HGS-TV,384689.0,374397.1125998497
3014,HGS-TV,384689.0,374467.3437139988
3015,ails2_etaMax1.000_stoppingTime1728000.00,387537.0,374498.27789916995
3016,HGS-TV,384689.0,374592.1954717636
3017,HGS-TV,384689.0,374652.2701692581
3018,HGS-TV,384689.0,374727.7215282917
3019,HGS-TV,384689.0,374787.79119229317
3020,HGS-TV,384689.0,374847.9644010067
3021,HGS-TV,384689.0,374907.9757902622
3022,HGS-TV,384689.0,375091.00777196884
3023,HGS-TV,384689.0,375151.04158473015
3024,HGS-TV,384689.0,375211.1000196934
3025,HGS-TV,384689.0,375364.1903049946
3026,HGS-TV,384689.0,375424.2348110676
3027,HGS-TV,384689.0,375484.5703177452
3028,HGS-TV,384689.0,375570.42322301865
3029,HGS-TV,384689.0,375653.76306438446
3030,HGS-TV,384689.0,375920.68978881836
3031,HGS-TV,384689.0,376034.56317067146
3032,HGS-TV,384689.0,376094.6589152813
3033,HGS-TV,384689.0,376175.72517609596
3034,HGS-TV,384689.0,376235.8736181259
3035,HGS-TV,384689.0,376300.5344376564
3036,HGS-TV,384689.0,376467.6087143421
3037,HGS-TV,384689.0,376527.8881664276
3038,HGS-TV,384689.0,376587.9365541935
3039,HGS-TV,384689.0,376846.9095363617
3040,HGS-TV,384689.0,376912.9849779606
3041,HGS-TV,384689.0,377063.81422281265
3042,HGS-TV,384689.0,377123.96661520004
3043,HGS-TV,384689.0,377184.0961558819
3044,HGS-TV,384689.0,377896.7072367668
3045,HGS-TV,384689.0,377956.7416777611
3046,HGS-TV,384689.0,378069.4204082489
3047,HGS-TV,384689.0,378174.7925975323
3048,HGS-TV,384689.0,378234.8085858822
3049,HGS-TV,384689.0,378295.00522994995
3050,HGS-TV,384689.0,378355.0132160187
3051,HGS-TV,384689.0,378415.15281152725
3052,HGS-TV,384689.0,378475.17386960983
3053,HGS-TV,384689.0,378535.2973742485
3054,HGS-TV,384689.0,378595.3177008629
3055,HGS-TV,384689.0,378655.44681572914
3056,HGS-TV,384689.0,378715.6607182026
3057,HGS-TV,384689.0,378856.96631217
3058,HGS-TV,384689.0,378930.348708868
3059,HGS-TV,384689.0,379052.7128355503
3060,HGS-TV,384689.0,379116.9388461113
3061,HGS-TV,384689.0,379193.94588160515
3062,HGS-TV,384689.0,379519.1447863579
3063,HGS-TV,384689.0,379840.9368252754
3064,HGS-TV,384689.0,379978.5159316063
3065,ails2_etaMax1.000_stoppingTime1728000.00,387517.0,380050.4208991699
3066,HGS-TV,384689.0,380067.04664850235
3067,ails2_etaMax1.000_stoppingTime1728000.00,387476.0,380050.44689916994
3068,HGS-TV,384689.0,380200.40870141983
3069,HGS-TV,384689.0,380330.05882906914
3070,HGS-TV,384689.0,380487.3380241394
3071,HGS-TV,384689.0,380547.4598724842
3072,ails2_etaMax1.000_stoppingTime1728000.00,387457.0,380951.79989916994
3073,ails2_etaMax1.000_stoppingTime1728000.00,387416.0,380951.8788991699
3074,HGS-TV,384689.0,381113.07954001427
3075,HGS-TV,384689.0,381970.9211781025
3076,HGS-TV,384689.0,382086.79422688484
3077,HGS-TV,384689.0,382318.23182845116
3078,HGS-TV,384689.0,382398.268805027
3079,HGS-TV,384689.0,382510.47399282455
3080,HGS-TV,384689.0,382665.0359265804
3081,HGS-TV,384689.0,382725.21999001503
3082,HGS-TV,384689.0,382785.2745831013
3083,HGS-TV,384689.0,382845.3618159294
3084,HGS-TV,384689.0,382905.4569530487
3085,HGS-TV,384689.0,382965.4887702465
3086,HGS-TV,384689.0,383109.55064439774
3087,ails2_etaMax1.000_stoppingTime432000.00,384698.0,383129.0628991699
3088,HGS-TV,384689.0,383169.63195466995
3089,HGS-TV,384689.0,383301.246386528
3090,HGS-TV,384689.0,383988.36074113846
3091,HGS-TV,384689.0,384048.57413744926
3092,ails2_etaMax1.000_stoppingTime864000.00,385735.0,384057.7708991699
3093,HGS-TV,384689.0,384108.6408057213
3094,HGS-TV,384689.0,384283.6757311821
3095,HGS-TV,384689.0,384382.307703495
3096,HGS-TV,384689.0,384465.0534436703
3097,HGS-TV,384689.0,384604.5169444084
3098,HGS-TV,384689.0,384717.809384346
3099,HGS-TV,384689.0,384873.0994992256
3100,HGS-TV,384689.0,385209.6374180317
3101,HGS-TV,384689.0,385269.7030661106
3102,HGS-TV,384689.0,385329.77047896385
3103,HGS-TV,384689.0,385389.92655849457
3104,HGS-TV,384689.0,385779.8930404186
3105,HGS-TV,384689.0,385839.9358830452
3106,ails2_etaMax1.000_stoppingTime864000.00,385734.0,385848.35489916994
3107,ails2_etaMax1.000_stoppingTime864000.00,385616.0,385857.8638991699
3108,HGS-TV,384689.0,386656.1013085842
3109,HGS-TV,384689.0,388139.87925696373
3110,HGS-TV,384689.0,389274.6386089325
3111,HGS-TV,384689.0,390249.0311501026
3112,HGS-TV,384689.0,390309.04718494415
3113,HGS-TV,384689.0,390384.830344677
3114,HGS-TV,384689.0,390445.0631995201
3115,HGS-TV,384689.0,391391.3683991432
3116,HGS-TV,384689.0,392226.4982357025
3117,HGS-TV,384689.0,392799.7843825817
3118,HGS-TV,384689.0,393135.42314338684
3119,HGS-TV,384689.0,393195.49781632423
3120,HGS-TV,384689.0,393432.7708826065
3121,ails2_etaMax1.000_stoppingTime432000.00,384697.0,394294.6438991699
3122,HGS-TV,384689.0,394524.4336080551
3123,HGS-TV,384689.0,395003.8558013439
3124,HGS-TV,384689.0,395063.9344227314
3125,HGS-TV,384689.0,395138.81748509407
3126,ails2_etaMax1.000_stoppingTime864000.00,385608.0,395472.5488991699
3127,ails2_etaMax1.000_stoppingTime432000.00,384696.0,395505.14889916993
3128,ails2_etaMax1.000_stoppingTime864000.00,385577.0,395472.8528991699
3129,ails2_etaMax1.000_stoppingTime432000.00,384695.0,396090.06089916994
3130,ails2_etaMax1.000_stoppingTime432000.00,384694.0,396090.3718991699
3131,ails2_etaMax1.000_stoppingTime432000.00,384693.0,396220.13089916995
3132,HGS-TV,384689.0,396281.3158814907
3133,HGS-TV,384689.0,396341.3172712326
3134,HGS-TV,384689.0,396458.13127064705
3135,HGS-TV,384689.0,396693.8165733814
3136,HGS-TV,384689.0,396918.96184921265
3137,ails2_etaMax1.000_stoppingTime432000.00,384692.0,396971.9018991699
3138,ails2_etaMax1.000_stoppingTime432000.00,384691.0,396972.5518991699
3139,ails2_etaMax1.000_stoppingTime432000.00,384688.0,397591.7418991699
3140,ails2_etaMax1.000_stoppingTime432000.00,384687.0,397840.6278991699
3141,HGS-TV,384689.0,398223.2574491501
3142,HGS-TV,384689.0,398502.20964336395
3143,HGS-TV,384686.0,400155.6996371746
3144,ails2_etaMax1.000_stoppingTime432000.00,384686.0,400394.1068991699
3145,HGS-TV,384683.0,400566.3034789562
3146,HGS-TV,384682.0,401055.68119478226
3147,ails2_etaMax1.000_stoppingTime432000.00,384685.0,401143.8998991699
3148,ails2_etaMax1.000_stoppingTime1728000.00,387413.0,402361.3888991699
3149,ails2_etaMax1.000_stoppingTime1728000.00,387378.0,402361.42589916993
3150,HGS-TV,384680.0,402572.68956398964
3151,ails2_etaMax1.000_stoppingTime864000.00,385574.0,402945.6058991699
3152,ails2_etaMax1.000_stoppingTime864000.00,385551.0,402949.99089916993
3153,ails2_etaMax1.000_stoppingTime432000.00,384684.0,403396.85389916995
3154,HGS-TV,384679.0,405335.4491159916
3155,HGS-TV,384679.0,408371.7205147743
3156,HGS-TV,384679.0,408431.79195570946
3157,HGS-TV,384679.0,408492.0329465866
3158,HGS-TV,384679.0,408552.348269701
3159,HGS-TV,384679.0,408612.36466908455
3160,HGS-TV,384679.0,408672.67642974854
3161,HGS-TV,384679.0,408732.90138316154
3162,HGS-TV,384679.0,408793.1004014015
3163,HGS-TV,384679.0,409064.59192347527
3164,HGS-TV,384679.0,409124.7664306164
3165,HGS-TV,384679.0,409184.774238348
3166,HGS-TV,384679.0,409259.9763844013
3167,ails2_etaMax1.000_stoppingTime1728000.00,387349.0,409343.8828991699
3168,ails2_etaMax1.000_stoppingTime1728000.00,387250.0,409344.1998991699
3169,HGS-TV,384679.0,409810.0699162483
3170,HGS-TV,384679.0,410453.0836341381
3171,HGS-TV,384679.0,411069.6149930954
3172,HGS-TV,384679.0,411129.7679145336
3173,HGS-TV,384679.0,411854.79326438904
3174,ails2_etaMax1.000_stoppingTime864000.00,385544.0,412484.3398991699
3175,ails2_etaMax1.000_stoppingTime864000.00,385503.0,412484.5538991699
3176,HGS-TV,384679.0,412778.01459622383
3177,HGS-TV,384679.0,413493.3332467079
3178,ails2_etaMax1.000_stoppingTime864000.00,385501.0,413533.6548991699
3179,HGS-TV,384679.0,413553.58418011665
3180,HGS-TV,384679.0,413635.91158747673
3181,HGS-TV,384679.0,413696.0046386719
3182,HGS-TV,384679.0,413756.23515987396
3183,HGS-TV,384679.0,413842.6125898361
3184,ails2_etaMax1.000_stoppingTime864000.00,385499.0,414068.7168991699
3185,ails2_etaMax1.000_stoppingTime864000.00,385470.0,414068.7588991699
3186,HGS-TV,384679.0,414418.83510041237
3187,HGS-TV,384679.0,414483.0652580261
3188,HGS-TV,384679.0,414610.41836738586
3189,HGS-TV,384679.0,414786.63342499733
3190,HGS-TV,384679.0,414908.07440781593
3191,HGS-TV,384679.0,415071.78583979607
3192,HGS-TV,384679.0,415131.85637259483
3193,HGS-TV,384679.0,415387.18271541595
3194,HGS-TV,384679.0,415447.31327176094
3195,HGS-TV,384679.0,415507.55095887184
3196,HGS-TV,384679.0,415676.28138685226
3197,HGS-TV,384679.0,415736.33164024353
3198,HGS-TV,384679.0,416061.0131576061
3199,HGS-TV,384679.0,416537.30595731735
3200,HGS-TV,384679.0,416746.0463988781
3201,HGS-TV,384679.0,416806.1734728813
3202,HGS-TV,384679.0,416974.3845872879
3203,HGS-TV,384679.0,417423.6029472351
3204,HGS-TV,384679.0,417726.14246582985
3205,HGS-TV,384679.0,418449.38727736473
3206,HGS-TV,384679.0,418526.0582883358
3207,HGS-TV,384679.0,419213.67271375656
3208,HGS-TV,384679.0,419449.35380482674
3209,HGS-TV,384679.0,419818.7024898529
3210,ails2_etaMax1.000_stoppingTime864000.00,385468.0,420330.8798991699
3211,ails2_etaMax1.000_stoppingTime864000.00,385424.0,420331.7278991699
3212,HGS-TV,384679.0,420488.0120809078
3213,ails2_etaMax1.000_stoppingTime864000.00,385414.0,420562.5078991699
3214,ails2_etaMax1.000_stoppingTime864000.00,385402.0,420573.6348991699
3215,ails2_etaMax1.000_stoppingTime864000.00,385365.0,420628.62689916993
3216,HGS-TV,384679.0,421210.6404633522
3217,HGS-TV,384679.0,421679.2566742897
3218,HGS-TV,384679.0,422903.0619215965
3219,HGS-TV,384679.0,423054.81894516945
3220,HGS-TV,384679.0,423867.291826725
3221,HGS-TV,384679.0,424047.305744648
3222,HGS-TV,384679.0,424348.2555742264
3223,HGS-TV,384679.0,424408.4308080673
3224,HGS-TV,384679.0,424468.44204831123
3225,HGS-TV,384679.0,424617.19123768806
3226,HGS-TV,384679.0,424689.68792009354
3227,HGS-TV,384679.0,424863.6503841877
3228,HGS-TV,384679.0,425327.4181330204
3229,HGS-TV,384679.0,425430.04527401924
3230,HGS-TV,384679.0,425706.47100687027
3231,HGS-TV,384679.0,425892.9603896141
3232,HGS-TV,384679.0,425953.1942424774
3233,HGS-TV,384679.0,426352.9161887169
3234,HGS-TV,384679.0,426412.9170079231
3235,HGS-TV,384679.0,426566.3566405773
3236,HGS-TV,384679.0,426901.8208618164
3237,HGS-TV,384679.0,427149.21871352196
3238,HGS-TV,384679.0,427278.4250302315
3239,HGS-TV,384679.0,427338.7334215641
3240,HGS-TV,384679.0,427398.97827625275
3241,HGS-TV,384679.0,427689.99822711945
3242,HGS-TV,384679.0,428082.0731725693
3243,HGS-TV,384679.0,428335.11362457275
3244,HGS-TV,384679.0,428600.21617913246
3245,HGS-TV,384679.0,428712.02220749855
3246,HGS-TV,384679.0,428884.4122505188
3247,ails2_etaMax1.000_stoppingTime1728000.00,387237.0,429012.77389916993
3248,ails2_etaMax1.000_stoppingTime1728000.00,387225.0,429013.63689916994
3249,HGS-TV,384679.0,429076.02091908455
3250,HGS-TV,384679.0,429230.0243425369
3251,HGS-TV,384679.0,429513.73698711395
3252,HGS-TV,384679.0,429679.8618891239
3253,HGS-TV,384679.0,429739.8689494133
3254,HGS-TV,384679.0,430071.22017526627
3255,HGS-TV,384679.0,430363.0452082157
3256,HGS-TV,384679.0,431064.8350827694
3257,HGS-TV,384679.0,431759.9427895546
3258,HGS-TV,384679.0,431887.4108943939
3259,HGS-TV,384679.0,431947.48131752014
3260,HGS-TV,384679.0,432368.07411408424
3261,HGS-TV,384679.0,433252.4344446659
3262,HGS-TV,384679.0,433481.6196563244
3263,HGS-TV,384679.0,433785.18590664864
3264,HGS-TV,384679.0,434193.5250415802
3265,HGS-TV,384679.0,434490.9314186573
3266,HGS-TV,384679.0,434662.78937745094
3267,ails2_etaMax1.000_stoppingTime1728000.00,387189.0,434772.33789916994
3268,ails2_etaMax1.000_stoppingTime1728000.00,387132.0,434772.98489916994
3269,HGS-TV,384679.0,435190.7007050514
3270,HGS-TV,384679.0,435299.0267319679
3271,HGS-TV,384679.0,435359.219799757
3272,HGS-TV,384679.0,435688.7629249096
3273,HGS-TV,384679.0,436155.3708245754
3274,HGS-TV,384679.0,436265.86409783363
3275,HGS-TV,384679.0,436539.22257709503
3276,HGS-TV,384679.0,436599.4281580448
3277,HGS-TV,384679.0,436659.57015419006
3278,HGS-TV,384679.0,437129.5445244312
3279,HGS-TV,384679.0,437189.6934506893
3280,HGS-TV,384679.0,437270.6284120083
3281,HGS-TV,384679.0,437518.3684642315
3282,HGS-TV,384679.0,437817.3534090519
3283,HGS-TV,384679.0,437889.978579998
3284,HGS-TV,384679.0,437963.27216386795
3285,HGS-TV,384679.0,438023.3994138241
3286,HGS-TV,384679.0,438133.507720232
3287,HGS-TV,384679.0,438194.37143087387
3288,HGS-TV,384679.0,438372.2654747963
3289,HGS-TV,384679.0,438432.6252372265
3290,HGS-TV,384679.0,438570.23551130295
3291,HGS-TV,384679.0,438759.68426036835
3292,HGS-TV,384679.0,438819.9329702854
3293,HGS-TV,384679.0,439126.1552977562
3294,HGS-TV,384679.0,439186.1639239788
3295,HGS-TV,384679.0,439246.2510128021
3296,HGS-TV,384679.0,439346.0771327019
3297,HGS-TV,384679.0,439472.7477772236
3298,HGS-TV,384679.0,439534.78630924225
3299,HGS-TV,384679.0,439594.8147146702
3300,HGS-TV,384679.0,439676.1850736141
3301,HGS-TV,384679.0,439939.53735613823
3302,HGS-TV,384679.0,440012.92875266075
3303,HGS-TV,384679.0,440097.5745625496
3304,HGS-TV,384679.0,440302.98295331
3305,HGS-TV,384679.0,440574.8574914932
3306,HGS-TV,384679.0,440822.1124520302
3307,HGS-TV,384679.0,440882.3629643917
3308,HGS-TV,384679.0,440961.09394836426
3309,HGS-TV,384679.0,441021.2535505295
3310,HGS-TV,384679.0,441081.2734031677
3311,HGS-TV,384679.0,441141.53825187683
3312,HGS-TV,384679.0,441264.65570545197
3313,HGS-TV,384679.0,441324.88136458397
3314,HGS-TV,384679.0,441564.8679289818
3315,HGS-TV,384679.0,441876.96379876137
3316,HGS-TV,384679.0,442054.12552165985
3317,HGS-TV,384679.0,442443.8704099655
3318,HGS-TV,384679.0,442503.87314653397
3319,HGS-TV,384679.0,442563.9720249176
3320,HGS-TV,384679.0,442685.2371068001
3321,HGS-TV,384679.0,442787.3961992264
3322,HGS-TV,384679.0,442847.57611489296
3323,ails2_etaMax1.000_stoppingTime864000.00,385353.0,442914.3468991699
3324,ails2_etaMax1.000_stoppingTime864000.00,385320.0,443064.5868991699
3325,ails2_etaMax1.000_stoppingTime864000.00,385308.0,443113.3148991699
3326,HGS-TV,384679.0,443195.5402524471
3327,HGS-TV,384679.0,443255.71998023987
3328,HGS-TV,384679.0,443405.2590801716
3329,HGS-TV,384679.0,443585.4537899494
3330,HGS-TV,384679.0,443675.26776599884
3331,HGS-TV,384679.0,443735.5027987957
3332,HGS-TV,384679.0,443795.63082432747
3333,HGS-TV,384679.0,443997.28930425644
3334,HGS-TV,384679.0,444199.43072867393
3335,HGS-TV,384679.0,444265.5073800087
3336,HGS-TV,384679.0,444325.5269191265
3337,HGS-TV,384679.0,444385.55733299255
3338,HGS-TV,384679.0,444445.7588791847
3339,HGS-TV,384679.0,444505.96521639824
3340,HGS-TV,384679.0,444573.2499732971
3341,HGS-TV,384679.0,444633.38910627365
3342,HGS-TV,384679.0,444693.4661092758
3343,HGS-TV,384679.0,444753.57547831535
3344,HGS-TV,384679.0,444820.83029937744
3345,HGS-TV,384679.0,444914.85787320137
3346,HGS-TV,384679.0,444974.9402925968
3347,HGS-TV,384679.0,445069.9803700447
3348,HGS-TV,384679.0,445130.1847085953
3349,HGS-TV,384679.0,445191.6410853863
3350,HGS-TV,384679.0,445279.90438628197
3351,HGS-TV,384679.0,445396.30105376244
3352,HGS-TV,384679.0,445456.48193597794
3353,HGS-TV,384679.0,445576.1271533966
3354,HGS-TV,384679.0,445636.4333834648
3355,HGS-TV,384679.0,445866.2939453125
3356,HGS-TV,384679.0,445926.42546105385
3357,HGS-TV,384679.0,446180.7075853348
3358,HGS-TV,384679.0,446240.90396261215
3359,HGS-TV,384679.0,446300.97262763977
3360,HGS-TV,384679.0,446361.1975617409
3361,HGS-TV,384679.0,446448.79712438583
3362,HGS-TV,384679.0,446508.88057971
3363,HGS-TV,384679.0,446576.09100818634
3364,HGS-TV,384679.0,446699.822876215
3365,HGS-TV,384679.0,446759.95597076416
3366,HGS-TV,384679.0,447060.01607489586
3367,HGS-TV,384679.0,447120.1178781986
3368,HGS-TV,384679.0,447180.2517929077
3369,HGS-TV,384679.0,447255.20767474174
3370,HGS-TV,384679.0,447429.557261467
3371,HGS-TV,384679.0,447540.0485880375
3372,HGS-TV,384679.0,447600.12942028046
3373,HGS-TV,384679.0,447676.7204532623
3374,HGS-TV,384679.0,447940.4001688957
3375,HGS-TV,384679.0,448000.47943401337
3376,HGS-TV,384679.0,448230.9655327797
3377,HGS-TV,384679.0,448291.0776436329
3378,HGS-TV,384679.0,448477.07115483284
3379,HGS-TV,384679.0,448537.0877606869
3380,HGS-TV,384679.0,448597.4446554184
3381,HGS-TV,384679.0,448658.14564299583
3382,HGS-TV,384679.0,448802.11288928986
3383,HGS-TV,384679.0,448989.7593677044
3384,HGS-TV,384679.0,449049.7945332527
3385,HGS-TV,384679.0,449303.4373693466
3386,HGS-TV,384679.0,449363.63237810135
3387,HGS-TV,384679.0,449423.7274172306
3388,ails2_etaMax1.000_stoppingTime1728000.00,387121.0,449465.64189916995
3389,ails2_etaMax1.000_stoppingTime1728000.00,387104.0,449465.7088991699
3390,HGS-TV,384679.0,449573.749014616
3391,HGS-TV,384679.0,449675.0285139084
3392,HGS-TV,384679.0,449735.1199567318
3393,HGS-TV,384679.0,449856.5858824253
3394,HGS-TV,384679.0,450116.5004389286
3395,HGS-TV,384679.0,450214.82643318176
3396,HGS-TV,384679.0,450315.1345040798
3397,HGS-TV,384679.0,450375.3808398247
3398,HGS-TV,384679.0,450585.31951737404
3399,HGS-TV,384679.0,450661.66586613655
3400,HGS-TV,384679.0,450858.46968460083
3401,HGS-TV,384679.0,450942.0510773659
3402,HGS-TV,384679.0,451002.0755894184
3403,HGS-TV,384679.0,451062.1884241104
3404,HGS-TV,384679.0,451217.0117456913
3405,HGS-TV,384679.0,451277.09950613976
3406,HGS-TV,384679.0,451337.14039063454
3407,HGS-TV,384679.0,451415.0613873005
3408,ails2_etaMax1.000_stoppingTime1728000.00,387100.0,451420.1938991699
3409,HGS-TV,384679.0,451475.0722601414
3410,ails2_etaMax1.000_stoppingTime1728000.00,387040.0,451420.7858991699
3411,HGS-TV,384679.0,451535.25977540016
3412,HGS-TV,384679.0,451595.4953868389
3413,HGS-TV,384679.0,451655.5857858658
3414,HGS-TV,384679.0,451715.67798924446
3415,HGS-TV,384679.0,451775.74323415756
3416,HGS-TV,384679.0,451931.5465962887
3417,HGS-TV,384679.0,451991.598272562
3418,HGS-TV,384679.0,452100.1138346195
3419,HGS-TV,384679.0,452160.1654865742
3420,HGS-TV,384679.0,452220.337020874
3421,HGS-TV,384679.0,452280.4007372856
3422,HGS-TV,384679.0,452340.4325346947
3423,HGS-TV,384679.0,452400.4516196251
3424,HGS-TV,384679.0,452460.52364706993
3425,HGS-TV,384679.0,452551.67802262306
3426,HGS-TV,384679.0,452611.7982509136
3427,HGS-TV,384679.0,452865.7059571743
3428,HGS-TV,384679.0,452931.5277018547
3429,HGS-TV,384679.0,453060.7976794243
3430,HGS-TV,384679.0,453298.2440645695
3431,HGS-TV,384679.0,453358.48481345177
3432,HGS-TV,384679.0,453515.847697258
3433,HGS-TV,384679.0,453618.7776799202
3434,HGS-TV,384679.0,453683.6140599251
3435,HGS-TV,384679.0,453814.47527718544
3436,HGS-TV,384679.0,453889.8887066841
3437,HGS-TV,384679.0,454017.60430550575
3438,HGS-TV,384679.0,454186.7544939518
3439,HGS-TV,384679.0,454246.8034090996
3440,HGS-TV,384679.0,454306.83654761314
3441,HGS-TV,384679.0,454395.68053126335
3442,HGS-TV,384679.0,454455.89983582497
3443,HGS-TV,384679.0,454573.3654501438
3444,HGS-TV,384679.0,454658.4842040539
3445,HGS-TV,384679.0,454718.6234521866
3446,HGS-TV,384679.0,454778.67506432533
3447,HGS-TV,384679.0,455001.8627471924
3448,HGS-TV,384679.0,455137.77897930145
3449,HGS-TV,384679.0,455286.70447707176
3450,HGS-TV,384679.0,455405.900138855
3451,HGS-TV,384679.0,455494.8654384613
3452,HGS-TV,384679.0,455554.8756070137
3453,HGS-TV,384679.0,455654.7911732197
3454,HGS-TV,384679.0,455843.0643069744
3455,HGS-TV,384679.0,455971.6071486473
3456,HGS-TV,384679.0,456178.82782268524
3457,HGS-TV,384679.0,456561.80322885513
3458,HGS-TV,384679.0,456626.5150048733
3459,HGS-TV,384679.0,456746.99987077713
3460,HGS-TV,384679.0,456837.0780339241
3461,HGS-TV,384679.0,456899.82111620903
3462,ails2_etaMax1.000_stoppingTime864000.00,385306.0,456940.52889916993
3463,ails2_etaMax1.000_stoppingTime864000.00,385304.0,456942.7158991699
3464,HGS-TV,384679.0,457043.52198553085
3465,HGS-TV,384679.0,457259.6095275879
3466,HGS-TV,384679.0,457497.4256699085
3467,HGS-TV,384679.0,457557.6529839039
3468,HGS-TV,384679.0,457617.7669186592
3469,HGS-TV,384679.0,457991.3800313473
3470,HGS-TV,384679.0,458051.4831776619
3471,HGS-TV,384679.0,458111.56163811684
3472,HGS-TV,384679.0,458171.8444468975
3473,HGS-TV,384679.0,458317.9043896198
3474,HGS-TV,384679.0,458460.6124622822
3475,HGS-TV,384679.0,458520.64732956886
3476,HGS-TV,384679.0,458640.39420843124
3477,HGS-TV,384679.0,458850.400850296
3478,HGS-TV,384679.0,459031.0652337074
3479,HGS-TV,384679.0,459091.1322655678
3480,HGS-TV,384679.0,459151.25464963913
3481,HGS-TV,384679.0,459504.42714715004
3482,HGS-TV,384679.0,459564.454351902
3483,HGS-TV,384679.0,459672.1006286144
3484,HGS-TV,384679.0,459787.51188230515
3485,HGS-TV,384679.0,460018.80042362213
3486,HGS-TV,384679.0,460264.6152384281
3487,HGS-TV,384679.0,460324.78471016884
3488,HGS-TV,384679.0,460384.8217842579
3489,HGS-TV,384679.0,460444.94043803215
3490,HGS-TV,384679.0,460641.60607504845
3491,HGS-TV,384679.0,460701.8141834736
3492,ails2_etaMax1.000_stoppingTime864000.00,385296.0,460707.6338991699
3493,ails2_etaMax1.000_stoppingTime864000.00,385258.0,460710.7318991699
3494,HGS-TV,384679.0,460989.5628311634
3495,HGS-TV,384679.0,461167.72444462776
3496,HGS-TV,384679.0,461477.74582862854
3497,HGS-TV,384679.0,461949.85273885727
3498,HGS-TV,384679.0,462740.4383006096
3499,HGS-TV,384679.0,463240.2441716194
3500,HGS-TV,384679.0,463520.005040884
3501,HGS-TV,384679.0,463662.17232871056
3502,HGS-TV,384679.0,464038.8394007683
3503,HGS-TV,384679.0,464098.878467083
3504,HGS-TV,384679.0,465163.97563171387
3505,HGS-TV,384679.0,465427.33645415306
3506,HGS-TV,384679.0,466159.9585559368
3507,ails2_etaMax1.000_stoppingTime864000.00,385257.0,466700.3508991699
3508,ails2_etaMax1.000_stoppingTime864000.00,385232.0,466714.9878991699
3509,HGS-TV,384679.0,466967.72376441956
3510,HGS-TV,384679.0,467157.71202659607
3511,HGS-TV,384679.0,467217.82302188873
3512,HGS-TV,384679.0,467583.3460469246
3513,ails2_etaMax1.000_stoppingTime864000.00,385228.0,467701.5638991699
3514,HGS-TV,384679.0,467842.22475504875
3515,HGS-TV,384679.0,468104.51030778885
3516,HGS-TV,384679.0,468164.72214865685
3517,HGS-TV,384679.0,468299.2130777836
3518,HGS-TV,384679.0,468359.332832098
3519,HGS-TV,384679.0,468942.2207169533
3520,HGS-TV,384679.0,469551.06949687004
3521,HGS-TV,384679.0,469789.17828035355
3522,HGS-TV,384679.0,469945.0790872574
3523,HGS-TV,384679.0,470189.1088004112
3524,HGS-TV,384679.0,470557.72894740105
3525,HGS-TV,384679.0,470676.75497698784
3526,HGS-TV,384679.0,470856.8626139164
3527,HGS-TV,384679.0,470932.1153931618
3528,HGS-TV,384679.0,471329.5682721138
3529,HGS-TV,384679.0,472355.3614227772
3530,HGS-TV,384679.0,472563.0397605896
3531,HGS-TV,384679.0,472623.16640019417
3532,HGS-TV,384679.0,472941.3041982651
3533,HGS-TV,384679.0,473871.7271232605
3534,ails2_etaMax1.000_stoppingTime1728000.00,387032.0,474260.6738991699
3535,HGS-TV,384679.0,474411.66802716255
3536,HGS-TV,384679.0,474764.9552152157
3537,HGS-TV,384679.0,474834.964189291
3538,HGS-TV,384679.0,475150.94222927094
3539,HGS-TV,384679.0,475682.45572829247
3540,HGS-TV,384679.0,476030.76389980316
3541,HGS-TV,384679.0,476434.503954649
3542,HGS-TV,384679.0,476781.3426389694
3543,HGS-TV,384679.0,476841.42231297493
3544,HGS-TV,384679.0,476901.44971489906
3545,HGS-TV,384679.0,478474.85036468506
3546,HGS-TV,384679.0,478832.0779466629
3547,HGS-TV,384679.0,479008.4788310528
3548,HGS-TV,384679.0,479068.6306374073
3549,HGS-TV,384679.0,479233.64553141594
3550,HGS-TV,384679.0,479610.808021307
3551,HGS-TV,384679.0,479743.21920490265
3552,HGS-TV,384679.0,480449.3482437134
3553,HGS-TV,384679.0,480509.5739505291
3554,HGS-TV,384679.0,480701.86856102943
3555,ails2_etaMax1.000_stoppingTime1728000.00,387019.0,481341.9398991699
3556,HGS-TV,384679.0,481809.02085638046
3557,HGS-TV,384679.0,481878.7683875561
3558,ails2_etaMax1.000_stoppingTime1728000.00,387013.0,481984.7308991699
3559,HGS-TV,384679.0,482101.92723846436
3560,HGS-TV,384679.0,482516.9030225277
3561,HGS-TV,384679.0,482603.93324637413
3562,HGS-TV,384679.0,483081.9565913677
3563,HGS-TV,384679.0,484586.4379577637
3564,ails2_etaMax1.000_stoppingTime1728000.00,387000.0,485835.8668991699
3565,HGS-TV,384679.0,487190.9099929333
3566,HGS-TV,384679.0,488433.4864823818
3567,ails2_etaMax1.000_stoppingTime1728000.00,386991.0,490363.8558991699
3568,ails2_etaMax1.000_stoppingTime1728000.00,386920.0,490367.5628991699
3569,HGS-TV,384679.0,492349.19808101654
3570,HGS-TV,384679.0,492409.2754609585
3571,HGS-TV,384679.0,492469.56606411934
3572,HGS-TV,384679.0,492566.45152664185
3573,HGS-TV,384679.0,492626.6183080673
3574,HGS-TV,384679.0,492686.6499567032
3575,HGS-TV,384679.0,492746.9153659344
3576,HGS-TV,384679.0,492807.1610560417
3577,HGS-TV,384679.0,492867.1725027561
3578,ails2_etaMax1.000_stoppingTime864000.00,385227.0,492922.18589916994
3579,HGS-TV,384679.0,492944.2532784939
3580,ails2_etaMax1.000_stoppingTime864000.00,385211.0,492973.0478991699
3581,HGS-TV,384679.0,493004.45290231705
3582,HGS-TV,384679.0,493064.6578857899
3583,HGS-TV,384679.0,493124.99011301994
3584,HGS-TV,384679.0,493185.0476555824
3585,HGS-TV,384679.0,493245.0561566353
3586,HGS-TV,384679.0,493306.22921538353
3587,ails2_etaMax1.000_stoppingTime864000.00,385203.0,493344.1288991699
3588,HGS-TV,384679.0,493366.2305831909
3589,HGS-TV,384679.0,493449.1150712967
3590,HGS-TV,384679.0,493575.15011548996
3591,HGS-TV,384679.0,493635.38225317
3592,HGS-TV,384679.0,494240.00907206535
3593,HGS-TV,384679.0,494459.67930459976
3594,HGS-TV,384679.0,494599.3431253433
3595,HGS-TV,384679.0,494659.3537633419
3596,HGS-TV,384679.0,494985.3225195408
3597,HGS-TV,384679.0,495297.99620342255
3598,HGS-TV,384679.0,495492.46902513504
3599,HGS-TV,384679.0,495552.57196974754
3600,HGS-TV,384679.0,495629.33334183693
3601,HGS-TV,384679.0,495905.895583868
3602,HGS-TV,384679.0,495966.0043911934
3603,HGS-TV,384679.0,496060.75936722755
3604,HGS-TV,384679.0,496279.01473402977
3605,ails2_etaMax1.000_stoppingTime1728000.00,386902.0,496508.88689916994
3606,ails2_etaMax1.000_stoppingTime1728000.00,386858.0,496508.98489916994
3607,HGS-TV,384679.0,496864.72569203377
3608,HGS-TV,384679.0,497001.9682354927
3609,HGS-TV,384679.0,497117.2632358074
3610,HGS-TV,384679.0,497177.54621219635
3611,HGS-TV,384679.0,497237.6425960064
3612,HGS-TV,384679.0,497297.87268447876
3613,HGS-TV,384679.0,497357.94421100616
3614,HGS-TV,384679.0,497529.9771018028
3615,HGS-TV,384679.0,497590.2960135937
3616,HGS-TV,384679.0,497650.32743000984
3617,HGS-TV,384679.0,497810.17520689964
3618,HGS-TV,384679.0,497900.72660803795
3619,HGS-TV,384679.0,498051.6646962166
3620,HGS-TV,384679.0,498726.87876701355
3621,HGS-TV,384679.0,498786.98125624657
3622,HGS-TV,384679.0,498847.3517458439
3623,HGS-TV,384679.0,499200.02405166626
3624,HGS-TV,384679.0,499260.2367658615
3625,HGS-TV,384679.0,499934.7131884098
3626,HGS-TV,384679.0,500528.28004455566
3627,HGS-TV,384679.0,500821.3676095009
3628,HGS-TV,384679.0,500881.58691453934
3629,HGS-TV,384679.0,501212.1002845764
3630,HGS-TV,384679.0,501365.15723633766
3631,HGS-TV,384679.0,501586.68055582047
3632,HGS-TV,384679.0,501646.8461999893
3633,HGS-TV,384679.0,501915.3069348335
3634,HGS-TV,384679.0,502234.0183134079
3635,HGS-TV,384679.0,502294.10321736336
3636,HGS-TV,384679.0,502734.52080464363
3637,HGS-TV,384679.0,502843.7316901684
3638,HGS-TV,384679.0,502968.2789490223
3639,ails2_etaMax1.000_stoppingTime1728000.00,386823.0,502972.63689916994
3640,ails2_etaMax1.000_stoppingTime1728000.00,386764.0,502974.4558991699
3641,HGS-TV,384679.0,503415.2310795784
3642,HGS-TV,384679.0,503511.59553289413
3643,HGS-TV,384679.0,504207.9849228859
3644,HGS-TV,384679.0,504373.6687424183
3645,HGS-TV,384679.0,504664.238111496
3646,HGS-TV,384679.0,504724.3206372261
3647,HGS-TV,384679.0,504784.3313548565
3648,ails2_etaMax1.000_stoppingTime864000.00,385194.0,504882.4818991699
3649,HGS-TV,384679.0,504893.00322675705
3650,ails2_etaMax1.000_stoppingTime1728000.00,386748.0,505051.59389916994
3651,ails2_etaMax1.000_stoppingTime1728000.00,386737.0,505051.6338991699
3652,HGS-TV,384679.0,505477.22931599617
3653,ails2_etaMax1.000_stoppingTime864000.00,385185.0,505535.44089916995
3654,HGS-TV,384679.0,505545.20490527153
3655,ails2_etaMax1.000_stoppingTime864000.00,385179.0,505535.4818991699
3656,HGS-TV,384679.0,505646.22595596313
3657,HGS-TV,384679.0,505706.30323934555
3658,HGS-TV,384679.0,505880.10367918015
3659,HGS-TV,384679.0,506107.378762722
3660,HGS-TV,384679.0,506167.50865888596
3661,HGS-TV,384679.0,506227.63306069374
3662,HGS-TV,384679.0,506401.73065567017
3663,ails2_etaMax1.000_stoppingTime864000.00,385174.0,506583.8528991699
3664,HGS-TV,384679.0,506594.463432312
3665,HGS-TV,384679.0,506837.62098026276
3666,HGS-TV,384679.0,506902.68617510796
3667,HGS-TV,384679.0,506962.8991267681
3668,HGS-TV,384679.0,507022.9788534641
3669,HGS-TV,384679.0,507083.01119589806
3670,HGS-TV,384679.0,507207.24063038826
3671,HGS-TV,384679.0,507267.414798975
3672,HGS-TV,384679.0,507327.70283555984
3673,HGS-TV,384679.0,507393.6831419468
3674,HGS-TV,384679.0,507788.21562337875
3675,HGS-TV,384679.0,507984.9523200989
3676,HGS-TV,384679.0,508055.266297102
3677,HGS-TV,384679.0,508235.39178419113
3678,HGS-TV,384679.0,508295.4966673851
3679,HGS-TV,384679.0,508447.9220404625
3680,HGS-TV,384679.0,508534.6455292702
3681,ails2_etaMax1.000_stoppingTime864000.00,385172.0,508620.1738991699
3682,ails2_etaMax1.000_stoppingTime864000.00,385109.0,508646.0588991699
3683,HGS-TV,384679.0,508708.1577279568
3684,HGS-TV,384679.0,508775.2097249031
3685,HGS-TV,384679.0,508874.3764061928
3686,HGS-TV,384679.0,509623.5837717056
3687,HGS-TV,384679.0,509710.03913617134
3688,HGS-TV,384679.0,509831.4539823532
3689,HGS-TV,384679.0,509909.6137776375
3690,HGS-TV,384679.0,510059.5462419987
3691,HGS-TV,384679.0,510119.5802705288
3692,HGS-TV,384679.0,510179.6807665825
3693,HGS-TV,384679.0,511016.95507383347
3694,HGS-TV,384679.0,511155.5476152897
3695,HGS-TV,384679.0,512023.8360607624
3696,HGS-TV,384679.0,512101.482408762
3697,HGS-TV,384679.0,512212.92724466324
3698,HGS-TV,384679.0,512599.980032444
3699,HGS-TV,384679.0,512843.47024202347
3700,HGS-TV,384679.0,513010.19857645035
3701,HGS-TV,384679.0,513300.3584589958
3702,HGS-TV,384679.0,513435.3608453274
3703,HGS-TV,384679.0,513495.5209095478
3704,HGS-TV,384679.0,513704.04295015335
3705,HGS-TV,384679.0,513777.6188263893
3706,HGS-TV,384679.0,514072.6681032181
3707,HGS-TV,384679.0,514287.2748429775
3708,HGS-TV,384679.0,514377.8416867256
3709,HGS-TV,384679.0,514437.9154126644
3710,HGS-TV,384679.0,514497.9892144203
3711,HGS-TV,384679.0,514606.2633833885
3712,HGS-TV,384679.0,514819.1671001911
3713,HGS-TV,384679.0,515346.95333623886
3714,HGS-TV,384679.0,515488.93850517273
3715,HGS-TV,384679.0,515695.85393738747
3716,HGS-TV,384679.0,515756.17300868034
3717,HGS-TV,384679.0,516028.23190808296
3718,HGS-TV,384679.0,516460.16026735306
3719,HGS-TV,384679.0,516520.2755045891
3720,HGS-TV,384679.0,516580.5714342594
3721,HGS-TV,384679.0,516640.85196113586
3722,HGS-TV,384679.0,516740.88644218445
3723,HGS-TV,384679.0,516801.04250121117
3724,HGS-TV,384679.0,517316.79340553284
3725,HGS-TV,384679.0,517485.74005031586
3726,HGS-TV,384679.0,517667.9776251316
3727,HGS-TV,384679.0,517832.942057848
3728,HGS-TV,384679.0,518100.00654244423
3729,HGS-TV,384679.0,518174.6505217552
3730,HGS-TV,384679.0,518250.9480845928
3731,HGS-TV,384679.0,518617.0842065811
3732,HGS-TV,384679.0,518766.49587106705
3733,ails2_etaMax1.000_stoppingTime864000.00,385101.0,519142.0858991699
3734,ails2_etaMax1.000_stoppingTime864000.00,385081.0,519169.39289916994
3735,HGS-TV,384679.0,519355.21768546104
3736,HGS-TV,384679.0,519730.60499048233
3737,HGS-TV,384679.0,519913.2284295559
3738,HGS-TV,384679.0,520032.1371769905
3739,HGS-TV,384679.0,520092.31399846077
3740,HGS-TV,384679.0,520312.5948355198
3741,HGS-TV,384679.0,520968.7412881851
3742,HGS-TV,384679.0,521302.41509604454
3743,HGS-TV,384679.0,521362.67718839645
3744,HGS-TV,384679.0,521422.6978838444
3745,HGS-TV,384679.0,521650.01352000237
3746,HGS-TV,384679.0,521926.6891076565
3747,HGS-TV,384679.0,522032.43133974075
3748,HGS-TV,384679.0,522242.98679351807
3749,HGS-TV,384679.0,522335.0938129425
3750,HGS-TV,384679.0,522395.16946840286
3751,HGS-TV,384679.0,522455.23103165627
3752,HGS-TV,384679.0,522857.81451940536
3753,HGS-TV,384679.0,522954.690428257
3754,HGS-TV,384679.0,523014.90629196167
3755,HGS-TV,384679.0,523089.3078176975
3756,HGS-TV,384679.0,523310.47245264053
3757,HGS-TV,384679.0,523375.88453769684
3758,HGS-TV,384679.0,523454.0904917717
3759,HGS-TV,384679.0,523609.4209897518
3760,HGS-TV,384679.0,524036.3146147728
3761,HGS-TV,384679.0,524096.589212656
3762,HGS-TV,384679.0,524172.34696388245
3763,HGS-TV,384679.0,524248.05267572403
3764,HGS-TV,384679.0,524308.1040916443
3765,HGS-TV,384679.0,524433.7458496094
3766,HGS-TV,384679.0,524494.030002594
3767,HGS-TV,384679.0,524586.7701644897
3768,HGS-TV,384679.0,524707.5234804153
3769,HGS-TV,384679.0,524767.5490441322
3770,HGS-TV,384679.0,524962.1271457672
3771,HGS-TV,384679.0,525338.0296552181
3772,HGS-TV,384679.0,525483.0102286339
3773,HGS-TV,384679.0,525543.1404845715
3774,HGS-TV,384679.0,526117.6537110806
3775,HGS-TV,384679.0,526267.7943139076
3776,HGS-TV,384679.0,526347.7045657635
3777,HGS-TV,384679.0,526478.6053667068
3778,HGS-TV,384679.0,526538.875872612
3779,HGS-TV,384679.0,526678.9970054626
3780,HGS-TV,384679.0,526870.0033555031
3781,HGS-TV,384679.0,527091.6811366081
3782,HGS-TV,384679.0,527151.9469451904
3783,HGS-TV,384679.0,527212.1041867733
3784,HGS-TV,384679.0,527352.7057738304
3785,HGS-TV,384679.0,527412.9199111462
3786,HGS-TV,384679.0,527656.5931363106
3787,HGS-TV,384679.0,527793.5080826283
3788,HGS-TV,384679.0,528041.877204895
3789,HGS-TV,384679.0,528283.0999040604
3790,HGS-TV,384679.0,528367.1693766117
3791,HGS-TV,384679.0,528427.3584480286
3792,HGS-TV,384679.0,528589.8916287422
3793,HGS-TV,384679.0,528650.0417976379
3794,HGS-TV,384679.0,528710.0974218845
3795,HGS-TV,384679.0,528785.7223258018
3796,HGS-TV,384679.0,529074.7845273018
3797,HGS-TV,384679.0,529284.181823492
3798,HGS-TV,384679.0,529344.3494563103
3799,HGS-TV,384679.0,529404.6796021461
3800,HGS-TV,384679.0,529476.2474119663
3801,HGS-TV,384679.0,529536.3116519451
3802,HGS-TV,384679.0,529614.3285624981
3803,HGS-TV,384679.0,529674.5544245243
3804,HGS-TV,384679.0,529763.3294920921
3805,HGS-TV,384679.0,529823.3421518803
3806,HGS-TV,384679.0,529936.90046525
3807,HGS-TV,384679.0,529997.1467282772
3808,HGS-TV,384679.0,530057.148440361
3809,HGS-TV,384679.0,530117.3738305569
3810,HGS-TV,384679.0,530177.4142286777
3811,HGS-TV,384679.0,530237.4223196507
3812,HGS-TV,384679.0,530297.4805772305
3813,HGS-TV,384679.0,530447.0494608879
3814,HGS-TV,384679.0,530571.9744739532
3815,HGS-TV,384679.0,530632.0597388744
3816,HGS-TV,384679.0,530799.1037659645
3817,HGS-TV,384679.0,530859.1751558781
3818,HGS-TV,384679.0,530919.3141036034
3819,HGS-TV,384679.0,530979.349032402
3820,ails2_etaMax1.000_stoppingTime864000.00,385078.0,531035.7328991699
3821,HGS-TV,384679.0,531086.4409174919
3822,ails2_etaMax1.000_stoppingTime864000.00,385061.0,531036.0608991699
3823,HGS-TV,384679.0,531146.5701649189
3824,HGS-TV,384679.0,531206.7070066929
3825,HGS-TV,384679.0,531266.813448906
3826,HGS-TV,384679.0,531326.8621501923
3827,HGS-TV,384679.0,531386.9864342213
3828,HGS-TV,384679.0,531447.1205165386
3829,HGS-TV,384679.0,531507.1341099739
3830,HGS-TV,384679.0,531598.2562162876
3831,HGS-TV,384679.0,531658.3441963196
3832,HGS-TV,384679.0,531746.6140201092
3833,HGS-TV,384679.0,531806.7641737461
3834,HGS-TV,384679.0,531866.81457448
3835,HGS-TV,384679.0,531926.8394782543
3836,HGS-TV,384679.0,531991.1295599937
3837,HGS-TV,384679.0,532051.1913771629
3838,HGS-TV,384679.0,532161.1239404678
3839,HGS-TV,384679.0,532267.6104466915
3840,HGS-TV,384679.0,532327.6858506203
3841,HGS-TV,384679.0,532387.9754824638
3842,HGS-TV,384679.0,532448.0952317715
3843,HGS-TV,384679.0,532593.245975256
3844,HGS-TV,384679.0,532653.2889435291
3845,HGS-TV,384679.0,532753.9306018353
3846,HGS-TV,384679.0,532958.8106501102
3847,HGS-TV,384679.0,533042.0750453472
3848,HGS-TV,384679.0,533102.0765762329
3849,HGS-TV,384679.0,533173.3132071495
3850,HGS-TV,384679.0,533250.4460706711
3851,HGS-TV,384679.0,533374.4620828629
3852,HGS-TV,384679.0,533434.494502306
3853,HGS-TV,384679.0,533494.6109757423
3854,HGS-TV,384679.0,533556.5705013275
3855,HGS-TV,384679.0,533736.8189120293
3856,HGS-TV,384679.0,533816.882319212
3857,HGS-TV,384679.0,533969.7369365692
3858,HGS-TV,384679.0,534029.80306077
3859,HGS-TV,384679.0,534102.1135866642
3860,HGS-TV,384679.0,534166.7526082993
3861,ails2_etaMax1.000_stoppingTime1728000.00,386730.0,534278.2698991699
3862,ails2_etaMax1.000_stoppingTime1728000.00,386628.0,534278.5248991699
3863,HGS-TV,384679.0,534418.9559762478
3864,HGS-TV,384679.0,534478.9921164513
3865,HGS-TV,384679.0,534560.3251209259
3866,HGS-TV,384679.0,534740.3522241116
3867,HGS-TV,384679.0,534830.9367742538
3868,HGS-TV,384679.0,535034.0076932907
3869,HGS-TV,384679.0,535258.3878557682
3870,HGS-TV,384679.0,535375.6820805073
3871,HGS-TV,384679.0,535474.5520746708
3872,ails2_etaMax1.000_stoppingTime864000.00,385058.0,535523.0198991699
3873,ails2_etaMax1.000_stoppingTime864000.00,385054.0,535593.53089917
3874,HGS-TV,384679.0,535610.8076326847
3875,ails2_etaMax1.000_stoppingTime864000.00,385024.0,535624.4218991699
3876,ails2_etaMax1.000_stoppingTime864000.00,385021.0,535849.2848991699
3877,HGS-TV,384679.0,535849.3414695263
3878,HGS-TV,384679.0,535909.3580613136
3879,ails2_etaMax1.000_stoppingTime864000.00,385018.0,535849.3278991699
3880,HGS-TV,384679.0,536074.8831605911
3881,HGS-TV,384679.0,536256.0295946598
3882,HGS-TV,384679.0,536336.42897439
3883,HGS-TV,384679.0,536396.4746129513
3884,HGS-TV,384679.0,536456.576064825
3885,HGS-TV,384679.0,536878.6615998745
3886,HGS-TV,384679.0,537205.6771669388
3887,HGS-TV,384679.0,537265.726010561
3888,HGS-TV,384679.0,537325.8003847599
3889,HGS-TV,384679.0,537692.5519833565
3890,HGS-TV,384679.0,537882.6632733345
3891,HGS-TV,384679.0,537942.8162641525
3892,HGS-TV,384679.0,538197.7597534657
3893,HGS-TV,384679.0,538257.9527235031
3894,HGS-TV,384679.0,538318.0365068913
3895,HGS-TV,384679.0,538466.6108000278
3896,HGS-TV,384679.0,538526.6140062809
3897,HGS-TV,384679.0,538586.8215167522
3898,HGS-TV,384679.0,538769.8792259693
3899,HGS-TV,384679.0,538851.6176583767
3900,HGS-TV,384679.0,539162.4992654324
3901,HGS-TV,384679.0,539222.6715717316
3902,ails2_etaMax1.000_stoppingTime1728000.00,386622.0,539278.02589917
3903,HGS-TV,384679.0,539282.7811069489
3904,ails2_etaMax1.000_stoppingTime1728000.00,386596.0,539278.17489917
3905,HGS-TV,384679.0,539342.8457546234
3906,HGS-TV,384679.0,539600.0365812778
3907,HGS-TV,384679.0,539693.2511389256
3908,HGS-TV,384679.0,539753.4512767792
3909,HGS-TV,384679.0,539813.575366497
3910,HGS-TV,384679.0,539873.5836324692
3911,HGS-TV,384679.0,540027.9106354713
3912,HGS-TV,384679.0,540087.9254493713
3913,HGS-TV,384679.0,540154.2981524467
3914,HGS-TV,384679.0,540271.5415594578
3915,HGS-TV,384679.0,540331.6023805141
3916,ails2_etaMax1.000_stoppingTime864000.00,385016.0,540385.7988991699
3917,HGS-TV,384679.0,540442.7878677845
3918,ails2_etaMax1.000_stoppingTime864000.00,385002.0,540385.8988991699
3919,HGS-TV,384679.0,540590.5912313461
3920,HGS-TV,384679.0,540650.7012860775
3921,HGS-TV,384679.0,540710.8206560612
3922,HGS-TV,384679.0,540770.9614810944
3923,HGS-TV,384679.0,540830.9699523449
3924,HGS-TV,384679.0,540891.0181088448
3925,HGS-TV,384679.0,540951.1010549068
3926,HGS-TV,384679.0,541011.292132616
3927,HGS-TV,384679.0,541071.4851880074
3928,HGS-TV,384679.0,541131.4902415276
3929,HGS-TV,384679.0,541191.4943096638
3930,HGS-TV,384679.0,541251.5841388702
3931,HGS-TV,384679.0,541311.5848503113
3932,HGS-TV,384679.0,541371.6138064861
3933,HGS-TV,384679.0,541456.1272201538
3934,HGS-TV,384679.0,541516.1433439255
3935,ails2_etaMax1.000_stoppingTime1728000.00,386558.0,541541.2408991699
3936,HGS-TV,384679.0,541631.7606947422
3937,HGS-TV,384679.0,541691.7641661167
3938,HGS-TV,384679.0,541758.2218880653
3939,HGS-TV,384679.0,541818.2352194786
3940,HGS-TV,384679.0,541938.2622931004
3941,HGS-TV,384679.0,542135.1193830967
3942,HGS-TV,384679.0,542207.3817472458
3943,HGS-TV,384679.0,542267.4321353436
3944,HGS-TV,384679.0,542327.5240705013
3945,HGS-TV,384679.0,542387.5769457817
3946,HGS-TV,384679.0,542556.9920134544
3947,HGS-TV,384679.0,542617.0708751678
3948,HGS-TV,384679.0,542677.0980198383
3949,HGS-TV,384679.0,542737.1784279346
3950,HGS-TV,384679.0,542819.315731287
3951,HGS-TV,384679.0,543127.9489917755
3952,HGS-TV,384679.0,543188.6718299389
3953,HGS-TV,384679.0,543267.593234539
3954,HGS-TV,384679.0,543498.3463013172
3955,HGS-TV,384679.0,545125.4526753426
3956,HGS-TV,384679.0,545481.4774618149
3957,HGS-TV,384679.0,545585.2892899513
3958,HGS-TV,384679.0,545768.4059114456
3959,HGS-TV,384679.0,545828.6002202034
3960,HGS-TV,384679.0,545993.8001377583
3961,HGS-TV,384679.0,546054.0026471615
3962,HGS-TV,384679.0,546202.0915725231
3963,HGS-TV,384679.0,546726.4554440975
3964,HGS-TV,384679.0,546830.8321669102
3965,HGS-TV,384679.0,546999.628549099
3966,HGS-TV,384679.0,547468.7452857494
3967,HGS-TV,384679.0,547810.7792117596
3968,HGS-TV,384679.0,548066.6310534477
3969,HGS-TV,384679.0,548927.6081981659
3970,HGS-TV,384679.0,549109.5180366039
3971,HGS-TV,384679.0,549303.4647614956
3972,HGS-TV,384679.0,549363.5146379471
3973,HGS-TV,384679.0,549514.882578373
3974,HGS-TV,384679.0,549701.3555483818
3975,HGS-TV,384679.0,549832.9760584831
3976,HGS-TV,384679.0,549893.0414037704
3977,HGS-TV,384679.0,550069.7983396053
3978,HGS-TV,384679.0,550129.8640422821
3979,HGS-TV,384679.0,550190.0234100819
3980,ails2_etaMax1.000_stoppingTime864000.00,384992.0,550632.57489917
3981,ails2_etaMax1.000_stoppingTime864000.00,384980.0,550633.3818991699
3982,HGS-TV,384679.0,550936.3385391235
3983,ails2_etaMax1.000_stoppingTime864000.00,384979.0,551132.4688991699
3984,ails2_etaMax1.000_stoppingTime864000.00,384971.0,551132.8378991699
3985,HGS-TV,384679.0,551388.20054245
3986,HGS-TV,384679.0,551448.2129840851
3987,HGS-TV,384679.0,551508.3643171787
3988,HGS-TV,384679.0,551568.6802711487
3989,HGS-TV,384679.0,551628.8889083862
3990,HGS-TV,384679.0,551742.3894040585
3991,HGS-TV,384679.0,552084.9450638294
3992,HGS-TV,384679.0,552602.8975827694
3993,HGS-TV,384679.0,552842.675699234
3994,HGS-TV,384679.0,552902.6961648464
3995,HGS-TV,384679.0,553199.382090807
3996,HGS-TV,384679.0,553290.2951385975
3997,HGS-TV,384679.0,553422.3150937557
3998,HGS-TV,384679.0,553775.887748003
3999,HGS-TV,384679.0,553933.6892023087
4000,HGS-TV,384679.0,554050.6058926582
4001,HGS-TV,384679.0,555021.5013802052
4002,ails2_etaMax1.000_stoppingTime864000.00,384969.0,555084.36189917
4003,HGS-TV,384679.0,555120.7617111206
4004,ails2_etaMax1.000_stoppingTime864000.00,384926.0,555117.08489917
4005,HGS-TV,384679.0,555314.5273165703
4006,HGS-TV,384679.0,556075.9464306831
4007,HGS-TV,384679.0,556409.6197366714
4008,HGS-TV,384679.0,556469.6528582573
4009,HGS-TV,384679.0,556953.4019839764
4010,HGS-TV,384679.0,557485.182466507
4011,HGS-TV,384679.0,557551.6834242344
4012,HGS-TV,384679.0,557611.7470817566
4013,HGS-TV,384679.0,557777.8147754669
4014,HGS-TV,384679.0,557837.8356704712
4015,HGS-TV,384679.0,557931.3851079941
4016,HGS-TV,384679.0,558252.4224722385
4017,HGS-TV,384679.0,558336.6525876522
4018,HGS-TV,384679.0,558509.6388142109
4019,HGS-TV,384679.0,558597.3264920712
4020,HGS-TV,384679.0,558657.3689966202
4021,HGS-TV,384679.0,558717.6805231571
4022,HGS-TV,384679.0,559069.4483442307
4023,HGS-TV,384679.0,559187.9852364063
4024,HGS-TV,384679.0,559248.0474128723
4025,HGS-TV,384679.0,559422.6519448757
4026,HGS-TV,384679.0,559548.2208070755
4027,HGS-TV,384679.0,559849.1415822506
4028,HGS-TV,384679.0,559942.0596055984
4029,HGS-TV,384679.0,560002.323183775
4030,HGS-TV,384679.0,560062.345045805
4031,HGS-TV,384679.0,560122.3670351505
4032,HGS-TV,384679.0,560182.4068446159
4033,HGS-TV,384679.0,560300.0697214603
4034,HGS-TV,384679.0,560369.5055375099
4035,HGS-TV,384679.0,560608.1954088211
4036,HGS-TV,384679.0,560929.4270148277
4037,HGS-TV,384679.0,560998.3848764896
4038,HGS-TV,384679.0,561155.9244778156
4039,HGS-TV,384679.0,561267.5678973198
4040,HGS-TV,384679.0,561338.212875843
4041,HGS-TV,384679.0,561398.4326171875
4042,HGS-TV,384679.0,561458.5312645435
4043,HGS-TV,384679.0,561518.5983259678
4044,HGS-TV,384679.0,561671.3568272591
4045,HGS-TV,384679.0,561866.2654910088
4046,HGS-TV,384679.0,561993.1662323475
4047,HGS-TV,384679.0,562119.6733772755
4048,HGS-TV,384679.0,562182.6757042408
4049,HGS-TV,384679.0,562480.4046223164
4050,HGS-TV,384679.0,562546.2430586815
4051,HGS-TV,384679.0,562606.3134212494
4052,HGS-TV,384679.0,563465.2453649044
4053,HGS-TV,384679.0,563616.6681139469
4054,HGS-TV,384679.0,563728.3595347404
4055,HGS-TV,384679.0,563951.0156390667
4056,HGS-TV,384679.0,564205.0801856518
4057,HGS-TV,384679.0,564552.2318689823
4058,HGS-TV,384679.0,564612.2419407368
4059,HGS-TV,384679.0,564693.3544578552
4060,HGS-TV,384679.0,564756.279040575
4061,HGS-TV,384679.0,564853.6523804665
4062,HGS-TV,384679.0,565253.4119615555
4063,ails2_etaMax1.000_stoppingTime1728000.00,386523.0,565390.91089917
4064,ails2_etaMax1.000_stoppingTime1728000.00,386486.0,565390.95489917
4065,HGS-TV,384679.0,565866.008040905
4066,HGS-TV,384679.0,565926.027405262
4067,HGS-TV,384679.0,566179.3885102272
4068,HGS-TV,384679.0,566557.5284006596
4069,HGS-TV,384679.0,566624.5269963741
4070,HGS-TV,384679.0,566744.999024868
4071,HGS-TV,384679.0,566826.4633197784
4072,HGS-TV,384679.0,566942.1499724388
4073,HGS-TV,384679.0,567002.2268714905
4074,HGS-TV,384679.0,567526.6557247639
4075,HGS-TV,384679.0,567586.7411103249
4076,ails2_etaMax1.000_stoppingTime1728000.00,386475.0,567758.48689917
4077,ails2_etaMax1.000_stoppingTime1728000.00,386469.0,567758.5368991699
4078,HGS-TV,384679.0,568203.234708786
4079,HGS-TV,384679.0,568263.2364251614
4080,HGS-TV,384679.0,568323.2880411148
4081,HGS-TV,384679.0,568937.7419855595
4082,HGS-TV,384679.0,568997.8942818642
4083,HGS-TV,384679.0,569057.9126648903
4084,HGS-TV,384679.0,569739.9588348866
4085,HGS-TV,384679.0,569828.0894675255
4086,HGS-TV,384679.0,570556.2395300865
4087,HGS-TV,384679.0,572597.6057231426
4088,HGS-TV,384679.0,574015.9218769073
4089,HGS-TV,384679.0,577219.2569522858
4090,HGS-TV,384679.0,577982.2092554569
4091,HGS-TV,384679.0,578755.0715091228
4092,HGS-TV,384679.0,578990.9976847172
4093,HGS-TV,384679.0,579128.1358625889
4094,ails2_etaMax1.000_stoppingTime1728000.00,386428.0,579992.13589917
4095,ails2_etaMax1.000_stoppingTime1728000.00,386420.0,580208.2738991699
4096,HGS-TV,384679.0,580400.1504070759
4097,HGS-TV,384679.0,580778.4730381966
4098,HGS-TV,384679.0,581001.9909510612
4099,HGS-TV,384679.0,581185.9934749603
4100,HGS-TV,384679.0,581456.64325881
4101,HGS-TV,384679.0,581720.546849966
4102,HGS-TV,384679.0,581815.4650113583
4103,HGS-TV,384679.0,582919.8067975044
4104,HGS-TV,384679.0,583653.7323031425
4105,HGS-TV,384679.0,583882.1951651573
4106,HGS-TV,384679.0,585367.4969513416
4107,ails2_etaMax1.000_stoppingTime1728000.00,386416.0,587556.4608991699
4108,HGS-TV,384679.0,587564.9261410236
4109,ails2_etaMax1.000_stoppingTime1728000.00,386409.0,587556.4908991699
4110,HGS-TV,384679.0,587687.6071224213
4111,HGS-TV,384679.0,587747.6151511669
4112,HGS-TV,384679.0,590762.8239915371
4113,HGS-TV,384679.0,590935.0974874496
4114,HGS-TV,384679.0,591648.7776970863
4115,HGS-TV,384679.0,593244.6678571701
4116,HGS-TV,384679.0,593470.2087328434
4117,HGS-TV,384679.0,594406.9509937763
4118,HGS-TV,384679.0,594553.6042208672
4119,HGS-TV,384679.0,595081.2327530384
4120,HGS-TV,384679.0,595141.4051902294
4121,HGS-TV,384679.0,595201.5155813694
4122,HGS-TV,384679.0,595299.535598278
4123,HGS-TV,384679.0,595827.1883325577
4124,HGS-TV,384679.0,595887.313655138
4125,HGS-TV,384679.0,596045.0477285385
4126,HGS-TV,384679.0,596152.4270894527
4127,HGS-TV,384679.0,596381.581312418
4128,HGS-TV,384679.0,596582.1158754826
4129,HGS-TV,384679.0,596642.3106689453
4130,HGS-TV,384679.0,597124.1680519581
4131,HGS-TV,384679.0,597240.2646868229
4132,HGS-TV,384679.0,597313.7763826847
4133,HGS-TV,384679.0,597792.8114418983
4134,HGS-TV,384679.0,598864.1040599346
4135,HGS-TV,384679.0,599492.8315556049
4136,HGS-TV,384679.0,599689.9137642384
4137,HGS-TV,384679.0,599838.9251353741
4138,HGS-TV,384679.0,600384.1152131557
4139,HGS-TV,384679.0,601155.2858929634
4140,HGS-TV,384679.0,601449.5742530823
4141,HGS-TV,384679.0,601693.6354799271
4142,HGS-TV,384679.0,601768.7221291065
4143,ails2_etaMax1.000_stoppingTime1728000.00,386391.0,601805.8168991699
4144,ails2_etaMax1.000_stoppingTime1728000.00,386336.0,601805.8978991699
4145,HGS-TV,384679.0,602224.0286517143
4146,HGS-TV,384679.0,602520.2675840855
4147,HGS-TV,384679.0,602580.4776904583
4148,HGS-TV,384679.0,602660.7008788586
4149,HGS-TV,384679.0,602991.3956420422
4150,HGS-TV,384679.0,604259.7810900211
4151,HGS-TV,384679.0,604592.5876636505
4152,HGS-TV,384679.0,604698.8631849289
4153,HGS-TV,384679.0,605538.306905508
4154,HGS-TV,384679.0,606218.1238822937
4155,HGS-TV,384679.0,606718.5545406342
4156,HGS-TV,384679.0,606778.8700435162
4157,HGS-TV,384679.0,607032.3033540249
4158,HGS-TV,384679.0,607092.5249335766
4159,HGS-TV,384679.0,607360.8562970161
4160,HGS-TV,384679.0,607429.0252327919
4161,HGS-TV,384679.0,607489.3866364956
4162,HGS-TV,384679.0,607701.4298477173
4163,HGS-TV,384679.0,607761.4636650085
4164,HGS-TV,384679.0,607829.9645602703
4165,HGS-TV,384679.0,608403.2086946964
4166,HGS-TV,384679.0,608585.9391200542
4167,HGS-TV,384679.0,608646.1617074013
4168,HGS-TV,384679.0,608706.213111639
4169,HGS-TV,384679.0,608832.1165764332
4170,HGS-TV,384679.0,608930.3715727329
4171,HGS-TV,384679.0,609602.9915211201
4172,HGS-TV,384679.0,609667.8071525097
4173,HGS-TV,384679.0,611153.0483202934
4174,HGS-TV,384679.0,611215.9498207569
4175,HGS-TV,384679.0,613176.0683746338
4176,ails2_etaMax1.000_stoppingTime864000.00,384924.0,614322.8038991699
4177,ails2_etaMax1.000_stoppingTime864000.00,384921.0,614414.08689917
4178,ails2_etaMax1.000_stoppingTime864000.00,384920.0,614877.3798991699
4179,ails2_etaMax1.000_stoppingTime864000.00,384919.0,614882.4098991699
4180,ails2_etaMax1.000_stoppingTime864000.00,384916.0,614939.9588991699
4181,HGS-TV,384679.0,615049.9649348259
4182,ails2_etaMax1.000_stoppingTime864000.00,384907.0,615027.36389917
4183,ails2_etaMax1.000_stoppingTime864000.00,384901.0,616913.05789917
4184,HGS-TV,384679.0,617850.561966896
4185,HGS-TV,384679.0,617959.7150397301
4186,HGS-TV,384679.0,618155.8728661537
4187,HGS-TV,384679.0,620086.9586598873
4188,ails2_etaMax1.000_stoppingTime864000.00,384900.0,620146.4658991699
4189,ails2_etaMax1.000_stoppingTime864000.00,384896.0,620149.46189917
4190,ails2_etaMax1.000_stoppingTime864000.00,384895.0,620877.1868991699
4191,ails2_etaMax1.000_stoppingTime1728000.00,386324.0,621599.47689917
4192,ails2_etaMax1.000_stoppingTime1728000.00,386280.0,621600.2408991699
4193,ails2_etaMax1.000_stoppingTime864000.00,384891.0,621881.5268991699
4194,ails2_etaMax1.000_stoppingTime864000.00,384873.0,621894.6148991699
4195,ails2_etaMax1.000_stoppingTime864000.00,384870.0,622034.8848991699
4196,ails2_etaMax1.000_stoppingTime864000.00,384867.0,622034.9468991699
4197,ails2_etaMax1.000_stoppingTime864000.00,384855.0,622128.11189917
4198,HGS-TV,384679.0,623527.8616855145
4199,HGS-TV,384679.0,623588.1455829144
4200,HGS-TV,384679.0,623648.5284559727
4201,HGS-TV,384679.0,623708.8172399998
4202,HGS-TV,384679.0,623768.8251206875
4203,HGS-TV,384679.0,623828.9624409676
4204,HGS-TV,384679.0,623889.04987216
4205,HGS-TV,384679.0,624297.6379783154
4206,HGS-TV,384679.0,624372.7737493515
4207,HGS-TV,384679.0,624432.8622457981
4208,HGS-TV,384679.0,624552.4820861816
4209,HGS-TV,384679.0,624723.5142748356
4210,HGS-TV,384679.0,625483.4585056305
4211,HGS-TV,384679.0,625676.2097172737
4212,HGS-TV,384679.0,626106.0399677753
4213,HGS-TV,384679.0,626225.6562511921
4214,HGS-TV,384679.0,626811.0890464783
4215,HGS-TV,384679.0,626925.25005126
4216,HGS-TV,384679.0,627258.6514279842
4217,HGS-TV,384679.0,627421.6460430622
4218,HGS-TV,384679.0,627516.949968338
4219,HGS-TV,384679.0,628015.3558664322
4220,HGS-TV,384679.0,628120.0452973843
4221,HGS-TV,384679.0,628269.7297701836
4222,HGS-TV,384679.0,628750.5202248096
4223,HGS-TV,384679.0,628916.6909432411
4224,HGS-TV,384679.0,628976.8210692406
4225,HGS-TV,384679.0,629050.2792241573
4226,HGS-TV,384679.0,629131.9099876881
4227,HGS-TV,384679.0,629916.9712226391
4228,HGS-TV,384679.0,630227.9666905403
4229,HGS-TV,384679.0,630536.5665528774
4230,HGS-TV,384679.0,631221.511234045
4231,HGS-TV,384679.0,631410.6705713272
4232,HGS-TV,384679.0,631535.577466011
4233,HGS-TV,384679.0,631595.5948758125
4234,HGS-TV,384679.0,631804.79063797
4235,HGS-TV,384679.0,631865.1931140423
4236,HGS-TV,384679.0,632065.2346971035
4237,HGS-TV,384679.0,632125.581974268
4238,HGS-TV,384679.0,632484.9376945496
4239,HGS-TV,384679.0,633740.9935531616
4240,HGS-TV,384679.0,633922.8606290817
4241,HGS-TV,384679.0,634016.2858085632
4242,ails2_etaMax1.000_stoppingTime1728000.00,386275.0,634089.9918991699
4243,ails2_etaMax1.000_stoppingTime1728000.00,386271.0,634090.0298991699
4244,HGS-TV,384679.0,634231.6492781639
4245,HGS-TV,384679.0,634805.1643266678
4246,HGS-TV,384679.0,636090.1000730991
4247,HGS-TV,384679.0,636150.2120573521
4248,HGS-TV,384679.0,636385.8555207253
4249,HGS-TV,384679.0,636791.1293883324
4250,HGS-TV,384679.0,637127.580368042
4251,HGS-TV,384679.0,637420.7213492393
4252,HGS-TV,384679.0,637666.5554640293
4253,HGS-TV,384679.0,637872.0824451447
4254,HGS-TV,384679.0,638066.2077696323
4255,HGS-TV,384679.0,638292.9415814877
4256,HGS-TV,384679.0,638362.1165542603
4257,HGS-TV,384679.0,638487.5575578213
4258,HGS-TV,384679.0,638547.9247841835
4259,HGS-TV,384679.0,638626.0213403702
4260,HGS-TV,384679.0,638846.7556686401
4261,ails2_etaMax1.000_stoppingTime1728000.00,386261.0,639062.6078991699
4262,HGS-TV,384679.0,639072.6520302296
4263,ails2_etaMax1.000_stoppingTime1728000.00,386238.0,639062.9608991699
4264,HGS-TV,384679.0,639205.0410215855
4265,HGS-TV,384679.0,639419.4023501873
4266,ails2_etaMax1.000_stoppingTime1728000.00,386233.0,639500.6908991699
4267,HGS-TV,384679.0,639667.7372221947
4268,HGS-TV,384679.0,639744.3610417843
4269,HGS-TV,384679.0,639804.578725338
4270,HGS-TV,384679.0,639882.5508284569
4271,HGS-TV,384679.0,639942.6585280895
4272,HGS-TV,384679.0,640076.6742751598
4273,HGS-TV,384679.0,640233.9302153587
4274,HGS-TV,384679.0,640294.1326887608
4275,HGS-TV,384679.0,640376.2861897945
4276,HGS-TV,384679.0,640581.3496713638
4277,HGS-TV,384679.0,640932.349468708
4278,HGS-TV,384679.0,641237.9996023178
4279,HGS-TV,384679.0,641979.4551756382
4280,HGS-TV,384679.0,642351.6955783367
4281,HGS-TV,384679.0,642475.910866499
4282,HGS-TV,384679.0,642824.4196646214
4283,HGS-TV,384679.0,643047.7381110191
4284,HGS-TV,384679.0,643121.8395564556
4285,HGS-TV,384679.0,643277.6095907688
4286,ails2_etaMax1.000_stoppingTime864000.00,384853.0,643394.7918991699
4287,ails2_etaMax1.000_stoppingTime864000.00,384852.0,643395.2088991699
4288,HGS-TV,384679.0,643517.3367567062
4289,HGS-TV,384679.0,643577.5167274475
4290,HGS-TV,384679.0,643643.9989750385
4291,HGS-TV,384679.0,643704.0867397785
4292,HGS-TV,384679.0,643769.6551277637
4293,ails2_etaMax1.000_stoppingTime864000.00,384851.0,643972.4948991699
4294,HGS-TV,384679.0,644025.583852768
4295,ails2_etaMax1.000_stoppingTime864000.00,384845.0,643974.89089917
4296,HGS-TV,384679.0,644178.9625663757
4297,HGS-TV,384679.0,644669.6641116142
4298,ails2_etaMax1.000_stoppingTime1728000.00,386229.0,644784.5188991699
4299,ails2_etaMax1.000_stoppingTime1728000.00,386160.0,644804.63389917
4300,HGS-TV,384679.0,644920.4262750149
4301,HGS-TV,384679.0,645065.3007028103
4302,HGS-TV,384679.0,645139.6505646706
4303,HGS-TV,384679.0,645393.3258786201
4304,HGS-TV,384679.0,645453.4498670101
4305,HGS-TV,384679.0,645740.8680419922
4306,HGS-TV,384679.0,645878.8696959019
4307,HGS-TV,384679.0,645939.0224282742
4308,HGS-TV,384679.0,645999.0339963436
4309,HGS-TV,384679.0,646059.0404605865
4310,HGS-TV,384679.0,646119.1280505657
4311,HGS-TV,384679.0,646179.3289070129
4312,HGS-TV,384679.0,646239.3588936329
4313,HGS-TV,384679.0,646299.5204751492
4314,HGS-TV,384679.0,646428.7966217995
4315,HGS-TV,384679.0,646597.42801857
4316,HGS-TV,384679.0,646785.129076004
4317,ails2_etaMax1.000_stoppingTime864000.00,384842.0,647094.07689917
4318,ails2_etaMax1.000_stoppingTime864000.00,384841.0,647094.13389917
4319,HGS-TV,384679.0,647451.584594965
4320,HGS-TV,384679.0,647511.7671303749
4321,HGS-TV,384679.0,647807.9505803585
4322,HGS-TV,384679.0,647884.7319407463
4323,HGS-TV,384679.0,648049.8282723427
4324,HGS-TV,384679.0,648228.202256918
4325,HGS-TV,384679.0,648705.2231161594
4326,HGS-TV,384679.0,648811.7120406628
4327,HGS-TV,384679.0,648871.7733843327
4328,HGS-TV,384679.0,649227.7303442955
4329,ails2_etaMax1.000_stoppingTime864000.00,384839.0,649238.29289917
4330,HGS-TV,384679.0,649287.8364071846
4331,HGS-TV,384679.0,649347.8758211136
4332,ails2_etaMax1.000_stoppingTime864000.00,384835.0,649360.9688991699
4333,ails2_etaMax1.000_stoppingTime864000.00,384832.0,649466.4758991699
4334,HGS-TV,384679.0,649512.0095272064
4335,ails2_etaMax1.000_stoppingTime864000.00,384830.0,649528.17989917
4336,HGS-TV,384679.0,649572.1724019051
4337,ails2_etaMax1.000_stoppingTime864000.00,384822.0,649528.2968991699
4338,HGS-TV,384679.0,649870.472938776
4339,HGS-TV,384679.0,650228.1603758335
4340,HGS-TV,384679.0,650325.7345824242
4341,HGS-TV,384679.0,650385.8950479031
4342,HGS-TV,384679.0,650557.9178013802
4343,HGS-TV,384679.0,650679.0978634357
4344,HGS-TV,384679.0,650739.2226645947
4345,HGS-TV,384679.0,651138.5804390907
4346,HGS-TV,384679.0,651445.5824301243
4347,HGS-TV,384679.0,651599.8649704456
4348,HGS-TV,384679.0,651660.0108795166
4349,HGS-TV,384679.0,651920.4115650654
4350,HGS-TV,384679.0,652098.1833460331
4351,HGS-TV,384679.0,652232.3279335499
4352,HGS-TV,384679.0,652292.4958767891
4353,HGS-TV,384679.0,652398.5074687004
4354,HGS-TV,384679.0,652560.9008083344
4355,HGS-TV,384679.0,652620.9915196896
4356,HGS-TV,384679.0,652932.1013195515
4357,HGS-TV,384679.0,653149.2198629379
4358,HGS-TV,384679.0,653209.2801551819
4359,HGS-TV,384679.0,653269.3589661121
4360,HGS-TV,384679.0,653416.9986701012
4361,HGS-TV,384679.0,653477.2807953358
4362,HGS-TV,384679.0,654157.8395879269
4363,HGS-TV,384679.0,654218.1318459511
4364,HGS-TV,384679.0,654278.23067379
4365,HGS-TV,384679.0,654508.3100836277
4366,HGS-TV,384679.0,654585.3290536404
4367,HGS-TV,384679.0,654645.3496830463
4368,HGS-TV,384679.0,654786.8803653717
4369,HGS-TV,384679.0,654850.472110033
4370,HGS-TV,384679.0,654910.6076364517
4371,HGS-TV,384679.0,655378.53221488
4372,HGS-TV,384679.0,655583.296895504
4373,HGS-TV,384679.0,655643.4980580807
4374,HGS-TV,384679.0,655703.688038826
4375,HGS-TV,384679.0,655776.49792552
4376,HGS-TV,384679.0,655836.5237314701
4377,HGS-TV,384679.0,655896.6314332485
4378,HGS-TV,384679.0,656062.7179245949
4379,HGS-TV,384679.0,656123.0182600021
4380,HGS-TV,384679.0,656183.1243326664
4381,HGS-TV,384679.0,656247.5666644573
4382,HGS-TV,384679.0,656309.430120945
4383,HGS-TV,384679.0,656369.483682394
4384,HGS-TV,384679.0,656429.4922268391
4385,HGS-TV,384679.0,656496.8658313751
4386,HGS-TV,384679.0,656556.8692502975
4387,HGS-TV,384679.0,656616.9615731239
4388,HGS-TV,384679.0,656821.7963588238
4389,HGS-TV,384679.0,656913.9833173752
4390,HGS-TV,384679.0,656973.9944968224
4391,HGS-TV,384679.0,657034.0600962639
4392,HGS-TV,384679.0,657094.2216906548
4393,HGS-TV,384679.0,657245.8635063171
4394,HGS-TV,384679.0,657493.4838826656
4395,HGS-TV,384679.0,657610.5377862453
4396,HGS-TV,384679.0,657670.7076330185
4397,HGS-TV,384679.0,657823.2033860683
4398,HGS-TV,384679.0,657883.319145441
4399,HGS-TV,384679.0,658008.3004846573
4400,HGS-TV,384679.0,658115.3810706139
4401,HGS-TV,384679.0,658299.8130288124
4402,HGS-TV,384679.0,658403.8484938145
4403,HGS-TV,384679.0,658464.2216892242
4404,HGS-TV,384679.0,658524.4963247776
4405,HGS-TV,384679.0,658584.5763170719
4406,HGS-TV,384679.0,658661.7103364468
4407,HGS-TV,384679.0,658721.9094800949
4408,HGS-TV,384679.0,658810.4271323681
4409,HGS-TV,384679.0,658916.6752667427
4410,HGS-TV,384679.0,659050.8384623528
4411,HGS-TV,384679.0,659110.9702134132
4412,HGS-TV,384679.0,659171.0316262245
4413,HGS-TV,384679.0,659231.0994479656
4414,HGS-TV,384679.0,659352.2730920315
4415,HGS-TV,384679.0,659435.4478609562
4416,HGS-TV,384679.0,659495.6046395302
4417,HGS-TV,384679.0,659702.7015054226
4418,HGS-TV,384679.0,659780.7263484001
4419,HGS-TV,384679.0,659849.6621174812
4420,HGS-TV,384679.0,659909.7340724468
4421,HGS-TV,384679.0,659969.8832263947
4422,HGS-TV,384679.0,660038.8550446033
4423,HGS-TV,384679.0,660099.035405159
4424,HGS-TV,384679.0,660159.2466599941
4425,HGS-TV,384679.0,660219.33934021
4426,HGS-TV,384679.0,660279.4204432964
4427,HGS-TV,384679.0,660371.8319225311
4428,HGS-TV,384679.0,660448.2475225925
4429,HGS-TV,384679.0,660508.291974783
4430,HGS-TV,384679.0,660568.5647397041
4431,HGS-TV,384679.0,660628.8308112621
4432,HGS-TV,384679.0,660689.0719742775
4433,HGS-TV,384679.0,660764.6472277641
4434,HGS-TV,384679.0,660824.6630225182
4435,HGS-TV,384679.0,660918.4488842487
4436,HGS-TV,384679.0,660978.5102484226
4437,HGS-TV,384679.0,661063.8143200874
4438,HGS-TV,384679.0,661131.5908119678
4439,HGS-TV,384679.0,661191.7613017559
4440,HGS-TV,384679.0,661251.9796128273
4441,HGS-TV,384679.0,661312.4537148476
4442,HGS-TV,384679.0,661450.3862242699
4443,HGS-TV,384679.0,661599.0302870274
4444,HGS-TV,384679.0,661659.2988536358
4445,HGS-TV,384679.0,661719.4131064415
4446,HGS-TV,384679.0,661779.600776434
4447,HGS-TV,384679.0,662044.4279520512
4448,HGS-TV,384679.0,662104.6200273037
4449,HGS-TV,384679.0,662164.7768573761
4450,HGS-TV,384679.0,662224.7973380089
4451,HGS-TV,384679.0,662284.9975960255
4452,HGS-TV,384679.0,662345.1501460075
4453,HGS-TV,384679.0,662627.782697916
4454,HGS-TV,384679.0,662687.8053267002
4455,HGS-TV,384679.0,662747.8220796585
4456,HGS-TV,384679.0,662808.0843214989
4457,HGS-TV,384679.0,662868.3206002712
4458,HGS-TV,384679.0,662928.6454100609
4459,HGS-TV,384679.0,662988.738392353
4460,HGS-TV,384679.0,663048.9666881561
4461,HGS-TV,384679.0,663109.1883468628
4462,HGS-TV,384679.0,663357.1431014538
4463,HGS-TV,384679.0,663558.6225452423
4464,HGS-TV,384679.0,663693.1408977509
4465,HGS-TV,384679.0,663753.2084619999
4466,HGS-TV,384679.0,663813.245965004
4467,HGS-TV,384679.0,663907.0616664886
4468,HGS-TV,384679.0,664179.2373819351
4469,HGS-TV,384679.0,664239.258867979
4470,HGS-TV,384679.0,664299.4817464352
4471,HGS-TV,384679.0,664359.5035638809
4472,HGS-TV,384679.0,664462.4548487663
4473,HGS-TV,384679.0,664606.9989800453
4474,HGS-TV,384679.0,664667.1698870659
4475,HGS-TV,384679.0,664761.4111368656
4476,HGS-TV,384679.0,664821.5883209705
4477,HGS-TV,384679.0,664962.5465841293
4478,HGS-TV,384679.0,665268.9653549194
4479,HGS-TV,384679.0,665407.2310626507
4480,HGS-TV,384679.0,665659.9597232342
4481,HGS-TV,384679.0,665720.1574406624
4482,HGS-TV,384679.0,665780.2365002632
4483,HGS-TV,384679.0,666016.6400587559
4484,HGS-TV,384679.0,666078.1444320679
4485,HGS-TV,384679.0,666138.3977651596
4486,HGS-TV,384679.0,666372.3493442535
4487,HGS-TV,384679.0,666601.6007823944
4488,HGS-TV,384679.0,666745.3792777061
4489,HGS-TV,384679.0,666919.1661598682
4490,HGS-TV,384679.0,666979.2244920731
4491,HGS-TV,384679.0,667134.5283956528
4492,HGS-TV,384679.0,667270.5012624264
4493,HGS-TV,384679.0,667330.6293869019
4494,HGS-TV,384679.0,667390.6454336643
4495,HGS-TV,384679.0,667638.301637888
4496,HGS-TV,384679.0,667869.6662671566
4497,HGS-TV,384679.0,667929.962580204
4498,HGS-TV,384679.0,668060.8633272648
4499,HGS-TV,384679.0,668403.652977705
4500,ails2_etaMax1.000_stoppingTime1728000.00,386153.0,668540.1618991699
4501,ails2_etaMax1.000_stoppingTime1728000.00,386131.0,668551.54289917
4502,HGS-TV,384679.0,668678.7920014858
4503,HGS-TV,384679.0,668738.8366463184
4504,HGS-TV,384679.0,668798.9996645451
4505,HGS-TV,384679.0,669366.5495204926
4506,HGS-TV,384679.0,669426.6802322865
4507,HGS-TV,384679.0,669645.4445445538
4508,HGS-TV,384679.0,669796.381762743
4509,HGS-TV,384679.0,669856.383869648
4510,HGS-TV,384679.0,670132.1861207485
4511,HGS-TV,384679.0,670395.5327711105
4512,HGS-TV,384679.0,670455.5454485416
4513,HGS-TV,384679.0,670515.6271204948
4514,HGS-TV,384679.0,670589.3199810982
4515,HGS-TV,384679.0,670747.6784024239
4516,HGS-TV,384679.0,670824.2996530533
4517,HGS-TV,384679.0,670884.3984439373
4518,HGS-TV,384679.0,670976.2464897633
4519,HGS-TV,384679.0,671036.372524023
4520,HGS-TV,384679.0,671096.6182017326
4521,HGS-TV,384679.0,671242.5881068707
4522,HGS-TV,384679.0,671302.651042223
4523,HGS-TV,384679.0,671362.8666424751
4524,HGS-TV,384679.0,671422.9942336082
4525,HGS-TV,384679.0,671669.1213481426
4526,HGS-TV,384679.0,671729.1661996841
4527,HGS-TV,384679.0,671800.9553277493
4528,HGS-TV,384679.0,672027.9478757381
4529,HGS-TV,384679.0,672088.0753583908
4530,HGS-TV,384679.0,672199.4376637936
4531,HGS-TV,384679.0,672259.5651712418
4532,HGS-TV,384679.0,672319.5987286568
4533,HGS-TV,384679.0,672409.6762859821
4534,HGS-TV,384679.0,672469.8223454952
4535,HGS-TV,384679.0,672529.9117510319
4536,HGS-TV,384679.0,672589.9176859856
4537,HGS-TV,384679.0,672650.1604886055
4538,HGS-TV,384679.0,672710.2964577675
4539,HGS-TV,384679.0,672862.6706678867
4540,HGS-TV,384679.0,672930.5635108948
4541,HGS-TV,384679.0,673008.8256697655
4542,HGS-TV,384679.0,673077.8636989594
4543,HGS-TV,384679.0,673350.3283207417
4544,HGS-TV,384679.0,673576.0048162937
4545,HGS-TV,384679.0,673636.2619786263
4546,HGS-TV,384679.0,673696.344881773
4547,HGS-TV,384679.0,673756.5142762661
4548,ails2_etaMax1.000_stoppingTime1728000.00,386119.0,673979.7958991699
4549,ails2_etaMax1.000_stoppingTime1728000.00,386106.0,673979.82689917
4550,HGS-TV,384679.0,674234.3724496365
4551,HGS-TV,384679.0,674547.6661992073
4552,HGS-TV,384679.0,674607.8039369583
4553,HGS-TV,384679.0,674784.9115891457
4554,HGS-TV,384679.0,674845.0440311432
4555,HGS-TV,384679.0,674921.682489872
4556,HGS-TV,384679.0,675001.0345821381
4557,HGS-TV,384679.0,675089.8897972107
4558,HGS-TV,384679.0,675198.80809021
4559,HGS-TV,384679.0,675258.9692988396
4560,HGS-TV,384679.0,675682.8983726501
4561,HGS-TV,384679.0,675785.9198727608
4562,HGS-TV,384679.0,675846.0270442963
4563,HGS-TV,384679.0,675906.0285413265
4564,HGS-TV,384679.0,676036.7473757267
4565,HGS-TV,384679.0,676096.7482345104
4566,HGS-TV,384679.0,676156.9344751835
4567,HGS-TV,384679.0,676217.0560278893
4568,HGS-TV,384679.0,676277.063798666
4569,HGS-TV,384679.0,676912.0647289753
4570,HGS-TV,384679.0,676972.2274298668
4571,HGS-TV,384679.0,677032.2737920284
4572,HGS-TV,384679.0,677466.5850195885
4573,HGS-TV,384679.0,677576.8654530048
4574,HGS-TV,384679.0,677938.7039175034
4575,HGS-TV,384679.0,677998.8085360527
4576,HGS-TV,384679.0,678217.3292062283
4577,HGS-TV,384679.0,678771.898758173
4578,HGS-TV,384679.0,678833.5914895535
4579,HGS-TV,384679.0,678903.562138319
4580,HGS-TV,384679.0,679300.2871792316
4581,HGS-TV,384679.0,679360.4248576164
4582,HGS-TV,384679.0,680142.1158611774
4583,HGS-TV,384679.0,680311.8330688477
4584,HGS-TV,384679.0,680409.0993468761
4585,HGS-TV,384679.0,680781.4951114655
4586,HGS-TV,384679.0,681282.6569540501
4587,HGS-TV,384679.0,681484.236779213
4588,HGS-TV,384679.0,681544.4473614693
4589,HGS-TV,384679.0,681623.296587944
4590,HGS-TV,384679.0,681722.9242737293
4591,HGS-TV,384679.0,681783.0758817196
4592,HGS-TV,384679.0,682323.1213715076
4593,HGS-TV,384679.0,682383.2699739933
4594,HGS-TV,384679.0,682673.6125626564
4595,HGS-TV,384679.0,682998.3744242191
4596,HGS-TV,384679.0,683077.4454815388
4597,ails2_etaMax1.000_stoppingTime1728000.00,386098.0,683251.3748991699
4598,ails2_etaMax1.000_stoppingTime1728000.00,386097.0,683350.8598991699
4599,ails2_etaMax1.000_stoppingTime1728000.00,386083.0,683351.03589917
4600,HGS-TV,384679.0,683565.6433081627
4601,HGS-TV,384679.0,683625.6622760296
4602,HGS-TV,384679.0,683685.665186882
4603,HGS-TV,384679.0,683783.9708259106
4604,HGS-TV,384679.0,683844.224199295
4605,HGS-TV,384679.0,683975.8202998638
4606,HGS-TV,384679.0,684035.8945732117
4607,HGS-TV,384679.0,684152.4223456383
4608,HGS-TV,384679.0,685077.0398547649
4609,HGS-TV,384679.0,685260.4252278805
4610,HGS-TV,384679.0,685468.3742387295
4611,HGS-TV,384679.0,685563.0516140461
4612,HGS-TV,384679.0,685623.2326376438
4613,HGS-TV,384679.0,687815.8766663074
4614,HGS-TV,384679.0,687875.9993491173
4615,HGS-TV,384679.0,688046.322520256
4616,HGS-TV,384679.0,688106.4580702782
4617,HGS-TV,384679.0,688348.677627325
4618,HGS-TV,384679.0,688588.430273056
4619,HGS-TV,384679.0,688695.5027639866
4620,HGS-TV,384679.0,688925.8026854992
4621,HGS-TV,384679.0,689072.8228874207
4622,HGS-TV,384679.0,689270.0849785805
4623,HGS-TV,384679.0,689351.760373354
4624,HGS-TV,384679.0,689411.882900238
4625,HGS-TV,384679.0,689499.5715408325
4626,HGS-TV,384679.0,690064.0907495022
4627,HGS-TV,384679.0,690855.7493467331
4628,HGS-TV,384679.0,690917.3345558643
4629,HGS-TV,384679.0,691497.342405796
4630,HGS-TV,384679.0,691698.4545528889
4631,HGS-TV,384679.0,694271.5665521622
4632,HGS-TV,384679.0,694425.4318375587
4633,HGS-TV,384679.0,694522.9556488991
4634,HGS-TV,384679.0,694642.8084876537
4635,HGS-TV,384679.0,695453.7805323601
4636,HGS-TV,384679.0,695513.8946695328
4637,HGS-TV,384679.0,695606.1592438221
4638,HGS-TV,384679.0,695666.2163972855
4639,HGS-TV,384679.0,695875.1311151981
4640,HGS-TV,384679.0,695935.3049497604
4641,HGS-TV,384679.0,695995.4694261551
4642,HGS-TV,384679.0,696153.0761287212
4643,HGS-TV,384679.0,696213.3228957653
4644,HGS-TV,384679.0,697410.7994830608
4645,HGS-TV,384679.0,697486.3150701523
4646,HGS-TV,384679.0,697895.1225590706
4647,HGS-TV,384679.0,698284.6468129158
4648,HGS-TV,384679.0,698610.4919333458
4649,HGS-TV,384679.0,698670.5692989826
4650,HGS-TV,384679.0,698833.0389807224
4651,HGS-TV,384679.0,699222.0904102325
4652,HGS-TV,384679.0,699469.8943378925
4653,HGS-TV,384679.0,699533.76019907
4654,HGS-TV,384679.0,699620.6853439808
4655,HGS-TV,384679.0,700169.2016768456
4656,HGS-TV,384679.0,700229.383639574
4657,ails2_etaMax1.000_stoppingTime1728000.00,386073.0,701770.2648991699
4658,HGS-TV,384679.0,701771.6567933559
4659,ails2_etaMax1.000_stoppingTime1728000.00,386064.0,701992.25889917
4660,ails2_etaMax1.000_stoppingTime1728000.00,386051.0,701992.28289917
4661,ails2_etaMax1.000_stoppingTime1728000.00,386027.0,702211.54989917
4662,ails2_etaMax1.000_stoppingTime1728000.00,386026.0,702211.5758991699
4663,HGS-TV,384679.0,703115.5771028996
4664,HGS-TV,384679.0,704241.5120601654
4665,HGS-TV,384679.0,704321.8779575825
4666,HGS-TV,384679.0,704411.1863362789
4667,HGS-TV,384679.0,704738.8700220585
4668,HGS-TV,384679.0,705102.0353634357
4669,HGS-TV,384679.0,705514.917031765
4670,HGS-TV,384679.0,705791.0895426273
4671,HGS-TV,384679.0,705941.176153183
4672,HGS-TV,384679.0,706470.6516757011
4673,HGS-TV,384679.0,706576.9728889465
4674,HGS-TV,384679.0,708232.6395976543
4675,HGS-TV,384679.0,708449.6926665306
4676,HGS-TV,384679.0,708509.9277021885
4677,HGS-TV,384679.0,708862.5423123837
4678,HGS-TV,384679.0,708922.6086008549
4679,HGS-TV,384679.0,709431.7074861526
4680,HGS-TV,384679.0,709491.7555639744
4681,HGS-TV,384679.0,709557.2389903069
4682,HGS-TV,384679.0,709627.5076088905
4683,HGS-TV,384679.0,711395.0009596348
4684,HGS-TV,384679.0,711491.1445305347
4685,ails2_etaMax1.000_stoppingTime1728000.00,386020.0,711515.8878991699
4686,ails2_etaMax1.000_stoppingTime1728000.00,385912.0,711523.0938991699
4687,HGS-TV,384679.0,713521.9505808353
4688,HGS-TV,384679.0,716971.8523910046
4689,HGS-TV,384679.0,717057.2563455105
4690,HGS-TV,384679.0,717117.2690298557
4691,HGS-TV,384679.0,718113.7291605473
4692,HGS-TV,384679.0,720731.8401961327
4693,ails2_etaMax1.000_stoppingTime864000.00,384820.0,721245.5198991699
4694,ails2_etaMax1.000_stoppingTime864000.00,384808.0,721291.9098991699
4695,HGS-TV,384679.0,722555.1962385178
4696,HGS-TV,384679.0,722615.3648321629
4697,ails2_etaMax1.000_stoppingTime864000.00,384807.0,722757.4528991699
4698,HGS-TV,384679.0,722769.5788676739
4699,ails2_etaMax1.000_stoppingTime864000.00,384804.0,722757.53089917
4700,HGS-TV,384679.0,723130.1666097641
4701,HGS-TV,384679.0,724493.4078416824
4702,HGS-TV,384679.0,725072.0682816505
4703,ails2_etaMax1.000_stoppingTime1728000.00,385903.0,725483.27089917
4704,ails2_etaMax1.000_stoppingTime1728000.00,385886.0,725484.1078991699
4705,HGS-TV,384679.0,727998.1411497593
4706,HGS-TV,384679.0,729961.6764700413
4707,HGS-TV,384679.0,730514.3340523243
4708,HGS-TV,384679.0,733723.1810176373
4709,HGS-TV,384679.0,733998.9367439747
4710,HGS-TV,384679.0,734077.7987325191
4711,HGS-TV,384679.0,734928.7827391624
4712,HGS-TV,384679.0,735528.1442923546
4713,HGS-TV,384679.0,735811.121670723
4714,ails2_etaMax1.000_stoppingTime864000.00,384803.0,736079.72689917
4715,HGS-TV,384679.0,737313.2347562313
4716,ails2_etaMax1.000_stoppingTime864000.00,384802.0,737476.0778991699
4717,ails2_etaMax1.000_stoppingTime864000.00,384801.0,737476.1108991699
4718,HGS-TV,384679.0,738347.3019208908
4719,HGS-TV,384679.0,738407.3423259258
4720,HGS-TV,384679.0,741165.5564148426
4721,ails2_etaMax1.000_stoppingTime1728000.00,385884.0,743928.25889917
4722,ails2_etaMax1.000_stoppingTime1728000.00,385871.0,743928.3018991699
4723,ails2_etaMax1.000_stoppingTime1728000.00,385865.0,744121.3168991699
4724,ails2_etaMax1.000_stoppingTime1728000.00,385828.0,744121.40289917
4725,HGS-TV,384679.0,744844.7412610054
4726,ails2_etaMax1.000_stoppingTime1728000.00,385802.0,747125.3608991699
4727,HGS-TV,384679.0,748880.8162751198
4728,HGS-TV,384679.0,748940.9893581867
4729,HGS-TV,384679.0,749001.0116522312
4730,HGS-TV,384679.0,749061.0712621212
4731,HGS-TV,384679.0,749121.0972857475
4732,HGS-TV,384679.0,749181.1205294132
4733,HGS-TV,384679.0,749241.2056663036
4734,HGS-TV,384679.0,749301.3041367531
4735,HGS-TV,384679.0,749361.6294322014
4736,HGS-TV,384679.0,749456.1680884361
4737,HGS-TV,384679.0,749516.1826684475
4738,HGS-TV,384679.0,749576.5893819332
4739,HGS-TV,384679.0,749745.7318003178
4740,HGS-TV,384679.0,749805.9234700203
4741,HGS-TV,384679.0,749949.1783430576
4742,HGS-TV,384679.0,750009.306841135
4743,HGS-TV,384679.0,750225.665065527
4744,HGS-TV,384679.0,750418.1570575237
4745,HGS-TV,384679.0,750870.7944455147
4746,HGS-TV,384679.0,751023.6090233326
4747,HGS-TV,384679.0,751222.7071259022
4748,HGS-TV,384679.0,751564.216678381
4749,HGS-TV,384679.0,751624.3122241497
4750,ails2_etaMax1.000_stoppingTime1728000.00,385792.0,751683.7728991699
4751,ails2_etaMax1.000_stoppingTime1728000.00,385666.0,751687.7398991699
4752,HGS-TV,384679.0,751837.1277935505
4753,HGS-TV,384679.0,751897.4278993607
4754,HGS-TV,384679.0,752181.8306441307
4755,HGS-TV,384679.0,752241.8559250832
4756,HGS-TV,384679.0,752566.1139574051
4757,HGS-TV,384679.0,752632.6293411255
4758,HGS-TV,384679.0,752860.2875781059
4759,HGS-TV,384679.0,753032.0027456284
4760,HGS-TV,384679.0,753163.9152114391
4761,HGS-TV,384679.0,753240.0534629822
4762,HGS-TV,384679.0,753327.3460214138
4763,HGS-TV,384679.0,753489.1917271614
4764,HGS-TV,384679.0,753563.5747094154
4765,HGS-TV,384679.0,753914.0290896893
4766,HGS-TV,384679.0,754133.3696479797
4767,HGS-TV,384679.0,754193.5963320732
4768,HGS-TV,384679.0,754253.804516077
4769,HGS-TV,384679.0,754313.8749189377
4770,HGS-TV,384679.0,754373.9242117405
4771,HGS-TV,384679.0,754434.1756973267
4772,HGS-TV,384679.0,754566.120500803
4773,HGS-TV,384679.0,754652.5007686615
4774,HGS-TV,384679.0,754874.5124690533
4775,HGS-TV,384679.0,755014.3642280102
4776,HGS-TV,384679.0,755291.2348043919
4777,HGS-TV,384679.0,755494.7116904259
4778,HGS-TV,384679.0,755741.5225827694
4779,HGS-TV,384679.0,756219.257557869
4780,HGS-TV,384679.0,756389.8142602444
4781,HGS-TV,384679.0,756450.1376149654
4782,HGS-TV,384679.0,756819.4621315002
4783,HGS-TV,384679.0,756888.1716682911
4784,HGS-TV,384679.0,757232.3566772938
4785,HGS-TV,384679.0,757292.5632264614
4786,HGS-TV,384679.0,757352.5976245403
4787,HGS-TV,384679.0,757412.6694617271
4788,HGS-TV,384679.0,757518.6581397057
4789,HGS-TV,384679.0,757578.7477016449
4790,HGS-TV,384679.0,757727.5988872051
4791,HGS-TV,384679.0,757877.4646117687
4792,HGS-TV,384679.0,758117.2456042767
4793,HGS-TV,384679.0,758205.786837101
4794,HGS-TV,384679.0,758546.029353857
4795,HGS-TV,384679.0,758606.2144930363
4796,HGS-TV,384679.0,758666.2166860104
4797,HGS-TV,384679.0,758774.784332037
4798,ails2_etaMax1.000_stoppingTime864000.00,384800.0,758895.7408991699
4799,ails2_etaMax1.000_stoppingTime864000.00,384799.0,758898.1298991699
4800,HGS-TV,384679.0,759487.745620966
4801,HGS-TV,384679.0,759835.5005581379
4802,HGS-TV,384679.0,760003.0888986588
4803,HGS-TV,384679.0,760063.3140625954
4804,HGS-TV,384679.0,760354.4263515472
4805,HGS-TV,384679.0,760414.4753549099
4806,HGS-TV,384679.0,760630.9318122864
4807,HGS-TV,384679.0,761059.4914371967
4808,HGS-TV,384679.0,761646.4039180279
4809,HGS-TV,384679.0,762277.3358094692
4810,HGS-TV,384679.0,762547.4063558578
4811,HGS-TV,384679.0,762607.6351280212
4812,HGS-TV,384679.0,764185.991761446
4813,HGS-TV,384679.0,764418.0000107288
4814,HGS-TV,384679.0,764793.4249665737
4815,HGS-TV,384679.0,764924.7862722874
4816,HGS-TV,384679.0,765174.131786108
4817,HGS-TV,384679.0,765234.2169947624
4818,HGS-TV,384679.0,765427.6219182014
4819,HGS-TV,384679.0,765601.3735172749
4820,HGS-TV,384679.0,766002.3960907459
4821,HGS-TV,384679.0,766269.920936346
4822,HGS-TV,384679.0,766329.9607794285
4823,HGS-TV,384679.0,766436.0211100578
4824,HGS-TV,384679.0,766496.2908399105
4825,HGS-TV,384679.0,766556.3367197514
4826,HGS-TV,384679.0,766633.3555886745
4827,HGS-TV,384679.0,766808.6325418949
4828,HGS-TV,384679.0,766868.8639798164
4829,HGS-TV,384679.0,766983.6820235252
4830,HGS-TV,384679.0,767125.6650528908
4831,HGS-TV,384679.0,767414.5618407726
4832,HGS-TV,384679.0,767587.043971777
4833,HGS-TV,384679.0,767910.4706609249
4834,HGS-TV,384679.0,768028.8217761517
4835,HGS-TV,384679.0,768108.325619936
4836,HGS-TV,384679.0,768168.3857138157
4837,HGS-TV,384679.0,768228.5300042629
4838,HGS-TV,384679.0,768288.822378397
4839,HGS-TV,384679.0,768387.5129606724
4840,HGS-TV,384679.0,768447.5915725231
4841,HGS-TV,384679.0,768507.6586098671
4842,HGS-TV,384679.0,768567.7760922909
4843,HGS-TV,384679.0,768639.3629698753
4844,ails2_etaMax1.000_stoppingTime1728000.00,385652.0,768657.2378991699
4845,HGS-TV,384679.0,768879.4364337921
4846,HGS-TV,384679.0,768939.5893375874
4847,HGS-TV,384679.0,769021.2972304821
4848,HGS-TV,384679.0,769112.5398488045
4849,HGS-TV,384679.0,769304.6536779404
4850,HGS-TV,384679.0,769364.8101420403
4851,HGS-TV,384679.0,769492.6862080097
4852,HGS-TV,384679.0,769553.5160069466
4853,HGS-TV,384679.0,769613.6198968887
4854,HGS-TV,384679.0,769673.6675546169
4855,HGS-TV,384679.0,769733.8213925362
4856,HGS-TV,384679.0,769867.1195852757
4857,HGS-TV,384679.0,769933.6430878639
4858,HGS-TV,384679.0,770075.346544981
4859,HGS-TV,384679.0,770149.0921165943
4860,HGS-TV,384679.0,770322.1446874142
4861,HGS-TV,384679.0,770487.9076313972
4862,HGS-TV,384679.0,770593.0737519264
4863,HGS-TV,384679.0,770907.6708402634
4864,HGS-TV,384679.0,770967.9556305408
4865,HGS-TV,384679.0,771178.4315705299
4866,HGS-TV,384679.0,771238.6144969463
4867,HGS-TV,384679.0,771609.9658305645
4868,HGS-TV,384679.0,771670.2366621494
4869,HGS-TV,384679.0,772301.9506509304
4870,HGS-TV,384679.0,772411.7930254936
4871,HGS-TV,384679.0,772575.5806849003
4872,HGS-TV,384679.0,772635.6164581776
4873,HGS-TV,384679.0,772727.6685013771
4874,HGS-TV,384679.0,772787.7873747349
4875,HGS-TV,384679.0,772847.8397905827
4876,HGS-TV,384679.0,772991.4949529171
4877,HGS-TV,384679.0,773073.1526725292
4878,HGS-TV,384679.0,773133.2339603901
4879,HGS-TV,384679.0,773193.4302456379
4880,HGS-TV,384679.0,773253.494530201
4881,HGS-TV,384679.0,773327.7162098885
4882,HGS-TV,384679.0,773388.0614151955
4883,HGS-TV,384679.0,773492.5113110542
4884,HGS-TV,384679.0,773606.8193390369
4885,HGS-TV,384679.0,773781.6934537888
4886,HGS-TV,384679.0,773841.7914693356
4887,HGS-TV,384679.0,773901.848181963
4888,HGS-TV,384679.0,774086.6760241985
4889,HGS-TV,384679.0,774220.7700469494
4890,HGS-TV,384679.0,774505.4096004963
4891,HGS-TV,384679.0,774625.9326341152
4892,HGS-TV,384679.0,774686.296839714
4893,HGS-TV,384679.0,774746.5062613487
4894,HGS-TV,384679.0,774909.6427967548
4895,HGS-TV,384679.0,774969.8069279194
4896,HGS-TV,384679.0,775052.2190258503
4897,HGS-TV,384679.0,775170.1020760536
4898,HGS-TV,384679.0,775230.1994872093
4899,HGS-TV,384679.0,775800.6008808613
4900,HGS-TV,384679.0,775869.5544524193
4901,HGS-TV,384679.0,776198.5464966297
4902,HGS-TV,384679.0,776293.3137013912
4903,HGS-TV,384679.0,776573.5683763027
4904,HGS-TV,384679.0,776633.8714330196
4905,HGS-TV,384679.0,776742.5587022305
4906,HGS-TV,384679.0,776810.7730629444
4907,HGS-TV,384679.0,776913.8521537781
4908,HGS-TV,384679.0,776974.0006639957
4909,HGS-TV,384679.0,777034.1981682777
4910,HGS-TV,384679.0,777135.0672528744
4911,HGS-TV,384679.0,777276.7071690559
4912,HGS-TV,384679.0,777336.9205229282
4913,HGS-TV,384679.0,777562.0296564102
4914,HGS-TV,384679.0,777793.1068794727
4915,HGS-TV,384679.0,777867.531579256
4916,HGS-TV,384679.0,778141.1915500164
4917,HGS-TV,384679.0,778222.766490221
4918,HGS-TV,384679.0,778282.8028197289
4919,HGS-TV,384679.0,778342.927013874
4920,HGS-TV,384679.0,778468.0375099182
4921,HGS-TV,384679.0,778528.1187348366
4922,HGS-TV,384679.0,778588.1365540028
4923,HGS-TV,384679.0,778648.2125329971
4924,HGS-TV,384679.0,778708.4222466946
4925,HGS-TV,384679.0,778791.0042674541
4926,HGS-TV,384679.0,778866.0292732716
4927,HGS-TV,384679.0,778926.0760929585
4928,HGS-TV,384679.0,779000.1267783642
4929,HGS-TV,384679.0,779060.2496087551
4930,HGS-TV,384679.0,779120.3478293419
4931,HGS-TV,384679.0,779180.3756799698
4932,HGS-TV,384679.0,779259.277389288
4933,HGS-TV,384679.0,779319.3109574318
4934,HGS-TV,384679.0,779379.4374079704
4935,HGS-TV,384679.0,779439.4488303661
4936,HGS-TV,384679.0,779499.5122225285
4937,HGS-TV,384679.0,779583.1634836197
4938,HGS-TV,384679.0,779645.2942709923
4939,HGS-TV,384679.0,779705.4088697433
4940,HGS-TV,384679.0,779765.4215052128
4941,HGS-TV,384679.0,779825.4978158474
4942,HGS-TV,384679.0,779885.5277166367
4943,HGS-TV,384679.0,779945.5779743195
4944,HGS-TV,384679.0,780005.6413295269
4945,HGS-TV,384679.0,780116.9996168613
4946,HGS-TV,384679.0,780177.0978255272
4947,HGS-TV,384679.0,780237.3631987572
4948,HGS-TV,384679.0,780340.1133956909
4949,HGS-TV,384679.0,780415.6263389587
4950,HGS-TV,384679.0,780493.3138763905
4951,HGS-TV,384679.0,780602.8568258286
4952,HGS-TV,384679.0,780663.1323037148
4953,HGS-TV,384679.0,780723.214246273
4954,HGS-TV,384679.0,780783.3062884808
4955,HGS-TV,384679.0,780843.393049717
4956,HGS-TV,384679.0,780903.4408407211
4957,HGS-TV,384679.0,780963.5061335564
4958,HGS-TV,384679.0,781023.5341799259
4959,HGS-TV,384679.0,781083.6711850166
4960,HGS-TV,384679.0,781151.6863501072
4961,HGS-TV,384679.0,781211.932258606
4962,HGS-TV,384679.0,781271.9720768929
4963,HGS-TV,384679.0,781332.2074189186
4964,HGS-TV,384679.0,781392.430027008
4965,HGS-TV,384679.0,781452.6009025574
4966,HGS-TV,384679.0,781520.4136545658
4967,HGS-TV,384679.0,781800.2963261604
4968,HGS-TV,384679.0,781860.4495646954
4969,HGS-TV,384679.0,781985.3191144466
4970,HGS-TV,384679.0,782045.4260177612
4971,HGS-TV,384679.0,782139.4331307411
4972,HGS-TV,384679.0,782228.3404369354
4973,HGS-TV,384679.0,782365.6163539886
4974,HGS-TV,384679.0,782475.3537073135
4975,HGS-TV,384679.0,782535.3856892586
4976,HGS-TV,384679.0,782595.3998992443
4977,HGS-TV,384679.0,782655.4010477066
4978,HGS-TV,384679.0,782715.5266559124
4979,HGS-TV,384679.0,782775.7705769539
4980,HGS-TV,384679.0,782910.1065154076
4981,HGS-TV,384679.0,782970.1366736889
4982,HGS-TV,384679.0,783030.3668296337
4983,HGS-TV,384679.0,783181.3890914917
4984,HGS-TV,384679.0,783241.5703749657
4985,HGS-TV,384679.0,783315.4454214573
4986,HGS-TV,384679.0,783402.7560403347
4987,HGS-TV,384679.0,783540.3005430698
4988,HGS-TV,384679.0,783606.6021866798
4989,HGS-TV,384679.0,783666.6512475014
4990,HGS-TV,384679.0,783877.3238997459
4991,HGS-TV,384679.0,784062.8270013332
4992,HGS-TV,384679.0,784166.9550402164
4993,HGS-TV,384679.0,784227.3433146477
4994,HGS-TV,384679.0,784290.2805485725
4995,HGS-TV,384679.0,784409.4115915298
4996,HGS-TV,384679.0,784540.5760109425
4997,HGS-TV,384679.0,784602.2278711796
4998,HGS-TV,384679.0,784752.2657802105
4999,HGS-TV,384679.0,784812.3653271198
5000,HGS-TV,384679.0,784872.5817196369
5001,HGS-TV,384679.0,784953.9501998425
5002,HGS-TV,384679.0,785038.5129716396
5003,HGS-TV,384679.0,785146.735779047
5004,HGS-TV,384679.0,785242.4971821308
5005,HGS-TV,384679.0,785302.6492929459
5006,HGS-TV,384679.0,785362.7715511322
5007,HGS-TV,384679.0,785422.8188607693
5008,HGS-TV,384679.0,785483.0257027149
5009,HGS-TV,384679.0,785543.2122871876
5010,HGS-TV,384679.0,785603.2703433037
5011,HGS-TV,384679.0,785735.7528550625
5012,HGS-TV,384679.0,785808.0927093029
5013,HGS-TV,384679.0,785868.1296198368
5014,HGS-TV,384679.0,786103.5286812782
5015,HGS-TV,384679.0,786183.6291844845
5016,HGS-TV,384679.0,786320.9404006004
5017,HGS-TV,384679.0,786529.3041749
5018,HGS-TV,384679.0,786589.3929064274
5019,HGS-TV,384679.0,786649.5437777042
5020,HGS-TV,384679.0,786750.2572681904
5021,HGS-TV,384679.0,786810.3091351986
5022,HGS-TV,384679.0,786982.4991090298
5023,HGS-TV,384679.0,787042.6142163277
5024,HGS-TV,384679.0,787287.6301813126
5025,HGS-TV,384679.0,787347.6552660465
5026,HGS-TV,384679.0,787788.7263610363
5027,HGS-TV,384679.0,788134.1154386997
5028,HGS-TV,384679.0,788194.3358504772
5029,HGS-TV,384679.0,788355.7889020443
5030,HGS-TV,384679.0,788475.9254021645
5031,HGS-TV,384679.0,788586.6958787441
5032,HGS-TV,384679.0,788646.7150242329
5033,HGS-TV,384679.0,789181.8678007126
5034,HGS-TV,384679.0,789313.2996635437
5035,HGS-TV,384679.0,790398.8622000217
5036,HGS-TV,384679.0,790458.8999910355
5037,HGS-TV,384679.0,790584.4227101803
5038,HGS-TV,384679.0,791146.4994883537
5039,HGS-TV,384679.0,791494.5694074631
5040,HGS-TV,384679.0,791554.7467565536
5041,HGS-TV,384679.0,791614.7714459896
5042,HGS-TV,384679.0,791674.857827425
5043,HGS-TV,384679.0,791734.8708736897
5044,HGS-TV,384679.0,792074.5437598228
5045,HGS-TV,384679.0,792690.4055976868
5046,HGS-TV,384679.0,792826.9069247246
5047,HGS-TV,384679.0,792899.4016385078
5048,HGS-TV,384679.0,792959.6395807266
5049,HGS-TV,384679.0,793019.8396520615
5050,HGS-TV,384679.0,793079.8990175724
5051,HGS-TV,384679.0,793332.0573692322
5052,HGS-TV,384679.0,793509.8507432938
5053,HGS-TV,384679.0,794268.4873609543
5054,HGS-TV,384679.0,794328.7378857136
5055,HGS-TV,384679.0,794430.3986489773
5056,HGS-TV,384679.0,794490.4371473789
5057,HGS-TV,384679.0,794550.471763134
5058,HGS-TV,384679.0,794950.3579652309
5059,HGS-TV,384679.0,795022.2971737385
5060,HGS-TV,384679.0,795216.7403595448
5061,HGS-TV,384679.0,795355.6897406578
5062,HGS-TV,384679.0,795438.4047117233
5063,HGS-TV,384679.0,796143.2070827484
5064,HGS-TV,384679.0,796212.404102087
5065,HGS-TV,384679.0,796893.1457307339
5066,HGS-TV,384679.0,797036.0042190552
5067,HGS-TV,384679.0,797146.2728199959
5068,HGS-TV,384679.0,797206.2975618839
5069,HGS-TV,384679.0,797283.4089860916
5070,HGS-TV,384679.0,799138.2367315292
5071,HGS-TV,384679.0,799204.0366244316
5072,HGS-TV,384679.0,799608.1187744141
5073,HGS-TV,384679.0,800436.500223875
5074,HGS-TV,384679.0,800581.2072603703
5075,HGS-TV,384679.0,800646.0987460613
5076,HGS-TV,384679.0,800706.3205401897
5077,HGS-TV,384679.0,800846.8112986088
5078,HGS-TV,384679.0,800906.8527195454
5079,HGS-TV,384679.0,800967.1706938744
5080,HGS-TV,384679.0,801027.290823698
5081,HGS-TV,384679.0,801171.660658598
5082,ails2_etaMax1.000_stoppingTime864000.00,384798.0,801236.3668991699
5083,ails2_etaMax1.000_stoppingTime864000.00,384797.0,801236.5348991699
5084,HGS-TV,384679.0,801597.2167711258
5085,HGS-TV,384679.0,801657.3620715141
5086,HGS-TV,384679.0,801717.560176611
5087,HGS-TV,384679.0,801826.3925709724
5088,HGS-TV,384679.0,802219.3178830147
5089,HGS-TV,384679.0,802461.7584619522
5090,HGS-TV,384679.0,802522.037977457
5091,HGS-TV,384679.0,802628.0386507511
5092,HGS-TV,384679.0,802837.857360363
5093,HGS-TV,384679.0,803124.3110921383
5094,HGS-TV,384679.0,803184.459029913
5095,HGS-TV,384679.0,803475.3005578518
5096,HGS-TV,384679.0,803807.3139119148
5097,HGS-TV,384679.0,804002.2835817337
5098,HGS-TV,384679.0,804939.8567221165
5099,HGS-TV,384679.0,805059.6884043217
5100,HGS-TV,384679.0,805167.7063295841
5101,HGS-TV,384679.0,805327.6101365089
5102,HGS-TV,384679.0,805387.758908987
5103,HGS-TV,384679.0,805447.9224843979
5104,HGS-TV,384679.0,805541.014393568
5105,HGS-TV,384679.0,805642.5549433231
5106,HGS-TV,384679.0,805746.8520793915
5107,HGS-TV,384679.0,805807.004447937
5108,HGS-TV,384679.0,805895.7870512009
5109,HGS-TV,384679.0,805955.8196742535
5110,HGS-TV,384679.0,806656.2973313332
5111,HGS-TV,384679.0,806716.3901879787
5112,HGS-TV,384679.0,807551.301674366
5113,HGS-TV,384679.0,807870.1017093658
5114,HGS-TV,384679.0,807955.7011342049
5115,HGS-TV,384679.0,808015.7048301697
5116,HGS-TV,384679.0,808614.1348114014
5117,HGS-TV,384679.0,808975.1835000515
5118,HGS-TV,384679.0,809117.696865797
5119,HGS-TV,384679.0,809634.7448656559
5120,ails2_etaMax1.000_stoppingTime1728000.00,385648.0,809670.5408991699
5121,HGS-TV,384679.0,810422.4095160961
5122,ails2_etaMax1.000_stoppingTime864000.00,384796.0,810538.1278991699
5123,ails2_etaMax1.000_stoppingTime1728000.00,385628.0,810772.5688991699
5124,HGS-TV,384679.0,810818.5073912144
5125,ails2_etaMax1.000_stoppingTime1728000.00,385610.0,810775.1498991699
5126,HGS-TV,384679.0,810878.7466480732
5127,HGS-TV,384679.0,810989.7671554089
5128,HGS-TV,384679.0,811197.385135889
5129,HGS-TV,384679.0,811568.2304298878
5130,HGS-TV,384679.0,811756.5112192631
5131,HGS-TV,384679.0,812395.1361358166
5132,ails2_etaMax1.000_stoppingTime1728000.00,385605.0,812452.3378991699
5133,ails2_etaMax1.000_stoppingTime1728000.00,385545.0,812452.93789917
5134,HGS-TV,384679.0,812611.5026082993
5135,HGS-TV,384679.0,812851.3456413746
5136,HGS-TV,384679.0,812922.5253996849
5137,HGS-TV,384679.0,813136.8473877907
5138,HGS-TV,384679.0,813556.4464247227
5139,HGS-TV,384679.0,814055.8316149712
5140,HGS-TV,384679.0,814128.1812717915
5141,HGS-TV,384679.0,815330.5344121456
5142,HGS-TV,384679.0,817607.6349477768
5143,HGS-TV,384679.0,817710.246250391
5144,HGS-TV,384679.0,817770.2692215443
5145,HGS-TV,384679.0,819428.6877508163
5146,HGS-TV,384679.0,820136.843919754
5147,HGS-TV,384679.0,820764.3043472767
5148,HGS-TV,384679.0,821222.8881902695
5149,HGS-TV,384679.0,821373.7885024548
5150,HGS-TV,384679.0,821433.907948494
5151,HGS-TV,384679.0,821494.0910732746
5152,HGS-TV,384679.0,824344.6396677494
5153,HGS-TV,384679.0,824404.6614508629
5154,HGS-TV,384679.0,824625.963124752
5155,HGS-TV,384679.0,824702.8413426876
5156,HGS-TV,384679.0,824763.0645301342
5157,HGS-TV,384679.0,825364.5387580395
5158,HGS-TV,384679.0,825507.3650615215
5159,HGS-TV,384679.0,825780.6207633018
5160,HGS-TV,384679.0,826352.0664696693
5161,HGS-TV,384679.0,826430.0721654892
5162,HGS-TV,384679.0,827577.2530481815
5163,HGS-TV,384679.0,827704.2539896965
5164,HGS-TV,384679.0,827962.4656500816
5165,HGS-TV,384679.0,828962.451259613
5166,HGS-TV,384679.0,829022.596763134
5167,HGS-TV,384679.0,829086.6604270935
5168,HGS-TV,384679.0,829146.7055101395
5169,HGS-TV,384679.0,829206.7583203316
5170,HGS-TV,384679.0,829510.5123229027
5171,HGS-TV,384679.0,829570.7609715462
5172,ails2_etaMax1.000_stoppingTime1728000.00,385531.0,829600.0338991699
5173,ails2_etaMax1.000_stoppingTime1728000.00,385524.0,829600.60189917
5174,HGS-TV,384679.0,832350.6442084312
5175,HGS-TV,384679.0,832580.3967721462
5176,HGS-TV,384679.0,835824.1415538788
5177,HGS-TV,384679.0,836047.061548233
5178,HGS-TV,384679.0,836135.6485621929
5179,HGS-TV,384679.0,836994.3937954903
5180,HGS-TV,384679.0,837436.5361754894
5181,HGS-TV,384679.0,837941.7463600636
5182,HGS-TV,384679.0,838611.9317760468
5183,HGS-TV,384679.0,838702.0948262215
5184,HGS-TV,384679.0,840699.5405068398
5185,HGS-TV,384679.0,842502.7331771851
5186,HGS-TV,384679.0,846214.8618462086
5187,HGS-TV,384679.0,846932.0299940109
5188,HGS-TV,384679.0,847291.0417015553
5189,HGS-TV,384679.0,847351.1330440044
5190,ails2_etaMax1.000_stoppingTime1728000.00,385497.0,847644.0618991699
5191,HGS-TV,384679.0,849469.19150424
5192,HGS-TV,384679.0,849621.042566061
5193,HGS-TV,384679.0,849802.0648829937
5194,HGS-TV,384679.0,851465.041344881
5195,ails2_etaMax1.000_stoppingTime1728000.00,385486.0,852259.4528991699
5196,ails2_etaMax1.000_stoppingTime1728000.00,385483.0,854898.8578991699
5197,ails2_etaMax1.000_stoppingTime1728000.00,385471.0,854899.4828991699
5198,HGS-TV,384679.0,855010.1233882904
5199,HGS-TV,384679.0,855070.1374425888
5200,HGS-TV,384679.0,855130.3801362514
5201,HGS-TV,384679.0,855190.5512199402
5202,HGS-TV,384679.0,855250.5790376663
5203,HGS-TV,384679.0,855326.3730478287
5204,HGS-TV,384679.0,855386.513626337
5205,HGS-TV,384679.0,855446.7073040009
5206,HGS-TV,384679.0,855506.7178065777
5207,HGS-TV,384679.0,855566.8363862038
5208,HGS-TV,384679.0,855627.0001487732
5209,HGS-TV,384679.0,855729.5719823837
5210,HGS-TV,384679.0,855789.7656319141
5211,HGS-TV,384679.0,856349.1455433369
5212,HGS-TV,384679.0,856886.7614889145
5213,HGS-TV,384679.0,856946.8036870956
5214,HGS-TV,384679.0,857166.5166668892
5215,HGS-TV,384679.0,857226.9610655308
5216,HGS-TV,384679.0,857352.7393321991
5217,HGS-TV,384679.0,857684.1148798466
5218,HGS-TV,384679.0,857744.2893965244
5219,HGS-TV,384679.0,857975.203286171
5220,HGS-TV,384679.0,859065.6510467529
5221,HGS-TV,384679.0,859126.0995333195
5222,ails2_etaMax1.000_stoppingTime1728000.00,385465.0,859134.54789917
5223,ails2_etaMax1.000_stoppingTime1728000.00,385446.0,859135.1688991699
5224,HGS-TV,384679.0,859287.8135590553
5225,ails2_etaMax1.000_stoppingTime1728000.00,385442.0,859288.1888991699
5226,ails2_etaMax1.000_stoppingTime1728000.00,385414.0,859288.23889917
5227,HGS-TV,384679.0,859488.9627583027
5228,HGS-TV,384679.0,860097.8427755833
5229,HGS-TV,384679.0,860300.9476175308
5230,HGS-TV,384679.0,860360.9573309422
5231,HGS-TV,384679.0,860421.4228875637
5232,HGS-TV,384679.0,860694.3619368076
5233,HGS-TV,384679.0,860895.0699954033
5234,HGS-TV,384679.0,861328.1678919792
5235,HGS-TV,384679.0,861959.0948729515
5236,HGS-TV,384679.0,862626.5647668839
5237,HGS-TV,384679.0,863174.62631464
5238,HGS-TV,384679.0,863306.6679086685
5239,HGS-TV,384679.0,863561.8400940895
5240,HGS-TV,384679.0,864029.8158152103
5241,HGS-TV,384679.0,864139.723003149
5242,HGS-TV,384679.0,864199.9276697636
5243,HGS-TV,384679.0,864452.7572309971
5244,HGS-TV,384679.0,865087.1369800568
5245,HGS-TV,384679.0,865506.5283849239
5246,HGS-TV,384679.0,866267.858114481
5247,HGS-TV,384679.0,866420.2954683304
5248,HGS-TV,384679.0,866480.3633036613
5249,HGS-TV,384679.0,868538.5605752468
5250,ails2_etaMax1.000_stoppingTime1728000.00,385405.0,868558.1168991699
5251,HGS-TV,384679.0,868598.6150305271
5252,ails2_etaMax1.000_stoppingTime1728000.00,385404.0,868558.8328991699
5253,HGS-TV,384679.0,869040.1862146854
5254,HGS-TV,384679.0,869100.4463880062
5255,HGS-TV,384679.0,869527.3353030682
5256,HGS-TV,384679.0,870730.8387537003
5257,HGS-TV,384679.0,870805.2431302071
5258,HGS-TV,384679.0,870934.6601755619
5259,HGS-TV,384679.0,871328.6887981892
5260,HGS-TV,384679.0,871524.2326745987
5261,HGS-TV,384679.0,871777.4715971947
5262,HGS-TV,384679.0,871972.9116442204
5263,HGS-TV,384679.0,872143.0680787563
5264,HGS-TV,384679.0,872384.315611124
5265,HGS-TV,384679.0,872790.0585768223
5266,HGS-TV,384679.0,872900.0510766506
5267,HGS-TV,384679.0,873079.4856081009
5268,HGS-TV,384679.0,873185.7236769199
5269,HGS-TV,384679.0,873245.9957437515
5270,HGS-TV,384679.0,873306.1186945438
5271,HGS-TV,384679.0,873417.9235963821
5272,HGS-TV,384679.0,873498.1195089817
5273,HGS-TV,384679.0,873558.2956547737
5274,HGS-TV,384679.0,873618.5205261707
5275,HGS-TV,384679.0,873678.691015482
5276,HGS-TV,384679.0,873907.2965476513
5277,HGS-TV,384679.0,874087.3115813732
5278,HGS-TV,384679.0,874147.4879367352
5279,HGS-TV,384679.0,874417.2844138145
5280,HGS-TV,384679.0,874590.1088445187
5281,HGS-TV,384679.0,874650.4204704762
5282,HGS-TV,384679.0,875111.895396471
5283,HGS-TV,384679.0,875205.1478869915
5284,HGS-TV,384679.0,875265.2438271046
5285,ails2_etaMax1.000_stoppingTime1728000.00,385396.0,875639.65789917
5286,HGS-TV,384679.0,875690.720605135
5287,ails2_etaMax1.000_stoppingTime1728000.00,385379.0,875639.9578991699
5288,HGS-TV,384679.0,875751.1101641655
5289,HGS-TV,384679.0,875851.8090217113
5290,HGS-TV,384679.0,875952.5820655823
5291,HGS-TV,384679.0,876013.7788290977
5292,HGS-TV,384679.0,876074.0441231728
5293,HGS-TV,384679.0,876134.2921662331
5294,HGS-TV,384679.0,876304.1880879402
5295,HGS-TV,384679.0,876425.7236607075
5296,HGS-TV,384679.0,876485.7527935505
5297,HGS-TV,384679.0,876562.664128542
5298,HGS-TV,384679.0,876623.0215702057
5299,HGS-TV,384679.0,876715.093388319
5300,HGS-TV,384679.0,876857.9768705368
5301,HGS-TV,384679.0,876918.2003114223
5302,HGS-TV,384679.0,876978.4779043198
5303,HGS-TV,384679.0,877038.6243267059
5304,HGS-TV,384679.0,877167.4882993698
5305,HGS-TV,384679.0,877271.6464571953
5306,HGS-TV,384679.0,877331.6921315193
5307,HGS-TV,384679.0,877499.9588611126
5308,HGS-TV,384679.0,877560.019818306
5309,HGS-TV,384679.0,877651.9327235222
5310,HGS-TV,384679.0,877711.9932374954
5311,HGS-TV,384679.0,877784.0096583366
5312,HGS-TV,384679.0,877854.5550050735
5313,HGS-TV,384679.0,877914.788962841
5314,HGS-TV,384679.0,877975.0660054684
5315,HGS-TV,384679.0,878035.1729669571
5316,HGS-TV,384679.0,878156.715420723
5317,HGS-TV,384679.0,878216.7357876301
5318,HGS-TV,384679.0,878287.7658612728
5319,HGS-TV,384679.0,878347.979801178
5320,HGS-TV,384679.0,878408.0132100582
5321,HGS-TV,384679.0,878468.312492609
5322,HGS-TV,384679.0,878579.3126821518
5323,HGS-TV,384679.0,878639.3557999134
5324,HGS-TV,384679.0,878699.5043637753
5325,HGS-TV,384679.0,878759.7365961075
5326,HGS-TV,384679.0,878819.8399398327
5327,HGS-TV,384679.0,878880.0402977467
5328,HGS-TV,384679.0,878967.0693655014
5329,HGS-TV,384679.0,879027.0721788406
5330,HGS-TV,384679.0,879087.2358767986
5331,HGS-TV,384679.0,879147.3632590771
5332,HGS-TV,384679.0,879207.3694684505
5333,HGS-TV,384679.0,879267.5027470589
5334,HGS-TV,384679.0,879359.282284975
5335,HGS-TV,384679.0,879419.3797461987
5336,HGS-TV,384679.0,879523.45479846
5337,HGS-TV,384679.0,879583.6917624474
5338,HGS-TV,384679.0,879806.8756346703
5339,HGS-TV,384679.0,879866.9244482517
5340,HGS-TV,384679.0,879927.1281752586
5341,HGS-TV,384679.0,879987.2158801556
5342,HGS-TV,384679.0,880104.8263008595
5343,HGS-TV,384679.0,880197.9538733959
5344,HGS-TV,384679.0,880258.0424022675
5345,HGS-TV,384679.0,880348.9286453724
5346,HGS-TV,384679.0,880408.9407157898
5347,HGS-TV,384679.0,880469.030921936
5348,HGS-TV,384679.0,880529.0825474262
5349,HGS-TV,384679.0,880589.1357195377
5350,HGS-TV,384679.0,880726.6322591305
5351,HGS-TV,384679.0,880786.7257373333
5352,HGS-TV,384679.0,880846.7865600586
5353,HGS-TV,384679.0,880907.0563731194
5354,HGS-TV,384679.0,880967.1152188778
5355,HGS-TV,384679.0,881027.1695764065
5356,HGS-TV,384679.0,881091.644272089
5357,HGS-TV,384679.0,881151.7108314037
5358,HGS-TV,384679.0,881211.7954378128
5359,HGS-TV,384679.0,881287.7099101543
5360,HGS-TV,384679.0,881347.7504315376
5361,HGS-TV,384679.0,881435.7183432579
5362,HGS-TV,384679.0,881497.2048580647
5363,HGS-TV,384679.0,881557.2323846817
5364,HGS-TV,384679.0,881617.2812850475
5365,HGS-TV,384679.0,881677.3592469692
5366,HGS-TV,384679.0,881737.6915130615
5367,HGS-TV,384679.0,881797.8050642014
5368,HGS-TV,384679.0,881857.8915154934
5369,HGS-TV,384679.0,881917.9078428745
5370,HGS-TV,384679.0,881990.0629992485
5371,HGS-TV,384679.0,882050.1116602421
5372,HGS-TV,384679.0,882180.995320797
5373,HGS-TV,384679.0,882241.052508831
5374,HGS-TV,384679.0,882339.9971711636
5375,HGS-TV,384679.0,882404.3230929375
5376,HGS-TV,384679.0,882464.5061590672
5377,HGS-TV,384679.0,882570.657548666
5378,HGS-TV,384679.0,882632.4181821346
5379,HGS-TV,384679.0,882692.4523513317
5380,HGS-TV,384679.0,882784.7936251163
5381,HGS-TV,384679.0,882923.1896014214
5382,HGS-TV,384679.0,882983.3084170818
5383,HGS-TV,384679.0,883043.4148132801
5384,HGS-TV,384679.0,883103.5726187229
5385,HGS-TV,384679.0,883163.6051723957
5386,HGS-TV,384679.0,883245.1470563412
5387,HGS-TV,384679.0,883305.3356359005
5388,HGS-TV,384679.0,883365.4771568775
5389,HGS-TV,384679.0,883425.7596502304
5390,HGS-TV,384679.0,883485.9418025017
5391,HGS-TV,384679.0,883724.8429715633
5392,HGS-TV,384679.0,883798.0516200066
5393,HGS-TV,384679.0,883883.6988658905
5394,HGS-TV,384679.0,883950.3973009586
5395,HGS-TV,384679.0,884010.5160067081
5396,HGS-TV,384679.0,884070.5708532333
5397,HGS-TV,384679.0,884284.1241037846
5398,HGS-TV,384679.0,884344.1682302952
5399,HGS-TV,384679.0,884404.3067142963
5400,HGS-TV,384679.0,884464.4657297134
5401,HGS-TV,384679.0,884524.7586977482
5402,ails2_etaMax1.000_stoppingTime1728000.00,385378.0,884534.5938991699
5403,HGS-TV,384679.0,884584.8206038475
5404,ails2_etaMax1.000_stoppingTime1728000.00,385348.0,884534.7468991699
5405,HGS-TV,384679.0,884667.7927899361
5406,HGS-TV,384679.0,884727.9509012699
5407,HGS-TV,384679.0,884788.0879797935
5408,HGS-TV,384679.0,884848.1559460163
5409,HGS-TV,384679.0,884908.1904835701
5410,HGS-TV,384679.0,884983.001251936
5411,HGS-TV,384679.0,885043.2807106972
5412,HGS-TV,384679.0,885103.3640255928
5413,HGS-TV,384679.0,885163.3930630684
5414,HGS-TV,384679.0,885223.4159595966
5415,HGS-TV,384679.0,885283.4799966812
5416,HGS-TV,384679.0,885415.6699826717
5417,HGS-TV,384679.0,885483.6935577393
5418,HGS-TV,384679.0,885564.5114305019
5419,HGS-TV,384679.0,885624.511733532
5420,HGS-TV,384679.0,885684.5285365582
5421,HGS-TV,384679.0,885880.9603083134
5422,HGS-TV,384679.0,885946.7872416973
5423,HGS-TV,384679.0,886006.9225833416
5424,HGS-TV,384679.0,886067.0493619442
5425,HGS-TV,384679.0,886127.2224032879
5426,HGS-TV,384679.0,886187.2304608822
5427,HGS-TV,384679.0,886247.4038417339
5428,HGS-TV,384679.0,886307.750780344
5429,HGS-TV,384679.0,886420.8874547482
5430,HGS-TV,384679.0,886508.6201803684
5431,HGS-TV,384679.0,886568.6446437836
5432,HGS-TV,384679.0,886628.6774060726
5433,HGS-TV,384679.0,886738.5905506611
5434,HGS-TV,384679.0,886798.8420088291
5435,HGS-TV,384679.0,886859.0961418152
5436,HGS-TV,384679.0,886919.2263348103
5437,HGS-TV,384679.0,886979.3465161324
5438,HGS-TV,384679.0,887039.4608941078
5439,HGS-TV,384679.0,887099.5120265484
5440,HGS-TV,384679.0,887159.6261563301
5441,HGS-TV,384679.0,887230.1986927986
5442,HGS-TV,384679.0,887386.994414568
5443,HGS-TV,384679.0,887488.3166453838
5444,HGS-TV,384679.0,887548.4677972794
5445,HGS-TV,384679.0,887788.4160232544
5446,HGS-TV,384679.0,887848.5786242485
5447,HGS-TV,384679.0,887953.7143080235
5448,HGS-TV,384679.0,888013.8390834332
5449,HGS-TV,384679.0,888073.9508595467
5450,HGS-TV,384679.0,888133.9762282372
5451,HGS-TV,384679.0,888245.3595840931
5452,HGS-TV,384679.0,888305.398465395
5453,HGS-TV,384679.0,888365.4458646774
5454,HGS-TV,384679.0,888425.5473880768
5455,HGS-TV,384679.0,888485.6470973492
5456,HGS-TV,384679.0,888545.8269422054
5457,HGS-TV,384679.0,888605.9689776897
5458,HGS-TV,384679.0,888812.353935957
5459,HGS-TV,384679.0,888880.3853535652
5460,HGS-TV,384679.0,889027.0684432983
5461,HGS-TV,384679.0,889323.8535292149
5462,HGS-TV,384679.0,889525.1218655109
5463,HGS-TV,384679.0,889623.0275113583
5464,HGS-TV,384679.0,889879.7214691639
5465,HGS-TV,384679.0,889946.2803754807
5466,HGS-TV,384679.0,890024.2611093521
5467,HGS-TV,384679.0,890184.7784357071
5468,HGS-TV,384679.0,890258.2775673866
5469,HGS-TV,384679.0,891005.1368610859
5470,HGS-TV,384679.0,891356.9295282364
5471,HGS-TV,384679.0,892106.2192163467
5472,HGS-TV,384679.0,892373.9170708656
5473,HGS-TV,384679.0,892559.200368166
5474,HGS-TV,384679.0,892622.1311020851
5475,HGS-TV,384679.0,892685.2480380535
5476,HGS-TV,384679.0,892745.3612966537
5477,HGS-TV,384679.0,893373.0166113377
5478,HGS-TV,384679.0,893596.3315808773
5479,HGS-TV,384679.0,893677.9233765602
5480,HGS-TV,384679.0,893827.0285737514
5481,HGS-TV,384679.0,893887.0643336773
5482,HGS-TV,384679.0,893947.1785109043
5483,HGS-TV,384679.0,894007.2386038303
5484,HGS-TV,384679.0,894122.3240025043
5485,HGS-TV,384679.0,894238.4865136147
5486,HGS-TV,384679.0,894515.7348606586
5487,HGS-TV,384679.0,895007.866748333
5488,HGS-TV,384679.0,895067.9103198051
5489,HGS-TV,384679.0,895127.9913682938
5490,HGS-TV,384679.0,895269.4222049713
5491,HGS-TV,384679.0,895386.755824089
5492,HGS-TV,384679.0,895485.5551359653
5493,HGS-TV,384679.0,895759.327321291
5494,HGS-TV,384679.0,895819.5060415268
5495,HGS-TV,384679.0,896261.4869999886
5496,HGS-TV,384679.0,896424.608443737
5497,HGS-TV,384679.0,896484.6524574757
5498,HGS-TV,384679.0,896544.6723527908
5499,HGS-TV,384679.0,896604.7022602558
5500,HGS-TV,384679.0,896664.7756316662
5501,HGS-TV,384679.0,896746.9433202744
5502,HGS-TV,384679.0,897035.6621608734
5503,HGS-TV,384679.0,897095.7000319958
5504,HGS-TV,384679.0,897193.490260601
5505,HGS-TV,384679.0,899505.762046814
5506,HGS-TV,384679.0,899659.8814370632
5507,HGS-TV,384679.0,900051.5204060078
5508,HGS-TV,384679.0,901564.4864401817
5509,HGS-TV,384679.0,901624.5934813023
5510,HGS-TV,384679.0,902332.9954473972
5511,HGS-TV,384679.0,902810.3567690849
5512,HGS-TV,384679.0,903379.4496536255
5513,HGS-TV,384679.0,905022.5803940296
5514,HGS-TV,384679.0,905082.7384374142
5515,HGS-TV,384679.0,905259.050750494
5516,HGS-TV,384679.0,905319.0785577297
5517,HGS-TV,384679.0,905686.964799881
5518,HGS-TV,384679.0,906271.0505082607
5519,HGS-TV,384679.0,906331.0756390095
5520,HGS-TV,384679.0,906391.2810764313
5521,HGS-TV,384679.0,908040.9886455536
5522,HGS-TV,384679.0,908101.0661273003
5523,HGS-TV,384679.0,908161.1465799809
5524,HGS-TV,384679.0,908356.9420905113
5525,HGS-TV,384679.0,912053.144547224
5526,HGS-TV,384679.0,912113.2987296581
5527,HGS-TV,384679.0,912173.5003788471
5528,HGS-TV,384679.0,912233.5060310364
5529,HGS-TV,384679.0,912301.2388317585
5530,HGS-TV,384679.0,912361.2620959282
5531,HGS-TV,384679.0,912421.4871485233
5532,HGS-TV,384679.0,912512.292065382
5533,HGS-TV,384679.0,912588.2533614635
5534,HGS-TV,384679.0,912648.3714470863
5535,HGS-TV,384679.0,912708.7001309395
5536,HGS-TV,384679.0,912841.7327692509
5537,HGS-TV,384679.0,912901.830783844
5538,HGS-TV,384679.0,912961.9483406544
5539,HGS-TV,384679.0,913325.5471317768
5540,HGS-TV,384679.0,913418.4582459927
5541,HGS-TV,384679.0,913478.7214813232
5542,HGS-TV,384679.0,913975.960862875
5543,HGS-TV,384679.0,914107.1132981777
5544,HGS-TV,384679.0,914203.3760364056
5545,HGS-TV,384679.0,914360.0304265022
5546,HGS-TV,384679.0,914615.2185826302
5547,HGS-TV,384679.0,914840.7964792252
5548,ails2_etaMax1.000_stoppingTime1728000.00,385339.0,914942.5838991699
5549,HGS-TV,384679.0,916595.2645545006
5550,HGS-TV,384679.0,916893.9329805374
5551,HGS-TV,384679.0,917099.7189154625
5552,HGS-TV,384679.0,917161.571397543
5553,HGS-TV,384679.0,917246.5581126213
5554,HGS-TV,384679.0,917353.6028394699
5555,HGS-TV,384679.0,917460.1538398266
5556,HGS-TV,384679.0,918174.5067076683
5557,HGS-TV,384679.0,918392.9970548153
5558,HGS-TV,384679.0,919164.1157157421
5559,HGS-TV,384679.0,919250.9298400879
5560,HGS-TV,384679.0,919325.0185716152
5561,ails2_etaMax1.000_stoppingTime1728000.00,385331.0,919489.7038991699
5562,HGS-TV,384679.0,919546.1370120049
5563,ails2_etaMax1.000_stoppingTime1728000.00,385296.0,919493.8708991699
5564,HGS-TV,384679.0,919606.3567976952
5565,HGS-TV,384679.0,919674.3529262543
5566,HGS-TV,384679.0,919777.3732111454
5567,HGS-TV,384679.0,919837.4647815228
5568,HGS-TV,384679.0,920065.1525738239
5569,HGS-TV,384679.0,920125.3125424385
5570,HGS-TV,384679.0,920185.5341777802
5571,HGS-TV,384679.0,920442.5610868931
5572,HGS-TV,384679.0,920502.8696260452
5573,HGS-TV,384679.0,920562.9622197151
5574,HGS-TV,384679.0,920670.7893633842
5575,HGS-TV,384679.0,920730.7995743752
5576,HGS-TV,384679.0,921200.9977817535
5577,HGS-TV,384679.0,921262.9243502617
5578,HGS-TV,384679.0,921431.7374196053
5579,HGS-TV,384679.0,921498.9214537144
5580,HGS-TV,384679.0,921743.6125531197
5581,HGS-TV,384679.0,921803.9996817112
5582,HGS-TV,384679.0,921889.3418192863
5583,HGS-TV,384679.0,921949.4633026123
5584,HGS-TV,384679.0,922215.0368804932
5585,HGS-TV,384679.0,922363.8438999653
5586,HGS-TV,384679.0,922444.5979785919
5587,HGS-TV,384679.0,922775.1434948444
5588,HGS-TV,384679.0,923044.345957756
5589,HGS-TV,384679.0,923239.2158863544
5590,HGS-TV,384679.0,923673.1250321865
5591,HGS-TV,384679.0,923753.9383659363
5592,HGS-TV,384679.0,923814.0810363293
5593,HGS-TV,384679.0,923874.2730305195
5594,HGS-TV,384679.0,923934.5758013725
5595,HGS-TV,384679.0,923994.6690444946
5596,HGS-TV,384679.0,924054.8106148243
5597,HGS-TV,384679.0,924115.160189867
5598,HGS-TV,384679.0,924175.1923282146
5599,HGS-TV,384679.0,924235.3621022701
5600,HGS-TV,384679.0,924316.1012244225
5601,HGS-TV,384679.0,924376.1886911392
5602,HGS-TV,384679.0,924684.9129459858
5603,HGS-TV,384679.0,924744.9634349346
5604,HGS-TV,384679.0,924919.5924670696
5605,HGS-TV,384679.0,925042.1039681435
5606,HGS-TV,384679.0,925102.2399389744
5607,HGS-TV,384679.0,925165.0949571133
5608,HGS-TV,384679.0,925375.9168262482
5609,HGS-TV,384679.0,925544.0930047035
5610,HGS-TV,384679.0,925604.2566986084
5611,HGS-TV,384679.0,925664.386790514
5612,HGS-TV,384679.0,926014.5602288246
5613,HGS-TV,384679.0,926131.8419737816
5614,HGS-TV,384679.0,926366.3875751495
5615,HGS-TV,384679.0,926712.5406780243
5616,HGS-TV,384679.0,927228.683068037
5617,HGS-TV,384679.0,927410.314674139
5618,HGS-TV,384679.0,927470.4777226448
5619,HGS-TV,384679.0,927794.1238338947
5620,HGS-TV,384679.0,927854.1559026241
5621,HGS-TV,384679.0,928002.0495622158
5622,HGS-TV,384679.0,928625.0986130238
5623,HGS-TV,384679.0,928685.3546175957
5624,HGS-TV,384679.0,929150.8488955498
5625,HGS-TV,384679.0,929210.9791786671
5626,HGS-TV,384679.0,929328.9079165459
5627,HGS-TV,384679.0,929388.958739996
5628,HGS-TV,384679.0,929468.0936706066
5629,HGS-TV,384679.0,929528.1281821728
5630,HGS-TV,384679.0,929588.1383714676
5631,HGS-TV,384679.0,929648.30828619
5632,HGS-TV,384679.0,929708.4211277962
5633,HGS-TV,384679.0,929768.4601521492
5634,HGS-TV,384679.0,929828.5607500076
5635,HGS-TV,384679.0,929890.467515707
5636,HGS-TV,384679.0,930104.0210535526
5637,HGS-TV,384679.0,930349.8337976933
5638,HGS-TV,384679.0,930876.6094529629
5639,HGS-TV,384679.0,931029.1665234566
5640,HGS-TV,384679.0,931179.4790346622
5641,HGS-TV,384679.0,931239.4855940342
5642,HGS-TV,384679.0,931359.06843853
5643,HGS-TV,384679.0,931419.2563145161
5644,HGS-TV,384679.0,931595.5862088203
5645,HGS-TV,384679.0,931867.0336639881
5646,HGS-TV,384679.0,932074.1806561947
5647,HGS-TV,384679.0,932134.2717411518
5648,HGS-TV,384679.0,932337.460644722
5649,HGS-TV,384679.0,932924.8165035248
5650,HGS-TV,384679.0,933125.1614561081
5651,HGS-TV,384679.0,933185.3194279671
5652,HGS-TV,384679.0,933321.4531202316
5653,HGS-TV,384679.0,933593.4447753429
5654,HGS-TV,384679.0,933679.7652490139
5655,HGS-TV,384679.0,933740.0445840359
5656,HGS-TV,384679.0,933983.5726108551
5657,HGS-TV,384679.0,934387.4589800835
5658,HGS-TV,384679.0,934447.7290668488
5659,HGS-TV,384679.0,934507.7523725033
5660,HGS-TV,384679.0,934601.8299040794
5661,HGS-TV,384679.0,934730.0181856155
5662,HGS-TV,384679.0,934790.104301691
5663,HGS-TV,384679.0,935341.82269907
5664,HGS-TV,384679.0,935546.5587267876
5665,HGS-TV,384679.0,935741.026214838
5666,HGS-TV,384679.0,935949.8467960358
5667,HGS-TV,384679.0,936010.136329174
5668,HGS-TV,384679.0,936304.8446528912
5669,HGS-TV,384679.0,936405.5954182148
5670,HGS-TV,384679.0,936481.4182372093
5671,HGS-TV,384679.0,937028.0941846371
5672,HGS-TV,384679.0,937088.2617101669
5673,HGS-TV,384679.0,937148.5217039585
5674,HGS-TV,384679.0,937326.1786646843
5675,HGS-TV,384679.0,937640.6637411118
5676,HGS-TV,384679.0,937700.8273975849
5677,HGS-TV,384679.0,937760.9944944382
5678,HGS-TV,384679.0,937926.3792011738
5679,ails2_etaMax1.000_stoppingTime1728000.00,385287.0,937958.10689917
5680,ails2_etaMax1.000_stoppingTime1728000.00,385286.0,937958.2028991699
5681,HGS-TV,384679.0,938174.3578879833
5682,HGS-TV,384679.0,938602.8404505253
5683,HGS-TV,384679.0,938789.8894028664
5684,HGS-TV,384679.0,938967.1900830269
5685,HGS-TV,384679.0,939070.4354319572
5686,HGS-TV,384679.0,939280.3952293396
5687,HGS-TV,384679.0,939905.8571050167
5688,HGS-TV,384679.0,940222.5436031818
5689,HGS-TV,384679.0,940564.9964277744
5690,HGS-TV,384679.0,940932.74101758
5691,HGS-TV,384679.0,941426.2685644627
5692,HGS-TV,384679.0,941582.7528493404
5693,HGS-TV,384679.0,941794.9670982361
5694,HGS-TV,384679.0,941958.2722992897
5695,HGS-TV,384679.0,942230.0879263878
5696,HGS-TV,384679.0,942290.4264090061
5697,HGS-TV,384679.0,942374.2499732971
5698,HGS-TV,384679.0,942625.0509576797
5699,HGS-TV,384679.0,942795.5647778511
5700,HGS-TV,384679.0,942855.6965787411
5701,HGS-TV,384679.0,942978.757348299
5702,HGS-TV,384679.0,943038.8228218555
5703,filo2,384669.0,943366.4035663605
5704,HGS-TV,384667.0,943585.2906308174
5705,HGS-TV,384666.0,943849.7586772442
5706,HGS-TV,384665.0,944063.2746331692
5707,HGS-TV,384665.0,946937.6349258423
5708,HGS-TV,384665.0,946997.7043123245
5709,HGS-TV,384665.0,947057.7886998653
5710,HGS-TV,384665.0,947117.8613247871
5711,HGS-TV,384665.0,947200.9264957905
5712,HGS-TV,384665.0,947332.4197740555
5713,HGS-TV,384665.0,947392.4525856972
5714,HGS-TV,384665.0,947465.079378128
5715,HGS-TV,384665.0,947525.1308972836
5716,HGS-TV,384665.0,947585.3250262737
5717,HGS-TV,384665.0,947660.0343239307
5718,HGS-TV,384665.0,947720.2613246441
5719,HGS-TV,384665.0,947789.217525959
5720,HGS-TV,384665.0,947878.2026696205
5721,HGS-TV,384665.0,947953.7165033817
5722,HGS-TV,384665.0,948062.578439951
5723,HGS-TV,384665.0,948122.6806190014
5724,HGS-TV,384665.0,948232.7638053894
5725,HGS-TV,384665.0,948292.7827596664
5726,HGS-TV,384665.0,948365.8025379181
5727,HGS-TV,384665.0,948539.6831364632
5728,HGS-TV,384665.0,948660.0832014084
5729,HGS-TV,384665.0,949057.5904185772
5730,HGS-TV,384665.0,949535.6186723709
5731,HGS-TV,384665.0,949659.8931295872
5732,HGS-TV,384665.0,949930.8626413345
5733,HGS-TV,384665.0,950496.1853303909
5734,HGS-TV,384665.0,951137.3155972958
5735,HGS-TV,384665.0,951440.6496694088
5736,HGS-TV,384665.0,951500.7276742458
5737,HGS-TV,384665.0,951755.5619666576
5738,HGS-TV,384665.0,952397.6047115326
5739,HGS-TV,384665.0,952668.6056153774
5740,HGS-TV,384665.0,952728.7605171204
5741,HGS-TV,384665.0,953014.194583416
5742,HGS-TV,384665.0,953090.4220590591
5743,HGS-TV,384665.0,953514.8853905201
5744,HGS-TV,384665.0,953641.138815403
5745,HGS-TV,384665.0,953998.8292644024
5746,HGS-TV,384665.0,954262.0028650761
5747,HGS-TV,384665.0,954360.3117797375
5748,HGS-TV,384665.0,954420.4515190125
5749,HGS-TV,384665.0,954480.4801008701
5750,HGS-TV,384665.0,954594.3958809376
5751,HGS-TV,384665.0,954908.3437697887
5752,HGS-TV,384665.0,955150.7436044216
5753,HGS-TV,384665.0,955252.7538192272
5754,HGS-TV,384665.0,955450.862275362
5755,HGS-TV,384665.0,955511.0053062439
5756,HGS-TV,384665.0,956044.2008264065
5757,HGS-TV,384665.0,956233.0949037075
5758,HGS-TV,384665.0,956344.7815666199
5759,HGS-TV,384665.0,956537.791822195
5760,HGS-TV,384665.0,956721.8566584587
5761,HGS-TV,384665.0,956859.4609856606
5762,HGS-TV,384665.0,956988.5811004639
5763,HGS-TV,384665.0,957643.8967854977
5764,HGS-TV,384665.0,957704.1057350636
5765,HGS-TV,384665.0,957764.399889946
5766,HGS-TV,384665.0,958696.796708107
5767,HGS-TV,384665.0,958951.3285038471
5768,HGS-TV,384665.0,959043.8726432323
5769,HGS-TV,384665.0,959243.6292891502
5770,HGS-TV,384665.0,959732.899923563
5771,HGS-TV,384665.0,960035.463357687
5772,HGS-TV,384665.0,960941.9205543995
5773,HGS-TV,384665.0,961002.1588172913
5774,HGS-TV,384665.0,961989.5666205883
5775,HGS-TV,384665.0,962053.0579032898
5776,HGS-TV,384665.0,962443.2088515759
5777,HGS-TV,384665.0,962677.4368338585
5778,HGS-TV,384665.0,962921.2178995609
5779,HGS-TV,384665.0,964163.3205378056
5780,HGS-TV,384665.0,964223.3591320515
5781,HGS-TV,384665.0,964283.6445007324
5782,HGS-TV,384665.0,964738.391793251
5783,HGS-TV,384665.0,964848.3950252533
5784,ails2_etaMax1.000_stoppingTime1728000.00,385284.0,965061.58989917
5785,ails2_etaMax1.000_stoppingTime1728000.00,385250.0,965062.5388991699
5786,HGS-TV,384665.0,965260.5269010067
5787,HGS-TV,384665.0,965328.2660520077
5788,HGS-TV,384665.0,965679.2515962124
5789,HGS-TV,384665.0,966145.9595866203
5790,HGS-TV,384665.0,966273.7609660625
5791,HGS-TV,384665.0,966451.8620834351
5792,HGS-TV,384665.0,966719.9481902122
5793,HGS-TV,384665.0,966911.0673837662
5794,HGS-TV,384665.0,967034.5719602108
5795,HGS-TV,384665.0,967336.3641116619
5796,HGS-TV,384665.0,967396.6716349125
5797,HGS-TV,384665.0,967566.2586112022
5798,HGS-TV,384665.0,967638.9643409252
5799,HGS-TV,384665.0,967770.0674495697
5800,HGS-TV,384665.0,967920.1625318527
5801,HGS-TV,384665.0,968487.6540980339
5802,HGS-TV,384665.0,968629.5751767159
5803,HGS-TV,384665.0,968743.8907568455
5804,HGS-TV,384665.0,968803.9483273029
5805,HGS-TV,384665.0,969283.7372558117
5806,HGS-TV,384665.0,969343.8510007858
5807,HGS-TV,384665.0,969404.9020738602
5808,HGS-TV,384665.0,969712.0004076958
5809,HGS-TV,384665.0,969909.7867634296
5810,HGS-TV,384665.0,970020.9299156666
5811,HGS-TV,384665.0,970081.0141062737
5812,HGS-TV,384665.0,970183.7160615921
5813,HGS-TV,384665.0,970554.4175136089
5814,HGS-TV,384665.0,970714.8229622841
5815,HGS-TV,384665.0,970775.0204558372
5816,HGS-TV,384665.0,970835.3134799004
5817,HGS-TV,384665.0,971145.1017918587
5818,HGS-TV,384665.0,971205.1744625568
5819,HGS-TV,384665.0,971265.1874446869
5820,HGS-TV,384665.0,971352.9633791447
5821,HGS-TV,384665.0,971455.9730687141
5822,HGS-TV,384665.0,971516.1040055752
5823,HGS-TV,384665.0,971576.1824607849
5824,HGS-TV,384665.0,971636.2105536461
5825,HGS-TV,384665.0,971992.5031282902
5826,HGS-TV,384665.0,972052.6136214733
5827,HGS-TV,384665.0,972316.9775452614
5828,HGS-TV,384665.0,972380.9286830425
5829,HGS-TV,384665.0,972799.5814304352
5830,HGS-TV,384665.0,972859.8553175926
5831,HGS-TV,384665.0,973050.9382073879
5832,HGS-TV,384665.0,973111.0403482914
5833,HGS-TV,384665.0,973366.7767224312
5834,HGS-TV,384665.0,973448.289352417
5835,HGS-TV,384665.0,973508.4895784855
5836,HGS-TV,384665.0,973599.3917496204
5837,HGS-TV,384665.0,973767.9169378281
5838,HGS-TV,384665.0,973925.3080773354
5839,HGS-TV,384665.0,974052.8094446659
5840,HGS-TV,384665.0,974416.2955379486
5841,HGS-TV,384665.0,974598.7928056717
5842,HGS-TV,384665.0,975048.804605484
5843,HGS-TV,384665.0,975128.8308010101
5844,ails2_etaMax1.000_stoppingTime1728000.00,385249.0,975453.5198991699
5845,HGS-TV,384665.0,975479.5013866425
5846,ails2_etaMax1.000_stoppingTime1728000.00,385248.0,975453.6368991699
5847,HGS-TV,384665.0,975539.6556844711
5848,HGS-TV,384665.0,975642.1010587215
5849,HGS-TV,384665.0,975724.9699635506
5850,HGS-TV,384665.0,975836.1287739277
5851,HGS-TV,384665.0,975896.2319998741
5852,ails2_etaMax1.000_stoppingTime1728000.00,385238.0,975996.79989917
5853,ails2_etaMax1.000_stoppingTime1728000.00,385214.0,975997.7498991699
5854,HGS-TV,384665.0,976151.9479966164
5855,HGS-TV,384665.0,976211.9741492271
5856,HGS-TV,384665.0,976362.3539078236
5857,HGS-TV,384665.0,976422.6332435608
5858,HGS-TV,384665.0,976482.8232653141
5859,HGS-TV,384665.0,976670.3990175724
5860,HGS-TV,384665.0,976968.3484036922
5861,HGS-TV,384665.0,977077.062176466
5862,HGS-TV,384665.0,977171.4074244499
5863,HGS-TV,384665.0,977231.5195703506
5864,HGS-TV,384665.0,977291.6061420441
5865,HGS-TV,384665.0,977412.0832476616
5866,HGS-TV,384665.0,977472.1959807873
5867,HGS-TV,384665.0,977588.726379633
5868,ails2_etaMax1.000_stoppingTime1728000.00,385213.0,977665.54789917
5869,ails2_etaMax1.000_stoppingTime1728000.00,385201.0,977668.3668991699
5870,HGS-TV,384665.0,977886.1322438717
5871,HGS-TV,384665.0,977948.9746739864
5872,HGS-TV,384665.0,978045.1629652977
5873,ails2_etaMax1.000_stoppingTime1728000.00,385195.0,978076.8628991699
5874,HGS-TV,384665.0,978105.2996695042
5875,HGS-TV,384665.0,978165.4781849384
5876,HGS-TV,384665.0,978225.4795851707
5877,HGS-TV,384665.0,978301.1365561485
5878,HGS-TV,384665.0,978361.361027956
5879,HGS-TV,384665.0,978605.2150447369
5880,HGS-TV,384665.0,978746.0323035717
5881,HGS-TV,384665.0,978810.7362966537
5882,HGS-TV,384665.0,978903.9996607304
5883,HGS-TV,384665.0,978964.341098547
5884,HGS-TV,384665.0,979024.6171081066
5885,HGS-TV,384665.0,979084.6287486553
5886,HGS-TV,384665.0,979360.1918079853
5887,HGS-TV,384665.0,979420.367317915
5888,HGS-TV,384665.0,979480.4928491116
5889,HGS-TV,384665.0,979771.4037897587
5890,HGS-TV,384665.0,980003.758146286
5891,HGS-TV,384665.0,980180.2486958504
5892,HGS-TV,384665.0,980359.5908033848
5893,HGS-TV,384665.0,980444.2283649445
5894,HGS-TV,384665.0,980505.064037323
5895,HGS-TV,384665.0,980627.7288835049
5896,HGS-TV,384665.0,980712.6339337826
5897,HGS-TV,384665.0,980772.8965365887
5898,HGS-TV,384665.0,980876.8618071079
5899,HGS-TV,384665.0,981092.1141405106
5900,HGS-TV,384665.0,981235.526747942
5901,HGS-TV,384665.0,981477.0241141319
5902,HGS-TV,384665.0,981568.4858670235
5903,HGS-TV,384665.0,982322.2807321548
5904,HGS-TV,384665.0,982478.3753740788
5905,HGS-TV,384665.0,982701.3141465187
5906,HGS-TV,384665.0,982761.5523297787
5907,HGS-TV,384665.0,982886.2405166626
5908,HGS-TV,384665.0,982946.4282011986
5909,HGS-TV,384665.0,983064.5970494747
5910,HGS-TV,384665.0,983219.7899780273
5911,HGS-TV,384665.0,983368.9317526817
5912,HGS-TV,384665.0,983428.9392974377
5913,HGS-TV,384665.0,983572.3419315815
5914,HGS-TV,384665.0,983632.4970624447
5915,HGS-TV,384665.0,983789.9469971657
5916,HGS-TV,384665.0,983864.7123324871
5917,HGS-TV,384665.0,983924.8472037315
5918,HGS-TV,384665.0,984041.5542850494
5919,HGS-TV,384665.0,984139.9230504036
5920,HGS-TV,384665.0,984258.6828231812
5921,HGS-TV,384665.0,984318.7454359531
5922,HGS-TV,384665.0,984399.5399034023
5923,HGS-TV,384665.0,984459.6598422527
5924,HGS-TV,384665.0,984519.695622921
5925,HGS-TV,384665.0,984579.7713568211
5926,HGS-TV,384665.0,984648.4791007042
5927,HGS-TV,384665.0,984779.9021165371
5928,HGS-TV,384665.0,984840.3161673546
5929,HGS-TV,384665.0,984994.4816250801
5930,HGS-TV,384665.0,985170.7932350636
5931,HGS-TV,384665.0,985340.2853486538
5932,HGS-TV,384665.0,985426.6058392525
5933,HGS-TV,384665.0,985576.0096261501
5934,HGS-TV,384665.0,985639.518021822
5935,HGS-TV,384665.0,985699.6389834881
5936,HGS-TV,384665.0,985862.4421269894
5937,HGS-TV,384665.0,985938.715692997
5938,HGS-TV,384665.0,986118.9249355793
5939,HGS-TV,384665.0,986195.8886420727
5940,HGS-TV,384665.0,986255.892938137
5941,HGS-TV,384665.0,986316.0360865593
5942,HGS-TV,384665.0,986376.1417808533
5943,HGS-TV,384665.0,986436.2738790512
5944,HGS-TV,384665.0,986511.6951556206
5945,HGS-TV,384665.0,986571.7186551094
5946,HGS-TV,384665.0,986651.7750923634
5947,HGS-TV,384665.0,986814.7840921879
5948,HGS-TV,384665.0,986874.8356819153
5949,HGS-TV,384665.0,987006.3105876446
5950,HGS-TV,384665.0,987230.0309381485
5951,HGS-TV,384665.0,987319.2879350185
5952,HGS-TV,384665.0,987386.7658326626
5953,HGS-TV,384665.0,987446.7865343094
5954,HGS-TV,384665.0,987506.9067668915
5955,HGS-TV,384665.0,987566.9559259415
5956,HGS-TV,384665.0,987627.1268153191
5957,HGS-TV,384665.0,987687.3588047028
5958,HGS-TV,384665.0,987755.7336325645
5959,HGS-TV,384665.0,987908.3228085041
5960,HGS-TV,384665.0,987968.49629426
5961,HGS-TV,384665.0,988028.778932333
5962,HGS-TV,384665.0,988088.9184708595
5963,HGS-TV,384665.0,988168.2578258514
5964,HGS-TV,384665.0,988305.0176537037
5965,HGS-TV,384665.0,988365.1168158054
5966,HGS-TV,384665.0,988425.4539020061
5967,HGS-TV,384665.0,988485.7547492981
5968,HGS-TV,384665.0,988549.6412334442
5969,HGS-TV,384665.0,988692.4696311951
5970,HGS-TV,384665.0,988752.5500261784
5971,HGS-TV,384665.0,988812.8875112534
5972,HGS-TV,384665.0,988872.9753241539
5973,HGS-TV,384665.0,988932.9844136238
5974,HGS-TV,384665.0,989067.5158600807
5975,HGS-TV,384665.0,989127.784371376
5976,HGS-TV,384665.0,989196.2119336128
5977,HGS-TV,384665.0,989256.2986605167
5978,HGS-TV,384665.0,989348.4183285236
5979,HGS-TV,384665.0,989408.7617223263
5980,HGS-TV,384665.0,989522.1927917004
5981,HGS-TV,384665.0,989632.0987286568
5982,HGS-TV,384665.0,989786.1496367455
5983,HGS-TV,384665.0,989846.1734673977
5984,HGS-TV,384665.0,989906.2598595619
5985,HGS-TV,384665.0,989990.6219174862
5986,HGS-TV,384665.0,990075.7591197491
5987,HGS-TV,384665.0,990135.9359385967
5988,HGS-TV,384665.0,990195.9957611561
5989,HGS-TV,384665.0,990256.1098909378
5990,HGS-TV,384665.0,990339.526216507
5991,HGS-TV,384665.0,990399.6265380383
5992,HGS-TV,384665.0,990459.6670031548
5993,HGS-TV,384665.0,990519.781247139
5994,HGS-TV,384665.0,990579.8781366348
5995,HGS-TV,384665.0,990639.9104297161
5996,HGS-TV,384665.0,990700.1254975796
5997,HGS-TV,384665.0,990761.8107600212
5998,HGS-TV,384665.0,990821.9772839546
5999,HGS-TV,384665.0,990954.9535243511
6000,HGS-TV,384665.0,991014.9684925079
6001,HGS-TV,384665.0,991075.1495349407
6002,HGS-TV,384665.0,991260.4455089569
6003,HGS-TV,384665.0,991320.5168983936
6004,HGS-TV,384665.0,991514.5720975399
6005,ails2_etaMax1.000_stoppingTime1728000.00,385187.0,991528.31289917
6006,HGS-TV,384665.0,991574.6285970211
6007,ails2_etaMax1.000_stoppingTime1728000.00,385183.0,991528.3978991699
6008,HGS-TV,384665.0,991634.7244939804
6009,HGS-TV,384665.0,991694.7649827003
6010,HGS-TV,384665.0,991754.8423564434
6011,HGS-TV,384665.0,991814.9427573681
6012,ails2_etaMax1.000_stoppingTime1728000.00,385175.0,991821.8988991699
6013,HGS-TV,384665.0,991875.0471241474
6014,ails2_etaMax1.000_stoppingTime1728000.00,385151.0,991829.43289917
6015,HGS-TV,384665.0,991959.8944535255
6016,HGS-TV,384665.0,992020.096570015
6017,HGS-TV,384665.0,992080.1718289852
6018,HGS-TV,384665.0,992208.6846921444
6019,HGS-TV,384665.0,992269.022424221
6020,HGS-TV,384665.0,992329.2105126381
6021,HGS-TV,384665.0,992389.3591482639
6022,HGS-TV,384665.0,992449.4124033451
6023,HGS-TV,384665.0,992509.6931736469
6024,HGS-TV,384665.0,992569.7985315323
6025,HGS-TV,384665.0,992629.9735810757
6026,HGS-TV,384665.0,992690.1405434608
6027,HGS-TV,384665.0,992755.107601881
6028,HGS-TV,384665.0,992815.152703762
6029,HGS-TV,384665.0,992907.7740983963
6030,HGS-TV,384665.0,992968.0031142235
6031,HGS-TV,384665.0,993133.0538973808
6032,HGS-TV,384665.0,993272.8229701519
6033,HGS-TV,384665.0,993346.0603203773
6034,HGS-TV,384665.0,993406.2734186649
6035,HGS-TV,384665.0,993467.1091582775
6036,HGS-TV,384665.0,993527.1957724094
6037,HGS-TV,384665.0,993714.381824255
6038,HGS-TV,384665.0,993774.561150074
6039,HGS-TV,384665.0,993834.6284399033
6040,HGS-TV,384665.0,993900.6774375439
6041,HGS-TV,384665.0,993999.5640969276
6042,HGS-TV,384665.0,994059.6967656612
6043,HGS-TV,384665.0,994119.8483257294
6044,HGS-TV,384665.0,994256.5812132359
6045,HGS-TV,384665.0,994316.5924198627
6046,HGS-TV,384665.0,994376.7867326736
6047,HGS-TV,384665.0,994436.8065795898
6048,HGS-TV,384665.0,994496.9157876968
6049,HGS-TV,384665.0,994556.9173946381
6050,HGS-TV,384665.0,994616.9540708065
6051,HGS-TV,384665.0,994681.3356845379
6052,HGS-TV,384665.0,994780.2716016769
6053,HGS-TV,384665.0,994840.2949693203
6054,HGS-TV,384665.0,994900.3468112946
6055,ails2_etaMax1.000_stoppingTime1728000.00,385150.0,994919.9958991699
6056,ails2_etaMax1.000_stoppingTime1728000.00,385122.0,994920.15089917
6057,HGS-TV,384665.0,994984.4784851074
6058,HGS-TV,384665.0,995044.5180294514
6059,HGS-TV,384665.0,995244.8288602829
6060,HGS-TV,384665.0,995304.8634092808
6061,HGS-TV,384665.0,995364.9671988487
6062,HGS-TV,384665.0,995425.0082452297
6063,HGS-TV,384665.0,995533.2479908466
6064,HGS-TV,384665.0,995679.7767181396
6065,HGS-TV,384665.0,995877.9716069698
6066,HGS-TV,384665.0,995938.1350164413
6067,HGS-TV,384665.0,996162.3949718475
6068,HGS-TV,384665.0,996222.5974726677
6069,HGS-TV,384665.0,996571.3167095184
6070,HGS-TV,384665.0,996655.9329705238
6071,HGS-TV,384665.0,996715.9679751396
6072,HGS-TV,384665.0,996776.1484367847
6073,HGS-TV,384665.0,996836.2689597607
6074,HGS-TV,384665.0,996976.7260181904
6075,HGS-TV,384665.0,997036.9689462185
6076,HGS-TV,384665.0,997097.0771634579
6077,HGS-TV,384665.0,997168.0454380512
6078,HGS-TV,384665.0,997228.1138622761
6079,HGS-TV,384665.0,997288.3344199657
6080,HGS-TV,384665.0,997348.6228358746
6081,HGS-TV,384665.0,997514.3347935677
6082,HGS-TV,384665.0,997574.520409584
6083,HGS-TV,384665.0,997724.2867114544
6084,HGS-TV,384665.0,997919.3483867645
6085,HGS-TV,384665.0,998018.632021904
6086,HGS-TV,384665.0,998318.6533613205
6087,HGS-TV,384665.0,998378.867841959
6088,HGS-TV,384665.0,998476.6714024544
6089,HGS-TV,384665.0,998536.743085146
6090,HGS-TV,384665.0,998743.3141644001
6091,HGS-TV,384665.0,998803.387992382
6092,HGS-TV,384665.0,998922.5876934528
6093,HGS-TV,384665.0,998982.8008978367
6094,HGS-TV,384665.0,999545.452110529
6095,HGS-TV,384665.0,999706.4318561554
6096,HGS-TV,384665.0,999920.7753069401
6097,HGS-TV,384665.0,1000209.5766866207
6098,HGS-TV,384665.0,1000553.6898608208
6099,HGS-TV,384665.0,1000760.7536587715
6100,HGS-TV,384665.0,1001359.0295910835
6101,HGS-TV,384665.0,1001633.8295361996
6102,HGS-TV,384665.0,1001717.7139120102
6103,HGS-TV,384665.0,1001868.7321944237
6104,HGS-TV,384665.0,1002225.2232837677
6105,HGS-TV,384665.0,1002451.6799740791
6106,HGS-TV,384665.0,1002511.6970498562
6107,HGS-TV,384665.0,1002577.0645971298
6108,HGS-TV,384665.0,1002754.5570526123
6109,HGS-TV,384665.0,1002884.519794941
6110,HGS-TV,384665.0,1002944.6088891029
6111,HGS-TV,384665.0,1003245.2905511856
6112,HGS-TV,384665.0,1003368.3153438568
6113,HGS-TV,384665.0,1003469.2700417042
6114,HGS-TV,384665.0,1003529.5285274982
6115,HGS-TV,384665.0,1003650.8300848007
6116,HGS-TV,384665.0,1003710.9602336884
6117,HGS-TV,384665.0,1003844.1523795128
6118,HGS-TV,384665.0,1004403.9882557392
6119,HGS-TV,384665.0,1004464.1981627941
6120,HGS-TV,384665.0,1004570.4122076035
6121,HGS-TV,384665.0,1004711.212280035
6122,HGS-TV,384665.0,1005038.1341764927
6123,HGS-TV,384665.0,1005098.3166732788
6124,HGS-TV,384665.0,1005217.2852845192
6125,HGS-TV,384665.0,1006807.250977993
6126,HGS-TV,384665.0,1007060.6583483219
6127,HGS-TV,384665.0,1007153.8359072208
6128,HGS-TV,384665.0,1007231.3143701553
6129,HGS-TV,384665.0,1007291.6551814079
6130,HGS-TV,384665.0,1007351.9225637913
6131,HGS-TV,384665.0,1007411.98179245
6132,HGS-TV,384665.0,1007473.4939172268
6133,HGS-TV,384665.0,1007533.6397476196
6134,HGS-TV,384665.0,1007622.4812173843
6135,HGS-TV,384665.0,1009134.333189249
6136,HGS-TV,384665.0,1009395.7398467064
6137,HGS-TV,384665.0,1010775.1555564404
6138,HGS-TV,384665.0,1010835.2089664936
6139,HGS-TV,384665.0,1012760.1882488728
6140,HGS-TV,384665.0,1013273.4484024048
6141,HGS-TV,384665.0,1014823.5477025509
6142,HGS-TV,384665.0,1015214.1773560047
6143,HGS-TV,384665.0,1015274.3726923466
6144,HGS-TV,384665.0,1015563.0714373589
6145,HGS-TV,384665.0,1015704.997535944
6146,HGS-TV,384665.0,1015765.9658930302
6147,HGS-TV,384665.0,1015826.1915946007
6148,HGS-TV,384665.0,1016367.2431702614
6149,HGS-TV,384665.0,1018066.0175457001
6150,HGS-TV,384665.0,1018325.6881940365
6151,HGS-TV,384665.0,1018385.6952033043
6152,HGS-TV,384665.0,1019176.9076533318
6153,HGS-TV,384665.0,1019457.1166810989
6154,HGS-TV,384665.0,1019553.4017527103
6155,HGS-TV,384665.0,1019977.6155700684
6156,HGS-TV,384665.0,1020284.7410316467
6157,HGS-TV,384665.0,1020826.9555106163
6158,HGS-TV,384665.0,1022881.0292737484
6159,HGS-TV,384665.0,1023657.3214690685
6160,HGS-TV,384665.0,1023733.7704792023
6161,HGS-TV,384665.0,1024104.8534314632
6162,HGS-TV,384665.0,1024700.6378474236
6163,HGS-TV,384665.0,1024760.696886301
6164,HGS-TV,384665.0,1024820.9747214317
6165,HGS-TV,384665.0,1024881.0034780502
6166,HGS-TV,384665.0,1024941.0473415852
6167,HGS-TV,384665.0,1025248.5015687943
6168,HGS-TV,384665.0,1025433.0795927048
6169,HGS-TV,384665.0,1025944.7718422413
6170,HGS-TV,384665.0,1026106.6415505409
6171,HGS-TV,384665.0,1026254.6407063007
6172,HGS-TV,384665.0,1026348.1622009277
6173,HGS-TV,384665.0,1026408.1813220978
6174,HGS-TV,384665.0,1026468.2531366348
6175,HGS-TV,384665.0,1026648.9632327557
6176,HGS-TV,384665.0,1026714.9236426353
6177,HGS-TV,384665.0,1027533.008345604
6178,HGS-TV,384665.0,1027715.0435299873
6179,HGS-TV,384665.0,1028012.4089503288
6180,HGS-TV,384665.0,1028097.6441905499
6181,HGS-TV,384665.0,1028826.72026968
6182,HGS-TV,384665.0,1028886.7759561539
6183,HGS-TV,384665.0,1028946.7909898758
6184,HGS-TV,384665.0,1029021.9795153141
6185,HGS-TV,384665.0,1029311.3301925659
6186,HGS-TV,384665.0,1030756.6441376209
6187,HGS-TV,384665.0,1032241.7518188953
6188,HGS-TV,384665.0,1032612.3784258366
6189,HGS-TV,384665.0,1034435.3346312046
6190,HGS-TV,384665.0,1034495.4061126709
6191,HGS-TV,384665.0,1037114.7506244183
6192,HGS-TV,384665.0,1037174.9046030045
6193,HGS-TV,384665.0,1037485.2735524178
6194,HGS-TV,384665.0,1038181.652936697
6195,HGS-TV,384665.0,1038241.949845314
6196,HGS-TV,384665.0,1038368.1679656506
6197,HGS-TV,384665.0,1038980.3885376453
6198,HGS-TV,384665.0,1040241.439412117
6199,HGS-TV,384665.0,1041132.8849847317
6200,HGS-TV,384665.0,1041287.320592165
6201,HGS-TV,384665.0,1042528.5159783363
6202,HGS-TV,384665.0,1042959.6744687557
6203,HGS-TV,384665.0,1043576.0900285244
6204,HGS-TV,384665.0,1043732.2160847187
6205,HGS-TV,384665.0,1044236.8302659988
6206,HGS-TV,384665.0,1044506.8975300789
6207,HGS-TV,384665.0,1044742.8066494465
6208,HGS-TV,384665.0,1044893.0619776249
6209,HGS-TV,384665.0,1046282.8069078922
6210,HGS-TV,384665.0,1046354.7264463902
6211,HGS-TV,384665.0,1046430.7880890369
6212,HGS-TV,384665.0,1047285.4425868988
6213,HGS-TV,384665.0,1047923.3441286087
6214,ails2_etaMax1.000_stoppingTime1728000.00,385121.0,1048821.9358991699
6215,ails2_etaMax1.000_stoppingTime1728000.00,385114.0,1048821.96589917
6216,HGS-TV,384665.0,1051805.8945224285
6217,HGS-TV,384665.0,1051865.9574053288
6218,HGS-TV,384665.0,1051926.189441204
6219,HGS-TV,384665.0,1051986.1903483868
6220,HGS-TV,384665.0,1052046.2068471909
6221,HGS-TV,384665.0,1052106.4199852943
6222,HGS-TV,384665.0,1052296.898264885
6223,HGS-TV,384665.0,1052445.0499949455
6224,HGS-TV,384665.0,1052505.1536316872
6225,HGS-TV,384665.0,1052581.6481056213
6226,HGS-TV,384665.0,1052659.0988857746
6227,HGS-TV,384665.0,1052794.2786166668
6228,HGS-TV,384665.0,1052974.5881459713
6229,HGS-TV,384665.0,1053034.6557240486
6230,HGS-TV,384665.0,1053094.768485546
6231,HGS-TV,384665.0,1053154.8722589016
6232,HGS-TV,384665.0,1053370.51394701
6233,HGS-TV,384665.0,1053596.2189233303
6234,HGS-TV,384665.0,1053730.7354402542
6235,HGS-TV,384665.0,1054135.7485830784
6236,HGS-TV,384665.0,1054196.114383936
6237,HGS-TV,384665.0,1055087.4011659622
6238,HGS-TV,384665.0,1056574.67329669
6239,HGS-TV,384665.0,1057011.3987534046
6240,HGS-TV,384665.0,1057483.2151625156
6241,HGS-TV,384665.0,1057785.0940947533
6242,HGS-TV,384665.0,1058764.211058855
6243,HGS-TV,384665.0,1058852.5675919056
6244,HGS-TV,384665.0,1058976.66756773
6245,HGS-TV,384665.0,1059037.8960199356
6246,HGS-TV,384665.0,1059211.2093558311
6247,HGS-TV,384665.0,1059355.0802128315
6248,HGS-TV,384665.0,1059415.2856459618
6249,HGS-TV,384665.0,1059529.4386310577
6250,HGS-TV,384665.0,1059589.6425027847
6251,HGS-TV,384665.0,1059887.032608986
6252,HGS-TV,384665.0,1060874.0150094032
6253,HGS-TV,384665.0,1060962.945059061
6254,HGS-TV,384665.0,1062427.8724298477
6255,HGS-TV,384665.0,1062842.7978522778
6256,HGS-TV,384665.0,1063127.3250718117
6257,HGS-TV,384665.0,1063560.238246441
6258,HGS-TV,384665.0,1063813.9678928852
6259,HGS-TV,384665.0,1063874.0735664368
6260,HGS-TV,384665.0,1064168.1352078915
6261,HGS-TV,384665.0,1064362.7074787617
6262,HGS-TV,384665.0,1064422.7776112556
6263,HGS-TV,384665.0,1064548.1292674541
6264,HGS-TV,384665.0,1064608.1933414936
6265,HGS-TV,384665.0,1064668.5419011116
6266,HGS-TV,384665.0,1064750.732638359
6267,HGS-TV,384665.0,1064810.88139534
6268,ails2_etaMax1.000_stoppingTime1728000.00,385112.0,1064947.53189917
6269,HGS-TV,384665.0,1065040.4449768066
6270,HGS-TV,384665.0,1065100.5558011532
6271,HGS-TV,384665.0,1065160.6788551807
6272,HGS-TV,384665.0,1066378.9454591274
6273,HGS-TV,384665.0,1066838.1577837467
6274,HGS-TV,384665.0,1067096.8877356052
6275,HGS-TV,384665.0,1067801.4414713383
6276,HGS-TV,384665.0,1068570.7283244133
6277,HGS-TV,384665.0,1068630.788977623
6278,HGS-TV,384665.0,1069248.8376517296
6279,HGS-TV,384665.0,1069327.3148796558
6280,HGS-TV,384665.0,1069387.4226055145
6281,HGS-TV,384665.0,1069473.3289766312
6282,HGS-TV,384665.0,1069572.1158668995
6283,HGS-TV,384665.0,1069632.2986044884
6284,ails2_etaMax1.000_stoppingTime1728000.00,385102.0,1069670.41389917
6285,ails2_etaMax1.000_stoppingTime1728000.00,385076.0,1069671.89489917
6286,HGS-TV,384665.0,1069790.1912634373
6287,ails2_etaMax1.000_stoppingTime1728000.00,385075.0,1069877.41489917
6288,HGS-TV,384665.0,1069909.8760490417
6289,ails2_etaMax1.000_stoppingTime1728000.00,385013.0,1069882.03989917
6290,HGS-TV,384665.0,1069969.9021291733
6291,HGS-TV,384665.0,1070138.5556986332
6292,HGS-TV,384665.0,1070266.1110680103
6293,HGS-TV,384665.0,1070326.3717365265
6294,HGS-TV,384665.0,1070448.319662094
6295,HGS-TV,384665.0,1070508.6398398876
6296,HGS-TV,384665.0,1070584.4274053574
6297,HGS-TV,384665.0,1070644.50370121
6298,HGS-TV,384665.0,1070836.8419151306
6299,HGS-TV,384665.0,1070914.6329321861
6300,HGS-TV,384665.0,1070974.957285881
6301,HGS-TV,384665.0,1071035.0232760906
6302,HGS-TV,384665.0,1071095.2695856094
6303,HGS-TV,384665.0,1071177.1709811687
6304,HGS-TV,384665.0,1071249.3892862797
6305,HGS-TV,384665.0,1071309.5790133476
6306,HGS-TV,384665.0,1071414.2936787605
6307,HGS-TV,384665.0,1071474.4355032444
6308,HGS-TV,384665.0,1071581.160977602
6309,HGS-TV,384665.0,1071770.3395366669
6310,HGS-TV,384665.0,1071830.390162468
6311,HGS-TV,384665.0,1071963.038639307
6312,HGS-TV,384665.0,1072199.0034451485
6313,HGS-TV,384665.0,1072318.5342712402
6314,HGS-TV,384665.0,1072378.5770106316
6315,HGS-TV,384665.0,1072438.962583065
6316,HGS-TV,384665.0,1072499.2012491226
6317,HGS-TV,384665.0,1072706.7681751251
6318,HGS-TV,384665.0,1072769.0397527218
6319,HGS-TV,384665.0,1073000.171684742
6320,HGS-TV,384665.0,1073189.376341343
6321,HGS-TV,384665.0,1073249.413752079
6322,HGS-TV,384665.0,1073309.5757689476
6323,HGS-TV,384665.0,1073369.6725316048
6324,HGS-TV,384665.0,1073429.746440649
6325,HGS-TV,384665.0,1073489.7489955425
6326,HGS-TV,384665.0,1073549.8927328587
6327,HGS-TV,384665.0,1073634.0354189873
6328,HGS-TV,384665.0,1073741.417015791
6329,HGS-TV,384665.0,1074079.2955532074
6330,HGS-TV,384665.0,1074139.6114571095
6331,HGS-TV,384665.0,1074199.9319262505
6332,HGS-TV,384665.0,1074260.1573357582
6333,HGS-TV,384665.0,1074381.147504568
6334,HGS-TV,384665.0,1074655.1765947342
6335,HGS-TV,384665.0,1074967.5372588634
6336,HGS-TV,384665.0,1075027.8430774212
6337,HGS-TV,384665.0,1075087.8469734192
6338,HGS-TV,384665.0,1075147.9982283115
6339,HGS-TV,384665.0,1075266.5220150948
6340,HGS-TV,384665.0,1075326.637304306
6341,HGS-TV,384665.0,1075475.3396282196
6342,HGS-TV,384665.0,1075749.878262043
6343,HGS-TV,384665.0,1075848.0602610111
6344,HGS-TV,384665.0,1076095.4857580662
6345,HGS-TV,384665.0,1076198.3892979622
6346,HGS-TV,384665.0,1076688.0742721558
6347,HGS-TV,384665.0,1076850.8660702705
6348,HGS-TV,384665.0,1076910.9807610512
6349,HGS-TV,384665.0,1076990.2053115368
6350,HGS-TV,384665.0,1077082.5089051723
6351,HGS-TV,384665.0,1077343.855628252
6352,HGS-TV,384665.0,1077403.9322919846
6353,HGS-TV,384665.0,1077494.3345336914
6354,HGS-TV,384665.0,1077554.4945254326
6355,HGS-TV,384665.0,1077614.5686573982
6356,HGS-TV,384665.0,1077753.230369091
6357,HGS-TV,384665.0,1077941.4487535954
6358,HGS-TV,384665.0,1078001.9490664005
6359,HGS-TV,384665.0,1078152.5527989864
6360,HGS-TV,384665.0,1078212.9669828415
6361,HGS-TV,384665.0,1078434.2128987312
6362,HGS-TV,384665.0,1078494.3053314686
6363,HGS-TV,384665.0,1078554.3161907196
6364,HGS-TV,384665.0,1078648.0612807274
6365,HGS-TV,384665.0,1078823.5887870789
6366,HGS-TV,384665.0,1079045.1651268005
6367,HGS-TV,384665.0,1079105.3707566261
6368,HGS-TV,384665.0,1079165.692416191
6369,HGS-TV,384665.0,1079345.3519499302
6370,HGS-TV,384665.0,1079405.6621892452
6371,HGS-TV,384665.0,1079465.8156878948
6372,HGS-TV,384665.0,1079525.8607373238
6373,HGS-TV,384665.0,1080096.1657989025
6374,HGS-TV,384665.0,1080174.3303995132
6375,HGS-TV,384665.0,1080305.101430416
6376,HGS-TV,384665.0,1080365.3747427464
6377,HGS-TV,384665.0,1080508.3607711792
6378,HGS-TV,384665.0,1080568.5785284042
6379,HGS-TV,384665.0,1080648.028239727
6380,HGS-TV,384665.0,1080713.036752224
6381,HGS-TV,384665.0,1080773.2091636658
6382,HGS-TV,384665.0,1080955.753172636
6383,HGS-TV,384665.0,1081073.6183681488
6384,HGS-TV,384665.0,1081133.6921100616
6385,HGS-TV,384665.0,1081305.7905108929
6386,HGS-TV,384665.0,1081467.8052332401
6387,HGS-TV,384665.0,1081527.8673837185
6388,HGS-TV,384665.0,1081643.805687189
6389,HGS-TV,384665.0,1081814.9090366364
6390,HGS-TV,384665.0,1081875.1334300041
6391,HGS-TV,384665.0,1082354.1235170364
6392,HGS-TV,384665.0,1082432.186892271
6393,HGS-TV,384665.0,1082520.1813180447
6394,HGS-TV,384665.0,1082639.3355488777
6395,HGS-TV,384665.0,1083118.7741053104
6396,HGS-TV,384665.0,1083178.88794446
6397,HGS-TV,384665.0,1083239.0811271667
6398,HGS-TV,384665.0,1083482.529554844
6399,HGS-TV,384665.0,1083566.0894246101
6400,HGS-TV,384665.0,1083717.8861179352
6401,HGS-TV,384665.0,1083792.3191273212
6402,HGS-TV,384665.0,1083852.394850731
6403,HGS-TV,384665.0,1083917.2652680874
6404,HGS-TV,384665.0,1084078.0797436237
6405,HGS-TV,384665.0,1084169.7214567661
6406,HGS-TV,384665.0,1084229.8522510529
6407,HGS-TV,384665.0,1084314.8444068432
6408,HGS-TV,384665.0,1084458.8382570744
6409,HGS-TV,384665.0,1084710.1793732643
6410,HGS-TV,384665.0,1084825.7220489979
6411,HGS-TV,384665.0,1084902.3438403606
6412,HGS-TV,384665.0,1084962.650552988
6413,HGS-TV,384665.0,1085025.3759264946
6414,HGS-TV,384665.0,1085138.7368922234
6415,HGS-TV,384665.0,1085264.9236457348
6416,HGS-TV,384665.0,1085511.3479602337
6417,HGS-TV,384665.0,1085606.7032608986
6418,HGS-TV,384665.0,1085893.5473294258
6419,HGS-TV,384665.0,1085980.0059998035
6420,HGS-TV,384665.0,1086040.0447955132
6421,HGS-TV,384665.0,1086283.0580604076
6422,HGS-TV,384665.0,1086451.3997957706
6423,HGS-TV,384665.0,1086541.1156713963
6424,HGS-TV,384665.0,1086601.1661248207
6425,HGS-TV,384665.0,1086745.6176230907
6426,HGS-TV,384665.0,1086965.2737004757
6427,HGS-TV,384665.0,1087025.3419380188
6428,HGS-TV,384665.0,1087085.5695962906
6429,HGS-TV,384665.0,1087145.6623706818
6430,HGS-TV,384665.0,1087220.7044160366
6431,HGS-TV,384665.0,1087524.2726619244
6432,HGS-TV,384665.0,1087746.608528614
6433,HGS-TV,384665.0,1087983.509677887
6434,HGS-TV,384665.0,1088166.6371643543
6435,HGS-TV,384665.0,1088226.8174557686
6436,HGS-TV,384665.0,1088414.949527979
6437,HGS-TV,384665.0,1088552.5579218864
6438,HGS-TV,384665.0,1088726.1537537575
6439,HGS-TV,384665.0,1088786.2333841324
6440,HGS-TV,384665.0,1089116.0350718498
6441,HGS-TV,384665.0,1089326.8200843334
6442,HGS-TV,384665.0,1089386.9728188515
6443,HGS-TV,384665.0,1089800.224723339
6444,HGS-TV,384665.0,1089860.4632275105
6445,HGS-TV,384665.0,1090359.836130619
6446,HGS-TV,384665.0,1090569.3183484077
6447,HGS-TV,384665.0,1090934.6888504028
6448,HGS-TV,384665.0,1091042.781093359
6449,HGS-TV,384665.0,1091295.202353716
6450,HGS-TV,384665.0,1091442.9779570103
6451,HGS-TV,384665.0,1091503.000550747
6452,HGS-TV,384665.0,1091684.0408136845
6453,HGS-TV,384665.0,1092107.7033464909
6454,HGS-TV,384665.0,1092209.9135904312
6455,HGS-TV,384665.0,1092476.7240161896
6456,HGS-TV,384665.0,1092536.762496233
6457,HGS-TV,384665.0,1092686.8390972614
6458,HGS-TV,384665.0,1092940.3442530632
6459,HGS-TV,384665.0,1093040.456278801
6460,HGS-TV,384665.0,1093100.5702755451
6461,HGS-TV,384665.0,1093200.8408095837
6462,HGS-TV,384665.0,1093416.3041927814
6463,HGS-TV,384665.0,1093476.4797039032
6464,HGS-TV,384665.0,1093566.8935997486
6465,HGS-TV,384665.0,1093657.0509479046
6466,HGS-TV,384665.0,1093723.258834362
6467,HGS-TV,384665.0,1093783.2619268894
6468,HGS-TV,384665.0,1093894.9970304966
6469,HGS-TV,384665.0,1093986.2735664845
6470,HGS-TV,384665.0,1094046.321959734
6471,HGS-TV,384665.0,1094106.4913213253
6472,HGS-TV,384665.0,1094272.0540745258
6473,HGS-TV,384665.0,1094332.1555860043
6474,HGS-TV,384665.0,1094392.5194408894
6475,HGS-TV,384665.0,1094452.5657701492
6476,HGS-TV,384665.0,1094512.8127141
6477,HGS-TV,384665.0,1094572.821858406
6478,HGS-TV,384665.0,1094753.6962180138
6479,HGS-TV,384665.0,1094819.2059226036
6480,HGS-TV,384665.0,1094892.7186915874
6481,HGS-TV,384665.0,1094964.0230162144
6482,HGS-TV,384665.0,1095058.5850327015
6483,HGS-TV,384665.0,1095118.7711486816
6484,HGS-TV,384665.0,1095183.1694681644
6485,HGS-TV,384665.0,1095243.1774995327
6486,HGS-TV,384665.0,1095322.1058282852
6487,HGS-TV,384665.0,1095390.421239853
6488,HGS-TV,384665.0,1095982.121537447
6489,HGS-TV,384665.0,1096042.1654295921
6490,HGS-TV,384665.0,1096425.566018343
6491,HGS-TV,384665.0,1096485.7522964478
6492,HGS-TV,384665.0,1096545.9026355743
6493,HGS-TV,384665.0,1096605.980907917
6494,HGS-TV,384665.0,1096729.1096067429
6495,HGS-TV,384665.0,1096815.850174427
6496,HGS-TV,384665.0,1096875.8864762783
6497,HGS-TV,384665.0,1096936.1847703457
6498,HGS-TV,384665.0,1096996.1953949928
6499,HGS-TV,384665.0,1097056.2046926022
6500,HGS-TV,384665.0,1097116.3326807022
6501,HGS-TV,384665.0,1097197.7222249508
6502,HGS-TV,384665.0,1097443.4587605
6503,HGS-TV,384665.0,1097503.6288194656
6504,HGS-TV,384665.0,1097563.6351475716
6505,HGS-TV,384665.0,1097636.631910801
6506,HGS-TV,384665.0,1097805.3818831444
6507,HGS-TV,384665.0,1098155.7625067234
6508,HGS-TV,384665.0,1098385.5779595375
6509,HGS-TV,384665.0,1098470.3444223404
6510,HGS-TV,384665.0,1098561.551722765
6511,HGS-TV,384665.0,1098635.0736794472
6512,HGS-TV,384665.0,1099033.6411111355
6513,HGS-TV,384665.0,1099093.792869091
6514,HGS-TV,384665.0,1099183.9815530777
6515,HGS-TV,384665.0,1099244.607755661
6516,HGS-TV,384665.0,1099449.9950664043
6517,HGS-TV,384665.0,1099587.7322731018
6518,HGS-TV,384665.0,1099978.1603252888
6519,HGS-TV,384665.0,1100038.3652682304
6520,HGS-TV,384665.0,1100098.5492782593
6521,HGS-TV,384665.0,1100158.567807436
6522,HGS-TV,384665.0,1100277.8379666805
6523,HGS-TV,384665.0,1100459.764460802
6524,HGS-TV,384665.0,1100520.1404547691
6525,HGS-TV,384665.0,1100580.3863544464
6526,HGS-TV,384665.0,1100652.8911135197
6527,HGS-TV,384665.0,1100774.3670961857
6528,HGS-TV,384665.0,1100858.3141376972
6529,HGS-TV,384665.0,1101048.7990598679
6530,HGS-TV,384665.0,1101178.1699261665
6531,HGS-TV,384665.0,1101327.288316965
6532,HGS-TV,384665.0,1101387.411867857
6533,HGS-TV,384665.0,1101447.501502037
6534,HGS-TV,384665.0,1101507.735197544
6535,HGS-TV,384665.0,1101764.0425567627
6536,HGS-TV,384665.0,1101842.7046289444
6537,HGS-TV,384665.0,1102145.0333793163
6538,HGS-TV,384665.0,1102208.2465894222
6539,HGS-TV,384665.0,1102464.3238892555
6540,HGS-TV,384665.0,1102682.3582930565
6541,HGS-TV,384665.0,1102746.5796768665
6542,HGS-TV,384665.0,1102928.671526432
6543,HGS-TV,384665.0,1103018.446228981
6544,HGS-TV,384665.0,1103126.7337977886
6545,HGS-TV,384665.0,1103186.7495908737
6546,HGS-TV,384665.0,1103284.0046255589
6547,HGS-TV,384665.0,1103378.811144352
6548,HGS-TV,384665.0,1103439.0575528145
6549,HGS-TV,384665.0,1103732.6030359268
6550,HGS-TV,384665.0,1103792.6496357918
6551,HGS-TV,384665.0,1103893.2485339642
6552,HGS-TV,384665.0,1104187.5957884789
6553,HGS-TV,384665.0,1104334.136597395
6554,HGS-TV,384665.0,1104509.474908352
6555,HGS-TV,384665.0,1105102.4989607334
6556,HGS-TV,384665.0,1105188.9350864887
6557,HGS-TV,384665.0,1105369.0306789875
6558,HGS-TV,384665.0,1105598.9051778316
6559,HGS-TV,384665.0,1105658.9089679718
6560,HGS-TV,384665.0,1105818.2863070965
6561,HGS-TV,384665.0,1105878.5319664478
6562,HGS-TV,384665.0,1105977.8753778934
6563,HGS-TV,384665.0,1106037.9346239567
6564,HGS-TV,384665.0,1106181.348145008
6565,HGS-TV,384665.0,1106267.964746952
6566,HGS-TV,384665.0,1106428.9414134026
6567,HGS-TV,384665.0,1106489.0546700954
6568,HGS-TV,384665.0,1106620.7242319584
6569,HGS-TV,384665.0,1106680.7576260567
6570,HGS-TV,384665.0,1106853.981693983
6571,HGS-TV,384665.0,1106914.0582973957
6572,HGS-TV,384665.0,1106974.0688557625
6573,HGS-TV,384665.0,1107382.779091835
6574,HGS-TV,384665.0,1107504.0378320217
6575,HGS-TV,384665.0,1107754.7307274342
6576,HGS-TV,384665.0,1107814.7856583595
6577,HGS-TV,384665.0,1107943.117191553
6578,HGS-TV,384665.0,1108041.1747794151
6579,HGS-TV,384665.0,1108371.7991979122
6580,HGS-TV,384665.0,1108587.0276367664
6581,HGS-TV,384665.0,1108803.812533617
6582,HGS-TV,384665.0,1108927.9852523804
6583,HGS-TV,384665.0,1109026.758676529
6584,HGS-TV,384665.0,1109326.942912817
6585,HGS-TV,384665.0,1109425.22794199
6586,HGS-TV,384665.0,1109715.6240637302
6587,HGS-TV,384665.0,1109783.0332229137
6588,HGS-TV,384665.0,1109845.8350527287
6589,HGS-TV,384665.0,1110147.660934925
6590,HGS-TV,384665.0,1110329.1373109818
6591,HGS-TV,384665.0,1110506.557541132
6592,HGS-TV,384665.0,1110583.5367999077
6593,HGS-TV,384665.0,1110643.7979342937
6594,HGS-TV,384665.0,1110712.9270486832
6595,HGS-TV,384665.0,1111175.834939003
6596,HGS-TV,384665.0,1111883.797661066
6597,HGS-TV,384665.0,1111943.8994381428
6598,HGS-TV,384665.0,1112003.9208948612
6599,HGS-TV,384665.0,1112064.1488153934
6600,HGS-TV,384665.0,1112124.1753818989
6601,HGS-TV,384665.0,1112422.5313847065
6602,HGS-TV,384665.0,1112674.4576830864
6603,HGS-TV,384665.0,1112821.3548865318
6604,HGS-TV,384665.0,1113096.8435082436
6605,HGS-TV,384665.0,1113156.882683754
6606,HGS-TV,384665.0,1113230.1144897938
6607,HGS-TV,384665.0,1113325.0071566105
6608,HGS-TV,384665.0,1113952.694565773
6609,HGS-TV,384665.0,1114207.87920022
6610,HGS-TV,384665.0,1114461.4339220524
6611,HGS-TV,384665.0,1114748.5242199898
6612,HGS-TV,384665.0,1115228.591448307
6613,HGS-TV,384665.0,1115645.4138848782
6614,HGS-TV,384665.0,1116231.0667750835
6615,HGS-TV,384665.0,1116553.3202712536
6616,HGS-TV,384665.0,1116779.9724988937
6617,HGS-TV,384665.0,1118340.3746461868
6618,HGS-TV,384665.0,1118400.4264719486
6619,HGS-TV,384665.0,1118520.9467339516
6620,HGS-TV,384665.0,1118973.6235814095
6621,HGS-TV,384665.0,1119033.803286314
6622,HGS-TV,384665.0,1119180.8963403702
6623,HGS-TV,384665.0,1120551.0605793
