id,algo_name,score,runningtime
1,ails2_etaMax0.005_stoppingTime86400.00,383852.0,61.23006494140625
2,ails2_etaMax0.020_stoppingTime86400.00,384045.0,61.75406494140625
3,ails2_etaMax1.000_stoppingTime432000.00,386176.0,15.15006494140625
4,ails2_eoh_acc_large,384551.0,60.26506494140625
5,ails2_etaMax1.000_stoppingTime864000.00,385721.0,20.48206494140625
6,ails2_etaMax1.000_stoppingTime86400.00,385729.0,51.13206494140625
7,ails2_eoh_omega2,382730.0,61.75206494140625
8,ails2_etaMax0.010_stoppingTime432000.00,383645.0,53.11806494140625
9,ails2_eoh_acc,383395.0,61.95706494140625
10,ails2_etaMax1.000_stoppingTime1728000.00,386320.0,51.55406494140625
11,filo2,393731.0,89.62153601646423
12,HGS-TV,398118.0,92.23244166374207
13,ails2_etaMax0.005_stoppingTime86400.00,383754.0,101.62906494140626
14,ails2_etaMax1.000_stoppingTime432000.00,385632.0,111.90106494140625
15,ails2_etaMax0.020_stoppingTime86400.00,382938.0,122.50106494140626
16,ails2_eoh_acc_large,384443.0,120.50106494140626
17,ails2_etaMax0.010_stoppingTime432000.00,383397.0,115.69806494140624
18,ails2_eoh_omega2,382408.0,115.21206494140625
19,ails2_eoh_acc,383058.0,123.80106494140625
20,ails2_etaMax1.000_stoppingTime1728000.00,385486.0,88.97506494140625
21,filo2,393603.0,149.83056116104126
22,HGS-TV,397838.0,152.2493269443512
23,ails2_eoh_acc_large,384438.0,156.40506494140624
24,ails2_etaMax0.020_stoppingTime86400.00,382650.0,178.20006494140625
25,ails2_etaMax0.005_stoppingTime86400.00,383683.0,171.52406494140624
26,ails2_etaMax0.010_stoppingTime432000.00,382867.0,183.92606494140625
27,ails2_eoh_omega2,382299.0,166.11006494140625
28,ails2_eoh_acc,383029.0,179.82306494140624
29,ails2_etaMax1.000_stoppingTime86400.00,385672.0,187.43506494140624
30,ails2_etaMax1.000_stoppingTime432000.00,385589.0,212.31606494140624
31,HGS-TV,393026.0,212.52875018119812
32,ails2_etaMax0.005_stoppingTime86400.00,383361.0,238.74806494140626
33,ails2_eoh_acc_large,384373.0,241.90906494140626
34,ails2_etaMax0.020_stoppingTime86400.00,382519.0,244.58006494140625
35,ails2_eoh_omega2,382254.0,206.25406494140626
36,ails2_etaMax0.010_stoppingTime432000.00,382671.0,245.63606494140626
37,ails2_eoh_acc,382965.0,245.08906494140626
38,ails2_etaMax1.000_stoppingTime86400.00,385554.0,187.50006494140624
39,ails2_etaMax1.000_stoppingTime432000.00,385519.0,212.34406494140626
40,HGS-TV,390552.0,272.8744821548462
41,ails2_etaMax0.020_stoppingTime86400.00,381359.0,303.73706494140623
42,ails2_eoh_acc_large,383802.0,305.33406494140627
43,ails2_etaMax0.005_stoppingTime86400.00,382895.0,277.71706494140625
44,ails2_etaMax0.010_stoppingTime432000.00,382661.0,283.4030649414062
45,ails2_eoh_acc,382802.0,304.73906494140624
46,ails2_etaMax1.000_stoppingTime1728000.00,385474.0,313.18306494140626
47,ails2_etaMax1.000_stoppingTime86400.00,385519.0,325.73106494140626
48,HGS-TV,388688.0,332.9098045825958
49,ails2_etaMax1.000_stoppingTime432000.00,385411.0,282.01806494140624
50,ails2_etaMax1.000_stoppingTime864000.00,385650.0,336.99606494140625
51,ails2_etaMax0.005_stoppingTime86400.00,382446.0,366.82306494140624
52,ails2_eoh_acc_large,383685.0,366.11206494140623
53,ails2_etaMax0.020_stoppingTime86400.00,381078.0,365.14206494140626
54,ails2_etaMax0.010_stoppingTime432000.00,382631.0,367.67806494140626
55,ails2_eoh_acc,382739.0,364.77406494140627
56,ails2_etaMax1.000_stoppingTime1728000.00,385405.0,313.2110649414063
57,HGS-TV,387783.0,392.9503495693207
58,ails2_etaMax1.000_stoppingTime864000.00,385585.0,337.0740649414063
59,ails2_eoh_omega2,382132.0,400.77006494140625
60,ails2_etaMax0.005_stoppingTime86400.00,382340.0,406.2400649414063
61,ails2_etaMax0.020_stoppingTime86400.00,381001.0,385.75506494140626
62,ails2_eoh_acc_large,383680.0,410.64806494140623
63,ails2_etaMax0.010_stoppingTime432000.00,382459.0,427.51206494140627
64,ails2_eoh_acc,382528.0,427.80906494140623
65,HGS-TV,387400.0,453.0848274230957
66,ails2_eoh_omega2,381677.0,458.72206494140624
67,ails2_etaMax0.005_stoppingTime86400.00,382332.0,446.60806494140627
68,ails2_eoh_acc_large,383676.0,479.48106494140626
69,ails2_etaMax0.010_stoppingTime432000.00,382452.0,482.84606494140627
70,ails2_eoh_acc,382516.0,486.3670649414062
71,HGS-TV,386751.0,513.2305836677551
72,ails2_etaMax1.000_stoppingTime86400.00,385161.0,516.1960649414062
73,ails2_eoh_omega2,381653.0,465.93806494140625
74,ails2_etaMax0.020_stoppingTime86400.00,380998.0,548.2450649414062
75,ails2_eoh_acc,382515.0,531.0500649414063
76,ails2_etaMax0.010_stoppingTime432000.00,382450.0,555.8370649414062
77,ails2_etaMax0.005_stoppingTime86400.00,382326.0,559.8810649414063
78,HGS-TV,386553.0,573.3220663070679
79,ails2_etaMax1.000_stoppingTime86400.00,385059.0,516.4040649414062
80,ails2_eoh_omega2,381638.0,556.2430649414063
81,ails2_etaMax1.000_stoppingTime864000.00,385330.0,594.1400649414062
82,ails2_eoh_acc_large,383675.0,595.7830649414062
83,ails2_etaMax0.020_stoppingTime86400.00,380942.0,607.1830649414062
84,ails2_eoh_acc,382513.0,610.4690649414063
85,ails2_etaMax0.010_stoppingTime432000.00,382432.0,585.7700649414063
86,ails2_etaMax0.005_stoppingTime86400.00,382085.0,602.7550649414062
87,HGS-TV,386035.0,633.4217739105225
88,ails2_etaMax0.020_stoppingTime86400.00,380903.0,662.9470649414062
89,ails2_eoh_acc,382511.0,642.4670649414063
90,ails2_etaMax0.005_stoppingTime86400.00,382069.0,679.7540649414062
91,ails2_eoh_acc_large,383647.0,688.2890649414062
92,HGS-TV,385440.0,693.4616785049438
93,ails2_etaMax1.000_stoppingTime432000.00,385407.0,698.0840649414063
94,ails2_etaMax0.020_stoppingTime86400.00,380828.0,699.6790649414063
95,ails2_eoh_acc,382510.0,685.6000649414062
96,ails2_etaMax0.005_stoppingTime86400.00,382049.0,720.0360649414063
97,ails2_eoh_acc_large,383623.0,740.7030649414063
98,ails2_etaMax1.000_stoppingTime432000.00,385403.0,698.1130649414063
99,HGS-TV,385409.0,765.6161556243896
100,ails2_etaMax0.020_stoppingTime86400.00,380813.0,758.4410649414062
101,ails2_eoh_acc,382509.0,793.4850649414062
102,ails2_etaMax0.005_stoppingTime86400.00,382048.0,796.7680649414062
103,ails2_etaMax0.010_stoppingTime432000.00,382394.0,809.4200649414063
104,ails2_eoh_acc_large,383620.0,808.8570649414063
105,HGS-TV,384866.0,825.7168164253235
106,ails2_etaMax0.020_stoppingTime86400.00,380793.0,848.9780649414063
107,ails2_eoh_omega2,381594.0,855.1270649414063
108,ails2_etaMax0.005_stoppingTime86400.00,382040.0,809.9750649414062
109,ails2_etaMax0.010_stoppingTime432000.00,382344.0,851.9480649414063
110,ails2_eoh_acc_large,383619.0,827.0670649414062
111,HGS-TV,384483.0,885.8246281147003
112,ails2_eoh_acc,382508.0,895.2020649414062
113,ails2_eoh_omega2,381488.0,904.9280649414062
114,ails2_etaMax1.000_stoppingTime1728000.00,385107.0,921.2470649414063
115,ails2_etaMax0.010_stoppingTime432000.00,382303.0,904.5120649414063
116,ails2_eoh_acc_large,383618.0,890.1980649414063
117,HGS-TV,384250.0,945.9152555465698
118,ails2_eoh_acc,382507.0,928.1430649414062
119,ails2_eoh_omega2,381457.0,949.1540649414062
120,ails2_etaMax1.000_stoppingTime1728000.00,385096.0,921.2690649414062
121,ails2_eoh_acc_large,383617.0,996.2860649414063
122,ails2_etaMax0.010_stoppingTime432000.00,382302.0,1001.6390649414062
123,HGS-TV,384245.0,1024.0144438743591
124,ails2_eoh_omega2,381416.0,1026.3180649414062
125,ails2_etaMax0.010_stoppingTime432000.00,382272.0,1023.3390649414063
126,HGS-TV,383864.0,1084.0207688808441
127,ails2_eoh_omega2,381397.0,1096.1730649414062
128,ails2_eoh_acc,382506.0,1105.6580649414063
129,ails2_etaMax1.000_stoppingTime432000.00,385143.0,1118.0800649414064
130,ails2_etaMax0.010_stoppingTime432000.00,382258.0,1119.9650649414064
131,HGS-TV,383741.0,1144.0439157485962
132,ails2_eoh_acc,382504.0,1125.3400649414064
133,ails2_etaMax1.000_stoppingTime432000.00,385125.0,1118.2270649414063
134,ails2_etaMax0.010_stoppingTime432000.00,382257.0,1172.5010649414062
135,ails2_eoh_omega2,381392.0,1204.6790649414063
136,ails2_etaMax1.000_stoppingTime864000.00,385300.0,1238.0000649414062
137,HGS-TV,383733.0,1238.4732151031494
138,ails2_etaMax0.020_stoppingTime86400.00,380791.0,1250.6240649414062
139,ails2_eoh_omega2,381388.0,1204.7560649414063
140,ails2_etaMax1.000_stoppingTime86400.00,385032.0,1280.1960649414063
141,HGS-TV,383666.0,1298.5146057605743
142,ails2_etaMax1.000_stoppingTime864000.00,385290.0,1238.0520649414063
143,ails2_etaMax0.020_stoppingTime86400.00,380787.0,1288.5860649414062
144,ails2_etaMax1.000_stoppingTime86400.00,384850.0,1280.7970649414062
145,ails2_eoh_acc,382503.0,1349.4440649414062
146,HGS-TV,383600.0,1358.5911507606506
147,ails2_etaMax0.020_stoppingTime86400.00,380784.0,1362.8430649414063
148,ails2_etaMax0.005_stoppingTime86400.00,382039.0,1372.8400649414064
149,ails2_etaMax0.010_stoppingTime432000.00,382215.0,1388.8840649414062
150,ails2_eoh_omega2,381385.0,1403.3760649414062
151,HGS-TV,383550.0,1418.6452941894531
152,ails2_etaMax0.020_stoppingTime86400.00,380772.0,1385.0970649414062
153,ails2_etaMax0.005_stoppingTime86400.00,382019.0,1375.8700649414063
154,ails2_etaMax0.010_stoppingTime432000.00,382069.0,1447.3730649414063
155,ails2_eoh_omega2,381378.0,1405.7450649414063
156,HGS-TV,383424.0,1478.6967420578003
157,ails2_etaMax0.020_stoppingTime86400.00,380758.0,1491.9520649414062
158,ails2_etaMax0.005_stoppingTime86400.00,382007.0,1480.2300649414062
159,ails2_eoh_acc_large,383616.0,1501.8790649414063
160,ails2_etaMax0.010_stoppingTime432000.00,382048.0,1494.6590649414063
161,HGS-TV,383375.0,1538.781212091446
162,ails2_eoh_omega2,381377.0,1546.0690649414062
163,ails2_etaMax0.005_stoppingTime86400.00,382004.0,1495.2750649414063
164,ails2_eoh_acc_large,383608.0,1569.0000649414062
165,ails2_etaMax0.010_stoppingTime432000.00,382047.0,1548.5160649414063
166,ails2_etaMax0.020_stoppingTime86400.00,380757.0,1595.9640649414061
167,HGS-TV,383276.0,1598.8760404586792
168,ails2_eoh_omega2,381343.0,1584.6690649414063
169,ails2_eoh_acc_large,383414.0,1612.3290649414062
170,ails2_etaMax0.020_stoppingTime86400.00,380745.0,1642.6380649414064
171,HGS-TV,383062.0,1658.8806381225586
172,ails2_eoh_acc_large,383406.0,1687.9570649414063
173,ails2_etaMax0.010_stoppingTime432000.00,382041.0,1699.2550649414063
174,HGS-TV,383023.0,1719.0134665966034
175,ails2_eoh_acc_large,383404.0,1751.4680649414063
176,ails2_etaMax0.010_stoppingTime432000.00,381955.0,1740.2990649414062
177,HGS-TV,382954.0,1779.0758564472198
178,ails2_eoh_acc_large,383329.0,1809.3930649414062
179,ails2_etaMax0.010_stoppingTime432000.00,381943.0,1809.0100649414062
180,HGS-TV,382910.0,1839.2049350738525
181,ails2_eoh_omega2,381340.0,1848.1900649414063
182,ails2_eoh_acc_large,383324.0,1832.6350649414062
183,ails2_etaMax0.010_stoppingTime432000.00,381932.0,1838.5740649414063
184,HGS-TV,382877.0,1899.3090724945068
185,ails2_eoh_omega2,381330.0,1848.6370649414062
186,ails2_eoh_acc_large,383322.0,1917.9550649414064
187,HGS-TV,382851.0,1959.3337380886078
188,ails2_etaMax0.010_stoppingTime432000.00,381930.0,2009.2040649414062
189,ails2_eoh_acc_large,383318.0,2011.0420649414064
190,HGS-TV,382827.0,2019.3624980449677
191,ails2_etaMax0.005_stoppingTime86400.00,382000.0,2048.7210649414064
192,ails2_etaMax0.010_stoppingTime432000.00,381924.0,2009.5280649414062
193,ails2_eoh_acc_large,383311.0,2037.9500649414063
194,HGS-TV,382806.0,2093.1873779296875
195,ails2_eoh_omega2,381329.0,2099.086064941406
196,ails2_etaMax0.005_stoppingTime86400.00,381998.0,2049.8260649414065
197,ails2_eoh_acc_large,383309.0,2083.295064941406
198,HGS-TV,382741.0,2153.2578213214874
199,ails2_eoh_acc_large,383296.0,2193.244064941406
200,HGS-TV,382734.0,2241.463407278061
201,ails2_eoh_acc_large,383293.0,2242.8660649414064
202,ails2_eoh_acc_large,383292.0,2289.6330649414062
203,HGS-TV,382732.0,2356.817481279373
204,ails2_etaMax0.005_stoppingTime86400.00,381996.0,2394.6330649414062
205,HGS-TV,382722.0,2416.844487428665
206,ails2_etaMax0.020_stoppingTime86400.00,380738.0,2418.521064941406
207,ails2_etaMax0.005_stoppingTime86400.00,381992.0,2396.697064941406
208,ails2_etaMax0.020_stoppingTime86400.00,380697.0,2444.420064941406
209,ails2_etaMax1.000_stoppingTime86400.00,384817.0,2510.724064941406
210,HGS-TV,382720.0,2542.328605890274
211,ails2_etaMax1.000_stoppingTime86400.00,384561.0,2511.4040649414064
212,HGS-TV,382718.0,2602.4192583560944
213,ails2_etaMax0.010_stoppingTime432000.00,381920.0,2618.9120649414062
214,ails2_etaMax1.000_stoppingTime86400.00,384531.0,2652.4460649414063
215,HGS-TV,382694.0,2662.496306180954
216,ails2_etaMax0.010_stoppingTime432000.00,381912.0,2619.282064941406
217,ails2_etaMax1.000_stoppingTime86400.00,384255.0,2652.8550649414065
218,HGS-TV,382682.0,2722.5270640850067
219,ails2_etaMax1.000_stoppingTime864000.00,385167.0,2729.0930649414063
220,ails2_etaMax0.010_stoppingTime432000.00,381907.0,2776.706064941406
221,HGS-TV,382343.0,2782.5767917633057
222,ails2_etaMax0.010_stoppingTime432000.00,381901.0,2777.6270649414064
223,HGS-TV,382340.0,2842.7343986034393
224,HGS-TV,382252.0,2902.792120695114
225,HGS-TV,382218.0,2962.8294236660004
226,ails2_etaMax0.005_stoppingTime86400.00,381957.0,2978.7870649414062
227,HGS-TV,382152.0,3022.863530397415
228,ails2_eoh_omega2,381324.0,3028.9030649414062
229,ails2_etaMax0.005_stoppingTime86400.00,381897.0,2996.061064941406
230,ails2_etaMax0.010_stoppingTime432000.00,381900.0,3077.784064941406
231,HGS-TV,382045.0,3082.918048143387
232,ails2_eoh_omega2,381301.0,3070.117064941406
233,ails2_etaMax0.005_stoppingTime86400.00,381883.0,3144.128064941406
234,ails2_eoh_acc_large,383291.0,3174.699064941406
235,ails2_etaMax0.005_stoppingTime86400.00,381868.0,3145.992064941406
236,ails2_etaMax0.020_stoppingTime86400.00,380696.0,3229.7290649414062
237,HGS-TV,382031.0,3257.641488313675
238,ails2_etaMax0.005_stoppingTime86400.00,381800.0,3258.782064941406
239,ails2_etaMax0.020_stoppingTime86400.00,380690.0,3236.202064941406
240,HGS-TV,381985.0,3317.7099373340607
241,ails2_eoh_omega2,381300.0,3321.2780649414062
242,ails2_etaMax0.005_stoppingTime86400.00,381792.0,3298.793064941406
243,ails2_etaMax0.010_stoppingTime432000.00,381894.0,3336.666064941406
244,ails2_eoh_acc_large,383290.0,3358.831064941406
245,HGS-TV,381981.0,3377.8050150871277
246,ails2_eoh_omega2,381293.0,3352.0600649414064
247,ails2_etaMax0.005_stoppingTime86400.00,381786.0,3368.264064941406
248,ails2_etaMax1.000_stoppingTime864000.00,385135.0,3394.5490649414064
249,ails2_etaMax0.010_stoppingTime432000.00,381882.0,3362.5560649414065
250,HGS-TV,381974.0,3437.8370323181152
251,ails2_etaMax1.000_stoppingTime864000.00,384620.0,3394.849064941406
252,HGS-TV,381944.0,3497.8993418216705
253,HGS-TV,381941.0,3557.9326815605164
254,ails2_eoh_acc_large,383289.0,3576.934064941406
255,filo2,380645.0,3677.671820163727
256,ails2_eoh_acc,380689.0,3821.592064941406
257,HGS-TV,380655.0,3847.8660295009613
258,ails2_eoh_acc,380687.0,3827.2270649414063
259,ails2_eoh_acc,380686.0,3884.1510649414063
260,HGS-TV,380654.0,3943.882180213928
261,ails2_eoh_acc,380685.0,3943.302064941406
262,HGS-TV,380651.0,4003.977427959442
263,HGS-TV,380637.0,4064.047564268112
264,ails2_eoh_acc_large,380689.0,4097.316064941407
265,ails2_eoh_acc,380684.0,4111.643064941406
266,HGS-TV,380632.0,4124.145217180252
267,ails2_eoh_acc,380683.0,4135.821064941406
268,HGS-TV,380630.0,4184.17004275322
269,ails2_etaMax0.005_stoppingTime86400.00,380688.0,4204.227064941406
270,ails2_etaMax1.000_stoppingTime432000.00,384992.0,4219.238064941406
271,ails2_eoh_acc_large,380688.0,4229.249064941407
272,ails2_eoh_acc,380682.0,4209.600064941406
273,ails2_eoh_omega2,381292.0,4233.119064941407
274,HGS-TV,380626.0,4244.191646575928
275,ails2_etaMax0.005_stoppingTime86400.00,380671.0,4210.039064941407
276,ails2_etaMax1.000_stoppingTime432000.00,384922.0,4219.263064941406
277,ails2_eoh_acc_large,380687.0,4259.111064941406
278,ails2_etaMax0.005_stoppingTime86400.00,380668.0,4311.193064941406
279,ails2_eoh_acc_large,380686.0,4305.020064941406
280,HGS-TV,380624.0,4357.81338763237
281,ails2_eoh_omega2,381290.0,4362.4670649414065
282,ails2_etaMax1.000_stoppingTime432000.00,384846.0,4388.1720649414065
283,ails2_eoh_acc,380672.0,4406.730064941406
284,ails2_eoh_omega2,381288.0,4362.514064941406
285,ails2_eoh_acc_large,380685.0,4423.584064941406
286,HGS-TV,380619.0,4451.894003391266
287,ails2_eoh_acc,380663.0,4421.165064941406
288,HGS-TV,380617.0,4511.979033231735
289,ails2_eoh_acc,380660.0,4511.398064941406
290,ails2_etaMax0.005_stoppingTime86400.00,380667.0,4557.303064941406
291,ails2_etaMax1.000_stoppingTime86400.00,384240.0,4559.886064941406
292,ails2_etaMax0.005_stoppingTime86400.00,380661.0,4557.782064941406
293,HGS-TV,380614.0,4635.927806377411
294,ails2_etaMax1.000_stoppingTime86400.00,384233.0,4683.816064941407
295,ails2_etaMax1.000_stoppingTime86400.00,384224.0,4687.770064941406
296,HGS-TV,380613.0,4815.296322584152
297,ails2_eoh_acc,380659.0,4838.204064941407
298,HGS-TV,380612.0,4891.567770719528
299,ails2_eoh_acc_large,380684.0,4933.581064941406
300,HGS-TV,380611.0,5021.816828250885
301,ails2_eoh_acc,380651.0,5080.617064941406
302,HGS-TV,380610.0,5086.3939962387085
303,ails2_eoh_acc,380629.0,5121.354064941406
304,ails2_eoh_acc_large,380683.0,5142.803064941406
305,HGS-TV,380608.0,5146.426388025284
306,ails2_eoh_acc,380623.0,5180.2170649414065
307,HGS-TV,380607.0,5206.433784246445
308,ails2_eoh_acc_large,380682.0,5243.812064941406
309,HGS-TV,380606.0,5266.463701725006
310,ails2_eoh_acc,380622.0,5336.325064941406
311,ails2_etaMax1.000_stoppingTime1728000.00,385015.0,5454.618064941406
312,ails2_etaMax1.000_stoppingTime1728000.00,384866.0,5454.644064941406
313,HGS-TV,380604.0,5635.842403173447
314,ails2_eoh_acc_large,380681.0,5707.819064941406
315,ails2_etaMax1.000_stoppingTime86400.00,383759.0,5764.3820649414065
316,ails2_eoh_acc_large,380680.0,5770.557064941407
317,ails2_eoh_acc,380621.0,5809.318064941406
318,ails2_etaMax1.000_stoppingTime86400.00,383734.0,5764.444064941406
319,ails2_etaMax1.000_stoppingTime432000.00,384508.0,5828.862064941406
320,ails2_eoh_acc,380620.0,5855.869064941407
321,ails2_etaMax1.000_stoppingTime86400.00,383677.0,5870.657064941406
322,ails2_eoh_acc,380618.0,5926.299064941406
323,HGS-TV,380603.0,5973.5841183662415
324,ails2_eoh_acc,380617.0,5949.927064941407
325,ails2_etaMax0.005_stoppingTime86400.00,380660.0,6035.247064941406
326,ails2_etaMax0.005_stoppingTime86400.00,380657.0,6036.635064941406
327,ails2_eoh_omega2,381287.0,6143.480064941406
328,ails2_eoh_acc,380616.0,6251.839064941406
329,HGS-TV,380602.0,6288.687641859055
330,HGS-TV,380601.0,6361.344032049179
331,ails2_eoh_acc,380615.0,6426.509064941406
332,HGS-TV,380600.0,6694.253516197205
333,ails2_etaMax0.005_stoppingTime86400.00,380656.0,6733.783064941406
334,HGS-TV,380599.0,6759.694947719574
335,ails2_etaMax0.005_stoppingTime86400.00,380655.0,6733.826064941406
336,HGS-TV,380598.0,6843.265100955963
337,ails2_etaMax1.000_stoppingTime1728000.00,384843.0,7182.406064941406
338,ails2_eoh_acc_large,380679.0,7184.201064941406
339,ails2_etaMax1.000_stoppingTime1728000.00,384697.0,7182.6320649414065
340,HGS-TV,380597.0,7333.808018445969
341,HGS-TV,380596.0,7496.645122528076
342,ails2_etaMax1.000_stoppingTime86400.00,383653.0,7605.0470649414065
343,ails2_etaMax1.000_stoppingTime86400.00,383468.0,7622.195064941407
344,HGS-TV,380595.0,7749.149146556854
345,HGS-TV,380594.0,8055.005409479141
346,ails2_eoh_omega2,381286.0,8211.057064941406
347,ails2_eoh_omega2,381283.0,8211.119064941406
348,ails2_etaMax1.000_stoppingTime86400.00,383368.0,8944.282064941406
349,ails2_etaMax1.000_stoppingTime86400.00,383085.0,8945.570064941407
350,HGS-TV,380593.0,9076.048605918884
351,HGS-TV,380592.0,9736.157712936401
352,ails2_etaMax1.000_stoppingTime432000.00,384051.0,9938.093064941406
353,ails2_etaMax1.000_stoppingTime432000.00,384031.0,9938.127064941405
354,ails2_eoh_omega2,381279.0,10818.755064941406
355,HGS-TV,380591.0,10862.32148694992
356,ails2_eoh_omega2,381278.0,10818.780064941406
357,HGS-TV,380590.0,10922.332206010818
358,ails2_etaMax1.000_stoppingTime86400.00,383038.0,11054.837064941406
359,ails2_etaMax1.000_stoppingTime86400.00,383025.0,11054.859064941405
360,ails2_etaMax1.000_stoppingTime86400.00,382607.0,11148.364064941406
361,ails2_eoh_omega2,381275.0,11255.010064941407
362,ails2_eoh_omega2,381274.0,11255.038064941406
363,ails2_etaMax0.010_stoppingTime432000.00,381881.0,12221.310064941406
364,ails2_etaMax0.010_stoppingTime432000.00,381880.0,12221.523064941406
365,HGS-TV,380590.0,12703.189843893051
366,HGS-TV,380590.0,12763.233684539795
367,HGS-TV,380590.0,12823.276546955109
368,HGS-TV,380590.0,12883.294454813004
369,HGS-TV,380590.0,12943.34649515152
370,HGS-TV,380590.0,13003.423513650894
371,HGS-TV,380590.0,13063.539196252823
372,HGS-TV,380590.0,13123.551047801971
373,HGS-TV,380590.0,13183.566617965698
374,HGS-TV,380590.0,13243.653282165527
375,HGS-TV,380590.0,13303.677927732468
376,HGS-TV,380590.0,13363.699062108994
377,ails2_etaMax1.000_stoppingTime86400.00,382531.0,13393.649064941406
378,ails2_etaMax1.000_stoppingTime864000.00,384602.0,13401.297064941406
379,HGS-TV,380590.0,13423.738276958466
380,ails2_etaMax1.000_stoppingTime86400.00,382280.0,13424.242064941407
381,ails2_etaMax1.000_stoppingTime864000.00,384428.0,13402.788064941406
382,HGS-TV,380590.0,13483.76357126236
383,HGS-TV,380590.0,13543.827098369598
384,HGS-TV,380590.0,13603.905979156494
385,HGS-TV,380590.0,13664.016956567764
386,HGS-TV,380590.0,13724.021407365799
387,HGS-TV,380590.0,13784.033869028091
388,HGS-TV,380590.0,13844.082449913025
389,HGS-TV,380590.0,13904.163239002228
390,HGS-TV,380590.0,13964.170998334885
391,HGS-TV,380590.0,14024.183767318726
392,HGS-TV,380590.0,14084.220660448074
393,HGS-TV,380590.0,14144.293846130371
394,HGS-TV,380590.0,14204.39148736
395,HGS-TV,380590.0,14297.068108797073
396,HGS-TV,380590.0,14357.153264284134
397,HGS-TV,380590.0,14425.68191576004
398,HGS-TV,380590.0,14485.734808683395
399,HGS-TV,380590.0,14545.834733486176
400,HGS-TV,380590.0,14605.856475353241
401,ails2_etaMax1.000_stoppingTime86400.00,382225.0,14640.824064941406
402,HGS-TV,380590.0,14666.000922203064
403,ails2_etaMax1.000_stoppingTime86400.00,382129.0,14641.970064941406
404,HGS-TV,380590.0,14726.040507793427
405,HGS-TV,380590.0,14786.076023578644
406,HGS-TV,380590.0,14846.120338916779
407,HGS-TV,380590.0,14906.135694265366
408,HGS-TV,380590.0,14966.2270257473
409,HGS-TV,380590.0,15026.240724086761
410,HGS-TV,380590.0,15086.28572010994
411,HGS-TV,380590.0,15146.31580734253
412,HGS-TV,380590.0,15206.352873325348
413,HGS-TV,380590.0,15266.436881542206
414,HGS-TV,380590.0,15326.497517108917
415,HGS-TV,380590.0,15390.99899148941
416,HGS-TV,380590.0,15451.060551166534
417,HGS-TV,380590.0,15511.178485631943
418,HGS-TV,380590.0,15571.394638061523
419,HGS-TV,380590.0,15651.15543460846
420,ails2_etaMax1.000_stoppingTime86400.00,382123.0,15701.969064941406
421,HGS-TV,380590.0,15711.210488080978
422,ails2_etaMax1.000_stoppingTime86400.00,382047.0,15702.052064941407
423,HGS-TV,380590.0,15771.300355434418
424,HGS-TV,380590.0,15831.317602396011
425,HGS-TV,380590.0,15891.353305101395
426,HGS-TV,380590.0,15951.37820982933
427,HGS-TV,380590.0,16011.408125638962
428,HGS-TV,380590.0,16071.450235843658
429,HGS-TV,380590.0,16131.455104112625
430,HGS-TV,380590.0,16193.149427175522
431,HGS-TV,380590.0,16253.235280036926
432,HGS-TV,380590.0,16313.319111585617
433,HGS-TV,380590.0,16373.344291210175
434,HGS-TV,380590.0,16433.39573788643
435,HGS-TV,380590.0,16493.461292743683
436,HGS-TV,380590.0,16580.94721508026
437,HGS-TV,380590.0,16640.992589712143
438,HGS-TV,380590.0,16701.03196954727
439,ails2_etaMax1.000_stoppingTime86400.00,381836.0,16708.993064941405
440,HGS-TV,380590.0,16761.06741666794
441,ails2_etaMax1.000_stoppingTime86400.00,381796.0,16712.055064941407
442,ails2_etaMax1.000_stoppingTime86400.00,381555.0,16824.543064941405
443,HGS-TV,380590.0,16850.099910497665
444,ails2_etaMax1.000_stoppingTime86400.00,381330.0,16875.823064941407
445,HGS-TV,380590.0,16910.12078022957
446,HGS-TV,380590.0,17074.14948105812
447,HGS-TV,380590.0,17134.22341156006
448,HGS-TV,380590.0,17194.406403541565
449,HGS-TV,380590.0,17254.482322216034
450,HGS-TV,380590.0,17314.54800605774
451,HGS-TV,380590.0,17441.36536335945
452,HGS-TV,380590.0,17501.39287495613
453,HGS-TV,380590.0,17561.40536093712
454,HGS-TV,380590.0,17621.45978450775
455,ails2_etaMax1.000_stoppingTime864000.00,384411.0,17664.211064941406
456,HGS-TV,380590.0,17681.50801038742
457,ails2_etaMax1.000_stoppingTime864000.00,384357.0,17664.248064941406
458,HGS-TV,380590.0,17741.512891292572
459,HGS-TV,380590.0,17801.546563386917
460,HGS-TV,380590.0,17861.552861213684
461,HGS-TV,380590.0,17921.59097790718
462,HGS-TV,380590.0,17981.60181593895
463,HGS-TV,380590.0,18090.341738700867
464,HGS-TV,380590.0,18150.426731348038
465,HGS-TV,380590.0,18210.4478495121
466,HGS-TV,380590.0,18270.47709774971
467,HGS-TV,380590.0,18330.528925418854
468,HGS-TV,380590.0,18451.71070790291
469,HGS-TV,380590.0,18552.14999103546
470,HGS-TV,380590.0,18612.265905857086
471,HGS-TV,380590.0,18713.485614299774
472,HGS-TV,380590.0,18773.551481962204
473,HGS-TV,380590.0,18833.637798070908
474,HGS-TV,380590.0,18919.952049016953
475,HGS-TV,380590.0,18979.98685669899
476,HGS-TV,380590.0,19075.45275425911
477,HGS-TV,380590.0,19194.1048078537
478,HGS-TV,380590.0,19383.08714556694
479,HGS-TV,380590.0,19492.577978372574
480,ails2_etaMax1.000_stoppingTime432000.00,383977.0,19684.101064941406
481,ails2_etaMax1.000_stoppingTime432000.00,383974.0,19684.161064941407
482,ails2_etaMax1.000_stoppingTime86400.00,381322.0,19882.988064941404
483,ails2_etaMax1.000_stoppingTime86400.00,381313.0,19883.018064941407
484,ails2_etaMax1.000_stoppingTime86400.00,381304.0,20020.176064941406
485,HGS-TV,380590.0,20051.830390930176
486,ails2_etaMax1.000_stoppingTime86400.00,381246.0,20020.659064941407
487,HGS-TV,380590.0,20343.831995487213
488,HGS-TV,380590.0,20403.843690872192
489,HGS-TV,380590.0,20483.35867190361
490,ails2_etaMax1.000_stoppingTime864000.00,384220.0,20545.207064941405
491,HGS-TV,380590.0,20567.409527778625
492,HGS-TV,380590.0,20627.431044101715
493,HGS-TV,380590.0,20687.543875217438
494,HGS-TV,380590.0,20747.581426143646
495,HGS-TV,380590.0,20829.291314840317
496,HGS-TV,380590.0,20900.20655965805
497,HGS-TV,380590.0,21067.031829595566
498,HGS-TV,380590.0,21127.063544988632
499,ails2_etaMax1.000_stoppingTime86400.00,381244.0,21169.690064941406
500,HGS-TV,380590.0,21187.125215291977
501,ails2_etaMax1.000_stoppingTime86400.00,381131.0,21171.257064941405
502,HGS-TV,380590.0,21332.334622621536
503,HGS-TV,380590.0,21427.11004281044
504,ails2_etaMax1.000_stoppingTime86400.00,381097.0,21458.640064941406
505,HGS-TV,380590.0,21487.149391889572
506,ails2_etaMax1.000_stoppingTime86400.00,381096.0,21458.661064941407
507,HGS-TV,380590.0,21591.99790430069
508,HGS-TV,380590.0,21795.73269200325
509,HGS-TV,380590.0,22079.125575065613
510,HGS-TV,380590.0,22220.976196289062
511,HGS-TV,380590.0,22679.590584993362
512,HGS-TV,380590.0,22794.990736484528
513,HGS-TV,380590.0,22855.079174041748
514,ails2_etaMax1.000_stoppingTime86400.00,381069.0,23000.364064941405
515,HGS-TV,380590.0,23004.89195585251
516,ails2_etaMax1.000_stoppingTime86400.00,380915.0,23020.393064941407
517,HGS-TV,380590.0,23065.07436490059
518,HGS-TV,380590.0,23125.119893550873
519,HGS-TV,380590.0,23185.14879131317
520,HGS-TV,380590.0,23256.52270913124
521,ails2_etaMax1.000_stoppingTime86400.00,380913.0,23256.741064941405
522,HGS-TV,380590.0,23347.724556684494
523,ails2_etaMax1.000_stoppingTime86400.00,380878.0,23370.597064941405
524,ails2_etaMax0.010_stoppingTime432000.00,381878.0,23381.401064941405
525,HGS-TV,380590.0,23407.774834632874
526,ails2_etaMax1.000_stoppingTime86400.00,380850.0,23370.691064941406
527,HGS-TV,380590.0,23467.900391101837
528,HGS-TV,380590.0,23532.321789741516
529,HGS-TV,380590.0,23608.39640069008
530,ails2_etaMax1.000_stoppingTime86400.00,380826.0,23656.084064941406
531,HGS-TV,380590.0,23668.401245832443
532,ails2_etaMax1.000_stoppingTime86400.00,380751.0,23668.664064941408
533,HGS-TV,380590.0,23728.41348695755
534,HGS-TV,380590.0,23830.91569519043
535,HGS-TV,380590.0,23922.47506403923
536,HGS-TV,380590.0,23982.52171444893
537,HGS-TV,380590.0,24042.543474197388
538,HGS-TV,380590.0,24102.5758664608
539,HGS-TV,380590.0,24162.619699001312
540,HGS-TV,380590.0,24257.020834207535
541,HGS-TV,380590.0,24317.085417985916
542,HGS-TV,380590.0,24439.03398823738
543,HGS-TV,380590.0,24624.934407949448
544,HGS-TV,380590.0,24870.867576122284
545,HGS-TV,380590.0,24930.87008333206
546,HGS-TV,380590.0,25327.165095090866
547,ails2_etaMax1.000_stoppingTime1728000.00,384612.0,25468.342064941407
548,ails2_etaMax1.000_stoppingTime1728000.00,384575.0,25468.364064941405
549,HGS-TV,380590.0,25685.169434070587
550,ails2_etaMax1.000_stoppingTime86400.00,380741.0,25778.164064941408
551,ails2_etaMax1.000_stoppingTime86400.00,380733.0,25778.218064941408
552,HGS-TV,380590.0,26086.282536029816
553,HGS-TV,380590.0,26330.923194885254
554,HGS-TV,380590.0,26395.269978284836
555,HGS-TV,380590.0,26455.29114127159
556,HGS-TV,380590.0,26536.776590824127
557,HGS-TV,380590.0,26596.79498577118
558,HGS-TV,380590.0,26656.80185341835
559,HGS-TV,380590.0,26716.81052327156
560,HGS-TV,380590.0,26776.950236558914
561,HGS-TV,380590.0,26865.08489203453
562,HGS-TV,380590.0,26925.112149477005
563,ails2_etaMax1.000_stoppingTime86400.00,380728.0,26979.534064941407
564,HGS-TV,380590.0,26985.341292858124
565,ails2_etaMax1.000_stoppingTime86400.00,380711.0,27013.146064941408
566,HGS-TV,380590.0,27045.43432545662
567,HGS-TV,380590.0,27227.698260307312
568,ails2_etaMax1.000_stoppingTime86400.00,380710.0,27231.850064941405
569,ails2_etaMax1.000_stoppingTime86400.00,380655.0,27231.916064941408
570,ails2_etaMax1.000_stoppingTime432000.00,383917.0,27336.583064941406
571,HGS-TV,380590.0,27348.371758461
572,ails2_etaMax1.000_stoppingTime432000.00,383875.0,27336.775064941405
573,HGS-TV,380590.0,27485.4335167408
574,HGS-TV,380590.0,27545.49996471405
575,HGS-TV,380590.0,27605.55705666542
576,HGS-TV,380590.0,27724.88769340515
577,HGS-TV,380590.0,27784.89898633957
578,HGS-TV,380590.0,27844.92088508606
579,HGS-TV,380590.0,27904.928253650665
580,HGS-TV,380590.0,27964.9952750206
581,HGS-TV,380590.0,28025.007871627808
582,HGS-TV,380590.0,28085.06278181076
583,HGS-TV,380590.0,28145.17399740219
584,HGS-TV,380590.0,28212.0369412899
585,HGS-TV,380590.0,28272.113521814346
586,ails2_eoh_omega2,381273.0,28279.553064941407
587,HGS-TV,380590.0,28332.219212293625
588,ails2_eoh_omega2,381270.0,28323.301064941406
589,ails2_eoh_omega2,381209.0,28356.010064941405
590,HGS-TV,380590.0,28406.378123283386
591,ails2_etaMax1.000_stoppingTime432000.00,383840.0,28440.450064941408
592,ails2_eoh_omega2,381189.0,28431.939064941405
593,HGS-TV,380590.0,28472.474326133728
594,ails2_etaMax1.000_stoppingTime432000.00,383825.0,28440.594064941408
595,HGS-TV,380590.0,28538.636584043503
596,HGS-TV,380590.0,28598.64853668213
597,ails2_etaMax1.000_stoppingTime1728000.00,384538.0,28711.163064941407
598,HGS-TV,380590.0,28721.134204387665
599,ails2_etaMax1.000_stoppingTime1728000.00,384536.0,28711.186064941405
600,HGS-TV,380590.0,28841.146470546722
601,HGS-TV,380590.0,29133.10529899597
602,ails2_etaMax1.000_stoppingTime432000.00,383812.0,29386.739064941405
603,ails2_etaMax1.000_stoppingTime432000.00,383789.0,29386.791064941408
604,HGS-TV,380590.0,29652.695460796356
605,HGS-TV,380590.0,29755.17711997032
606,HGS-TV,380590.0,30008.693695545197
607,HGS-TV,380590.0,30105.524708747864
608,HGS-TV,380590.0,30373.42320728302
609,HGS-TV,380590.0,30458.333487033844
610,HGS-TV,380590.0,30518.33957219124
611,HGS-TV,380590.0,30680.849338293076
612,HGS-TV,380590.0,30740.92519259453
613,HGS-TV,380590.0,30861.325134277344
614,ails2_etaMax1.000_stoppingTime86400.00,380654.0,31015.083064941406
615,ails2_etaMax1.000_stoppingTime86400.00,380609.0,31015.423064941406
616,ails2_etaMax1.000_stoppingTime86400.00,380602.0,31314.475064941405
617,ails2_eoh_omega2,381188.0,31345.653064941405
618,ails2_etaMax1.000_stoppingTime86400.00,380574.0,31314.563064941405
619,ails2_eoh_omega2,381187.0,31345.743064941405
620,ails2_etaMax1.000_stoppingTime432000.00,383779.0,31672.184064941408
621,ails2_etaMax1.000_stoppingTime432000.00,383642.0,32076.432064941408
622,ails2_etaMax1.000_stoppingTime432000.00,383639.0,32076.457064941405
623,ails2_etaMax1.000_stoppingTime86400.00,380555.0,32293.331064941405
624,ails2_etaMax1.000_stoppingTime86400.00,380507.0,32293.787064941407
625,ails2_eoh_acc_large,380406.0,32464.921064941405
626,ails2_eoh_acc_large,380390.0,32518.604064941406
627,filo2,380428.0,32547.410017967224
628,ails2_eoh_acc_large,380386.0,32586.150064941405
629,ails2_eoh_omega2,381185.0,32607.061064941405
630,ails2_eoh_acc_large,380375.0,32645.260064941405
631,ails2_eoh_acc_large,380370.0,32698.147064941408
632,HGS-TV,380462.0,32711.58245754242
633,HGS-TV,380410.0,32771.63688135147
634,HGS-TV,380409.0,32831.670043706894
635,ails2_eoh_acc_large,380369.0,32881.4820649414
636,HGS-TV,380405.0,32891.67104291916
637,ails2_eoh_acc_large,380349.0,32922.5730649414
638,HGS-TV,380392.0,32951.71929192543
639,ails2_eoh_acc_large,380347.0,32972.93806494141
640,HGS-TV,380383.0,33011.781472206116
641,ails2_eoh_acc_large,380346.0,33033.84306494141
642,HGS-TV,380379.0,33109.66315197945
643,ails2_eoh_acc_large,380345.0,33107.657064941406
644,ails2_eoh_acc,380499.0,33133.8910649414
645,HGS-TV,380376.0,33169.715745687485
646,ails2_eoh_acc_large,380343.0,33165.994064941406
647,ails2_eoh_acc,380356.0,33186.933064941404
648,HGS-TV,380372.0,33229.72847723961
649,ails2_eoh_acc_large,380342.0,33225.134064941405
650,ails2_eoh_acc,380347.0,33255.45306494141
651,HGS-TV,380368.0,33289.84056472778
652,ails2_eoh_acc,380336.0,33312.509064941405
653,ails2_eoh_acc_large,380341.0,33345.924064941406
654,HGS-TV,380364.0,33372.848818063736
655,ails2_eoh_acc,380334.0,33337.93606494141
656,ails2_eoh_acc_large,380340.0,33375.558064941404
657,ails2_eoh_acc,380327.0,33432.922064941406
658,ails2_eoh_acc_large,380339.0,33408.43006494141
659,HGS-TV,380363.0,33469.40251994133
660,ails2_eoh_acc,380322.0,33497.39206494141
661,HGS-TV,380360.0,33529.463080883026
662,ails2_eoh_acc,380314.0,33547.6410649414
663,HGS-TV,380353.0,33589.541273355484
664,ails2_eoh_acc,380313.0,33587.134064941405
665,HGS-TV,380341.0,33649.614295721054
666,HGS-TV,380338.0,33709.7305188179
667,HGS-TV,380333.0,33769.76979351044
668,ails2_eoh_omega2,381183.0,33786.0690649414
669,ails2_eoh_acc,380312.0,33869.041064941404
670,ails2_eoh_acc_large,380328.0,33904.82406494141
671,ails2_eoh_acc,380311.0,33881.67506494141
672,ails2_etaMax1.000_stoppingTime432000.00,383589.0,33944.189064941405
673,HGS-TV,380332.0,33953.128677368164
674,ails2_eoh_acc_large,380322.0,33956.31306494141
675,ails2_etaMax1.000_stoppingTime432000.00,383556.0,33944.221064941405
676,ails2_etaMax1.000_stoppingTime864000.00,384138.0,34012.812064941405
677,HGS-TV,380330.0,34013.1652610302
678,ails2_etaMax0.005_stoppingTime86400.00,380504.0,34021.25006494141
679,HGS-TV,380328.0,34073.24066591263
680,ails2_etaMax0.005_stoppingTime86400.00,380487.0,34029.210064941406
681,ails2_eoh_acc,380310.0,34093.0710649414
682,ails2_eoh_omega2,381181.0,34105.666064941404
683,HGS-TV,380324.0,34133.2460808754
684,ails2_etaMax0.020_stoppingTime86400.00,380504.0,34228.0730649414
685,HGS-TV,380323.0,34266.51562476158
686,ails2_etaMax0.005_stoppingTime86400.00,380486.0,34290.725064941405
687,ails2_eoh_acc,380309.0,34341.7870649414
688,ails2_etaMax0.005_stoppingTime86400.00,380482.0,34326.403064941405
689,ails2_eoh_acc,380308.0,34498.15606494141
690,HGS-TV,380319.0,34508.26769590378
691,ails2_eoh_acc,380307.0,34500.600064941405
692,HGS-TV,380317.0,34583.71078658104
693,ails2_eoh_acc,380280.0,34573.66506494141
694,ails2_eoh_acc_large,380321.0,34627.39206494141
695,ails2_eoh_acc,380277.0,34669.60306494141
696,ails2_eoh_acc_large,380320.0,34683.380064941404
697,HGS-TV,380316.0,34688.69967651367
698,ails2_eoh_acc,380276.0,34696.93006494141
699,HGS-TV,380315.0,34755.49429345131
700,ails2_etaMax0.005_stoppingTime86400.00,380481.0,34776.41106494141
701,ails2_eoh_acc,380275.0,34814.556064941404
702,ails2_etaMax0.005_stoppingTime86400.00,380463.0,34799.2320649414
703,HGS-TV,380314.0,34863.404812812805
704,ails2_eoh_acc,380274.0,34885.096064941405
705,ails2_etaMax0.005_stoppingTime86400.00,380456.0,34862.40206494141
706,ails2_eoh_acc,380273.0,34935.79206494141
707,ails2_etaMax0.005_stoppingTime86400.00,380455.0,35018.4290649414
708,ails2_eoh_acc_large,380314.0,35037.32206494141
709,ails2_eoh_acc_large,380311.0,35054.3190649414
710,ails2_etaMax0.005_stoppingTime86400.00,380454.0,35110.02706494141
711,HGS-TV,380313.0,35170.523607969284
712,ails2_etaMax0.005_stoppingTime86400.00,380427.0,35118.9270649414
713,HGS-TV,380312.0,35230.553980112076
714,ails2_eoh_acc_large,380310.0,35237.975064941405
715,ails2_eoh_acc,380272.0,35287.84506494141
716,ails2_eoh_acc,380256.0,35346.08906494141
717,HGS-TV,380311.0,35379.9373588562
718,ails2_eoh_acc,380254.0,35382.056064941404
719,ails2_eoh_acc,380252.0,35460.26406494141
720,ails2_eoh_acc,380251.0,35536.189064941405
721,HGS-TV,380310.0,35612.09108710289
722,ails2_eoh_acc,380250.0,35787.72406494141
723,HGS-TV,380309.0,35825.89513254166
724,ails2_eoh_acc,380249.0,35817.50406494141
725,ails2_etaMax1.000_stoppingTime432000.00,383317.0,36754.20106494141
726,ails2_etaMax1.000_stoppingTime86400.00,380505.0,36830.564064941405
727,ails2_etaMax1.000_stoppingTime86400.00,380503.0,36830.58906494141
728,ails2_etaMax1.000_stoppingTime864000.00,384137.0,37639.460064941406
729,ails2_etaMax1.000_stoppingTime864000.00,384103.0,37639.48906494141
730,ails2_etaMax1.000_stoppingTime432000.00,383292.0,37847.2680649414
731,ails2_etaMax1.000_stoppingTime432000.00,383082.0,37847.42106494141
732,HGS-TV,380249.0,38111.01029443741
733,HGS-TV,380249.0,38171.02462530136
734,HGS-TV,380249.0,38231.09643149376
735,ails2_eoh_acc,380248.0,38240.765064941406
736,HGS-TV,380249.0,38291.137563705444
737,HGS-TV,380249.0,38351.14946222305
738,HGS-TV,380249.0,38411.17641162872
739,HGS-TV,380249.0,38471.24734377861
740,HGS-TV,380249.0,38531.33601021767
741,HGS-TV,380249.0,38591.43603348732
742,ails2_etaMax1.000_stoppingTime86400.00,380498.0,38650.40206494141
743,HGS-TV,380249.0,38651.498208999634
744,HGS-TV,380249.0,38711.58557963371
745,HGS-TV,380249.0,38771.590230464935
746,HGS-TV,380249.0,38831.66421580315
747,HGS-TV,380249.0,38891.7012193203
748,HGS-TV,380249.0,38951.71887230873
749,HGS-TV,380249.0,39011.746953487396
750,HGS-TV,380249.0,39071.76699304581
751,ails2_etaMax1.000_stoppingTime432000.00,382960.0,39094.655064941406
752,ails2_etaMax0.010_stoppingTime432000.00,381875.0,39095.388064941406
753,ails2_etaMax1.000_stoppingTime864000.00,384035.0,39120.799064941406
754,HGS-TV,380249.0,39131.849385261536
755,ails2_etaMax1.000_stoppingTime864000.00,384016.0,39120.85306494141
756,HGS-TV,380249.0,39191.850085258484
757,HGS-TV,380249.0,39251.974172353745
758,ails2_etaMax1.000_stoppingTime86400.00,380495.0,39286.25806494141
759,HGS-TV,380249.0,39311.99578952789
760,ails2_etaMax1.000_stoppingTime86400.00,380483.0,39286.312064941405
761,HGS-TV,380249.0,39372.10830998421
762,HGS-TV,380249.0,39432.110030174255
763,HGS-TV,380249.0,39492.234337329865
764,HGS-TV,380249.0,39552.25597691536
765,ails2_etaMax1.000_stoppingTime864000.00,383827.0,40716.44906494141
766,ails2_etaMax1.000_stoppingTime864000.00,383675.0,40716.55506494141
767,ails2_etaMax1.000_stoppingTime86400.00,380481.0,41377.62706494141
768,ails2_etaMax1.000_stoppingTime86400.00,380475.0,41377.655064941406
769,HGS-TV,380247.0,41461.10793590546
770,ails2_eoh_acc,380247.0,41751.674064941406
771,ails2_etaMax1.000_stoppingTime432000.00,382948.0,42074.73906494141
772,ails2_etaMax1.000_stoppingTime432000.00,382834.0,42074.81706494141
773,HGS-TV,380246.0,42554.8862118721
774,ails2_etaMax1.000_stoppingTime86400.00,380473.0,43072.48706494141
775,ails2_etaMax1.000_stoppingTime86400.00,380462.0,43072.92606494141
776,ails2_etaMax1.000_stoppingTime86400.00,380452.0,43676.594064941404
777,ails2_etaMax1.000_stoppingTime86400.00,380441.0,43676.6580649414
778,HGS-TV,380246.0,44352.86120676994
779,HGS-TV,380246.0,44412.86680984497
780,HGS-TV,380246.0,44472.93108034134
781,HGS-TV,380246.0,44532.97313737869
782,HGS-TV,380246.0,44593.00462079048
783,HGS-TV,380246.0,44653.04869532585
784,HGS-TV,380246.0,44713.05926513672
785,HGS-TV,380246.0,44773.13167953491
786,ails2_etaMax1.000_stoppingTime1728000.00,384455.0,44777.1260649414
787,HGS-TV,380246.0,44833.201796770096
788,ails2_etaMax1.000_stoppingTime1728000.00,384267.0,44777.4270649414
789,HGS-TV,380246.0,44893.24630856514
790,HGS-TV,380246.0,44953.29621362686
791,HGS-TV,380246.0,45013.337901592255
792,HGS-TV,380246.0,45073.3997232914
793,HGS-TV,380246.0,45133.43258857727
794,HGS-TV,380246.0,45193.46706032753
795,HGS-TV,380246.0,45253.48574447632
796,HGS-TV,380246.0,45338.57571578026
797,HGS-TV,380246.0,45398.59506869316
798,HGS-TV,380246.0,45458.66032910347
799,HGS-TV,380246.0,45518.71572971344
800,ails2_etaMax1.000_stoppingTime86400.00,380440.0,45569.20506494141
801,HGS-TV,380246.0,45578.772632837296
802,ails2_etaMax1.000_stoppingTime86400.00,380437.0,45569.24806494141
803,HGS-TV,380246.0,45638.838639974594
804,HGS-TV,380246.0,45698.87843084335
805,HGS-TV,380246.0,45758.94257116318
806,ails2_etaMax1.000_stoppingTime86400.00,380436.0,45786.75406494141
807,HGS-TV,380246.0,45818.94575333595
808,HGS-TV,380246.0,45879.01734137535
809,HGS-TV,380246.0,45939.095190525055
810,HGS-TV,380246.0,45999.13846039772
811,HGS-TV,380246.0,46059.168914079666
812,ails2_etaMax1.000_stoppingTime86400.00,380434.0,46099.808064941404
813,HGS-TV,380246.0,46119.204104185104
814,ails2_eoh_omega2,381180.0,46167.52506494141
815,HGS-TV,380246.0,46179.2989821434
816,HGS-TV,380246.0,46239.361645936966
817,HGS-TV,380246.0,46299.406165361404
818,HGS-TV,380246.0,46359.46490931511
819,HGS-TV,380246.0,46419.55211162567
820,HGS-TV,380246.0,46479.630762815475
821,HGS-TV,380246.0,46539.70760345459
822,HGS-TV,380246.0,46599.72419786453
823,HGS-TV,380246.0,46659.75840425491
824,HGS-TV,380246.0,46719.794875621796
825,HGS-TV,380246.0,46779.821766376495
826,HGS-TV,380246.0,46839.90295624733
827,ails2_etaMax1.000_stoppingTime86400.00,380428.0,46876.9480649414
828,HGS-TV,380246.0,46899.929844379425
829,ails2_etaMax1.000_stoppingTime86400.00,380415.0,46895.437064941405
830,HGS-TV,380246.0,46959.99321770668
831,HGS-TV,380246.0,47020.05685758591
832,ails2_etaMax1.000_stoppingTime86400.00,380411.0,47043.48706494141
833,HGS-TV,380246.0,47080.05879807472
834,ails2_etaMax1.000_stoppingTime86400.00,380410.0,47044.848064941405
835,HGS-TV,380246.0,47140.07709121704
836,ails2_etaMax1.000_stoppingTime86400.00,380401.0,47121.310064941405
837,HGS-TV,380246.0,47200.15404391289
838,HGS-TV,380246.0,47260.23872733116
839,HGS-TV,380246.0,47320.24168872833
840,HGS-TV,380246.0,47380.31644201279
841,HGS-TV,380246.0,47440.33637928963
842,HGS-TV,380246.0,47500.42264223099
843,HGS-TV,380246.0,47577.01838135719
844,HGS-TV,380246.0,47637.0426864624
845,HGS-TV,380246.0,47697.06806564331
846,HGS-TV,380246.0,47757.068385601044
847,HGS-TV,380246.0,47817.07739853859
848,HGS-TV,380246.0,47877.16520547867
849,HGS-TV,380246.0,47937.21828460693
850,HGS-TV,380246.0,47997.261209487915
851,HGS-TV,380246.0,48057.30143451691
852,HGS-TV,380246.0,48117.42614984512
853,HGS-TV,380246.0,48177.47370958328
854,HGS-TV,380246.0,48237.4868786335
855,HGS-TV,380246.0,48297.547981500626
856,HGS-TV,380246.0,48384.24195933342
857,HGS-TV,380246.0,48444.29880523682
858,HGS-TV,380246.0,48504.36454081535
859,ails2_etaMax1.000_stoppingTime86400.00,380396.0,48510.187064941405
860,HGS-TV,380246.0,48564.428364515305
861,ails2_etaMax1.000_stoppingTime86400.00,380364.0,48525.308064941404
862,HGS-TV,380246.0,48645.39454507828
863,HGS-TV,380246.0,48709.86164546013
864,HGS-TV,380246.0,48769.88203001022
865,HGS-TV,380246.0,48829.98026371002
866,HGS-TV,380246.0,48890.044258356094
867,HGS-TV,380246.0,49053.18457698822
868,HGS-TV,380246.0,49113.25011610985
869,HGS-TV,380246.0,49194.81290984154
870,HGS-TV,380246.0,49254.81803846359
871,HGS-TV,380246.0,49361.273537397385
872,HGS-TV,380246.0,49468.02051997185
873,HGS-TV,380246.0,49528.025770902634
874,HGS-TV,380246.0,49595.62390565872
875,HGS-TV,380246.0,49655.7387740612
876,HGS-TV,380246.0,49723.93570423126
877,HGS-TV,380246.0,49783.97846388817
878,HGS-TV,380246.0,49844.0319416523
879,HGS-TV,380246.0,49904.10841822624
880,HGS-TV,380246.0,49964.213586091995
881,HGS-TV,380246.0,50024.220898389816
882,HGS-TV,380246.0,50099.576127290726
883,HGS-TV,380246.0,50222.18692111969
884,HGS-TV,380246.0,50336.865996837616
885,ails2_eoh_omega2,381179.0,50843.8760649414
886,HGS-TV,380246.0,50846.11420083046
887,ails2_eoh_omega2,381178.0,50843.91306494141
888,HGS-TV,380246.0,51112.67166543007
889,HGS-TV,380246.0,51172.7122232914
890,HGS-TV,380246.0,51269.97225642204
891,HGS-TV,380246.0,51367.9258351326
892,HGS-TV,380246.0,51468.33834385872
893,HGS-TV,380246.0,51528.51588964462
894,HGS-TV,380246.0,51588.5824277401
895,HGS-TV,380246.0,51648.69354104996
896,HGS-TV,380246.0,51730.3768184185
897,HGS-TV,380246.0,51790.477704286575
898,HGS-TV,380246.0,51938.59406852722
899,ails2_etaMax1.000_stoppingTime86400.00,380363.0,51973.187064941405
900,HGS-TV,380246.0,52120.17421913147
901,HGS-TV,380246.0,52180.186106681824
902,HGS-TV,380246.0,52240.208545446396
903,HGS-TV,380246.0,52327.630338430405
904,HGS-TV,380246.0,52387.66823410988
905,HGS-TV,380246.0,52447.707467556
906,HGS-TV,380246.0,52658.94739484787
907,HGS-TV,380246.0,52718.95834302902
908,HGS-TV,380246.0,52778.99291229248
909,HGS-TV,380246.0,52839.00208950043
910,HGS-TV,380246.0,52996.3989739418
911,HGS-TV,380246.0,53056.4017469883
912,HGS-TV,380246.0,53116.43871307373
913,HGS-TV,380246.0,53309.38007903099
914,HGS-TV,380246.0,53369.40921878815
915,HGS-TV,380246.0,53429.485214948654
916,HGS-TV,380246.0,53489.49079036713
917,ails2_etaMax1.000_stoppingTime432000.00,382822.0,53616.619064941406
918,HGS-TV,380246.0,53758.679114341736
919,ails2_etaMax1.000_stoppingTime432000.00,382761.0,53817.314064941405
920,ails2_etaMax1.000_stoppingTime432000.00,382699.0,53825.50206494141
921,HGS-TV,380246.0,53987.33804130554
922,HGS-TV,380246.0,54090.079679727554
923,HGS-TV,380246.0,54265.749118328094
924,HGS-TV,380246.0,54382.73141336441
925,HGS-TV,380246.0,54577.13336753845
926,HGS-TV,380246.0,55049.78263568878
927,HGS-TV,380246.0,55190.00613570213
928,HGS-TV,380246.0,55312.67849993706
929,HGS-TV,380246.0,55432.18541121483
930,HGS-TV,380246.0,55580.49573349953
931,HGS-TV,380246.0,55685.69862508774
932,HGS-TV,380246.0,55864.03707289696
933,ails2_eoh_omega2,381176.0,56301.86006494141
934,HGS-TV,380246.0,56464.43347740173
935,HGS-TV,380246.0,56724.87776732445
936,HGS-TV,380246.0,56784.884848833084
937,HGS-TV,380246.0,56844.99048614502
938,HGS-TV,380246.0,56963.78430700302
939,ails2_etaMax1.000_stoppingTime432000.00,382684.0,57540.25406494141
940,ails2_etaMax1.000_stoppingTime432000.00,382618.0,57540.297064941406
941,ails2_etaMax1.000_stoppingTime86400.00,380362.0,57937.26206494141
942,ails2_etaMax1.000_stoppingTime86400.00,380361.0,57937.6050649414
943,ails2_etaMax1.000_stoppingTime86400.00,380360.0,58204.98706494141
944,ails2_etaMax1.000_stoppingTime86400.00,380351.0,58205.04006494141
945,HGS-TV,380246.0,58859.66972231865
946,HGS-TV,380246.0,59091.012768268585
947,ails2_etaMax1.000_stoppingTime86400.00,380347.0,59286.274064941405
948,HGS-TV,380246.0,59709.604133844376
949,ails2_etaMax1.000_stoppingTime86400.00,380346.0,60715.17806494141
950,HGS-TV,380246.0,60850.155994176865
951,ails2_etaMax1.000_stoppingTime86400.00,380339.0,60872.272064941404
952,ails2_etaMax1.000_stoppingTime86400.00,380338.0,60872.39206494141
953,HGS-TV,380246.0,62111.51792097092
954,ails2_etaMax1.000_stoppingTime86400.00,380337.0,62152.51406494141
955,HGS-TV,380246.0,62181.51084923744
956,ails2_etaMax1.000_stoppingTime86400.00,380336.0,62152.54406494141
957,ails2_etaMax1.000_stoppingTime1728000.00,384153.0,62713.51706494141
958,ails2_etaMax1.000_stoppingTime432000.00,382614.0,62720.34706494141
959,ails2_etaMax1.000_stoppingTime432000.00,382394.0,62721.1240649414
960,ails2_etaMax1.000_stoppingTime86400.00,380334.0,63262.44706494141
961,ails2_etaMax1.000_stoppingTime86400.00,380326.0,63264.69506494141
962,ails2_etaMax0.010_stoppingTime432000.00,381872.0,63625.32206494141
963,HGS-TV,380246.0,64005.12052869797
964,HGS-TV,380246.0,64065.24790239334
965,ails2_etaMax1.000_stoppingTime432000.00,382386.0,64099.8020649414
966,HGS-TV,380246.0,64125.30597662926
967,ails2_etaMax1.000_stoppingTime432000.00,382385.0,64099.85806494141
968,HGS-TV,380246.0,64185.320776224136
969,HGS-TV,380246.0,64245.37126302719
970,HGS-TV,380246.0,64305.40302634239
971,HGS-TV,380246.0,64365.41407442093
972,HGS-TV,380246.0,64425.434837818146
973,HGS-TV,380246.0,64485.544670820236
974,HGS-TV,380246.0,64545.57649898529
975,HGS-TV,380246.0,64605.68241214752
976,HGS-TV,380246.0,64665.810025930405
977,HGS-TV,380246.0,64725.84294295311
978,HGS-TV,380246.0,64785.88565802574
979,HGS-TV,380246.0,64845.97867679596
980,HGS-TV,380246.0,64905.98356318474
981,HGS-TV,380246.0,64966.08383870125
982,HGS-TV,380246.0,65026.251792669296
983,ails2_etaMax1.000_stoppingTime86400.00,380324.0,65041.90906494141
984,HGS-TV,380246.0,65086.33204174042
985,ails2_etaMax1.000_stoppingTime86400.00,380318.0,65042.882064941405
986,HGS-TV,380246.0,65146.41830563545
987,HGS-TV,380246.0,65206.52295446396
988,HGS-TV,380246.0,65266.55289912224
989,HGS-TV,380246.0,65326.57342672348
990,HGS-TV,380246.0,65386.5991165638
991,HGS-TV,380246.0,65446.65227818489
992,HGS-TV,380246.0,65561.46395993233
993,ails2_etaMax0.010_stoppingTime432000.00,381870.0,65573.8530649414
994,HGS-TV,380246.0,65621.4806535244
995,ails2_etaMax0.010_stoppingTime432000.00,381868.0,65574.13206494141
996,HGS-TV,380246.0,65681.53597283363
997,HGS-TV,380246.0,65741.58507609367
998,HGS-TV,380246.0,65801.63177013397
999,ails2_etaMax1.000_stoppingTime432000.00,382359.0,65805.3380649414
1000,HGS-TV,380246.0,65861.69729828835
1001,ails2_etaMax1.000_stoppingTime432000.00,382249.0,65805.5690649414
1002,HGS-TV,380246.0,65921.70705413818
1003,HGS-TV,380246.0,65981.7257142067
1004,HGS-TV,380246.0,66041.73749303818
1005,HGS-TV,380246.0,66108.9939649105
1006,HGS-TV,380246.0,66169.06242513657
1007,HGS-TV,380246.0,66229.16260027885
1008,HGS-TV,380246.0,66305.88819909096
1009,HGS-TV,380246.0,66365.95702171326
1010,HGS-TV,380246.0,66425.96745753288
1011,HGS-TV,380246.0,66486.00311017036
1012,HGS-TV,380246.0,66546.00504779816
1013,HGS-TV,380246.0,66634.27380108833
1014,HGS-TV,380246.0,66694.3364815712
1015,ails2_etaMax0.010_stoppingTime432000.00,381860.0,66738.97706494141
1016,HGS-TV,380246.0,66754.34045529366
1017,ails2_etaMax0.010_stoppingTime432000.00,381500.0,66799.57506494141
1018,HGS-TV,380246.0,66838.90678858757
1019,ails2_etaMax0.010_stoppingTime432000.00,381473.0,66820.56306494141
1020,HGS-TV,380246.0,66899.05534744263
1021,HGS-TV,380246.0,66967.4910595417
1022,HGS-TV,380246.0,67027.55367517471
1023,ails2_etaMax0.010_stoppingTime432000.00,381472.0,67054.3950649414
1024,HGS-TV,380246.0,67087.65187096596
1025,ails2_etaMax0.010_stoppingTime432000.00,381468.0,67054.90006494141
1026,HGS-TV,380246.0,67203.02095007896
1027,HGS-TV,380246.0,67263.03760242462
1028,ails2_etaMax0.010_stoppingTime432000.00,381467.0,67282.06706494141
1029,HGS-TV,380246.0,67323.19480371475
1030,ails2_etaMax0.010_stoppingTime432000.00,381466.0,67282.1290649414
1031,HGS-TV,380246.0,67383.29428458214
1032,ails2_etaMax0.010_stoppingTime432000.00,381463.0,67348.5580649414
1033,HGS-TV,380246.0,67443.38265395164
1034,HGS-TV,380246.0,67503.49446797371
1035,HGS-TV,380246.0,67563.50805616379
1036,HGS-TV,380246.0,67623.613676548
1037,HGS-TV,380246.0,67683.69108319283
1038,ails2_etaMax0.010_stoppingTime432000.00,381461.0,67696.6340649414
1039,ails2_etaMax1.000_stoppingTime864000.00,383631.0,67721.8570649414
1040,HGS-TV,380246.0,67743.80314278603
1041,ails2_etaMax1.000_stoppingTime864000.00,383576.0,67721.9320649414
1042,HGS-TV,380246.0,67803.81966376305
1043,ails2_etaMax0.010_stoppingTime432000.00,381460.0,67856.0010649414
1044,HGS-TV,380246.0,67867.722397089
1045,HGS-TV,380246.0,67927.79329323769
1046,HGS-TV,380246.0,67987.90367937088
1047,HGS-TV,380246.0,68047.91048169136
1048,HGS-TV,380246.0,68107.9358561039
1049,HGS-TV,380246.0,68167.97442889214
1050,HGS-TV,380246.0,68228.07114076614
1051,HGS-TV,380246.0,68288.16235995293
1052,HGS-TV,380246.0,68348.22880029678
1053,HGS-TV,380246.0,68408.24018335342
1054,HGS-TV,380246.0,68468.32799458504
1055,HGS-TV,380246.0,68528.42832922935
1056,HGS-TV,380246.0,68620.1077094078
1057,HGS-TV,380246.0,68680.18996524811
1058,HGS-TV,380246.0,68740.27034497261
1059,HGS-TV,380246.0,68800.29685235023
1060,ails2_etaMax0.010_stoppingTime432000.00,381456.0,68812.4820649414
1061,HGS-TV,380246.0,68860.36910200119
1062,ails2_etaMax0.010_stoppingTime432000.00,381454.0,68837.2050649414
1063,ails2_etaMax1.000_stoppingTime86400.00,380313.0,68898.0050649414
1064,HGS-TV,380246.0,68945.08109045029
1065,HGS-TV,380246.0,69065.29649424553
1066,ails2_etaMax1.000_stoppingTime86400.00,380312.0,69069.25206494141
1067,HGS-TV,380246.0,69125.40039730072
1068,ails2_etaMax1.000_stoppingTime432000.00,382247.0,69128.7670649414
1069,ails2_etaMax1.000_stoppingTime86400.00,380309.0,69069.35906494141
1070,ails2_etaMax1.000_stoppingTime432000.00,382244.0,69128.7920649414
1071,HGS-TV,380246.0,69198.96756196022
1072,HGS-TV,380246.0,69258.98156189919
1073,HGS-TV,380246.0,69376.91964817047
1074,HGS-TV,380246.0,69444.83519601822
1075,HGS-TV,380246.0,69504.93541359901
1076,HGS-TV,380246.0,69579.86739087105
1077,HGS-TV,380246.0,69639.87044525146
1078,HGS-TV,380246.0,69701.95693182945
1079,HGS-TV,380246.0,69761.97544407845
1080,HGS-TV,380246.0,69857.03022146225
1081,ails2_etaMax0.010_stoppingTime432000.00,381453.0,69911.6330649414
1082,HGS-TV,380246.0,69917.11946868896
1083,ails2_etaMax0.010_stoppingTime432000.00,381448.0,69912.12106494141
1084,HGS-TV,380246.0,69977.13237333298
1085,HGS-TV,380246.0,70039.68909597397
1086,HGS-TV,380246.0,70099.72682118416
1087,HGS-TV,380246.0,70159.82048368454
1088,HGS-TV,380246.0,70219.83663415909
1089,HGS-TV,380246.0,70279.87247729301
1090,HGS-TV,380246.0,70339.91620349884
1091,HGS-TV,380246.0,70399.9249830246
1092,ails2_etaMax1.000_stoppingTime864000.00,383491.0,70412.6380649414
1093,ails2_etaMax1.000_stoppingTime864000.00,383381.0,70412.7280649414
1094,ails2_etaMax1.000_stoppingTime86400.00,380308.0,70488.27106494141
1095,HGS-TV,380246.0,70548.0443816185
1096,ails2_etaMax1.000_stoppingTime86400.00,380306.0,70488.2970649414
1097,HGS-TV,380246.0,70610.3838198185
1098,ails2_etaMax0.010_stoppingTime432000.00,381446.0,70667.8530649414
1099,HGS-TV,380246.0,70670.43695402145
1100,ails2_etaMax1.000_stoppingTime86400.00,380304.0,70694.2210649414
1101,ails2_etaMax0.010_stoppingTime432000.00,381436.0,70668.2170649414
1102,HGS-TV,380246.0,70786.12683391571
1103,HGS-TV,380246.0,70846.1498837471
1104,HGS-TV,380246.0,70946.83298039436
1105,ails2_etaMax1.000_stoppingTime432000.00,382215.0,70971.70706494141
1106,HGS-TV,380246.0,71006.86815524101
1107,ails2_etaMax1.000_stoppingTime432000.00,382016.0,70972.04106494141
1108,HGS-TV,380246.0,71168.91782426834
1109,ails2_etaMax0.010_stoppingTime432000.00,381435.0,71195.36206494141
1110,ails2_etaMax0.010_stoppingTime432000.00,381433.0,71249.1450649414
1111,HGS-TV,380246.0,71341.26224780083
1112,ails2_etaMax1.000_stoppingTime86400.00,380301.0,71385.0050649414
1113,HGS-TV,380246.0,71414.14841771126
1114,HGS-TV,380246.0,71474.21566748619
1115,HGS-TV,380246.0,71652.6487634182
1116,ails2_etaMax0.010_stoppingTime432000.00,381432.0,71769.0500649414
1117,ails2_etaMax0.010_stoppingTime432000.00,381429.0,71784.6290649414
1118,ails2_etaMax1.000_stoppingTime86400.00,380300.0,71833.76106494141
1119,ails2_etaMax0.010_stoppingTime432000.00,381424.0,71863.71506494141
1120,ails2_etaMax1.000_stoppingTime86400.00,380299.0,71833.79906494141
1121,HGS-TV,380246.0,72018.14806485176
1122,ails2_etaMax0.010_stoppingTime432000.00,381423.0,72129.4620649414
1123,ails2_etaMax0.010_stoppingTime432000.00,381420.0,72129.65106494141
1124,HGS-TV,380246.0,72265.8641614914
1125,HGS-TV,380246.0,72325.9325978756
1126,HGS-TV,380246.0,72500.18653202057
1127,HGS-TV,380246.0,72560.23906946182
1128,HGS-TV,380246.0,72620.32656884193
1129,HGS-TV,380246.0,72680.38681650162
1130,HGS-TV,380246.0,72740.48846745491
1131,HGS-TV,380246.0,72800.51348423958
1132,HGS-TV,380246.0,72860.57326364517
1133,ails2_etaMax0.010_stoppingTime432000.00,381419.0,72950.6910649414
1134,ails2_etaMax0.010_stoppingTime432000.00,381418.0,72951.03006494141
1135,HGS-TV,380246.0,73054.81163692474
1136,HGS-TV,380246.0,73114.8130311966
1137,HGS-TV,380246.0,73225.18987298012
1138,ails2_etaMax1.000_stoppingTime86400.00,380298.0,73243.39606494141
1139,ails2_etaMax1.000_stoppingTime86400.00,380297.0,73243.4410649414
1140,HGS-TV,380246.0,73318.19870185852
1141,ails2_etaMax0.010_stoppingTime432000.00,381387.0,73340.51806494141
1142,ails2_etaMax0.010_stoppingTime432000.00,381361.0,73389.5240649414
1143,HGS-TV,380246.0,73424.33883237839
1144,ails2_etaMax0.010_stoppingTime432000.00,381355.0,73446.76106494141
1145,HGS-TV,380246.0,73609.76134133339
1146,ails2_etaMax0.010_stoppingTime432000.00,381353.0,73626.4450649414
1147,ails2_etaMax0.010_stoppingTime432000.00,381343.0,73673.67406494141
1148,HGS-TV,380246.0,73707.52819609642
1149,ails2_etaMax0.010_stoppingTime432000.00,381332.0,73734.8370649414
1150,ails2_etaMax1.000_stoppingTime432000.00,381986.0,73997.89306494141
1151,HGS-TV,380246.0,74043.91858148575
1152,HGS-TV,380246.0,74153.15311074257
1153,ails2_etaMax1.000_stoppingTime432000.00,381984.0,74226.11706494141
1154,HGS-TV,380246.0,74262.68642783165
1155,HGS-TV,380246.0,74322.73978233337
1156,HGS-TV,380246.0,74382.74302053452
1157,HGS-TV,380246.0,74442.75290060043
1158,HGS-TV,380246.0,74502.75454950333
1159,HGS-TV,380246.0,74562.85482597351
1160,HGS-TV,380246.0,74633.56244802475
1161,HGS-TV,380246.0,74693.56683778763
1162,HGS-TV,380246.0,74798.2929391861
1163,HGS-TV,380246.0,74913.47081232071
1164,HGS-TV,380246.0,74973.57991743088
1165,HGS-TV,380246.0,75041.88898324966
1166,HGS-TV,380246.0,75218.74515891075
1167,HGS-TV,380246.0,75292.55973100662
1168,ails2_etaMax1.000_stoppingTime864000.00,383345.0,75452.3840649414
1169,ails2_etaMax1.000_stoppingTime864000.00,383281.0,75452.41606494141
1170,HGS-TV,380246.0,75555.42501974106
1171,HGS-TV,380246.0,75766.42047095299
1172,HGS-TV,380246.0,75826.48114466667
1173,ails2_etaMax1.000_stoppingTime432000.00,381884.0,75855.1340649414
1174,HGS-TV,380246.0,75886.5619521141
1175,ails2_etaMax1.000_stoppingTime432000.00,381765.0,75857.7100649414
1176,HGS-TV,380246.0,75962.04399991035
1177,HGS-TV,380246.0,76022.08785939217
1178,HGS-TV,380246.0,76082.1532151699
1179,HGS-TV,380246.0,76301.30170083046
1180,HGS-TV,380246.0,76741.75110387802
1181,HGS-TV,380246.0,76801.7676615715
1182,HGS-TV,380246.0,76861.87386345863
1183,HGS-TV,380246.0,76921.88984560966
1184,HGS-TV,380246.0,77007.27635717392
1185,HGS-TV,380246.0,77067.30565285683
1186,HGS-TV,380246.0,77127.3411924839
1187,HGS-TV,380246.0,77187.42725491524
1188,HGS-TV,380246.0,77247.48136925697
1189,ails2_etaMax1.000_stoppingTime1728000.00,384014.0,77276.0770649414
1190,HGS-TV,380246.0,77307.49061107635
1191,ails2_etaMax1.000_stoppingTime1728000.00,383658.0,77277.3080649414
1192,HGS-TV,380246.0,77367.54615235329
1193,HGS-TV,380246.0,77532.87479710579
1194,HGS-TV,380246.0,77627.99652719498
1195,HGS-TV,380246.0,77706.61443567276
1196,HGS-TV,380246.0,77936.73643922806
1197,HGS-TV,380246.0,78153.39865112305
1198,HGS-TV,380246.0,78213.49942874908
1199,HGS-TV,380246.0,78273.57228136063
1200,HGS-TV,380246.0,78333.57351756096
1201,HGS-TV,380246.0,78411.80237793922
1202,ails2_etaMax0.010_stoppingTime432000.00,381327.0,78471.3760649414
1203,HGS-TV,380246.0,78471.92408943176
1204,ails2_etaMax0.010_stoppingTime432000.00,381323.0,78471.4370649414
1205,HGS-TV,380246.0,78531.99167275429
1206,HGS-TV,380246.0,78592.05928778648
1207,HGS-TV,380246.0,78652.07918429375
1208,HGS-TV,380246.0,78823.31923246384
1209,HGS-TV,380246.0,78988.64765381813
1210,HGS-TV,380246.0,79229.55343961716
1211,HGS-TV,380246.0,79450.43492507935
1212,ails2_etaMax0.010_stoppingTime432000.00,381322.0,79580.6980649414
1213,ails2_etaMax0.010_stoppingTime432000.00,381247.0,79608.1110649414
1214,ails2_etaMax0.010_stoppingTime432000.00,381235.0,79677.8580649414
1215,ails2_etaMax0.010_stoppingTime432000.00,381228.0,79760.11206494141
1216,ails2_etaMax1.000_stoppingTime864000.00,383270.0,79792.1870649414
1217,ails2_etaMax1.000_stoppingTime864000.00,382473.0,79794.65106494141
1218,HGS-TV,380246.0,80056.29015374184
1219,ails2_etaMax0.010_stoppingTime432000.00,381227.0,80096.22206494141
1220,HGS-TV,380246.0,80116.3414208889
1221,ails2_etaMax0.010_stoppingTime432000.00,381215.0,80122.95706494141
1222,HGS-TV,380246.0,80176.42397403717
1223,HGS-TV,380246.0,80253.20630931854
1224,HGS-TV,380246.0,80313.21189641953
1225,HGS-TV,380246.0,80373.2741549015
1226,HGS-TV,380246.0,80433.29764771461
1227,HGS-TV,380246.0,80537.00188302994
1228,ails2_etaMax0.010_stoppingTime432000.00,381213.0,80587.70306494141
1229,HGS-TV,380246.0,80653.69404697418
1230,HGS-TV,380246.0,80775.00705909729
1231,HGS-TV,380246.0,80889.76070094109
1232,HGS-TV,380246.0,80949.78567361832
1233,HGS-TV,380246.0,81009.85760521889
1234,ails2_etaMax1.000_stoppingTime86400.00,380293.0,81144.8410649414
1235,HGS-TV,380246.0,81239.56195282936
1236,HGS-TV,380246.0,81480.84294486046
1237,ails2_etaMax0.010_stoppingTime432000.00,381205.0,81638.98806494141
1238,ails2_etaMax0.010_stoppingTime432000.00,381201.0,81639.1150649414
1239,HGS-TV,380246.0,81794.20734381676
1240,HGS-TV,380246.0,82023.61619615555
1241,HGS-TV,380246.0,82083.63252735138
1242,ails2_etaMax1.000_stoppingTime86400.00,380291.0,82205.0010649414
1243,ails2_etaMax1.000_stoppingTime86400.00,380290.0,82205.02606494141
1244,HGS-TV,380246.0,82604.79781985283
1245,HGS-TV,380246.0,82664.86446976662
1246,HGS-TV,380246.0,82895.6834204197
1247,ails2_etaMax0.010_stoppingTime432000.00,381200.0,82950.6790649414
1248,HGS-TV,380246.0,83752.24901247025
1249,HGS-TV,380246.0,83816.64140605927
1250,HGS-TV,380246.0,83876.67805123329
1251,HGS-TV,380246.0,83936.70975756645
1252,HGS-TV,380246.0,83996.81049251556
1253,HGS-TV,380246.0,84120.80133748055
1254,HGS-TV,380246.0,84180.81641030312
1255,ails2_etaMax1.000_stoppingTime432000.00,381764.0,85234.42706494141
1256,ails2_etaMax1.000_stoppingTime432000.00,381757.0,85254.59306494141
1257,ails2_etaMax1.000_stoppingTime432000.00,381753.0,85539.42406494141
1258,ails2_etaMax1.000_stoppingTime432000.00,381624.0,85539.5690649414
1259,HGS-TV,380246.0,85834.93850111961
1260,HGS-TV,380246.0,85894.96952581406
1261,HGS-TV,380246.0,85955.00636100769
1262,HGS-TV,380246.0,86015.04632949829
1263,HGS-TV,380246.0,86075.12508368492
1264,HGS-TV,380246.0,86135.14423894882
1265,HGS-TV,380246.0,86195.1603295803
1266,HGS-TV,380246.0,86255.19368648529
1267,HGS-TV,380246.0,86315.21069073677
1268,HGS-TV,380246.0,86378.16448044777
1269,HGS-TV,380246.0,86438.21878647804
1270,HGS-TV,380246.0,86498.31229686737
1271,HGS-TV,380246.0,86558.31435108185
1272,HGS-TV,380246.0,86618.33958172798
1273,HGS-TV,380246.0,86678.36213350296
1274,HGS-TV,380246.0,86738.41427922249
1275,HGS-TV,380246.0,86798.43299865723
1276,HGS-TV,380246.0,86858.49280357361
1277,HGS-TV,380246.0,86918.52821660042
1278,HGS-TV,380246.0,86978.5435860157
1279,HGS-TV,380246.0,87038.55259037018
1280,HGS-TV,380246.0,87098.59869265556
1281,HGS-TV,380246.0,87158.61014270782
1282,HGS-TV,380246.0,87218.7008626461
1283,HGS-TV,380246.0,87278.76895093918
1284,HGS-TV,380246.0,87338.77658390999
1285,HGS-TV,380246.0,87398.87092852592
1286,HGS-TV,380246.0,87469.5178039074
1287,HGS-TV,380246.0,87529.53152346611
1288,HGS-TV,380246.0,87589.59854125977
1289,HGS-TV,380246.0,87649.6108148098
1290,HGS-TV,380246.0,87709.688590765
1291,HGS-TV,380246.0,87769.75586819649
1292,HGS-TV,380246.0,87829.75752162933
1293,ails2_etaMax1.000_stoppingTime432000.00,381598.0,87867.6530649414
1294,HGS-TV,380246.0,87889.81199407578
1295,ails2_etaMax1.000_stoppingTime432000.00,381549.0,87867.7060649414
1296,HGS-TV,380246.0,87949.84547758102
1297,HGS-TV,380246.0,88009.90611934662
1298,HGS-TV,380246.0,88070.0072491169
1299,HGS-TV,380246.0,88159.47748422623
1300,HGS-TV,380246.0,88219.48068547249
1301,HGS-TV,380246.0,88361.45557641983
1302,HGS-TV,380246.0,88421.54663515091
1303,HGS-TV,380246.0,88488.6047475338
1304,HGS-TV,380246.0,88592.30430817604
1305,HGS-TV,380246.0,88652.35001277924
1306,HGS-TV,380246.0,88712.36162090302
1307,HGS-TV,380246.0,88772.3824224472
1308,HGS-TV,380246.0,88832.435090065
1309,HGS-TV,380246.0,88892.53738260269
1310,HGS-TV,380246.0,88952.58452796936
1311,HGS-TV,380246.0,89012.60746049881
1312,HGS-TV,380246.0,89072.61433291435
1313,HGS-TV,380246.0,89132.65360689163
1314,HGS-TV,380246.0,89192.69586467743
1315,HGS-TV,380246.0,89252.71778130531
1316,HGS-TV,380246.0,89312.78902173042
1317,HGS-TV,380246.0,89372.86138439178
1318,ails2_etaMax1.000_stoppingTime432000.00,381507.0,89393.5230649414
1319,HGS-TV,380246.0,89432.90326333046
1320,ails2_etaMax1.000_stoppingTime432000.00,381441.0,89396.4220649414
1321,HGS-TV,380246.0,89492.98896718025
1322,HGS-TV,380246.0,89553.0039639473
1323,HGS-TV,380246.0,89613.02556920052
1324,HGS-TV,380246.0,89693.42016792297
1325,HGS-TV,380246.0,89753.48285007477
1326,HGS-TV,380246.0,89835.07913637161
1327,ails2_etaMax0.010_stoppingTime432000.00,381199.0,89860.19206494141
1328,HGS-TV,380246.0,89895.09652209282
1329,HGS-TV,380246.0,89955.1241300106
1330,HGS-TV,380246.0,90015.18806838989
1331,HGS-TV,380246.0,90075.29888820648
1332,HGS-TV,380246.0,90167.42844724655
1333,HGS-TV,380246.0,90227.4734852314
1334,HGS-TV,380246.0,90287.54458069801
1335,HGS-TV,380246.0,90347.58178806305
1336,HGS-TV,380246.0,90407.62382006645
1337,ails2_etaMax1.000_stoppingTime432000.00,381432.0,90460.04906494141
1338,HGS-TV,380246.0,90467.64011311531
1339,ails2_etaMax1.000_stoppingTime432000.00,381404.0,90460.07106494141
1340,HGS-TV,380246.0,90527.67083096504
1341,HGS-TV,380246.0,90587.73238396645
1342,ails2_eoh_omega2,381174.0,90607.6940649414
1343,HGS-TV,380246.0,90647.79884552956
1344,ails2_eoh_omega2,381172.0,90607.76006494141
1345,HGS-TV,380246.0,90707.80703186989
1346,HGS-TV,380246.0,90767.85132956505
1347,HGS-TV,380246.0,90827.91292333603
1348,HGS-TV,380246.0,90887.98141527176
1349,HGS-TV,380246.0,90948.02038669586
1350,HGS-TV,380246.0,91010.58007884026
1351,HGS-TV,380246.0,91070.68203759193
1352,HGS-TV,380246.0,91130.75438475609
1353,HGS-TV,380246.0,91190.80511808395
1354,HGS-TV,380246.0,91250.8426065445
1355,HGS-TV,380246.0,91310.94383144379
1356,HGS-TV,380246.0,91370.97151613235
1357,HGS-TV,380246.0,91430.99331521988
1358,HGS-TV,380246.0,91490.99467039108
1359,HGS-TV,380246.0,91551.038615942
1360,ails2_etaMax0.010_stoppingTime432000.00,381197.0,91599.68506494141
1361,HGS-TV,380246.0,91611.11007452011
1362,HGS-TV,380246.0,91671.13683581352
1363,HGS-TV,380246.0,91731.2598335743
1364,HGS-TV,380246.0,91791.35252857208
1365,HGS-TV,380246.0,91851.41784453392
1366,HGS-TV,380246.0,91955.24309492111
1367,HGS-TV,380246.0,92015.29566144943
1368,HGS-TV,380246.0,92075.32850885391
1369,HGS-TV,380246.0,92135.37228655815
1370,HGS-TV,380246.0,92195.47289085388
1371,HGS-TV,380246.0,92255.50725054741
1372,HGS-TV,380246.0,92315.56806206703
1373,HGS-TV,380246.0,92375.6332962513
1374,HGS-TV,380246.0,92435.77550339699
1375,HGS-TV,380246.0,92495.80190825462
1376,HGS-TV,380246.0,92555.83767676353
1377,HGS-TV,380246.0,92615.95058917999
1378,HGS-TV,380246.0,92696.43178629875
1379,HGS-TV,380246.0,92756.49261236191
1380,HGS-TV,380246.0,92863.88145804405
1381,HGS-TV,380246.0,92923.90861964226
1382,HGS-TV,380246.0,92983.96646618843
1383,ails2_etaMax1.000_stoppingTime432000.00,381396.0,93009.94306494141
1384,HGS-TV,380246.0,93044.00641083717
1385,ails2_etaMax1.000_stoppingTime432000.00,381216.0,93029.25706494141
1386,HGS-TV,380246.0,93104.03489804268
1387,HGS-TV,380246.0,93164.04600739479
1388,HGS-TV,380246.0,93298.50685596466
1389,HGS-TV,380246.0,93388.19472312927
1390,HGS-TV,380246.0,93464.92368841171
1391,HGS-TV,380246.0,93524.9607720375
1392,HGS-TV,380246.0,93585.05318450928
1393,HGS-TV,380246.0,93645.07832145691
1394,HGS-TV,380246.0,93816.46282720566
1395,HGS-TV,380246.0,93876.50430178642
1396,HGS-TV,380246.0,93936.60746097565
1397,HGS-TV,380246.0,93996.63011813164
1398,HGS-TV,380246.0,94129.67622923851
1399,ails2_etaMax0.010_stoppingTime432000.00,381196.0,94161.19206494141
1400,HGS-TV,380246.0,94304.05085849762
1401,HGS-TV,380246.0,94452.5774269104
1402,HGS-TV,380246.0,94512.6141974926
1403,HGS-TV,380246.0,94607.75731420517
1404,ails2_etaMax1.000_stoppingTime432000.00,381190.0,94670.93406494141
1405,ails2_etaMax1.000_stoppingTime432000.00,381145.0,94671.0090649414
1406,HGS-TV,380246.0,94989.74038696289
1407,HGS-TV,380246.0,95276.30120229721
1408,HGS-TV,380246.0,95457.00368475914
1409,HGS-TV,380246.0,95570.95747828484
1410,HGS-TV,380246.0,96025.5604095459
1411,HGS-TV,380246.0,96085.58799409866
1412,HGS-TV,380246.0,96234.06837916374
1413,HGS-TV,380246.0,96364.83738350868
1414,HGS-TV,380246.0,96615.40142631531
1415,ails2_etaMax0.010_stoppingTime432000.00,381176.0,97119.6970649414
1416,ails2_etaMax0.010_stoppingTime432000.00,381103.0,97138.1220649414
1417,ails2_etaMax0.010_stoppingTime432000.00,381095.0,97233.5280649414
1418,HGS-TV,380246.0,97567.98789334297
1419,ails2_etaMax0.010_stoppingTime432000.00,381094.0,97683.49606494141
1420,ails2_etaMax0.010_stoppingTime432000.00,381091.0,97683.5660649414
1421,HGS-TV,380246.0,97885.94303035736
1422,ails2_etaMax0.010_stoppingTime432000.00,381086.0,98024.43806494141
1423,HGS-TV,380246.0,98074.80225014687
1424,ails2_etaMax0.010_stoppingTime432000.00,381084.0,98119.57806494141
1425,ails2_etaMax0.010_stoppingTime432000.00,381080.0,98161.35106494141
1426,HGS-TV,380246.0,98206.61756753922
1427,ails2_etaMax0.010_stoppingTime432000.00,381076.0,98207.0620649414
1428,HGS-TV,380246.0,98268.2192120552
1429,HGS-TV,380246.0,98433.00785827637
1430,HGS-TV,380246.0,98503.00929284096
1431,HGS-TV,380246.0,98563.08379077911
1432,HGS-TV,380246.0,98688.32590007782
1433,ails2_etaMax0.010_stoppingTime432000.00,381075.0,98791.2390649414
1434,ails2_etaMax0.010_stoppingTime432000.00,381071.0,98791.3880649414
1435,HGS-TV,380246.0,99037.16286158562
1436,HGS-TV,380246.0,99244.99732685089
1437,HGS-TV,380246.0,99413.44067072868
1438,ails2_etaMax0.010_stoppingTime432000.00,381070.0,99564.4700649414
1439,ails2_etaMax0.010_stoppingTime432000.00,381068.0,99564.4930649414
1440,HGS-TV,380246.0,99793.48225736618
1441,HGS-TV,380246.0,101265.81718659401
1442,HGS-TV,380246.0,102046.70242190361
1443,HGS-TV,380246.0,102246.65922379494
1444,HGS-TV,380246.0,102869.5458741188
1445,HGS-TV,380246.0,103250.45722389221
1446,HGS-TV,380246.0,103729.1409008503
1447,HGS-TV,380246.0,103789.20825457573
1448,HGS-TV,380246.0,104258.90175294876
1449,HGS-TV,380246.0,104879.42434096336
1450,ails2_etaMax1.000_stoppingTime432000.00,381144.0,105265.2010649414
1451,ails2_etaMax1.000_stoppingTime432000.00,380853.0,105315.65406494141
1452,HGS-TV,380246.0,106171.53754734993
1453,HGS-TV,380246.0,106231.58247566223
1454,HGS-TV,380246.0,106291.63924431801
1455,ails2_etaMax1.000_stoppingTime432000.00,380852.0,106319.08206494141
1456,HGS-TV,380246.0,106353.35423088074
1457,ails2_etaMax1.000_stoppingTime432000.00,380842.0,106319.13206494141
1458,HGS-TV,380246.0,106413.36772680283
1459,HGS-TV,380246.0,107674.94978189468
1460,HGS-TV,380246.0,107735.07001948357
1461,HGS-TV,380246.0,107795.0812356472
1462,HGS-TV,380246.0,107855.18296527863
1463,ails2_etaMax1.000_stoppingTime432000.00,380820.0,107987.56406494141
1464,HGS-TV,380246.0,108023.6396241188
1465,ails2_etaMax1.000_stoppingTime432000.00,380795.0,107987.5910649414
1466,ails2_etaMax1.000_stoppingTime432000.00,380778.0,108815.85106494141
1467,HGS-TV,380246.0,109623.3626871109
1468,HGS-TV,380246.0,109683.46717739105
1469,HGS-TV,380246.0,109743.54723024368
1470,HGS-TV,380246.0,109803.58612751961
1471,HGS-TV,380246.0,109863.59930086136
1472,HGS-TV,380246.0,109923.63031601906
1473,HGS-TV,380246.0,109983.66182231903
1474,HGS-TV,380246.0,110043.7219452858
1475,HGS-TV,380246.0,110103.73865175247
1476,HGS-TV,380246.0,110163.78370499611
1477,HGS-TV,380246.0,110223.8620569706
1478,HGS-TV,380246.0,110283.88750767708
1479,HGS-TV,380246.0,110343.95928263664
1480,HGS-TV,380246.0,110404.01394963264
1481,HGS-TV,380246.0,110469.65304374695
1482,HGS-TV,380246.0,110529.65947985649
1483,HGS-TV,380246.0,110589.74005365372
1484,HGS-TV,380246.0,110649.82704806328
1485,HGS-TV,380246.0,110709.90323781967
1486,HGS-TV,380246.0,110769.9042980671
1487,HGS-TV,380246.0,110830.00892710686
1488,HGS-TV,380246.0,110890.04216694832
1489,HGS-TV,380246.0,110950.12148928642
1490,HGS-TV,380246.0,111010.13730955124
1491,HGS-TV,380246.0,111070.23054909706
1492,HGS-TV,380246.0,111158.75815558434
1493,HGS-TV,380246.0,111218.787961483
1494,HGS-TV,380246.0,111278.83126783371
1495,HGS-TV,380246.0,111338.87031912804
1496,HGS-TV,380246.0,111398.88469266891
1497,HGS-TV,380246.0,111458.92088103294
1498,ails2_etaMax0.010_stoppingTime432000.00,381065.0,111493.2010649414
1499,HGS-TV,380246.0,111518.96465468407
1500,ails2_etaMax0.010_stoppingTime432000.00,381064.0,111493.22306494141
1501,HGS-TV,380246.0,111579.04521346092
1502,HGS-TV,380246.0,111639.13531136513
1503,HGS-TV,380246.0,111699.17891478539
1504,HGS-TV,380246.0,111759.24692940712
1505,HGS-TV,380246.0,111819.33706355095
1506,HGS-TV,380246.0,111879.36534881592
1507,HGS-TV,380246.0,111939.40706086159
1508,HGS-TV,380246.0,111999.48437213898
1509,HGS-TV,380246.0,112065.64271759987
1510,HGS-TV,380246.0,112125.66201639175
1511,HGS-TV,380246.0,112185.73409843445
1512,HGS-TV,380246.0,112245.77075529099
1513,HGS-TV,380246.0,112305.79463291168
1514,HGS-TV,380246.0,112373.60855722427
1515,HGS-TV,380246.0,112433.64093017578
1516,HGS-TV,380246.0,112493.70272421837
1517,HGS-TV,380246.0,112553.77057147026
1518,HGS-TV,380246.0,112613.7801887989
1519,HGS-TV,380246.0,112673.84835147858
1520,HGS-TV,380246.0,112733.8593301773
1521,HGS-TV,380246.0,112793.91588258743
1522,HGS-TV,380246.0,112853.98712539673
1523,HGS-TV,380246.0,112913.99411654472
1524,HGS-TV,380246.0,112973.99750566483
1525,HGS-TV,380246.0,113034.0366153717
1526,HGS-TV,380246.0,113094.18695807457
1527,HGS-TV,380246.0,113154.20196437836
1528,HGS-TV,380246.0,113214.31145834923
1529,HGS-TV,380246.0,113274.38471722603
1530,HGS-TV,380246.0,113334.39818644524
1531,HGS-TV,380246.0,113413.74736118317
1532,HGS-TV,380246.0,113478.86671805382
1533,HGS-TV,380246.0,113538.86815595627
1534,HGS-TV,380246.0,113598.90708613396
1535,HGS-TV,380246.0,113658.91461133957
1536,ails2_etaMax1.000_stoppingTime1728000.00,383585.0,113680.49206494141
1537,HGS-TV,380246.0,113718.9742231369
1538,HGS-TV,380246.0,113779.06478261948
1539,HGS-TV,380246.0,113843.55647134781
1540,HGS-TV,380246.0,113903.57227563858
1541,HGS-TV,380246.0,113963.70390367508
1542,ails2_etaMax1.000_stoppingTime432000.00,380777.0,114017.4620649414
1543,HGS-TV,380246.0,114023.75526404381
1544,ails2_etaMax1.000_stoppingTime432000.00,380748.0,114017.58606494141
1545,HGS-TV,380246.0,114108.6865401268
1546,HGS-TV,380246.0,114168.71075439453
1547,HGS-TV,380246.0,114229.76869940758
1548,HGS-TV,380246.0,114289.77592539787
1549,HGS-TV,380246.0,114349.83475971222
1550,HGS-TV,380246.0,114409.83552098274
1551,HGS-TV,380246.0,114469.96135091782
1552,HGS-TV,380246.0,114529.9784693718
1553,HGS-TV,380246.0,114590.01434659958
1554,HGS-TV,380246.0,114727.23502874374
1555,HGS-TV,380246.0,114787.33317685127
1556,HGS-TV,380246.0,114847.3490459919
1557,HGS-TV,380246.0,114907.4406850338
1558,HGS-TV,380246.0,114967.45792984962
1559,HGS-TV,380246.0,115152.62338995934
1560,HGS-TV,380246.0,115340.6758275032
1561,HGS-TV,380246.0,115400.68645429611
1562,HGS-TV,380246.0,115460.72532892227
1563,HGS-TV,380246.0,115520.74975061417
1564,HGS-TV,380246.0,115580.77311682701
1565,HGS-TV,380246.0,115640.79397916794
1566,HGS-TV,380246.0,115700.80970358849
1567,HGS-TV,380246.0,115760.87765860558
1568,HGS-TV,380246.0,115820.88570284843
1569,HGS-TV,380246.0,115880.93596482277
1570,HGS-TV,380246.0,115940.95110869408
1571,HGS-TV,380246.0,116000.95527338982
1572,HGS-TV,380246.0,116061.039955616
1573,HGS-TV,380246.0,116121.12019371986
1574,HGS-TV,380246.0,116181.16070389748
1575,HGS-TV,380246.0,116241.2225010395
1576,HGS-TV,380246.0,116301.26151871681
1577,HGS-TV,380246.0,116361.28335523605
1578,HGS-TV,380246.0,116444.67882466316
1579,HGS-TV,380246.0,116504.7574903965
1580,HGS-TV,380246.0,116564.8502342701
1581,HGS-TV,380246.0,116630.26933813095
1582,HGS-TV,380246.0,116690.32933568954
1583,HGS-TV,380246.0,116750.37852787971
1584,HGS-TV,380246.0,116827.26220440865
1585,HGS-TV,380246.0,116887.28425049782
1586,HGS-TV,380246.0,116947.3315706253
1587,HGS-TV,380246.0,117007.3502278328
1588,HGS-TV,380246.0,117137.84098243713
1589,HGS-TV,380246.0,117197.89178299904
1590,HGS-TV,380246.0,117257.97739720345
1591,HGS-TV,380246.0,117790.38189721107
1592,HGS-TV,380246.0,117850.43539261818
1593,HGS-TV,380246.0,117991.5736424923
1594,ails2_etaMax1.000_stoppingTime1728000.00,383523.0,118024.5690649414
1595,HGS-TV,380246.0,118076.49505448341
1596,ails2_etaMax1.000_stoppingTime1728000.00,383228.0,118025.7960649414
1597,HGS-TV,380246.0,118136.55418205261
1598,HGS-TV,380246.0,118268.60101151466
1599,HGS-TV,380246.0,118430.35232281685
1600,HGS-TV,380246.0,118576.3412091732
1601,HGS-TV,380246.0,118673.65951943398
1602,HGS-TV,380246.0,118733.73011255264
1603,HGS-TV,380246.0,118844.14659619331
1604,HGS-TV,380246.0,118904.16527795792
1605,HGS-TV,380246.0,119002.56083655357
1606,HGS-TV,380246.0,119153.72144317627
1607,HGS-TV,380246.0,119218.99616360664
1608,HGS-TV,380246.0,119376.94329071045
1609,ails2_eoh_omega2,381171.0,119377.1720649414
1610,ails2_eoh_omega2,381170.0,119377.21506494141
1611,HGS-TV,380246.0,119540.767516613
1612,HGS-TV,380246.0,119730.22055864334
1613,HGS-TV,380246.0,120302.02841329575
1614,HGS-TV,380246.0,120625.1993162632
1615,HGS-TV,380246.0,121005.98650574684
1616,HGS-TV,380246.0,121759.52707409859
1617,HGS-TV,380246.0,122257.08414030075
1618,ails2_etaMax1.000_stoppingTime432000.00,380733.0,122388.98806494141
1619,ails2_etaMax1.000_stoppingTime432000.00,380703.0,122390.8800649414
1620,HGS-TV,380246.0,122564.14689946175
1621,HGS-TV,380246.0,122624.20302295685
1622,HGS-TV,380246.0,122684.23807668686
1623,HGS-TV,380246.0,122744.2847507
1624,HGS-TV,380246.0,122804.3109664917
1625,HGS-TV,380246.0,122894.0828359127
1626,HGS-TV,380246.0,123076.47637796402
1627,ails2_etaMax1.000_stoppingTime864000.00,382459.0,124120.6330649414
1628,ails2_etaMax1.000_stoppingTime432000.00,380691.0,124206.23706494141
1629,ails2_etaMax1.000_stoppingTime432000.00,380660.0,124206.27906494141
1630,HGS-TV,380246.0,124683.99075007439
1631,HGS-TV,380246.0,124744.00419425964
1632,HGS-TV,380246.0,124804.05775880814
1633,HGS-TV,380246.0,124864.12076568604
1634,HGS-TV,380246.0,124924.20513677597
1635,HGS-TV,380246.0,124984.3007440567
1636,HGS-TV,380246.0,125044.35407471657
1637,HGS-TV,380246.0,125104.40177989006
1638,HGS-TV,380246.0,125164.43980312347
1639,HGS-TV,380246.0,125224.44134783745
1640,HGS-TV,380246.0,125284.45816016197
1641,HGS-TV,380246.0,125344.53113985062
1642,ails2_etaMax0.010_stoppingTime432000.00,381063.0,125399.9750649414
1643,HGS-TV,380246.0,125404.62416434288
1644,HGS-TV,380246.0,125464.63570404053
1645,HGS-TV,380246.0,125524.68472933769
1646,HGS-TV,380246.0,125584.74848246574
1647,HGS-TV,380246.0,125644.91653728485
1648,HGS-TV,380246.0,125704.95234322548
1649,HGS-TV,380246.0,125764.98997354507
1650,HGS-TV,380246.0,125825.10211753845
1651,HGS-TV,380246.0,125885.14971971512
1652,HGS-TV,380246.0,125945.16413474083
1653,HGS-TV,380246.0,126005.22059869766
1654,HGS-TV,380246.0,126065.26130056381
1655,HGS-TV,380246.0,126125.26778769493
1656,HGS-TV,380246.0,126185.30379652977
1657,HGS-TV,380246.0,126245.39043736458
1658,ails2_etaMax1.000_stoppingTime864000.00,382425.0,126317.40506494141
1659,HGS-TV,380246.0,126368.50606942177
1660,ails2_etaMax1.000_stoppingTime864000.00,382123.0,126349.04106494141
1661,HGS-TV,380246.0,126428.6002547741
1662,HGS-TV,380246.0,126488.6280348301
1663,ails2_etaMax1.000_stoppingTime864000.00,382092.0,126530.7140649414
1664,HGS-TV,380246.0,126548.69274663925
1665,ails2_etaMax1.000_stoppingTime864000.00,382074.0,126530.73406494141
1666,HGS-TV,380246.0,126608.81180548668
1667,HGS-TV,380246.0,126668.82846450806
1668,HGS-TV,380246.0,126728.85503911972
1669,HGS-TV,380246.0,126788.91564488411
1670,HGS-TV,380246.0,126848.9698870182
1671,HGS-TV,380246.0,126908.97465395927
1672,HGS-TV,380246.0,126969.04748678207
1673,HGS-TV,380246.0,127029.09533023834
1674,HGS-TV,380246.0,127089.1703555584
1675,HGS-TV,380246.0,127149.26554942131
1676,HGS-TV,380246.0,127209.34437680244
1677,HGS-TV,380246.0,127269.36280155182
1678,HGS-TV,380246.0,127329.40503811836
1679,HGS-TV,380246.0,127389.47084546089
1680,HGS-TV,380246.0,127449.48400425911
1681,HGS-TV,380246.0,127509.50151085854
1682,HGS-TV,380246.0,127569.5876379013
1683,HGS-TV,380246.0,127642.86416244507
1684,HGS-TV,380246.0,127708.81370830536
1685,HGS-TV,380246.0,127768.83724713326
1686,HGS-TV,380246.0,127828.85749411583
1687,HGS-TV,380246.0,127895.62516450882
1688,HGS-TV,380246.0,127955.63902330399
1689,HGS-TV,380246.0,128015.69596552849
1690,ails2_etaMax0.010_stoppingTime432000.00,381061.0,128021.27206494141
1691,HGS-TV,380246.0,128075.70713710785
1692,HGS-TV,380246.0,128135.74383234978
1693,HGS-TV,380246.0,128195.74681782722
1694,HGS-TV,380246.0,128255.75018429756
1695,HGS-TV,380246.0,128315.75729322433
1696,HGS-TV,380246.0,128399.2954313755
1697,HGS-TV,380246.0,128492.23289251328
1698,HGS-TV,380246.0,128552.29355478287
1699,HGS-TV,380246.0,128612.38263964653
1700,HGS-TV,380246.0,128686.30127811432
1701,HGS-TV,380246.0,128746.39607477188
1702,HGS-TV,380246.0,128806.48481583595
1703,HGS-TV,380246.0,128941.56171441078
1704,HGS-TV,380246.0,129001.62977194786
1705,HGS-TV,380246.0,129061.7192595005
1706,HGS-TV,380246.0,129121.76310825348
1707,HGS-TV,380246.0,129181.78100013733
1708,HGS-TV,380246.0,129241.84619545937
1709,HGS-TV,380246.0,129301.86609601974
1710,HGS-TV,380246.0,129361.90630960464
1711,HGS-TV,380246.0,129452.81021332741
1712,HGS-TV,380246.0,129556.4091219902
1713,HGS-TV,380246.0,129616.48035526276
1714,HGS-TV,380246.0,129732.10976266861
1715,HGS-TV,380246.0,129817.82971978188
1716,HGS-TV,380246.0,129877.90191483498
1717,HGS-TV,380246.0,129937.92671895027
1718,HGS-TV,380246.0,130001.74510645866
1719,HGS-TV,380246.0,130061.8465616703
1720,HGS-TV,380246.0,130208.74674510956
1721,HGS-TV,380246.0,130268.8772881031
1722,HGS-TV,380246.0,130413.83951210976
1723,ails2_etaMax1.000_stoppingTime864000.00,382065.0,130461.1720649414
1724,HGS-TV,380246.0,130473.89556193352
1725,ails2_etaMax1.000_stoppingTime864000.00,382055.0,130461.2130649414
1726,HGS-TV,380246.0,130573.2406680584
1727,HGS-TV,380246.0,130800.01056361198
1728,HGS-TV,380246.0,130860.01383900642
1729,HGS-TV,380246.0,130934.07530403137
1730,HGS-TV,380246.0,131071.33883523941
1731,HGS-TV,380246.0,131141.42912364006
1732,HGS-TV,380246.0,131201.4882593155
1733,HGS-TV,380246.0,131261.5194375515
1734,HGS-TV,380246.0,131321.54336500168
1735,HGS-TV,380246.0,131400.77858400345
1736,HGS-TV,380246.0,131460.7965812683
1737,HGS-TV,380246.0,131520.8555972576
1738,HGS-TV,380246.0,131580.87065935135
1739,HGS-TV,380246.0,132023.45121335983
1740,HGS-TV,380246.0,132136.06096696854
1741,HGS-TV,380246.0,132273.39076161385
1742,HGS-TV,380246.0,132810.74487900734
1743,HGS-TV,380246.0,132965.68898248672
1744,HGS-TV,380246.0,133025.70145630836
1745,HGS-TV,380246.0,133112.42118811607
1746,HGS-TV,380246.0,133210.3334274292
1747,ails2_eoh_omega2,381105.0,133694.7040649414
1748,ails2_eoh_omega2,380655.0,133730.8200649414
1749,ails2_eoh_omega2,380649.0,133805.7720649414
1750,HGS-TV,380246.0,134009.17767214775
1751,ails2_eoh_omega2,380647.0,134117.7860649414
1752,ails2_eoh_omega2,380639.0,134162.9410649414
1753,HGS-TV,380246.0,134200.48003196716
1754,HGS-TV,380246.0,134260.48556375504
1755,HGS-TV,380246.0,134401.66323018074
1756,HGS-TV,380246.0,134470.1218738556
1757,ails2_eoh_omega2,380638.0,134743.7310649414
1758,ails2_eoh_omega2,380633.0,134744.0720649414
1759,ails2_eoh_omega2,380632.0,134888.5190649414
1760,HGS-TV,380246.0,134893.17962956429
1761,HGS-TV,380246.0,134953.3417351246
1762,HGS-TV,380246.0,135013.38366174698
1763,HGS-TV,380246.0,135073.45111322403
1764,HGS-TV,380246.0,135133.54464626312
1765,HGS-TV,380246.0,135193.60614156723
1766,HGS-TV,380246.0,135262.36697268486
1767,HGS-TV,380246.0,135322.39472031593
1768,HGS-TV,380246.0,135402.50599718094
1769,HGS-TV,380246.0,135462.5121948719
1770,HGS-TV,380246.0,135522.54103922844
1771,HGS-TV,380246.0,135582.630310297
1772,HGS-TV,380246.0,135642.63641524315
1773,HGS-TV,380246.0,135769.08897399902
1774,HGS-TV,380246.0,135829.18364095688
1775,HGS-TV,380246.0,135889.19231057167
1776,HGS-TV,380246.0,135949.2104203701
1777,HGS-TV,380246.0,136009.2193338871
1778,HGS-TV,380246.0,136069.23062682152
1779,HGS-TV,380246.0,136146.97134685516
1780,HGS-TV,380246.0,136207.0082411766
1781,HGS-TV,380246.0,136277.92242455482
1782,HGS-TV,380246.0,136337.94366073608
1783,HGS-TV,380246.0,136400.33969020844
1784,HGS-TV,380246.0,136461.82342004776
1785,HGS-TV,380246.0,136579.10545229912
1786,HGS-TV,380246.0,136639.12754249573
1787,ails2_eoh_omega2,380631.0,136696.5360649414
1788,HGS-TV,380246.0,136699.15983772278
1789,ails2_eoh_omega2,380630.0,136696.6150649414
1790,HGS-TV,380246.0,136759.1869184971
1791,HGS-TV,380246.0,136819.190315485
1792,HGS-TV,380246.0,136879.2697751522
1793,HGS-TV,380246.0,136939.2718911171
1794,HGS-TV,380246.0,136999.28272414207
1795,HGS-TV,380246.0,137099.58143639565
1796,HGS-TV,380246.0,137188.9836921692
1797,HGS-TV,380246.0,137249.0519182682
1798,HGS-TV,380246.0,137378.63022875786
1799,HGS-TV,380246.0,137486.5732254982
1800,ails2_etaMax1.000_stoppingTime1728000.00,383177.0,137522.4730649414
1801,HGS-TV,380246.0,137546.6476225853
1802,HGS-TV,380246.0,137606.74355626106
1803,HGS-TV,380246.0,137720.41016840935
1804,HGS-TV,380246.0,137816.90003037453
1805,HGS-TV,380246.0,137877.0154645443
1806,HGS-TV,380246.0,137937.11445617676
1807,HGS-TV,380246.0,137997.16694045067
1808,HGS-TV,380246.0,138128.63863110542
1809,HGS-TV,380246.0,138355.7471754551
1810,HGS-TV,380246.0,138508.75241589546
1811,HGS-TV,380246.0,138788.78690505028
1812,HGS-TV,380246.0,138938.51233625412
1813,ails2_etaMax1.000_stoppingTime432000.00,380640.0,139079.3670649414
1814,ails2_etaMax1.000_stoppingTime432000.00,380618.0,139079.4090649414
1815,HGS-TV,380246.0,139418.51381325722
1816,ails2_etaMax1.000_stoppingTime1728000.00,383171.0,139467.5930649414
1817,ails2_etaMax1.000_stoppingTime1728000.00,383134.0,139467.7020649414
1818,HGS-TV,380246.0,141033.71645975113
1819,HGS-TV,380246.0,141093.7467098236
1820,HGS-TV,380246.0,141153.7523818016
1821,HGS-TV,380246.0,141213.78819298744
1822,HGS-TV,380246.0,141273.81398510933
1823,HGS-TV,380246.0,141333.9056210518
1824,HGS-TV,380246.0,141394.012509346
1825,HGS-TV,380246.0,141454.07891726494
1826,HGS-TV,380246.0,141514.1541337967
1827,HGS-TV,380246.0,141574.1900935173
1828,ails2_etaMax1.000_stoppingTime864000.00,382021.0,141629.9250649414
1829,HGS-TV,380246.0,141634.23316764832
1830,ails2_etaMax1.000_stoppingTime864000.00,381937.0,141673.90206494142
1831,HGS-TV,380246.0,141703.71559381485
1832,HGS-TV,380246.0,141763.78891897202
1833,HGS-TV,380246.0,141828.82627177238
1834,HGS-TV,380246.0,141888.8874013424
1835,HGS-TV,380246.0,141948.92390871048
1836,HGS-TV,380246.0,142008.9482166767
1837,HGS-TV,380246.0,142069.03126120567
1838,HGS-TV,380246.0,142129.0773615837
1839,HGS-TV,380246.0,142189.13143324852
1840,HGS-TV,380246.0,142249.1768977642
1841,HGS-TV,380246.0,142309.25610160828
1842,HGS-TV,380246.0,142369.27268648148
1843,ails2_eoh_omega2,380629.0,142426.7490649414
1844,HGS-TV,380246.0,142429.32943987846
1845,ails2_eoh_omega2,380628.0,142426.8810649414
1846,HGS-TV,380246.0,142489.3785598278
1847,HGS-TV,380246.0,142549.42754125595
1848,HGS-TV,380246.0,142609.4896657467
1849,HGS-TV,380246.0,142669.50390148163
1850,HGS-TV,380246.0,142729.57035946846
1851,HGS-TV,380246.0,142789.59702825546
1852,HGS-TV,380246.0,142858.7935295105
1853,HGS-TV,380246.0,142921.10229468346
1854,HGS-TV,380246.0,142981.14448356628
1855,HGS-TV,380246.0,143041.23948454857
1856,HGS-TV,380246.0,143101.3104994297
1857,HGS-TV,380246.0,143161.31607580185
1858,HGS-TV,380246.0,143221.4063065052
1859,HGS-TV,380246.0,143281.44218993187
1860,HGS-TV,380246.0,143341.47765398026
1861,HGS-TV,380246.0,143401.571788311
1862,HGS-TV,380246.0,143461.60938215256
1863,HGS-TV,380246.0,143521.6672873497
1864,HGS-TV,380246.0,143581.67969608307
1865,HGS-TV,380246.0,143641.72068834305
1866,HGS-TV,380246.0,143701.7235212326
1867,HGS-TV,380246.0,143761.73329758644
1868,HGS-TV,380246.0,143821.73552894592
1869,HGS-TV,380246.0,143881.8031592369
1870,HGS-TV,380246.0,143941.86681246758
1871,HGS-TV,380246.0,144018.79376482964
1872,HGS-TV,380246.0,144078.79380702972
1873,HGS-TV,380246.0,144138.80379796028
1874,HGS-TV,380246.0,144198.85997843742
1875,HGS-TV,380246.0,144258.8969295025
1876,HGS-TV,380246.0,144318.999001503
1877,HGS-TV,380246.0,144379.08673095703
1878,HGS-TV,380246.0,144439.11429476738
1879,HGS-TV,380246.0,144499.20601963997
1880,HGS-TV,380246.0,144559.251049757
1881,HGS-TV,380246.0,144717.54419112206
1882,HGS-TV,380246.0,144777.58307528496
1883,HGS-TV,380246.0,144842.40003585815
1884,HGS-TV,380246.0,144902.46776342392
1885,HGS-TV,380246.0,144962.4998266697
1886,HGS-TV,380246.0,145022.51471805573
1887,HGS-TV,380246.0,145082.5375020504
1888,HGS-TV,380246.0,145142.5830602646
1889,HGS-TV,380246.0,145202.61435079575
1890,HGS-TV,380246.0,145262.68232107162
1891,HGS-TV,380246.0,145322.7325732708
1892,HGS-TV,380246.0,145382.8085050583
1893,HGS-TV,380246.0,145442.81843948364
1894,HGS-TV,380246.0,145502.83390688896
1895,HGS-TV,380246.0,145562.87055754662
1896,HGS-TV,380246.0,145628.4120645523
1897,HGS-TV,380246.0,145688.43144273758
1898,HGS-TV,380246.0,145748.51334524155
1899,HGS-TV,380246.0,145808.57911348343
1900,HGS-TV,380246.0,145893.8086874485
1901,HGS-TV,380246.0,145953.89610409737
1902,HGS-TV,380246.0,146033.31626915932
1903,HGS-TV,380246.0,146093.38919520378
1904,HGS-TV,380246.0,146153.4262406826
1905,HGS-TV,380246.0,146213.4507791996
1906,HGS-TV,380246.0,146273.5155441761
1907,HGS-TV,380246.0,146333.58161735535
1908,HGS-TV,380246.0,146401.7559349537
1909,HGS-TV,380246.0,146499.07622790337
1910,HGS-TV,380246.0,146669.89146995544
1911,ails2_etaMax1.000_stoppingTime864000.00,381914.0,146685.3290649414
1912,ails2_etaMax1.000_stoppingTime864000.00,381881.0,146685.45906494142
1913,HGS-TV,380246.0,146772.98562574387
1914,HGS-TV,380246.0,146833.02044153214
1915,HGS-TV,380246.0,146893.09012150764
1916,HGS-TV,380246.0,146953.1759083271
1917,HGS-TV,380246.0,147104.22870731354
1918,HGS-TV,380246.0,147170.4112303257
1919,HGS-TV,380246.0,147341.13937687874
1920,HGS-TV,380246.0,147424.3497183323
1921,HGS-TV,380246.0,147484.37465691566
1922,HGS-TV,380246.0,147544.37644386292
1923,HGS-TV,380246.0,147655.4489710331
1924,HGS-TV,380246.0,147715.50252699852
1925,HGS-TV,380246.0,147775.51356196404
1926,HGS-TV,380246.0,147835.55805969238
1927,HGS-TV,380246.0,147895.60392451286
1928,HGS-TV,380246.0,148263.59432029724
1929,HGS-TV,380246.0,148436.54195475578
1930,HGS-TV,380246.0,148496.55319476128
1931,HGS-TV,380246.0,148663.93569755554
1932,ails2_eoh_omega2,380621.0,149264.7510649414
1933,HGS-TV,380246.0,149347.01168632507
1934,ails2_etaMax0.010_stoppingTime432000.00,381060.0,149501.41806494142
1935,HGS-TV,380246.0,149541.2027542591
1936,ails2_etaMax0.010_stoppingTime432000.00,381059.0,149501.4910649414
1937,HGS-TV,380246.0,149623.5410091877
1938,HGS-TV,380246.0,149742.64766597748
1939,HGS-TV,380246.0,150404.28662633896
1940,HGS-TV,380246.0,151522.76744937897
1941,HGS-TV,380246.0,151859.89418005943
1942,HGS-TV,380246.0,151921.6501364708
1943,HGS-TV,380246.0,152056.2681210041
1944,ails2_etaMax1.000_stoppingTime432000.00,380617.0,152280.4800649414
1945,HGS-TV,380246.0,152319.02743172646
1946,ails2_etaMax1.000_stoppingTime432000.00,380608.0,152280.5750649414
1947,HGS-TV,380246.0,152379.060131073
1948,HGS-TV,380246.0,152445.90029263496
1949,HGS-TV,380246.0,152505.93894410133
1950,ails2_etaMax1.000_stoppingTime432000.00,380603.0,152666.2220649414
1951,HGS-TV,380246.0,152709.5490181446
1952,ails2_etaMax1.000_stoppingTime432000.00,380592.0,152666.25506494142
1953,HGS-TV,380246.0,152956.38166165352
1954,HGS-TV,380246.0,154105.5528628826
1955,HGS-TV,380246.0,154937.08995103836
1956,HGS-TV,380246.0,155452.22155356407
1957,HGS-TV,380246.0,155512.23602461815
1958,HGS-TV,380246.0,155572.30816054344
1959,HGS-TV,380246.0,155632.32117509842
1960,HGS-TV,380246.0,155692.36712765694
1961,HGS-TV,380246.0,155758.6803920269
1962,HGS-TV,380246.0,155818.73331594467
1963,HGS-TV,380246.0,156012.0414891243
1964,HGS-TV,380246.0,157079.37439370155
1965,HGS-TV,380246.0,157139.45050525665
1966,HGS-TV,380246.0,157199.52479672432
1967,HGS-TV,380246.0,157259.53216719627
1968,ails2_etaMax1.000_stoppingTime864000.00,381849.0,157305.8930649414
1969,HGS-TV,380246.0,157319.60935235023
1970,HGS-TV,380246.0,157379.6813840866
1971,HGS-TV,380246.0,157439.73748254776
1972,HGS-TV,380246.0,157499.8103272915
1973,HGS-TV,380246.0,157559.85283589363
1974,ails2_etaMax1.000_stoppingTime864000.00,381832.0,157589.04606494142
1975,HGS-TV,380246.0,157619.9266974926
1976,ails2_etaMax1.000_stoppingTime864000.00,381754.0,157591.3360649414
1977,HGS-TV,380246.0,157679.95488119125
1978,HGS-TV,380246.0,157740.01813554764
1979,HGS-TV,380246.0,157800.0726325512
1980,HGS-TV,380246.0,157860.14647126198
1981,HGS-TV,380246.0,157920.20528936386
1982,HGS-TV,380246.0,157980.29568505287
1983,HGS-TV,380246.0,158040.37109208107
1984,HGS-TV,380246.0,158100.47381210327
1985,HGS-TV,380246.0,158160.50513100624
1986,ails2_etaMax1.000_stoppingTime864000.00,381753.0,158254.0600649414
1987,HGS-TV,380246.0,158261.9346933365
1988,ails2_etaMax1.000_stoppingTime864000.00,381670.0,158254.2650649414
1989,HGS-TV,380246.0,158326.04248189926
1990,HGS-TV,380246.0,158386.0426516533
1991,HGS-TV,380246.0,158446.04324245453
1992,HGS-TV,380246.0,158506.09912776947
1993,HGS-TV,380246.0,158646.59070968628
1994,HGS-TV,380246.0,158709.00394535065
1995,HGS-TV,380246.0,159006.22545695305
1996,HGS-TV,380246.0,159233.297198534
1997,ails2_etaMax1.000_stoppingTime864000.00,381659.0,159671.8870649414
1998,HGS-TV,380246.0,159884.92435526848
1999,HGS-TV,380246.0,160461.20218348503
2000,ails2_etaMax1.000_stoppingTime864000.00,381629.0,160734.14106494142
2001,ails2_etaMax1.000_stoppingTime864000.00,381397.0,160734.6840649414
2002,ails2_etaMax1.000_stoppingTime432000.00,380580.0,160807.0310649414
2003,ails2_etaMax1.000_stoppingTime432000.00,380568.0,160807.0790649414
2004,HGS-TV,380246.0,160971.6233010292
2005,HGS-TV,380246.0,161467.12818551064
2006,ails2_etaMax1.000_stoppingTime432000.00,380565.0,161551.86406494142
2007,HGS-TV,380246.0,161563.3940320015
2008,ails2_etaMax1.000_stoppingTime432000.00,380508.0,161552.9430649414
2009,HGS-TV,380246.0,161623.46006584167
2010,HGS-TV,380246.0,161683.53619909286
2011,HGS-TV,380246.0,162075.32005929947
2012,HGS-TV,380246.0,162239.78975200653
2013,HGS-TV,380246.0,162302.98942518234
2014,HGS-TV,380246.0,162585.6468462944
2015,HGS-TV,380246.0,162674.13891291618
2016,HGS-TV,380246.0,162849.19334602356
2017,HGS-TV,380246.0,163065.98056817055
2018,HGS-TV,380246.0,163219.31990003586
2019,HGS-TV,380246.0,163279.3651022911
2020,HGS-TV,380246.0,163370.68352341652
2021,HGS-TV,380246.0,163430.70882487297
2022,HGS-TV,380246.0,163516.4582145214
2023,HGS-TV,380246.0,164636.32387685776
2024,HGS-TV,380246.0,164908.7289636135
2025,ails2_etaMax1.000_stoppingTime864000.00,381349.0,165381.3650649414
2026,ails2_etaMax1.000_stoppingTime864000.00,381134.0,165396.5710649414
2027,HGS-TV,380246.0,165626.82098793983
2028,HGS-TV,380246.0,165893.05584335327
2029,HGS-TV,380246.0,166233.77733826637
2030,HGS-TV,380246.0,166293.8109266758
2031,HGS-TV,380246.0,166440.02374076843
2032,HGS-TV,380246.0,166597.043500185
2033,HGS-TV,380246.0,166657.0467619896
2034,HGS-TV,380246.0,166717.0599205494
2035,HGS-TV,380246.0,166777.13453793526
2036,HGS-TV,380246.0,166875.15638399124
2037,HGS-TV,380246.0,166935.15879964828
2038,HGS-TV,380246.0,167066.2117576599
2039,HGS-TV,380246.0,167362.33069825172
2040,HGS-TV,380246.0,167422.42849826813
2041,HGS-TV,380246.0,167500.67394661903
2042,HGS-TV,380246.0,167560.6848912239
2043,HGS-TV,380246.0,167620.72938084602
2044,HGS-TV,380246.0,167695.2467467785
2045,HGS-TV,380246.0,167755.29134440422
2046,HGS-TV,380246.0,167846.9734492302
2047,HGS-TV,380246.0,167907.0063791275
2048,HGS-TV,380246.0,168003.88821721077
2049,HGS-TV,380246.0,168063.9842028618
2050,HGS-TV,380246.0,168124.06268668175
2051,HGS-TV,380246.0,168184.1699743271
2052,HGS-TV,380246.0,168244.20870018005
2053,HGS-TV,380246.0,168331.61273503304
2054,HGS-TV,380246.0,168391.72213482857
2055,HGS-TV,380246.0,168478.4221019745
2056,HGS-TV,380246.0,168636.1762895584
2057,HGS-TV,380246.0,168696.17753911018
2058,HGS-TV,380246.0,168756.20248627663
2059,ails2_etaMax1.000_stoppingTime1728000.00,382938.0,168998.0200649414
2060,HGS-TV,380246.0,169019.53956580162
2061,ails2_etaMax1.000_stoppingTime1728000.00,382935.0,168998.0480649414
2062,HGS-TV,380246.0,169084.30733513832
2063,HGS-TV,380246.0,169144.32504057884
2064,HGS-TV,380246.0,169204.32778286934
2065,HGS-TV,380246.0,169426.09214377403
2066,ails2_etaMax1.000_stoppingTime1728000.00,382924.0,169527.7050649414
2067,HGS-TV,380246.0,169587.56064152718
2068,HGS-TV,380246.0,169875.65990281105
2069,HGS-TV,380246.0,171587.9138891697
2070,HGS-TV,380246.0,171647.9410686493
2071,HGS-TV,380246.0,171707.95668840408
2072,HGS-TV,380246.0,171767.97202277184
2073,HGS-TV,380246.0,171828.0031478405
2074,HGS-TV,380246.0,171888.11963796616
2075,HGS-TV,380246.0,171948.22979855537
2076,HGS-TV,380246.0,172008.28518772125
2077,HGS-TV,380246.0,172068.29813432693
2078,HGS-TV,380246.0,172128.30576562881
2079,HGS-TV,380246.0,172188.35261511803
2080,HGS-TV,380246.0,172248.38553380966
2081,HGS-TV,380246.0,172308.42105579376
2082,HGS-TV,380246.0,172368.45496058464
2083,HGS-TV,380246.0,172443.9526295662
2084,HGS-TV,380246.0,172503.9795808792
2085,HGS-TV,380246.0,172564.07691144943
2086,HGS-TV,380246.0,172624.12016940117
2087,HGS-TV,380246.0,172684.13537478447
2088,HGS-TV,380246.0,172744.16990947723
2089,HGS-TV,380246.0,172808.24990534782
2090,HGS-TV,380246.0,172868.27252984047
2091,HGS-TV,380246.0,172928.28859376907
2092,HGS-TV,380246.0,172988.35465955734
2093,HGS-TV,380246.0,173048.39310526848
2094,HGS-TV,380246.0,173108.474922657
2095,HGS-TV,380246.0,173168.49936127663
2096,HGS-TV,380246.0,173228.51016783714
2097,HGS-TV,380246.0,173288.54299592972
2098,HGS-TV,380246.0,173348.64356851578
2099,HGS-TV,380246.0,173408.70493507385
2100,HGS-TV,380246.0,173468.7465324402
2101,HGS-TV,380246.0,173528.8125681877
2102,HGS-TV,380246.0,173588.84838199615
2103,HGS-TV,380246.0,173648.92422366142
2104,HGS-TV,380246.0,173709.03627467155
2105,HGS-TV,380246.0,173769.071924448
2106,HGS-TV,380246.0,173829.09235477448
2107,HGS-TV,380246.0,173889.10935258865
2108,HGS-TV,380246.0,173949.1488685608
2109,HGS-TV,380246.0,174009.15251231194
2110,HGS-TV,380246.0,174069.15281820297
2111,HGS-TV,380246.0,174129.19595837593
2112,HGS-TV,380246.0,174189.28662204742
2113,HGS-TV,380246.0,174249.34068655968
2114,HGS-TV,380246.0,174309.40037727356
2115,HGS-TV,380246.0,174369.41432619095
2116,HGS-TV,380246.0,174429.49156618118
2117,HGS-TV,380246.0,174489.50523900986
2118,HGS-TV,380246.0,174549.52785015106
2119,HGS-TV,380246.0,174609.56055665016
2120,HGS-TV,380246.0,174669.62483382225
2121,HGS-TV,380246.0,174729.65479302406
2122,HGS-TV,380246.0,174789.7469291687
2123,HGS-TV,380246.0,174881.65248060226
2124,HGS-TV,380246.0,174941.75782942772
2125,HGS-TV,380246.0,175001.87989234924
2126,HGS-TV,380246.0,175061.99191093445
2127,HGS-TV,380246.0,175122.0593738556
2128,HGS-TV,380246.0,175182.09451889992
2129,HGS-TV,380246.0,175242.15502524376
2130,HGS-TV,380246.0,175302.2357032299
2131,HGS-TV,380246.0,175362.25555586815
2132,HGS-TV,380246.0,175422.29963111877
2133,HGS-TV,380246.0,175482.32092285156
2134,HGS-TV,380246.0,175542.3436038494
2135,HGS-TV,380246.0,175602.3763616085
2136,HGS-TV,380246.0,175662.40087652206
2137,HGS-TV,380246.0,175758.5076072216
2138,HGS-TV,380246.0,175818.5152516365
2139,HGS-TV,380246.0,175878.5833184719
2140,HGS-TV,380246.0,175938.61681866646
2141,HGS-TV,380246.0,175998.6936969757
2142,HGS-TV,380246.0,176058.74660515785
2143,HGS-TV,380246.0,176118.80037164688
2144,HGS-TV,380246.0,176186.28862333298
2145,HGS-TV,380246.0,176246.31975626945
2146,HGS-TV,380246.0,176306.41376900673
2147,HGS-TV,380246.0,176392.70313048363
2148,HGS-TV,380246.0,176530.7680170536
2149,HGS-TV,380246.0,176640.7950747013
2150,HGS-TV,380246.0,176749.87358236313
2151,HGS-TV,380246.0,176809.91666412354
2152,HGS-TV,380246.0,176869.96615290642
2153,HGS-TV,380246.0,176930.0808186531
2154,HGS-TV,380246.0,176990.1191728115
2155,HGS-TV,380246.0,177050.14924311638
2156,HGS-TV,380246.0,177110.1914870739
2157,ails2_etaMax1.000_stoppingTime432000.00,380504.0,177143.6390649414
2158,HGS-TV,380246.0,177170.20422506332
2159,ails2_etaMax1.000_stoppingTime432000.00,380483.0,177144.2450649414
2160,HGS-TV,380246.0,177230.20728874207
2161,HGS-TV,380246.0,177290.26913022995
2162,HGS-TV,380246.0,177350.29454755783
2163,HGS-TV,380246.0,177410.3560128212
2164,HGS-TV,380246.0,177470.38383960724
2165,HGS-TV,380246.0,177530.38796377182
2166,HGS-TV,380246.0,177590.43295884132
2167,HGS-TV,380246.0,177650.46122169495
2168,HGS-TV,380246.0,177710.4896774292
2169,HGS-TV,380246.0,177770.55331754684
2170,HGS-TV,380246.0,177830.55775284767
2171,HGS-TV,380246.0,177890.566218853
2172,HGS-TV,380246.0,177950.5668771267
2173,HGS-TV,380246.0,178010.60671424866
2174,HGS-TV,380246.0,178070.62419843674
2175,HGS-TV,380246.0,178142.10080051422
2176,HGS-TV,380246.0,178202.1152203083
2177,HGS-TV,380246.0,178262.1288716793
2178,HGS-TV,380246.0,178322.14378404617
2179,HGS-TV,380246.0,178382.19042110443
2180,HGS-TV,380246.0,178442.30340003967
2181,HGS-TV,380246.0,178502.34942245483
2182,HGS-TV,380246.0,178674.29983377457
2183,HGS-TV,380246.0,178734.35528182983
2184,HGS-TV,380246.0,178794.45171022415
2185,HGS-TV,380246.0,178854.46724581718
2186,HGS-TV,380246.0,178914.57570147514
2187,HGS-TV,380246.0,178974.6663491726
2188,HGS-TV,380246.0,179034.76996016502
2189,HGS-TV,380246.0,179094.8060414791
2190,HGS-TV,380246.0,179154.88039207458
2191,HGS-TV,380246.0,179214.93483185768
2192,HGS-TV,380246.0,179274.9377720356
2193,HGS-TV,380246.0,179334.9989221096
2194,HGS-TV,380246.0,179395.0037062168
2195,HGS-TV,380246.0,179455.0656120777
2196,HGS-TV,380246.0,179515.1406788826
2197,HGS-TV,380246.0,179575.21896982193
2198,HGS-TV,380246.0,179635.22659754753
2199,HGS-TV,380246.0,179695.29058527946
2200,HGS-TV,380246.0,179755.36253881454
2201,HGS-TV,380246.0,179815.42528247833
2202,HGS-TV,380246.0,179875.45567703247
2203,HGS-TV,380246.0,179935.4809718132
2204,HGS-TV,380246.0,179995.5223479271
2205,HGS-TV,380246.0,180055.59144496918
2206,HGS-TV,380246.0,180115.60046243668
2207,HGS-TV,380246.0,180175.62334132195
2208,HGS-TV,380246.0,180235.70145869255
2209,HGS-TV,380246.0,180295.73303461075
2210,HGS-TV,380246.0,180501.53535103798
2211,HGS-TV,380246.0,180696.12993454933
2212,HGS-TV,380246.0,180834.12987208366
2213,HGS-TV,380246.0,180912.60545158386
2214,HGS-TV,380246.0,181147.04408025742
2215,HGS-TV,380246.0,181263.89685606956
2216,HGS-TV,380246.0,181419.95230197906
2217,HGS-TV,380246.0,181602.52719283104
2218,HGS-TV,380246.0,181682.62848043442
2219,HGS-TV,380246.0,181754.37458705902
2220,HGS-TV,380246.0,181867.80787301064
2221,HGS-TV,380246.0,181983.38009762764
2222,HGS-TV,380246.0,182098.70670866966
2223,HGS-TV,380246.0,182158.7882759571
2224,ails2_etaMax1.000_stoppingTime864000.00,381129.0,182178.1560649414
2225,HGS-TV,380246.0,182218.83033156395
2226,ails2_etaMax1.000_stoppingTime864000.00,381079.0,182178.1770649414
2227,HGS-TV,380246.0,182278.91607141495
2228,HGS-TV,380246.0,182338.96597528458
2229,HGS-TV,380246.0,182406.28356909752
2230,HGS-TV,380246.0,182524.2122323513
2231,HGS-TV,380246.0,182584.23148488998
2232,HGS-TV,380246.0,182765.24742221832
2233,HGS-TV,380246.0,182889.08775758743
2234,HGS-TV,380246.0,183028.65831136703
2235,HGS-TV,380246.0,183088.73611569405
2236,HGS-TV,380246.0,183213.42282509804
2237,HGS-TV,380246.0,183364.19474554062
2238,HGS-TV,380246.0,183428.54205656052
2239,HGS-TV,380246.0,183488.651065588
2240,ails2_etaMax0.010_stoppingTime432000.00,381056.0,183518.99706494142
2241,HGS-TV,380246.0,183549.20134305954
2242,ails2_etaMax1.000_stoppingTime432000.00,380479.0,183841.0340649414
2243,ails2_etaMax1.000_stoppingTime432000.00,380459.0,183841.07606494142
2244,HGS-TV,380246.0,183934.5855512619
2245,HGS-TV,380246.0,184506.6472337246
2246,HGS-TV,380246.0,184566.70599460602
2247,HGS-TV,380246.0,184626.81790232658
2248,HGS-TV,380246.0,184716.85314249992
2249,HGS-TV,380246.0,184822.10833120346
2250,HGS-TV,380246.0,185263.33703899384
2251,ails2_etaMax1.000_stoppingTime432000.00,380457.0,185434.62206494142
2252,HGS-TV,380246.0,185473.87694740295
2253,HGS-TV,380246.0,185749.87528824806
2254,HGS-TV,380246.0,186357.6127076149
2255,HGS-TV,380246.0,186898.24362945557
2256,HGS-TV,380246.0,187802.6310787201
2257,ails2_etaMax1.000_stoppingTime864000.00,381030.0,189355.65206494142
2258,HGS-TV,380246.0,189452.78181314468
2259,HGS-TV,380246.0,189512.84396123886
2260,HGS-TV,380246.0,189572.86132097244
2261,HGS-TV,380246.0,189632.8673157692
2262,HGS-TV,380246.0,189692.94376063347
2263,HGS-TV,380246.0,189753.04990553856
2264,HGS-TV,380246.0,189813.1082997322
2265,HGS-TV,380246.0,189873.2177555561
2266,HGS-TV,380246.0,189933.2212870121
2267,HGS-TV,380246.0,189993.23403573036
2268,HGS-TV,380246.0,190053.25481963158
2269,HGS-TV,380246.0,190113.3585703373
2270,HGS-TV,380246.0,190173.41860866547
2271,HGS-TV,380246.0,190233.48691153526
2272,HGS-TV,380246.0,190293.57944202423
2273,HGS-TV,380246.0,190353.6441066265
2274,HGS-TV,380246.0,190413.67296481133
2275,HGS-TV,380246.0,190473.73173475266
2276,HGS-TV,380246.0,190554.6304872036
2277,HGS-TV,380246.0,190614.67077231407
2278,HGS-TV,380246.0,190674.7277367115
2279,HGS-TV,380246.0,190734.786642313
2280,HGS-TV,380246.0,190794.87381458282
2281,HGS-TV,380246.0,190854.9026389122
2282,HGS-TV,380246.0,190914.91664338112
2283,HGS-TV,380246.0,190974.96610307693
2284,HGS-TV,380246.0,191035.01771950722
2285,HGS-TV,380246.0,191095.08016467094
2286,HGS-TV,380246.0,191155.1505613327
2287,HGS-TV,380246.0,191215.15804862976
2288,HGS-TV,380246.0,191275.17596316338
2289,HGS-TV,380246.0,191335.20325899124
2290,HGS-TV,380246.0,191395.27505350113
2291,HGS-TV,380246.0,191455.37474894524
2292,HGS-TV,380246.0,191515.37526750565
2293,HGS-TV,380246.0,191575.4078719616
2294,HGS-TV,380246.0,191672.4256515503
2295,HGS-TV,380246.0,191732.43340468407
2296,HGS-TV,380246.0,191792.45340776443
2297,HGS-TV,380246.0,191852.5102710724
2298,HGS-TV,380246.0,191912.5566661358
2299,HGS-TV,380246.0,191972.62117743492
2300,HGS-TV,380246.0,192032.64820837975
2301,HGS-TV,380246.0,192092.68112516403
2302,HGS-TV,380246.0,192152.71032118797
2303,HGS-TV,380246.0,192212.81065893173
2304,HGS-TV,380246.0,192272.85719299316
2305,HGS-TV,380246.0,192332.89448952675
2306,HGS-TV,380246.0,192392.94491052628
2307,HGS-TV,380246.0,192453.01518440247
2308,HGS-TV,380246.0,192513.08731126785
2309,HGS-TV,380246.0,192573.11969470978
2310,HGS-TV,380246.0,192633.1662671566
2311,HGS-TV,380246.0,192693.23685526848
2312,HGS-TV,380246.0,192753.26112651825
2313,HGS-TV,380246.0,192971.0844669342
2314,HGS-TV,380246.0,193031.11721467972
2315,HGS-TV,380246.0,193091.17571020126
2316,HGS-TV,380246.0,193151.1800646782
2317,HGS-TV,380246.0,193211.2195417881
2318,HGS-TV,380246.0,193271.23718476295
2319,HGS-TV,380246.0,193332.72097706795
2320,HGS-TV,380246.0,193392.77316188812
2321,HGS-TV,380246.0,193452.80264639854
2322,HGS-TV,380246.0,193512.87301397324
2323,HGS-TV,380246.0,193572.91597032547
2324,HGS-TV,380246.0,193632.96212673187
2325,HGS-TV,380246.0,193693.02288508415
2326,HGS-TV,380246.0,193753.07804584503
2327,HGS-TV,380246.0,193813.1501712799
2328,HGS-TV,380246.0,193873.1632759571
2329,HGS-TV,380246.0,193933.26476979256
2330,HGS-TV,380246.0,194067.86954689026
2331,HGS-TV,380246.0,194127.9072649479
2332,HGS-TV,380246.0,194204.6757838726
2333,HGS-TV,380246.0,194277.62455177307
2334,HGS-TV,380246.0,194337.69605326653
2335,HGS-TV,380246.0,194397.7256667614
2336,ails2_etaMax1.000_stoppingTime1728000.00,382903.0,194457.66306494141
2337,HGS-TV,380246.0,194457.76275396347
2338,ails2_etaMax1.000_stoppingTime1728000.00,382769.0,194457.8170649414
2339,HGS-TV,380246.0,194529.4198923111
2340,HGS-TV,380246.0,194701.3813009262
2341,HGS-TV,380246.0,194949.85515522957
2342,HGS-TV,380246.0,195113.02310299873
2343,HGS-TV,380246.0,195197.38455033302
2344,HGS-TV,380246.0,195264.820738554
2345,HGS-TV,380246.0,195324.8751783371
2346,HGS-TV,380246.0,195423.06087493896
2347,HGS-TV,380246.0,195483.07167959213
2348,HGS-TV,380246.0,195543.1121120453
2349,HGS-TV,380246.0,195603.1869289875
2350,HGS-TV,380246.0,195663.19501566887
2351,HGS-TV,380246.0,195723.23518705368
2352,HGS-TV,380246.0,195783.26775360107
2353,HGS-TV,380246.0,195843.29636716843
2354,HGS-TV,380246.0,195903.37703466415
2355,HGS-TV,380246.0,195963.47667050362
2356,HGS-TV,380246.0,196023.54399943352
2357,HGS-TV,380246.0,196083.59950327873
2358,HGS-TV,380246.0,196143.62673068047
2359,HGS-TV,380246.0,196203.66724181175
2360,HGS-TV,380246.0,196263.7343132496
2361,HGS-TV,380246.0,196323.7679283619
2362,HGS-TV,380246.0,196383.90445399284
2363,HGS-TV,380246.0,196443.96401643753
2364,HGS-TV,380246.0,196504.0027973652
2365,HGS-TV,380246.0,196564.03983688354
2366,HGS-TV,380246.0,196624.08539438248
2367,HGS-TV,380246.0,196684.1743838787
2368,HGS-TV,380246.0,196744.23665046692
2369,HGS-TV,380246.0,196804.286788702
2370,HGS-TV,380246.0,196864.33682703972
2371,HGS-TV,380246.0,196924.3702135086
2372,HGS-TV,380246.0,197033.98220348358
2373,HGS-TV,380246.0,197093.98484754562
2374,HGS-TV,380246.0,197154.04217004776
2375,HGS-TV,380246.0,197214.07314920425
2376,HGS-TV,380246.0,197274.16669487953
2377,HGS-TV,380246.0,197334.21339702606
2378,HGS-TV,380246.0,197394.23024129868
2379,HGS-TV,380246.0,197454.23243427277
2380,HGS-TV,380246.0,197530.89353132248
2381,HGS-TV,380246.0,197646.530657053
2382,HGS-TV,380246.0,197706.5958275795
2383,HGS-TV,380246.0,197836.9831559658
2384,HGS-TV,380246.0,197951.20656394958
2385,HGS-TV,380246.0,198011.21988868713
2386,ails2_etaMax1.000_stoppingTime864000.00,381016.0,198075.3590649414
2387,ails2_etaMax1.000_stoppingTime864000.00,380903.0,198116.9450649414
2388,HGS-TV,380246.0,198200.11164546013
2389,HGS-TV,380246.0,198260.117082119
2390,ails2_etaMax1.000_stoppingTime864000.00,380878.0,198267.0630649414
2391,HGS-TV,380246.0,198320.18373775482
2392,ails2_etaMax1.000_stoppingTime864000.00,380843.0,198267.33406494142
2393,HGS-TV,380246.0,198411.49507427216
2394,HGS-TV,380246.0,198508.32435369492
2395,HGS-TV,380246.0,198584.46108818054
2396,HGS-TV,380246.0,198687.26228547096
2397,HGS-TV,380246.0,198859.59195160866
2398,HGS-TV,380246.0,198949.54509687424
2399,HGS-TV,380246.0,199034.9791355133
2400,HGS-TV,380246.0,199098.96557879448
2401,HGS-TV,380246.0,199211.917211771
2402,ails2_etaMax1.000_stoppingTime432000.00,380452.0,199416.3700649414
2403,ails2_etaMax1.000_stoppingTime432000.00,380447.0,199416.4270649414
2404,ails2_etaMax1.000_stoppingTime1728000.00,382738.0,200028.6260649414
2405,ails2_etaMax1.000_stoppingTime1728000.00,382536.0,200028.72806494142
2406,ails2_etaMax1.000_stoppingTime432000.00,380442.0,200491.7790649414
2407,HGS-TV,380246.0,200584.4756681919
2408,HGS-TV,380246.0,200710.9853425026
2409,HGS-TV,380246.0,200788.45803880692
2410,HGS-TV,380246.0,200848.49026846886
2411,ails2_etaMax1.000_stoppingTime432000.00,380441.0,200950.8320649414
2412,HGS-TV,380246.0,200971.80184674263
2413,HGS-TV,380246.0,201031.8544986248
2414,HGS-TV,380246.0,201100.20450115204
2415,HGS-TV,380246.0,201160.215020895
2416,HGS-TV,380246.0,201341.75278282166
2417,HGS-TV,380246.0,201401.82618308067
2418,HGS-TV,380246.0,201461.85881567
2419,HGS-TV,380246.0,201553.37529277802
2420,HGS-TV,380246.0,201613.38172864914
2421,HGS-TV,380246.0,201673.44971227646
2422,HGS-TV,380246.0,201733.5264494419
2423,HGS-TV,380246.0,201793.62561297417
2424,HGS-TV,380246.0,201853.66434812546
2425,HGS-TV,380246.0,201913.7376961708
2426,HGS-TV,380246.0,202013.16515111923
2427,HGS-TV,380246.0,202073.25786352158
2428,HGS-TV,380246.0,202143.9387960434
2429,HGS-TV,380246.0,202204.04976916313
2430,HGS-TV,380246.0,202285.38171982765
2431,ails2_etaMax1.000_stoppingTime432000.00,380439.0,202311.39106494142
2432,HGS-TV,380246.0,202357.42181038857
2433,HGS-TV,380246.0,202417.43489170074
2434,HGS-TV,380246.0,202477.49166941643
2435,HGS-TV,380246.0,202537.5492656231
2436,HGS-TV,380246.0,202597.6190328598
2437,HGS-TV,380246.0,202657.67618632317
2438,HGS-TV,380246.0,202717.68987464905
2439,HGS-TV,380246.0,202777.775452137
2440,HGS-TV,380246.0,202928.03509640694
2441,HGS-TV,380246.0,202988.0810186863
2442,HGS-TV,380246.0,203048.147783041
2443,HGS-TV,380246.0,203123.30344223976
2444,HGS-TV,380246.0,203183.3223707676
2445,HGS-TV,380246.0,203309.74957799911
2446,HGS-TV,380246.0,203447.30437159538
2447,HGS-TV,380246.0,203599.13157463074
2448,HGS-TV,380246.0,203767.93545651436
2449,HGS-TV,380246.0,204142.8900589943
2450,HGS-TV,380246.0,204318.82898259163
2451,HGS-TV,380246.0,204571.30203652382
2452,HGS-TV,380246.0,205145.57389736176
2453,HGS-TV,380246.0,205210.92210793495
2454,HGS-TV,380246.0,205712.51193881035
2455,HGS-TV,380246.0,206079.14862656593
2456,HGS-TV,380246.0,206774.1362490654
2457,HGS-TV,380246.0,207099.64894008636
2458,HGS-TV,380246.0,207159.70476198196
2459,HGS-TV,380246.0,207219.78234672546
2460,HGS-TV,380246.0,207346.53612232208
2461,ails2_etaMax1.000_stoppingTime432000.00,380436.0,207385.4680649414
2462,HGS-TV,380246.0,207406.6133890152
2463,ails2_etaMax1.000_stoppingTime432000.00,380434.0,207396.36906494142
2464,HGS-TV,380246.0,207466.6263616085
2465,HGS-TV,380246.0,207526.67479467392
2466,HGS-TV,380246.0,207586.70773530006
2467,HGS-TV,380246.0,207727.84175038338
2468,HGS-TV,380246.0,207787.91160416603
2469,HGS-TV,380246.0,208087.1877233982
2470,HGS-TV,380246.0,208338.47719931602
2471,ails2_eoh_omega2,380620.0,208579.6420649414
2472,ails2_eoh_omega2,380619.0,208809.79306494142
2473,ails2_eoh_omega2,380618.0,208809.81506494142
2474,HGS-TV,380246.0,209127.30109643936
2475,ails2_etaMax1.000_stoppingTime432000.00,380420.0,210590.5310649414
2476,ails2_etaMax1.000_stoppingTime432000.00,380418.0,210590.58406494142
2477,HGS-TV,380246.0,210747.88169574738
2478,HGS-TV,380246.0,210807.9087984562
2479,HGS-TV,380246.0,210867.96627140045
2480,HGS-TV,380246.0,210927.96939206123
2481,HGS-TV,380246.0,210988.00958704948
2482,HGS-TV,380246.0,211072.22748041153
2483,HGS-TV,380246.0,211132.26703333855
2484,HGS-TV,380246.0,211192.26713824272
2485,HGS-TV,380246.0,211252.28680849075
2486,HGS-TV,380246.0,211312.36177158356
2487,HGS-TV,380246.0,211372.40908956528
2488,HGS-TV,380246.0,211432.42142224312
2489,HGS-TV,380246.0,211492.49050593376
2490,HGS-TV,380246.0,211552.57650732994
2491,HGS-TV,380246.0,211613.65999794006
2492,HGS-TV,380246.0,211673.71547055244
2493,HGS-TV,380246.0,211733.74307250977
2494,HGS-TV,380246.0,211793.83200764656
2495,HGS-TV,380246.0,211853.86321377754
2496,HGS-TV,380246.0,211913.8713068962
2497,HGS-TV,380246.0,211973.8923251629
2498,HGS-TV,380246.0,212033.9902896881
2499,HGS-TV,380246.0,212093.99236488342
2500,HGS-TV,380246.0,212154.02382206917
2501,HGS-TV,380246.0,212214.0731191635
2502,HGS-TV,380246.0,212274.07654809952
2503,HGS-TV,380246.0,212334.1144952774
2504,HGS-TV,380246.0,212394.12738609314
2505,HGS-TV,380246.0,212454.19480204582
2506,HGS-TV,380246.0,212514.21558856964
2507,HGS-TV,380246.0,212574.2658662796
2508,HGS-TV,380246.0,212638.99668312073
2509,HGS-TV,380246.0,212699.0242972374
2510,HGS-TV,380246.0,212759.04602909088
2511,HGS-TV,380246.0,212819.0613155365
2512,HGS-TV,380246.0,212879.07808351517
2513,HGS-TV,380246.0,212939.11304473877
2514,HGS-TV,380246.0,212999.11685991287
2515,HGS-TV,380246.0,213059.11835980415
2516,HGS-TV,380246.0,213119.12514948845
2517,HGS-TV,380246.0,213179.1577208042
2518,HGS-TV,380246.0,213239.2249531746
2519,HGS-TV,380246.0,213299.29829192162
2520,HGS-TV,380246.0,213359.35000109673
2521,HGS-TV,380246.0,213419.35207343102
2522,HGS-TV,380246.0,213479.361931324
2523,HGS-TV,380246.0,213539.4106988907
2524,HGS-TV,380246.0,213599.43037867546
2525,HGS-TV,380246.0,213659.46290564537
2526,HGS-TV,380246.0,213719.4828605652
2527,HGS-TV,380246.0,213779.5546052456
2528,HGS-TV,380246.0,213990.1141757965
2529,HGS-TV,380246.0,214100.04468011856
2530,HGS-TV,380246.0,214160.08846974373
2531,HGS-TV,380246.0,214220.14218330383
2532,HGS-TV,380246.0,214280.14828634262
2533,HGS-TV,380246.0,214379.44296264648
2534,HGS-TV,380246.0,214439.51113295555
2535,HGS-TV,380246.0,214499.56601810455
2536,HGS-TV,380246.0,214617.65550231934
2537,HGS-TV,380246.0,214677.6708495617
2538,HGS-TV,380246.0,214745.20619010925
2539,HGS-TV,380246.0,214805.21213173866
2540,HGS-TV,380246.0,214865.2164645195
2541,HGS-TV,380246.0,214967.81555366516
2542,ails2_etaMax1.000_stoppingTime432000.00,380414.0,214982.5960649414
2543,HGS-TV,380246.0,215027.8612487316
2544,HGS-TV,380246.0,215087.8802344799
2545,HGS-TV,380246.0,215147.91704702377
2546,HGS-TV,380246.0,215230.9270877838
2547,HGS-TV,380246.0,215290.9282078743
2548,HGS-TV,380246.0,215351.00396418571
2549,HGS-TV,380246.0,215411.0346546173
2550,HGS-TV,380246.0,215471.05609416962
2551,HGS-TV,380246.0,215531.06114792824
2552,HGS-TV,380246.0,215591.08476495743
2553,HGS-TV,380246.0,215651.10184907913
2554,HGS-TV,380246.0,215711.12840986252
2555,HGS-TV,380246.0,215771.2297451496
2556,HGS-TV,380246.0,215831.26823544502
2557,HGS-TV,380246.0,215891.3437948227
2558,HGS-TV,380246.0,215951.3511478901
2559,HGS-TV,380246.0,216011.4679172039
2560,HGS-TV,380246.0,216083.0026781559
2561,HGS-TV,380246.0,216143.02824783325
2562,HGS-TV,380246.0,216203.0658633709
2563,HGS-TV,380246.0,216263.10405278206
2564,ails2_etaMax1.000_stoppingTime864000.00,380816.0,216294.41806494142
2565,HGS-TV,380246.0,216323.11684060097
2566,ails2_etaMax1.000_stoppingTime864000.00,380717.0,216296.4790649414
2567,HGS-TV,380246.0,216383.195643425
2568,HGS-TV,380246.0,216443.2515580654
2569,HGS-TV,380246.0,216503.26949167252
2570,HGS-TV,380246.0,216563.27320671082
2571,HGS-TV,380246.0,216623.31850671768
2572,HGS-TV,380246.0,216683.39546442032
2573,HGS-TV,380246.0,216743.402405262
2574,HGS-TV,380246.0,216803.44629645348
2575,HGS-TV,380246.0,216863.4938237667
2576,HGS-TV,380246.0,216923.522990942
2577,HGS-TV,380246.0,216983.55920290947
2578,HGS-TV,380246.0,217046.71116757393
2579,HGS-TV,380246.0,217106.8136265278
2580,HGS-TV,380246.0,217166.8236963749
2581,ails2_etaMax1.000_stoppingTime432000.00,380409.0,217216.0110649414
2582,HGS-TV,380246.0,217252.43608260155
2583,HGS-TV,380246.0,217312.4806227684
2584,HGS-TV,380246.0,217372.54780364037
2585,HGS-TV,380246.0,217607.42149925232
2586,HGS-TV,380246.0,217667.43231892586
2587,HGS-TV,380246.0,217762.99837064743
2588,HGS-TV,380246.0,218087.3235154152
2589,HGS-TV,380246.0,218258.7413532734
2590,HGS-TV,380246.0,218438.4088256359
2591,HGS-TV,380246.0,218731.64171862602
2592,HGS-TV,380246.0,218992.52264809608
2593,ails2_etaMax1.000_stoppingTime432000.00,380408.0,219771.97006494142
2594,ails2_etaMax1.000_stoppingTime432000.00,380406.0,219912.0040649414
2595,ails2_etaMax1.000_stoppingTime432000.00,380398.0,219912.06206494142
2596,HGS-TV,380246.0,220036.90815782547
2597,HGS-TV,380246.0,220804.57666683197
2598,ails2_etaMax1.000_stoppingTime1728000.00,382524.0,221044.0850649414
2599,HGS-TV,380246.0,221061.72436332703
2600,ails2_etaMax1.000_stoppingTime1728000.00,382512.0,221044.1200649414
2601,ails2_eoh_omega2,380617.0,222139.30406494142
2602,HGS-TV,380246.0,222445.50060105324
2603,HGS-TV,380246.0,222505.5056078434
2604,HGS-TV,380246.0,222565.5168004036
2605,HGS-TV,380246.0,222625.5245525837
2606,HGS-TV,380246.0,222702.31299376488
2607,HGS-TV,380246.0,222762.380746603
2608,HGS-TV,380246.0,222822.39642357826
2609,HGS-TV,380246.0,222882.4433541298
2610,HGS-TV,380246.0,222942.52106809616
2611,HGS-TV,380246.0,223056.53685116768
2612,HGS-TV,380246.0,223116.5700814724
2613,HGS-TV,380246.0,223253.92659401894
2614,HGS-TV,380246.0,223351.20025634766
2615,HGS-TV,380246.0,223411.2214603424
2616,HGS-TV,380246.0,223471.28422665596
2617,HGS-TV,380246.0,223554.56937623024
2618,HGS-TV,380246.0,223617.06486964226
2619,HGS-TV,380246.0,223719.98947191238
2620,ails2_etaMax1.000_stoppingTime432000.00,380397.0,223721.25806494142
2621,ails2_etaMax1.000_stoppingTime432000.00,380378.0,223721.5200649414
2622,HGS-TV,380246.0,223857.27295446396
2623,HGS-TV,380246.0,223972.66014003754
2624,HGS-TV,380246.0,224544.93456816673
2625,HGS-TV,380246.0,224604.98215270042
2626,HGS-TV,380246.0,224701.47780799866
2627,HGS-TV,380246.0,224777.54095339775
2628,HGS-TV,380246.0,224846.69687509537
2629,HGS-TV,380246.0,224960.9465661049
2630,HGS-TV,380246.0,225021.0203742981
2631,HGS-TV,380246.0,225081.02930307388
2632,HGS-TV,380246.0,225141.0606532097
2633,HGS-TV,380246.0,225201.13843917847
2634,HGS-TV,380246.0,225269.5224790573
2635,HGS-TV,380246.0,225329.52356028557
2636,HGS-TV,380246.0,225389.54456686974
2637,HGS-TV,380246.0,225449.5705959797
2638,HGS-TV,380246.0,225564.4592514038
2639,HGS-TV,380246.0,225624.49093437195
2640,HGS-TV,380246.0,225684.58941459656
2641,HGS-TV,380246.0,225744.72202563286
2642,HGS-TV,380246.0,225834.04986262321
2643,HGS-TV,380246.0,226012.81167125702
2644,HGS-TV,380246.0,226173.5492424965
2645,HGS-TV,380246.0,226233.55511260033
2646,HGS-TV,380246.0,226303.19823932648
2647,HGS-TV,380246.0,226424.02633452415
2648,HGS-TV,380246.0,226484.06309247017
2649,HGS-TV,380246.0,226544.10269999504
2650,HGS-TV,380246.0,226604.14339208603
2651,HGS-TV,380246.0,226664.17031121254
2652,HGS-TV,380246.0,226724.25032925606
2653,HGS-TV,380246.0,226784.32190537453
2654,HGS-TV,380246.0,226844.33712100983
2655,HGS-TV,380246.0,226904.41598057747
2656,HGS-TV,380246.0,226964.46230220795
2657,HGS-TV,380246.0,227024.52826833725
2658,ails2_etaMax1.000_stoppingTime1728000.00,382475.0,227162.4580649414
2659,HGS-TV,380246.0,227205.6641600132
2660,ails2_etaMax1.000_stoppingTime1728000.00,382448.0,227162.4870649414
2661,HGS-TV,380246.0,227265.69670271873
2662,HGS-TV,380246.0,227325.84031057358
2663,HGS-TV,380246.0,227385.970181942
2664,HGS-TV,380246.0,227470.16542243958
2665,HGS-TV,380246.0,227530.21204090118
2666,HGS-TV,380246.0,227590.24292874336
2667,ails2_etaMax1.000_stoppingTime1728000.00,382432.0,227591.1970649414
2668,ails2_etaMax1.000_stoppingTime1728000.00,382405.0,227591.6810649414
2669,HGS-TV,380246.0,227695.0053241253
2670,HGS-TV,380246.0,227755.0766544342
2671,HGS-TV,380246.0,227815.15576601028
2672,HGS-TV,380246.0,227875.26124334335
2673,HGS-TV,380246.0,227935.3080790043
2674,HGS-TV,380246.0,227995.42734122276
2675,HGS-TV,380246.0,228055.54995322227
2676,HGS-TV,380246.0,228115.6215672493
2677,HGS-TV,380246.0,228175.71400427818
2678,HGS-TV,380246.0,228235.7633652687
2679,HGS-TV,380246.0,228295.8319325447
2680,HGS-TV,380246.0,228355.8688032627
2681,HGS-TV,380246.0,228493.2575416565
2682,HGS-TV,380246.0,228553.27928996086
2683,HGS-TV,380246.0,228613.32106757164
2684,HGS-TV,380246.0,228673.33817982674
2685,HGS-TV,380246.0,228733.33869862556
2686,HGS-TV,380246.0,228793.37436318398
2687,HGS-TV,380246.0,228853.4215221405
2688,HGS-TV,380246.0,228913.46814084053
2689,HGS-TV,380246.0,228973.51614260674
2690,HGS-TV,380246.0,229033.58780312538
2691,HGS-TV,380246.0,229093.59081029892
2692,HGS-TV,380246.0,229153.63705515862
2693,HGS-TV,380246.0,229213.68582654
2694,HGS-TV,380246.0,229273.79200410843
2695,HGS-TV,380246.0,229333.81366181374
2696,HGS-TV,380246.0,229393.9321167469
2697,HGS-TV,380246.0,229460.10736322403
2698,ails2_etaMax0.010_stoppingTime432000.00,381054.0,229508.0940649414
2699,HGS-TV,380246.0,229542.9263803959
2700,ails2_etaMax0.010_stoppingTime432000.00,381051.0,229508.1910649414
2701,HGS-TV,380246.0,229602.9514427185
2702,HGS-TV,380246.0,229701.9782614708
2703,HGS-TV,380246.0,229875.7036087513
2704,HGS-TV,380246.0,229987.96236634254
2705,HGS-TV,380246.0,230048.05746555328
2706,HGS-TV,380246.0,230108.15670323372
2707,HGS-TV,380246.0,230168.21526956558
2708,HGS-TV,380246.0,230228.25610685349
2709,HGS-TV,380246.0,230295.0813047886
2710,HGS-TV,380246.0,230355.17682266235
2711,HGS-TV,380246.0,230418.54412674904
2712,HGS-TV,380246.0,230478.57207036018
2713,HGS-TV,380246.0,230538.68895840645
2714,HGS-TV,380246.0,230598.7129096985
2715,HGS-TV,380246.0,230658.76037693024
2716,HGS-TV,380246.0,230757.35800290108
2717,HGS-TV,380246.0,230819.0689816475
2718,HGS-TV,380246.0,230879.1084177494
2719,HGS-TV,380246.0,230939.1450870037
2720,HGS-TV,380246.0,230999.25258612633
2721,HGS-TV,380246.0,231059.36215543747
2722,HGS-TV,380246.0,231119.43988919258
2723,HGS-TV,380246.0,231179.46053004265
2724,HGS-TV,380246.0,231350.02535510063
2725,HGS-TV,380246.0,231410.04457235336
2726,HGS-TV,380246.0,231499.1308774948
2727,HGS-TV,380246.0,231701.931910038
2728,HGS-TV,380246.0,231794.99563217163
2729,HGS-TV,380246.0,231963.8025677204
2730,HGS-TV,380246.0,232089.08858036995
2731,HGS-TV,380246.0,232201.72879242897
2732,HGS-TV,380246.0,232261.7405822277
2733,HGS-TV,380246.0,232379.99280881882
2734,HGS-TV,380246.0,232616.85864567757
2735,HGS-TV,380246.0,232855.69820666313
2736,ails2_etaMax1.000_stoppingTime432000.00,380376.0,233295.5520649414
2737,ails2_etaMax1.000_stoppingTime432000.00,380375.0,234022.6340649414
2738,ails2_etaMax1.000_stoppingTime432000.00,380374.0,234022.7540649414
2739,HGS-TV,380246.0,234499.11396741867
2740,HGS-TV,380246.0,234559.20312952995
2741,HGS-TV,380246.0,234619.27160286903
2742,HGS-TV,380246.0,234679.2790067196
2743,HGS-TV,380246.0,234739.38421797752
2744,ails2_etaMax1.000_stoppingTime432000.00,380371.0,234796.98606494142
2745,HGS-TV,380246.0,234799.41157889366
2746,HGS-TV,380246.0,234859.47954845428
2747,HGS-TV,380246.0,234919.52373981476
2748,ails2_etaMax1.000_stoppingTime432000.00,380370.0,234959.8080649414
2749,HGS-TV,380246.0,234979.58955407143
2750,ails2_etaMax1.000_stoppingTime432000.00,380358.0,234960.03206494142
2751,HGS-TV,380246.0,235039.62085700035
2752,HGS-TV,380246.0,235099.623213768
2753,HGS-TV,380246.0,235160.92269945145
2754,HGS-TV,380246.0,235221.01096510887
2755,HGS-TV,380246.0,235303.00369095802
2756,HGS-TV,380246.0,235363.0342657566
2757,HGS-TV,380246.0,235423.04326224327
2758,HGS-TV,380246.0,235483.06913924217
2759,HGS-TV,380246.0,235543.07564759254
2760,HGS-TV,380246.0,235603.13572955132
2761,HGS-TV,380246.0,235663.19967556
2762,HGS-TV,380246.0,235723.24954414368
2763,HGS-TV,380246.0,235783.26123857498
2764,HGS-TV,380246.0,235843.31536579132
2765,HGS-TV,380246.0,235903.42734265327
2766,HGS-TV,380246.0,235963.44979786873
2767,HGS-TV,380246.0,236023.4586751461
2768,HGS-TV,380246.0,236083.53242826462
2769,HGS-TV,380246.0,236143.54083800316
2770,HGS-TV,380246.0,236203.56636285782
2771,HGS-TV,380246.0,236263.67658019066
2772,HGS-TV,380246.0,236323.73361229897
2773,HGS-TV,380246.0,236383.77961826324
2774,HGS-TV,380246.0,236443.79267001152
2775,HGS-TV,380246.0,236503.8138408661
2776,HGS-TV,380246.0,236563.81478333473
2777,HGS-TV,380246.0,236630.41092705727
2778,HGS-TV,380246.0,236690.53404426575
2779,HGS-TV,380246.0,236750.57882738113
2780,HGS-TV,380246.0,236810.65044665337
2781,HGS-TV,380246.0,236870.66543722153
2782,HGS-TV,380246.0,236930.68529725075
2783,HGS-TV,380246.0,236990.7016541958
2784,HGS-TV,380246.0,237050.7852306366
2785,HGS-TV,380246.0,237110.83275651932
2786,ails2_etaMax1.000_stoppingTime864000.00,380711.0,237161.47006494142
2787,HGS-TV,380246.0,237170.86937355995
2788,ails2_etaMax1.000_stoppingTime1728000.00,382370.0,237181.49706494142
2789,HGS-TV,380246.0,237236.56369757652
2790,ails2_etaMax1.000_stoppingTime1728000.00,382343.0,237181.6200649414
2791,HGS-TV,380246.0,237296.62053322792
2792,HGS-TV,380246.0,237356.64657473564
2793,HGS-TV,380246.0,237416.6485800743
2794,HGS-TV,380246.0,237503.8458456993
2795,HGS-TV,380246.0,237563.85628056526
2796,HGS-TV,380246.0,237631.6374218464
2797,HGS-TV,380246.0,237786.3934135437
2798,HGS-TV,380246.0,237846.44062542915
2799,HGS-TV,380246.0,237914.61916732788
2800,HGS-TV,380246.0,237998.52660894394
2801,HGS-TV,380246.0,238058.62207651138
2802,ails2_etaMax1.000_stoppingTime864000.00,380706.0,238067.31206494142
2803,HGS-TV,380246.0,238118.66636562347
2804,ails2_etaMax1.000_stoppingTime864000.00,380698.0,238067.3670649414
2805,HGS-TV,380246.0,238178.69498968124
2806,HGS-TV,380246.0,238238.80440044403
2807,HGS-TV,380246.0,238298.80463910103
2808,HGS-TV,380246.0,238358.85077524185
2809,HGS-TV,380246.0,238418.88506293297
2810,HGS-TV,380246.0,238478.8962147236
2811,HGS-TV,380246.0,238566.63919711113
2812,HGS-TV,380246.0,238684.07263708115
2813,HGS-TV,380246.0,239050.82621860504
2814,ails2_etaMax1.000_stoppingTime864000.00,380691.0,239467.9900649414
2815,HGS-TV,380246.0,239524.67759537697
2816,ails2_etaMax1.000_stoppingTime864000.00,380671.0,239468.1310649414
2817,HGS-TV,380246.0,239724.29870152473
2818,HGS-TV,380246.0,241221.173620224
2819,HGS-TV,380246.0,241281.21558499336
2820,HGS-TV,380246.0,241341.21837377548
2821,HGS-TV,380246.0,241401.27312350273
2822,HGS-TV,380246.0,241461.36358308792
2823,HGS-TV,380246.0,241521.38346862793
2824,HGS-TV,380246.0,241581.39671373367
2825,HGS-TV,380246.0,241641.40765452385
2826,HGS-TV,380246.0,241701.486246109
2827,HGS-TV,380246.0,241761.48860311508
2828,HGS-TV,380246.0,241821.49899363518
2829,HGS-TV,380246.0,241881.5671415329
2830,HGS-TV,380246.0,241941.58432483673
2831,HGS-TV,380246.0,242001.59547901154
2832,HGS-TV,380246.0,242061.70520949364
2833,HGS-TV,380246.0,242121.77461004257
2834,HGS-TV,380246.0,242181.85588121414
2835,HGS-TV,380246.0,242241.96436786652
2836,HGS-TV,380246.0,242302.00071930885
2837,HGS-TV,380246.0,242362.07155632973
2838,HGS-TV,380246.0,242422.1431350708
2839,HGS-TV,380246.0,242482.17184448242
2840,HGS-TV,380246.0,242542.27368688583
2841,HGS-TV,380246.0,242602.3043372631
2842,HGS-TV,380246.0,242662.32576155663
2843,HGS-TV,380246.0,242722.39074492455
2844,HGS-TV,380246.0,242782.40653300285
2845,HGS-TV,380246.0,242842.40867090225
2846,HGS-TV,380246.0,242906.19625592232
2847,HGS-TV,380246.0,242966.25720858574
2848,HGS-TV,380246.0,243026.2631084919
2849,HGS-TV,380246.0,243086.28751420975
2850,ails2_etaMax1.000_stoppingTime1728000.00,382309.0,243124.9650649414
2851,HGS-TV,380246.0,243146.34336304665
2852,ails2_etaMax1.000_stoppingTime1728000.00,382013.0,243126.3110649414
2853,HGS-TV,380246.0,243206.37496066093
2854,HGS-TV,380246.0,243266.39379286766
2855,HGS-TV,380246.0,243349.66266417503
2856,HGS-TV,380246.0,243409.7302441597
2857,HGS-TV,380246.0,243469.8358156681
2858,HGS-TV,380246.0,243529.8684990406
2859,HGS-TV,380246.0,243599.21756792068
2860,HGS-TV,380246.0,243679.32864403725
2861,HGS-TV,380246.0,243739.40117764473
2862,HGS-TV,380246.0,243799.48873209953
2863,HGS-TV,380246.0,243859.5231745243
2864,HGS-TV,380246.0,243919.56690979004
2865,ails2_etaMax1.000_stoppingTime432000.00,380356.0,243954.00506494142
2866,HGS-TV,380246.0,243979.61672234535
2867,ails2_etaMax1.000_stoppingTime432000.00,380324.0,244012.45906494142
2868,HGS-TV,380246.0,244039.7135746479
2869,HGS-TV,380246.0,244099.71378064156
2870,HGS-TV,380246.0,244159.74554252625
2871,HGS-TV,380246.0,244219.77400445938
2872,ails2_etaMax1.000_stoppingTime432000.00,380321.0,244239.8790649414
2873,HGS-TV,380246.0,244279.79954242706
2874,ails2_etaMax1.000_stoppingTime432000.00,380319.0,244270.5820649414
2875,HGS-TV,380246.0,244339.80184555054
2876,HGS-TV,380246.0,244404.71299648285
2877,HGS-TV,380246.0,244489.58837413788
2878,HGS-TV,380246.0,244549.59517860413
2879,HGS-TV,380246.0,244609.66182136536
2880,HGS-TV,380246.0,244678.93144226074
2881,HGS-TV,380246.0,244738.96798801422
2882,ails2_etaMax1.000_stoppingTime432000.00,380316.0,244792.5070649414
2883,HGS-TV,380246.0,244800.86778855324
2884,ails2_etaMax1.000_stoppingTime432000.00,380314.0,244798.6690649414
2885,HGS-TV,380246.0,244860.93671011925
2886,HGS-TV,380246.0,244920.96141433716
2887,HGS-TV,380246.0,244981.00920772552
2888,HGS-TV,380246.0,245041.05355119705
2889,HGS-TV,380246.0,245101.16446447372
2890,HGS-TV,380246.0,245164.8925526142
2891,HGS-TV,380246.0,245224.9663848877
2892,HGS-TV,380246.0,245285.0033581257
2893,HGS-TV,380246.0,245345.01517653465
2894,HGS-TV,380246.0,245429.85555934906
2895,HGS-TV,380246.0,245489.90253210068
2896,HGS-TV,380246.0,245549.92886590958
2897,HGS-TV,380246.0,245632.28004693985
2898,HGS-TV,380246.0,245692.32549452782
2899,HGS-TV,380246.0,245879.9274878502
2900,HGS-TV,380246.0,245939.96168780327
2901,HGS-TV,380246.0,246000.0318491459
2902,HGS-TV,380246.0,246303.0845541954
2903,HGS-TV,380246.0,246363.0986392498
2904,HGS-TV,380246.0,246423.15605330467
2905,HGS-TV,380246.0,246668.9078001976
2906,HGS-TV,380246.0,246728.94498610497
2907,ails2_eoh_omega2,380616.0,246835.29606494142
2908,HGS-TV,380246.0,246883.66039395332
2909,ails2_eoh_omega2,380614.0,246835.3560649414
2910,HGS-TV,380246.0,247013.81028223038
2911,HGS-TV,380246.0,247158.5287311077
2912,HGS-TV,380246.0,247218.58484888077
2913,HGS-TV,380246.0,247278.62032938004
2914,HGS-TV,380246.0,247380.09837841988
2915,HGS-TV,380246.0,247440.13695168495
2916,HGS-TV,380246.0,247673.18947553635
2917,HGS-TV,380246.0,248101.65460634232
2918,HGS-TV,380246.0,248204.95817232132
2919,HGS-TV,380246.0,248366.6080210209
2920,HGS-TV,380246.0,248426.67039608955
2921,HGS-TV,380246.0,248545.47691702843
2922,HGS-TV,380246.0,249040.2000002861
2923,HGS-TV,380246.0,249139.7908732891
2924,ails2_etaMax1.000_stoppingTime432000.00,380312.0,249235.0660649414
2925,ails2_etaMax1.000_stoppingTime432000.00,380308.0,249235.0890649414
2926,HGS-TV,380246.0,250757.35107016563
2927,HGS-TV,380246.0,250817.36028838158
2928,HGS-TV,380246.0,250877.44778871536
2929,HGS-TV,380246.0,250937.49564790726
2930,HGS-TV,380246.0,250997.5209057331
2931,HGS-TV,380246.0,251057.5600156784
2932,HGS-TV,380246.0,251117.57379627228
2933,HGS-TV,380246.0,251177.661942482
2934,HGS-TV,380246.0,251237.76459050179
2935,HGS-TV,380246.0,251297.817882061
2936,HGS-TV,380246.0,251357.85066914558
2937,HGS-TV,380246.0,251417.91971445084
2938,HGS-TV,380246.0,251478.03543925285
2939,HGS-TV,380246.0,251538.0562005043
2940,HGS-TV,380246.0,251598.07447648048
2941,HGS-TV,380246.0,251658.12365460396
2942,HGS-TV,380246.0,251718.15382122993
2943,HGS-TV,380246.0,251778.2165865898
2944,HGS-TV,380246.0,251838.2808125019
2945,HGS-TV,380246.0,251909.41063451767
2946,HGS-TV,380246.0,251969.44493603706
2947,HGS-TV,380246.0,252029.4748454094
2948,HGS-TV,380246.0,252089.5435948372
2949,HGS-TV,380246.0,252149.62884807587
2950,HGS-TV,380246.0,252209.69277358055
2951,HGS-TV,380246.0,252269.70555520058
2952,HGS-TV,380246.0,252329.7125067711
2953,HGS-TV,380246.0,252389.76745533943
2954,HGS-TV,380246.0,252449.81090641022
2955,HGS-TV,380246.0,252509.8705842495
2956,HGS-TV,380246.0,252569.8896291256
2957,HGS-TV,380246.0,252629.98927402496
2958,HGS-TV,380246.0,252690.00718331337
2959,HGS-TV,380246.0,252750.06863975525
2960,HGS-TV,380246.0,252810.09217572212
2961,HGS-TV,380246.0,252870.16598463058
2962,HGS-TV,380246.0,252934.2990911007
2963,HGS-TV,380246.0,253005.06942367554
2964,HGS-TV,380246.0,253065.16868185997
2965,HGS-TV,380246.0,253125.247017622
2966,HGS-TV,380246.0,253185.31886005402
2967,HGS-TV,380246.0,253245.39913487434
2968,HGS-TV,380246.0,253308.70283031464
2969,HGS-TV,380246.0,253368.72814536095
2970,HGS-TV,380246.0,253428.78364944458
2971,HGS-TV,380246.0,253504.82222032547
2972,HGS-TV,380246.0,253564.8427915573
2973,HGS-TV,380246.0,253624.8854985237
2974,HGS-TV,380246.0,253697.56220889091
2975,HGS-TV,380246.0,253757.58873653412
2976,HGS-TV,380246.0,253817.61805200577
2977,HGS-TV,380246.0,253877.62580752373
2978,HGS-TV,380246.0,253937.64112234116
2979,HGS-TV,380246.0,254008.2324397564
2980,HGS-TV,380246.0,254068.27101182938
2981,HGS-TV,380246.0,254128.32525134087
2982,HGS-TV,380246.0,254188.3597228527
2983,HGS-TV,380246.0,254248.3697450161
2984,HGS-TV,380246.0,254331.34817695618
2985,HGS-TV,380246.0,254391.43825387955
2986,HGS-TV,380246.0,254499.35930418968
2987,HGS-TV,380246.0,254559.4087381363
2988,HGS-TV,380246.0,254638.94255256653
2989,HGS-TV,380246.0,254698.9678554535
2990,HGS-TV,380246.0,254758.9860343933
2991,HGS-TV,380246.0,254819.06247401237
2992,HGS-TV,380246.0,254879.14647006989
2993,HGS-TV,380246.0,254939.18446731567
2994,HGS-TV,380246.0,254999.18503832817
2995,HGS-TV,380246.0,255125.5089855194
2996,HGS-TV,380246.0,255188.04263806343
2997,HGS-TV,380246.0,255259.45300650597
2998,HGS-TV,380246.0,255446.97871685028
2999,HGS-TV,380246.0,255507.00651788712
3000,HGS-TV,380246.0,255643.13296937943
3001,HGS-TV,380246.0,255848.70155477524
3002,HGS-TV,380246.0,255908.73912620544
3003,HGS-TV,380246.0,256011.36906027794
3004,HGS-TV,380246.0,256085.20286631584
3005,HGS-TV,380246.0,256145.30537104607
3006,HGS-TV,380246.0,256205.32304430008
3007,HGS-TV,380246.0,256265.361225605
3008,HGS-TV,380246.0,256325.36791920662
3009,HGS-TV,380246.0,256385.44035291672
3010,HGS-TV,380246.0,256445.45761179924
3011,HGS-TV,380246.0,256505.48907661438
3012,HGS-TV,380246.0,256565.57786941528
3013,HGS-TV,380246.0,256625.64192914963
3014,HGS-TV,380246.0,256685.68927383423
3015,HGS-TV,380246.0,256745.71867132187
3016,HGS-TV,380246.0,256805.763256073
3017,HGS-TV,380246.0,256865.83306217194
3018,HGS-TV,380246.0,256925.90695214272
3019,HGS-TV,380246.0,256985.92924165726
3020,HGS-TV,380246.0,257045.9616405964
3021,HGS-TV,380246.0,257105.99728012085
3022,HGS-TV,380246.0,257166.03742432594
3023,HGS-TV,380246.0,257226.09693551064
3024,HGS-TV,380246.0,257305.12777996063
3025,HGS-TV,380246.0,257365.1840584278
3026,HGS-TV,380246.0,257425.1938033104
3027,HGS-TV,380246.0,257485.2483971119
3028,HGS-TV,380246.0,257545.2719888687
3029,HGS-TV,380246.0,257605.33825731277
3030,HGS-TV,380246.0,257665.34874296188
3031,HGS-TV,380246.0,257758.6864182949
3032,HGS-TV,380246.0,257818.7182815075
3033,HGS-TV,380246.0,257898.78563404083
3034,HGS-TV,380246.0,257958.86099863052
3035,HGS-TV,380246.0,258018.8921983242
3036,ails2_etaMax1.000_stoppingTime432000.00,380307.0,258056.5110649414
3037,HGS-TV,380246.0,258078.90218687057
3038,ails2_etaMax1.000_stoppingTime432000.00,380300.0,258093.2910649414
3039,HGS-TV,380246.0,258138.93911504745
3040,HGS-TV,380246.0,258199.0356578827
3041,HGS-TV,380246.0,258259.9736726284
3042,HGS-TV,380246.0,258584.04012918472
3043,HGS-TV,380246.0,258644.09268260002
3044,HGS-TV,380246.0,258704.13635134697
3045,HGS-TV,380246.0,258764.15396738052
3046,HGS-TV,380246.0,258824.1632642746
3047,HGS-TV,380246.0,258884.19962763786
3048,HGS-TV,380246.0,258944.24192261696
3049,HGS-TV,380246.0,259041.8709511757
3050,HGS-TV,380246.0,259101.93844723701
3051,HGS-TV,380246.0,259161.96500492096
3052,HGS-TV,380246.0,259222.0054087639
3053,HGS-TV,380246.0,259348.41974925995
3054,HGS-TV,380246.0,259423.45302653313
3055,HGS-TV,380246.0,259507.28661680222
3056,HGS-TV,380246.0,259567.36246275902
3057,HGS-TV,380246.0,259627.37109375
3058,HGS-TV,380246.0,259687.37773656845
3059,ails2_etaMax1.000_stoppingTime1728000.00,381973.0,259710.2130649414
3060,HGS-TV,380246.0,259747.39469313622
3061,ails2_etaMax1.000_stoppingTime1728000.00,381942.0,259710.5190649414
3062,HGS-TV,380246.0,259855.71696019173
3063,HGS-TV,380246.0,259990.34504246712
3064,HGS-TV,380246.0,260050.36877202988
3065,HGS-TV,380246.0,260355.13719964027
3066,HGS-TV,380246.0,260961.6260714531
3067,ails2_eoh_omega2,380613.0,261189.7730649414
3068,HGS-TV,380246.0,261207.8956041336
3069,HGS-TV,380246.0,261267.9092350006
3070,HGS-TV,380246.0,261327.9672267437
3071,HGS-TV,380246.0,261387.99099707603
3072,HGS-TV,380246.0,261550.1829881668
3073,HGS-TV,380246.0,261734.18808937073
3074,HGS-TV,380246.0,261794.20812940598
3075,HGS-TV,380246.0,261854.2149348259
3076,HGS-TV,380246.0,261914.22894358635
3077,HGS-TV,380246.0,261974.32960104942
3078,HGS-TV,380246.0,262034.43554615974
3079,HGS-TV,380246.0,262094.55957102776
3080,ails2_etaMax1.000_stoppingTime864000.00,380668.0,262145.0290649414
3081,HGS-TV,380246.0,262154.57584643364
3082,ails2_etaMax1.000_stoppingTime864000.00,380656.0,262145.1120649414
3083,HGS-TV,380246.0,262231.00304603577
3084,HGS-TV,380246.0,262320.3730869293
3085,HGS-TV,380246.0,262380.39738821983
3086,HGS-TV,380246.0,262440.41116285324
3087,HGS-TV,380246.0,262513.9288544655
3088,ails2_etaMax1.000_stoppingTime864000.00,380651.0,262527.7230649414
3089,HGS-TV,380246.0,262575.22661376
3090,ails2_etaMax1.000_stoppingTime864000.00,380649.0,262527.7440649414
3091,HGS-TV,380246.0,262722.7055211067
3092,HGS-TV,380246.0,262864.7670509815
3093,HGS-TV,380246.0,262973.24028229713
3094,HGS-TV,380246.0,263096.6737244129
3095,HGS-TV,380246.0,263224.5482532978
3096,HGS-TV,380246.0,263402.01462578773
3097,HGS-TV,380246.0,263479.45069360733
3098,ails2_etaMax1.000_stoppingTime432000.00,380298.0,263815.5170649414
3099,ails2_etaMax1.000_stoppingTime432000.00,380288.0,263826.6210649414
3100,ails2_etaMax1.000_stoppingTime432000.00,380283.0,263912.81906494143
3101,ails2_eoh_omega2,380612.0,264037.0500649414
3102,ails2_eoh_omega2,380610.0,264037.6970649414
3103,HGS-TV,380246.0,264123.70109057426
3104,HGS-TV,380246.0,265796.5363137722
3105,HGS-TV,380246.0,265856.62367486954
3106,HGS-TV,380246.0,265916.67669534683
3107,HGS-TV,380246.0,265976.6875426769
3108,HGS-TV,380246.0,266036.7911002636
3109,HGS-TV,380246.0,266096.8411076069
3110,HGS-TV,380246.0,266156.883893013
3111,HGS-TV,380246.0,266216.9322872162
3112,HGS-TV,380246.0,266276.98986029625
3113,HGS-TV,380246.0,266337.0340332985
3114,HGS-TV,380246.0,266397.11173415184
3115,HGS-TV,380246.0,266457.1122748852
3116,HGS-TV,380246.0,266517.22002744675
3117,HGS-TV,380246.0,266577.24381017685
3118,HGS-TV,380246.0,266637.284876585
3119,HGS-TV,380246.0,266697.30748963356
3120,HGS-TV,380246.0,266757.3304049969
3121,HGS-TV,380246.0,266817.3670575619
3122,HGS-TV,380246.0,266877.3770213127
3123,HGS-TV,380246.0,266937.4314286709
3124,HGS-TV,380246.0,266997.50568032265
3125,HGS-TV,380246.0,267057.58438515663
3126,HGS-TV,380246.0,267117.6538283825
3127,HGS-TV,380246.0,267177.6961591244
3128,HGS-TV,380246.0,267237.7115468979
3129,HGS-TV,380246.0,267297.76561427116
3130,HGS-TV,380246.0,267357.77053046227
3131,HGS-TV,380246.0,267417.7931916714
3132,HGS-TV,380246.0,267477.8080806732
3133,HGS-TV,380246.0,267537.8111522198
3134,ails2_etaMax1.000_stoppingTime864000.00,380637.0,267586.70506494143
3135,HGS-TV,380246.0,267614.22244787216
3136,ails2_etaMax1.000_stoppingTime864000.00,380595.0,267590.14506494143
3137,HGS-TV,380246.0,267674.2320268154
3138,HGS-TV,380246.0,267734.26859140396
3139,HGS-TV,380246.0,267794.3058025837
3140,HGS-TV,380246.0,267854.3473343849
3141,HGS-TV,380246.0,267914.3773276806
3142,HGS-TV,380246.0,267974.38822078705
3143,HGS-TV,380246.0,268063.28152656555
3144,HGS-TV,380246.0,268123.36285066605
3145,HGS-TV,380246.0,268183.4189007282
3146,HGS-TV,380246.0,268293.36127877235
3147,HGS-TV,380246.0,268353.38451981544
3148,HGS-TV,380246.0,268413.39136862755
3149,HGS-TV,380246.0,268515.4898946285
3150,HGS-TV,380246.0,268606.81893515587
3151,HGS-TV,380246.0,268680.60564398766
3152,HGS-TV,380246.0,268740.64411211014
3153,HGS-TV,380246.0,268827.81095027924
3154,HGS-TV,380246.0,268907.1478834152
3155,HGS-TV,380246.0,269037.5182187557
3156,HGS-TV,380246.0,269097.58386588097
3157,HGS-TV,380246.0,269223.93742370605
3158,HGS-TV,380246.0,269283.99311590195
3159,HGS-TV,380246.0,269344.1043496132
3160,HGS-TV,380246.0,269404.14081025124
3161,HGS-TV,380246.0,269464.20522761345
3162,HGS-TV,380246.0,269524.2136833668
3163,HGS-TV,380246.0,269590.9174077511
3164,HGS-TV,380246.0,269650.9489431381
3165,HGS-TV,380246.0,269710.95983839035
3166,HGS-TV,380246.0,269770.9964160919
3167,HGS-TV,380246.0,269831.0176849365
3168,HGS-TV,380246.0,269891.02625727654
3169,HGS-TV,380246.0,269951.06246328354
3170,HGS-TV,380246.0,270011.10579133034
3171,HGS-TV,380246.0,270071.1725652218
3172,HGS-TV,380246.0,270192.92371702194
3173,HGS-TV,380246.0,270343.50088620186
3174,HGS-TV,380246.0,270403.5209889412
3175,HGS-TV,380246.0,270576.67440772057
3176,HGS-TV,380246.0,270678.7990860939
3177,HGS-TV,380246.0,270738.81387043
3178,HGS-TV,380246.0,270798.82813453674
3179,HGS-TV,380246.0,270876.1990222931
3180,HGS-TV,380246.0,270936.2507197857
3181,HGS-TV,380246.0,270996.2689499855
3182,HGS-TV,380246.0,271056.3161096573
3183,HGS-TV,380246.0,271116.36933350563
3184,HGS-TV,380246.0,271176.3714957237
3185,HGS-TV,380246.0,271236.4151966572
3186,HGS-TV,380246.0,271348.1433906555
3187,HGS-TV,380246.0,271408.19790005684
3188,HGS-TV,380246.0,271468.3035802841
3189,HGS-TV,380246.0,271528.3270087242
3190,HGS-TV,380246.0,271588.38176846504
3191,HGS-TV,380246.0,271648.41325092316
3192,HGS-TV,380246.0,271708.4285438061
3193,HGS-TV,380246.0,271768.50283646584
3194,HGS-TV,380246.0,271833.7990820408
3195,HGS-TV,380246.0,271893.8105638027
3196,HGS-TV,380246.0,271953.82586956024
3197,HGS-TV,380246.0,272013.87198495865
3198,HGS-TV,380246.0,272073.8745961189
3199,HGS-TV,380246.0,272133.9237039089
3200,HGS-TV,380246.0,272320.81587433815
3201,HGS-TV,380246.0,272380.86182928085
3202,HGS-TV,380246.0,272440.86669921875
3203,HGS-TV,380246.0,272699.73414731026
3204,HGS-TV,380246.0,272759.7902548313
3205,HGS-TV,380246.0,272819.8030099869
3206,HGS-TV,380246.0,272879.8294365406
3207,HGS-TV,380246.0,272939.87452435493
3208,HGS-TV,380246.0,272999.959843874
3209,HGS-TV,380246.0,273059.97472023964
3210,HGS-TV,380246.0,273119.9778316021
3211,HGS-TV,380246.0,273180.0400226116
3212,HGS-TV,380246.0,273304.7735750675
3213,HGS-TV,380246.0,273364.84210300446
3214,HGS-TV,380246.0,273426.80310225487
3215,HGS-TV,380246.0,273688.0345721245
3216,HGS-TV,380246.0,273749.8274948597
3217,HGS-TV,380246.0,273835.2187101841
3218,HGS-TV,380246.0,273895.2846150398
3219,HGS-TV,380246.0,273964.7437989712
3220,HGS-TV,380246.0,274091.0002436638
3221,HGS-TV,380246.0,274719.31495141983
3222,ails2_etaMax1.000_stoppingTime864000.00,380587.0,275088.2410649414
3223,HGS-TV,380246.0,275427.79948854446
3224,HGS-TV,380246.0,275487.8384747505
3225,HGS-TV,380246.0,275547.87680387497
3226,HGS-TV,380246.0,275607.9638347626
3227,HGS-TV,380246.0,275667.97337675095
3228,HGS-TV,380246.0,275736.6393518448
3229,HGS-TV,380246.0,275796.7209613323
3230,HGS-TV,380246.0,275856.72308182716
3231,HGS-TV,380246.0,275916.77068948746
3232,HGS-TV,380246.0,276004.74543976784
3233,HGS-TV,380246.0,276064.8211424351
3234,HGS-TV,380246.0,276124.83801698685
3235,HGS-TV,380246.0,276184.8609735966
3236,HGS-TV,380246.0,276255.5839343071
3237,HGS-TV,380246.0,276337.26420617104
3238,HGS-TV,380246.0,276410.96802568436
3239,HGS-TV,380246.0,276470.999284029
3240,HGS-TV,380246.0,276531.0091249943
3241,HGS-TV,380246.0,276591.0809779167
3242,HGS-TV,380246.0,276718.44544029236
3243,HGS-TV,380246.0,276794.03953909874
3244,HGS-TV,380246.0,276854.0414290428
3245,HGS-TV,380246.0,276914.1389288902
3246,HGS-TV,380246.0,276974.164886713
3247,HGS-TV,380246.0,277140.0134575367
3248,HGS-TV,380246.0,277206.58823108673
3249,HGS-TV,380246.0,277308.7212064266
3250,HGS-TV,380246.0,277471.58147382736
3251,HGS-TV,380246.0,277531.637724638
3252,ails2_etaMax1.000_stoppingTime1728000.00,381825.0,278080.7950649414
3253,HGS-TV,380246.0,278547.4289121628
3254,HGS-TV,380246.0,278712.5454516411
3255,HGS-TV,380246.0,278772.5518693924
3256,HGS-TV,380246.0,278832.5539150238
3257,HGS-TV,380246.0,278892.56443428993
3258,HGS-TV,380246.0,278971.1471719742
3259,HGS-TV,380246.0,279031.16613554955
3260,HGS-TV,380246.0,279091.188860178
3261,HGS-TV,380246.0,279151.69334197044
3262,HGS-TV,380246.0,279211.7699739933
3263,HGS-TV,380246.0,279271.82400870323
3264,HGS-TV,380246.0,279344.3023748398
3265,HGS-TV,380246.0,279404.37838196754
3266,HGS-TV,380246.0,279464.41761279106
3267,HGS-TV,380246.0,279542.2653195858
3268,ails2_etaMax1.000_stoppingTime432000.00,380282.0,279543.74306494143
3269,HGS-TV,380246.0,279602.3336894512
3270,ails2_etaMax1.000_stoppingTime432000.00,380279.0,279599.28106494143
3271,HGS-TV,380246.0,279671.96017575264
3272,HGS-TV,380246.0,279731.987609148
3273,HGS-TV,380246.0,279792.00323057175
3274,HGS-TV,380246.0,279852.06857919693
3275,HGS-TV,380246.0,279912.1260974407
3276,HGS-TV,380246.0,279972.1913983822
3277,HGS-TV,380246.0,280032.20767378807
3278,HGS-TV,380246.0,280093.9615700245
3279,ails2_etaMax1.000_stoppingTime432000.00,380277.0,280148.4360649414
3280,ails2_etaMax1.000_stoppingTime432000.00,380276.0,280148.4640649414
3281,HGS-TV,380246.0,280210.4518265724
3282,ails2_etaMax1.000_stoppingTime432000.00,380274.0,280400.75906494143
3283,HGS-TV,380246.0,280434.5652151108
3284,ails2_etaMax1.000_stoppingTime432000.00,380265.0,280423.9340649414
3285,HGS-TV,380246.0,280504.7538573742
3286,HGS-TV,380246.0,280564.7624051571
3287,HGS-TV,380246.0,280624.8200132847
3288,HGS-TV,380246.0,280684.82110381126
3289,HGS-TV,380246.0,280744.8680524826
3290,HGS-TV,380246.0,280804.92453837395
3291,HGS-TV,380246.0,280865.04256153107
3292,HGS-TV,380246.0,280940.7867269516
3293,HGS-TV,380246.0,281230.0634300709
3294,HGS-TV,380246.0,281317.9063961506
3295,HGS-TV,380246.0,281377.92577815056
3296,HGS-TV,380246.0,281437.97480750084
3297,HGS-TV,380246.0,281498.0655243397
3298,HGS-TV,380246.0,281664.8065042496
3299,HGS-TV,380246.0,281744.9011602402
3300,HGS-TV,380246.0,281804.91984319687
3301,HGS-TV,380246.0,281864.9708518982
3302,HGS-TV,380246.0,281932.3688123226
3303,HGS-TV,380246.0,281992.39887332916
3304,HGS-TV,380246.0,282076.0712547302
3305,HGS-TV,380246.0,282525.5379052162
3306,HGS-TV,380246.0,282682.66982603073
3307,HGS-TV,380246.0,282836.41683006287
3308,HGS-TV,380246.0,283648.50926733017
3309,HGS-TV,380246.0,284074.0563926697
3310,HGS-TV,380246.0,284640.1275422573
3311,HGS-TV,380246.0,284752.6508233547
3312,HGS-TV,380246.0,286433.900803566
3313,HGS-TV,380246.0,286493.91897821426
3314,HGS-TV,380246.0,286553.9756946564
3315,HGS-TV,380246.0,286614.03606033325
3316,ails2_eoh_omega2,380609.0,286667.8490649414
3317,HGS-TV,380246.0,286674.0581996441
3318,HGS-TV,380246.0,286734.1259241104
3319,HGS-TV,380246.0,286794.13881349564
3320,HGS-TV,380246.0,286854.1963338852
3321,HGS-TV,380246.0,286914.2719531059
3322,HGS-TV,380246.0,286974.30266714096
3323,HGS-TV,380246.0,287034.34812545776
3324,HGS-TV,380246.0,287109.58062291145
3325,HGS-TV,380246.0,287169.6963918209
3326,HGS-TV,380246.0,287229.697501421
3327,HGS-TV,380246.0,287289.7122223377
3328,HGS-TV,380246.0,287349.7641158104
3329,HGS-TV,380246.0,287409.8139617443
3330,HGS-TV,380246.0,287469.88982605934
3331,HGS-TV,380246.0,287529.91420292854
3332,HGS-TV,380246.0,287589.9879641533
3333,HGS-TV,380246.0,287650.05003499985
3334,HGS-TV,380246.0,287710.1478123665
3335,HGS-TV,380246.0,287773.5119161606
3336,HGS-TV,380246.0,287833.5485060215
3337,HGS-TV,380246.0,287893.6283528805
3338,HGS-TV,380246.0,287953.6319730282
3339,HGS-TV,380246.0,288013.7522108555
3340,HGS-TV,380246.0,288084.44009542465
3341,HGS-TV,380246.0,288144.49349856377
3342,HGS-TV,380246.0,288204.5928351879
3343,HGS-TV,380246.0,288264.6127810478
3344,HGS-TV,380246.0,288324.63758325577
3345,HGS-TV,380246.0,288384.74492764473
3346,HGS-TV,380246.0,288444.7753100395
3347,HGS-TV,380246.0,288504.8273398876
3348,HGS-TV,380246.0,288564.91079187393
3349,HGS-TV,380246.0,288624.9370043278
3350,HGS-TV,380246.0,288684.96435952187
3351,HGS-TV,380246.0,288748.4247062206
3352,HGS-TV,380246.0,288808.59014987946
3353,HGS-TV,380246.0,288868.6930499077
3354,HGS-TV,380246.0,288928.7204005718
3355,HGS-TV,380246.0,288988.7950158119
3356,HGS-TV,380246.0,289048.8995194435
3357,HGS-TV,380246.0,289108.991134882
3358,HGS-TV,380246.0,289169.1034498215
3359,HGS-TV,380246.0,289229.1795516014
3360,HGS-TV,380246.0,289289.2708411217
3361,HGS-TV,380246.0,289349.3117713928
3362,HGS-TV,380246.0,289409.34067225456
3363,HGS-TV,380246.0,289469.40459012985
3364,HGS-TV,380246.0,289529.4315273762
3365,HGS-TV,380246.0,289607.4404592514
3366,HGS-TV,380246.0,289667.49056458473
3367,HGS-TV,380246.0,289727.5051391125
3368,HGS-TV,380246.0,289787.5232582092
3369,HGS-TV,380246.0,289863.09558033943
3370,HGS-TV,380246.0,289923.09841513634
3371,HGS-TV,380246.0,289983.1452076435
3372,HGS-TV,380246.0,290043.16441464424
3373,HGS-TV,380246.0,290110.57059955597
3374,HGS-TV,380246.0,290170.6283252239
3375,HGS-TV,380246.0,290230.6791098118
3376,HGS-TV,380246.0,290290.77539110184
3377,HGS-TV,380246.0,290372.8203790188
3378,HGS-TV,380246.0,290432.84696388245
3379,HGS-TV,380246.0,290511.11191034317
3380,HGS-TV,380246.0,290608.9625058174
3381,HGS-TV,380246.0,290752.21656513214
3382,HGS-TV,380246.0,290812.2621040344
3383,HGS-TV,380246.0,291066.72928214073
3384,HGS-TV,380246.0,291128.720918417
3385,HGS-TV,380246.0,291188.778434515
3386,HGS-TV,380246.0,291281.78464341164
3387,HGS-TV,380246.0,291508.40915083885
3388,HGS-TV,380246.0,291568.4321408272
3389,HGS-TV,380246.0,291628.43604683876
3390,HGS-TV,380246.0,291688.48576951027
3391,HGS-TV,380246.0,291859.2595279217
3392,HGS-TV,380246.0,291919.3698837757
3393,HGS-TV,380246.0,291979.3959648609
3394,HGS-TV,380246.0,292039.4659743309
3395,HGS-TV,380246.0,292099.4679591656
3396,HGS-TV,380246.0,292159.47103977203
3397,HGS-TV,380246.0,292219.5207321644
3398,HGS-TV,380246.0,292279.5492992401
3399,HGS-TV,380246.0,292339.64692497253
3400,HGS-TV,380246.0,292399.7161462307
3401,HGS-TV,380246.0,292459.7638759613
3402,ails2_etaMax1.000_stoppingTime432000.00,380264.0,292511.6910649414
3403,HGS-TV,380246.0,292519.86367607117
3404,HGS-TV,380246.0,292579.887237072
3405,HGS-TV,380246.0,292639.95746445656
3406,HGS-TV,380246.0,292700.07016277313
3407,HGS-TV,380246.0,292784.6202249527
3408,HGS-TV,380246.0,292844.6240515709
3409,HGS-TV,380246.0,292906.40995645523
3410,HGS-TV,380246.0,293053.6792817116
3411,HGS-TV,380246.0,293113.69604611397
3412,ails2_etaMax1.000_stoppingTime432000.00,380261.0,293125.48206494143
3413,HGS-TV,380246.0,293180.7939326763
3414,HGS-TV,380246.0,293242.67334389687
3415,HGS-TV,380246.0,293386.6825258732
3416,HGS-TV,380246.0,293446.742739439
3417,HGS-TV,380246.0,293607.2182304859
3418,HGS-TV,380246.0,293667.2426228523
3419,HGS-TV,380246.0,293780.844189167
3420,HGS-TV,380246.0,293886.45808053017
3421,HGS-TV,380246.0,293967.4438562393
3422,HGS-TV,380246.0,294076.18539714813
3423,HGS-TV,380246.0,294361.9078991413
3424,ails2_etaMax1.000_stoppingTime432000.00,380260.0,294409.47106494143
3425,HGS-TV,380246.0,294568.7955982685
3426,HGS-TV,380246.0,294628.85169148445
3427,HGS-TV,380246.0,294688.9341073036
3428,HGS-TV,380246.0,294749.0026562214
3429,HGS-TV,380246.0,294809.04624414444
3430,HGS-TV,380246.0,294914.5343232155
3431,HGS-TV,380246.0,294974.5947651863
3432,HGS-TV,380246.0,295034.6579120159
3433,HGS-TV,380246.0,295094.65974473953
3434,HGS-TV,380246.0,295154.69123983383
3435,HGS-TV,380246.0,295214.75774264336
3436,HGS-TV,380246.0,295274.82257533073
3437,HGS-TV,380246.0,295334.838149786
3438,HGS-TV,380246.0,295394.88978648186
3439,HGS-TV,380246.0,295454.92728066444
3440,HGS-TV,380246.0,295514.9816184044
3441,HGS-TV,380246.0,295575.0448975563
3442,HGS-TV,380246.0,295635.11208462715
3443,HGS-TV,380246.0,295695.13466763496
3444,HGS-TV,380246.0,295755.23202061653
3445,HGS-TV,380246.0,295815.2909781933
3446,HGS-TV,380246.0,295876.15634584427
3447,ails2_etaMax0.010_stoppingTime432000.00,381049.0,295908.4270649414
3448,HGS-TV,380246.0,295936.1699502468
3449,ails2_etaMax0.010_stoppingTime432000.00,381048.0,295908.4970649414
3450,HGS-TV,380246.0,295998.43351602554
3451,HGS-TV,380246.0,296152.689671278
3452,HGS-TV,380246.0,296212.77399897575
3453,HGS-TV,380246.0,296272.77505254745
3454,HGS-TV,380246.0,296332.83968782425
3455,HGS-TV,380246.0,296392.88391947746
3456,HGS-TV,380246.0,296461.98583197594
3457,HGS-TV,380246.0,296826.01979517937
3458,HGS-TV,380246.0,296886.0378470421
3459,HGS-TV,380246.0,296946.09912729263
3460,HGS-TV,380246.0,297035.58357071877
3461,HGS-TV,380246.0,297095.60913324356
3462,HGS-TV,380246.0,297155.6236357689
3463,HGS-TV,380246.0,297215.69365262985
3464,HGS-TV,380246.0,297275.7448480129
3465,HGS-TV,380246.0,297335.8303360939
3466,HGS-TV,380246.0,297416.3278133869
3467,HGS-TV,380246.0,297476.3996384144
3468,HGS-TV,380246.0,297595.1365144253
3469,HGS-TV,380246.0,297655.2196252346
3470,HGS-TV,380246.0,297715.22201895714
3471,HGS-TV,380246.0,297775.3326675892
3472,HGS-TV,380246.0,297835.4067721367
3473,HGS-TV,380246.0,297939.6938664913
3474,HGS-TV,380246.0,298028.4160101414
3475,HGS-TV,380246.0,298150.0448179245
3476,HGS-TV,380246.0,298216.65210819244
3477,ails2_etaMax1.000_stoppingTime432000.00,380258.0,298302.65606494143
3478,HGS-TV,380246.0,298350.77292370796
3479,HGS-TV,380246.0,298415.42716145515
3480,HGS-TV,380246.0,298498.2127902508
3481,HGS-TV,380246.0,298617.14003038406
3482,HGS-TV,380246.0,298677.1570317745
3483,HGS-TV,380246.0,298737.2039103508
3484,HGS-TV,380246.0,298797.2481119633
3485,HGS-TV,380246.0,298905.5480875969
3486,HGS-TV,380246.0,298965.62028336525
3487,HGS-TV,380246.0,299025.67330765724
3488,HGS-TV,380246.0,299085.7865328789
3489,HGS-TV,380246.0,299155.7835679054
3490,HGS-TV,380246.0,299215.79150891304
3491,HGS-TV,380246.0,299349.39093637466
3492,HGS-TV,380246.0,299409.45520591736
3493,ails2_etaMax1.000_stoppingTime1728000.00,381822.0,299553.2080649414
3494,HGS-TV,380246.0,299577.6113038063
3495,ails2_etaMax1.000_stoppingTime1728000.00,381800.0,299553.3750649414
3496,HGS-TV,380246.0,299637.7177414894
3497,HGS-TV,380246.0,299697.7767300606
3498,HGS-TV,380246.0,299757.77828121185
3499,HGS-TV,380246.0,299817.8159003258
3500,HGS-TV,380246.0,299877.8473572731
3501,HGS-TV,380246.0,299966.82198929787
3502,HGS-TV,380246.0,300026.8783919811
3503,ails2_etaMax1.000_stoppingTime432000.00,380257.0,300033.8390649414
3504,ails2_etaMax1.000_stoppingTime432000.00,380252.0,300033.8970649414
3505,HGS-TV,380246.0,300114.13614726067
3506,HGS-TV,380246.0,300174.1891591549
3507,HGS-TV,380246.0,300396.2200255394
3508,HGS-TV,380246.0,300468.48946762085
3509,ails2_etaMax1.000_stoppingTime432000.00,380249.0,300541.7930649414
3510,HGS-TV,380246.0,300697.8936407566
3511,HGS-TV,380246.0,300808.69697499275
3512,HGS-TV,380246.0,300868.7952375412
3513,HGS-TV,380246.0,300928.84010386467
3514,HGS-TV,380246.0,300988.90114736557
3515,ails2_etaMax1.000_stoppingTime432000.00,380247.0,301021.0920649414
3516,HGS-TV,380246.0,301048.9472427368
3517,ails2_etaMax1.000_stoppingTime432000.00,380242.0,301024.0130649414
3518,HGS-TV,380246.0,301108.96242046356
3519,HGS-TV,380246.0,301286.865190506
3520,HGS-TV,380246.0,301357.6939918995
3521,HGS-TV,380246.0,301417.6955292225
3522,HGS-TV,380246.0,301495.0112924576
3523,HGS-TV,380246.0,301555.0553641319
3524,HGS-TV,380246.0,301791.59112000465
3525,HGS-TV,380246.0,301888.7048904896
3526,HGS-TV,380246.0,301948.7113249302
3527,ails2_etaMax1.000_stoppingTime864000.00,380586.0,301986.2660649414
3528,HGS-TV,380246.0,302008.7125310898
3529,ails2_etaMax1.000_stoppingTime864000.00,380577.0,301986.3280649414
3530,HGS-TV,380246.0,302068.715092659
3531,ails2_etaMax1.000_stoppingTime864000.00,380565.0,302075.9700649414
3532,HGS-TV,380246.0,302128.76601338387
3533,HGS-TV,380246.0,302192.4965109825
3534,HGS-TV,380246.0,302252.5241277218
3535,HGS-TV,380246.0,302312.53835344315
3536,HGS-TV,380246.0,302372.57895231247
3537,HGS-TV,380220.0,302714.81461262703
3538,HGS-TV,380218.0,302774.90648412704
3539,HGS-TV,380216.0,302834.9120378494
3540,HGS-TV,380214.0,302904.9409697056
3541,HGS-TV,380212.0,302964.97404003143
3542,HGS-TV,380210.0,303025.0611009598
3543,HGS-TV,380208.0,303085.1114971638
3544,HGS-TV,380206.0,303185.30874443054
3545,ails2_etaMax1.000_stoppingTime1728000.00,381797.0,303241.5260649414
3546,HGS-TV,380205.0,303268.0964818001
3547,ails2_etaMax1.000_stoppingTime1728000.00,381696.0,303244.3070649414
3548,HGS-TV,380203.0,303328.20678949356
3549,HGS-TV,380202.0,303454.7314052582
3550,HGS-TV,380201.0,303514.763872385
3551,HGS-TV,380200.0,303704.2479991913
3552,HGS-TV,380199.0,303764.29358267784
3553,HGS-TV,380198.0,304282.0697596073
3554,HGS-TV,380197.0,304360.7931377888
3555,ails2_etaMax1.000_stoppingTime1728000.00,381695.0,304508.8600649414
3556,ails2_etaMax1.000_stoppingTime1728000.00,381328.0,304515.6880649414
3557,HGS-TV,380196.0,304666.81239795685
3558,HGS-TV,380195.0,304862.6167392731
3559,HGS-TV,380194.0,305792.5315167904
3560,ails2_eoh_omega2,380607.0,305822.9040649414
3561,ails2_eoh_omega2,380606.0,305822.9290649414
3562,HGS-TV,380193.0,305969.00054359436
3563,HGS-TV,380193.0,307694.5175318718
3564,HGS-TV,380193.0,307754.52231788635
3565,HGS-TV,380193.0,307814.5356180668
3566,HGS-TV,380193.0,307874.54338788986
3567,HGS-TV,380193.0,307934.5700213909
3568,HGS-TV,380193.0,307994.62655210495
3569,HGS-TV,380193.0,308054.6531276703
3570,HGS-TV,380193.0,308114.6887688637
3571,HGS-TV,380193.0,308174.7084596157
3572,HGS-TV,380193.0,308234.7663125992
3573,HGS-TV,380193.0,308294.78435111046
3574,HGS-TV,380193.0,308354.800399065
3575,HGS-TV,380193.0,308414.8527545929
3576,HGS-TV,380193.0,308474.90629577637
3577,HGS-TV,380193.0,308534.9808559418
3578,HGS-TV,380193.0,308595.0543522835
3579,HGS-TV,380193.0,308655.16711497307
3580,HGS-TV,380193.0,308715.2434067726
3581,HGS-TV,380193.0,308775.3066036701
3582,HGS-TV,380193.0,308835.32182240486
3583,HGS-TV,380193.0,308895.3734033108
3584,HGS-TV,380193.0,308955.46765851974
3585,HGS-TV,380193.0,309015.5347247124
3586,HGS-TV,380193.0,309075.6377065182
3587,HGS-TV,380193.0,309135.73428320885
3588,HGS-TV,380193.0,309195.7806940079
3589,HGS-TV,380193.0,309255.7882862091
3590,HGS-TV,380193.0,309315.79664731026
3591,HGS-TV,380193.0,309375.83723187447
3592,HGS-TV,380193.0,309435.8647136688
3593,HGS-TV,380193.0,309495.93133211136
3594,HGS-TV,380193.0,309555.94771647453
3595,HGS-TV,380193.0,309615.97035741806
3596,HGS-TV,380193.0,309675.9753816128
3597,HGS-TV,380193.0,309736.03244662285
3598,HGS-TV,380193.0,309796.14429211617
3599,HGS-TV,380193.0,309856.1549358368
3600,HGS-TV,380193.0,309916.1748764515
3601,HGS-TV,380193.0,310008.00833654404
3602,HGS-TV,380193.0,310068.02582001686
3603,HGS-TV,380193.0,310128.1071548462
3604,HGS-TV,380193.0,310188.1797401905
3605,HGS-TV,380193.0,310248.19419407845
3606,HGS-TV,380193.0,310308.27767825127
3607,HGS-TV,380193.0,310388.3643293381
3608,HGS-TV,380193.0,310448.40012311935
3609,HGS-TV,380193.0,310508.4088566303
3610,HGS-TV,380193.0,310568.4170136452
3611,HGS-TV,380193.0,310628.49716997147
3612,HGS-TV,380193.0,310688.5913646221
3613,HGS-TV,380193.0,310748.6156759262
3614,ails2_etaMax1.000_stoppingTime432000.00,380240.0,310749.1910649414
3615,HGS-TV,380193.0,310808.67996549606
3616,HGS-TV,380193.0,310868.7132759094
3617,HGS-TV,380193.0,310928.7384469509
3618,HGS-TV,380193.0,310988.74487161636
3619,HGS-TV,380193.0,311048.8098766804
3620,HGS-TV,380193.0,311108.85150051117
3621,HGS-TV,380193.0,311168.8686218262
3622,HGS-TV,380193.0,311228.9315190315
3623,HGS-TV,380193.0,311288.9821228981
3624,HGS-TV,380193.0,311349.0407316685
3625,HGS-TV,380193.0,311409.07889962196
3626,HGS-TV,380193.0,311469.1335616112
3627,HGS-TV,380193.0,311529.1991369724
3628,HGS-TV,380193.0,311589.21336603165
3629,HGS-TV,380193.0,311649.217130661
3630,HGS-TV,380193.0,311709.305850029
3631,HGS-TV,380193.0,311769.34693431854
3632,HGS-TV,380193.0,311829.3525183201
3633,HGS-TV,380193.0,311895.119297266
3634,HGS-TV,380193.0,311955.1226398945
3635,HGS-TV,380193.0,312059.14291620255
3636,HGS-TV,380193.0,312119.21248173714
3637,HGS-TV,380193.0,312179.2507464886
3638,HGS-TV,380193.0,312239.28663253784
3639,HGS-TV,380193.0,312299.3578927517
3640,HGS-TV,380193.0,312359.3688547611
3641,HGS-TV,380193.0,312449.16939139366
3642,HGS-TV,380193.0,312509.2043557167
3643,HGS-TV,380193.0,312588.74648213387
3644,HGS-TV,380193.0,312648.8297379017
3645,ails2_etaMax1.000_stoppingTime864000.00,380563.0,312701.0330649414
3646,HGS-TV,380193.0,312708.8901450634
3647,ails2_etaMax1.000_stoppingTime864000.00,380546.0,312702.0000649414
3648,HGS-TV,380193.0,312831.9751729965
3649,HGS-TV,380193.0,312930.2343878746
3650,HGS-TV,380193.0,312990.25017237663
3651,HGS-TV,380193.0,313050.28472185135
3652,HGS-TV,380193.0,313134.11368465424
3653,HGS-TV,380193.0,313298.0928328037
3654,HGS-TV,380193.0,313703.5016219616
3655,ails2_etaMax1.000_stoppingTime432000.00,380239.0,313733.6170649414
3656,HGS-TV,380193.0,313882.7067630291
3657,HGS-TV,380193.0,313942.7603235245
3658,HGS-TV,380193.0,314073.3262119293
3659,HGS-TV,380193.0,314172.23140764236
3660,HGS-TV,380193.0,314272.674728632
3661,HGS-TV,380193.0,314369.3934624195
3662,HGS-TV,380193.0,314437.26516985893
3663,HGS-TV,380193.0,314582.951775074
3664,HGS-TV,380193.0,314642.9841077328
3665,HGS-TV,380193.0,314749.9485592842
3666,HGS-TV,380193.0,314809.9528577328
3667,HGS-TV,380193.0,314964.1269288063
3668,HGS-TV,380193.0,315024.15637278557
3669,HGS-TV,380193.0,315084.22695827484
3670,HGS-TV,380193.0,315144.23408198357
3671,HGS-TV,380193.0,315204.234405756
3672,HGS-TV,380193.0,315264.2566821575
3673,HGS-TV,380193.0,315324.2995402813
3674,HGS-TV,380193.0,315403.44385266304
3675,HGS-TV,380193.0,315463.50045871735
3676,HGS-TV,380193.0,315572.2928876877
3677,HGS-TV,380193.0,315632.36466765404
3678,HGS-TV,380193.0,315727.70535731316
3679,HGS-TV,380193.0,315816.65415096283
3680,HGS-TV,380193.0,315939.54583001137
3681,HGS-TV,380193.0,316100.13821673393
3682,HGS-TV,380193.0,316166.07662415504
3683,HGS-TV,380193.0,316226.1092147827
3684,HGS-TV,380193.0,316286.1453475952
3685,HGS-TV,380193.0,316395.11399936676
3686,HGS-TV,380193.0,316455.1320884228
3687,HGS-TV,380193.0,316666.4410786629
3688,HGS-TV,380193.0,316726.5352847576
3689,HGS-TV,380193.0,316805.72394394875
3690,HGS-TV,380193.0,316926.99869036674
3691,HGS-TV,380193.0,316987.03557252884
3692,HGS-TV,380193.0,317047.04953432083
3693,HGS-TV,380193.0,317107.0533056259
3694,ails2_etaMax1.000_stoppingTime864000.00,380516.0,317141.37906494143
3695,HGS-TV,380193.0,317167.10739922523
3696,ails2_etaMax1.000_stoppingTime864000.00,380509.0,317141.4880649414
3697,HGS-TV,380193.0,317277.7515873909
3698,HGS-TV,380193.0,317363.9549086094
3699,HGS-TV,380193.0,317424.0176334381
3700,HGS-TV,380193.0,317708.10958218575
3701,HGS-TV,380193.0,317768.1102466583
3702,HGS-TV,380193.0,317828.121537447
3703,HGS-TV,380193.0,318093.99312353134
3704,HGS-TV,380193.0,318283.5286529064
3705,HGS-TV,380193.0,318346.2684941292
3706,HGS-TV,380193.0,318406.31852293015
3707,HGS-TV,380193.0,318653.9550819397
3708,HGS-TV,380193.0,318777.9849243164
3709,HGS-TV,380193.0,319124.4448122978
3710,HGS-TV,380193.0,319207.30687713623
3711,HGS-TV,380193.0,319356.5412430763
3712,ails2_etaMax0.010_stoppingTime432000.00,381047.0,319556.2860649414
3713,HGS-TV,380193.0,319656.4188041687
3714,HGS-TV,380193.0,319731.4661357403
3715,HGS-TV,380193.0,319930.73188591003
3716,HGS-TV,380193.0,319990.7320365906
3717,HGS-TV,380193.0,320050.8149368763
3718,HGS-TV,380193.0,320155.9998307228
3719,HGS-TV,380193.0,320216.0735914707
3720,HGS-TV,380193.0,320276.09423971176
3721,HGS-TV,380193.0,320336.2014760971
3722,HGS-TV,380193.0,320545.2983877659
3723,HGS-TV,380193.0,320605.3188738823
3724,HGS-TV,380193.0,320669.74266695976
3725,HGS-TV,380193.0,321221.7874214649
3726,HGS-TV,380193.0,321689.68387651443
3727,HGS-TV,380193.0,321850.83419036865
3728,HGS-TV,380193.0,323524.37615180016
3729,HGS-TV,380193.0,323645.1436674595
3730,HGS-TV,380193.0,323826.97836375237
3731,HGS-TV,380193.0,323994.7478816509
3732,HGS-TV,380193.0,324054.7565870285
3733,HGS-TV,380193.0,324114.8045666218
3734,HGS-TV,380193.0,324174.8133723736
3735,HGS-TV,380193.0,324234.90545487404
3736,ails2_etaMax1.000_stoppingTime432000.00,380238.0,324239.9620649414
3737,HGS-TV,380193.0,324297.97506690025
3738,ails2_etaMax1.000_stoppingTime432000.00,380236.0,324304.2470649414
3739,HGS-TV,380193.0,324358.0116481781
3740,ails2_etaMax1.000_stoppingTime432000.00,380231.0,324304.9000649414
3741,HGS-TV,380193.0,324452.17579078674
3742,HGS-TV,380193.0,324513.6207499504
3743,HGS-TV,380193.0,324573.6734819412
3744,HGS-TV,380193.0,324837.5013279915
3745,HGS-TV,380193.0,324990.58572006226
3746,HGS-TV,380193.0,325057.2700076103
3747,HGS-TV,380193.0,325137.5656158924
3748,HGS-TV,380193.0,325242.3127069473
3749,HGS-TV,380193.0,325302.31427550316
3750,HGS-TV,380193.0,325434.39404964447
3751,HGS-TV,380193.0,325564.6236846447
3752,HGS-TV,380193.0,325624.62635946274
3753,HGS-TV,380193.0,325684.68654227257
3754,HGS-TV,380193.0,325744.78705477715
3755,HGS-TV,380193.0,325849.1254453659
3756,HGS-TV,380193.0,325909.23012018204
3757,HGS-TV,380193.0,325984.8360233307
3758,HGS-TV,380193.0,326044.84018325806
3759,HGS-TV,380193.0,326116.6971259117
3760,HGS-TV,380193.0,326331.5477523804
3761,HGS-TV,380193.0,326391.588932991
3762,HGS-TV,380193.0,326473.21501612663
3763,HGS-TV,380193.0,326537.90394616127
3764,HGS-TV,380193.0,326597.917140007
3765,HGS-TV,380193.0,326658.9626381397
3766,HGS-TV,380193.0,326719.0127468109
3767,HGS-TV,380193.0,326779.0467288494
3768,HGS-TV,380193.0,326880.4609930515
3769,HGS-TV,380193.0,326940.4677531719
3770,HGS-TV,380193.0,327000.50580978394
3771,HGS-TV,380193.0,327060.5507180691
3772,HGS-TV,380193.0,327254.0147459507
3773,HGS-TV,380193.0,327413.9119992256
3774,HGS-TV,380193.0,327547.5296509266
3775,HGS-TV,380193.0,328062.6991715431
3776,HGS-TV,380193.0,328159.8430430889
3777,HGS-TV,380193.0,328764.3665869236
3778,HGS-TV,380193.0,328839.7895166874
3779,HGS-TV,380193.0,328999.61012482643
3780,HGS-TV,380193.0,329152.36082839966
3781,HGS-TV,380193.0,329300.77557873726
3782,HGS-TV,380193.0,329639.55292749405
3783,HGS-TV,380193.0,329699.59633255005
3784,HGS-TV,380193.0,329949.11306238174
3785,HGS-TV,380193.0,330255.28749895096
3786,HGS-TV,380193.0,330315.2959344387
3787,HGS-TV,380193.0,330877.301292181
3788,HGS-TV,380193.0,331505.9848995209
3789,HGS-TV,380193.0,332025.91052389145
3790,HGS-TV,380193.0,332542.8691954613
3791,HGS-TV,380193.0,334243.3857409954
3792,HGS-TV,380193.0,334303.4622013569
3793,HGS-TV,380193.0,334363.5008380413
3794,HGS-TV,380193.0,334423.58778214455
3795,HGS-TV,380193.0,334483.58841466904
3796,HGS-TV,380193.0,334543.70134830475
3797,HGS-TV,380193.0,334603.76944565773
3798,HGS-TV,380193.0,334663.7859477997
3799,HGS-TV,380193.0,334723.81466794014
3800,HGS-TV,380193.0,334783.86035728455
3801,HGS-TV,380193.0,334843.9098505974
3802,HGS-TV,380193.0,334903.95687007904
3803,HGS-TV,380193.0,334964.0085000992
3804,HGS-TV,380193.0,335024.0440814495
3805,HGS-TV,380193.0,335084.0844666958
3806,HGS-TV,380193.0,335144.1062128544
3807,HGS-TV,380193.0,335204.12257266045
3808,HGS-TV,380193.0,335264.1731786728
3809,HGS-TV,380193.0,335324.215621233
3810,HGS-TV,380193.0,335384.2677099705
3811,HGS-TV,380193.0,335444.37544465065
3812,HGS-TV,380193.0,335504.3964178562
3813,HGS-TV,380193.0,335564.43212652206
3814,HGS-TV,380193.0,335624.4958076477
3815,HGS-TV,380193.0,335684.51099944115
3816,HGS-TV,380193.0,335744.55455613136
3817,HGS-TV,380193.0,335815.2123260498
3818,HGS-TV,380193.0,335875.2720577717
3819,HGS-TV,380193.0,335935.3450448513
3820,HGS-TV,380193.0,335995.4255144596
3821,HGS-TV,380193.0,336056.61951065063
3822,HGS-TV,380193.0,336116.6929450035
3823,HGS-TV,380193.0,336176.74129104614
3824,HGS-TV,380193.0,336242.081438303
3825,HGS-TV,380193.0,336312.2079153061
3826,HGS-TV,380193.0,336372.2189936638
3827,HGS-TV,380193.0,336432.2393734455
3828,HGS-TV,380193.0,336492.27084708214
3829,HGS-TV,380193.0,336552.3242790699
3830,HGS-TV,380193.0,336612.36442136765
3831,HGS-TV,380193.0,336672.43010115623
3832,HGS-TV,380193.0,336732.4356057644
3833,HGS-TV,380193.0,336792.4797513485
3834,HGS-TV,380193.0,336852.5137975216
3835,HGS-TV,380193.0,336923.6568496227
3836,HGS-TV,380193.0,336983.7673175335
3837,HGS-TV,380193.0,337043.88536405563
3838,HGS-TV,380193.0,337103.9122798443
3839,HGS-TV,380193.0,337163.9193482399
3840,HGS-TV,380193.0,337223.9295525551
3841,HGS-TV,380193.0,337284.0576839447
3842,HGS-TV,380193.0,337346.3921239376
3843,HGS-TV,380193.0,337448.41718387604
3844,HGS-TV,380193.0,337508.44704318047
3845,HGS-TV,380193.0,337568.47490668297
3846,HGS-TV,380193.0,337628.4923751354
3847,HGS-TV,380193.0,337688.5749781132
3848,HGS-TV,380193.0,337748.58212423325
3849,HGS-TV,380193.0,337808.63618063927
3850,ails2_etaMax0.010_stoppingTime432000.00,381046.0,337824.1130649414
3851,HGS-TV,380193.0,337868.6662528515
3852,HGS-TV,380193.0,337928.7244436741
3853,HGS-TV,380193.0,337988.76029634476
3854,HGS-TV,380193.0,338048.83893442154
3855,HGS-TV,380193.0,338108.8865056038
3856,HGS-TV,380193.0,338168.88662838936
3857,HGS-TV,380193.0,338228.95190119743
3858,ails2_etaMax1.000_stoppingTime432000.00,380230.0,338240.64506494143
3859,HGS-TV,380193.0,338288.9861807823
3860,HGS-TV,380193.0,338349.07469558716
3861,HGS-TV,380193.0,338409.15170550346
3862,HGS-TV,380193.0,338469.209649086
3863,HGS-TV,380193.0,338529.291403532
3864,HGS-TV,380193.0,338589.2993359566
3865,HGS-TV,380193.0,338649.3681149483
3866,HGS-TV,380193.0,338709.4014186859
3867,HGS-TV,380193.0,338769.4362478256
3868,HGS-TV,380193.0,338829.5511071682
3869,HGS-TV,380193.0,338889.6074280739
3870,HGS-TV,380193.0,338949.6476960182
3871,HGS-TV,380193.0,339009.7084581852
3872,HGS-TV,380193.0,339069.741740942
3873,ails2_etaMax1.000_stoppingTime432000.00,380229.0,339074.6810649414
3874,HGS-TV,380193.0,339129.77072930336
3875,ails2_etaMax1.000_stoppingTime432000.00,380228.0,339074.7180649414
3876,HGS-TV,380193.0,339189.83017110825
3877,HGS-TV,380193.0,339249.8965177536
3878,HGS-TV,380193.0,339309.91217184067
3879,HGS-TV,380193.0,339369.95156669617
3880,HGS-TV,380193.0,339436.12567806244
3881,HGS-TV,380193.0,339546.62807941437
3882,HGS-TV,380193.0,339668.08600211143
3883,HGS-TV,380193.0,339728.096385479
3884,HGS-TV,380193.0,339788.1779537201
3885,HGS-TV,380193.0,339960.1119775772
3886,HGS-TV,380193.0,340034.78142404556
3887,HGS-TV,380193.0,340228.99052524567
3888,HGS-TV,380193.0,340302.9592502117
3889,HGS-TV,380193.0,340363.06142163277
3890,HGS-TV,380193.0,340423.10172748566
3891,HGS-TV,380193.0,340483.1416504383
3892,HGS-TV,380193.0,340543.1463973522
3893,HGS-TV,380193.0,340603.16480231285
3894,HGS-TV,380193.0,340758.84589886665
3895,HGS-TV,380193.0,340838.53163933754
3896,HGS-TV,380193.0,340908.34118914604
3897,HGS-TV,380193.0,340968.4379425049
3898,HGS-TV,380193.0,341136.990796566
3899,HGS-TV,380193.0,341197.0092353821
3900,HGS-TV,380193.0,341257.05091786385
3901,HGS-TV,380193.0,341317.11146593094
3902,HGS-TV,380193.0,341377.1639223099
3903,HGS-TV,380193.0,341437.1851437092
3904,HGS-TV,380193.0,341537.55587410927
3905,HGS-TV,380193.0,341624.8602721691
3906,HGS-TV,380193.0,341732.30381917953
3907,HGS-TV,380193.0,341792.3913331032
3908,ails2_etaMax1.000_stoppingTime1728000.00,381220.0,341799.75906494143
3909,ails2_etaMax1.000_stoppingTime1728000.00,381107.0,341820.9780649414
3910,ails2_etaMax1.000_stoppingTime432000.00,380227.0,341866.1740649414
3911,HGS-TV,380193.0,341876.141099453
3912,ails2_etaMax1.000_stoppingTime432000.00,380225.0,341866.29206494143
3913,HGS-TV,380193.0,341936.15206217766
3914,HGS-TV,380193.0,342049.48074769974
3915,HGS-TV,380193.0,342109.5548198223
3916,HGS-TV,380193.0,342419.65281271935
3917,HGS-TV,380193.0,342851.2264099121
3918,HGS-TV,380193.0,343302.63719534874
3919,HGS-TV,380193.0,344167.1525006294
3920,HGS-TV,380193.0,344227.1918013096
3921,HGS-TV,380193.0,344302.9875562191
3922,ails2_etaMax1.000_stoppingTime864000.00,380506.0,344358.4270649414
3923,HGS-TV,380193.0,344363.0329785347
3924,ails2_etaMax1.000_stoppingTime864000.00,380501.0,344358.4840649414
3925,HGS-TV,380193.0,344423.0532710552
3926,HGS-TV,380193.0,344654.0432276726
3927,HGS-TV,380193.0,344758.0392370224
3928,HGS-TV,380193.0,344885.88978099823
3929,HGS-TV,380193.0,344945.8979473114
3930,HGS-TV,380193.0,345005.9082093239
3931,HGS-TV,380193.0,345136.0613939762
3932,ails2_etaMax0.010_stoppingTime432000.00,381044.0,345476.8960649414
3933,HGS-TV,380193.0,345734.8592686653
3934,HGS-TV,380193.0,345794.90869927406
3935,HGS-TV,380193.0,345866.0144774914
3936,HGS-TV,380193.0,345926.0512266159
3937,HGS-TV,380193.0,345986.1549692154
3938,HGS-TV,380193.0,346108.1994869709
3939,HGS-TV,380193.0,346172.7503659725
3940,HGS-TV,380193.0,346232.7766518593
3941,HGS-TV,380193.0,346343.3740441799
3942,HGS-TV,380193.0,346472.798579216
3943,HGS-TV,380193.0,346695.66787981987
3944,HGS-TV,380193.0,346997.84918522835
3945,HGS-TV,380193.0,347192.05041861534
3946,HGS-TV,380193.0,347632.96146059036
3947,HGS-TV,380193.0,347693.0005414486
3948,HGS-TV,380193.0,347753.07847356796
3949,HGS-TV,380193.0,347813.09943294525
3950,HGS-TV,380193.0,347918.25002384186
3951,HGS-TV,380193.0,347978.31548047066
3952,HGS-TV,380193.0,348072.0812115669
3953,HGS-TV,380193.0,348132.0972161293
3954,HGS-TV,380193.0,348192.1588232517
3955,HGS-TV,380193.0,348265.16881871223
3956,HGS-TV,380193.0,348325.18963027
3957,HGS-TV,380193.0,348385.2209620476
3958,HGS-TV,380193.0,348459.18990826607
3959,HGS-TV,380193.0,348519.2447657585
3960,HGS-TV,380193.0,348579.30628967285
3961,HGS-TV,380193.0,348649.87118053436
3962,HGS-TV,380193.0,348709.9174466133
3963,HGS-TV,380193.0,348769.93813085556
3964,HGS-TV,380193.0,348836.0975203514
3965,HGS-TV,380193.0,348896.14415311813
3966,HGS-TV,380193.0,348956.1658306122
3967,HGS-TV,380193.0,349078.1165664196
3968,HGS-TV,380193.0,349229.4457542896
3969,HGS-TV,380193.0,349323.8239440918
3970,HGS-TV,380193.0,349383.8869831562
3971,HGS-TV,380193.0,349443.9088540077
3972,HGS-TV,380193.0,349593.63640260696
3973,HGS-TV,380193.0,349903.99302744865
3974,HGS-TV,380193.0,350005.0507659912
3975,HGS-TV,380193.0,350065.10827183723
3976,HGS-TV,380193.0,350194.4990456104
3977,HGS-TV,380193.0,350254.54361081123
3978,HGS-TV,380193.0,350314.5779352188
3979,HGS-TV,380193.0,350407.4042172432
3980,HGS-TV,380193.0,350467.42434191704
3981,HGS-TV,380193.0,350531.7022073269
3982,HGS-TV,380193.0,350812.13350367546
3983,HGS-TV,380193.0,350872.18353509903
3984,HGS-TV,380193.0,350932.2519671917
3985,HGS-TV,380193.0,351144.69317126274
3986,ails2_etaMax1.000_stoppingTime864000.00,380497.0,351511.7870649414
3987,ails2_etaMax1.000_stoppingTime864000.00,380495.0,351511.8120649414
3988,HGS-TV,380193.0,351575.71977066994
3989,HGS-TV,380193.0,352720.9770331383
3990,ails2_etaMax0.010_stoppingTime432000.00,381043.0,354062.1470649414
3991,HGS-TV,380193.0,354355.6182348728
3992,HGS-TV,380193.0,354415.63139081
3993,HGS-TV,380193.0,354475.6885483265
3994,ails2_etaMax1.000_stoppingTime864000.00,380494.0,354485.3480649414
3995,HGS-TV,380193.0,354535.692694664
3996,ails2_etaMax1.000_stoppingTime864000.00,380491.0,354485.43306494143
3997,HGS-TV,380193.0,354595.7505300045
3998,HGS-TV,380193.0,354655.8462173939
3999,HGS-TV,380193.0,354715.8715310097
4000,HGS-TV,380193.0,354775.9145703316
4001,HGS-TV,380193.0,354835.99765610695
4002,HGS-TV,380193.0,354896.04735445976
4003,HGS-TV,380193.0,354956.1228554249
4004,HGS-TV,380193.0,355016.14458465576
4005,HGS-TV,380193.0,355076.20720124245
4006,HGS-TV,380193.0,355136.2901086807
4007,HGS-TV,380193.0,355196.2964346409
4008,HGS-TV,380193.0,355256.3009622097
4009,HGS-TV,380193.0,355316.3163137436
4010,HGS-TV,380193.0,355376.3168168068
4011,HGS-TV,380193.0,355436.3445458412
4012,HGS-TV,380193.0,355496.4440960884
4013,HGS-TV,380193.0,355556.4445707798
4014,HGS-TV,380193.0,355616.45062446594
4015,HGS-TV,380193.0,355676.5263683796
4016,HGS-TV,380193.0,355736.5554242134
4017,HGS-TV,380193.0,355796.56467175484
4018,HGS-TV,380193.0,355856.60970783234
4019,HGS-TV,380193.0,355916.7154688835
4020,HGS-TV,380193.0,355976.7595386505
4021,HGS-TV,380193.0,356036.8091483116
4022,HGS-TV,380193.0,356096.85658741
4023,HGS-TV,380193.0,356183.00202941895
4024,HGS-TV,380193.0,356270.5383515358
4025,HGS-TV,380193.0,356348.18064665794
4026,HGS-TV,380193.0,356408.2996211052
4027,HGS-TV,380193.0,356468.3338916302
4028,HGS-TV,380193.0,356528.4109699726
4029,HGS-TV,380193.0,356588.4797940254
4030,HGS-TV,380193.0,356648.49358177185
4031,HGS-TV,380193.0,356708.495016098
4032,HGS-TV,380193.0,356768.5990166664
4033,HGS-TV,380193.0,356828.6975708008
4034,HGS-TV,380193.0,356888.7028605938
4035,HGS-TV,380193.0,356948.7396452427
4036,HGS-TV,380193.0,357008.7662820816
4037,HGS-TV,380193.0,357079.56242346764
4038,HGS-TV,380193.0,357139.6478583813
4039,HGS-TV,380193.0,357199.6648700237
4040,HGS-TV,380193.0,357259.69782972336
4041,HGS-TV,380193.0,357319.7444894314
4042,HGS-TV,380193.0,357379.7697751522
4043,HGS-TV,380193.0,357439.835975647
4044,HGS-TV,380193.0,357499.876568079
4045,HGS-TV,380193.0,357559.92312288284
4046,HGS-TV,380193.0,357619.9385509491
4047,HGS-TV,380193.0,357679.9582159519
4048,HGS-TV,380193.0,357739.9750649929
4049,HGS-TV,380193.0,357800.0492708683
4050,HGS-TV,380193.0,357860.1112565994
4051,HGS-TV,380193.0,357920.1632118225
4052,HGS-TV,380193.0,357980.1750743389
4053,HGS-TV,380193.0,358040.18426156044
4054,HGS-TV,380193.0,358100.1927139759
4055,HGS-TV,380193.0,358160.214220047
4056,HGS-TV,380193.0,358220.22585868835
4057,HGS-TV,380193.0,358280.24801898
4058,HGS-TV,380193.0,358340.32012081146
4059,HGS-TV,380193.0,358400.3660812378
4060,HGS-TV,380193.0,358463.2477738857
4061,HGS-TV,380193.0,358523.28222441673
4062,HGS-TV,380193.0,358583.3290770054
4063,HGS-TV,380193.0,358643.3369629383
4064,HGS-TV,380193.0,358703.3976614475
4065,HGS-TV,380193.0,358778.5137183666
4066,HGS-TV,380193.0,358838.5428287983
4067,HGS-TV,380193.0,358898.6138167381
4068,HGS-TV,380193.0,358958.67774295807
4069,HGS-TV,380193.0,359018.75534558296
4070,HGS-TV,380193.0,359078.80157470703
4071,HGS-TV,380193.0,359138.83603978157
4072,HGS-TV,380193.0,359198.8805606365
4073,HGS-TV,380193.0,359258.95759630203
4074,HGS-TV,380193.0,359318.9603290558
4075,HGS-TV,380193.0,359379.0061557293
4076,HGS-TV,380193.0,359439.0235414505
4077,HGS-TV,380193.0,359516.2083873749
4078,HGS-TV,380193.0,359576.3080561161
4079,HGS-TV,380193.0,359636.3714416027
4080,HGS-TV,380193.0,359696.3942196369
4081,HGS-TV,380193.0,359762.7026619911
4082,HGS-TV,380193.0,359850.9939508438
4083,HGS-TV,380193.0,359911.01563477516
4084,HGS-TV,380193.0,359971.04939746857
4085,HGS-TV,380193.0,360031.05179715157
4086,HGS-TV,380193.0,360091.0582652092
4087,HGS-TV,380193.0,360151.06991171837
4088,HGS-TV,380193.0,360248.145406723
4089,HGS-TV,380193.0,360308.87215447426
4090,HGS-TV,380193.0,360383.5212185383
4091,HGS-TV,380193.0,360443.5796632767
4092,HGS-TV,380193.0,360503.5862159729
4093,HGS-TV,380193.0,360662.9577887058
4094,ails2_etaMax0.010_stoppingTime432000.00,381042.0,360761.7030649414
4095,HGS-TV,380193.0,360795.3072953224
4096,HGS-TV,380193.0,360855.34579348564
4097,HGS-TV,380193.0,360915.3635995388
4098,HGS-TV,380193.0,360975.45292139053
4099,HGS-TV,380193.0,361035.49187350273
4100,HGS-TV,380193.0,361192.20728731155
4101,HGS-TV,380193.0,361252.2760248184
4102,HGS-TV,380193.0,361312.29154253006
4103,HGS-TV,380193.0,361372.34773397446
4104,HGS-TV,380193.0,361520.1320910454
4105,HGS-TV,380193.0,361580.1515471935
4106,HGS-TV,380193.0,361640.1620438099
4107,HGS-TV,380193.0,361700.22015333176
4108,HGS-TV,380193.0,361818.6511538029
4109,HGS-TV,380193.0,361959.83458042145
4110,HGS-TV,380193.0,362056.78415489197
4111,HGS-TV,380193.0,362116.81377863884
4112,HGS-TV,380193.0,362176.85853886604
4113,ails2_etaMax1.000_stoppingTime864000.00,380486.0,362203.6870649414
4114,HGS-TV,380193.0,362236.8990969658
4115,HGS-TV,380193.0,362296.92084765434
4116,HGS-TV,380193.0,362387.44334077835
4117,HGS-TV,380193.0,362544.7989974022
4118,HGS-TV,380193.0,362604.8067893982
4119,HGS-TV,380193.0,362793.65640854836
4120,HGS-TV,380193.0,362858.36810326576
4121,HGS-TV,380193.0,362998.3743700981
4122,HGS-TV,380193.0,363614.9500319958
4123,HGS-TV,380193.0,363711.59434628487
4124,HGS-TV,380193.0,364085.1537284851
4125,HGS-TV,380193.0,364249.75438570976
4126,HGS-TV,380193.0,364694.65762352943
4127,HGS-TV,380193.0,364754.66948628426
4128,HGS-TV,380193.0,366388.3907351494
4129,HGS-TV,380193.0,366448.49189543724
4130,HGS-TV,380193.0,366508.5696504116
4131,HGS-TV,380193.0,366568.64403629303
4132,HGS-TV,380193.0,366628.71041846275
4133,HGS-TV,380193.0,366688.7331767082
4134,HGS-TV,380193.0,366748.782941103
4135,HGS-TV,380193.0,366808.81000876427
4136,HGS-TV,380193.0,366868.8312418461
4137,HGS-TV,380193.0,366928.871707201
4138,HGS-TV,380193.0,366988.9035537243
4139,HGS-TV,380193.0,367048.9694223404
4140,HGS-TV,380193.0,367108.9870378971
4141,HGS-TV,380193.0,367169.03895926476
4142,HGS-TV,380193.0,367233.030390501
4143,HGS-TV,380193.0,367293.1113975048
4144,HGS-TV,380193.0,367353.11425614357
4145,HGS-TV,380193.0,367413.16415286064
4146,HGS-TV,380193.0,367473.22269129753
4147,HGS-TV,380193.0,367533.2408978939
4148,HGS-TV,380193.0,367593.30441355705
4149,HGS-TV,380193.0,367653.37890672684
4150,HGS-TV,380193.0,367713.4526002407
4151,HGS-TV,380193.0,367773.46938729286
4152,HGS-TV,380193.0,367833.5203573704
4153,HGS-TV,380193.0,367893.54433608055
4154,HGS-TV,380193.0,367953.5533745289
4155,HGS-TV,380193.0,368013.5808093548
4156,HGS-TV,380193.0,368073.61651849747
4157,HGS-TV,380193.0,368133.6804897785
4158,HGS-TV,380193.0,368193.71751093864
4159,HGS-TV,380193.0,368253.7425503731
4160,HGS-TV,380193.0,368313.75686120987
4161,HGS-TV,380193.0,368373.7915918827
4162,HGS-TV,380193.0,368433.8801739216
4163,HGS-TV,380193.0,368493.9487314224
4164,HGS-TV,380193.0,368554.01436138153
4165,HGS-TV,380193.0,368614.0251967907
4166,HGS-TV,380193.0,368674.072149992
4167,HGS-TV,380193.0,368734.0780427456
4168,HGS-TV,380193.0,368794.11527585983
4169,HGS-TV,380193.0,368854.1598446369
4170,HGS-TV,380193.0,368914.1650328636
4171,HGS-TV,380193.0,368980.0802717209
4172,HGS-TV,380193.0,369040.09358119965
4173,HGS-TV,380193.0,369100.1500649452
4174,HGS-TV,380193.0,369160.22062039375
4175,HGS-TV,380193.0,369220.2280192375
4176,HGS-TV,380193.0,369280.2445807457
4177,HGS-TV,380193.0,369340.3116762638
4178,HGS-TV,380193.0,369400.36393737793
4179,HGS-TV,380193.0,369460.37516593933
4180,HGS-TV,380193.0,369520.3755633831
4181,HGS-TV,380193.0,369580.44480395317
4182,HGS-TV,380193.0,369640.4564769268
4183,HGS-TV,380193.0,369700.513661623
4184,HGS-TV,380193.0,369760.61128497124
4185,HGS-TV,380193.0,369820.6996796131
4186,HGS-TV,380193.0,369880.7423093319
4187,HGS-TV,380193.0,369940.8318607807
4188,HGS-TV,380193.0,370000.85748815536
4189,HGS-TV,380193.0,370060.8702931404
4190,HGS-TV,380193.0,370168.11757588387
4191,HGS-TV,380193.0,370229.6235129833
4192,HGS-TV,380193.0,370289.6386208534
4193,HGS-TV,380193.0,370349.67780709267
4194,HGS-TV,380193.0,370409.7335035801
4195,HGS-TV,380193.0,370469.80151438713
4196,HGS-TV,380193.0,370529.8244407177
4197,HGS-TV,380193.0,370589.9251668453
4198,HGS-TV,380193.0,370650.03798651695
4199,HGS-TV,380193.0,370710.0485804081
4200,HGS-TV,380193.0,370770.13015031815
4201,HGS-TV,380193.0,370839.2314777374
4202,HGS-TV,380193.0,370899.2421925068
4203,HGS-TV,380193.0,370959.3083331585
4204,HGS-TV,380193.0,371019.3319776058
4205,HGS-TV,380193.0,371079.4332308769
4206,HGS-TV,380193.0,371139.49645090103
4207,HGS-TV,380193.0,371199.5811679363
4208,HGS-TV,380193.0,371259.59352874756
4209,HGS-TV,380193.0,371319.6756038666
4210,HGS-TV,380193.0,371379.7346203327
4211,HGS-TV,380193.0,371439.7427113056
4212,HGS-TV,380193.0,371499.8167731762
4213,HGS-TV,380193.0,371563.1939640045
4214,HGS-TV,380193.0,371623.752505064
4215,HGS-TV,380193.0,371683.77186107635
4216,HGS-TV,380193.0,371743.8047504425
4217,HGS-TV,380193.0,371803.8069190979
4218,HGS-TV,380193.0,371863.86627936363
4219,HGS-TV,380193.0,371923.9053146839
4220,HGS-TV,380193.0,371990.20801877975
4221,HGS-TV,380193.0,372050.27571105957
4222,HGS-TV,380193.0,372129.5043747425
4223,ails2_etaMax1.000_stoppingTime864000.00,380484.0,372151.7190649414
4224,HGS-TV,380193.0,372189.5261750221
4225,HGS-TV,380193.0,372249.56682372093
4226,HGS-TV,380193.0,372345.3565609455
4227,HGS-TV,380193.0,372405.3860282898
4228,HGS-TV,380193.0,372525.7142107487
4229,HGS-TV,380193.0,372585.7343137264
4230,HGS-TV,380193.0,372645.7635278702
4231,HGS-TV,380193.0,372705.79636335373
4232,HGS-TV,380193.0,372765.892359972
4233,HGS-TV,380193.0,373037.7715060711
4234,HGS-TV,380193.0,373176.11831855774
4235,HGS-TV,380193.0,373308.3182377815
4236,HGS-TV,380193.0,373368.42490530014
4237,HGS-TV,380193.0,373428.4807100296
4238,HGS-TV,380193.0,373488.52143645287
4239,HGS-TV,380193.0,373548.5359671116
4240,HGS-TV,380193.0,373631.96535110474
4241,HGS-TV,380193.0,373692.04174780846
4242,HGS-TV,380193.0,373752.0819926262
4243,HGS-TV,380193.0,373812.09882473946
4244,HGS-TV,380193.0,373872.1062231064
4245,HGS-TV,380193.0,374010.58617568016
4246,HGS-TV,380193.0,374166.09735512733
4247,HGS-TV,380193.0,374226.1654186249
4248,HGS-TV,380193.0,374286.2377374172
4249,HGS-TV,380193.0,374346.26871705055
4250,ails2_etaMax1.000_stoppingTime864000.00,380480.0,374389.8120649414
4251,HGS-TV,380193.0,374428.133936882
4252,HGS-TV,380193.0,374585.7222568989
4253,HGS-TV,380193.0,374645.8013956547
4254,HGS-TV,380193.0,374705.89265823364
4255,HGS-TV,380193.0,374796.51832294464
4256,HGS-TV,380193.0,374871.262185812
4257,HGS-TV,380193.0,374931.35525012016
4258,HGS-TV,380193.0,374991.44788217545
4259,HGS-TV,380193.0,375051.52322912216
4260,HGS-TV,380193.0,375111.55505919456
4261,HGS-TV,380193.0,375171.6029641628
4262,HGS-TV,380193.0,375231.61881661415
4263,HGS-TV,380193.0,375291.7153849602
4264,HGS-TV,380193.0,375351.73079419136
4265,HGS-TV,380193.0,375411.794359684
4266,HGS-TV,380193.0,375471.9028105736
4267,HGS-TV,380193.0,375531.9292228222
4268,HGS-TV,380193.0,375591.9751384258
4269,HGS-TV,380193.0,375651.9946630001
4270,HGS-TV,380193.0,375712.0088312626
4271,HGS-TV,380193.0,375772.03221416473
4272,HGS-TV,380193.0,375865.9155368805
4273,HGS-TV,380193.0,375926.0065732002
4274,HGS-TV,380193.0,376032.6667740345
4275,HGS-TV,380193.0,376092.70683550835
4276,HGS-TV,380193.0,376169.4580025673
4277,HGS-TV,380193.0,376300.2365322113
4278,HGS-TV,380193.0,376454.20438718796
4279,HGS-TV,380193.0,376514.21894693375
4280,HGS-TV,380193.0,376630.28297924995
4281,HGS-TV,380193.0,376690.36974453926
4282,HGS-TV,380193.0,376750.3791644573
4283,HGS-TV,380193.0,376810.45235180855
4284,HGS-TV,380193.0,376873.44185233116
4285,HGS-TV,380193.0,376933.5428392887
4286,HGS-TV,380193.0,376993.60133099556
4287,HGS-TV,380193.0,377053.62018728256
4288,HGS-TV,380193.0,377113.67171263695
4289,HGS-TV,380193.0,377173.6884496212
4290,HGS-TV,380193.0,377233.7153055668
4291,HGS-TV,380193.0,377301.5913403034
4292,HGS-TV,380193.0,377361.65001773834
4293,HGS-TV,380193.0,377421.69277977943
4294,HGS-TV,380193.0,377481.7004466057
4295,HGS-TV,380193.0,377597.80693888664
4296,HGS-TV,380193.0,377657.8373761177
4297,HGS-TV,380193.0,377717.8614895344
4298,HGS-TV,380193.0,377777.8738536835
4299,HGS-TV,380193.0,377837.8842084408
4300,HGS-TV,380193.0,377897.9983305931
4301,HGS-TV,380193.0,377958.0684528351
4302,HGS-TV,380193.0,378072.88217401505
4303,HGS-TV,380193.0,378132.9321539402
4304,HGS-TV,380193.0,378194.0487487316
4305,HGS-TV,380193.0,378254.1127655506
4306,HGS-TV,380193.0,378314.11612534523
4307,HGS-TV,380193.0,378374.14983820915
4308,HGS-TV,380193.0,378439.85831427574
4309,HGS-TV,380193.0,378499.89553904533
4310,HGS-TV,380193.0,378559.9128551483
4311,HGS-TV,380193.0,378619.9680097103
4312,HGS-TV,380193.0,378680.0211482048
4313,HGS-TV,380193.0,378740.0803825855
4314,HGS-TV,380193.0,378800.0834097862
4315,HGS-TV,380193.0,378893.91789746284
4316,HGS-TV,380193.0,378953.9875488281
4317,HGS-TV,380193.0,379106.45799922943
4318,HGS-TV,380193.0,379232.6342802048
4319,HGS-TV,380193.0,379292.6548156738
4320,HGS-TV,380193.0,379352.73948836327
4321,HGS-TV,380193.0,379412.80752301216
4322,HGS-TV,380193.0,379472.81149840355
4323,HGS-TV,380193.0,379532.83763074875
4324,ails2_etaMax1.000_stoppingTime1728000.00,381091.0,379534.8200649414
4325,ails2_etaMax1.000_stoppingTime1728000.00,381008.0,379535.2250649414
4326,HGS-TV,380193.0,379631.04847311974
4327,HGS-TV,380193.0,379715.82754826546
4328,HGS-TV,380193.0,379775.8300385475
4329,HGS-TV,380193.0,379835.8630812168
4330,HGS-TV,380193.0,380025.92226958275
4331,HGS-TV,380193.0,380085.9466063976
4332,HGS-TV,380193.0,380145.9693439007
4333,HGS-TV,380193.0,380256.9590578079
4334,HGS-TV,380193.0,380377.9232316017
4335,HGS-TV,380193.0,380437.94609451294
4336,HGS-TV,380193.0,380497.97355914116
4337,HGS-TV,380193.0,380603.51717329025
4338,HGS-TV,380193.0,380663.54449248314
4339,HGS-TV,380193.0,380723.55593180656
4340,HGS-TV,380193.0,380798.6047720909
4341,HGS-TV,380193.0,380858.61293292046
4342,HGS-TV,380193.0,380918.6605629921
4343,HGS-TV,380193.0,380978.6863498688
4344,HGS-TV,380193.0,381038.72445726395
4345,HGS-TV,380193.0,381208.11684417725
4346,HGS-TV,380193.0,381268.11741375923
4347,HGS-TV,380193.0,381328.20726442337
4348,HGS-TV,380193.0,381388.2778491974
4349,HGS-TV,380193.0,381448.28789305687
4350,HGS-TV,380193.0,381530.8516931534
4351,ails2_etaMax1.000_stoppingTime864000.00,380469.0,381581.6410649414
4352,HGS-TV,380193.0,381590.92237997055
4353,HGS-TV,380193.0,381650.93193626404
4354,HGS-TV,380193.0,381710.9708330631
4355,HGS-TV,380193.0,381771.02143001556
4356,HGS-TV,380193.0,381831.0424962044
4357,HGS-TV,380193.0,381891.06675314903
4358,HGS-TV,380193.0,381951.1196217537
4359,HGS-TV,380193.0,382011.138405323
4360,HGS-TV,380193.0,382137.0063917637
4361,HGS-TV,380193.0,382208.04941797256
4362,HGS-TV,380193.0,382304.4148635864
4363,HGS-TV,380193.0,382414.9963271618
4364,HGS-TV,380193.0,382554.0688893795
4365,HGS-TV,380193.0,382795.98730897903
4366,HGS-TV,380193.0,382856.00880742073
4367,HGS-TV,380193.0,382916.0429162979
4368,HGS-TV,380193.0,382976.0962841511
4369,HGS-TV,380193.0,383342.70257401466
4370,HGS-TV,380193.0,383405.6546430588
4371,HGS-TV,380193.0,383526.0679526329
4372,HGS-TV,380193.0,383703.9138393402
4373,HGS-TV,380193.0,383791.4660487175
4374,HGS-TV,380193.0,384016.1069638729
4375,HGS-TV,380193.0,384102.71722507477
4376,HGS-TV,380193.0,384277.1985037327
4377,HGS-TV,380193.0,384395.0039834976
4378,HGS-TV,380193.0,384675.94301080704
4379,HGS-TV,380193.0,384737.23983216286
4380,HGS-TV,380193.0,385029.332362175
4381,HGS-TV,380193.0,385089.65764927864
4382,HGS-TV,380193.0,385149.72979712486
4383,HGS-TV,380193.0,385209.781014204
4384,HGS-TV,380193.0,385282.67787337303
4385,HGS-TV,380193.0,385361.50811982155
4386,HGS-TV,380193.0,385421.5598423481
4387,HGS-TV,380193.0,385829.9167461395
4388,HGS-TV,380193.0,385983.3559794426
4389,HGS-TV,380193.0,386230.639800787
4390,HGS-TV,380193.0,387021.4245688915
4391,HGS-TV,380193.0,388202.5239889622
4392,HGS-TV,380193.0,388280.0658915043
4393,HGS-TV,380193.0,388340.0892767906
4394,HGS-TV,380193.0,389923.4541685581
4395,ails2_etaMax1.000_stoppingTime432000.00,380224.0,390064.8370649414
4396,ails2_etaMax1.000_stoppingTime864000.00,380468.0,390119.7190649414
4397,ails2_etaMax1.000_stoppingTime1728000.00,380999.0,391482.62906494143
4398,ails2_etaMax1.000_stoppingTime1728000.00,380841.0,391518.9790649414
4399,HGS-TV,380193.0,391613.0141041279
4400,HGS-TV,380193.0,391673.1222715378
4401,HGS-TV,380193.0,391733.13146853447
4402,HGS-TV,380193.0,391793.1526277065
4403,HGS-TV,380193.0,391853.2123391628
4404,HGS-TV,380193.0,391913.2648127079
4405,HGS-TV,380193.0,391976.28926563263
4406,HGS-TV,380193.0,392036.31659173965
4407,HGS-TV,380193.0,392111.4694390297
4408,HGS-TV,380193.0,392171.5337378979
4409,HGS-TV,380193.0,392231.53842020035
4410,HGS-TV,380193.0,392291.5841538906
4411,HGS-TV,380193.0,392351.6015717983
4412,HGS-TV,380193.0,392411.62228775024
4413,HGS-TV,380193.0,392471.7075202465
4414,HGS-TV,380193.0,392531.72299838066
4415,HGS-TV,380193.0,392591.7875921726
4416,HGS-TV,380193.0,392651.8675055504
4417,HGS-TV,380193.0,392711.94542336464
4418,HGS-TV,380193.0,392772.0589454174
4419,HGS-TV,380193.0,392832.13246417046
4420,HGS-TV,380193.0,392914.3519189358
4421,HGS-TV,380193.0,392974.4434635639
4422,HGS-TV,380193.0,393034.4454600811
4423,HGS-TV,380193.0,393094.4893298149
4424,HGS-TV,380193.0,393154.51306557655
4425,HGS-TV,380193.0,393214.5474600792
4426,HGS-TV,380193.0,393274.5920701027
4427,HGS-TV,380193.0,393334.6543364525
4428,HGS-TV,380193.0,393394.6702244282
4429,HGS-TV,380193.0,393454.7200112343
4430,HGS-TV,380193.0,393514.8085091114
4431,HGS-TV,380193.0,393574.8311679363
4432,HGS-TV,380193.0,393634.8954408169
4433,HGS-TV,380193.0,393694.90335321426
4434,HGS-TV,380193.0,393755.0147445202
4435,HGS-TV,380193.0,393815.0176656246
4436,HGS-TV,380193.0,393875.02518200874
4437,HGS-TV,380193.0,393935.0672187805
4438,HGS-TV,380193.0,393995.13799381256
4439,HGS-TV,380193.0,394055.2123439312
4440,ails2_etaMax1.000_stoppingTime864000.00,380464.0,394110.4030649414
4441,HGS-TV,380193.0,394115.21531653404
4442,HGS-TV,380193.0,394175.30426454544
4443,HGS-TV,380193.0,394235.37129950523
4444,HGS-TV,380193.0,394295.3950648308
4445,HGS-TV,380193.0,394355.452409029
4446,HGS-TV,380193.0,394415.47123527527
4447,HGS-TV,380193.0,394475.5396351814
4448,HGS-TV,380193.0,394535.5732882023
4449,HGS-TV,380193.0,394595.6164252758
4450,HGS-TV,380193.0,394655.6491537094
4451,HGS-TV,380193.0,394715.69642329216
4452,HGS-TV,380193.0,394775.75728678703
4453,HGS-TV,380193.0,394835.86231827736
4454,HGS-TV,380193.0,394895.88207030296
4455,HGS-TV,380193.0,394955.88232684135
4456,HGS-TV,380193.0,395015.9152994156
4457,HGS-TV,380193.0,395075.9588301182
4458,HGS-TV,380193.0,395169.07031679153
4459,HGS-TV,380193.0,395229.1447587013
4460,HGS-TV,380193.0,395292.25075149536
4461,HGS-TV,380193.0,395352.257191658
4462,HGS-TV,380193.0,395412.2660381794
4463,HGS-TV,380193.0,395472.2961509228
4464,HGS-TV,380193.0,395532.36869740486
4465,HGS-TV,380193.0,395592.45684456825
4466,HGS-TV,380193.0,395652.4765021801
4467,HGS-TV,380193.0,395712.53721547127
4468,HGS-TV,380193.0,395772.5387887955
4469,HGS-TV,380193.0,395845.15109467506
4470,HGS-TV,380193.0,395905.21583890915
4471,HGS-TV,380193.0,395965.2193098068
4472,HGS-TV,380193.0,396025.2597770691
4473,HGS-TV,380193.0,396085.2684357166
4474,HGS-TV,380193.0,396145.35479426384
4475,HGS-TV,380193.0,396205.4303703308
4476,HGS-TV,380193.0,396265.48006153107
4477,HGS-TV,380193.0,396325.5616774559
4478,HGS-TV,380193.0,396385.5768632889
4479,HGS-TV,380193.0,396445.70048189163
4480,HGS-TV,380193.0,396505.7232401371
4481,HGS-TV,380193.0,396637.8624880314
4482,HGS-TV,380193.0,396697.9347999096
4483,HGS-TV,380193.0,396767.9936366081
4484,HGS-TV,380193.0,396828.02938985825
4485,HGS-TV,380193.0,396901.45699834824
4486,HGS-TV,380193.0,396961.5215930939
4487,HGS-TV,380193.0,397034.5061097145
4488,HGS-TV,380193.0,397094.55706715584
4489,HGS-TV,380193.0,397154.57798457146
4490,HGS-TV,380193.0,397214.66900253296
4491,HGS-TV,380193.0,397274.66926145554
4492,HGS-TV,380193.0,397334.69468569756
4493,HGS-TV,380193.0,397394.71279478073
4494,ails2_etaMax1.000_stoppingTime864000.00,380459.0,397436.6230649414
4495,HGS-TV,380193.0,397454.7231941223
4496,HGS-TV,380193.0,397514.7820034027
4497,HGS-TV,380193.0,397574.8919069767
4498,HGS-TV,380193.0,397634.9692363739
4499,HGS-TV,380193.0,397752.8274204731
4500,HGS-TV,380193.0,397812.87963080406
4501,HGS-TV,380193.0,397872.9427731037
4502,HGS-TV,380193.0,397932.9900305271
4503,HGS-TV,380193.0,398020.93861436844
4504,HGS-TV,380193.0,398080.9480793476
4505,HGS-TV,380193.0,398141.00939536095
4506,HGS-TV,380193.0,398235.58586621284
4507,HGS-TV,380193.0,398295.65049767494
4508,HGS-TV,380193.0,398355.6711702347
4509,HGS-TV,380193.0,398415.6800606251
4510,HGS-TV,380193.0,398475.69562005997
4511,HGS-TV,380193.0,398535.72921824455
4512,HGS-TV,380193.0,398595.7322423458
4513,HGS-TV,380193.0,398655.7495276928
4514,HGS-TV,380193.0,398715.8564271927
4515,HGS-TV,380193.0,398775.8664484024
4516,HGS-TV,380193.0,398835.88922715187
4517,HGS-TV,380193.0,398895.97747015953
4518,HGS-TV,380193.0,398987.12739539146
4519,HGS-TV,380193.0,399047.18814110756
4520,HGS-TV,380193.0,399107.2185356617
4521,HGS-TV,380193.0,399167.24042224884
4522,HGS-TV,380193.0,399227.31740522385
4523,HGS-TV,380193.0,399287.3176598549
4524,HGS-TV,380193.0,399347.3826596737
4525,HGS-TV,380193.0,399407.45357751846
4526,HGS-TV,380193.0,399467.4892234802
4527,HGS-TV,380193.0,399527.50281381607
4528,HGS-TV,380193.0,399587.53098106384
4529,HGS-TV,380193.0,399647.5478191376
4530,ails2_etaMax0.010_stoppingTime432000.00,381041.0,399704.2960649414
4531,HGS-TV,380193.0,399707.5942206383
4532,HGS-TV,380193.0,399767.62989258766
4533,HGS-TV,380193.0,399827.6573126316
4534,HGS-TV,380193.0,399887.75624895096
4535,HGS-TV,380193.0,399947.83513855934
4536,HGS-TV,380193.0,400007.8955540657
4537,HGS-TV,380193.0,400067.91080236435
4538,HGS-TV,380193.0,400128.0296857357
4539,HGS-TV,380193.0,400188.0651271343
4540,HGS-TV,380193.0,400248.08283376694
4541,HGS-TV,380193.0,400308.1453611851
4542,HGS-TV,380193.0,400373.3734035492
4543,HGS-TV,380193.0,400433.38057494164
4544,HGS-TV,380193.0,400493.4546072483
4545,HGS-TV,380193.0,400619.1996679306
4546,HGS-TV,380193.0,400726.470413208
4547,HGS-TV,380193.0,400836.05842375755
4548,HGS-TV,380193.0,400896.07241153717
4549,HGS-TV,380193.0,401102.5711710453
4550,HGS-TV,380193.0,401243.9234418869
4551,HGS-TV,380193.0,401379.5378639698
4552,HGS-TV,380193.0,401505.32098674774
4553,HGS-TV,380193.0,401668.1983926296
4554,HGS-TV,380193.0,401728.2072324753
4555,HGS-TV,380193.0,401788.25150346756
4556,HGS-TV,380193.0,401880.9756953716
4557,HGS-TV,380193.0,401941.08207440376
4558,HGS-TV,380193.0,402001.09189105034
4559,HGS-TV,380193.0,402061.1652004719
4560,HGS-TV,380193.0,402121.23523807526
4561,HGS-TV,380193.0,402181.298306942
4562,HGS-TV,380193.0,402529.3249423504
4563,HGS-TV,380193.0,402589.397149086
4564,HGS-TV,380193.0,402770.2102019787
4565,ails2_etaMax1.000_stoppingTime864000.00,380454.0,402789.2370649414
4566,HGS-TV,380193.0,402890.65844988823
4567,HGS-TV,380193.0,403233.0508289337
4568,HGS-TV,380193.0,403379.26361727715
4569,HGS-TV,380193.0,403535.4130682945
4570,HGS-TV,380193.0,405133.8308041096
4571,HGS-TV,380193.0,405193.8345108032
4572,HGS-TV,380193.0,405253.88464188576
4573,HGS-TV,380193.0,405313.89771056175
4574,HGS-TV,380193.0,405373.93133068085
4575,HGS-TV,380193.0,405433.98243403435
4576,HGS-TV,380193.0,405494.04115366936
4577,HGS-TV,380193.0,405554.10015296936
4578,HGS-TV,380193.0,405614.13397812843
4579,HGS-TV,380193.0,405674.19416069984
4580,HGS-TV,380193.0,405734.2221367359
4581,HGS-TV,380193.0,405794.32141828537
4582,HGS-TV,380193.0,405854.3899753094
4583,HGS-TV,380193.0,405914.43997883797
4584,HGS-TV,380193.0,405974.50860738754
4585,HGS-TV,380193.0,406034.530282259
4586,HGS-TV,380193.0,406094.6297867298
4587,HGS-TV,380193.0,406154.6434881687
4588,HGS-TV,380193.0,406214.68206596375
4589,HGS-TV,380193.0,406274.7095310688
4590,HGS-TV,380193.0,406334.71082377434
4591,HGS-TV,380193.0,406394.7373166084
4592,HGS-TV,380193.0,406454.75102472305
4593,HGS-TV,380193.0,406514.8157968521
4594,HGS-TV,380193.0,406574.89141988754
4595,HGS-TV,380193.0,406634.93833613396
4596,HGS-TV,380193.0,406694.996039629
4597,HGS-TV,380193.0,406755.0223894119
4598,HGS-TV,380193.0,406815.03623509407
4599,HGS-TV,380193.0,406875.0769736767
4600,ails2_etaMax1.000_stoppingTime864000.00,380451.0,406926.3940649414
4601,HGS-TV,380193.0,406935.119836092
4602,ails2_etaMax1.000_stoppingTime864000.00,380439.0,406982.69406494143
4603,HGS-TV,380193.0,406995.1310737133
4604,HGS-TV,380193.0,407055.1713504791
4605,HGS-TV,380193.0,407121.4923250675
4606,HGS-TV,380193.0,407181.56620311737
4607,HGS-TV,380193.0,407241.5825395584
4608,HGS-TV,380193.0,407301.624322176
4609,HGS-TV,380193.0,407361.6577966213
4610,HGS-TV,380193.0,407421.69766426086
4611,HGS-TV,380193.0,407481.8232293129
4612,HGS-TV,380193.0,407547.8263249397
4613,HGS-TV,380193.0,407607.83448815346
4614,HGS-TV,380193.0,407667.8969774246
4615,HGS-TV,380193.0,407727.99588394165
4616,HGS-TV,380193.0,407818.74478149414
4617,HGS-TV,380193.0,407878.7960870266
4618,HGS-TV,380193.0,407938.85177612305
4619,HGS-TV,380193.0,407999.4650938511
4620,HGS-TV,380193.0,408059.5309121609
4621,HGS-TV,380193.0,408119.5674173832
4622,HGS-TV,380193.0,408179.6271491051
4623,HGS-TV,380193.0,408261.42428421974
4624,HGS-TV,380193.0,408321.4707391262
4625,HGS-TV,380193.0,408381.5631377697
4626,ails2_etaMax1.000_stoppingTime864000.00,380436.0,408382.6120649414
4627,HGS-TV,380193.0,408441.607336998
4628,HGS-TV,380193.0,408501.66263246536
4629,ails2_etaMax1.000_stoppingTime864000.00,380433.0,408523.81906494143
4630,HGS-TV,380193.0,408561.69795513153
4631,ails2_etaMax1.000_stoppingTime864000.00,380422.0,408523.9070649414
4632,HGS-TV,380193.0,408621.77348804474
4633,HGS-TV,380193.0,408681.7924785614
4634,HGS-TV,380193.0,408741.7937383652
4635,HGS-TV,380193.0,408841.4154982567
4636,HGS-TV,380193.0,408942.2004814148
4637,HGS-TV,380193.0,409002.3009107113
4638,HGS-TV,380193.0,409108.260409832
4639,HGS-TV,380193.0,409168.2846491337
4640,HGS-TV,380193.0,409253.7226893902
4641,HGS-TV,380193.0,409313.79854011536
4642,HGS-TV,380193.0,409522.44234728813
4643,HGS-TV,380193.0,409582.4826705456
4644,HGS-TV,380193.0,409642.5273299217
4645,HGS-TV,380193.0,409738.1847176552
4646,HGS-TV,380193.0,409798.20652484894
4647,HGS-TV,380193.0,409858.2381820679
4648,HGS-TV,380193.0,409918.3263242245
4649,HGS-TV,380193.0,409978.4196705818
4650,HGS-TV,380193.0,410038.4866466522
4651,HGS-TV,380193.0,410098.556278944
4652,HGS-TV,380193.0,410158.565792799
4653,HGS-TV,380193.0,410228.66227531433
4654,HGS-TV,380193.0,410353.5669093132
4655,HGS-TV,380193.0,410413.57391119003
4656,HGS-TV,380193.0,410508.2966976166
4657,HGS-TV,380193.0,410568.3256278038
4658,HGS-TV,380193.0,410628.33575487137
4659,HGS-TV,380193.0,410716.40346193314
4660,HGS-TV,380193.0,410776.4219624996
4661,HGS-TV,380193.0,410836.4835963249
4662,HGS-TV,380193.0,410947.851937294
4663,HGS-TV,380193.0,411007.8883237839
4664,HGS-TV,380193.0,411070.7821393013
4665,HGS-TV,380193.0,411130.8303012848
4666,HGS-TV,380193.0,411190.91362428665
4667,HGS-TV,380193.0,411250.91552209854
4668,HGS-TV,380193.0,411311.0091357231
4669,HGS-TV,380193.0,411371.0211093426
4670,HGS-TV,380193.0,411431.0263290405
4671,HGS-TV,380193.0,411491.0429329872
4672,HGS-TV,380193.0,411551.1125552654
4673,HGS-TV,380193.0,411611.1863641739
4674,HGS-TV,380193.0,411680.3977661133
4675,HGS-TV,380193.0,411740.4173772335
4676,HGS-TV,380193.0,411800.47698020935
4677,HGS-TV,380193.0,411974.085439682
4678,HGS-TV,380193.0,412034.10173869133
4679,HGS-TV,380193.0,412094.1401619911
4680,HGS-TV,380193.0,412154.14567518234
4681,HGS-TV,380193.0,412214.1624557972
4682,HGS-TV,380193.0,412274.1852376461
4683,HGS-TV,380193.0,412334.20005369186
4684,HGS-TV,380193.0,412394.23390722275
4685,HGS-TV,380193.0,412454.320360899
4686,HGS-TV,380193.0,412514.4362344742
4687,HGS-TV,380193.0,412574.47508740425
4688,HGS-TV,380193.0,412634.5021522045
4689,HGS-TV,380193.0,412694.5176267624
4690,HGS-TV,380193.0,412754.5606100559
4691,HGS-TV,380193.0,412814.5913863182
4692,HGS-TV,380193.0,412874.610255003
4693,HGS-TV,380193.0,412934.6671462059
4694,HGS-TV,380193.0,413000.78215527534
4695,HGS-TV,380193.0,413073.5987663269
4696,HGS-TV,380193.0,413222.1514146328
4697,HGS-TV,380193.0,413307.01996541023
4698,ails2_etaMax1.000_stoppingTime1728000.00,380831.0,413337.1580649414
4699,HGS-TV,380193.0,413367.0727622509
4700,ails2_etaMax1.000_stoppingTime1728000.00,380771.0,413337.2340649414
4701,HGS-TV,380193.0,413427.0776824951
4702,HGS-TV,380193.0,413668.86305451393
4703,HGS-TV,380193.0,413759.7550985813
4704,HGS-TV,380193.0,413846.3596124649
4705,HGS-TV,380193.0,413921.12899184227
4706,HGS-TV,380193.0,413981.17161512375
4707,HGS-TV,380193.0,414145.53576517105
4708,HGS-TV,380193.0,414205.5518000126
4709,HGS-TV,380193.0,414265.59451150894
4710,HGS-TV,380193.0,414325.71614694595
4711,HGS-TV,380193.0,414404.2480483055
4712,HGS-TV,380193.0,414495.6646950245
4713,HGS-TV,380193.0,414555.78211045265
4714,HGS-TV,380193.0,414615.80438399315
4715,HGS-TV,380193.0,414716.9811015129
4716,HGS-TV,380193.0,414777.0575635433
4717,HGS-TV,380193.0,414837.1552746296
4718,HGS-TV,380193.0,414943.46786522865
4719,HGS-TV,380193.0,415003.47875499725
4720,HGS-TV,380193.0,415338.832267046
4721,HGS-TV,380193.0,415491.60324573517
4722,HGS-TV,380193.0,415556.74431943893
4723,HGS-TV,380193.0,415616.7932186127
4724,HGS-TV,380193.0,415739.9937479496
4725,HGS-TV,380193.0,415800.9402282238
4726,HGS-TV,380193.0,415907.18314242363
4727,HGS-TV,380193.0,416148.8026173115
4728,HGS-TV,380193.0,416208.88956165314
4729,HGS-TV,380193.0,416268.95610928535
4730,HGS-TV,380193.0,416787.92728185654
4731,HGS-TV,380193.0,416847.9545748234
4732,HGS-TV,380193.0,417033.9452674389
4733,HGS-TV,380193.0,417093.9712340832
4734,HGS-TV,380193.0,417154.0017738342
4735,HGS-TV,380193.0,417214.04933166504
4736,HGS-TV,380193.0,417274.0674574375
4737,HGS-TV,380193.0,417334.12776470184
4738,HGS-TV,380193.0,417394.14554166794
4739,HGS-TV,380193.0,417454.16270923615
4740,HGS-TV,380193.0,417514.18810391426
4741,HGS-TV,380193.0,417574.1893465519
4742,HGS-TV,380193.0,417634.2191462517
4743,HGS-TV,380193.0,417724.85354709625
4744,HGS-TV,380193.0,417784.9709312916
4745,HGS-TV,380193.0,418002.69803094864
4746,HGS-TV,380193.0,418073.03146505356
4747,HGS-TV,380193.0,418133.03547787666
4748,HGS-TV,380193.0,418193.0950422287
4749,HGS-TV,380193.0,418253.1553750038
4750,HGS-TV,380193.0,418314.9803214073
4751,HGS-TV,380193.0,418875.8496415615
4752,HGS-TV,380193.0,419017.3456733227
4753,HGS-TV,380193.0,419077.3634388447
4754,HGS-TV,380193.0,419137.37966609
4755,HGS-TV,380193.0,419197.4478471279
4756,HGS-TV,380193.0,419293.37622332573
4757,HGS-TV,380193.0,419353.4047880173
4758,HGS-TV,380193.0,419413.4786758423
4759,HGS-TV,380193.0,419507.0688238144
4760,HGS-TV,380193.0,419580.8283114433
4761,HGS-TV,380193.0,419640.84222221375
4762,HGS-TV,380193.0,419726.6126616001
4763,HGS-TV,380193.0,419786.65187358856
4764,HGS-TV,380193.0,419846.6522347927
4765,HGS-TV,380193.0,419906.720949173
4766,HGS-TV,380193.0,419966.79456329346
4767,HGS-TV,380193.0,420026.84972143173
4768,HGS-TV,380193.0,420086.8852407932
4769,HGS-TV,380193.0,420146.9633848667
4770,ails2_etaMax1.000_stoppingTime864000.00,380419.0,420273.7270649414
4771,HGS-TV,380193.0,420285.408908844
4772,ails2_etaMax1.000_stoppingTime864000.00,380417.0,420273.7500649414
4773,HGS-TV,380193.0,420345.46843004227
4774,HGS-TV,380193.0,420405.480009079
4775,HGS-TV,380193.0,420465.55874180794
4776,HGS-TV,380193.0,420525.588542223
4777,HGS-TV,380193.0,420585.6335735321
4778,HGS-TV,380193.0,420645.6745250225
4779,HGS-TV,380193.0,420705.7051177025
4780,HGS-TV,380193.0,420872.4268784523
4781,HGS-TV,380193.0,421470.18637895584
4782,HGS-TV,380193.0,421703.8472189903
4783,HGS-TV,380193.0,421854.19503998756
4784,HGS-TV,380193.0,421961.5556535721
4785,HGS-TV,380193.0,422062.46672225
4786,HGS-TV,380193.0,422826.8758895397
4787,ails2_etaMax1.000_stoppingTime1728000.00,380767.0,423384.3530649414
4788,ails2_etaMax1.000_stoppingTime1728000.00,380702.0,423384.4120649414
4789,HGS-TV,380193.0,423548.86051392555
4790,HGS-TV,380193.0,425095.5978090763
4791,HGS-TV,380193.0,425155.6085205078
4792,HGS-TV,380193.0,425215.6468896866
4793,HGS-TV,380193.0,425275.65542411804
4794,HGS-TV,380193.0,425335.7124404907
4795,HGS-TV,380193.0,425395.78726029396
4796,HGS-TV,380193.0,425455.7913701534
4797,HGS-TV,380193.0,425515.8368089199
4798,HGS-TV,380193.0,425575.89078450203
4799,HGS-TV,380193.0,425635.92089796066
4800,HGS-TV,380193.0,425695.9844303131
4801,HGS-TV,380193.0,425756.02422499657
4802,HGS-TV,380193.0,425816.10135889053
4803,HGS-TV,380193.0,425876.1519789696
4804,HGS-TV,380193.0,425936.18248701096
4805,ails2_etaMax1.000_stoppingTime864000.00,380416.0,425947.9190649414
4806,HGS-TV,380193.0,425996.2504951954
4807,ails2_etaMax1.000_stoppingTime864000.00,380411.0,425948.0760649414
4808,HGS-TV,380193.0,426060.82798314095
4809,HGS-TV,380193.0,426120.8881509304
4810,HGS-TV,380193.0,426180.93117809296
4811,HGS-TV,380193.0,426241.0112044811
4812,HGS-TV,380193.0,426301.0155057907
4813,HGS-TV,380193.0,426369.6848783493
4814,HGS-TV,380193.0,426429.74466586113
4815,HGS-TV,380193.0,426489.7541437149
4816,HGS-TV,380193.0,426549.8103415966
4817,HGS-TV,380193.0,426609.87201976776
4818,HGS-TV,380193.0,426669.943087101
4819,HGS-TV,380193.0,426729.95262646675
4820,HGS-TV,380193.0,426797.7624294758
4821,HGS-TV,380193.0,426857.8082816601
4822,HGS-TV,380193.0,426917.81769251823
4823,HGS-TV,380193.0,426977.8359377384
4824,HGS-TV,380193.0,427037.8743071556
4825,HGS-TV,380193.0,427097.92461562157
4826,HGS-TV,380193.0,427157.94558525085
4827,HGS-TV,380193.0,427217.96332859993
4828,HGS-TV,380193.0,427278.0593457222
4829,HGS-TV,380193.0,427338.1524553299
4830,HGS-TV,380193.0,427398.199103117
4831,HGS-TV,380193.0,427458.2783474922
4832,HGS-TV,380193.0,427518.32371115685
4833,HGS-TV,380193.0,427578.3538053036
4834,HGS-TV,380193.0,427638.4418268204
4835,HGS-TV,380193.0,427698.4483194351
4836,HGS-TV,380193.0,427758.51438450813
4837,HGS-TV,380193.0,427818.52580451965
4838,HGS-TV,380193.0,427878.591114521
4839,HGS-TV,380193.0,427938.60233306885
4840,HGS-TV,380193.0,427998.62468123436
4841,HGS-TV,380193.0,428058.7482306957
4842,HGS-TV,380193.0,428118.85792446136
4843,HGS-TV,380193.0,428178.89615249634
4844,HGS-TV,380193.0,428238.92031002045
4845,HGS-TV,380193.0,428298.9937326908
4846,HGS-TV,380193.0,428359.05981588364
4847,HGS-TV,380193.0,428419.1099140644
4848,HGS-TV,380193.0,428479.1443834305
4849,HGS-TV,380193.0,428539.15954375267
4850,HGS-TV,380193.0,428599.17060518265
4851,HGS-TV,380193.0,428659.2009027004
4852,HGS-TV,380193.0,428719.2196161747
4853,HGS-TV,380193.0,428779.2244529724
4854,HGS-TV,380193.0,428839.25968408585
4855,HGS-TV,380193.0,428899.3181345463
4856,HGS-TV,380193.0,428959.3794310093
4857,HGS-TV,380193.0,429061.6415655613
4858,HGS-TV,380193.0,429137.0707371235
4859,HGS-TV,380193.0,429197.1171717644
4860,HGS-TV,380193.0,429305.3695869446
4861,HGS-TV,380193.0,429388.40781617165
4862,HGS-TV,380193.0,429448.43091773987
4863,HGS-TV,380193.0,429508.43372535706
4864,HGS-TV,380193.0,429568.4769768715
4865,HGS-TV,380193.0,429628.546970129
4866,HGS-TV,380193.0,429688.60796380043
4867,HGS-TV,380193.0,429748.6304728985
4868,HGS-TV,380193.0,429843.286100626
4869,HGS-TV,380193.0,429903.30803632736
4870,HGS-TV,380193.0,429992.094506979
4871,HGS-TV,380193.0,430052.1366918087
4872,HGS-TV,380193.0,430112.1798057556
4873,HGS-TV,380193.0,430262.89203977585
4874,HGS-TV,380193.0,430436.51843333244
4875,HGS-TV,380193.0,430597.17138671875
4876,HGS-TV,380193.0,430657.23670744896
4877,HGS-TV,380193.0,430743.741733551
4878,HGS-TV,380193.0,430803.75693535805
4879,HGS-TV,380193.0,430880.9531159401
4880,HGS-TV,380193.0,430941.0288901329
4881,HGS-TV,380193.0,431001.1169464588
4882,HGS-TV,380193.0,431229.350730896
4883,HGS-TV,380193.0,431494.1629974842
4884,HGS-TV,380193.0,431554.1973128319
4885,HGS-TV,380193.0,431614.255869627
4886,HGS-TV,380193.0,431674.28631830215
4887,HGS-TV,380193.0,431782.6832973957
4888,HGS-TV,380193.0,431983.2106368542
4889,HGS-TV,380193.0,432102.9760401249
4890,HGS-TV,380193.0,432276.5768620968
4891,HGS-TV,380193.0,432336.65984487534
4892,HGS-TV,380193.0,432422.67181682587
4893,HGS-TV,380193.0,432519.40508389473
4894,HGS-TV,380193.0,432631.85608386993
4895,HGS-TV,380193.0,432691.8721282482
4896,HGS-TV,380193.0,432760.6337723732
4897,HGS-TV,380193.0,432820.65760040283
4898,HGS-TV,380193.0,432934.86004781723
4899,HGS-TV,380193.0,433201.16947984695
4900,HGS-TV,380193.0,433266.79401421547
4901,HGS-TV,380193.0,433326.81144046783
4902,HGS-TV,380193.0,433386.81176280975
4903,HGS-TV,380193.0,433446.8130147457
4904,HGS-TV,380193.0,433506.83525419235
4905,HGS-TV,380193.0,433566.8855149746
4906,HGS-TV,380193.0,433626.96244621277
4907,HGS-TV,380193.0,433687.0291721821
4908,HGS-TV,380193.0,433747.04896354675
4909,HGS-TV,380193.0,433864.6419465542
4910,HGS-TV,380193.0,433924.69783210754
4911,HGS-TV,380193.0,433984.74688506126
4912,HGS-TV,380193.0,434044.7910923958
4913,HGS-TV,380193.0,434104.84056830406
4914,HGS-TV,380193.0,434164.92714881897
4915,HGS-TV,380193.0,434224.9407007694
4916,HGS-TV,380193.0,434284.96290540695
4917,HGS-TV,380193.0,434386.7294576168
4918,HGS-TV,380193.0,434489.1912872791
4919,HGS-TV,380193.0,434549.2458808422
4920,HGS-TV,380193.0,434609.30735850334
4921,HGS-TV,380193.0,434869.6783373356
4922,HGS-TV,380193.0,434929.7397723198
4923,HGS-TV,380193.0,434992.2580769062
4924,HGS-TV,380193.0,435154.88561987877
4925,HGS-TV,380193.0,435510.835906744
4926,HGS-TV,380193.0,435592.6264638901
4927,HGS-TV,380193.0,435695.9439983368
4928,HGS-TV,380193.0,435961.39781951904
4929,HGS-TV,380193.0,436021.4746067524
4930,HGS-TV,380193.0,436161.71363067627
4931,HGS-TV,380193.0,436221.7568581104
4932,HGS-TV,380193.0,436481.7749385834
4933,ails2_etaMax1.000_stoppingTime864000.00,380404.0,436541.6410649414
4934,HGS-TV,380193.0,436541.7969548702
4935,HGS-TV,380193.0,436624.51393556595
4936,HGS-TV,380193.0,436973.58802366257
4937,HGS-TV,380193.0,437132.3757805824
4938,HGS-TV,380193.0,437192.38947606087
4939,HGS-TV,380193.0,437335.0679388046
4940,HGS-TV,380193.0,437395.0901763439
4941,HGS-TV,380193.0,437467.99074602127
4942,HGS-TV,380193.0,437528.080024004
4943,HGS-TV,380193.0,437656.9200055599
4944,HGS-TV,380193.0,437716.97719311714
4945,HGS-TV,380193.0,437777.01395726204
4946,HGS-TV,380193.0,437972.16202139854
4947,HGS-TV,380193.0,438447.50714826584
4948,ails2_etaMax1.000_stoppingTime864000.00,380402.0,438546.4850649414
4949,ails2_etaMax1.000_stoppingTime864000.00,380381.0,438572.11806494143
4950,HGS-TV,380193.0,438718.0016069412
4951,HGS-TV,380193.0,439420.5690231323
4952,HGS-TV,380193.0,439745.2260837555
4953,HGS-TV,380193.0,439838.6777100563
4954,HGS-TV,380193.0,439989.3701736927
4955,HGS-TV,380193.0,440087.2010874748
4956,HGS-TV,380193.0,440188.83834052086
4957,HGS-TV,380193.0,440283.6168398857
4958,HGS-TV,380193.0,440356.0608077049
4959,HGS-TV,380193.0,440563.75462031364
4960,HGS-TV,380193.0,440635.47178936005
4961,HGS-TV,380193.0,440706.6194808483
4962,HGS-TV,380193.0,440780.702845335
4963,HGS-TV,380193.0,440988.1847064495
4964,HGS-TV,380193.0,441275.4721198082
4965,HGS-TV,380193.0,441537.41517567635
4966,HGS-TV,380193.0,441624.5806069374
4967,HGS-TV,380193.0,441763.9410440922
4968,HGS-TV,380193.0,441999.4387369156
4969,HGS-TV,380193.0,442071.74832987785
4970,HGS-TV,380193.0,442361.7082359791
4971,HGS-TV,380193.0,442673.05117964745
4972,HGS-TV,380193.0,442733.1185438633
4973,HGS-TV,380193.0,442936.2746536732
4974,HGS-TV,380193.0,443011.0259170532
4975,HGS-TV,380193.0,443080.8059632778
4976,HGS-TV,380193.0,443185.5528008938
4977,HGS-TV,380193.0,443267.58045363426
4978,HGS-TV,380193.0,443327.5927333832
4979,HGS-TV,380193.0,443558.7952723503
4980,HGS-TV,380193.0,443618.87521862984
4981,HGS-TV,380193.0,443678.89296388626
4982,HGS-TV,380193.0,443989.39929819107
4983,HGS-TV,380193.0,444217.9974601269
4984,HGS-TV,380193.0,444278.010068655
4985,HGS-TV,380193.0,444338.03632736206
4986,HGS-TV,380193.0,444398.0997560024
4987,HGS-TV,380193.0,444593.5099105835
4988,HGS-TV,380193.0,444786.87286376953
4989,HGS-TV,380193.0,444846.940666914
4990,HGS-TV,380193.0,444906.98722052574
4991,HGS-TV,380193.0,444967.04223799706
4992,HGS-TV,380193.0,445027.0618560314
4993,HGS-TV,380193.0,445087.09827399254
4994,HGS-TV,380193.0,445147.1442182064
4995,HGS-TV,380193.0,445207.187923193
4996,HGS-TV,380193.0,445267.27139639854
4997,HGS-TV,380193.0,445327.32011294365
4998,HGS-TV,380193.0,445387.33289813995
4999,HGS-TV,380193.0,445447.37330794334
5000,HGS-TV,380193.0,445507.4040184021
5001,HGS-TV,380193.0,445567.43954896927
5002,HGS-TV,380193.0,445627.48833847046
5003,HGS-TV,380193.0,445687.52401161194
5004,HGS-TV,380193.0,445747.52921295166
5005,HGS-TV,380193.0,445807.54534482956
5006,HGS-TV,380193.0,445925.7665858269
5007,HGS-TV,380193.0,446007.34097361565
5008,HGS-TV,380193.0,446099.23743391037
5009,HGS-TV,380193.0,446162.646320343
5010,HGS-TV,380193.0,446259.45220804214
5011,HGS-TV,380193.0,446477.9500155449
5012,HGS-TV,380193.0,446707.6355288029
5013,HGS-TV,380193.0,446958.97292900085
5014,HGS-TV,380193.0,448341.0146121979
5015,HGS-TV,380193.0,448994.2405619621
5016,HGS-TV,380193.0,450263.020260334
5017,HGS-TV,380193.0,450473.055069685
5018,HGS-TV,380193.0,450986.3246588707
5019,HGS-TV,380193.0,452635.4393796921
5020,HGS-TV,380193.0,452695.45031762123
5021,HGS-TV,380193.0,452755.5235569477
5022,HGS-TV,380193.0,452815.56654787064
5023,HGS-TV,380193.0,452875.5900197029
5024,HGS-TV,380193.0,452935.6222445965
5025,HGS-TV,380193.0,452995.6520843506
5026,HGS-TV,380193.0,453055.73373150826
5027,HGS-TV,380193.0,453115.79707193375
5028,HGS-TV,380193.0,453175.8403735161
5029,HGS-TV,380193.0,453235.86126708984
5030,HGS-TV,380193.0,453295.8913195133
5031,HGS-TV,380193.0,453355.9377274513
5032,HGS-TV,380193.0,453415.99208307266
5033,HGS-TV,380193.0,453476.0114746094
5034,HGS-TV,380193.0,453536.0299963951
5035,HGS-TV,380193.0,453596.09012913704
5036,HGS-TV,380193.0,453656.123370409
5037,HGS-TV,380193.0,453716.2242910862
5038,HGS-TV,380193.0,453776.25690460205
5039,HGS-TV,380193.0,453836.29735803604
5040,HGS-TV,380193.0,453896.3759946823
5041,HGS-TV,380193.0,453956.43686175346
5042,HGS-TV,380193.0,454016.52195334435
5043,HGS-TV,380193.0,454076.54584026337
5044,HGS-TV,380193.0,454136.5697174072
5045,HGS-TV,380193.0,454196.67689037323
5046,HGS-TV,380193.0,454256.75351023674
5047,HGS-TV,380193.0,454316.79205322266
5048,HGS-TV,380193.0,454376.8527979851
5049,HGS-TV,380193.0,454436.87064146996
5050,HGS-TV,380193.0,454496.8980190754
5051,HGS-TV,380193.0,454556.9326696396
5052,HGS-TV,380193.0,454616.97969198227
5053,HGS-TV,380193.0,454677.0116817951
5054,HGS-TV,380193.0,454737.0655760765
5055,HGS-TV,380193.0,454797.0937476158
5056,HGS-TV,380193.0,454857.1530139446
5057,HGS-TV,380193.0,454917.1959528923
5058,HGS-TV,380193.0,454977.23203253746
5059,HGS-TV,380193.0,455037.2330737114
5060,HGS-TV,380193.0,455097.25099492073
5061,HGS-TV,380193.0,455157.28811216354
5062,HGS-TV,380193.0,455217.3623883724
5063,HGS-TV,380193.0,455277.4191560745
5064,HGS-TV,380193.0,455337.45300388336
5065,HGS-TV,380193.0,455397.53152012825
5066,HGS-TV,380193.0,455457.57294750214
5067,HGS-TV,380193.0,455517.6091761589
5068,HGS-TV,380193.0,455577.7219836712
5069,HGS-TV,380193.0,455670.9235904217
5070,HGS-TV,380193.0,455730.9535098076
5071,HGS-TV,380193.0,455791.0265176296
5072,HGS-TV,380193.0,455851.15122938156
5073,HGS-TV,380193.0,455982.04018068314
5074,HGS-TV,380193.0,456042.0614898205
5075,HGS-TV,380193.0,456102.1015982628
5076,HGS-TV,380193.0,456333.9984779358
5077,HGS-TV,380193.0,456394.05230784416
5078,HGS-TV,380193.0,456454.07637405396
5079,HGS-TV,380193.0,456550.3071269989
5080,HGS-TV,380193.0,456610.33935141563
5081,HGS-TV,380193.0,456670.377569437
5082,HGS-TV,380193.0,456730.4472005367
5083,HGS-TV,380193.0,456790.4539654255
5084,HGS-TV,380193.0,456850.51661992073
5085,HGS-TV,380193.0,456910.57352137566
5086,HGS-TV,380193.0,456970.57582068443
5087,HGS-TV,380193.0,457030.5911850929
5088,HGS-TV,380193.0,457090.637506485
5089,HGS-TV,380193.0,457150.6931695938
5090,HGS-TV,380193.0,457210.7009294033
5091,HGS-TV,380193.0,457270.7034370899
5092,HGS-TV,380193.0,457362.84576272964
5093,HGS-TV,380193.0,457422.8743233681
5094,HGS-TV,380193.0,457482.937779665
5095,HGS-TV,380193.0,457559.36665534973
5096,HGS-TV,380193.0,457619.38380622864
5097,HGS-TV,380193.0,457689.6669847965
5098,HGS-TV,380193.0,457749.6820616722
5099,HGS-TV,380193.0,457809.70414328575
5100,HGS-TV,380193.0,457869.7271847725
5101,HGS-TV,380193.0,457929.8031241894
5102,HGS-TV,380193.0,458007.8578338623
5103,HGS-TV,380193.0,458067.87659692764
5104,HGS-TV,380193.0,458127.93781352043
5105,HGS-TV,380193.0,458187.9540948868
5106,HGS-TV,380193.0,458247.96633529663
5107,ails2_etaMax1.000_stoppingTime1728000.00,380691.0,458264.30806494143
5108,HGS-TV,380193.0,458308.02372694016
5109,ails2_etaMax1.000_stoppingTime1728000.00,380690.0,458264.3420649414
5110,HGS-TV,380193.0,458368.07731699944
5111,HGS-TV,380193.0,458533.486897707
5112,HGS-TV,380193.0,458593.50198078156
5113,HGS-TV,380193.0,458653.554554224
5114,HGS-TV,380193.0,458723.5210926533
5115,HGS-TV,380193.0,458795.7869820595
5116,HGS-TV,380193.0,458894.43149375916
5117,HGS-TV,380193.0,458954.50058603287
5118,HGS-TV,380193.0,459102.906008482
5119,HGS-TV,380193.0,459182.42392754555
5120,HGS-TV,380193.0,459283.9888572693
5121,HGS-TV,380193.0,459656.33967614174
5122,HGS-TV,380193.0,459722.4069964886
5123,HGS-TV,380193.0,459782.45840764046
5124,HGS-TV,380193.0,459842.52586460114
5125,ails2_etaMax1.000_stoppingTime864000.00,380379.0,459966.2670649414
5126,ails2_etaMax1.000_stoppingTime864000.00,380375.0,459966.29206494143
5127,HGS-TV,380193.0,460303.83982396126
5128,HGS-TV,380193.0,460461.439242363
5129,HGS-TV,380193.0,460544.8551299572
5130,HGS-TV,380193.0,460691.28960466385
5131,HGS-TV,380193.0,460751.31409454346
5132,HGS-TV,380193.0,460899.191855669
5133,ails2_etaMax1.000_stoppingTime1728000.00,380688.0,461181.1850649414
5134,HGS-TV,380193.0,461680.9176864624
5135,HGS-TV,380193.0,461740.95878624916
5136,HGS-TV,380193.0,461945.20787239075
5137,HGS-TV,380193.0,462005.28477048874
5138,HGS-TV,380193.0,462067.07315063477
5139,HGS-TV,380193.0,462174.54707551
5140,HGS-TV,380193.0,462594.1987335682
5141,HGS-TV,380193.0,462654.29252552986
5142,HGS-TV,380193.0,462714.3660478592
5143,HGS-TV,380193.0,462774.376598835
5144,HGS-TV,380193.0,462834.3951253891
5145,HGS-TV,380193.0,462894.4625740051
5146,HGS-TV,380193.0,462954.5551958084
5147,HGS-TV,380193.0,463091.5586643219
5148,HGS-TV,380193.0,463151.5850543976
5149,HGS-TV,380193.0,463211.58648204803
5150,HGS-TV,380193.0,463271.6486079693
5151,HGS-TV,380193.0,463373.48991942406
5152,HGS-TV,380193.0,463795.24557709694
5153,HGS-TV,380193.0,464432.0712430477
5154,HGS-TV,380193.0,465432.11825823784
5155,HGS-TV,380193.0,465703.15631866455
5156,HGS-TV,380193.0,465763.1813650131
5157,HGS-TV,380193.0,465835.48616456985
5158,HGS-TV,380193.0,465895.53310132027
5159,HGS-TV,380193.0,465955.5642631054
5160,HGS-TV,380193.0,466015.6172990799
5161,HGS-TV,380193.0,466075.6507911682
5162,HGS-TV,380193.0,466135.66955542564
5163,HGS-TV,380193.0,466195.7878100872
5164,HGS-TV,380193.0,466255.82495856285
5165,HGS-TV,380193.0,466315.9271607399
5166,HGS-TV,380193.0,466375.93074035645
5167,HGS-TV,380193.0,466495.1873834133
5168,HGS-TV,380193.0,466636.13602137566
5169,HGS-TV,380193.0,466784.9448568821
5170,HGS-TV,380193.0,466855.1251139641
5171,HGS-TV,380193.0,466915.15511775017
5172,HGS-TV,380193.0,467311.7030880451
5173,HGS-TV,380193.0,467371.73569488525
5174,HGS-TV,380193.0,467431.8726518154
5175,HGS-TV,380193.0,467750.38093066216
5176,HGS-TV,380193.0,467905.46025800705
5177,HGS-TV,380193.0,467965.51381874084
5178,HGS-TV,380193.0,468085.1321015358
5179,HGS-TV,380193.0,468443.92547535896
5180,HGS-TV,380193.0,468732.0562698841
5181,HGS-TV,380193.0,469193.7467689514
5182,HGS-TV,380193.0,469268.5665631294
5183,ails2_etaMax1.000_stoppingTime864000.00,380373.0,470083.8540649414
5184,HGS-TV,380193.0,470125.9003255367
5185,ails2_etaMax1.000_stoppingTime864000.00,380372.0,470083.87906494143
5186,HGS-TV,380193.0,471701.3425524235
5187,HGS-TV,380193.0,472123.8898191452
5188,HGS-TV,380193.0,473761.60034942627
5189,HGS-TV,380193.0,473821.68733501434
5190,HGS-TV,380193.0,473881.6990799904
5191,HGS-TV,380193.0,473941.7131202221
5192,HGS-TV,380193.0,474001.71675777435
5193,HGS-TV,380193.0,474061.7467494011
5194,HGS-TV,380193.0,474121.7762186527
5195,HGS-TV,380193.0,474181.79129576683
5196,HGS-TV,380193.0,474241.8470952511
5197,HGS-TV,380193.0,474301.87059116364
5198,HGS-TV,380193.0,474361.921697855
5199,HGS-TV,380193.0,474421.9562301636
5200,HGS-TV,380193.0,474481.9990682602
5201,HGS-TV,380193.0,474542.0140182972
5202,HGS-TV,380193.0,474602.04468774796
5203,HGS-TV,380193.0,474662.1451895237
5204,HGS-TV,380193.0,474722.15171194077
5205,HGS-TV,380193.0,474782.1980240345
5206,HGS-TV,380193.0,474842.27751255035
5207,HGS-TV,380193.0,474902.38508820534
5208,HGS-TV,380193.0,474962.4166481495
5209,HGS-TV,380193.0,475022.5312204361
5210,HGS-TV,380193.0,475082.54372406006
5211,ails2_etaMax1.000_stoppingTime864000.00,380367.0,475094.1470649414
5212,HGS-TV,380193.0,475142.54455041885
5213,ails2_etaMax1.000_stoppingTime864000.00,380350.0,475100.7980649414
5214,HGS-TV,380193.0,475202.59762978554
5215,HGS-TV,380193.0,475262.6776893139
5216,HGS-TV,380193.0,475322.6839585304
5217,HGS-TV,380193.0,475382.7442331314
5218,HGS-TV,380193.0,475442.8411824703
5219,HGS-TV,380193.0,475502.8847975731
5220,HGS-TV,380193.0,475562.93410754204
5221,HGS-TV,380193.0,475622.9771871567
5222,HGS-TV,380193.0,475682.98296546936
5223,HGS-TV,380193.0,475742.9927353859
5224,HGS-TV,380193.0,475803.03172302246
5225,HGS-TV,380193.0,475863.0711944103
5226,HGS-TV,380193.0,475923.1961171627
5227,HGS-TV,380193.0,475983.2755460739
5228,HGS-TV,380193.0,476043.33644557
5229,HGS-TV,380193.0,476103.38999319077
5230,HGS-TV,380193.0,476163.3926472664
5231,HGS-TV,380193.0,476223.4283723831
5232,HGS-TV,380193.0,476283.46803212166
5233,HGS-TV,380193.0,476343.50868940353
5234,HGS-TV,380193.0,476403.6299827099
5235,HGS-TV,380193.0,476463.68139624596
5236,HGS-TV,380193.0,476523.68247389793
5237,HGS-TV,380193.0,476583.70731163025
5238,HGS-TV,380193.0,476643.74282336235
5239,HGS-TV,380193.0,476741.1339035034
5240,HGS-TV,380193.0,476833.4179828167
5241,HGS-TV,380193.0,476893.49451971054
5242,HGS-TV,380193.0,477016.7812130451
5243,HGS-TV,380193.0,477076.82328128815
5244,HGS-TV,380193.0,477136.86057567596
5245,HGS-TV,380193.0,477196.94450974464
5246,HGS-TV,380193.0,477356.8929474354
5247,HGS-TV,380193.0,477416.9116706848
5248,HGS-TV,380193.0,477648.3767988682
5249,ails2_etaMax1.000_stoppingTime1728000.00,380679.0,477672.0560649414
5250,HGS-TV,380193.0,477708.3989956379
5251,ails2_etaMax1.000_stoppingTime1728000.00,380660.0,477672.1460649414
5252,HGS-TV,380193.0,477768.4181447029
5253,HGS-TV,380193.0,477828.52040433884
5254,HGS-TV,380193.0,477888.5641505718
5255,HGS-TV,380193.0,477948.6303792
5256,HGS-TV,380193.0,478008.64968419075
5257,HGS-TV,380193.0,478068.6824910641
5258,HGS-TV,380193.0,478128.6862440109
5259,HGS-TV,380193.0,478188.70875120163
5260,HGS-TV,380193.0,478248.75798654556
5261,HGS-TV,380193.0,478308.79351615906
5262,HGS-TV,380193.0,478368.8141579628
5263,HGS-TV,380193.0,478428.859402895
5264,HGS-TV,380193.0,478533.46486353874
5265,HGS-TV,380193.0,478593.4735236168
5266,HGS-TV,380193.0,478653.5262916088
5267,HGS-TV,380193.0,478713.60604691505
5268,HGS-TV,380193.0,478806.7596435547
5269,HGS-TV,380193.0,479037.17157030106
5270,HGS-TV,380193.0,479169.90693831444
5271,HGS-TV,380193.0,479229.97575592995
5272,HGS-TV,380193.0,479326.8905746937
5273,HGS-TV,380193.0,479386.9644844532
5274,HGS-TV,380193.0,479446.990023613
5275,HGS-TV,380193.0,479507.02277612686
5276,HGS-TV,380193.0,479567.0377776623
5277,HGS-TV,380193.0,479627.0466299057
5278,HGS-TV,380193.0,479689.4843940735
5279,HGS-TV,380193.0,479749.50508594513
5280,HGS-TV,380193.0,479809.5161616802
5281,HGS-TV,380193.0,479869.5903997421
5282,HGS-TV,380193.0,479929.70057582855
5283,HGS-TV,380193.0,479989.7559065819
5284,HGS-TV,380193.0,480051.4669177532
5285,HGS-TV,380193.0,480186.56052708626
5286,HGS-TV,380193.0,480246.6242594719
5287,HGS-TV,380193.0,480308.3931558132
5288,HGS-TV,380193.0,480556.14677500725
5289,HGS-TV,380193.0,480616.31929421425
5290,HGS-TV,380193.0,480676.35972976685
5291,HGS-TV,380193.0,480752.4187965393
5292,HGS-TV,380193.0,480812.4300673008
5293,HGS-TV,380193.0,480875.1072821617
5294,HGS-TV,380193.0,480935.16373348236
5295,HGS-TV,380193.0,480995.16493725777
5296,HGS-TV,380193.0,481055.20015740395
5297,HGS-TV,380193.0,481115.2617313862
5298,HGS-TV,380193.0,481175.84277296066
5299,HGS-TV,380193.0,481235.8565940857
5300,HGS-TV,380193.0,481366.7687675953
5301,HGS-TV,380193.0,481493.9568448067
5302,HGS-TV,380193.0,481579.393992424
5303,HGS-TV,380193.0,481693.47125148773
5304,HGS-TV,380193.0,481753.5172331333
5305,HGS-TV,380193.0,481813.524235487
5306,HGS-TV,380193.0,481886.79043602943
5307,HGS-TV,380193.0,481946.81552267075
5308,HGS-TV,380193.0,482006.8163332939
5309,HGS-TV,380193.0,482083.97532486916
5310,HGS-TV,380193.0,482144.01500463486
5311,HGS-TV,380193.0,482346.3211324215
5312,HGS-TV,380193.0,482406.325111866
5313,HGS-TV,380193.0,482466.331772089
5314,HGS-TV,380193.0,482574.07399845123
5315,HGS-TV,380193.0,482788.6787071228
5316,HGS-TV,380193.0,482984.09925174713
5317,HGS-TV,380193.0,483044.18091630936
5318,HGS-TV,380193.0,483301.71049690247
5319,HGS-TV,380193.0,483958.5008766651
5320,HGS-TV,380193.0,484034.74482512474
5321,HGS-TV,380193.0,484094.7621655464
5322,HGS-TV,380193.0,484154.78351926804
5323,HGS-TV,380193.0,484214.7882390022
5324,HGS-TV,380193.0,484274.8322634697
5325,HGS-TV,380193.0,484345.24235129356
5326,HGS-TV,380193.0,484405.2668220997
5327,HGS-TV,380193.0,484465.38147974014
5328,HGS-TV,380193.0,484525.4251432419
5329,HGS-TV,380193.0,484749.0113956928
5330,HGS-TV,380193.0,484809.06630182266
5331,HGS-TV,380193.0,484912.21417832375
5332,HGS-TV,380193.0,485068.2011182308
5333,HGS-TV,380193.0,485145.6161777973
5334,HGS-TV,380193.0,485210.36371827126
5335,HGS-TV,380193.0,485447.1558749676
5336,HGS-TV,380193.0,485515.5518386364
5337,HGS-TV,380193.0,485800.04510092735
5338,HGS-TV,380193.0,486091.6897187233
5339,HGS-TV,380193.0,486250.66591382027
5340,HGS-TV,380193.0,486310.70125055313
5341,HGS-TV,380193.0,486464.2038998604
5342,HGS-TV,380193.0,486817.0545425415
5343,HGS-TV,380193.0,487912.48798799515
5344,HGS-TV,380193.0,487972.4994971752
5345,HGS-TV,380193.0,488113.3016972542
5346,HGS-TV,380193.0,488173.3473894596
5347,HGS-TV,380193.0,488267.5598678589
5348,HGS-TV,380193.0,488471.9112279415
5349,HGS-TV,380193.0,488548.0098018646
5350,HGS-TV,380193.0,488768.7609696388
5351,HGS-TV,380193.0,489183.0759561062
5352,HGS-TV,380193.0,489712.83747410774
5353,HGS-TV,380193.0,489930.1996002197
5354,HGS-TV,380193.0,490116.0703828335
5355,ails2_etaMax1.000_stoppingTime1728000.00,380645.0,490554.1400649414
5356,ails2_etaMax1.000_stoppingTime1728000.00,380572.0,490554.1860649414
5357,HGS-TV,380193.0,490623.608843565
5358,HGS-TV,380193.0,490683.6692340374
5359,HGS-TV,380193.0,490746.27624440193
5360,HGS-TV,380193.0,490806.3385939598
5361,HGS-TV,380193.0,490866.37470936775
5362,HGS-TV,380193.0,490926.4374778271
5363,HGS-TV,380193.0,490986.4407453537
5364,HGS-TV,380193.0,491046.49211001396
5365,HGS-TV,380193.0,491110.15192079544
5366,HGS-TV,380193.0,491296.8581469059
5367,HGS-TV,380193.0,491356.8972861767
5368,HGS-TV,380193.0,491416.9959154129
5369,HGS-TV,380193.0,491477.03436112404
5370,HGS-TV,380193.0,491656.61691856384
5371,HGS-TV,380193.0,491743.3495101929
5372,HGS-TV,380193.0,491831.5468688011
5373,HGS-TV,380193.0,491903.9871959686
5374,HGS-TV,380193.0,492084.71541810036
5375,HGS-TV,380193.0,492144.74878406525
5376,HGS-TV,380193.0,492204.82938313484
5377,HGS-TV,380193.0,492430.7913608551
5378,ails2_etaMax1.000_stoppingTime864000.00,380349.0,492663.7000649414
5379,HGS-TV,380193.0,492727.7801077366
5380,HGS-TV,380193.0,492832.26301550865
5381,HGS-TV,380193.0,492892.35522961617
5382,HGS-TV,380193.0,492952.35786390305
5383,HGS-TV,380193.0,493097.2793660164
5384,HGS-TV,380193.0,493157.2823123932
5385,HGS-TV,380193.0,493437.8658981323
5386,HGS-TV,380193.0,493552.80653738976
5387,HGS-TV,380193.0,493721.3144419193
5388,HGS-TV,380193.0,493781.3817446232
5389,HGS-TV,380193.0,494136.27207398415
5390,HGS-TV,380193.0,494429.9871799946
5391,HGS-TV,380193.0,495587.33161330223
5392,HGS-TV,380193.0,497157.7339618206
5393,HGS-TV,380193.0,497217.7617251873
5394,HGS-TV,380193.0,497277.82880043983
5395,HGS-TV,380193.0,497337.83276581764
5396,HGS-TV,380193.0,497397.85114121437
5397,HGS-TV,380193.0,497457.85273981094
5398,HGS-TV,380193.0,497517.95928025246
5399,HGS-TV,380193.0,497578.0564391613
5400,HGS-TV,380193.0,497638.0967116356
5401,HGS-TV,380193.0,497698.1167168617
5402,HGS-TV,380193.0,497758.1444904804
5403,HGS-TV,380193.0,497818.2101793289
5404,HGS-TV,380193.0,497878.2907037735
5405,HGS-TV,380193.0,497938.29833579063
5406,HGS-TV,380193.0,497998.3646104336
5407,HGS-TV,380193.0,498058.387178421
5408,HGS-TV,380193.0,498118.4178674221
5409,HGS-TV,380193.0,498178.47651457787
5410,HGS-TV,380193.0,498238.52605223656
5411,HGS-TV,380193.0,498298.6150062084
5412,HGS-TV,380193.0,498358.63818597794
5413,HGS-TV,380193.0,498418.67731261253
5414,HGS-TV,380193.0,498478.7382557392
5415,HGS-TV,380193.0,498538.7853281498
5416,HGS-TV,380193.0,498598.7947514057
5417,HGS-TV,380193.0,498658.80616235733
5418,HGS-TV,380193.0,498718.8542456627
5419,HGS-TV,380193.0,498778.8754770756
5420,HGS-TV,380193.0,498838.8876686096
5421,HGS-TV,380193.0,498898.92513489723
5422,HGS-TV,380193.0,498958.94412994385
5423,HGS-TV,380193.0,499019.0728106499
5424,HGS-TV,380193.0,499082.28744363785
5425,HGS-TV,380193.0,499142.3813793659
5426,ails2_etaMax1.000_stoppingTime864000.00,380345.0,499185.55806494143
5427,HGS-TV,380193.0,499202.41410279274
5428,ails2_etaMax1.000_stoppingTime864000.00,380329.0,499185.9970649414
5429,HGS-TV,380193.0,499262.47940158844
5430,HGS-TV,380193.0,499328.03010082245
5431,HGS-TV,380193.0,499388.03240823746
5432,HGS-TV,380193.0,499448.06676220894
5433,HGS-TV,380193.0,499508.07099556923
5434,HGS-TV,380193.0,499568.0899422169
5435,HGS-TV,380193.0,499628.1668047905
5436,HGS-TV,380193.0,499688.23311662674
5437,HGS-TV,380193.0,499748.26900577545
5438,HGS-TV,380193.0,499808.2744617462
5439,HGS-TV,380193.0,499868.3767309189
5440,HGS-TV,380193.0,499928.3769416809
5441,HGS-TV,380193.0,499993.0087032318
5442,HGS-TV,380193.0,500053.08193182945
5443,HGS-TV,380193.0,500113.1055378914
5444,HGS-TV,380193.0,500317.30183291435
5445,HGS-TV,380193.0,500377.3696861267
5446,HGS-TV,380193.0,500437.4005098343
5447,HGS-TV,380193.0,500497.45084643364
5448,HGS-TV,380193.0,500557.53365421295
5449,HGS-TV,380193.0,500617.5733990669
5450,HGS-TV,380193.0,500677.6363556385
5451,HGS-TV,380193.0,500975.3560304642
5452,HGS-TV,380193.0,501035.3749945164
5453,HGS-TV,380193.0,501214.91256284714
5454,HGS-TV,380193.0,501318.72769880295
5455,HGS-TV,380193.0,501393.28053188324
5456,HGS-TV,380193.0,501575.8381972313
5457,HGS-TV,380193.0,501635.9100418091
5458,HGS-TV,380193.0,501695.92724585533
5459,HGS-TV,380193.0,501907.8367199898
5460,HGS-TV,380193.0,501967.8616230488
5461,HGS-TV,380193.0,502027.88920354843
5462,HGS-TV,380193.0,502096.28700208664
5463,HGS-TV,380193.0,502156.3260371685
5464,HGS-TV,380193.0,502222.74362802505
5465,HGS-TV,380193.0,502386.87477111816
5466,HGS-TV,380193.0,502446.889592886
5467,HGS-TV,380193.0,502506.99397826195
5468,HGS-TV,380193.0,502587.0880227089
5469,HGS-TV,380193.0,502824.9965457916
5470,HGS-TV,380193.0,502914.8390905857
5471,HGS-TV,380193.0,502974.8464727402
5472,HGS-TV,380193.0,503058.63342523575
5473,HGS-TV,380193.0,503118.7102046013
5474,HGS-TV,380193.0,503208.4207468033
5475,HGS-TV,380193.0,503280.2836356163
5476,ails2_etaMax1.000_stoppingTime864000.00,380325.0,503304.87906494143
5477,HGS-TV,380193.0,503340.3468608856
5478,ails2_etaMax1.000_stoppingTime864000.00,380311.0,503329.1220649414
5479,HGS-TV,380193.0,503400.3734910488
5480,HGS-TV,380193.0,503487.11537337303
5481,HGS-TV,380193.0,503637.81379675865
5482,HGS-TV,380193.0,503697.82416152954
5483,HGS-TV,380193.0,503757.9175436497
5484,HGS-TV,380193.0,503969.1387178898
5485,HGS-TV,380193.0,505163.1831481457
5486,HGS-TV,380193.0,505274.9280939102
5487,HGS-TV,380193.0,505411.2820022106
5488,HGS-TV,380193.0,505471.3321957588
5489,HGS-TV,380193.0,505531.36992144585
5490,HGS-TV,380193.0,505591.45596790314
5491,HGS-TV,380193.0,505722.9534127712
5492,HGS-TV,380193.0,505782.9939572811
5493,HGS-TV,380193.0,505843.0208275318
5494,HGS-TV,380193.0,506011.97534012794
5495,HGS-TV,380193.0,507596.7694480419
5496,HGS-TV,380193.0,507656.82434511185
5497,HGS-TV,380193.0,507716.8461472988
5498,HGS-TV,380193.0,507776.8528971672
5499,HGS-TV,380193.0,507836.8535244465
5500,HGS-TV,380193.0,507896.90118193626
5501,HGS-TV,380193.0,507956.9894897938
5502,HGS-TV,380193.0,508017.0331130028
5503,HGS-TV,380193.0,508077.11440730095
5504,HGS-TV,380193.0,508137.19318032265
5505,HGS-TV,380193.0,508197.3017373085
5506,HGS-TV,380193.0,508257.3517251015
5507,HGS-TV,380193.0,508317.4008874893
5508,HGS-TV,380193.0,508377.44419789314
5509,HGS-TV,380193.0,508437.4558119774
5510,HGS-TV,380193.0,508497.45589494705
5511,HGS-TV,380193.0,508557.538469553
5512,HGS-TV,380193.0,508617.64089131355
5513,HGS-TV,380193.0,508677.6578273773
5514,HGS-TV,380193.0,508737.7235779762
5515,HGS-TV,380193.0,508797.72813749313
5516,HGS-TV,380193.0,508857.7752728462
5517,HGS-TV,380193.0,508917.85210990906
5518,HGS-TV,380193.0,508977.8911437988
5519,HGS-TV,380193.0,509037.98093128204
5520,HGS-TV,380193.0,509097.9919731617
5521,HGS-TV,380193.0,509158.0204334259
5522,HGS-TV,380193.0,509218.0469892025
5523,HGS-TV,380193.0,509278.1001358032
5524,HGS-TV,380193.0,509338.1481027603
5525,HGS-TV,380193.0,509398.1493782997
5526,HGS-TV,380193.0,509458.2631802559
5527,HGS-TV,380193.0,509518.34500956535
5528,HGS-TV,380193.0,509578.3538532257
5529,HGS-TV,380193.0,509696.60340309143
5530,HGS-TV,380193.0,509756.6512234211
5531,HGS-TV,380193.0,509821.0350382328
5532,HGS-TV,380193.0,509898.2553408146
5533,HGS-TV,380193.0,509979.88470196724
5534,HGS-TV,380193.0,510039.9299168587
5535,HGS-TV,380193.0,510099.95168185234
5536,HGS-TV,380193.0,510160.00368118286
5537,HGS-TV,380193.0,510220.0151102543
5538,HGS-TV,380193.0,510280.02494740486
5539,HGS-TV,380193.0,510340.0252857208
5540,HGS-TV,380193.0,510412.5221426487
5541,HGS-TV,380193.0,510472.5753993988
5542,HGS-TV,380193.0,510532.6549947262
5543,HGS-TV,380193.0,510626.103685379
5544,HGS-TV,380193.0,510686.2074787617
5545,HGS-TV,380193.0,510789.4102592468
5546,HGS-TV,380193.0,510849.4630970955
5547,HGS-TV,380193.0,510909.47078704834
5548,HGS-TV,380193.0,510969.5344109535
5549,HGS-TV,380193.0,511029.54506373405
5550,HGS-TV,380193.0,511089.6236321926
5551,HGS-TV,380193.0,511149.6865346432
5552,HGS-TV,380193.0,511209.75937342644
5553,HGS-TV,380193.0,511269.80936551094
5554,HGS-TV,380193.0,511329.83795046806
5555,HGS-TV,380193.0,511389.94323444366
5556,HGS-TV,380193.0,511449.97431468964
5557,HGS-TV,380193.0,511510.0290720463
5558,HGS-TV,380193.0,511570.0922460556
5559,HGS-TV,380193.0,511630.120490551
5560,HGS-TV,380193.0,511690.163230896
5561,HGS-TV,380193.0,511750.1835992336
5562,HGS-TV,380193.0,511810.2155086994
5563,HGS-TV,380193.0,511870.2794728279
5564,HGS-TV,380193.0,511930.3438420296
5565,HGS-TV,380193.0,511990.42178988457
5566,HGS-TV,380193.0,512050.5013759136
5567,HGS-TV,380193.0,512110.59192204475
5568,HGS-TV,380193.0,512170.617675066
5569,HGS-TV,380193.0,512243.78500819206
5570,HGS-TV,380193.0,512303.82627892494
5571,HGS-TV,380193.0,512363.9207279682
5572,HGS-TV,380193.0,512423.94082832336
5573,HGS-TV,380193.0,512484.0327551365
5574,HGS-TV,380193.0,512544.1541361809
5575,HGS-TV,380193.0,512604.1959130764
5576,HGS-TV,380193.0,512664.21491217613
5577,HGS-TV,380193.0,512724.3074848652
5578,HGS-TV,380193.0,512784.3350684643
5579,HGS-TV,380193.0,512844.40838360786
5580,HGS-TV,380193.0,512998.41607427597
5581,HGS-TV,380193.0,513058.512765646
5582,HGS-TV,380193.0,513118.5611741543
5583,HGS-TV,380193.0,513292.9563498497
5584,HGS-TV,380193.0,513545.56058192253
5585,HGS-TV,380193.0,513956.8176879883
5586,HGS-TV,380193.0,514575.0226306915
5587,HGS-TV,380193.0,514809.32508921623
5588,HGS-TV,380193.0,514869.3785932064
5589,HGS-TV,380193.0,515106.6817805767
5590,HGS-TV,380193.0,515166.71556448936
5591,HGS-TV,380193.0,515226.77867794037
5592,HGS-TV,380193.0,515325.36337947845
5593,HGS-TV,380193.0,515452.11987900734
5594,HGS-TV,380193.0,515582.9082355499
5595,HGS-TV,380193.0,515859.52747416496
5596,HGS-TV,380193.0,516059.25530958176
5597,HGS-TV,380193.0,516872.8792335987
5598,HGS-TV,380193.0,517014.9306921959
5599,HGS-TV,380193.0,517276.4896183014
5600,HGS-TV,380193.0,517407.84817004204
5601,HGS-TV,380193.0,517794.0360136032
5602,HGS-TV,380193.0,517854.0907962322
5603,HGS-TV,380193.0,518437.4071428776
5604,HGS-TV,380193.0,518497.42274928093
5605,HGS-TV,380193.0,518557.4587492943
5606,HGS-TV,380193.0,518617.5325255394
5607,HGS-TV,380193.0,518677.5914440155
5608,HGS-TV,380193.0,518737.66724967957
5609,HGS-TV,380193.0,518797.6845266819
5610,HGS-TV,380193.0,518857.72029042244
5611,HGS-TV,380193.0,518961.0596950054
5612,HGS-TV,380193.0,519021.11923623085
5613,HGS-TV,380193.0,519081.1399116516
5614,HGS-TV,380193.0,519141.21028614044
5615,HGS-TV,380193.0,519201.23811268806
5616,HGS-TV,380193.0,519302.0412340164
5617,HGS-TV,380193.0,519362.0783548355
5618,HGS-TV,380193.0,519422.0882205963
5619,HGS-TV,380193.0,519482.1341948509
5620,HGS-TV,380193.0,519542.2031543255
5621,HGS-TV,380193.0,519710.8064081669
5622,HGS-TV,380193.0,519828.63408756256
5623,HGS-TV,380193.0,519888.6744058132
5624,HGS-TV,380193.0,519948.68879795074
5625,HGS-TV,380193.0,520163.29055833817
5626,HGS-TV,380193.0,520510.4986643791
5627,HGS-TV,380193.0,520787.8834838867
5628,HGS-TV,380193.0,521289.21904301643
5629,HGS-TV,380193.0,521476.59591031075
5630,HGS-TV,380193.0,522077.06888508797
5631,HGS-TV,380193.0,522137.0925183296
5632,HGS-TV,380193.0,522451.1263473034
5633,HGS-TV,380193.0,522892.38676071167
5634,ails2_etaMax1.000_stoppingTime864000.00,380306.0,522947.1060649414
5635,ails2_etaMax1.000_stoppingTime864000.00,380304.0,522947.1250649414
5636,HGS-TV,380193.0,523281.3827724457
5637,HGS-TV,380193.0,523354.48378133774
5638,HGS-TV,380193.0,523414.54865407944
5639,HGS-TV,380193.0,523474.6204829216
5640,HGS-TV,380193.0,523534.6432380676
5641,HGS-TV,380193.0,523602.5020468235
5642,HGS-TV,380193.0,523724.3293707371
5643,HGS-TV,380193.0,523784.3385236263
5644,HGS-TV,380193.0,523883.5232555866
5645,HGS-TV,380193.0,523943.5357887745
5646,HGS-TV,380193.0,524106.34758877754
5647,HGS-TV,380193.0,524166.3914628029
5648,HGS-TV,380193.0,524226.47182679176
5649,HGS-TV,380193.0,524286.5090239048
5650,HGS-TV,380193.0,524425.0983440876
5651,HGS-TV,380193.0,524515.131985426
5652,HGS-TV,380193.0,524575.2349154949
5653,HGS-TV,380193.0,524710.0856161118
5654,HGS-TV,380193.0,525094.0037381649
5655,HGS-TV,380193.0,525839.4308812618
5656,HGS-TV,380193.0,526886.7583787441
5657,HGS-TV,380193.0,526972.148195982
5658,HGS-TV,380193.0,527033.0547337532
5659,ails2_etaMax1.000_stoppingTime864000.00,380301.0,527072.4560649414
5660,HGS-TV,380193.0,527093.1105434895
5661,ails2_etaMax1.000_stoppingTime864000.00,380296.0,527072.5070649415
5662,HGS-TV,380193.0,527153.1839184761
5663,ails2_etaMax1.000_stoppingTime864000.00,380292.0,527206.7110649414
5664,HGS-TV,380193.0,527213.2129445076
5665,ails2_etaMax1.000_stoppingTime864000.00,380289.0,527206.7510649414
5666,HGS-TV,380193.0,527273.2792954445
5667,HGS-TV,380193.0,527333.3114585876
5668,HGS-TV,380193.0,527393.3774285316
5669,HGS-TV,380193.0,527453.4450519085
5670,HGS-TV,380193.0,527513.4514951706
5671,HGS-TV,380193.0,527573.5278379917
5672,HGS-TV,380193.0,527633.5416116714
5673,HGS-TV,380193.0,527693.5481498241
5674,HGS-TV,380193.0,527753.6096801758
5675,HGS-TV,380193.0,527813.6589612961
5676,HGS-TV,380193.0,527873.731954813
5677,HGS-TV,380193.0,527933.8018841743
5678,HGS-TV,380193.0,527993.8563811779
5679,HGS-TV,380193.0,528053.8853127956
5680,HGS-TV,380193.0,528113.8885521889
5681,HGS-TV,380193.0,528173.9541561604
5682,HGS-TV,380193.0,528234.001691103
5683,HGS-TV,380193.0,528294.0190265179
5684,HGS-TV,380193.0,528354.0632917881
5685,HGS-TV,380193.0,528414.0714733601
5686,HGS-TV,380193.0,528649.2826447487
5687,HGS-TV,380193.0,528775.7805337906
5688,HGS-TV,380193.0,528835.8145067692
5689,HGS-TV,380193.0,529022.7911121845
5690,HGS-TV,380193.0,529128.1489591599
5691,HGS-TV,380193.0,529188.214184761
5692,HGS-TV,380193.0,529334.4270339012
5693,HGS-TV,380193.0,529447.4205071926
5694,HGS-TV,380193.0,529507.434391737
5695,HGS-TV,380193.0,529784.2408998013
5696,HGS-TV,380193.0,529882.8524935246
5697,ails2_etaMax1.000_stoppingTime864000.00,380287.0,529907.0040649414
5698,HGS-TV,380193.0,529956.3095309734
5699,ails2_etaMax1.000_stoppingTime864000.00,380283.0,529907.0370649414
5700,HGS-TV,380193.0,530016.3853814602
5701,HGS-TV,380193.0,530400.4369039536
5702,HGS-TV,380193.0,530638.7175984383
5703,HGS-TV,380193.0,530720.0925471783
5704,HGS-TV,380193.0,530805.6235995293
5705,HGS-TV,380193.0,530865.6363015175
5706,HGS-TV,380193.0,531017.3863027096
5707,HGS-TV,380193.0,531077.3877100945
5708,HGS-TV,380193.0,531144.3843307495
5709,HGS-TV,380193.0,531431.5031306744
5710,HGS-TV,380193.0,531844.1429908276
5711,HGS-TV,380193.0,532462.9284803867
5712,HGS-TV,380193.0,533497.5712971687
5713,HGS-TV,380193.0,533565.2247419357
5714,HGS-TV,380193.0,533654.3857402802
5715,HGS-TV,380193.0,533714.4747569561
5716,HGS-TV,380193.0,533775.9565794468
5717,HGS-TV,380193.0,533835.9959983826
5718,HGS-TV,380193.0,533923.2705411911
5719,HGS-TV,380193.0,533983.2896652222
5720,HGS-TV,380193.0,534043.3487541676
5721,HGS-TV,380193.0,534103.4006330967
5722,HGS-TV,380193.0,534168.3778333664
5723,HGS-TV,380193.0,534387.4927253723
5724,HGS-TV,380193.0,534447.5066897869
5725,HGS-TV,380193.0,534562.1452643871
5726,HGS-TV,380193.0,534774.6997733116
5727,HGS-TV,380193.0,535080.1075139046
5728,HGS-TV,380193.0,535140.1547801495
5729,HGS-TV,380193.0,535936.3500561714
5730,HGS-TV,380193.0,536385.5630528927
5731,HGS-TV,380193.0,536445.5714888573
5732,HGS-TV,380193.0,536505.6385388374
5733,HGS-TV,380193.0,536565.757420063
5734,HGS-TV,380193.0,536625.7636659145
5735,HGS-TV,380193.0,536685.7941901684
5736,HGS-TV,380193.0,536769.2670571804
5737,HGS-TV,380193.0,536965.0132372379
5738,HGS-TV,380193.0,537025.0779900551
5739,HGS-TV,380193.0,537545.7029042244
5740,HGS-TV,380193.0,537605.7237813473
5741,HGS-TV,380193.0,537686.5403649807
5742,HGS-TV,380193.0,537746.61682868
5743,HGS-TV,380193.0,537806.6804552078
5744,HGS-TV,380193.0,537866.7463712692
5745,HGS-TV,380193.0,537926.7713735104
5746,HGS-TV,380193.0,537986.7738866806
5747,HGS-TV,380193.0,538046.8130187988
5748,HGS-TV,380193.0,538106.8820254803
5749,HGS-TV,380193.0,538166.8961825371
5750,HGS-TV,380193.0,538226.9034380913
5751,HGS-TV,380193.0,538286.9108912945
5752,HGS-TV,380193.0,538346.9625527859
5753,HGS-TV,380193.0,538431.1908838749
5754,HGS-TV,380193.0,538502.9648854733
5755,HGS-TV,380193.0,538562.9671835899
5756,HGS-TV,380193.0,538678.5660924911
5757,HGS-TV,380193.0,538738.5949280262
5758,HGS-TV,380193.0,538798.6721661091
5759,HGS-TV,380193.0,538858.7370946407
5760,HGS-TV,380193.0,538918.748541832
5761,HGS-TV,380193.0,538978.7942433357
5762,HGS-TV,380193.0,539083.9395792484
5763,HGS-TV,380193.0,539199.2108724117
5764,HGS-TV,380193.0,539259.2117381096
5765,HGS-TV,380193.0,539319.2444162369
5766,HGS-TV,380193.0,539449.3922746181
5767,HGS-TV,380193.0,539509.4637930393
5768,HGS-TV,380193.0,539637.7046618462
5769,HGS-TV,380193.0,539870.390929699
5770,HGS-TV,380193.0,539930.4209296703
5771,HGS-TV,380193.0,539990.488566637
5772,HGS-TV,380193.0,540056.1263699532
5773,HGS-TV,380193.0,540151.3673343658
5774,HGS-TV,380193.0,540247.9726264477
5775,HGS-TV,380193.0,540361.0676927567
5776,HGS-TV,380193.0,540444.8754951954
5777,HGS-TV,380193.0,540534.9830856323
5778,HGS-TV,380193.0,540663.9930951595
5779,HGS-TV,380193.0,541052.3447523117
5780,HGS-TV,380193.0,541112.3567726612
5781,HGS-TV,380193.0,541318.8487336636
5782,HGS-TV,380193.0,541378.8527770042
5783,HGS-TV,380193.0,541465.6382722855
5784,HGS-TV,380193.0,541545.7136211395
5785,HGS-TV,380193.0,541817.0463175774
5786,HGS-TV,380193.0,542299.9963531494
5787,HGS-TV,380193.0,542360.0465171337
5788,HGS-TV,380193.0,542529.1430706978
5789,HGS-TV,380193.0,542605.31554842
5790,HGS-TV,380193.0,542696.3875300884
5791,HGS-TV,380193.0,542756.4320089817
5792,HGS-TV,380193.0,543194.1828172207
5793,HGS-TV,380193.0,543569.4958233833
5794,HGS-TV,380193.0,545153.7077567577
5795,HGS-TV,380193.0,545213.7642979622
5796,HGS-TV,380193.0,545273.7676723003
5797,HGS-TV,380193.0,545333.7869896889
5798,HGS-TV,380193.0,545393.8359947205
5799,HGS-TV,380193.0,545453.847142458
5800,HGS-TV,380193.0,545513.8747804165
5801,HGS-TV,380193.0,545573.8861269951
5802,HGS-TV,380193.0,545633.922671318
5803,HGS-TV,380193.0,545693.934882164
5804,HGS-TV,380193.0,545753.9422950745
5805,HGS-TV,380193.0,545814.0070471764
5806,HGS-TV,380193.0,545874.0665736198
5807,HGS-TV,380193.0,545934.1404955387
5808,HGS-TV,380193.0,545994.1604938507
5809,HGS-TV,380193.0,546054.1653680801
5810,HGS-TV,380193.0,546114.2032711506
5811,HGS-TV,380193.0,546174.2255525589
5812,HGS-TV,380193.0,546234.2491974831
5813,HGS-TV,380193.0,546298.567234993
5814,HGS-TV,380193.0,546358.5705177784
5815,HGS-TV,380193.0,546418.6082179546
5816,HGS-TV,380193.0,546478.649623394
5817,HGS-TV,380193.0,546538.6651678085
5818,HGS-TV,380193.0,546598.6702742577
5819,HGS-TV,380193.0,546658.7638065815
5820,HGS-TV,380193.0,546718.780608654
5821,HGS-TV,380193.0,546778.8360776901
5822,HGS-TV,380193.0,546838.8687958717
5823,HGS-TV,380193.0,546898.8800225258
5824,HGS-TV,380193.0,546958.8996391296
5825,HGS-TV,380193.0,547018.960495472
5826,HGS-TV,380193.0,547078.9835767746
5827,HGS-TV,380193.0,547138.9848515987
5828,HGS-TV,380193.0,547199.0232086182
5829,HGS-TV,380193.0,547259.095574379
5830,HGS-TV,380193.0,547319.1491525173
5831,HGS-TV,380193.0,547379.1786048412
5832,HGS-TV,380193.0,547439.228260994
5833,HGS-TV,380193.0,547499.2997157574
5834,HGS-TV,380193.0,547559.3568844795
5835,HGS-TV,380193.0,547619.3781149387
5836,HGS-TV,380193.0,547679.3821167946
5837,ails2_etaMax1.000_stoppingTime864000.00,380282.0,547689.6450649414
5838,HGS-TV,380193.0,547739.3919389248
5839,HGS-TV,380193.0,547799.4414868355
5840,HGS-TV,380193.0,547859.5065305233
5841,HGS-TV,380193.0,547949.08786273
5842,HGS-TV,380193.0,548024.685372591
5843,HGS-TV,380193.0,548084.7197554111
5844,HGS-TV,380193.0,548144.737705946
5845,HGS-TV,380193.0,548204.7423260212
5846,HGS-TV,380193.0,548264.757976532
5847,HGS-TV,380193.0,548324.8658630848
5848,HGS-TV,380193.0,548384.8666672707
5849,HGS-TV,380193.0,548444.8853738308
5850,HGS-TV,380193.0,548504.9042630196
5851,HGS-TV,380193.0,548564.9341585636
5852,HGS-TV,380193.0,548624.975155592
5853,HGS-TV,380193.0,548685.0373756886
5854,HGS-TV,380193.0,548745.0879728794
5855,HGS-TV,380193.0,548805.1184642315
5856,HGS-TV,380193.0,548879.6152155399
5857,HGS-TV,380193.0,548939.6901006699
5858,HGS-TV,380193.0,548999.7300145626
5859,HGS-TV,380193.0,549059.8052728176
5860,HGS-TV,380193.0,549119.8413698673
5861,HGS-TV,380193.0,549179.9158623219
5862,HGS-TV,380193.0,549239.9675066471
5863,HGS-TV,380193.0,549299.991590023
5864,HGS-TV,380193.0,549360.0369210243
5865,HGS-TV,380193.0,549420.1515290737
5866,HGS-TV,380193.0,549480.2360713482
5867,HGS-TV,380193.0,549540.2360908985
5868,HGS-TV,380193.0,549600.2617616653
5869,HGS-TV,380193.0,549660.3549993038
5870,HGS-TV,380193.0,549720.3967871666
5871,HGS-TV,380193.0,549780.4593856335
5872,HGS-TV,380193.0,549840.464754343
5873,HGS-TV,380193.0,549900.5470230579
5874,HGS-TV,380193.0,549960.5560090542
5875,HGS-TV,380193.0,550020.5825164318
5876,HGS-TV,380193.0,550080.6032328606
5877,HGS-TV,380193.0,550140.6103513241
5878,HGS-TV,380193.0,550200.6642227173
5879,HGS-TV,380193.0,550260.7228741646
5880,HGS-TV,380193.0,550320.7794134617
5881,HGS-TV,380193.0,550408.0076491833
5882,HGS-TV,380193.0,550468.01085639
5883,HGS-TV,380193.0,550528.0391373634
5884,HGS-TV,380193.0,550588.1022486687
5885,HGS-TV,380193.0,550648.2139129639
5886,HGS-TV,380193.0,550708.2439348698
5887,HGS-TV,380193.0,550768.2676346302
5888,HGS-TV,380193.0,550828.2776238918
5889,HGS-TV,380193.0,550888.3062751293
5890,HGS-TV,380193.0,550948.3589270115
5891,HGS-TV,380193.0,551008.3923568726
5892,HGS-TV,380193.0,551068.5191874504
5893,HGS-TV,380193.0,551128.5207023621
5894,HGS-TV,380193.0,551241.6733644009
5895,HGS-TV,380193.0,551497.268294096
5896,HGS-TV,380193.0,551557.3317949772
5897,HGS-TV,380193.0,551617.3612327576
5898,HGS-TV,380193.0,551677.4112877846
5899,HGS-TV,380193.0,551737.4956662655
5900,HGS-TV,380193.0,551830.9378325939
5901,HGS-TV,380193.0,551891.0249860287
5902,HGS-TV,380193.0,552114.2394959927
5903,HGS-TV,380193.0,552327.6226825714
5904,HGS-TV,380193.0,552421.3295235634
5905,HGS-TV,380193.0,552710.6960504055
5906,HGS-TV,380193.0,552809.1759011745
5907,HGS-TV,380193.0,552948.3208653927
5908,HGS-TV,380193.0,553090.4144687653
5909,HGS-TV,380193.0,553246.5309050083
5910,HGS-TV,380193.0,553381.7305095196
5911,HGS-TV,380193.0,553441.7529492378
5912,HGS-TV,380193.0,553501.7980878353
5913,HGS-TV,380193.0,553561.831599474
5914,HGS-TV,380193.0,553621.8710541725
5915,HGS-TV,380193.0,553681.9279532433
5916,HGS-TV,380193.0,553741.9660701752
5917,HGS-TV,380193.0,553801.982954979
5918,HGS-TV,380193.0,553862.0280461311
5919,HGS-TV,380193.0,553931.1627414227
5920,HGS-TV,380193.0,553991.2375979424
5921,HGS-TV,380193.0,554051.2508971691
5922,HGS-TV,380193.0,554111.3318583965
5923,HGS-TV,380193.0,554315.3983607292
5924,HGS-TV,380193.0,554474.2802040577
5925,HGS-TV,380193.0,554534.3085441589
5926,ails2_etaMax1.000_stoppingTime1728000.00,380571.0,554546.8490649414
5927,ails2_etaMax1.000_stoppingTime1728000.00,380570.0,554546.8720649414
5928,HGS-TV,380193.0,554634.0667486191
5929,HGS-TV,380193.0,555266.7923033237
5930,HGS-TV,380193.0,555350.9717662334
5931,HGS-TV,380193.0,555411.0281648636
5932,HGS-TV,380193.0,555471.0407335758
5933,HGS-TV,380193.0,555531.1314070225
5934,HGS-TV,380193.0,555591.2046334743
5935,HGS-TV,380193.0,555651.2264175415
5936,HGS-TV,380193.0,555711.2956061363
5937,HGS-TV,380193.0,555771.3603074551
5938,HGS-TV,380193.0,555906.8723728657
5939,HGS-TV,380193.0,555966.9021084309
5940,HGS-TV,380193.0,556026.9218947887
5941,HGS-TV,380193.0,556086.9595999718
5942,HGS-TV,380193.0,556236.3209609985
5943,HGS-TV,380193.0,556591.9486966133
5944,HGS-TV,380193.0,556651.9704856873
5945,HGS-TV,380193.0,556811.5189392567
5946,HGS-TV,380193.0,556871.6035859585
5947,HGS-TV,380193.0,557056.837884903
5948,HGS-TV,380193.0,557267.2757148743
5949,HGS-TV,380193.0,557821.9683351517
5950,HGS-TV,380193.0,557881.9974746704
5951,HGS-TV,380193.0,557942.0216534138
5952,HGS-TV,380193.0,558002.0632236004
5953,HGS-TV,380193.0,558062.151992321
5954,HGS-TV,380193.0,558122.1930348873
5955,HGS-TV,380193.0,558182.2335619926
5956,HGS-TV,380193.0,558249.0115926266
5957,HGS-TV,380193.0,558309.0300834179
5958,HGS-TV,380193.0,558369.0404877663
5959,HGS-TV,380193.0,558429.1134076118
5960,HGS-TV,380193.0,558489.1989138126
5961,HGS-TV,380193.0,558549.2834761143
5962,HGS-TV,380193.0,558648.8931796551
5963,HGS-TV,380193.0,558708.908208847
5964,HGS-TV,380193.0,558768.9614286423
5965,HGS-TV,380193.0,558828.9990708828
5966,HGS-TV,380193.0,558889.0017948151
5967,HGS-TV,380193.0,558949.0280878544
5968,HGS-TV,380193.0,559009.0932502747
5969,ails2_etaMax1.000_stoppingTime864000.00,380281.0,559012.5790649414
5970,HGS-TV,380193.0,559086.4891684055
5971,HGS-TV,380193.0,559146.5385069847
5972,HGS-TV,380193.0,559206.5648252964
5973,HGS-TV,380193.0,559266.6217031479
5974,HGS-TV,380193.0,559326.6665792465
5975,HGS-TV,380193.0,559399.532181263
5976,ails2_etaMax1.000_stoppingTime864000.00,380280.0,559413.1570649414
5977,HGS-TV,380193.0,559459.540804863
5978,HGS-TV,380193.0,559519.552469492
5979,HGS-TV,380193.0,559602.7081360817
5980,HGS-TV,380193.0,559662.7083308697
5981,HGS-TV,380193.0,559722.7367486954
5982,HGS-TV,380193.0,559817.5646705627
5983,HGS-TV,380193.0,559904.8624036312
5984,ails2_etaMax1.000_stoppingTime864000.00,380279.0,559916.6230649414
5985,HGS-TV,380193.0,560155.8900413513
5986,HGS-TV,380193.0,560220.1099307537
5987,HGS-TV,380193.0,560741.3078708649
5988,HGS-TV,380193.0,560867.9595015049
5989,HGS-TV,380193.0,561996.5558841228
5990,HGS-TV,380193.0,562056.67283988
5991,HGS-TV,380193.0,562138.204472065
5992,HGS-TV,380193.0,562198.2766125202
5993,HGS-TV,380193.0,562799.377376318
5994,HGS-TV,380193.0,563753.9966328144
5995,HGS-TV,380193.0,563814.0503358841
5996,HGS-TV,380193.0,563950.9961850643
5997,HGS-TV,380193.0,564062.6160597801
5998,ails2_etaMax1.000_stoppingTime864000.00,380274.0,564101.8700649414
5999,HGS-TV,380193.0,564122.6479654312
6000,ails2_etaMax1.000_stoppingTime864000.00,380272.0,564101.9100649414
6001,ails2_etaMax1.000_stoppingTime864000.00,380271.0,564942.4690649414
6002,ails2_etaMax1.000_stoppingTime864000.00,380266.0,564942.5690649414
6003,HGS-TV,380193.0,565724.1357090473
6004,HGS-TV,380193.0,565784.1717364788
6005,HGS-TV,380193.0,565844.2760105133
6006,HGS-TV,380193.0,565904.3539509773
6007,HGS-TV,380193.0,565964.4407753944
6008,HGS-TV,380193.0,566024.4999160767
6009,HGS-TV,380193.0,566084.5783932209
6010,HGS-TV,380193.0,566144.5900216103
6011,HGS-TV,380193.0,566204.5934379101
6012,HGS-TV,380193.0,566264.6063287258
6013,HGS-TV,380193.0,566324.6103248596
6014,HGS-TV,380193.0,566384.612288475
6015,HGS-TV,380193.0,566444.6418311596
6016,HGS-TV,380193.0,566504.6474912167
6017,HGS-TV,380193.0,566564.6720402241
6018,HGS-TV,380193.0,566624.6987452507
6019,HGS-TV,380193.0,566684.7350475788
6020,HGS-TV,380193.0,566744.812050581
6021,HGS-TV,380193.0,566804.8671007156
6022,HGS-TV,380193.0,566864.8751876354
6023,HGS-TV,380193.0,566924.9198627472
6024,HGS-TV,380193.0,566984.9229850769
6025,HGS-TV,380193.0,567044.9327571392
6026,HGS-TV,380193.0,567105.021528244
6027,HGS-TV,380193.0,567165.0660221577
6028,HGS-TV,380193.0,567225.0834319592
6029,HGS-TV,380193.0,567285.1032924652
6030,HGS-TV,380193.0,567345.1489934921
6031,HGS-TV,380193.0,567405.1696062088
6032,HGS-TV,380193.0,567465.1974344254
6033,HGS-TV,380193.0,567525.2076921463
6034,HGS-TV,380193.0,567585.2987630367
6035,HGS-TV,380193.0,567650.4249560833
6036,HGS-TV,380193.0,567710.4397549629
6037,HGS-TV,380193.0,567770.4991595745
6038,HGS-TV,380193.0,567830.5065460205
6039,HGS-TV,380193.0,567896.171104908
6040,HGS-TV,380193.0,567956.2216112614
6041,HGS-TV,380193.0,568016.255559206
6042,HGS-TV,380193.0,568076.2882220745
6043,HGS-TV,380193.0,568136.2944624424
6044,HGS-TV,380193.0,568213.5478696823
6045,HGS-TV,380193.0,568273.6270005703
6046,HGS-TV,380193.0,568333.6564321518
6047,HGS-TV,380193.0,568393.6605327129
6048,HGS-TV,380193.0,568453.6845915318
6049,HGS-TV,380193.0,568513.6887154579
6050,HGS-TV,380193.0,568575.9213223457
6051,HGS-TV,380193.0,568636.015868187
6052,HGS-TV,380193.0,568696.1011185646
6053,HGS-TV,380193.0,568756.1108763218
6054,HGS-TV,380193.0,568816.1740787029
6055,HGS-TV,380193.0,568876.1832253933
6056,HGS-TV,380193.0,568936.286021471
6057,HGS-TV,380193.0,568996.3536117077
6058,HGS-TV,380193.0,569059.7359042168
6059,HGS-TV,380193.0,569119.7884750366
6060,HGS-TV,380193.0,569179.8122317791
6061,HGS-TV,380193.0,569239.8164646626
6062,HGS-TV,380193.0,569299.89346838
6063,HGS-TV,380193.0,569393.1898374557
6064,HGS-TV,380193.0,569453.2154250145
6065,HGS-TV,380193.0,569513.2630195618
6066,HGS-TV,380193.0,569573.345211029
6067,HGS-TV,380193.0,569633.4130444527
6068,HGS-TV,380193.0,569693.4207675457
6069,HGS-TV,380193.0,569753.4618792534
6070,HGS-TV,380193.0,569813.471398592
6071,HGS-TV,380193.0,569873.4990639687
6072,HGS-TV,380193.0,569933.5081644058
6073,HGS-TV,380193.0,569993.5246529579
6074,HGS-TV,380193.0,570053.5301067829
6075,HGS-TV,380193.0,570118.4602489471
6076,HGS-TV,380193.0,570178.5237412453
6077,HGS-TV,380193.0,570238.5690665245
6078,HGS-TV,380193.0,570393.7202413082
6079,HGS-TV,380193.0,570453.7655770779
6080,HGS-TV,380193.0,570513.8055419922
6081,HGS-TV,380193.0,570687.2282111645
6082,HGS-TV,380193.0,570790.000787735
6083,HGS-TV,380193.0,570886.7941861153
6084,HGS-TV,380193.0,570946.8299279213
6085,HGS-TV,380193.0,571006.9086165428
6086,HGS-TV,380193.0,571066.9515469074
6087,HGS-TV,380193.0,571226.0005853176
6088,HGS-TV,380193.0,571342.9123978615
6089,HGS-TV,380193.0,571643.0503394604
6090,HGS-TV,380193.0,571703.101568222
6091,HGS-TV,380193.0,571769.2147753239
6092,HGS-TV,380193.0,571829.2198951244
6093,HGS-TV,380193.0,571937.203754425
6094,HGS-TV,380193.0,572258.5365931988
6095,HGS-TV,380193.0,572824.3217220306
6096,HGS-TV,380193.0,573085.7442715168
6097,HGS-TV,380193.0,573336.2309310436
6098,HGS-TV,380193.0,573581.2000207901
6099,HGS-TV,380193.0,573898.6341593266
6100,HGS-TV,380193.0,574009.0399465561
6101,HGS-TV,380193.0,574394.1901311874
6102,HGS-TV,380193.0,575063.9144310951
6103,HGS-TV,380193.0,575967.5507814884
6104,HGS-TV,380193.0,576221.5467104912
6105,HGS-TV,380193.0,576281.573215723
6106,HGS-TV,380193.0,576346.3629741669
6107,HGS-TV,380193.0,576406.443145752
6108,HGS-TV,380193.0,576466.4789991379
6109,HGS-TV,380193.0,576549.6209921837
6110,HGS-TV,380193.0,576643.8317360878
6111,HGS-TV,380193.0,576703.9257154465
6112,HGS-TV,380193.0,576764.0179564953
6113,HGS-TV,380193.0,576824.0827336311
6114,HGS-TV,380193.0,576884.0953867435
6115,HGS-TV,380193.0,576944.1942074299
6116,HGS-TV,380193.0,577004.223785162
6117,HGS-TV,380193.0,577080.0799810886
6118,HGS-TV,380193.0,577383.0509438515
6119,HGS-TV,380193.0,577637.0132157803
6120,HGS-TV,380193.0,577697.0303039551
6121,HGS-TV,380193.0,577814.7488732338
6122,HGS-TV,380193.0,578103.4726662636
6123,HGS-TV,380193.0,578641.1392304897
6124,HGS-TV,380193.0,578890.9339361191
6125,HGS-TV,380193.0,579357.4880819321
6126,HGS-TV,380193.0,579519.7219269276
6127,ails2_etaMax1.000_stoppingTime864000.00,380264.0,579855.9710649414
6128,ails2_etaMax1.000_stoppingTime864000.00,380262.0,579856.0130649414
6129,HGS-TV,380193.0,580131.0043144226
6130,ails2_etaMax1.000_stoppingTime864000.00,380259.0,581104.1620649414
6131,HGS-TV,380193.0,581704.2725746632
6132,HGS-TV,380193.0,581764.366024971
6133,HGS-TV,380193.0,581824.4292769432
6134,HGS-TV,380193.0,581884.4846856594
6135,HGS-TV,380193.0,581944.5265965462
6136,HGS-TV,380193.0,582004.545758009
6137,HGS-TV,380193.0,582064.5984048843
6138,HGS-TV,380193.0,582124.6449651718
6139,HGS-TV,380193.0,582184.6977829933
6140,HGS-TV,380193.0,582244.7602562904
6141,HGS-TV,380193.0,582304.7758111954
6142,HGS-TV,380193.0,582364.8925242424
6143,HGS-TV,380193.0,582424.9152767658
6144,HGS-TV,380193.0,582484.9578728676
6145,HGS-TV,380193.0,582544.9854187965
6146,HGS-TV,380193.0,582605.0277044773
6147,HGS-TV,380193.0,582665.089133501
6148,HGS-TV,380193.0,582725.1819965839
6149,HGS-TV,380193.0,582785.1873333454
6150,HGS-TV,380193.0,582845.2098267078
6151,HGS-TV,380193.0,582905.2245051861
6152,HGS-TV,380193.0,582965.2917518616
6153,HGS-TV,380193.0,583025.3081862926
6154,HGS-TV,380193.0,583085.3618779182
6155,HGS-TV,380193.0,583145.425904274
6156,HGS-TV,380193.0,583205.5275802612
6157,HGS-TV,380193.0,583265.5611042976
6158,HGS-TV,380193.0,583325.5621395111
6159,HGS-TV,380193.0,583385.6196284294
6160,ails2_etaMax1.000_stoppingTime1728000.00,380567.0,583389.0870649414
6161,HGS-TV,380193.0,583445.7377910614
6162,ails2_etaMax1.000_stoppingTime1728000.00,380552.0,583389.4050649414
6163,HGS-TV,380193.0,583505.7487018108
6164,HGS-TV,380193.0,583565.7806510925
6165,HGS-TV,380193.0,583625.7930033207
6166,HGS-TV,380193.0,583689.2158679962
6167,HGS-TV,380193.0,583749.2164313793
6168,HGS-TV,380193.0,583809.3098163605
6169,HGS-TV,380193.0,583869.3433434963
6170,HGS-TV,380193.0,583929.3459949493
6171,HGS-TV,380193.0,584015.0348186493
6172,HGS-TV,380193.0,584075.0632593632
6173,HGS-TV,380193.0,584135.1499567032
6174,HGS-TV,380193.0,584195.1564321518
6175,HGS-TV,380193.0,584255.2655127048
6176,HGS-TV,380193.0,584315.2993063927
6177,HGS-TV,380193.0,584375.3972468376
6178,HGS-TV,380193.0,584435.492868185
6179,HGS-TV,380193.0,584603.8016710281
6180,HGS-TV,380193.0,584699.460919857
6181,HGS-TV,380193.0,584759.490342617
6182,HGS-TV,380193.0,584819.5477230549
6183,HGS-TV,380193.0,584925.9256842136
6184,HGS-TV,380193.0,585007.1763846874
6185,HGS-TV,380193.0,585168.1442797184
6186,HGS-TV,380193.0,585355.1509459019
6187,HGS-TV,380193.0,585415.1914613247
6188,HGS-TV,380193.0,585475.2132947445
6189,HGS-TV,380193.0,585535.2461848259
6190,HGS-TV,380193.0,585595.2499887943
6191,HGS-TV,380193.0,585655.328943491
6192,HGS-TV,380193.0,585715.3576526642
6193,HGS-TV,380193.0,585775.3749108315
6194,HGS-TV,380193.0,585835.4140541553
6195,HGS-TV,380193.0,585895.4860260487
6196,HGS-TV,380193.0,585955.5218713284
6197,HGS-TV,380193.0,586015.5346138477
6198,HGS-TV,380193.0,586075.5974786282
6199,HGS-TV,380193.0,586153.9318614006
6200,HGS-TV,380193.0,586213.940158844
6201,HGS-TV,380193.0,586273.9793584347
6202,HGS-TV,380193.0,586334.0009372234
6203,HGS-TV,380193.0,586394.0445356369
6204,HGS-TV,380193.0,586454.0600471497
6205,HGS-TV,380193.0,586514.1039881706
6206,HGS-TV,380193.0,586574.1207230091
6207,HGS-TV,380193.0,586634.1272339821
6208,HGS-TV,380193.0,586771.6739690304
6209,HGS-TV,380193.0,586831.7105338573
6210,HGS-TV,380193.0,586991.1079950333
6211,HGS-TV,380193.0,587083.0033488274
6212,HGS-TV,380193.0,587143.0395929813
6213,HGS-TV,380193.0,587203.0660271645
6214,HGS-TV,380193.0,587330.6082868576
6215,HGS-TV,380193.0,587390.6336102486
6216,HGS-TV,380193.0,587450.6526622772
6217,HGS-TV,380193.0,587510.7076842785
6218,HGS-TV,380193.0,587570.7102365494
6219,HGS-TV,380193.0,587630.7697787285
6220,HGS-TV,380193.0,587690.7801072598
6221,HGS-TV,380193.0,587758.3197751045
6222,HGS-TV,380193.0,587818.4103448391
6223,HGS-TV,380193.0,587878.4130578041
6224,HGS-TV,380193.0,587938.4797081947
6225,HGS-TV,380193.0,587998.542894125
6226,HGS-TV,380193.0,588058.6076951027
6227,HGS-TV,380193.0,588153.5698335171
6228,HGS-TV,380193.0,588213.6007173061
6229,HGS-TV,380193.0,588273.6967828274
6230,HGS-TV,380193.0,588333.7183687687
6231,HGS-TV,380193.0,588393.7288768291
6232,HGS-TV,380193.0,588471.2148852348
6233,HGS-TV,380193.0,588531.2383542061
6234,HGS-TV,380193.0,588600.3609979153
6235,HGS-TV,380193.0,588660.3614163399
6236,HGS-TV,380193.0,588782.3291356564
6237,HGS-TV,380193.0,588842.3415036201
6238,HGS-TV,380193.0,588912.5607180595
6239,HGS-TV,380193.0,588972.5788838863
6240,HGS-TV,380193.0,589058.5846972466
6241,HGS-TV,380193.0,589203.4653823376
6242,HGS-TV,380193.0,589273.4625174999
6243,HGS-TV,380193.0,589410.9724814892
6244,HGS-TV,380193.0,589473.4462022781
6245,HGS-TV,380193.0,589635.5625488758
6246,HGS-TV,380193.0,589695.5911791325
6247,HGS-TV,380193.0,589755.6148843765
6248,HGS-TV,380193.0,589844.7355122566
6249,HGS-TV,380193.0,590025.2365858555
6250,ails2_etaMax1.000_stoppingTime864000.00,380258.0,590463.9520649414
6251,HGS-TV,380193.0,590471.8908679485
6252,ails2_etaMax1.000_stoppingTime864000.00,380248.0,590465.7060649414
6253,HGS-TV,380193.0,590531.985836029
6254,HGS-TV,380193.0,590591.9931900501
6255,HGS-TV,380193.0,590652.040166378
6256,HGS-TV,380193.0,590712.0748004913
6257,HGS-TV,380193.0,590772.0769040585
6258,HGS-TV,380193.0,590832.1122004986
6259,HGS-TV,380193.0,590892.1537129879
6260,HGS-TV,380193.0,590952.1921160221
6261,HGS-TV,380193.0,591062.860398531
6262,HGS-TV,380193.0,591146.0445275307
6263,HGS-TV,380193.0,591206.1090562344
6264,HGS-TV,380193.0,591266.1440188885
6265,HGS-TV,380193.0,591326.2128407955
6266,HGS-TV,380193.0,591386.2766070366
6267,HGS-TV,380193.0,591446.2867569923
6268,HGS-TV,380193.0,591506.3740830421
6269,HGS-TV,380193.0,591566.3896298409
6270,HGS-TV,380193.0,591626.4240911007
6271,HGS-TV,380193.0,591686.5201313496
6272,HGS-TV,380193.0,591746.6050436497
6273,HGS-TV,380193.0,591806.6552011967
6274,HGS-TV,380193.0,591866.679109335
6275,HGS-TV,380193.0,591953.3311150074
6276,HGS-TV,380193.0,592086.4931883812
6277,HGS-TV,380193.0,592146.5328981876
6278,HGS-TV,380193.0,592218.5961318016
6279,HGS-TV,380193.0,592443.1661624908
6280,HGS-TV,380193.0,592503.2390863895
6281,HGS-TV,380193.0,592563.341187954
6282,HGS-TV,380193.0,592734.4899983406
6283,HGS-TV,380193.0,592879.7159526348
6284,HGS-TV,380193.0,592947.5235209465
6285,HGS-TV,380193.0,593180.2619190216
6286,HGS-TV,380193.0,593512.4979765415
6287,HGS-TV,380193.0,593590.646802187
6288,HGS-TV,380193.0,593650.6666741371
6289,HGS-TV,380193.0,593713.6983311176
6290,HGS-TV,380193.0,593773.7461667061
6291,HGS-TV,380193.0,594307.2008450031
6292,HGS-TV,380193.0,594436.0510156155
6293,HGS-TV,380193.0,594864.173927784
6294,HGS-TV,380193.0,594999.0698778629
6295,HGS-TV,380193.0,596177.0988109112
6296,HGS-TV,380193.0,596546.092083931
6297,HGS-TV,380193.0,598200.6087706089
6298,HGS-TV,380193.0,598260.6120965481
6299,HGS-TV,380193.0,598320.6751449108
6300,HGS-TV,380193.0,598380.7110614777
6301,HGS-TV,380193.0,598440.7149603367
6302,HGS-TV,380193.0,598500.7614519596
6303,HGS-TV,380193.0,598560.8039727211
6304,HGS-TV,380193.0,598620.8863730431
6305,HGS-TV,380193.0,598680.8864850998
6306,HGS-TV,380193.0,598740.9422416687
6307,HGS-TV,380193.0,598801.0368776321
6308,HGS-TV,380193.0,598861.091578722
6309,HGS-TV,380193.0,598921.1042742729
6310,HGS-TV,380193.0,598981.1147129536
6311,HGS-TV,380193.0,599041.1992516518
6312,HGS-TV,380193.0,599101.2349872589
6313,HGS-TV,380193.0,599161.3190097809
6314,HGS-TV,380193.0,599221.3685297966
6315,HGS-TV,380193.0,599281.4313600063
6316,HGS-TV,380193.0,599341.4950244427
6317,HGS-TV,380193.0,599401.5191178322
6318,HGS-TV,380193.0,599461.5288145542
6319,HGS-TV,380193.0,599521.5597071648
6320,HGS-TV,380193.0,599581.5638940334
6321,HGS-TV,380193.0,599641.5910928249
6322,HGS-TV,380193.0,599701.6107988358
6323,HGS-TV,380193.0,599761.6199202538
6324,HGS-TV,380193.0,599821.6882176399
6325,HGS-TV,380193.0,599881.726016283
6326,HGS-TV,380193.0,599941.7919158936
6327,HGS-TV,380193.0,600001.8233282566
6328,HGS-TV,380193.0,600061.8310418129
6329,HGS-TV,380193.0,600121.9045188427
6330,HGS-TV,380193.0,600181.9798839092
6331,HGS-TV,380193.0,600242.0583577156
6332,HGS-TV,380193.0,600302.0864453316
6333,HGS-TV,380193.0,600362.1328852177
6334,HGS-TV,380193.0,600422.1378176212
6335,HGS-TV,380193.0,600482.1910691261
6336,HGS-TV,380193.0,600542.1974225044
6337,HGS-TV,380193.0,600602.2445058823
6338,HGS-TV,380193.0,600662.2560009956
6339,HGS-TV,380193.0,600722.2770645618
6340,HGS-TV,380193.0,600782.3237783909
6341,HGS-TV,380193.0,600842.3280491829
6342,HGS-TV,380193.0,600902.3611710072
6343,HGS-TV,380193.0,600962.4018120766
6344,HGS-TV,380193.0,601113.2326061726
6345,HGS-TV,380193.0,601173.2365005016
6346,HGS-TV,380193.0,601233.2832124233
6347,HGS-TV,380193.0,601320.8567602634
6348,HGS-TV,380193.0,601409.7679445744
6349,HGS-TV,380193.0,601469.8709261417
6350,HGS-TV,380193.0,601529.9292504787
6351,HGS-TV,380193.0,601665.2222425938
6352,HGS-TV,380193.0,601725.2605683804
6353,HGS-TV,380193.0,601785.2663064003
6354,HGS-TV,380193.0,601845.291451931
6355,HGS-TV,380193.0,601905.3721830845
6356,HGS-TV,380193.0,601965.3789112568
6357,HGS-TV,380193.0,602025.3893108368
6358,HGS-TV,380193.0,602099.6313371658
6359,HGS-TV,380193.0,602159.7120125294
6360,HGS-TV,380193.0,602219.7420284748
6361,HGS-TV,380193.0,602279.755138874
6362,HGS-TV,380193.0,602376.9751465321
6363,HGS-TV,380193.0,602436.9764261246
6364,HGS-TV,380193.0,602497.017055273
6365,HGS-TV,380193.0,602557.0352525711
6366,HGS-TV,380193.0,602617.1242427826
6367,HGS-TV,380193.0,602677.1540260315
6368,HGS-TV,380193.0,602737.2294626236
6369,HGS-TV,380193.0,602797.2912271023
6370,HGS-TV,380193.0,602857.2978277206
6371,HGS-TV,380193.0,602917.3840148449
6372,HGS-TV,380193.0,602977.3901948929
6373,HGS-TV,380193.0,603037.4542081356
6374,HGS-TV,380193.0,603097.4769849777
6375,HGS-TV,380193.0,603157.5269258022
6376,HGS-TV,380193.0,603217.6442801952
6377,HGS-TV,380193.0,603277.6997387409
6378,HGS-TV,380193.0,603337.7345180511
6379,HGS-TV,380193.0,603397.7652521133
6380,HGS-TV,380193.0,603457.7883803844
6381,HGS-TV,380193.0,603517.8213157654
6382,HGS-TV,380193.0,603577.8562870026
6383,HGS-TV,380193.0,603637.8960707188
6384,HGS-TV,380193.0,603697.9076991081
6385,HGS-TV,380193.0,603757.9355859756
6386,HGS-TV,380193.0,603817.9575378895
6387,HGS-TV,380193.0,603878.042797327
6388,HGS-TV,380193.0,603942.9051232338
6389,HGS-TV,380193.0,604061.3759994507
6390,HGS-TV,380193.0,604121.3946557045
6391,HGS-TV,380193.0,604181.427536726
6392,HGS-TV,380193.0,604241.4858195782
6393,HGS-TV,380193.0,604301.5108389854
6394,HGS-TV,380193.0,604407.3674342632
6395,HGS-TV,380193.0,604467.3676052094
6396,HGS-TV,380193.0,604527.3759057522
6397,HGS-TV,380193.0,604633.7672066689
6398,HGS-TV,380193.0,604693.8739154339
6399,HGS-TV,380193.0,604753.9467532635
6400,HGS-TV,380193.0,604827.4570744038
6401,HGS-TV,380193.0,605020.2272613049
6402,HGS-TV,380193.0,605249.5535914898
6403,HGS-TV,380193.0,605352.929610014
6404,HGS-TV,380193.0,605664.9261505604
6405,HGS-TV,380193.0,606321.6453237534
6406,HGS-TV,380193.0,606381.6985251904
6407,HGS-TV,380193.0,606550.814248085
6408,HGS-TV,380193.0,606610.8297989368
6409,HGS-TV,380193.0,606675.7110733986
6410,HGS-TV,380193.0,606787.1585199833
6411,HGS-TV,380193.0,606847.1907758713
6412,HGS-TV,380193.0,606912.6092784405
6413,HGS-TV,380193.0,607094.1275935173
6414,HGS-TV,380193.0,607376.5655362606
6415,HGS-TV,380193.0,607749.0325717926
6416,HGS-TV,380193.0,608293.2227375507
6417,HGS-TV,380193.0,608750.5683000088
6418,HGS-TV,380193.0,608810.582365036
6419,HGS-TV,380193.0,608915.5259051323
6420,HGS-TV,380193.0,608975.56640625
6421,HGS-TV,380193.0,609035.5951607227
6422,HGS-TV,380193.0,609095.6016948223
6423,HGS-TV,380193.0,609155.6303670406
6424,HGS-TV,380193.0,609215.6626610756
6425,HGS-TV,380193.0,609275.7076973915
6426,HGS-TV,380193.0,609335.7248864174
6427,HGS-TV,380193.0,609395.7972762585
6428,HGS-TV,380193.0,609455.8736107349
6429,HGS-TV,380193.0,609515.9089269638
6430,HGS-TV,380193.0,609633.1339428425
6431,HGS-TV,380193.0,609863.6227235794
6432,HGS-TV,380193.0,609971.7382693291
6433,HGS-TV,380193.0,610031.801908493
6434,HGS-TV,380193.0,610091.8806579113
6435,HGS-TV,380193.0,610151.9430007935
6436,HGS-TV,380193.0,610224.7247543335
6437,HGS-TV,380193.0,610285.079914093
6438,HGS-TV,380193.0,610346.937527895
6439,HGS-TV,380193.0,610406.9843957424
6440,HGS-TV,380193.0,610467.0669486523
6441,HGS-TV,380193.0,610527.0775105953
6442,HGS-TV,380193.0,610587.1786060333
6443,HGS-TV,380193.0,610685.235667944
6444,HGS-TV,380193.0,610770.9330387115
6445,HGS-TV,380193.0,610837.9641046524
6446,HGS-TV,380193.0,610958.4297316074
6447,HGS-TV,380193.0,611018.4476943016
6448,HGS-TV,380193.0,611181.3190624714
6449,HGS-TV,380193.0,611301.9679646492
6450,HGS-TV,380193.0,611362.0357291698
6451,HGS-TV,380193.0,611803.6600968838
6452,HGS-TV,380193.0,612031.1344156265
6453,HGS-TV,380193.0,612491.5285079479
6454,HGS-TV,380193.0,613411.6276202202
6455,HGS-TV,380193.0,613541.6972165108
6456,HGS-TV,380193.0,613670.2381317616
6457,HGS-TV,380193.0,613730.2724494934
6458,HGS-TV,380193.0,614136.7711927891
6459,HGS-TV,380193.0,615665.3762845993
6460,HGS-TV,380193.0,615725.4457261562
6461,HGS-TV,380193.0,615785.5241384506
6462,HGS-TV,380193.0,615845.5860006809
6463,HGS-TV,380193.0,615905.6936707497
6464,HGS-TV,380193.0,615965.768440485
6465,HGS-TV,380193.0,616025.7750806808
6466,HGS-TV,380193.0,616085.834731102
6467,HGS-TV,380193.0,616145.8960893154
6468,HGS-TV,380193.0,616205.998588562
6469,HGS-TV,380193.0,616266.0501847267
6470,HGS-TV,380193.0,616326.0802233219
6471,HGS-TV,380193.0,616386.1069033146
6472,HGS-TV,380193.0,616446.1303341389
6473,HGS-TV,380193.0,616506.2350831032
6474,HGS-TV,380193.0,616566.2893238068
6475,HGS-TV,380193.0,616626.3908231258
6476,HGS-TV,380193.0,616686.4438118935
6477,HGS-TV,380193.0,616746.4960272312
6478,HGS-TV,380193.0,616806.5939416885
6479,HGS-TV,380193.0,616866.6324973106
6480,HGS-TV,380193.0,616926.655403614
6481,HGS-TV,380193.0,616986.7378048897
6482,HGS-TV,380193.0,617046.7897639275
6483,HGS-TV,380193.0,617106.8035619259
6484,HGS-TV,380193.0,617166.8576593399
6485,HGS-TV,380193.0,617226.917901516
6486,HGS-TV,380193.0,617286.9343385696
6487,HGS-TV,380193.0,617346.9636271
6488,HGS-TV,380193.0,617406.9879660606
6489,HGS-TV,380193.0,617467.0594117641
6490,HGS-TV,380193.0,617527.0935006142
6491,HGS-TV,380193.0,617587.1701207161
6492,HGS-TV,380193.0,617647.2642388344
6493,HGS-TV,380193.0,617707.2984828949
6494,HGS-TV,380193.0,617767.3807239532
6495,HGS-TV,380193.0,617827.4635210037
6496,HGS-TV,380193.0,617887.5006201267
6497,HGS-TV,380193.0,617947.5432355404
6498,HGS-TV,380193.0,618007.5832183361
6499,HGS-TV,380193.0,618067.6911239624
6500,ails2_etaMax1.000_stoppingTime864000.00,380246.0,618079.4440649414
6501,HGS-TV,380193.0,618127.7723121643
6502,HGS-TV,380193.0,618187.8302502632
6503,HGS-TV,380193.0,618247.8423783779
6504,HGS-TV,380193.0,618307.872087717
6505,HGS-TV,380193.0,618367.9183034897
6506,HGS-TV,380193.0,618427.9413545132
6507,HGS-TV,380193.0,618488.0019547939
6508,HGS-TV,380193.0,618548.0166082382
6509,HGS-TV,380193.0,618608.0689709187
6510,HGS-TV,380193.0,618668.0762147903
6511,HGS-TV,380193.0,618728.1359920502
6512,HGS-TV,380193.0,618788.1839826107
6513,HGS-TV,380193.0,618848.1967623234
6514,HGS-TV,380193.0,618908.2309784889
6515,HGS-TV,380193.0,618968.3067154884
6516,HGS-TV,380193.0,619028.3723413944
6517,HGS-TV,380193.0,619098.1271898746
6518,HGS-TV,380193.0,619158.2023134232
6519,HGS-TV,380193.0,619218.203993082
6520,HGS-TV,380193.0,619288.3727293015
6521,HGS-TV,380193.0,619348.4206624031
6522,HGS-TV,380193.0,619408.4597506523
6523,HGS-TV,380193.0,619468.5227248669
6524,HGS-TV,380193.0,619528.5423150063
6525,HGS-TV,380193.0,619588.5768284798
6526,HGS-TV,380193.0,619648.6516013145
6527,HGS-TV,380193.0,619708.6591002941
6528,HGS-TV,380193.0,619768.6640310287
6529,HGS-TV,380193.0,619828.7448115349
6530,HGS-TV,380193.0,619888.8071269989
6531,HGS-TV,380193.0,619948.8836357594
6532,HGS-TV,380193.0,620008.886879921
6533,HGS-TV,380193.0,620068.936188221
6534,HGS-TV,380193.0,620128.9804859161
6535,HGS-TV,380193.0,620189.0088100433
6536,HGS-TV,380193.0,620249.102804184
6537,HGS-TV,380193.0,620309.1465587616
6538,HGS-TV,380193.0,620369.2109436989
6539,HGS-TV,380193.0,620429.270835638
6540,HGS-TV,380193.0,620489.2989344597
6541,HGS-TV,380193.0,620549.3251552582
6542,HGS-TV,380193.0,620609.3293890953
6543,HGS-TV,380193.0,620704.1625628471
6544,HGS-TV,380193.0,620764.2131631374
6545,HGS-TV,380193.0,620824.2135396004
6546,HGS-TV,380193.0,620884.2750542164
6547,HGS-TV,380193.0,620944.2781808376
6548,HGS-TV,380193.0,621004.3837640285
6549,HGS-TV,380193.0,621064.4044225216
6550,HGS-TV,380193.0,621124.4517307281
6551,HGS-TV,380193.0,621184.5415458679
6552,HGS-TV,380193.0,621244.5835342407
6553,HGS-TV,380193.0,621304.5843203068
6554,HGS-TV,380193.0,621364.6659910679
6555,HGS-TV,380193.0,621424.6809465885
6556,HGS-TV,380193.0,621484.6827299595
6557,HGS-TV,380193.0,621544.7591125965
6558,HGS-TV,380193.0,621604.7639040947
6559,HGS-TV,380193.0,621664.7887933254
6560,HGS-TV,380193.0,621724.8468823433
6561,HGS-TV,380193.0,621784.9262442589
6562,HGS-TV,380193.0,621844.9584019184
6563,HGS-TV,380193.0,621905.014074564
6564,HGS-TV,380193.0,621975.0036029816
6565,HGS-TV,380193.0,622035.0652339458
6566,HGS-TV,380193.0,622095.1456272602
6567,HGS-TV,380193.0,622155.1741714478
6568,HGS-TV,380193.0,622215.2152266502
6569,HGS-TV,380193.0,622275.244890213
6570,HGS-TV,380193.0,622335.2990465164
6571,HGS-TV,380193.0,622395.3277637959
6572,HGS-TV,380193.0,622455.3951966763
6573,HGS-TV,380193.0,622515.4185118675
6574,HGS-TV,380193.0,622576.5206289291
6575,HGS-TV,380193.0,622636.54150033
6576,HGS-TV,380193.0,622696.5930635929
6577,HGS-TV,380193.0,622785.356256485
6578,HGS-TV,380193.0,622845.3920214176
6579,HGS-TV,380193.0,622905.4343214035
6580,HGS-TV,380193.0,622973.6171429157
6581,HGS-TV,380193.0,623040.8073775768
6582,HGS-TV,380193.0,623164.6085329056
6583,HGS-TV,380193.0,623278.3766450882
6584,HGS-TV,380193.0,623404.5363376141
6585,HGS-TV,380193.0,623464.5637998581
6586,HGS-TV,380193.0,623557.6177387238
6587,HGS-TV,380193.0,623655.018689394
6588,HGS-TV,380193.0,623726.5470585823
6589,HGS-TV,380193.0,623798.9675943851
6590,HGS-TV,380193.0,623921.3697960377
6591,HGS-TV,380193.0,623981.3793487549
6592,HGS-TV,380193.0,624041.4446873665
6593,HGS-TV,380193.0,624101.5287055969
6594,HGS-TV,380193.0,624214.3614706993
6595,HGS-TV,380193.0,624340.0519516468
6596,HGS-TV,380193.0,624400.0749685764
6597,HGS-TV,380193.0,624460.1354827881
6598,HGS-TV,380193.0,624622.2193512917
6599,HGS-TV,380193.0,624682.2982861996
6600,HGS-TV,380193.0,624790.0617229939
6601,HGS-TV,380193.0,624850.0644094944
6602,HGS-TV,380193.0,624931.9496519566
6603,HGS-TV,380193.0,624991.9902513027
6604,HGS-TV,380193.0,625160.2082374096
6605,HGS-TV,380193.0,625220.3570020199
6606,HGS-TV,380193.0,625787.5916712284
6607,HGS-TV,380193.0,625847.6442859173
6608,HGS-TV,380193.0,625907.7138664722
6609,HGS-TV,380193.0,625967.7860100269
6610,HGS-TV,380193.0,626051.0938379765
6611,HGS-TV,380193.0,626223.30920434
6612,HGS-TV,380193.0,627207.1841967106
6613,HGS-TV,380193.0,627375.6772925854
6614,ails2_etaMax1.000_stoppingTime864000.00,380245.0,627452.1790649414
6615,HGS-TV,380193.0,627666.0459003448
6616,HGS-TV,380193.0,627726.0812153816
6617,HGS-TV,380193.0,627786.1222236156
6618,HGS-TV,380193.0,627846.1539955139
6619,HGS-TV,380193.0,627906.2330174446
6620,HGS-TV,380193.0,627966.287479639
6621,HGS-TV,380193.0,628026.2908358574
6622,HGS-TV,380193.0,628091.9836483002
6623,ails2_etaMax1.000_stoppingTime1728000.00,380551.0,628132.5590649414
6624,HGS-TV,380193.0,628216.0194985867
6625,HGS-TV,380193.0,628438.2636430264
6626,HGS-TV,380193.0,628498.3046474457
6627,HGS-TV,380193.0,629169.625578165
6628,HGS-TV,380193.0,629314.1506905556
6629,HGS-TV,380193.0,629483.0652010441
6630,HGS-TV,380193.0,629783.696931839
6631,HGS-TV,380193.0,630809.9445483685
6632,ails2_etaMax1.000_stoppingTime864000.00,380244.0,631004.4230649414
6633,HGS-TV,380193.0,631962.1991882324
6634,HGS-TV,380193.0,632039.8436203003
6635,HGS-TV,380193.0,632133.6755669117
6636,ails2_etaMax1.000_stoppingTime1728000.00,380548.0,632211.6700649414
6637,HGS-TV,380193.0,632237.7059268951
6638,ails2_etaMax1.000_stoppingTime1728000.00,380546.0,632211.6920649414
6639,HGS-TV,380193.0,632369.9878408909
6640,HGS-TV,380193.0,632439.7194583416
6641,HGS-TV,380193.0,632561.450387001
6642,HGS-TV,380193.0,632621.4522120953
6643,HGS-TV,380193.0,632775.6862876415
6644,HGS-TV,380193.0,633006.2199025154
6645,HGS-TV,380193.0,633169.0268733501
6646,HGS-TV,380193.0,633410.7770090103
6647,HGS-TV,380193.0,633606.7267200947
6648,HGS-TV,380193.0,633761.6343598366
6649,HGS-TV,380193.0,633939.0555865765
6650,HGS-TV,380193.0,633999.160112381
6651,HGS-TV,380193.0,634690.0532381535
6652,HGS-TV,380193.0,634760.752093792
6653,HGS-TV,380193.0,634867.6865768433
6654,HGS-TV,380193.0,634927.7359740734
6655,HGS-TV,380193.0,634987.8393809795
6656,HGS-TV,380193.0,635047.8463647366
6657,HGS-TV,380193.0,635341.7934074402
6658,HGS-TV,380193.0,635401.8845794201
6659,HGS-TV,380193.0,635617.2409100533
6660,HGS-TV,380193.0,635677.2988898754
6661,HGS-TV,380193.0,635950.8267354965
6662,ails2_etaMax1.000_stoppingTime1728000.00,380540.0,636381.1320649415
6663,HGS-TV,380193.0,636398.6004226208
6664,ails2_etaMax1.000_stoppingTime1728000.00,380527.0,636381.1530649414
6665,HGS-TV,380193.0,636494.2872424126
6666,HGS-TV,380193.0,636618.1466574669
6667,HGS-TV,380193.0,636678.2321808338
6668,HGS-TV,380193.0,636746.4769420624
6669,HGS-TV,380193.0,636806.4909770489
6670,HGS-TV,380193.0,636866.5071811676
6671,HGS-TV,380193.0,637046.5431334972
6672,HGS-TV,380193.0,637215.8766343594
6673,HGS-TV,380193.0,637342.4450054169
6674,HGS-TV,380193.0,638388.5216252804
6675,HGS-TV,380193.0,638573.1342327595
6676,HGS-TV,380193.0,638685.7899007797
6677,HGS-TV,380193.0,638745.7955069542
6678,ails2_etaMax1.000_stoppingTime864000.00,380243.0,639312.6580649414
6679,ails2_etaMax1.000_stoppingTime864000.00,380241.0,639312.6980649414
6680,HGS-TV,380193.0,639521.5735347271
6681,HGS-TV,380193.0,639662.4562962055
6682,HGS-TV,380193.0,639722.5100879669
6683,HGS-TV,380193.0,639792.370578289
6684,HGS-TV,380193.0,639852.4215219021
6685,HGS-TV,380193.0,639912.434296608
6686,HGS-TV,380193.0,639972.4973385334
6687,HGS-TV,380193.0,640673.8152081966
6688,HGS-TV,380193.0,640751.1865055561
6689,HGS-TV,380193.0,641735.032633543
6690,HGS-TV,380193.0,642421.4481430054
6691,ails2_etaMax1.000_stoppingTime864000.00,380240.0,642990.5880649415
6692,ails2_etaMax1.000_stoppingTime864000.00,380238.0,642990.6350649414
6693,HGS-TV,380193.0,643541.0248880386
6694,HGS-TV,380193.0,643601.0351803303
6695,HGS-TV,380193.0,643661.084343195
6696,HGS-TV,380193.0,645288.7005734444
6697,HGS-TV,380193.0,645348.7706801891
6698,HGS-TV,380193.0,645408.819868803
6699,HGS-TV,380193.0,645468.8723139763
6700,HGS-TV,380193.0,645528.9129128456
6701,HGS-TV,380193.0,645588.9338746071
6702,HGS-TV,380193.0,645649.0034632683
6703,HGS-TV,380193.0,645709.0819242
6704,HGS-TV,380193.0,645769.0986201763
6705,HGS-TV,380193.0,645829.1697430611
6706,HGS-TV,380193.0,645889.170147419
6707,HGS-TV,380193.0,645949.225635767
6708,HGS-TV,380193.0,646009.2480437756
6709,HGS-TV,380193.0,646069.2724609375
6710,HGS-TV,380193.0,646129.2761199474
6711,HGS-TV,380193.0,646189.3236086369
6712,HGS-TV,380193.0,646249.4212920666
6713,HGS-TV,380193.0,646309.4681482315
6714,HGS-TV,380193.0,646369.5078406334
6715,HGS-TV,380193.0,646429.5249185562
6716,HGS-TV,380193.0,646489.5710105896
6717,HGS-TV,380193.0,646549.6755080223
6718,HGS-TV,380193.0,646609.6949994564
6719,HGS-TV,380193.0,646669.7817382812
6720,HGS-TV,380193.0,646729.8191621304
6721,HGS-TV,380193.0,646812.1296916008
6722,HGS-TV,380193.0,646872.1320006847
6723,HGS-TV,380193.0,646932.1823620796
6724,HGS-TV,380193.0,646992.2442331314
6725,HGS-TV,380193.0,647052.2787647247
6726,HGS-TV,380193.0,647112.3364710808
6727,HGS-TV,380193.0,647172.4106771946
6728,HGS-TV,380193.0,647232.4248762131
6729,HGS-TV,380193.0,647292.443410635
6730,HGS-TV,380193.0,647352.4436452389
6731,HGS-TV,380193.0,647412.520160675
6732,HGS-TV,380193.0,647472.539750576
6733,HGS-TV,380193.0,647532.5808663368
6734,HGS-TV,380193.0,647592.5943398476
6735,HGS-TV,380193.0,647652.6119406223
6736,HGS-TV,380193.0,647712.6633021832
6737,HGS-TV,380193.0,647774.5097208023
6738,HGS-TV,380193.0,647834.5224645138
6739,ails2_etaMax1.000_stoppingTime864000.00,380237.0,647845.3990649414
6740,HGS-TV,380193.0,647894.5924532413
6741,HGS-TV,380193.0,647954.6839394569
6742,HGS-TV,380193.0,648014.7885956764
6743,HGS-TV,380193.0,648074.878426075
6744,HGS-TV,380193.0,648136.4941608906
6745,HGS-TV,380193.0,648196.5709223747
6746,HGS-TV,380193.0,648256.5741410255
6747,HGS-TV,380193.0,648316.6885950565
6748,HGS-TV,380193.0,648376.762575388
6749,HGS-TV,380193.0,648538.7902984619
6750,HGS-TV,380193.0,648598.8422284126
6751,HGS-TV,380193.0,648691.706223011
6752,HGS-TV,380193.0,648751.7265276909
6753,HGS-TV,380193.0,648833.6336977482
6754,HGS-TV,380193.0,648937.9812333584
6755,HGS-TV,380193.0,648998.0660891533
6756,HGS-TV,380193.0,649058.0869390965
6757,HGS-TV,380193.0,649270.4874258041
6758,HGS-TV,380193.0,649413.8023850918
6759,HGS-TV,380193.0,649500.9221014977
6760,HGS-TV,380193.0,649699.5091252327
6761,HGS-TV,380193.0,649759.5124049187
6762,HGS-TV,380193.0,649819.5270192623
6763,HGS-TV,380193.0,649879.5422270298
6764,HGS-TV,380193.0,649939.5703907013
6765,HGS-TV,380193.0,650023.6995317936
6766,HGS-TV,380193.0,650083.7404353619
6767,HGS-TV,380193.0,650169.21966362
6768,HGS-TV,380193.0,650326.6772463322
6769,HGS-TV,380193.0,650386.7059006691
6770,HGS-TV,380193.0,650446.7062487602
6771,HGS-TV,380193.0,650506.7757337093
6772,HGS-TV,380193.0,650566.7933731079
6773,HGS-TV,380193.0,650626.8721122742
6774,HGS-TV,380193.0,650686.873798132
6775,HGS-TV,380193.0,650746.9443650246
6776,HGS-TV,380193.0,650806.9971420765
6777,HGS-TV,380193.0,650867.014644146
6778,HGS-TV,380193.0,650927.1000771523
6779,HGS-TV,380193.0,650987.1407651901
6780,HGS-TV,380193.0,651047.1555273533
6781,HGS-TV,380193.0,651107.2180821896
6782,HGS-TV,380193.0,651167.23036623
6783,HGS-TV,380193.0,651245.6807570457
6784,HGS-TV,380193.0,651322.6501600742
6785,HGS-TV,380193.0,651382.6562292576
6786,HGS-TV,380193.0,651442.7617433071
6787,HGS-TV,380193.0,651502.7735624313
6788,HGS-TV,380193.0,651562.7969582081
6789,HGS-TV,380193.0,651830.8209149837
6790,HGS-TV,380193.0,651999.9957697392
6791,HGS-TV,380193.0,652144.2083520889
6792,HGS-TV,380193.0,652555.9867498875
6793,HGS-TV,380193.0,652616.0484929085
6794,HGS-TV,380193.0,652935.1724722385
6795,HGS-TV,380193.0,653015.6483552456
6796,HGS-TV,380193.0,653273.6563138962
6797,HGS-TV,380193.0,653337.8440904617
6798,HGS-TV,380193.0,653397.8885676861
6799,HGS-TV,380193.0,653463.6041367054
6800,HGS-TV,380193.0,653612.5143582821
6801,HGS-TV,380193.0,654288.3498497009
6802,HGS-TV,380193.0,654348.3759846687
6803,HGS-TV,380193.0,655540.1879692078
6804,HGS-TV,380193.0,655798.8922274113
6805,HGS-TV,380193.0,656395.5484206676
6806,HGS-TV,380193.0,656455.6194016933
6807,HGS-TV,380193.0,656515.6956152916
6808,HGS-TV,380193.0,656575.7254891396
6809,HGS-TV,380193.0,656635.7535848618
6810,HGS-TV,380193.0,656695.767090559
6811,HGS-TV,380193.0,656774.311832428
6812,HGS-TV,380193.0,656874.0124526024
6813,HGS-TV,380193.0,656957.2307798862
6814,HGS-TV,380193.0,657017.2431688309
6815,HGS-TV,380193.0,657077.2842926979
6816,HGS-TV,380193.0,657140.3567845821
6817,HGS-TV,380193.0,657436.7843146324
6818,HGS-TV,380193.0,657740.6867136955
6819,HGS-TV,380193.0,658187.504776001
6820,HGS-TV,380193.0,659235.4031484127
6821,ails2_etaMax1.000_stoppingTime864000.00,380236.0,659245.0150649414
6822,HGS-TV,380193.0,659354.6181979179
6823,HGS-TV,380193.0,659472.232663393
6824,HGS-TV,380193.0,660086.4035673141
6825,HGS-TV,380193.0,660626.8854949474
6826,HGS-TV,380193.0,661265.26288867
6827,HGS-TV,380193.0,661325.2716543674
6828,HGS-TV,380193.0,661385.3471848965
6829,HGS-TV,380193.0,661445.4107034206
6830,HGS-TV,380193.0,662079.9944031239
6831,ails2_etaMax1.000_stoppingTime1728000.00,380515.0,663084.5470649414
6832,ails2_etaMax1.000_stoppingTime1728000.00,380505.0,663084.5830649415
6833,HGS-TV,380193.0,663632.0695753098
6834,HGS-TV,380193.0,663723.6861636639
6835,HGS-TV,380193.0,664873.6149754524
6836,HGS-TV,380193.0,665055.1611359119
6837,HGS-TV,380193.0,665115.1843247414
6838,HGS-TV,380193.0,665175.2808301449
6839,HGS-TV,380193.0,665569.966799736
6840,HGS-TV,380193.0,666439.5518014431
6841,HGS-TV,380193.0,667175.3155479431
6842,HGS-TV,380193.0,668159.4257647991
6843,HGS-TV,380193.0,668447.839712143
6844,HGS-TV,380193.0,669057.3387260437
6845,ails2_etaMax1.000_stoppingTime864000.00,380235.0,669628.8230649414
6846,ails2_etaMax1.000_stoppingTime864000.00,380234.0,669628.8580649414
6847,HGS-TV,380193.0,670489.866799593
6848,HGS-TV,380193.0,670549.9695334435
6849,HGS-TV,380193.0,670609.9929981232
6850,HGS-TV,380193.0,670669.9954662323
6851,HGS-TV,380193.0,670730.056003809
6852,HGS-TV,380193.0,670790.0702111721
6853,HGS-TV,380193.0,670850.1193845272
6854,HGS-TV,380193.0,670910.1525967121
6855,HGS-TV,380193.0,671004.4404344559
6856,HGS-TV,380193.0,671064.4483120441
6857,HGS-TV,380193.0,671124.5259590149
6858,HGS-TV,380193.0,671184.6302604675
6859,HGS-TV,380193.0,671244.6469008923
6860,HGS-TV,380193.0,671304.6944332123
6861,HGS-TV,380193.0,671364.7435925007
6862,HGS-TV,380193.0,671424.7594480515
6863,HGS-TV,380193.0,671585.1653711796
6864,HGS-TV,380193.0,671645.227243185
6865,HGS-TV,380193.0,671705.2375979424
6866,HGS-TV,380193.0,671765.259298563
6867,HGS-TV,380193.0,671894.3216590881
6868,HGS-TV,380193.0,671954.3692979813
6869,HGS-TV,380193.0,672014.4709467888
6870,HGS-TV,380193.0,672077.4511511326
6871,HGS-TV,380193.0,672155.7076206207
6872,HGS-TV,380193.0,672294.1910364628
6873,HGS-TV,380193.0,672443.1450219154
6874,HGS-TV,380193.0,672549.1145272255
6875,HGS-TV,380193.0,672609.1454138756
6876,HGS-TV,380193.0,672669.1566193104
6877,HGS-TV,380193.0,672737.343326807
6878,HGS-TV,380193.0,672823.6913325787
6879,HGS-TV,380193.0,673092.0560803413
6880,HGS-TV,380193.0,673173.5420386791
6881,HGS-TV,380193.0,673298.0040752888
6882,HGS-TV,380193.0,673395.0261366367
6883,HGS-TV,380193.0,673455.0674164295
6884,HGS-TV,380193.0,673567.3939611912
6885,HGS-TV,380193.0,673711.5629270077
6886,HGS-TV,380193.0,673773.7267091274
6887,HGS-TV,380193.0,673833.7791776657
6888,HGS-TV,380193.0,673902.4722876549
6889,HGS-TV,380193.0,674084.8837313652
6890,HGS-TV,380193.0,674379.940751791
6891,ails2_etaMax1.000_stoppingTime864000.00,380233.0,674478.6490649414
6892,HGS-TV,380193.0,674570.4587645531
6893,HGS-TV,380193.0,674675.1975049973
6894,HGS-TV,380193.0,674735.2605395317
6895,HGS-TV,380193.0,674795.2982337475
6896,ails2_etaMax1.000_stoppingTime864000.00,380231.0,674874.3000649414
6897,HGS-TV,380193.0,674929.6554818153
6898,ails2_etaMax1.000_stoppingTime864000.00,380228.0,674874.3540649414
6899,HGS-TV,380193.0,674989.6701157093
6900,HGS-TV,380193.0,675208.1307530403
6901,HGS-TV,380193.0,675316.2272119522
6902,HGS-TV,380193.0,675532.6764967442
6903,HGS-TV,380193.0,675592.7719995975
6904,HGS-TV,380193.0,675652.8147621155
6905,HGS-TV,380193.0,675712.8622317314
6906,ails2_etaMax1.000_stoppingTime1728000.00,380502.0,675759.9390649414
6907,ails2_etaMax1.000_stoppingTime1728000.00,380479.0,675760.1450649414
6908,HGS-TV,380193.0,675876.7266743183
6909,HGS-TV,380193.0,675936.7299304008
6910,HGS-TV,380193.0,675996.7468290329
6911,HGS-TV,380193.0,676056.8242025375
6912,HGS-TV,380193.0,676116.8328714371
6913,HGS-TV,380193.0,676176.9168353081
6914,HGS-TV,380193.0,676325.9446094036
6915,HGS-TV,380193.0,676386.008187294
6916,HGS-TV,380193.0,676537.4196717739
6917,HGS-TV,380193.0,676625.0011913776
6918,HGS-TV,380193.0,676997.9181859493
6919,HGS-TV,380193.0,677157.6786653996
6920,HGS-TV,380193.0,677526.6661474705
6921,HGS-TV,380193.0,677977.3258640766
6922,HGS-TV,380193.0,678619.5219557285
6923,HGS-TV,380193.0,680219.6239573956
6924,HGS-TV,380193.0,680279.6593446732
6925,HGS-TV,380193.0,680339.6666750908
6926,HGS-TV,380193.0,680399.7165489197
6927,HGS-TV,380193.0,680459.7258782387
6928,HGS-TV,380193.0,680519.7461228371
6929,HGS-TV,380193.0,680579.8127176762
6930,HGS-TV,380193.0,680639.8812906742
6931,HGS-TV,380193.0,680699.887925148
6932,HGS-TV,380193.0,680759.9054479599
6933,HGS-TV,380193.0,680819.922649622
6934,HGS-TV,380193.0,680879.9843988419
6935,HGS-TV,380193.0,680940.0802462101
6936,HGS-TV,380193.0,681000.1527614594
6937,HGS-TV,380193.0,681060.1648051739
6938,HGS-TV,380193.0,681120.2385590076
6939,HGS-TV,380193.0,681180.2776958942
6940,HGS-TV,380193.0,681240.3997502327
6941,HGS-TV,380193.0,681300.4797756672
6942,HGS-TV,380193.0,681360.5593590736
6943,HGS-TV,380193.0,681420.5815799236
6944,HGS-TV,380193.0,681480.5823640823
6945,HGS-TV,380193.0,681540.6272063255
6946,HGS-TV,380193.0,681600.669582367
6947,HGS-TV,380193.0,681660.6914796829
6948,HGS-TV,380193.0,681720.7253394127
6949,HGS-TV,380193.0,681780.7846484184
6950,HGS-TV,380193.0,681840.8317289352
6951,ails2_etaMax1.000_stoppingTime864000.00,380226.0,681862.1970649414
6952,HGS-TV,380193.0,681900.8793678284
6953,HGS-TV,380193.0,681960.9277663231
6954,HGS-TV,380193.0,682020.9661951065
6955,HGS-TV,380193.0,682081.0206053257
6956,HGS-TV,380193.0,682141.0863137245
6957,HGS-TV,380193.0,682201.1227588654
6958,HGS-TV,380193.0,682261.1233246326
6959,HGS-TV,380193.0,682321.1417603493
6960,HGS-TV,380193.0,682381.1828231812
6961,HGS-TV,380193.0,682441.2570872307
6962,HGS-TV,380193.0,682501.3724477291
6963,HGS-TV,380193.0,682561.4695732594
6964,HGS-TV,380193.0,682621.5164840221
6965,HGS-TV,380193.0,682681.5890805721
6966,HGS-TV,380193.0,682741.6536459923
6967,HGS-TV,380193.0,682801.6625878811
6968,HGS-TV,380193.0,682861.6705486774
6969,HGS-TV,380193.0,682929.8334755898
6970,HGS-TV,380193.0,682989.9054744244
6971,HGS-TV,380193.0,683049.9331512451
6972,HGS-TV,380193.0,683109.9585504532
6973,HGS-TV,380193.0,683170.0165741444
6974,HGS-TV,380193.0,683230.044333458
6975,HGS-TV,380193.0,683323.1776103973
6976,HGS-TV,380193.0,683383.1821608543
6977,HGS-TV,380193.0,683443.22321105
6978,HGS-TV,380193.0,683526.822261095
6979,HGS-TV,380193.0,683586.8224337101
6980,HGS-TV,380193.0,683646.8236615658
6981,HGS-TV,380193.0,683727.7811567783
6982,HGS-TV,380193.0,683787.8172335625
6983,HGS-TV,380193.0,683847.8605132103
6984,HGS-TV,380193.0,683907.9153418541
6985,HGS-TV,380193.0,683967.930924654
6986,HGS-TV,380193.0,684027.972919941
6987,HGS-TV,380193.0,684088.0341253281
6988,HGS-TV,380193.0,684148.0423898697
6989,HGS-TV,380193.0,684208.1292216778
6990,HGS-TV,380193.0,684296.5755875111
6991,HGS-TV,380193.0,684356.711435318
6992,HGS-TV,380193.0,684419.3218324184
6993,HGS-TV,380193.0,684517.4479968548
6994,HGS-TV,380193.0,684577.5025010109
6995,HGS-TV,380193.0,684637.5323078632
6996,HGS-TV,380193.0,684697.6359844208
6997,HGS-TV,380193.0,684785.9105043411
6998,HGS-TV,380193.0,684845.9122805595
6999,HGS-TV,380193.0,684981.9616909027
7000,HGS-TV,380193.0,685042.0444054604
7001,HGS-TV,380193.0,685102.1279397011
7002,HGS-TV,380193.0,685162.1924545765
7003,HGS-TV,380193.0,685222.2549011707
7004,HGS-TV,380193.0,685282.2900323868
7005,HGS-TV,380193.0,685342.403699398
7006,HGS-TV,380193.0,685402.440914154
7007,HGS-TV,380193.0,685462.4483065605
7008,HGS-TV,380193.0,685522.4490425587
7009,HGS-TV,380193.0,685582.4558947086
7010,HGS-TV,380193.0,685661.9446473122
7011,HGS-TV,380193.0,685721.9797708988
7012,HGS-TV,380193.0,685782.0539290905
7013,HGS-TV,380193.0,685842.1031954288
7014,HGS-TV,380193.0,685902.1526885033
7015,HGS-TV,380193.0,685962.1800332069
7016,HGS-TV,380193.0,686022.2149810791
7017,HGS-TV,380193.0,686082.2838950157
7018,HGS-TV,380193.0,686142.3196718693
7019,HGS-TV,380193.0,686202.3602228165
7020,HGS-TV,380193.0,686262.3668575287
7021,HGS-TV,380193.0,686322.3830230236
7022,HGS-TV,380193.0,686382.3896782398
7023,HGS-TV,380193.0,686442.4112267494
7024,HGS-TV,380193.0,686502.4262814522
7025,HGS-TV,380193.0,686562.4330747128
7026,HGS-TV,380193.0,686622.4946095943
7027,HGS-TV,380193.0,686682.5519909859
7028,HGS-TV,380193.0,686742.6310987473
7029,HGS-TV,380193.0,686802.6371972561
7030,HGS-TV,380193.0,686862.6592843533
7031,HGS-TV,380193.0,686922.708848238
7032,HGS-TV,380193.0,687073.9882853031
7033,HGS-TV,380193.0,687222.4024906158
7034,HGS-TV,380193.0,687316.8177642822
7035,HGS-TV,380193.0,687376.8268523216
7036,HGS-TV,380193.0,687489.3308992386
7037,HGS-TV,380193.0,687584.6844778061
7038,HGS-TV,380193.0,687644.696545124
7039,HGS-TV,380193.0,687704.7376422882
7040,HGS-TV,380193.0,687952.8739113808
7041,HGS-TV,380193.0,688012.9094264507
7042,HGS-TV,380193.0,688072.928632021
7043,HGS-TV,380193.0,688132.9617795944
7044,HGS-TV,380193.0,688193.022354126
7045,HGS-TV,380193.0,688275.9936068058
7046,HGS-TV,380193.0,688388.7478277683
7047,HGS-TV,380193.0,688600.2618370056
7048,HGS-TV,380193.0,688722.3171510696
7049,HGS-TV,380193.0,688893.1311476231
7050,HGS-TV,380193.0,688953.1883440018
7051,HGS-TV,380193.0,689018.3249864578
7052,HGS-TV,380193.0,689078.3761281967
7053,HGS-TV,380193.0,689188.9374508858
7054,HGS-TV,380193.0,689299.9376087189
7055,HGS-TV,380193.0,689454.2293748856
7056,HGS-TV,380193.0,689694.773922205
7057,HGS-TV,380193.0,689754.8726370335
7058,HGS-TV,380193.0,690295.459289074
7059,HGS-TV,380193.0,691973.4014616013
7060,HGS-TV,380193.0,692033.5238816738
7061,HGS-TV,380193.0,692093.5284895897
7062,HGS-TV,380193.0,692153.5807049274
7063,HGS-TV,380193.0,692213.6414709091
7064,HGS-TV,380193.0,692273.7192444801
7065,HGS-TV,380193.0,692333.7201297283
7066,HGS-TV,380193.0,692393.7433230877
7067,HGS-TV,380193.0,692453.7976956367
7068,HGS-TV,380193.0,692513.8300683498
7069,HGS-TV,380193.0,692573.8937971592
7070,HGS-TV,380193.0,692633.9150691032
7071,HGS-TV,380193.0,692729.2187693119
7072,HGS-TV,380193.0,692789.2371163368
7073,HGS-TV,380193.0,692849.2844333649
7074,HGS-TV,380193.0,692909.4010381699
7075,HGS-TV,380193.0,692977.5185866356
7076,HGS-TV,380193.0,693037.5223689079
7077,HGS-TV,380193.0,693097.5963563919
7078,HGS-TV,380193.0,693157.6533334255
7079,HGS-TV,380193.0,693217.6764183044
7080,HGS-TV,380193.0,693277.7234623432
7081,HGS-TV,380193.0,693337.8079605103
7082,HGS-TV,380193.0,693397.8790671825
7083,HGS-TV,380193.0,693457.9135508537
7084,HGS-TV,380193.0,693517.9605743885
7085,HGS-TV,380193.0,693577.9614446163
7086,HGS-TV,380193.0,693637.9650352001
7087,HGS-TV,380193.0,693697.9790503979
7088,HGS-TV,380193.0,693758.0244398117
7089,HGS-TV,380193.0,693818.0680205822
7090,HGS-TV,380193.0,693878.1215946674
7091,HGS-TV,380193.0,693938.1379771233
7092,HGS-TV,380193.0,693998.1890048981
7093,HGS-TV,380193.0,694058.2434551716
7094,HGS-TV,380193.0,694118.2885723114
7095,HGS-TV,380193.0,694178.3082649708
7096,HGS-TV,380193.0,694241.0164313316
7097,HGS-TV,380193.0,694301.0701172352
7098,HGS-TV,380193.0,694361.1085162163
7099,HGS-TV,380193.0,694421.1360824108
7100,ails2_etaMax1.000_stoppingTime1728000.00,380477.0,694456.3440649414
7101,HGS-TV,380193.0,694495.7299873829
7102,ails2_etaMax1.000_stoppingTime1728000.00,380467.0,694456.4490649414
7103,HGS-TV,380193.0,694555.769579649
7104,HGS-TV,380193.0,694615.8364543915
7105,HGS-TV,380193.0,694675.8859312534
7106,HGS-TV,380193.0,694735.9248840809
7107,HGS-TV,380193.0,694795.9462888241
7108,HGS-TV,380193.0,694855.9898674488
7109,HGS-TV,380193.0,694916.0827505589
7110,HGS-TV,380193.0,694976.1166567802
7111,HGS-TV,380193.0,695036.1970262527
7112,HGS-TV,380193.0,695096.2573058605
7113,HGS-TV,380193.0,695156.3447670937
7114,HGS-TV,380193.0,695216.3567287922
7115,HGS-TV,380193.0,695276.3785157204
7116,HGS-TV,380193.0,695336.447968483
7117,HGS-TV,380193.0,695396.5176489353
7118,HGS-TV,380193.0,695473.5885138512
7119,HGS-TV,380193.0,695533.6177246571
7120,HGS-TV,380193.0,695593.6316571236
7121,HGS-TV,380193.0,695653.6396257877
7122,HGS-TV,380193.0,695713.7107367516
7123,HGS-TV,380193.0,695773.724601984
7124,HGS-TV,380193.0,695833.8018755913
7125,HGS-TV,380193.0,695893.8966946602
7126,HGS-TV,380193.0,695953.9366490841
7127,HGS-TV,380193.0,696014.0457804203
7128,HGS-TV,380193.0,696074.1178302765
7129,HGS-TV,380193.0,696134.2089056969
7130,HGS-TV,380193.0,696194.2579302788
7131,HGS-TV,380193.0,696254.3087272644
7132,HGS-TV,380193.0,696314.3405292034
7133,HGS-TV,380193.0,696374.3556351662
7134,HGS-TV,380193.0,696434.4199919701
7135,HGS-TV,380193.0,696498.8951132298
7136,HGS-TV,380193.0,696558.9721651077
7137,HGS-TV,380193.0,696619.0414452553
7138,HGS-TV,380193.0,696679.064217329
7139,HGS-TV,380193.0,696739.1265761852
7140,HGS-TV,380193.0,696821.8769080639
7141,HGS-TV,380193.0,696881.9767541885
7142,HGS-TV,380193.0,696942.0244207382
7143,HGS-TV,380193.0,697002.0327877998
7144,HGS-TV,380193.0,697062.0792322159
7145,HGS-TV,380193.0,697159.5554909706
7146,HGS-TV,380193.0,697240.1940634251
7147,HGS-TV,380193.0,697325.4633100033
7148,HGS-TV,380193.0,697385.5108542442
7149,HGS-TV,380193.0,697495.8119411469
7150,HGS-TV,380193.0,697605.5533256531
7151,HGS-TV,380193.0,697665.9996976852
7152,HGS-TV,380193.0,697726.07178545
7153,HGS-TV,380193.0,697786.2053465843
7154,HGS-TV,380193.0,697940.0637857914
7155,HGS-TV,380193.0,698052.5243930817
7156,HGS-TV,380193.0,698112.5615239143
7157,HGS-TV,380193.0,698172.637437582
7158,HGS-TV,380193.0,698232.6495211124
7159,HGS-TV,380193.0,698292.6823012829
7160,HGS-TV,380193.0,698352.6888828278
7161,HGS-TV,380193.0,698412.7620475292
7162,HGS-TV,380193.0,698472.8124449253
7163,HGS-TV,380193.0,698532.8731474876
7164,HGS-TV,380193.0,698592.9426572323
7165,HGS-TV,380193.0,698653.0122587681
7166,HGS-TV,380193.0,698713.0125448704
7167,HGS-TV,380193.0,698773.0134785175
7168,HGS-TV,380193.0,698845.2528920174
7169,HGS-TV,380193.0,698953.0480635166
7170,HGS-TV,380193.0,699023.3817043304
7171,HGS-TV,380193.0,699083.4476594925
7172,HGS-TV,380193.0,699347.8906035423
7173,HGS-TV,380193.0,699448.4326181412
7174,HGS-TV,380193.0,699554.3139843941
7175,HGS-TV,380193.0,699614.343971014
7176,HGS-TV,380193.0,699674.3728508949
7177,HGS-TV,380193.0,699746.1749653816
7178,HGS-TV,380193.0,699806.2144479752
7179,HGS-TV,380193.0,699866.2638554573
7180,HGS-TV,380193.0,699926.2725675106
7181,HGS-TV,380193.0,699986.3366653919
7182,HGS-TV,380193.0,700046.3840479851
7183,HGS-TV,380193.0,700107.1858119965
7184,HGS-TV,380193.0,700203.5781695843
7185,HGS-TV,380193.0,700263.653131485
7186,HGS-TV,380193.0,700323.6571722031
7187,HGS-TV,380193.0,700388.6078002453
7188,HGS-TV,380193.0,700448.652597189
7189,HGS-TV,380193.0,700508.7311484814
7190,HGS-TV,380193.0,700568.7910544872
7191,HGS-TV,380193.0,700628.8792414665
7192,HGS-TV,380193.0,700688.9191610813
7193,HGS-TV,380193.0,700748.9346680641
7194,HGS-TV,380193.0,700808.9608826637
7195,HGS-TV,380193.0,700869.0049569607
7196,HGS-TV,380193.0,700929.0751109123
7197,HGS-TV,380193.0,700989.1503112316
7198,HGS-TV,380193.0,701049.1720318794
7199,HGS-TV,380193.0,701109.1913926601
7200,HGS-TV,380193.0,701169.2887482643
7201,HGS-TV,380193.0,701229.3271594048
7202,HGS-TV,380193.0,701289.3714914322
7203,HGS-TV,380193.0,701349.4323740005
7204,HGS-TV,380193.0,701409.5032739639
7205,HGS-TV,380193.0,701469.5684280396
7206,HGS-TV,380193.0,701529.6024205685
7207,HGS-TV,380193.0,701589.6256356239
7208,HGS-TV,380193.0,701649.64660573
7209,HGS-TV,380193.0,701709.7181618214
7210,HGS-TV,380193.0,701769.7190349102
7211,HGS-TV,380193.0,701829.7248277664
7212,HGS-TV,380193.0,701889.7944569588
7213,HGS-TV,380193.0,701949.8408215046
7214,HGS-TV,380193.0,702009.8483653069
7215,HGS-TV,380193.0,702069.8685696125
7216,HGS-TV,380193.0,702129.8928277493
7217,HGS-TV,380193.0,702189.9379608631
7218,HGS-TV,380193.0,702249.957473278
7219,HGS-TV,380193.0,702309.9648902416
7220,HGS-TV,380193.0,702371.3692212105
7221,HGS-TV,380193.0,702431.3959133625
7222,HGS-TV,380193.0,702491.4153382778
7223,HGS-TV,380193.0,702551.5239739418
7224,HGS-TV,380193.0,702611.5983939171
7225,HGS-TV,380193.0,702692.9093956947
7226,HGS-TV,380193.0,702752.9266867638
7227,HGS-TV,380193.0,702812.9437568188
7228,HGS-TV,380193.0,702944.4592180252
7229,HGS-TV,380193.0,703070.4441614151
7230,HGS-TV,380193.0,703144.1594130993
7231,HGS-TV,380193.0,703204.2236058712
7232,HGS-TV,380193.0,703276.498521328
7233,HGS-TV,380193.0,703359.5406029224
7234,HGS-TV,380193.0,703479.5808756351
7235,HGS-TV,380193.0,703558.0413033962
7236,HGS-TV,380193.0,703633.562746048
7237,HGS-TV,380193.0,703693.5788929462
7238,HGS-TV,380193.0,703932.0907716751
7239,HGS-TV,380193.0,704116.2063541412
7240,ails2_etaMax1.000_stoppingTime864000.00,380224.0,704422.2830649414
7241,HGS-TV,380193.0,704495.2240319252
7242,HGS-TV,380193.0,704801.3234872818
7243,HGS-TV,380193.0,704938.8534402847
7244,HGS-TV,380193.0,705006.890525341
7245,HGS-TV,380193.0,705186.2156691551
7246,HGS-TV,380193.0,705530.1885125637
7247,HGS-TV,380193.0,707132.1969709396
7248,HGS-TV,380193.0,707192.2470021248
7249,HGS-TV,380193.0,707252.392342329
7250,HGS-TV,380193.0,707312.4122059345
7251,HGS-TV,380193.0,707372.4122772217
7252,HGS-TV,380193.0,707432.4452922344
7253,HGS-TV,380193.0,707492.4897067547
7254,HGS-TV,380193.0,707552.575124979
7255,HGS-TV,380193.0,707612.6432991028
7256,HGS-TV,380193.0,707672.6827116013
7257,HGS-TV,380193.0,707732.7166290283
7258,HGS-TV,380193.0,707792.7241458893
7259,HGS-TV,380193.0,707852.7865991592
7260,HGS-TV,380193.0,707912.7991290092
7261,HGS-TV,380193.0,707972.9008131027
7262,HGS-TV,380193.0,708032.9393043518
7263,HGS-TV,380193.0,708092.9746675491
7264,HGS-TV,380193.0,708152.9976325035
7265,HGS-TV,380193.0,708212.9995849133
7266,HGS-TV,380193.0,708273.0512883663
7267,HGS-TV,380193.0,708333.1160714626
7268,HGS-TV,380193.0,708393.1231284142
7269,HGS-TV,380193.0,708453.1759750843
7270,HGS-TV,380193.0,708513.1914453506
7271,HGS-TV,380193.0,708573.2359457016
7272,HGS-TV,380193.0,708633.2734951973
7273,HGS-TV,380193.0,708693.3141036034
7274,HGS-TV,380193.0,708753.4483561516
7275,HGS-TV,380193.0,708813.5365474224
7276,HGS-TV,380193.0,708873.627481699
7277,HGS-TV,380193.0,708933.6421363354
7278,HGS-TV,380193.0,708993.6817829609
7279,HGS-TV,380193.0,709053.7206351757
7280,HGS-TV,380193.0,709113.739708662
7281,HGS-TV,380193.0,709173.7499387264
7282,HGS-TV,380193.0,709233.8177237511
7283,HGS-TV,380193.0,709293.8354516029
7284,HGS-TV,380193.0,709353.9123747349
7285,HGS-TV,380193.0,709413.9764418602
7286,HGS-TV,380193.0,709474.0787174702
7287,HGS-TV,380193.0,709534.1081371307
7288,HGS-TV,380193.0,709594.1410651207
7289,HGS-TV,380193.0,709654.1562077999
7290,HGS-TV,380193.0,709714.1915023327
7291,HGS-TV,380193.0,709774.3111712933
7292,HGS-TV,380193.0,709834.3406300545
7293,HGS-TV,380193.0,709894.3918941021
7294,HGS-TV,380193.0,709954.5148072243
7295,HGS-TV,380193.0,710014.5686509609
7296,HGS-TV,380193.0,710074.589417696
7297,HGS-TV,380193.0,710134.5911924839
7298,HGS-TV,380193.0,710194.6290938854
7299,HGS-TV,380193.0,710254.6946938038
7300,HGS-TV,380193.0,710314.7072110176
7301,HGS-TV,380193.0,710374.7246785164
7302,HGS-TV,380193.0,710442.6265490055
7303,HGS-TV,380193.0,710502.6675236225
7304,HGS-TV,380193.0,710562.6842446327
7305,HGS-TV,380193.0,710622.7760279179
7306,HGS-TV,380193.0,710682.8317303658
7307,HGS-TV,380193.0,710818.3617653847
7308,HGS-TV,380193.0,710878.3829460144
7309,HGS-TV,380193.0,710961.864086628
7310,HGS-TV,380193.0,711024.8582897186
7311,HGS-TV,380193.0,711084.8779864311
7312,HGS-TV,380193.0,711144.9311327934
7313,HGS-TV,380193.0,711205.0016880035
7314,HGS-TV,380193.0,711265.0697689056
7315,HGS-TV,380193.0,711325.1171712875
7316,HGS-TV,380193.0,711385.1957733631
7317,HGS-TV,380193.0,711445.2617032528
7318,HGS-TV,380193.0,711505.2669916153
7319,HGS-TV,380193.0,711565.2804300785
7320,HGS-TV,380193.0,711633.350757122
7321,HGS-TV,380193.0,711700.6926660538
7322,HGS-TV,380193.0,711760.7075343132
7323,HGS-TV,380193.0,711820.7774362564
7324,HGS-TV,380193.0,711880.8245983124
7325,HGS-TV,380193.0,711940.9258582592
7326,HGS-TV,380193.0,712000.9770162106
7327,HGS-TV,380193.0,712085.1000187397
7328,HGS-TV,380193.0,712145.1594381332
7329,HGS-TV,380193.0,712205.1841862202
7330,HGS-TV,380193.0,712281.1108164787
7331,HGS-TV,380193.0,712341.2076780796
7332,HGS-TV,380193.0,712401.2246453762
7333,HGS-TV,380193.0,712461.3008978367
7334,HGS-TV,380193.0,712538.1130011082
7335,HGS-TV,380193.0,712598.1775863171
7336,HGS-TV,380193.0,712658.2023909092
7337,HGS-TV,380193.0,712718.5481824875
7338,HGS-TV,380193.0,712778.6060364246
7339,HGS-TV,380193.0,712838.6325426102
7340,HGS-TV,380193.0,712913.342953682
7341,HGS-TV,380193.0,712973.3667473793
7342,HGS-TV,380193.0,713039.8687052727
7343,HGS-TV,380193.0,713099.885879755
7344,HGS-TV,380193.0,713159.9475061893
7345,HGS-TV,380193.0,713220.0437452793
7346,HGS-TV,380193.0,713280.1095173359
7347,HGS-TV,380193.0,713355.7322638035
7348,HGS-TV,380193.0,713415.7629709244
7349,HGS-TV,380193.0,713475.8523724079
7350,HGS-TV,380193.0,713535.8644268513
7351,HGS-TV,380193.0,713595.9204962254
7352,HGS-TV,380193.0,713656.0359342098
7353,HGS-TV,380193.0,713716.0468041897
7354,HGS-TV,380193.0,713795.0461800098
7355,HGS-TV,380193.0,713909.6378929615
7356,HGS-TV,380193.0,713969.6774041653
7357,HGS-TV,380193.0,714078.7428712845
7358,HGS-TV,380193.0,714171.5963561535
7359,HGS-TV,380193.0,714518.6321873665
7360,HGS-TV,380193.0,714676.368834734
7361,HGS-TV,380193.0,714747.6435472965
7362,HGS-TV,380193.0,715242.4273610115
7363,HGS-TV,380193.0,715332.2320756912
7364,HGS-TV,380193.0,715392.3079037666
7365,HGS-TV,380193.0,715452.4298565388
7366,HGS-TV,380193.0,715512.483902216
7367,HGS-TV,380193.0,715572.5723199844
7368,HGS-TV,380193.0,715632.6689772606
7369,HGS-TV,380193.0,715713.2015490532
7370,HGS-TV,380193.0,715854.8107481003
7371,HGS-TV,380193.0,715915.6967439651
7372,HGS-TV,380193.0,716050.8713116646
7373,HGS-TV,380193.0,716138.6998009682
7374,HGS-TV,380193.0,716198.7526624203
7375,HGS-TV,380193.0,716258.7761387825
7376,HGS-TV,380193.0,716318.8666322231
7377,HGS-TV,380193.0,716378.9209644794
7378,HGS-TV,380193.0,716446.3449416161
7379,HGS-TV,380193.0,716506.4240152836
7380,HGS-TV,380193.0,716593.3258948326
7381,HGS-TV,380193.0,716841.5268878937
7382,HGS-TV,380193.0,716901.6585791111
7383,HGS-TV,380193.0,717116.9372274876
7384,HGS-TV,380193.0,717248.7272238731
7385,HGS-TV,380193.0,717452.6897931099
7386,HGS-TV,380193.0,717620.4278321266
7387,HGS-TV,380193.0,717680.4685316086
7388,HGS-TV,380193.0,717740.4809832573
7389,HGS-TV,380193.0,717800.498537302
7390,HGS-TV,380193.0,717882.3732020855
7391,HGS-TV,380193.0,717942.4958148003
7392,HGS-TV,380193.0,718009.4420068264
7393,HGS-TV,380193.0,718083.3518815041
7394,HGS-TV,380193.0,718143.4174523354
7395,HGS-TV,380193.0,718203.4699163437
7396,HGS-TV,380193.0,718482.5727391243
7397,HGS-TV,380193.0,718542.5998036861
7398,HGS-TV,380193.0,718629.185302496
7399,HGS-TV,380193.0,718784.2337079048
7400,HGS-TV,380193.0,718976.7860519886
7401,HGS-TV,380193.0,719083.537936449
7402,HGS-TV,380193.0,719540.8237421513
7403,HGS-TV,380193.0,719708.9805324078
7404,HGS-TV,380193.0,719985.0982882977
7405,HGS-TV,380193.0,720095.6121256351
7406,HGS-TV,380193.0,720313.6620056629
7407,HGS-TV,380193.0,720430.6889908314
7408,HGS-TV,380193.0,720822.2582325935
7409,HGS-TV,380193.0,721149.4220504761
7410,HGS-TV,380193.0,721351.8542678356
7411,ails2_etaMax1.000_stoppingTime864000.00,380223.0,721538.6610649414
7412,HGS-TV,380193.0,721775.7874734402
7413,HGS-TV,380193.0,721835.8661072254
7414,HGS-TV,380193.0,721895.877122879
7415,HGS-TV,380193.0,721990.083108902
7416,HGS-TV,380193.0,722096.0905268192
7417,HGS-TV,380193.0,722206.2440931797
7418,HGS-TV,380193.0,722266.3203518391
7419,HGS-TV,380193.0,722326.4021086693
7420,HGS-TV,380193.0,722675.0137295723
7421,HGS-TV,380193.0,722902.27810359
7422,HGS-TV,380193.0,723157.386605978
7423,HGS-TV,380193.0,724291.8165464401
7424,HGS-TV,380193.0,724351.8386650085
7425,HGS-TV,380193.0,725890.4569144249
7426,HGS-TV,380193.0,726321.5781316757
7427,HGS-TV,380193.0,726495.0666873455
7428,HGS-TV,380193.0,726555.0795614719
7429,HGS-TV,380193.0,726615.1298398972
7430,HGS-TV,380193.0,726700.8293893337
7431,HGS-TV,380193.0,726770.3707587719
7432,HGS-TV,380193.0,726847.7867519855
7433,HGS-TV,380193.0,727005.3209557533
7434,HGS-TV,380193.0,727081.0624847412
7435,HGS-TV,380193.0,727141.1046714783
7436,HGS-TV,380193.0,727212.0326139927
7437,HGS-TV,380193.0,727318.2270765305
7438,HGS-TV,380193.0,727425.4053635597
7439,HGS-TV,380193.0,727492.7628290653
7440,HGS-TV,380193.0,727785.0717275143
7441,HGS-TV,380193.0,727877.4806437492
7442,HGS-TV,380193.0,727937.5435945988
7443,HGS-TV,380193.0,727997.6080832481
7444,HGS-TV,380193.0,728134.3578612804
7445,HGS-TV,380193.0,728741.5977380276
7446,HGS-TV,380193.0,729606.7844481468
7447,HGS-TV,380193.0,729772.8556251526
7448,HGS-TV,380193.0,730138.5640349388
7449,HGS-TV,380193.0,730586.2413785458
7450,HGS-TV,380193.0,731339.0671539307
7451,HGS-TV,380193.0,731399.0829684734
7452,HGS-TV,380193.0,731459.1916093826
7453,HGS-TV,380193.0,731519.250756979
7454,HGS-TV,380193.0,731579.3608951569
7455,HGS-TV,380193.0,731639.3832519054
7456,HGS-TV,380193.0,731699.4393851757
7457,HGS-TV,380193.0,731759.5214571953
7458,HGS-TV,380193.0,731819.5625920296
7459,HGS-TV,380193.0,731879.5937511921
7460,HGS-TV,380193.0,731939.5943071842
7461,HGS-TV,380193.0,732024.3368513584
7462,HGS-TV,380193.0,732139.0910732746
7463,HGS-TV,380193.0,732199.1061880589
7464,HGS-TV,380193.0,732259.2003741264
7465,HGS-TV,380193.0,732319.2774631977
7466,HGS-TV,380193.0,732402.8257777691
7467,HGS-TV,380193.0,732462.9013187885
7468,HGS-TV,380193.0,732522.9093620777
7469,HGS-TV,380193.0,732582.9155261517
7470,HGS-TV,380193.0,732642.9227950573
7471,HGS-TV,380193.0,732702.9924440384
7472,HGS-TV,380193.0,732763.0888032913
7473,HGS-TV,380193.0,732942.9860506058
7474,HGS-TV,380193.0,733003.0933454037
7475,HGS-TV,380193.0,733063.176304102
7476,HGS-TV,380193.0,733123.1880693436
7477,HGS-TV,380193.0,733183.2470138073
7478,HGS-TV,380193.0,733252.1511232853
7479,HGS-TV,380193.0,733312.2078938484
7480,HGS-TV,380193.0,733372.2293212414
7481,HGS-TV,380193.0,733483.779332161
7482,HGS-TV,380193.0,733573.9040658474
7483,HGS-TV,380193.0,733633.9702723026
7484,HGS-TV,380193.0,733910.3274736404
7485,HGS-TV,380193.0,734007.1950936317
7486,HGS-TV,380193.0,734067.2050955296
7487,HGS-TV,380193.0,734127.2189869881
7488,HGS-TV,380193.0,734187.2631313801
7489,HGS-TV,380193.0,734247.2666211128
7490,HGS-TV,380193.0,734395.3848628998
7491,HGS-TV,380193.0,734455.4277968407
7492,HGS-TV,380193.0,734665.188277483
7493,HGS-TV,380193.0,735828.6896073818
7494,HGS-TV,380193.0,735888.7048428059
7495,HGS-TV,380193.0,735948.717446804
7496,HGS-TV,380193.0,736241.6235990524
7497,HGS-TV,380193.0,737811.4507491589
7498,HGS-TV,380193.0,737871.5052204132
7499,HGS-TV,380193.0,737931.5813279152
7500,HGS-TV,380193.0,737991.6300404072
7501,HGS-TV,380193.0,738051.7269203663
7502,HGS-TV,380193.0,738111.7993621826
7503,HGS-TV,380193.0,738171.8134531975
7504,HGS-TV,380193.0,738231.8670454025
7505,HGS-TV,380193.0,738291.8965883255
7506,HGS-TV,380193.0,738351.9100432396
7507,HGS-TV,380193.0,738411.9786427021
7508,HGS-TV,380193.0,738472.018727541
7509,HGS-TV,380193.0,738532.0694320202
7510,HGS-TV,380193.0,738592.1235406399
7511,HGS-TV,380193.0,738652.2088422775
7512,HGS-TV,380193.0,738712.2363255024
7513,HGS-TV,380193.0,738772.2884528637
7514,HGS-TV,380193.0,738832.3406102657
7515,HGS-TV,380193.0,738892.4180929661
7516,HGS-TV,380193.0,738952.5109922886
7517,HGS-TV,380193.0,739012.6047410965
7518,HGS-TV,380193.0,739072.63270998
7519,HGS-TV,380193.0,739132.6563541889
7520,HGS-TV,380193.0,739192.7582466602
7521,HGS-TV,380193.0,739252.8638193607
7522,HGS-TV,380193.0,739312.8895885944
7523,HGS-TV,380193.0,739372.9148099422
7524,HGS-TV,380193.0,739433.0146465302
7525,HGS-TV,380193.0,739493.0660712719
7526,HGS-TV,380193.0,739553.1202175617
7527,HGS-TV,380193.0,739620.1400589943
7528,HGS-TV,380193.0,739680.1653592587
7529,HGS-TV,380193.0,739740.254515171
7530,HGS-TV,380193.0,739800.3710882664
7531,HGS-TV,380193.0,739860.3800358772
7532,HGS-TV,380193.0,739920.3905410767
7533,HGS-TV,380193.0,739986.4210746288
7534,HGS-TV,380193.0,740046.4996166229
7535,HGS-TV,380193.0,740106.5029604435
7536,HGS-TV,380193.0,740166.5739290714
7537,HGS-TV,380193.0,740226.6004271507
7538,HGS-TV,380193.0,740286.6224908829
7539,HGS-TV,380193.0,740346.64346385
7540,HGS-TV,380193.0,740406.6503510475
7541,HGS-TV,380193.0,740466.6525089741
7542,HGS-TV,380193.0,740526.6883983612
7543,HGS-TV,380193.0,740586.7088358402
7544,HGS-TV,380193.0,740646.7584478855
7545,HGS-TV,380193.0,740706.7881789207
7546,HGS-TV,380193.0,740766.8287529945
7547,HGS-TV,380193.0,740826.8342466354
7548,HGS-TV,380193.0,740886.8474402428
7549,HGS-TV,380193.0,740946.885774374
7550,HGS-TV,380193.0,741006.9539136887
7551,HGS-TV,380193.0,741067.0069470406
7552,HGS-TV,380193.0,741127.0797874928
7553,HGS-TV,380193.0,741187.0933115482
7554,HGS-TV,380193.0,741247.188806057
7555,HGS-TV,380193.0,741307.2437810898
7556,HGS-TV,380193.0,741367.3296399117
7557,HGS-TV,380193.0,741427.4259371758
7558,HGS-TV,380193.0,741487.4628829956
7559,HGS-TV,380193.0,741547.536044836
7560,HGS-TV,380193.0,741607.5677485466
7561,HGS-TV,380193.0,741667.5803544521
7562,HGS-TV,380193.0,741727.6472725868
7563,HGS-TV,380193.0,741787.6948144436
7564,HGS-TV,380193.0,741847.6977038383
7565,HGS-TV,380193.0,741907.8011026382
7566,HGS-TV,380193.0,741967.8443009853
7567,HGS-TV,380193.0,742027.9580075741
7568,HGS-TV,380193.0,742088.0591239929
7569,HGS-TV,380193.0,742148.1156725883
7570,HGS-TV,380193.0,742208.1693549156
7571,HGS-TV,380193.0,742268.2009050846
7572,HGS-TV,380193.0,742328.2620232105
7573,HGS-TV,380193.0,742388.3542048931
7574,HGS-TV,380193.0,742448.404512167
7575,HGS-TV,380193.0,742508.4898107052
7576,HGS-TV,380193.0,742568.5252945423
7577,HGS-TV,380193.0,742628.5454206467
7578,HGS-TV,380193.0,742706.1311838627
7579,HGS-TV,380193.0,742771.092842102
7580,HGS-TV,380193.0,742831.1022341251
7581,HGS-TV,380193.0,742891.2105772495
7582,HGS-TV,380193.0,742951.2774591446
7583,HGS-TV,380193.0,743011.3893351555
7584,HGS-TV,380193.0,743071.415686369
7585,HGS-TV,380193.0,743132.211097002
7586,HGS-TV,380193.0,743291.0227553844
7587,HGS-TV,380193.0,743351.0530614853
7588,HGS-TV,380193.0,743411.100843668
7589,HGS-TV,380193.0,743471.1065425873
7590,HGS-TV,380193.0,743587.084032774
7591,HGS-TV,380193.0,743647.1582708359
7592,HGS-TV,380193.0,743775.1894056797
7593,HGS-TV,380193.0,743835.2166600227
7594,HGS-TV,380193.0,743914.5672903061
7595,HGS-TV,380193.0,743974.5972518921
7596,HGS-TV,380193.0,744145.3121213913
7597,HGS-TV,380193.0,744205.3244180679
7598,HGS-TV,380193.0,744265.4046330452
7599,HGS-TV,380193.0,744351.5692818165
7600,HGS-TV,380193.0,744450.1221263409
7601,HGS-TV,380193.0,744510.1734759808
7602,HGS-TV,380193.0,744570.2600910664
7603,HGS-TV,380193.0,744630.3100197315
7604,HGS-TV,380193.0,744690.311424017
7605,HGS-TV,380193.0,744750.3438279629
7606,HGS-TV,380193.0,744810.3771524429
7607,HGS-TV,380193.0,744870.396001339
7608,HGS-TV,380193.0,744930.4445114136
7609,HGS-TV,380193.0,744990.4737377167
7610,HGS-TV,380193.0,745050.4983711243
7611,HGS-TV,380193.0,745110.5044379234
7612,HGS-TV,380193.0,745170.5551798344
7613,HGS-TV,380193.0,745230.5719110966
7614,HGS-TV,380193.0,745290.6190955639
7615,HGS-TV,380193.0,745350.6207766533
7616,HGS-TV,380193.0,745410.6547584534
7617,HGS-TV,380193.0,745470.6663234234
7618,HGS-TV,380193.0,745530.7426919937
7619,HGS-TV,380193.0,745590.758089304
7620,ails2_etaMax1.000_stoppingTime1728000.00,380465.0,745700.1190649414
7621,HGS-TV,380193.0,745720.978181839
7622,ails2_etaMax1.000_stoppingTime1728000.00,380451.0,745700.1430649414
7623,HGS-TV,380193.0,745781.0509974957
7624,HGS-TV,380193.0,745841.0845346451
7625,HGS-TV,380193.0,745901.1712214947
7626,HGS-TV,380193.0,746006.9203455448
7627,HGS-TV,380193.0,746089.4497945309
7628,HGS-TV,380193.0,746280.3995320797
7629,HGS-TV,380193.0,746381.5749986172
7630,HGS-TV,380193.0,746509.9530508518
7631,HGS-TV,380193.0,746574.2723755836
7632,HGS-TV,380193.0,746634.3291945457
7633,HGS-TV,380193.0,746694.3374333382
7634,HGS-TV,380193.0,746754.3769879341
7635,HGS-TV,380193.0,746816.7292432785
7636,HGS-TV,380193.0,746876.8164124489
7637,HGS-TV,380193.0,746936.837492466
7638,HGS-TV,380193.0,746999.8794257641
7639,HGS-TV,380193.0,747115.9578459263
7640,HGS-TV,380193.0,747176.0431866646
7641,HGS-TV,380193.0,747236.0481374264
7642,HGS-TV,380193.0,747296.0577275753
7643,HGS-TV,380193.0,747356.1268341541
7644,HGS-TV,380193.0,747416.1556210518
7645,HGS-TV,380193.0,747476.2456812859
7646,HGS-TV,380193.0,747570.9073901176
7647,HGS-TV,380193.0,747630.9281380177
7648,HGS-TV,380193.0,747690.9715228081
7649,HGS-TV,380193.0,747750.9972400665
7650,HGS-TV,380193.0,747821.0702695847
7651,HGS-TV,380193.0,747926.4203658104
7652,HGS-TV,380193.0,747986.4615762234
7653,HGS-TV,380193.0,748046.4776449203
7654,HGS-TV,380193.0,748449.859531641
7655,HGS-TV,380193.0,748544.4475531578
7656,HGS-TV,380193.0,748675.7270617485
7657,HGS-TV,380193.0,748809.3114562035
7658,HGS-TV,380193.0,748974.8375964165
7659,HGS-TV,380193.0,749241.0048966408
7660,HGS-TV,380193.0,749377.2920899391
7661,HGS-TV,380193.0,749437.3190143108
7662,HGS-TV,380193.0,749497.3717310429
7663,HGS-TV,380193.0,749807.4383530617
7664,HGS-TV,380193.0,749938.5198774338
7665,HGS-TV,380193.0,749998.5564508438
7666,HGS-TV,380193.0,750061.1708288193
7667,HGS-TV,380193.0,750121.187486887
7668,HGS-TV,380193.0,750227.6291568279
7669,HGS-TV,380193.0,750287.650069952
7670,HGS-TV,380193.0,750347.6697108746
7671,HGS-TV,380193.0,750425.7364552021
7672,HGS-TV,380193.0,750485.7937066555
7673,HGS-TV,380193.0,750545.8055553436
7674,HGS-TV,380193.0,750605.8117625713
7675,HGS-TV,380193.0,750665.8762743473
7676,HGS-TV,380193.0,750725.982624054
7677,HGS-TV,380193.0,750876.7098679543
7678,HGS-TV,380193.0,750954.4332034588
7679,HGS-TV,380193.0,751155.8583147526
7680,HGS-TV,380193.0,751261.656276226
7681,HGS-TV,380193.0,751321.6829736233
7682,HGS-TV,380193.0,751631.524392128
7683,HGS-TV,380193.0,751728.008554697
7684,HGS-TV,380193.0,751795.3060479164
7685,HGS-TV,380193.0,751855.3567326069
7686,HGS-TV,380193.0,751915.3703153133
7687,HGS-TV,380193.0,751975.3989341259
7688,HGS-TV,380193.0,752035.4780004025
7689,HGS-TV,380193.0,752095.480525732
7690,HGS-TV,380193.0,752353.6471216679
7691,HGS-TV,380193.0,752455.228096962
7692,HGS-TV,380193.0,752515.2768065929
7693,HGS-TV,380193.0,752674.9616279602
7694,HGS-TV,380193.0,752760.2450900078
7695,HGS-TV,380193.0,752820.2466936111
7696,HGS-TV,380193.0,753669.0139737129
7697,HGS-TV,380193.0,753787.7914493084
7698,HGS-TV,380193.0,754729.7843852043
7699,HGS-TV,380193.0,756382.6534440517
7700,HGS-TV,380193.0,756442.6589729786
7701,HGS-TV,380193.0,756502.6811788082
7702,HGS-TV,380193.0,756562.7553057671
7703,HGS-TV,380193.0,756622.7910459042
7704,HGS-TV,380193.0,756682.8754549026
7705,HGS-TV,380193.0,756742.9243757725
7706,HGS-TV,380193.0,756802.9441785812
7707,HGS-TV,380193.0,756863.0336437225
7708,HGS-TV,380193.0,756923.1166510582
7709,HGS-TV,380193.0,756983.1232624054
7710,HGS-TV,380193.0,757043.1915462017
7711,HGS-TV,380193.0,757103.2372720242
7712,HGS-TV,380193.0,757163.3316361904
7713,HGS-TV,380193.0,757223.4330773354
7714,HGS-TV,380193.0,757283.4924666882
7715,HGS-TV,380193.0,757343.5105924606
7716,HGS-TV,380193.0,757403.5322387218
7717,HGS-TV,380193.0,757463.5398910046
7718,HGS-TV,380193.0,757523.5965042114
7719,HGS-TV,380193.0,757583.6693150997
7720,HGS-TV,380193.0,757643.6901853085
7721,HGS-TV,380193.0,757703.7250154018
7722,HGS-TV,380193.0,757763.7888040543
7723,HGS-TV,380193.0,757823.8105602264
7724,HGS-TV,380193.0,757883.9246819019
7725,HGS-TV,380193.0,757943.9476501942
7726,HGS-TV,380193.0,758003.9765350819
7727,HGS-TV,380193.0,758063.9930891991
7728,HGS-TV,380193.0,758123.9945747852
7729,HGS-TV,380193.0,758190.3676762581
7730,HGS-TV,380193.0,758250.4674518108
7731,HGS-TV,380193.0,758310.5323681831
7732,HGS-TV,380193.0,758370.5396845341
7733,HGS-TV,380193.0,758430.6087727547
7734,HGS-TV,380193.0,758490.6445498466
7735,HGS-TV,380193.0,758550.7415187359
7736,HGS-TV,380193.0,758610.8042531013
7737,HGS-TV,380193.0,758672.6294906139
7738,HGS-TV,380193.0,758736.8390996456
7739,HGS-TV,380193.0,758796.8770279884
7740,HGS-TV,380193.0,758856.9534378052
7741,HGS-TV,380193.0,758916.9865159988
7742,HGS-TV,380193.0,758977.0239036083
7743,HGS-TV,380193.0,759037.0942988396
7744,HGS-TV,380193.0,759097.1269721985
7745,HGS-TV,380193.0,759157.1651136875
7746,HGS-TV,380193.0,759217.2542657852
7747,HGS-TV,380193.0,759277.3207206726
7748,HGS-TV,380193.0,759337.4074876308
7749,HGS-TV,380193.0,759397.4141271114
7750,HGS-TV,380193.0,759499.817337513
7751,HGS-TV,380193.0,759559.8477399349
7752,HGS-TV,380193.0,759619.9205577374
7753,HGS-TV,380193.0,759679.9834022522
7754,HGS-TV,380193.0,759740.0928072929
7755,HGS-TV,380193.0,759807.3533816338
7756,HGS-TV,380193.0,759867.3905725479
7757,HGS-TV,380193.0,759927.5392949581
7758,HGS-TV,380193.0,760043.0166935921
7759,HGS-TV,380193.0,760103.0764451027
7760,HGS-TV,380193.0,760163.1553893089
7761,HGS-TV,380193.0,760223.1826016903
7762,HGS-TV,380193.0,760283.3005707264
7763,HGS-TV,380193.0,760360.0442843437
7764,HGS-TV,380193.0,760420.0525650978
7765,HGS-TV,380193.0,760505.8073458672
7766,HGS-TV,380193.0,760565.8693230152
7767,HGS-TV,380193.0,760627.0564858913
7768,HGS-TV,380193.0,760702.2771708965
7769,HGS-TV,380193.0,760906.5774888992
7770,HGS-TV,380193.0,760966.6060304642
7771,HGS-TV,380193.0,761026.6893146038
7772,HGS-TV,380193.0,761121.2275636196
7773,HGS-TV,380193.0,761190.1997659206
7774,HGS-TV,380193.0,761264.1159768105
7775,HGS-TV,380193.0,761360.4435019493
7776,HGS-TV,380193.0,761420.5430305004
7777,HGS-TV,380193.0,761480.5507509708
7778,HGS-TV,380193.0,761540.5989322662
7779,HGS-TV,380193.0,761600.6182873249
7780,HGS-TV,380193.0,761674.560885191
7781,HGS-TV,380193.0,761734.593836546
7782,HGS-TV,380193.0,761811.5497670174
7783,HGS-TV,380193.0,762009.1658806801
7784,HGS-TV,380193.0,762094.539809227
7785,HGS-TV,380193.0,762296.8543014526
7786,HGS-TV,380193.0,762537.0213243961
7787,HGS-TV,380193.0,762624.0019929409
7788,HGS-TV,380193.0,762789.730091095
7789,HGS-TV,380193.0,762977.6321587563
7790,HGS-TV,380193.0,763797.3625397682
7791,HGS-TV,380193.0,763969.3568058014
7792,HGS-TV,380193.0,764029.3715503216
7793,HGS-TV,380193.0,764089.4008638859
7794,HGS-TV,380193.0,764149.4710943699
7795,HGS-TV,380193.0,764209.4734280109
7796,HGS-TV,380193.0,764813.9482853413
7797,HGS-TV,380193.0,765217.1221716404
7798,HGS-TV,380193.0,766721.1569285393
7799,HGS-TV,380193.0,766781.1596570015
7800,HGS-TV,380193.0,766841.2077260017
7801,HGS-TV,380193.0,766901.2757070065
7802,HGS-TV,380193.0,766961.3062996864
7803,HGS-TV,380193.0,767021.3924202919
7804,HGS-TV,380193.0,767081.4889760017
7805,HGS-TV,380193.0,767141.5324881077
7806,HGS-TV,380193.0,767201.5744392872
7807,HGS-TV,380193.0,767261.5746808052
7808,HGS-TV,380193.0,767321.667396307
7809,HGS-TV,380193.0,767381.7156655788
7810,HGS-TV,380193.0,767441.7719128132
7811,HGS-TV,380193.0,767501.8385717869
7812,HGS-TV,380193.0,767561.939845562
7813,HGS-TV,380193.0,767621.9864513874
7814,HGS-TV,380193.0,767682.0026919842
7815,HGS-TV,380193.0,767742.0931665897
7816,HGS-TV,380193.0,767802.1507031918
7817,HGS-TV,380193.0,767862.183095932
7818,HGS-TV,380193.0,767922.1996331215
7819,HGS-TV,380193.0,767990.5156538486
7820,HGS-TV,380193.0,768050.5782663822
7821,HGS-TV,380193.0,768110.6958124638
7822,HGS-TV,380193.0,768170.7571818829
7823,HGS-TV,380193.0,768230.8167479038
7824,HGS-TV,380193.0,768290.8592295647
7825,HGS-TV,380193.0,768350.9332361221
7826,HGS-TV,380193.0,768410.9935390949
7827,HGS-TV,380193.0,768471.0189263821
7828,HGS-TV,380193.0,768531.0575082302
7829,HGS-TV,380193.0,768591.0979995728
7830,HGS-TV,380193.0,768651.1334528923
7831,HGS-TV,380193.0,768711.208593607
7832,HGS-TV,380193.0,768771.2540974617
7833,HGS-TV,380193.0,768831.3151783943
7834,HGS-TV,380193.0,768891.37733078
7835,HGS-TV,380193.0,768951.412681818
7836,HGS-TV,380193.0,769011.4316148758
7837,HGS-TV,380193.0,769071.4699988365
7838,HGS-TV,380193.0,769131.5376491547
7839,HGS-TV,380193.0,769191.5721814632
7840,HGS-TV,380193.0,769251.6133532524
7841,HGS-TV,380193.0,769311.6252427101
7842,HGS-TV,380193.0,769371.6605598927
7843,HGS-TV,380193.0,769431.663828373
7844,HGS-TV,380193.0,769491.7337422371
7845,HGS-TV,380193.0,769551.7698683739
7846,HGS-TV,380193.0,769611.8434166908
7847,HGS-TV,380193.0,769671.864487648
7848,HGS-TV,380193.0,769731.9082541466
7849,HGS-TV,380193.0,769791.9268090725
7850,HGS-TV,380193.0,769851.9486429691
7851,HGS-TV,380193.0,769912.0322992802
7852,HGS-TV,380193.0,769972.0405595303
7853,HGS-TV,380193.0,770032.0430920124
7854,HGS-TV,380193.0,770092.077763319
7855,HGS-TV,380193.0,770152.0847043991
7856,HGS-TV,380193.0,770212.1506948471
7857,HGS-TV,380193.0,770327.2104568481
7858,HGS-TV,380193.0,770563.0298998356
7859,HGS-TV,380193.0,770692.9820299149
7860,HGS-TV,380193.0,770753.0441813469
7861,HGS-TV,380193.0,770813.0695943832
7862,HGS-TV,380193.0,770958.4787244797
7863,HGS-TV,380193.0,771018.4889059067
7864,HGS-TV,380193.0,771154.5634450912
7865,HGS-TV,380193.0,771279.9645531178
7866,HGS-TV,380193.0,771340.0129482746
7867,HGS-TV,380193.0,771400.0326786041
7868,HGS-TV,380193.0,771460.0510196686
7869,HGS-TV,380193.0,771520.0875315666
7870,HGS-TV,380193.0,771580.0946393013
7871,HGS-TV,380193.0,771640.156452179
7872,HGS-TV,380193.0,771700.1851844788
7873,HGS-TV,380193.0,771760.2375941277
7874,HGS-TV,380193.0,771820.2580566406
7875,HGS-TV,380193.0,771880.3120419979
7876,HGS-TV,380193.0,771940.3757083416
7877,HGS-TV,380193.0,772000.3789217472
7878,HGS-TV,380193.0,772060.4505271912
7879,HGS-TV,380193.0,772120.469180584
7880,HGS-TV,380193.0,772180.5543539524
7881,HGS-TV,380193.0,772240.6294431686
7882,HGS-TV,380193.0,772300.629657507
7883,HGS-TV,380193.0,772360.6674349308
7884,HGS-TV,380193.0,772420.7124199867
7885,HGS-TV,380193.0,772480.7343027592
7886,HGS-TV,380193.0,772540.7534275055
7887,HGS-TV,380193.0,772652.3753581047
7888,HGS-TV,380193.0,772712.4002864361
7889,HGS-TV,380193.0,772772.4128508568
7890,HGS-TV,380193.0,772841.1634583473
7891,HGS-TV,380193.0,772901.1871933937
7892,HGS-TV,380193.0,773018.7509729862
7893,HGS-TV,380193.0,773078.7635660172
7894,HGS-TV,380193.0,773138.8075463772
7895,HGS-TV,380193.0,773253.1042129993
7896,HGS-TV,380193.0,773315.3578255177
7897,HGS-TV,380193.0,773409.7019424438
7898,HGS-TV,380193.0,773469.7035017014
7899,HGS-TV,380193.0,773529.7713520527
7900,HGS-TV,380193.0,773589.7932915688
7901,HGS-TV,380193.0,773649.8388447762
7902,HGS-TV,380193.0,773709.8520674706
7903,HGS-TV,380193.0,773769.8821213245
7904,HGS-TV,380193.0,773829.9355819225
7905,HGS-TV,380193.0,774065.9849038124
7906,HGS-TV,380193.0,774132.4008119106
7907,HGS-TV,380193.0,774192.4200129509
7908,HGS-TV,380193.0,774252.4898762703
7909,HGS-TV,380193.0,774312.4946918488
7910,HGS-TV,380193.0,774372.5469982624
7911,HGS-TV,380193.0,774432.6608066559
7912,HGS-TV,380193.0,774492.7356386185
7913,HGS-TV,380193.0,774552.804653883
7914,HGS-TV,380193.0,774612.8643155098
7915,HGS-TV,380193.0,774672.9503426552
7916,HGS-TV,380193.0,774732.9794909954
7917,HGS-TV,380193.0,774793.02282691
7918,HGS-TV,380193.0,774853.0925118923
7919,HGS-TV,380193.0,774913.1620666981
7920,HGS-TV,380193.0,774973.2274665833
7921,HGS-TV,380193.0,775033.2941365242
7922,HGS-TV,380193.0,775093.305968523
7923,HGS-TV,380193.0,775153.3642628193
7924,HGS-TV,380193.0,775213.4473073483
7925,HGS-TV,380193.0,775273.473575592
7926,HGS-TV,380193.0,775333.5551111698
7927,HGS-TV,380193.0,775393.633138895
7928,HGS-TV,380193.0,775453.6655602455
7929,HGS-TV,380193.0,775524.4613878727
7930,HGS-TV,380193.0,775584.4714081287
7931,HGS-TV,380193.0,775644.4937238693
7932,HGS-TV,380193.0,775707.7756142616
7933,HGS-TV,380193.0,775767.800880909
7934,HGS-TV,380193.0,775827.8274765015
7935,HGS-TV,380193.0,775887.8622221947
7936,HGS-TV,380193.0,775947.8911952972
7937,HGS-TV,380193.0,776043.9734108448
7938,HGS-TV,380193.0,776104.032222271
7939,HGS-TV,380193.0,776190.2372615337
7940,HGS-TV,380193.0,776295.8041799068
7941,HGS-TV,380193.0,776380.1019687653
7942,HGS-TV,380193.0,776606.4042270184
7943,HGS-TV,380193.0,776666.4218673706
7944,HGS-TV,380193.0,776850.2121498585
7945,HGS-TV,380193.0,776910.2781653404
7946,HGS-TV,380193.0,777262.830946207
7947,HGS-TV,380193.0,777421.7084171772
7948,HGS-TV,380193.0,777516.0768108368
7949,HGS-TV,380193.0,777576.0975420475
7950,HGS-TV,380193.0,777641.5610399246
7951,HGS-TV,380193.0,777701.6086423397
7952,HGS-TV,380193.0,777874.6783969402
7953,HGS-TV,380193.0,777934.7118675709
7954,HGS-TV,380193.0,778210.2068145275
7955,HGS-TV,380193.0,779064.9343953133
7956,HGS-TV,380193.0,779611.0971562862
7957,HGS-TV,380193.0,779671.1621277332
7958,HGS-TV,380193.0,779731.1808536053
7959,HGS-TV,380193.0,779791.1834144592
7960,HGS-TV,380193.0,779924.9177625179
7961,HGS-TV,380193.0,780128.1483917236
7962,HGS-TV,380193.0,780470.8994340897
7963,HGS-TV,380193.0,780543.1805686951
7964,HGS-TV,380193.0,780659.9501605034
7965,HGS-TV,380193.0,780719.9564061165
7966,HGS-TV,380193.0,780811.4404485226
7967,HGS-TV,380193.0,781091.845720768
7968,HGS-TV,380193.0,781152.8644142151
7969,HGS-TV,380193.0,781212.8677573204
7970,HGS-TV,380193.0,781490.4347574711
7971,HGS-TV,380193.0,781632.0958683491
7972,HGS-TV,380193.0,781948.7727069855
7973,HGS-TV,380193.0,783565.0255663395
7974,HGS-TV,380193.0,783625.1204156876
7975,HGS-TV,380193.0,783685.1778349876
7976,HGS-TV,380193.0,783745.2579061985
7977,HGS-TV,380193.0,783805.3107938766
7978,HGS-TV,380193.0,783865.3203861713
7979,HGS-TV,380193.0,783925.3811159134
7980,HGS-TV,380193.0,783985.4403219223
7981,HGS-TV,380193.0,784045.5159125328
7982,HGS-TV,380193.0,784105.6351673603
7983,HGS-TV,380193.0,784165.7005519867
7984,HGS-TV,380193.0,784225.7982840538
7985,HGS-TV,380193.0,784285.8514137268
7986,HGS-TV,380193.0,784346.0094282627
7987,HGS-TV,380193.0,784406.0151820183
7988,HGS-TV,380193.0,784466.1027545929
7989,HGS-TV,380193.0,784526.114320755
7990,HGS-TV,380193.0,784586.1540644169
7991,HGS-TV,380193.0,784646.2222588062
7992,HGS-TV,380193.0,784706.3307259083
7993,HGS-TV,380193.0,784766.3380277157
7994,HGS-TV,380193.0,784827.4064912796
7995,HGS-TV,380193.0,784887.4510960579
7996,HGS-TV,380193.0,784947.4607977867
7997,HGS-TV,380193.0,785007.5055334568
7998,HGS-TV,380193.0,785067.511983633
7999,HGS-TV,380193.0,785127.5987772942
8000,HGS-TV,380193.0,785187.6466932297
8001,HGS-TV,380193.0,785247.6995420456
8002,HGS-TV,380193.0,785307.7265300751
8003,HGS-TV,380193.0,785367.831230402
8004,HGS-TV,380193.0,785427.854682684
8005,HGS-TV,380193.0,785487.9082942009
8006,HGS-TV,380193.0,785547.9139163494
8007,HGS-TV,380193.0,785607.9462976456
8008,HGS-TV,380193.0,785667.951744318
8009,HGS-TV,380193.0,785728.0210864544
8010,HGS-TV,380193.0,785788.0264761448
8011,HGS-TV,380193.0,785848.0983362198
8012,HGS-TV,380193.0,785908.1062021255
8013,HGS-TV,380193.0,785968.1634278297
8014,HGS-TV,380193.0,786028.1811654568
8015,HGS-TV,380193.0,786088.1840872765
8016,HGS-TV,380193.0,786148.2083363533
8017,HGS-TV,380193.0,786208.2344353199
8018,HGS-TV,380193.0,786268.3305089474
8019,HGS-TV,380193.0,786328.3445863724
8020,HGS-TV,380193.0,786388.4621198177
8021,HGS-TV,380193.0,786448.4662058353
8022,HGS-TV,380193.0,786508.5512158871
8023,HGS-TV,380193.0,786568.6080801487
8024,HGS-TV,380193.0,786628.6487269402
8025,HGS-TV,380193.0,786688.7117135525
8026,HGS-TV,380193.0,786748.7815206051
8027,HGS-TV,380193.0,786808.7926502228
8028,HGS-TV,380193.0,786868.8082063198
8029,HGS-TV,380193.0,786932.5751791
8030,HGS-TV,380193.0,786992.6077337265
8031,HGS-TV,380193.0,787052.6903290749
8032,HGS-TV,380193.0,787112.7403104305
8033,HGS-TV,380193.0,787184.7029719353
8034,HGS-TV,380193.0,787244.7895064354
8035,HGS-TV,380193.0,787304.8693418503
8036,HGS-TV,380193.0,787364.928853035
8037,HGS-TV,380193.0,787425.0213465691
8038,HGS-TV,380193.0,787487.6298992634
8039,HGS-TV,380193.0,787547.6779055595
8040,HGS-TV,380193.0,787607.7021107674
8041,HGS-TV,380193.0,787667.7154409885
8042,HGS-TV,380193.0,787748.3090994358
8043,HGS-TV,380193.0,787822.5366182327
8044,HGS-TV,380193.0,787882.5819387436
8045,HGS-TV,380193.0,787942.6323428154
8046,HGS-TV,380193.0,788002.6844637394
8047,HGS-TV,380193.0,788091.755638361
8048,HGS-TV,380193.0,788199.38965559
8049,HGS-TV,380193.0,788259.4520483017
8050,HGS-TV,380193.0,788319.5600149632
8051,HGS-TV,380193.0,788379.6054699421
8052,HGS-TV,380193.0,788487.9780695438
8053,HGS-TV,380193.0,788548.0519928932
8054,HGS-TV,380193.0,788608.069485426
8055,HGS-TV,380193.0,788781.5803823471
8056,HGS-TV,380193.0,788927.6381168365
8057,HGS-TV,380193.0,789016.27526927
8058,HGS-TV,380193.0,789076.3164908886
8059,HGS-TV,380193.0,789507.2400169373
8060,HGS-TV,380193.0,789860.821031332
8061,HGS-TV,380193.0,790017.3699553013
8062,HGS-TV,380193.0,790095.8064522743
8063,HGS-TV,380193.0,790155.9045433998
8064,HGS-TV,380193.0,790215.9831709862
8065,HGS-TV,380193.0,790719.2475030422
8066,HGS-TV,380193.0,790855.8121345043
8067,HGS-TV,380193.0,791072.786002636
8068,HGS-TV,380193.0,791573.5352566242
8069,HGS-TV,380193.0,791633.5997297764
8070,HGS-TV,380193.0,791693.6806378365
8071,HGS-TV,380193.0,791753.6998803616
8072,HGS-TV,380193.0,791813.7632067204
8073,HGS-TV,380193.0,791873.8164386749
8074,HGS-TV,380193.0,791951.7557342052
8075,HGS-TV,380193.0,792011.7914662361
8076,HGS-TV,380193.0,792159.5832078457
8077,HGS-TV,380193.0,792549.6052019596
8078,HGS-TV,380193.0,792609.6242251396
8079,HGS-TV,380193.0,792669.6409063339
8080,HGS-TV,380193.0,792803.3507082462
8081,HGS-TV,380193.0,792871.472687006
8082,HGS-TV,380193.0,792935.2007472515
8083,HGS-TV,380193.0,792995.2154746056
8084,HGS-TV,380193.0,793116.0812766552
8085,HGS-TV,380193.0,793815.3453214169
8086,HGS-TV,380193.0,794015.7174193859
8087,HGS-TV,380193.0,794075.7290687561
8088,HGS-TV,380193.0,794135.7992186546
8089,HGS-TV,380193.0,794195.799813509
8090,ails2_etaMax1.000_stoppingTime1728000.00,380448.0,794584.1320649415
8091,ails2_etaMax1.000_stoppingTime1728000.00,380441.0,794584.1660649414
8092,HGS-TV,380193.0,794996.1421923637
8093,HGS-TV,380193.0,795300.7698690891
8094,HGS-TV,380193.0,795360.846442461
8095,HGS-TV,380193.0,795792.1855604649
8096,HGS-TV,380193.0,795992.4868426323
8097,HGS-TV,380193.0,796140.2762155533
8098,HGS-TV,380193.0,796222.9229187965
8099,HGS-TV,380193.0,796282.9250295162
8100,HGS-TV,380193.0,796342.9878976345
8101,HGS-TV,380193.0,796403.0640072823
8102,HGS-TV,380193.0,796487.1618869305
8103,HGS-TV,380193.0,796547.2092585564
8104,HGS-TV,380193.0,796792.4826900959
8105,HGS-TV,380193.0,797056.3291442394
8106,ails2_etaMax1.000_stoppingTime1728000.00,380422.0,797718.1600649414
8107,HGS-TV,380193.0,798083.1964673996
8108,HGS-TV,380193.0,799517.3178875446
8109,HGS-TV,380193.0,799632.8847625256
8110,HGS-TV,380193.0,799692.908356905
8111,HGS-TV,380193.0,799774.5726232529
8112,HGS-TV,380193.0,799834.5749926567
8113,HGS-TV,380193.0,799948.3198060989
8114,HGS-TV,380193.0,800010.2245874405
8115,HGS-TV,380193.0,800129.8758387566
8116,HGS-TV,380193.0,800189.8926503658
8117,HGS-TV,380193.0,800249.9855234623
8118,HGS-TV,380193.0,800320.6814904213
8119,HGS-TV,380193.0,800432.8755548
8120,HGS-TV,380193.0,800492.9108755589
8121,HGS-TV,380193.0,800552.918330431
8122,HGS-TV,380193.0,800612.9881868362
8123,HGS-TV,380193.0,800759.735970974
8124,HGS-TV,380193.0,800909.5128331184
8125,HGS-TV,380193.0,800969.5901789665
8126,HGS-TV,380193.0,802464.4854917526
8127,HGS-TV,380193.0,802524.4908986092
8128,HGS-TV,380193.0,802584.5424778461
8129,HGS-TV,380193.0,802644.6596136093
8130,HGS-TV,380193.0,802704.6832809448
8131,HGS-TV,380193.0,802764.7392230034
8132,HGS-TV,380193.0,802824.8608911037
8133,HGS-TV,380193.0,802884.931466341
8134,HGS-TV,380193.0,802944.9518887997
8135,HGS-TV,380193.0,803004.9563667774
8136,HGS-TV,380193.0,803064.9655306339
8137,HGS-TV,380193.0,803124.9795100689
8138,HGS-TV,380193.0,803185.0678563118
8139,HGS-TV,380193.0,803245.1286549568
8140,HGS-TV,380193.0,803305.150801897
8141,HGS-TV,380193.0,803365.1977117062
8142,HGS-TV,380193.0,803425.2262063026
8143,HGS-TV,380193.0,803485.2949924469
8144,HGS-TV,380193.0,803545.3149695396
8145,HGS-TV,380193.0,803605.3979930878
8146,HGS-TV,380193.0,803665.434615612
8147,HGS-TV,380193.0,803725.5063579082
8148,HGS-TV,380193.0,803785.5527570248
8149,HGS-TV,380193.0,803850.4250333309
8150,HGS-TV,380193.0,803910.4821453094
8151,HGS-TV,380193.0,803970.5284135342
8152,HGS-TV,380193.0,804030.5821187496
8153,HGS-TV,380193.0,804090.6253151894
8154,HGS-TV,380193.0,804150.6919922829
8155,HGS-TV,380193.0,804210.6928987503
8156,HGS-TV,380193.0,804270.7127017975
8157,HGS-TV,380193.0,804330.751770258
8158,HGS-TV,380193.0,804390.8580796719
8159,HGS-TV,380193.0,804450.9346706867
8160,HGS-TV,380193.0,804510.9951038361
8161,HGS-TV,380193.0,804571.0011074543
8162,HGS-TV,380193.0,804631.006326437
8163,HGS-TV,380193.0,804691.0108850002
8164,HGS-TV,380193.0,804751.0396227837
8165,HGS-TV,380193.0,804811.0637226105
8166,HGS-TV,380193.0,804871.0960321426
8167,HGS-TV,380193.0,804931.1584937572
8168,HGS-TV,380193.0,804991.2614409924
8169,HGS-TV,380193.0,805051.3323962688
8170,HGS-TV,380193.0,805111.3882205486
8171,HGS-TV,380193.0,805171.3963310719
8172,HGS-TV,380193.0,805231.4697778225
8173,HGS-TV,380193.0,805291.4864852428
8174,HGS-TV,380193.0,805351.5471436977
8175,HGS-TV,380193.0,805411.635522604
8176,HGS-TV,380193.0,805471.6759302616
8177,HGS-TV,380193.0,805534.0516209602
8178,HGS-TV,380193.0,805594.0557713509
8179,HGS-TV,380193.0,805654.0835287571
8180,HGS-TV,380193.0,805731.7875638008
8181,HGS-TV,380193.0,805791.8177204132
8182,HGS-TV,380193.0,805851.903349638
8183,HGS-TV,380193.0,805911.9231824875
8184,HGS-TV,380193.0,805971.9577469826
8185,HGS-TV,380193.0,806031.9759366512
8186,HGS-TV,380193.0,806097.345454216
8187,HGS-TV,380193.0,806157.4521336555
8188,HGS-TV,380193.0,806217.4927482605
8189,HGS-TV,380193.0,806277.5304162502
8190,HGS-TV,380193.0,806343.2211737633
8191,HGS-TV,380193.0,806403.2395846844
8192,HGS-TV,380193.0,806463.2993323803
8193,HGS-TV,380193.0,806523.3657240868
8194,HGS-TV,380193.0,806583.3969483376
8195,HGS-TV,380193.0,806643.4083034992
8196,HGS-TV,380193.0,806703.4569325447
8197,HGS-TV,380193.0,806763.4776165485
8198,HGS-TV,380193.0,806823.5133399963
8199,HGS-TV,380193.0,806883.6290938854
8200,HGS-TV,380193.0,806943.6816933155
8201,HGS-TV,380193.0,807006.5415844917
8202,HGS-TV,380193.0,807214.0492982864
8203,HGS-TV,380193.0,807274.1060321331
8204,HGS-TV,380193.0,807334.1076943874
8205,HGS-TV,380193.0,807410.7874753475
8206,HGS-TV,380193.0,807470.8428347111
8207,HGS-TV,380193.0,807530.8780560493
8208,HGS-TV,380193.0,807590.972401619
8209,HGS-TV,380193.0,807833.2329721451
8210,HGS-TV,380193.0,808098.2856912613
8211,HGS-TV,380193.0,808315.9263715744
8212,HGS-TV,380193.0,808433.9991865158
8213,HGS-TV,380193.0,808622.4066534042
8214,HGS-TV,380193.0,808682.4629423618
8215,HGS-TV,380193.0,808883.8034486771
8216,HGS-TV,380193.0,809016.7962765694
8217,HGS-TV,380193.0,809184.43744421
8218,HGS-TV,380193.0,809244.4419116974
8219,HGS-TV,380193.0,809304.513560772
8220,HGS-TV,380193.0,809367.9883155823
8221,HGS-TV,380193.0,809535.8428959846
8222,HGS-TV,380193.0,809619.0278296471
8223,HGS-TV,380193.0,809773.8392064571
8224,HGS-TV,380193.0,810064.6186406612
8225,HGS-TV,380193.0,810136.7310407162
8226,HGS-TV,380193.0,810196.7617108822
8227,HGS-TV,380193.0,810256.7927043438
8228,HGS-TV,380193.0,810316.8867990971
8229,HGS-TV,380193.0,810428.262677908
8230,HGS-TV,380193.0,810488.3601408005
8231,HGS-TV,380193.0,810548.4459006786
8232,HGS-TV,380193.0,810608.5054705143
8233,HGS-TV,380193.0,810668.5747842789
8234,HGS-TV,380193.0,810728.6022744179
8235,HGS-TV,380193.0,810788.6709136963
8236,HGS-TV,380193.0,810848.7492823601
8237,HGS-TV,380193.0,810908.795596838
8238,HGS-TV,380193.0,810968.8720226288
8239,HGS-TV,380193.0,811028.9506180286
8240,HGS-TV,380193.0,811088.9552016258
8241,HGS-TV,380193.0,811148.9798316956
8242,HGS-TV,380193.0,811209.0139803886
8243,HGS-TV,380193.0,811269.0882644653
8244,HGS-TV,380193.0,811329.1013562679
8245,HGS-TV,380193.0,811389.1473550797
8246,HGS-TV,380193.0,811449.1705491543
8247,HGS-TV,380193.0,811534.2636873722
8248,HGS-TV,380193.0,811594.3049294949
8249,HGS-TV,380193.0,811654.3250319958
8250,HGS-TV,380193.0,811728.689759016
8251,HGS-TV,380193.0,812015.9014005661
8252,HGS-TV,380193.0,812075.9389977455
8253,HGS-TV,380193.0,812136.0008177757
8254,HGS-TV,380193.0,812204.1620235443
8255,HGS-TV,380193.0,812314.5647826195
8256,HGS-TV,380193.0,812564.0298089981
8257,HGS-TV,380193.0,812624.062050581
8258,HGS-TV,380193.0,812684.1090245247
8259,HGS-TV,380193.0,812748.0456209183
8260,HGS-TV,380193.0,812808.060259819
8261,HGS-TV,380193.0,812868.1140394211
8262,HGS-TV,380193.0,812928.1502199173
8263,HGS-TV,380193.0,812988.2188944817
8264,HGS-TV,380193.0,813054.4600596428
8265,HGS-TV,380193.0,813123.7117598057
8266,HGS-TV,380193.0,813188.1395828724
8267,HGS-TV,380193.0,813295.9751236439
8268,HGS-TV,380193.0,813356.0203371048
8269,HGS-TV,380193.0,813416.0583534241
8270,HGS-TV,380193.0,813476.0858359337
8271,HGS-TV,380193.0,813545.854808569
8272,HGS-TV,380193.0,813605.9272084236
8273,HGS-TV,380193.0,813735.0778622627
8274,HGS-TV,380193.0,814743.5430121422
8275,HGS-TV,380193.0,814803.5706427097
8276,HGS-TV,380193.0,814863.632483244
8277,HGS-TV,380193.0,815553.2687597275
8278,HGS-TV,380193.0,815886.4487402439
8279,HGS-TV,380193.0,815951.0423378944
8280,HGS-TV,380193.0,816022.9243075848
8281,HGS-TV,380193.0,816091.4687907696
8282,HGS-TV,380193.0,816151.5793049335
8283,HGS-TV,380193.0,816729.4729089737
8284,HGS-TV,380193.0,816808.2978513241
8285,HGS-TV,380193.0,816887.9390983582
8286,HGS-TV,380193.0,816948.0564274788
8287,HGS-TV,380193.0,817020.6197006702
8288,HGS-TV,380193.0,817080.7408838272
8289,HGS-TV,380193.0,817140.8122003078
8290,HGS-TV,380193.0,817330.9297218323
8291,HGS-TV,380193.0,817514.1763169765
8292,HGS-TV,380193.0,817632.5449643135
8293,HGS-TV,380193.0,817692.566501379
8294,HGS-TV,380193.0,817756.3776438236
8295,HGS-TV,380193.0,818059.6831433773
8296,HGS-TV,380193.0,818294.4361827374
8297,HGS-TV,380193.0,819833.624507904
8298,HGS-TV,380193.0,819893.6607038975
8299,HGS-TV,380193.0,819953.7103874683
8300,HGS-TV,380193.0,820013.8057639599
8301,HGS-TV,380193.0,820073.8528268337
8302,HGS-TV,380193.0,820133.8787465096
8303,HGS-TV,380193.0,820193.925961256
8304,HGS-TV,380193.0,820253.9770390987
8305,HGS-TV,380193.0,820314.0604305267
8306,HGS-TV,380193.0,820374.1170041561
8307,HGS-TV,380193.0,820434.1747908592
8308,HGS-TV,380193.0,820494.2992298603
8309,HGS-TV,380193.0,820554.3132255077
8310,HGS-TV,380193.0,820614.3619024754
8311,HGS-TV,380193.0,820674.412242651
8312,HGS-TV,380193.0,820734.466938734
8313,HGS-TV,380193.0,820794.5074677467
8314,HGS-TV,380193.0,820854.5815873146
8315,HGS-TV,380193.0,820914.5946130753
8316,HGS-TV,380193.0,820975.7497437
8317,HGS-TV,380193.0,821035.7774355412
8318,HGS-TV,380193.0,821095.8316445351
8319,HGS-TV,380193.0,821155.8567800522
8320,HGS-TV,380193.0,821215.9273712635
8321,HGS-TV,380193.0,821275.958214283
8322,HGS-TV,380193.0,821336.0248427391
8323,HGS-TV,380193.0,821396.0327625275
8324,HGS-TV,380193.0,821456.0376930237
8325,HGS-TV,380193.0,821516.0653152466
8326,HGS-TV,380193.0,821576.1351766586
8327,HGS-TV,380193.0,821636.1599514484
8328,HGS-TV,380193.0,821696.2549495697
8329,HGS-TV,380193.0,821756.3371019363
8330,HGS-TV,380193.0,821816.4288642406
8331,HGS-TV,380193.0,821876.4676020145
8332,HGS-TV,380193.0,821936.4743118286
8333,HGS-TV,380193.0,821996.4845223427
8334,HGS-TV,380193.0,822056.5067753792
8335,HGS-TV,380193.0,822116.5423996449
8336,HGS-TV,380193.0,822176.5761032104
8337,HGS-TV,380193.0,822236.5839605331
8338,HGS-TV,380193.0,822296.6257970333
8339,HGS-TV,380193.0,822356.7010338306
8340,HGS-TV,380193.0,822454.1338648796
8341,HGS-TV,380193.0,822532.8852453232
8342,HGS-TV,380193.0,822592.9586324692
8343,HGS-TV,380193.0,822672.2567932606
8344,HGS-TV,380193.0,822765.1332304478
8345,HGS-TV,380193.0,822825.2065691948
8346,HGS-TV,380193.0,822885.2487339973
8347,HGS-TV,380193.0,822945.3072915077
8348,HGS-TV,380193.0,823005.3384628296
8349,HGS-TV,380193.0,823065.3560774326
8350,HGS-TV,380193.0,823125.4379663467
8351,HGS-TV,380193.0,823185.4413576126
8352,HGS-TV,380193.0,823245.4435503483
8353,HGS-TV,380193.0,823305.4536821842
8354,HGS-TV,380193.0,823365.46834898
8355,HGS-TV,380193.0,823425.4778928757
8356,HGS-TV,380193.0,823485.4890229702
8357,HGS-TV,380193.0,823569.4201564789
8358,HGS-TV,380193.0,823629.4993286133
8359,HGS-TV,380193.0,823689.5778295994
8360,HGS-TV,380193.0,823749.5932369232
8361,HGS-TV,380193.0,823809.627546072
8362,HGS-TV,380193.0,823869.662031889
8363,HGS-TV,380193.0,823929.6915938854
8364,HGS-TV,380193.0,823989.7631514072
8365,HGS-TV,380193.0,824049.7753024101
8366,HGS-TV,380193.0,824109.7858166695
8367,HGS-TV,380193.0,824251.6744773388
8368,HGS-TV,380193.0,824469.0277683735
8369,HGS-TV,380193.0,824529.0552716255
8370,HGS-TV,380193.0,824589.1169333458
8371,HGS-TV,380193.0,824665.5672931671
8372,HGS-TV,380193.0,824725.5835511684
8373,HGS-TV,380193.0,824785.5897631645
8374,HGS-TV,380193.0,824845.5909049511
8375,HGS-TV,380193.0,824946.4613616467
8376,HGS-TV,380193.0,825006.5514290333
8377,HGS-TV,380193.0,825083.712489605
8378,HGS-TV,380193.0,825243.4470300674
8379,HGS-TV,380193.0,825319.3803391457
8380,HGS-TV,380193.0,825408.782122612
8381,HGS-TV,380193.0,825496.1379930973
8382,HGS-TV,380193.0,825717.090998888
8383,HGS-TV,380193.0,825843.0279898643
8384,HGS-TV,380193.0,826154.283798933
8385,HGS-TV,380193.0,826223.0641150475
8386,HGS-TV,380193.0,826479.3134422302
8387,HGS-TV,380193.0,826603.5351576805
8388,HGS-TV,380193.0,826709.6470711231
8389,HGS-TV,380193.0,826769.6919403076
8390,HGS-TV,380193.0,826856.1265234947
8391,HGS-TV,380193.0,826971.6996393204
8392,HGS-TV,380193.0,827745.7100954056
8393,HGS-TV,380193.0,827805.7186303139
8394,HGS-TV,380193.0,827865.8323743343
8395,HGS-TV,380193.0,827925.8702147007
8396,HGS-TV,380193.0,828000.3894731998
8397,HGS-TV,380193.0,828060.4051332474
8398,HGS-TV,380193.0,828135.2994320393
8399,HGS-TV,380193.0,828220.819257021
8400,HGS-TV,380193.0,828280.9393212795
8401,HGS-TV,380193.0,828341.0223066807
8402,HGS-TV,380193.0,828466.3265225887
8403,HGS-TV,380193.0,828526.3590915203
8404,HGS-TV,380193.0,828586.3991930485
8405,HGS-TV,380193.0,828670.0226728916
8406,HGS-TV,380193.0,828775.4652631283
8407,HGS-TV,380193.0,828881.4329998493
8408,HGS-TV,380193.0,828953.0490760803
8409,HGS-TV,380193.0,829013.1011128426
8410,HGS-TV,380193.0,829236.3100371361
8411,HGS-TV,380193.0,829507.8058314323
8412,HGS-TV,380193.0,830343.7337605953
8413,HGS-TV,380193.0,830576.8924250603
8414,HGS-TV,380193.0,830707.9771173
8415,HGS-TV,380193.0,831167.2538046837
8416,HGS-TV,380193.0,831227.2816534042
8417,HGS-TV,380193.0,831551.7784764767
8418,HGS-TV,380193.0,831788.8320646286
8419,HGS-TV,380193.0,831915.5119886398
8420,HGS-TV,380193.0,831987.3097188473
8421,HGS-TV,380193.0,832255.9152498245
8422,HGS-TV,380193.0,832598.6969995499
8423,HGS-TV,380193.0,832832.897154808
8424,HGS-TV,380193.0,832892.9576117992
8425,HGS-TV,380193.0,832955.2831790447
8426,HGS-TV,380193.0,834634.2936043739
8427,HGS-TV,380193.0,834694.375572443
8428,HGS-TV,380193.0,834754.4466814995
8429,HGS-TV,380193.0,834814.5191943645
8430,HGS-TV,380193.0,834874.5374054909
8431,HGS-TV,380193.0,834934.5889766216
8432,HGS-TV,380193.0,834994.6221559048
8433,HGS-TV,380193.0,835054.7375416756
8434,HGS-TV,380193.0,835114.7585208416
8435,HGS-TV,380193.0,835174.7780444622
8436,HGS-TV,380193.0,835234.8201644421
8437,HGS-TV,380193.0,835294.871301651
8438,HGS-TV,380193.0,835354.916790247
8439,HGS-TV,380193.0,835414.9855883121
8440,HGS-TV,380193.0,835475.0259604454
8441,HGS-TV,380193.0,835535.0799188614
8442,HGS-TV,380193.0,835595.1904265881
8443,HGS-TV,380193.0,835655.2353329659
8444,HGS-TV,380193.0,835715.2425949574
8445,HGS-TV,380193.0,835775.3103091717
8446,HGS-TV,380193.0,835835.3700885773
8447,HGS-TV,380193.0,835895.4487679005
8448,HGS-TV,380193.0,835955.4829628468
8449,HGS-TV,380193.0,836015.5779130459
8450,HGS-TV,380193.0,836082.0444712639
8451,HGS-TV,380193.0,836142.073745966
8452,HGS-TV,380193.0,836202.084602356
8453,HGS-TV,380193.0,836262.1141080856
8454,HGS-TV,380193.0,836415.8151023388
8455,HGS-TV,380193.0,836475.8844475746
8456,HGS-TV,380193.0,836535.9547884464
8457,HGS-TV,380193.0,836596.013564825
8458,HGS-TV,380193.0,836656.0456299782
8459,HGS-TV,380193.0,836716.1077754498
8460,HGS-TV,380193.0,836782.6351025105
8461,HGS-TV,380193.0,836842.6607835293
8462,HGS-TV,380193.0,836902.7106044292
8463,HGS-TV,380193.0,836962.7697451115
8464,HGS-TV,380193.0,837022.8369259834
8465,HGS-TV,380193.0,837082.8889856339
8466,HGS-TV,380193.0,837142.9423701763
8467,HGS-TV,380193.0,837202.9749612808
8468,HGS-TV,380193.0,837276.7622036934
8469,HGS-TV,380193.0,837336.7882065773
8470,HGS-TV,380193.0,837396.8457555771
8471,HGS-TV,380193.0,837456.9113235474
8472,HGS-TV,380193.0,837516.9576892853
8473,HGS-TV,380193.0,837576.961666584
8474,HGS-TV,380193.0,837643.9540369511
8475,HGS-TV,380193.0,837704.0335922241
8476,HGS-TV,380193.0,837764.0818834305
8477,HGS-TV,380193.0,837824.0977032185
8478,HGS-TV,380193.0,837888.5471384525
8479,HGS-TV,380193.0,837948.5645987988
8480,HGS-TV,380193.0,838008.5908167362
8481,HGS-TV,380193.0,838068.6099233627
8482,HGS-TV,380193.0,838128.659021616
8483,HGS-TV,380193.0,838188.7254054546
8484,HGS-TV,380193.0,838248.8063054085
8485,HGS-TV,380193.0,838308.8431813717
8486,HGS-TV,380193.0,838368.9045114517
8487,HGS-TV,380193.0,838428.9465351105
8488,HGS-TV,380193.0,838489.008411169
8489,HGS-TV,380193.0,838549.016285181
8490,HGS-TV,380193.0,838609.020917654
8491,HGS-TV,380193.0,838669.0656473637
8492,HGS-TV,380193.0,838729.1090848446
8493,HGS-TV,380193.0,838789.1196529865
8494,HGS-TV,380193.0,838849.2013704777
8495,HGS-TV,380193.0,838909.2642102242
8496,HGS-TV,380193.0,838969.3574872017
8497,HGS-TV,380193.0,839069.7036454678
8498,HGS-TV,380193.0,839156.9398677349
8499,HGS-TV,380193.0,839225.1109344959
8500,HGS-TV,380193.0,839328.7324917316
8501,HGS-TV,380193.0,839388.7571468353
8502,HGS-TV,380193.0,839448.7938644886
8503,HGS-TV,380193.0,839526.821269989
8504,HGS-TV,380193.0,839586.9160041809
8505,HGS-TV,380193.0,839646.9514436722
8506,HGS-TV,380193.0,839734.4237611294
8507,HGS-TV,380193.0,839868.275873661
8508,HGS-TV,380193.0,839966.0619416237
8509,HGS-TV,380193.0,840026.0859193802
8510,HGS-TV,380193.0,840086.1424107552
8511,HGS-TV,380193.0,840146.172396183
8512,HGS-TV,380193.0,840209.4567186832
8513,HGS-TV,380193.0,840269.4980790615
8514,HGS-TV,380193.0,840329.54951334
8515,HGS-TV,380193.0,840396.0386924744
8516,HGS-TV,380193.0,840456.0995457172
8517,HGS-TV,380193.0,840521.9072339535
8518,HGS-TV,380193.0,840581.9793391228
8519,HGS-TV,380193.0,840642.0506374836
8520,HGS-TV,380193.0,840702.1212718487
8521,HGS-TV,380193.0,840762.2255063057
8522,HGS-TV,380193.0,840894.0248477459
8523,HGS-TV,380193.0,840954.0292267799
8524,HGS-TV,380193.0,841194.7528591156
8525,HGS-TV,380193.0,841263.4967572689
8526,HGS-TV,380193.0,841522.0038909912
8527,HGS-TV,380193.0,841582.0208408833
8528,HGS-TV,380193.0,841720.8648440838
8529,HGS-TV,380193.0,841893.8803761005
8530,HGS-TV,380193.0,841953.9061255455
8531,HGS-TV,380193.0,842013.9366092682
8532,HGS-TV,380193.0,842089.7973310947
8533,HGS-TV,380193.0,842244.3160500526
8534,HGS-TV,380193.0,842494.4041514397
8535,HGS-TV,380193.0,843386.5625195503
8536,HGS-TV,380193.0,843811.7850213051
8537,HGS-TV,380193.0,844066.6706717014
8538,HGS-TV,380193.0,844799.3297300339
8539,HGS-TV,380193.0,845299.4184012413
8540,HGS-TV,380193.0,845359.4727590084
8541,HGS-TV,380193.0,845419.5021922588
8542,HGS-TV,380193.0,845479.5513243675
8543,HGS-TV,380193.0,845539.5974667072
8544,HGS-TV,380193.0,845809.0432226658
8545,HGS-TV,380193.0,845869.0782263279
8546,HGS-TV,380193.0,845929.1072137356
8547,HGS-TV,380193.0,846000.4010004997
8548,HGS-TV,380193.0,846060.4881370068
8549,HGS-TV,380193.0,846136.8473582268
8550,HGS-TV,380193.0,846277.2979226112
8551,HGS-TV,380193.0,846439.4273276329
8552,HGS-TV,380193.0,846667.5873508453
8553,HGS-TV,380193.0,846727.6340727806
8554,HGS-TV,380193.0,846787.6458449364
8555,HGS-TV,380193.0,846847.7006719112
8556,HGS-TV,380193.0,846907.7113509178
8557,HGS-TV,380193.0,846967.7754533291
8558,HGS-TV,380193.0,847027.8420784473
8559,HGS-TV,380193.0,847087.8671085835
8560,HGS-TV,380193.0,847164.0520746708
8561,HGS-TV,380193.0,847237.147671938
8562,HGS-TV,380193.0,847328.3801836967
8563,HGS-TV,380193.0,847510.140011549
8564,HGS-TV,380193.0,847570.1578540802
8565,HGS-TV,380193.0,847630.1704041958
8566,HGS-TV,380193.0,847690.1822211742
8567,HGS-TV,380193.0,847750.2183670998
8568,HGS-TV,380193.0,847924.1202552319
8569,HGS-TV,380193.0,847996.9674081802
8570,HGS-TV,380193.0,848083.2502875328
8571,HGS-TV,380193.0,848143.3270659447
8572,HGS-TV,380193.0,848224.4168405533
8573,HGS-TV,380193.0,848763.1163270473
8574,HGS-TV,380193.0,848823.2164540291
8575,HGS-TV,380193.0,848889.9886171818
8576,HGS-TV,380193.0,848950.0423781872
8577,HGS-TV,380193.0,849083.0041894913
8578,HGS-TV,380193.0,849152.0311832428
8579,HGS-TV,380193.0,849212.071107626
8580,HGS-TV,380193.0,849272.1891160011
8581,HGS-TV,380193.0,849332.2910027504
8582,HGS-TV,380193.0,849392.3039865494
8583,HGS-TV,380193.0,849452.3135108948
8584,HGS-TV,380193.0,849512.3469741344
8585,HGS-TV,380193.0,849572.4452486038
8586,HGS-TV,380193.0,849632.445476532
8587,HGS-TV,380193.0,849748.3454227448
8588,HGS-TV,380193.0,849808.3750882149
8589,HGS-TV,380193.0,849909.1112194061
8590,HGS-TV,380193.0,849981.4511940479
8591,HGS-TV,380193.0,850111.8037874699
8592,HGS-TV,380193.0,851005.4784367085
8593,HGS-TV,380193.0,851065.5225958824
8594,HGS-TV,380193.0,851125.5827753544
8595,HGS-TV,380193.0,851185.6552634239
8596,HGS-TV,380193.0,851245.7188205719
8597,HGS-TV,380193.0,851305.7252337933
8598,HGS-TV,380193.0,851365.8035767078
8599,HGS-TV,380193.0,851425.8842935562
8600,HGS-TV,380193.0,851485.9354093075
8601,HGS-TV,380193.0,851545.9716997147
8602,HGS-TV,380193.0,851606.0230021477
8603,HGS-TV,380193.0,851666.0444083214
8604,HGS-TV,380193.0,851726.0907831192
8605,HGS-TV,380193.0,851911.2901473045
8606,HGS-TV,380193.0,852107.9527072906
8607,HGS-TV,380193.0,852168.04642272
8608,HGS-TV,380193.0,852228.0654127598
8609,HGS-TV,380193.0,852356.434441328
8610,HGS-TV,380193.0,852416.4413385391
8611,HGS-TV,380193.0,852476.4611475468
8612,HGS-TV,380193.0,852536.4854342937
8613,HGS-TV,380193.0,852820.0979709625
8614,HGS-TV,380193.0,852889.8024964333
8615,HGS-TV,380193.0,853202.1051671505
8616,HGS-TV,380193.0,853308.8383738995
8617,HGS-TV,380193.0,854153.436661005
8618,HGS-TV,380193.0,854340.7279868126
8619,HGS-TV,380193.0,854437.5872294903
8620,ails2_etaMax1.000_stoppingTime1728000.00,380421.0,854692.7340649414
8621,ails2_etaMax1.000_stoppingTime1728000.00,380386.0,854693.1680649414
8622,HGS-TV,380193.0,854930.3898682594
8623,HGS-TV,380193.0,855651.287709713
8624,HGS-TV,380193.0,855885.3783524036
8625,HGS-TV,380193.0,857037.9714086056
8626,HGS-TV,380193.0,857098.0102319717
8627,HGS-TV,380193.0,857291.664383173
8628,HGS-TV,380193.0,857351.7701177597
8629,HGS-TV,380193.0,857504.2033250332
8630,HGS-TV,380193.0,857632.8492693901
8631,HGS-TV,380193.0,857871.6093826294
8632,HGS-TV,380193.0,857931.6217186451
8633,HGS-TV,380193.0,858077.5093588829
8634,HGS-TV,380193.0,858369.1603734493
8635,HGS-TV,380193.0,858449.9353456497
8636,HGS-TV,380193.0,858660.9764449596
8637,HGS-TV,380193.0,859309.0903604031
8638,HGS-TV,380193.0,860574.0262646675
8639,HGS-TV,380193.0,861750.8978567123
8640,HGS-TV,380193.0,862120.0678825378
8641,HGS-TV,380193.0,863797.3866164684
8642,HGS-TV,380193.0,863857.4533164501
8643,HGS-TV,380193.0,863917.4855070114
8644,HGS-TV,380193.0,863977.546027422
8645,HGS-TV,380193.0,864037.5762238503
8646,HGS-TV,380193.0,864097.58756423
8647,HGS-TV,380193.0,864157.6165156364
8648,HGS-TV,380193.0,864228.504062891
8649,HGS-TV,380193.0,864288.5203914642
8650,HGS-TV,380193.0,864348.5594851971
8651,HGS-TV,380193.0,864408.5625579357
8652,HGS-TV,380193.0,864468.6652998924
8653,HGS-TV,380193.0,864528.7269151211
8654,HGS-TV,380193.0,864588.807371378
8655,HGS-TV,380193.0,864648.8337955475
8656,HGS-TV,380193.0,864708.9186160564
8657,HGS-TV,380193.0,864768.9773001671
8658,HGS-TV,380193.0,864829.0036876202
8659,HGS-TV,380193.0,864889.0566008091
8660,HGS-TV,380193.0,865000.8531222343
8661,HGS-TV,380193.0,865060.8943538666
8662,HGS-TV,380193.0,865120.9608337879
8663,HGS-TV,380193.0,865180.9793925285
8664,HGS-TV,380193.0,865240.9976363182
8665,HGS-TV,380193.0,865301.1048884392
8666,HGS-TV,380193.0,865361.10552001
8667,HGS-TV,380193.0,865421.1241972446
8668,HGS-TV,380193.0,865481.2265915871
8669,HGS-TV,380193.0,865541.2656400204
8670,HGS-TV,380193.0,865601.3440248966
8671,HGS-TV,380193.0,865661.3657989502
8672,HGS-TV,380193.0,865721.4574222565
8673,HGS-TV,380193.0,865781.556586504
8674,HGS-TV,380193.0,865841.6187019348
8675,HGS-TV,380193.0,865901.639342308
8676,HGS-TV,380193.0,865961.6639094353
8677,HGS-TV,380193.0,866021.6664149761
8678,HGS-TV,380193.0,866081.7287392616
8679,HGS-TV,380193.0,866141.7446026802
8680,HGS-TV,380193.0,866201.7648193836
8681,HGS-TV,380193.0,866261.7955777645
8682,HGS-TV,380193.0,866321.796869278
8683,HGS-TV,380193.0,866381.8656952381
8684,HGS-TV,380193.0,866441.9664695263
8685,HGS-TV,380193.0,866502.0081632137
8686,HGS-TV,380193.0,866562.0184147358
8687,HGS-TV,380193.0,866622.0550944805
8688,HGS-TV,380193.0,866682.0751404762
8689,HGS-TV,380193.0,866742.0802948475
8690,HGS-TV,380193.0,866802.1439321041
8691,HGS-TV,380193.0,866873.386585474
8692,HGS-TV,380193.0,866933.4313881397
8693,HGS-TV,380193.0,866993.4694130421
8694,HGS-TV,380193.0,867053.5327863693
8695,HGS-TV,380193.0,867113.5861430168
8696,HGS-TV,380193.0,867173.6697638035
8697,HGS-TV,380193.0,867233.7427611351
8698,HGS-TV,380193.0,867293.7709767818
8699,HGS-TV,380193.0,867353.7910854816
8700,HGS-TV,380193.0,867413.8159720898
8701,HGS-TV,380193.0,867473.8259007931
8702,HGS-TV,380193.0,867533.9358000755
8703,HGS-TV,380193.0,867593.9727861881
8704,HGS-TV,380193.0,867653.9754898548
8705,HGS-TV,380193.0,867714.0660746098
8706,HGS-TV,380193.0,867774.1250095367
8707,HGS-TV,380193.0,867834.158061266
8708,HGS-TV,380193.0,867894.204372406
8709,HGS-TV,380193.0,867954.2249078751
8710,HGS-TV,380193.0,868014.2951834202
8711,HGS-TV,380193.0,868074.3329379559
8712,HGS-TV,380193.0,868134.4256446362
8713,HGS-TV,380193.0,868194.4803628922
8714,HGS-TV,380193.0,868254.5697994232
8715,HGS-TV,380193.0,868314.634693861
8716,HGS-TV,380193.0,868374.6984989643
8717,HGS-TV,380193.0,868434.7431957722
8718,HGS-TV,380193.0,868494.7873439789
8719,HGS-TV,380193.0,868554.8245880604
8720,HGS-TV,380193.0,868614.9147701263
8721,HGS-TV,380193.0,868674.9994328022
8722,HGS-TV,380193.0,868735.0080685616
8723,HGS-TV,380193.0,868795.0359566212
8724,HGS-TV,380193.0,868855.0883419514
8725,HGS-TV,380193.0,868915.1004605293
8726,HGS-TV,380193.0,868975.1094105244
8727,HGS-TV,380193.0,869035.1743328571
8728,HGS-TV,380193.0,869111.8682487011
8729,HGS-TV,380193.0,869171.8785328865
8730,HGS-TV,380193.0,869231.8930194378
8731,HGS-TV,380193.0,869291.8959159851
8732,HGS-TV,380193.0,869351.9597260952
8733,HGS-TV,380193.0,869411.9792747498
8734,HGS-TV,380193.0,869472.0121469498
8735,HGS-TV,380193.0,869629.6662697792
8736,HGS-TV,380193.0,869689.7729296684
8737,HGS-TV,380193.0,869838.2715668678
8738,HGS-TV,380193.0,869898.2745087147
8739,HGS-TV,380193.0,869958.3906958103
8740,HGS-TV,380193.0,870188.3869488239
8741,HGS-TV,380193.0,870248.497369051
8742,HGS-TV,380193.0,870496.8425600529
8743,HGS-TV,380193.0,870709.9495236874
8744,HGS-TV,380193.0,870804.6600503922
8745,HGS-TV,380193.0,870962.6101443768
8746,HGS-TV,380193.0,871022.679933548
8747,HGS-TV,380193.0,871128.3409562111
8748,HGS-TV,380193.0,871254.8573076725
8749,HGS-TV,380193.0,871385.9169974327
8750,HGS-TV,380193.0,871563.9758336544
8751,HGS-TV,380193.0,871626.7721998692
8752,HGS-TV,380193.0,871783.0482182503
8753,HGS-TV,380193.0,871989.7620913982
8754,HGS-TV,380193.0,872485.9877562523
8755,HGS-TV,380193.0,873110.9074892998
8756,HGS-TV,380193.0,873421.0117957592
8757,HGS-TV,380193.0,874648.7103357315
8758,HGS-TV,380193.0,874764.0002045631
8759,HGS-TV,380193.0,874824.0556063652
8760,HGS-TV,380193.0,874884.0628271103
8761,HGS-TV,380193.0,874944.0833656788
8762,HGS-TV,380193.0,875004.107524395
8763,HGS-TV,380193.0,875152.8917226791
8764,HGS-TV,380193.0,875224.1112222672
8765,HGS-TV,380193.0,876912.2600297928
8766,HGS-TV,380193.0,876972.3682518005
8767,HGS-TV,380193.0,877032.3978860378
8768,HGS-TV,380193.0,877092.4302995205
8769,HGS-TV,380193.0,877152.4639472961
8770,HGS-TV,380193.0,877212.5220146179
8771,HGS-TV,380193.0,877272.5708172321
8772,HGS-TV,380193.0,877332.5748353004
8773,HGS-TV,380193.0,877392.6488389969
8774,HGS-TV,380193.0,877452.6503603458
8775,HGS-TV,380193.0,877512.653100729
8776,HGS-TV,380193.0,877577.9824354649
8777,HGS-TV,380193.0,877638.0164370537
8778,HGS-TV,380193.0,877706.6228630543
8779,HGS-TV,380193.0,877766.6841239929
8780,HGS-TV,380193.0,877826.6991369724
8781,HGS-TV,380193.0,877886.7189097404
8782,HGS-TV,380193.0,877946.7260653973
8783,HGS-TV,380193.0,878006.8081455231
8784,HGS-TV,380193.0,878066.8351707458
8785,HGS-TV,380193.0,878126.8808884621
8786,HGS-TV,380193.0,878186.9331288338
8787,HGS-TV,380193.0,878247.0311658382
8788,HGS-TV,380193.0,878307.1131956577
8789,HGS-TV,380193.0,878367.1999986172
8790,HGS-TV,380193.0,878427.249430418
8791,HGS-TV,380193.0,878487.2701435089
8792,HGS-TV,380193.0,878547.3519639969
8793,HGS-TV,380193.0,878607.4476423264
8794,HGS-TV,380193.0,878667.4755783081
8795,HGS-TV,380193.0,878769.9624023438
8796,HGS-TV,380193.0,878830.0182476044
8797,HGS-TV,380193.0,878890.1223831177
8798,HGS-TV,380193.0,878950.188372612
8799,HGS-TV,380193.0,879010.251345396
8800,HGS-TV,380193.0,879070.2840733528
8801,HGS-TV,380193.0,879130.3638036251
8802,HGS-TV,380193.0,879190.3969886303
8803,HGS-TV,380193.0,879250.477325201
8804,HGS-TV,380193.0,879310.5168528557
8805,HGS-TV,380193.0,879370.5723772049
8806,HGS-TV,380193.0,879430.6268291473
8807,HGS-TV,380193.0,879490.6953985691
8808,HGS-TV,380193.0,879550.7366814613
8809,HGS-TV,380193.0,879610.7722885609
8810,HGS-TV,380193.0,879670.8374750614
8811,HGS-TV,380193.0,879730.8622350693
8812,HGS-TV,380193.0,879790.9810974598
8813,HGS-TV,380193.0,879851.018153429
8814,HGS-TV,380193.0,879911.022498846
8815,HGS-TV,380193.0,879971.09745574
8816,HGS-TV,380193.0,880031.1869475842
8817,HGS-TV,380193.0,880091.2524511814
8818,HGS-TV,380193.0,880205.2647089958
8819,HGS-TV,380193.0,880339.2172424793
8820,HGS-TV,380193.0,880399.3003122807
8821,HGS-TV,380193.0,880459.3009486198
8822,HGS-TV,380193.0,880519.3261129856
8823,HGS-TV,380193.0,880579.3679051399
8824,HGS-TV,380193.0,880639.4329404831
8825,HGS-TV,380193.0,880699.4976074696
8826,HGS-TV,380193.0,880759.5223634243
8827,HGS-TV,380193.0,880819.5235147476
8828,HGS-TV,380193.0,880879.5574290752
8829,HGS-TV,380193.0,880939.6160266399
8830,HGS-TV,380193.0,880999.698029995
8831,HGS-TV,380193.0,881059.7341194153
8832,HGS-TV,380193.0,881119.7982463837
8833,HGS-TV,380193.0,881179.819694519
8834,HGS-TV,380193.0,881239.823022604
8835,HGS-TV,380193.0,881299.8520925045
8836,HGS-TV,380193.0,881359.9073765278
8837,HGS-TV,380193.0,881419.9285771847
8838,HGS-TV,380193.0,881480.0195732117
8839,HGS-TV,380193.0,881540.029001236
8840,HGS-TV,380193.0,881600.0629684925
8841,HGS-TV,380193.0,881660.1078317165
8842,HGS-TV,380193.0,881720.1681163311
8843,HGS-TV,380193.0,881780.22113657
8844,HGS-TV,380193.0,881840.3013689518
8845,HGS-TV,380193.0,881900.3380820751
8846,HGS-TV,380193.0,881960.408488512
8847,HGS-TV,380193.0,882020.4376718998
8848,HGS-TV,380193.0,882080.5109510422
8849,HGS-TV,380193.0,882140.586990118
8850,HGS-TV,380193.0,882200.5886995792
8851,HGS-TV,380193.0,882298.7373931408
8852,HGS-TV,380193.0,882358.7538561821
8853,HGS-TV,380193.0,882418.839127779
8854,HGS-TV,380193.0,882478.9287965298
8855,HGS-TV,380193.0,882538.9588463306
8856,HGS-TV,380193.0,882599.0183773041
8857,HGS-TV,380193.0,882659.0968439579
8858,HGS-TV,380193.0,882811.1991801262
8859,HGS-TV,380193.0,882871.2377910614
8860,HGS-TV,380193.0,882931.3193132877
8861,HGS-TV,380193.0,882991.3897740841
8862,HGS-TV,380193.0,883051.4271583557
8863,HGS-TV,380193.0,883293.7500088215
8864,HGS-TV,380193.0,883475.6251380444
8865,HGS-TV,380193.0,883577.4373025894
8866,HGS-TV,380193.0,883897.6634430885
8867,HGS-TV,380193.0,883967.5145118237
8868,HGS-TV,380193.0,884031.4369347095
8869,HGS-TV,380193.0,884310.90792799
8870,HGS-TV,380193.0,884370.9722597599
8871,HGS-TV,380193.0,884430.9762215614
8872,HGS-TV,380193.0,884490.9897403717
8873,HGS-TV,380193.0,884551.0478317738
8874,HGS-TV,380193.0,884611.0975270271
8875,HGS-TV,380193.0,884671.6307573318
8876,HGS-TV,380193.0,884731.6392199993
8877,HGS-TV,380193.0,884791.7131793499
8878,HGS-TV,380193.0,884969.3712170124
8879,HGS-TV,380193.0,885031.9555366039
8880,HGS-TV,380193.0,885141.8233783245
8881,HGS-TV,380193.0,885230.8000879288
8882,HGS-TV,380193.0,885290.845092535
8883,HGS-TV,380193.0,885518.7289597988
8884,HGS-TV,380193.0,885712.5882906914
8885,HGS-TV,380193.0,885772.7169361115
8886,HGS-TV,380193.0,886277.7234835625
8887,HGS-TV,380193.0,886644.9385704994
8888,HGS-TV,380193.0,887826.3248302937
8889,HGS-TV,380193.0,888300.1758415699
8890,HGS-TV,380193.0,888920.275655508
8891,HGS-TV,380193.0,889031.5040133
8892,HGS-TV,380193.0,889136.4032170773
8893,HGS-TV,380193.0,889196.4444465637
8894,HGS-TV,380193.0,889429.9952156544
8895,HGS-TV,380193.0,889584.7266895771
8896,HGS-TV,380193.0,889869.3649127483
8897,HGS-TV,380193.0,890664.3845968246
8898,HGS-TV,380193.0,892312.7281010151
8899,HGS-TV,380193.0,892372.735240221
8900,HGS-TV,380193.0,892432.7361023426
8901,HGS-TV,380193.0,892492.7704508305
8902,HGS-TV,380193.0,892552.8213655949
8903,HGS-TV,380193.0,892612.8393423557
8904,HGS-TV,380193.0,892672.9047312737
8905,HGS-TV,380193.0,892732.9483866692
8906,HGS-TV,380193.0,892792.9613063335
8907,HGS-TV,380193.0,892853.0174372196
8908,HGS-TV,380193.0,892913.0730550289
8909,HGS-TV,380193.0,892973.0878441334
8910,HGS-TV,380193.0,893033.1041607857
8911,HGS-TV,380193.0,893106.4469044209
8912,HGS-TV,380193.0,893166.4917693138
8913,HGS-TV,380193.0,893226.5941374302
8914,HGS-TV,380193.0,893286.6231262684
8915,HGS-TV,380193.0,893346.6889138222
8916,HGS-TV,380193.0,893406.7598006725
8917,HGS-TV,380193.0,893466.7813622952
8918,HGS-TV,380193.0,893526.8559317589
8919,HGS-TV,380193.0,893586.8582835197
8920,HGS-TV,380193.0,893646.911744833
8921,HGS-TV,380193.0,893706.9279243946
8922,HGS-TV,380193.0,893766.9311349392
8923,HGS-TV,380193.0,893826.9641270638
8924,HGS-TV,380193.0,893886.9872605801
8925,HGS-TV,380193.0,893947.0521841049
8926,HGS-TV,380193.0,894007.0679814816
8927,HGS-TV,380193.0,894067.1201677322
8928,HGS-TV,380193.0,894127.2196044922
8929,HGS-TV,380193.0,894187.2462522984
8930,HGS-TV,380193.0,894276.157863617
8931,HGS-TV,380193.0,894405.3856010437
8932,HGS-TV,380193.0,894465.458719492
8933,HGS-TV,380193.0,894525.5263249874
8934,HGS-TV,380193.0,894585.5877759457
8935,HGS-TV,380193.0,894645.6015341282
8936,HGS-TV,380193.0,894705.6688678265
8937,HGS-TV,380193.0,894765.7028298378
8938,HGS-TV,380193.0,894825.7358446121
8939,HGS-TV,380193.0,894885.7372503281
8940,HGS-TV,380193.0,894945.8243746758
8941,HGS-TV,380193.0,895017.1015365124
8942,HGS-TV,380193.0,895077.1702568531
8943,HGS-TV,380193.0,895137.2644512653
8944,HGS-TV,380193.0,895197.2718191147
8945,HGS-TV,380193.0,895258.629393816
8946,HGS-TV,380193.0,895318.6930873394
8947,HGS-TV,380193.0,895378.7350819111
8948,HGS-TV,380193.0,895438.7448048592
8949,HGS-TV,380193.0,895506.9835011959
8950,HGS-TV,380193.0,895567.0192074776
8951,HGS-TV,380193.0,895627.0840125084
8952,HGS-TV,380193.0,895687.086972475
8953,HGS-TV,380193.0,895747.1171615124
8954,HGS-TV,380193.0,895807.1765100956
8955,HGS-TV,380193.0,895867.2251737118
8956,HGS-TV,380193.0,895927.2281777859
8957,HGS-TV,380193.0,895987.307505846
8958,HGS-TV,380193.0,896091.0060713291
8959,HGS-TV,380193.0,896151.1264286041
8960,HGS-TV,380193.0,896257.1148922443
8961,HGS-TV,380193.0,896317.1779987812
8962,HGS-TV,380193.0,896377.2538411617
8963,HGS-TV,380193.0,896437.3541297913
8964,HGS-TV,380193.0,896497.4311704636
8965,HGS-TV,380193.0,896557.6208531857
8966,HGS-TV,380193.0,896617.6344940662
8967,HGS-TV,380193.0,896677.6469249725
8968,HGS-TV,380193.0,896737.6979386806
8969,HGS-TV,380193.0,896797.7365252972
8970,HGS-TV,380193.0,896857.7563581467
8971,HGS-TV,380193.0,896917.8597950935
8972,HGS-TV,380193.0,896977.8815727234
8973,HGS-TV,380193.0,897037.9006853104
8974,HGS-TV,380193.0,897097.9837710857
8975,HGS-TV,380193.0,897158.1254906654
8976,HGS-TV,380193.0,897218.137033701
8977,HGS-TV,380193.0,897278.155433178
8978,HGS-TV,380193.0,897338.224701643
8979,HGS-TV,380193.0,897398.2466733456
8980,HGS-TV,380193.0,897458.2761116028
8981,HGS-TV,380193.0,897518.296639204
8982,HGS-TV,380193.0,897633.4125034809
8983,HGS-TV,380193.0,897693.4439959526
8984,HGS-TV,380193.0,897753.4737210274
8985,HGS-TV,380193.0,897869.3497328758
8986,HGS-TV,380193.0,897939.2354938984
8987,HGS-TV,380193.0,898017.316111803
8988,HGS-TV,380193.0,898077.4401032925
8989,HGS-TV,380193.0,898172.175301075
8990,HGS-TV,380193.0,898555.1892149448
8991,HGS-TV,380193.0,898615.2583630085
8992,HGS-TV,380193.0,898675.3550770283
8993,HGS-TV,380193.0,898735.3832855225
8994,HGS-TV,380193.0,898795.4737176895
8995,HGS-TV,380193.0,898856.3017473221
8996,HGS-TV,380193.0,898916.3740565777
8997,HGS-TV,380193.0,899129.1383178234
8998,HGS-TV,380193.0,899189.1549577713
8999,HGS-TV,380193.0,899364.1999249458
9000,HGS-TV,380193.0,899605.9805643559
9001,HGS-TV,380193.0,899666.0538032055
9002,HGS-TV,380193.0,899735.6649675369
9003,HGS-TV,380193.0,899817.7330412865
9004,HGS-TV,380193.0,899909.4841241837
9005,HGS-TV,380193.0,900092.5806589127
9006,HGS-TV,380193.0,900263.4135234356
9007,HGS-TV,380193.0,900323.4901924133
9008,HGS-TV,380193.0,900383.5112707615
9009,HGS-TV,380193.0,900451.8158721924
9010,HGS-TV,380193.0,900524.9882159233
9011,HGS-TV,380193.0,900585.0457963943
9012,HGS-TV,380193.0,900652.8328256607
9013,HGS-TV,380193.0,900712.9301970005
9014,HGS-TV,380193.0,900826.6839723587
9015,HGS-TV,380193.0,900886.7207524776
9016,HGS-TV,380193.0,900946.7863736153
9017,HGS-TV,380193.0,901006.8224081993
9018,HGS-TV,380193.0,901066.9042358398
9019,HGS-TV,380193.0,901126.9395332336
9020,HGS-TV,380193.0,901220.149595499
9021,HGS-TV,380193.0,901280.1660151482
9022,HGS-TV,380193.0,901340.1841876507
9023,HGS-TV,380193.0,901400.2732176781
9024,HGS-TV,380193.0,901460.3449466228
9025,HGS-TV,380193.0,901520.4521312714
9026,HGS-TV,380193.0,901580.5009076595
9027,HGS-TV,380193.0,901671.0810248852
9028,HGS-TV,380193.0,901731.100651741
9029,HGS-TV,380193.0,901791.1475908756
9030,HGS-TV,380193.0,901934.4286956787
9031,HGS-TV,380193.0,902019.0794575214
9032,HGS-TV,380193.0,902079.1155071259
9033,HGS-TV,380193.0,902139.1685202122
9034,HGS-TV,380193.0,902199.2413136959
9035,HGS-TV,380193.0,902277.226079464
9036,HGS-TV,380193.0,902337.2856185436
9037,HGS-TV,380193.0,902397.2899484634
9038,HGS-TV,380193.0,902502.0480561256
9039,HGS-TV,380193.0,902718.9045743942
9040,HGS-TV,380193.0,902990.1392948627
9041,HGS-TV,380193.0,903059.3746585846
9042,HGS-TV,380193.0,903212.7401459217
9043,HGS-TV,380193.0,903707.0958955288
9044,HGS-TV,380193.0,905401.4862325191
9045,HGS-TV,380193.0,905461.5291247368
9046,HGS-TV,380193.0,905521.5424785614
9047,HGS-TV,380193.0,905581.6190514565
9048,HGS-TV,380193.0,905641.6995849609
9049,HGS-TV,380193.0,905701.7566385269
9050,HGS-TV,380193.0,905761.7902693748
9051,HGS-TV,380193.0,905821.7942476273
9052,HGS-TV,380193.0,905881.8781969547
9053,HGS-TV,380193.0,905941.9574811459
9054,HGS-TV,380193.0,906002.009790659
9055,HGS-TV,380193.0,906062.1315915585
9056,HGS-TV,380193.0,906122.1992764473
9057,HGS-TV,380193.0,906182.2191016674
9058,HGS-TV,380193.0,906242.2386462688
9059,HGS-TV,380193.0,906302.2458941936
9060,HGS-TV,380193.0,906362.2559621334
9061,HGS-TV,380193.0,906486.0005283356
9062,HGS-TV,380193.0,906546.0543017387
9063,HGS-TV,380193.0,906606.155369997
9064,HGS-TV,380193.0,906666.1607687473
9065,HGS-TV,380193.0,906726.2338886261
9066,HGS-TV,380193.0,906786.2749950886
9067,HGS-TV,380193.0,906846.3076367378
9068,HGS-TV,380193.0,906906.417144537
9069,HGS-TV,380193.0,906966.4416892529
9070,HGS-TV,380193.0,907058.1879627705
9071,HGS-TV,380193.0,907118.2328953743
9072,HGS-TV,380193.0,907178.2872664928
9073,HGS-TV,380193.0,907238.300519228
9074,HGS-TV,380193.0,907298.3890693188
9075,HGS-TV,380193.0,907358.3906464577
9076,HGS-TV,380193.0,907418.4674062729
9077,HGS-TV,380193.0,907478.5125086308
9078,HGS-TV,380193.0,907538.576552391
9079,HGS-TV,380193.0,907598.587637186
9080,HGS-TV,380193.0,907658.5887479782
9081,HGS-TV,380193.0,907719.0984859467
9082,HGS-TV,380193.0,907779.1817259789
9083,HGS-TV,380193.0,907839.1878581047
9084,HGS-TV,380193.0,907899.3450336456
9085,HGS-TV,380193.0,907959.374068737
9086,HGS-TV,380193.0,908019.4254393578
9087,HGS-TV,380193.0,908079.4321813583
9088,HGS-TV,380193.0,908139.4584884644
9089,HGS-TV,380193.0,908199.4911956787
9090,HGS-TV,380193.0,908259.5313882828
9091,HGS-TV,380193.0,908319.563795805
9092,HGS-TV,380193.0,908379.6188189983
9093,HGS-TV,380193.0,908439.6378223896
9094,HGS-TV,380193.0,908499.7595233917
9095,HGS-TV,380193.0,908559.8059370518
9096,HGS-TV,380193.0,908619.845528841
9097,HGS-TV,380193.0,908679.8521602154
9098,HGS-TV,380193.0,908739.8897960186
9099,HGS-TV,380193.0,908823.0928657055
9100,HGS-TV,380193.0,908883.1585011482
9101,HGS-TV,380193.0,908943.2178945541
9102,HGS-TV,380193.0,909173.2625763416
9103,HGS-TV,380193.0,909233.3240118027
9104,HGS-TV,380193.0,909293.3625626564
9105,HGS-TV,380193.0,909353.446139574
9106,HGS-TV,380193.0,909413.4781763554
9107,HGS-TV,380193.0,909491.7849202156
9108,HGS-TV,380193.0,909551.8167951107
9109,HGS-TV,380193.0,909621.377718687
9110,HGS-TV,380193.0,909681.4023180008
9111,HGS-TV,380193.0,909741.4473621845
9112,HGS-TV,380193.0,909801.4885942936
9113,HGS-TV,380193.0,909861.5573010445
9114,HGS-TV,380193.0,909921.595117569
9115,HGS-TV,380193.0,909981.612660408
9116,HGS-TV,380193.0,910041.6604568958
9117,HGS-TV,380193.0,910101.6858625412
9118,HGS-TV,380193.0,910161.7432565689
9119,HGS-TV,380193.0,910221.759344101
9120,HGS-TV,380193.0,910281.8375287056
9121,HGS-TV,380193.0,910341.8801279068
9122,HGS-TV,380193.0,910401.9140315056
9123,HGS-TV,380193.0,910461.9485230446
9124,HGS-TV,380193.0,910521.9523768425
9125,HGS-TV,380193.0,910581.9787082672
9126,HGS-TV,380193.0,910642.039753437
9127,HGS-TV,380193.0,910702.0776906013
9128,HGS-TV,380193.0,910762.19146204
9129,HGS-TV,380193.0,910822.2348740101
9130,HGS-TV,380193.0,910882.3091440201
9131,HGS-TV,380193.0,910942.3954181671
9132,HGS-TV,380193.0,911002.529768467
9133,HGS-TV,380193.0,911131.3076827526
9134,HGS-TV,380193.0,911191.3773956299
9135,HGS-TV,380193.0,911251.4402244091
9136,HGS-TV,380193.0,911311.5138061047
9137,HGS-TV,380193.0,911371.5761530399
9138,HGS-TV,380193.0,911431.6836247444
9139,HGS-TV,380193.0,911491.7020320892
9140,HGS-TV,380193.0,911551.7666244507
9141,HGS-TV,380193.0,911611.8376054764
9142,HGS-TV,380193.0,911671.8382148743
9143,HGS-TV,380193.0,911731.9466121197
9144,HGS-TV,380193.0,911847.4410464764
9145,HGS-TV,380193.0,911907.4652152061
9146,HGS-TV,380193.0,911967.582793951
9147,HGS-TV,380193.0,912027.5963673592
9148,HGS-TV,380193.0,912094.6128880978
9149,HGS-TV,380193.0,912154.6458230019
9150,HGS-TV,380193.0,912214.6752893925
9151,HGS-TV,380193.0,912280.5453195572
9152,HGS-TV,380193.0,912340.562990427
9153,HGS-TV,380193.0,912400.5764839649
9154,HGS-TV,380193.0,912460.6179852486
9155,HGS-TV,380193.0,912520.6340773106
9156,HGS-TV,380193.0,912586.2025763988
9157,HGS-TV,380193.0,912646.2178459167
9158,HGS-TV,380193.0,912798.6537253857
9159,HGS-TV,380193.0,912858.7325086594
9160,HGS-TV,380193.0,912918.7893483639
9161,HGS-TV,380193.0,912978.8437902927
9162,HGS-TV,380193.0,913038.8996770382
9163,HGS-TV,380193.0,913098.9425110817
9164,HGS-TV,380193.0,913159.0046069622
9165,HGS-TV,380193.0,913225.7077624798
9166,HGS-TV,380193.0,913321.9794719219
9167,HGS-TV,380193.0,913406.5994210243
9168,HGS-TV,380193.0,913675.345477581
9169,HGS-TV,380193.0,913735.4187917709
9170,HGS-TV,380193.0,914022.4337108135
9171,HGS-TV,380193.0,914082.4600448608
9172,HGS-TV,380193.0,914142.4798967838
9173,HGS-TV,380193.0,914202.5696401596
9174,HGS-TV,380193.0,914329.5637655258
9175,HGS-TV,380193.0,914405.2356026173
9176,HGS-TV,380193.0,914465.2591300011
9177,HGS-TV,380193.0,914539.4611968994
9178,HGS-TV,380193.0,914655.909427166
9179,HGS-TV,380193.0,914715.9695284367
9180,HGS-TV,380193.0,914792.614231348
9181,HGS-TV,380193.0,915150.469618082
9182,HGS-TV,380193.0,915210.5117416382
9183,HGS-TV,380193.0,915270.5559828281
9184,HGS-TV,380193.0,915330.5826513767
9185,HGS-TV,380193.0,915390.6430857182
9186,HGS-TV,380193.0,915757.585861206
9187,HGS-TV,380193.0,915931.2285373211
9188,HGS-TV,380193.0,915991.2984712124
9189,HGS-TV,380193.0,916051.3897819519
9190,HGS-TV,380193.0,916111.4757702351
9191,HGS-TV,380193.0,916171.5176818371
9192,HGS-TV,380193.0,916231.5544857979
9193,HGS-TV,380193.0,916291.6600933075
9194,HGS-TV,380193.0,916360.7065618038
9195,HGS-TV,380193.0,916420.7290074825
9196,HGS-TV,380193.0,916480.8530678749
9197,HGS-TV,380193.0,916540.9214985371
9198,HGS-TV,380193.0,916600.9873876572
9199,HGS-TV,380193.0,916661.0109455585
9200,HGS-TV,380193.0,916754.4024031162
9201,HGS-TV,380193.0,916814.4645445347
9202,HGS-TV,380193.0,916902.9599149227
9203,HGS-TV,380193.0,916963.0429668427
9204,HGS-TV,380193.0,917023.085329771
9205,HGS-TV,380193.0,917126.6051440239
9206,HGS-TV,380193.0,917186.6899375916
9207,HGS-TV,380193.0,917246.775365591
9208,HGS-TV,380193.0,917306.8866634369
9209,HGS-TV,380193.0,917366.9548225403
9210,HGS-TV,380193.0,917485.3242616653
9211,HGS-TV,380193.0,917545.4010305405
9212,HGS-TV,380193.0,917619.4013841152
9213,HGS-TV,380193.0,917698.7469434738
9214,HGS-TV,380193.0,917758.810503006
9215,HGS-TV,380193.0,917819.4203782082
9216,HGS-TV,380193.0,917897.2724628448
9217,HGS-TV,380193.0,917957.2957530022
9218,HGS-TV,380193.0,918017.3115942478
9219,HGS-TV,380193.0,918328.7751169205
9220,HGS-TV,380193.0,918388.8219397068
9221,HGS-TV,380193.0,918448.8837115765
9222,HGS-TV,380193.0,918508.9548773766
9223,HGS-TV,380193.0,918568.9653968811
9224,HGS-TV,380193.0,918628.984793663
9225,HGS-TV,380193.0,918717.0665194988
9226,HGS-TV,380193.0,918777.0819685459
9227,HGS-TV,380193.0,918837.0948593616
9228,HGS-TV,380193.0,918981.4016427994
9229,HGS-TV,380193.0,919091.6312639713
9230,HGS-TV,380193.0,919220.6930756569
9231,HGS-TV,380193.0,919280.7401883602
9232,HGS-TV,380193.0,919413.5501482487
9233,ails2_etaMax1.000_stoppingTime1728000.00,380385.0,919424.7380649414
9234,ails2_etaMax1.000_stoppingTime1728000.00,380359.0,919428.1530649414
9235,HGS-TV,380193.0,919560.5657496452
9236,HGS-TV,380193.0,919620.6510698795
9237,HGS-TV,380193.0,919680.6865799427
9238,HGS-TV,380193.0,919740.6942038536
9239,HGS-TV,380193.0,919800.8256678581
9240,HGS-TV,380193.0,919883.9001989365
9241,HGS-TV,380193.0,919943.9157714844
9242,HGS-TV,380193.0,920003.981647253
9243,HGS-TV,380193.0,920064.0148382187
9244,HGS-TV,380193.0,920124.0937318802
9245,HGS-TV,380193.0,920199.7542486191
9246,HGS-TV,380193.0,920259.8196120262
9247,HGS-TV,380193.0,920319.888560772
9248,HGS-TV,380193.0,920379.9474551678
9249,HGS-TV,380193.0,920529.8306691647
9250,HGS-TV,380193.0,920752.9548428059
9251,HGS-TV,380193.0,921013.6262528896
9252,HGS-TV,380193.0,921676.3967411518
9253,HGS-TV,380193.0,923498.0414142609
9254,HGS-TV,380193.0,923558.1008498669
9255,HGS-TV,380193.0,923618.1746833324
9256,HGS-TV,380193.0,923678.289367199
9257,HGS-TV,380193.0,923738.3385329247
9258,HGS-TV,380193.0,923798.3484294415
9259,HGS-TV,380193.0,923865.3664979935
9260,HGS-TV,380193.0,923925.3777601719
9261,HGS-TV,380193.0,923985.3886811733
9262,HGS-TV,380193.0,924045.4054341316
9263,HGS-TV,380193.0,924105.44571805
9264,HGS-TV,380193.0,924165.5163559914
9265,HGS-TV,380193.0,924225.6139245033
9266,HGS-TV,380193.0,924285.6419453621
9267,HGS-TV,380193.0,924345.744489193
9268,HGS-TV,380193.0,924405.7895433903
9269,HGS-TV,380193.0,924465.8193807602
9270,HGS-TV,380193.0,924525.865042448
9271,HGS-TV,380193.0,924585.9271552563
9272,HGS-TV,380193.0,924645.9773807526
9273,HGS-TV,380193.0,924706.0580348969
9274,HGS-TV,380193.0,924766.0706729889
9275,HGS-TV,380193.0,924826.0767059326
9276,HGS-TV,380193.0,924886.1124839783
9277,HGS-TV,380193.0,924946.169364214
9278,HGS-TV,380193.0,925006.2335040569
9279,HGS-TV,380193.0,925066.2972233295
9280,HGS-TV,380193.0,925126.3089003563
9281,HGS-TV,380193.0,925186.3597402573
9282,HGS-TV,380193.0,925256.90666008
9283,HGS-TV,380193.0,925316.9258015156
9284,HGS-TV,380193.0,925376.9318118095
9285,HGS-TV,380193.0,925437.005865097
9286,HGS-TV,380193.0,925497.0800716877
9287,HGS-TV,380193.0,925557.109680891
9288,HGS-TV,380193.0,925617.2068367004
9289,HGS-TV,380193.0,925677.2716739178
9290,HGS-TV,380193.0,925737.3475599289
9291,HGS-TV,380193.0,925797.3819067478
9292,HGS-TV,380193.0,925857.4792590141
9293,HGS-TV,380193.0,925917.493650198
9294,HGS-TV,380193.0,925977.5692214966
9295,HGS-TV,380193.0,926037.6529519558
9296,HGS-TV,380193.0,926097.7086627483
9297,HGS-TV,380193.0,926157.7778022289
9298,HGS-TV,380193.0,926217.8730139732
9299,HGS-TV,380193.0,926277.9963338375
9300,HGS-TV,380193.0,926338.03089118
9301,HGS-TV,380193.0,926398.0869574547
9302,HGS-TV,380193.0,926458.1318049431
9303,HGS-TV,380193.0,926518.2146086693
9304,HGS-TV,380193.0,926578.227953434
9305,HGS-TV,380193.0,926638.2994534969
9306,HGS-TV,380193.0,926698.3118541241
9307,HGS-TV,380193.0,926761.0220181942
9308,HGS-TV,380193.0,926821.0290813446
9309,HGS-TV,380193.0,926881.0966863632
9310,HGS-TV,380193.0,926941.1349158287
9311,HGS-TV,380193.0,927001.2105078697
9312,HGS-TV,380193.0,927061.2335460186
9313,HGS-TV,380193.0,927121.3676817417
9314,HGS-TV,380193.0,927181.4694390297
9315,HGS-TV,380193.0,927241.4908030033
9316,HGS-TV,380193.0,927301.4915795326
9317,HGS-TV,380193.0,927361.5268964767
9318,HGS-TV,380193.0,927421.5424144268
9319,HGS-TV,380193.0,927481.5438108444
9320,HGS-TV,380193.0,927541.5664212704
9321,HGS-TV,380193.0,927601.5853905678
9322,HGS-TV,380193.0,927661.6811475754
9323,HGS-TV,380193.0,927721.7399423122
9324,HGS-TV,380193.0,927781.7734315395
9325,HGS-TV,380193.0,927841.837875843
9326,HGS-TV,380193.0,927901.8556277752
9327,HGS-TV,380193.0,927961.8613421917
9328,HGS-TV,380193.0,928021.8626470566
9329,HGS-TV,380193.0,928081.9022259712
9330,HGS-TV,380193.0,928148.3006181717
9331,HGS-TV,380193.0,928208.3101434708
9332,HGS-TV,380193.0,928282.2166655064
9333,HGS-TV,380193.0,928444.9304881096
9334,HGS-TV,380193.0,928545.0812895298
9335,HGS-TV,380193.0,928605.113827467
9336,HGS-TV,380193.0,928665.1252405643
9337,HGS-TV,380193.0,928725.2160112858
9338,HGS-TV,380193.0,928785.2777955532
9339,HGS-TV,380193.0,928845.3406999111
9340,HGS-TV,380193.0,928905.4708836079
9341,HGS-TV,380193.0,928965.5014073849
9342,HGS-TV,380193.0,929025.5920474529
9343,HGS-TV,380193.0,929085.6444425583
9344,HGS-TV,380193.0,929145.6969287395
9345,HGS-TV,380193.0,929238.3047041893
9346,HGS-TV,380193.0,929298.387449503
9347,HGS-TV,380193.0,929358.4385476112
9348,HGS-TV,380193.0,929418.4453377724
9349,HGS-TV,380193.0,929498.0095853806
9350,HGS-TV,380193.0,929558.1247000694
9351,HGS-TV,380193.0,929618.1467108727
9352,HGS-TV,380193.0,929678.2465538979
9353,HGS-TV,380193.0,929758.9279279709
9354,HGS-TV,380193.0,929824.355599165
9355,HGS-TV,380193.0,929884.4020376205
9356,HGS-TV,380193.0,929944.4130268097
9357,HGS-TV,380193.0,930047.0109908581
9358,HGS-TV,380193.0,930107.0611004829
9359,HGS-TV,380193.0,930167.1427817345
9360,HGS-TV,380193.0,930288.5921559334
9361,HGS-TV,380193.0,930348.6464664936
9362,HGS-TV,380193.0,930408.6924433708
9363,HGS-TV,380193.0,930488.4074094296
9364,HGS-TV,380193.0,930548.4558691978
9365,HGS-TV,380193.0,930608.5172498226
9366,HGS-TV,380193.0,930668.543815136
9367,HGS-TV,380193.0,930728.5950841904
9368,HGS-TV,380193.0,930788.6527745724
9369,HGS-TV,380193.0,930848.6851997375
9370,HGS-TV,380193.0,930970.7933220863
9371,HGS-TV,380193.0,931030.8644227982
9372,HGS-TV,380193.0,931180.9510092735
9373,HGS-TV,380193.0,931241.0362427235
9374,HGS-TV,380193.0,931328.0485124588
9375,HGS-TV,380193.0,931388.1035449505
9376,HGS-TV,380193.0,931460.5712575912
9377,HGS-TV,380193.0,931553.1529023647
9378,HGS-TV,380193.0,931629.9056940079
9379,HGS-TV,380193.0,931707.0978455544
9380,HGS-TV,380193.0,931773.7811653614
9381,HGS-TV,380193.0,931856.3234403133
9382,HGS-TV,380193.0,931922.6342275143
9383,HGS-TV,380193.0,931982.6906273365
9384,HGS-TV,380193.0,932042.731528759
9385,HGS-TV,380193.0,932102.751462698
9386,HGS-TV,380193.0,932201.6371648312
9387,HGS-TV,380193.0,932261.7046890259
9388,HGS-TV,380193.0,932381.9800784588
9389,HGS-TV,380193.0,932457.215362072
9390,HGS-TV,380193.0,932560.4530379772
9391,HGS-TV,380193.0,932748.3808186054
9392,HGS-TV,380193.0,932824.6085934639
9393,HGS-TV,380193.0,932884.6735806465
9394,HGS-TV,380193.0,932944.685005188
9395,HGS-TV,380193.0,933004.7655842304
9396,HGS-TV,380193.0,933171.9226632118
9397,HGS-TV,380193.0,933348.4384813309
9398,HGS-TV,380193.0,933561.81559062
9399,HGS-TV,380193.0,933792.040802002
9400,HGS-TV,380193.0,933906.0059900284
9401,HGS-TV,380193.0,934049.7357156277
9402,HGS-TV,380193.0,934210.2533318996
9403,HGS-TV,380193.0,934446.1610443592
9404,HGS-TV,380193.0,934506.2122657299
9405,HGS-TV,380193.0,934644.3635540009
9406,HGS-TV,380193.0,934704.4877672195
9407,HGS-TV,380193.0,934764.5221736431
9408,HGS-TV,380193.0,934910.1219806671
9409,HGS-TV,380193.0,935139.4420175552
9410,HGS-TV,380193.0,935245.0735399723
9411,HGS-TV,380193.0,935409.8391633034
9412,HGS-TV,380193.0,935607.4004211426
9413,HGS-TV,380193.0,935969.3429703712
9414,HGS-TV,380193.0,936326.6628730297
9415,HGS-TV,380193.0,936747.1344938278
9416,HGS-TV,380193.0,936868.2595498562
9417,HGS-TV,380193.0,938389.4132466316
9418,HGS-TV,380193.0,938608.8056402206
9419,HGS-TV,380193.0,940100.770737648
9420,HGS-TV,380193.0,940166.16532588
9421,HGS-TV,380193.0,940226.2216026783
9422,HGS-TV,380193.0,940286.2320830822
9423,HGS-TV,380193.0,940346.2901465893
9424,HGS-TV,380193.0,940504.0727689266
9425,HGS-TV,380193.0,940592.1309933662
9426,HGS-TV,380193.0,940655.7859938145
9427,HGS-TV,380193.0,940830.067340374
9428,HGS-TV,380193.0,940930.8194284439
9429,HGS-TV,380193.0,941087.0975079536
9430,HGS-TV,380193.0,941447.711845398
9431,HGS-TV,380193.0,941651.6222777367
9432,HGS-TV,380193.0,941753.9758827686
9433,HGS-TV,380193.0,942009.0139980316
9434,HGS-TV,380193.0,942234.6100363731
9435,HGS-TV,380193.0,942316.7008528709
9436,HGS-TV,380193.0,942376.8074598312
9437,HGS-TV,380193.0,942436.8771467209
9438,HGS-TV,380193.0,942496.9800815582
9439,HGS-TV,380193.0,942564.2199697495
9440,HGS-TV,380193.0,942629.7776179314
9441,HGS-TV,380193.0,942689.8288106918
9442,HGS-TV,380193.0,942749.8597309589
9443,HGS-TV,380193.0,942809.873282671
9444,HGS-TV,380193.0,942869.9223923683
9445,HGS-TV,380193.0,942929.9854402542
9446,HGS-TV,380193.0,943090.6769611835
9447,HGS-TV,380193.0,943150.6889190674
9448,HGS-TV,380193.0,943241.7830162048
9449,HGS-TV,380193.0,943464.5964748859
9450,HGS-TV,380193.0,943525.4626069069
9451,HGS-TV,380193.0,943824.1109182835
9452,HGS-TV,380193.0,945461.4802424908
9453,HGS-TV,380193.0,945521.519392252
9454,HGS-TV,380193.0,945581.521335125
9455,HGS-TV,380193.0,945641.589518547
9456,HGS-TV,380193.0,945701.7053735256
9457,HGS-TV,380193.0,945761.7648978233
9458,HGS-TV,380193.0,945821.7939522266
9459,HGS-TV,380193.0,945881.8181631565
9460,HGS-TV,380193.0,945941.8525238037
9461,HGS-TV,380193.0,946001.8776881695
9462,HGS-TV,380193.0,946061.9885156155
9463,HGS-TV,380193.0,946122.0842978954
9464,HGS-TV,380193.0,946182.1193091869
9465,HGS-TV,380193.0,946242.193428278
9466,HGS-TV,380193.0,946311.3535928726
9467,HGS-TV,380193.0,946371.3994944096
9468,HGS-TV,380193.0,946431.4710764885
9469,HGS-TV,380193.0,946491.5414869785
9470,HGS-TV,380193.0,946551.5419661999
9471,HGS-TV,380193.0,946611.5974242687
9472,HGS-TV,380193.0,946671.6258430481
9473,HGS-TV,380193.0,946731.6910481453
9474,HGS-TV,380193.0,946791.782366991
9475,HGS-TV,380193.0,946851.8203942776
9476,HGS-TV,380193.0,946911.8822181225
9477,HGS-TV,380193.0,946971.9037895203
9478,HGS-TV,380193.0,947031.9426040649
9479,HGS-TV,380193.0,947092.0136182308
9480,HGS-TV,380193.0,947152.02581954
9481,HGS-TV,380193.0,947212.0487208366
9482,HGS-TV,380193.0,947272.0889000893
9483,HGS-TV,380193.0,947332.1128590107
9484,HGS-TV,380193.0,947392.1658990383
9485,HGS-TV,380193.0,947452.2235147953
9486,HGS-TV,380193.0,947512.3103542328
9487,HGS-TV,380193.0,947572.386090517
9488,HGS-TV,380193.0,947632.4402234554
9489,HGS-TV,380193.0,947692.5074129105
9490,HGS-TV,380193.0,947752.5148220062
9491,HGS-TV,380193.0,947825.7051661015
9492,HGS-TV,380193.0,947885.7664570808
9493,HGS-TV,380193.0,947945.794365406
9494,HGS-TV,380193.0,948005.7966449261
9495,HGS-TV,380193.0,948065.9241743088
9496,HGS-TV,380193.0,948125.9869439602
9497,HGS-TV,380193.0,948185.9946010113
9498,HGS-TV,380193.0,948245.9981701374
9499,HGS-TV,380193.0,948329.153275013
9500,HGS-TV,380193.0,948389.2694740295
9501,HGS-TV,380193.0,948449.2815415859
9502,HGS-TV,380193.0,948592.915317297
9503,HGS-TV,380193.0,948652.932229042
9504,HGS-TV,380193.0,948712.9957549572
9505,HGS-TV,380193.0,948778.2674851418
9506,HGS-TV,380193.0,948901.6833436489
9507,HGS-TV,380193.0,948961.6960718632
9508,HGS-TV,380193.0,949021.7437491417
9509,HGS-TV,380193.0,949081.7641377449
9510,HGS-TV,380193.0,949141.7832069397
9511,HGS-TV,380193.0,949267.6367299557
9512,HGS-TV,380193.0,949327.7139811516
9513,HGS-TV,380193.0,949395.0280225277
9514,HGS-TV,380193.0,949455.0310564041
9515,HGS-TV,380193.0,949515.0889368057
9516,HGS-TV,380193.0,949642.0734612942
9517,HGS-TV,380193.0,949824.0555830002
9518,HGS-TV,380193.0,949884.0649447441
9519,HGS-TV,380193.0,950120.4377424717
9520,HGS-TV,380193.0,950180.5141825676
9521,HGS-TV,380193.0,950240.536806345
9522,HGS-TV,380193.0,950300.5786390305
9523,HGS-TV,380193.0,950380.0049421787
9524,HGS-TV,380193.0,950440.2083089352
9525,HGS-TV,380193.0,950524.1666121483
9526,HGS-TV,380193.0,950584.1758327484
9527,HGS-TV,380193.0,950651.7494752407
9528,HGS-TV,380193.0,950765.4566750526
9529,HGS-TV,380193.0,950874.8014211655
9530,HGS-TV,380193.0,950934.80336833
9531,HGS-TV,380193.0,950995.335798502
9532,HGS-TV,380193.0,951055.3982362747
9533,HGS-TV,380193.0,951505.3896329403
9534,HGS-TV,380193.0,951737.6913371086
9535,HGS-TV,380193.0,951800.5537292957
9536,HGS-TV,380193.0,951860.6065859795
9537,HGS-TV,380193.0,951920.6859257221
9538,HGS-TV,380193.0,951980.7850613594
9539,HGS-TV,380193.0,952040.7924993038
9540,HGS-TV,380193.0,952100.8142461777
9541,HGS-TV,380193.0,952160.8748831749
9542,HGS-TV,380193.0,952220.8793158531
9543,HGS-TV,380193.0,952280.9029974937
9544,HGS-TV,380193.0,952357.2053101063
9545,HGS-TV,380193.0,952417.2753446102
9546,HGS-TV,380193.0,952477.3127892017
9547,HGS-TV,380193.0,952537.3800103664
9548,HGS-TV,380193.0,952597.4569597244
9549,HGS-TV,380193.0,952657.4873251915
9550,HGS-TV,380193.0,952727.5290503502
9551,HGS-TV,380193.0,952787.5974192619
9552,HGS-TV,380193.0,952868.3084101677
9553,HGS-TV,380193.0,952942.4833009243
9554,HGS-TV,380193.0,953017.2801148891
9555,HGS-TV,380193.0,953077.3117232323
9556,HGS-TV,380193.0,953160.8446745872
9557,HGS-TV,380193.0,953261.9959096909
9558,HGS-TV,380193.0,953333.8608484268
9559,HGS-TV,380193.0,953393.8914966583
9560,HGS-TV,380193.0,953550.8748288155
9561,HGS-TV,380193.0,953662.2344062328
9562,HGS-TV,380193.0,953722.2761182785
9563,HGS-TV,380193.0,953782.2828316689
9564,HGS-TV,380193.0,953842.3771729469
9565,HGS-TV,380193.0,953902.4614875317
9566,HGS-TV,380193.0,953962.5060062408
9567,HGS-TV,380193.0,954022.5642330647
9568,HGS-TV,380193.0,954082.606493473
9569,HGS-TV,380193.0,954372.9125685692
9570,HGS-TV,380193.0,954438.8562779427
9571,HGS-TV,380193.0,954498.916985035
9572,HGS-TV,380193.0,954559.0591802597
9573,HGS-TV,380193.0,954758.1577515602
9574,HGS-TV,380193.0,954818.2110807896
9575,HGS-TV,380193.0,954878.2814364433
9576,HGS-TV,380193.0,954994.099593401
9577,HGS-TV,380193.0,955054.1055386066
9578,HGS-TV,380193.0,955114.1067781448
9579,HGS-TV,380193.0,955174.1173644066
9580,HGS-TV,380193.0,955234.18881917
9581,HGS-TV,380193.0,955294.254894495
9582,HGS-TV,380193.0,955354.8644113541
9583,HGS-TV,380193.0,955414.9180953503
9584,HGS-TV,380193.0,955474.9446766376
9585,HGS-TV,380193.0,955534.9717354774
9586,HGS-TV,380193.0,955594.9833276272
9587,HGS-TV,380193.0,955756.4156689644
9588,HGS-TV,380193.0,955971.4479672909
9589,HGS-TV,380193.0,956094.4790744781
9590,HGS-TV,380193.0,956154.60633564
9591,HGS-TV,380193.0,956214.677683115
9592,HGS-TV,380193.0,956320.3126983643
9593,HGS-TV,380193.0,956510.2844107151
9594,HGS-TV,380193.0,956669.2516782284
9595,HGS-TV,380193.0,956928.7393848896
9596,HGS-TV,380193.0,957583.5517230034
9597,HGS-TV,380193.0,958303.0483427048
9598,HGS-TV,380193.0,958972.3429236412
9599,HGS-TV,380193.0,959034.4079027176
9600,HGS-TV,380193.0,959094.4445049763
9601,HGS-TV,380193.0,959154.4635202885
9602,HGS-TV,380193.0,959214.4860005379
9603,HGS-TV,380193.0,959274.5461132526
9604,HGS-TV,380193.0,959374.7594532967
9605,HGS-TV,380193.0,959434.8160192966
9606,HGS-TV,380193.0,959501.2340884209
9607,HGS-TV,380193.0,959621.4850502014
9608,HGS-TV,380193.0,959692.7852680683
9609,HGS-TV,380193.0,959752.8044838905
9610,HGS-TV,380193.0,959838.9504084587
9611,HGS-TV,380193.0,960066.5642967224
9612,HGS-TV,380193.0,960339.2850923538
9613,HGS-TV,380193.0,960998.0638172626
9614,HGS-TV,380193.0,961327.3923265934
9615,HGS-TV,380193.0,962735.18511343
9616,HGS-TV,380193.0,962970.7412729263
9617,HGS-TV,380193.0,964580.3090372086
9618,HGS-TV,380193.0,964640.3348128796
9619,HGS-TV,380193.0,964700.3527653217
9620,HGS-TV,380193.0,964760.3795540333
9621,HGS-TV,380193.0,964820.4158771038
9622,HGS-TV,380193.0,964880.4205696583
9623,HGS-TV,380193.0,964940.4945905209
9624,HGS-TV,380193.0,965000.4965901375
9625,HGS-TV,380193.0,965060.5326581001
9626,HGS-TV,380193.0,965120.5533370972
9627,HGS-TV,380193.0,965180.591940403
9628,HGS-TV,380193.0,965240.6134905815
9629,HGS-TV,380193.0,965300.6545090675
9630,HGS-TV,380193.0,965360.7090420723
9631,HGS-TV,380193.0,965420.7205121517
9632,HGS-TV,380193.0,965480.7972233295
9633,HGS-TV,380193.0,965540.7973635197
9634,HGS-TV,380193.0,965600.8756973743
9635,HGS-TV,380193.0,965660.8820843697
9636,HGS-TV,380193.0,965720.9233522415
9637,HGS-TV,380193.0,965780.9833657742
9638,HGS-TV,380193.0,965841.0245850086
9639,HGS-TV,380193.0,965901.0488567352
9640,HGS-TV,380193.0,966002.0799207687
9641,HGS-TV,380193.0,966062.1589021683
9642,HGS-TV,380193.0,966122.233546257
9643,HGS-TV,380193.0,966182.2579343319
9644,HGS-TV,380193.0,966242.3502640724
9645,HGS-TV,380193.0,966302.3901777267
9646,HGS-TV,380193.0,966362.4284937382
9647,HGS-TV,380193.0,966422.452370882
9648,HGS-TV,380193.0,966482.5137691498
9649,HGS-TV,380193.0,966542.5536606312
9650,HGS-TV,380193.0,966602.6012275219
9651,HGS-TV,380193.0,966662.7021672726
9652,HGS-TV,380193.0,966722.774969101
9653,HGS-TV,380193.0,966782.8429167271
9654,HGS-TV,380193.0,966842.8635995388
9655,HGS-TV,380193.0,966902.9422585964
9656,HGS-TV,380193.0,966963.0039978027
9657,HGS-TV,380193.0,967023.0647535324
9658,HGS-TV,380193.0,967083.1782574654
9659,HGS-TV,380193.0,967197.576636076
9660,HGS-TV,380193.0,967257.6142907143
9661,HGS-TV,380193.0,967317.6352324486
9662,HGS-TV,380193.0,967402.2174737453
9663,HGS-TV,380193.0,967462.3104109764
9664,HGS-TV,380193.0,967548.4603550434
9665,HGS-TV,380193.0,967608.4638004303
9666,HGS-TV,380193.0,967669.07670784
9667,HGS-TV,380193.0,967729.1061551571
9668,HGS-TV,380193.0,967789.1906671524
9669,HGS-TV,380193.0,967849.2240951061
9670,HGS-TV,380193.0,967909.3477058411
9671,HGS-TV,380193.0,967969.3482663631
9672,HGS-TV,380193.0,968029.3691015244
9673,HGS-TV,380193.0,968089.3867373466
9674,HGS-TV,380193.0,968149.3927435875
9675,HGS-TV,380193.0,968209.4645502567
9676,HGS-TV,380193.0,968269.5013198853
9677,HGS-TV,380193.0,968329.533654213
9678,HGS-TV,380193.0,968435.8385155201
9679,HGS-TV,380193.0,968495.86095047
9680,HGS-TV,380193.0,968563.3053538799
9681,HGS-TV,380193.0,968623.3190305233
9682,HGS-TV,380193.0,968683.4471111298
9683,HGS-TV,380193.0,968743.4673886299
9684,HGS-TV,380193.0,968803.4917142391
9685,HGS-TV,380193.0,968863.4948689938
9686,HGS-TV,380193.0,968923.5519952774
9687,HGS-TV,380193.0,968983.5841953754
9688,HGS-TV,380193.0,969043.592092514
9689,HGS-TV,380193.0,969103.5945291519
9690,HGS-TV,380193.0,969163.6649773121
9691,HGS-TV,380193.0,969223.7038588524
9692,HGS-TV,380193.0,969283.7739005089
9693,HGS-TV,380193.0,969425.9420130253
9694,HGS-TV,380193.0,969485.9809997082
9695,HGS-TV,380193.0,969545.9820034504
9696,HGS-TV,380193.0,969606.0846524239
9697,HGS-TV,380193.0,969666.1257472038
9698,HGS-TV,380193.0,969726.1831154823
9699,HGS-TV,380193.0,969839.2474770546
9700,HGS-TV,380193.0,969899.2504131794
9701,HGS-TV,380193.0,969959.3101813793
9702,HGS-TV,380193.0,970019.4106822014
9703,HGS-TV,380193.0,970098.9216618538
9704,HGS-TV,380193.0,970239.7106006145
9705,HGS-TV,380193.0,970299.7486059666
9706,HGS-TV,380193.0,970439.168242693
9707,HGS-TV,380193.0,970598.6650841236
9708,HGS-TV,380193.0,970710.760029316
9709,HGS-TV,380193.0,970901.0003068447
9710,HGS-TV,380193.0,970974.9958839417
9711,HGS-TV,380193.0,971035.0454638004
9712,HGS-TV,380193.0,971095.1161749363
9713,HGS-TV,380193.0,971155.1303920746
9714,HGS-TV,380193.0,971215.2137758732
9715,HGS-TV,380193.0,971275.2209136486
9716,HGS-TV,380193.0,971394.7015278339
9717,HGS-TV,380193.0,971581.0480172634
9718,HGS-TV,380193.0,971641.0768060684
9719,HGS-TV,380193.0,972273.7087230682
9720,HGS-TV,380193.0,972636.1650714874
9721,HGS-TV,380193.0,973361.8760085106
9722,HGS-TV,380193.0,974916.2812187672
9723,HGS-TV,380193.0,974976.3079154491
9724,HGS-TV,380193.0,975036.3614366055
9725,HGS-TV,380193.0,975096.3709349632
9726,HGS-TV,380193.0,975156.4131631851
9727,HGS-TV,380193.0,975216.4922683239
9728,HGS-TV,380193.0,975276.5679225922
9729,HGS-TV,380193.0,975336.6062295437
9730,HGS-TV,380193.0,975396.6656560898
9731,HGS-TV,380193.0,975456.7856552601
9732,HGS-TV,380193.0,975516.8110585213
9733,HGS-TV,380193.0,975576.8616788387
9734,HGS-TV,380193.0,975636.8778765202
9735,HGS-TV,380193.0,975696.9233231544
9736,HGS-TV,380193.0,975757.0258522034
9737,HGS-TV,380193.0,975817.0684435368
9738,HGS-TV,380193.0,975877.1226623058
9739,HGS-TV,380193.0,975937.1622884274
9740,HGS-TV,380193.0,975997.2120859623
9741,HGS-TV,380193.0,976057.2191197872
9742,HGS-TV,380193.0,976117.229498148
9743,HGS-TV,380193.0,976177.2577924728
9744,HGS-TV,380193.0,976237.2862393856
9745,HGS-TV,380193.0,976297.3979768753
9746,HGS-TV,380193.0,976357.4363114834
9747,HGS-TV,380193.0,976417.4933307171
9748,HGS-TV,380193.0,976477.5459923744
9749,HGS-TV,380193.0,976537.6535894871
9750,HGS-TV,380193.0,976597.6822974682
9751,HGS-TV,380193.0,976657.7330625057
9752,HGS-TV,380193.0,976717.8060343266
9753,HGS-TV,380193.0,976777.898422718
9754,HGS-TV,380193.0,976837.9217295647
9755,HGS-TV,380193.0,976897.9374306202
9756,HGS-TV,380193.0,976957.9678258896
9757,HGS-TV,380193.0,977018.0188298225
9758,HGS-TV,380193.0,977078.1014039516
9759,HGS-TV,380193.0,977138.1638829708
9760,HGS-TV,380193.0,977198.2151501179
9761,HGS-TV,380193.0,977258.2305240631
9762,HGS-TV,380193.0,977318.2652907372
9763,HGS-TV,380193.0,977378.3446652889
9764,HGS-TV,380193.0,977438.4054851532
9765,HGS-TV,380193.0,977498.4309380054
9766,HGS-TV,380193.0,977558.498966217
9767,HGS-TV,380193.0,977618.5248148441
9768,HGS-TV,380193.0,977678.6614713669
9769,HGS-TV,380193.0,977746.5218451023
9770,HGS-TV,380193.0,977806.5739970207
9771,HGS-TV,380193.0,977866.5956630707
9772,HGS-TV,380193.0,977926.6612420082
9773,HGS-TV,380193.0,977986.7766308784
9774,HGS-TV,380193.0,978046.8378009796
9775,HGS-TV,380193.0,978106.9138820171
9776,HGS-TV,380193.0,978187.8041331768
9777,HGS-TV,380193.0,978247.817868948
9778,HGS-TV,380193.0,978323.103256464
9779,HGS-TV,380193.0,978488.210893631
9780,HGS-TV,380193.0,978548.2558598518
9781,HGS-TV,380193.0,978636.4224102497
9782,HGS-TV,380193.0,978697.2174768448
9783,HGS-TV,380193.0,978757.3009533882
9784,HGS-TV,380193.0,978826.0887649059
9785,HGS-TV,380193.0,978886.1607575417
9786,HGS-TV,380193.0,978946.1672301292
9787,HGS-TV,380193.0,979006.1801002026
9788,HGS-TV,380193.0,979066.1878869534
9789,HGS-TV,380193.0,979161.4478261471
9790,HGS-TV,380193.0,979281.0736403465
9791,HGS-TV,380193.0,979341.1374619007
9792,HGS-TV,380193.0,979401.1745958328
9793,HGS-TV,380193.0,979490.6925852299
9794,HGS-TV,380193.0,979557.6189157963
9795,HGS-TV,380193.0,979620.4290177822
9796,HGS-TV,380193.0,979680.5040943623
9797,HGS-TV,380193.0,979745.7513895035
9798,HGS-TV,380193.0,979805.7608003616
9799,HGS-TV,380193.0,979865.8068842888
9800,HGS-TV,380193.0,979925.8395690918
9801,HGS-TV,380193.0,979985.917816639
9802,HGS-TV,380193.0,980045.9581985474
9803,HGS-TV,380193.0,980105.9997754097
9804,HGS-TV,380193.0,980166.0495231152
9805,HGS-TV,380193.0,980226.0601525307
9806,HGS-TV,380193.0,980286.0905787945
9807,HGS-TV,380193.0,980346.1487252712
9808,HGS-TV,380193.0,980406.166652441
9809,HGS-TV,380193.0,980466.202780962
9810,HGS-TV,380193.0,980553.7488977909
9811,HGS-TV,380193.0,980613.8068757057
9812,HGS-TV,380193.0,980673.8080046177
9813,HGS-TV,380193.0,980733.8830969334
9814,HGS-TV,380193.0,980793.9103736877
9815,HGS-TV,380193.0,980853.9170074463
9816,HGS-TV,380193.0,980913.9707808495
9817,HGS-TV,380193.0,980973.9831342697
9818,HGS-TV,380193.0,981034.0194556713
9819,HGS-TV,380193.0,981094.1275877953
9820,HGS-TV,380193.0,981189.9020195007
9821,HGS-TV,380193.0,981249.9115536213
9822,HGS-TV,380193.0,981310.0138642788
9823,HGS-TV,380193.0,981370.0371315479
9824,HGS-TV,380193.0,981430.1096036434
9825,HGS-TV,380193.0,981490.142870903
9826,HGS-TV,380193.0,981550.2356467247
9827,HGS-TV,380193.0,981610.2786610126
9828,HGS-TV,380193.0,981670.3292779922
9829,HGS-TV,380193.0,981730.3531486988
9830,HGS-TV,380193.0,981790.401612997
9831,HGS-TV,380193.0,981901.8766901493
9832,HGS-TV,380193.0,981961.8906853199
9833,HGS-TV,380193.0,982057.5628802776
9834,HGS-TV,380193.0,982146.5939342976
9835,HGS-TV,380193.0,982206.6593279839
9836,HGS-TV,380193.0,982266.7695295811
9837,HGS-TV,380193.0,982326.8723900318
9838,HGS-TV,380193.0,982386.8868489265
9839,HGS-TV,380193.0,982453.0752565861
9840,HGS-TV,380193.0,982513.1557748318
9841,HGS-TV,380193.0,982617.8627414703
9842,HGS-TV,380193.0,982677.8785729408
9843,HGS-TV,380193.0,982794.9814379215
9844,HGS-TV,380193.0,982888.3656895161
9845,HGS-TV,380193.0,982948.3907945156
9846,HGS-TV,380193.0,983141.4276809692
9847,HGS-TV,380193.0,983201.484099865
9848,HGS-TV,380193.0,983421.8746516705
9849,ails2_etaMax1.000_stoppingTime1728000.00,380356.0,983803.0440649414
9850,ails2_etaMax1.000_stoppingTime1728000.00,380353.0,983803.2140649414
9851,HGS-TV,380193.0,983864.4161343575
9852,ails2_etaMax1.000_stoppingTime1728000.00,380345.0,983877.3760649414
9853,HGS-TV,380193.0,984255.0039737225
9854,HGS-TV,380193.0,985289.2733988762
9855,HGS-TV,380193.0,985979.624519825
9856,HGS-TV,380193.0,986039.7056317329
9857,HGS-TV,380193.0,986099.7955155373
9858,HGS-TV,380193.0,986159.8042390347
9859,HGS-TV,380193.0,986219.8333668709
9860,HGS-TV,380193.0,986279.895106554
9861,HGS-TV,380193.0,986339.966366291
9862,HGS-TV,380193.0,986399.9957995415
9863,HGS-TV,380193.0,986460.0254662037
9864,HGS-TV,380193.0,986520.0560731888
9865,HGS-TV,380193.0,986580.1257240772
9866,HGS-TV,380193.0,986640.1515054703
9867,HGS-TV,380193.0,986700.161541462
9868,HGS-TV,380193.0,986760.2424423695
9869,HGS-TV,380193.0,986820.2665555477
9870,HGS-TV,380193.0,986880.3349635601
9871,HGS-TV,380193.0,986977.8702964783
9872,HGS-TV,380193.0,987037.9628696442
9873,HGS-TV,380193.0,987097.9976549149
9874,HGS-TV,380193.0,987158.0803563595
9875,HGS-TV,380193.0,987241.8217558861
9876,HGS-TV,380193.0,987301.8572943211
9877,HGS-TV,380193.0,987457.8200128078
9878,HGS-TV,380193.0,987591.1090841293
9879,HGS-TV,380193.0,987665.9680714607
9880,HGS-TV,380193.0,987812.8639354706
9881,HGS-TV,380193.0,987872.879784584
9882,HGS-TV,380193.0,987932.9250648022
9883,HGS-TV,380193.0,987992.9510993958
9884,HGS-TV,380193.0,988053.0189936161
9885,HGS-TV,380193.0,988156.073857069
9886,HGS-TV,380193.0,988216.1718621254
9887,HGS-TV,380193.0,988521.2532215118
9888,HGS-TV,380193.0,988590.1002295017
9889,HGS-TV,380193.0,988677.2225818634
9890,HGS-TV,380193.0,988858.4029362202
9891,HGS-TV,380193.0,988918.4657633305
9892,HGS-TV,380193.0,988978.5041561127
9893,HGS-TV,380193.0,989038.5541350842
9894,HGS-TV,380193.0,990672.1406419277
9895,HGS-TV,380193.0,990732.1760621071
9896,HGS-TV,380193.0,990792.2369935513
9897,HGS-TV,380193.0,990852.242349863
9898,HGS-TV,380193.0,990912.3068187237
9899,HGS-TV,380193.0,990972.3089287281
9900,HGS-TV,380193.0,991032.3281264305
9901,HGS-TV,380193.0,991092.4332313538
9902,HGS-TV,380193.0,991152.5123221874
9903,HGS-TV,380193.0,991212.5508594513
9904,HGS-TV,380193.0,991272.6137886047
9905,HGS-TV,380193.0,991332.6162014008
9906,HGS-TV,380193.0,991392.6975827217
9907,HGS-TV,380193.0,991452.7479364872
9908,HGS-TV,380193.0,991512.7492187023
9909,HGS-TV,380193.0,991572.8405535221
9910,HGS-TV,380193.0,991632.8829889297
9911,HGS-TV,380193.0,991692.967499733
9912,HGS-TV,380193.0,991752.9776670933
9913,HGS-TV,380193.0,991813.0474600792
9914,HGS-TV,380193.0,991873.0954244137
9915,HGS-TV,380193.0,991933.1224808693
9916,HGS-TV,380193.0,991993.2177069187
9917,HGS-TV,380193.0,992078.910171032
9918,HGS-TV,380193.0,992138.9374547005
9919,HGS-TV,380193.0,992199.0001914501
9920,HGS-TV,380193.0,992259.0628602505
9921,HGS-TV,380193.0,992319.118093729
9922,HGS-TV,380193.0,992379.1267926693
9923,HGS-TV,380193.0,992439.1280107498
9924,HGS-TV,380193.0,992499.1989207268
9925,HGS-TV,380193.0,992559.2079401016
9926,HGS-TV,380193.0,992619.2206914425
9927,HGS-TV,380193.0,992679.2523992062
9928,HGS-TV,380193.0,992739.3298661709
9929,HGS-TV,380193.0,992799.3999371529
9930,HGS-TV,380193.0,992859.409062624
9931,HGS-TV,380193.0,992919.4326546192
9932,HGS-TV,380193.0,992979.4700930119
9933,HGS-TV,380193.0,993039.5112526417
9934,HGS-TV,380193.0,993099.5294585228
9935,HGS-TV,380193.0,993159.5584909916
9936,HGS-TV,380193.0,993303.5748984814
9937,HGS-TV,380193.0,993363.5830519199
9938,HGS-TV,380193.0,993423.6301245689
9939,HGS-TV,380193.0,993483.6458809376
9940,HGS-TV,380193.0,993543.6775970459
9941,HGS-TV,380193.0,993603.7203176022
9942,HGS-TV,380193.0,993663.8227529526
9943,HGS-TV,380193.0,993723.8789587021
9944,HGS-TV,380193.0,993783.9031331539
9945,HGS-TV,380193.0,993843.9156324863
9946,HGS-TV,380193.0,993903.9512524605
9947,HGS-TV,380193.0,993963.983007431
9948,HGS-TV,380193.0,994042.6618328094
9949,HGS-TV,380193.0,994102.707804203
9950,HGS-TV,380193.0,994162.812825203
9951,HGS-TV,380193.0,994275.8841154575
9952,HGS-TV,380193.0,994337.3635277748
9953,HGS-TV,380193.0,994397.368344307
9954,HGS-TV,380193.0,994479.8749399185
9955,HGS-TV,380193.0,994596.0284974575
9956,HGS-TV,380193.0,994656.0285525322
9957,HGS-TV,380193.0,994716.0291926861
9958,HGS-TV,380193.0,994776.0863347054
9959,HGS-TV,380193.0,994836.1389040947
9960,HGS-TV,380193.0,994896.1501317024
9961,HGS-TV,380193.0,994960.3092193604
9962,HGS-TV,380193.0,995020.3507316113
9963,HGS-TV,380193.0,995080.3914773464
9964,HGS-TV,380193.0,995140.4435062408
9965,HGS-TV,380193.0,995200.5085194111
9966,HGS-TV,380193.0,995306.0903375149
9967,HGS-TV,380193.0,995366.0909850597
9968,HGS-TV,380193.0,995426.1210708618
9969,HGS-TV,380193.0,995486.1769273281
9970,HGS-TV,380193.0,995593.3122756481
9971,HGS-TV,380193.0,995653.3398063183
9972,HGS-TV,380193.0,995728.4464201927
9973,HGS-TV,380193.0,995788.4805197716
9974,HGS-TV,380193.0,995848.5541279316
9975,HGS-TV,380193.0,995968.3349683285
9976,HGS-TV,380193.0,996059.4122014046
9977,HGS-TV,380193.0,996122.3496580124
9978,HGS-TV,380193.0,996182.401031971
9979,HGS-TV,380193.0,996399.4912695885
9980,HGS-TV,380193.0,996504.9380600452
9981,HGS-TV,380193.0,997218.0033895969
9982,HGS-TV,380193.0,997278.1117303371
9983,HGS-TV,380193.0,997399.8499445915
9984,HGS-TV,380193.0,997517.0400745869
9985,HGS-TV,380193.0,997738.9384381771
9986,HGS-TV,380193.0,997811.6061732769
9987,HGS-TV,380193.0,998218.6158943176
9988,HGS-TV,380193.0,998491.8671693802
9989,HGS-TV,380193.0,998551.9369828701
9990,HGS-TV,380193.0,998611.9551148415
9991,HGS-TV,380193.0,998675.8441696167
9992,HGS-TV,380193.0,999259.8826503754
9993,HGS-TV,380193.0,999520.1402249336
9994,HGS-TV,380193.0,1000097.3924970627
9995,HGS-TV,380193.0,1000206.1317596436
9996,HGS-TV,380193.0,1000507.4700160027
9997,HGS-TV,380193.0,1000567.4736688137
9998,HGS-TV,380193.0,1000627.5430600643
9999,HGS-TV,380193.0,1000687.5840520859
10000,HGS-TV,380193.0,1000747.6103405952
10001,HGS-TV,380193.0,1000807.6901981831
10002,HGS-TV,380193.0,1000867.7968349457
10003,HGS-TV,380193.0,1000927.9251968861
10004,HGS-TV,380193.0,1000987.9790890217
10005,HGS-TV,380193.0,1001048.0396521091
10006,HGS-TV,380193.0,1001108.1307096481
10007,HGS-TV,380193.0,1001168.1623966694
10008,HGS-TV,380193.0,1001228.2389850616
10009,HGS-TV,380193.0,1001288.2666420937
10010,HGS-TV,380193.0,1001348.3282418251
10011,HGS-TV,380193.0,1001408.3628635406
10012,HGS-TV,380193.0,1001468.3942680359
10013,HGS-TV,380193.0,1001528.4112598896
10014,HGS-TV,380193.0,1001588.4433853626
10015,HGS-TV,380193.0,1001648.476695776
10016,HGS-TV,380193.0,1001753.1060011387
10017,HGS-TV,380193.0,1001835.8066997528
10018,HGS-TV,380193.0,1001936.5416755676
10019,HGS-TV,380193.0,1001996.6028540134
10020,HGS-TV,380193.0,1002056.6189582348
10021,HGS-TV,380193.0,1002116.6903922558
10022,HGS-TV,380193.0,1002176.7233541012
10023,HGS-TV,380193.0,1002236.7604148388
10024,HGS-TV,380193.0,1002296.809895277
10025,HGS-TV,380193.0,1002356.9137275219
10026,HGS-TV,380193.0,1002417.0152654648
10027,HGS-TV,380193.0,1002477.0601429939
10028,HGS-TV,380193.0,1002537.1471803188
10029,HGS-TV,380193.0,1002597.2585661411
10030,HGS-TV,380193.0,1002657.364346981
10031,HGS-TV,380193.0,1002822.382897377
10032,HGS-TV,380193.0,1002887.1577041149
10033,HGS-TV,380193.0,1002947.2188401222
10034,HGS-TV,380193.0,1003007.2250316143
10035,HGS-TV,380193.0,1003067.2404692173
10036,HGS-TV,380193.0,1003127.2590551376
10037,HGS-TV,380193.0,1003282.9715471268
10038,HGS-TV,380193.0,1003378.5380365849
10039,HGS-TV,380193.0,1003438.5913407803
10040,HGS-TV,380193.0,1003548.375608921
10041,HGS-TV,380193.0,1003721.3159298897
10042,HGS-TV,380193.0,1003871.1848449707
10043,HGS-TV,380193.0,1003931.2146625519
10044,HGS-TV,380193.0,1004036.6645419598
10045,HGS-TV,380193.0,1004096.6658520699
10046,HGS-TV,380193.0,1004156.6776278019
10047,HGS-TV,380193.0,1004640.6391217709
10048,HGS-TV,380193.0,1005344.8957693577
10049,HGS-TV,380193.0,1005404.986148119
10050,HGS-TV,380193.0,1005465.0279991627
10051,HGS-TV,380193.0,1005626.4101464748
10052,HGS-TV,380193.0,1006047.1563522816
10053,ails2_etaMax1.000_stoppingTime1728000.00,380344.0,1006357.8150649414
10054,ails2_etaMax1.000_stoppingTime1728000.00,380343.0,1006357.9100649414
10055,HGS-TV,380193.0,1007599.7141952515
10056,HGS-TV,380193.0,1007659.8001022339
10057,HGS-TV,380193.0,1007719.84450984
10058,HGS-TV,380193.0,1007779.9335448742
10059,HGS-TV,380193.0,1007839.9838583469
10060,HGS-TV,380193.0,1007900.0816817284
10061,HGS-TV,380193.0,1007960.1481318474
10062,HGS-TV,380193.0,1008020.1728754044
10063,HGS-TV,380193.0,1008080.1993889809
10064,HGS-TV,380193.0,1008140.2364397049
10065,HGS-TV,380193.0,1008200.2895290852
10066,HGS-TV,380193.0,1008260.2914175987
10067,HGS-TV,380193.0,1008394.2013435364
10068,HGS-TV,380193.0,1008454.2610580921
10069,HGS-TV,380193.0,1008514.3871600628
10070,HGS-TV,380193.0,1008574.4706578255
10071,HGS-TV,380193.0,1008634.5068283081
10072,HGS-TV,380193.0,1008694.5726690292
10073,HGS-TV,380193.0,1008754.5818276405
10074,HGS-TV,380193.0,1008814.6724545956
10075,HGS-TV,380193.0,1008874.674526453
10076,HGS-TV,380193.0,1008934.7293832302
10077,HGS-TV,380193.0,1008994.7482421398
10078,HGS-TV,380193.0,1009054.8039631844
10079,HGS-TV,380193.0,1009114.8316617012
10080,HGS-TV,380193.0,1009174.8906240463
10081,HGS-TV,380193.0,1009234.9396951199
10082,HGS-TV,380193.0,1009295.0244238377
10083,HGS-TV,380193.0,1009355.0640027523
10084,HGS-TV,380193.0,1009415.1319737434
10085,HGS-TV,380193.0,1009475.1447324753
10086,HGS-TV,380193.0,1009535.1737630367
10087,HGS-TV,380193.0,1009595.1807603836
10088,HGS-TV,380193.0,1009655.2427511215
10089,HGS-TV,380193.0,1009746.2213964462
10090,HGS-TV,380193.0,1009806.2816677094
10091,HGS-TV,380193.0,1009866.3407776356
10092,HGS-TV,380193.0,1009926.3521029949
10093,HGS-TV,380193.0,1009986.4089524746
10094,HGS-TV,380193.0,1010046.4754190445
10095,HGS-TV,380193.0,1010127.9496777058
10096,HGS-TV,380193.0,1010187.951268673
10097,HGS-TV,380193.0,1010247.9520597458
10098,HGS-TV,380193.0,1010307.9955401421
10099,HGS-TV,380193.0,1010387.940279007
10100,HGS-TV,380193.0,1010447.9563407898
10101,HGS-TV,380193.0,1010508.0466563702
10102,HGS-TV,380193.0,1010568.0616989136
10103,HGS-TV,380193.0,1010628.0776331425
10104,HGS-TV,380193.0,1010688.1125702858
10105,HGS-TV,380193.0,1010748.2053287029
10106,HGS-TV,380193.0,1010808.2857189178
10107,HGS-TV,380193.0,1010868.3431508541
10108,HGS-TV,380193.0,1010928.3859565258
10109,HGS-TV,380193.0,1010988.4594686031
10110,HGS-TV,380193.0,1011048.4815750122
10111,HGS-TV,380193.0,1011108.4947779179
10112,HGS-TV,380193.0,1011168.5000481606
10113,HGS-TV,380193.0,1011228.5112047195
10114,HGS-TV,380193.0,1011288.5870599747
10115,HGS-TV,380193.0,1011348.6531934738
10116,HGS-TV,380193.0,1011408.7377197742
10117,HGS-TV,380193.0,1011482.4916214943
10118,HGS-TV,380193.0,1011542.5315611362
10119,HGS-TV,380193.0,1011602.5324845314
10120,HGS-TV,380193.0,1011662.5806040764
10121,HGS-TV,380193.0,1011732.4823093414
10122,HGS-TV,380193.0,1011792.5766952038
10123,HGS-TV,380193.0,1011889.7945888042
10124,HGS-TV,380193.0,1011949.8012418747
10125,HGS-TV,380193.0,1012094.559015274
10126,HGS-TV,380193.0,1012245.2272617817
10127,HGS-TV,380193.0,1012305.3388075829
10128,HGS-TV,380193.0,1012372.9753816128
10129,HGS-TV,380193.0,1012432.9926609993
10130,HGS-TV,380193.0,1012493.0771148205
10131,HGS-TV,380193.0,1012553.136207819
10132,HGS-TV,380193.0,1012636.5528538227
10133,HGS-TV,380193.0,1012696.5686573982
10134,HGS-TV,380193.0,1012756.6064288616
10135,HGS-TV,380193.0,1012816.6151151657
10136,HGS-TV,380193.0,1012876.7117815018
10137,HGS-TV,380193.0,1012936.788659811
10138,HGS-TV,380193.0,1012996.8629486561
10139,HGS-TV,380193.0,1013056.8699891567
10140,HGS-TV,380193.0,1013116.9112870693
10141,HGS-TV,380193.0,1013176.924864769
10142,HGS-TV,380193.0,1013236.9967668056
10143,HGS-TV,380193.0,1013297.0614190102
10144,HGS-TV,380193.0,1013357.068529129
10145,HGS-TV,380193.0,1013440.3374519348
10146,HGS-TV,380193.0,1013558.1729736328
10147,HGS-TV,380193.0,1013618.278011322
10148,HGS-TV,380193.0,1013678.3024535179
10149,HGS-TV,380193.0,1013738.3738999367
10150,HGS-TV,380193.0,1013798.4457547665
10151,HGS-TV,380193.0,1013858.5157485008
10152,HGS-TV,380193.0,1013941.6932010651
10153,HGS-TV,380193.0,1014001.7073011398
10154,HGS-TV,380193.0,1014061.8047997952
10155,HGS-TV,380193.0,1014198.3772022724
10156,HGS-TV,380193.0,1014258.3926384449
10157,HGS-TV,380193.0,1014318.4044082165
10158,HGS-TV,380193.0,1014378.4133548737
10159,HGS-TV,380193.0,1014438.4596173763
10160,HGS-TV,380193.0,1014498.4663498402
10161,HGS-TV,380193.0,1014558.5442535877
10162,HGS-TV,380193.0,1014701.584076643
10163,HGS-TV,380193.0,1014766.6720025539
10164,HGS-TV,380193.0,1014826.6777887344
10165,HGS-TV,380193.0,1014886.7130300999
10166,ails2_etaMax1.000_stoppingTime1728000.00,380341.0,1014904.8720649414
10167,ails2_etaMax1.000_stoppingTime1728000.00,380338.0,1014904.9120649414
10168,HGS-TV,380193.0,1014991.9171695709
10169,HGS-TV,380193.0,1015165.3027191162
10170,HGS-TV,380193.0,1015245.1549465656
10171,HGS-TV,380193.0,1015446.9441165924
10172,HGS-TV,380193.0,1015644.4888060093
10173,HGS-TV,380193.0,1015916.9391841888
10174,ails2_etaMax1.000_stoppingTime1728000.00,380333.0,1015991.3020649414
10175,ails2_etaMax1.000_stoppingTime1728000.00,380331.0,1015991.3330649415
10176,HGS-TV,380193.0,1016739.2308309078
10177,HGS-TV,380193.0,1016864.8105678558
10178,HGS-TV,380193.0,1017668.1540501118
10179,HGS-TV,380193.0,1019388.963486433
10180,HGS-TV,380193.0,1019448.9756267071
10181,HGS-TV,380193.0,1019509.0188412666
10182,HGS-TV,380193.0,1019569.0400016308
10183,HGS-TV,380193.0,1019629.0443139076
10184,HGS-TV,380193.0,1019689.1755962372
10185,HGS-TV,380193.0,1019749.2740395069
10186,HGS-TV,380193.0,1019809.2787435055
10187,HGS-TV,380193.0,1019869.3759965897
10188,HGS-TV,380193.0,1019929.3936898708
10189,HGS-TV,380193.0,1019989.3967795372
10190,HGS-TV,380193.0,1020049.4611344337
10191,ails2_etaMax1.000_stoppingTime1728000.00,380328.0,1020095.1020649414
10192,HGS-TV,380193.0,1020109.4797132015
10193,ails2_etaMax1.000_stoppingTime1728000.00,380326.0,1020095.1230649414
10194,HGS-TV,380193.0,1020169.5171353817
10195,HGS-TV,380193.0,1020229.5822379589
10196,HGS-TV,380193.0,1020289.6482656002
10197,HGS-TV,380193.0,1020349.6531345844
10198,HGS-TV,380193.0,1020409.7219314575
10199,HGS-TV,380193.0,1020476.410677433
10200,HGS-TV,380193.0,1020536.4139287472
10201,HGS-TV,380193.0,1020596.5146360397
10202,HGS-TV,380193.0,1020656.592828989
10203,HGS-TV,380193.0,1020716.6037325859
10204,HGS-TV,380193.0,1020776.6547214985
10205,HGS-TV,380193.0,1020836.7136175632
10206,HGS-TV,380193.0,1020896.7659845352
10207,HGS-TV,380193.0,1020956.8300950527
10208,HGS-TV,380193.0,1021044.3346531391
10209,HGS-TV,380193.0,1021128.6613104343
10210,HGS-TV,380193.0,1021188.6767787933
10211,HGS-TV,380193.0,1021248.7405490875
10212,HGS-TV,380193.0,1021308.8150286674
10213,HGS-TV,380193.0,1021373.0347278118
10214,HGS-TV,380193.0,1021433.058047533
10215,HGS-TV,380193.0,1021497.7344374657
10216,HGS-TV,380193.0,1021557.7701678276
10217,HGS-TV,380193.0,1021617.8329210281
10218,HGS-TV,380193.0,1021677.8612661362
10219,HGS-TV,380193.0,1021737.9036960602
10220,HGS-TV,380193.0,1021797.951406002
10221,HGS-TV,380193.0,1021864.8040180206
10222,HGS-TV,380193.0,1021931.9751844406
10223,HGS-TV,380193.0,1021992.0009403229
10224,HGS-TV,380193.0,1022054.2280826569
10225,HGS-TV,380193.0,1022114.3030364513
10226,HGS-TV,380193.0,1022174.3662214279
10227,HGS-TV,380193.0,1022234.4352371693
10228,HGS-TV,380193.0,1022294.5117108822
10229,HGS-TV,380193.0,1022354.571331501
10230,HGS-TV,380193.0,1022414.6180622578
10231,HGS-TV,380193.0,1022474.6352155209
10232,HGS-TV,380193.0,1022555.5400030613
10233,HGS-TV,380193.0,1022615.5940492153
10234,HGS-TV,380193.0,1022675.6800091267
10235,HGS-TV,380193.0,1022735.7378978729
10236,HGS-TV,380193.0,1022795.7898283005
10237,HGS-TV,380193.0,1022855.8162353039
10238,HGS-TV,380193.0,1022915.8343496323
10239,HGS-TV,380193.0,1022975.9651641846
10240,HGS-TV,380193.0,1023035.9792068005
10241,HGS-TV,380193.0,1023099.2075681686
10242,HGS-TV,380193.0,1023159.2327327728
10243,HGS-TV,380193.0,1023219.2994055748
10244,HGS-TV,380193.0,1023279.3159770966
10245,HGS-TV,380193.0,1023339.317912817
10246,HGS-TV,380193.0,1023399.3749904633
10247,HGS-TV,380193.0,1023459.4521501064
10248,HGS-TV,380193.0,1023519.5068254471
10249,HGS-TV,380193.0,1023579.5237004757
10250,HGS-TV,380193.0,1023639.5555105209
10251,HGS-TV,380193.0,1023713.9578990936
10252,HGS-TV,380193.0,1023774.0000061989
10253,HGS-TV,380193.0,1023834.0059103966
10254,HGS-TV,380193.0,1023894.0334136486
10255,HGS-TV,380193.0,1023954.1200098991
10256,HGS-TV,380193.0,1024041.3429222107
10257,HGS-TV,380193.0,1024126.2720761299
10258,HGS-TV,380193.0,1024186.3372225761
10259,HGS-TV,380193.0,1024246.3436510563
10260,HGS-TV,380193.0,1024306.3515107632
10261,HGS-TV,380193.0,1024433.5192039013
10262,HGS-TV,380193.0,1024493.575614214
10263,HGS-TV,380193.0,1024553.5910875797
10264,HGS-TV,380193.0,1024613.6647064686
10265,HGS-TV,380193.0,1024673.7349104881
10266,HGS-TV,380193.0,1024733.7477154732
10267,HGS-TV,380193.0,1024793.7536706924
10268,HGS-TV,380193.0,1024853.829018116
10269,HGS-TV,380193.0,1024913.8511247635
10270,HGS-TV,380193.0,1024973.9132771492
10271,HGS-TV,380193.0,1025033.9554591179
10272,HGS-TV,380193.0,1025094.001885891
10273,HGS-TV,380193.0,1025154.1076834202
10274,HGS-TV,380193.0,1025214.1182494164
10275,HGS-TV,380193.0,1025274.2099366188
10276,HGS-TV,380193.0,1025334.2261126041
10277,HGS-TV,380193.0,1025497.4985837936
10278,HGS-TV,380193.0,1025562.3736491203
10279,HGS-TV,380193.0,1025622.3896868229
10280,HGS-TV,380193.0,1025682.4569642544
10281,HGS-TV,380193.0,1025792.2892069817
10282,HGS-TV,380193.0,1025852.3442158699
10283,HGS-TV,380193.0,1025927.1258211136
10284,HGS-TV,380193.0,1026056.0569679737
10285,HGS-TV,380193.0,1026116.1224703789
10286,HGS-TV,380193.0,1026176.1537704468
10287,HGS-TV,380193.0,1026359.7282509804
10288,HGS-TV,380193.0,1026505.0207467079
10289,HGS-TV,380193.0,1026565.0713298321
10290,HGS-TV,380193.0,1026730.2354032993
10291,HGS-TV,380193.0,1027074.0881505013
10292,HGS-TV,380193.0,1027178.6607244015
10293,HGS-TV,380193.0,1027392.3566884995
10294,HGS-TV,380193.0,1027476.9046075344
10295,HGS-TV,380193.0,1027581.8536543846
10296,HGS-TV,380193.0,1028237.063202858
10297,HGS-TV,380193.0,1028715.1043386459
10298,HGS-TV,380193.0,1029358.395138979
10299,HGS-TV,380193.0,1029418.4356145859
10300,HGS-TV,380193.0,1029484.5330038071
10301,HGS-TV,380193.0,1029604.2453677654
10302,HGS-TV,380193.0,1029664.2748384476
10303,HGS-TV,380193.0,1029724.33441329
10304,HGS-TV,380193.0,1029843.9615278244
10305,HGS-TV,380193.0,1029903.9813270569
10306,HGS-TV,380193.0,1029986.9160850048
10307,HGS-TV,380193.0,1030047.0109698772
10308,HGS-TV,380193.0,1030107.0138924122
10309,HGS-TV,380193.0,1030246.4976100922
10310,HGS-TV,380193.0,1030497.2497816086
10311,HGS-TV,380193.0,1030557.3271977901
10312,HGS-TV,380193.0,1030617.3544352055
10313,HGS-TV,380193.0,1030677.4487352371
10314,HGS-TV,380193.0,1030974.4860165119
10315,HGS-TV,380193.0,1031072.5604066849
10316,HGS-TV,380193.0,1031139.8789658546
10317,HGS-TV,380193.0,1031244.7148742676
10318,HGS-TV,380193.0,1031375.4942319393
10319,HGS-TV,380193.0,1031457.4326138496
10320,HGS-TV,380193.0,1031675.9414772987
10321,HGS-TV,380193.0,1031774.3912336826
10322,HGS-TV,380193.0,1031884.073816061
10323,HGS-TV,380193.0,1032051.2705347538
10324,HGS-TV,380193.0,1032116.3851618767
10325,HGS-TV,380193.0,1032203.4132452011
10326,HGS-TV,380193.0,1032280.28601861
10327,HGS-TV,380193.0,1032340.3525879383
10328,HGS-TV,380193.0,1032400.4334146976
10329,ails2_etaMax1.000_stoppingTime1728000.00,380323.0,1032404.1870649414
10330,HGS-TV,380193.0,1032460.467518568
10331,HGS-TV,380193.0,1032520.4752576351
10332,HGS-TV,380193.0,1032580.555973053
10333,HGS-TV,380193.0,1032640.576892376
10334,HGS-TV,380193.0,1032700.612041235
10335,HGS-TV,380193.0,1032778.5797812939
10336,HGS-TV,380193.0,1032838.5908424854
10337,HGS-TV,380193.0,1032898.5993139744
10338,HGS-TV,380193.0,1032958.6041345596
10339,HGS-TV,380193.0,1033055.0446650982
10340,HGS-TV,380193.0,1033115.0795481205
10341,HGS-TV,380193.0,1033265.4755241871
10342,ails2_etaMax1.000_stoppingTime1728000.00,380322.0,1033364.9470649414
10343,HGS-TV,380193.0,1033367.4347417355
10344,ails2_etaMax1.000_stoppingTime1728000.00,380318.0,1033368.1060649414
10345,HGS-TV,380193.0,1033427.5008537769
10346,HGS-TV,380193.0,1033487.5884208679
10347,HGS-TV,380193.0,1033557.3448309898
10348,HGS-TV,380193.0,1033658.0647177696
10349,HGS-TV,380193.0,1033718.1555681229
10350,HGS-TV,380193.0,1033778.221830368
10351,HGS-TV,380193.0,1033879.9377911091
10352,HGS-TV,380193.0,1034006.1619679928
10353,HGS-TV,380193.0,1034162.6475458145
10354,HGS-TV,380193.0,1034392.3678181171
10355,ails2_etaMax1.000_stoppingTime1728000.00,380317.0,1034432.8710649414
10356,HGS-TV,380193.0,1034452.450950861
10357,ails2_etaMax1.000_stoppingTime1728000.00,380315.0,1034432.8960649414
10358,HGS-TV,380193.0,1034848.6649212837
10359,HGS-TV,380193.0,1034908.7044737339
10360,HGS-TV,380193.0,1034968.7683622837
10361,HGS-TV,380193.0,1035140.1140067577
10362,HGS-TV,380193.0,1035200.135163784
10363,HGS-TV,380193.0,1035260.1895968914
10364,HGS-TV,380193.0,1035369.8848414421
10365,HGS-TV,380193.0,1035526.3227522373
10366,HGS-TV,380193.0,1035951.1557703018
10367,HGS-TV,380193.0,1037224.0033843517
10368,HGS-TV,380193.0,1038913.1948730946
10369,HGS-TV,380193.0,1038973.26486063
10370,HGS-TV,380193.0,1039033.3679153919
10371,HGS-TV,380193.0,1039093.4414680004
10372,HGS-TV,380193.0,1039153.4548568726
10373,HGS-TV,380193.0,1039213.4805576801
10374,HGS-TV,380193.0,1039273.5619053841
10375,HGS-TV,380193.0,1039333.5998389721
10376,HGS-TV,380193.0,1039393.6002254486
10377,HGS-TV,380193.0,1039453.7055747509
10378,HGS-TV,380193.0,1039513.7323071957
10379,HGS-TV,380193.0,1039594.3843412399
10380,HGS-TV,380193.0,1039654.4855697155
10381,HGS-TV,380193.0,1039718.3364136219
10382,HGS-TV,380193.0,1039778.379594326
10383,HGS-TV,380193.0,1039838.4143111706
10384,HGS-TV,380193.0,1039898.5110046864
10385,HGS-TV,380193.0,1039958.5869355202
10386,HGS-TV,380193.0,1040018.6547424793
10387,HGS-TV,380193.0,1040078.699767828
10388,HGS-TV,380193.0,1040138.7125775814
10389,HGS-TV,380193.0,1040198.7728917599
10390,HGS-TV,380193.0,1040270.9091222286
10391,HGS-TV,380193.0,1040330.9607160091
10392,HGS-TV,380193.0,1040391.0451097488
10393,HGS-TV,380193.0,1040471.2707767487
10394,HGS-TV,380193.0,1040531.3804893494
10395,HGS-TV,380193.0,1040591.4382226467
10396,HGS-TV,380193.0,1040651.483427763
10397,HGS-TV,380193.0,1040711.5371055603
10398,HGS-TV,380193.0,1040771.5469863415
10399,HGS-TV,380193.0,1040831.5538980961
10400,HGS-TV,380193.0,1040891.6287772655
10401,HGS-TV,380193.0,1040990.4561507702
10402,HGS-TV,380193.0,1041050.5369074345
10403,HGS-TV,380193.0,1041110.5727329254
10404,HGS-TV,380193.0,1041170.6415224075
10405,HGS-TV,380193.0,1041230.6437754631
10406,HGS-TV,380193.0,1041290.6683301926
10407,HGS-TV,380193.0,1041404.3694431782
10408,HGS-TV,380193.0,1041464.3736691475
10409,HGS-TV,380193.0,1041524.3986923695
10410,HGS-TV,380193.0,1041612.3121988773
10411,HGS-TV,380193.0,1041672.331792593
10412,HGS-TV,380193.0,1041732.3540968895
10413,HGS-TV,380193.0,1041792.4283030033
10414,HGS-TV,380193.0,1041852.5165579319
10415,HGS-TV,380193.0,1041912.5609138012
10416,HGS-TV,380193.0,1041972.579431057
10417,HGS-TV,380193.0,1042032.6549224854
10418,HGS-TV,380193.0,1042092.7090711594
10419,HGS-TV,380193.0,1042152.7288258076
10420,HGS-TV,380193.0,1042212.7907123566
10421,HGS-TV,380193.0,1042272.8295526505
10422,HGS-TV,380193.0,1042332.8525803089
10423,HGS-TV,380193.0,1042392.8986492157
10424,HGS-TV,380193.0,1042452.9480626583
10425,HGS-TV,380193.0,1042513.0702850819
10426,HGS-TV,380193.0,1042573.1398887634
10427,HGS-TV,380193.0,1042633.1613743305
10428,HGS-TV,380193.0,1042693.2055389881
10429,HGS-TV,380193.0,1042772.8048977852
10430,HGS-TV,380193.0,1042832.8846137524
10431,HGS-TV,380193.0,1042892.9408042431
10432,HGS-TV,380193.0,1043014.4613614082
10433,HGS-TV,380193.0,1043074.4876093864
10434,HGS-TV,380193.0,1043134.5749833584
10435,HGS-TV,380193.0,1043194.6274244785
10436,HGS-TV,380193.0,1043287.7135825157
10437,HGS-TV,380193.0,1043422.1931426525
10438,HGS-TV,380193.0,1043482.2090418339
10439,HGS-TV,380193.0,1043542.2673430443
10440,HGS-TV,380193.0,1043602.3034815788
10441,HGS-TV,380193.0,1043662.3559412956
10442,HGS-TV,380193.0,1043740.1600198746
10443,HGS-TV,380193.0,1043877.2725987434
10444,HGS-TV,380193.0,1043937.2803015709
10445,HGS-TV,380193.0,1043997.3681294918
10446,HGS-TV,380193.0,1044057.434479475
10447,HGS-TV,380193.0,1044136.9992041588
10448,HGS-TV,380193.0,1044197.0257027149
10449,HGS-TV,380193.0,1044257.0506515503
10450,HGS-TV,380193.0,1044317.141712904
10451,HGS-TV,380193.0,1044502.6635830402
10452,HGS-TV,380193.0,1044562.6807873249
10453,HGS-TV,380193.0,1044740.7495746613
10454,HGS-TV,380193.0,1044802.0677335262
10455,HGS-TV,380193.0,1044886.3413176537
10456,HGS-TV,380193.0,1044946.450867176
10457,HGS-TV,380193.0,1045006.4903838634
10458,HGS-TV,380193.0,1045066.5577418804
10459,HGS-TV,380193.0,1045159.8257057667
10460,HGS-TV,380193.0,1045219.8621435165
10461,HGS-TV,380193.0,1045279.8671133518
10462,HGS-TV,380193.0,1045339.8687193394
10463,HGS-TV,380193.0,1045462.8583481312
10464,HGS-TV,380193.0,1045597.680775404
10465,HGS-TV,380193.0,1045710.804936409
10466,HGS-TV,380193.0,1045871.6796619892
10467,HGS-TV,380193.0,1045938.1335186958
10468,HGS-TV,380193.0,1045998.2340786457
10469,HGS-TV,380193.0,1046182.7786443233
10470,HGS-TV,380193.0,1046322.8715658188
10471,HGS-TV,380193.0,1046382.8793189526
10472,HGS-TV,380193.0,1046479.7212405205
10473,HGS-TV,380193.0,1046539.79986763
10474,HGS-TV,380193.0,1046599.888402462
10475,HGS-TV,380193.0,1046659.8957743645
10476,HGS-TV,380193.0,1046719.9287433624
10477,HGS-TV,380193.0,1046779.976061821
10478,HGS-TV,380193.0,1046840.0060868263
10479,HGS-TV,380193.0,1046900.0344676971
10480,HGS-TV,380193.0,1046960.0536737442
10481,HGS-TV,380193.0,1047020.1587324142
10482,HGS-TV,380193.0,1047080.1811289787
10483,HGS-TV,380193.0,1047140.236741066
10484,HGS-TV,380193.0,1047200.2620530128
10485,HGS-TV,380193.0,1047268.5926601887
10486,HGS-TV,380193.0,1047328.6332769394
10487,HGS-TV,380193.0,1047388.6412370205
10488,HGS-TV,380193.0,1047448.6838202477
10489,HGS-TV,380193.0,1047539.9251043797
10490,HGS-TV,380193.0,1047600.0036714077
10491,HGS-TV,380193.0,1047660.030589819
10492,HGS-TV,380193.0,1047727.389944315
10493,HGS-TV,380193.0,1047787.418763876
10494,HGS-TV,380193.0,1048075.3939197063
10495,HGS-TV,380193.0,1048639.2715437412
10496,HGS-TV,380193.0,1048794.0291268826
10497,HGS-TV,380193.0,1048919.2153184414
10498,HGS-TV,380193.0,1048979.258799553
10499,HGS-TV,380193.0,1049195.1944861412
10500,HGS-TV,380193.0,1050033.9280745983
10501,HGS-TV,380193.0,1050374.2714698315
10502,HGS-TV,380193.0,1050434.3113148212
10503,HGS-TV,380193.0,1050494.355916977
10504,HGS-TV,380193.0,1050554.4058966637
10505,HGS-TV,380193.0,1050614.4135820866
10506,HGS-TV,380193.0,1050674.4813258648
10507,HGS-TV,380193.0,1050734.5937230587
10508,HGS-TV,380193.0,1050811.8802027702
10509,HGS-TV,380193.0,1051226.0160281658
10510,HGS-TV,380193.0,1051291.881140709
10511,HGS-TV,380193.0,1051351.957182169
10512,HGS-TV,380193.0,1051412.0548715591
10513,HGS-TV,380193.0,1051560.8466055393
10514,HGS-TV,380193.0,1051775.4640538692
10515,HGS-TV,380193.0,1052087.6770761013
10516,HGS-TV,380193.0,1052295.2377860546
10517,HGS-TV,380193.0,1052355.2531228065
10518,HGS-TV,380193.0,1052860.195839882
10519,HGS-TV,380193.0,1053032.3905336857
10520,HGS-TV,380193.0,1053235.1943967342
10521,HGS-TV,380193.0,1053531.6917114258
10522,HGS-TV,380193.0,1053660.1544876099
10523,HGS-TV,380193.0,1053726.1944794655
10524,HGS-TV,380193.0,1053786.216783762
10525,HGS-TV,380193.0,1053977.7924547195
10526,HGS-TV,380193.0,1054037.8890089989
10527,HGS-TV,380193.0,1054097.9722304344
10528,HGS-TV,380193.0,1054158.0708444118
10529,HGS-TV,380193.0,1054238.0489795208
10530,HGS-TV,380193.0,1054298.1260550022
10531,HGS-TV,380193.0,1054408.686841488
10532,HGS-TV,380193.0,1054613.9066958427
10533,HGS-TV,380193.0,1054788.8259427547
10534,HGS-TV,380193.0,1054943.1380441189
10535,HGS-TV,380193.0,1055003.2319202423
10536,HGS-TV,380193.0,1055178.824946165
10537,HGS-TV,380193.0,1055238.9016199112
10538,HGS-TV,380193.0,1055476.3674943447
10539,HGS-TV,380193.0,1055641.2695860863
10540,HGS-TV,380193.0,1056103.533550024
10541,HGS-TV,380193.0,1056163.5994324684
10542,HGS-TV,380193.0,1056275.9780671597
10543,HGS-TV,380193.0,1056335.9933276176
10544,HGS-TV,380193.0,1056396.0240693092
10545,HGS-TV,380193.0,1056502.1502432823
10546,HGS-TV,380193.0,1056628.5969779491
10547,HGS-TV,380193.0,1056696.406838417
10548,HGS-TV,380193.0,1056756.469493866
10549,HGS-TV,380193.0,1056816.4948222637
10550,HGS-TV,380193.0,1056876.5227127075
10551,HGS-TV,380193.0,1056936.5909564495
10552,HGS-TV,380193.0,1056996.598751068
10553,HGS-TV,380193.0,1057181.4976432323
10554,HGS-TV,380193.0,1057313.036100626
10555,HGS-TV,380193.0,1057373.1161026955
10556,HGS-TV,380193.0,1057508.7201266289
10557,HGS-TV,380193.0,1057713.1087727547
10558,HGS-TV,380193.0,1057881.102880001
10559,HGS-TV,380193.0,1058037.5477907658
10560,HGS-TV,380193.0,1058097.596608162
10561,HGS-TV,380193.0,1058157.665116787
10562,HGS-TV,380193.0,1058217.676926136
10563,HGS-TV,380193.0,1058288.6234829426
10564,HGS-TV,380193.0,1058383.9937446117
10565,HGS-TV,380193.0,1058454.8653104305
10566,HGS-TV,380193.0,1058514.8739321232
10567,HGS-TV,380193.0,1058574.8832409382
10568,HGS-TV,380193.0,1058634.9141988754
10569,HGS-TV,380193.0,1058694.943434
10570,HGS-TV,380193.0,1058754.9439013004
10571,HGS-TV,380193.0,1058815.0421614647
10572,HGS-TV,380193.0,1058875.1058533192
10573,HGS-TV,380193.0,1058987.524091959
10574,HGS-TV,380193.0,1059088.111232996
10575,HGS-TV,380193.0,1059148.2269039154
10576,HGS-TV,380193.0,1059209.8835566044
10577,HGS-TV,380193.0,1059269.900724411
10578,HGS-TV,380193.0,1059329.9450712204
10579,HGS-TV,380193.0,1059391.500015974
10580,HGS-TV,380193.0,1059451.520680666
10581,HGS-TV,380193.0,1059511.5273959637
10582,HGS-TV,380193.0,1059571.572300434
10583,HGS-TV,380193.0,1059631.5933835506
10584,HGS-TV,380193.0,1059691.6068139076
10585,HGS-TV,380193.0,1059751.6768028736
10586,HGS-TV,380193.0,1059811.7158670425
10587,HGS-TV,380193.0,1059871.718415022
10588,HGS-TV,380193.0,1059955.6500253677
10589,HGS-TV,380193.0,1060393.9898529053
10590,HGS-TV,380193.0,1060805.7143051624
10591,HGS-TV,380193.0,1061716.8432712555
10592,HGS-TV,380193.0,1063017.7545087337
10593,HGS-TV,380193.0,1063593.8282585144
10594,HGS-TV,380193.0,1064016.921792984
10595,ails2_etaMax1.000_stoppingTime1728000.00,380310.0,1064037.1190649413
10596,HGS-TV,380193.0,1064076.9251229763
10597,ails2_etaMax1.000_stoppingTime1728000.00,380308.0,1064037.1630649413
10598,HGS-TV,380193.0,1064136.9429709911
10599,HGS-TV,380193.0,1064196.9915091991
10600,HGS-TV,380193.0,1064256.9942450523
10601,HGS-TV,380193.0,1064317.0109744072
10602,HGS-TV,380193.0,1064415.5822689533
10603,HGS-TV,380193.0,1064475.617099762
10604,HGS-TV,380193.0,1064540.219016552
10605,HGS-TV,380193.0,1064600.2682914734
10606,HGS-TV,380193.0,1064660.2857615948
10607,HGS-TV,380193.0,1064744.5702488422
10608,HGS-TV,380193.0,1064804.59071517
10609,HGS-TV,380193.0,1064961.2432489395
10610,HGS-TV,380193.0,1065105.0247268677
10611,HGS-TV,380193.0,1065350.0914115906
10612,HGS-TV,380193.0,1065696.249202013
10613,HGS-TV,380193.0,1065756.3015742302
10614,HGS-TV,380193.0,1065945.0528416634
10615,HGS-TV,380193.0,1066093.8764784336
10616,HGS-TV,380193.0,1066168.6611819267
10617,HGS-TV,380193.0,1066530.6168222427
10618,HGS-TV,380193.0,1067547.3017158508
10619,HGS-TV,380193.0,1067705.4059231281
10620,HGS-TV,380193.0,1067966.1930804253
10621,HGS-TV,380193.0,1068285.8280701637
10622,HGS-TV,380193.0,1068413.3315501213
10623,HGS-TV,380193.0,1068473.3431770802
10624,HGS-TV,380193.0,1068533.347177267
10625,HGS-TV,380193.0,1068865.9721045494
10626,HGS-TV,380193.0,1068926.0849981308
10627,HGS-TV,380193.0,1069006.3035302162
10628,HGS-TV,380193.0,1069165.386692524
10629,HGS-TV,380193.0,1069263.4834837914
10630,HGS-TV,380193.0,1069571.1048398018
10631,HGS-TV,380193.0,1069771.4709250927
10632,HGS-TV,380193.0,1070377.6343932152
10633,HGS-TV,380193.0,1070437.7045919895
10634,HGS-TV,380193.0,1071783.266294241
10635,ails2_etaMax1.000_stoppingTime1728000.00,380306.0,1072057.4280649414
10636,ails2_etaMax1.000_stoppingTime1728000.00,380302.0,1072072.7800649414
10637,ails2_etaMax1.000_stoppingTime1728000.00,380300.0,1072129.8480649414
10638,ails2_etaMax1.000_stoppingTime1728000.00,380299.0,1073085.5980649414
10639,ails2_etaMax1.000_stoppingTime1728000.00,380295.0,1073085.6240649414
10640,HGS-TV,380193.0,1073445.4266104698
10641,HGS-TV,380193.0,1073505.4383909702
10642,HGS-TV,380193.0,1073565.4798486233
10643,HGS-TV,380193.0,1073625.5020313263
10644,HGS-TV,380193.0,1073685.5356607437
10645,HGS-TV,380193.0,1073745.5413806438
10646,HGS-TV,380193.0,1073805.6253614426
10647,HGS-TV,380193.0,1073865.7052593231
10648,HGS-TV,380193.0,1073925.710502863
10649,HGS-TV,380193.0,1073985.781838894
10650,HGS-TV,380193.0,1074045.8766245842
10651,HGS-TV,380193.0,1074105.960786581
10652,HGS-TV,380193.0,1074166.0160610676
10653,HGS-TV,380193.0,1074226.0921542645
10654,HGS-TV,380193.0,1074286.1762747765
10655,HGS-TV,380193.0,1074346.1949121952
10656,HGS-TV,380193.0,1074406.2211549282
10657,HGS-TV,380193.0,1074466.2914378643
10658,HGS-TV,380193.0,1074526.3718087673
10659,HGS-TV,380193.0,1074586.3736765385
10660,HGS-TV,380193.0,1074646.395037651
10661,HGS-TV,380193.0,1074706.3991084099
10662,HGS-TV,380193.0,1074766.4625570774
10663,HGS-TV,380193.0,1074826.520043373
10664,HGS-TV,380193.0,1074886.5500853062
10665,HGS-TV,380193.0,1074946.629049778
10666,HGS-TV,380193.0,1075006.6856079102
10667,HGS-TV,380193.0,1075066.6862227917
10668,HGS-TV,380193.0,1075126.7551357746
10669,HGS-TV,380193.0,1075186.7759768963
10670,HGS-TV,380193.0,1075246.816025734
10671,HGS-TV,380193.0,1075323.1005570889
10672,HGS-TV,380193.0,1075383.1757686138
10673,HGS-TV,380193.0,1075443.2181224823
10674,HGS-TV,380193.0,1075503.289923668
10675,HGS-TV,380193.0,1075563.307163477
10676,HGS-TV,380193.0,1075623.3975932598
10677,HGS-TV,380193.0,1075683.4354252815
10678,HGS-TV,380193.0,1075743.5294640064
10679,HGS-TV,380193.0,1075803.54443717
10680,HGS-TV,380193.0,1075863.5829122066
10681,HGS-TV,380193.0,1075923.5984621048
10682,HGS-TV,380193.0,1075983.6186015606
10683,HGS-TV,380193.0,1076043.6789770126
10684,HGS-TV,380193.0,1076103.782961607
10685,HGS-TV,380193.0,1076220.2339019775
10686,HGS-TV,380193.0,1076280.245975256
10687,HGS-TV,380193.0,1076340.2925679684
10688,HGS-TV,380193.0,1076400.3421356678
10689,HGS-TV,380193.0,1076460.3459436893
10690,HGS-TV,380193.0,1076520.3800051212
10691,HGS-TV,380193.0,1076582.9557373524
10692,HGS-TV,380193.0,1076643.0263140202
10693,HGS-TV,380193.0,1076703.05676651
10694,HGS-TV,380193.0,1076763.1224634647
10695,HGS-TV,380193.0,1076823.167737484
10696,HGS-TV,380193.0,1076883.2301428318
10697,HGS-TV,380193.0,1076943.2403485775
10698,HGS-TV,380193.0,1077003.3692274094
10699,HGS-TV,380193.0,1077063.4427900314
10700,HGS-TV,380193.0,1077123.4995245934
10701,HGS-TV,380193.0,1077183.5319068432
10702,HGS-TV,380193.0,1077243.6093316078
10703,HGS-TV,380193.0,1077303.6485977173
10704,HGS-TV,380193.0,1077363.7015900612
10705,HGS-TV,380193.0,1077423.7241036892
10706,HGS-TV,380193.0,1077483.8234648705
10707,HGS-TV,380193.0,1077543.873713255
10708,HGS-TV,380193.0,1077603.9504446983
10709,HGS-TV,380193.0,1077664.0236525536
10710,HGS-TV,380193.0,1077724.0387392044
10711,HGS-TV,380193.0,1077784.132841587
10712,HGS-TV,380193.0,1077867.4283685684
10713,HGS-TV,380193.0,1077927.4565086365
10714,HGS-TV,380193.0,1077987.4586799145
10715,HGS-TV,380193.0,1078047.4937446117
10716,HGS-TV,380193.0,1078107.5252666473
10717,HGS-TV,380193.0,1078167.6505289078
10718,HGS-TV,380193.0,1078227.7506399155
10719,HGS-TV,380193.0,1078287.7945301533
10720,HGS-TV,380193.0,1078350.394866705
10721,HGS-TV,380193.0,1078589.1868245602
10722,HGS-TV,380193.0,1078649.2146048546
10723,HGS-TV,380193.0,1078709.2596924305
10724,HGS-TV,380193.0,1078769.2837677002
10725,HGS-TV,380193.0,1078829.319856882
10726,HGS-TV,380193.0,1078922.4968311787
10727,HGS-TV,380193.0,1078982.5134284496
10728,HGS-TV,380193.0,1079042.5165798664
10729,HGS-TV,380193.0,1079193.518364668
10730,HGS-TV,380193.0,1079361.0347573757
10731,HGS-TV,380193.0,1079717.4021246433
10732,HGS-TV,380193.0,1079777.4037718773
10733,HGS-TV,380193.0,1079837.4295079708
10734,HGS-TV,380193.0,1079897.497124672
10735,HGS-TV,380193.0,1079957.5378611088
10736,HGS-TV,380193.0,1080017.5941267014
10737,HGS-TV,380193.0,1080077.6343774796
10738,HGS-TV,380193.0,1080154.9112155437
10739,HGS-TV,380193.0,1080215.0238125324
10740,HGS-TV,380193.0,1080275.0430765152
10741,HGS-TV,380193.0,1080335.0606470108
10742,HGS-TV,380193.0,1080427.6998827457
10743,HGS-TV,380193.0,1080487.771220684
10744,HGS-TV,380193.0,1080631.995769024
10745,HGS-TV,380193.0,1080727.3148224354
10746,HGS-TV,380193.0,1080787.3794238567
10747,HGS-TV,380193.0,1080851.9950978756
10748,HGS-TV,380193.0,1080911.9981951714
10749,HGS-TV,380193.0,1080972.0356681347
10750,HGS-TV,380193.0,1081043.0008194447
10751,HGS-TV,380193.0,1081103.0105264187
10752,HGS-TV,380193.0,1081163.0146079063
10753,HGS-TV,380193.0,1081223.0686352253
10754,HGS-TV,380193.0,1081283.1540675163
10755,HGS-TV,380193.0,1081343.172888279
10756,HGS-TV,380193.0,1081403.1868052483
10757,HGS-TV,380193.0,1081463.2014136314
10758,HGS-TV,380193.0,1081523.2137753963
10759,HGS-TV,380193.0,1081583.2638635635
10760,HGS-TV,380193.0,1081733.896168232
10761,HGS-TV,380193.0,1081793.9094302654
10762,HGS-TV,380193.0,1081883.225044012
10763,HGS-TV,380193.0,1081948.0751709938
10764,HGS-TV,380193.0,1082008.1573622227
10765,HGS-TV,380193.0,1082127.7466931343
10766,HGS-TV,380193.0,1082442.870942831
10767,HGS-TV,380193.0,1082592.9974827766
10768,HGS-TV,380193.0,1082653.0547554493
10769,HGS-TV,380193.0,1082713.0595798492
10770,HGS-TV,380193.0,1082773.1045498848
10771,HGS-TV,380193.0,1082833.1492893696
10772,HGS-TV,380193.0,1082893.154018879
10773,HGS-TV,380193.0,1082953.18956995
10774,HGS-TV,380193.0,1083027.453788042
10775,HGS-TV,380193.0,1083087.4555649757
10776,HGS-TV,380193.0,1083147.512869358
10777,HGS-TV,380193.0,1083241.3587121964
10778,HGS-TV,380193.0,1083301.4274423122
10779,HGS-TV,380193.0,1083477.6261429787
10780,HGS-TV,380193.0,1083537.6464130878
10781,HGS-TV,380193.0,1083597.6774504185
10782,HGS-TV,380193.0,1083657.6860275269
10783,HGS-TV,380193.0,1083717.7034666538
10784,HGS-TV,380193.0,1083777.7378389835
10785,HGS-TV,380193.0,1083901.7266159058
10786,HGS-TV,380193.0,1083961.8011245728
10787,HGS-TV,380193.0,1084106.902709961
10788,HGS-TV,380193.0,1084280.6032271385
10789,HGS-TV,380193.0,1084340.7014269829
10790,HGS-TV,380193.0,1084480.1899952888
10791,HGS-TV,380193.0,1084558.5336449146
10792,HGS-TV,380193.0,1084636.7318956852
10793,HGS-TV,380193.0,1084949.1457121372
10794,HGS-TV,380193.0,1085021.0806674957
10795,HGS-TV,380193.0,1085081.1842076778
10796,HGS-TV,380193.0,1085141.2086017132
10797,HGS-TV,380193.0,1085201.2884054184
10798,HGS-TV,380193.0,1085261.3259546757
10799,HGS-TV,380193.0,1085321.3963377476
10800,HGS-TV,380193.0,1085381.3976967335
10801,HGS-TV,380193.0,1085441.4045302868
10802,HGS-TV,380193.0,1085536.3154478073
10803,HGS-TV,380193.0,1085636.0714941025
10804,HGS-TV,380193.0,1085696.1839814186
10805,HGS-TV,380193.0,1085814.58587718
10806,HGS-TV,380193.0,1085935.1086673737
10807,HGS-TV,380193.0,1086256.3373548985
10808,HGS-TV,380193.0,1086778.3511781693
10809,HGS-TV,380193.0,1087051.2357723713
10810,HGS-TV,380193.0,1088249.3750126362
10811,HGS-TV,380193.0,1088479.7149910927
10812,HGS-TV,380193.0,1088750.8970372677
10813,ails2_etaMax1.000_stoppingTime1728000.00,380294.0,1088779.1760649413
10814,ails2_etaMax1.000_stoppingTime1728000.00,380283.0,1088799.8390649415
10815,HGS-TV,380193.0,1089674.4663407803
10816,HGS-TV,380193.0,1089921.6933951378
10817,HGS-TV,380193.0,1091625.1377100945
10818,HGS-TV,380193.0,1091685.1795341969
10819,HGS-TV,380193.0,1091745.2102627754
10820,HGS-TV,380193.0,1091805.2870764732
10821,HGS-TV,380193.0,1091865.3369801044
10822,HGS-TV,380193.0,1091925.4134333134
10823,HGS-TV,380193.0,1091985.4935133457
10824,HGS-TV,380193.0,1092045.585139513
10825,HGS-TV,380193.0,1092105.6722192764
10826,HGS-TV,380193.0,1092165.718868494
10827,HGS-TV,380193.0,1092225.7975156307
10828,HGS-TV,380193.0,1092285.8299503326
10829,HGS-TV,380193.0,1092345.9381780624
10830,HGS-TV,380193.0,1092405.9864199162
10831,HGS-TV,380193.0,1092466.0688996315
10832,HGS-TV,380193.0,1092526.1484074593
10833,HGS-TV,380193.0,1092586.1966228485
10834,HGS-TV,380193.0,1092646.213656187
10835,HGS-TV,380193.0,1092706.247898817
10836,HGS-TV,380193.0,1092766.2672598362
10837,HGS-TV,380193.0,1092826.2984559536
10838,HGS-TV,380193.0,1092886.3206756115
10839,HGS-TV,380193.0,1092946.3632895947
10840,HGS-TV,380193.0,1093006.4535799026
10841,HGS-TV,380193.0,1093066.5504522324
10842,HGS-TV,380193.0,1093126.610895872
10843,HGS-TV,380193.0,1093186.6123814583
10844,HGS-TV,380193.0,1093246.6295967102
10845,HGS-TV,380193.0,1093306.634504795
10846,HGS-TV,380193.0,1093366.708515644
10847,HGS-TV,380193.0,1093426.779106617
10848,HGS-TV,380193.0,1093486.8201460838
10849,HGS-TV,380193.0,1093546.8664386272
10850,HGS-TV,380193.0,1093606.9058001041
10851,HGS-TV,380193.0,1093667.0022325516
10852,HGS-TV,380193.0,1093727.0237281322
10853,HGS-TV,380193.0,1093787.0243234634
10854,HGS-TV,380193.0,1093847.1312794685
10855,HGS-TV,380193.0,1093907.133938551
10856,HGS-TV,380193.0,1093967.2009527683
10857,HGS-TV,380193.0,1094027.2556111813
10858,HGS-TV,380193.0,1094087.2859494686
10859,HGS-TV,380193.0,1094147.3466911316
10860,HGS-TV,380193.0,1094207.4245140553
10861,HGS-TV,380193.0,1094267.461092472
10862,HGS-TV,380193.0,1094327.4813783169
10863,HGS-TV,380193.0,1094387.4980316162
10864,HGS-TV,380193.0,1094447.5414395332
10865,HGS-TV,380193.0,1094507.565299511
10866,HGS-TV,380193.0,1094567.652419567
10867,HGS-TV,380193.0,1094641.2374486923
10868,HGS-TV,380193.0,1094701.2485203743
10869,HGS-TV,380193.0,1094761.3295445442
10870,HGS-TV,380193.0,1094821.3985135555
10871,HGS-TV,380193.0,1094931.587835312
10872,HGS-TV,380193.0,1094991.6014192104
10873,HGS-TV,380193.0,1095051.6468274593
10874,HGS-TV,380193.0,1095111.719562769
10875,HGS-TV,380193.0,1095171.811949253
10876,HGS-TV,380193.0,1095231.896217823
10877,HGS-TV,380193.0,1095291.9004499912
10878,HGS-TV,380193.0,1095351.950249195
10879,HGS-TV,380193.0,1095412.0648572445
10880,HGS-TV,380193.0,1095472.1614346504
10881,HGS-TV,380193.0,1095578.2310175896
10882,HGS-TV,380193.0,1095638.2319107056
10883,HGS-TV,380193.0,1095698.3204216957
10884,HGS-TV,380193.0,1095758.3963749409
10885,HGS-TV,380193.0,1095818.4404695034
10886,HGS-TV,380193.0,1095878.5081124306
10887,HGS-TV,380193.0,1095944.2746303082
10888,HGS-TV,380193.0,1096004.2888073921
10889,HGS-TV,380193.0,1096064.3118360043
10890,HGS-TV,380193.0,1096132.616490841
10891,HGS-TV,380193.0,1096192.626439333
10892,ails2_etaMax1.000_stoppingTime1728000.00,380282.0,1096219.9070649415
10893,HGS-TV,380193.0,1096252.6617555618
10894,ails2_etaMax1.000_stoppingTime1728000.00,380278.0,1096293.2240649415
10895,HGS-TV,380193.0,1096312.7368943691
10896,HGS-TV,380193.0,1096372.7404379845
10897,HGS-TV,380193.0,1096432.7577695847
10898,HGS-TV,380193.0,1096515.9747014046
10899,HGS-TV,380193.0,1096576.0108299255
10900,HGS-TV,380193.0,1096653.401057005
10901,HGS-TV,380193.0,1096713.4327607155
10902,HGS-TV,380193.0,1096773.4422369003
10903,HGS-TV,380193.0,1096833.4599804878
10904,HGS-TV,380193.0,1096956.6616752148
10905,HGS-TV,380193.0,1097151.8453958035
10906,HGS-TV,380193.0,1097346.1819031239
10907,HGS-TV,380193.0,1097408.7700605392
10908,HGS-TV,380193.0,1097665.506901741
10909,HGS-TV,380193.0,1097993.2459113598
10910,HGS-TV,380193.0,1098089.494742632
10911,HGS-TV,380193.0,1098278.9912705421
10912,HGS-TV,380193.0,1098356.0092980862
10913,HGS-TV,380193.0,1098614.601670742
10914,HGS-TV,380193.0,1098785.8880639076
10915,HGS-TV,380193.0,1098857.8343350887
10916,HGS-TV,380193.0,1098946.5837302208
10917,HGS-TV,380193.0,1099054.3668432236
10918,HGS-TV,380193.0,1099248.0131409168
10919,HGS-TV,380193.0,1099319.5144524574
10920,HGS-TV,380193.0,1099379.5986664295
10921,HGS-TV,380193.0,1099458.8041231632
10922,HGS-TV,380193.0,1099518.8148503304
10923,HGS-TV,380193.0,1099578.8279232979
10924,HGS-TV,380193.0,1099638.8525042534
10925,HGS-TV,380193.0,1099698.9119429588
10926,HGS-TV,380193.0,1099775.076974392
10927,HGS-TV,380193.0,1099835.0903339386
10928,HGS-TV,380193.0,1099973.1683244705
10929,HGS-TV,380193.0,1100033.21478796
10930,HGS-TV,380193.0,1100093.2610726357
10931,HGS-TV,380193.0,1100235.1074950695
10932,HGS-TV,380193.0,1100295.1483938694
10933,HGS-TV,380193.0,1100355.1694791317
10934,HGS-TV,380193.0,1100415.2447590828
10935,HGS-TV,380193.0,1100475.299024105
10936,HGS-TV,380193.0,1100667.5027954578
10937,HGS-TV,380193.0,1100740.9931759834
10938,HGS-TV,380193.0,1100804.488496542
10939,HGS-TV,380193.0,1100864.550441265
10940,HGS-TV,380193.0,1100924.5827372074
10941,HGS-TV,380193.0,1100984.6677091122
10942,HGS-TV,380193.0,1101240.913352251
10943,HGS-TV,380193.0,1101620.4161520004
10944,HGS-TV,380193.0,1101759.8975055218
10945,HGS-TV,380193.0,1101819.9159686565
10946,HGS-TV,380193.0,1101879.9324936867
10947,HGS-TV,380193.0,1101940.0334248543
10948,HGS-TV,380193.0,1102211.705435276
10949,HGS-TV,380193.0,1102349.6977190971
10950,HGS-TV,380193.0,1102658.270122528
10951,HGS-TV,380193.0,1102778.581537962
10952,HGS-TV,380193.0,1102874.717061758
10953,HGS-TV,380193.0,1102947.3477704525
10954,HGS-TV,380193.0,1103007.4130353928
10955,HGS-TV,380193.0,1103067.414965868
10956,HGS-TV,380193.0,1103140.324142456
10957,HGS-TV,380193.0,1103200.3379507065
10958,HGS-TV,380193.0,1103287.9098820686
10959,HGS-TV,380193.0,1103364.2182834148
10960,HGS-TV,380193.0,1103424.294078827
10961,HGS-TV,380193.0,1103586.548084259
10962,HGS-TV,380193.0,1103804.0319287777
10963,HGS-TV,380193.0,1103864.036838293
10964,HGS-TV,380193.0,1104145.1273009777
10965,HGS-TV,380193.0,1104281.5715534687
10966,ails2_etaMax1.000_stoppingTime1728000.00,380276.0,1104511.6640649415
10967,ails2_etaMax1.000_stoppingTime1728000.00,380269.0,1104512.0330649414
10968,HGS-TV,380193.0,1104708.0908527374
10969,HGS-TV,380193.0,1104921.9957284927
10970,HGS-TV,380193.0,1106704.7504057884
10971,HGS-TV,380193.0,1106764.830549717
10972,HGS-TV,380193.0,1106824.9426472187
10973,HGS-TV,380193.0,1106884.9788548946
10974,HGS-TV,380193.0,1106945.056403637
10975,HGS-TV,380193.0,1107005.114341259
10976,HGS-TV,380193.0,1107065.1750819683
10977,HGS-TV,380193.0,1107125.2457735538
10978,HGS-TV,380193.0,1107185.3080470562
10979,HGS-TV,380193.0,1107245.3112227917
10980,HGS-TV,380193.0,1107305.3818655014
10981,HGS-TV,380193.0,1107365.41710639
10982,HGS-TV,380193.0,1107425.4240298271
10983,HGS-TV,380193.0,1107485.4892323017
10984,HGS-TV,380193.0,1107545.501909256
10985,HGS-TV,380193.0,1107605.5395576954
10986,HGS-TV,380193.0,1107665.6117255688
10987,HGS-TV,380193.0,1107725.7119309902
10988,HGS-TV,380193.0,1107785.7535693645
10989,HGS-TV,380193.0,1107845.8505961895
10990,HGS-TV,380193.0,1107905.9085621834
10991,HGS-TV,380193.0,1107965.9873297215
10992,HGS-TV,380193.0,1108025.9894108772
10993,HGS-TV,380193.0,1108086.0504112244
10994,HGS-TV,380193.0,1108146.083435297
10995,HGS-TV,380193.0,1108206.1915211678
10996,HGS-TV,380193.0,1108266.3106832504
10997,HGS-TV,380193.0,1108326.3324439526
10998,HGS-TV,380193.0,1108386.391478777
10999,HGS-TV,380193.0,1108446.487424612
11000,HGS-TV,380193.0,1108506.5438973904
11001,HGS-TV,380193.0,1108566.5461120605
11002,HGS-TV,380193.0,1108626.601606369
11003,HGS-TV,380193.0,1108686.608546257
11004,HGS-TV,380193.0,1108746.6609802246
11005,HGS-TV,380193.0,1108806.706198454
11006,HGS-TV,380193.0,1108866.771789074
11007,HGS-TV,380193.0,1108926.8112831116
11008,HGS-TV,380193.0,1108986.9423298836
11009,HGS-TV,380193.0,1109046.9603979588
11010,HGS-TV,380193.0,1109106.9996147156
11011,HGS-TV,380193.0,1109167.036576748
11012,HGS-TV,380193.0,1109227.142975092
11013,HGS-TV,380193.0,1109287.214883566
11014,HGS-TV,380193.0,1109347.2282631397
11015,HGS-TV,380193.0,1109407.2345616817
11016,HGS-TV,380193.0,1109467.311449051
11017,HGS-TV,380193.0,1109527.3390710354
11018,HGS-TV,380193.0,1109587.4353795052
11019,HGS-TV,380193.0,1109647.490004778
11020,HGS-TV,380193.0,1109707.5840477943
11021,HGS-TV,380193.0,1109767.6305010319
11022,HGS-TV,380193.0,1109827.6502258778
11023,HGS-TV,380193.0,1109887.708623886
11024,HGS-TV,380193.0,1109947.7499575615
11025,HGS-TV,380193.0,1110007.8195860386
11026,HGS-TV,380193.0,1110067.8251550198
11027,HGS-TV,380193.0,1110127.8465635777
11028,HGS-TV,380193.0,1110195.3444547653
11029,HGS-TV,380193.0,1110255.3914906979
11030,HGS-TV,380193.0,1110315.415282011
11031,HGS-TV,380193.0,1110375.4207930565
11032,HGS-TV,380193.0,1110435.4247779846
11033,HGS-TV,380193.0,1110495.4486150742
11034,HGS-TV,380193.0,1110555.450341463
11035,HGS-TV,380193.0,1110615.5253286362
11036,HGS-TV,380193.0,1110675.6041350365
11037,HGS-TV,380193.0,1110735.6181292534
11038,HGS-TV,380193.0,1110795.643892765
11039,HGS-TV,380193.0,1110855.6558761597
11040,HGS-TV,380193.0,1110915.6693925858
11041,HGS-TV,380193.0,1110975.7513792515
11042,HGS-TV,380193.0,1111035.8100697994
11043,HGS-TV,380193.0,1111095.8247988224
11044,HGS-TV,380193.0,1111213.3782947063
11045,HGS-TV,380193.0,1111308.6947331429
11046,HGS-TV,380193.0,1111368.837697029
11047,HGS-TV,380193.0,1111428.8457374573
11048,HGS-TV,380193.0,1111488.8871469498
11049,HGS-TV,380193.0,1111548.8924269676
11050,HGS-TV,380193.0,1111608.9841139317
11051,HGS-TV,380193.0,1111669.0568842888
11052,HGS-TV,380193.0,1111729.0743715763
11053,HGS-TV,380193.0,1111789.1422746181
11054,HGS-TV,380193.0,1111849.2061972618
11055,HGS-TV,380193.0,1111909.2598936558
11056,HGS-TV,380193.0,1111969.3534183502
11057,HGS-TV,380193.0,1112029.4066858292
11058,HGS-TV,380193.0,1112089.4763867855
11059,HGS-TV,380193.0,1112149.5164895058
11060,HGS-TV,380193.0,1112209.5510175228
11061,HGS-TV,380193.0,1112269.614923954
11062,HGS-TV,380193.0,1112356.4941606522
11063,HGS-TV,380193.0,1112416.5746524334
11064,HGS-TV,380193.0,1112502.2295861244
11065,HGS-TV,380193.0,1112679.6113686562
11066,HGS-TV,380193.0,1112818.441516161
11067,HGS-TV,380193.0,1112900.4119610786
11068,HGS-TV,380193.0,1112960.4373607635
11069,HGS-TV,380193.0,1113020.4421720505
11070,HGS-TV,380193.0,1113080.5388047695
11071,HGS-TV,380193.0,1113140.5970556736
11072,HGS-TV,380193.0,1113203.3081879616
11073,HGS-TV,380193.0,1113279.386403799
11074,HGS-TV,380193.0,1113339.5064823627
11075,HGS-TV,380193.0,1113409.2313535213
11076,HGS-TV,380193.0,1113482.128389597
11077,HGS-TV,380193.0,1113592.216723919
11078,HGS-TV,380193.0,1113652.2524681091
11079,HGS-TV,380193.0,1113712.3784286976
11080,HGS-TV,380193.0,1114061.3289513588
11081,HGS-TV,380193.0,1114214.4457335472
11082,HGS-TV,380193.0,1114316.612865448
11083,HGS-TV,380193.0,1114672.0333485603
11084,HGS-TV,380193.0,1114790.017996788
11085,HGS-TV,380193.0,1115163.7947468758
11086,HGS-TV,380193.0,1115921.0307450294
11087,HGS-TV,380193.0,1116341.2571735382
11088,HGS-TV,380193.0,1116698.603217125
11089,HGS-TV,380193.0,1117732.9758300781
11090,HGS-TV,380193.0,1118044.9062678814
11091,HGS-TV,380193.0,1118255.5545773506
11092,HGS-TV,380193.0,1118405.8214116096
11093,HGS-TV,380193.0,1118687.6958591938
11094,HGS-TV,380193.0,1119202.9803245068
11095,HGS-TV,380193.0,1119483.737076521
11096,HGS-TV,380193.0,1119830.8783602715
11097,HGS-TV,380193.0,1119891.0040442944
11098,HGS-TV,380193.0,1119956.9115736485
11099,HGS-TV,380193.0,1120016.985106945
11100,HGS-TV,380193.0,1120077.033416748
11101,HGS-TV,380193.0,1120164.2768859863
11102,HGS-TV,380193.0,1120224.3119356632
11103,HGS-TV,380193.0,1120284.3641030788
11104,HGS-TV,380193.0,1120344.436338663
11105,HGS-TV,380193.0,1120404.5184633732
11106,HGS-TV,380193.0,1120464.5430648327
11107,HGS-TV,380193.0,1120524.5995826721
11108,HGS-TV,380193.0,1120623.5640583038
11109,HGS-TV,380193.0,1120683.6077153683
11110,HGS-TV,380193.0,1120743.6414501667
11111,HGS-TV,380193.0,1120932.9716660976
11112,HGS-TV,380193.0,1121129.38433218
11113,HGS-TV,380193.0,1121745.3671951294
