id,algo_name,score,runningtime
1,ails2_etaMax0.010_stoppingTime432000.00,411535.0,66.30822290039063
2,ails2_etaMax1.000_stoppingTime1728000.00,413272.0,60.30122290039063
3,ails2_etaMax1.000_stoppingTime432000.00,413171.0,46.034222900390624
4,ails2_eoh_omega2,412282.0,67.57822290039063
5,ails2_etaMax1.000_stoppingTime86400.00,413337.0,67.52122290039063
6,ails2_eoh_acc,411279.0,68.54822290039063
7,ails2_etaMax0.020_stoppingTime86400.00,411193.0,68.31522290039062
8,ails2_etaMax1.000_stoppingTime864000.00,413039.0,64.02222290039063
9,ails2_etaMax0.005_stoppingTime86400.00,411494.0,68.21422290039062
10,ails2_eoh_acc_large,411526.0,68.44122290039063
11,filo2,420501.0,111.19858026504517
12,ails2_etaMax0.010_stoppingTime432000.00,410849.0,126.33822290039062
13,ails2_etaMax1.000_stoppingTime432000.00,413103.0,76.00622290039063
14,ails2_etaMax1.000_stoppingTime1728000.00,412898.0,114.52522290039063
15,ails2_etaMax1.000_stoppingTime86400.00,413010.0,91.08622290039062
16,ails2_eoh_omega2,411425.0,128.55822290039063
17,ails2_etaMax1.000_stoppingTime864000.00,412939.0,88.78522290039062
18,ails2_etaMax0.020_stoppingTime86400.00,410635.0,126.54622290039063
19,ails2_etaMax0.005_stoppingTime86400.00,410502.0,128.06522290039064
20,ails2_eoh_acc,410824.0,127.84222290039062
21,ails2_eoh_acc_large,410766.0,126.95322290039063
22,filo2,419123.0,171.90020871162415
23,ails2_etaMax0.010_stoppingTime432000.00,410545.0,188.46422290039064
24,ails2_eoh_omega2,411070.0,189.52122290039063
25,ails2_etaMax1.000_stoppingTime86400.00,412989.0,158.10922290039062
26,ails2_etaMax0.020_stoppingTime86400.00,410415.0,188.90322290039063
27,ails2_eoh_acc,410542.0,188.9052229003906
28,ails2_etaMax0.005_stoppingTime86400.00,410282.0,190.32022290039063
29,ails2_eoh_acc_large,410376.0,190.42122290039063
30,ails2_etaMax1.000_stoppingTime864000.00,412938.0,209.33622290039062
31,ails2_etaMax1.000_stoppingTime432000.00,413101.0,217.86022290039062
32,filo2,418133.0,233.76618146896362
33,ails2_etaMax0.010_stoppingTime432000.00,410396.0,249.62022290039062
34,ails2_eoh_omega2,410902.0,248.28522290039064
35,ails2_etaMax1.000_stoppingTime86400.00,412812.0,242.46122290039062
36,ails2_etaMax0.020_stoppingTime86400.00,410305.0,247.6312229003906
37,ails2_eoh_acc_large,410124.0,246.82622290039063
38,ails2_eoh_acc,410431.0,250.05222290039063
39,ails2_etaMax0.005_stoppingTime86400.00,410081.0,251.34922290039063
40,ails2_etaMax1.000_stoppingTime1728000.00,412885.0,264.1942229003906
41,ails2_etaMax1.000_stoppingTime864000.00,412820.0,231.8282229003906
42,ails2_etaMax1.000_stoppingTime432000.00,412865.0,224.73422290039062
43,filo2,417562.0,294.03234672546387
44,ails2_etaMax0.010_stoppingTime432000.00,410235.0,306.1832229003906
45,ails2_eoh_omega2,410833.0,311.24122290039065
46,ails2_etaMax0.020_stoppingTime86400.00,410238.0,309.34722290039065
47,ails2_eoh_acc,410374.0,310.95522290039065
48,ails2_etaMax0.005_stoppingTime86400.00,409995.0,312.08522290039065
49,ails2_eoh_acc_large,410008.0,310.6272229003906
50,ails2_etaMax1.000_stoppingTime1728000.00,412775.0,264.57822290039064
51,ails2_etaMax1.000_stoppingTime432000.00,412689.0,297.1282229003906
52,filo2,417375.0,354.56532621383667
53,ails2_etaMax0.010_stoppingTime432000.00,410170.0,369.55622290039065
54,ails2_eoh_omega2,410713.0,372.5222229003906
55,ails2_eoh_acc,410329.0,367.61722290039063
56,ails2_eoh_acc_large,409893.0,371.33322290039064
57,ails2_etaMax0.005_stoppingTime86400.00,409974.0,373.6082229003906
58,ails2_etaMax0.020_stoppingTime86400.00,410197.0,360.77522290039065
59,filo2,416857.0,415.38817620277405
60,ails2_etaMax1.000_stoppingTime864000.00,412816.0,428.6712229003906
61,ails2_etaMax0.010_stoppingTime432000.00,410104.0,432.12622290039064
62,ails2_eoh_omega2,410641.0,432.7602229003906
63,ails2_eoh_acc_large,409813.0,432.6782229003906
64,ails2_etaMax0.020_stoppingTime86400.00,409998.0,434.21322290039063
65,ails2_etaMax0.005_stoppingTime86400.00,409951.0,407.30422290039064
66,ails2_eoh_acc,410248.0,431.72022290039064
67,filo2,416751.0,475.6145124435425
68,ails2_etaMax1.000_stoppingTime864000.00,412688.0,430.1782229003906
69,ails2_etaMax0.010_stoppingTime432000.00,410070.0,491.4042229003906
70,ails2_eoh_omega2,410551.0,493.2832229003906
71,ails2_eoh_acc,410162.0,493.13122290039064
72,ails2_eoh_acc_large,409735.0,494.79722290039064
73,ails2_etaMax0.020_stoppingTime86400.00,409821.0,493.1822229003906
74,filo2,416433.0,536.0044052600861
75,ails2_etaMax0.010_stoppingTime432000.00,410011.0,554.3112229003906
76,ails2_eoh_omega2,410523.0,550.5562229003906
77,ails2_eoh_acc_large,409698.0,549.5282229003906
78,ails2_etaMax0.020_stoppingTime86400.00,409700.0,548.1402229003907
79,ails2_eoh_acc,410132.0,540.6402229003907
80,ails2_etaMax0.005_stoppingTime86400.00,409949.0,580.5792229003906
81,ails2_etaMax1.000_stoppingTime1728000.00,412764.0,581.0042229003906
82,filo2,416402.0,596.0533578395844
83,ails2_etaMax0.010_stoppingTime432000.00,409961.0,608.1252229003907
84,ails2_etaMax1.000_stoppingTime864000.00,412684.0,616.5012229003906
85,ails2_eoh_omega2,410485.0,601.1302229003907
86,ails2_eoh_acc,410116.0,613.3432229003906
87,ails2_etaMax0.020_stoppingTime86400.00,409654.0,616.6872229003907
88,ails2_eoh_acc_large,409661.0,607.8972229003906
89,ails2_etaMax0.005_stoppingTime86400.00,409898.0,636.3952229003906
90,ails2_etaMax1.000_stoppingTime1728000.00,412601.0,581.1852229003906
91,filo2,416321.0,656.1574695110321
92,ails2_etaMax0.010_stoppingTime432000.00,409917.0,673.6992229003906
93,ails2_etaMax1.000_stoppingTime864000.00,412640.0,619.1472229003906
94,ails2_eoh_omega2,410312.0,677.1262229003906
95,ails2_eoh_acc_large,409616.0,677.6232229003906
96,ails2_etaMax0.020_stoppingTime86400.00,409605.0,672.2822229003906
97,ails2_eoh_acc,410093.0,669.5382229003907
98,ails2_etaMax0.005_stoppingTime86400.00,409896.0,683.5742229003906
99,ails2_etaMax0.010_stoppingTime432000.00,409893.0,717.1722229003906
100,ails2_eoh_omega2,410154.0,736.1682229003907
101,ails2_eoh_acc,410075.0,723.4232229003907
102,ails2_eoh_acc_large,409578.0,734.1262229003906
103,ails2_etaMax0.020_stoppingTime86400.00,409552.0,729.1112229003907
104,ails2_etaMax0.005_stoppingTime86400.00,409879.0,728.4352229003906
105,ails2_etaMax0.010_stoppingTime432000.00,409871.0,798.1342229003906
106,ails2_eoh_omega2,409920.0,796.9812229003907
107,ails2_etaMax0.020_stoppingTime86400.00,409508.0,798.1022229003906
108,ails2_eoh_acc_large,409563.0,791.6442229003907
109,ails2_eoh_acc,410042.0,797.3202229003906
110,ails2_etaMax0.005_stoppingTime86400.00,409837.0,822.8052229003906
111,ails2_etaMax0.010_stoppingTime432000.00,409850.0,849.6932229003907
112,ails2_eoh_omega2,409871.0,859.6702229003906
113,ails2_etaMax0.020_stoppingTime86400.00,409448.0,819.8432229003906
114,ails2_eoh_acc_large,409555.0,826.9932229003906
115,ails2_eoh_acc,410008.0,856.7022229003907
116,ails2_etaMax1.000_stoppingTime86400.00,412766.0,864.3172229003907
117,ails2_etaMax0.005_stoppingTime86400.00,409799.0,882.8202229003906
118,ails2_etaMax0.010_stoppingTime432000.00,409838.0,919.8492229003906
119,ails2_eoh_omega2,409641.0,917.9952229003907
120,ails2_etaMax0.020_stoppingTime86400.00,409410.0,915.8242229003906
121,ails2_eoh_acc,409979.0,910.0772229003907
122,ails2_etaMax1.000_stoppingTime86400.00,412409.0,875.8362229003907
123,ails2_eoh_acc_large,409552.0,937.9432229003907
124,ails2_etaMax0.005_stoppingTime86400.00,409790.0,930.4342229003906
125,ails2_etaMax0.010_stoppingTime432000.00,409807.0,981.5632229003907
126,ails2_eoh_omega2,409561.0,979.0422229003906
127,ails2_etaMax0.020_stoppingTime86400.00,409393.0,981.8132229003907
128,ails2_eoh_acc_large,409524.0,988.5772229003907
129,ails2_eoh_acc,409978.0,1002.0592229003906
130,ails2_etaMax0.005_stoppingTime86400.00,409776.0,979.8312229003906
131,ails2_etaMax1.000_stoppingTime86400.00,412389.0,1018.7642229003907
132,ails2_etaMax0.010_stoppingTime432000.00,409790.0,1035.5722229003907
133,ails2_eoh_omega2,409535.0,1041.8182229003905
134,ails2_etaMax0.020_stoppingTime86400.00,409304.0,1031.9862229003907
135,ails2_eoh_acc_large,409516.0,1017.6152229003907
136,ails2_eoh_acc,409971.0,1056.2982229003906
137,ails2_etaMax0.005_stoppingTime86400.00,409775.0,1060.1652229003905
138,ails2_etaMax1.000_stoppingTime86400.00,412254.0,1018.9052229003906
139,ails2_etaMax0.010_stoppingTime432000.00,409783.0,1052.6472229003907
140,ails2_eoh_omega2,409506.0,1087.0912229003907
141,ails2_etaMax0.020_stoppingTime86400.00,409263.0,1083.2492229003906
142,ails2_eoh_acc_large,409496.0,1120.4512229003906
143,ails2_eoh_acc,409952.0,1123.1162229003905
144,ails2_etaMax0.005_stoppingTime86400.00,409767.0,1114.5892229003907
145,ails2_etaMax0.010_stoppingTime432000.00,409708.0,1162.7042229003907
146,ails2_eoh_omega2,409489.0,1163.3942229003906
147,ails2_etaMax0.020_stoppingTime86400.00,409189.0,1166.3882229003907
148,ails2_etaMax1.000_stoppingTime432000.00,412680.0,1179.6162229003905
149,ails2_eoh_acc_large,409449.0,1165.3812229003906
150,ails2_etaMax0.005_stoppingTime86400.00,409735.0,1187.9152229003905
151,ails2_etaMax0.010_stoppingTime432000.00,409691.0,1220.2722229003907
152,ails2_eoh_omega2,409433.0,1225.1742229003905
153,ails2_etaMax0.020_stoppingTime86400.00,409164.0,1223.4692229003906
154,ails2_etaMax1.000_stoppingTime432000.00,412607.0,1179.9612229003906
155,ails2_eoh_acc_large,409435.0,1233.0672229003906
156,ails2_etaMax0.005_stoppingTime86400.00,409705.0,1245.9572229003907
157,ails2_etaMax0.010_stoppingTime432000.00,409625.0,1283.7392229003906
158,ails2_eoh_omega2,409381.0,1287.1152229003906
159,ails2_eoh_acc_large,409411.0,1298.8502229003907
160,ails2_etaMax0.005_stoppingTime86400.00,409672.0,1308.1342229003906
161,ails2_etaMax0.020_stoppingTime86400.00,409163.0,1328.2762229003906
162,ails2_etaMax1.000_stoppingTime432000.00,412604.0,1329.8312229003907
163,ails2_eoh_acc,409950.0,1331.2142229003907
164,ails2_etaMax0.010_stoppingTime432000.00,409583.0,1331.4222229003906
165,ails2_eoh_omega2,409367.0,1329.5432229003907
166,ails2_eoh_acc_large,409407.0,1348.6312229003906
167,ails2_etaMax0.005_stoppingTime86400.00,409661.0,1329.1142229003906
168,ails2_etaMax1.000_stoppingTime864000.00,412595.0,1380.7022229003906
169,ails2_etaMax0.020_stoppingTime86400.00,409148.0,1331.1872229003907
170,ails2_etaMax1.000_stoppingTime432000.00,412530.0,1332.4492229003906
171,ails2_eoh_acc,409940.0,1387.9092229003907
172,ails2_etaMax0.010_stoppingTime432000.00,409563.0,1405.9942229003907
173,ails2_eoh_omega2,409361.0,1375.7272229003906
174,ails2_eoh_acc_large,409392.0,1418.7222229003905
175,ails2_etaMax0.005_stoppingTime86400.00,409629.0,1418.1672229003907
176,ails2_etaMax1.000_stoppingTime864000.00,412484.0,1382.4432229003905
177,ails2_etaMax0.020_stoppingTime86400.00,409122.0,1446.4122229003906
178,ails2_etaMax0.010_stoppingTime432000.00,409560.0,1469.5252229003906
179,ails2_eoh_acc_large,409380.0,1459.7012229003906
180,ails2_etaMax0.005_stoppingTime86400.00,409610.0,1494.5642229003906
181,ails2_etaMax1.000_stoppingTime1728000.00,412578.0,1499.0042229003907
182,ails2_eoh_omega2,409360.0,1502.0212229003905
183,ails2_etaMax0.020_stoppingTime86400.00,409089.0,1487.8472229003905
184,HGS-TV,409979.0,1526.8425815105438
185,ails2_eoh_acc,409938.0,1529.3352229003906
186,ails2_etaMax0.010_stoppingTime432000.00,409530.0,1530.0022229003907
187,ails2_etaMax0.005_stoppingTime86400.00,409596.0,1531.5932229003906
188,ails2_etaMax1.000_stoppingTime1728000.00,412470.0,1500.5842229003906
189,ails2_etaMax1.000_stoppingTime432000.00,412505.0,1560.7392229003906
190,ails2_eoh_omega2,409334.0,1530.7082229003906
191,ails2_etaMax0.020_stoppingTime86400.00,409074.0,1568.5172229003906
192,ails2_eoh_acc,409936.0,1553.2822229003907
193,ails2_etaMax0.010_stoppingTime432000.00,409495.0,1590.1042229003906
194,ails2_eoh_acc_large,409379.0,1600.8102229003907
195,ails2_etaMax0.005_stoppingTime86400.00,409570.0,1613.6242229003906
196,ails2_etaMax1.000_stoppingTime432000.00,412469.0,1563.4912229003905
197,ails2_etaMax0.020_stoppingTime86400.00,409073.0,1642.6152229003906
198,ails2_eoh_acc,409906.0,1648.1902229003906
199,ails2_etaMax0.010_stoppingTime432000.00,409471.0,1635.1452229003905
200,ails2_eoh_acc_large,409357.0,1659.7902229003905
201,ails2_etaMax0.005_stoppingTime86400.00,409566.0,1669.9702229003906
202,ails2_etaMax0.020_stoppingTime86400.00,409055.0,1671.8352229003906
203,ails2_eoh_acc,409887.0,1701.8052229003906
204,ails2_etaMax0.010_stoppingTime432000.00,409467.0,1702.6152229003906
205,ails2_eoh_omega2,409333.0,1722.5632229003907
206,ails2_eoh_acc_large,409352.0,1678.4292229003906
207,ails2_etaMax1.000_stoppingTime1728000.00,412450.0,1736.6832229003905
208,ails2_etaMax0.005_stoppingTime86400.00,409559.0,1725.1152229003906
209,ails2_eoh_acc,409876.0,1743.1212229003906
210,ails2_etaMax0.010_stoppingTime432000.00,409454.0,1758.8952229003905
211,ails2_eoh_omega2,409310.0,1781.3292229003907
212,ails2_eoh_acc_large,409345.0,1771.4792229003906
213,ails2_etaMax0.005_stoppingTime86400.00,409536.0,1777.3342229003906
214,ails2_etaMax0.020_stoppingTime86400.00,409053.0,1820.3052229003906
215,ails2_eoh_acc,409865.0,1805.6762229003907
216,ails2_etaMax0.010_stoppingTime432000.00,409451.0,1786.0612229003907
217,ails2_eoh_omega2,409296.0,1837.4802229003906
218,ails2_etaMax0.005_stoppingTime86400.00,409532.0,1847.0382229003906
219,ails2_etaMax0.020_stoppingTime86400.00,409029.0,1854.3852229003905
220,ails2_eoh_acc,409837.0,1891.1872229003907
221,ails2_etaMax0.010_stoppingTime432000.00,409438.0,1896.2442229003907
222,ails2_eoh_omega2,409280.0,1900.5642229003906
223,ails2_etaMax0.005_stoppingTime86400.00,409531.0,1884.7912229003907
224,ails2_eoh_acc_large,409344.0,1922.1272229003907
225,ails2_etaMax0.020_stoppingTime86400.00,409028.0,1893.0152229003907
226,ails2_eoh_acc,409814.0,1953.4422229003906
227,ails2_eoh_omega2,409279.0,1934.4372229003907
228,ails2_etaMax0.005_stoppingTime86400.00,409526.0,1925.0492229003905
229,ails2_etaMax0.020_stoppingTime86400.00,409016.0,1970.4882229003906
230,ails2_eoh_acc,409791.0,2015.0702229003907
231,ails2_eoh_omega2,409272.0,2019.0952229003906
232,ails2_etaMax0.010_stoppingTime432000.00,409433.0,2038.2422229003905
233,ails2_etaMax0.005_stoppingTime86400.00,409492.0,2043.1372229003907
234,ails2_eoh_acc_large,409341.0,2061.4522229003906
235,ails2_etaMax0.020_stoppingTime86400.00,408996.0,2019.8852229003905
236,ails2_eoh_acc,409767.0,2075.815222900391
237,ails2_eoh_omega2,409252.0,2082.8742229003906
238,ails2_etaMax0.010_stoppingTime432000.00,409404.0,2063.855222900391
239,ails2_etaMax0.005_stoppingTime86400.00,409487.0,2097.3272229003906
240,ails2_etaMax0.020_stoppingTime86400.00,408979.0,2119.3232229003906
241,ails2_eoh_acc,409748.0,2126.0722229003904
242,ails2_eoh_omega2,409249.0,2099.0502229003905
243,ails2_etaMax0.005_stoppingTime86400.00,409461.0,2162.7532229003905
244,ails2_eoh_acc_large,409340.0,2168.9772229003906
245,ails2_etaMax0.020_stoppingTime86400.00,408970.0,2129.0022229003907
246,ails2_etaMax0.010_stoppingTime432000.00,409402.0,2190.9032229003906
247,ails2_eoh_acc,409701.0,2197.451222900391
248,ails2_eoh_omega2,409235.0,2194.6682229003904
249,ails2_etaMax0.005_stoppingTime86400.00,409447.0,2216.8472229003905
250,ails2_eoh_acc_large,409338.0,2203.6592229003904
251,ails2_etaMax0.020_stoppingTime86400.00,408967.0,2237.2172229003904
252,ails2_etaMax0.010_stoppingTime432000.00,409396.0,2244.3782229003905
253,ails2_eoh_acc,409674.0,2245.7892229003905
254,ails2_eoh_acc_large,409332.0,2234.7222229003905
255,ails2_etaMax0.020_stoppingTime86400.00,408940.0,2300.5782229003908
256,ails2_etaMax0.010_stoppingTime432000.00,409392.0,2264.5242229003907
257,ails2_eoh_omega2,409234.0,2333.1782229003907
258,ails2_eoh_acc,409673.0,2341.893222900391
259,ails2_etaMax0.010_stoppingTime432000.00,409363.0,2371.8432229003906
260,ails2_etaMax0.020_stoppingTime86400.00,408939.0,2377.1882229003904
261,ails2_eoh_omega2,409233.0,2342.0712229003907
262,ails2_eoh_acc,409670.0,2361.3202229003905
263,ails2_etaMax0.010_stoppingTime432000.00,409324.0,2427.5442229003907
264,ails2_etaMax0.020_stoppingTime86400.00,408927.0,2399.7472229003906
265,ails2_eoh_acc_large,409331.0,2472.5592229003905
266,ails2_eoh_acc,409669.0,2475.5022229003907
267,ails2_etaMax0.005_stoppingTime86400.00,409446.0,2485.7342229003907
268,ails2_etaMax0.010_stoppingTime432000.00,409315.0,2494.7902229003907
269,ails2_eoh_acc,409653.0,2535.4122229003906
270,ails2_etaMax0.005_stoppingTime86400.00,409437.0,2523.1112229003907
271,ails2_etaMax0.010_stoppingTime432000.00,409313.0,2496.2462229003904
272,ails2_eoh_acc_large,409327.0,2580.7702229003908
273,ails2_eoh_omega2,409230.0,2590.190222900391
274,ails2_eoh_acc,409650.0,2589.960222900391
275,ails2_etaMax0.010_stoppingTime432000.00,409217.0,2603.2702229003908
276,ails2_eoh_acc_large,409326.0,2584.9732229003907
277,ails2_eoh_omega2,409227.0,2599.7672229003906
278,ails2_eoh_acc,409620.0,2652.7472229003906
279,ails2_eoh_acc_large,409312.0,2681.7652229003907
280,ails2_eoh_acc,409617.0,2659.8862229003907
281,ails2_eoh_omega2,409226.0,2729.5592229003905
282,ails2_etaMax0.020_stoppingTime86400.00,408926.0,2738.3612229003907
283,ails2_etaMax0.010_stoppingTime432000.00,409216.0,2750.1192229003905
284,ails2_eoh_acc,409608.0,2773.8332229003904
285,ails2_etaMax0.005_stoppingTime86400.00,409436.0,2785.824222900391
286,ails2_eoh_omega2,409218.0,2786.5522229003905
287,ails2_etaMax0.020_stoppingTime86400.00,408914.0,2744.5872229003908
288,ails2_etaMax0.010_stoppingTime432000.00,409189.0,2801.6012229003904
289,ails2_eoh_acc,409602.0,2825.661222900391
290,ails2_etaMax0.005_stoppingTime86400.00,409428.0,2839.2762229003906
291,ails2_eoh_omega2,409217.0,2856.1562229003907
292,ails2_etaMax0.010_stoppingTime432000.00,409184.0,2866.3292229003905
293,ails2_eoh_acc,409601.0,2897.9742229003905
294,ails2_etaMax0.005_stoppingTime86400.00,409424.0,2872.2152229003905
295,ails2_eoh_acc_large,409308.0,2951.2042229003905
296,ails2_etaMax0.005_stoppingTime86400.00,409418.0,2951.9642229003907
297,ails2_eoh_acc_large,409282.0,3010.5902229003905
298,ails2_eoh_omega2,409215.0,3013.0782229003908
299,ails2_etaMax0.005_stoppingTime86400.00,409411.0,3010.7832229003907
300,ails2_etaMax0.020_stoppingTime86400.00,408913.0,3040.8882229003907
301,ails2_eoh_acc_large,409275.0,3053.5712229003907
302,ails2_eoh_omega2,409207.0,3066.7132229003905
303,ails2_eoh_acc,409600.0,3103.4122229003906
304,ails2_etaMax0.010_stoppingTime432000.00,409182.0,3117.4052229003905
305,ails2_eoh_acc_large,409274.0,3083.6472229003907
306,ails2_eoh_omega2,409192.0,3079.3542229003906
307,ails2_etaMax0.005_stoppingTime86400.00,409410.0,3147.433222900391
308,ails2_eoh_acc,409593.0,3156.4902229003906
309,ails2_etaMax0.010_stoppingTime432000.00,409168.0,3173.257222900391
310,ails2_etaMax0.020_stoppingTime86400.00,408911.0,3192.6022229003906
311,ails2_eoh_acc_large,409271.0,3187.2412229003908
312,ails2_etaMax0.005_stoppingTime86400.00,409402.0,3201.2612229003907
313,ails2_eoh_acc,409580.0,3218.2552229003904
314,ails2_etaMax1.000_stoppingTime432000.00,412463.0,3231.2352229003905
315,ails2_etaMax0.010_stoppingTime432000.00,409152.0,3214.2342229003907
316,ails2_etaMax0.020_stoppingTime86400.00,408892.0,3211.7412229003908
317,ails2_etaMax0.005_stoppingTime86400.00,409396.0,3238.9482229003906
318,ails2_eoh_acc,409577.0,3274.9732229003907
319,ails2_etaMax1.000_stoppingTime432000.00,412330.0,3245.0872229003908
320,ails2_etaMax0.010_stoppingTime432000.00,409149.0,3260.2372229003904
321,ails2_etaMax0.005_stoppingTime86400.00,409393.0,3310.2802229003905
322,ails2_eoh_acc,409576.0,3335.8572229003908
323,ails2_etaMax0.020_stoppingTime86400.00,408891.0,3353.8072229003906
324,ails2_etaMax0.005_stoppingTime86400.00,409392.0,3383.3762229003905
325,ails2_eoh_acc_large,409270.0,3404.2252229003907
326,ails2_eoh_acc,409569.0,3405.431222900391
327,ails2_etaMax0.020_stoppingTime86400.00,408887.0,3360.4302229003906
328,ails2_etaMax0.010_stoppingTime432000.00,409148.0,3441.1982229003906
329,ails2_etaMax0.005_stoppingTime86400.00,409385.0,3417.5992229003905
330,ails2_eoh_acc_large,409256.0,3418.0252229003904
331,ails2_eoh_acc,409565.0,3452.105222900391
332,ails2_etaMax0.005_stoppingTime86400.00,409379.0,3473.210222900391
333,ails2_eoh_acc_large,409255.0,3523.268222900391
334,ails2_etaMax0.010_stoppingTime432000.00,409146.0,3526.5512229003907
335,ails2_eoh_acc,409554.0,3528.8912229003904
336,ails2_etaMax0.010_stoppingTime432000.00,409139.0,3528.8472229003905
337,ails2_eoh_acc,409550.0,3571.5282229003906
338,ails2_etaMax0.010_stoppingTime432000.00,409136.0,3665.3832229003906
339,ails2_etaMax0.010_stoppingTime432000.00,409129.0,3680.7432229003907
340,ails2_etaMax0.010_stoppingTime432000.00,409128.0,3729.4032229003906
341,ails2_etaMax0.010_stoppingTime432000.00,409127.0,3848.4342229003905
342,ails2_etaMax0.010_stoppingTime432000.00,409111.0,3907.221222900391
343,ails2_etaMax0.010_stoppingTime432000.00,409108.0,4234.91122290039
344,ails2_etaMax0.010_stoppingTime432000.00,409107.0,4257.421222900391
345,ails2_etaMax0.010_stoppingTime432000.00,409106.0,4400.923222900391
346,ails2_etaMax0.010_stoppingTime432000.00,409103.0,4417.516222900391
347,ails2_etaMax0.010_stoppingTime432000.00,409102.0,4717.1572229003905
348,ails2_etaMax0.010_stoppingTime432000.00,409101.0,4717.33022290039
349,ails2_eoh_omega2,409191.0,4844.55322290039
350,ails2_eoh_omega2,409186.0,4889.238222900391
351,ails2_etaMax0.010_stoppingTime432000.00,409100.0,4970.484222900391
352,ails2_etaMax0.010_stoppingTime432000.00,409096.0,4975.417222900391
353,ails2_etaMax0.010_stoppingTime432000.00,409095.0,5175.38022290039
354,ails2_eoh_omega2,409185.0,5227.128222900391
355,ails2_etaMax0.010_stoppingTime432000.00,409093.0,5175.50022290039
356,ails2_eoh_omega2,409175.0,5268.655222900391
357,ails2_etaMax0.010_stoppingTime432000.00,409092.0,5416.900222900391
358,ails2_eoh_omega2,409173.0,5513.886222900391
359,ails2_etaMax1.000_stoppingTime86400.00,412249.0,5524.42922290039
360,ails2_eoh_omega2,409131.0,5571.519222900391
361,ails2_etaMax1.000_stoppingTime86400.00,412149.0,5525.579222900391
362,ails2_eoh_omega2,409129.0,5590.30822290039
363,ails2_eoh_omega2,409117.0,5655.60322290039
364,ails2_eoh_omega2,409104.0,5724.07622290039
365,ails2_etaMax0.010_stoppingTime432000.00,409090.0,5789.673222900391
366,ails2_eoh_omega2,409102.0,5816.32222290039
367,ails2_etaMax0.010_stoppingTime432000.00,409074.0,5850.591222900391
368,ails2_eoh_omega2,409094.0,5845.346222900391
369,ails2_etaMax0.010_stoppingTime432000.00,409073.0,5918.525222900391
370,ails2_eoh_omega2,409088.0,5938.311222900391
371,ails2_etaMax0.010_stoppingTime432000.00,409058.0,5939.408222900391
372,ails2_eoh_omega2,409087.0,6024.646222900391
373,ails2_etaMax0.010_stoppingTime432000.00,409057.0,6048.230222900391
374,ails2_eoh_omega2,409084.0,6025.003222900391
375,ails2_eoh_omega2,409081.0,6139.83922290039
376,ails2_eoh_omega2,409077.0,6321.10222290039
377,ails2_etaMax0.010_stoppingTime432000.00,409056.0,6363.8002229003905
378,ails2_eoh_omega2,409073.0,6322.48622290039
379,ails2_etaMax0.010_stoppingTime432000.00,409051.0,6415.967222900391
380,ails2_etaMax0.010_stoppingTime432000.00,409047.0,6464.506222900391
381,ails2_etaMax0.020_stoppingTime86400.00,408886.0,6493.729222900391
382,ails2_etaMax0.020_stoppingTime86400.00,408850.0,6550.717222900391
383,ails2_etaMax0.020_stoppingTime86400.00,408848.0,6635.868222900391
384,ails2_eoh_omega2,409071.0,6682.65622290039
385,ails2_etaMax0.020_stoppingTime86400.00,408840.0,6681.877222900391
386,ails2_eoh_omega2,409064.0,6687.779222900391
387,ails2_eoh_acc,408886.0,6772.50022290039
388,ails2_eoh_acc,408862.0,6831.720222900391
389,ails2_etaMax0.020_stoppingTime86400.00,408839.0,6837.883222900391
390,ails2_etaMax0.020_stoppingTime86400.00,408816.0,6874.659222900391
391,ails2_eoh_omega2,409063.0,6947.230222900391
392,ails2_etaMax0.010_stoppingTime432000.00,409046.0,6950.336222900391
393,ails2_etaMax0.020_stoppingTime86400.00,408815.0,6983.231222900391
394,ails2_eoh_omega2,409050.0,6971.133222900391
395,ails2_etaMax0.010_stoppingTime432000.00,409045.0,6951.1842229003905
396,ails2_etaMax0.020_stoppingTime86400.00,408795.0,7017.640222900391
397,ails2_eoh_omega2,409034.0,7054.149222900391
398,ails2_etaMax0.010_stoppingTime432000.00,409039.0,7038.698222900391
399,ails2_etaMax0.020_stoppingTime86400.00,408769.0,7102.306222900391
400,ails2_etaMax0.010_stoppingTime432000.00,409037.0,7121.577222900391
401,ails2_eoh_omega2,409032.0,7137.401222900391
402,ails2_etaMax0.020_stoppingTime86400.00,408768.0,7109.445222900391
403,ails2_etaMax0.010_stoppingTime432000.00,409031.0,7162.3982229003905
404,ails2_eoh_omega2,409019.0,7181.921222900391
405,filo2,408766.0,7266.684424161911
406,ails2_eoh_acc,408745.0,7270.0992229003905
407,ails2_eoh_acc,408717.0,7327.3982229003905
408,ails2_eoh_acc,408716.0,7403.334222900391
409,ails2_eoh_acc,408714.0,7407.0012229003905
410,ails2_etaMax0.005_stoppingTime86400.00,408765.0,7469.320222900391
411,ails2_eoh_omega2,409017.0,7514.834222900391
412,ails2_eoh_acc,408711.0,7511.088222900391
413,ails2_etaMax0.005_stoppingTime86400.00,408758.0,7526.53622290039
414,ails2_eoh_omega2,409005.0,7555.240222900391
415,ails2_eoh_acc,408708.0,7552.267222900391
416,ails2_etaMax0.005_stoppingTime86400.00,408749.0,7566.88822290039
417,ails2_eoh_acc,408707.0,7615.5592229003905
418,ails2_etaMax0.005_stoppingTime86400.00,408747.0,7654.29422290039
419,ails2_etaMax0.010_stoppingTime432000.00,409028.0,7668.76822290039
420,ails2_eoh_acc,408700.0,7705.548222900391
421,ails2_etaMax0.005_stoppingTime86400.00,408743.0,7678.03122290039
422,ails2_etaMax0.020_stoppingTime86400.00,408764.0,7724.2242229003905
423,ails2_etaMax0.010_stoppingTime432000.00,409011.0,7693.00522290039
424,ails2_eoh_acc,408697.0,7724.644222900391
425,ails2_eoh_omega2,409004.0,7772.46022290039
426,ails2_etaMax0.005_stoppingTime86400.00,408741.0,7722.016222900391
427,ails2_etaMax0.020_stoppingTime86400.00,408760.0,7737.122222900391
428,ails2_eoh_acc,408687.0,7825.77722290039
429,ails2_eoh_omega2,409002.0,7773.854222900391
430,ails2_etaMax0.005_stoppingTime86400.00,408739.0,7835.863222900391
431,ails2_etaMax0.020_stoppingTime86400.00,408758.0,7829.578222900391
432,ails2_etaMax0.010_stoppingTime432000.00,409009.0,7856.8402229003905
433,ails2_eoh_acc,408683.0,7886.805222900391
434,ails2_etaMax0.005_stoppingTime86400.00,408725.0,7890.289222900391
435,ails2_eoh_omega2,409001.0,7915.797222900391
436,ails2_etaMax0.010_stoppingTime432000.00,409001.0,7903.569222900391
437,ails2_etaMax0.020_stoppingTime86400.00,408757.0,7941.881222900391
438,ails2_eoh_acc,408682.0,7957.886222900391
439,ails2_eoh_omega2,408984.0,7965.663222900391
440,ails2_etaMax0.010_stoppingTime432000.00,408988.0,7967.735222900391
441,ails2_etaMax0.020_stoppingTime86400.00,408739.0,7965.448222900391
442,ails2_etaMax0.005_stoppingTime86400.00,408724.0,8003.57222290039
443,ails2_eoh_acc,408681.0,7970.72822290039
444,ails2_etaMax0.010_stoppingTime432000.00,408980.0,8013.069222900391
445,ails2_etaMax0.005_stoppingTime86400.00,408710.0,8014.287222900391
446,ails2_etaMax0.020_stoppingTime86400.00,408727.0,8059.488222900391
447,ails2_etaMax0.010_stoppingTime432000.00,408962.0,8100.5012229003905
448,ails2_etaMax0.020_stoppingTime86400.00,408705.0,8117.863222900391
449,ails2_etaMax0.010_stoppingTime432000.00,408959.0,8101.034222900391
450,ails2_etaMax0.020_stoppingTime86400.00,408703.0,8133.72722290039
451,ails2_eoh_acc,408679.0,8251.662222900391
452,ails2_etaMax0.020_stoppingTime86400.00,408701.0,8311.78322290039
453,ails2_etaMax0.020_stoppingTime86400.00,408696.0,8316.78122290039
454,ails2_eoh_acc,408675.0,8379.41422290039
455,ails2_etaMax0.005_stoppingTime86400.00,408709.0,8391.12922290039
456,ails2_etaMax1.000_stoppingTime86400.00,412142.0,8406.20022290039
457,ails2_etaMax0.020_stoppingTime86400.00,408685.0,8424.85922290039
458,ails2_etaMax0.005_stoppingTime86400.00,408707.0,8458.55722290039
459,ails2_etaMax1.000_stoppingTime86400.00,412117.0,8406.296222900392
460,ails2_etaMax0.005_stoppingTime86400.00,408706.0,8519.018222900391
461,ails2_etaMax0.010_stoppingTime432000.00,408958.0,8545.06022290039
462,ails2_etaMax0.005_stoppingTime86400.00,408697.0,8569.24822290039
463,ails2_etaMax0.010_stoppingTime432000.00,408955.0,8546.68122290039
464,ails2_etaMax0.020_stoppingTime86400.00,408681.0,8629.151222900391
465,ails2_etaMax0.005_stoppingTime86400.00,408691.0,8612.28022290039
466,ails2_etaMax0.010_stoppingTime432000.00,408954.0,8671.62822290039
467,ails2_etaMax1.000_stoppingTime86400.00,412115.0,8713.088222900391
468,ails2_etaMax0.010_stoppingTime432000.00,408953.0,8683.22822290039
469,ails2_etaMax1.000_stoppingTime86400.00,412062.0,8713.12322290039
470,ails2_etaMax1.000_stoppingTime1728000.00,412447.0,8877.071222900391
471,ails2_etaMax0.020_stoppingTime86400.00,408680.0,8983.642222900391
472,ails2_eoh_omega2,408982.0,9028.535222900391
473,ails2_etaMax0.020_stoppingTime86400.00,408664.0,8986.00522290039
474,ails2_eoh_omega2,408974.0,9069.23422290039
475,ails2_etaMax0.005_stoppingTime86400.00,408689.0,9176.179222900391
476,ails2_etaMax0.005_stoppingTime86400.00,408686.0,9202.05122290039
477,ails2_etaMax0.010_stoppingTime432000.00,408952.0,9276.89022290039
478,ails2_etaMax0.010_stoppingTime432000.00,408947.0,9279.37122290039
479,ails2_etaMax0.010_stoppingTime432000.00,408943.0,9395.88022290039
480,ails2_eoh_omega2,408973.0,9449.19022290039
481,ails2_etaMax0.020_stoppingTime86400.00,408663.0,9463.77222290039
482,ails2_etaMax1.000_stoppingTime86400.00,412011.0,9478.67222290039
483,ails2_eoh_acc,408670.0,9479.367222900391
484,ails2_etaMax0.010_stoppingTime432000.00,408941.0,9487.367222900391
485,ails2_etaMax0.005_stoppingTime86400.00,408684.0,9499.302222900391
486,ails2_etaMax0.020_stoppingTime86400.00,408657.0,9466.945222900391
487,ails2_eoh_acc,408663.0,9516.57522290039
488,ails2_etaMax1.000_stoppingTime86400.00,411836.0,9483.724222900391
489,ails2_etaMax0.010_stoppingTime432000.00,408934.0,9517.46722290039
490,ails2_etaMax0.005_stoppingTime86400.00,408681.0,9557.278222900391
491,ails2_etaMax0.020_stoppingTime86400.00,408653.0,9541.365222900391
492,ails2_eoh_acc,408661.0,9575.47122290039
493,ails2_etaMax0.005_stoppingTime86400.00,408668.0,9588.50522290039
494,ails2_etaMax0.005_stoppingTime86400.00,408667.0,9687.28322290039
495,ails2_etaMax0.005_stoppingTime86400.00,408652.0,9715.39922290039
496,ails2_etaMax1.000_stoppingTime86400.00,411811.0,9757.831222900391
497,ails2_etaMax1.000_stoppingTime864000.00,412479.0,9778.419222900391
498,ails2_etaMax1.000_stoppingTime86400.00,411801.0,9757.89522290039
499,ails2_etaMax1.000_stoppingTime864000.00,412470.0,9778.47122290039
500,ails2_etaMax1.000_stoppingTime86400.00,411752.0,9872.36122290039
501,ails2_eoh_omega2,408972.0,9884.187222900391
502,ails2_etaMax0.005_stoppingTime86400.00,408651.0,9906.39822290039
503,ails2_eoh_omega2,408969.0,9886.151222900391
504,ails2_etaMax0.010_stoppingTime432000.00,408930.0,9968.546222900392
505,ails2_etaMax0.005_stoppingTime86400.00,408649.0,9978.37122290039
506,ails2_etaMax1.000_stoppingTime86400.00,411739.0,9992.589222900391
507,ails2_etaMax0.010_stoppingTime432000.00,408921.0,9995.81422290039
508,ails2_etaMax0.005_stoppingTime86400.00,408639.0,10007.65822290039
509,ails2_etaMax0.020_stoppingTime86400.00,408643.0,10045.14022290039
510,ails2_etaMax1.000_stoppingTime86400.00,411674.0,10046.89022290039
511,ails2_eoh_omega2,408968.0,10068.41822290039
512,ails2_etaMax0.020_stoppingTime86400.00,408614.0,10086.80922290039
513,ails2_eoh_omega2,408965.0,10068.48922290039
514,ails2_etaMax0.020_stoppingTime86400.00,408613.0,10123.680222900392
515,ails2_etaMax1.000_stoppingTime864000.00,412458.0,10182.88722290039
516,ails2_etaMax1.000_stoppingTime432000.00,412320.0,10195.49522290039
517,ails2_etaMax1.000_stoppingTime432000.00,412317.0,10195.579222900391
518,ails2_etaMax0.005_stoppingTime86400.00,408637.0,10260.883222900391
519,ails2_eoh_omega2,408963.0,10263.57622290039
520,ails2_etaMax0.005_stoppingTime86400.00,408634.0,10278.393222900391
521,ails2_eoh_omega2,408948.0,10313.81822290039
522,ails2_eoh_omega2,408937.0,10369.53222290039
523,ails2_etaMax0.020_stoppingTime86400.00,408612.0,10402.11122290039
524,ails2_eoh_acc,408660.0,10421.10222290039
525,ails2_eoh_omega2,408929.0,10417.64822290039
526,ails2_etaMax0.020_stoppingTime86400.00,408596.0,10453.885222900391
527,ails2_eoh_acc,408654.0,10470.48522290039
528,ails2_eoh_acc,408653.0,10482.366222900391
529,ails2_etaMax1.000_stoppingTime86400.00,411672.0,10584.56922290039
530,ails2_etaMax1.000_stoppingTime86400.00,411587.0,10638.973222900391
531,ails2_etaMax0.020_stoppingTime86400.00,408592.0,10668.31822290039
532,ails2_etaMax0.020_stoppingTime86400.00,408581.0,10701.760222900391
533,ails2_eoh_omega2,408928.0,10873.71622290039
534,ails2_eoh_omega2,408918.0,10931.018222900391
535,ails2_etaMax1.000_stoppingTime432000.00,412313.0,10962.097222900391
536,ails2_eoh_acc_large,408578.0,10995.01622290039
537,ails2_eoh_omega2,408916.0,10936.65422290039
538,ails2_etaMax0.010_stoppingTime432000.00,408920.0,11013.02422290039
539,ails2_etaMax1.000_stoppingTime432000.00,412297.0,10963.60322290039
540,ails2_eoh_acc_large,408577.0,11005.65722290039
541,ails2_etaMax0.010_stoppingTime432000.00,408912.0,11055.87122290039
542,ails2_eoh_omega2,408911.0,11091.223222900391
543,ails2_eoh_acc_large,408573.0,11110.95722290039
544,ails2_etaMax0.010_stoppingTime432000.00,408910.0,11117.54222290039
545,ails2_eoh_acc_large,408571.0,11131.671222900392
546,ails2_etaMax0.010_stoppingTime432000.00,408905.0,11170.93422290039
547,ails2_eoh_acc_large,408566.0,11235.11922290039
548,ails2_etaMax0.010_stoppingTime432000.00,408899.0,11250.39922290039
549,ails2_eoh_acc_large,408565.0,11283.83422290039
550,ails2_etaMax0.010_stoppingTime432000.00,408898.0,11261.126222900391
551,ails2_eoh_acc_large,408564.0,11429.70822290039
552,ails2_eoh_acc_large,408558.0,11487.87322290039
553,ails2_eoh_acc_large,408557.0,11494.68422290039
554,ails2_eoh_acc_large,408551.0,11591.24522290039
555,ails2_etaMax1.000_stoppingTime432000.00,412289.0,11662.12822290039
556,ails2_etaMax1.000_stoppingTime432000.00,412247.0,11673.437222900391
557,ails2_eoh_omega2,408909.0,11763.88022290039
558,ails2_etaMax0.010_stoppingTime432000.00,408897.0,11792.438222900391
559,ails2_eoh_omega2,408905.0,11773.32622290039
560,ails2_eoh_acc_large,408549.0,11868.213222900391
561,ails2_etaMax1.000_stoppingTime86400.00,411565.0,12071.027222900391
562,ails2_eoh_acc_large,408548.0,12080.313222900391
563,ails2_etaMax1.000_stoppingTime86400.00,411551.0,12071.09222290039
564,ails2_etaMax1.000_stoppingTime86400.00,411417.0,12155.11822290039
565,ails2_etaMax0.010_stoppingTime432000.00,408896.0,12207.79922290039
566,ails2_etaMax0.010_stoppingTime432000.00,408895.0,12207.83322290039
567,ails2_etaMax1.000_stoppingTime864000.00,412425.0,12298.240222900391
568,ails2_eoh_acc_large,408547.0,12303.392222900391
569,ails2_etaMax0.010_stoppingTime432000.00,408894.0,12344.63122290039
570,ails2_etaMax1.000_stoppingTime864000.00,412398.0,12298.276222900391
571,ails2_eoh_acc_large,408534.0,12337.96122290039
572,ails2_etaMax0.010_stoppingTime432000.00,408880.0,12394.20822290039
573,ails2_eoh_acc_large,408531.0,12419.45122290039
574,ails2_etaMax0.010_stoppingTime432000.00,408878.0,12470.116222900391
575,ails2_eoh_acc_large,408525.0,12489.571222900391
576,ails2_etaMax1.000_stoppingTime86400.00,411412.0,12494.09122290039
577,ails2_eoh_acc_large,408519.0,12494.92422290039
578,ails2_etaMax1.000_stoppingTime86400.00,411334.0,12502.597222900391
579,ails2_etaMax0.010_stoppingTime432000.00,408875.0,12618.93922290039
580,ails2_etaMax1.000_stoppingTime432000.00,412237.0,12639.02122290039
581,ails2_eoh_acc_large,408517.0,12659.60322290039
582,ails2_etaMax0.010_stoppingTime432000.00,408869.0,12620.44022290039
583,ails2_etaMax0.005_stoppingTime86400.00,408580.0,12729.16422290039
584,ails2_eoh_acc_large,408503.0,12742.34122290039
585,ails2_etaMax0.005_stoppingTime86400.00,408572.0,12732.133222900391
586,ails2_eoh_acc_large,408497.0,12746.87822290039
587,ails2_etaMax0.005_stoppingTime86400.00,408571.0,12922.732222900391
588,ails2_eoh_acc_large,408492.0,12952.54922290039
589,ails2_etaMax0.005_stoppingTime86400.00,408566.0,12926.53022290039
590,ails2_eoh_acc_large,408483.0,12975.90722290039
591,ails2_etaMax1.000_stoppingTime86400.00,411333.0,13100.794222900391
592,ails2_etaMax0.005_stoppingTime86400.00,408564.0,13132.177222900391
593,ails2_etaMax1.000_stoppingTime86400.00,411325.0,13101.15922290039
594,ails2_etaMax0.010_stoppingTime432000.00,408868.0,13223.08422290039
595,ails2_etaMax0.010_stoppingTime432000.00,408864.0,13227.63122290039
596,ails2_eoh_acc_large,408473.0,13333.41322290039
597,ails2_etaMax0.005_stoppingTime86400.00,408563.0,13386.39622290039
598,ails2_eoh_acc_large,408472.0,13368.29022290039
599,ails2_etaMax0.005_stoppingTime86400.00,408562.0,13389.838222900391
600,ails2_etaMax1.000_stoppingTime864000.00,412387.0,13540.17322290039
601,ails2_etaMax0.010_stoppingTime432000.00,408862.0,13563.983222900391
602,ails2_etaMax0.005_stoppingTime86400.00,408561.0,13578.205222900391
603,ails2_etaMax1.000_stoppingTime864000.00,412324.0,13540.55822290039
604,ails2_etaMax0.010_stoppingTime432000.00,408861.0,13636.12322290039
605,ails2_etaMax0.005_stoppingTime86400.00,408560.0,13578.46922290039
606,ails2_etaMax1.000_stoppingTime86400.00,411318.0,13640.22622290039
607,ails2_etaMax0.010_stoppingTime432000.00,408849.0,13657.821222900391
608,ails2_etaMax1.000_stoppingTime86400.00,411137.0,13653.278222900391
609,ails2_etaMax0.005_stoppingTime86400.00,408558.0,13718.019222900391
610,ails2_eoh_omega2,408903.0,13742.85122290039
611,ails2_etaMax0.010_stoppingTime432000.00,408830.0,13736.644222900391
612,ails2_etaMax0.005_stoppingTime86400.00,408550.0,13727.232222900391
613,ails2_eoh_omega2,408897.0,13781.25222290039
614,ails2_etaMax0.010_stoppingTime432000.00,408828.0,13825.81722290039
615,ails2_etaMax0.005_stoppingTime86400.00,408549.0,13792.80622290039
616,ails2_etaMax0.005_stoppingTime86400.00,408542.0,13856.66722290039
617,ails2_etaMax0.010_stoppingTime432000.00,408827.0,13965.84422290039
618,ails2_eoh_omega2,408894.0,13983.10122290039
619,ails2_etaMax0.010_stoppingTime432000.00,408821.0,14008.50222290039
620,ails2_etaMax1.000_stoppingTime432000.00,412231.0,14029.42622290039
621,ails2_eoh_omega2,408881.0,13994.972222900391
622,ails2_etaMax0.010_stoppingTime432000.00,408816.0,14038.651222900391
623,ails2_etaMax1.000_stoppingTime432000.00,411980.0,14029.919222900391
624,ails2_eoh_omega2,408868.0,14081.865222900391
625,ails2_etaMax0.010_stoppingTime432000.00,408815.0,14140.27422290039
626,ails2_eoh_omega2,408857.0,14153.572222900391
627,ails2_eoh_omega2,408856.0,14193.339222900391
628,ails2_etaMax0.010_stoppingTime432000.00,408814.0,14274.08422290039
629,ails2_eoh_omega2,408848.0,14283.794222900391
630,ails2_etaMax0.010_stoppingTime432000.00,408812.0,14277.81522290039
631,ails2_etaMax0.005_stoppingTime86400.00,408541.0,14347.26622290039
632,ails2_eoh_omega2,408847.0,14293.71022290039
633,ails2_eoh_omega2,408846.0,14368.55822290039
634,ails2_etaMax0.010_stoppingTime432000.00,408810.0,14434.26422290039
635,ails2_eoh_omega2,408845.0,14465.49322290039
636,ails2_etaMax0.010_stoppingTime432000.00,408806.0,14492.768222900391
637,ails2_eoh_omega2,408844.0,14485.70222290039
638,ails2_etaMax0.010_stoppingTime432000.00,408799.0,14530.31822290039
639,ails2_eoh_omega2,408833.0,14584.08322290039
640,ails2_eoh_omega2,408823.0,14634.161222900391
641,ails2_etaMax1.000_stoppingTime86400.00,411132.0,14959.57322290039
642,ails2_etaMax1.000_stoppingTime86400.00,411041.0,14960.695222900391
643,ails2_etaMax0.010_stoppingTime432000.00,408798.0,15035.20322290039
644,ails2_etaMax1.000_stoppingTime1728000.00,412444.0,15068.26622290039
645,ails2_etaMax0.010_stoppingTime432000.00,408792.0,15045.16422290039
646,ails2_etaMax1.000_stoppingTime1728000.00,412338.0,15068.34122290039
647,ails2_etaMax0.010_stoppingTime432000.00,408791.0,15127.36822290039
648,ails2_etaMax0.010_stoppingTime432000.00,408790.0,15228.634222900391
649,ails2_eoh_omega2,408822.0,15238.920222900391
650,ails2_eoh_omega2,408821.0,15280.72922290039
651,ails2_eoh_omega2,408812.0,15332.04722290039
652,ails2_etaMax1.000_stoppingTime86400.00,411035.0,15453.83522290039
653,ails2_etaMax1.000_stoppingTime86400.00,411019.0,15456.61222290039
654,ails2_etaMax0.010_stoppingTime432000.00,408789.0,15517.686222900391
655,ails2_etaMax0.010_stoppingTime432000.00,408786.0,15520.10122290039
656,ails2_eoh_omega2,408811.0,15584.58622290039
657,ails2_etaMax1.000_stoppingTime86400.00,411006.0,15630.26522290039
658,ails2_eoh_omega2,408807.0,15623.73022290039
659,ails2_etaMax1.000_stoppingTime86400.00,410932.0,15630.41822290039
660,ails2_eoh_acc_large,408470.0,15810.24822290039
661,ails2_eoh_acc_large,408468.0,15958.38822290039
662,ails2_eoh_omega2,408805.0,16013.73422290039
663,ails2_eoh_omega2,408804.0,16015.05622290039
664,ails2_etaMax0.010_stoppingTime432000.00,408785.0,16227.69122290039
665,ails2_etaMax0.010_stoppingTime432000.00,408782.0,16237.75322290039
666,ails2_etaMax0.010_stoppingTime432000.00,408771.0,16330.61422290039
667,ails2_etaMax1.000_stoppingTime86400.00,410930.0,16385.826222900392
668,ails2_etaMax0.010_stoppingTime432000.00,408770.0,16455.33922290039
669,ails2_etaMax1.000_stoppingTime86400.00,410903.0,16508.63522290039
670,ails2_etaMax0.010_stoppingTime432000.00,408769.0,16455.56722290039
671,ails2_etaMax1.000_stoppingTime86400.00,410879.0,16514.309222900392
672,ails2_etaMax0.010_stoppingTime432000.00,408768.0,16756.88922290039
673,ails2_etaMax0.010_stoppingTime432000.00,408767.0,16792.03522290039
674,ails2_etaMax1.000_stoppingTime86400.00,410869.0,17300.73922290039
675,ails2_etaMax1.000_stoppingTime86400.00,410736.0,17358.44822290039
676,ails2_eoh_omega2,408801.0,17402.24722290039
677,ails2_etaMax1.000_stoppingTime86400.00,410611.0,17364.64522290039
678,ails2_eoh_omega2,408799.0,17448.09622290039
679,ails2_etaMax0.010_stoppingTime432000.00,408766.0,17486.58422290039
680,ails2_etaMax0.010_stoppingTime432000.00,408763.0,17487.31022290039
681,ails2_etaMax0.010_stoppingTime432000.00,408758.0,17594.37522290039
682,ails2_etaMax0.010_stoppingTime432000.00,408753.0,17656.10322290039
683,ails2_eoh_omega2,408798.0,17756.12722290039
684,ails2_eoh_omega2,408797.0,17756.91322290039
685,ails2_eoh_omega2,408796.0,17897.33022290039
686,ails2_eoh_omega2,408788.0,17909.14522290039
687,ails2_eoh_omega2,408787.0,18425.951222900392
688,ails2_eoh_omega2,408786.0,18427.87722290039
689,ails2_eoh_omega2,408785.0,18596.68122290039
690,ails2_eoh_omega2,408783.0,18615.70722290039
691,ails2_etaMax1.000_stoppingTime86400.00,410609.0,19142.94322290039
692,ails2_eoh_omega2,408782.0,19187.02822290039
693,ails2_etaMax1.000_stoppingTime86400.00,410595.0,19147.01822290039
694,ails2_eoh_omega2,408773.0,19241.75022290039
695,ails2_eoh_omega2,408771.0,19272.96322290039
696,ails2_eoh_omega2,408766.0,19316.47522290039
697,ails2_eoh_omega2,408763.0,20186.61822290039
698,ails2_eoh_omega2,408751.0,20235.63922290039
699,ails2_eoh_omega2,408747.0,20286.42722290039
700,ails2_eoh_omega2,408746.0,20361.95522290039
701,ails2_etaMax0.010_stoppingTime432000.00,408752.0,20402.86822290039
702,ails2_etaMax0.010_stoppingTime432000.00,408742.0,20461.273222900392
703,ails2_eoh_omega2,408744.0,20476.68722290039
704,ails2_etaMax0.010_stoppingTime432000.00,408734.0,20479.52422290039
705,ails2_eoh_omega2,408734.0,20487.666222900392
706,ails2_eoh_omega2,408733.0,20714.165222900392
707,ails2_etaMax0.010_stoppingTime432000.00,408733.0,20765.72322290039
708,ails2_eoh_omega2,408728.0,20726.20622290039
709,ails2_eoh_omega2,408726.0,20810.19322290039
710,ails2_etaMax1.000_stoppingTime86400.00,410594.0,21319.808222900392
711,ails2_etaMax1.000_stoppingTime86400.00,410427.0,21328.613222900392
712,ails2_etaMax1.000_stoppingTime86400.00,410421.0,21450.46222290039
713,ails2_etaMax1.000_stoppingTime86400.00,410371.0,21455.05122290039
714,ails2_etaMax1.000_stoppingTime86400.00,410365.0,21702.67722290039
715,ails2_etaMax1.000_stoppingTime86400.00,410352.0,21705.10722290039
716,ails2_etaMax1.000_stoppingTime86400.00,410254.0,21808.73322290039
717,ails2_etaMax0.010_stoppingTime432000.00,408731.0,21866.15422290039
718,ails2_etaMax1.000_stoppingTime86400.00,410141.0,21878.89922290039
719,ails2_etaMax0.010_stoppingTime432000.00,408724.0,21871.93622290039
720,ails2_etaMax0.010_stoppingTime432000.00,408720.0,21986.71622290039
721,ails2_etaMax0.010_stoppingTime432000.00,408707.0,22011.55422290039
722,ails2_eoh_omega2,408725.0,22553.04922290039
723,ails2_eoh_omega2,408722.0,22609.94622290039
724,ails2_eoh_omega2,408721.0,22616.56022290039
725,ails2_eoh_omega2,408719.0,22829.57122290039
726,ails2_eoh_omega2,408715.0,22840.61622290039
727,ails2_eoh_acc_large,408466.0,22932.11522290039
728,ails2_etaMax1.000_stoppingTime86400.00,410124.0,22933.84922290039
729,ails2_etaMax1.000_stoppingTime864000.00,412319.0,22990.613222900392
730,ails2_etaMax1.000_stoppingTime86400.00,410067.0,22934.30222290039
731,ails2_etaMax1.000_stoppingTime864000.00,412177.0,22990.916222900392
732,ails2_etaMax0.010_stoppingTime432000.00,408706.0,23196.74022290039
733,ails2_etaMax0.010_stoppingTime432000.00,408705.0,23196.84622290039
734,ails2_etaMax1.000_stoppingTime86400.00,410065.0,23453.90322290039
735,ails2_etaMax1.000_stoppingTime86400.00,409999.0,23468.58522290039
736,ails2_etaMax1.000_stoppingTime86400.00,409958.0,23770.022222900392
737,ails2_etaMax1.000_stoppingTime86400.00,409916.0,23771.807222900392
738,ails2_etaMax0.010_stoppingTime432000.00,408704.0,24126.69922290039
739,ails2_etaMax0.010_stoppingTime432000.00,408702.0,24155.093222900392
740,ails2_etaMax0.010_stoppingTime432000.00,408685.0,24221.73522290039
741,ails2_etaMax0.010_stoppingTime432000.00,408684.0,24778.52422290039
742,ails2_etaMax0.010_stoppingTime432000.00,408683.0,24959.82222290039
743,ails2_etaMax0.010_stoppingTime432000.00,408680.0,24983.37122290039
744,ails2_etaMax0.010_stoppingTime432000.00,408678.0,25202.68822290039
745,ails2_etaMax0.010_stoppingTime432000.00,408677.0,25206.771222900392
746,ails2_eoh_omega2,408713.0,25332.130222900392
747,ails2_etaMax0.010_stoppingTime432000.00,408676.0,25593.361222900392
748,ails2_etaMax0.010_stoppingTime432000.00,408672.0,25595.67922290039
749,ails2_etaMax0.010_stoppingTime432000.00,408668.0,25659.08822290039
750,ails2_etaMax0.010_stoppingTime432000.00,408647.0,25744.44422290039
751,ails2_etaMax0.010_stoppingTime432000.00,408642.0,25802.879222900392
752,ails2_eoh_omega2,408712.0,25841.414222900392
753,ails2_etaMax1.000_stoppingTime86400.00,409915.0,25890.26422290039
754,ails2_eoh_omega2,408708.0,25859.67722290039
755,ails2_etaMax0.010_stoppingTime432000.00,408641.0,26012.46022290039
756,ails2_etaMax0.010_stoppingTime432000.00,408635.0,26063.71422290039
757,ails2_etaMax0.010_stoppingTime432000.00,408634.0,26204.74422290039
758,ails2_etaMax0.010_stoppingTime432000.00,408630.0,26216.289222900392
759,ails2_etaMax0.010_stoppingTime432000.00,408627.0,26307.90422290039
760,ails2_etaMax1.000_stoppingTime86400.00,409906.0,26351.74122290039
761,ails2_etaMax1.000_stoppingTime86400.00,409903.0,26352.06922290039
762,ails2_etaMax0.010_stoppingTime432000.00,408626.0,26478.12322290039
763,ails2_etaMax0.010_stoppingTime432000.00,408623.0,26478.33522290039
764,ails2_etaMax0.010_stoppingTime432000.00,408621.0,26721.988222900392
765,ails2_etaMax0.010_stoppingTime432000.00,408620.0,26777.06222290039
766,ails2_etaMax0.010_stoppingTime432000.00,408617.0,26784.52022290039
767,ails2_eoh_omega2,408707.0,27019.361222900392
768,ails2_etaMax1.000_stoppingTime86400.00,409889.0,27064.80222290039
769,ails2_eoh_omega2,408696.0,27056.85922290039
770,ails2_etaMax1.000_stoppingTime86400.00,409842.0,27104.18922290039
771,ails2_etaMax1.000_stoppingTime86400.00,409698.0,27135.08222290039
772,ails2_etaMax1.000_stoppingTime86400.00,409663.0,27242.47622290039
773,ails2_etaMax1.000_stoppingTime86400.00,409604.0,27248.879222900392
774,ails2_etaMax1.000_stoppingTime864000.00,412166.0,27372.23022290039
775,ails2_etaMax1.000_stoppingTime864000.00,412160.0,27372.33322290039
776,ails2_etaMax0.010_stoppingTime432000.00,408616.0,27606.20622290039
777,ails2_etaMax0.010_stoppingTime432000.00,408615.0,27818.11922290039
778,ails2_etaMax0.010_stoppingTime432000.00,408603.0,27866.023222900392
779,ails2_etaMax0.010_stoppingTime432000.00,408600.0,27907.57422290039
780,ails2_etaMax1.000_stoppingTime86400.00,409598.0,28155.48422290039
781,ails2_etaMax1.000_stoppingTime864000.00,412156.0,28497.78622290039
782,ails2_etaMax1.000_stoppingTime864000.00,412090.0,28498.326222900392
783,ails2_etaMax1.000_stoppingTime1728000.00,412331.0,28894.13422290039
784,ails2_eoh_omega2,408695.0,28917.15122290039
785,ails2_etaMax1.000_stoppingTime1728000.00,412293.0,28894.35122290039
786,ails2_etaMax1.000_stoppingTime86400.00,409580.0,29064.83222290039
787,ails2_etaMax1.000_stoppingTime86400.00,409575.0,29064.90122290039
788,ails2_etaMax0.010_stoppingTime432000.00,408599.0,29460.23422290039
789,ails2_etaMax1.000_stoppingTime1728000.00,412260.0,29512.96422290039
790,ails2_etaMax0.010_stoppingTime432000.00,408598.0,29460.933222900392
791,ails2_etaMax1.000_stoppingTime1728000.00,412180.0,29513.20822290039
792,ails2_etaMax1.000_stoppingTime432000.00,411978.0,29608.82822290039
793,ails2_etaMax1.000_stoppingTime86400.00,409562.0,29751.54922290039
794,ails2_eoh_omega2,408694.0,29802.92822290039
795,ails2_etaMax1.000_stoppingTime86400.00,409543.0,29751.64222290039
796,ails2_eoh_omega2,408690.0,29860.92722290039
797,ails2_etaMax1.000_stoppingTime86400.00,409527.0,29899.78422290039
798,ails2_eoh_omega2,408675.0,29910.41122290039
799,ails2_etaMax1.000_stoppingTime86400.00,409470.0,29902.13622290039
800,ails2_eoh_omega2,408674.0,30175.41022290039
801,ails2_eoh_omega2,408673.0,30175.63622290039
802,ails2_eoh_omega2,408663.0,30280.772222900392
803,ails2_etaMax1.000_stoppingTime86400.00,409460.0,30368.83222290039
804,ails2_etaMax1.000_stoppingTime86400.00,409429.0,30369.23122290039
805,ails2_etaMax1.000_stoppingTime86400.00,409410.0,30462.49622290039
806,ails2_etaMax1.000_stoppingTime432000.00,411942.0,30522.41322290039
807,ails2_eoh_omega2,408662.0,30547.826222900392
808,ails2_etaMax1.000_stoppingTime432000.00,411857.0,30525.10722290039
809,ails2_eoh_omega2,408655.0,30599.72322290039
810,ails2_eoh_omega2,408649.0,30614.95622290039
811,ails2_etaMax1.000_stoppingTime86400.00,409401.0,30673.46222290039
812,ails2_etaMax1.000_stoppingTime86400.00,409325.0,30713.49922290039
813,ails2_etaMax1.000_stoppingTime86400.00,409307.0,30978.24922290039
814,ails2_etaMax1.000_stoppingTime86400.00,409295.0,31252.23522290039
815,ails2_etaMax1.000_stoppingTime86400.00,409256.0,31304.22822290039
816,ails2_etaMax1.000_stoppingTime86400.00,409253.0,31596.65222290039
817,ails2_etaMax1.000_stoppingTime86400.00,409173.0,31598.13722290039
818,ails2_etaMax0.010_stoppingTime432000.00,408597.0,31869.69622290039
819,ails2_etaMax0.010_stoppingTime432000.00,408596.0,31872.59622290039
820,ails2_etaMax0.010_stoppingTime432000.00,408595.0,32156.773222900392
821,ails2_etaMax0.010_stoppingTime432000.00,408586.0,32198.272222900392
822,ails2_etaMax0.010_stoppingTime432000.00,408579.0,32241.898222900392
823,ails2_etaMax1.000_stoppingTime86400.00,409157.0,32514.22122290039
824,ails2_etaMax1.000_stoppingTime86400.00,409107.0,32516.719222900392
825,ails2_etaMax1.000_stoppingTime86400.00,409081.0,32651.12422290039
826,ails2_etaMax1.000_stoppingTime86400.00,409019.0,32654.02422290039
827,ails2_eoh_omega2,408647.0,32792.04422290039
828,ails2_eoh_omega2,408641.0,32795.67522290039
829,ails2_eoh_omega2,408640.0,32913.06322290039
830,ails2_eoh_omega2,408634.0,32946.282222900394
831,ails2_eoh_omega2,408633.0,33068.79322290039
832,ails2_eoh_omega2,408625.0,33087.65022290039
833,ails2_etaMax1.000_stoppingTime86400.00,409015.0,33915.030222900394
834,ails2_etaMax0.010_stoppingTime432000.00,408578.0,34205.34522290039
835,ails2_etaMax0.010_stoppingTime432000.00,408576.0,34205.73622290039
836,ails2_etaMax0.010_stoppingTime432000.00,408567.0,34324.21522290039
837,ails2_etaMax0.010_stoppingTime432000.00,408560.0,34347.33122290039
838,ails2_etaMax1.000_stoppingTime86400.00,409014.0,34769.996222900394
839,ails2_etaMax1.000_stoppingTime86400.00,408998.0,34791.76822290039
840,ails2_etaMax0.010_stoppingTime432000.00,408559.0,35095.79722290039
841,ails2_etaMax0.010_stoppingTime432000.00,408558.0,35203.05322290039
842,ails2_etaMax0.010_stoppingTime432000.00,408553.0,35208.14222290039
843,ails2_etaMax0.020_stoppingTime86400.00,408465.0,35479.18022290039
844,ails2_etaMax1.000_stoppingTime86400.00,408997.0,35573.07822290039
845,ails2_etaMax0.020_stoppingTime86400.00,408461.0,35612.99822290039
846,ails2_etaMax1.000_stoppingTime86400.00,408887.0,35613.25022290039
847,ails2_etaMax0.020_stoppingTime86400.00,408457.0,35617.00822290039
848,ails2_etaMax0.020_stoppingTime86400.00,408455.0,35736.76222290039
849,ails2_etaMax0.020_stoppingTime86400.00,408438.0,35792.13222290039
850,ails2_etaMax0.010_stoppingTime432000.00,408549.0,35847.94822290039
851,ails2_etaMax0.010_stoppingTime432000.00,408547.0,35849.54122290039
852,ails2_etaMax0.010_stoppingTime432000.00,408545.0,35957.02422290039
853,ails2_etaMax0.010_stoppingTime432000.00,408538.0,35997.55822290039
854,ails2_etaMax1.000_stoppingTime432000.00,411845.0,36863.34022290039
855,ails2_etaMax1.000_stoppingTime432000.00,411722.0,36863.39322290039
856,ails2_etaMax1.000_stoppingTime86400.00,408886.0,37094.11122290039
857,ails2_etaMax0.010_stoppingTime432000.00,408537.0,37113.96522290039
858,ails2_etaMax1.000_stoppingTime86400.00,408786.0,37096.84322290039
859,ails2_etaMax0.010_stoppingTime432000.00,408536.0,37379.29422290039
860,ails2_etaMax0.010_stoppingTime432000.00,408532.0,37379.77822290039
861,ails2_etaMax0.010_stoppingTime432000.00,408531.0,37831.52222290039
862,ails2_etaMax1.000_stoppingTime86400.00,408775.0,38064.16722290039
863,ails2_etaMax1.000_stoppingTime86400.00,408731.0,38074.27622290039
864,ails2_etaMax1.000_stoppingTime86400.00,408726.0,38246.84522290039
865,ails2_etaMax1.000_stoppingTime86400.00,408708.0,38248.28822290039
866,ails2_etaMax1.000_stoppingTime86400.00,408705.0,38375.42322290039
867,ails2_etaMax1.000_stoppingTime86400.00,408692.0,38418.92622290039
868,ails2_etaMax0.020_stoppingTime86400.00,408436.0,38811.46222290039
869,ails2_etaMax1.000_stoppingTime86400.00,408681.0,38822.71922290039
870,ails2_etaMax0.020_stoppingTime86400.00,408409.0,38831.066222900394
871,ails2_etaMax0.020_stoppingTime86400.00,408408.0,39548.17322290039
872,ails2_etaMax0.020_stoppingTime86400.00,408388.0,39590.58722290039
873,ails2_etaMax1.000_stoppingTime86400.00,408679.0,40196.35622290039
874,ails2_etaMax0.010_stoppingTime432000.00,408529.0,40196.93422290039
875,ails2_etaMax1.000_stoppingTime86400.00,408664.0,40197.02822290039
876,ails2_etaMax0.010_stoppingTime432000.00,408525.0,40197.19722290039
877,ails2_etaMax1.000_stoppingTime86400.00,408657.0,40326.18822290039
878,HGS-TV,408359.0,40454.154906988144
879,ails2_etaMax1.000_stoppingTime86400.00,408656.0,40485.36222290039
880,ails2_etaMax1.000_stoppingTime86400.00,408503.0,40518.26722290039
881,ails2_etaMax0.010_stoppingTime432000.00,408523.0,41022.84422290039
882,ails2_etaMax0.010_stoppingTime432000.00,408522.0,41023.49522290039
883,ails2_etaMax0.010_stoppingTime432000.00,408520.0,41159.97022290039
884,ails2_eoh_acc,408387.0,41674.23022290039
885,ails2_eoh_acc,408384.0,41676.87022290039
886,ails2_etaMax1.000_stoppingTime86400.00,408499.0,42301.155222900394
887,ails2_etaMax1.000_stoppingTime86400.00,408437.0,42360.18422290039
888,ails2_eoh_acc,408381.0,42600.20422290039
889,ails2_eoh_acc,408380.0,42712.16322290039
890,ails2_eoh_acc,408374.0,42717.04522290039
891,ails2_etaMax1.000_stoppingTime86400.00,408430.0,43164.441222900394
892,ails2_etaMax1.000_stoppingTime86400.00,408429.0,43165.09422290039
893,ails2_etaMax1.000_stoppingTime86400.00,408425.0,43254.85022290039
894,ails2_eoh_acc_large,408356.0,43514.93022290039
895,HGS-TV,408355.0,43521.194065093994
896,ails2_eoh_acc_large,408355.0,43584.04522290039
897,ails2_etaMax0.010_stoppingTime432000.00,408519.0,43643.38322290039
898,ails2_eoh_acc_large,408352.0,43642.15622290039
899,ails2_etaMax1.000_stoppingTime86400.00,408422.0,43670.155222900394
900,ails2_etaMax0.010_stoppingTime432000.00,408515.0,43659.53422290039
901,ails2_eoh_acc_large,408351.0,43654.89222290039
902,ails2_etaMax1.000_stoppingTime86400.00,408411.0,43712.48422290039
903,ails2_etaMax0.010_stoppingTime432000.00,408513.0,43776.09722290039
904,ails2_etaMax1.000_stoppingTime86400.00,408396.0,43791.30222290039
905,ails2_etaMax0.010_stoppingTime432000.00,408512.0,43835.98122290039
906,ails2_etaMax1.000_stoppingTime86400.00,408387.0,43794.07322290039
907,ails2_etaMax0.010_stoppingTime432000.00,408511.0,43923.31022290039
908,ails2_etaMax1.000_stoppingTime86400.00,408386.0,43924.61622290039
909,ails2_eoh_acc_large,408350.0,44063.30222290039
910,ails2_eoh_acc_large,408340.0,44098.49722290039
911,HGS-TV,408354.0,44158.88150763512
912,HGS-TV,408353.0,44239.72183704376
913,ails2_etaMax0.005_stoppingTime86400.00,408358.0,44288.52222290039
914,ails2_etaMax1.000_stoppingTime86400.00,408380.0,44373.63522290039
915,ails2_etaMax0.005_stoppingTime86400.00,408357.0,44425.70722290039
916,ails2_etaMax0.020_stoppingTime86400.00,408358.0,44426.68522290039
917,ails2_etaMax1.000_stoppingTime86400.00,408361.0,44399.44722290039
918,ails2_etaMax0.020_stoppingTime86400.00,408345.0,44471.21122290039
919,ails2_etaMax0.005_stoppingTime86400.00,408356.0,44491.77222290039
920,ails2_etaMax0.020_stoppingTime86400.00,408340.0,44544.81922290039
921,ails2_etaMax0.005_stoppingTime86400.00,408351.0,44500.24022290039
922,ails2_eoh_acc_large,408339.0,44656.479222900394
923,ails2_etaMax1.000_stoppingTime86400.00,408356.0,44714.98922290039
924,ails2_eoh_acc_large,408336.0,44678.09722290039
925,ails2_etaMax0.005_stoppingTime86400.00,408350.0,44755.29322290039
926,ails2_etaMax1.000_stoppingTime86400.00,408346.0,44715.43522290039
927,ails2_etaMax0.005_stoppingTime86400.00,408341.0,44774.03622290039
928,ails2_etaMax1.000_stoppingTime86400.00,408340.0,44884.17722290039
929,ails2_etaMax1.000_stoppingTime432000.00,411704.0,44936.84522290039
930,ails2_etaMax1.000_stoppingTime86400.00,408299.0,44911.75722290039
931,ails2_etaMax0.005_stoppingTime86400.00,408340.0,44971.42322290039
932,ails2_etaMax0.005_stoppingTime86400.00,408339.0,44971.835222900394
933,ails2_etaMax0.010_stoppingTime432000.00,408510.0,45212.26122290039
934,ails2_etaMax0.005_stoppingTime86400.00,408338.0,45243.62522290039
935,ails2_etaMax0.010_stoppingTime432000.00,408505.0,45220.45022290039
936,ails2_etaMax0.005_stoppingTime86400.00,408332.0,45244.71822290039
937,ails2_eoh_acc_large,408334.0,45625.25722290039
938,ails2_eoh_acc_large,408322.0,45648.95822290039
939,ails2_eoh_acc_large,408319.0,45773.05522290039
940,ails2_etaMax1.000_stoppingTime432000.00,411703.0,45814.95922290039
941,ails2_eoh_acc_large,408312.0,45810.88622290039
942,ails2_etaMax1.000_stoppingTime432000.00,411689.0,45815.03622290039
943,ails2_etaMax1.000_stoppingTime432000.00,411556.0,45916.37822290039
944,ails2_etaMax0.005_stoppingTime86400.00,408331.0,45959.65122290039
945,ails2_etaMax0.005_stoppingTime86400.00,408329.0,45961.68722290039
946,ails2_etaMax0.010_stoppingTime432000.00,408503.0,46101.36122290039
947,ails2_etaMax0.010_stoppingTime432000.00,408498.0,46111.06922290039
948,HGS-TV,408351.0,46174.3780875206
949,ails2_etaMax1.000_stoppingTime86400.00,408298.0,46395.41722290039
950,ails2_etaMax1.000_stoppingTime86400.00,408262.0,46399.25922290039
951,HGS-TV,408348.0,46498.478058576584
952,ails2_etaMax1.000_stoppingTime86400.00,408261.0,46564.655222900394
953,ails2_etaMax1.000_stoppingTime86400.00,408253.0,46571.43722290039
954,HGS-TV,408347.0,46742.85064649582
955,ails2_eoh_acc_large,408128.0,46881.12822290039
956,ails2_eoh_acc_large,408090.0,46938.36422290039
957,ails2_eoh_acc_large,408076.0,46985.02722290039
958,ails2_eoh_acc,408249.0,47008.76922290039
959,ails2_eoh_acc_large,408069.0,47023.78322290039
960,ails2_eoh_acc,408210.0,47051.04522290039
961,ails2_eoh_acc_large,408063.0,47119.62322290039
962,ails2_eoh_acc,408198.0,47114.530222900394
963,ails2_etaMax1.000_stoppingTime86400.00,408249.0,47173.89522290039
964,ails2_eoh_acc,408189.0,47163.97122290039
965,ails2_eoh_acc_large,408062.0,47231.97622290039
966,ails2_etaMax1.000_stoppingTime86400.00,408243.0,47173.93322290039
967,ails2_eoh_acc,408178.0,47251.68822290039
968,ails2_eoh_acc_large,408056.0,47283.09322290039
969,ails2_eoh_acc,408170.0,47287.12822290039
970,ails2_etaMax1.000_stoppingTime86400.00,408229.0,47337.66422290039
971,ails2_eoh_acc_large,408047.0,47344.18722290039
972,ails2_eoh_acc,408156.0,47351.81422290039
973,ails2_etaMax1.000_stoppingTime86400.00,408204.0,47350.43022290039
974,ails2_eoh_acc_large,408031.0,47411.40822290039
975,ails2_eoh_acc,408148.0,47430.62922290039
976,ails2_etaMax1.000_stoppingTime86400.00,408201.0,47472.14422290039
977,ails2_eoh_acc_large,408030.0,47421.33222290039
978,ails2_eoh_acc,408146.0,47483.34222290039
979,ails2_etaMax1.000_stoppingTime86400.00,408191.0,47516.19022290039
980,ails2_eoh_acc_large,408029.0,47541.59122290039
981,ails2_eoh_acc,408140.0,47500.66222290039
982,ails2_eoh_acc_large,408026.0,47569.316222900394
983,ails2_eoh_acc_large,408023.0,47655.56422290039
984,ails2_etaMax1.000_stoppingTime864000.00,412082.0,47670.41322290039
985,ails2_eoh_acc_large,408017.0,47720.54022290039
986,ails2_etaMax1.000_stoppingTime864000.00,412031.0,47671.73622290039
987,ails2_eoh_acc_large,408016.0,47815.69422290039
988,ails2_eoh_acc_large,408015.0,47877.05022290039
989,ails2_etaMax1.000_stoppingTime86400.00,408188.0,47949.871222900394
990,ails2_etaMax1.000_stoppingTime86400.00,408185.0,47950.157222900394
991,ails2_eoh_acc_large,408014.0,48014.24322290039
992,ails2_eoh_acc,408139.0,48040.61222290039
993,ails2_eoh_acc_large,408013.0,48022.37422290039
994,ails2_eoh_acc,408121.0,48096.02522290039
995,ails2_eoh_acc_large,408006.0,48091.888222900394
996,ails2_etaMax0.005_stoppingTime86400.00,408252.0,48166.21822290039
997,ails2_eoh_acc,408120.0,48202.51022290039
998,ails2_etaMax0.005_stoppingTime86400.00,408246.0,48193.23122290039
999,ails2_eoh_acc,408119.0,48220.57222290039
1000,ails2_eoh_acc,408118.0,48290.77422290039
1001,ails2_etaMax0.005_stoppingTime86400.00,408244.0,48336.65922290039
1002,ails2_eoh_acc,408107.0,48381.88322290039
1003,ails2_etaMax0.005_stoppingTime86400.00,408240.0,48392.84122290039
1004,ails2_eoh_acc,408105.0,48397.83722290039
1005,ails2_etaMax0.005_stoppingTime86400.00,408231.0,48424.72122290039
1006,ails2_eoh_acc,408103.0,48470.32722290039
1007,ails2_etaMax0.005_stoppingTime86400.00,408230.0,48563.26222290039
1008,ails2_eoh_acc,408101.0,48546.86322290039
1009,ails2_etaMax0.005_stoppingTime86400.00,408224.0,48571.246222900394
1010,ails2_eoh_acc,408095.0,48612.13222290039
1011,ails2_eoh_acc_large,408004.0,48641.98422290039
1012,ails2_eoh_acc_large,408003.0,48646.58222290039
1013,ails2_eoh_acc,408094.0,48761.34122290039
1014,ails2_eoh_acc,408093.0,48761.89122290039
1015,ails2_eoh_acc_large,408002.0,48867.47622290039
1016,ails2_eoh_acc,408092.0,48916.477222900394
1017,ails2_eoh_acc_large,407996.0,48874.48522290039
1018,ails2_etaMax0.005_stoppingTime86400.00,408223.0,48995.58322290039
1019,ails2_eoh_acc,408091.0,49005.89822290039
1020,ails2_eoh_acc,408090.0,49013.03622290039
1021,ails2_eoh_acc,408089.0,49238.92622290039
1022,ails2_etaMax0.005_stoppingTime86400.00,408222.0,49294.20422290039
1023,ails2_eoh_acc,408084.0,49277.09522290039
1024,ails2_etaMax0.005_stoppingTime86400.00,408212.0,49303.24022290039
1025,ails2_eoh_acc,408080.0,49396.85322290039
1026,ails2_etaMax0.010_stoppingTime432000.00,408497.0,49403.45722290039
1027,ails2_etaMax0.005_stoppingTime86400.00,408203.0,49396.835222900394
1028,ails2_eoh_acc,408079.0,49428.74722290039
1029,ails2_etaMax0.010_stoppingTime432000.00,408492.0,49404.55922290039
1030,ails2_etaMax0.005_stoppingTime86400.00,408202.0,49479.77722290039
1031,ails2_eoh_acc,408077.0,49525.12922290039
1032,ails2_etaMax0.005_stoppingTime86400.00,408197.0,49513.11622290039
1033,ails2_etaMax0.005_stoppingTime86400.00,408190.0,49581.782222900394
1034,ails2_eoh_acc_large,407994.0,49613.744222900394
1035,ails2_etaMax0.005_stoppingTime86400.00,408189.0,49696.11022290039
1036,ails2_etaMax0.005_stoppingTime86400.00,408188.0,49730.55622290039
1037,ails2_etaMax0.005_stoppingTime86400.00,408187.0,49795.95722290039
1038,ails2_eoh_acc,408076.0,49840.44722290039
1039,ails2_etaMax1.000_stoppingTime432000.00,411537.0,49856.63722290039
1040,ails2_etaMax0.005_stoppingTime86400.00,408185.0,49833.84822290039
1041,ails2_eoh_acc_large,407992.0,49899.96522290039
1042,ails2_etaMax1.000_stoppingTime432000.00,411390.0,49857.64422290039
1043,ails2_etaMax0.005_stoppingTime86400.00,408184.0,49972.17022290039
1044,ails2_eoh_acc,408075.0,50018.21722290039
1045,ails2_etaMax0.005_stoppingTime86400.00,408183.0,49988.49522290039
1046,ails2_etaMax1.000_stoppingTime86400.00,408181.0,50057.513222900394
1047,ails2_etaMax1.000_stoppingTime86400.00,408155.0,50085.46722290039
1048,ails2_eoh_acc,408069.0,50307.01722290039
1049,ails2_eoh_acc,408066.0,50400.94722290039
1050,ails2_etaMax0.010_stoppingTime432000.00,408490.0,50948.07222290039
1051,ails2_etaMax0.010_stoppingTime432000.00,408485.0,50953.08722290039
1052,ails2_eoh_acc_large,407989.0,51162.51022290039
1053,ails2_etaMax1.000_stoppingTime86400.00,408152.0,51319.59622290039
1054,ails2_eoh_acc_large,407986.0,51372.78422290039
1055,ails2_etaMax1.000_stoppingTime1728000.00,412167.0,51402.18522290039
1056,ails2_etaMax1.000_stoppingTime86400.00,408149.0,51423.43522290039
1057,ails2_eoh_acc_large,407985.0,51389.79222290039
1058,ails2_etaMax1.000_stoppingTime1728000.00,412076.0,51402.54522290039
1059,ails2_etaMax1.000_stoppingTime86400.00,408138.0,51424.17322290039
1060,ails2_etaMax1.000_stoppingTime86400.00,408128.0,51606.21922290039
1061,ails2_etaMax1.000_stoppingTime86400.00,408127.0,51606.25622290039
1062,ails2_etaMax1.000_stoppingTime86400.00,408124.0,51975.566222900394
1063,ails2_etaMax1.000_stoppingTime86400.00,408122.0,51979.68022290039
1064,ails2_eoh_acc_large,407984.0,52407.96622290039
1065,ails2_eoh_acc_large,407983.0,52547.76022290039
1066,ails2_eoh_acc_large,407982.0,52573.763222900394
1067,ails2_eoh_omega2,408624.0,52767.34422290039
1068,ails2_eoh_acc_large,407978.0,52940.19822290039
1069,ails2_eoh_omega2,408623.0,52980.22022290039
1070,ails2_eoh_omega2,408619.0,52983.05122290039
1071,ails2_eoh_omega2,408615.0,53076.71122290039
1072,ails2_eoh_omega2,408613.0,53153.90622290039
1073,ails2_eoh_omega2,408610.0,53175.00422290039
1074,ails2_eoh_omega2,408609.0,53346.40622290039
1075,ails2_eoh_omega2,408608.0,53388.73822290039
1076,ails2_etaMax1.000_stoppingTime86400.00,408121.0,53530.63522290039
1077,ails2_etaMax1.000_stoppingTime86400.00,408119.0,53530.83922290039
1078,ails2_etaMax1.000_stoppingTime86400.00,408113.0,53730.91822290039
1079,ails2_etaMax1.000_stoppingTime86400.00,408100.0,53789.27222290039
1080,HGS-TV,407991.0,53820.35855841637
1081,ails2_etaMax1.000_stoppingTime86400.00,408089.0,53799.50522290039
1082,ails2_eoh_omega2,408605.0,54091.13122290039
1083,ails2_eoh_omega2,408595.0,54146.98822290039
1084,ails2_etaMax1.000_stoppingTime86400.00,408088.0,54230.15422290039
1085,ails2_etaMax1.000_stoppingTime86400.00,408073.0,54248.34222290039
1086,ails2_etaMax1.000_stoppingTime86400.00,408070.0,54375.90122290039
1087,ails2_etaMax1.000_stoppingTime86400.00,408069.0,54383.12022290039
1088,ails2_eoh_acc_large,407975.0,54493.32322290039
1089,ails2_eoh_acc_large,407971.0,54548.68122290039
1090,ails2_etaMax1.000_stoppingTime86400.00,408067.0,54672.87622290039
1091,ails2_etaMax1.000_stoppingTime86400.00,408061.0,54673.86622290039
1092,ails2_eoh_acc_large,407969.0,54789.59722290039
1093,ails2_etaMax1.000_stoppingTime86400.00,408044.0,54788.13122290039
1094,ails2_etaMax1.000_stoppingTime432000.00,411376.0,55035.246222900394
1095,ails2_etaMax1.000_stoppingTime86400.00,408041.0,55095.39122290039
1096,ails2_etaMax1.000_stoppingTime432000.00,411183.0,55041.10922290039
1097,ails2_etaMax1.000_stoppingTime86400.00,408019.0,55151.89922290039
1098,ails2_etaMax1.000_stoppingTime86400.00,407983.0,55194.566222900394
1099,ails2_etaMax1.000_stoppingTime86400.00,407982.0,55632.157222900394
1100,ails2_etaMax1.000_stoppingTime86400.00,407963.0,55634.23422290039
1101,ails2_eoh_omega2,408594.0,55885.51222290039
1102,ails2_eoh_omega2,408588.0,55887.12722290039
1103,ails2_etaMax1.000_stoppingTime86400.00,407962.0,56232.56322290039
1104,ails2_etaMax1.000_stoppingTime86400.00,407960.0,56354.02722290039
1105,ails2_etaMax1.000_stoppingTime86400.00,407945.0,56355.03522290039
1106,ails2_etaMax1.000_stoppingTime86400.00,407943.0,56581.71422290039
1107,ails2_etaMax1.000_stoppingTime86400.00,407927.0,56583.30822290039
1108,ails2_eoh_acc_large,407968.0,57038.49222290039
1109,ails2_etaMax0.010_stoppingTime432000.00,408484.0,57084.299222900394
1110,ails2_eoh_acc_large,407967.0,57052.50222290039
1111,ails2_etaMax0.010_stoppingTime432000.00,408483.0,57084.58222290039
1112,ails2_eoh_acc_large,407964.0,57173.15422290039
1113,ails2_eoh_acc_large,407951.0,57192.43922290039
1114,ails2_eoh_acc_large,407949.0,57241.69822290039
1115,ails2_eoh_acc_large,407948.0,57342.50222290039
1116,ails2_etaMax0.010_stoppingTime432000.00,408481.0,57406.22222290039
1117,ails2_etaMax0.010_stoppingTime432000.00,408478.0,57444.01122290039
1118,ails2_eoh_omega2,408587.0,57470.73922290039
1119,ails2_eoh_omega2,408586.0,57475.23022290039
1120,ails2_etaMax1.000_stoppingTime86400.00,407925.0,57810.905222900394
1121,ails2_etaMax1.000_stoppingTime86400.00,407924.0,57810.943222900394
1122,ails2_etaMax1.000_stoppingTime864000.00,411997.0,57894.68522290039
1123,ails2_etaMax1.000_stoppingTime86400.00,407922.0,58029.782222900394
1124,ails2_etaMax1.000_stoppingTime86400.00,407905.0,58062.87722290039
1125,ails2_eoh_omega2,408585.0,58582.08022290039
1126,ails2_eoh_acc,407925.0,58610.10922290039
1127,ails2_eoh_omega2,408582.0,58583.354222900394
1128,ails2_eoh_acc,407924.0,58662.70522290039
1129,ails2_eoh_omega2,408581.0,58742.99122290039
1130,ails2_eoh_acc,407922.0,58778.48022290039
1131,ails2_eoh_omega2,408576.0,58749.08622290039
1132,ails2_eoh_acc,407921.0,58818.92622290039
1133,ails2_etaMax1.000_stoppingTime86400.00,407902.0,58860.58122290039
1134,ails2_eoh_omega2,408574.0,58831.92522290039
1135,ails2_etaMax1.000_stoppingTime86400.00,407900.0,58862.00222290039
1136,HGS-TV,407914.0,58995.99247908592
1137,ails2_eoh_omega2,408573.0,59326.03122290039
1138,ails2_eoh_omega2,408566.0,59334.51922290039
1139,ails2_etaMax1.000_stoppingTime86400.00,407899.0,59703.42322290039
1140,ails2_etaMax1.000_stoppingTime86400.00,407896.0,59703.44922290039
1141,ails2_etaMax0.010_stoppingTime432000.00,408477.0,60087.36822290039
1142,ails2_etaMax1.000_stoppingTime432000.00,411172.0,60154.38022290039
1143,ails2_etaMax1.000_stoppingTime432000.00,411090.0,60158.14422290039
1144,ails2_eoh_acc,407920.0,60233.30222290039
1145,ails2_etaMax1.000_stoppingTime86400.00,407895.0,60538.40622290039
1146,ails2_etaMax1.000_stoppingTime86400.00,407893.0,60539.299222900394
1147,HGS-TV,407912.0,60814.96404719353
1148,ails2_eoh_acc,407919.0,61197.73022290039
1149,ails2_eoh_omega2,408564.0,61211.92022290039
1150,ails2_eoh_omega2,408562.0,61224.90922290039
1151,ails2_etaMax0.005_stoppingTime86400.00,407891.0,61299.29622290039
1152,ails2_eoh_acc_large,407891.0,61361.14222290039
1153,ails2_etaMax0.005_stoppingTime86400.00,407890.0,61365.44422290039
1154,ails2_eoh_omega2,408561.0,61382.91122290039
1155,ails2_eoh_acc_large,407889.0,61367.69422290039
1156,ails2_etaMax0.005_stoppingTime86400.00,407886.0,61404.31222290039
1157,ails2_eoh_acc_large,407888.0,61504.21722290039
1158,ails2_eoh_acc_large,407883.0,61586.229222900394
1159,ails2_eoh_omega2,408558.0,61592.66322290039
1160,ails2_eoh_acc_large,407881.0,61591.08722290039
1161,ails2_etaMax0.005_stoppingTime86400.00,407885.0,61839.727222900394
1162,ails2_eoh_acc_large,407877.0,61866.49522290039
1163,ails2_etaMax0.005_stoppingTime86400.00,407873.0,61898.57022290039
1164,ails2_etaMax0.010_stoppingTime432000.00,408476.0,61905.59722290039
1165,ails2_eoh_acc_large,407876.0,61941.93422290039
1166,ails2_etaMax0.005_stoppingTime86400.00,407872.0,61930.79722290039
1167,ails2_eoh_acc,407892.0,62022.36222290039
1168,ails2_etaMax0.010_stoppingTime432000.00,408475.0,62034.17722290039
1169,ails2_eoh_acc,407885.0,62023.56922290039
1170,ails2_etaMax0.010_stoppingTime432000.00,408472.0,62035.59722290039
1171,ails2_eoh_acc,407879.0,62250.746222900394
1172,ails2_eoh_acc,407878.0,62253.04622290039
1173,ails2_etaMax1.000_stoppingTime432000.00,411065.0,62351.77122290039
1174,ails2_etaMax0.005_stoppingTime86400.00,407871.0,62391.82122290039
1175,ails2_etaMax1.000_stoppingTime432000.00,410944.0,62352.16922290039
1176,ails2_etaMax0.005_stoppingTime86400.00,407870.0,62394.013222900394
1177,ails2_eoh_acc,407876.0,62520.03122290039
1178,ails2_etaMax0.010_stoppingTime432000.00,408471.0,62572.69822290039
1179,ails2_eoh_acc,407875.0,62602.27522290039
1180,ails2_etaMax0.010_stoppingTime432000.00,408467.0,62587.98522290039
1181,ails2_etaMax0.005_stoppingTime86400.00,407869.0,62807.96522290039
1182,ails2_eoh_acc_large,407875.0,63126.03922290039
1183,ails2_etaMax0.010_stoppingTime432000.00,408466.0,63477.87322290039
1184,ails2_etaMax1.000_stoppingTime86400.00,407891.0,63491.31022290039
1185,ails2_etaMax0.010_stoppingTime432000.00,408465.0,63481.57522290039
1186,ails2_eoh_omega2,408557.0,63582.85022290039
1187,ails2_eoh_omega2,408556.0,63616.15822290039
1188,ails2_etaMax1.000_stoppingTime86400.00,407890.0,63678.14222290039
1189,ails2_eoh_omega2,408550.0,63683.72222290039
1190,ails2_etaMax1.000_stoppingTime86400.00,407884.0,63682.53822290039
1191,ails2_eoh_omega2,408547.0,63789.74322290039
1192,ails2_eoh_omega2,408543.0,63791.53822290039
1193,ails2_eoh_acc,407873.0,64038.42322290039
1194,ails2_eoh_acc,407872.0,64052.74722290039
1195,ails2_etaMax0.005_stoppingTime86400.00,407868.0,64130.48522290039
1196,ails2_etaMax0.005_stoppingTime86400.00,407865.0,64155.14422290039
1197,ails2_etaMax1.000_stoppingTime86400.00,407883.0,64244.70422290039
1198,ails2_etaMax1.000_stoppingTime86400.00,407882.0,64411.638222900394
1199,ails2_etaMax1.000_stoppingTime86400.00,407878.0,64448.74322290039
1200,ails2_eoh_omega2,408540.0,64485.25522290039
1201,ails2_eoh_omega2,408539.0,64497.84622290039
1202,filo2,407864.0,64884.66953635216
1203,ails2_eoh_acc_large,407863.0,64882.80422290039
1204,ails2_eoh_acc_large,407862.0,64937.41322290039
1205,ails2_etaMax1.000_stoppingTime86400.00,407875.0,64955.91022290039
1206,ails2_etaMax1.000_stoppingTime86400.00,407872.0,64957.28622290039
1207,ails2_eoh_acc_large,407861.0,65023.68322290039
1208,ails2_eoh_acc_large,407860.0,65191.79222290039
1209,ails2_etaMax1.000_stoppingTime86400.00,407871.0,65501.89222290039
1210,ails2_etaMax1.000_stoppingTime86400.00,407866.0,65526.24322290039
1211,ails2_etaMax1.000_stoppingTime864000.00,411996.0,65604.98222290039
1212,ails2_etaMax1.000_stoppingTime86400.00,407865.0,65638.15222290039
1213,ails2_eoh_acc_large,407859.0,65665.2712229004
1214,ails2_etaMax1.000_stoppingTime864000.00,411852.0,65608.33322290039
1215,ails2_etaMax1.000_stoppingTime86400.00,407861.0,65638.32322290039
1216,ails2_eoh_acc_large,407858.0,65697.05222290038
1217,ails2_etaMax1.000_stoppingTime86400.00,407860.0,65794.71522290038
1218,ails2_etaMax1.000_stoppingTime86400.00,407857.0,65836.68922290039
1219,ails2_etaMax1.000_stoppingTime432000.00,410913.0,66029.55722290039
1220,ails2_etaMax1.000_stoppingTime86400.00,407856.0,66069.95122290039
1221,ails2_etaMax1.000_stoppingTime432000.00,410868.0,66033.30622290038
1222,ails2_etaMax1.000_stoppingTime86400.00,407854.0,66070.12222290039
1223,ails2_etaMax1.000_stoppingTime86400.00,407853.0,66711.22122290039
1224,ails2_etaMax1.000_stoppingTime86400.00,407850.0,66712.8312229004
1225,ails2_eoh_omega2,408538.0,67643.6192229004
1226,ails2_eoh_omega2,408535.0,67659.9942229004
1227,ails2_eoh_omega2,408524.0,67728.35922290038
1228,ails2_etaMax1.000_stoppingTime432000.00,410860.0,68135.90922290039
1229,ails2_etaMax1.000_stoppingTime432000.00,410811.0,68135.9422229004
1230,ails2_eoh_acc_large,407843.0,68448.38722290039
1231,ails2_eoh_acc_large,407838.0,68546.2902229004
1232,ails2_eoh_acc_large,407837.0,68562.86022290039
1233,ails2_eoh_acc_large,407835.0,68846.5172229004
1234,ails2_eoh_omega2,408523.0,69477.6762229004
1235,ails2_eoh_omega2,408521.0,69478.77422290039
1236,ails2_eoh_acc_large,407832.0,69747.9792229004
1237,ails2_etaMax0.010_stoppingTime432000.00,408463.0,69900.6272229004
1238,ails2_etaMax0.010_stoppingTime432000.00,408459.0,69912.41422290039
1239,ails2_etaMax1.000_stoppingTime432000.00,410808.0,70042.2032229004
1240,ails2_etaMax1.000_stoppingTime432000.00,410744.0,70042.52222290038
1241,ails2_etaMax0.010_stoppingTime432000.00,408456.0,70510.06422290039
1242,ails2_etaMax0.010_stoppingTime432000.00,408454.0,70510.3472229004
1243,ails2_eoh_omega2,408520.0,70693.00822290039
1244,ails2_etaMax0.010_stoppingTime432000.00,408453.0,70696.37422290038
1245,ails2_eoh_omega2,408516.0,70693.56022290039
1246,ails2_etaMax0.010_stoppingTime432000.00,408446.0,70755.77422290039
1247,ails2_eoh_omega2,408506.0,70763.31022290039
1248,ails2_eoh_acc_large,407829.0,70955.03422290039
1249,ails2_etaMax1.000_stoppingTime432000.00,410734.0,71667.9262229004
1250,ails2_etaMax1.000_stoppingTime432000.00,410730.0,71689.75322290038
1251,ails2_etaMax1.000_stoppingTime86400.00,407849.0,72638.33022290039
1252,ails2_etaMax1.000_stoppingTime86400.00,407848.0,72808.7222229004
1253,ails2_etaMax1.000_stoppingTime86400.00,407846.0,72810.03922290039
1254,ails2_etaMax1.000_stoppingTime864000.00,411851.0,72877.75422290039
1255,ails2_etaMax1.000_stoppingTime864000.00,411826.0,72878.33322290039
1256,ails2_etaMax1.000_stoppingTime86400.00,407845.0,73775.3662229004
1257,ails2_etaMax1.000_stoppingTime86400.00,407844.0,73923.69722290039
1258,ails2_etaMax1.000_stoppingTime86400.00,407842.0,73928.37222290039
1259,ails2_etaMax1.000_stoppingTime86400.00,407841.0,75625.99722290039
1260,ails2_etaMax1.000_stoppingTime432000.00,410704.0,76140.6842229004
1261,ails2_etaMax1.000_stoppingTime432000.00,410674.0,76140.7452229004
1262,ails2_etaMax1.000_stoppingTime86400.00,407840.0,76304.6842229004
1263,ails2_etaMax1.000_stoppingTime432000.00,410662.0,77269.06022290039
1264,ails2_etaMax1.000_stoppingTime432000.00,410647.0,77272.39822290039
1265,ails2_etaMax1.000_stoppingTime432000.00,410631.0,77574.5292229004
1266,ails2_etaMax1.000_stoppingTime432000.00,410514.0,77575.59122290039
1267,ails2_etaMax1.000_stoppingTime864000.00,411822.0,78320.69022290039
1268,ails2_etaMax1.000_stoppingTime864000.00,411788.0,78324.6612229004
1269,ails2_etaMax1.000_stoppingTime86400.00,407838.0,78416.06422290039
1270,ails2_eoh_omega2,408505.0,78827.3162229004
1271,ails2_eoh_omega2,408503.0,78870.14322290038
1272,ails2_eoh_omega2,408502.0,78898.71222290039
1273,ails2_eoh_omega2,408501.0,79093.83422290039
1274,ails2_eoh_omega2,408500.0,79093.92422290039
1275,ails2_etaMax0.010_stoppingTime432000.00,408445.0,79187.75822290039
1276,ails2_eoh_omega2,408493.0,79209.1152229004
1277,ails2_etaMax0.010_stoppingTime432000.00,408444.0,79272.65122290039
1278,ails2_etaMax0.010_stoppingTime432000.00,408440.0,79308.91622290039
1279,ails2_eoh_omega2,408492.0,79696.92822290039
1280,ails2_eoh_omega2,408491.0,79753.42722290038
1281,ails2_etaMax1.000_stoppingTime86400.00,407837.0,79768.98922290039
1282,ails2_eoh_omega2,408490.0,79883.6462229004
1283,ails2_eoh_omega2,408489.0,79979.1312229004
1284,ails2_eoh_omega2,408486.0,80107.7482229004
1285,ails2_etaMax0.010_stoppingTime432000.00,408439.0,80122.10322290039
1286,ails2_eoh_omega2,408484.0,80107.9262229004
1287,ails2_eoh_omega2,408483.0,80415.30622290038
1288,ails2_etaMax0.010_stoppingTime432000.00,408438.0,81205.04522290039
1289,ails2_etaMax0.010_stoppingTime432000.00,408437.0,81205.54222290039
1290,ails2_eoh_omega2,408479.0,81825.12122290039
1291,ails2_eoh_omega2,408458.0,81867.18322290039
1292,ails2_eoh_omega2,408441.0,81942.35522290038
1293,ails2_eoh_omega2,408439.0,82006.17022290039
1294,ails2_eoh_omega2,408432.0,82055.4452229004
1295,ails2_etaMax0.010_stoppingTime432000.00,408436.0,82121.94022290039
1296,ails2_eoh_omega2,408431.0,82088.7562229004
1297,ails2_etaMax0.010_stoppingTime432000.00,408434.0,82131.25522290039
1298,ails2_etaMax0.010_stoppingTime432000.00,408433.0,82250.16222290038
1299,ails2_etaMax0.010_stoppingTime432000.00,408428.0,82254.52422290039
1300,ails2_etaMax0.010_stoppingTime432000.00,408427.0,82364.1502229004
1301,ails2_etaMax0.010_stoppingTime432000.00,408426.0,82480.62122290039
1302,ails2_etaMax0.010_stoppingTime432000.00,408423.0,82481.40622290039
1303,HGS-TV,407829.0,82574.6601550579
1304,ails2_etaMax1.000_stoppingTime432000.00,410511.0,82615.6382229004
1305,HGS-TV,407829.0,82634.77878642082
1306,ails2_etaMax1.000_stoppingTime432000.00,410502.0,82616.1462229004
1307,ails2_eoh_omega2,408430.0,82679.2862229004
1308,HGS-TV,407829.0,82694.98310947418
1309,ails2_etaMax1.000_stoppingTime432000.00,410485.0,82739.23422290038
1310,ails2_eoh_omega2,408428.0,82680.02622290039
1311,HGS-TV,407829.0,82755.67501568794
1312,ails2_etaMax1.000_stoppingTime432000.00,410435.0,82756.6082229004
1313,HGS-TV,407829.0,82815.73783922195
1314,ails2_eoh_omega2,408427.0,82817.97722290039
1315,HGS-TV,407829.0,82876.19200515747
1316,ails2_eoh_omega2,408417.0,82858.6882229004
1317,ails2_eoh_omega2,408416.0,83074.61022290039
1318,HGS-TV,407829.0,83074.74125003815
1319,ails2_etaMax1.000_stoppingTime432000.00,410433.0,83082.51622290039
1320,ails2_eoh_omega2,408413.0,83087.7442229004
1321,ails2_etaMax1.000_stoppingTime432000.00,410256.0,83091.46322290039
1322,HGS-TV,407829.0,83154.65556240082
1323,HGS-TV,407829.0,83307.94712352753
1324,HGS-TV,407829.0,83876.13600540161
1325,HGS-TV,407829.0,83938.56607985497
1326,ails2_etaMax1.000_stoppingTime864000.00,411767.0,84058.5932229004
1327,ails2_etaMax1.000_stoppingTime864000.00,411756.0,84355.82122290038
1328,ails2_eoh_omega2,408397.0,84358.16222290038
1329,ails2_etaMax1.000_stoppingTime864000.00,411669.0,84361.7752229004
1330,ails2_eoh_omega2,408379.0,84385.50022290039
1331,HGS-TV,407829.0,84519.00034475327
1332,HGS-TV,407829.0,84579.4400601387
1333,ails2_etaMax1.000_stoppingTime864000.00,411620.0,84741.92022290039
1334,ails2_etaMax1.000_stoppingTime864000.00,411559.0,84755.25422290039
1335,HGS-TV,407829.0,84861.80432200432
1336,ails2_eoh_omega2,408378.0,84947.70922290039
1337,ails2_eoh_omega2,408375.0,84972.66622290039
1338,HGS-TV,407829.0,85499.44754815102
1339,HGS-TV,407829.0,85672.19337105751
1340,HGS-TV,407829.0,85868.24158358574
1341,HGS-TV,407829.0,86111.52653217316
1342,HGS-TV,407829.0,86186.60639858246
1343,HGS-TV,407829.0,86345.26607823372
1344,HGS-TV,407829.0,86882.52060317993
1345,HGS-TV,407829.0,87019.81678819656
1346,HGS-TV,407829.0,87080.86911797523
1347,HGS-TV,407829.0,87141.51080656052
1348,ails2_etaMax0.010_stoppingTime432000.00,408422.0,87397.63722290039
1349,ails2_etaMax0.010_stoppingTime432000.00,408418.0,87415.46622290039
1350,HGS-TV,407829.0,87564.0832438469
1351,ails2_etaMax1.000_stoppingTime864000.00,411554.0,87730.9382229004
1352,ails2_etaMax1.000_stoppingTime864000.00,411488.0,87731.06122290039
1353,HGS-TV,407829.0,87840.71058821678
1354,ails2_etaMax1.000_stoppingTime864000.00,411483.0,87927.5672229004
1355,ails2_etaMax1.000_stoppingTime864000.00,411451.0,87927.66622290039
1356,ails2_etaMax1.000_stoppingTime432000.00,410244.0,88373.4642229004
1357,ails2_etaMax1.000_stoppingTime432000.00,410240.0,88375.50122290039
1358,HGS-TV,407829.0,89262.00559568405
1359,HGS-TV,407829.0,89323.6093108654
1360,ails2_etaMax0.010_stoppingTime432000.00,408417.0,89960.1342229004
1361,ails2_etaMax0.010_stoppingTime432000.00,408415.0,89961.3662229004
1362,HGS-TV,407829.0,90549.20582842827
1363,HGS-TV,407829.0,91568.46547031403
1364,ails2_eoh_omega2,408374.0,91742.65622290039
1365,ails2_eoh_omega2,408372.0,91754.5402229004
1366,ails2_etaMax1.000_stoppingTime432000.00,410228.0,92357.5442229004
1367,ails2_etaMax1.000_stoppingTime432000.00,410119.0,92360.71322290039
1368,HGS-TV,407829.0,92675.38617372513
1369,ails2_etaMax1.000_stoppingTime1728000.00,412043.0,93405.4002229004
1370,ails2_etaMax1.000_stoppingTime1728000.00,412013.0,93405.4722229004
1371,ails2_etaMax0.010_stoppingTime432000.00,408413.0,93583.04122290039
1372,HGS-TV,407829.0,93700.47838139534
1373,HGS-TV,407829.0,93931.88493585587
1374,HGS-TV,407829.0,94288.3700375557
1375,HGS-TV,407829.0,94405.0478425026
1376,ails2_etaMax0.010_stoppingTime432000.00,408412.0,94581.7862229004
1377,ails2_etaMax0.010_stoppingTime432000.00,408411.0,94583.1312229004
1378,ails2_etaMax0.010_stoppingTime432000.00,408409.0,94802.31522290039
1379,ails2_etaMax0.010_stoppingTime432000.00,408407.0,94808.85622290039
1380,ails2_etaMax0.010_stoppingTime432000.00,408406.0,94917.69022290039
1381,ails2_etaMax1.000_stoppingTime864000.00,411439.0,95023.84822290039
1382,ails2_etaMax1.000_stoppingTime864000.00,411435.0,95457.44622290038
1383,ails2_etaMax1.000_stoppingTime864000.00,411387.0,95457.8882229004
1384,ails2_etaMax0.010_stoppingTime432000.00,408405.0,95574.2942229004
1385,ails2_etaMax0.010_stoppingTime432000.00,408397.0,95592.5212229004
1386,HGS-TV,407829.0,95980.7486333847
1387,ails2_etaMax1.000_stoppingTime864000.00,411338.0,96732.5552229004
1388,HGS-TV,407829.0,97081.98861122131
1389,ails2_eoh_omega2,408370.0,97082.1232229004
1390,ails2_eoh_omega2,408369.0,97082.9452229004
1391,ails2_eoh_omega2,408368.0,97894.07122290038
1392,HGS-TV,407829.0,97947.88119077682
1393,ails2_eoh_omega2,408364.0,97895.31922290039
1394,ails2_etaMax0.010_stoppingTime432000.00,408396.0,98144.4902229004
1395,ails2_eoh_omega2,408360.0,98169.78522290039
1396,HGS-TV,407829.0,98263.72203469276
1397,ails2_etaMax1.000_stoppingTime432000.00,410103.0,98510.85622290039
1398,ails2_etaMax1.000_stoppingTime432000.00,410089.0,98511.9792229004
1399,ails2_etaMax1.000_stoppingTime432000.00,410078.0,98646.65522290039
1400,ails2_etaMax1.000_stoppingTime432000.00,410075.0,98732.43222290039
1401,ails2_etaMax1.000_stoppingTime432000.00,410042.0,98735.1202229004
1402,ails2_etaMax1.000_stoppingTime432000.00,410030.0,99556.76622290039
1403,ails2_etaMax1.000_stoppingTime432000.00,410021.0,99556.92422290039
1404,ails2_eoh_omega2,408359.0,99808.9762229004
1405,ails2_eoh_omega2,408348.0,99830.64322290038
1406,HGS-TV,407829.0,99963.0924282074
1407,ails2_eoh_omega2,408347.0,100004.6532229004
1408,ails2_eoh_omega2,408343.0,100004.9602229004
1409,ails2_eoh_omega2,408341.0,100081.55022290039
1410,ails2_etaMax1.000_stoppingTime432000.00,410007.0,100176.48822290039
1411,ails2_etaMax1.000_stoppingTime432000.00,409972.0,100176.86822290039
1412,ails2_eoh_omega2,408340.0,100499.60922290038
1413,ails2_eoh_omega2,408339.0,100518.8352229004
1414,ails2_etaMax1.000_stoppingTime432000.00,409967.0,100573.0092229004
1415,ails2_etaMax1.000_stoppingTime432000.00,409919.0,100573.55322290039
1416,HGS-TV,407829.0,100830.97751760483
1417,ails2_eoh_omega2,408338.0,100917.4602229004
1418,ails2_eoh_omega2,408332.0,100973.23022290038
1419,ails2_eoh_omega2,408330.0,101035.0322229004
1420,ails2_eoh_omega2,408328.0,101039.8662229004
1421,ails2_eoh_omega2,408327.0,101305.24722290039
1422,ails2_eoh_omega2,408323.0,101312.5892229004
1423,ails2_etaMax0.010_stoppingTime432000.00,408395.0,101458.2182229004
1424,ails2_etaMax0.010_stoppingTime432000.00,408388.0,101490.01822290038
1425,HGS-TV,407829.0,101893.83153128624
1426,ails2_etaMax1.000_stoppingTime864000.00,411326.0,102550.5742229004
1427,HGS-TV,407829.0,102700.09768509865
1428,HGS-TV,407829.0,104808.42911219597
1429,ails2_eoh_omega2,408321.0,105380.1952229004
1430,ails2_eoh_omega2,408318.0,105397.48022290038
1431,ails2_etaMax0.010_stoppingTime432000.00,408387.0,106488.47822290039
1432,ails2_etaMax0.010_stoppingTime432000.00,408386.0,106488.9612229004
1433,HGS-TV,407829.0,106696.28899931908
1434,ails2_etaMax1.000_stoppingTime432000.00,409908.0,107001.02022290039
1435,ails2_etaMax1.000_stoppingTime432000.00,409905.0,107001.05622290038
1436,ails2_etaMax1.000_stoppingTime432000.00,409866.0,107212.75322290038
1437,ails2_etaMax1.000_stoppingTime864000.00,411293.0,107485.98122290039
1438,ails2_etaMax1.000_stoppingTime864000.00,411197.0,107487.30722290039
1439,ails2_etaMax1.000_stoppingTime432000.00,409850.0,107800.94722290039
1440,ails2_etaMax1.000_stoppingTime432000.00,409818.0,107801.0102229004
1441,HGS-TV,407829.0,108203.36273241043
1442,ails2_etaMax1.000_stoppingTime432000.00,409736.0,108742.69722290039
1443,ails2_etaMax1.000_stoppingTime432000.00,409643.0,108743.8392229004
1444,HGS-TV,407829.0,109191.9243824482
1445,HGS-TV,407829.0,109508.12106108665
1446,ails2_eoh_omega2,408317.0,109905.75822290039
1447,ails2_eoh_omega2,408314.0,109907.36722290039
1448,ails2_etaMax0.010_stoppingTime432000.00,408385.0,110002.7182229004
1449,ails2_etaMax0.010_stoppingTime432000.00,408384.0,110006.39822290039
1450,ails2_etaMax0.010_stoppingTime432000.00,408383.0,110085.99322290039
1451,HGS-TV,407829.0,110620.51972460747
1452,HGS-TV,407829.0,111871.26756286621
1453,ails2_eoh_omega2,408313.0,112320.47322290039
1454,HGS-TV,407829.0,112352.74043679237
1455,ails2_eoh_omega2,408306.0,112366.42722290038
1456,HGS-TV,407829.0,113095.54706215858
1457,HGS-TV,407829.0,114149.68656992912
1458,ails2_eoh_omega2,408305.0,114201.78122290039
1459,ails2_eoh_omega2,408304.0,114202.12922290039
1460,ails2_etaMax1.000_stoppingTime864000.00,411156.0,114663.16822290039
1461,ails2_etaMax1.000_stoppingTime864000.00,411148.0,114663.21222290039
1462,ails2_etaMax1.000_stoppingTime432000.00,409639.0,115257.73522290039
1463,ails2_etaMax1.000_stoppingTime432000.00,409568.0,115259.85522290038
1464,ails2_etaMax1.000_stoppingTime1728000.00,412007.0,115370.1382229004
1465,HGS-TV,407829.0,118026.58833169937
1466,ails2_etaMax1.000_stoppingTime1728000.00,411953.0,118044.55322290039
1467,ails2_etaMax1.000_stoppingTime864000.00,411138.0,118592.60522290038
1468,ails2_etaMax1.000_stoppingTime864000.00,410971.0,118600.03722290038
1469,ails2_etaMax1.000_stoppingTime432000.00,409551.0,118883.07122290038
1470,ails2_etaMax1.000_stoppingTime432000.00,409516.0,118883.6392229004
1471,ails2_etaMax1.000_stoppingTime432000.00,409495.0,119131.0782229004
1472,ails2_etaMax1.000_stoppingTime432000.00,409423.0,119176.79122290039
1473,HGS-TV,407829.0,119843.5182518959
1474,ails2_etaMax1.000_stoppingTime432000.00,409415.0,119867.09822290039
1475,ails2_etaMax1.000_stoppingTime432000.00,409373.0,119914.78822290039
1476,HGS-TV,407829.0,120014.13906526566
1477,ails2_etaMax1.000_stoppingTime432000.00,409370.0,120041.05322290039
1478,ails2_etaMax1.000_stoppingTime432000.00,409369.0,120041.12622290039
1479,HGS-TV,407829.0,120232.19942307472
1480,ails2_etaMax1.000_stoppingTime432000.00,409367.0,121359.45022290038
1481,ails2_etaMax1.000_stoppingTime432000.00,409350.0,121361.4912229004
1482,HGS-TV,407829.0,122106.1757466793
1483,HGS-TV,407829.0,123252.37546443939
1484,ails2_etaMax1.000_stoppingTime864000.00,410947.0,124684.2602229004
1485,ails2_etaMax1.000_stoppingTime864000.00,410862.0,124684.60522290038
1486,HGS-TV,407829.0,124815.40130209923
1487,ails2_etaMax1.000_stoppingTime432000.00,409346.0,125060.4872229004
1488,HGS-TV,407829.0,125086.4615726471
1489,ails2_etaMax1.000_stoppingTime432000.00,409329.0,125060.56022290039
1490,HGS-TV,407829.0,125530.55783319473
1491,HGS-TV,407829.0,125623.29539370537
1492,HGS-TV,407829.0,125902.96507263184
1493,ails2_etaMax0.010_stoppingTime432000.00,408382.0,126097.9792229004
1494,ails2_etaMax1.000_stoppingTime864000.00,410841.0,126119.67422290039
1495,ails2_etaMax0.010_stoppingTime432000.00,408381.0,126098.84922290039
1496,ails2_etaMax1.000_stoppingTime864000.00,410816.0,126119.70922290039
1497,ails2_eoh_omega2,408303.0,126201.16322290039
1498,ails2_eoh_omega2,408302.0,126206.7372229004
1499,HGS-TV,407829.0,126337.82314825058
1500,ails2_etaMax0.010_stoppingTime432000.00,408379.0,126759.57322290039
1501,ails2_etaMax0.010_stoppingTime432000.00,408376.0,126764.34922290039
1502,ails2_eoh_omega2,408301.0,127210.3052229004
1503,ails2_etaMax0.010_stoppingTime432000.00,408375.0,127230.4002229004
1504,ails2_etaMax0.010_stoppingTime432000.00,408374.0,127240.5212229004
1505,HGS-TV,407829.0,127587.32558846474
1506,ails2_etaMax0.010_stoppingTime432000.00,408373.0,127914.87422290038
1507,ails2_etaMax0.010_stoppingTime432000.00,408371.0,127915.8242229004
1508,ails2_etaMax0.010_stoppingTime432000.00,408370.0,128088.9902229004
1509,ails2_etaMax0.010_stoppingTime432000.00,408363.0,128119.62222290039
1510,ails2_eoh_omega2,408300.0,128212.20522290039
1511,ails2_etaMax1.000_stoppingTime432000.00,409327.0,128418.52622290039
1512,ails2_eoh_omega2,408299.0,128443.13622290039
1513,ails2_etaMax1.000_stoppingTime432000.00,409313.0,128420.50522290039
1514,ails2_eoh_omega2,408297.0,128444.33422290039
1515,HGS-TV,407829.0,130051.3666112423
1516,HGS-TV,407829.0,130527.44149065018
1517,ails2_etaMax1.000_stoppingTime864000.00,410809.0,130841.7262229004
1518,ails2_etaMax1.000_stoppingTime864000.00,410601.0,130847.60622290039
1519,ails2_etaMax1.000_stoppingTime432000.00,409302.0,131032.6842229004
1520,ails2_etaMax1.000_stoppingTime432000.00,409232.0,131049.5482229004
1521,ails2_etaMax1.000_stoppingTime432000.00,409229.0,131174.4422229004
1522,HGS-TV,407829.0,131351.41098427773
1523,ails2_etaMax0.010_stoppingTime432000.00,408362.0,131774.6672229004
1524,HGS-TV,407829.0,132881.77251315117
1525,ails2_etaMax1.000_stoppingTime1728000.00,411932.0,133282.9292229004
1526,ails2_etaMax1.000_stoppingTime1728000.00,411792.0,133286.8532229004
1527,HGS-TV,407829.0,134478.93762874603
1528,HGS-TV,407829.0,135093.87621092796
1529,ails2_etaMax0.010_stoppingTime432000.00,408360.0,135139.02522290038
1530,ails2_etaMax1.000_stoppingTime432000.00,409212.0,135199.4342229004
1531,ails2_etaMax0.010_stoppingTime432000.00,408358.0,135139.3202229004
1532,HGS-TV,407829.0,135256.4958164692
1533,ails2_etaMax1.000_stoppingTime432000.00,409138.0,135211.22122290038
1534,ails2_etaMax0.010_stoppingTime432000.00,408351.0,135237.0732229004
1535,ails2_etaMax0.010_stoppingTime432000.00,408350.0,135296.44422290038
1536,ails2_etaMax1.000_stoppingTime432000.00,409132.0,135430.61522290038
1537,ails2_etaMax1.000_stoppingTime432000.00,409044.0,135446.81622290038
1538,HGS-TV,407829.0,135986.0827741623
1539,HGS-TV,407829.0,136168.44321417809
1540,ails2_etaMax1.000_stoppingTime432000.00,409035.0,136954.6112229004
1541,ails2_etaMax0.010_stoppingTime432000.00,408349.0,138006.06922290038
1542,ails2_etaMax0.010_stoppingTime432000.00,408348.0,138006.73722290038
1543,HGS-TV,407829.0,139805.82593345642
1544,HGS-TV,407829.0,140233.6868033409
1545,ails2_etaMax1.000_stoppingTime432000.00,409029.0,140391.1632229004
1546,ails2_etaMax1.000_stoppingTime432000.00,409010.0,140391.4132229004
1547,HGS-TV,407829.0,140528.01275658607
1548,HGS-TV,407829.0,140959.91484737396
1549,HGS-TV,407829.0,141065.30171895027
1550,HGS-TV,407829.0,141648.4866540432
1551,HGS-TV,407829.0,141785.1687631607
1552,HGS-TV,407829.0,141845.21561145782
1553,HGS-TV,407829.0,142109.90716171265
1554,HGS-TV,407829.0,142170.33675837517
1555,HGS-TV,407829.0,142255.04805278778
1556,HGS-TV,407829.0,142372.58733415604
1557,HGS-TV,407829.0,142576.58367466927
1558,HGS-TV,407829.0,143324.7860739231
1559,ails2_eoh_omega2,408296.0,143378.4062229004
1560,HGS-TV,407829.0,143780.68127775192
1561,HGS-TV,407829.0,143957.88326382637
1562,ails2_etaMax1.000_stoppingTime1728000.00,411775.0,144040.24022290038
1563,HGS-TV,407829.0,144045.13687348366
1564,ails2_etaMax1.000_stoppingTime1728000.00,411675.0,144040.3672229004
1565,ails2_eoh_omega2,408295.0,144417.98222290038
1566,HGS-TV,407829.0,144716.06268429756
1567,HGS-TV,407829.0,144965.2262055874
1568,HGS-TV,407829.0,145025.4089639187
1569,HGS-TV,407829.0,145295.01073002815
1570,ails2_etaMax1.000_stoppingTime432000.00,408996.0,145609.2682229004
1571,HGS-TV,407829.0,145623.2632958889
1572,ails2_etaMax1.000_stoppingTime432000.00,408962.0,145611.5042229004
1573,HGS-TV,407829.0,145997.0577893257
1574,ails2_etaMax1.000_stoppingTime864000.00,410598.0,146290.4252229004
1575,ails2_etaMax1.000_stoppingTime864000.00,410526.0,146295.7222229004
1576,ails2_eoh_omega2,408293.0,146489.90322290038
1577,HGS-TV,407829.0,146631.78948616982
1578,HGS-TV,407829.0,147420.64229559898
1579,ails2_eoh_omega2,408291.0,148247.1292229004
1580,HGS-TV,407829.0,148674.084097147
1581,HGS-TV,407829.0,148760.34228420258
1582,HGS-TV,407829.0,149536.24282765388
1583,ails2_etaMax1.000_stoppingTime432000.00,408959.0,149614.90822290038
1584,ails2_etaMax1.000_stoppingTime432000.00,408900.0,149619.27022290038
1585,ails2_etaMax0.020_stoppingTime86400.00,407828.0,149677.5382229004
1586,ails2_etaMax1.000_stoppingTime432000.00,408898.0,149681.7432229004
1587,ails2_etaMax1.000_stoppingTime432000.00,408893.0,149911.71822290038
1588,HGS-TV,407829.0,150091.47150564194
1589,ails2_etaMax1.000_stoppingTime432000.00,408891.0,151507.4692229004
1590,ails2_etaMax1.000_stoppingTime864000.00,410499.0,151559.8802229004
1591,ails2_etaMax1.000_stoppingTime432000.00,408865.0,151533.5232229004
1592,ails2_etaMax1.000_stoppingTime1728000.00,411665.0,151873.85122290038
1593,ails2_etaMax1.000_stoppingTime432000.00,408862.0,153805.5462229004
1594,ails2_etaMax1.000_stoppingTime432000.00,408852.0,153805.6812229004
1595,ails2_etaMax1.000_stoppingTime432000.00,408838.0,154338.52022290038
1596,ails2_etaMax1.000_stoppingTime432000.00,408835.0,154345.0372229004
1597,HGS-TV,407827.0,154591.3961737156
1598,ails2_etaMax1.000_stoppingTime864000.00,410490.0,155546.4812229004
1599,ails2_etaMax1.000_stoppingTime864000.00,410441.0,155546.94622290038
1600,ails2_etaMax1.000_stoppingTime432000.00,408830.0,155677.0572229004
1601,ails2_etaMax1.000_stoppingTime432000.00,408751.0,155681.3582229004
1602,ails2_etaMax1.000_stoppingTime432000.00,408741.0,157964.3752229004
1603,ails2_etaMax1.000_stoppingTime432000.00,408677.0,158009.6812229004
1604,ails2_etaMax1.000_stoppingTime432000.00,408655.0,158032.66122290038
1605,ails2_etaMax1.000_stoppingTime1728000.00,411639.0,159588.9832229004
1606,ails2_etaMax1.000_stoppingTime1728000.00,411463.0,159590.59322290038
1607,ails2_etaMax1.000_stoppingTime432000.00,408650.0,160631.90022290038
1608,ails2_etaMax1.000_stoppingTime432000.00,408633.0,160632.2582229004
1609,ails2_etaMax1.000_stoppingTime864000.00,410434.0,162561.3342229004
1610,ails2_etaMax1.000_stoppingTime864000.00,410343.0,162592.0232229004
1611,HGS-TV,407827.0,164017.338845253
1612,HGS-TV,407827.0,164078.0448038578
1613,HGS-TV,407827.0,164138.63051700592
1614,HGS-TV,407827.0,164216.72997832298
1615,HGS-TV,407827.0,164277.4949028492
1616,HGS-TV,407827.0,164741.54590678215
1617,HGS-TV,407827.0,164908.01603484154
1618,HGS-TV,407827.0,165067.4580962658
1619,HGS-TV,407827.0,165152.8679037094
1620,HGS-TV,407827.0,165213.67624807358
1621,HGS-TV,407827.0,165274.0010521412
1622,HGS-TV,407827.0,165442.0853638649
1623,ails2_etaMax1.000_stoppingTime864000.00,410342.0,165804.0042229004
1624,ails2_etaMax1.000_stoppingTime864000.00,410260.0,165805.8772229004
1625,HGS-TV,407827.0,167290.32052445412
1626,HGS-TV,407827.0,167350.88121962547
1627,HGS-TV,407827.0,168132.56547737122
1628,HGS-TV,407827.0,169133.96468997002
1629,ails2_etaMax1.000_stoppingTime864000.00,410240.0,169971.0572229004
1630,ails2_etaMax1.000_stoppingTime864000.00,410235.0,169971.2652229004
1631,ails2_etaMax1.000_stoppingTime864000.00,410223.0,170084.9212229004
1632,HGS-TV,407827.0,170256.6833972931
1633,ails2_etaMax1.000_stoppingTime864000.00,410213.0,170451.1492229004
1634,ails2_etaMax1.000_stoppingTime864000.00,410195.0,170451.6082229004
1635,HGS-TV,407827.0,170703.5621945858
1636,ails2_etaMax1.000_stoppingTime432000.00,408631.0,171719.2242229004
1637,ails2_etaMax1.000_stoppingTime432000.00,408567.0,171721.3392229004
1638,HGS-TV,407827.0,171959.4374718666
1639,HGS-TV,407827.0,172506.90195846558
1640,HGS-TV,407827.0,172697.50685286522
1641,HGS-TV,407827.0,172835.86834406853
1642,HGS-TV,407827.0,173131.77065753937
1643,HGS-TV,407827.0,173429.4125392437
1644,ails2_etaMax1.000_stoppingTime432000.00,408564.0,173666.96322290038
1645,HGS-TV,407827.0,173677.3322145939
1646,ails2_etaMax1.000_stoppingTime432000.00,408558.0,173667.06322290038
1647,HGS-TV,407827.0,173790.71813058853
1648,HGS-TV,407827.0,174052.502699852
1649,HGS-TV,407827.0,174112.87150788307
1650,HGS-TV,407827.0,174442.26580286026
1651,HGS-TV,407827.0,174516.4884738922
1652,HGS-TV,407827.0,174577.21886706352
1653,HGS-TV,407827.0,174900.69647431374
1654,HGS-TV,407827.0,177273.92284703255
1655,HGS-TV,407827.0,177461.49505639076
1656,HGS-TV,407827.0,177704.34744882584
1657,HGS-TV,407827.0,177931.98882985115
1658,HGS-TV,407827.0,178183.58676838875
1659,HGS-TV,407827.0,178244.0924179554
1660,HGS-TV,407827.0,178304.36472272873
1661,ails2_etaMax1.000_stoppingTime1728000.00,411425.0,179423.72922290038
1662,ails2_etaMax1.000_stoppingTime1728000.00,411310.0,179425.8252229004
1663,ails2_etaMax1.000_stoppingTime864000.00,410174.0,179803.98722290038
1664,ails2_etaMax1.000_stoppingTime432000.00,408552.0,179839.5722229004
1665,ails2_etaMax1.000_stoppingTime864000.00,410173.0,179804.04122290039
1666,ails2_etaMax1.000_stoppingTime432000.00,408549.0,179839.6292229004
1667,HGS-TV,407827.0,181624.1166768074
1668,HGS-TV,407827.0,182073.43595528603
1669,ails2_etaMax1.000_stoppingTime864000.00,410167.0,182709.81922290038
1670,ails2_etaMax1.000_stoppingTime864000.00,410150.0,182715.6672229004
1671,ails2_etaMax1.000_stoppingTime864000.00,410089.0,182784.02022290038
1672,HGS-TV,407827.0,182846.22743916512
1673,ails2_etaMax1.000_stoppingTime432000.00,408542.0,183516.59022290038
1674,HGS-TV,407827.0,183535.1761548519
1675,ails2_etaMax1.000_stoppingTime432000.00,408537.0,183516.68022290038
1676,ails2_etaMax1.000_stoppingTime432000.00,408530.0,183859.7062229004
1677,ails2_etaMax1.000_stoppingTime432000.00,408523.0,185258.2872229004
1678,ails2_etaMax1.000_stoppingTime432000.00,408475.0,185261.8982229004
1679,ails2_etaMax1.000_stoppingTime864000.00,410087.0,186008.9742229004
1680,ails2_etaMax1.000_stoppingTime864000.00,410032.0,186011.0782229004
1681,HGS-TV,407827.0,186488.20107841492
1682,HGS-TV,407827.0,186819.22207307816
1683,HGS-TV,407827.0,187331.92835974693
1684,HGS-TV,407827.0,187392.90565299988
1685,ails2_etaMax1.000_stoppingTime432000.00,408470.0,188113.92722290038
1686,ails2_etaMax1.000_stoppingTime432000.00,408409.0,188115.1242229004
1687,HGS-TV,407827.0,188251.80637454987
1688,ails2_etaMax1.000_stoppingTime432000.00,408407.0,188459.30822290038
1689,ails2_etaMax1.000_stoppingTime432000.00,408399.0,188459.3452229004
1690,ails2_etaMax1.000_stoppingTime432000.00,408332.0,188565.9542229004
1691,ails2_etaMax1.000_stoppingTime432000.00,408327.0,188723.0642229004
1692,ails2_etaMax1.000_stoppingTime432000.00,408310.0,188723.93022290038
1693,HGS-TV,407827.0,189122.6973464489
1694,ails2_etaMax0.010_stoppingTime432000.00,408347.0,189588.61222290038
1695,HGS-TV,407827.0,189754.0449409485
1696,HGS-TV,407827.0,189962.23799419403
1697,ails2_eoh_omega2,408290.0,191170.67222290038
1698,HGS-TV,407827.0,191424.21125483513
1699,HGS-TV,407827.0,191514.64397764206
1700,HGS-TV,407827.0,193516.01995515823
1701,ails2_etaMax1.000_stoppingTime864000.00,410002.0,193684.04722290038
1702,ails2_etaMax1.000_stoppingTime864000.00,409986.0,193684.0942229004
1703,HGS-TV,407827.0,194020.2007601261
1704,HGS-TV,407827.0,194613.14005994797
1705,HGS-TV,407827.0,195859.21728873253
1706,HGS-TV,407827.0,196439.3193910122
1707,HGS-TV,407827.0,197224.2769138813
1708,ails2_etaMax1.000_stoppingTime432000.00,408307.0,197333.9012229004
1709,ails2_etaMax1.000_stoppingTime432000.00,408284.0,197377.3672229004
1710,ails2_etaMax1.000_stoppingTime432000.00,408279.0,197411.27822290038
1711,HGS-TV,407827.0,197653.71397733688
1712,ails2_etaMax1.000_stoppingTime432000.00,408277.0,198091.1302229004
1713,ails2_etaMax1.000_stoppingTime864000.00,409985.0,198152.8632229004
1714,ails2_etaMax1.000_stoppingTime432000.00,408273.0,198170.9562229004
1715,ails2_etaMax1.000_stoppingTime864000.00,409916.0,198154.44922290038
1716,ails2_etaMax1.000_stoppingTime432000.00,408227.0,198209.66922290038
1717,HGS-TV,407827.0,198415.08142900467
1718,HGS-TV,407827.0,198926.76233005524
1719,ails2_etaMax1.000_stoppingTime432000.00,408223.0,199184.03322290038
1720,HGS-TV,407827.0,199655.84552145004
1721,HGS-TV,407827.0,200495.64978456497
1722,HGS-TV,407827.0,200713.5980811119
1723,HGS-TV,407827.0,200968.32024121284
1724,ails2_etaMax1.000_stoppingTime432000.00,408220.0,201670.54722290038
1725,ails2_etaMax1.000_stoppingTime432000.00,408190.0,201697.74522290038
1726,ails2_etaMax1.000_stoppingTime432000.00,408188.0,201875.7932229004
1727,ails2_etaMax1.000_stoppingTime432000.00,408179.0,201877.8752229004
1728,HGS-TV,407827.0,204344.28128647804
1729,ails2_etaMax1.000_stoppingTime1728000.00,411301.0,204478.6382229004
1730,ails2_etaMax1.000_stoppingTime1728000.00,411240.0,204478.90022290038
1731,ails2_eoh_omega2,408289.0,205309.9252229004
1732,HGS-TV,407827.0,205312.69486141205
1733,ails2_eoh_omega2,408288.0,205314.4502229004
1734,HGS-TV,407827.0,205373.22692608833
1735,HGS-TV,407827.0,206013.468896389
1736,ails2_eoh_omega2,408287.0,206464.1352229004
1737,ails2_eoh_omega2,408286.0,206714.06922290038
1738,HGS-TV,407827.0,207686.76684641838
1739,ails2_etaMax1.000_stoppingTime864000.00,409912.0,208168.4072229004
1740,ails2_etaMax1.000_stoppingTime864000.00,409767.0,208170.4532229004
1741,ails2_eoh_omega2,408284.0,208300.1812229004
1742,ails2_etaMax1.000_stoppingTime864000.00,409757.0,208671.54122290039
1743,ails2_eoh_omega2,408283.0,209925.6792229004
1744,ails2_eoh_omega2,408281.0,209926.0622229004
1745,ails2_eoh_omega2,408278.0,210008.23222290038
1746,ails2_eoh_omega2,408275.0,210330.8202229004
1747,ails2_etaMax1.000_stoppingTime432000.00,408178.0,210423.5432229004
1748,ails2_etaMax1.000_stoppingTime432000.00,408176.0,210423.9072229004
1749,ails2_etaMax0.010_stoppingTime432000.00,408346.0,212052.3962229004
1750,ails2_etaMax0.010_stoppingTime432000.00,408345.0,212052.7122229004
1751,HGS-TV,407827.0,212178.67340874672
1752,HGS-TV,407827.0,212248.92677617073
1753,ails2_etaMax1.000_stoppingTime432000.00,408171.0,213887.0382229004
1754,HGS-TV,407827.0,214141.31297588348
1755,ails2_etaMax1.000_stoppingTime432000.00,408165.0,214385.10422290038
1756,ails2_etaMax1.000_stoppingTime432000.00,408138.0,214385.4592229004
1757,ails2_etaMax1.000_stoppingTime432000.00,408119.0,214475.2802229004
1758,HGS-TV,407827.0,215331.07229495049
1759,HGS-TV,407827.0,215698.59200119972
1760,HGS-TV,407827.0,216228.35845065117
1761,ails2_etaMax1.000_stoppingTime1728000.00,411217.0,217721.4252229004
1762,HGS-TV,407827.0,218438.06387972832
1763,HGS-TV,407827.0,218963.38757824898
1764,ails2_etaMax1.000_stoppingTime1728000.00,411211.0,219537.87322290038
1765,ails2_etaMax1.000_stoppingTime1728000.00,411162.0,219537.9072229004
1766,ails2_etaMax1.000_stoppingTime864000.00,409735.0,220325.73222290038
1767,ails2_etaMax1.000_stoppingTime864000.00,409566.0,220333.6482229004
1768,HGS-TV,407827.0,221495.30266094208
1769,HGS-TV,407827.0,221809.56766486168
1770,ails2_etaMax1.000_stoppingTime432000.00,408118.0,222519.57422290038
1771,ails2_etaMax1.000_stoppingTime432000.00,408099.0,222553.1242229004
1772,HGS-TV,407827.0,223289.6578731537
1773,ails2_etaMax1.000_stoppingTime1728000.00,411149.0,224742.69622290038
1774,ails2_etaMax1.000_stoppingTime1728000.00,411100.0,224743.6082229004
1775,HGS-TV,407827.0,225776.303283453
1776,HGS-TV,407827.0,226155.053504467
1777,HGS-TV,407827.0,226338.28495907784
1778,ails2_etaMax1.000_stoppingTime432000.00,408097.0,226467.74522290038
1779,HGS-TV,407827.0,227061.1739423275
1780,ails2_etaMax1.000_stoppingTime432000.00,408095.0,227061.6982229004
1781,HGS-TV,407827.0,228653.87531614304
1782,ails2_etaMax1.000_stoppingTime432000.00,408093.0,228692.6002229004
1783,ails2_etaMax1.000_stoppingTime432000.00,408088.0,228692.7802229004
1784,HGS-TV,407827.0,228800.23709750175
1785,HGS-TV,407827.0,228931.22343349457
1786,HGS-TV,407827.0,229021.31177091599
1787,HGS-TV,407827.0,229081.73330903053
1788,ails2_etaMax1.000_stoppingTime432000.00,408087.0,229312.5342229004
1789,ails2_etaMax1.000_stoppingTime432000.00,408085.0,229312.6982229004
1790,HGS-TV,407827.0,229408.48211312294
1791,HGS-TV,407827.0,230076.84093999863
1792,HGS-TV,407827.0,230245.27825951576
1793,HGS-TV,407827.0,230305.7753136158
1794,HGS-TV,407827.0,230377.22507858276
1795,ails2_etaMax1.000_stoppingTime432000.00,408080.0,230406.84622290038
1796,ails2_etaMax1.000_stoppingTime432000.00,408060.0,230407.09622290038
1797,ails2_etaMax1.000_stoppingTime864000.00,409558.0,230514.03922290038
1798,ails2_etaMax1.000_stoppingTime864000.00,409484.0,230519.1352229004
1799,HGS-TV,407827.0,230847.25299263
1800,HGS-TV,407827.0,231076.4050810337
1801,ails2_etaMax1.000_stoppingTime864000.00,409481.0,231193.6492229004
1802,HGS-TV,407827.0,231248.0797176361
1803,ails2_etaMax1.000_stoppingTime864000.00,409474.0,231194.0642229004
1804,ails2_etaMax1.000_stoppingTime1728000.00,411085.0,232313.61222290038
1805,ails2_etaMax1.000_stoppingTime1728000.00,411076.0,232313.93522290039
1806,HGS-TV,407827.0,234061.68971395493
1807,HGS-TV,407827.0,234210.23504900932
1808,HGS-TV,407827.0,234719.45930552483
1809,ails2_etaMax1.000_stoppingTime1728000.00,411070.0,236240.9062229004
1810,ails2_etaMax1.000_stoppingTime432000.00,408057.0,236931.2082229004
1811,ails2_etaMax1.000_stoppingTime432000.00,408053.0,236946.05222290038
1812,ails2_etaMax1.000_stoppingTime432000.00,408049.0,237121.78622290038
1813,ails2_etaMax1.000_stoppingTime432000.00,408045.0,237122.1902229004
1814,ails2_etaMax1.000_stoppingTime1728000.00,411067.0,237862.50122290038
1815,ails2_etaMax1.000_stoppingTime432000.00,408044.0,237882.42722290038
1816,ails2_etaMax1.000_stoppingTime1728000.00,411040.0,237862.5382229004
1817,ails2_etaMax1.000_stoppingTime432000.00,408042.0,237964.03922290038
1818,ails2_etaMax1.000_stoppingTime432000.00,408008.0,237965.8672229004
1819,ails2_etaMax1.000_stoppingTime1728000.00,411020.0,238075.8832229004
1820,ails2_etaMax1.000_stoppingTime1728000.00,410971.0,238079.24022290038
1821,HGS-TV,407827.0,239036.98585295677
1822,HGS-TV,407827.0,239309.69363975525
1823,HGS-TV,407827.0,239701.9786067009
1824,ails2_etaMax1.000_stoppingTime864000.00,409444.0,240322.52522290038
1825,ails2_etaMax1.000_stoppingTime864000.00,409356.0,240337.1052229004
1826,HGS-TV,407827.0,240385.48110938072
1827,HGS-TV,407827.0,241964.06746554375
1828,HGS-TV,407827.0,243086.18259882927
1829,HGS-TV,407827.0,243692.5034980774
1830,ails2_etaMax1.000_stoppingTime432000.00,408007.0,243884.4042229004
1831,ails2_etaMax1.000_stoppingTime432000.00,407996.0,243885.07122290038
1832,HGS-TV,407827.0,244165.8420407772
1833,HGS-TV,407827.0,244302.98865437508
1834,HGS-TV,407827.0,244732.5812048912
1835,ails2_etaMax1.000_stoppingTime432000.00,407994.0,244961.6622229004
1836,ails2_etaMax1.000_stoppingTime432000.00,407991.0,244963.0812229004
1837,HGS-TV,407827.0,245054.80394530296
1838,ails2_etaMax1.000_stoppingTime432000.00,407988.0,245118.0732229004
1839,ails2_etaMax1.000_stoppingTime432000.00,407980.0,245129.9752229004
1840,HGS-TV,407827.0,249894.64888882637
1841,HGS-TV,407827.0,249964.99944138527
1842,ails2_etaMax1.000_stoppingTime432000.00,407979.0,250380.81622290038
1843,ails2_etaMax1.000_stoppingTime432000.00,407960.0,250381.2572229004
1844,HGS-TV,407827.0,250507.15290260315
1845,ails2_etaMax1.000_stoppingTime1728000.00,410967.0,251244.8482229004
1846,ails2_etaMax1.000_stoppingTime1728000.00,410956.0,251246.47622290038
1847,HGS-TV,407827.0,251850.9592103958
1848,ails2_etaMax1.000_stoppingTime432000.00,407944.0,252485.1972229004
1849,ails2_etaMax1.000_stoppingTime432000.00,407942.0,252487.0982229004
1850,ails2_etaMax1.000_stoppingTime1728000.00,410912.0,252723.0312229004
1851,ails2_etaMax1.000_stoppingTime1728000.00,410882.0,252723.12822290038
1852,HGS-TV,407827.0,252817.44653320312
1853,HGS-TV,407827.0,253192.79044032097
1854,HGS-TV,407827.0,253316.46974396706
1855,HGS-TV,407827.0,254009.20606160164
1856,HGS-TV,407827.0,254581.25237298012
1857,ails2_etaMax1.000_stoppingTime864000.00,409354.0,254781.0052229004
1858,ails2_etaMax1.000_stoppingTime864000.00,409310.0,254809.81022290039
1859,ails2_etaMax1.000_stoppingTime864000.00,409304.0,254886.7382229004
1860,HGS-TV,407827.0,255092.92242956161
1861,HGS-TV,407827.0,255153.70069289207
1862,HGS-TV,407827.0,255412.4000930786
1863,ails2_etaMax1.000_stoppingTime432000.00,407941.0,255917.4912229004
1864,ails2_etaMax1.000_stoppingTime432000.00,407938.0,255917.75922290038
1865,HGS-TV,407827.0,256024.14175724983
1866,HGS-TV,407827.0,256084.66175103188
1867,ails2_etaMax1.000_stoppingTime432000.00,407936.0,256169.6182229004
1868,ails2_etaMax1.000_stoppingTime432000.00,407935.0,256301.0272229004
1869,ails2_etaMax1.000_stoppingTime432000.00,407934.0,256302.0992229004
1870,ails2_etaMax1.000_stoppingTime432000.00,407931.0,256377.49822290038
1871,HGS-TV,407827.0,256480.26445627213
1872,ails2_etaMax1.000_stoppingTime432000.00,407930.0,256444.9642229004
1873,ails2_etaMax1.000_stoppingTime432000.00,407929.0,256687.88922290038
1874,HGS-TV,407827.0,256770.7880911827
1875,HGS-TV,407827.0,257054.20549321175
1876,HGS-TV,407827.0,257115.05277371407
1877,ails2_etaMax1.000_stoppingTime864000.00,409303.0,257237.0862229004
1878,ails2_etaMax1.000_stoppingTime864000.00,409291.0,257237.9202229004
1879,HGS-TV,407827.0,257765.0316104889
1880,ails2_etaMax1.000_stoppingTime432000.00,407928.0,257875.51722290038
1881,ails2_etaMax1.000_stoppingTime432000.00,407926.0,257875.5992229004
1882,ails2_etaMax1.000_stoppingTime432000.00,407924.0,257996.59022290038
1883,ails2_etaMax1.000_stoppingTime432000.00,407919.0,257997.47922290038
1884,ails2_etaMax1.000_stoppingTime1728000.00,410828.0,258298.3612229004
1885,ails2_etaMax1.000_stoppingTime1728000.00,410816.0,258298.4552229004
1886,HGS-TV,407827.0,258479.04118990898
1887,HGS-TV,407827.0,258574.5775346756
1888,ails2_etaMax1.000_stoppingTime432000.00,407918.0,258680.6842229004
1889,ails2_etaMax1.000_stoppingTime432000.00,407910.0,258689.55522290038
1890,ails2_etaMax1.000_stoppingTime432000.00,407908.0,259167.5082229004
1891,ails2_etaMax1.000_stoppingTime432000.00,407888.0,259179.64522290038
1892,ails2_etaMax1.000_stoppingTime432000.00,407885.0,259317.27222290038
1893,HGS-TV,407827.0,259354.77468180656
1894,ails2_etaMax1.000_stoppingTime432000.00,407875.0,259318.4432229004
1895,HGS-TV,407827.0,259853.0638241768
1896,ails2_etaMax1.000_stoppingTime432000.00,407874.0,259974.03922290038
1897,ails2_etaMax1.000_stoppingTime432000.00,407851.0,259978.69122290038
1898,ails2_etaMax1.000_stoppingTime1728000.00,410793.0,260387.5572229004
1899,ails2_etaMax1.000_stoppingTime1728000.00,410776.0,260525.1872229004
1900,ails2_etaMax1.000_stoppingTime1728000.00,410742.0,260525.2502229004
1901,HGS-TV,407827.0,260764.06500911713
1902,ails2_etaMax1.000_stoppingTime864000.00,409268.0,261496.4172229004
1903,ails2_etaMax1.000_stoppingTime864000.00,409265.0,261496.6402229004
1904,ails2_etaMax1.000_stoppingTime864000.00,409260.0,262496.8702229004
1905,ails2_etaMax1.000_stoppingTime864000.00,409241.0,262500.4092229004
1906,HGS-TV,407827.0,263444.56355023384
1907,HGS-TV,407827.0,263748.91973257065
1908,HGS-TV,407827.0,264415.2418935299
1909,HGS-TV,407827.0,264750.4123008251
1910,ails2_etaMax1.000_stoppingTime864000.00,409239.0,265153.6382229004
1911,ails2_etaMax1.000_stoppingTime864000.00,409215.0,265153.7352229004
1912,HGS-TV,407827.0,265236.72556352615
1913,HGS-TV,407827.0,265479.2566409111
1914,HGS-TV,407827.0,265648.1640956402
1915,HGS-TV,407827.0,265708.8558731079
1916,HGS-TV,407827.0,265783.9453060627
1917,HGS-TV,407827.0,265844.3858163357
1918,HGS-TV,407827.0,265904.55029058456
1919,HGS-TV,407827.0,266382.1670823097
1920,HGS-TV,407827.0,267187.11023926735
1921,HGS-TV,407827.0,267460.16264891624
1922,HGS-TV,407827.0,267687.03282141685
1923,ails2_etaMax1.000_stoppingTime864000.00,409213.0,268301.1932229004
1924,ails2_etaMax1.000_stoppingTime864000.00,409150.0,268303.80422290036
1925,HGS-TV,407827.0,268609.15280652046
1926,HGS-TV,407827.0,268669.8339858055
1927,HGS-TV,407827.0,269327.9176957607
1928,HGS-TV,407827.0,269605.7504656315
1929,HGS-TV,407827.0,269665.8806092739
1930,ails2_etaMax1.000_stoppingTime864000.00,409142.0,269842.1012229004
1931,ails2_etaMax1.000_stoppingTime864000.00,409066.0,269848.8502229004
1932,HGS-TV,407827.0,269903.89729213715
1933,ails2_etaMax1.000_stoppingTime1728000.00,410740.0,269952.39122290036
1934,ails2_etaMax1.000_stoppingTime1728000.00,410700.0,269952.6162229004
1935,HGS-TV,407827.0,270147.9394643307
1936,HGS-TV,407827.0,270722.2466099262
1937,HGS-TV,407827.0,271156.61297011375
1938,HGS-TV,407827.0,271617.29564380646
1939,HGS-TV,407827.0,271687.31392621994
1940,HGS-TV,407827.0,271896.8169198036
1941,HGS-TV,407827.0,272092.359375
1942,HGS-TV,407827.0,272397.20817279816
1943,HGS-TV,407827.0,272644.4552459717
1944,HGS-TV,407827.0,272734.8284511566
1945,HGS-TV,407827.0,272795.1399073601
1946,HGS-TV,407827.0,273330.55728006363
1947,HGS-TV,407827.0,273528.4263961315
1948,HGS-TV,407827.0,273706.27261662483
1949,HGS-TV,407827.0,273766.5411477089
1950,ails2_etaMax1.000_stoppingTime432000.00,407850.0,273978.5082229004
1951,ails2_etaMax1.000_stoppingTime432000.00,407845.0,273979.5992229004
1952,HGS-TV,407827.0,274072.81700372696
1953,ails2_etaMax1.000_stoppingTime432000.00,407844.0,274048.9542229004
1954,ails2_etaMax1.000_stoppingTime432000.00,407842.0,274366.09222290036
1955,ails2_etaMax1.000_stoppingTime432000.00,407840.0,274367.5502229004
1956,ails2_etaMax1.000_stoppingTime432000.00,407839.0,274497.4602229004
1957,ails2_etaMax1.000_stoppingTime432000.00,407838.0,274497.4972229004
1958,ails2_etaMax0.010_stoppingTime432000.00,408344.0,275092.0722229004
1959,HGS-TV,407827.0,275124.0988545418
1960,HGS-TV,407827.0,275390.64768242836
1961,HGS-TV,407827.0,277748.9347848892
1962,HGS-TV,407827.0,277832.2965385914
1963,HGS-TV,407827.0,277920.8532586098
1964,HGS-TV,407827.0,278519.29722714424
1965,HGS-TV,407827.0,278967.8297560215
1966,HGS-TV,407827.0,279028.14053845406
1967,HGS-TV,407827.0,280710.40437436104
1968,ails2_etaMax1.000_stoppingTime864000.00,409060.0,281089.1032229004
1969,HGS-TV,407827.0,282066.5769908428
1970,ails2_etaMax1.000_stoppingTime1728000.00,410677.0,283177.54322290036
1971,HGS-TV,407827.0,283861.1550579071
1972,ails2_etaMax1.000_stoppingTime864000.00,409057.0,284869.0692229004
1973,ails2_etaMax1.000_stoppingTime864000.00,409048.0,284869.7182229004
1974,HGS-TV,407827.0,286105.06932735443
1975,HGS-TV,407827.0,286723.4257097244
1976,HGS-TV,407827.0,287659.2364923954
1977,HGS-TV,407827.0,290455.1209745407
1978,HGS-TV,407827.0,290768.2297325134
1979,HGS-TV,407827.0,291261.1581187248
1980,HGS-TV,407827.0,291591.7627875805
1981,ails2_etaMax1.000_stoppingTime864000.00,409042.0,291677.7072229004
1982,ails2_etaMax1.000_stoppingTime864000.00,409038.0,291677.7372229004
1983,HGS-TV,407827.0,292207.50420069695
1984,ails2_etaMax1.000_stoppingTime432000.00,407833.0,292341.7152229004
1985,ails2_etaMax1.000_stoppingTime432000.00,407831.0,292346.6012229004
1986,HGS-TV,407827.0,293222.1541657448
1987,ails2_etaMax1.000_stoppingTime1728000.00,410658.0,293255.1642229004
1988,HGS-TV,407827.0,293391.51339650154
1989,ails2_etaMax1.000_stoppingTime432000.00,407829.0,293816.4482229004
1990,ails2_etaMax1.000_stoppingTime432000.00,407825.0,293816.7352229004
1991,HGS-TV,407827.0,294469.22087693214
1992,ails2_etaMax1.000_stoppingTime1728000.00,410625.0,294509.67322290037
1993,HGS-TV,407827.0,294549.01252245903
1994,ails2_etaMax1.000_stoppingTime1728000.00,410588.0,294510.9282229004
1995,filo2,407820.0,295293.6095917225
1996,ails2_eoh_omega2,408274.0,295731.80922290037
1997,ails2_eoh_omega2,408273.0,295743.0502229004
1998,ails2_etaMax1.000_stoppingTime864000.00,409030.0,296201.4002229004
1999,ails2_etaMax1.000_stoppingTime864000.00,409015.0,296201.5392229004
2000,HGS-TV,407814.0,296320.2144162655
2001,ails2_etaMax1.000_stoppingTime864000.00,408991.0,296725.9012229004
2002,ails2_etaMax1.000_stoppingTime864000.00,408974.0,296726.6942229004
2003,ails2_eoh_omega2,408272.0,297432.8992229004
2004,ails2_eoh_omega2,408271.0,297458.5412229004
2005,HGS-TV,407810.0,299867.4211447239
2006,HGS-TV,407808.0,300004.19406962395
2007,HGS-TV,407806.0,302956.473348856
2008,HGS-TV,407804.0,303070.99239706993
2009,ails2_etaMax1.000_stoppingTime864000.00,408971.0,304409.8652229004
2010,ails2_etaMax1.000_stoppingTime864000.00,408959.0,304412.09222290036
2011,ails2_etaMax0.005_stoppingTime86400.00,407807.0,304564.5562229004
2012,ails2_etaMax0.005_stoppingTime86400.00,407806.0,304567.2252229004
2013,ails2_etaMax0.005_stoppingTime86400.00,407803.0,304661.1772229004
2014,ails2_etaMax1.000_stoppingTime1728000.00,410585.0,307301.9322229004
2015,ails2_etaMax1.000_stoppingTime1728000.00,410560.0,307302.08122290036
2016,HGS-TV,407802.0,307459.0016682148
2017,ails2_etaMax1.000_stoppingTime1728000.00,410556.0,308740.7582229004
2018,ails2_etaMax1.000_stoppingTime1728000.00,410517.0,308762.5882229004
2019,ails2_etaMax1.000_stoppingTime432000.00,407821.0,311329.5012229004
2020,ails2_etaMax1.000_stoppingTime1728000.00,410511.0,311627.7512229004
2021,ails2_etaMax1.000_stoppingTime1728000.00,410397.0,311649.42322290037
2022,ails2_etaMax1.000_stoppingTime432000.00,407820.0,312846.2152229004
2023,ails2_etaMax1.000_stoppingTime432000.00,407819.0,312846.2642229004
2024,HGS-TV,407801.0,313025.43583774567
2025,ails2_etaMax1.000_stoppingTime432000.00,407818.0,313085.0682229004
2026,ails2_etaMax1.000_stoppingTime432000.00,407809.0,313126.5772229004
2027,ails2_etaMax1.000_stoppingTime432000.00,407808.0,313732.0622229004
2028,ails2_etaMax0.010_stoppingTime432000.00,408343.0,314104.4922229004
2029,ails2_etaMax1.000_stoppingTime864000.00,408954.0,314133.8872229004
2030,ails2_etaMax1.000_stoppingTime864000.00,408945.0,315073.38522290037
2031,ails2_etaMax1.000_stoppingTime864000.00,408896.0,315104.3032229004
2032,ails2_etaMax1.000_stoppingTime864000.00,408894.0,315211.7732229004
2033,ails2_etaMax1.000_stoppingTime432000.00,407807.0,316399.37422290037
2034,ails2_etaMax1.000_stoppingTime432000.00,407802.0,316399.6942229004
2035,HGS-TV,407799.0,318749.75888347626
2036,ails2_etaMax1.000_stoppingTime864000.00,408892.0,322215.3272229004
2037,ails2_etaMax1.000_stoppingTime864000.00,408877.0,322216.5182229004
2038,ails2_etaMax1.000_stoppingTime864000.00,408875.0,322280.33622290037
2039,ails2_etaMax1.000_stoppingTime864000.00,408871.0,322438.4022229004
2040,ails2_etaMax1.000_stoppingTime864000.00,408846.0,322438.8602229004
2041,ails2_etaMax1.000_stoppingTime1728000.00,410388.0,323428.1522229004
2042,ails2_etaMax1.000_stoppingTime1728000.00,410278.0,323429.7122229004
2043,ails2_etaMax1.000_stoppingTime432000.00,407801.0,329332.3272229004
2044,ails2_etaMax1.000_stoppingTime432000.00,407799.0,329332.5882229004
2045,ails2_etaMax1.000_stoppingTime432000.00,407797.0,329438.4822229004
2046,HGS-TV,407799.0,329887.7839653492
2047,HGS-TV,407799.0,329947.93847823143
2048,HGS-TV,407799.0,330008.76355934143
2049,HGS-TV,407799.0,330068.8249382973
2050,HGS-TV,407799.0,330206.14454984665
2051,HGS-TV,407799.0,330266.29199028015
2052,HGS-TV,407799.0,330327.0091404915
2053,HGS-TV,407799.0,330526.7520060539
2054,HGS-TV,407799.0,330649.664031744
2055,HGS-TV,407799.0,330892.9920859337
2056,ails2_etaMax1.000_stoppingTime864000.00,408845.0,331045.5412229004
2057,ails2_etaMax1.000_stoppingTime864000.00,408841.0,331048.3882229004
2058,ails2_etaMax1.000_stoppingTime864000.00,408837.0,331252.96122290037
2059,ails2_etaMax1.000_stoppingTime864000.00,408827.0,331265.4752229004
2060,ails2_etaMax1.000_stoppingTime864000.00,408791.0,331358.8292229004
2061,HGS-TV,407795.0,332174.0296063423
2062,ails2_etaMax0.005_stoppingTime86400.00,407796.0,332349.0142229004
2063,ails2_etaMax1.000_stoppingTime864000.00,408789.0,333257.0782229004
2064,ails2_etaMax1.000_stoppingTime864000.00,408669.0,333302.3642229004
2065,ails2_etaMax1.000_stoppingTime432000.00,407796.0,334430.2592229004
2066,ails2_etaMax1.000_stoppingTime432000.00,407795.0,335272.01622290036
2067,ails2_etaMax1.000_stoppingTime432000.00,407794.0,335448.9592229004
2068,HGS-TV,407793.0,336082.3375737667
2069,ails2_etaMax1.000_stoppingTime432000.00,407793.0,336114.6272229004
2070,ails2_etaMax1.000_stoppingTime432000.00,407791.0,336173.09222290036
2071,ails2_etaMax1.000_stoppingTime432000.00,407790.0,336713.3082229004
2072,ails2_etaMax1.000_stoppingTime432000.00,407785.0,336714.3072229004
2073,HGS-TV,407792.0,337371.19721627235
2074,HGS-TV,407791.0,337571.46230983734
2075,HGS-TV,407790.0,337631.53512358665
2076,HGS-TV,407782.0,338795.6245024204
2077,ails2_etaMax1.000_stoppingTime864000.00,408663.0,341902.0182229004
2078,ails2_etaMax1.000_stoppingTime864000.00,408653.0,341902.6702229004
2079,ails2_etaMax1.000_stoppingTime1728000.00,410273.0,344612.21122290037
2080,ails2_etaMax1.000_stoppingTime1728000.00,410228.0,344622.9462229004
2081,ails2_etaMax1.000_stoppingTime864000.00,408651.0,345065.3652229004
2082,ails2_etaMax1.000_stoppingTime864000.00,408620.0,345066.12422290037
2083,ails2_etaMax1.000_stoppingTime1728000.00,410219.0,346832.5832229004
2084,ails2_etaMax1.000_stoppingTime1728000.00,410146.0,346834.36322290037
2085,ails2_eoh_omega2,408270.0,347112.5912229004
2086,HGS-TV,407781.0,347826.770280838
2087,ails2_etaMax1.000_stoppingTime432000.00,407783.0,350605.1812229004
2088,ails2_etaMax1.000_stoppingTime432000.00,407778.0,350630.3492229004
2089,ails2_etaMax0.010_stoppingTime432000.00,408342.0,351565.5062229004
2090,HGS-TV,407779.0,352413.547257185
2091,ails2_etaMax1.000_stoppingTime864000.00,408618.0,354889.3902229004
2092,ails2_etaMax1.000_stoppingTime864000.00,408610.0,354889.5792229004
2093,ails2_etaMax1.000_stoppingTime864000.00,408608.0,355111.5552229004
2094,ails2_etaMax1.000_stoppingTime864000.00,408551.0,355139.7902229004
2095,ails2_etaMax1.000_stoppingTime864000.00,408502.0,355208.95622290036
2096,HGS-TV,407776.0,355350.29119443893
2097,HGS-TV,407775.0,360847.379324913
2098,ails2_etaMax1.000_stoppingTime864000.00,408498.0,369198.4702229004
2099,ails2_etaMax1.000_stoppingTime864000.00,408457.0,369210.9662229004
2100,ails2_etaMax1.000_stoppingTime1728000.00,410140.0,369552.0202229004
2101,ails2_etaMax1.000_stoppingTime1728000.00,410014.0,369556.4572229004
2102,HGS-TV,407775.0,370234.3034288883
2103,HGS-TV,407775.0,370294.5196452141
2104,HGS-TV,407775.0,370369.14606666565
2105,HGS-TV,407775.0,370448.950401783
2106,HGS-TV,407775.0,370509.45053601265
2107,HGS-TV,407775.0,370593.5442919731
2108,HGS-TV,407775.0,370904.2014467716
2109,HGS-TV,407775.0,370982.38651394844
2110,HGS-TV,407775.0,371299.3031680584
2111,HGS-TV,407775.0,371404.8691749573
2112,HGS-TV,407775.0,371465.85627245903
2113,HGS-TV,407775.0,371650.13900756836
2114,HGS-TV,407775.0,371973.16429543495
2115,HGS-TV,407775.0,372109.92026019096
2116,HGS-TV,407775.0,372738.7343387604
2117,HGS-TV,407775.0,372853.32028627396
2118,HGS-TV,407775.0,372968.9627685547
2119,HGS-TV,407775.0,373247.95944190025
2120,HGS-TV,407775.0,373438.33834815025
2121,HGS-TV,407775.0,374077.14955186844
2122,HGS-TV,407775.0,374316.0742945671
2123,HGS-TV,407775.0,375183.4951291084
2124,HGS-TV,407775.0,375259.08344101906
2125,HGS-TV,407775.0,375416.93726468086
2126,HGS-TV,407775.0,375519.91670942307
2127,HGS-TV,407775.0,375580.39119815826
2128,HGS-TV,407775.0,375640.6807117462
2129,HGS-TV,407775.0,375701.16091656685
2130,HGS-TV,407775.0,375984.7819843292
2131,HGS-TV,407775.0,376095.5893998146
2132,ails2_etaMax0.010_stoppingTime432000.00,408341.0,376149.67922290036
2133,HGS-TV,407775.0,376155.8241093159
2134,HGS-TV,407775.0,376256.9991288185
2135,HGS-TV,407775.0,376317.1865758896
2136,ails2_etaMax1.000_stoppingTime432000.00,407777.0,376385.0802229004
2137,HGS-TV,407775.0,377095.22165226936
2138,HGS-TV,407775.0,377265.9531984329
2139,HGS-TV,407775.0,377678.167437315
2140,HGS-TV,407775.0,377928.93766474724
2141,HGS-TV,407775.0,377989.5758395195
2142,HGS-TV,407775.0,378349.65002179146
2143,ails2_etaMax1.000_stoppingTime432000.00,407776.0,378847.0552229004
2144,HGS-TV,407775.0,379605.4029598236
2145,ails2_etaMax1.000_stoppingTime1728000.00,410011.0,380031.5172229004
2146,ails2_etaMax1.000_stoppingTime1728000.00,410009.0,380031.5462229004
2147,ails2_eoh_omega2,408269.0,380988.8732229004
2148,HGS-TV,407775.0,381429.3231008053
2149,ails2_etaMax1.000_stoppingTime432000.00,407775.0,381555.2132229004
2150,ails2_eoh_omega2,408268.0,381715.1362229004
2151,HGS-TV,407775.0,382633.3164560795
2152,HGS-TV,407775.0,384084.71171212196
2153,HGS-TV,407775.0,384537.1635506153
2154,HGS-TV,407775.0,385151.3505344391
2155,HGS-TV,407775.0,386393.07706570625
2156,HGS-TV,407775.0,386453.2936196327
2157,HGS-TV,407775.0,386734.5749440193
2158,HGS-TV,407775.0,387512.2420346737
2159,ails2_eoh_omega2,408267.0,387691.4682229004
2160,ails2_etaMax1.000_stoppingTime864000.00,408448.0,388610.5142229004
2161,ails2_etaMax1.000_stoppingTime864000.00,408433.0,388638.14622290037
2162,HGS-TV,407775.0,389113.8291015625
2163,ails2_etaMax1.000_stoppingTime432000.00,407774.0,389118.1992229004
2164,HGS-TV,407775.0,389374.9756267071
2165,HGS-TV,407775.0,390974.94788360596
2166,HGS-TV,407775.0,392208.2956995964
2167,ails2_etaMax1.000_stoppingTime864000.00,408430.0,392549.76622290036
2168,ails2_etaMax1.000_stoppingTime864000.00,408424.0,394588.8262229004
2169,ails2_etaMax1.000_stoppingTime864000.00,408337.0,394610.6812229004
2170,ails2_etaMax1.000_stoppingTime864000.00,408336.0,395360.2702229004
2171,ails2_etaMax1.000_stoppingTime864000.00,408306.0,395363.89122290036
2172,ails2_etaMax1.000_stoppingTime864000.00,408305.0,395596.2972229004
2173,ails2_etaMax1.000_stoppingTime864000.00,408299.0,395597.3902229004
2174,ails2_etaMax1.000_stoppingTime1728000.00,410007.0,401495.5112229004
2175,ails2_etaMax1.000_stoppingTime1728000.00,409988.0,401495.5632229004
2176,HGS-TV,407774.0,403351.8793194294
2177,HGS-TV,407774.0,403412.91546058655
2178,HGS-TV,407774.0,403473.7046864033
2179,HGS-TV,407774.0,403534.1302816868
2180,HGS-TV,407774.0,403594.23331189156
2181,HGS-TV,407774.0,403654.5440003872
2182,HGS-TV,407774.0,403907.347871542
2183,HGS-TV,407774.0,404106.0151286125
2184,HGS-TV,407774.0,404263.58008885384
2185,HGS-TV,407774.0,404323.914293766
2186,HGS-TV,407774.0,404384.28352975845
2187,HGS-TV,407774.0,404774.6535475254
2188,HGS-TV,407774.0,405072.4109761715
2189,HGS-TV,407774.0,405296.7921869755
2190,ails2_etaMax1.000_stoppingTime1728000.00,409982.0,406271.8242229004
2191,ails2_etaMax1.000_stoppingTime1728000.00,409977.0,406271.8832229004
2192,HGS-TV,407774.0,406849.8120136261
2193,ails2_etaMax1.000_stoppingTime1728000.00,409971.0,407335.6802229004
2194,ails2_etaMax1.000_stoppingTime1728000.00,409865.0,407337.9022229004
2195,HGS-TV,407774.0,407687.65443229675
2196,HGS-TV,407774.0,408040.5163383484
2197,HGS-TV,407774.0,408299.97529935837
2198,HGS-TV,407774.0,408847.96147465706
2199,ails2_etaMax1.000_stoppingTime864000.00,408295.0,408875.29822290037
2200,ails2_etaMax1.000_stoppingTime864000.00,408293.0,408875.3672229004
2201,HGS-TV,407774.0,409258.8623178005
2202,HGS-TV,407774.0,410220.0173532963
2203,HGS-TV,407774.0,410531.140999794
2204,HGS-TV,407774.0,410753.4284980297
2205,HGS-TV,407774.0,412404.7811970711
2206,HGS-TV,407774.0,412621.11204481125
2207,ails2_etaMax1.000_stoppingTime1728000.00,409859.0,413666.27122290037
2208,ails2_etaMax1.000_stoppingTime1728000.00,409785.0,413666.3622229004
2209,HGS-TV,407774.0,414182.498401165
2210,HGS-TV,407774.0,414243.19106292725
2211,HGS-TV,407774.0,415008.41108083725
2212,HGS-TV,407774.0,415385.3791718483
2213,ails2_eoh_omega2,408266.0,415859.8762229004
2214,ails2_eoh_omega2,408265.0,415861.16222290037
2215,ails2_eoh_omega2,408263.0,416421.4432229004
2216,HGS-TV,407774.0,416914.9435696602
2217,HGS-TV,407774.0,417259.7901661396
2218,HGS-TV,407774.0,418861.93031692505
2219,HGS-TV,407774.0,419298.359906435
2220,HGS-TV,407774.0,420043.3204495907
2221,HGS-TV,407774.0,420156.9782912731
2222,HGS-TV,407774.0,421027.9772708416
2223,ails2_etaMax1.000_stoppingTime864000.00,408282.0,421421.2832229004
2224,ails2_etaMax1.000_stoppingTime864000.00,408252.0,421436.3342229004
2225,ails2_etaMax1.000_stoppingTime864000.00,408249.0,421952.9852229004
2226,ails2_etaMax1.000_stoppingTime864000.00,408218.0,421953.2502229004
2227,ails2_etaMax1.000_stoppingTime864000.00,408214.0,422269.8152229004
2228,ails2_etaMax1.000_stoppingTime864000.00,408211.0,422269.8722229004
2229,HGS-TV,407774.0,423070.449170351
2230,HGS-TV,407774.0,423241.0532255173
2231,HGS-TV,407774.0,424252.56306004524
2232,HGS-TV,407774.0,424407.3388514519
2233,HGS-TV,407774.0,425205.9462199211
2234,HGS-TV,407774.0,426700.8314921856
2235,HGS-TV,407774.0,427586.06015253067
2236,ails2_etaMax1.000_stoppingTime1728000.00,409783.0,428528.8342229004
2237,ails2_etaMax1.000_stoppingTime864000.00,408206.0,428530.6152229004
2238,ails2_etaMax1.000_stoppingTime1728000.00,409681.0,428530.6092229004
2239,ails2_etaMax1.000_stoppingTime864000.00,408185.0,428540.9552229004
2240,ails2_etaMax1.000_stoppingTime864000.00,408184.0,428992.29322290036
2241,ails2_etaMax1.000_stoppingTime864000.00,408179.0,429057.3212229004
2242,ails2_etaMax1.000_stoppingTime864000.00,408175.0,429057.64622290037
2243,HGS-TV,407774.0,429200.3766436577
2244,ails2_etaMax1.000_stoppingTime864000.00,408174.0,429380.94522290037
2245,ails2_etaMax1.000_stoppingTime864000.00,408148.0,429382.7482229004
2246,HGS-TV,407774.0,431504.8626127243
2247,ails2_etaMax1.000_stoppingTime864000.00,408140.0,431602.0902229004
2248,HGS-TV,407774.0,431631.4586160183
2249,ails2_etaMax1.000_stoppingTime864000.00,408126.0,431603.7272229004
2250,ails2_etaMax1.000_stoppingTime864000.00,408123.0,431970.0792229004
2251,ails2_etaMax1.000_stoppingTime864000.00,408109.0,431971.4172229004
2252,ails2_etaMax1.000_stoppingTime864000.00,408107.0,446029.5022229004
2253,ails2_etaMax1.000_stoppingTime864000.00,408095.0,446031.2142229004
2254,ails2_etaMax1.000_stoppingTime864000.00,408093.0,454956.1442229004
2255,ails2_etaMax1.000_stoppingTime864000.00,408070.0,454967.6872229004
2256,ails2_etaMax1.000_stoppingTime864000.00,408069.0,455350.14622290037
2257,ails2_etaMax1.000_stoppingTime864000.00,408053.0,455352.9572229004
2258,ails2_etaMax1.000_stoppingTime864000.00,408049.0,460329.5192229004
2259,ails2_etaMax1.000_stoppingTime864000.00,408043.0,460329.6482229004
2260,ails2_etaMax1.000_stoppingTime1728000.00,409680.0,469054.2612229004
2261,ails2_etaMax1.000_stoppingTime1728000.00,409650.0,469054.45022290037
2262,ails2_etaMax1.000_stoppingTime864000.00,408036.0,470053.5172229004
2263,ails2_etaMax1.000_stoppingTime864000.00,407981.0,470069.1942229004
2264,ails2_etaMax1.000_stoppingTime1728000.00,409649.0,471871.8012229004
2265,ails2_etaMax1.000_stoppingTime1728000.00,409592.0,471880.7762229004
2266,ails2_etaMax1.000_stoppingTime1728000.00,409591.0,479552.1752229004
2267,ails2_etaMax1.000_stoppingTime1728000.00,409582.0,479554.9792229004
2268,ails2_etaMax1.000_stoppingTime1728000.00,409562.0,479926.2852229004
2269,ails2_etaMax1.000_stoppingTime1728000.00,409445.0,479930.7682229004
2270,ails2_etaMax1.000_stoppingTime864000.00,407976.0,482486.3082229004
2271,ails2_etaMax1.000_stoppingTime864000.00,407974.0,482500.2582229004
2272,ails2_etaMax1.000_stoppingTime864000.00,407971.0,482847.3732229004
2273,ails2_etaMax1.000_stoppingTime864000.00,407969.0,482853.0892229004
2274,ails2_etaMax1.000_stoppingTime864000.00,407968.0,483128.7742229004
2275,ails2_etaMax1.000_stoppingTime864000.00,407958.0,483175.0762229004
2276,ails2_etaMax1.000_stoppingTime864000.00,407954.0,483271.9572229004
2277,ails2_etaMax1.000_stoppingTime864000.00,407939.0,483273.16222290037
2278,ails2_etaMax1.000_stoppingTime864000.00,407936.0,483547.8192229004
2279,ails2_etaMax1.000_stoppingTime864000.00,407932.0,483560.54822290037
2280,ails2_etaMax1.000_stoppingTime864000.00,407928.0,483872.3012229004
2281,ails2_etaMax1.000_stoppingTime864000.00,407927.0,483872.3482229004
2282,ails2_etaMax1.000_stoppingTime864000.00,407926.0,484266.8332229004
2283,ails2_etaMax1.000_stoppingTime864000.00,407908.0,484268.1862229004
2284,ails2_etaMax1.000_stoppingTime864000.00,407903.0,489877.73822290037
2285,ails2_etaMax1.000_stoppingTime864000.00,407895.0,501813.8002229004
2286,ails2_etaMax1.000_stoppingTime864000.00,407888.0,501816.68422290037
2287,ails2_etaMax1.000_stoppingTime864000.00,407883.0,501919.0312229004
2288,ails2_etaMax1.000_stoppingTime864000.00,407882.0,502378.4782229004
2289,ails2_etaMax1.000_stoppingTime864000.00,407869.0,503049.6652229004
2290,ails2_etaMax1.000_stoppingTime864000.00,407866.0,503050.0312229004
2291,ails2_etaMax1.000_stoppingTime1728000.00,409444.0,509789.9732229004
2292,ails2_etaMax1.000_stoppingTime1728000.00,409390.0,509815.6992229004
2293,ails2_etaMax1.000_stoppingTime864000.00,407864.0,520346.4142229004
2294,ails2_etaMax1.000_stoppingTime864000.00,407862.0,520348.9712229004
2295,ails2_etaMax1.000_stoppingTime864000.00,407856.0,524088.9732229004
2296,ails2_etaMax1.000_stoppingTime864000.00,407853.0,524094.4062229004
2297,ails2_etaMax1.000_stoppingTime864000.00,407846.0,528681.0942229003
2298,ails2_etaMax1.000_stoppingTime864000.00,407827.0,528737.1282229004
2299,ails2_etaMax1.000_stoppingTime864000.00,407826.0,528832.2982229004
2300,ails2_etaMax1.000_stoppingTime864000.00,407821.0,528834.9462229004
2301,ails2_etaMax1.000_stoppingTime1728000.00,409384.0,533501.3782229004
2302,ails2_etaMax1.000_stoppingTime1728000.00,409332.0,533502.1072229004
2303,ails2_etaMax1.000_stoppingTime1728000.00,409309.0,542157.7642229004
2304,ails2_etaMax1.000_stoppingTime1728000.00,409268.0,542159.6712229004
2305,ails2_etaMax1.000_stoppingTime1728000.00,409264.0,551227.7942229004
2306,ails2_etaMax1.000_stoppingTime1728000.00,409263.0,551363.0202229004
2307,ails2_etaMax1.000_stoppingTime1728000.00,409246.0,551363.0512229004
2308,ails2_etaMax1.000_stoppingTime1728000.00,409238.0,554526.0112229004
2309,ails2_etaMax1.000_stoppingTime1728000.00,409218.0,554526.1872229003
2310,ails2_etaMax1.000_stoppingTime1728000.00,409191.0,554600.7312229004
2311,ails2_etaMax1.000_stoppingTime864000.00,407818.0,555684.2172229004
2312,ails2_etaMax1.000_stoppingTime864000.00,407813.0,555693.8472229004
2313,ails2_etaMax1.000_stoppingTime864000.00,407809.0,556283.7632229003
2314,ails2_etaMax1.000_stoppingTime864000.00,407807.0,558625.0452229003
2315,ails2_etaMax1.000_stoppingTime864000.00,407797.0,558626.4202229003
2316,ails2_etaMax1.000_stoppingTime864000.00,407794.0,573991.0072229004
2317,ails2_etaMax1.000_stoppingTime864000.00,407793.0,575249.1852229004
2318,ails2_etaMax1.000_stoppingTime864000.00,407785.0,575249.7172229004
2319,ails2_etaMax1.000_stoppingTime1728000.00,409186.0,578446.6702229003
2320,ails2_etaMax1.000_stoppingTime1728000.00,409155.0,578452.0472229004
2321,ails2_etaMax1.000_stoppingTime1728000.00,409149.0,578617.3332229004
2322,ails2_etaMax1.000_stoppingTime1728000.00,409114.0,578620.6542229004
2323,ails2_etaMax1.000_stoppingTime864000.00,407781.0,582279.2502229004
2324,ails2_etaMax1.000_stoppingTime864000.00,407779.0,582279.2852229003
2325,ails2_etaMax1.000_stoppingTime864000.00,407777.0,584241.8752229004
2326,ails2_etaMax1.000_stoppingTime864000.00,407772.0,584241.9222229004
2327,ails2_etaMax1.000_stoppingTime864000.00,407769.0,586716.4022229004
2328,ails2_etaMax1.000_stoppingTime864000.00,407764.0,586716.9142229004
2329,filo2,407762.0,586940.6670241356
2330,ails2_etaMax0.005_stoppingTime86400.00,407739.0,586920.2212229004
2331,ails2_etaMax0.005_stoppingTime86400.00,407738.0,587184.1342229004
2332,HGS-TV,407733.0,587196.4456679821
2333,ails2_etaMax0.005_stoppingTime86400.00,407736.0,587185.1932229004
2334,ails2_etaMax0.005_stoppingTime86400.00,407732.0,587386.0182229003
2335,ails2_etaMax0.005_stoppingTime86400.00,407731.0,587843.0412229004
2336,ails2_etaMax0.005_stoppingTime86400.00,407724.0,587855.4062229004
2337,ails2_etaMax0.005_stoppingTime86400.00,407722.0,588320.3032229004
2338,ails2_etaMax0.005_stoppingTime86400.00,407721.0,588320.6012229004
2339,ails2_etaMax1.000_stoppingTime1728000.00,409101.0,589442.1122229004
2340,ails2_etaMax1.000_stoppingTime1728000.00,409094.0,589442.1442229004
2341,ails2_etaMax1.000_stoppingTime1728000.00,409073.0,590257.1492229004
2342,ails2_etaMax1.000_stoppingTime1728000.00,409072.0,590259.8902229004
2343,HGS-TV,407719.0,591341.0311214924
2344,HGS-TV,407717.0,594142.8922693729
2345,ails2_etaMax1.000_stoppingTime1728000.00,409066.0,598184.3962229004
2346,ails2_etaMax1.000_stoppingTime1728000.00,409054.0,598184.8872229004
2347,HGS-TV,407716.0,598428.8115274906
2348,ails2_etaMax1.000_stoppingTime864000.00,407762.0,599585.9282229004
2349,ails2_etaMax1.000_stoppingTime864000.00,407747.0,599591.8392229003
2350,ails2_etaMax1.000_stoppingTime1728000.00,409053.0,603032.3722229004
2351,ails2_etaMax1.000_stoppingTime1728000.00,408946.0,603033.6072229004
2352,HGS-TV,407716.0,606608.3226058483
2353,HGS-TV,407716.0,606668.9486114979
2354,HGS-TV,407716.0,606729.5332782269
2355,HGS-TV,407716.0,606790.6137404442
2356,ails2_etaMax1.000_stoppingTime864000.00,407745.0,606809.4842229004
2357,ails2_etaMax1.000_stoppingTime864000.00,407742.0,606810.9522229003
2358,HGS-TV,407716.0,606884.4286346436
2359,HGS-TV,407716.0,606944.4937503338
2360,HGS-TV,407716.0,607073.0148339272
2361,HGS-TV,407716.0,607228.1873972416
2362,HGS-TV,407716.0,607288.4753639698
2363,HGS-TV,407716.0,607417.9994897842
2364,HGS-TV,407716.0,607590.1512308121
2365,HGS-TV,407716.0,607998.9984149933
2366,HGS-TV,407716.0,608580.8712792397
2367,HGS-TV,407716.0,609245.0220859051
2368,HGS-TV,407716.0,609706.6930997372
2369,HGS-TV,407716.0,609985.5788571835
2370,HGS-TV,407716.0,610605.6832621098
2371,HGS-TV,407716.0,610872.7785716057
2372,HGS-TV,407716.0,610932.9084465504
2373,HGS-TV,407716.0,611042.3559730053
2374,HGS-TV,407716.0,611831.1267216206
2375,HGS-TV,407716.0,611900.0679218769
2376,HGS-TV,407716.0,611960.674141407
2377,HGS-TV,407716.0,612576.4176080227
2378,HGS-TV,407716.0,612907.4795322418
2379,ails2_etaMax1.000_stoppingTime1728000.00,408936.0,613709.1082229004
2380,ails2_etaMax1.000_stoppingTime1728000.00,408865.0,613712.8312229004
2381,HGS-TV,407716.0,613856.0484793186
2382,HGS-TV,407716.0,614022.5307219028
2383,HGS-TV,407716.0,614288.1683456898
2384,HGS-TV,407716.0,615352.1930391788
2385,HGS-TV,407716.0,615436.6477108002
2386,HGS-TV,407716.0,615744.17547822
2387,HGS-TV,407716.0,616364.1583108902
2388,HGS-TV,407716.0,616720.0165650845
2389,HGS-TV,407716.0,620044.5261287689
2390,HGS-TV,407716.0,621507.0683941841
2391,HGS-TV,407716.0,623116.3927648067
2392,HGS-TV,407716.0,624327.4022707939
2393,HGS-TV,407716.0,624715.6009297371
2394,HGS-TV,407716.0,626195.1078271866
2395,HGS-TV,407716.0,627027.849473238
2396,HGS-TV,407716.0,627152.953098774
2397,HGS-TV,407716.0,627213.1326355934
2398,HGS-TV,407716.0,627279.0604290962
2399,HGS-TV,407716.0,628228.8175463676
2400,HGS-TV,407716.0,628310.4576466084
2401,HGS-TV,407716.0,629047.1636824608
2402,HGS-TV,407716.0,631870.9906349182
2403,ails2_etaMax1.000_stoppingTime1728000.00,408854.0,632700.6582229004
2404,ails2_etaMax1.000_stoppingTime1728000.00,408825.0,632701.8512229004
2405,HGS-TV,407716.0,633168.5422205925
2406,HGS-TV,407716.0,634026.1179065704
2407,HGS-TV,407716.0,635137.7373993397
2408,HGS-TV,407716.0,635565.3919439316
2409,HGS-TV,407716.0,636042.4380414486
2410,ails2_etaMax1.000_stoppingTime864000.00,407741.0,636332.2062229004
2411,HGS-TV,407716.0,636649.4340517521
2412,HGS-TV,407716.0,637131.8675715923
2413,ails2_etaMax1.000_stoppingTime864000.00,407735.0,637238.4752229004
2414,ails2_etaMax1.000_stoppingTime864000.00,407732.0,637280.1922229003
2415,HGS-TV,407716.0,638064.669541359
2416,HGS-TV,407716.0,639443.2731523514
2417,HGS-TV,407716.0,640985.8491439819
2418,HGS-TV,407716.0,641614.4712908268
2419,HGS-TV,407716.0,641836.9556026459
2420,HGS-TV,407716.0,642252.2770221233
2421,HGS-TV,407716.0,642578.3809578419
2422,HGS-TV,407716.0,644988.5564920902
2423,HGS-TV,407716.0,645049.4356412888
2424,HGS-TV,407716.0,645917.0762042999
2425,ails2_etaMax1.000_stoppingTime864000.00,407731.0,646320.3072229004
2426,ails2_etaMax1.000_stoppingTime864000.00,407727.0,646320.4252229003
2427,HGS-TV,407716.0,646986.7641108036
2428,HGS-TV,407716.0,647185.3241281509
2429,HGS-TV,407716.0,647344.5003883839
2430,HGS-TV,407716.0,647953.4987559319
2431,HGS-TV,407716.0,648133.2379925251
2432,ails2_etaMax1.000_stoppingTime1728000.00,408824.0,648492.3322229004
2433,HGS-TV,407716.0,648529.1114733219
2434,ails2_etaMax1.000_stoppingTime1728000.00,408766.0,648492.8472229004
2435,HGS-TV,407716.0,648836.5149347782
2436,HGS-TV,407716.0,648896.8131334782
2437,HGS-TV,407716.0,649230.5933954716
2438,HGS-TV,407716.0,649797.0724189281
2439,HGS-TV,407716.0,650784.7563951015
2440,HGS-TV,407716.0,651721.5973980427
2441,HGS-TV,407716.0,651918.9561009407
2442,HGS-TV,407716.0,652098.9214966297
2443,HGS-TV,407716.0,652363.8995866776
2444,ails2_etaMax1.000_stoppingTime1728000.00,408762.0,652428.5052229004
2445,ails2_etaMax1.000_stoppingTime1728000.00,408751.0,652428.5482229004
2446,ails2_etaMax1.000_stoppingTime1728000.00,408721.0,652498.5142229004
2447,ails2_etaMax1.000_stoppingTime1728000.00,408719.0,652638.4022229004
2448,ails2_etaMax1.000_stoppingTime1728000.00,408603.0,652674.4392229004
2449,HGS-TV,407716.0,652768.3702654839
2450,HGS-TV,407716.0,652881.5621945858
2451,ails2_etaMax1.000_stoppingTime1728000.00,408592.0,653302.3302229004
2452,HGS-TV,407716.0,653538.5454967022
2453,HGS-TV,407716.0,656434.6360189915
2454,HGS-TV,407716.0,656612.6566238403
2455,HGS-TV,407716.0,657380.3705298901
2456,HGS-TV,407716.0,658481.7234642506
2457,HGS-TV,407716.0,659385.9228610992
2458,HGS-TV,407716.0,660110.4466400146
2459,HGS-TV,407716.0,660170.4966769218
2460,HGS-TV,407716.0,660610.4556348324
2461,HGS-TV,407716.0,661302.2497289181
2462,HGS-TV,407716.0,664995.1846117973
2463,HGS-TV,407716.0,666827.8808181286
2464,HGS-TV,407716.0,668302.7614426613
2465,HGS-TV,407716.0,668362.9271023273
2466,HGS-TV,407716.0,668617.9056825638
2467,HGS-TV,407716.0,668831.108351469
2468,HGS-TV,407716.0,670274.5878276825
2469,HGS-TV,407716.0,670377.8222882748
2470,HGS-TV,407716.0,670438.645917654
2471,HGS-TV,407716.0,670604.4766862392
2472,HGS-TV,407716.0,670724.6888084412
2473,HGS-TV,407716.0,670869.9870216846
2474,HGS-TV,407716.0,670930.1779842377
2475,HGS-TV,407716.0,671048.6956727505
2476,HGS-TV,407716.0,671185.3484816551
2477,HGS-TV,407716.0,671335.2933607101
2478,HGS-TV,407716.0,671395.4535527229
2479,HGS-TV,407716.0,671488.5142462254
2480,HGS-TV,407716.0,671549.011808157
2481,HGS-TV,407716.0,671609.1665706635
2482,HGS-TV,407716.0,671870.5371124744
2483,HGS-TV,407716.0,672049.3823335171
2484,HGS-TV,407716.0,672109.6710195541
2485,HGS-TV,407716.0,672208.0495355129
2486,HGS-TV,407716.0,672268.4320604801
2487,HGS-TV,407716.0,672329.1511056423
2488,HGS-TV,407716.0,672401.4935436249
2489,HGS-TV,407716.0,672897.2230529785
2490,HGS-TV,407716.0,673370.262408495
2491,HGS-TV,407716.0,674176.7617812157
2492,HGS-TV,407716.0,674815.4988548756
2493,HGS-TV,407716.0,674921.9843380451
2494,HGS-TV,407716.0,675052.7287974358
2495,HGS-TV,407716.0,675148.1985836029
2496,HGS-TV,407716.0,675254.5448348522
2497,HGS-TV,407716.0,676236.8454563618
2498,HGS-TV,407716.0,676562.9040706158
2499,HGS-TV,407716.0,676813.3519909382
2500,HGS-TV,407716.0,677450.1918599606
2501,HGS-TV,407716.0,679291.7500627041
2502,HGS-TV,407716.0,680005.8019108772
2503,HGS-TV,407716.0,681357.8766276836
2504,HGS-TV,407716.0,681662.9393939972
2505,HGS-TV,407716.0,682278.6948456764
2506,HGS-TV,407716.0,682339.1824429035
2507,HGS-TV,407716.0,682707.5870764256
2508,HGS-TV,407716.0,683443.3395037651
2509,HGS-TV,407716.0,684007.7422780991
2510,HGS-TV,407716.0,685442.1103191376
2511,HGS-TV,407716.0,686123.9123699665
2512,HGS-TV,407716.0,686635.2939629555
2513,HGS-TV,407716.0,687868.3325953484
2514,HGS-TV,407716.0,688174.4787967205
2515,HGS-TV,407716.0,688471.7533268929
2516,HGS-TV,407716.0,688839.2942247391
2517,HGS-TV,407716.0,690523.6295347214
2518,HGS-TV,407716.0,690597.568062067
2519,HGS-TV,407716.0,690679.7321662903
2520,HGS-TV,407716.0,691037.3327646255
2521,HGS-TV,407716.0,692148.3268640041
2522,HGS-TV,407716.0,692910.6572785378
2523,HGS-TV,407716.0,693320.7773411274
2524,HGS-TV,407716.0,693396.6400728226
2525,HGS-TV,407716.0,693457.1067008972
2526,HGS-TV,407716.0,693652.195070982
2527,HGS-TV,407716.0,696373.9619014263
2528,ails2_etaMax1.000_stoppingTime864000.00,407726.0,696703.7852229003
2529,ails2_etaMax1.000_stoppingTime864000.00,407725.0,696703.8472229004
2530,ails2_etaMax1.000_stoppingTime864000.00,407724.0,696841.7292229004
2531,ails2_etaMax1.000_stoppingTime864000.00,407722.0,696842.6452229004
2532,ails2_etaMax1.000_stoppingTime864000.00,407721.0,697191.0862229004
2533,HGS-TV,407716.0,697502.3777792454
2534,HGS-TV,407716.0,697562.5531072617
2535,HGS-TV,407716.0,698938.0539269447
2536,HGS-TV,407716.0,699239.7383537292
2537,HGS-TV,407716.0,700217.7954349518
2538,HGS-TV,407716.0,700456.8659107685
2539,HGS-TV,407716.0,700980.4146621227
2540,HGS-TV,407716.0,701209.948141098
2541,ails2_etaMax1.000_stoppingTime864000.00,407720.0,701214.4902229004
2542,HGS-TV,407716.0,701270.4281036854
2543,HGS-TV,407716.0,701534.1419072151
2544,HGS-TV,407716.0,701670.6611089706
2545,HGS-TV,407716.0,701730.8887419701
2546,HGS-TV,407716.0,702004.8618075848
2547,HGS-TV,407716.0,702071.8227748871
2548,HGS-TV,407716.0,702255.8285889626
2549,HGS-TV,407716.0,702582.5557677746
2550,ails2_etaMax1.000_stoppingTime864000.00,407718.0,702919.2632229003
2551,ails2_etaMax1.000_stoppingTime864000.00,407714.0,702919.8222229003
2552,HGS-TV,407716.0,704460.8545670509
2553,ails2_etaMax1.000_stoppingTime864000.00,407713.0,704619.9772229004
2554,HGS-TV,407716.0,705320.9117670059
2555,HGS-TV,407712.0,706018.5075991154
2556,ails2_etaMax1.000_stoppingTime1728000.00,408582.0,706410.8462229004
2557,ails2_etaMax1.000_stoppingTime1728000.00,408573.0,706411.4692229003
2558,ails2_etaMax1.000_stoppingTime1728000.00,408561.0,706978.7302229004
2559,ails2_etaMax1.000_stoppingTime1728000.00,408534.0,706984.8772229004
2560,ails2_etaMax1.000_stoppingTime1728000.00,408527.0,708807.1912229004
2561,HGS-TV,407709.0,709620.2310152054
2562,HGS-TV,407708.0,710321.2945420742
2563,HGS-TV,407707.0,716962.1345477104
2564,HGS-TV,407705.0,717562.814265728
2565,ails2_etaMax1.000_stoppingTime1728000.00,408525.0,721388.2142229003
2566,ails2_etaMax1.000_stoppingTime1728000.00,408460.0,721399.2282229004
2567,HGS-TV,407705.0,726617.937117815
2568,HGS-TV,407705.0,726678.6213653088
2569,HGS-TV,407705.0,726739.6019537449
2570,HGS-TV,407705.0,726800.8452956676
2571,HGS-TV,407705.0,726861.3947715759
2572,HGS-TV,407705.0,726921.5829846859
2573,HGS-TV,407705.0,726982.2965729237
2574,HGS-TV,407705.0,727042.9013245106
2575,HGS-TV,407705.0,727110.3180999756
2576,HGS-TV,407705.0,727170.5237455368
2577,HGS-TV,407705.0,727259.4523904324
2578,HGS-TV,407705.0,727327.7490391731
2579,HGS-TV,407705.0,727493.5324246883
2580,HGS-TV,407705.0,728056.445463419
2581,HGS-TV,407705.0,728338.2429914474
2582,HGS-TV,407705.0,728989.4040961266
2583,HGS-TV,407705.0,729184.7324941158
2584,HGS-TV,407705.0,729245.019245863
2585,HGS-TV,407705.0,729406.5172915459
2586,HGS-TV,407705.0,729897.5412459373
2587,HGS-TV,407705.0,730011.3797090054
2588,HGS-TV,407705.0,730307.4228680134
2589,HGS-TV,407705.0,730631.1829123497
2590,HGS-TV,407705.0,732833.4459087849
2591,HGS-TV,407705.0,732980.0839002132
2592,HGS-TV,407705.0,733225.6773269176
2593,HGS-TV,407705.0,734106.5508160591
2594,HGS-TV,407705.0,734166.5666460991
2595,HGS-TV,407705.0,734310.5458791256
2596,ails2_etaMax1.000_stoppingTime864000.00,407712.0,734392.4432229004
2597,ails2_etaMax1.000_stoppingTime864000.00,407710.0,734510.2922229004
2598,HGS-TV,407705.0,734531.5324921608
2599,ails2_etaMax1.000_stoppingTime864000.00,407709.0,734530.1992229004
2600,HGS-TV,407705.0,736760.3678193092
2601,HGS-TV,407705.0,737212.9868955612
2602,HGS-TV,407705.0,737273.5440664291
2603,HGS-TV,407705.0,737480.002022028
2604,HGS-TV,407705.0,737883.7951815128
2605,HGS-TV,407705.0,738422.724927187
2606,HGS-TV,407705.0,738504.7425940037
2607,HGS-TV,407705.0,738920.568333149
2608,HGS-TV,407705.0,739670.5048344135
2609,HGS-TV,407705.0,740332.4777433872
2610,HGS-TV,407705.0,740833.732260704
2611,HGS-TV,407705.0,744402.9284608364
2612,HGS-TV,407705.0,744899.0249159336
2613,HGS-TV,407705.0,746438.6116018295
2614,HGS-TV,407705.0,749715.370102644
2615,HGS-TV,407705.0,751933.1199145317
2616,HGS-TV,407705.0,754317.6330635548
2617,HGS-TV,407705.0,754416.7020454407
2618,HGS-TV,407705.0,754652.6885578632
2619,ails2_etaMax1.000_stoppingTime1728000.00,408451.0,754752.2702229004
2620,ails2_etaMax1.000_stoppingTime1728000.00,408430.0,754766.9132229004
2621,HGS-TV,407705.0,754886.1476724148
2622,HGS-TV,407705.0,755164.8802297115
2623,HGS-TV,407705.0,756011.5446920395
2624,HGS-TV,407705.0,756072.1345984936
2625,HGS-TV,407705.0,756177.1433384418
2626,HGS-TV,407705.0,756798.2599081993
2627,HGS-TV,407705.0,756858.8896992207
2628,HGS-TV,407705.0,757455.2416176796
2629,HGS-TV,407705.0,757554.1751029491
2630,HGS-TV,407705.0,758175.1335566044
2631,HGS-TV,407705.0,761318.1983239651
2632,HGS-TV,407705.0,764227.1803309917
2633,HGS-TV,407705.0,764459.4464571476
2634,HGS-TV,407705.0,764581.5680730343
2635,HGS-TV,407705.0,768635.6902008057
2636,HGS-TV,407705.0,769145.9048686028
2637,ails2_etaMax1.000_stoppingTime864000.00,407708.0,772065.9482229004
2638,ails2_etaMax1.000_stoppingTime864000.00,407707.0,772066.2642229004
2639,HGS-TV,407705.0,773006.9501199722
2640,ails2_etaMax1.000_stoppingTime864000.00,407706.0,773068.0852229004
2641,HGS-TV,407705.0,773791.2878975868
2642,HGS-TV,407705.0,774362.8377766609
2643,HGS-TV,407705.0,775957.7559978962
2644,HGS-TV,407705.0,779033.3776528835
2645,HGS-TV,407705.0,779196.1797468662
2646,HGS-TV,407705.0,780086.1094255447
2647,HGS-TV,407705.0,781927.4989845753
2648,HGS-TV,407705.0,782022.8186795712
2649,HGS-TV,407705.0,783728.6691768169
2650,HGS-TV,407705.0,783931.439463377
2651,ails2_etaMax1.000_stoppingTime1728000.00,408423.0,784296.9232229004
2652,ails2_etaMax1.000_stoppingTime1728000.00,408403.0,784297.5292229004
2653,ails2_etaMax1.000_stoppingTime1728000.00,408398.0,784420.8862229004
2654,ails2_etaMax1.000_stoppingTime1728000.00,408392.0,784727.8692229004
2655,ails2_etaMax1.000_stoppingTime1728000.00,408389.0,784733.8022229004
2656,HGS-TV,407705.0,785370.9664199352
2657,HGS-TV,407705.0,786345.9898271561
2658,HGS-TV,407705.0,786496.2373795509
2659,HGS-TV,407705.0,787531.9385988712
2660,ails2_etaMax1.000_stoppingTime1728000.00,408385.0,789075.1012229004
2661,ails2_etaMax1.000_stoppingTime1728000.00,408352.0,789082.2512229003
2662,HGS-TV,407705.0,790770.4192783833
2663,ails2_etaMax1.000_stoppingTime864000.00,407705.0,791666.2642229004
2664,HGS-TV,407705.0,792161.7753491402
2665,ails2_etaMax1.000_stoppingTime1728000.00,408351.0,792893.1002229004
2666,ails2_etaMax1.000_stoppingTime1728000.00,408334.0,792895.9892229004
2667,ails2_etaMax1.000_stoppingTime1728000.00,408309.0,792964.8382229004
2668,HGS-TV,407705.0,793557.8290946484
2669,ails2_etaMax1.000_stoppingTime1728000.00,408307.0,793601.1992229004
2670,HGS-TV,407705.0,793618.0624434948
2671,HGS-TV,407705.0,794902.3460011482
2672,HGS-TV,407705.0,796837.2103242874
2673,HGS-TV,407705.0,798182.8257517815
2674,ails2_etaMax1.000_stoppingTime1728000.00,408305.0,799393.5002229004
2675,ails2_etaMax1.000_stoppingTime1728000.00,408267.0,799400.8382229004
2676,HGS-TV,407705.0,799879.2420704365
2677,HGS-TV,407705.0,799940.3720788956
2678,HGS-TV,407705.0,800137.5050120354
2679,ails2_etaMax1.000_stoppingTime1728000.00,408266.0,800436.9782229004
2680,ails2_etaMax1.000_stoppingTime1728000.00,408239.0,800457.9212229004
2681,HGS-TV,407705.0,801292.9670770168
2682,HGS-TV,407705.0,802082.3088104725
2683,HGS-TV,407705.0,802650.7669761181
2684,HGS-TV,407705.0,803283.3606226444
2685,ails2_etaMax1.000_stoppingTime1728000.00,408238.0,803429.1902229004
2686,ails2_etaMax1.000_stoppingTime1728000.00,408184.0,803438.2112229004
2687,ails2_etaMax1.000_stoppingTime864000.00,407704.0,804876.1772229004
2688,ails2_etaMax1.000_stoppingTime864000.00,407703.0,804876.7612229004
2689,HGS-TV,407705.0,806174.7031464577
2690,HGS-TV,407702.0,807303.9215495586
2691,HGS-TV,407701.0,811425.5023453236
2692,ails2_etaMax1.000_stoppingTime864000.00,407702.0,814470.0782229004
2693,HGS-TV,407700.0,817393.3010568619
2694,HGS-TV,407700.0,824696.286397934
2695,HGS-TV,407700.0,824756.7996366024
2696,HGS-TV,407700.0,824832.4479033947
2697,HGS-TV,407700.0,824892.4530405998
2698,HGS-TV,407700.0,824953.4044620991
2699,HGS-TV,407700.0,825076.5106265545
2700,HGS-TV,407700.0,825137.4156911373
2701,HGS-TV,407700.0,825224.7888865471
2702,HGS-TV,407700.0,825292.6066696644
2703,HGS-TV,407700.0,825354.6149127483
2704,HGS-TV,407700.0,825485.6657037735
2705,HGS-TV,407700.0,825656.0108463764
2706,HGS-TV,407700.0,826127.1291534901
2707,HGS-TV,407700.0,826230.0001530647
2708,HGS-TV,407700.0,826858.1314468384
2709,HGS-TV,407700.0,826918.2265613079
2710,HGS-TV,407700.0,826979.1940515041
2711,HGS-TV,407700.0,827068.6366288662
2712,HGS-TV,407700.0,827137.2299451828
2713,HGS-TV,407700.0,827197.494784832
2714,HGS-TV,407700.0,827763.8737778664
2715,HGS-TV,407700.0,827883.9937210083
2716,HGS-TV,407700.0,828152.8702085018
2717,ails2_etaMax1.000_stoppingTime1728000.00,408178.0,828328.4322229004
2718,HGS-TV,407700.0,828337.4963405132
2719,ails2_etaMax1.000_stoppingTime1728000.00,408154.0,828329.1872229003
2720,HGS-TV,407700.0,828807.581217289
2721,HGS-TV,407700.0,831577.358659029
2722,HGS-TV,407700.0,832365.8748488426
2723,HGS-TV,407700.0,832603.941627264
2724,ails2_etaMax1.000_stoppingTime864000.00,407701.0,833796.5582229004
2725,ails2_etaMax1.000_stoppingTime864000.00,407700.0,833984.5692229004
2726,HGS-TV,407700.0,834074.8754506111
2727,HGS-TV,407700.0,834824.7443037033
2728,HGS-TV,407700.0,834884.872977972
2729,HGS-TV,407700.0,835553.470369339
2730,HGS-TV,407700.0,836246.8388590813
2731,HGS-TV,407700.0,836861.6721303463
2732,HGS-TV,407700.0,837374.5974552631
2733,HGS-TV,407700.0,838680.2059714794
2734,HGS-TV,407700.0,839605.0820012093
2735,HGS-TV,407700.0,840217.7892298698
2736,HGS-TV,407700.0,840681.5378112793
2737,HGS-TV,407700.0,840741.7304913998
2738,HGS-TV,407700.0,840892.8345370293
2739,HGS-TV,407700.0,840981.0498406887
2740,HGS-TV,407700.0,841061.6498548985
2741,HGS-TV,407700.0,841376.8885273933
2742,ails2_etaMax1.000_stoppingTime1728000.00,408144.0,841834.9792229004
2743,HGS-TV,407700.0,843119.8396377563
2744,ails2_etaMax1.000_stoppingTime1728000.00,408142.0,843330.3592229004
2745,ails2_etaMax1.000_stoppingTime1728000.00,408136.0,843642.4082229004
2746,ails2_etaMax1.000_stoppingTime1728000.00,408104.0,843646.8132229004
2747,HGS-TV,407700.0,843907.7031900883
2748,HGS-TV,407700.0,843967.9352161884
2749,HGS-TV,407700.0,844318.817841053
2750,HGS-TV,407700.0,844659.5985109806
2751,HGS-TV,407700.0,844921.8472189903
2752,HGS-TV,407700.0,845759.3435249329
2753,HGS-TV,407700.0,845945.8398396969
2754,HGS-TV,407700.0,846894.1729815006
2755,HGS-TV,407700.0,847150.2183897495
2756,HGS-TV,407700.0,847997.9284536839
2757,HGS-TV,407700.0,848226.9971964359
2758,HGS-TV,407700.0,851090.3598308563
2759,HGS-TV,407700.0,851157.3092799187
2760,HGS-TV,407700.0,851697.5980424881
2761,ails2_etaMax1.000_stoppingTime1728000.00,408103.0,852596.2622229004
2762,ails2_etaMax1.000_stoppingTime1728000.00,408011.0,852614.3902229004
2763,HGS-TV,407700.0,858573.3902256489
2764,HGS-TV,407700.0,860193.0521419048
2765,HGS-TV,407700.0,862137.4426510334
2766,HGS-TV,407700.0,862844.8789951801
2767,HGS-TV,407700.0,865097.8931114674
2768,HGS-TV,407700.0,869397.9374668598
2769,HGS-TV,407700.0,869761.3233630657
2770,HGS-TV,407700.0,870556.4588396549
2771,HGS-TV,407700.0,871275.4718539715
2772,HGS-TV,407700.0,871386.0468292236
2773,HGS-TV,407700.0,871765.6607606411
2774,HGS-TV,407700.0,874602.5045135021
2775,HGS-TV,407700.0,876426.3740451336
2776,HGS-TV,407700.0,878996.981729269
2777,HGS-TV,407700.0,880787.9186503887
2778,HGS-TV,407700.0,885302.2437307835
2779,HGS-TV,407700.0,886789.857531786
2780,HGS-TV,407700.0,887432.821448803
2781,HGS-TV,407700.0,888255.3321838379
2782,HGS-TV,407700.0,889498.1666109562
2783,HGS-TV,407700.0,890113.6409313679
2784,HGS-TV,407700.0,891234.3773257732
2785,HGS-TV,407700.0,891295.1583585739
2786,HGS-TV,407700.0,895302.1787877083
2787,HGS-TV,407700.0,896012.3547027111
2788,HGS-TV,407700.0,896411.3162865639
2789,HGS-TV,407700.0,897023.1945128441
2790,HGS-TV,407700.0,900078.69085145
2791,HGS-TV,407700.0,900309.4055056572
2792,HGS-TV,407700.0,902237.3649103642
2793,HGS-TV,407700.0,903816.4041671753
2794,HGS-TV,407700.0,904806.2219228745
2795,HGS-TV,407700.0,905944.8908288479
2796,HGS-TV,407700.0,906325.2953677177
2797,HGS-TV,407700.0,907669.1479687691
2798,HGS-TV,407700.0,908036.345291853
2799,HGS-TV,407700.0,908159.3239972591
2800,HGS-TV,407700.0,909275.6457202435
2801,HGS-TV,407700.0,909553.9362049103
2802,HGS-TV,407700.0,909627.1366291046
2803,HGS-TV,407700.0,909863.5528943539
2804,HGS-TV,407700.0,910328.4877896309
2805,HGS-TV,407700.0,910716.6230342388
2806,HGS-TV,407700.0,910804.8358530998
2807,HGS-TV,407700.0,910935.2697060108
2808,HGS-TV,407700.0,911250.6413071156
2809,HGS-TV,407700.0,911353.4683022499
2810,HGS-TV,407700.0,911589.6398193836
2811,HGS-TV,407700.0,911741.3011279106
2812,HGS-TV,407700.0,911988.2372567654
2813,HGS-TV,407700.0,912667.9310283661
2814,HGS-TV,407700.0,912810.9981503487
2815,HGS-TV,407700.0,912947.0171985626
2816,HGS-TV,407700.0,913191.180615902
2817,HGS-TV,407700.0,913251.3287951946
2818,HGS-TV,407700.0,913311.7993652821
2819,HGS-TV,407700.0,913404.699614048
2820,HGS-TV,407700.0,913968.4545226097
2821,HGS-TV,407700.0,914076.0684320927
2822,HGS-TV,407700.0,914263.80058074
2823,HGS-TV,407700.0,914704.1736402512
2824,HGS-TV,407700.0,914840.2568631172
2825,HGS-TV,407700.0,915566.7066550255
2826,HGS-TV,407700.0,916092.791538477
2827,HGS-TV,407700.0,916621.4005172253
2828,HGS-TV,407700.0,917081.0725803375
2829,HGS-TV,407700.0,918685.4039208889
2830,HGS-TV,407700.0,919852.8384883404
2831,HGS-TV,407700.0,921848.6679582596
2832,HGS-TV,407700.0,922445.427175045
2833,HGS-TV,407700.0,923003.0113120079
2834,HGS-TV,407700.0,923235.0790472031
2835,HGS-TV,407700.0,927705.782595396
2836,HGS-TV,407700.0,928971.2695434093
2837,HGS-TV,407700.0,935000.3882367611
2838,HGS-TV,407700.0,935628.0935089588
2839,HGS-TV,407700.0,936402.3379068375
2840,HGS-TV,407700.0,937275.8750038147
2841,HGS-TV,407700.0,939503.3752884865
2842,HGS-TV,407700.0,939563.453006506
2843,HGS-TV,407700.0,940370.9764125347
2844,HGS-TV,407700.0,941614.7917711735
2845,HGS-TV,407700.0,942858.1468279362
2846,HGS-TV,407700.0,943734.8340685368
2847,HGS-TV,407700.0,944660.7784793377
2848,HGS-TV,407700.0,948658.5531904697
2849,HGS-TV,407700.0,950859.5490069389
2850,HGS-TV,407700.0,951724.6645548344
2851,HGS-TV,407700.0,952733.9024734497
2852,HGS-TV,407700.0,953748.2366845608
2853,HGS-TV,407700.0,955222.2222988605
2854,HGS-TV,407700.0,955745.7880392075
2855,HGS-TV,407700.0,956199.1630475521
2856,HGS-TV,407700.0,956423.899315834
2857,HGS-TV,407700.0,957128.9542677402
2858,HGS-TV,407700.0,957663.2216949463
2859,HGS-TV,407700.0,957857.0820775032
2860,HGS-TV,407700.0,959283.8972492218
2861,HGS-TV,407700.0,961520.5551772118
2862,HGS-TV,407700.0,963233.5866024494
2863,HGS-TV,407700.0,966911.7372355461
2864,HGS-TV,407700.0,970009.3396356106
2865,HGS-TV,407700.0,970815.7913060188
2866,HGS-TV,407700.0,971684.5243778229
2867,HGS-TV,407700.0,971813.5332810879
2868,HGS-TV,407700.0,973834.5833539963
2869,ails2_etaMax1.000_stoppingTime1728000.00,408008.0,974650.1032229004
2870,ails2_etaMax1.000_stoppingTime1728000.00,408004.0,975825.4092229004
2871,ails2_etaMax1.000_stoppingTime1728000.00,407986.0,975826.5742229004
2872,HGS-TV,407700.0,976650.0627450943
2873,HGS-TV,407700.0,978446.7007756233
2874,HGS-TV,407700.0,979024.9744644165
2875,HGS-TV,407700.0,980747.6650252342
2876,HGS-TV,407700.0,981773.6228075027
2877,HGS-TV,407700.0,982628.0570921898
2878,HGS-TV,407700.0,985147.9704942703
2879,HGS-TV,407700.0,987019.2174804211
2880,HGS-TV,407700.0,987394.0711679459
2881,HGS-TV,407700.0,987968.9258599281
2882,HGS-TV,407700.0,989451.2352576256
2883,HGS-TV,407700.0,990132.7383444309
2884,HGS-TV,407700.0,990376.1299593449
2885,HGS-TV,407700.0,990985.0101821423
2886,HGS-TV,407700.0,991107.4286665916
2887,HGS-TV,407700.0,991167.9009029865
2888,HGS-TV,407700.0,992398.4110758305
2889,HGS-TV,407700.0,992881.0539736748
2890,HGS-TV,407700.0,993480.8321933746
2891,ails2_etaMax1.000_stoppingTime1728000.00,407985.0,994415.9502229004
2892,HGS-TV,407700.0,994473.0649414062
2893,HGS-TV,407700.0,995260.2373130322
2894,HGS-TV,407700.0,995903.1479022503
2895,HGS-TV,407700.0,996747.744040966
2896,HGS-TV,407700.0,997091.6165924072
2897,HGS-TV,407700.0,997338.6805438995
2898,HGS-TV,407700.0,997399.4603214264
2899,HGS-TV,407700.0,997887.5877878666
2900,HGS-TV,407700.0,997947.6156108379
2901,HGS-TV,407700.0,998007.7675359249
2902,HGS-TV,407700.0,998729.5688652992
2903,HGS-TV,407700.0,999016.7888121605
2904,HGS-TV,407700.0,999886.6173734665
2905,HGS-TV,407700.0,1003350.0426826477
2906,HGS-TV,407700.0,1004951.9333600998
2907,HGS-TV,407700.0,1005343.2585606575
2908,HGS-TV,407700.0,1005629.7951440811
2909,HGS-TV,407700.0,1006265.0848660469
2910,HGS-TV,407700.0,1006500.3603219986
2911,HGS-TV,407700.0,1007395.3276493549
2912,HGS-TV,407700.0,1008440.1703186035
2913,HGS-TV,407700.0,1009021.2236666679
2914,HGS-TV,407700.0,1010198.750689745
2915,HGS-TV,407700.0,1010258.8569684029
2916,HGS-TV,407700.0,1010715.9801375866
2917,ails2_etaMax1.000_stoppingTime1728000.00,407978.0,1010756.0132229003
2918,ails2_etaMax1.000_stoppingTime1728000.00,407974.0,1010768.0092229004
2919,HGS-TV,407700.0,1011311.8324582577
2920,HGS-TV,407700.0,1011726.2058944702
2921,HGS-TV,407700.0,1011818.5529856682
2922,HGS-TV,407700.0,1012220.6522934437
2923,HGS-TV,407700.0,1012367.5564367771
2924,HGS-TV,407700.0,1012620.2641518116
2925,HGS-TV,407700.0,1012761.2360210419
2926,ails2_etaMax1.000_stoppingTime1728000.00,407970.0,1013070.2182229004
2927,ails2_etaMax1.000_stoppingTime1728000.00,407957.0,1013071.6252229004
2928,HGS-TV,407700.0,1013606.2814466953
2929,HGS-TV,407700.0,1014146.583561182
2930,HGS-TV,407700.0,1015143.2266862392
2931,HGS-TV,407700.0,1015512.7283194065
2932,HGS-TV,407700.0,1015669.9877240658
2933,HGS-TV,407700.0,1016363.256332159
2934,HGS-TV,407700.0,1016901.3586115837
2935,HGS-TV,407700.0,1016961.9573395252
2936,HGS-TV,407700.0,1017119.3403890133
2937,HGS-TV,407700.0,1017664.8646264076
2938,HGS-TV,407700.0,1017733.1904113293
2939,HGS-TV,407700.0,1018042.2863163948
2940,HGS-TV,407700.0,1018226.548738718
2941,HGS-TV,407700.0,1018610.3067493439
2942,ails2_etaMax1.000_stoppingTime1728000.00,407953.0,1018614.7212229004
2943,ails2_etaMax1.000_stoppingTime1728000.00,407919.0,1018624.1172229004
2944,ails2_etaMax1.000_stoppingTime1728000.00,407918.0,1018683.7832229004
2945,HGS-TV,407700.0,1018906.6496436596
2946,HGS-TV,407700.0,1019483.1233580112
2947,HGS-TV,407700.0,1020426.6153366566
2948,HGS-TV,407700.0,1020487.4174306393
2949,HGS-TV,407700.0,1020729.4713435173
2950,HGS-TV,407700.0,1021684.283318758
2951,HGS-TV,407700.0,1021978.0683207512
2952,HGS-TV,407700.0,1022610.1890347004
2953,HGS-TV,407700.0,1022901.5481789112
2954,HGS-TV,407700.0,1023721.8448708057
2955,HGS-TV,407700.0,1023782.0707139969
2956,HGS-TV,407700.0,1023842.5615441799
2957,HGS-TV,407700.0,1024153.3291671276
2958,HGS-TV,407700.0,1024837.0271601677
2959,HGS-TV,407700.0,1024980.3422515392
2960,HGS-TV,407700.0,1025187.9623355865
2961,HGS-TV,407700.0,1025248.1309735775
2962,HGS-TV,407700.0,1025308.3374664783
2963,HGS-TV,407700.0,1025700.1618738174
2964,ails2_etaMax1.000_stoppingTime1728000.00,407916.0,1026184.6312229004
2965,HGS-TV,407700.0,1026210.3826606274
2966,ails2_etaMax1.000_stoppingTime1728000.00,407909.0,1026185.0222229004
2967,HGS-TV,407700.0,1026629.8615429401
2968,HGS-TV,407700.0,1026909.4435758591
2969,HGS-TV,407700.0,1026969.4519832134
2970,ails2_etaMax1.000_stoppingTime1728000.00,407908.0,1027100.4262229004
2971,ails2_etaMax1.000_stoppingTime1728000.00,407885.0,1027110.1242229004
2972,HGS-TV,407700.0,1027538.9765663147
2973,HGS-TV,407700.0,1027599.03556633
2974,HGS-TV,407700.0,1027682.7745168209
2975,HGS-TV,407700.0,1027931.7095680237
2976,HGS-TV,407700.0,1028417.3849084377
2977,ails2_etaMax1.000_stoppingTime1728000.00,407884.0,1028607.8012229004
2978,ails2_etaMax1.000_stoppingTime1728000.00,407862.0,1028620.2012229004
2979,HGS-TV,407700.0,1028829.2442493439
2980,HGS-TV,407700.0,1029478.3980977535
2981,HGS-TV,407700.0,1029777.8942198753
2982,HGS-TV,407700.0,1029837.9641840458
2983,HGS-TV,407700.0,1029897.9812040329
2984,HGS-TV,407700.0,1029958.0840785503
2985,HGS-TV,407700.0,1030506.63610816
2986,HGS-TV,407700.0,1030631.9705011845
2987,HGS-TV,407700.0,1031170.2941191196
2988,HGS-TV,407700.0,1031784.0740201473
2989,HGS-TV,407700.0,1032200.9295356274
2990,HGS-TV,407700.0,1032518.0306711197
2991,HGS-TV,407700.0,1032578.7317037582
2992,HGS-TV,407700.0,1032679.5600056648
2993,HGS-TV,407700.0,1033138.5179066658
2994,HGS-TV,407700.0,1033558.8937313557
2995,HGS-TV,407700.0,1033799.5337364674
2996,HGS-TV,407700.0,1034055.0421247482
2997,HGS-TV,407700.0,1034115.1492698193
2998,HGS-TV,407700.0,1034305.9522943497
2999,HGS-TV,407700.0,1034854.3229892254
3000,HGS-TV,407700.0,1035012.5234515667
3001,HGS-TV,407700.0,1035180.6899888515
3002,HGS-TV,407700.0,1035251.5958871841
3003,HGS-TV,407700.0,1035673.0328354836
3004,HGS-TV,407700.0,1035869.5267152786
3005,HGS-TV,407700.0,1035930.2590873241
3006,HGS-TV,407700.0,1037142.5217576027
3007,HGS-TV,407700.0,1037705.457508564
3008,HGS-TV,407700.0,1038213.3649432659
3009,HGS-TV,407700.0,1038289.0991508961
3010,HGS-TV,407700.0,1038875.2755138874
3011,HGS-TV,407700.0,1039444.316236496
3012,HGS-TV,407700.0,1039562.4594759941
3013,HGS-TV,407700.0,1039755.852162838
3014,HGS-TV,407700.0,1039911.4761939049
3015,HGS-TV,407700.0,1042241.6846880913
3016,HGS-TV,407700.0,1042453.8844890594
3017,HGS-TV,407700.0,1042622.2817971706
3018,ails2_etaMax1.000_stoppingTime1728000.00,407860.0,1042975.4382229004
3019,ails2_etaMax1.000_stoppingTime1728000.00,407855.0,1043054.0052229004
3020,ails2_etaMax1.000_stoppingTime1728000.00,407854.0,1043054.7742229004
3021,ails2_etaMax1.000_stoppingTime1728000.00,407844.0,1043134.6852229004
3022,HGS-TV,407700.0,1043362.7890586853
3023,HGS-TV,407700.0,1043698.5372977257
3024,HGS-TV,407700.0,1043882.1543118954
3025,HGS-TV,407700.0,1044817.8192112446
3026,HGS-TV,407700.0,1045216.2936766148
3027,HGS-TV,407700.0,1045407.4516634941
3028,HGS-TV,407700.0,1045929.8415982723
3029,HGS-TV,407700.0,1046039.1755495071
3030,HGS-TV,407700.0,1046171.2687704563
3031,HGS-TV,407700.0,1046582.8911314011
3032,HGS-TV,407700.0,1047321.4660792351
3033,HGS-TV,407700.0,1047447.0153372288
3034,HGS-TV,407700.0,1047619.9172058105
3035,HGS-TV,407700.0,1047689.8888998032
3036,HGS-TV,407700.0,1047970.9601585865
3037,HGS-TV,407700.0,1048030.9902992249
3038,HGS-TV,407700.0,1048387.2905213833
3039,HGS-TV,407700.0,1049186.1993935108
3040,HGS-TV,407700.0,1049585.6330292225
3041,HGS-TV,407700.0,1049886.7488331795
3042,HGS-TV,407700.0,1049948.117884636
3043,HGS-TV,407700.0,1050182.6814017296
3044,HGS-TV,407700.0,1050831.6599562168
3045,HGS-TV,407700.0,1050891.8015716076
3046,HGS-TV,407700.0,1050951.8039491177
3047,HGS-TV,407700.0,1051234.2860786915
3048,HGS-TV,407700.0,1051303.558103323
3049,HGS-TV,407700.0,1051472.9995453358
3050,HGS-TV,407700.0,1051564.3392002583
3051,HGS-TV,407700.0,1051793.4066517353
3052,HGS-TV,407700.0,1051903.0839509964
3053,HGS-TV,407700.0,1052060.3259551525
3054,HGS-TV,407700.0,1052366.7307476997
3055,HGS-TV,407700.0,1052485.8927333355
3056,HGS-TV,407700.0,1052596.6681306362
3057,HGS-TV,407700.0,1052713.7328834534
3058,HGS-TV,407700.0,1052774.0977303982
3059,HGS-TV,407700.0,1052834.1368820667
3060,HGS-TV,407700.0,1053816.2389624119
3061,HGS-TV,407700.0,1053970.8855776787
3062,HGS-TV,407700.0,1054234.4928417206
3063,HGS-TV,407700.0,1054391.8187513351
3064,HGS-TV,407700.0,1054806.4502968788
3065,HGS-TV,407700.0,1054867.4778985977
3066,HGS-TV,407700.0,1055353.9762179852
3067,HGS-TV,407700.0,1055414.9044430256
3068,HGS-TV,407700.0,1055601.9294161797
3069,HGS-TV,407700.0,1055772.4564204216
3070,HGS-TV,407700.0,1056180.4319694042
3071,HGS-TV,407700.0,1056370.071796894
3072,HGS-TV,407700.0,1056988.7604415417
3073,HGS-TV,407700.0,1057455.3304109573
3074,HGS-TV,407700.0,1057853.2388482094
3075,HGS-TV,407700.0,1057929.454515934
3076,HGS-TV,407700.0,1058299.0301043987
3077,HGS-TV,407700.0,1058470.8545331955
3078,HGS-TV,407700.0,1058895.056624651
3079,HGS-TV,407700.0,1059386.0600819588
3080,HGS-TV,407700.0,1059446.3217904568
3081,HGS-TV,407700.0,1059945.189094305
3082,HGS-TV,407700.0,1060058.4591081142
3083,ails2_etaMax1.000_stoppingTime1728000.00,407842.0,1060533.5502229005
3084,HGS-TV,407700.0,1060533.7990324497
3085,ails2_etaMax1.000_stoppingTime1728000.00,407839.0,1060536.1542229003
3086,ails2_etaMax1.000_stoppingTime1728000.00,407835.0,1061280.7692229005
3087,HGS-TV,407700.0,1061312.817321539
3088,ails2_etaMax1.000_stoppingTime1728000.00,407834.0,1061362.9592229004
3089,ails2_etaMax1.000_stoppingTime1728000.00,407822.0,1061363.0832229003
3090,HGS-TV,407700.0,1061607.305929184
3091,HGS-TV,407700.0,1061801.2056262493
3092,HGS-TV,407700.0,1061868.1050310135
3093,HGS-TV,407700.0,1061972.5977876186
3094,HGS-TV,407700.0,1062071.6777045727
3095,HGS-TV,407700.0,1062684.0084211826
3096,HGS-TV,407700.0,1063203.2189011574
3097,HGS-TV,407700.0,1063284.255651474
3098,HGS-TV,407700.0,1063344.6449997425
3099,HGS-TV,407700.0,1064117.0893723965
3100,HGS-TV,407700.0,1064707.2773952484
3101,HGS-TV,407700.0,1065326.9967458248
3102,HGS-TV,407700.0,1065643.379549265
3103,HGS-TV,407700.0,1065906.6497676373
3104,HGS-TV,407700.0,1066216.7653083801
3105,HGS-TV,407700.0,1066591.8316106796
3106,HGS-TV,407700.0,1066702.9493498802
3107,HGS-TV,407700.0,1066763.6947641373
3108,HGS-TV,407700.0,1066935.952054739
3109,HGS-TV,407700.0,1067200.961017847
3110,HGS-TV,407700.0,1067288.8338487148
3111,HGS-TV,407700.0,1067456.3303534985
3112,HGS-TV,407700.0,1067516.7355265617
3113,HGS-TV,407700.0,1067632.695968628
3114,HGS-TV,407700.0,1067692.8683769703
3115,HGS-TV,407700.0,1067791.145361662
3116,HGS-TV,407700.0,1067868.7160942554
3117,HGS-TV,407700.0,1068484.8601157665
3118,HGS-TV,407700.0,1068886.5533497334
3119,HGS-TV,407700.0,1069159.533427
3120,HGS-TV,407700.0,1069219.707672596
3121,HGS-TV,407700.0,1069280.3497195244
3122,HGS-TV,407700.0,1069359.5937078
3123,HGS-TV,407700.0,1069506.0002450943
3124,HGS-TV,407700.0,1069566.350794077
3125,HGS-TV,407700.0,1069626.4086122513
3126,HGS-TV,407700.0,1070281.3050694466
3127,HGS-TV,407700.0,1070342.092953205
3128,HGS-TV,407700.0,1071745.2508180141
3129,HGS-TV,407700.0,1071967.9869208336
3130,HGS-TV,407700.0,1072028.2074820995
3131,HGS-TV,407700.0,1072406.0693769455
3132,HGS-TV,407700.0,1073603.5777544975
3133,HGS-TV,407700.0,1073696.7217724323
3134,HGS-TV,407700.0,1074256.796279192
3135,HGS-TV,407700.0,1074606.7961695194
3136,HGS-TV,407700.0,1074930.7231833935
3137,HGS-TV,407700.0,1075356.5055422783
3138,HGS-TV,407700.0,1075417.1355566978
3139,HGS-TV,407700.0,1075509.176914215
3140,HGS-TV,407700.0,1075569.86145854
3141,HGS-TV,407700.0,1075821.6146304607
3142,HGS-TV,407700.0,1076113.7716681957
3143,HGS-TV,407700.0,1076488.599255085
3144,HGS-TV,407700.0,1076570.0119178295
3145,HGS-TV,407700.0,1076667.1351644993
3146,HGS-TV,407700.0,1076994.477453947
3147,HGS-TV,407700.0,1077494.603663206
3148,HGS-TV,407700.0,1077716.148276329
3149,HGS-TV,407700.0,1077810.6459658146
3150,HGS-TV,407700.0,1077891.864030838
3151,HGS-TV,407700.0,1078011.1902217865
3152,HGS-TV,407700.0,1079415.6653749943
3153,HGS-TV,407700.0,1080465.9432635307
3154,HGS-TV,407700.0,1080587.69951272
3155,HGS-TV,407700.0,1081518.5844578743
3156,HGS-TV,407700.0,1082098.8562505245
3157,HGS-TV,407700.0,1082692.26679492
3158,HGS-TV,407700.0,1083567.687819004
3159,HGS-TV,407700.0,1083755.0449016094
3160,HGS-TV,407700.0,1083835.9039640427
3161,HGS-TV,407700.0,1083923.7125439644
3162,HGS-TV,407700.0,1084144.8671388626
3163,HGS-TV,407700.0,1084481.0627713203
3164,HGS-TV,407700.0,1084564.6053447723
3165,HGS-TV,407700.0,1085163.1742215157
3166,HGS-TV,407700.0,1085245.3136587143
3167,HGS-TV,407700.0,1085305.7858550549
3168,HGS-TV,407700.0,1085535.0007424355
3169,HGS-TV,407700.0,1086273.0342531204
3170,HGS-TV,407700.0,1087212.229523182
3171,HGS-TV,407700.0,1087272.5020112991
3172,HGS-TV,407700.0,1087645.9723062515
3173,HGS-TV,407700.0,1087727.1024324894
3174,HGS-TV,407700.0,1087791.8145854473
3175,HGS-TV,407700.0,1087942.2956485748
3176,HGS-TV,407700.0,1088219.8859753609
3177,HGS-TV,407700.0,1088689.2466561794
3178,HGS-TV,407700.0,1088898.5416295528
3179,HGS-TV,407700.0,1089099.910386324
3180,HGS-TV,407700.0,1089159.939760685
3181,HGS-TV,407700.0,1089223.8606688976
3182,HGS-TV,407700.0,1089862.0545814037
3183,HGS-TV,407700.0,1090551.2971348763
3184,HGS-TV,407700.0,1090611.3651413918
3185,HGS-TV,407700.0,1091004.9632384777
3186,HGS-TV,407700.0,1091459.596571684
3187,HGS-TV,407700.0,1092245.434072733
3188,HGS-TV,407700.0,1092475.3829872608
3189,HGS-TV,407700.0,1092903.134819746
3190,HGS-TV,407700.0,1092963.71403265
3191,HGS-TV,407700.0,1093260.8648791313
3192,ails2_etaMax1.000_stoppingTime1728000.00,407820.0,1093313.0562229003
3193,ails2_etaMax1.000_stoppingTime1728000.00,407801.0,1093317.7102229004
3194,HGS-TV,407700.0,1093519.8262856007
3195,HGS-TV,407700.0,1093830.3921887875
3196,HGS-TV,407700.0,1093968.2109587193
3197,HGS-TV,407700.0,1094736.5726077557
3198,HGS-TV,407700.0,1095067.4775938988
3199,ails2_etaMax1.000_stoppingTime1728000.00,407800.0,1095626.9432229004
3200,HGS-TV,407700.0,1096559.4150366783
3201,HGS-TV,407700.0,1096877.4493515491
3202,HGS-TV,407700.0,1097806.4064173698
3203,HGS-TV,407700.0,1098131.5899033546
3204,HGS-TV,407700.0,1098443.5483410358
3205,HGS-TV,407700.0,1099037.7720422745
3206,HGS-TV,407700.0,1099097.9965643883
3207,HGS-TV,407700.0,1100105.0760252476
3208,HGS-TV,407700.0,1101483.8026947975
3209,HGS-TV,407700.0,1101544.7122497559
3210,ails2_etaMax1.000_stoppingTime1728000.00,407799.0,1103730.2252229003
3211,ails2_etaMax1.000_stoppingTime1728000.00,407797.0,1103730.7662229005
3212,HGS-TV,407700.0,1105107.8676700592
3213,HGS-TV,407700.0,1105178.5262510777
3214,HGS-TV,407700.0,1106397.0960116386
3215,HGS-TV,407700.0,1106649.8429207802
3216,HGS-TV,407700.0,1106798.5923354626
3217,HGS-TV,407700.0,1106859.0276789665
3218,HGS-TV,407700.0,1107336.5127618313
3219,HGS-TV,407700.0,1107437.1337909698
3220,HGS-TV,407700.0,1107602.258395195
3221,HGS-TV,407700.0,1107662.562174797
3222,HGS-TV,407700.0,1109092.5767838955
3223,HGS-TV,407700.0,1109153.1118950844
3224,HGS-TV,407700.0,1109806.0378477573
3225,HGS-TV,407700.0,1110037.1144735813
3226,HGS-TV,407700.0,1110687.0545458794
3227,HGS-TV,407700.0,1110835.935576439
3228,HGS-TV,407700.0,1112559.2512550354
3229,HGS-TV,407700.0,1112788.23583889
3230,HGS-TV,407700.0,1113286.4803025723
3231,HGS-TV,407700.0,1113568.5792124271
