id,algo_name,score,runningtime
1,ails2_etaMax0.005_stoppingTime86400.00,256907.0,77.39839135742187
2,ails2_etaMax0.010_stoppingTime432000.00,256326.0,79.44939135742187
3,ails2_eoh_acc,255505.0,80.43639135742187
4,ails2_eoh_omega2,256898.0,81.46039135742187
5,ails2_eoh_acc_large,256105.0,81.07739135742187
6,ails2_etaMax1.000_stoppingTime432000.00,257509.0,82.52239135742188
7,ails2_etaMax1.000_stoppingTime1728000.00,257671.0,82.88439135742188
8,ails2_etaMax0.020_stoppingTime86400.00,256978.0,83.49039135742187
9,ails2_etaMax1.000_stoppingTime864000.00,257818.0,84.92839135742187
10,ails2_etaMax1.000_stoppingTime86400.00,258097.0,89.28939135742188
11,ails2_etaMax0.005_stoppingTime86400.00,254470.0,138.41439135742186
12,ails2_etaMax0.010_stoppingTime432000.00,254655.0,140.10939135742188
13,ails2_eoh_acc,254453.0,141.37139135742189
14,ails2_eoh_acc_large,254892.0,142.16139135742188
15,ails2_eoh_omega2,254970.0,142.4553913574219
16,ails2_etaMax1.000_stoppingTime432000.00,256670.0,128.81639135742188
17,ails2_etaMax1.000_stoppingTime1728000.00,256365.0,122.25739135742188
18,ails2_etaMax0.020_stoppingTime86400.00,254639.0,143.75339135742186
19,ails2_etaMax1.000_stoppingTime864000.00,256465.0,131.67839135742187
20,ails2_etaMax1.000_stoppingTime86400.00,256800.0,138.00639135742188
21,ails2_etaMax0.005_stoppingTime86400.00,254097.0,198.44439135742186
22,ails2_etaMax0.010_stoppingTime432000.00,254231.0,200.74839135742187
23,ails2_eoh_acc,253999.0,202.26939135742188
24,ails2_eoh_acc_large,254288.0,203.4553913574219
25,ails2_eoh_omega2,253968.0,203.25939135742186
26,ails2_etaMax1.000_stoppingTime432000.00,256279.0,171.51039135742187
27,ails2_etaMax0.020_stoppingTime86400.00,254069.0,205.3423913574219
28,ails2_etaMax1.000_stoppingTime864000.00,256129.0,195.16139135742188
29,ails2_etaMax1.000_stoppingTime1728000.00,256355.0,208.17839135742187
30,ails2_etaMax1.000_stoppingTime86400.00,256373.0,206.77139135742186
31,ails2_etaMax0.005_stoppingTime86400.00,253718.0,260.09839135742186
32,ails2_etaMax0.010_stoppingTime432000.00,253812.0,261.6713913574219
33,ails2_eoh_acc,253599.0,263.4943913574219
34,ails2_eoh_acc_large,253868.0,264.29039135742187
35,ails2_eoh_omega2,253752.0,264.42539135742186
36,ails2_etaMax0.020_stoppingTime86400.00,253809.0,263.1143913574219
37,ails2_etaMax1.000_stoppingTime432000.00,256037.0,220.66239135742188
38,ails2_etaMax1.000_stoppingTime1728000.00,255895.0,231.13739135742188
39,ails2_etaMax1.000_stoppingTime864000.00,255928.0,212.20439135742188
40,ails2_etaMax1.000_stoppingTime86400.00,255963.0,254.72539135742187
41,ails2_etaMax0.005_stoppingTime86400.00,253487.0,317.57639135742187
42,ails2_etaMax0.010_stoppingTime432000.00,253581.0,323.3253913574219
43,ails2_eoh_acc,253470.0,324.2553913574219
44,ails2_eoh_omega2,253521.0,325.3663913574219
45,ails2_eoh_acc_large,253519.0,324.61239135742187
46,ails2_etaMax0.020_stoppingTime86400.00,253488.0,326.85339135742186
47,ails2_etaMax1.000_stoppingTime432000.00,256034.0,331.2513913574219
48,ails2_etaMax1.000_stoppingTime86400.00,255952.0,300.84639135742185
49,ails2_etaMax1.000_stoppingTime1728000.00,255878.0,353.7263913574219
50,ails2_etaMax1.000_stoppingTime864000.00,255909.0,358.79839135742185
51,ails2_etaMax0.005_stoppingTime86400.00,253349.0,381.48839135742185
52,ails2_etaMax0.010_stoppingTime432000.00,253470.0,378.2973913574219
53,ails2_eoh_acc,253308.0,385.2893913574219
54,ails2_eoh_acc_large,253351.0,379.3443913574219
55,ails2_eoh_omega2,253393.0,386.12939135742187
56,ails2_etaMax0.020_stoppingTime86400.00,253222.0,386.87439135742187
57,ails2_etaMax1.000_stoppingTime432000.00,255859.0,340.42739135742187
58,ails2_etaMax1.000_stoppingTime86400.00,255690.0,375.78339135742186
59,ails2_etaMax1.000_stoppingTime1728000.00,255846.0,355.25439135742187
60,ails2_etaMax1.000_stoppingTime864000.00,255737.0,361.8903913574219
61,ails2_etaMax0.005_stoppingTime86400.00,253197.0,441.2003913574219
62,ails2_etaMax0.010_stoppingTime432000.00,253367.0,442.8853913574219
63,ails2_eoh_acc,253225.0,445.4263913574219
64,ails2_eoh_acc_large,253189.0,446.1903913574219
65,ails2_eoh_omega2,253272.0,446.61539135742186
66,ails2_etaMax0.020_stoppingTime86400.00,253050.0,447.9573913574219
67,ails2_etaMax1.000_stoppingTime432000.00,255781.0,392.98039135742187
68,ails2_etaMax1.000_stoppingTime1728000.00,255758.0,459.0083913574219
69,ails2_etaMax0.005_stoppingTime86400.00,253133.0,503.2293913574219
70,ails2_etaMax0.010_stoppingTime432000.00,253259.0,506.43039135742185
71,ails2_eoh_acc,253135.0,500.81039135742185
72,ails2_eoh_omega2,253240.0,507.7653913574219
73,ails2_eoh_acc_large,253093.0,505.2323913574219
74,ails2_etaMax0.020_stoppingTime86400.00,252862.0,510.0583913574219
75,ails2_etaMax0.005_stoppingTime86400.00,253048.0,563.6013913574219
76,ails2_etaMax0.010_stoppingTime432000.00,253163.0,566.3883913574218
77,ails2_eoh_acc,253045.0,557.3293913574219
78,ails2_eoh_acc_large,253048.0,546.3943913574219
79,ails2_eoh_omega2,253155.0,563.5193913574219
80,ails2_etaMax0.020_stoppingTime86400.00,252804.0,557.1263913574219
81,ails2_etaMax0.005_stoppingTime86400.00,253033.0,612.5213913574219
82,ails2_etaMax0.010_stoppingTime432000.00,253111.0,620.6453913574219
83,ails2_eoh_acc,252997.0,628.1083913574219
84,ails2_eoh_acc_large,253011.0,627.9083913574219
85,ails2_eoh_omega2,253115.0,629.6933913574219
86,ails2_etaMax0.020_stoppingTime86400.00,252729.0,618.2033913574219
87,ails2_etaMax1.000_stoppingTime432000.00,255748.0,655.6813913574218
88,ails2_etaMax1.000_stoppingTime864000.00,255719.0,658.6833913574219
89,ails2_etaMax1.000_stoppingTime86400.00,255676.0,670.7923913574218
90,ails2_etaMax0.005_stoppingTime86400.00,252989.0,679.8133913574219
91,ails2_etaMax0.010_stoppingTime432000.00,253055.0,687.2593913574219
92,ails2_eoh_acc,252981.0,687.8753913574219
93,ails2_eoh_omega2,253041.0,691.3643913574218
94,ails2_eoh_acc_large,252940.0,686.9943913574218
95,ails2_etaMax0.020_stoppingTime86400.00,252682.0,684.7313913574219
96,ails2_etaMax1.000_stoppingTime432000.00,255743.0,655.8433913574219
97,ails2_etaMax1.000_stoppingTime864000.00,255677.0,658.7613913574219
98,ails2_etaMax1.000_stoppingTime86400.00,255664.0,671.1403913574219
99,ails2_etaMax0.005_stoppingTime86400.00,252962.0,729.6363913574219
100,ails2_etaMax0.010_stoppingTime432000.00,253015.0,749.5263913574219
101,ails2_eoh_acc,252954.0,748.5923913574219
102,ails2_eoh_acc_large,252903.0,750.7553913574219
103,ails2_eoh_omega2,252952.0,752.4663913574219
104,ails2_etaMax0.020_stoppingTime86400.00,252642.0,751.1783913574219
105,ails2_etaMax0.005_stoppingTime86400.00,252945.0,807.1873913574219
106,ails2_etaMax0.010_stoppingTime432000.00,252965.0,808.0493913574219
107,ails2_eoh_acc,252916.0,810.3103913574218
108,ails2_eoh_omega2,252901.0,812.8983913574219
109,ails2_eoh_acc_large,252831.0,809.3983913574219
110,ails2_etaMax0.020_stoppingTime86400.00,252638.0,810.6333913574218
111,ails2_etaMax1.000_stoppingTime86400.00,255657.0,859.6203913574219
112,ails2_etaMax0.005_stoppingTime86400.00,252896.0,867.6583913574219
113,ails2_etaMax0.010_stoppingTime432000.00,252941.0,868.8823913574219
114,ails2_eoh_acc,252892.0,870.6123913574219
115,ails2_eoh_acc_large,252733.0,872.2673913574218
116,ails2_eoh_omega2,252867.0,872.4823913574219
117,ails2_etaMax0.020_stoppingTime86400.00,252635.0,824.4823913574219
118,ails2_etaMax1.000_stoppingTime86400.00,255465.0,869.3113913574218
119,ails2_etaMax0.005_stoppingTime86400.00,252841.0,928.7693913574219
120,ails2_etaMax0.010_stoppingTime432000.00,252927.0,916.9673913574219
121,ails2_eoh_acc,252873.0,927.5513913574218
122,ails2_eoh_omega2,252818.0,933.8833913574218
123,ails2_eoh_acc_large,252715.0,919.6603913574219
124,ails2_etaMax0.020_stoppingTime86400.00,252596.0,930.6593913574219
125,ails2_etaMax0.005_stoppingTime86400.00,252815.0,990.6023913574219
126,ails2_etaMax0.010_stoppingTime432000.00,252919.0,965.6583913574219
127,ails2_eoh_acc,252816.0,993.8563913574219
128,ails2_eoh_omega2,252797.0,992.8283913574219
129,ails2_eoh_acc_large,252640.0,993.2973913574219
130,ails2_etaMax0.020_stoppingTime86400.00,252577.0,997.7793913574219
131,ails2_etaMax1.000_stoppingTime86400.00,255449.0,1032.480391357422
132,ails2_etaMax0.005_stoppingTime86400.00,252806.0,1045.5983913574219
133,ails2_etaMax0.010_stoppingTime432000.00,252892.0,1050.192391357422
134,ails2_eoh_acc,252792.0,1054.808391357422
135,ails2_eoh_acc_large,252620.0,1052.529391357422
136,ails2_eoh_omega2,252770.0,1056.6553913574219
137,ails2_etaMax0.020_stoppingTime86400.00,252571.0,1023.2903913574219
138,ails2_etaMax1.000_stoppingTime86400.00,255440.0,1032.605391357422
139,ails2_etaMax0.005_stoppingTime86400.00,252775.0,1111.4163913574218
140,ails2_etaMax0.010_stoppingTime432000.00,252883.0,1108.988391357422
141,ails2_eoh_acc,252783.0,1107.288391357422
142,ails2_eoh_acc_large,252569.0,1117.9073913574218
143,ails2_eoh_omega2,252756.0,1117.2993913574219
144,ails2_etaMax0.020_stoppingTime86400.00,252562.0,1109.5733913574218
145,ails2_etaMax0.005_stoppingTime86400.00,252769.0,1172.682391357422
146,ails2_etaMax0.010_stoppingTime432000.00,252873.0,1156.6463913574219
147,ails2_eoh_acc,252770.0,1173.449391357422
148,ails2_eoh_omega2,252750.0,1123.0223913574218
149,ails2_eoh_acc_large,252548.0,1173.864391357422
150,ails2_etaMax0.020_stoppingTime86400.00,252561.0,1124.8893913574218
151,ails2_etaMax0.005_stoppingTime86400.00,252752.0,1224.825391357422
152,ails2_etaMax0.010_stoppingTime432000.00,252846.0,1227.0043913574218
153,ails2_eoh_acc,252751.0,1230.527391357422
154,ails2_eoh_omega2,252696.0,1238.729391357422
155,ails2_eoh_acc_large,252525.0,1237.135391357422
156,ails2_etaMax0.020_stoppingTime86400.00,252546.0,1214.183391357422
157,ails2_etaMax1.000_stoppingTime432000.00,255735.0,1246.372391357422
158,ails2_etaMax0.005_stoppingTime86400.00,252705.0,1295.612391357422
159,ails2_etaMax0.010_stoppingTime432000.00,252817.0,1295.171391357422
160,ails2_eoh_acc,252727.0,1282.4743913574218
161,ails2_eoh_acc_large,252484.0,1298.8313913574218
162,ails2_eoh_omega2,252647.0,1272.797391357422
163,ails2_etaMax0.020_stoppingTime86400.00,252534.0,1254.162391357422
164,ails2_etaMax1.000_stoppingTime432000.00,255582.0,1300.064391357422
165,filo2,259719.0,1351.277583360672
166,ails2_etaMax0.005_stoppingTime86400.00,252681.0,1357.2623913574218
167,ails2_etaMax0.010_stoppingTime432000.00,252792.0,1323.969391357422
168,ails2_eoh_acc,252707.0,1355.035391357422
169,ails2_eoh_omega2,252633.0,1362.3603913574218
170,ails2_eoh_acc_large,252466.0,1360.9653913574218
171,ails2_etaMax0.020_stoppingTime86400.00,252531.0,1329.4833913574219
172,ails2_etaMax1.000_stoppingTime432000.00,255533.0,1323.317391357422
173,filo2,259448.0,1412.9281203746796
174,ails2_etaMax0.005_stoppingTime86400.00,252639.0,1403.083391357422
175,ails2_etaMax0.010_stoppingTime432000.00,252770.0,1417.279391357422
176,ails2_eoh_acc,252697.0,1411.3593913574218
177,ails2_eoh_acc_large,252455.0,1397.219391357422
178,ails2_eoh_omega2,252628.0,1415.5053913574218
179,ails2_etaMax0.020_stoppingTime86400.00,252529.0,1467.4533913574219
180,ails2_etaMax0.005_stoppingTime86400.00,252583.0,1478.613391357422
181,ails2_etaMax0.010_stoppingTime432000.00,252763.0,1461.356391357422
182,ails2_eoh_acc,252673.0,1482.6953913574218
183,ails2_eoh_omega2,252620.0,1467.9363913574218
184,ails2_eoh_acc_large,252449.0,1483.000391357422
185,filo2,259409.0,1484.6298019886017
186,ails2_etaMax1.000_stoppingTime86400.00,255434.0,1521.835391357422
187,ails2_etaMax0.020_stoppingTime86400.00,252524.0,1470.663391357422
188,ails2_etaMax0.005_stoppingTime86400.00,252553.0,1510.6863913574218
189,ails2_etaMax0.010_stoppingTime432000.00,252748.0,1499.8863913574219
190,ails2_eoh_acc,252668.0,1541.1113913574218
191,ails2_eoh_acc_large,252427.0,1545.0983913574219
192,ails2_eoh_omega2,252597.0,1542.2133913574219
193,filo2,259371.0,1547.9193086624146
194,ails2_etaMax1.000_stoppingTime1728000.00,255744.0,1565.9373913574218
195,ails2_etaMax1.000_stoppingTime86400.00,255280.0,1523.497391357422
196,ails2_etaMax0.020_stoppingTime86400.00,252509.0,1585.5053913574218
197,ails2_etaMax0.005_stoppingTime86400.00,252519.0,1601.9663913574218
198,ails2_etaMax0.010_stoppingTime432000.00,252703.0,1603.3033913574218
199,ails2_eoh_acc,252664.0,1588.5923913574218
200,ails2_eoh_acc_large,252422.0,1590.5443913574218
201,ails2_eoh_omega2,252574.0,1596.6793913574218
202,filo2,259273.0,1610.1637063026428
203,ails2_etaMax0.020_stoppingTime86400.00,252492.0,1645.7813913574219
204,ails2_etaMax0.005_stoppingTime86400.00,252485.0,1657.6083913574219
205,ails2_etaMax0.010_stoppingTime432000.00,252676.0,1665.257391357422
206,ails2_eoh_acc,252653.0,1666.2823913574218
207,ails2_eoh_acc_large,252418.0,1662.702391357422
208,filo2,259243.0,1670.372748374939
209,ails2_etaMax1.000_stoppingTime86400.00,255276.0,1678.6883913574218
210,ails2_eoh_omega2,252573.0,1680.202391357422
211,ails2_etaMax1.000_stoppingTime1728000.00,255703.0,1706.471391357422
212,ails2_etaMax0.005_stoppingTime86400.00,252478.0,1686.6073913574219
213,ails2_etaMax0.010_stoppingTime432000.00,252648.0,1722.6843913574219
214,ails2_eoh_acc,252643.0,1686.7643913574218
215,ails2_eoh_acc_large,252411.0,1709.4553913574218
216,filo2,259205.0,1732.1303510665894
217,ails2_etaMax1.000_stoppingTime86400.00,255235.0,1678.7803913574219
218,ails2_eoh_omega2,252559.0,1726.833391357422
219,ails2_etaMax0.020_stoppingTime86400.00,252491.0,1745.353391357422
220,ails2_etaMax1.000_stoppingTime1728000.00,255491.0,1715.103391357422
221,ails2_etaMax0.010_stoppingTime432000.00,252640.0,1770.866391357422
222,ails2_eoh_acc,252635.0,1777.1403913574218
223,ails2_eoh_acc_large,252406.0,1778.711391357422
224,filo2,259123.0,1792.1948051452637
225,ails2_eoh_omega2,252541.0,1794.8123913574218
226,ails2_etaMax0.020_stoppingTime86400.00,252439.0,1796.3473913574219
227,ails2_etaMax0.010_stoppingTime432000.00,252639.0,1830.2513913574219
228,ails2_eoh_acc,252628.0,1845.085391357422
229,ails2_eoh_acc_large,252398.0,1848.558391357422
230,filo2,258872.0,1852.7336032390594
231,ails2_eoh_omega2,252530.0,1838.2263913574218
232,ails2_etaMax0.020_stoppingTime86400.00,252432.0,1833.5793913574219
233,ails2_etaMax0.010_stoppingTime432000.00,252611.0,1907.248391357422
234,ails2_eoh_acc_large,252396.0,1890.007391357422
235,filo2,258752.0,1913.2531881332397
236,ails2_eoh_acc,252627.0,1915.257391357422
237,ails2_etaMax0.020_stoppingTime86400.00,252410.0,1926.6773913574218
238,ails2_eoh_omega2,252529.0,1969.689391357422
239,ails2_etaMax0.010_stoppingTime432000.00,252577.0,1970.3043913574218
240,ails2_eoh_acc_large,252387.0,1972.3003913574219
241,ails2_etaMax0.005_stoppingTime86400.00,252477.0,1972.6673913574218
242,filo2,258687.0,1974.1039154529572
243,ails2_eoh_acc,252608.0,1970.692391357422
244,ails2_etaMax0.020_stoppingTime86400.00,252395.0,1967.3483913574219
245,ails2_eoh_omega2,252513.0,2027.9463913574218
246,ails2_etaMax0.010_stoppingTime432000.00,252573.0,2022.6763913574218
247,ails2_etaMax0.005_stoppingTime86400.00,252435.0,2030.682391357422
248,ails2_eoh_acc_large,252373.0,2028.5013913574219
249,ails2_eoh_acc,252601.0,2019.411391357422
250,filo2,258566.0,2037.678299188614
251,ails2_etaMax0.020_stoppingTime86400.00,252376.0,2048.8253913574217
252,ails2_eoh_omega2,252510.0,2083.330391357422
253,ails2_etaMax0.010_stoppingTime432000.00,252570.0,2091.1553913574216
254,ails2_etaMax0.005_stoppingTime86400.00,252425.0,2081.583391357422
255,ails2_eoh_acc_large,252366.0,2063.553391357422
256,ails2_eoh_acc,252595.0,2095.855391357422
257,filo2,258465.0,2098.8344283103943
258,ails2_etaMax0.020_stoppingTime86400.00,252351.0,2109.771391357422
259,ails2_eoh_omega2,252508.0,2091.9393913574218
260,ails2_etaMax0.010_stoppingTime432000.00,252558.0,2135.5863913574217
261,ails2_etaMax1.000_stoppingTime86400.00,255222.0,2154.949391357422
262,ails2_etaMax0.005_stoppingTime86400.00,252412.0,2152.471391357422
263,ails2_eoh_acc,252588.0,2136.261391357422
264,filo2,258363.0,2163.1450431346893
265,ails2_eoh_acc_large,252364.0,2165.1443913574217
266,ails2_etaMax0.020_stoppingTime86400.00,252346.0,2154.859391357422
267,ails2_eoh_omega2,252485.0,2209.344391357422
268,ails2_etaMax0.010_stoppingTime432000.00,252544.0,2208.0663913574217
269,ails2_etaMax1.000_stoppingTime86400.00,255126.0,2166.7803913574216
270,ails2_etaMax0.005_stoppingTime86400.00,252405.0,2216.041391357422
271,ails2_eoh_acc,252584.0,2176.9393913574218
272,filo2,258276.0,2223.214563846588
273,ails2_eoh_acc_large,252356.0,2223.820391357422
274,ails2_etaMax0.020_stoppingTime86400.00,252321.0,2231.9503913574217
275,ails2_eoh_omega2,252470.0,2244.907391357422
276,ails2_etaMax0.010_stoppingTime432000.00,252519.0,2273.835391357422
277,ails2_etaMax0.005_stoppingTime86400.00,252387.0,2276.560391357422
278,filo2,258230.0,2284.835019826889
279,ails2_eoh_acc_large,252351.0,2271.071391357422
280,ails2_etaMax0.020_stoppingTime86400.00,252307.0,2291.170391357422
281,ails2_eoh_acc,252583.0,2313.420391357422
282,ails2_etaMax0.010_stoppingTime432000.00,252492.0,2325.1023913574218
283,ails2_etaMax0.005_stoppingTime86400.00,252377.0,2298.121391357422
284,filo2,258111.0,2346.6712634563446
285,ails2_eoh_acc_large,252346.0,2343.873391357422
286,ails2_etaMax0.020_stoppingTime86400.00,252305.0,2305.387391357422
287,ails2_eoh_omega2,252469.0,2364.835391357422
288,ails2_etaMax1.000_stoppingTime864000.00,255656.0,2371.340391357422
289,ails2_eoh_acc,252565.0,2373.339391357422
290,ails2_etaMax0.010_stoppingTime432000.00,252488.0,2395.230391357422
291,ails2_etaMax0.005_stoppingTime86400.00,252349.0,2369.364391357422
292,filo2,258027.0,2407.2685129642487
293,ails2_eoh_acc_large,252345.0,2408.692391357422
294,ails2_etaMax0.020_stoppingTime86400.00,252289.0,2396.8163913574217
295,ails2_eoh_omega2,252441.0,2412.541391357422
296,ails2_etaMax1.000_stoppingTime86400.00,255118.0,2425.7563913574218
297,ails2_eoh_acc,252558.0,2432.159391357422
298,ails2_etaMax0.010_stoppingTime432000.00,252486.0,2403.428391357422
299,ails2_etaMax0.005_stoppingTime86400.00,252313.0,2460.021391357422
300,ails2_eoh_acc_large,252343.0,2419.210391357422
301,filo2,258008.0,2471.932341337204
302,ails2_etaMax0.020_stoppingTime86400.00,252288.0,2455.771391357422
303,ails2_eoh_omega2,252437.0,2462.621391357422
304,ails2_etaMax1.000_stoppingTime86400.00,255081.0,2426.456391357422
305,ails2_eoh_acc,252544.0,2491.0843913574217
306,ails2_etaMax0.010_stoppingTime432000.00,252477.0,2518.846391357422
307,ails2_etaMax0.005_stoppingTime86400.00,252309.0,2512.873391357422
308,ails2_eoh_acc_large,252332.0,2512.396391357422
309,filo2,257975.0,2533.5364747047424
310,ails2_etaMax0.020_stoppingTime86400.00,252273.0,2517.250391357422
311,ails2_etaMax1.000_stoppingTime86400.00,255028.0,2515.451391357422
312,ails2_eoh_omega2,252428.0,2521.436391357422
313,ails2_eoh_acc,252538.0,2536.5353913574218
314,ails2_etaMax0.010_stoppingTime432000.00,252461.0,2578.690391357422
315,ails2_etaMax0.005_stoppingTime86400.00,252279.0,2580.8363913574217
316,ails2_eoh_acc_large,252326.0,2584.1043913574217
317,filo2,257862.0,2593.725828886032
318,ails2_etaMax0.020_stoppingTime86400.00,252266.0,2574.762391357422
319,ails2_eoh_omega2,252420.0,2580.367391357422
320,ails2_eoh_acc,252521.0,2615.657391357422
321,ails2_etaMax0.010_stoppingTime432000.00,252440.0,2640.0643913574218
322,ails2_etaMax0.005_stoppingTime86400.00,252270.0,2636.7313913574217
323,filo2,257766.0,2653.8967587947845
324,ails2_etaMax0.020_stoppingTime86400.00,252260.0,2652.563391357422
325,ails2_eoh_acc_large,252323.0,2665.616391357422
326,ails2_eoh_omega2,252389.0,2667.632391357422
327,ails2_eoh_acc,252506.0,2669.6513913574217
328,ails2_etaMax0.010_stoppingTime432000.00,252436.0,2677.929391357422
329,ails2_etaMax0.005_stoppingTime86400.00,252257.0,2686.0933913574218
330,filo2,257725.0,2716.6488308906555
331,ails2_etaMax0.020_stoppingTime86400.00,252247.0,2701.687391357422
332,ails2_eoh_acc_large,252315.0,2716.434391357422
333,ails2_eoh_omega2,252378.0,2707.830391357422
334,ails2_eoh_acc,252494.0,2730.795391357422
335,ails2_etaMax0.005_stoppingTime86400.00,252245.0,2750.286391357422
336,filo2,257680.0,2777.1598637104034
337,ails2_eoh_acc_large,252313.0,2778.2273913574218
338,ails2_eoh_omega2,252366.0,2789.563391357422
339,ails2_eoh_acc,252464.0,2800.982391357422
340,ails2_etaMax0.005_stoppingTime86400.00,252234.0,2795.7513913574217
341,ails2_etaMax0.020_stoppingTime86400.00,252246.0,2835.417391357422
342,filo2,257618.0,2839.4141762256622
343,ails2_etaMax1.000_stoppingTime86400.00,255022.0,2839.4723913574217
344,ails2_eoh_acc_large,252307.0,2848.462391357422
345,ails2_eoh_omega2,252359.0,2846.938391357422
346,ails2_eoh_acc,252459.0,2852.082391357422
347,ails2_etaMax0.005_stoppingTime86400.00,252229.0,2866.957391357422
348,ails2_etaMax0.020_stoppingTime86400.00,252222.0,2894.344391357422
349,ails2_etaMax1.000_stoppingTime86400.00,254942.0,2872.351391357422
350,filo2,257583.0,2901.6356654167175
351,ails2_eoh_acc_large,252303.0,2890.726391357422
352,ails2_eoh_omega2,252356.0,2911.140391357422
353,ails2_eoh_acc,252456.0,2907.301391357422
354,ails2_etaMax0.005_stoppingTime86400.00,252220.0,2904.367391357422
355,ails2_etaMax0.020_stoppingTime86400.00,252200.0,2950.003391357422
356,filo2,257475.0,2962.9782745838165
357,ails2_eoh_acc_large,252302.0,2926.239391357422
358,ails2_eoh_omega2,252325.0,2973.505391357422
359,ails2_eoh_acc,252453.0,2979.926391357422
360,ails2_etaMax0.005_stoppingTime86400.00,252216.0,2955.233391357422
361,ails2_etaMax0.020_stoppingTime86400.00,252199.0,3008.161391357422
362,filo2,257457.0,3025.587485074997
363,ails2_eoh_omega2,252321.0,3032.9703913574217
364,ails2_eoh_acc_large,252301.0,3039.379391357422
365,ails2_eoh_acc,252451.0,3002.7853913574218
366,ails2_etaMax0.005_stoppingTime86400.00,252214.0,3072.7873913574217
367,ails2_etaMax0.020_stoppingTime86400.00,252193.0,3034.704391357422
368,ails2_eoh_omega2,252306.0,3093.974391357422
369,ails2_etaMax0.010_stoppingTime432000.00,252432.0,3097.659391357422
370,ails2_eoh_acc_large,252299.0,3065.9793913574217
371,ails2_eoh_acc,252450.0,3109.8363913574217
372,ails2_etaMax1.000_stoppingTime432000.00,255516.0,3129.1643913574217
373,ails2_etaMax0.005_stoppingTime86400.00,252209.0,3108.337391357422
374,ails2_etaMax0.020_stoppingTime86400.00,252191.0,3115.078391357422
375,ails2_eoh_omega2,252275.0,3156.509391357422
376,ails2_etaMax0.010_stoppingTime432000.00,252419.0,3126.710391357422
377,ails2_eoh_acc_large,252297.0,3158.505391357422
378,ails2_eoh_acc,252449.0,3145.5553913574217
379,ails2_etaMax1.000_stoppingTime432000.00,255490.0,3132.870391357422
380,ails2_etaMax0.005_stoppingTime86400.00,252185.0,3186.742391357422
381,ails2_etaMax0.020_stoppingTime86400.00,252186.0,3199.293391357422
382,ails2_eoh_omega2,252270.0,3215.963391357422
383,ails2_etaMax0.010_stoppingTime432000.00,252403.0,3202.608391357422
384,ails2_eoh_acc_large,252293.0,3200.127391357422
385,ails2_eoh_acc,252448.0,3230.658391357422
386,ails2_etaMax0.005_stoppingTime86400.00,252164.0,3245.582391357422
387,ails2_etaMax0.020_stoppingTime86400.00,252172.0,3260.772391357422
388,ails2_eoh_omega2,252243.0,3270.367391357422
389,ails2_etaMax1.000_stoppingTime86400.00,254903.0,3281.502391357422
390,ails2_eoh_acc_large,252291.0,3254.8163913574217
391,ails2_eoh_acc,252443.0,3292.197391357422
392,ails2_etaMax0.005_stoppingTime86400.00,252149.0,3315.304391357422
393,ails2_etaMax0.010_stoppingTime432000.00,252402.0,3321.330391357422
394,ails2_etaMax0.020_stoppingTime86400.00,252169.0,3272.7583913574217
395,ails2_eoh_omega2,252237.0,3333.960391357422
396,ails2_etaMax1.000_stoppingTime86400.00,254752.0,3294.733391357422
397,ails2_eoh_acc_large,252290.0,3339.3453913574217
398,ails2_eoh_acc,252442.0,3362.3923913574217
399,ails2_etaMax0.005_stoppingTime86400.00,252138.0,3372.404391357422
400,ails2_etaMax0.010_stoppingTime432000.00,252375.0,3380.436391357422
401,ails2_etaMax0.020_stoppingTime86400.00,252158.0,3379.782391357422
402,ails2_eoh_omega2,252229.0,3400.710391357422
403,ails2_eoh_acc_large,252289.0,3354.802391357422
404,ails2_etaMax1.000_stoppingTime432000.00,255475.0,3410.551391357422
405,ails2_eoh_acc,252441.0,3426.473391357422
406,ails2_etaMax0.005_stoppingTime86400.00,252128.0,3398.844391357422
407,ails2_etaMax0.020_stoppingTime86400.00,252152.0,3443.755391357422
408,ails2_eoh_omega2,252221.0,3460.263391357422
409,ails2_etaMax1.000_stoppingTime432000.00,255354.0,3421.024391357422
410,ails2_eoh_acc,252436.0,3465.811391357422
411,ails2_etaMax0.020_stoppingTime86400.00,252137.0,3494.678391357422
412,ails2_eoh_acc_large,252288.0,3522.708391357422
413,ails2_etaMax1.000_stoppingTime864000.00,255654.0,3523.145391357422
414,ails2_eoh_omega2,252217.0,3466.400391357422
415,ails2_eoh_acc,252433.0,3504.7873913574217
416,ails2_etaMax0.020_stoppingTime86400.00,252122.0,3543.801391357422
417,ails2_etaMax0.005_stoppingTime86400.00,252127.0,3581.346391357422
418,ails2_eoh_acc_large,252285.0,3560.8853913574217
419,ails2_etaMax0.010_stoppingTime432000.00,252374.0,3612.7563913574218
420,ails2_etaMax1.000_stoppingTime86400.00,254748.0,3623.082391357422
421,ails2_eoh_omega2,252216.0,3645.791391357422
422,ails2_etaMax0.010_stoppingTime432000.00,252366.0,3638.913391357422
423,ails2_etaMax1.000_stoppingTime86400.00,254685.0,3647.165391357422
424,ails2_eoh_omega2,252208.0,3698.7603913574217
425,ails2_etaMax0.010_stoppingTime432000.00,252349.0,3734.250391357422
426,ails2_etaMax0.005_stoppingTime86400.00,252120.0,3746.696391357422
427,ails2_eoh_omega2,252207.0,3717.8563913574217
428,ails2_eoh_acc_large,252120.0,3773.2693913574217
429,ails2_eoh_acc,252116.0,3773.933391357422
430,ails2_etaMax0.005_stoppingTime86400.00,252112.0,3794.7093913574217
431,ails2_etaMax0.010_stoppingTime432000.00,252343.0,3820.1553913574216
432,ails2_etaMax0.020_stoppingTime86400.00,252120.0,3829.195391357422
433,ails2_eoh_acc,252105.0,3828.6223913574217
434,ails2_eoh_acc_large,252110.0,3830.290391357422
435,ails2_etaMax0.010_stoppingTime432000.00,252328.0,3866.4233913574217
436,ails2_etaMax0.020_stoppingTime86400.00,252090.0,3854.683391357422
437,ails2_eoh_acc,252090.0,3895.0683913574217
438,ails2_eoh_acc_large,252089.0,3877.313391357422
439,ails2_etaMax0.010_stoppingTime432000.00,252321.0,3934.516391357422
440,ails2_etaMax0.005_stoppingTime86400.00,252109.0,3946.666391357422
441,ails2_eoh_omega2,252206.0,3951.418391357422
442,ails2_etaMax0.020_stoppingTime86400.00,252073.0,3940.290391357422
443,ails2_eoh_acc_large,252066.0,3948.288391357422
444,ails2_eoh_acc,252072.0,3945.413391357422
445,ails2_etaMax0.010_stoppingTime432000.00,252315.0,3977.884391357422
446,ails2_etaMax0.005_stoppingTime86400.00,252096.0,3990.281391357422
447,ails2_eoh_omega2,252188.0,3987.320391357422
448,ails2_etaMax0.020_stoppingTime86400.00,252071.0,4012.294391357422
449,ails2_eoh_acc,252059.0,4015.495391357422
450,ails2_eoh_acc_large,252059.0,4011.9033913574217
451,ails2_etaMax0.010_stoppingTime432000.00,252310.0,4062.061391357422
452,ails2_etaMax0.005_stoppingTime86400.00,252084.0,4047.799391357422
453,ails2_etaMax0.020_stoppingTime86400.00,252036.0,4071.567391357422
454,ails2_eoh_acc,252054.0,4071.038391357422
455,ails2_eoh_acc_large,252052.0,4068.123391357422
456,ails2_etaMax0.010_stoppingTime432000.00,252308.0,4122.298391357422
457,ails2_etaMax0.020_stoppingTime86400.00,252034.0,4083.9143913574217
458,ails2_eoh_acc_large,252038.0,4133.848391357422
459,ails2_eoh_acc,252043.0,4123.552391357422
460,ails2_etaMax1.000_stoppingTime864000.00,255646.0,4144.342391357422
461,ails2_eoh_omega2,252187.0,4172.713391357422
462,ails2_etaMax0.020_stoppingTime86400.00,252015.0,4171.521391357422
463,ails2_eoh_acc_large,252034.0,4168.696391357422
464,ails2_eoh_acc,252041.0,4200.786391357422
465,ails2_etaMax1.000_stoppingTime864000.00,255458.0,4191.910391357422
466,ails2_etaMax0.005_stoppingTime86400.00,252083.0,4211.826391357422
467,ails2_etaMax1.000_stoppingTime86400.00,254682.0,4229.723391357422
468,ails2_eoh_omega2,252183.0,4233.300391357422
469,ails2_eoh_acc,252026.0,4244.909391357422
470,ails2_eoh_acc_large,252005.0,4258.500391357422
471,ails2_etaMax0.005_stoppingTime86400.00,252068.0,4267.492391357422
472,ails2_etaMax0.010_stoppingTime432000.00,252307.0,4286.929391357422
473,ails2_etaMax1.000_stoppingTime86400.00,254560.0,4258.327391357422
474,ails2_eoh_omega2,252178.0,4279.964391357422
475,ails2_eoh_acc_large,252003.0,4300.550391357422
476,ails2_eoh_acc,251999.0,4320.366391357422
477,ails2_etaMax0.005_stoppingTime86400.00,252065.0,4277.376391357422
478,ails2_etaMax0.010_stoppingTime432000.00,252297.0,4315.368391357422
479,ails2_eoh_omega2,252165.0,4320.040391357422
480,ails2_eoh_acc_large,251994.0,4376.424391357422
481,ails2_eoh_acc,251991.0,4375.719391357422
482,ails2_etaMax0.005_stoppingTime86400.00,252049.0,4384.652391357422
483,ails2_etaMax0.010_stoppingTime432000.00,252293.0,4364.607391357422
484,ails2_eoh_acc,251978.0,4432.886391357422
485,ails2_eoh_acc_large,251983.0,4430.560391357422
486,ails2_etaMax0.005_stoppingTime86400.00,252039.0,4452.136391357422
487,ails2_etaMax0.010_stoppingTime432000.00,252291.0,4446.246391357422
488,ails2_eoh_omega2,252164.0,4482.963391357422
489,ails2_eoh_acc,251963.0,4497.520391357421
490,ails2_eoh_acc_large,251978.0,4505.384391357422
491,ails2_etaMax0.005_stoppingTime86400.00,252022.0,4496.871391357422
492,ails2_etaMax0.010_stoppingTime432000.00,252287.0,4496.2883913574215
493,ails2_eoh_omega2,252156.0,4540.779391357421
494,ails2_eoh_acc_large,251974.0,4562.338391357422
495,ails2_eoh_acc,251960.0,4565.756391357422
496,ails2_etaMax0.020_stoppingTime86400.00,252014.0,4568.271391357422
497,ails2_etaMax0.005_stoppingTime86400.00,252016.0,4563.688391357422
498,ails2_eoh_omega2,252154.0,4547.750391357422
499,ails2_eoh_acc,251958.0,4619.001391357422
500,ails2_eoh_acc_large,251968.0,4623.920391357422
501,ails2_etaMax0.020_stoppingTime86400.00,251999.0,4577.965391357422
502,ails2_etaMax0.005_stoppingTime86400.00,252005.0,4614.3733913574215
503,ails2_etaMax1.000_stoppingTime1728000.00,255490.0,4647.760391357422
504,ails2_eoh_omega2,252143.0,4660.171391357422
505,ails2_etaMax1.000_stoppingTime86400.00,254558.0,4673.722391357422
506,ails2_etaMax0.010_stoppingTime432000.00,252286.0,4676.601391357422
507,ails2_eoh_acc_large,251966.0,4688.447391357422
508,ails2_eoh_acc,251950.0,4673.550391357422
509,ails2_etaMax0.020_stoppingTime86400.00,251993.0,4689.005391357422
510,ails2_etaMax0.005_stoppingTime86400.00,251993.0,4690.469391357422
511,ails2_etaMax1.000_stoppingTime1728000.00,255484.0,4647.820391357422
512,ails2_etaMax1.000_stoppingTime86400.00,254556.0,4673.7753913574215
513,ails2_eoh_omega2,252142.0,4735.404391357421
514,ails2_etaMax0.010_stoppingTime432000.00,252282.0,4719.112391357422
515,ails2_eoh_acc,251942.0,4746.101391357422
516,ails2_eoh_acc_large,251962.0,4739.866391357422
517,ails2_etaMax0.020_stoppingTime86400.00,251987.0,4724.274391357422
518,ails2_etaMax0.005_stoppingTime86400.00,251991.0,4760.372391357422
519,ails2_eoh_omega2,252137.0,4754.128391357422
520,ails2_etaMax0.010_stoppingTime432000.00,252280.0,4795.015391357422
521,ails2_eoh_acc_large,251955.0,4755.270391357421
522,ails2_eoh_acc,251939.0,4797.994391357422
523,ails2_etaMax0.005_stoppingTime86400.00,251987.0,4812.557391357422
524,ails2_etaMax0.020_stoppingTime86400.00,251984.0,4850.972391357422
525,ails2_eoh_omega2,252118.0,4856.8553913574215
526,ails2_etaMax0.010_stoppingTime432000.00,252275.0,4839.609391357422
527,ails2_eoh_acc,251931.0,4864.156391357422
528,ails2_eoh_acc_large,251952.0,4876.522391357422
529,ails2_etaMax0.005_stoppingTime86400.00,251976.0,4844.365391357422
530,ails2_etaMax0.020_stoppingTime86400.00,251979.0,4885.090391357422
531,ails2_eoh_omega2,252095.0,4910.5473913574215
532,ails2_etaMax0.010_stoppingTime432000.00,252266.0,4905.966391357422
533,ails2_eoh_acc,251930.0,4915.996391357422
534,ails2_etaMax0.005_stoppingTime86400.00,251974.0,4948.918391357422
535,ails2_etaMax0.020_stoppingTime86400.00,251969.0,4952.720391357422
536,ails2_eoh_omega2,252073.0,4968.911391357422
537,ails2_etaMax0.010_stoppingTime432000.00,252263.0,4954.781391357422
538,ails2_eoh_acc,251923.0,4984.606391357422
539,ails2_etaMax0.005_stoppingTime86400.00,251963.0,5000.189391357422
540,ails2_eoh_omega2,252063.0,5030.643391357422
541,ails2_eoh_acc_large,251947.0,5050.037391357422
542,ails2_eoh_acc,251913.0,5044.0563913574215
543,ails2_etaMax0.005_stoppingTime86400.00,251959.0,5057.603391357422
544,ails2_etaMax1.000_stoppingTime432000.00,255304.0,5094.822391357422
545,ails2_etaMax1.000_stoppingTime86400.00,254541.0,5097.438391357422
546,ails2_eoh_omega2,252059.0,5051.037391357422
547,ails2_eoh_acc_large,251941.0,5095.263391357422
548,ails2_eoh_acc,251911.0,5081.045391357422
549,ails2_etaMax0.010_stoppingTime432000.00,252262.0,5141.409391357422
550,ails2_etaMax1.000_stoppingTime432000.00,255303.0,5095.0473913574215
551,ails2_etaMax1.000_stoppingTime86400.00,254437.0,5099.836391357422
552,ails2_eoh_acc_large,251935.0,5171.309391357422
553,ails2_eoh_acc,251910.0,5147.064391357422
554,ails2_etaMax0.010_stoppingTime432000.00,252259.0,5180.070391357422
555,ails2_eoh_acc_large,251927.0,5229.301391357422
556,ails2_eoh_acc,251909.0,5199.6633913574215
557,ails2_etaMax0.010_stoppingTime432000.00,252258.0,5216.9493913574215
558,ails2_eoh_acc_large,251920.0,5270.725391357422
559,ails2_eoh_acc,251908.0,5268.564391357422
560,ails2_etaMax0.010_stoppingTime432000.00,252254.0,5309.600391357422
561,ails2_etaMax0.005_stoppingTime86400.00,251951.0,5348.991391357422
562,ails2_eoh_acc_large,251908.0,5344.502391357422
563,ails2_eoh_acc,251905.0,5345.425391357422
564,ails2_eoh_omega2,252058.0,5383.705391357422
565,ails2_etaMax0.010_stoppingTime432000.00,252251.0,5379.937391357422
566,ails2_etaMax1.000_stoppingTime1728000.00,255450.0,5387.945391357422
567,ails2_etaMax0.005_stoppingTime86400.00,251947.0,5403.187391357422
568,ails2_eoh_acc_large,251904.0,5414.925391357422
569,ails2_eoh_acc,251903.0,5405.7753913574215
570,ails2_eoh_omega2,252055.0,5385.558391357422
571,ails2_etaMax0.010_stoppingTime432000.00,252248.0,5420.378391357422
572,ails2_etaMax1.000_stoppingTime1728000.00,255437.0,5388.031391357422
573,ails2_etaMax0.005_stoppingTime86400.00,251929.0,5466.258391357422
574,ails2_eoh_acc_large,251901.0,5464.173391357422
575,ails2_eoh_acc,251901.0,5490.139391357422
576,ails2_eoh_omega2,252039.0,5503.685391357422
577,ails2_etaMax0.005_stoppingTime86400.00,251913.0,5521.936391357422
578,ails2_eoh_acc_large,251890.0,5511.375391357422
579,ails2_etaMax0.020_stoppingTime86400.00,251964.0,5542.170391357422
580,ails2_etaMax0.010_stoppingTime432000.00,252246.0,5555.387391357422
581,ails2_eoh_omega2,252038.0,5579.378391357422
582,ails2_eoh_acc,251900.0,5584.377391357422
583,ails2_eoh_acc_large,251886.0,5565.231391357422
584,ails2_etaMax0.020_stoppingTime86400.00,251961.0,5546.839391357422
585,ails2_etaMax0.010_stoppingTime432000.00,252241.0,5593.149391357422
586,ails2_eoh_omega2,252035.0,5636.108391357422
587,ails2_eoh_acc,251898.0,5600.219391357422
588,ails2_etaMax0.020_stoppingTime86400.00,251935.0,5629.099391357422
589,ails2_eoh_acc_large,251885.0,5674.580391357422
590,ails2_eoh_acc,251896.0,5679.9583913574215
591,ails2_eoh_omega2,252034.0,5721.444391357422
592,ails2_etaMax0.020_stoppingTime86400.00,251911.0,5709.994391357422
593,ails2_eoh_acc_large,251883.0,5730.2883913574215
594,ails2_etaMax0.005_stoppingTime86400.00,251910.0,5745.154391357421
595,ails2_etaMax0.010_stoppingTime432000.00,252239.0,5758.964391357422
596,ails2_eoh_acc,251894.0,5714.286391357422
597,ails2_eoh_omega2,252031.0,5758.054391357422
598,ails2_eoh_acc_large,251881.0,5774.970391357422
599,ails2_etaMax0.005_stoppingTime86400.00,251909.0,5755.032391357422
600,ails2_etaMax0.010_stoppingTime432000.00,252230.0,5797.430391357422
601,ails2_etaMax0.005_stoppingTime86400.00,251907.0,5813.652391357422
602,ails2_eoh_acc,251893.0,5873.680391357422
603,ails2_eoh_acc_large,251880.0,5891.6903913574215
604,ails2_etaMax0.005_stoppingTime86400.00,251900.0,5927.1723913574215
605,ails2_etaMax0.020_stoppingTime86400.00,251910.0,5935.225391357422
606,ails2_eoh_omega2,252030.0,5936.733391357422
607,ails2_eoh_acc_large,251879.0,5913.705391357422
608,ails2_etaMax1.000_stoppingTime1728000.00,255416.0,5962.923391357422
609,ails2_etaMax0.005_stoppingTime86400.00,251883.0,5987.267391357422
610,ails2_etaMax0.020_stoppingTime86400.00,251904.0,5944.713391357422
611,ails2_eoh_omega2,252022.0,5995.545391357422
612,ails2_etaMax1.000_stoppingTime432000.00,255283.0,5997.831391357422
613,ails2_eoh_acc,251890.0,5998.409391357422
614,ails2_etaMax1.000_stoppingTime864000.00,255457.0,6013.180391357422
615,ails2_eoh_acc_large,251873.0,5999.1993913574215
616,ails2_etaMax1.000_stoppingTime1728000.00,255404.0,5963.869391357422
617,ails2_etaMax0.005_stoppingTime86400.00,251873.0,6048.403391357422
618,ails2_eoh_acc,251887.0,6004.493391357422
619,ails2_eoh_omega2,252015.0,6044.317391357422
620,ails2_etaMax1.000_stoppingTime432000.00,255263.0,6071.341391357422
621,ails2_eoh_acc_large,251856.0,6066.177391357422
622,ails2_etaMax0.005_stoppingTime86400.00,251867.0,6071.716391357422
623,ails2_eoh_omega2,252010.0,6074.916391357422
624,ails2_eoh_acc,251874.0,6105.151391357422
625,ails2_etaMax0.010_stoppingTime432000.00,252229.0,6127.068391357422
626,ails2_etaMax1.000_stoppingTime432000.00,254957.0,6075.335391357422
627,ails2_eoh_acc_large,251855.0,6086.535391357422
628,ails2_eoh_acc,251871.0,6158.250391357422
629,ails2_etaMax0.010_stoppingTime432000.00,252224.0,6180.147391357422
630,ails2_eoh_acc_large,251854.0,6148.403391357422
631,ails2_etaMax1.000_stoppingTime86400.00,254433.0,6240.236391357422
632,ails2_eoh_acc,251867.0,6240.3333913574215
633,ails2_eoh_acc_large,251853.0,6248.032391357422
634,ails2_etaMax1.000_stoppingTime86400.00,254335.0,6240.646391357422
635,ails2_eoh_acc,251866.0,6253.971391357421
636,ails2_eoh_omega2,252009.0,6319.265391357422
637,ails2_etaMax0.005_stoppingTime86400.00,251866.0,6321.9133913574215
638,ails2_eoh_acc_large,251852.0,6322.695391357422
639,ails2_etaMax0.020_stoppingTime86400.00,251903.0,6333.9223913574215
640,ails2_eoh_omega2,252000.0,6369.2973913574215
641,ails2_etaMax0.005_stoppingTime86400.00,251863.0,6329.216391357422
642,ails2_eoh_acc_large,251848.0,6379.184391357422
643,ails2_etaMax0.020_stoppingTime86400.00,251886.0,6390.265391357422
644,ails2_eoh_acc,251864.0,6437.260391357422
645,ails2_eoh_acc_large,251846.0,6403.529391357421
646,ails2_etaMax0.020_stoppingTime86400.00,251877.0,6422.770391357421
647,ails2_eoh_omega2,251999.0,6459.330391357422
648,ails2_eoh_acc,251859.0,6492.060391357422
649,ails2_eoh_acc_large,251845.0,6467.7483913574215
650,ails2_etaMax0.020_stoppingTime86400.00,251871.0,6482.915391357422
651,ails2_etaMax0.005_stoppingTime86400.00,251862.0,6518.245391357422
652,ails2_eoh_omega2,251989.0,6505.843391357422
653,ails2_eoh_acc,251858.0,6504.264391357422
654,ails2_etaMax0.020_stoppingTime86400.00,251848.0,6574.521391357422
655,ails2_etaMax0.005_stoppingTime86400.00,251861.0,6520.835391357422
656,ails2_eoh_omega2,251969.0,6578.880391357422
657,ails2_eoh_acc,251856.0,6597.235391357422
658,ails2_etaMax0.020_stoppingTime86400.00,251847.0,6582.702391357422
659,ails2_etaMax0.005_stoppingTime86400.00,251849.0,6637.555391357422
660,ails2_eoh_omega2,251960.0,6621.923391357422
661,ails2_eoh_acc_large,251843.0,6665.451391357422
662,ails2_eoh_acc,251855.0,6634.887391357422
663,ails2_etaMax0.020_stoppingTime86400.00,251839.0,6667.2753913574215
664,ails2_etaMax0.005_stoppingTime86400.00,251847.0,6684.684391357422
665,ails2_eoh_omega2,251954.0,6684.012391357422
666,ails2_eoh_acc_large,251842.0,6685.250391357422
667,ails2_etaMax0.005_stoppingTime86400.00,251842.0,6731.695391357422
668,ails2_eoh_omega2,251940.0,6763.117391357422
669,ails2_eoh_acc,251854.0,6775.811391357422
670,ails2_etaMax0.020_stoppingTime86400.00,251837.0,6789.859391357422
671,ails2_etaMax0.005_stoppingTime86400.00,251839.0,6784.112391357422
672,ails2_etaMax0.010_stoppingTime432000.00,252223.0,6823.795391357422
673,ails2_eoh_acc,251850.0,6835.874391357422
674,ails2_etaMax0.020_stoppingTime86400.00,251833.0,6802.358391357422
675,ails2_etaMax0.010_stoppingTime432000.00,252189.0,6869.868391357422
676,ails2_eoh_acc,251847.0,6851.875391357422
677,ails2_eoh_acc_large,251841.0,6934.612391357422
678,ails2_etaMax1.000_stoppingTime864000.00,255454.0,6939.619391357422
679,ails2_etaMax0.010_stoppingTime432000.00,252178.0,6917.160391357422
680,ails2_eoh_acc,251846.0,6932.897391357422
681,ails2_etaMax0.005_stoppingTime86400.00,251838.0,6993.911391357422
682,ails2_eoh_acc_large,251840.0,6937.332391357422
683,ails2_etaMax1.000_stoppingTime864000.00,255388.0,6939.884391357422
684,ails2_eoh_omega2,251938.0,7009.925391357422
685,ails2_eoh_acc,251845.0,6974.468391357422
686,ails2_etaMax0.005_stoppingTime86400.00,251834.0,6996.778391357422
687,ails2_eoh_acc_large,251838.0,7015.155391357422
688,ails2_eoh_omega2,251910.0,7057.8913913574215
689,ails2_eoh_acc,251844.0,7026.997391357422
690,ails2_eoh_acc_large,251836.0,7056.585391357422
691,ails2_eoh_omega2,251902.0,7089.040391357422
692,ails2_eoh_acc,251843.0,7115.795391357422
693,ails2_eoh_acc_large,251833.0,7136.814391357422
694,ails2_eoh_omega2,251900.0,7136.684391357422
695,ails2_eoh_acc,251842.0,7196.246391357422
696,ails2_etaMax0.010_stoppingTime432000.00,252176.0,7206.314391357422
697,ails2_eoh_omega2,251896.0,7246.070391357422
698,ails2_etaMax0.010_stoppingTime432000.00,252175.0,7276.319391357422
699,ails2_etaMax0.020_stoppingTime86400.00,251830.0,7295.3553913574215
700,ails2_etaMax1.000_stoppingTime86400.00,254333.0,7312.187391357422
701,ails2_eoh_omega2,251884.0,7294.812391357422
702,ails2_eoh_acc_large,251830.0,7325.0253913574215
703,ails2_etaMax0.010_stoppingTime432000.00,252169.0,7329.630391357422
704,ails2_eoh_acc,251832.0,7342.872391357422
705,ails2_etaMax0.020_stoppingTime86400.00,251809.0,7334.059391357422
706,ails2_etaMax1.000_stoppingTime86400.00,254216.0,7314.021391357422
707,ails2_eoh_omega2,251880.0,7366.223391357422
708,ails2_eoh_acc_large,251799.0,7380.246391357422
709,ails2_etaMax0.010_stoppingTime432000.00,252163.0,7364.5743913574215
710,ails2_eoh_acc,251811.0,7396.358391357422
711,ails2_etaMax0.005_stoppingTime86400.00,251832.0,7411.346391357421
712,ails2_etaMax0.020_stoppingTime86400.00,251808.0,7419.180391357422
713,ails2_eoh_omega2,251875.0,7426.444391357422
714,ails2_eoh_acc_large,251794.0,7431.710391357422
715,ails2_etaMax0.010_stoppingTime432000.00,252157.0,7420.151391357422
716,ails2_eoh_acc,251805.0,7447.854391357422
717,ails2_etaMax0.005_stoppingTime86400.00,251829.0,7439.781391357422
718,ails2_etaMax0.020_stoppingTime86400.00,251806.0,7421.442391357422
719,ails2_eoh_omega2,251861.0,7479.351391357422
720,ails2_eoh_acc_large,251789.0,7500.292391357422
721,ails2_etaMax0.010_stoppingTime432000.00,252156.0,7513.095391357422
722,ails2_eoh_acc,251799.0,7504.466391357422
723,ails2_etaMax0.005_stoppingTime86400.00,251814.0,7533.246391357422
724,ails2_eoh_omega2,251858.0,7546.265391357422
725,ails2_etaMax1.000_stoppingTime86400.00,254210.0,7569.318391357422
726,ails2_eoh_acc_large,251782.0,7569.156391357422
727,ails2_eoh_acc,251778.0,7586.124391357422
728,ails2_etaMax0.005_stoppingTime86400.00,251800.0,7586.151391357422
729,ails2_etaMax0.010_stoppingTime432000.00,252153.0,7603.358391357422
730,ails2_etaMax1.000_stoppingTime86400.00,254120.0,7572.126391357422
731,ails2_eoh_acc_large,251780.0,7589.335391357422
732,ails2_eoh_omega2,251857.0,7632.332391357422
733,ails2_eoh_acc,251775.0,7621.058391357422
734,ails2_etaMax0.005_stoppingTime86400.00,251788.0,7625.696391357422
735,ails2_etaMax0.010_stoppingTime432000.00,252139.0,7663.041391357422
736,ails2_eoh_acc_large,251767.0,7683.701391357422
737,ails2_eoh_omega2,251855.0,7639.903391357422
738,ails2_eoh_acc,251759.0,7695.426391357422
739,ails2_etaMax0.010_stoppingTime432000.00,252138.0,7663.784391357422
740,ails2_eoh_acc_large,251758.0,7732.506391357422
741,ails2_eoh_omega2,251853.0,7695.124391357422
742,ails2_eoh_acc,251739.0,7756.347391357422
743,ails2_eoh_acc_large,251755.0,7809.3823913574215
744,ails2_etaMax0.005_stoppingTime86400.00,251785.0,7825.3823913574215
745,ails2_etaMax0.010_stoppingTime432000.00,252137.0,7826.972391357422
746,ails2_eoh_acc,251722.0,7828.967391357422
747,ails2_eoh_acc_large,251754.0,7871.443391357422
748,ails2_etaMax0.005_stoppingTime86400.00,251775.0,7883.589391357422
749,ails2_etaMax0.010_stoppingTime432000.00,252136.0,7827.061391357422
750,ails2_eoh_acc,251717.0,7872.587391357421
751,ails2_eoh_omega2,251852.0,7897.557391357422
752,ails2_eoh_acc_large,251741.0,7935.310391357422
753,ails2_etaMax0.005_stoppingTime86400.00,251770.0,7922.707391357422
754,ails2_etaMax0.010_stoppingTime432000.00,252122.0,7937.920391357422
755,ails2_eoh_acc,251710.0,7923.846391357421
756,ails2_eoh_omega2,251849.0,7922.479391357422
757,ails2_eoh_acc_large,251730.0,7971.521391357422
758,ails2_etaMax0.010_stoppingTime432000.00,252094.0,8007.5743913574215
759,ails2_eoh_acc,251705.0,8009.639391357422
760,ails2_eoh_omega2,251848.0,7967.062391357422
761,ails2_eoh_acc_large,251727.0,8026.903391357422
762,ails2_etaMax0.010_stoppingTime432000.00,252091.0,8010.731391357422
763,ails2_eoh_acc,251703.0,8066.173391357422
764,ails2_eoh_omega2,251843.0,8067.487391357422
765,ails2_etaMax0.005_stoppingTime86400.00,251769.0,8132.760391357422
766,ails2_eoh_acc,251696.0,8126.795391357422
767,ails2_eoh_acc_large,251726.0,8161.763391357422
768,ails2_etaMax0.005_stoppingTime86400.00,251763.0,8165.366391357422
769,ails2_eoh_acc,251693.0,8166.518391357422
770,ails2_eoh_omega2,251842.0,8200.413391357422
771,ails2_eoh_acc_large,251724.0,8204.497391357421
772,ails2_eoh_acc,251686.0,8219.248391357421
773,ails2_eoh_acc_large,251722.0,8244.335391357421
774,ails2_eoh_omega2,251841.0,8302.645391357422
775,ails2_eoh_acc,251684.0,8283.379391357423
776,ails2_eoh_acc_large,251720.0,8335.586391357421
777,ails2_etaMax0.005_stoppingTime86400.00,251761.0,8346.073391357422
778,ails2_eoh_omega2,251838.0,8330.608391357422
779,ails2_eoh_acc,251683.0,8367.146391357423
780,ails2_etaMax0.020_stoppingTime86400.00,251803.0,8379.688391357422
781,ails2_etaMax0.010_stoppingTime432000.00,252087.0,8393.629391357423
782,ails2_etaMax0.005_stoppingTime86400.00,251753.0,8377.551391357421
783,ails2_eoh_acc_large,251719.0,8415.462391357421
784,ails2_eoh_omega2,251833.0,8396.258391357422
785,ails2_etaMax0.020_stoppingTime86400.00,251793.0,8411.765391357421
786,ails2_eoh_acc,251680.0,8420.982391357422
787,ails2_etaMax1.000_stoppingTime1728000.00,255383.0,8447.982391357422
788,ails2_etaMax0.010_stoppingTime432000.00,252082.0,8420.366391357422
789,ails2_etaMax0.005_stoppingTime86400.00,251735.0,8467.026391357422
790,ails2_eoh_acc_large,251718.0,8416.640391357421
791,ails2_eoh_acc,251678.0,8479.386391357422
792,ails2_etaMax1.000_stoppingTime1728000.00,255378.0,8457.239391357421
793,ails2_etaMax1.000_stoppingTime86400.00,254094.0,8521.412391357422
794,ails2_eoh_acc_large,251716.0,8534.030391357423
795,ails2_etaMax0.020_stoppingTime86400.00,251792.0,8546.415391357423
796,ails2_eoh_acc,251677.0,8558.074391357422
797,ails2_etaMax1.000_stoppingTime86400.00,254080.0,8521.694391357421
798,ails2_eoh_omega2,251830.0,8583.483391357422
799,ails2_etaMax0.020_stoppingTime86400.00,251772.0,8599.851391357422
800,ails2_eoh_acc_large,251714.0,8621.634391357422
801,ails2_eoh_acc,251675.0,8570.950391357423
802,ails2_eoh_omega2,251822.0,8641.432391357423
803,ails2_etaMax0.020_stoppingTime86400.00,251761.0,8639.009391357422
804,ails2_eoh_acc_large,251711.0,8678.937391357422
805,ails2_eoh_acc,251652.0,8675.721391357421
806,ails2_eoh_omega2,251821.0,8707.130391357421
807,ails2_eoh_acc_large,251710.0,8725.647391357423
808,ails2_eoh_acc,251648.0,8737.344391357421
809,ails2_etaMax0.005_stoppingTime86400.00,251731.0,8762.707391357422
810,ails2_eoh_omega2,251820.0,8785.291391357421
811,ails2_eoh_acc_large,251708.0,8794.945391357422
812,ails2_etaMax0.005_stoppingTime86400.00,251726.0,8778.341391357422
813,ails2_eoh_acc,251647.0,8829.755391357421
814,ails2_eoh_omega2,251819.0,8847.680391357422
815,ails2_eoh_acc_large,251706.0,8863.793391357422
816,ails2_eoh_omega2,251811.0,8889.292391357421
817,ails2_eoh_acc,251645.0,8915.487391357421
818,ails2_eoh_acc_large,251704.0,8884.409391357422
819,ails2_etaMax0.010_stoppingTime432000.00,252081.0,8930.302391357422
820,ails2_eoh_omega2,251808.0,8954.079391357422
821,ails2_eoh_acc,251639.0,8971.968391357423
822,ails2_eoh_acc_large,251693.0,8962.821391357422
823,ails2_etaMax0.010_stoppingTime432000.00,252079.0,8941.239391357421
824,ails2_etaMax0.005_stoppingTime86400.00,251725.0,9006.647391357423
825,ails2_eoh_acc,251628.0,9022.830391357422
826,ails2_eoh_acc_large,251689.0,9038.631391357421
827,ails2_eoh_omega2,251805.0,9058.704391357422
828,ails2_etaMax0.005_stoppingTime86400.00,251721.0,9051.946391357422
829,ails2_eoh_acc_large,251684.0,9097.702391357421
830,ails2_eoh_omega2,251797.0,9100.431391357422
831,ails2_etaMax0.005_stoppingTime86400.00,251699.0,9118.821391357422
832,ails2_eoh_acc,251626.0,9143.242391357422
833,ails2_eoh_acc_large,251682.0,9164.129391357423
834,ails2_eoh_omega2,251795.0,9178.888391357423
835,ails2_etaMax0.020_stoppingTime86400.00,251759.0,9185.144391357422
836,ails2_etaMax0.005_stoppingTime86400.00,251698.0,9179.914391357423
837,ails2_eoh_acc,251619.0,9156.907391357421
838,ails2_eoh_acc_large,251674.0,9214.797391357422
839,ails2_eoh_omega2,251793.0,9235.808391357421
840,ails2_etaMax0.020_stoppingTime86400.00,251758.0,9242.175391357421
841,ails2_etaMax0.005_stoppingTime86400.00,251688.0,9227.170391357422
842,ails2_etaMax1.000_stoppingTime1728000.00,255375.0,9257.419391357422
843,ails2_eoh_acc,251614.0,9245.225391357422
844,ails2_etaMax1.000_stoppingTime86400.00,254072.0,9291.087391357421
845,ails2_eoh_acc_large,251673.0,9249.781391357423
846,ails2_eoh_omega2,251791.0,9243.982391357422
847,ails2_etaMax0.005_stoppingTime86400.00,251685.0,9257.565391357422
848,ails2_etaMax1.000_stoppingTime1728000.00,255323.0,9257.602391357423
849,ails2_eoh_acc,251612.0,9310.709391357423
850,ails2_etaMax0.020_stoppingTime86400.00,251757.0,9332.748391357421
851,ails2_etaMax1.000_stoppingTime86400.00,253879.0,9321.528391357422
852,ails2_etaMax0.010_stoppingTime432000.00,252078.0,9356.351391357422
853,ails2_etaMax0.005_stoppingTime86400.00,251681.0,9371.873391357421
854,ails2_etaMax0.020_stoppingTime86400.00,251724.0,9387.786391357422
855,ails2_etaMax1.000_stoppingTime86400.00,253814.0,9411.537391357422
856,ails2_etaMax0.010_stoppingTime432000.00,252076.0,9380.246391357421
857,ails2_etaMax0.005_stoppingTime86400.00,251677.0,9374.320391357422
858,ails2_etaMax0.020_stoppingTime86400.00,251718.0,9453.870391357423
859,ails2_etaMax1.000_stoppingTime86400.00,253729.0,9412.706391357422
860,ails2_etaMax0.010_stoppingTime432000.00,252074.0,9464.888391357423
861,ails2_etaMax0.005_stoppingTime86400.00,251674.0,9492.816391357423
862,ails2_etaMax0.020_stoppingTime86400.00,251716.0,9459.465391357422
863,ails2_eoh_acc_large,251669.0,9550.353391357421
864,ails2_etaMax0.020_stoppingTime86400.00,251715.0,9582.503391357423
865,ails2_eoh_acc_large,251660.0,9601.578391357421
866,ails2_eoh_acc,251610.0,9620.162391357422
867,ails2_etaMax0.020_stoppingTime86400.00,251712.0,9586.864391357421
868,ails2_etaMax0.020_stoppingTime86400.00,251706.0,9703.245391357423
869,ails2_eoh_acc_large,251658.0,9719.707391357422
870,ails2_etaMax0.010_stoppingTime432000.00,252073.0,9726.113391357421
871,ails2_eoh_omega2,251790.0,9754.623391357421
872,ails2_etaMax0.020_stoppingTime86400.00,251692.0,9724.877391357422
873,ails2_eoh_acc,251607.0,9771.419391357422
874,ails2_etaMax1.000_stoppingTime86400.00,253719.0,9777.045391357422
875,ails2_etaMax0.005_stoppingTime86400.00,251673.0,9779.440391357422
876,ails2_eoh_acc_large,251657.0,9749.438391357422
877,ails2_etaMax0.010_stoppingTime432000.00,252065.0,9761.414391357423
878,ails2_eoh_omega2,251778.0,9807.940391357422
879,ails2_etaMax0.020_stoppingTime86400.00,251689.0,9824.875391357422
880,ails2_etaMax1.000_stoppingTime86400.00,253697.0,9777.141391357422
881,ails2_etaMax0.005_stoppingTime86400.00,251670.0,9825.937391357422
882,ails2_eoh_acc_large,251654.0,9816.854391357421
883,ails2_eoh_omega2,251773.0,9857.165391357423
884,ails2_etaMax0.020_stoppingTime86400.00,251684.0,9841.810391357421
885,ails2_etaMax0.010_stoppingTime432000.00,252064.0,9889.891391357422
886,ails2_etaMax0.005_stoppingTime86400.00,251667.0,9841.244391357423
887,ails2_eoh_acc_large,251653.0,9894.495391357423
888,ails2_etaMax0.020_stoppingTime86400.00,251674.0,9936.166391357421
889,ails2_etaMax0.010_stoppingTime432000.00,252059.0,9943.220391357421
890,ails2_eoh_acc_large,251649.0,9921.209391357423
891,ails2_etaMax0.020_stoppingTime86400.00,251673.0,10014.860391357422
892,ails2_etaMax0.020_stoppingTime86400.00,251671.0,10016.103391357421
893,ails2_eoh_acc,251606.0,10124.895391357422
894,ails2_eoh_acc_large,251647.0,10157.399391357421
895,ails2_etaMax0.005_stoppingTime86400.00,251665.0,10163.218391357423
896,ails2_eoh_acc,251605.0,10186.529391357422
897,ails2_eoh_acc_large,251646.0,10215.025391357422
898,ails2_etaMax0.005_stoppingTime86400.00,251662.0,10221.936391357422
899,ails2_eoh_acc,251604.0,10220.617391357422
900,ails2_etaMax0.005_stoppingTime86400.00,251646.0,10281.548391357423
901,ails2_eoh_acc,251603.0,10336.843391357423
902,ails2_etaMax0.005_stoppingTime86400.00,251628.0,10328.595391357421
903,ails2_eoh_acc,251601.0,10395.369391357423
904,ails2_etaMax0.005_stoppingTime86400.00,251613.0,10403.343391357423
905,ails2_etaMax0.010_stoppingTime432000.00,252057.0,10423.709391357423
906,ails2_eoh_acc,251599.0,10422.428391357422
907,ails2_etaMax0.005_stoppingTime86400.00,251608.0,10409.862391357421
908,ails2_etaMax0.005_stoppingTime86400.00,251607.0,10615.487391357421
909,ails2_etaMax1.000_stoppingTime864000.00,255376.0,10650.264391357421
910,ails2_etaMax0.005_stoppingTime86400.00,251598.0,10644.581391357422
911,ails2_etaMax0.010_stoppingTime432000.00,252045.0,10692.999391357422
912,ails2_etaMax0.020_stoppingTime86400.00,251670.0,10697.189391357422
913,ails2_etaMax1.000_stoppingTime864000.00,255298.0,10682.355391357421
914,ails2_etaMax0.005_stoppingTime86400.00,251592.0,10710.543391357422
915,ails2_etaMax0.010_stoppingTime432000.00,252043.0,10712.619391357423
916,ails2_etaMax0.020_stoppingTime86400.00,251664.0,10724.498391357421
917,ails2_eoh_acc,251598.0,10770.262391357423
918,ails2_etaMax0.010_stoppingTime432000.00,252031.0,10781.503391357423
919,ails2_etaMax1.000_stoppingTime864000.00,255297.0,10824.972391357422
920,ails2_etaMax0.010_stoppingTime432000.00,252027.0,10862.470391357421
921,ails2_etaMax1.000_stoppingTime864000.00,255220.0,10830.619391357423
922,ails2_eoh_acc_large,251584.0,10884.089391357422
923,ails2_etaMax0.010_stoppingTime432000.00,252026.0,10934.208391357422
924,ails2_eoh_acc_large,251580.0,10924.323391357422
925,ails2_etaMax0.010_stoppingTime432000.00,252018.0,10988.893391357422
926,ails2_eoh_acc_large,251573.0,11002.578391357421
927,ails2_eoh_acc,251591.0,11016.799391357421
928,ails2_etaMax0.010_stoppingTime432000.00,252008.0,11047.493391357422
929,ails2_eoh_acc_large,251568.0,11030.859391357422
930,ails2_eoh_acc,251586.0,11066.270391357422
931,ails2_etaMax0.010_stoppingTime432000.00,252007.0,11098.003391357423
932,ails2_eoh_acc_large,251563.0,11114.807391357423
933,ails2_eoh_acc,251584.0,11127.143391357422
934,ails2_eoh_acc_large,251557.0,11186.432391357423
935,ails2_eoh_acc,251578.0,11188.881391357421
936,ails2_eoh_acc_large,251555.0,11210.458391357422
937,ails2_eoh_acc,251571.0,11250.958391357422
938,ails2_etaMax0.010_stoppingTime432000.00,252005.0,11316.323391357422
939,ails2_eoh_acc,251570.0,11319.840391357422
940,ails2_eoh_acc_large,251554.0,11321.793391357422
941,ails2_etaMax1.000_stoppingTime86400.00,253693.0,11346.770391357422
942,ails2_etaMax0.010_stoppingTime432000.00,251991.0,11371.545391357422
943,ails2_eoh_acc,251568.0,11342.257391357422
944,ails2_eoh_acc_large,251553.0,11404.264391357421
945,ails2_etaMax1.000_stoppingTime86400.00,253605.0,11359.218391357423
946,ails2_etaMax0.005_stoppingTime86400.00,251590.0,11436.208391357422
947,ails2_etaMax0.010_stoppingTime432000.00,251989.0,11416.951391357421
948,ails2_eoh_acc,251564.0,11386.580391357422
949,ails2_eoh_acc_large,251551.0,11448.211391357421
950,ails2_etaMax1.000_stoppingTime86400.00,253575.0,11409.733391357422
951,ails2_etaMax0.010_stoppingTime432000.00,251987.0,11469.916391357421
952,ails2_eoh_acc,251562.0,11482.281391357423
953,ails2_etaMax1.000_stoppingTime86400.00,253564.0,11501.964391357422
954,ails2_eoh_acc_large,251550.0,11556.638391357423
955,ails2_etaMax0.010_stoppingTime432000.00,251986.0,11509.512391357423
956,ails2_etaMax0.005_stoppingTime86400.00,251589.0,11597.595391357421
957,ails2_etaMax0.010_stoppingTime432000.00,251985.0,11606.977391357423
958,ails2_eoh_acc_large,251549.0,11632.100391357422
959,ails2_eoh_acc,251561.0,11656.299391357421
960,ails2_etaMax0.005_stoppingTime86400.00,251588.0,11677.304391357422
961,ails2_eoh_acc,251559.0,11674.265391357421
962,ails2_etaMax0.005_stoppingTime86400.00,251580.0,11733.475391357422
963,ails2_eoh_acc_large,251548.0,11766.301391357421
964,ails2_eoh_acc,251556.0,11765.379391357423
965,ails2_etaMax0.010_stoppingTime432000.00,251984.0,11779.965391357422
966,ails2_etaMax0.005_stoppingTime86400.00,251576.0,11745.032391357421
967,ails2_eoh_acc_large,251547.0,11834.384391357422
968,ails2_eoh_acc,251553.0,11834.879391357423
969,ails2_etaMax0.010_stoppingTime432000.00,251981.0,11787.908391357421
970,ails2_eoh_acc_large,251545.0,11858.102391357423
971,ails2_eoh_acc,251552.0,11910.420391357422
972,ails2_etaMax1.000_stoppingTime86400.00,253561.0,12000.576391357421
973,ails2_eoh_acc_large,251544.0,12031.675391357421
974,ails2_eoh_acc,251551.0,12051.279391357422
975,ails2_eoh_acc_large,251542.0,12078.178391357422
976,ails2_eoh_acc,251550.0,12118.938391357422
977,ails2_etaMax0.010_stoppingTime432000.00,251980.0,12152.608391357422
978,ails2_eoh_acc_large,251538.0,12138.452391357421
979,ails2_eoh_acc,251549.0,12179.960391357421
980,ails2_etaMax0.010_stoppingTime432000.00,251979.0,12154.620391357423
981,ails2_eoh_acc_large,251535.0,12207.238391357421
982,ails2_etaMax0.005_stoppingTime86400.00,251575.0,12216.723391357422
983,ails2_etaMax0.010_stoppingTime432000.00,251975.0,12237.646391357423
984,ails2_eoh_acc_large,251534.0,12222.331391357422
985,ails2_etaMax0.005_stoppingTime86400.00,251569.0,12276.654391357422
986,ails2_eoh_acc,251548.0,12294.915391357423
987,ails2_etaMax0.005_stoppingTime86400.00,251566.0,12327.115391357422
988,ails2_eoh_acc_large,251533.0,12343.056391357422
989,ails2_eoh_acc,251547.0,12356.718391357423
990,ails2_etaMax0.005_stoppingTime86400.00,251565.0,12362.568391357421
991,ails2_eoh_acc_large,251528.0,12378.670391357422
992,ails2_etaMax1.000_stoppingTime1728000.00,255322.0,12411.172391357422
993,ails2_eoh_acc_large,251527.0,12459.036391357422
994,ails2_etaMax1.000_stoppingTime1728000.00,255316.0,12411.301391357421
995,ails2_etaMax0.005_stoppingTime86400.00,251564.0,12491.826391357421
996,ails2_eoh_acc_large,251523.0,12514.028391357422
997,ails2_eoh_acc,251546.0,12534.455391357422
998,ails2_etaMax0.005_stoppingTime86400.00,251559.0,12522.843391357423
999,ails2_eoh_omega2,251772.0,12567.116391357422
1000,ails2_eoh_acc,251543.0,12582.749391357422
1001,ails2_eoh_omega2,251763.0,12626.607391357422
1002,ails2_etaMax0.010_stoppingTime432000.00,251973.0,12639.376391357422
1003,ails2_eoh_acc,251542.0,12608.235391357422
1004,ails2_etaMax0.005_stoppingTime86400.00,251558.0,12662.317391357421
1005,filo2,251591.0,12686.7487616539
1006,ails2_eoh_omega2,251761.0,12630.147391357423
1007,ails2_eoh_acc,251540.0,12667.222391357422
1008,ails2_eoh_acc_large,251519.0,12736.104391357421
1009,ails2_etaMax0.010_stoppingTime432000.00,251972.0,12747.043391357422
1010,ails2_etaMax0.005_stoppingTime86400.00,251556.0,12753.477391357423
1011,ails2_eoh_acc_large,251508.0,12784.448391357422
1012,ails2_etaMax0.010_stoppingTime432000.00,251960.0,12770.722391357422
1013,ails2_etaMax0.005_stoppingTime86400.00,251555.0,12754.888391357423
1014,ails2_eoh_acc_large,251505.0,12828.425391357421
1015,ails2_etaMax0.010_stoppingTime432000.00,251958.0,12852.040391357423
1016,ails2_etaMax0.005_stoppingTime86400.00,251554.0,12869.582391357422
1017,ails2_eoh_acc,251537.0,12924.423391357423
1018,ails2_etaMax0.005_stoppingTime86400.00,251549.0,12885.132391357422
1019,ails2_eoh_acc,251535.0,12980.825391357423
1020,ails2_etaMax0.010_stoppingTime432000.00,251956.0,13044.934391357421
1021,ails2_eoh_acc,251533.0,13029.733391357422
1022,ails2_eoh_acc,251529.0,13103.924391357421
1023,ails2_eoh_omega2,251760.0,13108.502391357422
1024,ails2_etaMax1.000_stoppingTime86400.00,253551.0,13156.496391357421
1025,ails2_eoh_omega2,251745.0,13143.953391357421
1026,ails2_etaMax0.005_stoppingTime86400.00,251547.0,13171.915391357423
1027,ails2_eoh_acc_large,251504.0,13176.080391357422
1028,ails2_eoh_acc,251527.0,13195.810391357421
1029,ails2_etaMax1.000_stoppingTime86400.00,253543.0,13156.563391357422
1030,ails2_eoh_omega2,251739.0,13187.009391357422
1031,ails2_etaMax0.005_stoppingTime86400.00,251546.0,13173.419391357422
1032,ails2_eoh_acc_large,251503.0,13221.656391357423
1033,ails2_eoh_acc,251524.0,13237.350391357422
1034,ails2_eoh_acc_large,251502.0,13265.162391357422
1035,ails2_eoh_acc,251522.0,13280.554391357422
1036,ails2_etaMax0.005_stoppingTime86400.00,251545.0,13336.656391357423
1037,ails2_eoh_acc_large,251501.0,13301.982391357422
1038,ails2_eoh_acc_large,251499.0,13398.843391357423
1039,ails2_etaMax1.000_stoppingTime86400.00,253532.0,13420.351391357422
1040,ails2_etaMax1.000_stoppingTime86400.00,253489.0,13421.221391357421
1041,ails2_etaMax0.005_stoppingTime86400.00,251544.0,13481.444391357421
1042,ails2_eoh_acc_large,251498.0,13494.384391357422
1043,ails2_eoh_acc,251521.0,13503.748391357421
1044,ails2_etaMax0.005_stoppingTime86400.00,251535.0,13531.896391357423
1045,ails2_eoh_acc_large,251497.0,13523.247391357421
1046,ails2_etaMax0.005_stoppingTime86400.00,251533.0,13603.682391357423
1047,ails2_etaMax0.010_stoppingTime432000.00,251955.0,13652.458391357422
1048,ails2_eoh_acc,251520.0,13657.818391357421
1049,ails2_etaMax0.005_stoppingTime86400.00,251526.0,13655.267391357422
1050,ails2_eoh_omega2,251729.0,13669.237391357421
1051,ails2_eoh_acc_large,251496.0,13711.209391357423
1052,ails2_etaMax0.010_stoppingTime432000.00,251954.0,13721.001391357422
1053,ails2_etaMax0.005_stoppingTime86400.00,251523.0,13708.513391357423
1054,ails2_eoh_omega2,251728.0,13683.928391357422
1055,ails2_eoh_acc,251519.0,13742.940391357422
1056,ails2_eoh_acc_large,251495.0,13754.809391357421
1057,ails2_etaMax0.010_stoppingTime432000.00,251951.0,13732.945391357422
1058,ails2_etaMax0.005_stoppingTime86400.00,251522.0,13730.221391357421
1059,ails2_eoh_omega2,251726.0,13746.394391357422
1060,ails2_eoh_acc,251518.0,13788.789391357423
1061,ails2_etaMax0.020_stoppingTime86400.00,251590.0,13838.518391357422
1062,ails2_eoh_acc,251517.0,13838.989391357421
1063,ails2_eoh_omega2,251697.0,13883.634391357422
1064,ails2_etaMax0.020_stoppingTime86400.00,251587.0,13841.373391357421
1065,ails2_eoh_acc_large,251494.0,13938.867391357422
1066,ails2_eoh_omega2,251690.0,13931.598391357422
1067,ails2_etaMax0.010_stoppingTime432000.00,251950.0,13968.849391357422
1068,ails2_eoh_acc_large,251492.0,13983.415391357423
1069,ails2_eoh_omega2,251683.0,13987.070391357422
1070,ails2_etaMax0.010_stoppingTime432000.00,251949.0,13984.584391357423
1071,ails2_etaMax0.010_stoppingTime432000.00,251944.0,14078.543391357422
1072,ails2_etaMax1.000_stoppingTime432000.00,254909.0,14129.600391357422
1073,ails2_etaMax0.010_stoppingTime432000.00,251943.0,14131.780391357423
1074,ails2_etaMax1.000_stoppingTime86400.00,253483.0,14162.614391357421
1075,ails2_etaMax1.000_stoppingTime432000.00,254898.0,14129.675391357421
1076,ails2_etaMax0.020_stoppingTime86400.00,251586.0,14203.455391357422
1077,ails2_etaMax1.000_stoppingTime86400.00,253312.0,14209.812391357422
1078,ails2_eoh_omega2,251682.0,14236.891391357422
1079,ails2_etaMax0.010_stoppingTime432000.00,251942.0,14282.443391357421
1080,ails2_eoh_omega2,251679.0,14275.657391357421
1081,ails2_eoh_omega2,251676.0,14356.882391357422
1082,ails2_eoh_omega2,251665.0,14379.588391357422
1083,ails2_eoh_acc_large,251491.0,14467.637391357423
1084,ails2_etaMax1.000_stoppingTime86400.00,253308.0,14577.561391357422
1085,ails2_etaMax1.000_stoppingTime86400.00,253266.0,14582.852391357423
1086,ails2_eoh_acc_large,251490.0,14718.433391357421
1087,ails2_etaMax1.000_stoppingTime86400.00,253262.0,14735.174391357421
1088,ails2_eoh_omega2,251664.0,14749.468391357423
1089,ails2_eoh_acc_large,251486.0,14869.228391357421
1090,ails2_eoh_acc_large,251478.0,14911.895391357422
1091,ails2_eoh_acc_large,251476.0,14978.976391357422
1092,ails2_etaMax0.010_stoppingTime432000.00,251940.0,15026.644391357422
1093,ails2_eoh_acc_large,251475.0,15006.916391357421
1094,ails2_eoh_omega2,251662.0,15072.312391357422
1095,ails2_eoh_acc_large,251474.0,15094.389391357421
1096,ails2_eoh_omega2,251653.0,15133.132391357422
1097,ails2_eoh_acc_large,251473.0,15204.617391357422
1098,ails2_eoh_omega2,251652.0,15261.004391357423
1099,ails2_etaMax0.010_stoppingTime432000.00,251939.0,15311.482391357422
1100,ails2_eoh_omega2,251650.0,15307.262391357423
1101,ails2_eoh_omega2,251648.0,15377.425391357421
1102,ails2_eoh_omega2,251643.0,15433.977391357423
1103,ails2_etaMax0.010_stoppingTime432000.00,251938.0,15477.775391357422
1104,ails2_etaMax1.000_stoppingTime86400.00,253239.0,15485.878391357423
1105,ails2_etaMax1.000_stoppingTime1728000.00,255300.0,15531.790391357423
1106,ails2_etaMax0.010_stoppingTime432000.00,251936.0,15480.087391357421
1107,ails2_etaMax1.000_stoppingTime86400.00,253199.0,15497.192391357421
1108,ails2_etaMax1.000_stoppingTime1728000.00,255249.0,15532.013391357423
1109,ails2_etaMax0.010_stoppingTime432000.00,251930.0,15574.306391357422
1110,ails2_etaMax0.010_stoppingTime432000.00,251928.0,15643.285391357422
1111,ails2_eoh_omega2,251642.0,15670.940391357422
1112,ails2_eoh_omega2,251641.0,15672.588391357422
1113,ails2_eoh_omega2,251630.0,15788.947391357422
1114,ails2_eoh_omega2,251624.0,15848.534391357422
1115,ails2_eoh_omega2,251604.0,15870.936391357422
1116,ails2_eoh_omega2,251598.0,15956.311391357422
1117,ails2_etaMax1.000_stoppingTime86400.00,253197.0,15998.598391357422
1118,ails2_eoh_omega2,251594.0,16006.064391357422
1119,ails2_etaMax1.000_stoppingTime86400.00,253163.0,16000.087391357421
1120,ails2_eoh_acc_large,251472.0,16068.192391357421
1121,ails2_etaMax1.000_stoppingTime86400.00,252921.0,16112.793391357422
1122,ails2_eoh_omega2,251593.0,16691.217391357422
1123,ails2_eoh_omega2,251585.0,16710.306391357422
1124,ails2_etaMax0.010_stoppingTime432000.00,251927.0,16782.97939135742
1125,ails2_etaMax0.010_stoppingTime432000.00,251925.0,16788.92139135742
1126,ails2_eoh_omega2,251581.0,17035.437391357424
1127,ails2_eoh_omega2,251578.0,17045.484391357422
1128,ails2_etaMax0.010_stoppingTime432000.00,251924.0,17099.807391357423
1129,ails2_etaMax0.010_stoppingTime432000.00,251922.0,17104.42439135742
1130,ails2_eoh_omega2,251577.0,17167.055391357422
1131,ails2_eoh_omega2,251574.0,17181.63939135742
1132,ails2_etaMax0.010_stoppingTime432000.00,251916.0,17232.431391357422
1133,ails2_eoh_omega2,251573.0,17305.147391357423
1134,ails2_eoh_acc_large,251471.0,17358.11639135742
1135,ails2_eoh_omega2,251567.0,17324.150391357423
1136,ails2_etaMax0.010_stoppingTime432000.00,251915.0,17370.53039135742
1137,ails2_etaMax0.005_stoppingTime86400.00,251491.0,17386.342391357422
1138,ails2_eoh_acc_large,251470.0,17383.28239135742
1139,ails2_etaMax0.010_stoppingTime432000.00,251912.0,17422.99539135742
1140,ails2_etaMax0.005_stoppingTime86400.00,251488.0,17409.596391357423
1141,ails2_eoh_acc_large,251464.0,17445.434391357423
1142,ails2_etaMax0.010_stoppingTime432000.00,251909.0,17473.17439135742
1143,ails2_etaMax0.005_stoppingTime86400.00,251487.0,17473.42539135742
1144,ails2_etaMax0.010_stoppingTime432000.00,251906.0,17502.92639135742
1145,ails2_etaMax0.005_stoppingTime86400.00,251486.0,17597.630391357423
1146,ails2_etaMax0.005_stoppingTime86400.00,251478.0,17657.508391357424
1147,ails2_etaMax0.005_stoppingTime86400.00,251474.0,17663.89239135742
1148,ails2_eoh_acc_large,251463.0,17749.217391357422
1149,ails2_etaMax0.010_stoppingTime432000.00,251905.0,17767.30239135742
1150,ails2_etaMax0.010_stoppingTime432000.00,251903.0,17774.661391357422
1151,ails2_etaMax0.010_stoppingTime432000.00,251900.0,17834.633391357424
1152,ails2_eoh_acc_large,251462.0,17975.63739135742
1153,ails2_eoh_omega2,251566.0,18058.129391357423
1154,ails2_eoh_omega2,251563.0,18113.093391357423
1155,ails2_eoh_acc_large,251457.0,18164.33539135742
1156,ails2_eoh_omega2,251559.0,18164.07139135742
1157,ails2_eoh_acc_large,251456.0,18214.400391357423
1158,ails2_eoh_omega2,251556.0,18187.644391357422
1159,ails2_eoh_acc_large,251455.0,18279.10139135742
1160,ails2_eoh_omega2,251551.0,18291.15939135742
1161,ails2_eoh_omega2,251549.0,18323.561391357423
1162,ails2_eoh_omega2,251544.0,18417.848391357424
1163,ails2_eoh_omega2,251542.0,18488.67539135742
1164,ails2_eoh_omega2,251540.0,18509.65939135742
1165,ails2_eoh_acc_large,251454.0,18573.74539135742
1166,ails2_eoh_omega2,251536.0,18606.88839135742
1167,ails2_eoh_omega2,251534.0,18779.17639135742
1168,ails2_eoh_acc_large,251453.0,18824.02839135742
1169,ails2_etaMax1.000_stoppingTime864000.00,255215.0,18876.164391357423
1170,ails2_eoh_acc_large,251451.0,18854.37139135742
1171,ails2_etaMax1.000_stoppingTime864000.00,255076.0,18893.468391357423
1172,ails2_eoh_omega2,251533.0,18979.71339135742
1173,ails2_eoh_omega2,251531.0,19032.04839135742
1174,ails2_eoh_omega2,251529.0,19260.20839135742
1175,ails2_eoh_acc_large,251450.0,19269.88739135742
1176,ails2_etaMax0.010_stoppingTime432000.00,251899.0,19326.021391357423
1177,ails2_etaMax0.010_stoppingTime432000.00,251897.0,19370.643391357422
1178,ails2_eoh_acc,251460.0,19480.132391357423
1179,ails2_eoh_acc_large,251449.0,19547.97639135742
1180,ails2_etaMax0.010_stoppingTime432000.00,251896.0,19598.310391357423
1181,ails2_etaMax0.010_stoppingTime432000.00,251895.0,19602.450391357423
1182,ails2_eoh_acc_large,251446.0,19660.04639135742
1183,ails2_eoh_acc_large,251445.0,19675.396391357423
1184,ails2_eoh_acc_large,251444.0,19771.879391357423
1185,ails2_eoh_acc,251459.0,19817.184391357423
1186,ails2_etaMax1.000_stoppingTime86400.00,252918.0,19817.805391357422
1187,ails2_eoh_acc_large,251440.0,19838.62139135742
1188,ails2_eoh_acc,251458.0,19853.775391357423
1189,ails2_etaMax1.000_stoppingTime86400.00,252737.0,19847.810391357423
1190,ails2_eoh_acc_large,251437.0,19882.929391357422
1191,ails2_eoh_acc_large,251436.0,19918.65339135742
1192,ails2_eoh_acc,251457.0,20009.955391357424
1193,ails2_eoh_acc_large,251435.0,19980.543391357423
1194,ails2_etaMax1.000_stoppingTime86400.00,252736.0,20078.13539135742
1195,ails2_eoh_acc_large,251434.0,20106.982391357422
1196,ails2_eoh_acc,251456.0,20114.99539135742
1197,ails2_etaMax1.000_stoppingTime86400.00,252730.0,20078.381391357423
1198,ails2_etaMax1.000_stoppingTime432000.00,254896.0,20142.115391357424
1199,ails2_eoh_acc_large,251432.0,20213.080391357424
1200,ails2_etaMax0.010_stoppingTime432000.00,251894.0,20231.219391357423
1201,ails2_etaMax0.010_stoppingTime432000.00,251892.0,20237.74739135742
1202,ails2_eoh_acc_large,251430.0,20317.090391357422
1203,ails2_eoh_acc,251455.0,20337.327391357423
1204,ails2_eoh_acc_large,251428.0,20376.859391357422
1205,ails2_eoh_omega2,251528.0,20426.293391357423
1206,ails2_eoh_acc_large,251427.0,20394.214391357422
1207,ails2_eoh_omega2,251524.0,20472.096391357423
1208,ails2_eoh_acc_large,251423.0,20494.465391357422
1209,ails2_eoh_omega2,251523.0,20535.53139135742
1210,ails2_eoh_acc_large,251422.0,20568.988391357423
1211,ails2_eoh_omega2,251518.0,20559.65839135742
1212,ails2_eoh_acc_large,251421.0,20578.594391357423
1213,ails2_eoh_acc_large,251419.0,20662.60239135742
1214,ails2_eoh_acc,251454.0,20726.752391357422
1215,ails2_eoh_acc_large,251415.0,20732.003391357423
1216,ails2_etaMax0.010_stoppingTime432000.00,251891.0,20784.28039135742
1217,ails2_etaMax1.000_stoppingTime86400.00,252725.0,20821.379391357423
1218,ails2_etaMax0.010_stoppingTime432000.00,251886.0,20788.45839135742
1219,ails2_eoh_acc,251453.0,20866.74539135742
1220,ails2_etaMax1.000_stoppingTime86400.00,252718.0,20823.40539135742
1221,ails2_etaMax0.010_stoppingTime432000.00,251885.0,20894.99939135742
1222,ails2_eoh_omega2,251517.0,20916.54839135742
1223,ails2_etaMax1.000_stoppingTime86400.00,252673.0,20928.699391357422
1224,ails2_etaMax0.010_stoppingTime432000.00,251882.0,20929.753391357423
1225,ails2_eoh_omega2,251513.0,20954.52739135742
1226,ails2_etaMax0.010_stoppingTime432000.00,251880.0,20985.893391357422
1227,ails2_eoh_omega2,251512.0,21038.12439135742
1228,ails2_etaMax0.010_stoppingTime432000.00,251879.0,21094.83339135742
1229,ails2_eoh_omega2,251511.0,21040.665391357423
1230,ails2_etaMax0.010_stoppingTime432000.00,251873.0,21131.40639135742
1231,ails2_eoh_omega2,251510.0,21166.554391357422
1232,ails2_etaMax0.010_stoppingTime432000.00,251871.0,21195.24439135742
1233,ails2_eoh_omega2,251508.0,21166.97939135742
1234,ails2_etaMax1.000_stoppingTime86400.00,252652.0,21260.47639135742
1235,ails2_etaMax0.010_stoppingTime432000.00,251870.0,21282.340391357422
1236,ails2_eoh_omega2,251501.0,21235.33339135742
1237,ails2_etaMax0.010_stoppingTime432000.00,251867.0,21331.08139135742
1238,ails2_etaMax1.000_stoppingTime432000.00,254879.0,21394.88939135742
1239,ails2_etaMax0.010_stoppingTime432000.00,251863.0,21390.14139135742
1240,ails2_etaMax1.000_stoppingTime432000.00,254694.0,21398.71339135742
1241,ails2_etaMax0.010_stoppingTime432000.00,251858.0,21434.58639135742
1242,ails2_eoh_acc,251451.0,21494.33139135742
1243,ails2_eoh_omega2,251500.0,21514.87139135742
1244,ails2_eoh_acc,251449.0,21511.12039135742
1245,ails2_eoh_omega2,251495.0,21571.258391357424
1246,ails2_etaMax0.010_stoppingTime432000.00,251857.0,21577.413391357422
1247,ails2_eoh_omega2,251493.0,21623.76339135742
1248,ails2_etaMax0.010_stoppingTime432000.00,251852.0,21628.38639135742
1249,ails2_etaMax0.010_stoppingTime432000.00,251844.0,21696.989391357423
1250,ails2_eoh_omega2,251492.0,21702.537391357422
1251,ails2_eoh_acc_large,251414.0,21757.274391357423
1252,ails2_etaMax0.010_stoppingTime432000.00,251841.0,21741.11739135742
1253,ails2_eoh_omega2,251487.0,21731.257391357423
1254,ails2_eoh_omega2,251486.0,21812.14139135742
1255,ails2_etaMax1.000_stoppingTime864000.00,255037.0,21847.76239135742
1256,ails2_eoh_omega2,251485.0,22020.580391357424
1257,ails2_eoh_omega2,251480.0,22050.915391357423
1258,ails2_eoh_acc_large,251411.0,22125.060391357423
1259,ails2_etaMax1.000_stoppingTime864000.00,255015.0,22130.254391357423
1260,ails2_eoh_omega2,251476.0,22115.929391357422
1261,ails2_etaMax1.000_stoppingTime864000.00,254965.0,22197.126391357422
1262,ails2_eoh_omega2,251475.0,22221.557391357423
1263,ails2_etaMax1.000_stoppingTime864000.00,254884.0,22200.738391357423
1264,ails2_eoh_omega2,251464.0,22264.361391357423
1265,ails2_etaMax1.000_stoppingTime86400.00,252649.0,22306.67339135742
1266,ails2_eoh_omega2,251463.0,22359.22839135742
1267,ails2_etaMax1.000_stoppingTime86400.00,252496.0,22311.276391357424
1268,ails2_eoh_omega2,251460.0,22362.95739135742
1269,ails2_eoh_omega2,251450.0,22469.49539135742
1270,ails2_eoh_omega2,251448.0,22534.756391357423
1271,ails2_eoh_omega2,251446.0,22594.110391357422
1272,ails2_etaMax0.010_stoppingTime432000.00,251840.0,22636.94039135742
1273,ails2_etaMax0.010_stoppingTime432000.00,251838.0,22646.965391357422
1274,ails2_etaMax1.000_stoppingTime86400.00,252478.0,22849.72539135742
1275,ails2_etaMax1.000_stoppingTime86400.00,252464.0,22850.07039135742
1276,ails2_eoh_acc_large,251410.0,23095.215391357422
1277,ails2_etaMax0.010_stoppingTime432000.00,251837.0,23133.611391357423
1278,ails2_eoh_omega2,251445.0,23155.65839135742
1279,ails2_etaMax0.010_stoppingTime432000.00,251836.0,23135.847391357423
1280,ails2_etaMax1.000_stoppingTime86400.00,252463.0,23209.70739135742
1281,ails2_eoh_omega2,251444.0,23236.18839135742
1282,ails2_etaMax1.000_stoppingTime86400.00,252411.0,23211.30339135742
1283,ails2_eoh_omega2,251441.0,23291.15639135742
1284,ails2_etaMax0.010_stoppingTime432000.00,251834.0,23315.544391357424
1285,ails2_eoh_omega2,251437.0,23351.99439135742
1286,ails2_etaMax0.010_stoppingTime432000.00,251833.0,23315.95939135742
1287,ails2_eoh_acc_large,251409.0,23380.722391357423
1288,ails2_etaMax1.000_stoppingTime86400.00,252399.0,23395.42439135742
1289,ails2_eoh_acc,251414.0,23417.732391357422
1290,ails2_eoh_omega2,251433.0,23406.807391357423
1291,ails2_etaMax1.000_stoppingTime86400.00,252374.0,23396.615391357424
1292,ails2_etaMax1.000_stoppingTime86400.00,252373.0,23641.05139135742
1293,ails2_etaMax1.000_stoppingTime86400.00,252335.0,23643.47939135742
1294,ails2_eoh_omega2,251432.0,23726.235391357422
1295,ails2_eoh_omega2,251424.0,23785.99939135742
1296,ails2_eoh_omega2,251422.0,23818.10039135742
1297,ails2_etaMax0.010_stoppingTime432000.00,251832.0,23877.541391357423
1298,ails2_etaMax0.020_stoppingTime86400.00,251414.0,23894.022391357423
1299,ails2_eoh_acc,251413.0,23905.414391357423
1300,ails2_etaMax0.010_stoppingTime432000.00,251831.0,23941.26539135742
1301,ails2_etaMax0.020_stoppingTime86400.00,251410.0,23911.37039135742
1302,ails2_eoh_acc,251412.0,23920.625391357422
1303,ails2_eoh_acc_large,251408.0,23986.290391357423
1304,ails2_etaMax0.010_stoppingTime432000.00,251829.0,23996.455391357424
1305,ails2_etaMax0.020_stoppingTime86400.00,251409.0,23989.28539135742
1306,ails2_eoh_acc_large,251405.0,24001.347391357423
1307,ails2_etaMax1.000_stoppingTime86400.00,252323.0,24051.073391357422
1308,ails2_etaMax0.010_stoppingTime432000.00,251828.0,24047.698391357422
1309,ails2_etaMax0.020_stoppingTime86400.00,251406.0,24027.90239135742
1310,ails2_eoh_acc_large,251404.0,24088.021391357423
1311,ails2_etaMax1.000_stoppingTime86400.00,252311.0,24052.00939135742
1312,ails2_etaMax0.010_stoppingTime432000.00,251823.0,24087.043391357423
1313,ails2_etaMax0.020_stoppingTime86400.00,251396.0,24099.12239135742
1314,ails2_eoh_acc,251410.0,24184.597391357423
1315,ails2_etaMax0.010_stoppingTime432000.00,251822.0,24196.21239135742
1316,ails2_eoh_acc,251407.0,24200.84939135742
1317,ails2_etaMax0.010_stoppingTime432000.00,251819.0,24200.238391357423
1318,ails2_etaMax1.000_stoppingTime86400.00,252293.0,24290.434391357423
1319,ails2_eoh_acc_large,251403.0,24322.10039135742
1320,ails2_eoh_acc,251403.0,24341.054391357422
1321,ails2_etaMax1.000_stoppingTime86400.00,252271.0,24291.04539135742
1322,ails2_eoh_acc_large,251402.0,24364.83739135742
1323,ails2_etaMax0.010_stoppingTime432000.00,251818.0,24390.49439135742
1324,ails2_eoh_acc_large,251399.0,24431.71339135742
1325,ails2_eoh_acc,251401.0,24445.378391357423
1326,ails2_etaMax0.010_stoppingTime432000.00,251817.0,24510.80239135742
1327,ails2_eoh_acc,251400.0,24571.216391357422
1328,ails2_etaMax0.010_stoppingTime432000.00,251809.0,24555.812391357424
1329,ails2_etaMax1.000_stoppingTime86400.00,252265.0,24623.68939135742
1330,ails2_eoh_acc,251393.0,24610.06939135742
1331,ails2_etaMax0.010_stoppingTime432000.00,251803.0,24574.20739135742
1332,ails2_eoh_acc_large,251398.0,24652.69339135742
1333,ails2_etaMax1.000_stoppingTime86400.00,252157.0,24644.04839135742
1334,ails2_eoh_acc,251389.0,24689.72939135742
1335,ails2_eoh_acc_large,251397.0,24705.701391357423
1336,ails2_etaMax0.010_stoppingTime432000.00,251794.0,24770.304391357422
1337,ails2_etaMax0.010_stoppingTime432000.00,251778.0,24816.697391357422
1338,ails2_eoh_acc,251388.0,24853.98039135742
1339,ails2_etaMax0.010_stoppingTime432000.00,251775.0,24885.449391357422
1340,ails2_eoh_acc,251387.0,24878.358391357422
1341,ails2_etaMax0.010_stoppingTime432000.00,251764.0,24937.756391357423
1342,ails2_etaMax0.010_stoppingTime432000.00,251755.0,25001.26339135742
1343,ails2_eoh_acc,251386.0,25132.96239135742
1344,ails2_eoh_acc_large,251396.0,25155.935391357423
1345,ails2_eoh_acc,251378.0,25186.522391357423
1346,ails2_etaMax0.020_stoppingTime86400.00,251392.0,25214.930391357422
1347,ails2_eoh_acc,251365.0,25246.76739135742
1348,ails2_eoh_acc,251342.0,25312.643391357422
1349,ails2_eoh_acc_large,251360.0,25339.78139135742
1350,ails2_etaMax0.010_stoppingTime432000.00,251754.0,25362.365391357424
1351,ails2_eoh_acc,251337.0,25339.253391357423
1352,ails2_eoh_acc_large,251354.0,25400.107391357422
1353,ails2_etaMax0.010_stoppingTime432000.00,251747.0,25416.393391357422
1354,ails2_etaMax1.000_stoppingTime86400.00,252155.0,25428.77939135742
1355,ails2_eoh_acc,251335.0,25404.201391357423
1356,ails2_eoh_acc_large,251353.0,25402.877391357422
1357,ails2_etaMax0.010_stoppingTime432000.00,251742.0,25478.49439135742
1358,ails2_etaMax1.000_stoppingTime86400.00,252151.0,25429.339391357422
1359,ails2_eoh_omega2,251421.0,25497.56839135742
1360,ails2_eoh_acc,251332.0,25511.681391357422
1361,ails2_etaMax0.010_stoppingTime432000.00,251736.0,25538.809391357423
1362,ails2_etaMax1.000_stoppingTime86400.00,252026.0,25505.90739135742
1363,ails2_eoh_omega2,251417.0,25538.129391357423
1364,ails2_etaMax1.000_stoppingTime86400.00,251981.0,25610.35439135742
1365,ails2_eoh_omega2,251408.0,25598.83739135742
1366,ails2_eoh_acc_large,251352.0,25672.901391357424
1367,ails2_eoh_omega2,251402.0,25628.92739135742
1368,ails2_eoh_acc_large,251344.0,25684.35139135742
1369,ails2_etaMax1.000_stoppingTime1728000.00,255231.0,25741.70839135742
1370,ails2_etaMax1.000_stoppingTime1728000.00,255187.0,25741.88639135742
1371,ails2_eoh_acc_large,251343.0,25811.64139135742
1372,ails2_eoh_omega2,251401.0,25871.67139135742
1373,ails2_eoh_acc_large,251339.0,25862.94139135742
1374,ails2_eoh_omega2,251400.0,25881.306391357422
1375,ails2_eoh_acc_large,251338.0,25922.342391357422
1376,ails2_eoh_acc_large,251335.0,25935.24139135742
1377,ails2_eoh_acc_large,251333.0,26037.663391357422
1378,ails2_eoh_omega2,251399.0,26089.151391357424
1379,ails2_eoh_acc_large,251331.0,26086.361391357423
1380,ails2_eoh_omega2,251396.0,26093.30339135742
1381,ails2_eoh_acc_large,251330.0,26140.935391357423
1382,ails2_eoh_acc_large,251329.0,26182.46239135742
1383,ails2_eoh_omega2,251395.0,26340.092391357422
1384,ails2_eoh_acc_large,251328.0,26365.149391357423
1385,ails2_eoh_omega2,251391.0,26353.64039135742
1386,ails2_eoh_acc_large,251327.0,26395.632391357423
1387,ails2_eoh_acc_large,251326.0,26618.181391357422
1388,ails2_eoh_acc,251331.0,26655.68939135742
1389,ails2_eoh_acc_large,251324.0,26640.180391357422
1390,ails2_eoh_acc,251330.0,26677.094391357423
1391,ails2_eoh_acc_large,251318.0,27014.561391357423
1392,ails2_etaMax0.010_stoppingTime432000.00,251735.0,27064.17039135742
1393,ails2_eoh_acc_large,251317.0,27040.03439135742
1394,ails2_eoh_omega2,251390.0,27090.20639135742
1395,ails2_etaMax0.010_stoppingTime432000.00,251727.0,27091.68839135742
1396,ails2_eoh_acc_large,251316.0,27124.83239135742
1397,ails2_eoh_omega2,251388.0,27144.33639135742
1398,ails2_eoh_omega2,251382.0,27182.276391357424
1399,ails2_eoh_acc_large,251315.0,27247.433391357423
1400,ails2_etaMax1.000_stoppingTime86400.00,251956.0,27339.19139135742
1401,ails2_etaMax1.000_stoppingTime1728000.00,255184.0,27385.898391357423
1402,ails2_etaMax1.000_stoppingTime86400.00,251882.0,27367.21039135742
1403,ails2_eoh_omega2,251381.0,27427.376391357422
1404,ails2_eoh_acc,251329.0,27441.703391357423
1405,ails2_etaMax1.000_stoppingTime1728000.00,255175.0,27386.14239135742
1406,ails2_etaMax1.000_stoppingTime86400.00,251881.0,27501.985391357422
1407,ails2_etaMax1.000_stoppingTime86400.00,251848.0,27557.66039135742
1408,ails2_eoh_acc_large,251314.0,27643.22639135742
1409,ails2_etaMax1.000_stoppingTime432000.00,254688.0,27700.704391357423
1410,ails2_etaMax1.000_stoppingTime432000.00,254657.0,27703.97439135742
1411,ails2_eoh_acc_large,251313.0,27823.23039135742
1412,ails2_eoh_acc_large,251312.0,28179.322391357422
1413,ails2_eoh_acc,251328.0,28235.468391357423
1414,ails2_etaMax0.005_stoppingTime86400.00,251364.0,28304.114391357423
1415,ails2_etaMax0.010_stoppingTime432000.00,251726.0,28335.825391357423
1416,ails2_eoh_acc_large,251311.0,28356.824391357422
1417,ails2_etaMax0.005_stoppingTime86400.00,251360.0,28315.74739135742
1418,ails2_etaMax0.010_stoppingTime432000.00,251720.0,28343.005391357423
1419,ails2_eoh_acc_large,251310.0,28392.036391357422
1420,ails2_etaMax0.010_stoppingTime432000.00,251719.0,28465.51739135742
1421,ails2_etaMax0.010_stoppingTime432000.00,251716.0,28509.109391357422
1422,ails2_eoh_acc_large,251309.0,28573.44539135742
1423,ails2_eoh_acc,251327.0,28691.130391357423
1424,ails2_etaMax1.000_stoppingTime86400.00,251839.0,28708.668391357423
1425,ails2_eoh_acc,251326.0,28800.758391357424
1426,ails2_etaMax0.010_stoppingTime432000.00,251713.0,28821.089391357422
1427,ails2_etaMax0.010_stoppingTime432000.00,251712.0,28823.65839135742
1428,ails2_etaMax0.010_stoppingTime432000.00,251710.0,28948.915391357423
1429,ails2_etaMax0.010_stoppingTime432000.00,251707.0,28984.01639135742
1430,ails2_eoh_omega2,251380.0,29020.019391357422
1431,ails2_etaMax0.010_stoppingTime432000.00,251703.0,29039.592391357422
1432,ails2_eoh_omega2,251378.0,29022.307391357423
1433,ails2_etaMax1.000_stoppingTime86400.00,251838.0,29094.646391357423
1434,ails2_etaMax1.000_stoppingTime86400.00,251786.0,29098.35039135742
1435,ails2_eoh_omega2,251377.0,29255.90839135742
1436,ails2_etaMax1.000_stoppingTime86400.00,251779.0,29278.53339135742
1437,ails2_eoh_omega2,251374.0,29260.44139135742
1438,ails2_etaMax1.000_stoppingTime86400.00,251742.0,29282.30139135742
1439,ails2_etaMax1.000_stoppingTime864000.00,254867.0,29696.541391357423
1440,ails2_etaMax1.000_stoppingTime864000.00,254716.0,29701.986391357423
1441,ails2_eoh_omega2,251373.0,29888.74639135742
1442,ails2_etaMax1.000_stoppingTime86400.00,251737.0,29945.000391357422
1443,ails2_eoh_omega2,251371.0,29896.47939135742
1444,ails2_etaMax1.000_stoppingTime86400.00,251688.0,29948.098391357424
1445,ails2_eoh_acc,251308.0,30041.24839135742
1446,ails2_eoh_acc,251306.0,30057.92039135742
1447,ails2_eoh_acc,251305.0,30149.348391357424
1448,ails2_etaMax1.000_stoppingTime86400.00,251686.0,30234.092391357422
1449,ails2_eoh_acc_large,251307.0,30252.35439135742
1450,ails2_etaMax1.000_stoppingTime86400.00,251669.0,30236.433391357423
1451,ails2_eoh_omega2,251370.0,30324.35239135742
1452,ails2_etaMax1.000_stoppingTime432000.00,254655.0,30346.544391357424
1453,ails2_etaMax1.000_stoppingTime86400.00,251640.0,30322.19139135742
1454,ails2_eoh_omega2,251355.0,30382.537391357422
1455,ails2_etaMax1.000_stoppingTime432000.00,254651.0,30347.145391357422
1456,ails2_eoh_omega2,251354.0,30384.965391357422
1457,ails2_eoh_omega2,251353.0,30596.739391357423
1458,ails2_eoh_omega2,251352.0,30684.03339135742
1459,ails2_eoh_acc_large,251306.0,30720.288391357422
1460,ails2_eoh_omega2,251344.0,30724.35439135742
1461,ails2_eoh_omega2,251342.0,30754.60039135742
1462,ails2_etaMax0.010_stoppingTime432000.00,251701.0,30901.394391357422
1463,ails2_etaMax0.010_stoppingTime432000.00,251700.0,30902.232391357422
1464,ails2_etaMax1.000_stoppingTime86400.00,251633.0,31007.827391357423
1465,ails2_etaMax0.010_stoppingTime432000.00,251699.0,30969.69639135742
1466,ails2_etaMax1.000_stoppingTime86400.00,251592.0,31013.025391357423
1467,ails2_eoh_omega2,251339.0,31151.90539135742
1468,ails2_eoh_omega2,251328.0,31200.49739135742
1469,ails2_eoh_omega2,251327.0,31221.90639135742
1470,ails2_eoh_omega2,251323.0,31332.792391357423
1471,ails2_eoh_acc_large,251303.0,31345.808391357423
1472,ails2_eoh_omega2,251317.0,31378.330391357424
1473,ails2_eoh_acc_large,251302.0,31435.99139135742
1474,ails2_eoh_omega2,251316.0,31492.47939135742
1475,ails2_eoh_acc_large,251301.0,31503.49539135742
1476,HGS-TV,251304.0,31529.50852560997
1477,ails2_eoh_omega2,251312.0,31496.359391357422
1478,ails2_eoh_omega2,251311.0,31574.150391357423
1479,ails2_eoh_omega2,251310.0,31676.522391357423
1480,ails2_eoh_omega2,251308.0,31686.20739135742
1481,ails2_eoh_omega2,251306.0,31792.63839135742
1482,ails2_eoh_omega2,251305.0,31811.59939135742
1483,ails2_eoh_omega2,251304.0,31988.327391357423
1484,ails2_eoh_omega2,251302.0,31991.35139135742
1485,ails2_eoh_omega2,251301.0,32120.395391357422
1486,ails2_eoh_omega2,251295.0,32156.94339135742
1487,ails2_etaMax0.005_stoppingTime86400.00,251308.0,32399.719391357423
1488,ails2_eoh_acc,251293.0,32541.415391357423
1489,ails2_eoh_acc,251285.0,32590.202391357423
1490,ails2_eoh_omega2,251294.0,32657.99739135742
1491,ails2_eoh_acc,251270.0,32649.37439135742
1492,ails2_eoh_omega2,251293.0,32658.649391357423
1493,ails2_eoh_acc,251269.0,32690.003391357423
1494,ails2_etaMax0.010_stoppingTime432000.00,251698.0,32768.61239135742
1495,ails2_eoh_acc,251266.0,32774.56339135742
1496,ails2_etaMax0.010_stoppingTime432000.00,251693.0,32779.15139135742
1497,ails2_eoh_acc,251265.0,32876.91639135742
1498,ails2_eoh_acc,251254.0,32905.82239135742
1499,ails2_eoh_acc,251252.0,32986.50539135742
1500,ails2_eoh_acc,251251.0,33001.00239135742
1501,ails2_eoh_omega2,251292.0,33114.32139135742
1502,ails2_eoh_acc,251249.0,33091.52139135742
1503,ails2_eoh_omega2,251282.0,33162.86139135742
1504,ails2_eoh_acc,251248.0,33199.390391357425
1505,ails2_eoh_omega2,251274.0,33234.58039135742
1506,ails2_eoh_acc,251247.0,33286.10139135742
1507,ails2_eoh_omega2,251272.0,33238.926391357425
1508,ails2_eoh_omega2,251267.0,33329.11039135742
1509,ails2_eoh_acc,251245.0,33358.82739135742
1510,ails2_eoh_acc,251244.0,33405.05239135742
1511,ails2_eoh_acc,251242.0,33466.64939135742
1512,ails2_eoh_acc,251241.0,33527.11639135742
1513,ails2_eoh_acc,251240.0,33548.623391357425
1514,ails2_etaMax1.000_stoppingTime1728000.00,255144.0,33603.23539135742
1515,ails2_etaMax0.010_stoppingTime432000.00,251692.0,33603.75239135742
1516,ails2_etaMax1.000_stoppingTime1728000.00,255091.0,33608.13039135742
1517,ails2_etaMax0.010_stoppingTime432000.00,251687.0,33664.37039135742
1518,ails2_eoh_acc,251239.0,33672.90839135742
1519,ails2_etaMax0.010_stoppingTime432000.00,251685.0,33669.25539135742
1520,ails2_eoh_acc,251238.0,33700.41239135742
1521,ails2_eoh_acc_large,251291.0,33759.63139135742
1522,ails2_eoh_acc,251237.0,33774.85139135742
1523,ails2_eoh_acc,251236.0,33818.70139135742
1524,ails2_etaMax1.000_stoppingTime86400.00,251581.0,34027.78739135742
1525,ails2_etaMax1.000_stoppingTime86400.00,251419.0,34070.47639135742
1526,ails2_eoh_acc,251235.0,34189.384391357424
1527,ails2_eoh_acc,251231.0,34245.57739135742
1528,ails2_eoh_acc_large,251284.0,34373.10839135742
1529,ails2_etaMax0.010_stoppingTime432000.00,251681.0,34381.95939135742
1530,ails2_eoh_acc_large,251281.0,34426.90139135742
1531,ails2_eoh_acc_large,251280.0,34457.301391357425
1532,ails2_etaMax0.010_stoppingTime432000.00,251680.0,34559.170391357424
1533,ails2_eoh_acc_large,251279.0,34592.71339135742
1534,ails2_eoh_acc_large,251275.0,34666.00239135742
1535,ails2_etaMax0.010_stoppingTime432000.00,251679.0,34742.31539135742
1536,ails2_eoh_acc,251230.0,34753.06039135742
1537,ails2_etaMax1.000_stoppingTime432000.00,254642.0,34793.64939135742
1538,ails2_etaMax0.010_stoppingTime432000.00,251678.0,34844.16939135742
1539,ails2_etaMax1.000_stoppingTime432000.00,254629.0,34793.96639135742
1540,ails2_etaMax0.010_stoppingTime432000.00,251677.0,34909.91239135742
1541,ails2_eoh_acc,251229.0,34927.674391357425
1542,ails2_eoh_acc_large,251274.0,34927.731391357425
1543,ails2_etaMax0.010_stoppingTime432000.00,251675.0,34927.31339135742
1544,ails2_eoh_acc_large,251266.0,35126.66939135742
1545,ails2_eoh_acc,251228.0,35139.085391357425
1546,ails2_etaMax0.010_stoppingTime432000.00,251674.0,35167.68339135742
1547,ails2_etaMax1.000_stoppingTime432000.00,254619.0,35180.799391357425
1548,ails2_eoh_acc_large,251265.0,35138.153391357424
1549,ails2_etaMax0.010_stoppingTime432000.00,251670.0,35183.59639135742
1550,ails2_etaMax1.000_stoppingTime432000.00,254597.0,35181.945391357425
1551,ails2_eoh_acc_large,251262.0,35234.84239135742
1552,ails2_etaMax0.010_stoppingTime432000.00,251659.0,35270.86639135742
1553,ails2_eoh_acc_large,251261.0,35288.62439135742
1554,ails2_etaMax0.010_stoppingTime432000.00,251656.0,35301.77539135742
1555,ails2_etaMax1.000_stoppingTime432000.00,254593.0,35496.58839135742
1556,ails2_etaMax0.010_stoppingTime432000.00,251655.0,35509.848391357424
1557,ails2_etaMax1.000_stoppingTime432000.00,254360.0,35520.65439135742
1558,ails2_etaMax0.010_stoppingTime432000.00,251654.0,35587.62739135742
1559,ails2_eoh_acc_large,251260.0,35602.96139135742
1560,ails2_etaMax1.000_stoppingTime432000.00,254357.0,35563.68039135742
1561,ails2_eoh_acc,251226.0,35644.835391357425
1562,ails2_eoh_acc_large,251259.0,35665.16839135742
1563,ails2_eoh_acc_large,251258.0,35668.50639135742
1564,ails2_etaMax0.010_stoppingTime432000.00,251652.0,35838.50839135742
1565,ails2_etaMax0.010_stoppingTime432000.00,251642.0,35896.93639135742
1566,ails2_etaMax0.010_stoppingTime432000.00,251641.0,35954.979391357425
1567,ails2_etaMax0.010_stoppingTime432000.00,251639.0,36156.84939135742
1568,ails2_eoh_acc,251222.0,36172.28639135742
1569,ails2_etaMax0.010_stoppingTime432000.00,251627.0,36199.37039135742
1570,ails2_eoh_omega2,251266.0,36494.91039135742
1571,ails2_etaMax0.010_stoppingTime432000.00,251626.0,36515.73039135742
1572,ails2_eoh_omega2,251260.0,36512.41139135742
1573,ails2_eoh_omega2,251255.0,36609.49339135742
1574,ails2_eoh_omega2,251251.0,36635.98739135742
1575,ails2_etaMax1.000_stoppingTime86400.00,251418.0,36867.267391357425
1576,ails2_etaMax0.010_stoppingTime432000.00,251625.0,36876.79339135742
1577,ails2_etaMax1.000_stoppingTime86400.00,251406.0,36868.498391357425
1578,ails2_etaMax0.010_stoppingTime432000.00,251619.0,36916.48239135742
1579,ails2_etaMax1.000_stoppingTime86400.00,251401.0,37032.15039135742
1580,ails2_etaMax1.000_stoppingTime86400.00,251380.0,37052.121391357425
1581,ails2_eoh_omega2,251250.0,37272.52139135742
1582,ails2_eoh_acc,251221.0,37410.11339135742
1583,ails2_etaMax1.000_stoppingTime86400.00,251377.0,37433.886391357424
1584,ails2_etaMax1.000_stoppingTime86400.00,251345.0,37438.34939135742
1585,ails2_etaMax1.000_stoppingTime432000.00,254333.0,37706.88039135742
1586,ails2_eoh_acc,251220.0,37710.34939135742
1587,ails2_etaMax1.000_stoppingTime432000.00,254313.0,37707.12239135742
1588,ails2_etaMax0.010_stoppingTime432000.00,251618.0,37799.78839135742
1589,ails2_etaMax1.000_stoppingTime86400.00,251341.0,37894.706391357424
1590,ails2_eoh_acc_large,251225.0,37949.59239135742
1591,ails2_eoh_acc,251219.0,37967.84639135742
1592,ails2_eoh_acc_large,251224.0,38158.52239135742
1593,ails2_eoh_acc,251217.0,38210.75639135742
1594,ails2_eoh_acc_large,251223.0,38165.88239135742
1595,ails2_eoh_acc_large,251221.0,38243.695391357425
1596,ails2_eoh_acc,251216.0,38291.02239135742
1597,ails2_etaMax0.010_stoppingTime432000.00,251617.0,38387.68539135742
1598,ails2_etaMax0.010_stoppingTime432000.00,251615.0,38394.74739135742
1599,ails2_eoh_acc_large,251220.0,38488.82239135742
1600,ails2_eoh_acc_large,251219.0,38505.72839135742
1601,ails2_eoh_acc,251215.0,38674.390391357425
1602,ails2_etaMax1.000_stoppingTime86400.00,251329.0,38690.477391357424
1603,ails2_etaMax0.010_stoppingTime432000.00,251614.0,38705.89739135742
1604,ails2_eoh_acc,251214.0,38684.208391357424
1605,ails2_etaMax1.000_stoppingTime86400.00,251306.0,38705.14839135742
1606,ails2_etaMax0.010_stoppingTime432000.00,251603.0,38708.33239135742
1607,ails2_etaMax1.000_stoppingTime86400.00,251299.0,38932.44639135742
1608,ails2_etaMax1.000_stoppingTime86400.00,251296.0,38969.00039135742
1609,ails2_etaMax0.010_stoppingTime432000.00,251602.0,39053.068391357425
1610,ails2_etaMax1.000_stoppingTime86400.00,251292.0,39042.57139135742
1611,ails2_etaMax0.010_stoppingTime432000.00,251596.0,39073.88339135742
1612,ails2_eoh_acc_large,251218.0,39127.674391357425
1613,ails2_etaMax0.005_stoppingTime86400.00,251223.0,39144.81339135742
1614,ails2_eoh_acc_large,251216.0,39141.229391357425
1615,ails2_etaMax0.010_stoppingTime432000.00,251594.0,39217.958391357424
1616,ails2_etaMax1.000_stoppingTime86400.00,251291.0,39238.621391357425
1617,ails2_etaMax0.010_stoppingTime432000.00,251589.0,39249.67739135742
1618,ails2_etaMax0.005_stoppingTime86400.00,251222.0,39280.79339135742
1619,ails2_etaMax1.000_stoppingTime86400.00,251221.0,39283.87839135742
1620,ails2_etaMax0.005_stoppingTime86400.00,251221.0,39281.35739135742
1621,ails2_etaMax0.010_stoppingTime432000.00,251587.0,39380.07239135742
1622,ails2_etaMax0.005_stoppingTime86400.00,251209.0,39378.21639135742
1623,ails2_eoh_acc,251213.0,39431.59739135742
1624,ails2_etaMax0.010_stoppingTime432000.00,251577.0,39438.98639135742
1625,ails2_etaMax0.010_stoppingTime432000.00,251576.0,39564.32139135742
1626,ails2_eoh_acc_large,251215.0,39578.61439135742
1627,ails2_etaMax1.000_stoppingTime432000.00,254308.0,39582.16139135742
1628,ails2_eoh_acc,251211.0,39620.59039135742
1629,ails2_etaMax1.000_stoppingTime432000.00,254270.0,39582.568391357425
1630,ails2_eoh_acc,251208.0,39732.44939135742
1631,ails2_eoh_acc,251207.0,39786.80939135742
1632,ails2_etaMax1.000_stoppingTime864000.00,254706.0,39848.69739135742
1633,ails2_eoh_acc,251175.0,39852.55439135742
1634,ails2_etaMax1.000_stoppingTime864000.00,254605.0,39849.05839135742
1635,ails2_eoh_acc,251167.0,39909.263391357425
1636,ails2_eoh_acc,251164.0,39971.59639135742
1637,ails2_etaMax1.000_stoppingTime86400.00,251218.0,39986.44439135742
1638,ails2_eoh_acc_large,251208.0,39996.799391357425
1639,ails2_etaMax1.000_stoppingTime86400.00,251208.0,39997.581391357424
1640,ails2_eoh_acc,251163.0,40048.44439135742
1641,ails2_eoh_acc_large,251202.0,40050.886391357424
1642,ails2_eoh_acc,251162.0,40068.71139135742
1643,ails2_eoh_acc_large,251196.0,40116.49039135742
1644,ails2_eoh_acc_large,251191.0,40161.05039135742
1645,ails2_etaMax0.005_stoppingTime86400.00,251208.0,40190.36239135742
1646,ails2_eoh_acc,251161.0,40217.55439135742
1647,ails2_eoh_acc_large,251187.0,40196.82239135742
1648,ails2_etaMax0.005_stoppingTime86400.00,251206.0,40208.015391357425
1649,ails2_eoh_acc,251160.0,40279.356391357425
1650,ails2_eoh_acc_large,251174.0,40284.08239135742
1651,ails2_eoh_acc,251159.0,40352.09239135742
1652,ails2_eoh_acc_large,251169.0,40357.85539135742
1653,ails2_eoh_acc_large,251166.0,40423.02039135742
1654,ails2_eoh_acc_large,251165.0,40465.956391357424
1655,ails2_eoh_acc_large,251163.0,40535.91839135742
1656,ails2_eoh_acc,251158.0,40597.083391357424
1657,ails2_eoh_acc,251157.0,40669.75539135742
1658,ails2_eoh_acc_large,251162.0,40683.142391357425
1659,ails2_eoh_acc,251156.0,40732.331391357424
1660,ails2_eoh_acc_large,251160.0,40715.80939135742
1661,ails2_eoh_acc_large,251159.0,40772.46539135742
1662,ails2_eoh_acc_large,251158.0,40811.51039135742
1663,ails2_eoh_acc,251154.0,40892.77939135742
1664,ails2_eoh_acc,251153.0,40946.89839135742
1665,ails2_eoh_acc_large,251157.0,41001.45239135742
1666,ails2_eoh_acc,251151.0,40996.95739135742
1667,ails2_etaMax0.010_stoppingTime432000.00,251575.0,41018.40039135742
1668,ails2_eoh_acc_large,251155.0,41045.69039135742
1669,ails2_eoh_acc,251145.0,41033.373391357425
1670,ails2_etaMax0.010_stoppingTime432000.00,251571.0,41022.835391357425
1671,ails2_eoh_acc_large,251154.0,41091.83039135742
1672,ails2_etaMax0.010_stoppingTime432000.00,251570.0,41100.86239135742
1673,ails2_eoh_acc_large,251149.0,41197.653391357424
1674,ails2_etaMax0.010_stoppingTime432000.00,251562.0,41200.19939135742
1675,ails2_etaMax0.010_stoppingTime432000.00,251560.0,41202.763391357425
1676,ails2_eoh_acc,251144.0,41264.01439135742
1677,ails2_etaMax1.000_stoppingTime86400.00,251200.0,41271.89539135742
1678,ails2_eoh_acc,251143.0,41287.157391357425
1679,ails2_etaMax1.000_stoppingTime86400.00,251176.0,41297.54139135742
1680,ails2_eoh_acc_large,251148.0,41383.38339135742
1681,ails2_eoh_acc,251142.0,41348.73339135742
1682,ails2_etaMax1.000_stoppingTime86400.00,251173.0,41404.32639135742
1683,ails2_eoh_acc,251141.0,41421.49939135742
1684,ails2_eoh_acc_large,251147.0,41463.78139135742
1685,ails2_etaMax1.000_stoppingTime86400.00,251171.0,41494.04839135742
1686,ails2_eoh_acc_large,251146.0,41471.99539135742
1687,ails2_etaMax1.000_stoppingTime86400.00,251133.0,41512.12939135742
1688,ails2_eoh_acc_large,251145.0,41558.39739135742
1689,ails2_eoh_acc,251140.0,41587.30539135742
1690,ails2_etaMax1.000_stoppingTime86400.00,251102.0,41566.01439135742
1691,ails2_eoh_acc_large,251144.0,41646.77539135742
1692,ails2_eoh_acc,251138.0,41644.87739135742
1693,ails2_etaMax1.000_stoppingTime86400.00,251096.0,41710.731391357425
1694,ails2_eoh_acc_large,251143.0,41712.60839135742
1695,ails2_etaMax1.000_stoppingTime432000.00,254269.0,41736.960391357425
1696,ails2_etaMax1.000_stoppingTime86400.00,251053.0,41713.939391357424
1697,ails2_etaMax1.000_stoppingTime432000.00,254253.0,41737.10839135742
1698,ails2_eoh_acc_large,251142.0,41928.23239135742
1699,ails2_etaMax1.000_stoppingTime1728000.00,255085.0,42010.20039135742
1700,ails2_etaMax1.000_stoppingTime1728000.00,255058.0,42010.316391357424
1701,ails2_eoh_acc,251137.0,42111.04139135742
1702,ails2_etaMax1.000_stoppingTime432000.00,254249.0,42211.24939135742
1703,ails2_etaMax1.000_stoppingTime432000.00,254133.0,42236.22439135742
1704,ails2_eoh_acc,251135.0,42379.46139135742
1705,ails2_eoh_omega2,251249.0,42445.045391357424
1706,ails2_eoh_omega2,251247.0,42479.98639135742
1707,ails2_eoh_omega2,251246.0,42562.170391357424
1708,ails2_eoh_omega2,251245.0,42579.320391357425
1709,ails2_etaMax0.010_stoppingTime432000.00,251559.0,42702.456391357424
1710,ails2_eoh_acc,251134.0,42737.77339135742
1711,ails2_etaMax0.010_stoppingTime432000.00,251553.0,42719.295391357424
1712,ails2_eoh_acc,251133.0,42893.67939135742
1713,ails2_eoh_acc_large,251141.0,43048.12039135742
1714,ails2_etaMax0.020_stoppingTime86400.00,250829.0,43305.09139135742
1715,ails2_eoh_acc,250858.0,43307.710391357425
1716,ails2_etaMax0.005_stoppingTime86400.00,251034.0,43313.48739135742
1717,ails2_eoh_acc_large,250973.0,43313.18339135742
1718,ails2_etaMax0.020_stoppingTime86400.00,250784.0,43365.34039135742
1719,ails2_eoh_acc,250799.0,43369.11539135742
1720,ails2_etaMax0.005_stoppingTime86400.00,250920.0,43373.68039135742
1721,ails2_eoh_acc_large,250877.0,43375.95439135742
1722,ails2_etaMax0.020_stoppingTime86400.00,250770.0,43429.13339135742
1723,ails2_eoh_acc,250743.0,43429.48039135742
1724,ails2_etaMax0.005_stoppingTime86400.00,250869.0,43418.83839135742
1725,ails2_eoh_acc_large,250808.0,43434.979391357425
1726,ails2_etaMax0.020_stoppingTime86400.00,250761.0,43470.407391357425
1727,ails2_eoh_acc,250712.0,43489.064391357424
1728,ails2_etaMax0.005_stoppingTime86400.00,250839.0,43495.136391357424
1729,ails2_eoh_acc_large,250780.0,43492.748391357425
1730,ails2_etaMax0.020_stoppingTime86400.00,250716.0,43549.11039135742
1731,ails2_eoh_acc,250683.0,43542.88039135742
1732,ails2_etaMax0.005_stoppingTime86400.00,250794.0,43555.95139135742
1733,ails2_eoh_acc_large,250767.0,43555.38939135742
1734,ails2_etaMax0.020_stoppingTime86400.00,250703.0,43610.00339135742
1735,ails2_eoh_acc,250667.0,43607.41939135742
1736,ails2_etaMax0.005_stoppingTime86400.00,250766.0,43599.782391357425
1737,ails2_eoh_acc_large,250745.0,43619.424391357425
1738,ails2_etaMax0.020_stoppingTime86400.00,250680.0,43621.17739135742
1739,ails2_eoh_acc,250652.0,43661.01039135742
1740,ails2_etaMax0.005_stoppingTime86400.00,250757.0,43664.41839135742
1741,ails2_eoh_acc_large,250730.0,43680.93539135742
1742,ails2_eoh_acc,250635.0,43722.706391357424
1743,ails2_etaMax0.005_stoppingTime86400.00,250742.0,43726.68039135742
1744,ails2_eoh_acc_large,250727.0,43741.11239135742
1745,ails2_etaMax1.000_stoppingTime432000.00,254112.0,43749.79339135742
1746,ails2_etaMax0.020_stoppingTime86400.00,250679.0,43757.78639135742
1747,ails2_eoh_acc,250629.0,43778.62539135742
1748,ails2_etaMax0.005_stoppingTime86400.00,250739.0,43800.833391357424
1749,ails2_eoh_acc_large,250712.0,43798.23839135742
1750,ails2_etaMax1.000_stoppingTime432000.00,253891.0,43774.82239135742
1751,ails2_etaMax0.020_stoppingTime86400.00,250651.0,43810.11239135742
1752,ails2_eoh_acc,250623.0,43845.348391357424
1753,ails2_etaMax0.005_stoppingTime86400.00,250733.0,43806.428391357425
1754,ails2_eoh_acc_large,250689.0,43863.22639135742
1755,ails2_eoh_acc,250607.0,43890.69839135742
1756,ails2_etaMax0.005_stoppingTime86400.00,250731.0,43870.04239135742
1757,ails2_eoh_acc_large,250675.0,43923.498391357425
1758,ails2_eoh_acc,250592.0,43974.085391357425
1759,ails2_etaMax0.005_stoppingTime86400.00,250728.0,43980.873391357425
1760,ails2_eoh_acc_large,250664.0,43983.07139135742
1761,ails2_eoh_acc,250588.0,44012.621391357425
1762,ails2_etaMax0.005_stoppingTime86400.00,250708.0,44034.86339135742
1763,ails2_eoh_acc_large,250659.0,44043.837391357425
1764,ails2_etaMax0.020_stoppingTime86400.00,250649.0,44058.37839135742
1765,ails2_eoh_omega2,251244.0,44091.445391357425
1766,ails2_eoh_acc,250576.0,44088.765391357425
1767,ails2_etaMax0.005_stoppingTime86400.00,250697.0,44092.40639135742
1768,ails2_eoh_acc_large,250652.0,44085.58039135742
1769,ails2_etaMax0.020_stoppingTime86400.00,250630.0,44078.19039135742
1770,ails2_eoh_omega2,251241.0,44102.939391357424
1771,ails2_eoh_acc,250575.0,44164.80439135742
1772,ails2_etaMax0.005_stoppingTime86400.00,250695.0,44166.71739135742
1773,ails2_eoh_acc_large,250647.0,44156.65439135742
1774,ails2_eoh_omega2,251240.0,44223.81039135742
1775,ails2_eoh_acc,250574.0,44225.57339135742
1776,ails2_etaMax0.005_stoppingTime86400.00,250682.0,44214.44839135742
1777,ails2_eoh_acc_large,250644.0,44219.38039135742
1778,ails2_etaMax0.020_stoppingTime86400.00,250628.0,44233.88539135742
1779,ails2_eoh_acc,250572.0,44265.640391357425
1780,ails2_etaMax0.005_stoppingTime86400.00,250681.0,44251.53939135742
1781,ails2_eoh_acc_large,250638.0,44289.85939135742
1782,ails2_etaMax0.020_stoppingTime86400.00,250618.0,44294.40639135742
1783,ails2_eoh_acc,250570.0,44326.475391357424
1784,ails2_etaMax0.005_stoppingTime86400.00,250670.0,44345.797391357424
1785,ails2_etaMax0.020_stoppingTime86400.00,250609.0,44303.61539135742
1786,ails2_eoh_omega2,251238.0,44384.02639135742
1787,ails2_eoh_acc,250567.0,44367.32739135742
1788,ails2_etaMax0.005_stoppingTime86400.00,250668.0,44352.19039135742
1789,ails2_eoh_acc_large,250637.0,44418.77739135742
1790,ails2_eoh_omega2,251237.0,44449.86439135742
1791,ails2_eoh_acc,250560.0,44465.54339135742
1792,ails2_etaMax0.005_stoppingTime86400.00,250666.0,44490.231391357425
1793,ails2_eoh_acc_large,250636.0,44493.998391357425
1794,ails2_eoh_omega2,251233.0,44463.339391357425
1795,ails2_etaMax0.005_stoppingTime86400.00,250660.0,44509.25339135742
1796,ails2_eoh_acc_large,250628.0,44540.34639135742
1797,ails2_etaMax0.005_stoppingTime86400.00,250658.0,44557.57939135742
1798,ails2_eoh_acc_large,250619.0,44614.13139135742
1799,ails2_eoh_acc,250559.0,44636.295391357424
1800,ails2_etaMax0.005_stoppingTime86400.00,250644.0,44671.833391357424
1801,ails2_eoh_acc_large,250617.0,44653.25339135742
1802,ails2_eoh_acc,250556.0,44686.15039135742
1803,ails2_etaMax0.005_stoppingTime86400.00,250635.0,44731.545391357424
1804,ails2_eoh_acc_large,250614.0,44732.07539135742
1805,ails2_eoh_acc,250555.0,44713.676391357425
1806,ails2_etaMax0.005_stoppingTime86400.00,250633.0,44739.43639135742
1807,ails2_eoh_acc_large,250612.0,44780.62439135742
1808,ails2_eoh_acc,250553.0,44793.55239135742
1809,ails2_etaMax0.005_stoppingTime86400.00,250629.0,44838.62639135742
1810,ails2_eoh_acc_large,250595.0,44841.94739135742
1811,ails2_eoh_acc,250545.0,44872.18839135742
1812,ails2_etaMax0.005_stoppingTime86400.00,250628.0,44862.61439135742
1813,ails2_eoh_acc_large,250589.0,44876.21839135742
1814,ails2_eoh_acc,250544.0,44942.28639135742
1815,ails2_eoh_acc_large,250585.0,44931.38739135742
1816,ails2_etaMax0.005_stoppingTime86400.00,250627.0,44989.79139135742
1817,ails2_eoh_acc,250543.0,45036.159391357425
1818,ails2_eoh_acc_large,250583.0,44995.049391357425
1819,ails2_etaMax0.005_stoppingTime86400.00,250624.0,45024.25239135742
1820,ails2_etaMax0.005_stoppingTime86400.00,250618.0,45110.778391357424
1821,ails2_eoh_acc_large,250582.0,45115.23839135742
1822,ails2_etaMax0.005_stoppingTime86400.00,250616.0,45121.00239135742
1823,ails2_eoh_acc_large,250575.0,45145.87039135742
1824,ails2_eoh_acc,250542.0,45219.71939135742
1825,HGS-TV,250572.0,45235.15684103966
1826,ails2_eoh_acc_large,250574.0,45240.07939135742
1827,ails2_etaMax0.005_stoppingTime86400.00,250614.0,45248.61339135742
1828,ails2_etaMax0.020_stoppingTime86400.00,250607.0,45282.02539135742
1829,ails2_eoh_acc_large,250570.0,45261.69739135742
1830,ails2_etaMax0.005_stoppingTime86400.00,250604.0,45280.534391357425
1831,ails2_etaMax0.020_stoppingTime86400.00,250603.0,45288.58239135742
1832,ails2_eoh_acc_large,250564.0,45348.956391357424
1833,ails2_etaMax1.000_stoppingTime86400.00,251047.0,45379.795391357424
1834,ails2_etaMax0.020_stoppingTime86400.00,250588.0,45352.89439135742
1835,ails2_eoh_acc,250540.0,45413.475391357424
1836,ails2_eoh_acc_large,250562.0,45394.23939135742
1837,ails2_etaMax1.000_stoppingTime86400.00,251039.0,45385.265391357425
1838,ails2_eoh_acc,250529.0,45457.12639135742
1839,ails2_eoh_acc_large,250561.0,45430.59239135742
1840,ails2_etaMax0.005_stoppingTime86400.00,250603.0,45484.303391357425
1841,ails2_etaMax1.000_stoppingTime86400.00,250977.0,45483.54439135742
1842,ails2_eoh_acc,250525.0,45519.17939135742
1843,ails2_etaMax0.005_stoppingTime86400.00,250596.0,45499.87439135742
1844,ails2_eoh_acc_large,250560.0,45556.89439135742
1845,ails2_etaMax1.000_stoppingTime86400.00,250964.0,45562.407391357425
1846,ails2_eoh_acc,250522.0,45548.731391357425
1847,ails2_etaMax0.005_stoppingTime86400.00,250590.0,45603.08439135742
1848,ails2_etaMax1.000_stoppingTime86400.00,250894.0,45613.38139135742
1849,ails2_eoh_acc_large,250559.0,45624.045391357424
1850,ails2_eoh_acc,250520.0,45639.265391357425
1851,ails2_etaMax0.005_stoppingTime86400.00,250588.0,45667.462391357425
1852,ails2_eoh_acc_large,250558.0,45703.657391357425
1853,ails2_eoh_acc,250518.0,45728.04139135742
1854,ails2_etaMax0.005_stoppingTime86400.00,250584.0,45681.513391357425
1855,ails2_eoh_acc_large,250557.0,45741.93839135742
1856,ails2_eoh_acc,250516.0,45801.28539135742
1857,ails2_eoh_acc_large,250556.0,45850.44239135742
1858,ails2_eoh_acc,250505.0,45852.32939135742
1859,ails2_etaMax0.020_stoppingTime86400.00,250586.0,45908.47839135742
1860,ails2_eoh_acc,250504.0,45877.82939135742
1861,ails2_etaMax1.000_stoppingTime86400.00,250893.0,45924.339391357425
1862,ails2_eoh_acc_large,250555.0,45940.62639135742
1863,ails2_etaMax1.000_stoppingTime86400.00,250890.0,45924.464391357425
1864,ails2_eoh_acc_large,250546.0,45951.14439135742
1865,ails2_etaMax1.000_stoppingTime86400.00,250848.0,46034.44439135742
1866,ails2_eoh_acc_large,250545.0,46044.570391357425
1867,ails2_eoh_acc,250503.0,46076.034391357425
1868,ails2_etaMax0.005_stoppingTime86400.00,250583.0,46108.278391357424
1869,ails2_eoh_acc,250499.0,46084.07339135742
1870,ails2_eoh_omega2,251232.0,46193.47039135742
1871,ails2_eoh_acc,250498.0,46155.89839135742
1872,ails2_etaMax0.020_stoppingTime86400.00,250583.0,46217.13339135742
1873,ails2_eoh_omega2,251230.0,46199.00639135742
1874,ails2_eoh_acc,250497.0,46211.19739135742
1875,ails2_etaMax0.005_stoppingTime86400.00,250580.0,46268.30739135742
1876,ails2_etaMax0.020_stoppingTime86400.00,250568.0,46230.46839135742
1877,ails2_eoh_acc,250495.0,46291.44739135742
1878,ails2_etaMax0.005_stoppingTime86400.00,250575.0,46323.284391357425
1879,ails2_etaMax0.020_stoppingTime86400.00,250566.0,46354.77939135742
1880,ails2_eoh_acc,250492.0,46327.91339135742
1881,ails2_etaMax0.005_stoppingTime86400.00,250566.0,46387.568391357425
1882,ails2_etaMax0.020_stoppingTime86400.00,250565.0,46355.85939135742
1883,ails2_etaMax0.010_stoppingTime432000.00,251552.0,46437.66339135742
1884,ails2_eoh_acc,250489.0,46434.16139135742
1885,ails2_etaMax0.005_stoppingTime86400.00,250564.0,46392.81739135742
1886,ails2_etaMax0.010_stoppingTime432000.00,251547.0,46464.73239135742
1887,ails2_eoh_acc,250487.0,46458.20139135742
1888,ails2_etaMax0.005_stoppingTime86400.00,250560.0,46510.15239135742
1889,ails2_etaMax0.020_stoppingTime86400.00,250564.0,46530.981391357425
1890,ails2_eoh_acc,250486.0,46540.55439135742
1891,ails2_etaMax0.005_stoppingTime86400.00,250549.0,46564.14939135742
1892,ails2_eoh_acc_large,250544.0,46585.16139135742
1893,ails2_etaMax0.020_stoppingTime86400.00,250560.0,46531.39439135742
1894,ails2_etaMax0.005_stoppingTime86400.00,250547.0,46585.93739135742
1895,ails2_eoh_acc,250485.0,46669.80439135742
1896,ails2_eoh_acc_large,250543.0,46692.25339135742
1897,ails2_eoh_acc,250484.0,46738.206391357424
1898,ails2_eoh_omega2,251227.0,46750.64739135742
1899,ails2_eoh_acc_large,250541.0,46760.598391357424
1900,ails2_etaMax0.005_stoppingTime86400.00,250546.0,46779.82539135742
1901,ails2_eoh_omega2,251225.0,46756.03739135742
1902,ails2_eoh_acc_large,250537.0,46805.814391357424
1903,ails2_etaMax1.000_stoppingTime1728000.00,255045.0,46929.61639135742
1904,ails2_eoh_omega2,251224.0,46956.32739135742
1905,ails2_etaMax1.000_stoppingTime1728000.00,255042.0,46929.64639135742
1906,ails2_eoh_omega2,251222.0,46969.553391357425
1907,ails2_eoh_acc_large,250483.0,47378.242391357424
1908,ails2_eoh_acc,250483.0,47406.20039135742
1909,ails2_eoh_acc_large,250482.0,47405.138391357425
1910,ails2_etaMax0.010_stoppingTime432000.00,251546.0,47456.623391357425
1911,ails2_etaMax0.010_stoppingTime432000.00,251543.0,47485.390391357425
1912,ails2_etaMax1.000_stoppingTime86400.00,250844.0,47615.964391357425
1913,ails2_etaMax0.010_stoppingTime432000.00,251542.0,47661.70139135742
1914,ails2_etaMax1.000_stoppingTime86400.00,250832.0,47633.939391357424
1915,ails2_etaMax0.010_stoppingTime432000.00,251539.0,47677.30839135742
1916,ails2_etaMax0.010_stoppingTime432000.00,251537.0,47738.10839135742
1917,ails2_eoh_acc,250482.0,47907.24339135742
1918,ails2_eoh_acc,250481.0,47975.77439135742
1919,ails2_etaMax0.010_stoppingTime432000.00,251535.0,48013.19739135742
1920,ails2_etaMax1.000_stoppingTime86400.00,250827.0,48033.65039135742
1921,ails2_eoh_acc,250479.0,47981.06339135742
1922,ails2_etaMax0.010_stoppingTime432000.00,251531.0,48029.34039135742
1923,ails2_eoh_acc_large,250481.0,48093.23039135742
1924,ails2_etaMax1.000_stoppingTime86400.00,250798.0,48041.62039135742
1925,ails2_eoh_acc_large,250476.0,48140.60139135742
1926,ails2_etaMax0.010_stoppingTime432000.00,251530.0,48176.922391357424
1927,ails2_etaMax1.000_stoppingTime86400.00,250796.0,48197.29239135742
1928,ails2_etaMax0.010_stoppingTime432000.00,251523.0,48231.22239135742
1929,ails2_etaMax1.000_stoppingTime86400.00,250790.0,48200.314391357424
1930,ails2_eoh_omega2,251221.0,48282.70539135742
1931,ails2_etaMax1.000_stoppingTime1728000.00,255028.0,48309.10139135742
1932,ails2_etaMax0.010_stoppingTime432000.00,251522.0,48311.98539135742
1933,ails2_eoh_omega2,251217.0,48297.48239135742
1934,ails2_eoh_acc_large,250474.0,48362.43639135742
1935,ails2_etaMax1.000_stoppingTime1728000.00,255027.0,48309.14139135742
1936,ails2_etaMax1.000_stoppingTime86400.00,250784.0,48568.36539135742
1937,ails2_etaMax0.010_stoppingTime432000.00,251520.0,48611.83439135742
1938,ails2_etaMax1.000_stoppingTime86400.00,250761.0,48570.23239135742
1939,ails2_eoh_acc_large,250473.0,48645.78339135742
1940,ails2_etaMax0.010_stoppingTime432000.00,251515.0,48626.02939135742
1941,ails2_eoh_acc_large,250471.0,48706.96739135742
1942,ails2_eoh_acc_large,250469.0,48766.54139135742
1943,ails2_eoh_acc,250478.0,48773.01939135742
1944,ails2_eoh_acc_large,250468.0,48801.456391357424
1945,ails2_eoh_acc_large,250466.0,48883.77439135742
1946,ails2_eoh_acc_large,250465.0,48924.051391357425
1947,ails2_eoh_acc,250477.0,49087.09239135742
1948,ails2_eoh_acc_large,250464.0,49160.14539135742
1949,ails2_etaMax1.000_stoppingTime86400.00,250757.0,49257.51939135742
1950,ails2_eoh_acc_large,250463.0,49287.439391357424
1951,ails2_etaMax1.000_stoppingTime86400.00,250713.0,49270.39339135742
1952,ails2_eoh_acc_large,250462.0,49293.44039135742
1953,ails2_etaMax0.010_stoppingTime432000.00,251513.0,49414.87939135742
1954,ails2_eoh_acc_large,250461.0,49469.280391357424
1955,ails2_etaMax0.010_stoppingTime432000.00,251511.0,49434.53739135742
1956,ails2_eoh_acc_large,250460.0,49497.20939135742
1957,ails2_etaMax0.010_stoppingTime432000.00,251501.0,49528.64439135742
1958,ails2_etaMax0.010_stoppingTime432000.00,251500.0,49564.86339135742
1959,ails2_etaMax0.010_stoppingTime432000.00,251499.0,49654.88339135742
1960,ails2_eoh_acc_large,250458.0,49691.84039135742
1961,ails2_etaMax0.010_stoppingTime432000.00,251498.0,49685.96639135742
1962,ails2_eoh_acc,250475.0,49732.244391357424
1963,ails2_eoh_acc_large,250457.0,49775.943391357425
1964,ails2_etaMax0.010_stoppingTime432000.00,251492.0,49778.45339135742
1965,ails2_eoh_omega2,251216.0,49810.39939135742
1966,ails2_eoh_acc,250474.0,49818.746391357425
1967,ails2_etaMax0.010_stoppingTime432000.00,251486.0,49821.583391357424
1968,ails2_eoh_omega2,251213.0,49868.88539135742
1969,ails2_eoh_acc,250473.0,49856.44639135742
1970,ails2_etaMax0.010_stoppingTime432000.00,251484.0,49848.049391357425
1971,ails2_eoh_omega2,251212.0,49910.706391357424
1972,ails2_eoh_acc,250472.0,49943.996391357425
1973,ails2_eoh_omega2,251211.0,50000.80639135742
1974,ails2_eoh_omega2,251210.0,50004.51639135742
1975,ails2_etaMax0.010_stoppingTime432000.00,251483.0,50093.11539135742
1976,ails2_etaMax0.010_stoppingTime432000.00,251482.0,50123.30439135742
1977,ails2_etaMax1.000_stoppingTime86400.00,250711.0,50166.39339135742
1978,ails2_etaMax1.000_stoppingTime86400.00,250706.0,50166.63039135742
1979,ails2_eoh_acc_large,250456.0,50323.45039135742
1980,ails2_eoh_acc,250454.0,50616.54139135742
1981,ails2_etaMax0.010_stoppingTime432000.00,251481.0,50694.50039135742
1982,ails2_etaMax0.010_stoppingTime432000.00,251480.0,50722.96839135742
1983,ails2_eoh_acc_large,250455.0,50771.35839135742
1984,ails2_eoh_acc_large,250454.0,50795.64539135742
1985,ails2_etaMax0.010_stoppingTime432000.00,251479.0,50838.48339135742
1986,ails2_eoh_acc,250453.0,50872.242391357424
1987,ails2_etaMax0.010_stoppingTime432000.00,251478.0,50839.40239135742
1988,ails2_eoh_acc,250452.0,50945.25639135742
1989,ails2_eoh_omega2,251209.0,50970.24939135742
1990,ails2_eoh_acc,250451.0,50998.62639135742
1991,ails2_eoh_omega2,251208.0,50970.42739135742
1992,ails2_eoh_acc,250450.0,51009.86539135742
1993,ails2_eoh_omega2,251201.0,51090.140391357425
1994,ails2_eoh_omega2,251200.0,51093.55939135742
1995,ails2_etaMax1.000_stoppingTime86400.00,250703.0,51195.996391357425
1996,ails2_etaMax1.000_stoppingTime86400.00,250700.0,51196.50539135742
1997,ails2_eoh_omega2,251199.0,51583.23239135742
1998,ails2_eoh_omega2,251187.0,51595.763391357425
1999,ails2_eoh_acc_large,250449.0,51685.78639135742
2000,ails2_eoh_omega2,251186.0,51918.92139135742
2001,ails2_eoh_omega2,251181.0,51975.386391357424
2002,ails2_eoh_omega2,251180.0,51981.47039135742
2003,ails2_eoh_acc,250449.0,52042.42339135742
2004,ails2_etaMax0.010_stoppingTime432000.00,251475.0,52091.67139135742
2005,ails2_etaMax0.010_stoppingTime432000.00,251474.0,52093.61339135742
2006,ails2_eoh_acc,250448.0,52296.371391357425
2007,ails2_etaMax0.010_stoppingTime432000.00,251473.0,52389.48739135742
2008,ails2_etaMax0.010_stoppingTime432000.00,251471.0,52391.05239135742
2009,ails2_etaMax0.010_stoppingTime432000.00,251467.0,52506.02439135742
2010,ails2_eoh_acc,250447.0,52809.20539135742
2011,ails2_eoh_acc,250445.0,52887.75039135742
2012,ails2_etaMax0.010_stoppingTime432000.00,251466.0,53069.22639135742
2013,ails2_etaMax0.010_stoppingTime432000.00,251457.0,53108.23439135742
2014,ails2_etaMax0.010_stoppingTime432000.00,251456.0,53148.21539135742
2015,ails2_eoh_acc,250443.0,53216.81139135742
2016,ails2_eoh_acc_large,250448.0,53283.17939135742
2017,ails2_etaMax0.010_stoppingTime432000.00,251455.0,53431.00639135742
2018,ails2_etaMax0.010_stoppingTime432000.00,251454.0,53433.13739135742
2019,ails2_eoh_acc_large,250447.0,53495.01639135742
2020,ails2_eoh_acc,250442.0,53537.015391357425
2021,ails2_etaMax0.010_stoppingTime432000.00,251453.0,53500.23639135742
2022,ails2_eoh_acc_large,250446.0,53549.37539135742
2023,ails2_etaMax1.000_stoppingTime86400.00,250692.0,53578.098391357424
2024,ails2_etaMax0.010_stoppingTime432000.00,251452.0,53634.75039135742
2025,ails2_eoh_acc_large,250444.0,53669.59039135742
2026,ails2_etaMax0.010_stoppingTime432000.00,251448.0,53684.75739135742
2027,ails2_eoh_acc_large,250443.0,53724.73239135742
2028,ails2_eoh_acc,250441.0,53736.479391357425
2029,ails2_eoh_acc,250439.0,53758.95339135742
2030,ails2_etaMax1.000_stoppingTime1728000.00,255026.0,53895.09039135742
2031,ails2_eoh_acc,250438.0,53936.23339135742
2032,ails2_etaMax1.000_stoppingTime1728000.00,255022.0,53895.12739135742
2033,ails2_etaMax0.010_stoppingTime432000.00,251445.0,53978.84739135742
2034,ails2_etaMax0.010_stoppingTime432000.00,251441.0,53993.96539135742
2035,ails2_etaMax0.010_stoppingTime432000.00,251440.0,54198.79439135742
2036,ails2_etaMax1.000_stoppingTime86400.00,250691.0,54250.08439135742
2037,ails2_etaMax0.010_stoppingTime432000.00,251438.0,54223.98539135742
2038,ails2_etaMax1.000_stoppingTime86400.00,250679.0,54251.568391357425
2039,ails2_etaMax1.000_stoppingTime86400.00,250674.0,55079.81739135742
2040,ails2_etaMax1.000_stoppingTime86400.00,250664.0,55082.21539135742
2041,ails2_eoh_acc,250436.0,55143.63039135742
2042,ails2_eoh_omega2,251179.0,55214.36239135742
2043,ails2_eoh_acc,250434.0,55273.65039135742
2044,ails2_etaMax1.000_stoppingTime86400.00,250663.0,55433.727391357424
2045,ails2_etaMax1.000_stoppingTime86400.00,250648.0,55434.801391357425
2046,ails2_eoh_omega2,251178.0,55689.95139135742
2047,ails2_etaMax0.010_stoppingTime432000.00,251437.0,55706.81139135742
2048,ails2_eoh_omega2,251171.0,55722.04239135742
2049,ails2_eoh_omega2,251170.0,55845.97239135742
2050,ails2_etaMax1.000_stoppingTime86400.00,250645.0,55894.06239135742
2051,ails2_eoh_omega2,251168.0,55860.27339135742
2052,ails2_etaMax1.000_stoppingTime86400.00,250639.0,55894.25839135742
2053,ails2_eoh_acc,250433.0,56019.69739135742
2054,ails2_etaMax1.000_stoppingTime86400.00,250638.0,56020.25139135742
2055,ails2_etaMax1.000_stoppingTime86400.00,250595.0,56067.35839135742
2056,ails2_eoh_omega2,251167.0,56274.884391357424
2057,ails2_eoh_omega2,251162.0,56306.45039135742
2058,ails2_etaMax1.000_stoppingTime432000.00,253882.0,56615.61339135742
2059,ails2_eoh_acc,250432.0,56759.29439135742
2060,ails2_etaMax1.000_stoppingTime1728000.00,254991.0,57089.81339135742
2061,ails2_etaMax1.000_stoppingTime1728000.00,254977.0,57092.80839135742
2062,ails2_etaMax1.000_stoppingTime86400.00,250589.0,57923.69739135742
2063,ails2_etaMax1.000_stoppingTime86400.00,250566.0,57926.98439135742
2064,ails2_etaMax1.000_stoppingTime1728000.00,254970.0,59254.869391357424
2065,ails2_etaMax1.000_stoppingTime1728000.00,254942.0,59258.51939135742
2066,ails2_etaMax0.010_stoppingTime432000.00,251436.0,59513.71739135742
2067,ails2_etaMax0.010_stoppingTime432000.00,251434.0,59519.29139135742
2068,ails2_etaMax1.000_stoppingTime864000.00,254590.0,60087.05039135742
2069,ails2_etaMax1.000_stoppingTime864000.00,254538.0,60090.50339135742
2070,ails2_etaMax1.000_stoppingTime432000.00,253872.0,60464.65639135742
2071,ails2_etaMax1.000_stoppingTime432000.00,253826.0,60467.172391357424
2072,ails2_etaMax1.000_stoppingTime86400.00,250565.0,60585.39139135742
2073,ails2_etaMax1.000_stoppingTime86400.00,250560.0,60647.350391357424
2074,ails2_etaMax1.000_stoppingTime86400.00,250545.0,60650.37239135742
2075,ails2_etaMax1.000_stoppingTime86400.00,250544.0,60888.27639135742
2076,ails2_etaMax1.000_stoppingTime86400.00,250539.0,60891.80039135742
2077,ails2_etaMax1.000_stoppingTime86400.00,250529.0,61004.86839135742
2078,ails2_eoh_acc,250431.0,61137.90039135742
2079,ails2_eoh_acc,250429.0,61190.193391357425
2080,ails2_eoh_acc,250428.0,61310.53339135742
2081,ails2_etaMax1.000_stoppingTime86400.00,250528.0,61872.659391357425
2082,ails2_etaMax0.010_stoppingTime432000.00,251433.0,61918.159391357425
2083,ails2_etaMax1.000_stoppingTime86400.00,250526.0,61932.55039135742
2084,ails2_etaMax0.010_stoppingTime432000.00,251430.0,61943.32739135742
2085,ails2_etaMax1.000_stoppingTime86400.00,250489.0,61951.34439135742
2086,ails2_eoh_acc_large,250428.0,62069.159391357425
2087,ails2_etaMax1.000_stoppingTime86400.00,250485.0,62110.405391357424
2088,ails2_eoh_acc,250427.0,62129.473391357424
2089,ails2_etaMax1.000_stoppingTime86400.00,250461.0,62139.46139135742
2090,ails2_eoh_acc_large,250427.0,62223.05939135742
2091,ails2_eoh_acc,250426.0,62513.90839135742
2092,ails2_eoh_acc,250425.0,62647.91539135742
2093,ails2_etaMax1.000_stoppingTime86400.00,250459.0,62818.66439135742
2094,ails2_etaMax1.000_stoppingTime86400.00,250458.0,62828.89139135742
2095,ails2_etaMax1.000_stoppingTime86400.00,250457.0,62993.56739135742
2096,ails2_etaMax1.000_stoppingTime86400.00,250440.0,63037.37839135742
2097,ails2_etaMax1.000_stoppingTime1728000.00,254938.0,63247.07139135742
2098,ails2_etaMax1.000_stoppingTime1728000.00,254824.0,63255.65439135742
2099,ails2_etaMax1.000_stoppingTime432000.00,253794.0,63323.41239135742
2100,ails2_etaMax1.000_stoppingTime432000.00,253763.0,63324.35739135742
2101,ails2_etaMax1.000_stoppingTime86400.00,250439.0,63739.820391357425
2102,ails2_etaMax1.000_stoppingTime86400.00,250429.0,63745.05439135742
2103,ails2_etaMax1.000_stoppingTime864000.00,254537.0,64039.76939135742
2104,ails2_etaMax1.000_stoppingTime86400.00,250426.0,64079.066391357424
2105,ails2_etaMax1.000_stoppingTime864000.00,254454.0,64044.384391357424
2106,ails2_etaMax1.000_stoppingTime432000.00,253754.0,64175.82539135742
2107,ails2_etaMax1.000_stoppingTime432000.00,253625.0,64180.80539135742
2108,ails2_etaMax1.000_stoppingTime86400.00,250423.0,64451.91439135742
2109,ails2_etaMax1.000_stoppingTime86400.00,250421.0,64669.54239135742
2110,ails2_etaMax1.000_stoppingTime86400.00,250413.0,64686.16239135742
2111,filo2,250411.0,64912.976011514664
2112,ails2_eoh_acc,250394.0,64918.19739135742
2113,ails2_eoh_acc_large,250410.0,64926.20039135742
2114,ails2_eoh_acc,250381.0,64973.54339135742
2115,ails2_eoh_acc_large,250379.0,64957.49539135742
2116,ails2_etaMax0.005_stoppingTime86400.00,250412.0,64998.52739135742
2117,ails2_etaMax1.000_stoppingTime1728000.00,254814.0,65027.564391357424
2118,ails2_eoh_acc,250371.0,65037.27939135742
2119,ails2_eoh_acc_large,250370.0,65032.20739135742
2120,ails2_etaMax0.005_stoppingTime86400.00,250400.0,65046.59039135742
2121,ails2_etaMax1.000_stoppingTime86400.00,250412.0,65085.96339135742
2122,ails2_etaMax1.000_stoppingTime1728000.00,254812.0,65027.638391357425
2123,ails2_eoh_acc,250364.0,65095.80839135742
2124,ails2_eoh_acc_large,250357.0,65107.943391357425
2125,ails2_etaMax0.005_stoppingTime86400.00,250398.0,65110.83639135742
2126,ails2_etaMax1.000_stoppingTime86400.00,250394.0,65095.43339135742
2127,ails2_eoh_acc,250360.0,65164.36639135742
2128,ails2_eoh_acc_large,250352.0,65151.79139135742
2129,ails2_eoh_acc,250356.0,65200.69239135742
2130,ails2_eoh_acc_large,250347.0,65212.814391357424
2131,ails2_eoh_acc,250351.0,65259.38339135742
2132,ails2_eoh_acc_large,250346.0,65287.75639135742
2133,ails2_eoh_acc,250349.0,65348.33439135742
2134,ails2_eoh_acc_large,250345.0,65349.49039135742
2135,ails2_eoh_acc_large,250343.0,65414.28139135742
2136,ails2_etaMax1.000_stoppingTime864000.00,254452.0,65446.11139135742
2137,ails2_eoh_acc_large,250342.0,65439.70439135742
2138,ails2_etaMax0.010_stoppingTime432000.00,251429.0,65490.48039135742
2139,ails2_eoh_acc,250348.0,65524.02039135742
2140,ails2_eoh_acc_large,250339.0,65503.27939135742
2141,ails2_eoh_acc,250347.0,65586.97839135742
2142,ails2_eoh_acc_large,250337.0,65578.38439135742
2143,ails2_etaMax0.010_stoppingTime432000.00,251428.0,65627.38939135743
2144,ails2_eoh_acc,250346.0,65590.26739135743
2145,ails2_etaMax1.000_stoppingTime864000.00,254449.0,65659.50339135742
2146,ails2_etaMax0.010_stoppingTime432000.00,251425.0,65637.45239135742
2147,ails2_eoh_acc_large,250336.0,65741.60539135743
2148,ails2_etaMax0.010_stoppingTime432000.00,251424.0,65716.93939135742
2149,ails2_eoh_acc,250344.0,65761.31439135742
2150,ails2_eoh_acc_large,250335.0,65782.73939135742
2151,ails2_eoh_acc,250343.0,65783.36239135743
2152,ails2_eoh_acc,250342.0,65971.13739135742
2153,ails2_eoh_acc_large,250334.0,66009.85039135742
2154,ails2_etaMax0.005_stoppingTime86400.00,250397.0,66028.20139135742
2155,ails2_eoh_acc,250341.0,66060.23039135743
2156,ails2_eoh_acc_large,250329.0,66065.58039135742
2157,ails2_etaMax0.005_stoppingTime86400.00,250382.0,66036.18239135742
2158,ails2_eoh_acc,250338.0,66115.18339135742
2159,ails2_eoh_acc_large,250328.0,66120.76239135742
2160,ails2_eoh_acc,250336.0,66141.19939135743
2161,ails2_eoh_acc_large,250327.0,66153.96739135742
2162,ails2_eoh_acc,250335.0,66198.27039135742
2163,ails2_eoh_acc_large,250324.0,66413.53039135742
2164,ails2_etaMax1.000_stoppingTime86400.00,250393.0,66464.72239135743
2165,ails2_eoh_acc_large,250323.0,66490.25239135743
2166,ails2_etaMax1.000_stoppingTime86400.00,250387.0,66521.86939135742
2167,ails2_etaMax0.005_stoppingTime86400.00,250377.0,66566.31339135743
2168,ails2_eoh_acc,250334.0,66625.54639135742
2169,ails2_etaMax0.005_stoppingTime86400.00,250372.0,66605.34339135743
2170,ails2_eoh_acc_large,250321.0,66629.97339135742
2171,ails2_etaMax1.000_stoppingTime86400.00,250386.0,66731.45539135742
2172,ails2_eoh_acc,250333.0,66790.16239135741
2173,ails2_eoh_omega2,251159.0,66924.78639135743
2174,ails2_eoh_acc_large,250320.0,66931.30039135742
2175,ails2_eoh_acc,250332.0,66945.07939135742
2176,ails2_eoh_omega2,251153.0,66930.74739135742
2177,ails2_eoh_acc_large,250319.0,66953.15239135742
2178,ails2_eoh_acc,250330.0,67034.82939135742
2179,ails2_etaMax1.000_stoppingTime86400.00,250382.0,67041.68539135742
2180,ails2_eoh_acc_large,250318.0,66995.08939135743
2181,ails2_etaMax1.000_stoppingTime86400.00,250375.0,67068.59239135742
2182,ails2_eoh_acc_large,250316.0,67106.32639135742
2183,ails2_eoh_acc,250328.0,67116.62339135743
2184,ails2_eoh_acc,250327.0,67185.27239135742
2185,ails2_etaMax1.000_stoppingTime864000.00,254440.0,67226.81239135742
2186,ails2_etaMax1.000_stoppingTime864000.00,254434.0,67229.93339135742
2187,ails2_eoh_acc_large,250315.0,67288.14339135741
2188,ails2_eoh_acc,250326.0,67348.73739135743
2189,ails2_eoh_acc,250325.0,67370.45139135742
2190,ails2_etaMax1.000_stoppingTime86400.00,250374.0,67507.63239135742
2191,ails2_etaMax1.000_stoppingTime86400.00,250367.0,67567.89139135742
2192,ails2_etaMax1.000_stoppingTime86400.00,250360.0,67628.64539135742
2193,ails2_eoh_omega2,251151.0,67636.53739135741
2194,ails2_eoh_acc,250324.0,67656.85039135742
2195,ails2_eoh_omega2,251143.0,67697.42839135742
2196,ails2_eoh_omega2,251137.0,67711.13639135742
2197,ails2_eoh_acc,250323.0,67814.54539135742
2198,ails2_etaMax1.000_stoppingTime864000.00,254416.0,67817.03139135742
2199,ails2_eoh_acc,250320.0,67817.97739135742
2200,ails2_etaMax1.000_stoppingTime864000.00,254304.0,67864.62839135742
2201,ails2_eoh_acc,250319.0,67881.96839135743
2202,ails2_etaMax0.020_stoppingTime86400.00,250412.0,68031.07539135742
2203,ails2_etaMax0.020_stoppingTime86400.00,250395.0,68060.32439135743
2204,ails2_etaMax0.010_stoppingTime432000.00,251423.0,68137.44539135743
2205,ails2_eoh_omega2,251136.0,68160.11839135742
2206,ails2_etaMax0.005_stoppingTime86400.00,250371.0,68172.84939135742
2207,ails2_etaMax0.010_stoppingTime432000.00,251418.0,68158.17539135742
2208,ails2_eoh_omega2,251131.0,68213.84739135743
2209,ails2_etaMax0.005_stoppingTime86400.00,250366.0,68176.49439135742
2210,ails2_etaMax0.020_stoppingTime86400.00,250394.0,68259.70739135743
2211,ails2_eoh_acc_large,250314.0,68266.42139135742
2212,ails2_eoh_omega2,251130.0,68305.50939135742
2213,ails2_etaMax0.020_stoppingTime86400.00,250387.0,68292.68739135742
2214,ails2_eoh_omega2,251129.0,68305.72139135742
2215,ails2_etaMax0.010_stoppingTime432000.00,251417.0,68486.78539135742
2216,ails2_etaMax0.010_stoppingTime432000.00,251414.0,68522.77739135742
2217,ails2_etaMax1.000_stoppingTime86400.00,250359.0,68563.51639135742
2218,ails2_etaMax0.010_stoppingTime432000.00,251413.0,68611.90639135742
2219,ails2_etaMax1.000_stoppingTime86400.00,250358.0,68652.13739135742
2220,ails2_etaMax0.010_stoppingTime432000.00,251408.0,68659.96939135742
2221,ails2_etaMax1.000_stoppingTime86400.00,250345.0,68698.78839135742
2222,ails2_etaMax0.010_stoppingTime432000.00,251405.0,68715.68339135742
2223,ails2_etaMax1.000_stoppingTime864000.00,254301.0,69018.11439135742
2224,ails2_etaMax0.010_stoppingTime432000.00,251404.0,69048.57039135743
2225,ails2_etaMax1.000_stoppingTime864000.00,254269.0,69019.85039135742
2226,ails2_etaMax0.010_stoppingTime432000.00,251396.0,69067.86239135743
2227,ails2_etaMax0.010_stoppingTime432000.00,251395.0,69307.72739135742
2228,ails2_etaMax0.010_stoppingTime432000.00,251394.0,69316.14139135742
2229,ails2_etaMax0.010_stoppingTime432000.00,251393.0,69431.28239135742
2230,ails2_etaMax1.000_stoppingTime86400.00,250343.0,69472.52739135742
2231,ails2_etaMax0.010_stoppingTime432000.00,251389.0,69490.83639135743
2232,ails2_etaMax1.000_stoppingTime432000.00,253619.0,69493.45739135743
2233,ails2_etaMax1.000_stoppingTime86400.00,250338.0,69481.64539135742
2234,ails2_etaMax0.010_stoppingTime432000.00,251388.0,69500.08239135743
2235,ails2_etaMax1.000_stoppingTime432000.00,253427.0,69514.98439135742
2236,ails2_etaMax0.010_stoppingTime432000.00,251387.0,69629.39739135742
2237,ails2_etaMax0.010_stoppingTime432000.00,251386.0,69629.60339135742
2238,ails2_etaMax1.000_stoppingTime86400.00,250335.0,69757.12039135743
2239,ails2_etaMax1.000_stoppingTime86400.00,250325.0,69769.76739135743
2240,ails2_etaMax1.000_stoppingTime86400.00,250323.0,69824.14539135742
2241,ails2_etaMax1.000_stoppingTime432000.00,253425.0,69980.65439135743
2242,ails2_etaMax1.000_stoppingTime432000.00,253372.0,70015.15739135742
2243,ails2_eoh_acc_large,250313.0,70122.27339135742
2244,ails2_eoh_acc_large,250312.0,70270.79839135743
2245,ails2_etaMax1.000_stoppingTime86400.00,250322.0,70300.16639135742
2246,ails2_etaMax1.000_stoppingTime86400.00,250316.0,70319.32339135742
2247,ails2_etaMax1.000_stoppingTime86400.00,250315.0,70860.27739135742
2248,ails2_etaMax1.000_stoppingTime86400.00,250302.0,70909.55139135743
2249,ails2_etaMax1.000_stoppingTime86400.00,250301.0,71024.75039135742
2250,ails2_etaMax1.000_stoppingTime86400.00,250294.0,71031.45439135742
2251,ails2_eoh_omega2,251128.0,71475.20539135742
2252,ails2_eoh_omega2,251126.0,71495.57939135742
2253,ails2_eoh_omega2,251122.0,71540.93739135742
2254,ails2_eoh_omega2,251119.0,71613.95939135742
2255,ails2_etaMax1.000_stoppingTime86400.00,250293.0,71711.72539135742
2256,ails2_etaMax1.000_stoppingTime86400.00,250286.0,71722.39539135742
2257,ails2_eoh_omega2,251118.0,71812.01839135741
2258,ails2_eoh_omega2,251117.0,71935.95739135743
2259,ails2_eoh_omega2,251113.0,71939.85239135742
2260,ails2_etaMax1.000_stoppingTime86400.00,250284.0,72019.53039135742
2261,ails2_etaMax1.000_stoppingTime86400.00,250283.0,72112.54639135742
2262,ails2_etaMax1.000_stoppingTime1728000.00,254808.0,72122.32239135742
2263,ails2_eoh_acc,250282.0,72127.50339135742
2264,ails2_etaMax1.000_stoppingTime864000.00,254218.0,72168.40539135742
2265,ails2_etaMax1.000_stoppingTime86400.00,250278.0,72113.08139135742
2266,ails2_etaMax1.000_stoppingTime1728000.00,254783.0,72122.37439135743
2267,ails2_eoh_acc,250264.0,72181.35139135743
2268,ails2_etaMax1.000_stoppingTime864000.00,254196.0,72168.77339135742
2269,ails2_eoh_acc,250262.0,72231.22439135742
2270,ails2_eoh_acc,250256.0,72304.28039135742
2271,ails2_etaMax1.000_stoppingTime86400.00,250277.0,72331.73439135742
2272,ails2_eoh_acc,250253.0,72365.03739135741
2273,ails2_etaMax1.000_stoppingTime86400.00,250266.0,72357.43039135743
2274,ails2_eoh_acc_large,250283.0,72408.88639135742
2275,ails2_eoh_acc,250251.0,72402.86139135742
2276,ails2_eoh_acc_large,250266.0,72453.36439135742
2277,ails2_eoh_acc,250250.0,72514.46039135742
2278,ails2_eoh_acc_large,250261.0,72525.22739135742
2279,ails2_eoh_acc,250249.0,72583.23539135742
2280,ails2_eoh_acc_large,250258.0,72559.98039135743
2281,ails2_eoh_acc,250247.0,72590.83839135742
2282,ails2_eoh_acc,250244.0,72691.48539135742
2283,HGS-TV,250246.0,72710.33719563484
2284,ails2_eoh_acc_large,250256.0,72715.61339135742
2285,ails2_eoh_acc,250241.0,72706.42339135743
2286,ails2_eoh_acc_large,250254.0,72804.31039135742
2287,ails2_eoh_acc_large,250253.0,72804.52539135743
2288,ails2_eoh_acc_large,250252.0,72879.74239135742
2289,ails2_eoh_acc,250240.0,72962.68639135742
2290,ails2_eoh_acc_large,250251.0,72951.34739135743
2291,ails2_eoh_acc,250239.0,73072.99439135742
2292,ails2_eoh_acc_large,250250.0,73081.07839135743
2293,ails2_eoh_acc,250238.0,73123.41339135742
2294,ails2_eoh_acc_large,250249.0,73167.47239135743
2295,ails2_eoh_acc_large,250248.0,73219.07039135743
2296,ails2_eoh_acc_large,250247.0,73252.99539135743
2297,ails2_eoh_acc,250237.0,73338.15639135742
2298,ails2_etaMax1.000_stoppingTime86400.00,250265.0,73356.32339135742
2299,ails2_etaMax1.000_stoppingTime432000.00,253368.0,73384.77439135742
2300,ails2_etaMax1.000_stoppingTime86400.00,250264.0,73356.37039135743
2301,ails2_etaMax1.000_stoppingTime432000.00,253327.0,73385.68239135742
2302,ails2_eoh_omega2,251112.0,73485.13639135742
2303,ails2_eoh_omega2,251108.0,73503.72639135743
2304,ails2_eoh_omega2,251107.0,73752.93339135742
2305,ails2_eoh_acc_large,250246.0,73782.24639135742
2306,ails2_eoh_omega2,251102.0,73758.15639135742
2307,ails2_eoh_acc_large,250243.0,73890.85539135743
2308,ails2_eoh_acc,250236.0,73890.85739135742
2309,HGS-TV,250245.0,73910.97477841377
2310,ails2_etaMax1.000_stoppingTime86400.00,250263.0,73926.31639135742
2311,ails2_eoh_acc_large,250241.0,73932.85139135743
2312,ails2_eoh_acc,250235.0,73978.37739135743
2313,ails2_eoh_omega2,251101.0,73981.61539135742
2314,ails2_etaMax1.000_stoppingTime86400.00,250260.0,73971.84739135743
2315,ails2_eoh_acc_large,250239.0,73962.44839135742
2316,ails2_eoh_acc,250234.0,74025.85139135743
2317,ails2_eoh_omega2,251100.0,73984.82939135742
2318,ails2_etaMax1.000_stoppingTime86400.00,250254.0,74024.12139135742
2319,ails2_eoh_acc,250233.0,74160.92839135742
2320,ails2_eoh_acc,250232.0,74188.21839135743
2321,ails2_etaMax1.000_stoppingTime86400.00,250253.0,74240.23939135742
2322,HGS-TV,250242.0,74264.68411207199
2323,ails2_eoh_acc,250231.0,74257.76139135742
2324,ails2_etaMax1.000_stoppingTime86400.00,250246.0,74271.29839135743
2325,ails2_eoh_omega2,251099.0,74427.35939135742
2326,ails2_etaMax0.010_stoppingTime432000.00,251385.0,74447.51239135742
2327,HGS-TV,250241.0,74450.7806096077
2328,ails2_eoh_omega2,251095.0,74444.57539135742
2329,ails2_etaMax0.010_stoppingTime432000.00,251384.0,74448.68139135742
2330,ails2_eoh_omega2,251093.0,74615.13639135742
2331,ails2_eoh_omega2,251092.0,74616.93239135742
2332,ails2_etaMax1.000_stoppingTime432000.00,253314.0,74874.29339135742
2333,ails2_etaMax1.000_stoppingTime432000.00,253283.0,74880.61339135742
2334,ails2_eoh_omega2,251091.0,74939.56239135742
2335,ails2_etaMax0.010_stoppingTime432000.00,251383.0,74968.18539135742
2336,ails2_eoh_omega2,251084.0,74964.68139135742
2337,ails2_etaMax0.010_stoppingTime432000.00,251379.0,75028.15539135742
2338,ails2_eoh_acc,250230.0,75078.93639135742
2339,ails2_etaMax0.010_stoppingTime432000.00,251378.0,75137.12239135742
2340,ails2_etaMax0.010_stoppingTime432000.00,251372.0,75152.14439135742
2341,ails2_eoh_acc_large,250238.0,75324.61139135742
2342,ails2_etaMax1.000_stoppingTime86400.00,250245.0,75425.03239135742
2343,ails2_etaMax1.000_stoppingTime86400.00,250242.0,75478.06339135743
2344,ails2_etaMax1.000_stoppingTime86400.00,250241.0,75517.85539135743
2345,ails2_etaMax1.000_stoppingTime86400.00,250239.0,75613.48739135743
2346,ails2_etaMax1.000_stoppingTime86400.00,250238.0,75616.47139135742
2347,ails2_etaMax1.000_stoppingTime432000.00,253274.0,76142.39239135743
2348,ails2_etaMax1.000_stoppingTime432000.00,253214.0,76146.12339135743
2349,ails2_etaMax1.000_stoppingTime1728000.00,254782.0,76562.03039135742
2350,ails2_etaMax1.000_stoppingTime1728000.00,254731.0,76562.24239135742
2351,ails2_etaMax1.000_stoppingTime1728000.00,254642.0,76658.16039135742
2352,ails2_eoh_omega2,251082.0,76981.35539135743
2353,ails2_eoh_omega2,251081.0,76981.50939135742
2354,ails2_eoh_omega2,251078.0,77089.24539135743
2355,ails2_etaMax1.000_stoppingTime864000.00,254195.0,77158.43939135742
2356,ails2_etaMax1.000_stoppingTime864000.00,254189.0,77158.49839135743
2357,ails2_etaMax1.000_stoppingTime864000.00,254182.0,77678.20839135742
2358,ails2_etaMax1.000_stoppingTime86400.00,250237.0,77706.11739135742
2359,ails2_etaMax1.000_stoppingTime864000.00,254065.0,77679.76939135742
2360,ails2_etaMax1.000_stoppingTime86400.00,250232.0,77765.30639135742
2361,ails2_etaMax1.000_stoppingTime86400.00,250230.0,77786.47939135742
2362,ails2_etaMax1.000_stoppingTime86400.00,250229.0,77997.30939135743
2363,ails2_eoh_acc,250229.0,78030.20039135742
2364,ails2_etaMax1.000_stoppingTime86400.00,250226.0,77998.01439135743
2365,ails2_etaMax1.000_stoppingTime86400.00,250222.0,78089.01339135742
2366,ails2_eoh_acc,250227.0,79032.11839135742
2367,filo2,250221.0,79316.75523495674
2368,ails2_eoh_acc_large,250218.0,79313.64039135742
2369,ails2_eoh_acc_large,250215.0,79385.23639135742
2370,ails2_eoh_acc_large,250213.0,79411.14239135743
2371,ails2_eoh_acc_large,250212.0,79457.85239135742
2372,ails2_eoh_acc_large,250211.0,79522.02339135742
2373,ails2_eoh_acc_large,250209.0,79626.59639135742
2374,ails2_eoh_acc_large,250208.0,80682.95939135742
2375,ails2_etaMax1.000_stoppingTime86400.00,250221.0,80827.25139135742
2376,ails2_eoh_acc,250221.0,81578.67939135742
2377,ails2_eoh_acc_large,250207.0,81586.26439135743
2378,ails2_eoh_acc,250220.0,81635.66439135742
2379,ails2_eoh_omega2,251077.0,81658.08139135742
2380,ails2_eoh_omega2,251075.0,81681.46239135742
2381,ails2_eoh_acc,250219.0,81746.89339135741
2382,ails2_eoh_acc,250218.0,81811.48739135743
2383,ails2_etaMax1.000_stoppingTime86400.00,250220.0,82008.35839135743
2384,ails2_eoh_omega2,251073.0,82052.80739135742
2385,ails2_eoh_omega2,251071.0,82100.86039135742
2386,ails2_eoh_omega2,251070.0,82175.12739135743
2387,ails2_eoh_omega2,251059.0,82208.25339135742
2388,ails2_etaMax1.000_stoppingTime432000.00,253204.0,82268.40339135742
2389,ails2_etaMax1.000_stoppingTime432000.00,253151.0,82272.17439135742
2390,ails2_etaMax1.000_stoppingTime432000.00,253147.0,82478.01339135742
2391,ails2_etaMax1.000_stoppingTime432000.00,253145.0,82551.00539135742
2392,ails2_eoh_acc,250217.0,82573.15739135742
2393,ails2_etaMax1.000_stoppingTime432000.00,253069.0,82553.92439135742
2394,ails2_etaMax1.000_stoppingTime432000.00,252977.0,82624.41839135742
2395,ails2_etaMax1.000_stoppingTime1728000.00,254597.0,82735.62939135742
2396,ails2_etaMax1.000_stoppingTime1728000.00,254519.0,82735.76939135742
2397,ails2_eoh_acc,250216.0,82826.43839135743
2398,ails2_eoh_acc_large,250206.0,83050.75139135742
2399,ails2_etaMax1.000_stoppingTime86400.00,250219.0,83051.13339135742
2400,ails2_etaMax1.000_stoppingTime86400.00,250218.0,83076.11239135743
2401,ails2_etaMax1.000_stoppingTime1728000.00,254512.0,83250.94839135742
2402,ails2_eoh_omega2,251058.0,83256.29239135742
2403,ails2_etaMax1.000_stoppingTime1728000.00,254493.0,83251.05939135743
2404,ails2_eoh_omega2,251054.0,83260.10039135742
2405,ails2_eoh_omega2,251053.0,83387.42639135743
2406,ails2_eoh_omega2,251052.0,83396.82039135743
2407,ails2_eoh_omega2,251051.0,84254.68239135742
2408,ails2_eoh_omega2,251049.0,84255.38039135742
2409,ails2_eoh_omega2,251048.0,84669.82339135742
2410,ails2_eoh_omega2,251045.0,84723.17139135742
2411,ails2_eoh_omega2,251043.0,84784.58839135742
2412,ails2_eoh_omega2,251042.0,84859.59739135743
2413,ails2_eoh_omega2,251037.0,84880.00939135742
2414,ails2_etaMax1.000_stoppingTime86400.00,250217.0,85300.56739135743
2415,ails2_eoh_omega2,251036.0,86006.68339135742
2416,ails2_eoh_omega2,251034.0,86008.03539135742
2417,ails2_eoh_omega2,251021.0,86124.42239135742
2418,ails2_etaMax0.010_stoppingTime432000.00,251371.0,86812.01039135743
2419,ails2_etaMax0.010_stoppingTime432000.00,251363.0,86864.38339135742
2420,ails2_etaMax0.010_stoppingTime432000.00,251361.0,86906.79639135742
2421,ails2_etaMax0.010_stoppingTime432000.00,251347.0,86983.46539135741
2422,ails2_etaMax0.010_stoppingTime432000.00,251346.0,87053.18239135742
2423,ails2_etaMax0.010_stoppingTime432000.00,251345.0,87132.72739135742
2424,ails2_etaMax1.000_stoppingTime864000.00,254053.0,87185.18239135742
2425,ails2_etaMax0.010_stoppingTime432000.00,251344.0,87719.99039135742
2426,ails2_etaMax0.010_stoppingTime432000.00,251341.0,87720.75539135742
2427,ails2_etaMax0.010_stoppingTime432000.00,251339.0,87983.55439135742
2428,ails2_etaMax0.010_stoppingTime432000.00,251338.0,88072.73139135742
2429,ails2_etaMax1.000_stoppingTime864000.00,254039.0,88131.51439135743
2430,ails2_etaMax0.010_stoppingTime432000.00,251333.0,88088.41339135742
2431,ails2_etaMax1.000_stoppingTime864000.00,254018.0,88131.62439135743
2432,ails2_etaMax0.010_stoppingTime432000.00,251330.0,88144.54239135742
2433,ails2_etaMax0.010_stoppingTime432000.00,251329.0,88626.12739135743
2434,ails2_etaMax0.010_stoppingTime432000.00,251324.0,88641.76639135742
2435,ails2_etaMax1.000_stoppingTime864000.00,254011.0,88730.67239135742
2436,ails2_etaMax1.000_stoppingTime864000.00,253982.0,88774.29739135742
2437,ails2_etaMax1.000_stoppingTime432000.00,252972.0,89188.21039135742
2438,ails2_etaMax1.000_stoppingTime864000.00,253969.0,89209.11939135742
2439,ails2_etaMax1.000_stoppingTime432000.00,252910.0,89188.87939135742
2440,ails2_etaMax1.000_stoppingTime864000.00,253966.0,89218.40439135743
2441,ails2_etaMax0.010_stoppingTime432000.00,251323.0,89977.29839135743
2442,ails2_etaMax0.010_stoppingTime432000.00,251320.0,89979.10139135743
2443,ails2_etaMax1.000_stoppingTime432000.00,252897.0,90753.78139135742
2444,ails2_etaMax1.000_stoppingTime432000.00,252854.0,90754.65439135743
2445,HGS-TV,250204.0,91437.6454513073
2446,ails2_etaMax1.000_stoppingTime432000.00,252853.0,91668.03639135743
2447,ails2_etaMax1.000_stoppingTime432000.00,252775.0,91674.69639135743
2448,ails2_etaMax1.000_stoppingTime864000.00,253956.0,93586.46039135742
2449,ails2_etaMax1.000_stoppingTime864000.00,253897.0,93586.67939135742
2450,ails2_etaMax1.000_stoppingTime1728000.00,254467.0,94307.28039135742
2451,ails2_etaMax1.000_stoppingTime1728000.00,254466.0,94307.31439135742
2452,ails2_etaMax0.010_stoppingTime432000.00,251319.0,94612.02839135742
2453,ails2_etaMax0.010_stoppingTime432000.00,251318.0,94615.43139135742
2454,ails2_etaMax1.000_stoppingTime864000.00,253896.0,95199.97239135743
2455,ails2_etaMax1.000_stoppingTime432000.00,252772.0,95555.14139135742
2456,ails2_etaMax1.000_stoppingTime432000.00,252696.0,95563.40039135743
2457,ails2_etaMax0.010_stoppingTime432000.00,251315.0,95692.83539135742
2458,ails2_etaMax1.000_stoppingTime864000.00,253892.0,96226.92139135742
2459,ails2_etaMax1.000_stoppingTime864000.00,253873.0,96236.01339135742
2460,ails2_etaMax1.000_stoppingTime432000.00,252692.0,97106.92439135742
2461,ails2_etaMax1.000_stoppingTime432000.00,252532.0,97159.48439135742
2462,ails2_etaMax1.000_stoppingTime864000.00,253869.0,97253.87139135742
2463,ails2_etaMax0.010_stoppingTime432000.00,251314.0,97636.64139135742
2464,ails2_etaMax0.010_stoppingTime432000.00,251313.0,97789.89439135742
2465,ails2_etaMax0.010_stoppingTime432000.00,251309.0,97795.55739135742
2466,ails2_etaMax0.010_stoppingTime432000.00,251308.0,98176.64639135743
2467,ails2_etaMax0.010_stoppingTime432000.00,251307.0,100480.61339135742
2468,ails2_etaMax0.010_stoppingTime432000.00,251305.0,100896.00539135742
2469,ails2_etaMax0.010_stoppingTime432000.00,251301.0,100903.10939135742
2470,ails2_etaMax1.000_stoppingTime432000.00,252530.0,101158.91939135743
2471,ails2_etaMax1.000_stoppingTime432000.00,252474.0,101161.71839135743
2472,ails2_etaMax1.000_stoppingTime864000.00,253867.0,101426.41539135743
2473,ails2_etaMax1.000_stoppingTime864000.00,253809.0,101428.79939135742
2474,ails2_etaMax0.010_stoppingTime432000.00,251300.0,101495.66839135742
2475,ails2_etaMax0.010_stoppingTime432000.00,251299.0,101502.05039135742
2476,ails2_eoh_omega2,251019.0,101763.60239135742
2477,ails2_eoh_omega2,251018.0,101976.99239135742
2478,ails2_eoh_omega2,251016.0,101978.82139135743
2479,ails2_eoh_omega2,251014.0,102243.48239135742
2480,ails2_eoh_omega2,251013.0,102416.36639135743
2481,ails2_eoh_omega2,251008.0,102428.06139135742
2482,ails2_etaMax0.010_stoppingTime432000.00,251298.0,102540.78939135742
2483,ails2_etaMax1.000_stoppingTime432000.00,252466.0,102623.44739135742
2484,ails2_etaMax1.000_stoppingTime432000.00,252438.0,102624.00039135742
2485,ails2_etaMax0.010_stoppingTime432000.00,251297.0,103281.41439135742
2486,ails2_etaMax0.010_stoppingTime432000.00,251294.0,103283.14839135742
2487,ails2_etaMax0.010_stoppingTime432000.00,251293.0,103809.85439135742
2488,ails2_etaMax0.010_stoppingTime432000.00,251291.0,103851.44139135742
2489,ails2_etaMax1.000_stoppingTime432000.00,252434.0,104351.38939135743
2490,ails2_etaMax1.000_stoppingTime432000.00,252339.0,104356.18639135742
2491,ails2_etaMax1.000_stoppingTime432000.00,252323.0,104417.45139135742
2492,ails2_eoh_omega2,251007.0,104494.94639135743
2493,ails2_eoh_omega2,251004.0,104549.12439135743
2494,ails2_etaMax0.010_stoppingTime432000.00,251290.0,104628.37639135742
2495,ails2_etaMax1.000_stoppingTime864000.00,253807.0,105490.39139135742
2496,ails2_etaMax1.000_stoppingTime864000.00,253768.0,105512.39639135743
2497,ails2_etaMax1.000_stoppingTime864000.00,253750.0,105598.83739135742
2498,ails2_etaMax1.000_stoppingTime1728000.00,254453.0,106646.00139135742
2499,ails2_eoh_omega2,251003.0,106669.01239135742
2500,ails2_etaMax1.000_stoppingTime1728000.00,254398.0,106646.58139135742
2501,ails2_eoh_omega2,251002.0,106669.87639135742
2502,ails2_etaMax1.000_stoppingTime1728000.00,254381.0,107101.43939135742
2503,ails2_etaMax0.010_stoppingTime432000.00,251289.0,107580.47939135742
2504,ails2_etaMax1.000_stoppingTime864000.00,253747.0,107615.34339135743
2505,ails2_etaMax0.010_stoppingTime432000.00,251288.0,107581.59339135743
2506,ails2_etaMax1.000_stoppingTime864000.00,253719.0,107616.32339135742
2507,ails2_etaMax1.000_stoppingTime864000.00,253631.0,107730.81939135742
2508,ails2_etaMax1.000_stoppingTime1728000.00,254360.0,107867.12039135743
2509,ails2_etaMax1.000_stoppingTime1728000.00,254310.0,107868.31139135742
2510,ails2_etaMax0.010_stoppingTime432000.00,251287.0,108275.87639135742
2511,HGS-TV,250204.0,108822.08830332756
2512,HGS-TV,250204.0,108884.96105146408
2513,ails2_etaMax1.000_stoppingTime432000.00,252320.0,108944.29039135743
2514,HGS-TV,250204.0,108953.14776492119
2515,ails2_etaMax1.000_stoppingTime432000.00,252315.0,108944.37239135742
2516,HGS-TV,250204.0,109016.16009902954
2517,HGS-TV,250204.0,109077.8134689331
2518,HGS-TV,250204.0,109187.52939510345
2519,HGS-TV,250204.0,109285.27779722214
2520,HGS-TV,250204.0,109599.80737352371
2521,HGS-TV,250204.0,109712.2414984703
2522,HGS-TV,250204.0,109830.52071666718
2523,HGS-TV,250204.0,109896.76895165443
2524,HGS-TV,250204.0,110038.88195180893
2525,HGS-TV,250204.0,110184.41794490814
2526,HGS-TV,250204.0,110299.15507292747
2527,HGS-TV,250204.0,110608.7138171196
2528,ails2_etaMax0.010_stoppingTime432000.00,251286.0,110851.00839135742
2529,ails2_etaMax0.010_stoppingTime432000.00,251285.0,110851.15039135743
2530,HGS-TV,250204.0,110916.20148301125
2531,ails2_etaMax0.010_stoppingTime432000.00,251284.0,110954.42439135742
2532,HGS-TV,250204.0,111020.19751310349
2533,ails2_etaMax0.010_stoppingTime432000.00,251283.0,111098.35939135742
2534,HGS-TV,250204.0,111129.0034532547
2535,ails2_etaMax0.010_stoppingTime432000.00,251282.0,111101.13639135742
2536,ails2_etaMax0.010_stoppingTime432000.00,251279.0,111238.62939135742
2537,ails2_etaMax0.010_stoppingTime432000.00,251275.0,111243.34239135742
2538,HGS-TV,250204.0,111455.16604566574
2539,HGS-TV,250204.0,112216.26889371872
2540,HGS-TV,250204.0,112279.06264424324
2541,HGS-TV,250204.0,112447.7071428299
2542,HGS-TV,250204.0,112508.81165933609
2543,HGS-TV,250204.0,112772.52827477455
2544,HGS-TV,250204.0,112856.34591126442
2545,HGS-TV,250204.0,113065.44421362877
2546,HGS-TV,250204.0,113626.63789749146
2547,ails2_etaMax1.000_stoppingTime864000.00,253607.0,113632.26939135742
2548,ails2_etaMax1.000_stoppingTime864000.00,253544.0,113635.18839135743
2549,HGS-TV,250204.0,114142.13178777695
2550,HGS-TV,250204.0,114203.45632219315
2551,ails2_etaMax1.000_stoppingTime864000.00,253519.0,114640.79339135742
2552,ails2_etaMax1.000_stoppingTime864000.00,253495.0,114641.01139135742
2553,ails2_etaMax1.000_stoppingTime432000.00,252310.0,114768.56639135742
2554,ails2_etaMax1.000_stoppingTime432000.00,252292.0,114771.53039135742
2555,HGS-TV,250204.0,114845.08062338829
2556,ails2_etaMax1.000_stoppingTime432000.00,252274.0,115758.26739135743
2557,HGS-TV,250204.0,115765.87356710434
2558,ails2_eoh_omega2,251001.0,115788.97739135742
2559,ails2_etaMax1.000_stoppingTime432000.00,252273.0,115758.29239135742
2560,HGS-TV,250204.0,115905.22040700912
2561,ails2_etaMax1.000_stoppingTime432000.00,252269.0,116294.33339135742
2562,ails2_etaMax1.000_stoppingTime432000.00,252249.0,116298.28639135743
2563,HGS-TV,250204.0,116535.56855869293
2564,ails2_eoh_omega2,250999.0,116537.35539135743
2565,ails2_eoh_omega2,250997.0,116542.02939135743
2566,HGS-TV,250204.0,116766.02509069443
2567,HGS-TV,250204.0,116826.21788978577
2568,HGS-TV,250204.0,116944.60099482536
2569,ails2_etaMax1.000_stoppingTime1728000.00,254307.0,117397.16439135742
2570,ails2_etaMax1.000_stoppingTime1728000.00,254255.0,117399.21539135741
2571,HGS-TV,250204.0,117649.29634618759
2572,ails2_etaMax1.000_stoppingTime432000.00,252248.0,118450.81239135742
2573,HGS-TV,250204.0,118480.81971001625
2574,ails2_etaMax1.000_stoppingTime432000.00,252207.0,118454.46839135743
2575,ails2_etaMax1.000_stoppingTime432000.00,252175.0,118516.53139135742
2576,ails2_etaMax1.000_stoppingTime432000.00,252138.0,118591.94639135743
2577,HGS-TV,250204.0,118782.81443476677
2578,ails2_etaMax1.000_stoppingTime432000.00,252132.0,118803.90639135742
2579,HGS-TV,250204.0,119580.1234292984
2580,ails2_etaMax1.000_stoppingTime432000.00,252128.0,119668.06039135742
2581,HGS-TV,250204.0,119713.5956993103
2582,ails2_etaMax1.000_stoppingTime432000.00,252127.0,119668.13639135742
2583,HGS-TV,250204.0,120625.5530409813
2584,ails2_etaMax0.010_stoppingTime432000.00,251273.0,120667.66039135742
2585,ails2_etaMax0.010_stoppingTime432000.00,251269.0,120695.02839135742
2586,HGS-TV,250204.0,121288.2255051136
2587,HGS-TV,250204.0,121493.57888770103
2588,ails2_etaMax1.000_stoppingTime432000.00,252125.0,121561.23039135743
2589,ails2_etaMax1.000_stoppingTime432000.00,252058.0,121567.89639135743
2590,ails2_etaMax1.000_stoppingTime432000.00,252056.0,121898.74939135743
2591,HGS-TV,250204.0,121902.8485879898
2592,ails2_etaMax1.000_stoppingTime432000.00,252005.0,121903.96539135741
2593,ails2_etaMax0.010_stoppingTime432000.00,251268.0,122558.94239135743
2594,ails2_etaMax0.010_stoppingTime432000.00,251266.0,122560.60239135742
2595,ails2_etaMax1.000_stoppingTime864000.00,253490.0,122737.32939135742
2596,HGS-TV,250204.0,122828.51932001114
2597,ails2_etaMax1.000_stoppingTime864000.00,253486.0,123833.56139135742
2598,HGS-TV,250204.0,123848.49952936172
2599,ails2_etaMax1.000_stoppingTime864000.00,253415.0,123840.45039135742
2600,ails2_etaMax1.000_stoppingTime432000.00,252002.0,123930.18439135743
2601,ails2_etaMax1.000_stoppingTime432000.00,251995.0,123930.42739135743
2602,ails2_etaMax0.010_stoppingTime432000.00,251265.0,124213.70039135742
2603,ails2_etaMax0.010_stoppingTime432000.00,251263.0,124214.04539135742
2604,ails2_etaMax0.010_stoppingTime432000.00,251262.0,124356.11039135742
2605,ails2_etaMax0.010_stoppingTime432000.00,251258.0,124386.01539135742
2606,ails2_etaMax0.010_stoppingTime432000.00,251257.0,124494.45239135742
2607,ails2_etaMax0.010_stoppingTime432000.00,251255.0,124520.01539135742
2608,ails2_etaMax0.010_stoppingTime432000.00,251254.0,124758.84539135742
2609,ails2_eoh_omega2,250996.0,124805.11539135742
2610,ails2_etaMax0.010_stoppingTime432000.00,251250.0,124809.64439135742
2611,ails2_eoh_omega2,250994.0,124811.01239135742
2612,ails2_etaMax0.010_stoppingTime432000.00,251249.0,124820.73239135742
2613,HGS-TV,250204.0,125054.82098269463
2614,HGS-TV,250204.0,125285.91023492813
2615,HGS-TV,250204.0,126091.8936676979
2616,HGS-TV,250204.0,126336.24210047722
2617,HGS-TV,250204.0,126475.72744488716
2618,HGS-TV,250204.0,126732.53378748894
2619,HGS-TV,250204.0,127073.95714855194
2620,HGS-TV,250204.0,127473.25096130371
2621,ails2_etaMax1.000_stoppingTime432000.00,251993.0,127661.74839135743
2622,ails2_etaMax1.000_stoppingTime432000.00,251985.0,127714.97139135742
2623,ails2_etaMax1.000_stoppingTime432000.00,251981.0,127806.39939135742
2624,ails2_etaMax1.000_stoppingTime432000.00,251934.0,127810.98639135742
2625,ails2_etaMax0.010_stoppingTime432000.00,251248.0,128193.96539135741
2626,ails2_etaMax0.010_stoppingTime432000.00,251246.0,128198.59339135743
2627,HGS-TV,250204.0,128411.63616156578
2628,ails2_etaMax0.010_stoppingTime432000.00,251245.0,128446.68739135742
2629,ails2_etaMax0.010_stoppingTime432000.00,251242.0,128463.70539135742
2630,ails2_eoh_omega2,250993.0,128719.51339135742
2631,HGS-TV,250204.0,129032.50885009766
2632,ails2_eoh_omega2,250992.0,129047.69839135742
2633,ails2_etaMax1.000_stoppingTime432000.00,251922.0,129108.84739135743
2634,ails2_etaMax1.000_stoppingTime432000.00,251885.0,129157.41539135743
2635,ails2_eoh_omega2,250991.0,129261.58339135742
2636,ails2_etaMax1.000_stoppingTime432000.00,251878.0,129270.92339135743
2637,ails2_etaMax1.000_stoppingTime864000.00,253413.0,129271.03939135742
2638,ails2_eoh_omega2,250990.0,129309.11039135742
2639,ails2_etaMax1.000_stoppingTime432000.00,251845.0,129272.83039135742
2640,ails2_etaMax1.000_stoppingTime864000.00,253334.0,129272.59739135743
2641,ails2_etaMax0.010_stoppingTime432000.00,251241.0,131046.54139135742
2642,ails2_etaMax0.010_stoppingTime432000.00,251239.0,131059.26739135743
2643,ails2_etaMax0.010_stoppingTime432000.00,251238.0,131202.05339135742
2644,ails2_etaMax0.010_stoppingTime432000.00,251233.0,131212.09039135743
2645,ails2_etaMax0.010_stoppingTime432000.00,251230.0,131372.86839135742
2646,ails2_etaMax0.010_stoppingTime432000.00,251229.0,131395.84639135742
2647,ails2_etaMax1.000_stoppingTime1728000.00,254251.0,131844.44139135742
2648,ails2_etaMax1.000_stoppingTime1728000.00,254105.0,131848.4153913574
2649,ails2_eoh_omega2,250989.0,133066.12539135743
2650,ails2_eoh_omega2,250984.0,133116.10439135742
2651,HGS-TV,250204.0,133212.19263029099
2652,ails2_eoh_omega2,250983.0,134293.7603913574
2653,ails2_eoh_omega2,250982.0,134293.76939135743
2654,ails2_eoh_omega2,250981.0,134654.61039135742
2655,ails2_etaMax1.000_stoppingTime432000.00,251844.0,134896.8423913574
2656,HGS-TV,250204.0,135274.16410803795
2657,HGS-TV,250204.0,136443.61647439003
2658,HGS-TV,250204.0,136860.9413228035
2659,HGS-TV,250204.0,137144.01106476784
2660,HGS-TV,250204.0,137431.46741867065
2661,ails2_etaMax1.000_stoppingTime864000.00,253333.0,137498.3693913574
2662,ails2_etaMax1.000_stoppingTime432000.00,251839.0,137943.6983913574
2663,ails2_etaMax1.000_stoppingTime432000.00,251815.0,138439.6683913574
2664,ails2_etaMax1.000_stoppingTime432000.00,251751.0,138446.91439135742
2665,ails2_etaMax1.000_stoppingTime432000.00,251739.0,138506.89239135743
2666,ails2_etaMax1.000_stoppingTime432000.00,251738.0,139678.52039135742
2667,ails2_etaMax1.000_stoppingTime432000.00,251679.0,139702.10339135744
2668,ails2_etaMax1.000_stoppingTime432000.00,251672.0,139816.86439135743
2669,ails2_etaMax1.000_stoppingTime432000.00,251579.0,139873.50139135742
2670,HGS-TV,250204.0,140137.96304512024
2671,ails2_etaMax1.000_stoppingTime864000.00,253317.0,140428.39139135744
2672,ails2_etaMax1.000_stoppingTime864000.00,253145.0,140469.26439135743
2673,HGS-TV,250204.0,140607.03959321976
2674,HGS-TV,250204.0,140904.43187212944
2675,HGS-TV,250204.0,140964.44854283333
2676,ails2_eoh_omega2,250980.0,141096.34439135742
2677,HGS-TV,250204.0,141677.60670685768
2678,HGS-TV,250204.0,142883.41039824486
2679,HGS-TV,250204.0,143573.87364816666
2680,ails2_eoh_omega2,250979.0,143906.05239135743
2681,ails2_eoh_omega2,250977.0,143965.20239135742
2682,ails2_etaMax1.000_stoppingTime432000.00,251578.0,145456.5293913574
2683,ails2_etaMax1.000_stoppingTime432000.00,251530.0,145469.62139135742
2684,HGS-TV,250204.0,145674.36401200294
2685,ails2_etaMax1.000_stoppingTime432000.00,251527.0,146035.77339135742
2686,ails2_etaMax1.000_stoppingTime432000.00,251521.0,146041.80339135742
2687,ails2_etaMax1.000_stoppingTime864000.00,253142.0,147661.3393913574
2688,ails2_etaMax1.000_stoppingTime864000.00,253072.0,147668.3853913574
2689,ails2_etaMax1.000_stoppingTime432000.00,251515.0,150111.25139135742
2690,ails2_etaMax1.000_stoppingTime432000.00,251510.0,150112.12539135743
2691,ails2_etaMax1.000_stoppingTime432000.00,251503.0,150262.5783913574
2692,ails2_etaMax1.000_stoppingTime432000.00,251501.0,150340.86239135743
2693,HGS-TV,250204.0,150357.5202577114
2694,ails2_etaMax1.000_stoppingTime432000.00,251491.0,150341.55539135743
2695,ails2_etaMax1.000_stoppingTime432000.00,251486.0,150527.54439135743
2696,ails2_etaMax1.000_stoppingTime432000.00,251480.0,150527.62239135744
2697,HGS-TV,250204.0,150630.03769731522
2698,ails2_etaMax1.000_stoppingTime432000.00,251478.0,150890.50139135742
2699,ails2_etaMax1.000_stoppingTime432000.00,251472.0,150890.56639135742
2700,ails2_etaMax1.000_stoppingTime432000.00,251467.0,151195.7633913574
2701,ails2_etaMax1.000_stoppingTime432000.00,251455.0,151201.70039135742
2702,ails2_etaMax1.000_stoppingTime864000.00,253059.0,151294.9043913574
2703,ails2_etaMax1.000_stoppingTime864000.00,253052.0,151295.77339135742
2704,ails2_etaMax1.000_stoppingTime864000.00,253050.0,151469.23239135742
2705,ails2_etaMax1.000_stoppingTime864000.00,253048.0,151469.2903913574
2706,ails2_etaMax1.000_stoppingTime432000.00,251452.0,151858.71339135742
2707,ails2_etaMax1.000_stoppingTime432000.00,251446.0,151858.93539135743
2708,HGS-TV,250204.0,152517.22073721886
2709,HGS-TV,250204.0,152578.38977742195
2710,ails2_etaMax1.000_stoppingTime432000.00,251445.0,153222.36239135743
2711,ails2_etaMax1.000_stoppingTime432000.00,251440.0,153222.89739135743
2712,ails2_etaMax1.000_stoppingTime1728000.00,254104.0,153539.38339135743
2713,ails2_etaMax1.000_stoppingTime1728000.00,254007.0,153541.6543913574
2714,HGS-TV,250204.0,154974.57695412636
2715,ails2_etaMax0.020_stoppingTime86400.00,250202.0,155230.9073913574
2716,ails2_etaMax0.020_stoppingTime86400.00,250201.0,155240.1953913574
2717,ails2_etaMax1.000_stoppingTime432000.00,251425.0,155586.6793913574
2718,ails2_etaMax1.000_stoppingTime432000.00,251422.0,155681.98539135742
2719,ails2_etaMax1.000_stoppingTime432000.00,251395.0,155691.16339135743
2720,ails2_etaMax0.020_stoppingTime86400.00,250199.0,155860.4613913574
2721,ails2_etaMax0.020_stoppingTime86400.00,250197.0,155866.30839135742
2722,ails2_etaMax0.020_stoppingTime86400.00,250196.0,156082.89139135744
2723,HGS-TV,250204.0,156138.2422156334
2724,ails2_etaMax0.020_stoppingTime86400.00,250195.0,156158.4833913574
2725,ails2_etaMax0.020_stoppingTime86400.00,250194.0,156160.81639135742
2726,ails2_etaMax0.020_stoppingTime86400.00,250193.0,156337.82539135742
2727,ails2_eoh_omega2,250976.0,156338.99539135743
2728,ails2_eoh_omega2,250972.0,156346.23539135742
2729,ails2_etaMax1.000_stoppingTime432000.00,251394.0,156737.56939135742
2730,ails2_etaMax1.000_stoppingTime432000.00,251376.0,156741.01739135743
2731,ails2_etaMax0.020_stoppingTime86400.00,250192.0,156810.8283913574
2732,ails2_etaMax1.000_stoppingTime432000.00,251375.0,157793.06039135743
2733,ails2_etaMax1.000_stoppingTime432000.00,251374.0,157924.16639135743
2734,ails2_etaMax1.000_stoppingTime432000.00,251353.0,157966.4533913574
2735,HGS-TV,250204.0,157990.81963324547
2736,ails2_etaMax1.000_stoppingTime432000.00,251234.0,158045.47739135742
2737,ails2_etaMax1.000_stoppingTime1728000.00,253994.0,158047.47039135743
2738,ails2_etaMax1.000_stoppingTime1728000.00,253958.0,158047.5863913574
2739,ails2_etaMax1.000_stoppingTime864000.00,253042.0,158185.2223913574
2740,ails2_etaMax1.000_stoppingTime864000.00,253020.0,158317.64339135741
2741,ails2_etaMax1.000_stoppingTime864000.00,252985.0,158318.55639135742
2742,ails2_etaMax1.000_stoppingTime864000.00,252967.0,158429.02639135742
2743,ails2_eoh_omega2,250971.0,159774.34139135742
2744,ails2_etaMax1.000_stoppingTime432000.00,251228.0,162017.8043913574
2745,ails2_etaMax1.000_stoppingTime432000.00,251224.0,162019.03639135743
2746,ails2_etaMax1.000_stoppingTime1728000.00,253949.0,162306.17839135742
2747,ails2_etaMax1.000_stoppingTime432000.00,251220.0,162357.50739135742
2748,ails2_etaMax1.000_stoppingTime1728000.00,253916.0,162306.88139135743
2749,ails2_etaMax1.000_stoppingTime432000.00,251182.0,162392.71539135743
2750,ails2_etaMax1.000_stoppingTime432000.00,251181.0,162854.37139135742
2751,ails2_etaMax1.000_stoppingTime432000.00,251171.0,162862.7793913574
2752,ails2_etaMax1.000_stoppingTime432000.00,251162.0,163127.0403913574
2753,HGS-TV,250189.0,163168.01669287682
2754,ails2_etaMax1.000_stoppingTime432000.00,251143.0,163166.35139135743
2755,ails2_etaMax1.000_stoppingTime432000.00,251114.0,163201.9613913574
2756,ails2_etaMax1.000_stoppingTime432000.00,251036.0,163268.95239135742
2757,ails2_etaMax1.000_stoppingTime1728000.00,253912.0,164638.09039135743
2758,ails2_etaMax1.000_stoppingTime864000.00,252961.0,164719.82439135743
2759,ails2_etaMax1.000_stoppingTime864000.00,252956.0,164719.84539135743
2760,ails2_etaMax1.000_stoppingTime864000.00,252949.0,164940.66939135743
2761,ails2_etaMax1.000_stoppingTime864000.00,252692.0,164949.20139135743
2762,HGS-TV,250188.0,165831.71893787384
2763,HGS-TV,250187.0,166174.6698937416
2764,HGS-TV,250186.0,166535.84016251564
2765,HGS-TV,250185.0,167417.6380290985
2766,HGS-TV,250184.0,168946.94631433487
2767,HGS-TV,250183.0,170653.3871769905
2768,HGS-TV,250182.0,171773.79806780815
2769,ails2_eoh_omega2,250970.0,172468.30739135743
2770,HGS-TV,250181.0,172500.94404697418
2771,ails2_eoh_omega2,250968.0,172468.9803913574
2772,ails2_etaMax0.010_stoppingTime432000.00,251228.0,176466.03039135743
2773,ails2_etaMax0.010_stoppingTime432000.00,251227.0,176647.9043913574
2774,ails2_etaMax0.010_stoppingTime432000.00,251225.0,176651.3423913574
2775,ails2_etaMax0.010_stoppingTime432000.00,251224.0,176840.21239135743
2776,ails2_etaMax0.010_stoppingTime432000.00,251222.0,176842.82439135743
2777,ails2_etaMax0.010_stoppingTime432000.00,251221.0,177903.0733913574
2778,ails2_etaMax0.010_stoppingTime432000.00,251213.0,177924.57139135743
2779,ails2_etaMax1.000_stoppingTime864000.00,252691.0,178384.62139135742
2780,ails2_etaMax1.000_stoppingTime864000.00,252663.0,178391.78139135742
2781,ails2_etaMax0.010_stoppingTime432000.00,251212.0,178895.28939135742
2782,ails2_etaMax0.010_stoppingTime432000.00,251210.0,178895.38639135743
2783,ails2_etaMax1.000_stoppingTime1728000.00,253909.0,179858.6573913574
2784,ails2_etaMax1.000_stoppingTime1728000.00,253890.0,179859.03439135742
2785,ails2_etaMax1.000_stoppingTime1728000.00,253852.0,179944.6193913574
2786,ails2_etaMax1.000_stoppingTime1728000.00,253850.0,180216.54739135742
2787,ails2_etaMax1.000_stoppingTime1728000.00,253835.0,180291.19139135742
2788,ails2_etaMax1.000_stoppingTime1728000.00,253770.0,180298.34639135742
2789,ails2_etaMax1.000_stoppingTime432000.00,251033.0,180808.1243913574
2790,ails2_etaMax1.000_stoppingTime432000.00,251027.0,180809.0813913574
2791,ails2_etaMax0.010_stoppingTime432000.00,251209.0,181147.00939135742
2792,ails2_etaMax0.010_stoppingTime432000.00,251208.0,181487.00039135743
2793,ails2_etaMax0.010_stoppingTime432000.00,251207.0,181596.58339135742
2794,ails2_etaMax0.010_stoppingTime432000.00,251203.0,181604.01439135743
2795,ails2_etaMax1.000_stoppingTime432000.00,251026.0,182491.49639135742
2796,ails2_etaMax1.000_stoppingTime432000.00,251018.0,182495.3853913574
2797,ails2_etaMax1.000_stoppingTime432000.00,251015.0,182753.2253913574
2798,ails2_etaMax1.000_stoppingTime432000.00,251003.0,182758.1843913574
2799,ails2_etaMax1.000_stoppingTime432000.00,251002.0,183459.4643913574
2800,ails2_etaMax1.000_stoppingTime432000.00,250972.0,183465.00339135743
2801,ails2_etaMax1.000_stoppingTime432000.00,250968.0,183758.49539135743
2802,ails2_etaMax1.000_stoppingTime432000.00,250959.0,183759.87639135742
2803,ails2_etaMax1.000_stoppingTime432000.00,250958.0,184141.18839135743
2804,ails2_etaMax1.000_stoppingTime432000.00,250897.0,184163.04239135742
2805,ails2_etaMax1.000_stoppingTime432000.00,250891.0,184926.25939135742
2806,ails2_etaMax1.000_stoppingTime432000.00,250887.0,184933.98839135742
2807,ails2_etaMax1.000_stoppingTime1728000.00,253766.0,186431.9943913574
2808,ails2_etaMax1.000_stoppingTime1728000.00,253731.0,186432.08539135742
2809,HGS-TV,250180.0,187108.37904310226
2810,filo2,250179.0,187325.5691022873
2811,ails2_etaMax0.010_stoppingTime432000.00,251202.0,188331.65539135743
2812,ails2_etaMax0.010_stoppingTime432000.00,251201.0,188337.23939135743
2813,ails2_etaMax0.010_stoppingTime432000.00,251200.0,188579.90539135743
2814,ails2_etaMax0.010_stoppingTime432000.00,251199.0,188588.31139135742
2815,ails2_etaMax0.010_stoppingTime432000.00,251198.0,188770.3013913574
2816,ails2_etaMax1.000_stoppingTime864000.00,252649.0,188788.06139135742
2817,ails2_etaMax0.010_stoppingTime432000.00,251197.0,188771.9943913574
2818,ails2_etaMax1.000_stoppingTime864000.00,252617.0,188788.91339135743
2819,HGS-TV,250179.0,189016.4095211029
2820,ails2_etaMax1.000_stoppingTime432000.00,250886.0,189066.94039135744
2821,ails2_etaMax1.000_stoppingTime432000.00,250865.0,189068.17539135742
2822,ails2_etaMax0.010_stoppingTime432000.00,251196.0,189916.92439135743
2823,ails2_etaMax0.010_stoppingTime432000.00,251195.0,190126.0923913574
2824,ails2_etaMax0.010_stoppingTime432000.00,251194.0,193048.83439135744
2825,ails2_etaMax1.000_stoppingTime432000.00,250863.0,193307.2553913574
2826,ails2_etaMax1.000_stoppingTime864000.00,252606.0,193351.18639135742
2827,ails2_etaMax1.000_stoppingTime432000.00,250839.0,193359.82239135742
2828,ails2_etaMax1.000_stoppingTime864000.00,252543.0,193353.8853913574
2829,ails2_etaMax1.000_stoppingTime432000.00,250838.0,193677.62039135743
2830,ails2_etaMax1.000_stoppingTime432000.00,250830.0,193678.28439135742
2831,ails2_etaMax1.000_stoppingTime1728000.00,253711.0,194501.0813913574
2832,ails2_etaMax1.000_stoppingTime1728000.00,253660.0,194504.95839135742
2833,ails2_etaMax0.010_stoppingTime432000.00,251193.0,196843.85939135743
2834,ails2_etaMax0.010_stoppingTime432000.00,251191.0,196853.58239135743
2835,ails2_etaMax0.010_stoppingTime432000.00,251190.0,196987.29939135743
2836,ails2_etaMax0.010_stoppingTime432000.00,251188.0,197712.74539135743
2837,ails2_etaMax0.010_stoppingTime432000.00,251184.0,197734.55739135743
2838,ails2_etaMax1.000_stoppingTime432000.00,250827.0,197876.34539135743
2839,ails2_etaMax1.000_stoppingTime432000.00,250818.0,197884.6843913574
2840,ails2_etaMax1.000_stoppingTime432000.00,250760.0,197988.95539135742
2841,ails2_etaMax1.000_stoppingTime864000.00,252542.0,198036.18639135742
2842,ails2_etaMax1.000_stoppingTime864000.00,252509.0,198036.9453913574
2843,ails2_etaMax1.000_stoppingTime864000.00,252480.0,199084.88339135743
2844,ails2_etaMax1.000_stoppingTime864000.00,252477.0,199086.36239135743
2845,ails2_etaMax1.000_stoppingTime864000.00,252453.0,200122.5513913574
2846,ails2_etaMax1.000_stoppingTime864000.00,252413.0,200126.35239135742
2847,ails2_etaMax0.010_stoppingTime432000.00,251183.0,200201.06639135742
2848,ails2_etaMax0.010_stoppingTime432000.00,251182.0,200870.95139135743
2849,ails2_eoh_omega2,250967.0,200911.48239135742
2850,ails2_eoh_omega2,250964.0,200912.5483913574
2851,ails2_etaMax0.010_stoppingTime432000.00,251181.0,201008.07239135742
2852,ails2_etaMax0.010_stoppingTime432000.00,251179.0,201009.59839135743
2853,ails2_etaMax1.000_stoppingTime864000.00,252406.0,201374.52539135743
2854,ails2_etaMax1.000_stoppingTime864000.00,252402.0,201374.5673913574
2855,ails2_etaMax0.010_stoppingTime432000.00,251178.0,201545.06039135743
2856,ails2_etaMax0.010_stoppingTime432000.00,251177.0,201663.69939135743
2857,ails2_etaMax1.000_stoppingTime864000.00,252380.0,202256.91739135742
2858,ails2_etaMax1.000_stoppingTime864000.00,252314.0,202260.29939135743
2859,ails2_eoh_omega2,250963.0,202608.62839135743
2860,ails2_eoh_omega2,250962.0,202611.45139135743
2861,ails2_eoh_omega2,250960.0,202766.43139135742
2862,ails2_etaMax1.000_stoppingTime864000.00,252290.0,202787.35639135743
2863,ails2_eoh_omega2,250959.0,202767.0133913574
2864,ails2_etaMax1.000_stoppingTime432000.00,250757.0,204582.66639135743
2865,ails2_etaMax1.000_stoppingTime432000.00,250713.0,204634.1003913574
2866,ails2_etaMax1.000_stoppingTime432000.00,250708.0,204648.22139135742
2867,ails2_etaMax1.000_stoppingTime432000.00,250693.0,204757.70239135742
2868,ails2_etaMax1.000_stoppingTime432000.00,250675.0,204788.78839135743
2869,ails2_etaMax1.000_stoppingTime432000.00,250665.0,204865.86839135742
2870,ails2_eoh_omega2,250958.0,206269.58739135743
2871,ails2_eoh_omega2,250957.0,206859.37539135743
2872,ails2_eoh_omega2,250955.0,206860.36039135742
2873,ails2_etaMax0.010_stoppingTime432000.00,251175.0,209910.12839135743
2874,HGS-TV,250179.0,210258.89288640022
2875,HGS-TV,250179.0,210319.473405838
2876,HGS-TV,250179.0,210459.07232904434
2877,HGS-TV,250179.0,210566.36378002167
2878,HGS-TV,250179.0,210756.01340842247
2879,HGS-TV,250179.0,210818.47246408463
2880,HGS-TV,250179.0,210881.02394771576
2881,HGS-TV,250179.0,211005.8110628128
2882,HGS-TV,250179.0,211251.3744313717
2883,ails2_etaMax1.000_stoppingTime432000.00,250663.0,211393.43339135742
2884,ails2_etaMax1.000_stoppingTime432000.00,250650.0,211394.70039135742
2885,HGS-TV,250179.0,211494.68387937546
2886,HGS-TV,250179.0,211556.35465478897
2887,HGS-TV,250179.0,211646.7214331627
2888,HGS-TV,250179.0,211753.3891661167
2889,HGS-TV,250179.0,211822.26959609985
2890,HGS-TV,250179.0,211882.60527539253
2891,HGS-TV,250179.0,211943.05315089226
2892,ails2_eoh_omega2,250954.0,212052.62239135744
2893,ails2_eoh_omega2,250951.0,212053.22739135742
2894,ails2_etaMax1.000_stoppingTime432000.00,250647.0,212176.1793913574
2895,HGS-TV,250179.0,212209.71618151665
2896,ails2_etaMax1.000_stoppingTime432000.00,250626.0,212212.4343913574
2897,ails2_etaMax1.000_stoppingTime432000.00,250612.0,212274.53339135743
2898,ails2_etaMax1.000_stoppingTime432000.00,250601.0,212306.71339135742
2899,HGS-TV,250179.0,212530.59767341614
2900,HGS-TV,250179.0,212708.0737233162
2901,HGS-TV,250179.0,212768.59137368202
2902,HGS-TV,250179.0,212896.84602069855
2903,HGS-TV,250179.0,212962.89165854454
2904,ails2_etaMax1.000_stoppingTime1728000.00,253659.0,212965.20939135744
2905,HGS-TV,250179.0,213024.47855067253
2906,HGS-TV,250179.0,213095.26123976707
2907,HGS-TV,250179.0,213360.37214183807
2908,HGS-TV,250179.0,213445.38211846352
2909,HGS-TV,250179.0,213659.40509271622
2910,HGS-TV,250179.0,214246.09906053543
2911,HGS-TV,250179.0,214550.42459344864
2912,HGS-TV,250179.0,214802.86603474617
2913,ails2_etaMax1.000_stoppingTime432000.00,250600.0,215303.37839135743
2914,ails2_etaMax1.000_stoppingTime432000.00,250586.0,215306.72039135743
2915,HGS-TV,250179.0,215533.46501159668
2916,HGS-TV,250179.0,215595.12661075592
2917,ails2_etaMax1.000_stoppingTime864000.00,252284.0,215832.64739135743
2918,ails2_etaMax1.000_stoppingTime864000.00,252212.0,215886.76939135743
2919,HGS-TV,250179.0,216047.7388112545
2920,HGS-TV,250179.0,216203.4688398838
2921,HGS-TV,250179.0,216700.63653159142
2922,HGS-TV,250179.0,216781.21092700958
2923,ails2_etaMax1.000_stoppingTime432000.00,250582.0,216957.46539135743
2924,ails2_etaMax1.000_stoppingTime432000.00,250558.0,216986.00839135743
2925,ails2_etaMax1.000_stoppingTime432000.00,250555.0,217641.3423913574
2926,ails2_etaMax1.000_stoppingTime432000.00,250551.0,217652.8773913574
2927,HGS-TV,250179.0,218047.60385203362
2928,ails2_etaMax1.000_stoppingTime864000.00,252211.0,218340.64139135744
2929,ails2_etaMax1.000_stoppingTime864000.00,252136.0,218342.58439135744
2930,ails2_etaMax1.000_stoppingTime864000.00,251957.0,218434.33339135742
2931,ails2_etaMax1.000_stoppingTime432000.00,250550.0,218539.25939135742
2932,ails2_etaMax1.000_stoppingTime432000.00,250537.0,218544.62339135743
2933,HGS-TV,250179.0,218803.32659077644
2934,HGS-TV,250179.0,219769.79073357582
2935,ails2_etaMax1.000_stoppingTime1728000.00,253655.0,220193.67539135742
2936,ails2_etaMax1.000_stoppingTime1728000.00,253619.0,220208.00939135742
2937,HGS-TV,250179.0,220301.1089682579
2938,HGS-TV,250179.0,220448.72133111954
2939,HGS-TV,250179.0,220509.87199687958
2940,HGS-TV,250179.0,221145.60045552254
2941,ails2_etaMax1.000_stoppingTime1728000.00,253612.0,221388.22739135742
2942,ails2_etaMax1.000_stoppingTime432000.00,250535.0,222435.26439135743
2943,ails2_etaMax1.000_stoppingTime432000.00,250517.0,222489.2253913574
2944,ails2_etaMax0.010_stoppingTime432000.00,251174.0,222495.5813913574
2945,ails2_etaMax0.010_stoppingTime432000.00,251173.0,222513.26839135741
2946,ails2_etaMax1.000_stoppingTime432000.00,250512.0,222545.3203913574
2947,HGS-TV,250179.0,223935.4575483799
2948,HGS-TV,250179.0,224156.42013454437
2949,HGS-TV,250179.0,224273.64421987534
2950,ails2_etaMax0.010_stoppingTime432000.00,251172.0,225153.40039135743
2951,ails2_etaMax1.000_stoppingTime1728000.00,253611.0,225263.95039135742
2952,HGS-TV,250179.0,225300.38924908638
2953,ails2_etaMax1.000_stoppingTime1728000.00,253603.0,225269.11239135743
2954,HGS-TV,250179.0,226920.33453845978
2955,HGS-TV,250179.0,227359.20121836662
2956,ails2_etaMax1.000_stoppingTime1728000.00,253590.0,227519.4833913574
2957,ails2_etaMax1.000_stoppingTime1728000.00,253435.0,227531.60739135742
2958,ails2_etaMax1.000_stoppingTime432000.00,250510.0,228201.7363913574
2959,ails2_etaMax1.000_stoppingTime432000.00,250508.0,228203.21239135743
2960,HGS-TV,250179.0,229413.61996936798
2961,ails2_etaMax1.000_stoppingTime432000.00,250507.0,229913.36839135742
2962,ails2_eoh_omega2,250950.0,230404.11239135743
2963,ails2_etaMax0.010_stoppingTime432000.00,251171.0,230745.18639135742
2964,ails2_etaMax0.010_stoppingTime432000.00,251170.0,230855.84939135742
2965,ails2_etaMax1.000_stoppingTime432000.00,250503.0,231395.47939135742
2966,ails2_eoh_omega2,250949.0,231681.1733913574
2967,HGS-TV,250179.0,231913.01753759384
2968,HGS-TV,250179.0,231975.18555378914
2969,HGS-TV,250179.0,232035.57829380035
2970,ails2_eoh_omega2,250948.0,232370.51439135743
2971,ails2_etaMax1.000_stoppingTime432000.00,250499.0,232462.34039135743
2972,ails2_etaMax1.000_stoppingTime1728000.00,253425.0,232466.61439135743
2973,ails2_etaMax1.000_stoppingTime432000.00,250498.0,232462.40139135742
2974,HGS-TV,250179.0,232790.7110376358
2975,HGS-TV,250179.0,232997.95310902596
2976,ails2_etaMax1.000_stoppingTime432000.00,250497.0,233093.9833913574
2977,ails2_etaMax1.000_stoppingTime432000.00,250486.0,233129.17139135743
2978,ails2_etaMax1.000_stoppingTime432000.00,250485.0,233226.88739135742
2979,ails2_etaMax1.000_stoppingTime432000.00,250482.0,233227.71639135742
2980,HGS-TV,250179.0,233640.37677288055
2981,HGS-TV,250179.0,233832.95439743996
2982,ails2_etaMax1.000_stoppingTime432000.00,250478.0,233861.87639135742
2983,ails2_etaMax1.000_stoppingTime432000.00,250455.0,233917.45039135742
2984,HGS-TV,250179.0,235144.90391659737
2985,ails2_eoh_omega2,250946.0,235806.86239135743
2986,ails2_etaMax1.000_stoppingTime432000.00,250454.0,235866.49239135743
2987,ails2_eoh_omega2,250945.0,235808.19739135742
2988,ails2_etaMax1.000_stoppingTime432000.00,250453.0,235868.4673913574
2989,HGS-TV,250179.0,238119.56834554672
2990,HGS-TV,250179.0,238283.78454947472
2991,HGS-TV,250179.0,241004.93889808655
2992,HGS-TV,250179.0,241100.8264746666
2993,ails2_etaMax0.010_stoppingTime432000.00,251169.0,241321.79139135743
2994,ails2_etaMax0.010_stoppingTime432000.00,251168.0,241324.9613913574
2995,HGS-TV,250179.0,242080.89622855186
2996,HGS-TV,250179.0,242141.71864700317
2997,HGS-TV,250179.0,242261.76577234268
2998,ails2_etaMax0.010_stoppingTime432000.00,251167.0,242677.06639135742
2999,HGS-TV,250179.0,242678.16632723808
3000,ails2_etaMax0.010_stoppingTime432000.00,251164.0,242696.1543913574
3001,ails2_eoh_omega2,250944.0,242767.75339135743
3002,ails2_eoh_omega2,250941.0,242791.5213913574
3003,HGS-TV,250179.0,243140.49234747887
3004,HGS-TV,250179.0,243304.3538916111
3005,HGS-TV,250179.0,243425.84940052032
3006,HGS-TV,250179.0,243808.5239675045
3007,HGS-TV,250179.0,243871.01079559326
3008,HGS-TV,250179.0,244267.45316648483
3009,HGS-TV,250179.0,244460.8028883934
3010,HGS-TV,250179.0,244808.96959733963
3011,ails2_etaMax1.000_stoppingTime864000.00,251954.0,245271.01139135743
3012,ails2_etaMax1.000_stoppingTime864000.00,251946.0,245271.17139135743
3013,ails2_etaMax1.000_stoppingTime432000.00,250451.0,245386.76639135744
3014,ails2_etaMax1.000_stoppingTime432000.00,250447.0,245400.89139135744
3015,HGS-TV,250179.0,245736.7085044384
3016,ails2_etaMax1.000_stoppingTime864000.00,251943.0,245928.94339135743
3017,ails2_etaMax1.000_stoppingTime864000.00,251845.0,245942.22839135744
3018,HGS-TV,250179.0,246281.154733181
3019,HGS-TV,250179.0,246341.4420952797
3020,HGS-TV,250179.0,246809.86240172386
3021,ails2_etaMax0.010_stoppingTime432000.00,251163.0,246972.57239135742
3022,ails2_etaMax0.010_stoppingTime432000.00,251161.0,246984.42739135743
3023,ails2_etaMax0.010_stoppingTime432000.00,251160.0,247084.12139135742
3024,ails2_etaMax0.010_stoppingTime432000.00,251158.0,247098.69639135743
3025,HGS-TV,250179.0,247437.80790758133
3026,ails2_etaMax1.000_stoppingTime432000.00,250446.0,247782.52339135742
3027,ails2_etaMax1.000_stoppingTime432000.00,250444.0,247783.02539135743
3028,HGS-TV,250179.0,248468.15051746368
3029,HGS-TV,250179.0,248984.33257508278
3030,HGS-TV,250179.0,249045.106672287
3031,ails2_etaMax1.000_stoppingTime432000.00,250443.0,250106.60739135742
3032,ails2_etaMax1.000_stoppingTime432000.00,250437.0,250107.4453913574
3033,HGS-TV,250179.0,250618.1157104969
3034,HGS-TV,250179.0,250768.38172483444
3035,HGS-TV,250179.0,250829.45477890968
3036,ails2_etaMax1.000_stoppingTime864000.00,251840.0,251243.59039135743
3037,ails2_etaMax1.000_stoppingTime864000.00,251838.0,251243.73839135742
3038,ails2_etaMax1.000_stoppingTime432000.00,250434.0,251433.4643913574
3039,ails2_etaMax1.000_stoppingTime432000.00,250428.0,251471.47939135742
3040,ails2_etaMax1.000_stoppingTime864000.00,251836.0,251616.80839135742
3041,ails2_etaMax1.000_stoppingTime864000.00,251826.0,251627.67439135743
3042,HGS-TV,250179.0,251766.01147532463
3043,ails2_etaMax1.000_stoppingTime432000.00,250427.0,252314.9423913574
3044,ails2_etaMax1.000_stoppingTime432000.00,250420.0,252316.39039135742
3045,HGS-TV,250179.0,252806.24645733833
3046,ails2_etaMax1.000_stoppingTime432000.00,250419.0,253054.78139135742
3047,ails2_etaMax1.000_stoppingTime1728000.00,253404.0,253165.4673913574
3048,ails2_etaMax1.000_stoppingTime1728000.00,253403.0,253165.48439135743
3049,ails2_etaMax1.000_stoppingTime864000.00,251820.0,253383.5133913574
3050,ails2_etaMax1.000_stoppingTime864000.00,251744.0,253393.04239135742
3051,ails2_etaMax1.000_stoppingTime432000.00,250416.0,255071.74639135742
3052,ails2_etaMax1.000_stoppingTime432000.00,250391.0,255097.77539135743
3053,HGS-TV,250179.0,256424.42264914513
3054,HGS-TV,250179.0,256810.3112757206
3055,ails2_etaMax1.000_stoppingTime1728000.00,253402.0,256871.65039135743
3056,HGS-TV,250179.0,256899.13270878792
3057,ails2_etaMax1.000_stoppingTime1728000.00,253399.0,256871.91439135742
3058,ails2_etaMax1.000_stoppingTime1728000.00,253395.0,257515.99539135743
3059,ails2_etaMax1.000_stoppingTime1728000.00,253353.0,257527.3963913574
3060,ails2_etaMax1.000_stoppingTime432000.00,250385.0,257659.19639135743
3061,ails2_etaMax1.000_stoppingTime432000.00,250348.0,257668.82939135743
3062,ails2_etaMax1.000_stoppingTime432000.00,250339.0,257770.73239135742
3063,ails2_etaMax1.000_stoppingTime432000.00,250332.0,257796.25339135743
3064,HGS-TV,250179.0,258605.86569929123
3065,HGS-TV,250179.0,260801.26480269432
3066,ails2_etaMax1.000_stoppingTime864000.00,251742.0,261155.38639135743
3067,ails2_etaMax1.000_stoppingTime864000.00,251706.0,261194.62139135742
3068,HGS-TV,250179.0,261241.15934300423
3069,ails2_etaMax1.000_stoppingTime864000.00,251688.0,261268.4183913574
3070,HGS-TV,250179.0,261801.2207891941
3071,ails2_etaMax1.000_stoppingTime1728000.00,253346.0,262979.8843913574
3072,ails2_etaMax1.000_stoppingTime1728000.00,253279.0,262980.9443913574
3073,HGS-TV,250179.0,263307.74011182785
3074,ails2_etaMax1.000_stoppingTime864000.00,251677.0,263484.26839135744
3075,ails2_etaMax1.000_stoppingTime864000.00,251648.0,263498.07339135744
3076,HGS-TV,250179.0,263924.3616428375
3077,HGS-TV,250179.0,265328.5539665222
3078,ails2_etaMax1.000_stoppingTime432000.00,250330.0,266324.4083913574
3079,ails2_etaMax1.000_stoppingTime432000.00,250309.0,266339.3463913574
3080,HGS-TV,250179.0,266485.6678917408
3081,ails2_etaMax1.000_stoppingTime432000.00,250307.0,267275.6343913574
3082,ails2_etaMax1.000_stoppingTime432000.00,250292.0,267290.55039135745
3083,ails2_etaMax1.000_stoppingTime432000.00,250290.0,268604.33839135745
3084,ails2_eoh_omega2,250940.0,268632.58339135745
3085,ails2_etaMax1.000_stoppingTime432000.00,250285.0,268642.6183913574
3086,ails2_etaMax1.000_stoppingTime432000.00,250281.0,268677.38239135745
3087,HGS-TV,250179.0,268818.36890268326
3088,ails2_eoh_omega2,250939.0,268915.7983913574
3089,ails2_eoh_omega2,250936.0,268924.93739135744
3090,ails2_etaMax1.000_stoppingTime432000.00,250280.0,269406.8053913574
3091,ails2_etaMax1.000_stoppingTime432000.00,250279.0,269515.7373913574
3092,ails2_etaMax1.000_stoppingTime432000.00,250276.0,269521.88739135745
3093,HGS-TV,250179.0,269640.5414853096
3094,ails2_etaMax1.000_stoppingTime1728000.00,253275.0,269695.9733913574
3095,HGS-TV,250179.0,270007.87678694725
3096,HGS-TV,250179.0,270068.2590572834
3097,ails2_eoh_omega2,250935.0,270188.7233913574
3098,ails2_eoh_omega2,250934.0,270395.2343913574
3099,ails2_eoh_omega2,250933.0,270424.56739135744
3100,ails2_etaMax1.000_stoppingTime1728000.00,253265.0,272221.43239135743
3101,ails2_etaMax1.000_stoppingTime1728000.00,253211.0,272223.39839135745
3102,ails2_etaMax1.000_stoppingTime432000.00,250274.0,273523.08839135745
3103,ails2_etaMax1.000_stoppingTime432000.00,250271.0,273523.1033913574
3104,HGS-TV,250179.0,273969.1060433388
3105,ails2_etaMax1.000_stoppingTime432000.00,250270.0,275005.27939135744
3106,ails2_etaMax1.000_stoppingTime432000.00,250264.0,275007.7223913574
3107,HGS-TV,250179.0,275142.67365145683
3108,HGS-TV,250179.0,275485.0933306217
3109,ails2_etaMax1.000_stoppingTime432000.00,250263.0,275628.73639135744
3110,ails2_etaMax1.000_stoppingTime432000.00,250253.0,275631.9563913574
3111,HGS-TV,250179.0,276961.60440182686
3112,HGS-TV,250179.0,278260.0185389519
3113,ails2_etaMax1.000_stoppingTime1728000.00,253204.0,278283.13239135745
3114,HGS-TV,250179.0,278432.0999677181
3115,ails2_etaMax1.000_stoppingTime864000.00,251627.0,278439.1143913574
3116,ails2_etaMax1.000_stoppingTime864000.00,251586.0,278446.3973913574
3117,ails2_etaMax1.000_stoppingTime864000.00,251569.0,278515.67639135744
3118,HGS-TV,250179.0,278711.48126482964
3119,HGS-TV,250179.0,279072.7740647793
3120,HGS-TV,250179.0,279163.9666917324
3121,HGS-TV,250179.0,279327.91903710365
3122,HGS-TV,250179.0,279812.6562371254
3123,ails2_etaMax1.000_stoppingTime1728000.00,253196.0,281933.93139135744
3124,ails2_etaMax1.000_stoppingTime1728000.00,253079.0,281937.2553913574
3125,HGS-TV,250179.0,282911.8036687374
3126,HGS-TV,250179.0,282972.8020479679
3127,HGS-TV,250179.0,285192.73743748665
3128,ails2_eoh_omega2,250932.0,285580.7923913574
3129,HGS-TV,250179.0,285788.21693992615
3130,ails2_etaMax1.000_stoppingTime864000.00,251549.0,286399.5703913574
3131,ails2_etaMax1.000_stoppingTime864000.00,251546.0,286400.29039135744
3132,HGS-TV,250179.0,288890.2645471096
3133,ails2_etaMax1.000_stoppingTime432000.00,250252.0,289058.23039135744
3134,ails2_etaMax1.000_stoppingTime432000.00,250235.0,289110.4083913574
3135,ails2_etaMax1.000_stoppingTime864000.00,251541.0,290421.4123913574
3136,ails2_etaMax1.000_stoppingTime864000.00,251537.0,290424.69339135743
3137,HGS-TV,250179.0,291196.21996736526
3138,HGS-TV,250179.0,292583.05215477943
3139,ails2_etaMax1.000_stoppingTime864000.00,251535.0,293021.7553913574
3140,ails2_etaMax1.000_stoppingTime864000.00,251485.0,293031.2163913574
3141,ails2_etaMax1.000_stoppingTime1728000.00,253068.0,293093.4033913574
3142,ails2_etaMax1.000_stoppingTime1728000.00,252991.0,293102.7333913574
3143,HGS-TV,250179.0,293339.515638113
3144,HGS-TV,250179.0,294265.40207338333
3145,ails2_etaMax1.000_stoppingTime864000.00,251482.0,294412.11639135744
3146,ails2_etaMax1.000_stoppingTime432000.00,250233.0,294517.92539135745
3147,ails2_etaMax1.000_stoppingTime432000.00,250216.0,294528.7663913574
3148,HGS-TV,250179.0,294660.21693587303
3149,ails2_etaMax1.000_stoppingTime432000.00,250214.0,295881.08839135745
3150,ails2_etaMax1.000_stoppingTime432000.00,250211.0,295882.0063913574
3151,ails2_etaMax1.000_stoppingTime432000.00,250210.0,296353.7443913574
3152,ails2_etaMax1.000_stoppingTime432000.00,250198.0,296396.98139135743
3153,ails2_eoh_omega2,250931.0,296847.4833913574
3154,ails2_eoh_omega2,250930.0,296879.4023913574
3155,HGS-TV,250179.0,297590.04701280594
3156,HGS-TV,250179.0,298185.8350429535
3157,ails2_etaMax1.000_stoppingTime432000.00,250196.0,298239.7513913574
3158,ails2_etaMax1.000_stoppingTime432000.00,250188.0,298299.3633913574
3159,ails2_etaMax1.000_stoppingTime432000.00,250185.0,298301.38839135744
3160,HGS-TV,250179.0,299020.9566192627
3161,HGS-TV,250179.0,300206.75025749207
3162,ails2_etaMax1.000_stoppingTime864000.00,251480.0,300834.75239135744
3163,ails2_etaMax1.000_stoppingTime864000.00,251473.0,301111.1563913574
3164,ails2_etaMax1.000_stoppingTime864000.00,251427.0,301131.4673913574
3165,ails2_etaMax1.000_stoppingTime864000.00,251338.0,301214.2453913574
3166,HGS-TV,250179.0,301259.2833454609
3167,HGS-TV,250179.0,301660.74427342415
3168,HGS-TV,250179.0,302059.3004813194
3169,HGS-TV,250179.0,304219.83999586105
3170,HGS-TV,250179.0,304865.86491060257
3171,HGS-TV,250179.0,305422.49224352837
3172,ails2_etaMax1.000_stoppingTime432000.00,250184.0,305942.3703913574
3173,ails2_etaMax1.000_stoppingTime432000.00,250182.0,305969.11139135744
3174,HGS-TV,250179.0,307029.6395277977
3175,ails2_etaMax1.000_stoppingTime432000.00,250179.0,307782.43739135744
3176,ails2_etaMax1.000_stoppingTime432000.00,250177.0,307785.36739135743
3177,ails2_eoh_omega2,250929.0,307885.5743913574
3178,HGS-TV,250179.0,308541.5625870228
3179,HGS-TV,250179.0,308649.0887479782
3180,ails2_etaMax1.000_stoppingTime864000.00,251330.0,308797.64439135743
3181,ails2_etaMax1.000_stoppingTime864000.00,251265.0,308807.3273913574
3182,HGS-TV,250179.0,309581.0381472111
3183,ails2_etaMax1.000_stoppingTime432000.00,250175.0,309701.83339135745
3184,ails2_etaMax1.000_stoppingTime432000.00,250173.0,310278.1953913574
3185,ails2_etaMax1.000_stoppingTime432000.00,250172.0,310278.39439135743
3186,ails2_etaMax1.000_stoppingTime864000.00,251264.0,311292.9143913574
3187,ails2_etaMax1.000_stoppingTime864000.00,251244.0,311293.5873913574
3188,HGS-TV,250161.0,311374.1726255417
3189,ails2_etaMax1.000_stoppingTime1728000.00,252978.0,311779.7703913574
3190,ails2_etaMax1.000_stoppingTime1728000.00,252939.0,311785.1263913574
3191,HGS-TV,250160.0,312610.0252356529
3192,HGS-TV,250159.0,312670.59589743614
3193,ails2_etaMax1.000_stoppingTime432000.00,250169.0,312674.9403913574
3194,HGS-TV,250158.0,312777.59580278397
3195,HGS-TV,250157.0,312837.7903239727
3196,filo2,250156.0,313330.30085778236
3197,HGS-TV,250156.0,313448.91095519066
3198,HGS-TV,250155.0,313647.31012940407
3199,HGS-TV,250154.0,313740.92043733597
3200,ails2_etaMax1.000_stoppingTime432000.00,250168.0,313819.95439135743
3201,HGS-TV,250153.0,313870.5218498707
3202,ails2_etaMax1.000_stoppingTime432000.00,250153.0,313857.9443913574
3203,HGS-TV,250152.0,313975.35153126717
3204,HGS-TV,250151.0,314035.81137013435
3205,HGS-TV,250150.0,314107.26218414307
3206,HGS-TV,250149.0,314180.99206614494
3207,HGS-TV,250148.0,314242.0033349991
3208,HGS-TV,250147.0,314302.49814367294
3209,ails2_etaMax1.000_stoppingTime432000.00,250152.0,314373.16039135744
3210,ails2_etaMax1.000_stoppingTime432000.00,250147.0,314388.5643913574
3211,HGS-TV,250146.0,314496.0033967495
3212,HGS-TV,250145.0,314738.41422343254
3213,HGS-TV,250144.0,314922.08621430397
3214,HGS-TV,250143.0,315082.23110079765
3215,HGS-TV,250142.0,315263.6530594826
3216,HGS-TV,250141.0,315595.4944412708
3217,HGS-TV,250140.0,315824.3314650059
3218,HGS-TV,250139.0,316021.91255927086
3219,HGS-TV,250137.0,317164.32686042786
3220,ails2_etaMax1.000_stoppingTime432000.00,250146.0,317881.5603913574
3221,ails2_etaMax1.000_stoppingTime432000.00,250145.0,317884.3323913574
3222,HGS-TV,250135.0,318274.1507205963
3223,ails2_etaMax1.000_stoppingTime432000.00,250144.0,318306.2263913574
3224,ails2_etaMax1.000_stoppingTime432000.00,250143.0,318306.9083913574
3225,ails2_etaMax1.000_stoppingTime432000.00,250142.0,319297.8903913574
3226,HGS-TV,250134.0,319309.5032672882
3227,ails2_etaMax1.000_stoppingTime432000.00,250140.0,319300.5143913574
3228,HGS-TV,250133.0,319806.7552931309
3229,ails2_etaMax1.000_stoppingTime864000.00,251239.0,319879.8193913574
3230,ails2_etaMax1.000_stoppingTime432000.00,250139.0,319939.7403913574
3231,ails2_etaMax1.000_stoppingTime864000.00,251225.0,319884.6253913574
3232,ails2_etaMax1.000_stoppingTime432000.00,250133.0,319941.9493913574
3233,ails2_etaMax1.000_stoppingTime864000.00,251222.0,319952.16539135744
3234,ails2_etaMax1.000_stoppingTime864000.00,251209.0,320038.53439135745
3235,HGS-TV,250132.0,322862.8485863209
3236,ails2_etaMax1.000_stoppingTime432000.00,250131.0,323646.95439135743
3237,ails2_etaMax0.010_stoppingTime432000.00,251157.0,325526.41039135744
3238,ails2_etaMax0.010_stoppingTime432000.00,251156.0,325555.17539135745
3239,HGS-TV,250127.0,326332.6710178852
3240,ails2_etaMax1.000_stoppingTime432000.00,250129.0,326345.80139135744
3241,ails2_eoh_omega2,250928.0,326365.3903913574
3242,ails2_etaMax1.000_stoppingTime432000.00,250124.0,326358.7603913574
3243,ails2_eoh_omega2,250927.0,327038.5223913574
3244,ails2_eoh_omega2,250925.0,327042.3703913574
3245,ails2_etaMax1.000_stoppingTime864000.00,251205.0,327282.05139135744
3246,ails2_etaMax1.000_stoppingTime864000.00,251194.0,327282.6723913574
3247,ails2_etaMax1.000_stoppingTime1728000.00,252937.0,328250.8143913574
3248,ails2_etaMax1.000_stoppingTime864000.00,251188.0,328455.26939135743
3249,ails2_etaMax1.000_stoppingTime864000.00,251186.0,328455.28439135745
3250,ails2_eoh_omega2,250924.0,329019.1243913574
3251,ails2_eoh_omega2,250923.0,329019.3313913574
3252,HGS-TV,250120.0,330907.4918909073
3253,HGS-TV,250111.0,331760.3158147335
3254,ails2_etaMax1.000_stoppingTime864000.00,251184.0,332366.0313913574
3255,ails2_etaMax1.000_stoppingTime864000.00,251138.0,332370.58939135744
3256,ails2_etaMax1.000_stoppingTime864000.00,251111.0,332448.1953913574
3257,HGS-TV,250110.0,334308.686835289
3258,HGS-TV,250109.0,334562.6566109657
3259,HGS-TV,250108.0,335346.83652853966
3260,ails2_etaMax0.010_stoppingTime432000.00,251155.0,335908.39939135744
3261,ails2_etaMax0.010_stoppingTime432000.00,251154.0,335911.5493913574
3262,HGS-TV,250106.0,336038.5286347866
3263,HGS-TV,250105.0,336204.4587395191
3264,HGS-TV,250104.0,336471.58197665215
3265,HGS-TV,250102.0,336532.1944565773
3266,ails2_etaMax1.000_stoppingTime1728000.00,252921.0,336668.0583913574
3267,ails2_etaMax1.000_stoppingTime1728000.00,252891.0,336668.29039135744
3268,HGS-TV,250101.0,337338.1406338215
3269,HGS-TV,250100.0,338280.4001066685
3270,HGS-TV,250099.0,338575.85348153114
3271,HGS-TV,250098.0,338705.8926644325
3272,HGS-TV,250097.0,339291.21370506287
3273,ails2_etaMax1.000_stoppingTime432000.00,250123.0,339889.31239135744
3274,ails2_etaMax1.000_stoppingTime432000.00,250117.0,339947.6353913574
3275,ails2_etaMax1.000_stoppingTime432000.00,250115.0,339954.05139135744
3276,ails2_etaMax1.000_stoppingTime432000.00,250114.0,340237.8193913574
3277,ails2_etaMax1.000_stoppingTime432000.00,250113.0,340239.56239135744
3278,ails2_etaMax1.000_stoppingTime864000.00,251108.0,342357.73039135744
3279,ails2_etaMax1.000_stoppingTime864000.00,251106.0,342358.15939135745
3280,HGS-TV,250096.0,342991.16535258293
3281,HGS-TV,250095.0,343402.3951227665
3282,HGS-TV,250094.0,343705.88479590416
3283,ails2_etaMax1.000_stoppingTime432000.00,250112.0,344100.64439135743
3284,ails2_etaMax1.000_stoppingTime432000.00,250111.0,345193.9343913574
3285,ails2_etaMax0.010_stoppingTime432000.00,251153.0,346052.21339135745
3286,HGS-TV,250093.0,346305.9886546135
3287,ails2_eoh_omega2,250922.0,346602.2163913574
3288,ails2_etaMax1.000_stoppingTime432000.00,250109.0,347977.9243913574
3289,ails2_etaMax1.000_stoppingTime432000.00,250106.0,347995.7973913574
3290,ails2_etaMax1.000_stoppingTime864000.00,251101.0,348898.44839135744
3291,ails2_etaMax1.000_stoppingTime864000.00,251095.0,348899.26839135744
3292,ails2_etaMax1.000_stoppingTime864000.00,251091.0,349352.72539135744
3293,ails2_etaMax1.000_stoppingTime864000.00,251081.0,349353.05139135744
3294,ails2_etaMax1.000_stoppingTime1728000.00,252880.0,349680.6793913574
3295,ails2_etaMax1.000_stoppingTime1728000.00,252833.0,349685.6243913574
3296,ails2_etaMax1.000_stoppingTime1728000.00,252683.0,349752.7023913574
3297,ails2_etaMax0.010_stoppingTime432000.00,251152.0,353486.4953913574
3298,ails2_etaMax1.000_stoppingTime432000.00,250105.0,354100.35539135744
3299,ails2_etaMax1.000_stoppingTime432000.00,250104.0,354100.6253913574
3300,ails2_etaMax1.000_stoppingTime864000.00,251080.0,354916.3303913574
3301,ails2_etaMax1.000_stoppingTime864000.00,250993.0,354959.49739135744
3302,ails2_etaMax1.000_stoppingTime432000.00,250103.0,355001.98039135744
3303,ails2_etaMax1.000_stoppingTime864000.00,250977.0,354986.8133913574
3304,ails2_etaMax1.000_stoppingTime432000.00,250099.0,355006.7983913574
3305,ails2_etaMax0.010_stoppingTime432000.00,251151.0,359363.0363913574
3306,HGS-TV,250092.0,361393.5154492855
3307,ails2_etaMax1.000_stoppingTime864000.00,250976.0,364766.5873913574
3308,ails2_etaMax0.010_stoppingTime432000.00,251150.0,366455.7383913574
3309,ails2_etaMax0.010_stoppingTime432000.00,251149.0,366458.37239135744
3310,ails2_eoh_omega2,250921.0,367103.6633913574
3311,ails2_etaMax1.000_stoppingTime432000.00,250098.0,367526.0753913574
3312,ails2_etaMax1.000_stoppingTime432000.00,250097.0,367574.31739135744
3313,HGS-TV,250091.0,368832.18728899956
3314,ails2_etaMax0.010_stoppingTime432000.00,251148.0,370408.34539135743
3315,ails2_etaMax0.010_stoppingTime432000.00,251146.0,370429.5053913574
3316,ails2_etaMax0.010_stoppingTime432000.00,251145.0,371514.16639135743
3317,ails2_etaMax0.010_stoppingTime432000.00,251144.0,371724.4943913574
3318,ails2_etaMax0.010_stoppingTime432000.00,251143.0,371745.2273913574
3319,ails2_etaMax1.000_stoppingTime432000.00,250095.0,371786.9453913574
3320,ails2_etaMax0.010_stoppingTime432000.00,251142.0,371789.4713913574
3321,ails2_etaMax0.010_stoppingTime432000.00,251141.0,372534.1613913574
3322,ails2_etaMax0.010_stoppingTime432000.00,251140.0,372539.1463913574
3323,ails2_etaMax1.000_stoppingTime864000.00,250973.0,372616.0633913574
3324,ails2_etaMax1.000_stoppingTime864000.00,250927.0,372633.48039135744
3325,ails2_etaMax1.000_stoppingTime432000.00,250094.0,373462.4123913574
3326,ails2_etaMax1.000_stoppingTime864000.00,250919.0,374094.6293913574
3327,ails2_etaMax1.000_stoppingTime864000.00,250873.0,374106.72439135745
3328,ails2_etaMax1.000_stoppingTime864000.00,250865.0,374257.6843913574
3329,ails2_etaMax1.000_stoppingTime864000.00,250846.0,374258.71539135743
3330,ails2_etaMax1.000_stoppingTime432000.00,250093.0,374342.9183913574
3331,ails2_etaMax1.000_stoppingTime1728000.00,252681.0,374845.54139135743
3332,ails2_etaMax1.000_stoppingTime1728000.00,252647.0,374845.6013913574
3333,ails2_eoh_omega2,250920.0,375420.85539135744
3334,ails2_eoh_omega2,250919.0,375422.0143913574
3335,ails2_etaMax0.010_stoppingTime432000.00,251139.0,375834.9393913574
3336,ails2_etaMax0.010_stoppingTime432000.00,251138.0,375837.86739135743
3337,ails2_etaMax0.010_stoppingTime432000.00,251137.0,376307.4603913574
3338,ails2_etaMax0.010_stoppingTime432000.00,251136.0,376309.5763913574
3339,ails2_etaMax1.000_stoppingTime864000.00,250844.0,376483.1853913574
3340,ails2_etaMax1.000_stoppingTime864000.00,250841.0,376809.9233913574
3341,ails2_etaMax1.000_stoppingTime1728000.00,252637.0,378173.3593913574
3342,ails2_etaMax1.000_stoppingTime1728000.00,252630.0,378174.00839135743
3343,ails2_etaMax0.010_stoppingTime432000.00,251135.0,378737.95839135745
3344,ails2_etaMax0.010_stoppingTime432000.00,251134.0,378738.4993913574
3345,ails2_etaMax0.010_stoppingTime432000.00,251133.0,379048.0763913574
3346,ails2_etaMax0.010_stoppingTime432000.00,251129.0,379059.7703913574
3347,ails2_etaMax0.010_stoppingTime432000.00,251128.0,379251.22039135743
3348,ails2_etaMax0.010_stoppingTime432000.00,251127.0,379492.1773913574
3349,HGS-TV,250090.0,379541.22726225853
3350,ails2_etaMax0.010_stoppingTime432000.00,251124.0,379497.51239135745
3351,ails2_etaMax1.000_stoppingTime864000.00,250838.0,380383.1573913574
3352,ails2_etaMax1.000_stoppingTime864000.00,250822.0,380388.5693913574
3353,ails2_etaMax1.000_stoppingTime432000.00,250092.0,380618.9523913574
3354,ails2_etaMax1.000_stoppingTime432000.00,250091.0,380664.58839135745
3355,ails2_etaMax1.000_stoppingTime864000.00,250810.0,380778.6123913574
3356,ails2_etaMax1.000_stoppingTime864000.00,250783.0,380782.09039135743
3357,ails2_etaMax1.000_stoppingTime432000.00,250090.0,381107.6453913574
3358,ails2_etaMax1.000_stoppingTime1728000.00,252611.0,381549.0053913574
3359,ails2_etaMax1.000_stoppingTime1728000.00,252601.0,382423.55739135743
3360,ails2_etaMax1.000_stoppingTime1728000.00,252573.0,382423.9343913574
3361,ails2_etaMax1.000_stoppingTime432000.00,250089.0,382810.0533913574
3362,ails2_etaMax1.000_stoppingTime432000.00,250088.0,382879.4893913574
3363,ails2_etaMax1.000_stoppingTime432000.00,250087.0,382888.0763913574
3364,HGS-TV,250088.0,383505.8630833626
3365,HGS-TV,250087.0,383756.8872640133
3366,ails2_etaMax1.000_stoppingTime432000.00,250086.0,384783.9523913574
3367,ails2_etaMax0.010_stoppingTime432000.00,251123.0,385404.4933913574
3368,ails2_etaMax0.010_stoppingTime432000.00,251122.0,385404.6883913574
3369,ails2_etaMax1.000_stoppingTime432000.00,250085.0,388176.35039135744
3370,ails2_etaMax1.000_stoppingTime432000.00,250083.0,388179.14339135744
3371,ails2_etaMax1.000_stoppingTime432000.00,250082.0,390239.2723913574
3372,ails2_etaMax1.000_stoppingTime432000.00,250081.0,390242.44339135743
3373,ails2_etaMax1.000_stoppingTime864000.00,250779.0,391012.7373913574
3374,ails2_etaMax1.000_stoppingTime864000.00,250747.0,391036.3573913574
3375,ails2_etaMax1.000_stoppingTime864000.00,250740.0,391266.8513913574
3376,ails2_etaMax1.000_stoppingTime864000.00,250718.0,391283.0643913574
3377,ails2_etaMax0.010_stoppingTime432000.00,251121.0,392331.35639135743
3378,ails2_etaMax0.010_stoppingTime432000.00,251120.0,392335.1693913574
3379,ails2_etaMax0.010_stoppingTime432000.00,251119.0,392443.87139135745
3380,HGS-TV,250077.0,393462.0330736637
3381,ails2_etaMax1.000_stoppingTime432000.00,250080.0,398887.32339135744
3382,ails2_etaMax1.000_stoppingTime1728000.00,252561.0,398919.8693913574
3383,ails2_etaMax1.000_stoppingTime1728000.00,252554.0,398920.2263913574
3384,ails2_etaMax1.000_stoppingTime1728000.00,252545.0,400633.98639135744
3385,ails2_etaMax1.000_stoppingTime1728000.00,252458.0,400683.4723913574
3386,ails2_etaMax1.000_stoppingTime1728000.00,252456.0,402067.17139135743
3387,ails2_etaMax1.000_stoppingTime1728000.00,252427.0,402068.6463913574
3388,HGS-TV,250076.0,402299.55585098267
3389,ails2_etaMax0.010_stoppingTime432000.00,251118.0,406092.4353913574
3390,ails2_etaMax0.010_stoppingTime432000.00,251117.0,406094.7343913574
3391,ails2_etaMax1.000_stoppingTime1728000.00,252424.0,408298.9883913574
3392,ails2_etaMax1.000_stoppingTime1728000.00,252422.0,408299.0043913574
3393,ails2_etaMax0.010_stoppingTime432000.00,251116.0,410192.0043913574
3394,ails2_etaMax1.000_stoppingTime864000.00,250714.0,411278.16039135744
3395,ails2_etaMax1.000_stoppingTime864000.00,250711.0,411422.9573913574
3396,ails2_etaMax1.000_stoppingTime864000.00,250706.0,411423.0423913574
3397,ails2_eoh_omega2,250918.0,411778.0143913574
3398,ails2_etaMax1.000_stoppingTime1728000.00,252419.0,418220.1313913574
3399,ails2_etaMax1.000_stoppingTime1728000.00,252414.0,418220.3703913574
3400,HGS-TV,250076.0,420210.627212286
3401,HGS-TV,250076.0,420270.8413040638
3402,HGS-TV,250076.0,420376.2775979042
3403,HGS-TV,250076.0,420438.28107500076
3404,HGS-TV,250076.0,420500.797693491
3405,HGS-TV,250076.0,420619.7048242092
3406,HGS-TV,250076.0,420679.9986820221
3407,HGS-TV,250076.0,420854.9042143822
3408,HGS-TV,250076.0,421129.17753601074
3409,HGS-TV,250076.0,421230.4165017605
3410,HGS-TV,250076.0,421367.83436751366
3411,HGS-TV,250076.0,421493.8621339798
3412,HGS-TV,250076.0,421646.98346066475
3413,HGS-TV,250076.0,421708.2233376503
3414,HGS-TV,250076.0,421890.8384280205
3415,ails2_etaMax1.000_stoppingTime1728000.00,252408.0,421918.8533913574
3416,ails2_etaMax1.000_stoppingTime1728000.00,252379.0,421921.9333913574
3417,HGS-TV,250076.0,422061.17700242996
3418,HGS-TV,250076.0,422126.3024494648
3419,HGS-TV,250076.0,422214.70271611214
3420,HGS-TV,250076.0,422626.65139865875
3421,HGS-TV,250076.0,422688.2875647545
3422,HGS-TV,250076.0,422783.9018435478
3423,HGS-TV,250076.0,423052.72387337685
3424,ails2_eoh_omega2,250917.0,423088.95339135744
3425,HGS-TV,250076.0,423114.4494256973
3426,HGS-TV,250076.0,423175.7884469032
3427,HGS-TV,250076.0,423350.91744065285
3428,HGS-TV,250076.0,423411.08304739
3429,HGS-TV,250076.0,423695.40985012054
3430,HGS-TV,250076.0,424249.7299544811
3431,HGS-TV,250076.0,424309.85797715187
3432,HGS-TV,250076.0,424941.36209344864
3433,HGS-TV,250076.0,425526.03842163086
3434,HGS-TV,250076.0,425641.48129463196
3435,HGS-TV,250076.0,425716.58644557
3436,HGS-TV,250076.0,426632.8657617569
3437,HGS-TV,250076.0,427787.9304306507
3438,HGS-TV,250076.0,427920.63767290115
3439,HGS-TV,250076.0,428053.08656930923
3440,HGS-TV,250076.0,428478.3390009403
3441,HGS-TV,250076.0,428772.4482970238
3442,HGS-TV,250076.0,429251.1286101341
3443,ails2_etaMax1.000_stoppingTime1728000.00,252378.0,429691.73539135745
3444,ails2_etaMax1.000_stoppingTime1728000.00,252372.0,429692.04139135743
3445,HGS-TV,250076.0,429829.19207143784
3446,HGS-TV,250076.0,430028.84403681755
3447,ails2_etaMax1.000_stoppingTime864000.00,250696.0,430434.50239135744
3448,ails2_etaMax1.000_stoppingTime864000.00,250676.0,430446.6313913574
3449,HGS-TV,250076.0,430857.61275076866
3450,HGS-TV,250076.0,431107.8267464638
3451,ails2_etaMax1.000_stoppingTime864000.00,250673.0,431128.4283913574
3452,ails2_etaMax1.000_stoppingTime864000.00,250664.0,431130.84439135744
3453,ails2_etaMax1.000_stoppingTime864000.00,250640.0,431199.37139135745
3454,HGS-TV,250076.0,431876.0551896095
3455,ails2_etaMax1.000_stoppingTime1728000.00,252371.0,433103.3813913574
3456,ails2_etaMax1.000_stoppingTime1728000.00,252327.0,433103.50339135743
3457,HGS-TV,250076.0,434340.77199196815
3458,HGS-TV,250076.0,434451.34226727486
3459,ails2_etaMax1.000_stoppingTime864000.00,250635.0,434524.7383913574
3460,HGS-TV,250076.0,434988.66121196747
3461,HGS-TV,250076.0,435073.6092915535
3462,HGS-TV,250076.0,435228.92918920517
3463,HGS-TV,250076.0,435642.99534249306
3464,HGS-TV,250076.0,435952.3480169773
3465,ails2_etaMax1.000_stoppingTime864000.00,250634.0,436095.8023913574
3466,HGS-TV,250076.0,436136.1574790478
3467,ails2_etaMax1.000_stoppingTime864000.00,250611.0,436142.64939135744
3468,HGS-TV,250076.0,436405.463316679
3469,HGS-TV,250076.0,436691.59355306625
3470,HGS-TV,250076.0,436752.7268977165
3471,HGS-TV,250076.0,437037.0639772415
3472,HGS-TV,250076.0,438713.3868279457
3473,HGS-TV,250076.0,439152.9473555088
3474,HGS-TV,250076.0,439214.4857919216
3475,HGS-TV,250076.0,439669.6464779377
3476,HGS-TV,250076.0,439730.6351082325
3477,HGS-TV,250076.0,439967.4000580311
3478,ails2_etaMax1.000_stoppingTime1728000.00,252326.0,440101.6563913574
3479,ails2_etaMax1.000_stoppingTime1728000.00,252265.0,440120.81839135743
3480,HGS-TV,250076.0,440574.43399357796
3481,HGS-TV,250076.0,442174.6068673134
3482,HGS-TV,250076.0,443245.64288043976
3483,HGS-TV,250076.0,443733.929053545
3484,HGS-TV,250076.0,443795.15210962296
3485,HGS-TV,250076.0,443962.9732699394
3486,ails2_etaMax1.000_stoppingTime864000.00,250609.0,444641.65539135743
3487,ails2_etaMax1.000_stoppingTime864000.00,250608.0,444941.3703913574
3488,HGS-TV,250076.0,444966.67273950577
3489,ails2_etaMax1.000_stoppingTime864000.00,250607.0,444941.54639135743
3490,ails2_etaMax1.000_stoppingTime864000.00,250604.0,445459.1073913574
3491,ails2_etaMax1.000_stoppingTime864000.00,250592.0,445460.40939135745
3492,HGS-TV,250076.0,445602.9832687378
3493,HGS-TV,250076.0,446422.67912244797
3494,HGS-TV,250076.0,446740.99135160446
3495,ails2_etaMax1.000_stoppingTime864000.00,250591.0,446909.12239135744
3496,ails2_etaMax1.000_stoppingTime864000.00,250583.0,446911.67539135745
3497,HGS-TV,250076.0,447030.23616218567
3498,HGS-TV,250076.0,447090.8497347832
3499,ails2_etaMax1.000_stoppingTime1728000.00,252263.0,447186.8253913574
3500,ails2_etaMax1.000_stoppingTime1728000.00,252150.0,447195.3193913574
3501,ails2_etaMax1.000_stoppingTime864000.00,250578.0,447566.32839135744
3502,ails2_etaMax1.000_stoppingTime864000.00,250567.0,447592.5663913574
3503,HGS-TV,250076.0,448074.02546977997
3504,HGS-TV,250076.0,448669.11304187775
3505,ails2_etaMax1.000_stoppingTime864000.00,250566.0,448934.5373913574
3506,ails2_etaMax1.000_stoppingTime864000.00,250565.0,448934.6423913574
3507,HGS-TV,250076.0,449757.68920969963
3508,HGS-TV,250076.0,450213.83735752106
3509,ails2_etaMax1.000_stoppingTime864000.00,250564.0,451239.9493913574
3510,HGS-TV,250076.0,451279.53221416473
3511,ails2_etaMax1.000_stoppingTime864000.00,250530.0,451244.13239135745
3512,HGS-TV,250076.0,451754.3667087555
3513,HGS-TV,250076.0,451815.2280652523
3514,HGS-TV,250076.0,452215.45601058006
3515,ails2_etaMax1.000_stoppingTime864000.00,250529.0,452274.2823913574
3516,ails2_etaMax1.000_stoppingTime864000.00,250526.0,452275.6073913574
3517,ails2_etaMax1.000_stoppingTime864000.00,250525.0,452397.25739135745
3518,ails2_etaMax1.000_stoppingTime864000.00,250511.0,452398.12739135744
3519,ails2_etaMax1.000_stoppingTime864000.00,250507.0,452582.1093913574
3520,ails2_etaMax1.000_stoppingTime864000.00,250502.0,452582.7563913574
3521,HGS-TV,250076.0,453028.77569556236
3522,HGS-TV,250076.0,453152.9985382557
3523,HGS-TV,250076.0,454310.1342611313
3524,HGS-TV,250076.0,454439.2170639038
3525,HGS-TV,250076.0,455841.3426697254
3526,HGS-TV,250076.0,456792.21356129646
3527,HGS-TV,250076.0,457501.67377734184
3528,HGS-TV,250076.0,457798.7982764244
3529,ails2_etaMax1.000_stoppingTime864000.00,250496.0,458551.84539135743
3530,ails2_etaMax1.000_stoppingTime864000.00,250494.0,458594.7983913574
3531,HGS-TV,250076.0,458954.7980327606
3532,HGS-TV,250076.0,459148.02665925026
3533,HGS-TV,250076.0,459244.29346585274
3534,ails2_etaMax1.000_stoppingTime1728000.00,252145.0,459383.46939135744
3535,ails2_etaMax1.000_stoppingTime864000.00,250493.0,459485.2053913574
3536,ails2_etaMax1.000_stoppingTime864000.00,250492.0,459486.41539135744
3537,ails2_etaMax1.000_stoppingTime864000.00,250484.0,459595.45839135745
3538,ails2_etaMax1.000_stoppingTime864000.00,250480.0,460109.4283913574
3539,ails2_etaMax1.000_stoppingTime864000.00,250474.0,460141.34439135744
3540,ails2_etaMax1.000_stoppingTime864000.00,250472.0,460235.3893913574
3541,ails2_etaMax1.000_stoppingTime864000.00,250447.0,460277.2063913574
3542,ails2_etaMax1.000_stoppingTime864000.00,250420.0,460354.7863913574
3543,HGS-TV,250076.0,460373.7972416878
3544,ails2_etaMax1.000_stoppingTime864000.00,250395.0,460400.9513913574
3545,HGS-TV,250076.0,460498.79566287994
3546,HGS-TV,250076.0,460559.13036870956
3547,HGS-TV,250076.0,461019.87826037407
3548,HGS-TV,250076.0,461122.1622517109
3549,HGS-TV,250076.0,461182.16772317886
3550,ails2_etaMax1.000_stoppingTime1728000.00,252142.0,461985.55739135743
3551,ails2_etaMax1.000_stoppingTime1728000.00,252099.0,462009.6583913574
3552,HGS-TV,250076.0,462355.7146515846
3553,HGS-TV,250076.0,462771.0985739231
3554,HGS-TV,250076.0,462831.3467657566
3555,HGS-TV,250076.0,464469.6183872223
3556,HGS-TV,250076.0,465174.91556191444
3557,ails2_etaMax1.000_stoppingTime864000.00,250393.0,465582.7603913574
3558,HGS-TV,250076.0,466321.00797224045
3559,HGS-TV,250076.0,466540.82328748703
3560,HGS-TV,250076.0,466844.96467256546
3561,HGS-TV,250076.0,467798.9698255062
3562,HGS-TV,250076.0,468237.5793366432
3563,HGS-TV,250076.0,468369.8251411915
3564,ails2_etaMax1.000_stoppingTime1728000.00,252098.0,469277.6193913574
3565,ails2_etaMax1.000_stoppingTime1728000.00,252088.0,469277.7063913574
3566,ails2_etaMax1.000_stoppingTime864000.00,250392.0,470169.08839135745
3567,ails2_etaMax1.000_stoppingTime864000.00,250382.0,470172.53539135744
3568,ails2_etaMax1.000_stoppingTime864000.00,250380.0,470589.10539135744
3569,HGS-TV,250076.0,470729.97356176376
3570,ails2_etaMax1.000_stoppingTime1728000.00,252083.0,470822.46339135745
3571,ails2_etaMax1.000_stoppingTime1728000.00,252072.0,470822.4983913574
3572,HGS-TV,250076.0,470915.99350619316
3573,HGS-TV,250076.0,471670.29177236557
3574,HGS-TV,250076.0,471856.12105083466
3575,HGS-TV,250076.0,471938.43900060654
3576,HGS-TV,250076.0,472601.1994526386
3577,HGS-TV,250076.0,472805.4349665642
3578,HGS-TV,250076.0,472959.1240749359
3579,HGS-TV,250076.0,473630.260931015
3580,ails2_etaMax1.000_stoppingTime1728000.00,252048.0,477930.78039135743
3581,ails2_etaMax1.000_stoppingTime1728000.00,252010.0,477947.5263913574
3582,ails2_etaMax1.000_stoppingTime864000.00,250378.0,478720.3033913574
3583,ails2_etaMax1.000_stoppingTime864000.00,250377.0,478954.2493913574
3584,ails2_etaMax1.000_stoppingTime864000.00,250371.0,479008.73539135745
3585,HGS-TV,250076.0,479049.7667117119
3586,ails2_etaMax1.000_stoppingTime864000.00,250368.0,479514.4033913574
3587,ails2_etaMax1.000_stoppingTime864000.00,250350.0,479526.19339135743
3588,HGS-TV,250076.0,479585.9201796055
3589,HGS-TV,250076.0,481375.71019411087
3590,ails2_etaMax1.000_stoppingTime1728000.00,252005.0,482284.7233913574
3591,ails2_etaMax1.000_stoppingTime1728000.00,251964.0,482298.5063913574
3592,HGS-TV,250076.0,482428.2791774273
3593,HGS-TV,250076.0,482840.7168765068
3594,ails2_etaMax1.000_stoppingTime864000.00,250348.0,483430.74239135743
3595,ails2_etaMax1.000_stoppingTime864000.00,250332.0,483432.06839135743
3596,HGS-TV,250076.0,483533.5589957237
3597,HGS-TV,250076.0,484287.6988544464
3598,ails2_etaMax1.000_stoppingTime864000.00,250331.0,485715.55039135745
3599,ails2_etaMax1.000_stoppingTime864000.00,250328.0,485859.6313913574
3600,ails2_etaMax1.000_stoppingTime864000.00,250326.0,485859.69339135743
3601,HGS-TV,250076.0,485971.3141233921
3602,ails2_etaMax1.000_stoppingTime864000.00,250324.0,487414.6683913574
3603,HGS-TV,250076.0,487458.38128471375
3604,ails2_etaMax1.000_stoppingTime864000.00,250308.0,487419.07339135744
3605,HGS-TV,250076.0,488181.0201332569
3606,ails2_etaMax1.000_stoppingTime864000.00,250303.0,488809.60039135744
3607,ails2_etaMax1.000_stoppingTime864000.00,250298.0,488809.63239135745
3608,HGS-TV,250076.0,489394.82436037064
3609,HGS-TV,250076.0,490501.5385913849
3610,HGS-TV,250076.0,491383.07587981224
3611,ails2_etaMax1.000_stoppingTime1728000.00,251963.0,491707.38239135745
3612,ails2_etaMax1.000_stoppingTime1728000.00,251922.0,491709.2553913574
3613,HGS-TV,250076.0,491989.1806321144
3614,HGS-TV,250076.0,492167.8825228214
3615,HGS-TV,250076.0,493137.3093035221
3616,ails2_etaMax1.000_stoppingTime864000.00,250295.0,494144.2983913574
3617,ails2_etaMax1.000_stoppingTime864000.00,250278.0,494163.2263913574
3618,ails2_etaMax1.000_stoppingTime864000.00,250273.0,494217.85639135743
3619,HGS-TV,250076.0,494752.330684185
3620,HGS-TV,250076.0,495438.35055208206
3621,HGS-TV,250076.0,495612.50999999046
3622,HGS-TV,250076.0,496203.33548879623
3623,HGS-TV,250076.0,496296.719165802
3624,HGS-TV,250076.0,496356.8462498188
3625,HGS-TV,250076.0,496417.47916555405
3626,HGS-TV,250076.0,496502.0987262726
3627,HGS-TV,250076.0,497384.42649936676
3628,HGS-TV,250076.0,497445.0773203373
3629,HGS-TV,250076.0,497686.95480132103
3630,HGS-TV,250076.0,497891.958327055
3631,HGS-TV,250076.0,498666.9558792114
3632,HGS-TV,250076.0,498943.00028038025
3633,HGS-TV,250076.0,499917.71618652344
3634,HGS-TV,250076.0,500279.1655807495
3635,HGS-TV,250076.0,500733.5537071228
3636,HGS-TV,250076.0,500795.0776376724
3637,HGS-TV,250076.0,500857.08638191223
3638,HGS-TV,250076.0,500917.6343586445
3639,HGS-TV,250076.0,501542.28479504585
3640,HGS-TV,250076.0,501638.45895671844
3641,HGS-TV,250076.0,501808.564142704
3642,HGS-TV,250076.0,502804.2554554939
3643,HGS-TV,250076.0,503413.8597331047
3644,HGS-TV,250076.0,504911.24341773987
3645,HGS-TV,250076.0,505454.56249165535
3646,ails2_etaMax1.000_stoppingTime864000.00,250272.0,505578.03539135744
3647,ails2_etaMax1.000_stoppingTime864000.00,250271.0,505714.03539135744
3648,ails2_etaMax1.000_stoppingTime864000.00,250269.0,505715.13839135744
3649,ails2_etaMax1.000_stoppingTime864000.00,250268.0,507327.96539135743
3650,ails2_etaMax1.000_stoppingTime864000.00,250264.0,507329.14839135745
3651,ails2_etaMax1.000_stoppingTime864000.00,250262.0,507553.57839135744
3652,ails2_etaMax1.000_stoppingTime864000.00,250248.0,507585.96539135743
3653,ails2_etaMax1.000_stoppingTime864000.00,250244.0,507631.88739135745
3654,HGS-TV,250076.0,509197.63314914703
3655,ails2_etaMax1.000_stoppingTime864000.00,250241.0,509377.00739135745
3656,ails2_etaMax1.000_stoppingTime864000.00,250221.0,509428.0663913574
3657,HGS-TV,250076.0,509743.1932153702
3658,ails2_etaMax1.000_stoppingTime1728000.00,251921.0,510930.06239135744
3659,ails2_etaMax1.000_stoppingTime1728000.00,251876.0,510933.9953913574
3660,HGS-TV,250076.0,511308.87867593765
3661,ails2_etaMax1.000_stoppingTime1728000.00,251870.0,512315.97039135743
3662,ails2_etaMax1.000_stoppingTime1728000.00,251824.0,512316.5963913574
3663,ails2_etaMax1.000_stoppingTime1728000.00,251818.0,512480.1643913574
3664,ails2_etaMax1.000_stoppingTime1728000.00,251804.0,512480.7393913574
3665,ails2_etaMax1.000_stoppingTime1728000.00,251801.0,515977.1633913574
3666,ails2_etaMax1.000_stoppingTime1728000.00,251738.0,515979.99639135745
3667,ails2_etaMax1.000_stoppingTime1728000.00,251736.0,516384.5203913574
3668,ails2_etaMax1.000_stoppingTime1728000.00,251649.0,516422.4453913574
3669,HGS-TV,250076.0,517533.3189563751
3670,HGS-TV,250076.0,518290.2806301117
3671,HGS-TV,250076.0,519533.54299497604
3672,HGS-TV,250076.0,520764.7457745075
3673,ails2_etaMax1.000_stoppingTime864000.00,250220.0,522062.7063913574
3674,ails2_etaMax1.000_stoppingTime864000.00,250216.0,522062.8513913574
3675,ails2_etaMax1.000_stoppingTime864000.00,250215.0,522355.90539135743
3676,HGS-TV,250076.0,522990.9641094208
3677,HGS-TV,250076.0,523212.2898697853
3678,HGS-TV,250076.0,523895.63194441795
3679,ails2_etaMax1.000_stoppingTime864000.00,250214.0,524129.14339135744
3680,ails2_etaMax1.000_stoppingTime864000.00,250208.0,524158.5633913574
3681,ails2_etaMax1.000_stoppingTime864000.00,250207.0,524279.9183913574
3682,ails2_etaMax1.000_stoppingTime864000.00,250197.0,524280.5753913574
3683,HGS-TV,250076.0,525551.6484026909
3684,ails2_etaMax1.000_stoppingTime864000.00,250196.0,526974.4913913574
3685,HGS-TV,250076.0,527003.468902111
3686,HGS-TV,250076.0,527614.6586034298
3687,HGS-TV,250076.0,528474.6343474388
3688,HGS-TV,250076.0,530078.1272301674
3689,ails2_etaMax1.000_stoppingTime864000.00,250194.0,530244.1513913574
3690,ails2_etaMax1.000_stoppingTime864000.00,250191.0,530244.1803913574
3691,ails2_etaMax1.000_stoppingTime864000.00,250190.0,530999.9973913574
3692,ails2_etaMax1.000_stoppingTime864000.00,250184.0,531005.9853913574
3693,HGS-TV,250076.0,531123.4338521957
3694,HGS-TV,250076.0,531184.1521909237
3695,HGS-TV,250076.0,532739.1539731026
3696,HGS-TV,250076.0,533070.0537958145
3697,HGS-TV,250076.0,535190.2214853764
3698,HGS-TV,250076.0,535612.4997386932
3699,ails2_etaMax1.000_stoppingTime864000.00,250181.0,535809.1263913574
3700,ails2_etaMax1.000_stoppingTime864000.00,250180.0,535809.3093913575
3701,HGS-TV,250076.0,536302.8945071697
3702,HGS-TV,250076.0,537385.7102813721
3703,HGS-TV,250076.0,537987.0348336697
3704,HGS-TV,250076.0,538801.1523325443
3705,ails2_etaMax1.000_stoppingTime864000.00,250179.0,539118.6583913574
3706,ails2_etaMax1.000_stoppingTime864000.00,250178.0,539277.9483913574
3707,ails2_etaMax1.000_stoppingTime864000.00,250161.0,539301.9223913574
3708,HGS-TV,250076.0,540152.4466154575
3709,HGS-TV,250076.0,541763.2953660488
3710,HGS-TV,250076.0,541987.9282202721
3711,HGS-TV,250076.0,542525.9986622334
3712,HGS-TV,250076.0,542627.1510782242
3713,HGS-TV,250076.0,542993.9969017506
3714,HGS-TV,250076.0,543210.3588571548
3715,HGS-TV,250076.0,543372.8107659817
3716,HGS-TV,250076.0,543777.9368300438
3717,ails2_etaMax1.000_stoppingTime864000.00,250159.0,544157.8593913574
3718,ails2_etaMax1.000_stoppingTime864000.00,250158.0,544159.0493913575
3719,HGS-TV,250076.0,544507.9020121098
3720,HGS-TV,250076.0,544584.8604748249
3721,HGS-TV,250076.0,544646.2483050823
3722,ails2_etaMax1.000_stoppingTime864000.00,250156.0,545552.2153913574
3723,HGS-TV,250076.0,545600.8980135918
3724,ails2_etaMax1.000_stoppingTime864000.00,250147.0,545553.2913913574
3725,HGS-TV,250076.0,546077.7328109741
3726,HGS-TV,250076.0,546434.0958685875
3727,HGS-TV,250076.0,546983.3925039768
3728,HGS-TV,250076.0,547249.0947852135
3729,HGS-TV,250076.0,547309.7530145645
3730,HGS-TV,250076.0,547379.8920414448
3731,HGS-TV,250076.0,547757.9995703697
3732,ails2_etaMax1.000_stoppingTime864000.00,250146.0,548407.5563913574
3733,ails2_etaMax1.000_stoppingTime864000.00,250145.0,548487.8413913575
3734,ails2_etaMax1.000_stoppingTime864000.00,250140.0,548490.3533913575
3735,ails2_etaMax1.000_stoppingTime864000.00,250139.0,549202.2263913574
3736,ails2_etaMax1.000_stoppingTime864000.00,250137.0,549202.2533913574
3737,HGS-TV,250076.0,549942.2175431252
3738,HGS-TV,250076.0,550372.4502103329
3739,HGS-TV,250076.0,550520.043194294
3740,HGS-TV,250076.0,550933.1133937836
3741,HGS-TV,250076.0,552345.1754720211
3742,HGS-TV,250076.0,553541.0296401978
3743,HGS-TV,250076.0,553774.9608359337
3744,HGS-TV,250076.0,553975.4845998287
3745,HGS-TV,250076.0,554761.6123600006
3746,HGS-TV,250076.0,556329.4843571186
3747,HGS-TV,250076.0,556389.9065506458
3748,HGS-TV,250076.0,558706.4900071621
3749,HGS-TV,250076.0,558767.5298016071
3750,ails2_etaMax1.000_stoppingTime864000.00,250136.0,558984.8243913574
3751,ails2_etaMax1.000_stoppingTime864000.00,250134.0,558984.8473913574
3752,ails2_etaMax1.000_stoppingTime1728000.00,251647.0,559428.8373913574
3753,ails2_etaMax1.000_stoppingTime1728000.00,251637.0,559428.9203913574
3754,ails2_etaMax1.000_stoppingTime1728000.00,251636.0,560047.3323913574
3755,ails2_etaMax1.000_stoppingTime1728000.00,251628.0,560047.9443913575
3756,ails2_etaMax1.000_stoppingTime864000.00,250132.0,560851.4573913574
3757,ails2_etaMax1.000_stoppingTime864000.00,250129.0,560860.0583913574
3758,HGS-TV,250076.0,561729.8599705696
3759,HGS-TV,250076.0,562090.7378051281
3760,HGS-TV,250076.0,562296.0155889988
3761,ails2_etaMax1.000_stoppingTime864000.00,250126.0,562351.9323913574
3762,HGS-TV,250076.0,562501.3956599236
3763,ails2_etaMax1.000_stoppingTime864000.00,250124.0,562911.3743913574
3764,ails2_etaMax1.000_stoppingTime864000.00,250120.0,562919.9083913574
3765,HGS-TV,250076.0,563358.9290611744
3766,ails2_etaMax1.000_stoppingTime1728000.00,251620.0,563496.2893913575
3767,HGS-TV,250076.0,563499.5197732449
3768,HGS-TV,250076.0,563741.6122710705
3769,HGS-TV,250076.0,563806.9063277245
3770,HGS-TV,250076.0,564047.9212553501
3771,HGS-TV,250076.0,564147.5879328251
3772,HGS-TV,250076.0,564349.9373826981
3773,HGS-TV,250076.0,564410.748664856
3774,HGS-TV,250076.0,564906.0284194946
3775,HGS-TV,250076.0,564966.0650348663
3776,HGS-TV,250076.0,565026.917901516
3777,HGS-TV,250076.0,565136.1669535637
3778,HGS-TV,250076.0,565235.3779821396
3779,HGS-TV,250076.0,565296.0128800869
3780,HGS-TV,250076.0,565866.1798641682
3781,ails2_etaMax1.000_stoppingTime1728000.00,251611.0,566077.1343913574
3782,ails2_etaMax1.000_stoppingTime864000.00,250119.0,566829.1913913575
3783,ails2_etaMax1.000_stoppingTime864000.00,250118.0,566859.2423913574
3784,ails2_etaMax1.000_stoppingTime864000.00,250117.0,566993.9203913574
3785,HGS-TV,250076.0,567001.3905735016
3786,ails2_etaMax1.000_stoppingTime864000.00,250113.0,567022.9513913575
3787,ails2_etaMax1.000_stoppingTime864000.00,250111.0,567103.0823913574
3788,ails2_etaMax1.000_stoppingTime864000.00,250108.0,567135.7453913575
3789,ails2_etaMax1.000_stoppingTime1728000.00,251604.0,567636.9233913574
3790,ails2_etaMax1.000_stoppingTime1728000.00,251539.0,567652.7363913574
3791,HGS-TV,250076.0,568593.5344963074
3792,ails2_etaMax1.000_stoppingTime864000.00,250107.0,570460.4053913574
3793,ails2_etaMax1.000_stoppingTime864000.00,250105.0,570598.1033913575
3794,ails2_etaMax1.000_stoppingTime864000.00,250104.0,570649.3903913575
3795,ails2_etaMax1.000_stoppingTime864000.00,250100.0,570715.0733913574
3796,ails2_etaMax1.000_stoppingTime864000.00,250099.0,570927.2733913574
3797,ails2_etaMax1.000_stoppingTime864000.00,250089.0,570984.4163913574
3798,ails2_etaMax1.000_stoppingTime864000.00,250088.0,571286.6333913574
3799,ails2_etaMax1.000_stoppingTime864000.00,250087.0,571494.5023913574
3800,ails2_etaMax1.000_stoppingTime864000.00,250079.0,571500.3893913574
3801,ails2_etaMax1.000_stoppingTime864000.00,250077.0,571745.0353913574
3802,HGS-TV,250076.0,571918.1972382069
3803,HGS-TV,250076.0,571988.4664521217
3804,HGS-TV,250076.0,572270.9487996101
3805,HGS-TV,250076.0,572614.4588844776
3806,HGS-TV,250076.0,572740.8205542564
3807,HGS-TV,250076.0,573116.6857244968
3808,HGS-TV,250076.0,573420.0219185352
3809,HGS-TV,250076.0,573659.1931841373
3810,HGS-TV,250076.0,573719.5909364223
3811,HGS-TV,250076.0,574361.7090318203
3812,HGS-TV,250076.0,574458.6413300037
3813,HGS-TV,250076.0,574891.5965759754
3814,HGS-TV,250076.0,575230.7918446064
3815,HGS-TV,250076.0,575386.0441038609
3816,HGS-TV,250076.0,575757.5182590485
3817,HGS-TV,250076.0,576525.7342779636
3818,HGS-TV,250076.0,576585.7623913288
3819,ails2_etaMax1.000_stoppingTime1728000.00,251514.0,576913.7833913574
3820,ails2_etaMax1.000_stoppingTime1728000.00,251458.0,576923.0223913575
3821,ails2_etaMax1.000_stoppingTime864000.00,250074.0,577655.5323913575
3822,ails2_etaMax1.000_stoppingTime864000.00,250072.0,577655.6933913574
3823,ails2_etaMax1.000_stoppingTime864000.00,250060.0,577742.4163913574
3824,HGS-TV,250076.0,578603.5556151867
3825,ails2_etaMax1.000_stoppingTime864000.00,250059.0,579113.5593913575
3826,ails2_etaMax1.000_stoppingTime864000.00,250056.0,579113.7053913574
3827,filo2,250054.0,579775.5521819592
3828,ails2_etaMax0.005_stoppingTime86400.00,250053.0,579752.5493913575
3829,HGS-TV,250031.0,580288.9211072922
3830,ails2_etaMax0.005_stoppingTime86400.00,250051.0,580738.9363913574
3831,ails2_etaMax0.005_stoppingTime86400.00,250044.0,580763.1893913575
3832,HGS-TV,250030.0,583100.0282814503
3833,HGS-TV,250029.0,583160.4958050251
3834,HGS-TV,250028.0,584204.5511786938
3835,HGS-TV,250027.0,584429.6787765026
3836,HGS-TV,250026.0,584577.2372100353
3837,ails2_etaMax1.000_stoppingTime864000.00,250054.0,586591.1373913574
3838,ails2_etaMax1.000_stoppingTime864000.00,250053.0,587093.4713913574
3839,ails2_etaMax1.000_stoppingTime864000.00,250052.0,587174.9003913574
3840,ails2_etaMax1.000_stoppingTime864000.00,250051.0,587180.1943913575
3841,ails2_etaMax1.000_stoppingTime864000.00,250050.0,587408.7023913574
3842,ails2_etaMax1.000_stoppingTime864000.00,250049.0,587409.0633913574
3843,HGS-TV,250025.0,588047.6599304676
3844,ails2_etaMax1.000_stoppingTime1728000.00,251445.0,588716.4063913574
3845,ails2_etaMax1.000_stoppingTime1728000.00,251434.0,588717.1153913575
3846,ails2_etaMax1.000_stoppingTime1728000.00,251401.0,588792.3393913574
3847,ails2_etaMax1.000_stoppingTime1728000.00,251315.0,588892.0993913574
3848,HGS-TV,250024.0,589841.9907236099
3849,ails2_etaMax1.000_stoppingTime864000.00,250048.0,590469.4943913574
3850,ails2_etaMax1.000_stoppingTime864000.00,250043.0,590476.3853913575
3851,HGS-TV,250023.0,593323.0928790569
3852,HGS-TV,250022.0,593975.341309309
3853,HGS-TV,250021.0,594716.3914911747
3854,ails2_etaMax1.000_stoppingTime864000.00,250041.0,595537.8683913575
3855,ails2_etaMax1.000_stoppingTime864000.00,250037.0,595539.7923913575
3856,HGS-TV,250020.0,595681.4281110764
3857,HGS-TV,250019.0,595865.1210224628
3858,ails2_etaMax1.000_stoppingTime1728000.00,251313.0,599019.4363913574
3859,ails2_etaMax1.000_stoppingTime1728000.00,251287.0,599019.6293913574
3860,HGS-TV,250018.0,600185.1835939884
3861,HGS-TV,250017.0,600935.0244925022
3862,HGS-TV,250016.0,602220.3534021378
3863,ails2_etaMax1.000_stoppingTime864000.00,250036.0,602590.7283913575
3864,ails2_etaMax1.000_stoppingTime864000.00,250027.0,602628.7543913574
3865,ails2_etaMax1.000_stoppingTime864000.00,250026.0,602907.0723913574
3866,ails2_etaMax1.000_stoppingTime864000.00,250025.0,602907.3553913574
3867,ails2_etaMax1.000_stoppingTime864000.00,250020.0,603000.5583913574
3868,ails2_etaMax1.000_stoppingTime864000.00,250018.0,607006.6893913575
3869,ails2_etaMax1.000_stoppingTime864000.00,250016.0,607220.9923913574
3870,ails2_etaMax1.000_stoppingTime864000.00,250014.0,607223.0833913574
3871,ails2_etaMax1.000_stoppingTime864000.00,250013.0,607372.3873913574
3872,ails2_etaMax1.000_stoppingTime864000.00,250012.0,608428.7323913574
3873,HGS-TV,249997.0,609618.2750024796
3874,ails2_etaMax1.000_stoppingTime864000.00,250010.0,609659.9833913575
3875,ails2_etaMax1.000_stoppingTime864000.00,250009.0,609660.3183913574
3876,ails2_etaMax1.000_stoppingTime864000.00,250007.0,609768.1063913574
3877,ails2_etaMax1.000_stoppingTime864000.00,250006.0,609921.5163913574
3878,ails2_etaMax1.000_stoppingTime864000.00,250005.0,609925.2723913575
3879,ails2_etaMax1.000_stoppingTime864000.00,250004.0,610044.4953913575
3880,ails2_etaMax1.000_stoppingTime864000.00,250000.0,610101.0133913574
3881,ails2_etaMax1.000_stoppingTime864000.00,249993.0,610121.0753913574
3882,ails2_etaMax1.000_stoppingTime1728000.00,251283.0,610182.5583913574
3883,ails2_etaMax1.000_stoppingTime1728000.00,251278.0,610182.7933913574
3884,ails2_etaMax1.000_stoppingTime1728000.00,251275.0,610668.3993913574
3885,ails2_etaMax1.000_stoppingTime1728000.00,251248.0,610669.5763913575
3886,ails2_etaMax1.000_stoppingTime864000.00,249992.0,611655.2643913574
3887,ails2_etaMax1.000_stoppingTime864000.00,249990.0,611655.4923913574
3888,HGS-TV,249996.0,611793.9135537148
3889,ails2_etaMax1.000_stoppingTime864000.00,249988.0,612374.3183913574
3890,ails2_etaMax1.000_stoppingTime864000.00,249980.0,612424.0413913574
3891,HGS-TV,249964.0,614327.5781598091
3892,ails2_etaMax1.000_stoppingTime1728000.00,251238.0,616731.8683913575
3893,HGS-TV,249963.0,616971.0326058865
3894,HGS-TV,249962.0,618430.603941679
3895,ails2_etaMax1.000_stoppingTime1728000.00,251233.0,619730.4673913574
3896,ails2_etaMax1.000_stoppingTime1728000.00,251229.0,619730.6013913574
3897,ails2_etaMax1.000_stoppingTime1728000.00,251219.0,619826.3303913574
3898,ails2_etaMax1.000_stoppingTime1728000.00,251210.0,620473.2483913574
3899,ails2_etaMax1.000_stoppingTime1728000.00,251204.0,620474.1143913574
3900,HGS-TV,249961.0,621030.498218298
3901,HGS-TV,249958.0,621235.344673872
3902,HGS-TV,249956.0,621776.0463347435
3903,ails2_etaMax1.000_stoppingTime864000.00,249979.0,622594.2173913574
3904,HGS-TV,249955.0,622605.6058335304
3905,ails2_etaMax1.000_stoppingTime864000.00,249973.0,622594.5253913574
3906,HGS-TV,249954.0,622691.3703141212
3907,HGS-TV,249953.0,623605.166287899
3908,HGS-TV,249952.0,624333.6796238422
3909,HGS-TV,249951.0,624695.1153070927
3910,ails2_etaMax0.010_stoppingTime432000.00,250075.0,628727.3273913574
3911,ails2_etaMax0.010_stoppingTime432000.00,250071.0,628780.7113913575
3912,ails2_etaMax0.010_stoppingTime432000.00,250070.0,629804.6143913574
3913,ails2_etaMax0.010_stoppingTime432000.00,250069.0,629902.3263913575
3914,HGS-TV,249950.0,630330.1693282127
3915,HGS-TV,249949.0,630450.7078163624
3916,HGS-TV,249947.0,630925.0552930832
3917,HGS-TV,249946.0,631331.0420703888
3918,ails2_etaMax1.000_stoppingTime864000.00,249972.0,631666.8823913574
3919,HGS-TV,249945.0,633391.7400577068
3920,ails2_etaMax1.000_stoppingTime864000.00,249969.0,635595.3343913574
3921,ails2_etaMax1.000_stoppingTime864000.00,249966.0,635596.0043913574
3922,ails2_etaMax1.000_stoppingTime1728000.00,251203.0,636467.3593913574
3923,HGS-TV,249943.0,639948.8430867195
3924,HGS-TV,249942.0,640603.5906770229
3925,ails2_etaMax1.000_stoppingTime1728000.00,251202.0,642666.4763913574
3926,ails2_etaMax1.000_stoppingTime1728000.00,251163.0,642676.7753913574
3927,ails2_etaMax0.010_stoppingTime432000.00,250068.0,643633.1493913574
3928,ails2_etaMax0.010_stoppingTime432000.00,250067.0,643854.2133913575
3929,HGS-TV,249941.0,644401.8993666172
3930,ails2_etaMax1.000_stoppingTime864000.00,249965.0,646500.2363913574
3931,HGS-TV,249940.0,647776.3311026096
3932,HGS-TV,249939.0,647961.6699912548
3933,HGS-TV,249938.0,648050.6669754982
3934,HGS-TV,249937.0,652144.8381881714
3935,ails2_etaMax1.000_stoppingTime864000.00,249964.0,653144.6813913574
3936,ails2_etaMax1.000_stoppingTime864000.00,249963.0,653212.8643913574
3937,ails2_etaMax1.000_stoppingTime864000.00,249958.0,653237.8653913575
3938,ails2_etaMax1.000_stoppingTime864000.00,249957.0,653633.4523913574
3939,ails2_etaMax1.000_stoppingTime864000.00,249955.0,653634.1683913574
3940,ails2_etaMax1.000_stoppingTime1728000.00,251160.0,659084.0133913574
3941,ails2_etaMax1.000_stoppingTime1728000.00,251071.0,659138.1233913574
3942,HGS-TV,249936.0,659370.9711036682
3943,ails2_etaMax1.000_stoppingTime864000.00,249954.0,659606.6373913574
3944,ails2_etaMax1.000_stoppingTime864000.00,249952.0,659714.3543913574
3945,ails2_etaMax0.010_stoppingTime432000.00,250066.0,659765.6873913574
3946,ails2_etaMax1.000_stoppingTime864000.00,249950.0,659771.4313913574
3947,ails2_etaMax1.000_stoppingTime864000.00,249949.0,659776.6403913575
3948,ails2_etaMax1.000_stoppingTime864000.00,249948.0,660065.3903913575
3949,ails2_etaMax0.010_stoppingTime432000.00,250065.0,660352.0113913574
3950,ails2_etaMax0.010_stoppingTime432000.00,250064.0,660896.4073913575
3951,ails2_etaMax0.010_stoppingTime432000.00,250062.0,660904.2553913575
3952,ails2_etaMax1.000_stoppingTime1728000.00,251065.0,661059.6193913574
3953,ails2_etaMax1.000_stoppingTime1728000.00,251029.0,661060.0953913574
3954,HGS-TV,249935.0,662530.5002083778
3955,ails2_etaMax1.000_stoppingTime864000.00,249947.0,663388.0453913574
3956,ails2_etaMax1.000_stoppingTime864000.00,249946.0,665182.0993913574
3957,ails2_etaMax1.000_stoppingTime864000.00,249944.0,665184.4913913574
3958,ails2_etaMax0.010_stoppingTime432000.00,250061.0,673105.1033913575
3959,ails2_etaMax0.010_stoppingTime432000.00,250059.0,673141.2143913574
3960,HGS-TV,249934.0,677972.394453764
3961,ails2_etaMax1.000_stoppingTime864000.00,249943.0,678083.3083913574
3962,ails2_etaMax1.000_stoppingTime864000.00,249941.0,678084.7473913574
3963,ails2_etaMax1.000_stoppingTime864000.00,249939.0,679203.9983913574
3964,ails2_etaMax1.000_stoppingTime864000.00,249937.0,679218.7093913574
3965,ails2_etaMax0.010_stoppingTime432000.00,250058.0,683152.3153913574
3966,ails2_etaMax0.010_stoppingTime432000.00,250057.0,685293.1973913574
3967,ails2_etaMax1.000_stoppingTime864000.00,249936.0,691063.6953913574
3968,ails2_etaMax1.000_stoppingTime864000.00,249931.0,691065.7973913574
3969,ails2_etaMax1.000_stoppingTime1728000.00,251024.0,694049.2653913575
3970,ails2_etaMax1.000_stoppingTime1728000.00,251018.0,697442.1243913574
3971,ails2_etaMax1.000_stoppingTime1728000.00,250986.0,697444.3433913575
3972,HGS-TV,249929.0,698239.3160357475
3973,HGS-TV,249927.0,698516.7576663494
3974,HGS-TV,249926.0,698755.0540964603
3975,HGS-TV,249924.0,699052.8536651134
3976,HGS-TV,249923.0,699637.2163805962
3977,ails2_etaMax1.000_stoppingTime1728000.00,250978.0,699888.5443913575
3978,ails2_etaMax1.000_stoppingTime1728000.00,250975.0,699888.7543913574
3979,ails2_etaMax0.010_stoppingTime432000.00,250056.0,700859.8353913574
3980,ails2_etaMax0.010_stoppingTime432000.00,250055.0,703009.2443913574
3981,ails2_etaMax1.000_stoppingTime864000.00,249930.0,703099.0423913575
3982,HGS-TV,249922.0,703215.2181510925
3983,ails2_etaMax1.000_stoppingTime1728000.00,250970.0,706771.2273913574
3984,ails2_etaMax1.000_stoppingTime1728000.00,250964.0,706785.4163913574
3985,ails2_etaMax1.000_stoppingTime1728000.00,250935.0,706837.9233913574
3986,ails2_etaMax1.000_stoppingTime864000.00,249929.0,707420.2543913574
3987,ails2_etaMax1.000_stoppingTime864000.00,249928.0,707421.3743913574
3988,ails2_etaMax1.000_stoppingTime864000.00,249927.0,707575.3973913575
3989,ails2_etaMax1.000_stoppingTime864000.00,249926.0,707577.4653913574
3990,HGS-TV,249921.0,714702.7742712498
3991,ails2_etaMax1.000_stoppingTime864000.00,249925.0,716961.0463913574
3992,ails2_etaMax1.000_stoppingTime864000.00,249923.0,716965.4883913575
3993,ails2_etaMax0.010_stoppingTime432000.00,250054.0,718287.7313913574
3994,ails2_etaMax0.010_stoppingTime432000.00,250053.0,718437.8673913574
3995,ails2_etaMax0.010_stoppingTime432000.00,250052.0,718872.9793913574
3996,ails2_etaMax1.000_stoppingTime1728000.00,250933.0,720984.8843913574
3997,ails2_etaMax1.000_stoppingTime1728000.00,250889.0,720997.6663913574
3998,ails2_etaMax1.000_stoppingTime1728000.00,250880.0,721074.8743913574
3999,HGS-TV,249919.0,721994.7748353481
4000,ails2_etaMax1.000_stoppingTime864000.00,249922.0,723354.3283913574
4001,ails2_etaMax0.010_stoppingTime432000.00,250051.0,723586.9393913575
4002,ails2_etaMax1.000_stoppingTime1728000.00,250878.0,727235.0633913574
4003,ails2_etaMax1.000_stoppingTime1728000.00,250877.0,727424.6493913574
4004,ails2_etaMax1.000_stoppingTime1728000.00,250843.0,727427.6883913574
4005,ails2_etaMax1.000_stoppingTime1728000.00,250842.0,727733.0233913574
4006,ails2_etaMax1.000_stoppingTime1728000.00,250812.0,727757.9523913574
4007,ails2_etaMax1.000_stoppingTime864000.00,249921.0,735509.4133913574
4008,HGS-TV,249919.0,738158.3359508514
4009,HGS-TV,249919.0,738219.3488111496
4010,HGS-TV,249919.0,738282.1316459179
4011,HGS-TV,249919.0,738343.0769639015
4012,HGS-TV,249919.0,738413.7074840069
4013,HGS-TV,249919.0,738509.8130223751
4014,HGS-TV,249919.0,738572.1730902195
4015,HGS-TV,249919.0,738632.6578061581
4016,HGS-TV,249919.0,738692.8975980282
4017,HGS-TV,249919.0,738753.9617519379
4018,HGS-TV,249919.0,738816.851922512
4019,HGS-TV,249919.0,738877.181060791
4020,ails2_etaMax1.000_stoppingTime864000.00,249920.0,739050.4103913574
4021,HGS-TV,249919.0,739134.734398365
4022,HGS-TV,249919.0,739195.4914474487
4023,HGS-TV,249919.0,739451.5588033199
4024,HGS-TV,249919.0,739552.783416748
4025,HGS-TV,249919.0,739613.804970026
4026,HGS-TV,249919.0,739674.9789140224
4027,HGS-TV,249919.0,739744.9118299484
4028,HGS-TV,249919.0,739831.8816957474
4029,HGS-TV,249919.0,740072.4879772663
4030,ails2_etaMax1.000_stoppingTime1728000.00,250811.0,740098.8203913574
4031,ails2_etaMax1.000_stoppingTime1728000.00,250807.0,740099.2923913575
4032,HGS-TV,249919.0,740410.1305699348
4033,HGS-TV,249919.0,740471.2259511948
4034,HGS-TV,249919.0,740531.8906984329
4035,HGS-TV,249919.0,740885.4288313389
4036,HGS-TV,249919.0,741120.4604804516
4037,HGS-TV,249919.0,741181.8768687248
4038,HGS-TV,249919.0,741437.6775102615
4039,HGS-TV,249919.0,741650.2726876736
4040,HGS-TV,249919.0,741884.129863739
4041,HGS-TV,249919.0,741947.1967177391
4042,HGS-TV,249919.0,742257.2801513672
4043,HGS-TV,249919.0,742319.3282728195
4044,HGS-TV,249919.0,742528.7847678661
4045,HGS-TV,249919.0,743073.30504632
4046,HGS-TV,249919.0,743263.0274543762
4047,HGS-TV,249919.0,743342.3439061642
4048,HGS-TV,249919.0,743402.4709603786
4049,HGS-TV,249919.0,743521.4935486317
4050,HGS-TV,249919.0,743710.8621487617
4051,HGS-TV,249919.0,743771.4545111656
4052,HGS-TV,249919.0,743832.1501736641
4053,HGS-TV,249919.0,744031.2700555325
4054,HGS-TV,249919.0,744200.7812144756
4055,HGS-TV,249919.0,744655.2807850838
4056,HGS-TV,249919.0,745582.1181089878
4057,HGS-TV,249919.0,745689.7283575535
4058,HGS-TV,249919.0,746338.8732714653
4059,HGS-TV,249919.0,746399.0397663116
4060,HGS-TV,249919.0,746841.8910417557
4061,HGS-TV,249919.0,746902.2774543762
4062,HGS-TV,249919.0,747576.2344572544
4063,HGS-TV,249919.0,748836.8386025429
4064,HGS-TV,249919.0,748907.4465529919
4065,HGS-TV,249919.0,749474.6031835079
4066,HGS-TV,249919.0,749653.2544271946
4067,HGS-TV,249919.0,749714.5985739231
4068,HGS-TV,249919.0,750175.025067091
4069,HGS-TV,249919.0,750332.0745503902
4070,ails2_etaMax1.000_stoppingTime1728000.00,250806.0,750478.1713913574
4071,ails2_etaMax1.000_stoppingTime1728000.00,250759.0,750536.9773913574
4072,ails2_etaMax1.000_stoppingTime1728000.00,250719.0,750563.7123913574
4073,HGS-TV,249919.0,751900.3291175365
4074,HGS-TV,249919.0,752014.1512942314
4075,HGS-TV,249919.0,752608.7816951275
4076,HGS-TV,249919.0,752694.4697868824
4077,HGS-TV,249919.0,753705.6438500881
4078,HGS-TV,249919.0,753980.946505785
4079,ails2_etaMax1.000_stoppingTime864000.00,249919.0,754275.9353913574
4080,ails2_etaMax1.000_stoppingTime864000.00,249918.0,754277.5733913574
4081,HGS-TV,249919.0,755440.7059104443
4082,HGS-TV,249919.0,755597.4088072777
4083,ails2_etaMax1.000_stoppingTime1728000.00,250717.0,762286.3623913574
4084,ails2_etaMax1.000_stoppingTime1728000.00,250714.0,762389.3063913574
4085,ails2_etaMax1.000_stoppingTime1728000.00,250699.0,762434.4583913574
4086,ails2_etaMax1.000_stoppingTime1728000.00,250690.0,762466.3113913574
4087,ails2_etaMax0.010_stoppingTime432000.00,250050.0,765376.2723913575
4088,ails2_etaMax0.010_stoppingTime432000.00,250049.0,765376.6923913574
4089,ails2_etaMax0.010_stoppingTime432000.00,250048.0,773394.0783913574
4090,ails2_etaMax0.010_stoppingTime432000.00,250046.0,773399.3733913574
4091,ails2_etaMax0.010_stoppingTime432000.00,250045.0,773680.9543913574
4092,ails2_etaMax1.000_stoppingTime1728000.00,250686.0,774099.2183913575
4093,ails2_etaMax1.000_stoppingTime1728000.00,250684.0,774100.1243913574
4094,ails2_etaMax1.000_stoppingTime1728000.00,250683.0,775286.1113913574
4095,ails2_etaMax1.000_stoppingTime1728000.00,250672.0,775286.2993913575
4096,ails2_etaMax0.010_stoppingTime432000.00,250044.0,775604.4383913574
4097,ails2_etaMax0.010_stoppingTime432000.00,250043.0,775727.3413913575
4098,ails2_etaMax0.010_stoppingTime432000.00,250039.0,775748.4933913575
4099,ails2_etaMax1.000_stoppingTime1728000.00,250671.0,821011.4063913574
4100,ails2_etaMax1.000_stoppingTime1728000.00,250669.0,830655.2323913574
4101,ails2_etaMax1.000_stoppingTime1728000.00,250644.0,830657.1393913574
4102,ails2_etaMax1.000_stoppingTime1728000.00,250642.0,844252.5213913574
4103,ails2_etaMax1.000_stoppingTime1728000.00,250623.0,844253.3343913574
4104,ails2_etaMax1.000_stoppingTime1728000.00,250612.0,844335.7263913574
4105,ails2_etaMax1.000_stoppingTime1728000.00,250607.0,871699.9273913574
4106,ails2_etaMax1.000_stoppingTime1728000.00,250606.0,871700.9143913575
4107,ails2_etaMax1.000_stoppingTime1728000.00,250602.0,871807.8053913574
4108,ails2_etaMax1.000_stoppingTime1728000.00,250601.0,871950.2963913574
4109,ails2_etaMax1.000_stoppingTime1728000.00,250598.0,871952.2473913574
4110,ails2_etaMax1.000_stoppingTime1728000.00,250596.0,887239.3553913574
4111,ails2_etaMax1.000_stoppingTime1728000.00,250578.0,887250.0023913574
4112,ails2_etaMax1.000_stoppingTime1728000.00,250576.0,889264.6393913574
4113,ails2_etaMax1.000_stoppingTime1728000.00,250573.0,892674.7263913574
4114,ails2_etaMax1.000_stoppingTime1728000.00,250568.0,896634.9773913574
4115,ails2_etaMax1.000_stoppingTime1728000.00,250555.0,896635.8833913574
4116,ails2_etaMax1.000_stoppingTime1728000.00,250552.0,897743.9303913574
4117,ails2_etaMax1.000_stoppingTime1728000.00,250547.0,897744.6243913574
4118,ails2_etaMax1.000_stoppingTime1728000.00,250538.0,897823.6073913574
4119,ails2_etaMax1.000_stoppingTime1728000.00,250535.0,904257.1883913574
4120,ails2_etaMax1.000_stoppingTime1728000.00,250533.0,907289.9443913575
4121,ails2_etaMax1.000_stoppingTime1728000.00,250532.0,907290.1553913574
4122,ails2_etaMax1.000_stoppingTime1728000.00,250531.0,907813.5753913574
4123,ails2_etaMax1.000_stoppingTime1728000.00,250524.0,907816.4763913574
4124,ails2_etaMax1.000_stoppingTime1728000.00,250522.0,912546.5713913575
4125,ails2_etaMax1.000_stoppingTime1728000.00,250513.0,912547.5133913574
4126,ails2_etaMax1.000_stoppingTime1728000.00,250509.0,912705.0793913574
4127,ails2_etaMax1.000_stoppingTime1728000.00,250502.0,912705.4133913574
4128,ails2_etaMax1.000_stoppingTime1728000.00,250484.0,912800.6173913574
4129,ails2_etaMax1.000_stoppingTime1728000.00,250483.0,927093.6963913575
4130,ails2_etaMax1.000_stoppingTime1728000.00,250473.0,927094.1473913575
4131,ails2_etaMax1.000_stoppingTime1728000.00,250472.0,927230.1833913574
4132,ails2_etaMax1.000_stoppingTime1728000.00,250460.0,927249.5653913574
4133,ails2_etaMax1.000_stoppingTime1728000.00,250459.0,927429.7083913574
4134,ails2_etaMax1.000_stoppingTime1728000.00,250446.0,927443.0893913574
4135,ails2_etaMax1.000_stoppingTime1728000.00,250444.0,934758.1603913574
4136,ails2_etaMax1.000_stoppingTime1728000.00,250428.0,934760.8423913574
4137,ails2_etaMax1.000_stoppingTime1728000.00,250425.0,948156.0373913575
4138,ails2_etaMax1.000_stoppingTime1728000.00,250423.0,948156.7723913575
4139,ails2_etaMax1.000_stoppingTime1728000.00,250422.0,951628.7933913574
4140,ails2_etaMax1.000_stoppingTime1728000.00,250405.0,951647.8183913574
4141,ails2_etaMax1.000_stoppingTime1728000.00,250403.0,957267.9733913575
4142,ails2_etaMax1.000_stoppingTime1728000.00,250399.0,964506.1433913574
4143,ails2_etaMax1.000_stoppingTime1728000.00,250375.0,964512.7113913575
4144,ails2_etaMax1.000_stoppingTime1728000.00,250372.0,987755.4303913574
4145,ails2_etaMax1.000_stoppingTime1728000.00,250370.0,987757.0903913574
4146,ails2_etaMax1.000_stoppingTime1728000.00,250362.0,988631.8813913574
4147,ails2_etaMax1.000_stoppingTime1728000.00,250352.0,988683.7213913574
4148,ails2_etaMax1.000_stoppingTime1728000.00,250350.0,1017016.2893913575
4149,ails2_etaMax1.000_stoppingTime1728000.00,250337.0,1017023.9173913575
4150,ails2_etaMax1.000_stoppingTime1728000.00,250335.0,1017554.4593913574
4151,ails2_etaMax1.000_stoppingTime1728000.00,250319.0,1017595.6553913574
4152,HGS-TV,249917.0,1036281.6475009918
4153,ails2_etaMax1.000_stoppingTime1728000.00,250318.0,1039142.4323913574
4154,ails2_etaMax1.000_stoppingTime1728000.00,250315.0,1039142.6053913574
4155,HGS-TV,249916.0,1042448.4805469513
4156,HGS-TV,249915.0,1045564.6804325581
4157,ails2_etaMax1.000_stoppingTime1728000.00,250314.0,1046656.9873913574
4158,ails2_etaMax1.000_stoppingTime1728000.00,250313.0,1048218.6883913574
4159,ails2_etaMax1.000_stoppingTime1728000.00,250311.0,1048627.5423913575
4160,ails2_etaMax1.000_stoppingTime1728000.00,250302.0,1048628.1293913575
4161,ails2_etaMax1.000_stoppingTime1728000.00,250300.0,1049663.0613913573
4162,ails2_etaMax1.000_stoppingTime1728000.00,250298.0,1049904.8173913574
4163,ails2_etaMax1.000_stoppingTime1728000.00,250297.0,1049985.7473913573
4164,ails2_etaMax1.000_stoppingTime1728000.00,250291.0,1049986.0283913575
4165,ails2_etaMax1.000_stoppingTime1728000.00,250290.0,1050542.0123913574
4166,ails2_etaMax1.000_stoppingTime1728000.00,250286.0,1051114.6403913575
4167,ails2_etaMax1.000_stoppingTime1728000.00,250284.0,1051116.8493913575
4168,HGS-TV,249914.0,1057242.7074275017
4169,HGS-TV,249913.0,1061110.6429741383
4170,ails2_etaMax1.000_stoppingTime1728000.00,250283.0,1064742.2003913575
4171,ails2_etaMax1.000_stoppingTime1728000.00,250282.0,1064821.0133913574
4172,ails2_etaMax1.000_stoppingTime1728000.00,250275.0,1064821.9673913575
4173,ails2_etaMax1.000_stoppingTime1728000.00,250272.0,1068896.3053913575
4174,ails2_etaMax1.000_stoppingTime1728000.00,250271.0,1069442.9873913573
4175,ails2_etaMax1.000_stoppingTime1728000.00,250260.0,1069444.8243913574
4176,ails2_etaMax1.000_stoppingTime1728000.00,250259.0,1073911.4953913575
4177,ails2_etaMax1.000_stoppingTime1728000.00,250228.0,1073968.3683913574
4178,ails2_etaMax1.000_stoppingTime1728000.00,250223.0,1074261.3743913574
4179,ails2_etaMax1.000_stoppingTime1728000.00,250208.0,1074286.5733913574
4180,ails2_etaMax1.000_stoppingTime1728000.00,250200.0,1074341.9803913573
4181,HGS-TV,249913.0,1078238.5030107498
4182,HGS-TV,249913.0,1078301.9481461048
4183,HGS-TV,249913.0,1078362.4644608498
4184,HGS-TV,249913.0,1078422.9587407112
4185,HGS-TV,249913.0,1078484.9911475182
4186,HGS-TV,249913.0,1078546.9597320557
4187,HGS-TV,249913.0,1078608.505424738
4188,HGS-TV,249913.0,1078758.146697998
4189,HGS-TV,249913.0,1078819.5261747837
4190,HGS-TV,249913.0,1079082.986149788
4191,HGS-TV,249913.0,1079145.5557279587
4192,HGS-TV,249913.0,1079205.6148638725
4193,HGS-TV,249913.0,1079407.8211467266
4194,HGS-TV,249913.0,1079469.3203043938
4195,HGS-TV,249913.0,1079530.9652998447
4196,HGS-TV,249913.0,1079604.3588535786
4197,HGS-TV,249913.0,1079675.3814592361
4198,HGS-TV,249913.0,1079752.743596077
4199,HGS-TV,249913.0,1080150.700269699
4200,HGS-TV,249913.0,1080212.0675077438
4201,HGS-TV,249913.0,1080280.0261940956
4202,HGS-TV,249913.0,1080637.9472124577
4203,HGS-TV,249913.0,1080852.3670539856
4204,HGS-TV,249913.0,1081016.199827671
4205,HGS-TV,249913.0,1081123.393658638
4206,HGS-TV,249913.0,1081557.0950272083
4207,HGS-TV,249913.0,1082043.9614245892
4208,HGS-TV,249913.0,1082907.3911817074
4209,HGS-TV,249913.0,1083165.805823326
4210,HGS-TV,249913.0,1083372.171841383
4211,HGS-TV,249913.0,1083434.6639859676
4212,HGS-TV,249913.0,1083495.4406068325
4213,HGS-TV,249913.0,1083556.5863285065
4214,HGS-TV,249913.0,1083902.0507183075
4215,HGS-TV,249913.0,1084030.9718823433
4216,HGS-TV,249913.0,1084260.1859693527
4217,HGS-TV,249913.0,1084791.6049907207
4218,HGS-TV,249913.0,1085469.9866883755
4219,HGS-TV,249913.0,1085555.666460514
4220,HGS-TV,249913.0,1085639.9041934013
4221,HGS-TV,249913.0,1086490.577397108
4222,HGS-TV,249913.0,1086734.8461515903
4223,HGS-TV,249913.0,1086825.5817444324
4224,HGS-TV,249913.0,1086977.2726006508
4225,HGS-TV,249913.0,1088971.5625183582
4226,HGS-TV,249913.0,1090182.4810700417
4227,HGS-TV,249913.0,1090365.5087647438
4228,HGS-TV,249913.0,1090764.214869976
4229,HGS-TV,249913.0,1090824.2539608479
4230,HGS-TV,249913.0,1090885.5930113792
4231,HGS-TV,249913.0,1094169.2651052475
4232,HGS-TV,249913.0,1094503.9492008686
4233,HGS-TV,249913.0,1094850.320088625
4234,HGS-TV,249913.0,1095259.162762165
4235,HGS-TV,249913.0,1096893.310190916
4236,HGS-TV,249913.0,1097042.8251533508
4237,HGS-TV,249913.0,1098777.5596604347
4238,HGS-TV,249913.0,1098838.620216608
4239,HGS-TV,249913.0,1099074.145298481
4240,HGS-TV,249913.0,1099195.7548246384
4241,HGS-TV,249913.0,1099454.6965625286
4242,ails2_etaMax1.000_stoppingTime1728000.00,250198.0,1100306.4423913574
4243,HGS-TV,249913.0,1101458.3543684483
4244,ails2_etaMax1.000_stoppingTime1728000.00,250197.0,1101493.5253913575
4245,ails2_etaMax1.000_stoppingTime1728000.00,250193.0,1101497.8143913574
4246,HGS-TV,249913.0,1101893.106503725
4247,HGS-TV,249913.0,1103055.7667479515
4248,HGS-TV,249913.0,1103116.09117198
4249,HGS-TV,249913.0,1103356.5770261288
4250,HGS-TV,249913.0,1103995.7900967598
4251,ails2_etaMax1.000_stoppingTime1728000.00,250191.0,1104175.3453913573
4252,ails2_etaMax1.000_stoppingTime1728000.00,250186.0,1104175.8923913573
4253,ails2_etaMax1.000_stoppingTime1728000.00,250183.0,1104332.5043913575
4254,ails2_etaMax1.000_stoppingTime1728000.00,250178.0,1104335.3043913573
4255,HGS-TV,249913.0,1104850.8968245983
4256,HGS-TV,249913.0,1106300.531908989
4257,HGS-TV,249913.0,1107954.1908278465
4258,HGS-TV,249913.0,1108022.0797300339
4259,ails2_etaMax1.000_stoppingTime1728000.00,250174.0,1108097.2543913575
4260,HGS-TV,249913.0,1108463.2068173885
4261,HGS-TV,249913.0,1108537.7062005997
4262,HGS-TV,249913.0,1108802.0179479122
4263,HGS-TV,249913.0,1108897.921535492
4264,HGS-TV,249913.0,1109160.7072930336
4265,HGS-TV,249913.0,1109573.6904203892
4266,HGS-TV,249913.0,1109921.1591289043
4267,HGS-TV,249913.0,1111828.5871710777
4268,HGS-TV,249913.0,1111888.8686611652
4269,HGS-TV,249913.0,1113760.7115910053
4270,HGS-TV,249913.0,1114021.6548380852
4271,ails2_etaMax1.000_stoppingTime1728000.00,250173.0,1114344.2873913574
4272,ails2_etaMax1.000_stoppingTime1728000.00,250168.0,1114373.2403913573
4273,HGS-TV,249913.0,1115927.6004829407
4274,HGS-TV,249913.0,1117341.2730236053
4275,HGS-TV,249913.0,1119195.1020720005
4276,ails2_etaMax1.000_stoppingTime1728000.00,250167.0,1120001.6233913575
4277,ails2_etaMax1.000_stoppingTime1728000.00,250155.0,1120004.5193913574
4278,HGS-TV,249913.0,1120270.669495821
4279,HGS-TV,249913.0,1120693.4059615135
4280,HGS-TV,249913.0,1121142.9799978733
4281,HGS-TV,249913.0,1121708.1928670406
4282,HGS-TV,249913.0,1121876.767416954
