id,algo_name,score,runningtime
1,ails2_eoh_omega2,468080.0,63.86143774414062
2,ails2_etaMax1.000_stoppingTime432000.00,470369.0,58.156437744140625
3,ails2_eoh_acc_large,484621.0,14.586437744140625
4,ails2_etaMax0.010_stoppingTime432000.00,467031.0,66.11843774414062
5,ails2_etaMax0.020_stoppingTime86400.00,467137.0,65.01343774414063
6,ails2_etaMax1.000_stoppingTime86400.00,471223.0,64.73443774414062
7,ails2_etaMax1.000_stoppingTime1728000.00,470822.0,54.72443774414062
8,ails2_etaMax1.000_stoppingTime864000.00,470967.0,57.876437744140624
9,ails2_eoh_acc,466872.0,66.01843774414063
10,ails2_etaMax0.005_stoppingTime86400.00,467112.0,66.01343774414063
11,ails2_eoh_omega2,467262.0,124.96143774414062
12,ails2_etaMax1.000_stoppingTime864000.00,470854.0,94.42843774414062
13,ails2_etaMax0.020_stoppingTime86400.00,466531.0,125.35743774414063
14,ails2_etaMax0.005_stoppingTime86400.00,466427.0,127.08043774414062
15,ails2_etaMax1.000_stoppingTime1728000.00,470625.0,116.57743774414062
16,ails2_etaMax1.000_stoppingTime86400.00,470477.0,100.16943774414062
17,ails2_eoh_acc,466044.0,127.05543774414062
18,ails2_etaMax0.010_stoppingTime432000.00,466218.0,127.06843774414062
19,ails2_eoh_omega2,466459.0,186.87643774414062
20,ails2_etaMax0.020_stoppingTime86400.00,466253.0,186.80643774414062
21,ails2_eoh_acc,465714.0,185.73143774414064
22,ails2_etaMax0.010_stoppingTime432000.00,465970.0,177.57543774414063
23,ails2_etaMax0.005_stoppingTime86400.00,466204.0,186.58743774414063
24,ails2_eoh_omega2,466264.0,247.76043774414063
25,ails2_etaMax0.005_stoppingTime86400.00,466087.0,248.12843774414063
26,ails2_etaMax0.020_stoppingTime86400.00,465946.0,248.75143774414062
27,ails2_etaMax0.010_stoppingTime432000.00,465795.0,247.50843774414062
28,ails2_eoh_acc,465566.0,246.89743774414063
29,ails2_etaMax1.000_stoppingTime864000.00,470808.0,266.78143774414065
30,ails2_eoh_omega2,466049.0,304.6024377441406
31,ails2_etaMax0.020_stoppingTime86400.00,465866.0,303.5524377441406
32,ails2_eoh_acc,465513.0,306.56543774414064
33,ails2_etaMax0.005_stoppingTime86400.00,465993.0,310.2394377441406
34,ails2_etaMax0.010_stoppingTime432000.00,465713.0,305.30343774414064
35,ails2_etaMax1.000_stoppingTime864000.00,470406.0,266.97643774414064
36,ails2_etaMax1.000_stoppingTime1728000.00,470614.0,329.54643774414063
37,ails2_eoh_omega2,465996.0,347.2084377441406
38,ails2_etaMax0.020_stoppingTime86400.00,465794.0,369.96943774414063
39,ails2_eoh_acc,465417.0,370.8604377441406
40,ails2_etaMax0.010_stoppingTime432000.00,465572.0,369.39743774414063
41,ails2_etaMax0.005_stoppingTime86400.00,465835.0,366.15143774414065
42,filo2,479217.0,384.3838129043579
43,ails2_etaMax1.000_stoppingTime1728000.00,470569.0,388.09943774414063
44,ails2_etaMax1.000_stoppingTime864000.00,470207.0,406.2714377441406
45,ails2_etaMax1.000_stoppingTime432000.00,470357.0,419.4154377441406
46,ails2_eoh_omega2,465949.0,413.81343774414063
47,ails2_etaMax0.005_stoppingTime86400.00,465656.0,430.57443774414065
48,ails2_eoh_acc,465361.0,430.1194377441406
49,ails2_etaMax0.020_stoppingTime86400.00,465586.0,426.52443774414064
50,ails2_etaMax0.010_stoppingTime432000.00,465519.0,414.40143774414065
51,filo2,478864.0,445.37763571739197
52,ails2_etaMax1.000_stoppingTime1728000.00,470354.0,392.5014377441406
53,ails2_etaMax1.000_stoppingTime86400.00,470470.0,461.69743774414064
54,ails2_eoh_omega2,465890.0,492.2154377441406
55,ails2_etaMax0.010_stoppingTime432000.00,465499.0,486.4434377441406
56,ails2_eoh_acc,465289.0,493.07743774414064
57,ails2_etaMax0.020_stoppingTime86400.00,465481.0,486.85143774414064
58,ails2_etaMax0.005_stoppingTime86400.00,465562.0,480.5854377441406
59,filo2,478479.0,505.4965965747833
60,ails2_etaMax1.000_stoppingTime86400.00,470356.0,461.8844377441406
61,ails2_eoh_omega2,465831.0,536.7384377441406
62,ails2_etaMax0.020_stoppingTime86400.00,465460.0,503.2234377441406
63,ails2_eoh_acc,465219.0,549.5464377441406
64,ails2_etaMax0.005_stoppingTime86400.00,465510.0,535.6404377441406
65,ails2_etaMax0.010_stoppingTime432000.00,465466.0,513.9744377441406
66,filo2,478139.0,565.6219706535339
67,ails2_etaMax1.000_stoppingTime86400.00,470247.0,526.9124377441407
68,ails2_etaMax1.000_stoppingTime432000.00,470352.0,586.3904377441406
69,ails2_eoh_omega2,465734.0,588.6514377441406
70,ails2_etaMax0.020_stoppingTime86400.00,465382.0,587.8194377441406
71,ails2_etaMax0.005_stoppingTime86400.00,465463.0,602.9154377441406
72,ails2_eoh_acc,465171.0,612.1274377441406
73,ails2_etaMax0.010_stoppingTime432000.00,465463.0,600.0624377441407
74,filo2,477486.0,625.7143287658691
75,ails2_etaMax1.000_stoppingTime864000.00,470013.0,642.1004377441407
76,ails2_etaMax1.000_stoppingTime432000.00,470315.0,586.5384377441407
77,ails2_eoh_omega2,465663.0,645.4564377441407
78,ails2_etaMax0.005_stoppingTime86400.00,465356.0,675.8624377441406
79,ails2_etaMax0.010_stoppingTime432000.00,465446.0,676.0694377441406
80,ails2_etaMax0.020_stoppingTime86400.00,465365.0,674.5074377441406
81,ails2_eoh_acc,465124.0,675.3084377441406
82,filo2,476817.0,685.7332446575165
83,ails2_etaMax1.000_stoppingTime864000.00,469834.0,642.2924377441407
84,ails2_eoh_omega2,465604.0,728.3184377441406
85,ails2_eoh_acc,465112.0,720.0784377441406
86,ails2_etaMax0.005_stoppingTime86400.00,465319.0,733.9284377441406
87,ails2_etaMax0.010_stoppingTime432000.00,465442.0,679.0634377441406
88,ails2_etaMax0.020_stoppingTime86400.00,465343.0,682.4704377441407
89,ails2_etaMax1.000_stoppingTime1728000.00,470272.0,777.2914377441406
90,ails2_eoh_omega2,465532.0,789.4784377441406
91,ails2_etaMax0.010_stoppingTime432000.00,465431.0,765.0274377441406
92,ails2_etaMax0.020_stoppingTime86400.00,465337.0,738.2464377441406
93,ails2_etaMax0.005_stoppingTime86400.00,465229.0,763.1404377441406
94,ails2_eoh_acc,465109.0,759.8684377441406
95,ails2_etaMax1.000_stoppingTime1728000.00,470210.0,778.1584377441407
96,ails2_eoh_omega2,465526.0,832.1194377441407
97,ails2_etaMax0.005_stoppingTime86400.00,465226.0,809.5104377441406
98,ails2_etaMax0.020_stoppingTime86400.00,465294.0,859.2244377441406
99,ails2_eoh_acc,465056.0,855.5814377441407
100,ails2_etaMax0.010_stoppingTime432000.00,465430.0,841.7914377441406
101,ails2_etaMax0.020_stoppingTime86400.00,465276.0,863.5424377441407
102,ails2_etaMax0.010_stoppingTime432000.00,465418.0,919.9344377441406
103,ails2_eoh_acc,465055.0,921.2114377441407
104,ails2_eoh_omega2,465521.0,927.0524377441407
105,ails2_etaMax0.005_stoppingTime86400.00,465225.0,980.9014377441406
106,ails2_etaMax0.010_stoppingTime432000.00,465317.0,978.1214377441406
107,ails2_eoh_acc,465012.0,980.6914377441407
108,ails2_eoh_omega2,465489.0,943.2604377441406
109,ails2_etaMax0.020_stoppingTime86400.00,465275.0,1017.1664377441406
110,ails2_etaMax0.005_stoppingTime86400.00,465194.0,1039.3714377441406
111,ails2_etaMax0.010_stoppingTime432000.00,465296.0,1019.9454377441406
112,ails2_eoh_acc,465001.0,1039.2814377441407
113,ails2_eoh_omega2,465482.0,1045.0054377441406
114,ails2_etaMax0.020_stoppingTime86400.00,465261.0,1021.5504377441406
115,ails2_etaMax0.005_stoppingTime86400.00,465193.0,1090.3034377441406
116,ails2_etaMax0.010_stoppingTime432000.00,465277.0,1098.9704377441406
117,ails2_eoh_acc,464948.0,1086.8454377441406
118,ails2_eoh_omega2,465452.0,1105.2814377441407
119,ails2_etaMax1.000_stoppingTime86400.00,470235.0,1113.4874377441406
120,ails2_etaMax0.020_stoppingTime86400.00,465216.0,1125.2614377441407
121,ails2_etaMax0.005_stoppingTime86400.00,465151.0,1156.9834377441407
122,ails2_etaMax0.010_stoppingTime432000.00,465260.0,1146.3084377441405
123,ails2_eoh_acc,464942.0,1152.9364377441407
124,ails2_eoh_omega2,465449.0,1162.4664377441406
125,ails2_etaMax1.000_stoppingTime86400.00,470185.0,1113.5254377441406
126,ails2_etaMax0.020_stoppingTime86400.00,465196.0,1177.8364377441405
127,ails2_etaMax1.000_stoppingTime432000.00,470284.0,1216.9104377441406
128,ails2_etaMax0.005_stoppingTime86400.00,465142.0,1183.8324377441406
129,ails2_eoh_acc,464909.0,1206.4754377441407
130,ails2_etaMax0.010_stoppingTime432000.00,465254.0,1175.5044377441407
131,ails2_eoh_omega2,465409.0,1230.7724377441407
132,ails2_etaMax1.000_stoppingTime432000.00,470276.0,1216.9864377441406
133,ails2_etaMax0.005_stoppingTime86400.00,465131.0,1280.1444377441405
134,ails2_eoh_acc,464860.0,1280.4164377441407
135,ails2_eoh_omega2,465348.0,1281.7204377441406
136,ails2_etaMax0.005_stoppingTime86400.00,465120.0,1325.5044377441407
137,ails2_eoh_acc,464858.0,1289.7084377441406
138,ails2_eoh_omega2,465258.0,1346.6424377441406
139,ails2_etaMax0.005_stoppingTime86400.00,465115.0,1394.8584377441407
140,ails2_eoh_acc,464838.0,1391.9434377441407
141,ails2_eoh_omega2,465244.0,1389.0184377441406
142,ails2_etaMax0.010_stoppingTime432000.00,465253.0,1428.0044377441407
143,ails2_eoh_acc,464836.0,1436.6024377441406
144,ails2_eoh_omega2,465221.0,1449.6414377441406
145,ails2_etaMax0.010_stoppingTime432000.00,465221.0,1479.0394377441405
146,ails2_etaMax0.005_stoppingTime86400.00,465111.0,1498.0874377441405
147,ails2_eoh_omega2,465194.0,1528.2684377441406
148,ails2_etaMax0.010_stoppingTime432000.00,465189.0,1536.5344377441406
149,ails2_etaMax0.005_stoppingTime86400.00,465090.0,1545.0094377441405
150,ails2_etaMax0.020_stoppingTime86400.00,465192.0,1584.6364377441407
151,ails2_eoh_acc,464835.0,1596.5694377441407
152,ails2_eoh_omega2,465175.0,1566.4564377441407
153,ails2_etaMax0.010_stoppingTime432000.00,465174.0,1609.5604377441407
154,ails2_etaMax0.005_stoppingTime86400.00,465087.0,1601.8304377441407
155,ails2_etaMax0.020_stoppingTime86400.00,465122.0,1644.1404377441406
156,ails2_eoh_omega2,465102.0,1611.3234377441406
157,ails2_etaMax0.010_stoppingTime432000.00,465156.0,1657.5794377441407
158,ails2_etaMax0.005_stoppingTime86400.00,465074.0,1654.2314377441405
159,ails2_etaMax1.000_stoppingTime86400.00,470111.0,1701.5554377441406
160,ails2_etaMax0.020_stoppingTime86400.00,465113.0,1645.9254377441407
161,ails2_eoh_omega2,465011.0,1699.1514377441406
162,ails2_etaMax0.010_stoppingTime432000.00,465131.0,1718.9894377441406
163,ails2_etaMax0.005_stoppingTime86400.00,465068.0,1731.2594377441405
164,ails2_etaMax0.020_stoppingTime86400.00,465100.0,1760.7894377441405
165,ails2_eoh_acc,464834.0,1770.0274377441406
166,ails2_eoh_omega2,464989.0,1766.0784377441407
167,ails2_etaMax0.010_stoppingTime432000.00,465096.0,1769.6944377441407
168,ails2_etaMax0.005_stoppingTime86400.00,464945.0,1791.7674377441406
169,ails2_etaMax0.020_stoppingTime86400.00,465007.0,1820.2394377441406
170,ails2_eoh_omega2,464931.0,1823.5874377441405
171,ails2_etaMax0.010_stoppingTime432000.00,465085.0,1834.0004377441405
172,ails2_etaMax0.005_stoppingTime86400.00,464942.0,1830.7364377441406
173,ails2_etaMax0.020_stoppingTime86400.00,464986.0,1888.9474377441406
174,ails2_eoh_omega2,464891.0,1897.8204377441407
175,ails2_etaMax0.010_stoppingTime432000.00,465084.0,1887.7874377441406
176,ails2_etaMax0.005_stoppingTime86400.00,464895.0,1894.2904377441407
177,ails2_etaMax0.020_stoppingTime86400.00,464980.0,1890.0164377441406
178,ails2_eoh_omega2,464859.0,1959.1564377441407
179,ails2_etaMax0.010_stoppingTime432000.00,465065.0,1950.3354377441406
180,ails2_etaMax1.000_stoppingTime86400.00,470102.0,2001.1674377441407
181,ails2_eoh_acc,464831.0,2010.6734377441405
182,ails2_eoh_omega2,464807.0,2010.4484377441406
183,ails2_etaMax0.010_stoppingTime432000.00,465061.0,1988.6394377441407
184,ails2_etaMax1.000_stoppingTime86400.00,469961.0,2001.3654377441405
185,ails2_eoh_acc,464821.0,2042.5864377441405
186,ails2_eoh_omega2,464733.0,2083.3444377441406
187,ails2_etaMax0.010_stoppingTime432000.00,465047.0,2096.1554377441407
188,ails2_etaMax0.020_stoppingTime86400.00,464978.0,2107.6294377441404
189,ails2_etaMax0.005_stoppingTime86400.00,464894.0,2120.1754377441407
190,ails2_etaMax0.020_stoppingTime86400.00,464977.0,2107.910437744141
191,ails2_etaMax0.005_stoppingTime86400.00,464859.0,2163.5434377441406
192,ails2_eoh_omega2,464732.0,2221.8064377441406
193,ails2_etaMax1.000_stoppingTime86400.00,469926.0,2236.5184377441406
194,ails2_etaMax0.005_stoppingTime86400.00,464849.0,2229.0874377441405
195,ails2_eoh_acc,464820.0,2252.354437744141
196,ails2_eoh_omega2,464716.0,2230.1824377441408
197,ails2_etaMax1.000_stoppingTime86400.00,469743.0,2236.7304377441405
198,ails2_etaMax0.005_stoppingTime86400.00,464843.0,2287.1654377441405
199,ails2_etaMax0.010_stoppingTime432000.00,465046.0,2305.9234377441408
200,ails2_etaMax0.020_stoppingTime86400.00,464973.0,2306.1184377441405
201,ails2_eoh_acc,464818.0,2272.2064377441407
202,ails2_eoh_omega2,464706.0,2313.6054377441405
203,ails2_etaMax0.005_stoppingTime86400.00,464828.0,2358.3904377441404
204,ails2_etaMax0.020_stoppingTime86400.00,464936.0,2354.756437744141
205,ails2_etaMax0.010_stoppingTime432000.00,465032.0,2307.8404377441407
206,ails2_etaMax0.005_stoppingTime86400.00,464827.0,2436.997437744141
207,ails2_etaMax0.005_stoppingTime86400.00,464819.0,2468.950437744141
208,ails2_etaMax0.005_stoppingTime86400.00,464812.0,2575.0804377441405
209,ails2_etaMax0.005_stoppingTime86400.00,464790.0,2620.8674377441407
210,ails2_etaMax0.010_stoppingTime432000.00,465031.0,2655.4894377441406
211,ails2_etaMax0.005_stoppingTime86400.00,464776.0,2692.595437744141
212,ails2_etaMax0.010_stoppingTime432000.00,465015.0,2713.459437744141
213,ails2_eoh_omega2,464705.0,2717.4004377441406
214,ails2_eoh_omega2,464695.0,2766.4204377441406
215,ails2_etaMax0.005_stoppingTime86400.00,464775.0,2788.5744377441406
216,ails2_eoh_omega2,464688.0,2814.2234377441405
217,ails2_etaMax0.010_stoppingTime432000.00,465013.0,2847.3314377441407
218,ails2_etaMax0.005_stoppingTime86400.00,464771.0,2839.6464377441407
219,ails2_etaMax0.010_stoppingTime432000.00,465006.0,2852.3904377441404
220,ails2_etaMax0.005_stoppingTime86400.00,464761.0,2907.276437744141
221,ails2_etaMax0.010_stoppingTime432000.00,464994.0,2956.7434377441405
222,ails2_etaMax0.005_stoppingTime86400.00,464755.0,2914.6654377441405
223,ails2_etaMax1.000_stoppingTime432000.00,470242.0,2982.4264377441405
224,ails2_etaMax1.000_stoppingTime86400.00,469723.0,3014.7534377441407
225,ails2_etaMax0.020_stoppingTime86400.00,464934.0,3032.7394377441406
226,ails2_etaMax1.000_stoppingTime432000.00,470204.0,2982.4624377441405
227,ails2_eoh_omega2,464687.0,3045.816437744141
228,ails2_etaMax0.020_stoppingTime86400.00,464913.0,3037.7884377441405
229,ails2_eoh_acc,464816.0,3102.8034377441404
230,ails2_etaMax1.000_stoppingTime432000.00,470176.0,3058.6874377441404
231,ails2_eoh_omega2,464682.0,3049.0094377441405
232,ails2_etaMax0.005_stoppingTime86400.00,464754.0,3115.1854377441405
233,ails2_eoh_acc,464809.0,3152.7374377441406
234,ails2_eoh_omega2,464679.0,3157.2974377441406
235,ails2_etaMax0.005_stoppingTime86400.00,464747.0,3170.3374377441405
236,ails2_etaMax0.005_stoppingTime86400.00,464744.0,3213.1274377441405
237,ails2_etaMax0.020_stoppingTime86400.00,464910.0,3236.354437744141
238,ails2_etaMax0.010_stoppingTime432000.00,464993.0,3262.787437744141
239,ails2_etaMax0.010_stoppingTime432000.00,464987.0,3271.0104377441407
240,ails2_etaMax0.020_stoppingTime86400.00,464905.0,3360.6004377441404
241,ails2_eoh_omega2,464675.0,3365.4924377441407
242,ails2_etaMax0.010_stoppingTime432000.00,464979.0,3384.0544377441406
243,ails2_etaMax0.020_stoppingTime86400.00,464885.0,3412.9144377441407
244,ails2_eoh_omega2,464672.0,3423.4604377441406
245,ails2_etaMax0.010_stoppingTime432000.00,464969.0,3428.7514377441407
246,ails2_etaMax0.020_stoppingTime86400.00,464878.0,3477.499437744141
247,ails2_etaMax0.020_stoppingTime86400.00,464860.0,3514.2804377441407
248,ails2_eoh_acc_large,464645.0,3655.2834377441404
249,ails2_eoh_acc_large,464638.0,3725.9374377441404
250,ails2_etaMax1.000_stoppingTime432000.00,470173.0,3732.2244377441407
251,ails2_etaMax0.010_stoppingTime432000.00,464968.0,3740.4094377441406
252,ails2_eoh_acc_large,464636.0,3734.1204377441404
253,ails2_etaMax1.000_stoppingTime432000.00,470172.0,3732.2534377441407
254,ails2_etaMax0.010_stoppingTime432000.00,464967.0,3753.1664377441407
255,ails2_eoh_omega2,464671.0,3806.2544377441404
256,ails2_eoh_acc_large,464632.0,3847.8684377441405
257,ails2_eoh_omega2,464662.0,3831.0614377441407
258,ails2_etaMax1.000_stoppingTime86400.00,469700.0,3907.6194377441407
259,ails2_eoh_acc_large,464631.0,3866.3604377441407
260,ails2_eoh_omega2,464647.0,3920.0984377441405
261,ails2_etaMax0.010_stoppingTime432000.00,464965.0,3940.613437744141
262,ails2_eoh_acc_large,464623.0,3955.9724377441407
263,ails2_eoh_omega2,464639.0,3958.0314377441405
264,ails2_etaMax0.010_stoppingTime432000.00,464963.0,3941.3984377441407
265,ails2_eoh_acc_large,464610.0,4027.910437744141
266,ails2_etaMax0.010_stoppingTime432000.00,464953.0,4060.698437744141
267,ails2_eoh_omega2,464638.0,4198.766437744141
268,ails2_eoh_acc_large,464609.0,4254.2704377441405
269,ails2_etaMax0.010_stoppingTime432000.00,464952.0,4258.576437744141
270,ails2_etaMax1.000_stoppingTime86400.00,469692.0,4258.705437744141
271,ails2_eoh_omega2,464617.0,4219.852437744141
272,ails2_etaMax1.000_stoppingTime86400.00,469437.0,4259.294437744141
273,ails2_eoh_omega2,464616.0,4332.2214377441405
274,ails2_etaMax0.010_stoppingTime432000.00,464951.0,4336.065437744141
275,ails2_eoh_omega2,464608.0,4382.85943774414
276,ails2_etaMax0.010_stoppingTime432000.00,464944.0,4349.59943774414
277,ails2_eoh_acc_large,464608.0,4400.446437744141
278,ails2_eoh_acc,464671.0,4429.39943774414
279,ails2_eoh_omega2,464607.0,4396.853437744141
280,HGS-TV,464634.0,4453.536418914795
281,ails2_eoh_acc_large,464591.0,4429.93843774414
282,ails2_eoh_acc,464668.0,4457.061437744141
283,ails2_eoh_acc_large,464571.0,4517.940437744141
284,ails2_eoh_acc,464664.0,4538.527437744141
285,ails2_eoh_acc,464659.0,4611.8954377441405
286,ails2_eoh_omega2,464606.0,4683.02343774414
287,ails2_eoh_acc,464652.0,4728.031437744141
288,ails2_eoh_omega2,464604.0,4704.29143774414
289,ails2_eoh_omega2,464577.0,4789.741437744141
290,ails2_eoh_acc,464651.0,4931.392437744141
291,ails2_eoh_acc,464634.0,4988.829437744141
292,ails2_eoh_acc,464632.0,5040.22043774414
293,ails2_eoh_acc,464630.0,5071.556437744141
294,ails2_eoh_acc_large,464569.0,5164.534437744141
295,ails2_etaMax1.000_stoppingTime86400.00,469393.0,5177.423437744141
296,ails2_etaMax0.010_stoppingTime432000.00,464943.0,5207.61743774414
297,ails2_eoh_acc_large,464564.0,5212.200437744141
298,ails2_etaMax1.000_stoppingTime86400.00,469334.0,5177.536437744141
299,ails2_etaMax0.010_stoppingTime432000.00,464937.0,5213.0024377441405
300,ails2_eoh_acc_large,464548.0,5254.326437744141
301,ails2_etaMax0.010_stoppingTime432000.00,464936.0,5297.963437744141
302,ails2_eoh_acc_large,464547.0,5418.496437744141
303,ails2_eoh_acc_large,464543.0,5475.893437744141
304,ails2_eoh_omega2,464576.0,5530.491437744141
305,ails2_etaMax0.020_stoppingTime86400.00,464670.0,5585.424437744141
306,ails2_eoh_omega2,464558.0,5577.735437744141
307,ails2_etaMax0.020_stoppingTime86400.00,464638.0,5641.3554377441405
308,ails2_etaMax0.020_stoppingTime86400.00,464578.0,5706.55543774414
309,HGS-TV,464631.0,5792.496621608734
310,ails2_etaMax0.020_stoppingTime86400.00,464576.0,5801.43043774414
311,ails2_eoh_acc,464629.0,5856.6944377441405
312,ails2_etaMax0.020_stoppingTime86400.00,464540.0,5833.686437744141
313,ails2_etaMax1.000_stoppingTime86400.00,469304.0,5863.371437744141
314,ails2_etaMax0.020_stoppingTime86400.00,464537.0,5900.91243774414
315,ails2_etaMax1.000_stoppingTime86400.00,469260.0,5863.405437744141
316,HGS-TV,464629.0,5978.076034069061
317,ails2_etaMax0.020_stoppingTime86400.00,464532.0,5957.128437744141
318,ails2_eoh_omega2,464557.0,6023.450437744141
319,ails2_etaMax0.010_stoppingTime432000.00,464932.0,6043.034437744141
320,ails2_eoh_omega2,464548.0,6025.88143774414
321,ails2_eoh_acc_large,464540.0,6088.803437744141
322,ails2_etaMax0.010_stoppingTime432000.00,464928.0,6045.815437744141
323,ails2_eoh_acc_large,464539.0,6108.72043774414
324,ails2_etaMax0.010_stoppingTime432000.00,464920.0,6141.656437744141
325,ails2_etaMax0.020_stoppingTime86400.00,464530.0,6202.509437744141
326,ails2_etaMax0.010_stoppingTime432000.00,464911.0,6200.21643774414
327,ails2_etaMax0.020_stoppingTime86400.00,464509.0,6211.580437744141
328,ails2_etaMax0.020_stoppingTime86400.00,464506.0,6330.8464377441405
329,ails2_etaMax0.010_stoppingTime432000.00,464907.0,6337.6054377441405
330,ails2_etaMax0.020_stoppingTime86400.00,464501.0,6331.637437744141
331,ails2_etaMax0.010_stoppingTime432000.00,464899.0,6345.308437744141
332,ails2_eoh_omega2,464547.0,6412.06343774414
333,ails2_eoh_omega2,464542.0,6414.353437744141
334,ails2_eoh_acc_large,464534.0,6490.535437744141
335,ails2_eoh_acc_large,464530.0,6498.901437744141
336,ails2_etaMax0.010_stoppingTime432000.00,464898.0,6562.623437744141
337,ails2_etaMax1.000_stoppingTime86400.00,469253.0,6623.9534377441405
338,ails2_etaMax1.000_stoppingTime86400.00,469231.0,6624.047437744141
339,ails2_etaMax0.010_stoppingTime432000.00,464895.0,6693.624437744141
340,ails2_etaMax0.010_stoppingTime432000.00,464889.0,6703.24743774414
341,ails2_etaMax0.010_stoppingTime432000.00,464881.0,6809.182437744141
342,ails2_etaMax0.005_stoppingTime86400.00,464669.0,6852.307437744141
343,ails2_etaMax0.010_stoppingTime432000.00,464879.0,6823.15843774414
344,ails2_etaMax0.005_stoppingTime86400.00,464662.0,6872.227437744141
345,ails2_etaMax0.010_stoppingTime432000.00,464875.0,6924.91743774414
346,ails2_etaMax0.005_stoppingTime86400.00,464658.0,6968.95743774414
347,ails2_etaMax0.010_stoppingTime432000.00,464868.0,6961.7614377441405
348,ails2_etaMax1.000_stoppingTime1728000.00,470209.0,7008.3554377441405
349,ails2_etaMax0.005_stoppingTime86400.00,464655.0,7033.603437744141
350,ails2_etaMax1.000_stoppingTime86400.00,469217.0,7065.79643774414
351,ails2_etaMax0.010_stoppingTime432000.00,464866.0,7076.174437744141
352,ails2_eoh_omega2,464539.0,7095.459437744141
353,ails2_etaMax0.005_stoppingTime86400.00,464651.0,7091.99743774414
354,ails2_etaMax1.000_stoppingTime86400.00,469099.0,7068.239437744141
355,ails2_etaMax0.010_stoppingTime432000.00,464865.0,7076.30043774414
356,ails2_eoh_omega2,464505.0,7150.92543774414
357,ails2_etaMax0.005_stoppingTime86400.00,464647.0,7099.611437744141
358,ails2_etaMax0.010_stoppingTime432000.00,464863.0,7144.21143774414
359,ails2_eoh_acc,464628.0,7199.200437744141
360,ails2_eoh_omega2,464496.0,7192.284437744141
361,ails2_eoh_acc_large,464492.0,7261.062437744141
362,ails2_eoh_omega2,464491.0,7259.2434377441405
363,ails2_eoh_acc_large,464453.0,7308.156437744141
364,ails2_etaMax1.000_stoppingTime86400.00,469093.0,7386.932437744141
365,ails2_eoh_acc_large,464449.0,7367.722437744141
366,ails2_etaMax0.010_stoppingTime432000.00,464862.0,7420.554437744141
367,ails2_eoh_acc_large,464434.0,7434.936437744141
368,ails2_eoh_omega2,464490.0,7468.03343774414
369,ails2_etaMax0.010_stoppingTime432000.00,464858.0,7470.94743774414
370,ails2_eoh_acc_large,464422.0,7502.045437744141
371,ails2_eoh_omega2,464487.0,7469.51043774414
372,ails2_eoh_acc_large,464420.0,7539.062437744141
373,ails2_etaMax1.000_stoppingTime432000.00,470164.0,7582.210437744141
374,ails2_etaMax1.000_stoppingTime1728000.00,470175.0,7606.38043774414
375,ails2_etaMax0.010_stoppingTime432000.00,464857.0,7609.583437744141
376,ails2_eoh_acc_large,464418.0,7595.659437744141
377,ails2_etaMax1.000_stoppingTime432000.00,469955.0,7582.3864377441405
378,ails2_etaMax1.000_stoppingTime1728000.00,470174.0,7606.40843774414
379,ails2_etaMax0.010_stoppingTime432000.00,464854.0,7663.968437744141
380,ails2_eoh_acc_large,464415.0,7658.960437744141
381,ails2_etaMax0.005_stoppingTime86400.00,464498.0,7711.53343774414
382,ails2_etaMax1.000_stoppingTime86400.00,469088.0,7727.02443774414
383,ails2_etaMax0.005_stoppingTime86400.00,464434.0,7762.98843774414
384,ails2_etaMax1.000_stoppingTime86400.00,468907.0,7727.8464377441405
385,ails2_eoh_acc_large,464411.0,7804.517437744141
386,ails2_etaMax1.000_stoppingTime86400.00,468795.0,7792.132437744141
387,ails2_etaMax0.005_stoppingTime86400.00,464430.0,7856.66643774414
388,ails2_etaMax0.005_stoppingTime86400.00,464402.0,7910.63143774414
389,ails2_etaMax0.005_stoppingTime86400.00,464396.0,7949.209437744141
390,ails2_eoh_acc_large,464404.0,7991.161437744141
391,ails2_etaMax0.005_stoppingTime86400.00,464393.0,8023.68943774414
392,ails2_etaMax1.000_stoppingTime86400.00,468793.0,8046.3954377441405
393,ails2_eoh_acc_large,464400.0,8013.534437744141
394,ails2_etaMax1.000_stoppingTime86400.00,468536.0,8047.97443774414
395,ails2_eoh_acc_large,464398.0,8067.75543774414
396,ails2_eoh_omega2,464486.0,8126.459437744141
397,ails2_etaMax0.005_stoppingTime86400.00,464392.0,8136.5694377441405
398,ails2_etaMax1.000_stoppingTime1728000.00,470165.0,8141.424437744141
399,ails2_eoh_acc_large,464392.0,8117.967437744141
400,ails2_eoh_omega2,464476.0,8147.614437744141
401,ails2_etaMax0.005_stoppingTime86400.00,464386.0,8139.722437744141
402,ails2_etaMax1.000_stoppingTime1728000.00,470029.0,8141.60943774414
403,ails2_eoh_acc_large,464387.0,8230.38343774414
404,ails2_etaMax0.005_stoppingTime86400.00,464379.0,8215.84043774414
405,ails2_etaMax0.010_stoppingTime432000.00,464853.0,8266.23443774414
406,ails2_eoh_omega2,464474.0,8282.460437744141
407,ails2_etaMax0.005_stoppingTime86400.00,464378.0,8298.641437744142
408,ails2_etaMax0.010_stoppingTime432000.00,464837.0,8297.16943774414
409,ails2_eoh_omega2,464473.0,8284.025437744142
410,ails2_etaMax1.000_stoppingTime1728000.00,470021.0,8348.399437744141
411,ails2_eoh_acc_large,464376.0,8383.32543774414
412,ails2_etaMax0.010_stoppingTime432000.00,464834.0,8340.30743774414
413,ails2_etaMax1.000_stoppingTime1728000.00,469947.0,8349.06243774414
414,ails2_etaMax0.005_stoppingTime86400.00,464374.0,8412.37643774414
415,ails2_etaMax0.005_stoppingTime86400.00,464373.0,8412.42243774414
416,ails2_eoh_acc_large,464375.0,8475.00243774414
417,ails2_eoh_omega2,464471.0,8485.21343774414
418,ails2_eoh_acc_large,464347.0,8494.77143774414
419,ails2_eoh_omega2,464465.0,8485.84843774414
420,ails2_etaMax0.005_stoppingTime86400.00,464372.0,8888.42843774414
421,ails2_etaMax0.010_stoppingTime432000.00,464831.0,8908.71343774414
422,ails2_eoh_acc_large,464346.0,8935.10643774414
423,ails2_etaMax0.005_stoppingTime86400.00,464371.0,8888.49143774414
424,ails2_etaMax0.010_stoppingTime432000.00,464826.0,8942.73543774414
425,ails2_etaMax1.000_stoppingTime432000.00,469941.0,8983.41443774414
426,ails2_eoh_acc_large,464344.0,8954.36043774414
427,ails2_etaMax0.010_stoppingTime432000.00,464820.0,9002.07443774414
428,ails2_etaMax1.000_stoppingTime432000.00,469890.0,8983.444437744141
429,ails2_etaMax0.010_stoppingTime432000.00,464818.0,9173.462437744141
430,ails2_etaMax0.010_stoppingTime432000.00,464790.0,9233.86843774414
431,ails2_eoh_acc_large,464343.0,9266.246437744141
432,ails2_etaMax0.010_stoppingTime432000.00,464765.0,9245.60143774414
433,ails2_etaMax0.010_stoppingTime432000.00,464760.0,9314.193437744141
434,ails2_etaMax0.005_stoppingTime86400.00,464370.0,9452.65143774414
435,ails2_etaMax0.010_stoppingTime432000.00,464759.0,9571.68743774414
436,ails2_etaMax0.010_stoppingTime432000.00,464756.0,9630.400437744142
437,ails2_etaMax0.010_stoppingTime432000.00,464755.0,9797.53743774414
438,ails2_etaMax0.010_stoppingTime432000.00,464754.0,9797.64343774414
439,ails2_etaMax0.010_stoppingTime432000.00,464751.0,9950.40443774414
440,ails2_etaMax0.010_stoppingTime432000.00,464716.0,9999.17743774414
441,ails2_eoh_acc_large,464340.0,10066.28543774414
442,ails2_etaMax0.010_stoppingTime432000.00,464715.0,10078.257437744141
443,ails2_etaMax0.010_stoppingTime432000.00,464708.0,10132.10043774414
444,ails2_etaMax1.000_stoppingTime86400.00,468517.0,10179.049437744141
445,ails2_etaMax0.010_stoppingTime432000.00,464703.0,10190.37443774414
446,ails2_etaMax1.000_stoppingTime86400.00,468452.0,10179.174437744141
447,ails2_etaMax0.010_stoppingTime432000.00,464702.0,10228.89343774414
448,ails2_etaMax0.010_stoppingTime432000.00,464701.0,10612.498437744141
449,ails2_etaMax0.010_stoppingTime432000.00,464697.0,10660.522437744141
450,ails2_etaMax1.000_stoppingTime86400.00,468445.0,10716.478437744141
451,ails2_etaMax0.010_stoppingTime432000.00,464696.0,10747.639437744141
452,ails2_etaMax0.010_stoppingTime432000.00,464690.0,10752.58943774414
453,ails2_etaMax1.000_stoppingTime432000.00,469866.0,10861.97743774414
454,ails2_etaMax0.010_stoppingTime432000.00,464687.0,10932.308437744141
455,ails2_etaMax1.000_stoppingTime86400.00,468438.0,11186.49243774414
456,ails2_etaMax1.000_stoppingTime86400.00,468417.0,11187.301437744141
457,ails2_etaMax1.000_stoppingTime432000.00,469854.0,11691.28843774414
458,ails2_etaMax1.000_stoppingTime432000.00,469813.0,11691.326437744141
459,ails2_etaMax1.000_stoppingTime86400.00,468393.0,11955.67243774414
460,ails2_etaMax1.000_stoppingTime86400.00,468240.0,11959.104437744141
461,ails2_etaMax0.010_stoppingTime432000.00,464684.0,12544.25143774414
462,ails2_etaMax0.010_stoppingTime432000.00,464678.0,12594.55443774414
463,ails2_etaMax0.010_stoppingTime432000.00,464673.0,12819.266437744142
464,ails2_etaMax0.010_stoppingTime432000.00,464665.0,12831.56343774414
465,ails2_etaMax0.010_stoppingTime432000.00,464664.0,12956.20043774414
466,ails2_etaMax0.010_stoppingTime432000.00,464648.0,13005.70443774414
467,ails2_etaMax0.010_stoppingTime432000.00,464646.0,13046.57043774414
468,ails2_etaMax1.000_stoppingTime432000.00,469769.0,13109.148437744141
469,ails2_etaMax0.010_stoppingTime432000.00,464645.0,13094.50243774414
470,ails2_etaMax1.000_stoppingTime86400.00,468230.0,13168.835437744141
471,ails2_etaMax1.000_stoppingTime432000.00,469728.0,13109.183437744141
472,ails2_etaMax1.000_stoppingTime86400.00,468017.0,13228.382437744141
473,ails2_etaMax1.000_stoppingTime86400.00,467987.0,13245.52843774414
474,ails2_eoh_omega2,464462.0,13328.11643774414
475,ails2_eoh_omega2,464456.0,13328.453437744141
476,ails2_eoh_omega2,464454.0,13423.194437744141
477,ails2_etaMax1.000_stoppingTime432000.00,469701.0,13459.49243774414
478,ails2_etaMax1.000_stoppingTime432000.00,469468.0,13460.174437744141
479,ails2_eoh_omega2,464453.0,13524.79443774414
480,ails2_eoh_omega2,464444.0,13564.80243774414
481,ails2_eoh_omega2,464443.0,13906.998437744141
482,ails2_etaMax1.000_stoppingTime86400.00,467969.0,13926.46343774414
483,ails2_eoh_omega2,464433.0,13949.70843774414
484,ails2_etaMax1.000_stoppingTime86400.00,467834.0,13933.11543774414
485,ails2_eoh_omega2,464432.0,14082.97643774414
486,ails2_etaMax0.010_stoppingTime432000.00,464643.0,14202.30743774414
487,ails2_etaMax0.010_stoppingTime432000.00,464642.0,14405.683437744141
488,ails2_etaMax0.010_stoppingTime432000.00,464631.0,14448.639437744141
489,ails2_etaMax1.000_stoppingTime86400.00,467748.0,14614.12843774414
490,ails2_etaMax1.000_stoppingTime86400.00,467526.0,14614.49243774414
491,ails2_eoh_omega2,464428.0,14705.775437744142
492,ails2_etaMax0.010_stoppingTime432000.00,464629.0,14732.08943774414
493,ails2_eoh_omega2,464426.0,14706.36043774414
494,ails2_etaMax0.010_stoppingTime432000.00,464627.0,14732.69143774414
495,ails2_eoh_omega2,464424.0,14890.559437744141
496,ails2_eoh_omega2,464423.0,15016.586437744141
497,ails2_etaMax0.010_stoppingTime432000.00,464626.0,15069.942437744141
498,ails2_eoh_omega2,464418.0,15021.41843774414
499,ails2_etaMax0.010_stoppingTime432000.00,464620.0,15074.12543774414
500,ails2_eoh_omega2,464417.0,15581.56143774414
501,ails2_etaMax0.010_stoppingTime432000.00,464618.0,16040.371437744141
502,ails2_etaMax0.010_stoppingTime432000.00,464609.0,16100.81143774414
503,ails2_eoh_omega2,464416.0,16111.27043774414
504,ails2_etaMax0.010_stoppingTime432000.00,464600.0,16133.37543774414
505,ails2_etaMax1.000_stoppingTime864000.00,469814.0,16775.74643774414
506,ails2_etaMax1.000_stoppingTime864000.00,469672.0,16777.17943774414
507,ails2_etaMax0.010_stoppingTime432000.00,464599.0,17560.350437744142
508,ails2_etaMax1.000_stoppingTime86400.00,467514.0,17620.20143774414
509,ails2_etaMax1.000_stoppingTime432000.00,469455.0,17627.78243774414
510,ails2_etaMax1.000_stoppingTime86400.00,467467.0,17626.59243774414
511,ails2_etaMax1.000_stoppingTime432000.00,469419.0,17628.72643774414
512,ails2_etaMax1.000_stoppingTime1728000.00,469931.0,17803.02243774414
513,ails2_etaMax1.000_stoppingTime1728000.00,469925.0,17803.45143774414
514,ails2_etaMax0.020_stoppingTime86400.00,464337.0,17933.46243774414
515,ails2_etaMax1.000_stoppingTime86400.00,467464.0,17963.10443774414
516,ails2_etaMax0.020_stoppingTime86400.00,464321.0,17977.92943774414
517,ails2_etaMax1.000_stoppingTime86400.00,467437.0,17982.80043774414
518,ails2_etaMax0.010_stoppingTime432000.00,464598.0,18078.350437744142
519,ails2_etaMax1.000_stoppingTime86400.00,467418.0,18317.62543774414
520,HGS-TV,464300.0,18318.00305390358
521,ails2_etaMax1.000_stoppingTime86400.00,467356.0,18317.65943774414
522,ails2_etaMax1.000_stoppingTime86400.00,467233.0,18416.39243774414
523,ails2_eoh_acc_large,464316.0,18522.84543774414
524,ails2_eoh_acc_large,464306.0,18579.17343774414
525,ails2_eoh_acc_large,464305.0,18648.63243774414
526,ails2_etaMax1.000_stoppingTime86400.00,467218.0,18654.16543774414
527,ails2_etaMax0.010_stoppingTime432000.00,464597.0,18690.84543774414
528,ails2_eoh_acc_large,464290.0,18699.975437744142
529,ails2_etaMax0.010_stoppingTime432000.00,464596.0,18699.68143774414
530,ails2_eoh_acc_large,464283.0,18762.88143774414
531,ails2_etaMax1.000_stoppingTime86400.00,467197.0,18829.05343774414
532,ails2_etaMax1.000_stoppingTime86400.00,467083.0,18832.761437744142
533,ails2_eoh_acc_large,464274.0,18927.69843774414
534,ails2_eoh_acc_large,464270.0,18952.04043774414
535,ails2_etaMax1.000_stoppingTime86400.00,467041.0,19007.66043774414
536,ails2_eoh_acc,464320.0,19057.14643774414
537,ails2_eoh_acc_large,464267.0,19096.35243774414
538,HGS-TV,464299.0,19107.84765481949
539,ails2_eoh_acc,464319.0,19151.13043774414
540,ails2_etaMax0.020_stoppingTime86400.00,464314.0,19167.04143774414
541,ails2_eoh_acc_large,464266.0,19197.21243774414
542,ails2_eoh_acc,464317.0,19159.37043774414
543,ails2_etaMax0.020_stoppingTime86400.00,464282.0,19175.38743774414
544,HGS-TV,464295.0,19243.47854924202
545,ails2_eoh_acc_large,464265.0,19197.42443774414
546,ails2_eoh_omega2,464415.0,19366.71243774414
547,ails2_etaMax0.020_stoppingTime86400.00,464281.0,19377.16643774414
548,ails2_eoh_omega2,464414.0,19367.60443774414
549,ails2_eoh_acc_large,464264.0,19586.06943774414
550,ails2_etaMax1.000_stoppingTime86400.00,467040.0,19593.28043774414
551,ails2_eoh_acc_large,464262.0,19616.081437744142
552,ails2_etaMax1.000_stoppingTime86400.00,466890.0,19595.367437744142
553,ails2_etaMax0.020_stoppingTime86400.00,464279.0,19716.75143774414
554,ails2_eoh_acc,464316.0,19734.21843774414
555,HGS-TV,464294.0,19744.47346019745
556,ails2_etaMax0.020_stoppingTime86400.00,464263.0,19774.011437744142
557,ails2_eoh_acc,464305.0,19779.05043774414
558,ails2_eoh_acc_large,464261.0,19796.13743774414
559,HGS-TV,464292.0,19834.253220558167
560,ails2_eoh_acc,464304.0,19800.32543774414
561,ails2_eoh_acc,464299.0,19988.80443774414
562,HGS-TV,464291.0,20081.65946173668
563,ails2_eoh_acc,464284.0,20100.80343774414
564,ails2_eoh_acc,464279.0,20113.85143774414
565,ails2_eoh_acc,464272.0,20393.86143774414
566,ails2_eoh_acc,464271.0,20533.43343774414
567,ails2_etaMax0.020_stoppingTime86400.00,464255.0,20578.922437744142
568,ails2_eoh_acc_large,464260.0,20613.63143774414
569,ails2_etaMax0.020_stoppingTime86400.00,464253.0,20579.958437744142
570,ails2_eoh_acc,464257.0,20746.71743774414
571,HGS-TV,464286.0,20748.59195804596
572,ails2_eoh_acc,464256.0,20801.77243774414
573,ails2_eoh_acc_large,464258.0,20859.654437744142
574,ails2_eoh_acc,464247.0,20816.63943774414
575,ails2_etaMax1.000_stoppingTime86400.00,466883.0,20886.14443774414
576,ails2_etaMax1.000_stoppingTime86400.00,466791.0,20941.39643774414
577,HGS-TV,464285.0,21045.28320503235
578,ails2_etaMax0.005_stoppingTime86400.00,464320.0,21065.19843774414
579,ails2_etaMax1.000_stoppingTime86400.00,466785.0,21067.01543774414
580,ails2_etaMax0.010_stoppingTime432000.00,464595.0,21091.43343774414
581,ails2_eoh_acc,464245.0,21103.993437744142
582,ails2_etaMax0.005_stoppingTime86400.00,464311.0,21081.06643774414
583,ails2_etaMax1.000_stoppingTime86400.00,466465.0,21073.52243774414
584,ails2_eoh_acc,464240.0,21110.66843774414
585,ails2_etaMax0.005_stoppingTime86400.00,464300.0,21169.28343774414
586,ails2_eoh_acc_large,464239.0,21204.28043774414
587,ails2_eoh_acc,464238.0,21224.27143774414
588,ails2_etaMax0.005_stoppingTime86400.00,464293.0,21198.55343774414
589,ails2_eoh_acc_large,464226.0,21262.30143774414
590,ails2_eoh_acc,464229.0,21266.027437744142
591,ails2_eoh_acc_large,464221.0,21324.54043774414
592,ails2_eoh_acc,464225.0,21374.91243774414
593,ails2_etaMax0.005_stoppingTime86400.00,464292.0,21379.94743774414
594,ails2_eoh_acc_large,464218.0,21331.063437744142
595,ails2_eoh_acc,464214.0,21415.28343774414
596,ails2_eoh_omega2,464412.0,21538.654437744142
597,ails2_etaMax0.010_stoppingTime432000.00,464594.0,21541.09643774414
598,ails2_eoh_omega2,464411.0,21648.73043774414
599,ails2_eoh_omega2,464407.0,21669.62543774414
600,ails2_eoh_acc,464211.0,21715.14343774414
601,ails2_etaMax0.010_stoppingTime432000.00,464592.0,21737.38043774414
602,ails2_eoh_acc,464210.0,21721.55943774414
603,ails2_etaMax0.010_stoppingTime432000.00,464591.0,21737.49543774414
604,ails2_etaMax0.010_stoppingTime432000.00,464590.0,21893.97943774414
605,ails2_etaMax0.010_stoppingTime432000.00,464585.0,21941.76543774414
606,ails2_etaMax1.000_stoppingTime432000.00,469409.0,22013.68743774414
607,ails2_etaMax0.010_stoppingTime432000.00,464574.0,22012.09043774414
608,ails2_etaMax0.010_stoppingTime432000.00,464573.0,22081.19843774414
609,ails2_eoh_acc_large,464213.0,22099.00443774414
610,ails2_etaMax0.010_stoppingTime432000.00,464572.0,22081.36943774414
611,ails2_etaMax0.010_stoppingTime432000.00,464571.0,22226.75043774414
612,ails2_eoh_omega2,464405.0,22238.88143774414
613,ails2_etaMax1.000_stoppingTime864000.00,469659.0,22243.546437744142
614,ails2_eoh_acc_large,464210.0,22254.14643774414
615,ails2_etaMax0.010_stoppingTime432000.00,464556.0,22267.313437744142
616,ails2_eoh_omega2,464403.0,22241.95443774414
617,ails2_etaMax1.000_stoppingTime864000.00,469515.0,22245.12543774414
618,ails2_eoh_acc_large,464209.0,22266.15543774414
619,ails2_etaMax0.010_stoppingTime432000.00,464512.0,22343.45043774414
620,ails2_etaMax0.010_stoppingTime432000.00,464496.0,22405.403437744142
621,ails2_eoh_acc_large,464208.0,22468.18143774414
622,ails2_etaMax0.010_stoppingTime432000.00,464492.0,22417.90043774414
623,ails2_eoh_acc_large,464207.0,22569.12843774414
624,ails2_eoh_acc_large,464205.0,22579.777437744142
625,ails2_eoh_omega2,464402.0,22658.10143774414
626,ails2_eoh_omega2,464400.0,22658.51943774414
627,ails2_etaMax1.000_stoppingTime86400.00,466464.0,22900.42343774414
628,ails2_etaMax1.000_stoppingTime86400.00,466366.0,22908.11043774414
629,ails2_eoh_acc,464206.0,22994.31643774414
630,ails2_eoh_acc,464203.0,23027.16843774414
631,ails2_etaMax0.010_stoppingTime432000.00,464490.0,23332.78143774414
632,ails2_eoh_omega2,464398.0,23513.797437744142
633,ails2_eoh_omega2,464396.0,23583.86343774414
634,ails2_eoh_omega2,464390.0,23590.79443774414
635,ails2_etaMax1.000_stoppingTime86400.00,466363.0,23681.66843774414
636,ails2_etaMax0.010_stoppingTime432000.00,464489.0,23696.12143774414
637,ails2_etaMax1.000_stoppingTime86400.00,466180.0,23738.39743774414
638,ails2_etaMax0.010_stoppingTime432000.00,464475.0,23726.85443774414
639,ails2_etaMax1.000_stoppingTime432000.00,469390.0,23883.39243774414
640,ails2_etaMax0.010_stoppingTime432000.00,464474.0,23913.32043774414
641,ails2_etaMax0.010_stoppingTime432000.00,464467.0,23919.46343774414
642,ails2_etaMax0.010_stoppingTime432000.00,464466.0,24054.136437744142
643,ails2_etaMax0.010_stoppingTime432000.00,464465.0,24054.30843774414
644,ails2_eoh_acc_large,464204.0,24147.06143774414
645,ails2_etaMax0.010_stoppingTime432000.00,464464.0,24338.41943774414
646,ails2_etaMax0.010_stoppingTime432000.00,464462.0,24376.89443774414
647,ails2_etaMax1.000_stoppingTime432000.00,469381.0,24435.06643774414
648,ails2_etaMax0.010_stoppingTime432000.00,464461.0,24520.03543774414
649,ails2_etaMax0.010_stoppingTime432000.00,464458.0,24547.75543774414
650,ails2_etaMax1.000_stoppingTime432000.00,469351.0,24648.15043774414
651,ails2_etaMax0.010_stoppingTime432000.00,464456.0,24663.78743774414
652,ails2_etaMax1.000_stoppingTime432000.00,469315.0,24648.18143774414
653,ails2_etaMax0.010_stoppingTime432000.00,464453.0,24663.89043774414
654,ails2_eoh_acc,464201.0,24757.91543774414
655,ails2_eoh_acc,464200.0,24759.20443774414
656,ails2_eoh_acc,464199.0,25224.96843774414
657,ails2_eoh_acc,464198.0,25250.708437744142
658,ails2_eoh_acc,464197.0,25988.64643774414
659,ails2_eoh_acc,464196.0,26037.71543774414
660,ails2_etaMax1.000_stoppingTime86400.00,466162.0,26186.25843774414
661,ails2_eoh_omega2,464389.0,26291.03443774414
662,ails2_eoh_omega2,464383.0,26292.190437744142
663,ails2_etaMax1.000_stoppingTime86400.00,466157.0,26460.50143774414
664,ails2_etaMax1.000_stoppingTime86400.00,466101.0,26460.72943774414
665,ails2_etaMax1.000_stoppingTime86400.00,466091.0,26835.91343774414
666,ails2_eoh_acc,464195.0,26871.22243774414
667,ails2_etaMax1.000_stoppingTime86400.00,466074.0,26836.313437744142
668,ails2_etaMax1.000_stoppingTime86400.00,465842.0,26923.89443774414
669,ails2_etaMax1.000_stoppingTime86400.00,465834.0,27154.90643774414
670,ails2_etaMax1.000_stoppingTime86400.00,465667.0,27159.831437744142
671,ails2_etaMax1.000_stoppingTime864000.00,469458.0,27349.98643774414
672,ails2_etaMax1.000_stoppingTime864000.00,469404.0,27350.02143774414
673,ails2_eoh_omega2,464369.0,27537.17743774414
674,ails2_eoh_omega2,464360.0,27595.73043774414
675,ails2_eoh_omega2,464333.0,27654.85343774414
676,ails2_eoh_omega2,464329.0,27699.32243774414
677,ails2_etaMax1.000_stoppingTime86400.00,465666.0,27742.87943774414
678,ails2_eoh_omega2,464328.0,27861.76643774414
679,ails2_eoh_omega2,464317.0,27922.13343774414
680,ails2_eoh_omega2,464311.0,27922.53143774414
681,ails2_eoh_acc,464193.0,28064.902437744142
682,ails2_etaMax1.000_stoppingTime432000.00,469289.0,28106.91243774414
683,ails2_eoh_omega2,464307.0,28314.52543774414
684,ails2_eoh_omega2,464298.0,28362.41443774414
685,ails2_eoh_omega2,464296.0,28399.00043774414
686,ails2_eoh_omega2,464288.0,28495.223437744142
687,ails2_eoh_omega2,464285.0,28518.19943774414
688,ails2_eoh_omega2,464284.0,28622.80643774414
689,ails2_eoh_omega2,464273.0,28641.66643774414
690,ails2_eoh_omega2,464272.0,29011.41143774414
691,ails2_eoh_omega2,464254.0,29066.05843774414
692,ails2_etaMax1.000_stoppingTime1728000.00,469906.0,29210.029437744142
693,ails2_etaMax1.000_stoppingTime1728000.00,469898.0,29210.09743774414
694,ails2_etaMax1.000_stoppingTime432000.00,469283.0,29312.14043774414
695,ails2_etaMax1.000_stoppingTime432000.00,469137.0,29334.55843774414
696,ails2_eoh_omega2,464253.0,29381.66543774414
697,ails2_eoh_omega2,464248.0,29433.78243774414
698,ails2_etaMax1.000_stoppingTime432000.00,469135.0,29511.15743774414
699,ails2_etaMax1.000_stoppingTime86400.00,465662.0,29525.189437744142
700,ails2_etaMax1.000_stoppingTime86400.00,465624.0,29528.03543774414
701,ails2_eoh_omega2,464246.0,29657.97043774414
702,ails2_etaMax0.005_stoppingTime86400.00,464192.0,29685.67843774414
703,ails2_eoh_omega2,464240.0,29666.63143774414
704,ails2_eoh_omega2,464235.0,29773.91243774414
705,ails2_eoh_acc,464191.0,29795.117437744142
706,ails2_eoh_acc,464190.0,29836.98343774414
707,ails2_etaMax1.000_stoppingTime86400.00,465622.0,30064.63743774414
708,ails2_etaMax1.000_stoppingTime86400.00,465546.0,30067.05143774414
709,ails2_etaMax0.010_stoppingTime432000.00,464452.0,30131.05943774414
710,ails2_etaMax1.000_stoppingTime86400.00,465541.0,30179.86443774414
711,ails2_etaMax0.010_stoppingTime432000.00,464446.0,30131.55543774414
712,ails2_etaMax1.000_stoppingTime86400.00,465306.0,30200.11443774414
713,ails2_etaMax0.005_stoppingTime86400.00,464190.0,30259.89943774414
714,ails2_etaMax0.005_stoppingTime86400.00,464186.0,30262.53743774414
715,ails2_etaMax0.005_stoppingTime86400.00,464185.0,30389.76543774414
716,ails2_etaMax1.000_stoppingTime1728000.00,469893.0,30818.098437744142
717,ails2_etaMax1.000_stoppingTime1728000.00,469888.0,30818.32743774414
718,ails2_etaMax1.000_stoppingTime432000.00,469123.0,31061.27443774414
719,ails2_etaMax0.010_stoppingTime432000.00,464444.0,31084.19543774414
720,ails2_etaMax1.000_stoppingTime86400.00,465296.0,31085.30143774414
721,ails2_etaMax1.000_stoppingTime432000.00,469093.0,31064.38143774414
722,ails2_etaMax0.010_stoppingTime432000.00,464442.0,31090.46643774414
723,ails2_etaMax1.000_stoppingTime86400.00,465240.0,31085.63943774414
724,ails2_etaMax0.005_stoppingTime86400.00,464183.0,31163.84543774414
725,ails2_etaMax0.005_stoppingTime86400.00,464180.0,31182.07543774414
726,ails2_etaMax1.000_stoppingTime1728000.00,469781.0,31447.922437744142
727,ails2_eoh_omega2,464233.0,31507.62343774414
728,ails2_etaMax1.000_stoppingTime1728000.00,469526.0,31448.46143774414
729,ails2_etaMax1.000_stoppingTime432000.00,469076.0,31558.52343774414
730,ails2_eoh_omega2,464230.0,31510.10743774414
731,ails2_etaMax1.000_stoppingTime432000.00,469072.0,31558.62443774414
732,ails2_etaMax0.010_stoppingTime432000.00,464441.0,31974.36943774414
733,ails2_etaMax0.010_stoppingTime432000.00,464433.0,31996.21743774414
734,ails2_eoh_omega2,464229.0,32321.72743774414
735,ails2_eoh_omega2,464225.0,32334.920437744142
736,ails2_etaMax1.000_stoppingTime86400.00,465225.0,32408.55143774414
737,filo2,464175.0,32641.085713148117
738,ails2_eoh_omega2,464223.0,32792.71143774414
739,ails2_eoh_omega2,464222.0,32792.79943774414
740,ails2_etaMax0.010_stoppingTime432000.00,464431.0,33212.411437744144
741,ails2_etaMax1.000_stoppingTime86400.00,465220.0,33229.02943774414
742,ails2_etaMax1.000_stoppingTime86400.00,465196.0,33229.70043774414
743,ails2_eoh_acc,464178.0,33582.44643774414
744,ails2_eoh_acc,464174.0,33619.43843774414
745,ails2_eoh_acc,464166.0,33701.589437744144
746,ails2_eoh_acc,464165.0,33708.33143774414
747,ails2_eoh_acc,464163.0,33869.91543774414
748,ails2_etaMax0.010_stoppingTime432000.00,464430.0,33899.70443774414
749,ails2_eoh_omega2,464221.0,33911.59043774414
750,ails2_eoh_acc,464161.0,33876.74543774414
751,ails2_etaMax0.010_stoppingTime432000.00,464424.0,33900.49043774414
752,ails2_eoh_omega2,464220.0,33911.63243774414
753,ails2_eoh_acc,464157.0,33944.54243774414
754,ails2_etaMax0.010_stoppingTime432000.00,464419.0,33994.38943774414
755,ails2_etaMax1.000_stoppingTime86400.00,465168.0,34207.82043774414
756,ails2_etaMax1.000_stoppingTime86400.00,465157.0,34246.73043774414
757,HGS-TV,464169.0,34577.748547554016
758,ails2_etaMax1.000_stoppingTime432000.00,469035.0,34590.60943774414
759,ails2_etaMax1.000_stoppingTime432000.00,468886.0,34591.21943774414
760,HGS-TV,464168.0,34807.748400211334
761,ails2_etaMax1.000_stoppingTime86400.00,465135.0,35012.52343774414
762,ails2_etaMax1.000_stoppingTime86400.00,465028.0,35016.90243774414
763,ails2_etaMax1.000_stoppingTime86400.00,465006.0,35243.96743774414
764,ails2_etaMax0.010_stoppingTime432000.00,464417.0,35266.269437744144
765,ails2_etaMax1.000_stoppingTime86400.00,464955.0,35269.16243774414
766,ails2_etaMax1.000_stoppingTime86400.00,464941.0,35424.822437744144
767,ails2_etaMax0.010_stoppingTime432000.00,464416.0,35464.13243774414
768,ails2_etaMax1.000_stoppingTime86400.00,464939.0,35424.84843774414
769,ails2_etaMax0.010_stoppingTime432000.00,464413.0,35464.78943774414
770,ails2_etaMax0.010_stoppingTime432000.00,464406.0,35554.83843774414
771,HGS-TV,464167.0,35665.133721113205
772,ails2_eoh_omega2,464216.0,35794.23843774414
773,ails2_eoh_omega2,464214.0,35798.29843774414
774,ails2_etaMax0.010_stoppingTime432000.00,464405.0,36349.66543774414
775,ails2_etaMax0.010_stoppingTime432000.00,464400.0,36397.69643774414
776,ails2_etaMax0.005_stoppingTime86400.00,464156.0,36741.01143774414
777,ails2_etaMax0.005_stoppingTime86400.00,464144.0,36757.858437744144
778,ails2_etaMax0.005_stoppingTime86400.00,464143.0,36948.58543774414
779,ails2_etaMax0.005_stoppingTime86400.00,464139.0,36959.51343774414
780,ails2_etaMax1.000_stoppingTime86400.00,464914.0,37494.73443774414
781,ails2_etaMax1.000_stoppingTime86400.00,464798.0,37495.60143774414
782,ails2_etaMax0.010_stoppingTime432000.00,464398.0,38578.50143774414
783,ails2_etaMax0.010_stoppingTime432000.00,464397.0,38593.28443774414
784,ails2_etaMax0.010_stoppingTime432000.00,464395.0,38696.24643774414
785,ails2_etaMax0.010_stoppingTime432000.00,464394.0,38795.02343774414
786,ails2_etaMax0.010_stoppingTime432000.00,464392.0,38795.43343774414
787,ails2_etaMax1.000_stoppingTime432000.00,468881.0,39081.627437744144
788,ails2_etaMax1.000_stoppingTime432000.00,468811.0,39081.83843774414
789,ails2_eoh_omega2,464213.0,39323.98843774414
790,ails2_etaMax1.000_stoppingTime432000.00,468787.0,39373.83043774414
791,ails2_eoh_omega2,464210.0,39324.39743774414
792,ails2_etaMax1.000_stoppingTime432000.00,468786.0,39373.86043774414
793,ails2_etaMax1.000_stoppingTime432000.00,468785.0,39561.27243774414
794,ails2_etaMax1.000_stoppingTime432000.00,468779.0,39561.29843774414
795,ails2_etaMax1.000_stoppingTime432000.00,468773.0,39807.97343774414
796,ails2_etaMax1.000_stoppingTime864000.00,469401.0,39996.35443774414
797,ails2_etaMax1.000_stoppingTime864000.00,469387.0,39996.44143774414
798,ails2_etaMax1.000_stoppingTime432000.00,468763.0,40130.53443774414
799,ails2_etaMax1.000_stoppingTime432000.00,468728.0,40130.59043774414
800,ails2_etaMax0.010_stoppingTime432000.00,464390.0,40264.00343774414
801,ails2_etaMax0.010_stoppingTime432000.00,464387.0,40332.06443774414
802,HGS-TV,464135.0,41077.87373685837
803,ails2_etaMax1.000_stoppingTime86400.00,464793.0,41441.85343774414
804,ails2_etaMax1.000_stoppingTime86400.00,464728.0,41496.99143774414
805,ails2_etaMax1.000_stoppingTime86400.00,464471.0,41548.86043774414
806,ails2_etaMax1.000_stoppingTime86400.00,464345.0,41574.06243774414
807,ails2_etaMax1.000_stoppingTime432000.00,468716.0,41695.91943774414
808,ails2_etaMax1.000_stoppingTime432000.00,468482.0,41696.00943774414
809,ails2_etaMax1.000_stoppingTime864000.00,469346.0,42167.55043774414
810,ails2_etaMax1.000_stoppingTime864000.00,469333.0,42167.67843774414
811,HGS-TV,464133.0,42570.07164478302
812,HGS-TV,464132.0,42870.55295228958
813,HGS-TV,464131.0,43265.36294603348
814,ails2_etaMax1.000_stoppingTime864000.00,469318.0,43953.019437744144
815,ails2_etaMax1.000_stoppingTime864000.00,469231.0,43953.09243774414
816,ails2_eoh_omega2,464205.0,44074.875437744144
817,ails2_eoh_omega2,464190.0,44135.24943774414
818,ails2_eoh_omega2,464187.0,44137.88543774414
819,ails2_eoh_omega2,464184.0,44283.11843774414
820,ails2_eoh_omega2,464182.0,44285.25143774414
821,ails2_eoh_omega2,464177.0,44378.83843774414
822,ails2_eoh_omega2,464174.0,44433.08643774414
823,ails2_etaMax1.000_stoppingTime86400.00,464344.0,44480.06443774414
824,ails2_etaMax1.000_stoppingTime86400.00,464334.0,44480.12343774414
825,ails2_eoh_omega2,464173.0,44692.18643774414
826,ails2_eoh_omega2,464170.0,44792.34943774414
827,ails2_eoh_omega2,464166.0,44795.25543774414
828,ails2_eoh_omega2,464165.0,45076.97243774414
829,ails2_eoh_omega2,464164.0,45077.53443774414
830,ails2_eoh_omega2,464160.0,45157.94343774414
831,HGS-TV,464130.0,45554.09908795357
832,ails2_etaMax1.000_stoppingTime86400.00,464323.0,46179.88743774414
833,ails2_etaMax1.000_stoppingTime86400.00,464288.0,46180.95743774414
834,HGS-TV,464129.0,46465.429921627045
835,ails2_etaMax1.000_stoppingTime86400.00,464280.0,46539.47843774414
836,ails2_etaMax1.000_stoppingTime86400.00,464226.0,46540.25743774414
837,ails2_eoh_omega2,464159.0,46680.84943774414
838,ails2_eoh_omega2,464155.0,46694.62843774414
839,ails2_etaMax0.020_stoppingTime86400.00,464131.0,46787.26443774414
840,HGS-TV,464126.0,46903.15798020363
841,ails2_etaMax1.000_stoppingTime86400.00,464224.0,47330.08743774414
842,ails2_etaMax1.000_stoppingTime86400.00,464141.0,47360.47243774414
843,ails2_eoh_omega2,464154.0,47699.46943774414
844,HGS-TV,464123.0,47974.527629613876
845,HGS-TV,464122.0,48252.135155916214
846,ails2_etaMax1.000_stoppingTime86400.00,464140.0,48566.002437744144
847,ails2_etaMax1.000_stoppingTime86400.00,464133.0,48641.87043774414
848,ails2_etaMax1.000_stoppingTime86400.00,464128.0,48643.55943774414
849,ails2_eoh_omega2,464153.0,48718.57343774414
850,HGS-TV,464121.0,48821.5630569458
851,ails2_etaMax1.000_stoppingTime86400.00,464124.0,48937.75343774414
852,ails2_etaMax1.000_stoppingTime86400.00,464108.0,49404.33543774414
853,HGS-TV,464117.0,49422.13937449455
854,ails2_etaMax1.000_stoppingTime86400.00,464077.0,49404.63643774414
855,ails2_etaMax1.000_stoppingTime864000.00,469230.0,49865.46543774414
856,ails2_etaMax1.000_stoppingTime86400.00,464066.0,49910.68143774414
857,ails2_etaMax1.000_stoppingTime86400.00,464021.0,49911.752437744144
858,ails2_etaMax1.000_stoppingTime86400.00,464019.0,50069.53543774414
859,ails2_etaMax1.000_stoppingTime86400.00,463978.0,50110.80343774414
860,ails2_etaMax1.000_stoppingTime432000.00,468450.0,50167.78243774414
861,ails2_etaMax1.000_stoppingTime432000.00,468405.0,50167.99843774414
862,ails2_etaMax1.000_stoppingTime864000.00,469160.0,50348.81043774414
863,ails2_etaMax0.005_stoppingTime86400.00,463778.0,50474.12343774414
864,ails2_eoh_acc_large,463974.0,50477.90943774414
865,ails2_etaMax0.005_stoppingTime86400.00,463724.0,50532.75743774414
866,ails2_eoh_acc_large,463896.0,50537.36143774414
867,ails2_etaMax0.005_stoppingTime86400.00,463703.0,50561.07643774414
868,ails2_eoh_acc_large,463876.0,50592.85643774414
869,ails2_eoh_acc,463977.0,50652.78743774414
870,ails2_etaMax0.005_stoppingTime86400.00,463688.0,50642.73143774414
871,ails2_eoh_acc_large,463848.0,50653.36943774414
872,ails2_eoh_acc,463963.0,50703.38043774414
873,ails2_etaMax0.005_stoppingTime86400.00,463675.0,50717.31643774414
874,ails2_eoh_acc_large,463823.0,50705.52743774414
875,ails2_eoh_acc,463953.0,50769.61443774414
876,ails2_etaMax0.005_stoppingTime86400.00,463645.0,50750.88343774414
877,ails2_eoh_acc_large,463813.0,50738.05243774414
878,ails2_eoh_acc,463947.0,50818.68743774414
879,ails2_etaMax0.005_stoppingTime86400.00,463644.0,50823.58543774414
880,ails2_eoh_acc_large,463803.0,50788.28043774414
881,ails2_etaMax0.005_stoppingTime86400.00,463614.0,50901.38643774414
882,ails2_eoh_acc_large,463789.0,50861.33043774414
883,ails2_eoh_acc,463945.0,50916.93543774414
884,ails2_etaMax0.005_stoppingTime86400.00,463593.0,50955.68443774414
885,ails2_eoh_acc_large,463786.0,50951.59243774414
886,ails2_eoh_acc,463937.0,50956.93743774414
887,ails2_etaMax0.005_stoppingTime86400.00,463589.0,51025.38143774414
888,ails2_eoh_acc,463929.0,51015.39743774414
889,ails2_etaMax1.000_stoppingTime86400.00,463966.0,51040.46943774414
890,ails2_etaMax0.005_stoppingTime86400.00,463588.0,51028.09543774414
891,ails2_eoh_acc,463923.0,51053.36243774414
892,ails2_etaMax1.000_stoppingTime86400.00,463965.0,51118.33243774414
893,ails2_etaMax0.005_stoppingTime86400.00,463587.0,51169.089437744144
894,ails2_etaMax1.000_stoppingTime86400.00,463947.0,51120.66943774414
895,ails2_etaMax0.005_stoppingTime86400.00,463575.0,51172.02443774414
896,ails2_eoh_acc_large,463783.0,51229.56043774414
897,ails2_etaMax1.000_stoppingTime86400.00,463869.0,51224.04543774414
898,ails2_eoh_acc_large,463777.0,51295.38043774414
899,ails2_eoh_acc,463918.0,51297.69543774414
900,ails2_etaMax0.010_stoppingTime432000.00,464386.0,51304.80643774414
901,ails2_eoh_acc_large,463774.0,51335.95343774414
902,ails2_eoh_acc,463914.0,51304.38743774414
903,ails2_eoh_acc,463911.0,51437.01743774414
904,ails2_etaMax0.010_stoppingTime432000.00,464385.0,51448.54243774414
905,ails2_eoh_acc_large,463773.0,51472.04543774414
906,ails2_eoh_acc,463908.0,51437.20943774414
907,ails2_etaMax0.010_stoppingTime432000.00,464384.0,51448.69443774414
908,ails2_eoh_acc_large,463762.0,51494.26443774414
909,ails2_eoh_acc,463884.0,51547.93843774414
910,ails2_eoh_acc_large,463753.0,51566.16743774414
911,HGS-TV,463680.0,51598.229476213455
912,ails2_eoh_acc,463880.0,51613.14143774414
913,ails2_eoh_acc_large,463741.0,51610.00543774414
914,ails2_eoh_acc,463861.0,51656.144437744144
915,ails2_eoh_acc,463860.0,51724.43343774414
916,ails2_eoh_acc_large,463736.0,51744.86543774414
917,ails2_eoh_acc,463858.0,51762.23743774414
918,ails2_eoh_acc,463857.0,51968.22243774414
919,ails2_etaMax0.020_stoppingTime86400.00,463976.0,52002.02143774414
920,ails2_eoh_acc,463840.0,52014.94643774414
921,ails2_etaMax0.020_stoppingTime86400.00,463970.0,52002.25643774414
922,ails2_eoh_acc,463822.0,52075.30743774414
923,ails2_eoh_acc,463819.0,52137.99743774414
924,ails2_eoh_acc,463818.0,52195.83343774414
925,ails2_eoh_acc,463817.0,52258.28343774414
926,ails2_eoh_acc,463815.0,52411.84043774414
927,ails2_etaMax0.005_stoppingTime86400.00,463574.0,52450.96743774414
928,ails2_eoh_acc,463809.0,52446.33743774414
929,ails2_etaMax0.005_stoppingTime86400.00,463562.0,52502.15643774414
930,ails2_etaMax1.000_stoppingTime432000.00,468373.0,52549.16043774414
931,ails2_etaMax0.020_stoppingTime86400.00,463967.0,52583.73443774414
932,ails2_etaMax1.000_stoppingTime432000.00,468245.0,52549.36143774414
933,ails2_eoh_acc,463803.0,52627.38043774414
934,ails2_etaMax0.020_stoppingTime86400.00,463962.0,52584.06643774414
935,ails2_etaMax0.005_stoppingTime86400.00,463560.0,52662.80243774414
936,ails2_eoh_acc,463798.0,52681.73443774414
937,ails2_etaMax0.005_stoppingTime86400.00,463557.0,52666.12243774414
938,ails2_eoh_acc,463797.0,52832.01243774414
939,ails2_etaMax0.020_stoppingTime86400.00,463961.0,52840.24443774414
940,ails2_eoh_acc,463781.0,52888.05443774414
941,ails2_etaMax0.020_stoppingTime86400.00,463944.0,52844.84043774414
942,ails2_eoh_acc,463780.0,52897.02543774414
943,ails2_etaMax0.020_stoppingTime86400.00,463938.0,52950.324437744144
944,ails2_etaMax0.005_stoppingTime86400.00,463555.0,53130.02543774414
945,ails2_etaMax0.005_stoppingTime86400.00,463550.0,53131.27243774414
946,ails2_etaMax0.005_stoppingTime86400.00,463549.0,53318.714437744144
947,ails2_etaMax0.020_stoppingTime86400.00,463937.0,53510.35943774414
948,ails2_eoh_acc,463763.0,53521.74043774414
949,ails2_etaMax0.020_stoppingTime86400.00,463926.0,53531.03443774414
950,ails2_etaMax0.020_stoppingTime86400.00,463918.0,53580.06943774414
951,ails2_eoh_acc,463760.0,53658.40043774414
952,ails2_etaMax0.020_stoppingTime86400.00,463906.0,53658.29843774414
953,ails2_eoh_acc_large,463525.0,54055.94443774414
954,ails2_eoh_acc_large,463520.0,54080.841437744144
955,ails2_etaMax0.010_stoppingTime432000.00,464383.0,54155.30743774414
956,ails2_eoh_acc_large,463510.0,54168.20743774414
957,ails2_etaMax0.010_stoppingTime432000.00,464379.0,54158.072437744144
958,ails2_eoh_acc_large,463507.0,54254.10743774414
959,ails2_etaMax0.010_stoppingTime432000.00,464378.0,54280.29343774414
960,ails2_eoh_acc_large,463503.0,54288.67743774414
961,ails2_etaMax0.010_stoppingTime432000.00,464372.0,54282.80743774414
962,filo2,463546.0,54354.87167811394
963,filo2,463545.0,54415.17239737511
964,HGS-TV,463519.0,54534.37389802933
965,ails2_etaMax1.000_stoppingTime86400.00,463866.0,54541.108437744144
966,ails2_etaMax1.000_stoppingTime86400.00,463864.0,54541.41743774414
967,ails2_eoh_omega2,464151.0,54745.913437744144
968,ails2_eoh_omega2,464141.0,54775.06643774414
969,ails2_etaMax1.000_stoppingTime86400.00,463861.0,54811.11243774414
970,ails2_etaMax1.000_stoppingTime432000.00,468159.0,54851.67543774414
971,ails2_etaMax1.000_stoppingTime86400.00,463839.0,54813.91043774414
972,ails2_etaMax1.000_stoppingTime432000.00,468153.0,54851.69843774414
973,ails2_etaMax1.000_stoppingTime86400.00,463833.0,54904.23143774414
974,ails2_etaMax1.000_stoppingTime86400.00,463817.0,54965.70643774414
975,ails2_eoh_acc_large,463502.0,55001.26243774414
976,ails2_eoh_omega2,464140.0,55037.37043774414
977,ails2_etaMax1.000_stoppingTime86400.00,463793.0,55009.86243774414
978,ails2_eoh_omega2,464139.0,55037.45343774414
979,ails2_etaMax1.000_stoppingTime86400.00,463782.0,55083.17943774414
980,ails2_etaMax1.000_stoppingTime432000.00,468145.0,55195.91443774414
981,ails2_etaMax1.000_stoppingTime432000.00,467852.0,55196.49043774414
982,ails2_eoh_omega2,464138.0,55411.572437744144
983,ails2_eoh_omega2,464137.0,55411.930437744144
984,ails2_eoh_omega2,464136.0,55474.11643774414
985,ails2_eoh_acc_large,463488.0,55980.52343774414
986,ails2_etaMax1.000_stoppingTime86400.00,463777.0,56042.16643774414
987,ails2_etaMax1.000_stoppingTime86400.00,463776.0,56042.22943774414
988,ails2_etaMax0.010_stoppingTime432000.00,464371.0,56603.81443774414
989,ails2_etaMax1.000_stoppingTime86400.00,463773.0,56618.322437744144
990,ails2_etaMax0.010_stoppingTime432000.00,464369.0,56604.949437744144
991,ails2_etaMax1.000_stoppingTime86400.00,463724.0,56626.98443774414
992,ails2_etaMax0.010_stoppingTime432000.00,464368.0,56709.70243774414
993,ails2_etaMax0.010_stoppingTime432000.00,464367.0,56737.88543774414
994,ails2_etaMax0.010_stoppingTime432000.00,464364.0,57229.78743774414
995,HGS-TV,463514.0,57264.74177837372
996,ails2_etaMax0.010_stoppingTime432000.00,464360.0,57233.43543774414
997,ails2_etaMax0.010_stoppingTime432000.00,464358.0,57321.69843774414
998,ails2_etaMax0.010_stoppingTime432000.00,464357.0,57506.23143774414
999,ails2_etaMax0.010_stoppingTime432000.00,464352.0,57532.28943774414
1000,ails2_etaMax0.010_stoppingTime432000.00,464343.0,57596.86343774414
1001,ails2_etaMax0.010_stoppingTime432000.00,464340.0,58134.47143774414
1002,ails2_etaMax0.010_stoppingTime432000.00,464339.0,58135.40743774414
1003,ails2_etaMax1.000_stoppingTime86400.00,463720.0,58257.01143774414
1004,ails2_eoh_omega2,464132.0,58280.66843774414
1005,ails2_eoh_acc_large,463487.0,58297.35543774414
1006,ails2_etaMax1.000_stoppingTime86400.00,463715.0,58257.46843774414
1007,ails2_eoh_omega2,464122.0,58301.31443774414
1008,ails2_etaMax1.000_stoppingTime1728000.00,469508.0,61187.42243774414
1009,ails2_etaMax1.000_stoppingTime86400.00,463709.0,62193.000437744144
1010,ails2_etaMax1.000_stoppingTime86400.00,463682.0,62223.39543774414
1011,ails2_etaMax1.000_stoppingTime86400.00,463679.0,62321.78043774414
1012,ails2_etaMax1.000_stoppingTime864000.00,469138.0,62332.37043774414
1013,ails2_etaMax1.000_stoppingTime86400.00,463678.0,62322.15043774414
1014,ails2_etaMax1.000_stoppingTime864000.00,469042.0,62333.20343774414
1015,ails2_etaMax1.000_stoppingTime86400.00,463677.0,62779.30243774414
1016,ails2_etaMax1.000_stoppingTime86400.00,463672.0,62779.47943774414
1017,ails2_etaMax1.000_stoppingTime864000.00,469029.0,62921.47643774414
1018,ails2_etaMax1.000_stoppingTime864000.00,468960.0,62921.96943774414
1019,ails2_etaMax1.000_stoppingTime86400.00,463671.0,63083.41643774414
1020,ails2_etaMax1.000_stoppingTime86400.00,463667.0,63219.93343774414
1021,ails2_etaMax1.000_stoppingTime86400.00,463665.0,63220.35943774414
1022,ails2_etaMax1.000_stoppingTime86400.00,463664.0,63412.52143774414
1023,ails2_etaMax1.000_stoppingTime86400.00,463652.0,63419.69243774414
1024,ails2_etaMax0.010_stoppingTime432000.00,464338.0,64059.72443774414
1025,ails2_etaMax1.000_stoppingTime86400.00,463651.0,64443.29843774414
1026,ails2_etaMax1.000_stoppingTime86400.00,463643.0,64443.51143774414
1027,ails2_etaMax1.000_stoppingTime86400.00,463641.0,64734.14943774414
1028,ails2_etaMax1.000_stoppingTime86400.00,463637.0,64734.20243774414
1029,ails2_etaMax0.010_stoppingTime432000.00,464337.0,64997.99743774414
1030,ails2_etaMax1.000_stoppingTime86400.00,463636.0,65043.089437744144
1031,ails2_etaMax1.000_stoppingTime86400.00,463622.0,65050.69043774414
1032,ails2_etaMax0.010_stoppingTime432000.00,464336.0,65122.46743774414
1033,ails2_etaMax0.010_stoppingTime432000.00,464330.0,65126.90343774414
1034,ails2_etaMax0.010_stoppingTime432000.00,464328.0,65465.92443774414
1035,ails2_etaMax0.010_stoppingTime432000.00,464326.0,65515.27043774414
1036,ails2_etaMax0.010_stoppingTime432000.00,464323.0,65547.77243774413
1037,ails2_etaMax1.000_stoppingTime86400.00,463621.0,66001.06343774415
1038,ails2_etaMax0.010_stoppingTime432000.00,464322.0,66004.38543774415
1039,ails2_etaMax1.000_stoppingTime86400.00,463620.0,66003.60143774415
1040,ails2_eoh_omega2,464119.0,66567.49243774413
1041,ails2_eoh_omega2,464118.0,66567.53043774414
1042,ails2_etaMax0.010_stoppingTime432000.00,464321.0,66639.84843774413
1043,ails2_etaMax1.000_stoppingTime86400.00,463619.0,66677.39443774414
1044,ails2_etaMax0.010_stoppingTime432000.00,464309.0,66692.63943774415
1045,ails2_etaMax1.000_stoppingTime432000.00,467838.0,66721.85943774415
1046,ails2_etaMax1.000_stoppingTime86400.00,463612.0,66680.17443774414
1047,ails2_etaMax0.010_stoppingTime432000.00,464307.0,66702.15743774414
1048,ails2_etaMax0.010_stoppingTime432000.00,464305.0,66952.67843774414
1049,ails2_etaMax0.010_stoppingTime432000.00,464298.0,67003.55443774414
1050,ails2_etaMax0.010_stoppingTime432000.00,464296.0,67206.29943774414
1051,ails2_etaMax0.010_stoppingTime432000.00,464289.0,67261.10443774414
1052,ails2_etaMax0.010_stoppingTime432000.00,464288.0,67469.33243774415
1053,ails2_etaMax1.000_stoppingTime86400.00,463609.0,67559.60343774414
1054,ails2_etaMax1.000_stoppingTime432000.00,467809.0,67724.31943774414
1055,ails2_etaMax1.000_stoppingTime432000.00,467731.0,67724.42043774413
1056,ails2_etaMax1.000_stoppingTime1728000.00,469495.0,69114.35443774414
1057,ails2_etaMax1.000_stoppingTime1728000.00,469458.0,69114.43643774414
1058,HGS-TV,463487.0,69809.36818599701
1059,HGS-TV,463487.0,69869.850461483
1060,HGS-TV,463487.0,69929.92414093018
1061,HGS-TV,463487.0,69990.19504904747
1062,HGS-TV,463487.0,70050.9112663269
1063,ails2_eoh_omega2,464117.0,70096.69943774414
1064,HGS-TV,463487.0,70111.34613847733
1065,HGS-TV,463487.0,70172.10803437233
1066,HGS-TV,463487.0,70232.84376835823
1067,HGS-TV,463487.0,70379.14950084686
1068,HGS-TV,463487.0,70439.56090378761
1069,ails2_etaMax1.000_stoppingTime86400.00,463608.0,70474.61643774415
1070,HGS-TV,463487.0,70499.8060734272
1071,ails2_etaMax1.000_stoppingTime86400.00,463607.0,70476.10543774415
1072,HGS-TV,463487.0,70560.34661269188
1073,HGS-TV,463487.0,70621.13861560822
1074,HGS-TV,463487.0,70683.98518824577
1075,HGS-TV,463487.0,70796.50656294823
1076,HGS-TV,463487.0,70893.1903283596
1077,HGS-TV,463487.0,70953.3896574974
1078,ails2_etaMax1.000_stoppingTime86400.00,463605.0,71087.93643774414
1079,ails2_etaMax1.000_stoppingTime86400.00,463604.0,71088.49943774415
1080,ails2_etaMax1.000_stoppingTime86400.00,463603.0,71150.04343774414
1081,HGS-TV,463487.0,71297.30674910545
1082,ails2_etaMax1.000_stoppingTime86400.00,463599.0,71326.53143774414
1083,ails2_etaMax1.000_stoppingTime86400.00,463598.0,71326.56343774415
1084,HGS-TV,463487.0,71461.46844387054
1085,ails2_eoh_omega2,464115.0,71506.74943774415
1086,ails2_eoh_omega2,464111.0,71506.86943774414
1087,HGS-TV,463487.0,71583.06861162186
1088,HGS-TV,463487.0,71658.7778327465
1089,HGS-TV,463487.0,71719.35460591316
1090,HGS-TV,463487.0,71815.41794514656
1091,HGS-TV,463487.0,71887.89652752876
1092,ails2_etaMax1.000_stoppingTime864000.00,468959.0,72015.02043774414
1093,ails2_etaMax1.000_stoppingTime864000.00,468953.0,72015.27843774414
1094,HGS-TV,463487.0,72081.19172906876
1095,HGS-TV,463487.0,72249.0282125473
1096,HGS-TV,463487.0,72309.0697658062
1097,ails2_etaMax1.000_stoppingTime86400.00,463596.0,72313.70043774413
1098,ails2_etaMax1.000_stoppingTime86400.00,463590.0,72314.58043774414
1099,HGS-TV,463487.0,72446.42449331284
1100,HGS-TV,463487.0,72987.00349497795
1101,ails2_etaMax1.000_stoppingTime86400.00,463589.0,73100.56243774414
1102,ails2_etaMax1.000_stoppingTime86400.00,463588.0,73117.05443774414
1103,HGS-TV,463487.0,73168.4725086689
1104,HGS-TV,463487.0,73440.90606594086
1105,HGS-TV,463487.0,73537.00738978386
1106,ails2_etaMax1.000_stoppingTime86400.00,463585.0,73541.81243774414
1107,ails2_etaMax1.000_stoppingTime86400.00,463584.0,73541.87443774415
1108,ails2_etaMax1.000_stoppingTime86400.00,463582.0,73621.12743774414
1109,HGS-TV,463487.0,73749.41807794571
1110,HGS-TV,463487.0,73861.64373970032
1111,ails2_etaMax0.010_stoppingTime432000.00,464285.0,73888.88543774415
1112,HGS-TV,463487.0,73921.77299499512
1113,ails2_eoh_omega2,464110.0,74127.70343774415
1114,ails2_eoh_omega2,464104.0,74129.98143774414
1115,ails2_etaMax1.000_stoppingTime432000.00,467730.0,74223.23843774413
1116,ails2_etaMax1.000_stoppingTime432000.00,467641.0,74225.53143774414
1117,ails2_etaMax1.000_stoppingTime86400.00,463581.0,74298.19743774414
1118,ails2_etaMax1.000_stoppingTime86400.00,463577.0,74306.54543774413
1119,ails2_etaMax1.000_stoppingTime86400.00,463575.0,74413.64043774414
1120,ails2_etaMax1.000_stoppingTime864000.00,468901.0,74494.44543774414
1121,ails2_etaMax1.000_stoppingTime864000.00,468757.0,74494.86943774414
1122,HGS-TV,463487.0,74865.68567442894
1123,ails2_etaMax0.010_stoppingTime432000.00,464283.0,75156.82843774415
1124,ails2_etaMax0.010_stoppingTime432000.00,464277.0,75174.41843774414
1125,ails2_etaMax1.000_stoppingTime432000.00,467619.0,75265.66343774414
1126,HGS-TV,463487.0,75514.18652677536
1127,ails2_etaMax1.000_stoppingTime432000.00,467610.0,75569.21443774414
1128,ails2_etaMax1.000_stoppingTime432000.00,467560.0,75596.07343774414
1129,HGS-TV,463487.0,75707.23034143448
1130,HGS-TV,463487.0,75953.8044359684
1131,HGS-TV,463487.0,76018.19245243073
1132,ails2_eoh_omega2,464103.0,76980.76543774414
1133,ails2_eoh_omega2,464093.0,76996.83643774415
1134,HGS-TV,463487.0,77132.52465558052
1135,ails2_eoh_omega2,464091.0,77231.98543774414
1136,ails2_eoh_omega2,464090.0,77235.45343774415
1137,ails2_etaMax1.000_stoppingTime86400.00,463574.0,77433.04643774414
1138,ails2_etaMax1.000_stoppingTime86400.00,463573.0,77433.41043774414
1139,ails2_etaMax1.000_stoppingTime432000.00,467551.0,77563.21443774414
1140,ails2_etaMax1.000_stoppingTime432000.00,467540.0,77563.78343774415
1141,ails2_etaMax1.000_stoppingTime86400.00,463572.0,77645.71243774414
1142,ails2_etaMax1.000_stoppingTime864000.00,468717.0,77695.15343774414
1143,ails2_etaMax1.000_stoppingTime86400.00,463570.0,77647.31643774414
1144,ails2_etaMax1.000_stoppingTime864000.00,468602.0,77695.53843774414
1145,HGS-TV,463487.0,77844.26285481453
1146,ails2_etaMax1.000_stoppingTime1728000.00,469455.0,78062.96243774414
1147,ails2_etaMax1.000_stoppingTime1728000.00,469430.0,78063.00743774413
1148,ails2_etaMax1.000_stoppingTime1728000.00,469396.0,78157.71143774415
1149,HGS-TV,463487.0,78533.02481079102
1150,ails2_etaMax1.000_stoppingTime86400.00,463569.0,78639.50743774413
1151,HGS-TV,463487.0,78949.3082215786
1152,ails2_etaMax1.000_stoppingTime86400.00,463568.0,79215.23543774414
1153,ails2_etaMax1.000_stoppingTime1728000.00,469391.0,79339.98943774414
1154,ails2_etaMax1.000_stoppingTime432000.00,467536.0,79345.43043774414
1155,HGS-TV,463487.0,79371.97156691551
1156,ails2_eoh_omega2,464089.0,79385.60343774414
1157,ails2_etaMax1.000_stoppingTime432000.00,467357.0,79350.33043774414
1158,HGS-TV,463487.0,79432.07858181
1159,ails2_eoh_omega2,464088.0,79385.88943774415
1160,HGS-TV,463487.0,79498.19304513931
1161,ails2_eoh_omega2,464087.0,79486.98243774414
1162,HGS-TV,463487.0,79782.00453686714
1163,HGS-TV,463487.0,80069.82847380638
1164,HGS-TV,463487.0,80130.1217956543
1165,HGS-TV,463487.0,80509.78375315666
1166,HGS-TV,463487.0,80748.14162015915
1167,HGS-TV,463487.0,80886.8299574852
1168,HGS-TV,463487.0,81428.8535118103
1169,ails2_etaMax0.010_stoppingTime432000.00,464276.0,81959.81143774414
1170,ails2_etaMax0.010_stoppingTime432000.00,464269.0,81962.33143774414
1171,ails2_etaMax0.010_stoppingTime432000.00,464267.0,82157.87343774414
1172,HGS-TV,463487.0,82178.20240569115
1173,ails2_etaMax0.010_stoppingTime432000.00,464266.0,82158.07143774415
1174,HGS-TV,463487.0,82238.48840069771
1175,ails2_eoh_acc_large,463484.0,82536.78243774414
1176,ails2_etaMax1.000_stoppingTime432000.00,467339.0,82745.39943774414
1177,ails2_etaMax1.000_stoppingTime432000.00,467321.0,83077.69343774414
1178,ails2_etaMax1.000_stoppingTime432000.00,467217.0,83081.27643774413
1179,ails2_etaMax1.000_stoppingTime86400.00,463567.0,83858.72843774414
1180,ails2_etaMax1.000_stoppingTime432000.00,467216.0,84278.33743774414
1181,ails2_etaMax1.000_stoppingTime432000.00,467143.0,84278.56643774414
1182,ails2_eoh_omega2,464086.0,85496.49143774415
1183,ails2_etaMax1.000_stoppingTime86400.00,463561.0,85538.75743774413
1184,ails2_eoh_omega2,464084.0,85497.43243774414
1185,ails2_etaMax1.000_stoppingTime86400.00,463557.0,85593.42643774414
1186,ails2_etaMax1.000_stoppingTime86400.00,463554.0,85609.67243774414
1187,ails2_etaMax1.000_stoppingTime86400.00,463553.0,85886.78143774414
1188,ails2_etaMax1.000_stoppingTime86400.00,463552.0,85920.72743774414
1189,ails2_etaMax1.000_stoppingTime86400.00,463551.0,86029.08543774414
1190,ails2_etaMax1.000_stoppingTime86400.00,463549.0,86034.31043774413
1191,ails2_eoh_acc_large,463483.0,86091.29043774414
1192,ails2_eoh_omega2,464083.0,86320.28243774414
1193,ails2_eoh_omega2,464082.0,86472.05843774414
1194,ails2_eoh_omega2,464080.0,86592.78043774414
1195,ails2_etaMax1.000_stoppingTime432000.00,467084.0,86610.51043774415
1196,ails2_eoh_omega2,464078.0,86604.69743774414
1197,ails2_etaMax1.000_stoppingTime432000.00,466919.0,86611.33943774414
1198,ails2_etaMax1.000_stoppingTime1728000.00,469345.0,87686.26943774414
1199,ails2_etaMax1.000_stoppingTime1728000.00,469314.0,87686.66543774414
1200,ails2_eoh_omega2,464077.0,88608.05443774414
1201,ails2_etaMax1.000_stoppingTime1728000.00,469282.0,89493.32043774414
1202,ails2_etaMax0.010_stoppingTime432000.00,464265.0,90368.17243774414
1203,ails2_etaMax0.010_stoppingTime432000.00,464263.0,90368.26743774414
1204,ails2_etaMax1.000_stoppingTime864000.00,468579.0,90778.67943774414
1205,ails2_etaMax1.000_stoppingTime864000.00,468547.0,90778.95743774415
1206,ails2_etaMax1.000_stoppingTime432000.00,466914.0,91024.98643774414
1207,ails2_etaMax1.000_stoppingTime432000.00,466850.0,91025.26343774414
1208,ails2_etaMax1.000_stoppingTime864000.00,468519.0,92459.88343774414
1209,ails2_etaMax1.000_stoppingTime864000.00,468496.0,92459.98543774414
1210,HGS-TV,463483.0,93494.58186268806
1211,HGS-TV,463483.0,93555.24352312088
1212,HGS-TV,463483.0,93615.3791680336
1213,HGS-TV,463483.0,93675.68376207352
1214,ails2_etaMax0.010_stoppingTime432000.00,464261.0,93683.59843774413
1215,HGS-TV,463483.0,93759.76591706276
1216,HGS-TV,463483.0,93819.95687508583
1217,HGS-TV,463483.0,93900.71242403984
1218,HGS-TV,463483.0,93960.97745990753
1219,HGS-TV,463483.0,94021.13263583183
1220,HGS-TV,463483.0,94081.41688990593
1221,ails2_etaMax1.000_stoppingTime1728000.00,469232.0,94127.64043774414
1222,HGS-TV,463483.0,94141.80109858513
1223,ails2_etaMax1.000_stoppingTime1728000.00,469182.0,94129.39343774415
1224,HGS-TV,463483.0,94202.17753911018
1225,HGS-TV,463483.0,94262.54021167755
1226,HGS-TV,463483.0,94322.9118924141
1227,HGS-TV,463483.0,94415.60637950897
1228,ails2_etaMax1.000_stoppingTime432000.00,466846.0,94430.71643774414
1229,ails2_etaMax1.000_stoppingTime432000.00,466734.0,94440.54243774414
1230,HGS-TV,463483.0,94601.67245101929
1231,HGS-TV,463483.0,94667.9764842987
1232,HGS-TV,463483.0,95028.85997486115
1233,HGS-TV,463483.0,95089.0300514698
1234,HGS-TV,463483.0,95210.93615555763
1235,ails2_etaMax1.000_stoppingTime1728000.00,469161.0,95294.38343774414
1236,ails2_etaMax1.000_stoppingTime1728000.00,469153.0,95294.42443774414
1237,HGS-TV,463483.0,95460.85364174843
1238,HGS-TV,463483.0,96061.96894454956
1239,ails2_etaMax0.010_stoppingTime432000.00,464258.0,96160.36643774415
1240,ails2_etaMax0.010_stoppingTime432000.00,464257.0,96196.85243774414
1241,ails2_etaMax0.010_stoppingTime432000.00,464254.0,96262.74643774414
1242,HGS-TV,463483.0,96356.04611349106
1243,ails2_etaMax0.010_stoppingTime432000.00,464253.0,97344.30843774414
1244,HGS-TV,463483.0,97382.20651197433
1245,ails2_etaMax0.010_stoppingTime432000.00,464249.0,97347.86643774415
1246,HGS-TV,463483.0,97499.87083983421
1247,HGS-TV,463483.0,97851.58062982559
1248,HGS-TV,463483.0,98261.16360878944
1249,HGS-TV,463483.0,98543.57979464531
1250,HGS-TV,463483.0,99049.46525621414
1251,HGS-TV,463483.0,99118.68820691109
1252,HGS-TV,463483.0,99411.89293837547
1253,HGS-TV,463483.0,99701.01035618782
1254,ails2_etaMax1.000_stoppingTime864000.00,468481.0,99885.21343774414
1255,ails2_etaMax1.000_stoppingTime864000.00,468314.0,99886.52143774414
1256,HGS-TV,463483.0,100006.99183058739
1257,ails2_etaMax1.000_stoppingTime432000.00,466702.0,100131.93643774414
1258,HGS-TV,463483.0,100692.47101855278
1259,ails2_etaMax1.000_stoppingTime864000.00,468311.0,100908.12543774414
1260,ails2_etaMax1.000_stoppingTime432000.00,466671.0,100953.07443774414
1261,ails2_etaMax1.000_stoppingTime864000.00,468249.0,100910.53543774414
1262,ails2_etaMax1.000_stoppingTime432000.00,466664.0,100953.11643774415
1263,ails2_etaMax1.000_stoppingTime1728000.00,469136.0,101163.93843774415
1264,HGS-TV,463483.0,101262.6303050518
1265,HGS-TV,463483.0,101610.57134652138
1266,ails2_etaMax0.010_stoppingTime432000.00,464248.0,102013.48343774414
1267,ails2_etaMax0.010_stoppingTime432000.00,464246.0,102014.84543774414
1268,ails2_etaMax0.010_stoppingTime432000.00,464245.0,102258.44743774414
1269,HGS-TV,463483.0,102848.33810257912
1270,HGS-TV,463483.0,103665.02372550964
1271,HGS-TV,463483.0,103725.19038844109
1272,HGS-TV,463483.0,103899.8071064949
1273,ails2_etaMax1.000_stoppingTime432000.00,466663.0,104418.97643774415
1274,ails2_etaMax1.000_stoppingTime432000.00,466649.0,104945.56043774413
1275,ails2_etaMax1.000_stoppingTime432000.00,466637.0,104946.15043774415
1276,HGS-TV,463483.0,105078.84438920021
1277,HGS-TV,463483.0,105281.25892281532
1278,ails2_etaMax1.000_stoppingTime432000.00,466623.0,105356.23543774414
1279,ails2_etaMax1.000_stoppingTime432000.00,466514.0,105357.01243774414
1280,ails2_etaMax1.000_stoppingTime864000.00,468226.0,105605.22143774414
1281,ails2_etaMax1.000_stoppingTime1728000.00,469117.0,105896.37043774415
1282,ails2_etaMax1.000_stoppingTime432000.00,466505.0,105896.58243774415
1283,ails2_etaMax1.000_stoppingTime432000.00,466438.0,105911.27043774414
1284,HGS-TV,463483.0,106403.57304358482
1285,HGS-TV,463483.0,106557.67417812347
1286,HGS-TV,463483.0,106956.06357574463
1287,ails2_etaMax1.000_stoppingTime432000.00,466430.0,107132.42943774414
1288,ails2_etaMax1.000_stoppingTime432000.00,466111.0,107137.22943774414
1289,HGS-TV,463483.0,107371.7978618145
1290,ails2_etaMax1.000_stoppingTime864000.00,468210.0,107437.57843774415
1291,ails2_etaMax1.000_stoppingTime864000.00,468201.0,107437.68243774414
1292,HGS-TV,463483.0,107787.00684452057
1293,HGS-TV,463483.0,108222.9422531128
1294,HGS-TV,463483.0,108304.867364645
1295,HGS-TV,463483.0,109170.8373746872
1296,HGS-TV,463483.0,109374.41516423225
1297,ails2_etaMax1.000_stoppingTime864000.00,468162.0,109675.84243774414
1298,ails2_etaMax1.000_stoppingTime864000.00,468144.0,109675.96243774414
1299,HGS-TV,463483.0,109785.9397842884
1300,HGS-TV,463483.0,110260.92820858955
1301,HGS-TV,463483.0,111132.08323740959
1302,HGS-TV,463483.0,111446.07600235939
1303,HGS-TV,463483.0,111506.52498960495
1304,HGS-TV,463483.0,112055.60779762268
1305,HGS-TV,463483.0,112116.12718629837
1306,HGS-TV,463483.0,112398.2051475048
1307,HGS-TV,463483.0,112458.40312981606
1308,HGS-TV,463483.0,112523.23352789879
1309,HGS-TV,463483.0,112878.44872140884
1310,HGS-TV,463483.0,113460.54262900352
1311,HGS-TV,463483.0,113550.66915035248
1312,HGS-TV,463483.0,113822.3413245678
1313,ails2_etaMax1.000_stoppingTime864000.00,468137.0,114045.51643774414
1314,HGS-TV,463483.0,114354.84830117226
1315,HGS-TV,463483.0,114470.97732877731
1316,ails2_etaMax0.010_stoppingTime432000.00,464244.0,114496.12143774414
1317,ails2_etaMax0.010_stoppingTime432000.00,464243.0,114629.90943774414
1318,HGS-TV,463483.0,115009.36173605919
1319,ails2_eoh_omega2,464076.0,115132.13543774415
1320,ails2_eoh_omega2,464070.0,115134.21843774414
1321,ails2_etaMax0.010_stoppingTime432000.00,464242.0,115384.55043774414
1322,ails2_eoh_omega2,464069.0,115414.84243774414
1323,ails2_eoh_omega2,464050.0,115432.87743774414
1324,ails2_eoh_omega2,464048.0,115505.02343774414
1325,ails2_eoh_omega2,464038.0,115588.12343774414
1326,ails2_eoh_omega2,464037.0,115805.87143774414
1327,ails2_etaMax0.010_stoppingTime432000.00,464241.0,115823.37943774414
1328,ails2_etaMax0.010_stoppingTime432000.00,464237.0,115838.54643774414
1329,HGS-TV,463483.0,115960.08273744583
1330,HGS-TV,463483.0,116020.12378120422
1331,HGS-TV,463483.0,116080.18654799461
1332,HGS-TV,463483.0,116140.34783673286
1333,ails2_eoh_omega2,464036.0,116246.70143774414
1334,ails2_eoh_omega2,464030.0,116247.65943774414
1335,HGS-TV,463483.0,116723.39650702477
1336,ails2_etaMax0.010_stoppingTime432000.00,464236.0,117000.03343774415
1337,ails2_etaMax0.010_stoppingTime432000.00,464234.0,117000.10943774415
1338,HGS-TV,463483.0,117825.81011009216
1339,ails2_eoh_omega2,464028.0,118112.76143774414
1340,HGS-TV,463483.0,118457.26473617554
1341,ails2_etaMax1.000_stoppingTime1728000.00,469055.0,118717.83843774414
1342,HGS-TV,463483.0,118734.5415418148
1343,ails2_etaMax1.000_stoppingTime1728000.00,468854.0,118718.84443774413
1344,ails2_etaMax1.000_stoppingTime864000.00,468132.0,118874.84943774414
1345,ails2_etaMax1.000_stoppingTime864000.00,467768.0,118877.35343774414
1346,HGS-TV,463483.0,118966.20344400406
1347,ails2_etaMax0.010_stoppingTime432000.00,464233.0,119035.39743774413
1348,ails2_etaMax0.010_stoppingTime432000.00,464231.0,119035.70943774414
1349,ails2_etaMax0.010_stoppingTime432000.00,464190.0,119131.64243774414
1350,HGS-TV,463483.0,119175.74328899384
1351,HGS-TV,463483.0,119236.34437942505
1352,ails2_etaMax0.010_stoppingTime432000.00,464188.0,119271.45643774414
1353,HGS-TV,463483.0,119296.35915374756
1354,ails2_etaMax0.010_stoppingTime432000.00,464167.0,119304.73343774414
1355,HGS-TV,463483.0,119601.4265062809
1356,ails2_etaMax0.010_stoppingTime432000.00,464166.0,119645.53143774414
1357,ails2_etaMax0.010_stoppingTime432000.00,464160.0,119679.48443774415
1358,HGS-TV,463483.0,119748.00730419159
1359,ails2_etaMax0.010_stoppingTime432000.00,464159.0,119767.45843774414
1360,ails2_etaMax0.010_stoppingTime432000.00,464155.0,119786.75643774414
1361,ails2_etaMax0.010_stoppingTime432000.00,464153.0,119857.99043774414
1362,ails2_etaMax0.010_stoppingTime432000.00,464150.0,119933.11143774414
1363,HGS-TV,463483.0,120029.20893383026
1364,HGS-TV,463483.0,120697.12098002434
1365,ails2_etaMax0.010_stoppingTime432000.00,464149.0,120968.04143774413
1366,HGS-TV,463483.0,120991.32612109184
1367,HGS-TV,463483.0,121051.39974451065
1368,ails2_etaMax1.000_stoppingTime432000.00,466099.0,121067.22943774414
1369,HGS-TV,463483.0,121111.64970612526
1370,ails2_etaMax1.000_stoppingTime432000.00,466017.0,121074.55543774414
1371,ails2_etaMax1.000_stoppingTime432000.00,466008.0,121325.29743774414
1372,ails2_etaMax1.000_stoppingTime432000.00,465909.0,121325.86343774413
1373,ails2_etaMax0.010_stoppingTime432000.00,464148.0,121520.79643774414
1374,ails2_etaMax1.000_stoppingTime432000.00,465902.0,121936.48343774414
1375,ails2_etaMax1.000_stoppingTime432000.00,465901.0,121936.85043774414
1376,ails2_etaMax0.010_stoppingTime432000.00,464146.0,122045.33943774414
1377,HGS-TV,463483.0,122334.30208420753
1378,ails2_etaMax0.010_stoppingTime432000.00,464145.0,122448.87943774414
1379,ails2_etaMax0.010_stoppingTime432000.00,464144.0,122453.70343774415
1380,HGS-TV,463483.0,122590.05053472519
1381,HGS-TV,463483.0,123356.10520768166
1382,ails2_eoh_omega2,464027.0,123726.90243774414
1383,ails2_eoh_omega2,464026.0,123727.01543774414
1384,ails2_etaMax0.010_stoppingTime432000.00,464143.0,124533.13843774414
1385,ails2_etaMax0.010_stoppingTime432000.00,464140.0,124533.32643774414
1386,ails2_etaMax0.010_stoppingTime432000.00,464132.0,124638.64743774413
1387,ails2_etaMax0.010_stoppingTime432000.00,464126.0,124666.54343774414
1388,ails2_etaMax0.010_stoppingTime432000.00,464125.0,124822.26943774414
1389,HGS-TV,463483.0,124832.41586565971
1390,ails2_etaMax0.010_stoppingTime432000.00,464123.0,124869.79743774414
1391,HGS-TV,463483.0,124892.81227517128
1392,ails2_etaMax0.010_stoppingTime432000.00,464122.0,124900.20443774413
1393,ails2_etaMax0.010_stoppingTime432000.00,464121.0,125214.53543774414
1394,ails2_etaMax0.010_stoppingTime432000.00,464120.0,126059.04343774414
1395,ails2_etaMax0.010_stoppingTime432000.00,464119.0,126069.69843774414
1396,HGS-TV,463483.0,126165.74099445343
1397,ails2_etaMax1.000_stoppingTime432000.00,465879.0,126317.57943774413
1398,ails2_etaMax1.000_stoppingTime432000.00,465569.0,126330.08243774415
1399,ails2_eoh_omega2,464025.0,126649.94043774414
1400,ails2_eoh_omega2,464022.0,126664.17143774414
1401,ails2_eoh_omega2,464020.0,126741.76443774415
1402,ails2_eoh_omega2,464019.0,126912.63643774414
1403,ails2_eoh_omega2,464018.0,127803.12143774414
1404,ails2_eoh_omega2,464014.0,127803.47843774414
1405,HGS-TV,463483.0,128332.51655316353
1406,ails2_eoh_omega2,464013.0,128504.68343774414
1407,ails2_eoh_omega2,464012.0,128759.81543774414
1408,ails2_etaMax0.010_stoppingTime432000.00,464118.0,128776.98143774414
1409,ails2_eoh_omega2,464007.0,128815.54643774414
1410,HGS-TV,463483.0,128976.2406001091
1411,ails2_eoh_omega2,464006.0,129204.34843774413
1412,HGS-TV,463483.0,129205.56935238838
1413,ails2_eoh_omega2,463995.0,129214.99543774415
1414,ails2_eoh_omega2,463994.0,129269.16143774414
1415,ails2_eoh_omega2,463988.0,129345.58543774414
1416,HGS-TV,463483.0,129454.36690115929
1417,ails2_eoh_omega2,463987.0,129518.80843774414
1418,ails2_eoh_omega2,463971.0,129536.57843774415
1419,ails2_eoh_omega2,463970.0,129711.51043774415
1420,ails2_eoh_omega2,463968.0,129712.50243774414
1421,ails2_etaMax0.010_stoppingTime432000.00,464117.0,129992.53843774414
1422,HGS-TV,463483.0,130091.85241603851
1423,HGS-TV,463483.0,130152.03366994858
1424,HGS-TV,463483.0,130553.8304169178
1425,ails2_etaMax0.010_stoppingTime432000.00,464116.0,130590.23043774415
1426,ails2_etaMax0.010_stoppingTime432000.00,464115.0,130666.12943774414
1427,ails2_etaMax0.010_stoppingTime432000.00,464112.0,130666.20343774415
1428,HGS-TV,463483.0,131066.3426554203
1429,HGS-TV,463483.0,131398.14843010902
1430,ails2_etaMax0.010_stoppingTime432000.00,464111.0,131748.46643774415
1431,ails2_etaMax0.010_stoppingTime432000.00,464110.0,131797.97243774415
1432,ails2_eoh_omega2,463967.0,132080.90343774413
1433,ails2_eoh_omega2,463966.0,132210.43443774414
1434,HGS-TV,463483.0,132266.25367617607
1435,ails2_eoh_omega2,463963.0,132210.52743774414
1436,ails2_etaMax0.010_stoppingTime432000.00,464109.0,132385.88843774414
1437,HGS-TV,463483.0,132455.84509634972
1438,ails2_etaMax0.010_stoppingTime432000.00,464108.0,132595.72143774413
1439,HGS-TV,463483.0,132933.40574288368
1440,HGS-TV,463483.0,132993.9079401493
1441,HGS-TV,463483.0,133252.90884304047
1442,ails2_etaMax1.000_stoppingTime864000.00,467760.0,133552.46543774413
1443,ails2_etaMax1.000_stoppingTime864000.00,467709.0,133552.51743774413
1444,HGS-TV,463483.0,133984.29202508926
1445,ails2_etaMax1.000_stoppingTime864000.00,467707.0,134058.73443774413
1446,ails2_etaMax1.000_stoppingTime864000.00,467630.0,134058.82043774414
1447,HGS-TV,463483.0,134177.368039608
1448,HGS-TV,463483.0,134411.6196784973
1449,HGS-TV,463483.0,135127.25103378296
1450,ails2_eoh_omega2,463962.0,136181.13543774415
1451,ails2_eoh_omega2,463961.0,136181.27143774414
1452,ails2_eoh_omega2,463960.0,136414.30443774414
1453,HGS-TV,463483.0,137196.49642848969
1454,HGS-TV,463483.0,137256.83196020126
1455,HGS-TV,463483.0,137435.6466231346
1456,ails2_etaMax0.010_stoppingTime432000.00,464107.0,137889.42043774415
1457,ails2_etaMax0.010_stoppingTime432000.00,464106.0,137889.95643774414
1458,ails2_etaMax0.010_stoppingTime432000.00,464105.0,138712.32343774414
1459,ails2_etaMax0.010_stoppingTime432000.00,464104.0,138712.93343774413
1460,HGS-TV,463483.0,140069.2870838642
1461,HGS-TV,463483.0,140217.9749727249
1462,ails2_etaMax1.000_stoppingTime432000.00,465566.0,140674.90543774414
1463,ails2_etaMax1.000_stoppingTime432000.00,465529.0,140674.98543774415
1464,ails2_etaMax1.000_stoppingTime432000.00,465523.0,140768.08743774414
1465,ails2_etaMax1.000_stoppingTime432000.00,465511.0,140874.28543774414
1466,ails2_etaMax1.000_stoppingTime432000.00,465362.0,140885.59343774413
1467,ails2_etaMax1.000_stoppingTime1728000.00,468817.0,141115.23043774415
1468,ails2_etaMax1.000_stoppingTime1728000.00,468801.0,141115.27543774413
1469,HGS-TV,463483.0,141496.7176823616
1470,HGS-TV,463483.0,141657.70657396317
1471,HGS-TV,463483.0,141754.77241420746
1472,HGS-TV,463483.0,141874.1738202572
1473,HGS-TV,463483.0,141952.03864955902
1474,HGS-TV,463483.0,142158.9558417797
1475,HGS-TV,463483.0,142219.33720541
1476,HGS-TV,463483.0,142737.28123426437
1477,HGS-TV,463483.0,143381.2598285675
1478,HGS-TV,463483.0,143921.1103928089
1479,ails2_etaMax1.000_stoppingTime432000.00,465357.0,144294.10143774413
1480,ails2_etaMax1.000_stoppingTime432000.00,465307.0,144306.97743774415
1481,ails2_etaMax1.000_stoppingTime432000.00,465261.0,144390.58943774414
1482,HGS-TV,463483.0,144543.1143937111
1483,HGS-TV,463483.0,144895.3254160881
1484,HGS-TV,463483.0,145299.7197945118
1485,ails2_etaMax0.020_stoppingTime86400.00,463482.0,145552.83843774415
1486,HGS-TV,463483.0,146458.44310188293
1487,HGS-TV,463483.0,146521.68220448494
1488,ails2_etaMax1.000_stoppingTime864000.00,467589.0,146549.24543774413
1489,HGS-TV,463483.0,146743.39542460442
1490,HGS-TV,463483.0,146803.70094537735
1491,HGS-TV,463483.0,146920.10115289688
1492,ails2_etaMax1.000_stoppingTime1728000.00,468784.0,146966.09643774413
1493,ails2_etaMax1.000_stoppingTime1728000.00,468783.0,146966.12643774415
1494,ails2_etaMax1.000_stoppingTime864000.00,467552.0,147157.36543774413
1495,ails2_etaMax1.000_stoppingTime864000.00,467522.0,147157.39243774413
1496,HGS-TV,463478.0,147922.4183690548
1497,HGS-TV,463476.0,149210.67790269852
1498,HGS-TV,463475.0,149471.94247055054
1499,ails2_etaMax1.000_stoppingTime432000.00,465260.0,149482.41543774414
1500,HGS-TV,463474.0,149532.0359275341
1501,HGS-TV,463473.0,149689.8680589199
1502,ails2_etaMax1.000_stoppingTime432000.00,465258.0,150690.16443774413
1503,ails2_etaMax1.000_stoppingTime432000.00,465171.0,150692.37843774413
1504,HGS-TV,463472.0,150995.20395231247
1505,ails2_etaMax1.000_stoppingTime864000.00,467459.0,151258.39943774414
1506,ails2_etaMax1.000_stoppingTime864000.00,467433.0,151258.44643774413
1507,HGS-TV,463471.0,151326.97392821312
1508,HGS-TV,463469.0,152107.5257847309
1509,ails2_eoh_omega2,463959.0,152107.61543774413
1510,HGS-TV,463468.0,152167.6410536766
1511,ails2_eoh_omega2,463957.0,152131.90543774414
1512,ails2_etaMax1.000_stoppingTime864000.00,467431.0,152197.47443774415
1513,ails2_eoh_omega2,463942.0,152215.44243774415
1514,ails2_etaMax1.000_stoppingTime864000.00,467304.0,152198.13043774414
1515,ails2_eoh_omega2,463936.0,152245.74643774415
1516,ails2_eoh_omega2,463933.0,152415.18143774415
1517,ails2_eoh_omega2,463932.0,152415.20543774415
1518,ails2_eoh_omega2,463929.0,152551.65643774415
1519,ails2_eoh_omega2,463925.0,152554.81543774414
1520,ails2_eoh_omega2,463924.0,152755.00743774415
1521,ails2_eoh_omega2,463923.0,152755.75543774414
1522,ails2_eoh_omega2,463922.0,153065.22443774415
1523,ails2_eoh_omega2,463921.0,153065.36943774414
1524,ails2_etaMax1.000_stoppingTime1728000.00,468723.0,153493.60943774413
1525,ails2_etaMax1.000_stoppingTime1728000.00,468722.0,153493.64743774413
1526,ails2_etaMax1.000_stoppingTime1728000.00,468718.0,154810.32743774413
1527,ails2_etaMax1.000_stoppingTime1728000.00,468683.0,154810.38943774413
1528,ails2_eoh_omega2,463920.0,155613.97843774414
1529,ails2_eoh_omega2,463919.0,155786.18343774413
1530,ails2_eoh_omega2,463915.0,155787.51543774415
1531,ails2_eoh_omega2,463914.0,155869.66643774413
1532,ails2_eoh_omega2,463913.0,156102.12743774414
1533,ails2_eoh_omega2,463907.0,156117.94643774413
1534,ails2_etaMax1.000_stoppingTime432000.00,465157.0,157607.67443774414
1535,ails2_etaMax1.000_stoppingTime432000.00,464979.0,157614.95643774414
1536,HGS-TV,463468.0,158371.61707043648
1537,HGS-TV,463468.0,158431.83425736427
1538,HGS-TV,463468.0,158492.3368291855
1539,HGS-TV,463468.0,158552.5985622406
1540,ails2_etaMax1.000_stoppingTime1728000.00,468651.0,158599.53243774414
1541,HGS-TV,463468.0,158613.00256800652
1542,ails2_etaMax1.000_stoppingTime1728000.00,468500.0,158599.56743774415
1543,HGS-TV,463468.0,158673.34400725365
1544,HGS-TV,463468.0,158733.43208885193
1545,HGS-TV,463468.0,158793.83381843567
1546,HGS-TV,463468.0,158937.42674183846
1547,HGS-TV,463468.0,158998.11639547348
1548,HGS-TV,463468.0,159058.13186883926
1549,HGS-TV,463468.0,159177.47823691368
1550,HGS-TV,463468.0,159263.03444957733
1551,HGS-TV,463468.0,159359.4246482849
1552,HGS-TV,463468.0,159420.72857761383
1553,HGS-TV,463468.0,159520.94308376312
1554,HGS-TV,463468.0,159680.34507155418
1555,HGS-TV,463468.0,159778.75141620636
1556,HGS-TV,463468.0,159884.23481869698
1557,HGS-TV,463468.0,159944.29213881493
1558,HGS-TV,463468.0,160004.73324489594
1559,HGS-TV,463468.0,160065.26160788536
1560,HGS-TV,463468.0,160370.98306941986
1561,HGS-TV,463468.0,160431.44651818275
1562,HGS-TV,463468.0,160501.44630765915
1563,ails2_etaMax1.000_stoppingTime864000.00,467295.0,160515.65843774413
1564,ails2_etaMax1.000_stoppingTime864000.00,467284.0,160515.70243774413
1565,HGS-TV,463468.0,160620.0452876091
1566,HGS-TV,463468.0,160694.04034733772
1567,HGS-TV,463468.0,160772.83437228203
1568,HGS-TV,463468.0,160850.6135149002
1569,HGS-TV,463468.0,161004.31424808502
1570,HGS-TV,463468.0,161225.54922485352
1571,HGS-TV,463468.0,161794.20829176903
1572,HGS-TV,463468.0,161854.74571156502
1573,HGS-TV,463468.0,162534.16922926903
1574,HGS-TV,463468.0,162594.42919421196
1575,ails2_etaMax1.000_stoppingTime432000.00,464950.0,162651.17743774413
1576,HGS-TV,463468.0,163022.10848283768
1577,HGS-TV,463468.0,163144.48780941963
1578,HGS-TV,463468.0,163726.5993218422
1579,ails2_etaMax1.000_stoppingTime864000.00,467281.0,163796.09743774415
1580,ails2_etaMax1.000_stoppingTime864000.00,467229.0,163796.47043774414
1581,ails2_etaMax0.010_stoppingTime432000.00,464103.0,163953.01143774414
1582,HGS-TV,463468.0,163984.75773739815
1583,ails2_etaMax0.010_stoppingTime432000.00,464101.0,163953.40143774415
1584,HGS-TV,463468.0,164634.16787314415
1585,HGS-TV,463468.0,165108.14604854584
1586,ails2_etaMax1.000_stoppingTime432000.00,464944.0,165200.94443774415
1587,ails2_etaMax1.000_stoppingTime432000.00,464915.0,165206.74043774413
1588,ails2_etaMax0.010_stoppingTime432000.00,464100.0,165350.26843774415
1589,ails2_etaMax0.010_stoppingTime432000.00,464098.0,165350.44843774414
1590,ails2_etaMax0.010_stoppingTime432000.00,464097.0,165693.32343774414
1591,ails2_etaMax0.010_stoppingTime432000.00,464092.0,165750.76643774414
1592,HGS-TV,463468.0,167999.28398680687
1593,ails2_eoh_omega2,463906.0,168142.52343774415
1594,ails2_etaMax1.000_stoppingTime432000.00,464914.0,168245.99343774415
1595,ails2_etaMax1.000_stoppingTime432000.00,464804.0,168251.55443774414
1596,HGS-TV,463468.0,168519.82977581024
1597,ails2_etaMax1.000_stoppingTime864000.00,467195.0,168567.93943774415
1598,HGS-TV,463468.0,168714.98793911934
1599,HGS-TV,463468.0,168880.73590898514
1600,HGS-TV,463468.0,168947.38757371902
1601,HGS-TV,463468.0,169459.5165233612
1602,HGS-TV,463468.0,169705.48801851273
1603,HGS-TV,463468.0,170241.5788309574
1604,ails2_etaMax1.000_stoppingTime864000.00,467182.0,171158.44243774415
1605,ails2_etaMax1.000_stoppingTime864000.00,467129.0,171158.72943774413
1606,ails2_etaMax1.000_stoppingTime864000.00,467121.0,171226.31443774415
1607,HGS-TV,463468.0,171636.29158878326
1608,HGS-TV,463468.0,171696.33468580246
1609,HGS-TV,463468.0,172908.9978210926
1610,HGS-TV,463468.0,172986.3752334118
1611,HGS-TV,463468.0,173524.87141680717
1612,ails2_etaMax1.000_stoppingTime864000.00,467120.0,173824.70343774415
1613,ails2_etaMax1.000_stoppingTime864000.00,467109.0,173825.11143774414
1614,HGS-TV,463468.0,174080.23902273178
1615,ails2_etaMax1.000_stoppingTime864000.00,467108.0,174179.92343774415
1616,ails2_etaMax1.000_stoppingTime864000.00,467094.0,174179.96143774415
1617,ails2_etaMax1.000_stoppingTime864000.00,467086.0,174879.46743774414
1618,ails2_etaMax1.000_stoppingTime864000.00,466751.0,174882.37443774415
1619,HGS-TV,463468.0,175039.5004503727
1620,HGS-TV,463468.0,175504.3676056862
1621,HGS-TV,463468.0,175648.75027775764
1622,HGS-TV,463468.0,175747.5068244934
1623,HGS-TV,463468.0,176133.72328186035
1624,HGS-TV,463468.0,176252.63146209717
1625,HGS-TV,463468.0,177012.3038096428
1626,HGS-TV,463468.0,177072.54863405228
1627,HGS-TV,463468.0,177132.77027130127
1628,HGS-TV,463468.0,177637.26481223106
1629,HGS-TV,463468.0,177697.7765467167
1630,HGS-TV,463468.0,178712.78123569489
1631,HGS-TV,463468.0,179448.17229437828
1632,HGS-TV,463468.0,180284.46848011017
1633,HGS-TV,463468.0,180855.34441375732
1634,HGS-TV,463468.0,181705.12570428848
1635,ails2_etaMax1.000_stoppingTime432000.00,464783.0,181785.89643774414
1636,ails2_etaMax1.000_stoppingTime432000.00,464686.0,181789.21643774415
1637,HGS-TV,463468.0,182486.53379940987
1638,HGS-TV,463468.0,182563.58121204376
1639,HGS-TV,463468.0,183469.7433564663
1640,HGS-TV,463468.0,183554.02884697914
1641,ails2_etaMax1.000_stoppingTime432000.00,464673.0,183981.98543774415
1642,ails2_etaMax1.000_stoppingTime432000.00,464658.0,183982.91843774414
1643,ails2_etaMax1.000_stoppingTime432000.00,464655.0,184538.20343774415
1644,ails2_etaMax1.000_stoppingTime432000.00,464477.0,184560.21643774415
1645,HGS-TV,463468.0,184851.08901572227
1646,HGS-TV,463468.0,186892.09735393524
1647,HGS-TV,463468.0,187216.4187757969
1648,ails2_eoh_omega2,463905.0,187973.81343774413
1649,HGS-TV,463468.0,188886.02546977997
1650,HGS-TV,463468.0,189217.6629281044
1651,ails2_etaMax1.000_stoppingTime864000.00,466750.0,189813.96643774415
1652,ails2_etaMax1.000_stoppingTime864000.00,466708.0,189827.38543774415
1653,ails2_etaMax0.010_stoppingTime432000.00,464091.0,190738.79343774414
1654,HGS-TV,463468.0,191524.26984786987
1655,ails2_eoh_omega2,463903.0,191946.35843774414
1656,HGS-TV,463468.0,191981.89015865326
1657,ails2_etaMax0.020_stoppingTime86400.00,463467.0,192452.23143774414
1658,ails2_etaMax1.000_stoppingTime432000.00,464462.0,192991.29343774414
1659,HGS-TV,463468.0,193128.9270172119
1660,HGS-TV,463468.0,193498.89904642105
1661,HGS-TV,463468.0,193559.23039841652
1662,HGS-TV,463468.0,193923.1578719616
1663,HGS-TV,463461.0,194749.23560023308
1664,ails2_etaMax1.000_stoppingTime432000.00,464458.0,194839.41543774414
1665,ails2_etaMax1.000_stoppingTime432000.00,464457.0,194909.43243774414
1666,ails2_etaMax1.000_stoppingTime1728000.00,468483.0,194941.52743774414
1667,ails2_etaMax1.000_stoppingTime432000.00,464456.0,195019.87543774414
1668,ails2_etaMax1.000_stoppingTime432000.00,464420.0,195020.08543774413
1669,ails2_etaMax1.000_stoppingTime1728000.00,468482.0,195105.40643774415
1670,ails2_etaMax1.000_stoppingTime1728000.00,468432.0,195105.45643774414
1671,ails2_etaMax1.000_stoppingTime432000.00,464416.0,197590.91243774415
1672,ails2_etaMax1.000_stoppingTime432000.00,464413.0,197591.05143774414
1673,ails2_etaMax1.000_stoppingTime432000.00,464410.0,197666.82343774414
1674,ails2_etaMax1.000_stoppingTime432000.00,464409.0,198199.50743774415
1675,ails2_etaMax1.000_stoppingTime432000.00,464324.0,198204.27843774413
1676,HGS-TV,463460.0,198438.44718837738
1677,HGS-TV,463459.0,198516.9786438942
1678,HGS-TV,463457.0,198588.80936813354
1679,ails2_etaMax1.000_stoppingTime432000.00,464322.0,198650.30643774415
1680,ails2_etaMax1.000_stoppingTime864000.00,466687.0,198823.71543774413
1681,ails2_etaMax1.000_stoppingTime864000.00,466621.0,198833.42843774415
1682,ails2_etaMax1.000_stoppingTime864000.00,466591.0,198998.02143774414
1683,ails2_etaMax1.000_stoppingTime432000.00,464317.0,199405.48843774415
1684,ails2_etaMax1.000_stoppingTime432000.00,464312.0,199405.55043774415
1685,ails2_etaMax1.000_stoppingTime1728000.00,468397.0,200507.54043774414
1686,ails2_etaMax1.000_stoppingTime864000.00,466585.0,200928.88443774413
1687,HGS-TV,463456.0,202280.5524237156
1688,HGS-TV,463455.0,202346.03611254692
1689,ails2_etaMax1.000_stoppingTime432000.00,464304.0,202490.34743774415
1690,ails2_etaMax1.000_stoppingTime432000.00,464272.0,202490.66643774413
1691,ails2_etaMax1.000_stoppingTime864000.00,466563.0,202776.85143774413
1692,ails2_etaMax1.000_stoppingTime432000.00,464253.0,203797.79643774414
1693,ails2_etaMax1.000_stoppingTime432000.00,464234.0,203831.99643774415
1694,ails2_etaMax1.000_stoppingTime864000.00,466537.0,203917.27843774413
1695,ails2_etaMax1.000_stoppingTime432000.00,464232.0,204157.78443774415
1696,ails2_etaMax1.000_stoppingTime432000.00,464135.0,204210.94043774414
1697,ails2_etaMax1.000_stoppingTime432000.00,464124.0,204474.16243774415
1698,ails2_etaMax1.000_stoppingTime432000.00,464121.0,204474.21143774415
1699,HGS-TV,463454.0,204918.79432868958
1700,ails2_eoh_omega2,463902.0,205570.03643774413
1701,ails2_eoh_omega2,463901.0,205672.35643774414
1702,ails2_eoh_omega2,463898.0,205722.21643774415
1703,ails2_eoh_omega2,463895.0,205771.31243774414
1704,ails2_etaMax1.000_stoppingTime432000.00,464109.0,206661.04043774414
1705,ails2_etaMax1.000_stoppingTime432000.00,464106.0,206661.11243774413
1706,ails2_etaMax1.000_stoppingTime1728000.00,468392.0,207433.82243774415
1707,ails2_etaMax1.000_stoppingTime1728000.00,468388.0,207434.72443774415
1708,ails2_etaMax1.000_stoppingTime864000.00,466529.0,208500.62743774414
1709,ails2_etaMax1.000_stoppingTime864000.00,466416.0,208502.68343774413
1710,ails2_etaMax1.000_stoppingTime432000.00,464098.0,209551.89843774415
1711,ails2_etaMax1.000_stoppingTime1728000.00,468378.0,209606.64643774414
1712,ails2_etaMax1.000_stoppingTime432000.00,464090.0,209552.83743774414
1713,ails2_etaMax1.000_stoppingTime1728000.00,468348.0,209606.91143774413
1714,ails2_eoh_omega2,463894.0,211003.00343774413
1715,HGS-TV,463454.0,211221.85410118103
1716,HGS-TV,463454.0,211282.319013834
1717,HGS-TV,463454.0,211342.50143313408
1718,HGS-TV,463454.0,211402.76887202263
1719,HGS-TV,463454.0,211463.1769399643
1720,HGS-TV,463454.0,211523.3004603386
1721,HGS-TV,463454.0,211620.06360578537
1722,HGS-TV,463454.0,211680.72948408127
1723,HGS-TV,463454.0,211741.01889061928
1724,HGS-TV,463454.0,211801.49915385246
1725,HGS-TV,463454.0,211861.70109963417
1726,HGS-TV,463454.0,211921.94248127937
1727,HGS-TV,463454.0,212187.9418568611
1728,HGS-TV,463454.0,212295.39113092422
1729,HGS-TV,463454.0,212355.5076482296
1730,HGS-TV,463454.0,212416.00915527344
1731,HGS-TV,463454.0,212747.66331791878
1732,HGS-TV,463454.0,212807.98107886314
1733,HGS-TV,463454.0,212868.405708313
1734,ails2_etaMax1.000_stoppingTime1728000.00,468344.0,212942.70243774413
1735,HGS-TV,463454.0,212951.20096755028
1736,ails2_etaMax1.000_stoppingTime1728000.00,468311.0,212943.85243774415
1737,HGS-TV,463454.0,213011.57238197327
1738,ails2_etaMax1.000_stoppingTime1728000.00,468301.0,213099.91743774415
1739,HGS-TV,463454.0,213138.17348241806
1740,HGS-TV,463454.0,213198.18725943565
1741,HGS-TV,463454.0,213300.35576820374
1742,HGS-TV,463454.0,213428.22868561745
1743,ails2_etaMax1.000_stoppingTime864000.00,466406.0,213535.39943774414
1744,HGS-TV,463454.0,213579.21726036072
1745,ails2_etaMax1.000_stoppingTime864000.00,466382.0,213538.47043774414
1746,HGS-TV,463454.0,213650.50463175774
1747,HGS-TV,463454.0,213710.5713918209
1748,HGS-TV,463454.0,214535.36349534988
1749,HGS-TV,463454.0,215091.58892512321
1750,ails2_etaMax1.000_stoppingTime1728000.00,468295.0,215148.21043774413
1751,HGS-TV,463454.0,215151.83576202393
1752,ails2_etaMax1.000_stoppingTime1728000.00,468223.0,215148.25643774413
1753,HGS-TV,463454.0,215233.55068731308
1754,HGS-TV,463454.0,215293.96596050262
1755,HGS-TV,463454.0,215487.19081926346
1756,HGS-TV,463454.0,215608.2227935791
1757,HGS-TV,463454.0,215868.71026206017
1758,ails2_etaMax1.000_stoppingTime1728000.00,468219.0,216697.96143774415
1759,HGS-TV,463454.0,216708.67865872383
1760,ails2_etaMax1.000_stoppingTime1728000.00,468201.0,216698.00943774413
1761,HGS-TV,463454.0,216768.8506643772
1762,HGS-TV,463454.0,216949.53787994385
1763,HGS-TV,463454.0,217012.6354649067
1764,HGS-TV,463454.0,217072.92048931122
1765,ails2_etaMax1.000_stoppingTime864000.00,466355.0,217143.01743774413
1766,ails2_etaMax1.000_stoppingTime864000.00,466350.0,217203.05143774414
1767,HGS-TV,463454.0,217316.1133286953
1768,HGS-TV,463454.0,217494.23199772835
1769,ails2_etaMax1.000_stoppingTime1728000.00,468197.0,217516.57143774413
1770,ails2_etaMax1.000_stoppingTime1728000.00,468116.0,217525.15043774413
1771,HGS-TV,463454.0,217689.07904934883
1772,HGS-TV,463454.0,218098.98226976395
1773,HGS-TV,463454.0,218193.1156182289
1774,HGS-TV,463454.0,218467.27575063705
1775,HGS-TV,463454.0,218527.58681726456
1776,HGS-TV,463454.0,218588.47311782837
1777,HGS-TV,463454.0,218910.35063934326
1778,ails2_etaMax1.000_stoppingTime432000.00,464085.0,220200.16943774413
1779,ails2_etaMax1.000_stoppingTime432000.00,464056.0,220202.15443774415
1780,HGS-TV,463454.0,220771.2887570858
1781,ails2_etaMax1.000_stoppingTime432000.00,464049.0,221066.32343774414
1782,HGS-TV,463454.0,221086.04519724846
1783,ails2_etaMax1.000_stoppingTime432000.00,463928.0,221077.88143774413
1784,HGS-TV,463454.0,221713.2627980709
1785,HGS-TV,463454.0,222141.39613103867
1786,HGS-TV,463454.0,222888.25365257263
1787,HGS-TV,463454.0,223514.7817981243
1788,HGS-TV,463454.0,223574.98666000366
1789,HGS-TV,463454.0,223891.5744717121
1790,HGS-TV,463454.0,224099.92706251144
1791,HGS-TV,463454.0,224217.8660326004
1792,HGS-TV,463454.0,224507.6034257412
1793,ails2_etaMax1.000_stoppingTime864000.00,466342.0,224590.67843774415
1794,HGS-TV,463454.0,224599.19857406616
1795,ails2_etaMax1.000_stoppingTime864000.00,466325.0,224590.81443774415
1796,HGS-TV,463454.0,224659.20476865768
1797,HGS-TV,463454.0,225044.34877419472
1798,HGS-TV,463454.0,225249.28093385696
1799,ails2_etaMax1.000_stoppingTime1728000.00,468101.0,226111.15243774414
1800,HGS-TV,463454.0,226124.0107369423
1801,ails2_etaMax1.000_stoppingTime1728000.00,468099.0,226111.23643774414
1802,HGS-TV,463454.0,226184.07391619682
1803,ails2_etaMax1.000_stoppingTime432000.00,463921.0,226657.45843774415
1804,ails2_etaMax1.000_stoppingTime432000.00,463909.0,226663.86643774415
1805,ails2_etaMax1.000_stoppingTime432000.00,463899.0,226855.30743774414
1806,HGS-TV,463454.0,226860.28256297112
1807,ails2_etaMax1.000_stoppingTime432000.00,463898.0,226855.37643774415
1808,HGS-TV,463454.0,226920.44700407982
1809,HGS-TV,463454.0,226980.76962804794
1810,HGS-TV,463454.0,227994.49340867996
1811,HGS-TV,463454.0,228356.77449059486
1812,HGS-TV,463454.0,228416.79333424568
1813,HGS-TV,463454.0,228476.88969111443
1814,HGS-TV,463454.0,228818.05742931366
1815,HGS-TV,463454.0,228897.25481534004
1816,HGS-TV,463454.0,229041.34852409363
1817,HGS-TV,463454.0,229303.22176766396
1818,HGS-TV,463454.0,231108.8922674656
1819,HGS-TV,463454.0,231221.68878412247
1820,ails2_etaMax1.000_stoppingTime864000.00,466318.0,232565.15243774414
1821,ails2_etaMax1.000_stoppingTime864000.00,466249.0,232565.66943774413
1822,HGS-TV,463454.0,232663.42009949684
1823,ails2_etaMax1.000_stoppingTime1728000.00,468094.0,232822.04343774414
1824,ails2_etaMax1.000_stoppingTime1728000.00,468053.0,232822.26543774415
1825,ails2_etaMax1.000_stoppingTime864000.00,466226.0,233078.97143774413
1826,HGS-TV,463454.0,233080.168279171
1827,ails2_etaMax1.000_stoppingTime864000.00,465979.0,233091.02643774415
1828,HGS-TV,463454.0,233140.59885454178
1829,HGS-TV,463454.0,233479.3391649723
1830,HGS-TV,463454.0,233539.35768318176
1831,HGS-TV,463454.0,233688.98053860664
1832,ails2_etaMax1.000_stoppingTime1728000.00,468002.0,233869.82643774414
1833,ails2_etaMax1.000_stoppingTime1728000.00,467890.0,233869.96943774415
1834,HGS-TV,463454.0,233956.0932855606
1835,HGS-TV,463454.0,234690.13271927834
1836,HGS-TV,463454.0,235050.5836839676
1837,HGS-TV,463454.0,235782.7968723774
1838,HGS-TV,463454.0,235848.51480937004
1839,HGS-TV,463454.0,236221.20931386948
1840,HGS-TV,463454.0,236598.4869184494
1841,HGS-TV,463454.0,237444.9294834137
1842,HGS-TV,463454.0,237670.1819152832
1843,HGS-TV,463454.0,237849.27322769165
1844,ails2_etaMax1.000_stoppingTime432000.00,463893.0,238583.56343774413
1845,ails2_etaMax1.000_stoppingTime432000.00,463883.0,238583.81843774414
1846,ails2_etaMax1.000_stoppingTime432000.00,463881.0,239018.79943774414
1847,ails2_etaMax1.000_stoppingTime432000.00,463880.0,239290.64843774415
1848,ails2_etaMax1.000_stoppingTime432000.00,463837.0,239309.11943774414
1849,HGS-TV,463454.0,239795.6245098114
1850,HGS-TV,463454.0,240038.13721466064
1851,ails2_etaMax0.020_stoppingTime86400.00,463453.0,240390.58743774414
1852,ails2_etaMax1.000_stoppingTime432000.00,463823.0,240495.57743774413
1853,ails2_etaMax1.000_stoppingTime432000.00,463808.0,240495.76543774415
1854,ails2_eoh_omega2,463888.0,240947.49243774413
1855,ails2_eoh_omega2,463878.0,240957.79343774414
1856,ails2_eoh_omega2,463874.0,241068.27643774415
1857,ails2_eoh_omega2,463873.0,241776.08143774414
1858,ails2_eoh_omega2,463872.0,241776.16243774415
1859,HGS-TV,463436.0,242966.73145914078
1860,ails2_etaMax1.000_stoppingTime864000.00,465963.0,243336.49343774415
1861,HGS-TV,463435.0,243363.58542633057
1862,ails2_etaMax1.000_stoppingTime864000.00,465959.0,243336.55943774414
1863,ails2_etaMax0.010_stoppingTime432000.00,464090.0,243477.00743774415
1864,ails2_etaMax1.000_stoppingTime432000.00,463795.0,243621.51443774413
1865,ails2_etaMax1.000_stoppingTime432000.00,463781.0,243623.72943774413
1866,ails2_etaMax1.000_stoppingTime432000.00,463780.0,243752.98043774415
1867,ails2_etaMax1.000_stoppingTime432000.00,463682.0,243778.15343774413
1868,ails2_etaMax1.000_stoppingTime864000.00,465955.0,246204.11643774415
1869,ails2_etaMax1.000_stoppingTime864000.00,465733.0,246210.14243774413
1870,HGS-TV,463434.0,246323.90424466133
1871,HGS-TV,463432.0,246462.3200852871
1872,HGS-TV,463429.0,246522.47690463066
1873,HGS-TV,463428.0,247029.0043451786
1874,HGS-TV,463427.0,247273.4237859249
1875,HGS-TV,463426.0,248510.3051185608
1876,HGS-TV,463423.0,249114.4316072464
1877,HGS-TV,463422.0,249448.68709874153
1878,ails2_etaMax1.000_stoppingTime1728000.00,467887.0,249522.56543774414
1879,ails2_etaMax1.000_stoppingTime1728000.00,467874.0,249522.59343774413
1880,HGS-TV,463421.0,249777.7503299713
1881,ails2_etaMax1.000_stoppingTime432000.00,463681.0,255851.58243774413
1882,ails2_etaMax1.000_stoppingTime432000.00,463674.0,255851.62843774413
1883,ails2_etaMax1.000_stoppingTime432000.00,463671.0,256382.12743774414
1884,ails2_etaMax1.000_stoppingTime432000.00,463657.0,256383.02643774415
1885,HGS-TV,463421.0,256520.671261549
1886,HGS-TV,463421.0,256580.7679386139
1887,HGS-TV,463421.0,256640.80076241493
1888,HGS-TV,463421.0,256701.24483847618
1889,ails2_etaMax1.000_stoppingTime432000.00,463655.0,256708.29143774413
1890,HGS-TV,463421.0,256761.39318728447
1891,HGS-TV,463421.0,256828.36211061478
1892,HGS-TV,463421.0,256888.89116621017
1893,HGS-TV,463421.0,257059.9376783371
1894,HGS-TV,463421.0,257297.11016988754
1895,ails2_etaMax1.000_stoppingTime432000.00,463654.0,257342.08843774415
1896,ails2_etaMax1.000_stoppingTime432000.00,463639.0,257343.01943774414
1897,HGS-TV,463421.0,257503.96355509758
1898,HGS-TV,463421.0,257564.36584949493
1899,HGS-TV,463421.0,257708.95780062675
1900,HGS-TV,463421.0,257769.03158974648
1901,HGS-TV,463421.0,257845.45531916618
1902,HGS-TV,463421.0,257920.89012622833
1903,ails2_etaMax1.000_stoppingTime432000.00,463636.0,258022.29343774414
1904,ails2_etaMax1.000_stoppingTime432000.00,463605.0,258045.25543774414
1905,HGS-TV,463421.0,258270.80771517754
1906,HGS-TV,463421.0,258331.15086627007
1907,HGS-TV,463421.0,258391.36121726036
1908,HGS-TV,463421.0,258451.57860040665
1909,HGS-TV,463421.0,258724.7655518055
1910,HGS-TV,463421.0,258972.53356194496
1911,HGS-TV,463421.0,259667.84078717232
1912,HGS-TV,463421.0,259770.35367679596
1913,HGS-TV,463421.0,260085.57260727882
1914,HGS-TV,463421.0,260279.94288754463
1915,HGS-TV,463421.0,260354.8056590557
1916,HGS-TV,463421.0,260688.7554476261
1917,HGS-TV,463421.0,261797.53359603882
1918,ails2_etaMax0.010_stoppingTime432000.00,464089.0,261828.39443774414
1919,ails2_etaMax0.010_stoppingTime432000.00,464088.0,261828.59443774415
1920,HGS-TV,463421.0,261929.38709568977
1921,HGS-TV,463421.0,262173.66576361656
1922,HGS-TV,463421.0,262590.1377351284
1923,HGS-TV,463421.0,262650.1873021126
1924,ails2_etaMax1.000_stoppingTime1728000.00,467844.0,263181.13343774417
1925,HGS-TV,463421.0,263385.92281389236
1926,HGS-TV,463421.0,263548.73385214806
1927,ails2_etaMax1.000_stoppingTime432000.00,463604.0,263711.41843774414
1928,ails2_etaMax1.000_stoppingTime432000.00,463593.0,263731.38943774416
1929,HGS-TV,463421.0,264170.2617082596
1930,ails2_etaMax1.000_stoppingTime432000.00,463591.0,264470.1434377441
1931,ails2_etaMax1.000_stoppingTime432000.00,463590.0,264568.7304377441
1932,ails2_etaMax1.000_stoppingTime432000.00,463582.0,264569.79943774414
1933,HGS-TV,463421.0,264665.0486161709
1934,HGS-TV,463421.0,264725.6318387985
1935,HGS-TV,463421.0,264811.33173394203
1936,HGS-TV,463421.0,264872.0266394615
1937,HGS-TV,463421.0,265197.5363972187
1938,HGS-TV,463421.0,265257.68557548523
1939,ails2_etaMax0.010_stoppingTime432000.00,464087.0,265467.9524377441
1940,HGS-TV,463421.0,265477.750074625
1941,HGS-TV,463421.0,265541.4613790512
1942,HGS-TV,463421.0,265785.3399038315
1943,ails2_etaMax1.000_stoppingTime432000.00,463581.0,265916.29243774415
1944,HGS-TV,463421.0,265955.17288565636
1945,ails2_etaMax1.000_stoppingTime432000.00,463578.0,265919.12243774417
1946,HGS-TV,463421.0,266552.39747929573
1947,HGS-TV,463421.0,266651.63749313354
1948,ails2_etaMax1.000_stoppingTime1728000.00,467806.0,266715.08743774414
1949,ails2_etaMax1.000_stoppingTime1728000.00,467712.0,266715.20143774414
1950,HGS-TV,463421.0,266811.17326927185
1951,HGS-TV,463421.0,267002.59442329407
1952,HGS-TV,463421.0,267085.7758476734
1953,HGS-TV,463421.0,267310.25360918045
1954,HGS-TV,463421.0,267793.0861697197
1955,ails2_etaMax1.000_stoppingTime1728000.00,467633.0,267881.26043774415
1956,HGS-TV,463421.0,267885.1402273178
1957,ails2_etaMax1.000_stoppingTime1728000.00,467546.0,267900.99543774413
1958,HGS-TV,463421.0,267945.3844745159
1959,HGS-TV,463421.0,268207.3069419861
1960,HGS-TV,463421.0,268373.0581254959
1961,ails2_etaMax1.000_stoppingTime432000.00,463577.0,268837.55443774414
1962,ails2_etaMax1.000_stoppingTime432000.00,463570.0,268837.73843774415
1963,HGS-TV,463421.0,269135.15882372856
1964,ails2_etaMax1.000_stoppingTime864000.00,465732.0,269228.44443774415
1965,HGS-TV,463421.0,269434.8418097496
1966,HGS-TV,463421.0,269739.0509529114
1967,HGS-TV,463421.0,269799.46973609924
1968,ails2_etaMax1.000_stoppingTime864000.00,465718.0,270545.9744377441
1969,ails2_etaMax1.000_stoppingTime864000.00,465626.0,270548.36943774414
1970,HGS-TV,463421.0,270637.2257463932
1971,HGS-TV,463421.0,270895.32102799416
1972,ails2_etaMax1.000_stoppingTime432000.00,463566.0,270986.6644377441
1973,ails2_etaMax1.000_stoppingTime432000.00,463522.0,270993.25443774415
1974,ails2_etaMax1.000_stoppingTime432000.00,463517.0,271747.68243774417
1975,HGS-TV,463421.0,272110.8243021965
1976,HGS-TV,463421.0,272864.5066587925
1977,HGS-TV,463421.0,273021.8995747566
1978,HGS-TV,463421.0,273147.6927559376
1979,HGS-TV,463421.0,273936.2807638645
1980,ails2_etaMax1.000_stoppingTime432000.00,463514.0,273962.79843774415
1981,HGS-TV,463421.0,273996.66548252106
1982,ails2_etaMax1.000_stoppingTime432000.00,463497.0,273965.14143774414
1983,HGS-TV,463421.0,274091.6097996235
1984,ails2_etaMax1.000_stoppingTime432000.00,463496.0,274460.98143774417
1985,ails2_etaMax1.000_stoppingTime432000.00,463468.0,274462.10943774413
1986,HGS-TV,463421.0,274533.4469528198
1987,HGS-TV,463421.0,275688.9983904362
1988,HGS-TV,463421.0,275749.19284796715
1989,ails2_etaMax1.000_stoppingTime864000.00,465609.0,276029.96843774413
1990,ails2_etaMax1.000_stoppingTime864000.00,465526.0,276031.72343774413
1991,HGS-TV,463421.0,276236.4079296589
1992,HGS-TV,463421.0,276296.9556312561
1993,HGS-TV,463421.0,276356.96209287643
1994,HGS-TV,463421.0,276969.66904735565
1995,HGS-TV,463421.0,277153.71612882614
1996,HGS-TV,463421.0,277607.7369863987
1997,HGS-TV,463421.0,277782.98552274704
1998,HGS-TV,463421.0,277989.9130604267
1999,ails2_etaMax1.000_stoppingTime864000.00,465497.0,278065.19443774415
2000,ails2_etaMax1.000_stoppingTime864000.00,465394.0,278081.31943774415
2001,HGS-TV,463421.0,278155.8789303303
2002,HGS-TV,463421.0,278247.3594224453
2003,HGS-TV,463421.0,279231.02199840546
2004,HGS-TV,463421.0,281152.9284887314
2005,HGS-TV,463421.0,281497.4306075573
2006,HGS-TV,463421.0,281557.4876551628
2007,HGS-TV,463421.0,282231.7720184326
2008,HGS-TV,463421.0,283195.2374138832
2009,HGS-TV,463421.0,283442.92192721367
2010,HGS-TV,463421.0,283502.95426130295
2011,HGS-TV,463421.0,283563.568798542
2012,HGS-TV,463421.0,283636.0832519531
2013,HGS-TV,463421.0,283832.0715186596
2014,HGS-TV,463421.0,283942.6569852829
2015,HGS-TV,463421.0,284207.17548561096
2016,HGS-TV,463421.0,284417.97744607925
2017,HGS-TV,463421.0,284555.75948762894
2018,HGS-TV,463421.0,284667.2939684391
2019,HGS-TV,463421.0,284814.06571125984
2020,HGS-TV,463421.0,285126.03220772743
2021,HGS-TV,463421.0,285372.15178489685
2022,ails2_etaMax1.000_stoppingTime1728000.00,467535.0,285972.30343774415
2023,ails2_etaMax1.000_stoppingTime1728000.00,467534.0,285973.39043774415
2024,HGS-TV,463421.0,286074.51568484306
2025,HGS-TV,463421.0,286134.51756715775
2026,HGS-TV,463421.0,286211.68420505524
2027,ails2_etaMax1.000_stoppingTime864000.00,465386.0,286213.83243774413
2028,HGS-TV,463421.0,286271.84481811523
2029,HGS-TV,463421.0,286590.4001071453
2030,HGS-TV,463421.0,286912.6990714073
2031,HGS-TV,463421.0,286973.0764243603
2032,ails2_etaMax1.000_stoppingTime432000.00,463467.0,287077.12243774417
2033,HGS-TV,463421.0,287632.185559988
2034,HGS-TV,463421.0,287813.25987410545
2035,ails2_etaMax1.000_stoppingTime432000.00,463466.0,288035.80443774414
2036,HGS-TV,463421.0,288167.00157904625
2037,HGS-TV,463421.0,288339.36496949196
2038,ails2_etaMax1.000_stoppingTime432000.00,463464.0,288814.23443774413
2039,ails2_etaMax1.000_stoppingTime432000.00,463463.0,288814.2674377441
2040,HGS-TV,463421.0,289005.3146429062
2041,HGS-TV,463421.0,289210.05967998505
2042,HGS-TV,463421.0,289296.628882885
2043,ails2_etaMax1.000_stoppingTime864000.00,465384.0,289388.28143774415
2044,ails2_etaMax1.000_stoppingTime864000.00,465310.0,289421.78743774415
2045,HGS-TV,463421.0,290208.67657113075
2046,HGS-TV,463421.0,290318.7521877289
2047,HGS-TV,463421.0,290388.25728058815
2048,HGS-TV,463421.0,290564.0424890518
2049,ails2_etaMax1.000_stoppingTime1728000.00,467527.0,290816.9534377441
2050,ails2_etaMax1.000_stoppingTime1728000.00,467381.0,290820.88443774416
2051,HGS-TV,463421.0,290946.2929608822
2052,HGS-TV,463421.0,291152.2596063614
2053,HGS-TV,463421.0,291519.1368484497
2054,ails2_etaMax1.000_stoppingTime1728000.00,467363.0,292087.30943774414
2055,HGS-TV,463421.0,294224.80404019356
2056,HGS-TV,463421.0,294617.93542408943
2057,HGS-TV,463421.0,294705.19557881355
2058,HGS-TV,463421.0,294958.2373843193
2059,HGS-TV,463421.0,295025.4311096668
2060,HGS-TV,463421.0,295093.8446493149
2061,HGS-TV,463421.0,295342.2699186802
2062,HGS-TV,463421.0,295679.3812980652
2063,HGS-TV,463421.0,295998.85749697685
2064,HGS-TV,463421.0,296146.0752198696
2065,HGS-TV,463421.0,296244.7774133682
2066,HGS-TV,463421.0,296306.6780703068
2067,HGS-TV,463421.0,296366.812861681
2068,HGS-TV,463421.0,296625.41452264786
2069,HGS-TV,463421.0,297207.8325943947
2070,HGS-TV,463421.0,297767.88950157166
2071,ails2_etaMax1.000_stoppingTime864000.00,465297.0,297872.05543774413
2072,HGS-TV,463421.0,297901.6109416485
2073,ails2_etaMax1.000_stoppingTime864000.00,465213.0,297926.72643774416
2074,ails2_etaMax1.000_stoppingTime864000.00,465114.0,297932.94343774416
2075,ails2_etaMax1.000_stoppingTime432000.00,463459.0,298164.38643774414
2076,ails2_etaMax1.000_stoppingTime432000.00,463452.0,298165.2784377441
2077,HGS-TV,463421.0,298400.56720018387
2078,HGS-TV,463421.0,298460.8320994377
2079,ails2_etaMax0.010_stoppingTime432000.00,464086.0,299018.13143774413
2080,ails2_etaMax0.010_stoppingTime432000.00,464085.0,299045.35243774415
2081,HGS-TV,463421.0,299196.0671041012
2082,HGS-TV,463421.0,299374.89630794525
2083,ails2_etaMax1.000_stoppingTime864000.00,465097.0,299412.93443774414
2084,ails2_etaMax1.000_stoppingTime864000.00,465035.0,299433.38043774414
2085,HGS-TV,463421.0,299545.7475025654
2086,ails2_etaMax1.000_stoppingTime432000.00,463450.0,300044.16743774415
2087,HGS-TV,463421.0,300076.0960674286
2088,ails2_etaMax1.000_stoppingTime432000.00,463444.0,300044.22343774413
2089,HGS-TV,463421.0,300136.3324968815
2090,HGS-TV,463421.0,300246.19373846054
2091,HGS-TV,463421.0,300369.09578323364
2092,HGS-TV,463421.0,300429.2746202946
2093,HGS-TV,463421.0,300579.150118351
2094,HGS-TV,463421.0,300639.16448688507
2095,HGS-TV,463421.0,300862.2623991966
2096,HGS-TV,463421.0,300922.3205189705
2097,HGS-TV,463421.0,300982.50269293785
2098,HGS-TV,463421.0,301251.71992349625
2099,ails2_etaMax0.010_stoppingTime432000.00,464084.0,301343.96643774415
2100,ails2_etaMax0.010_stoppingTime432000.00,464083.0,301344.20143774414
2101,HGS-TV,463421.0,301485.4854879379
2102,HGS-TV,463421.0,301548.71629452705
2103,HGS-TV,463421.0,301675.9721238613
2104,HGS-TV,463421.0,302280.7009963989
2105,ails2_eoh_omega2,463871.0,302450.07443774416
2106,HGS-TV,463421.0,302509.31828188896
2107,HGS-TV,463421.0,302569.5254895687
2108,ails2_etaMax1.000_stoppingTime432000.00,463442.0,303125.23443774413
2109,ails2_etaMax1.000_stoppingTime432000.00,463441.0,303178.63943774416
2110,HGS-TV,463421.0,303396.7164888382
2111,HGS-TV,463421.0,303534.0034675598
2112,ails2_etaMax0.010_stoppingTime432000.00,464082.0,303593.93943774415
2113,HGS-TV,463421.0,304081.87301397324
2114,HGS-TV,463421.0,304452.5180487633
2115,HGS-TV,463421.0,304582.8079726696
2116,ails2_etaMax1.000_stoppingTime1728000.00,467341.0,304726.68943774415
2117,HGS-TV,463421.0,304853.1846315861
2118,HGS-TV,463421.0,305117.58370804787
2119,HGS-TV,463421.0,305464.022595644
2120,HGS-TV,463421.0,305677.498016119
2121,ails2_etaMax1.000_stoppingTime1728000.00,467337.0,307001.72343774413
2122,ails2_etaMax1.000_stoppingTime1728000.00,467334.0,307001.7954377441
2123,ails2_etaMax1.000_stoppingTime1728000.00,467316.0,307234.34743774415
2124,ails2_etaMax1.000_stoppingTime1728000.00,467216.0,307235.94643774413
2125,HGS-TV,463421.0,307544.43365836143
2126,HGS-TV,463421.0,308063.8888823986
2127,HGS-TV,463421.0,308739.99100637436
2128,HGS-TV,463421.0,308800.1588320732
2129,ails2_etaMax1.000_stoppingTime432000.00,463437.0,309248.7794377441
2130,HGS-TV,463421.0,309292.3129081726
2131,ails2_etaMax1.000_stoppingTime432000.00,463414.0,309295.7674377441
2132,ails2_etaMax0.005_stoppingTime86400.00,463411.0,310588.4264377441
2133,ails2_etaMax0.005_stoppingTime86400.00,463409.0,310592.88043774414
2134,ails2_etaMax0.005_stoppingTime86400.00,463408.0,310756.32643774414
2135,ails2_etaMax0.005_stoppingTime86400.00,463407.0,310756.50443774415
2136,ails2_etaMax1.000_stoppingTime1728000.00,467214.0,311089.6004377441
2137,ails2_etaMax0.005_stoppingTime86400.00,463406.0,311154.07343774417
2138,ails2_etaMax0.005_stoppingTime86400.00,463401.0,311176.6214377441
2139,HGS-TV,463413.0,311810.0281250477
2140,ails2_etaMax0.005_stoppingTime86400.00,463400.0,312103.2634377441
2141,HGS-TV,463403.0,312865.8791677952
2142,ails2_etaMax0.005_stoppingTime86400.00,463399.0,312917.6544377441
2143,ails2_etaMax0.005_stoppingTime86400.00,463396.0,312917.68443774414
2144,ails2_etaMax0.010_stoppingTime432000.00,464081.0,314995.68943774415
2145,ails2_etaMax0.010_stoppingTime432000.00,464079.0,314997.05543774413
2146,ails2_etaMax0.010_stoppingTime432000.00,464078.0,315069.84843774413
2147,HGS-TV,463392.0,315233.39893841743
2148,ails2_etaMax0.010_stoppingTime432000.00,464077.0,315319.6974377441
2149,ails2_etaMax1.000_stoppingTime864000.00,465020.0,315425.77143774414
2150,ails2_etaMax1.000_stoppingTime864000.00,465019.0,315425.81443774415
2151,HGS-TV,463391.0,315822.12585639954
2152,ails2_etaMax0.010_stoppingTime432000.00,464076.0,316199.4854377441
2153,ails2_etaMax0.010_stoppingTime432000.00,464075.0,316262.88643774414
2154,HGS-TV,463390.0,316502.7712957859
2155,HGS-TV,463389.0,316790.76669335365
2156,HGS-TV,463387.0,317024.6242790222
2157,ails2_etaMax0.010_stoppingTime432000.00,464074.0,317161.5624377441
2158,ails2_etaMax0.010_stoppingTime432000.00,464073.0,317163.02143774414
2159,ails2_etaMax1.000_stoppingTime1728000.00,467207.0,317277.71743774414
2160,ails2_etaMax0.010_stoppingTime432000.00,464067.0,317280.9634377441
2161,ails2_etaMax0.010_stoppingTime432000.00,464066.0,318001.37943774415
2162,ails2_etaMax0.010_stoppingTime432000.00,464065.0,318001.59343774413
2163,HGS-TV,463386.0,318715.3832950592
2164,HGS-TV,463385.0,318953.04906749725
2165,HGS-TV,463384.0,319150.1666896343
2166,ails2_etaMax1.000_stoppingTime432000.00,463412.0,319458.30343774415
2167,ails2_etaMax1.000_stoppingTime1728000.00,467205.0,320947.86843774415
2168,ails2_etaMax1.000_stoppingTime864000.00,465015.0,320974.7024377441
2169,ails2_etaMax0.010_stoppingTime432000.00,464064.0,321006.86843774415
2170,ails2_etaMax1.000_stoppingTime1728000.00,467104.0,320948.69643774413
2171,ails2_etaMax1.000_stoppingTime864000.00,464962.0,320975.30543774413
2172,ails2_etaMax0.010_stoppingTime432000.00,464061.0,321009.3494377441
2173,ails2_etaMax0.010_stoppingTime432000.00,464059.0,321348.84343774413
2174,ails2_etaMax0.010_stoppingTime432000.00,464058.0,321348.9034377441
2175,ails2_etaMax1.000_stoppingTime432000.00,463408.0,321979.64643774414
2176,HGS-TV,463383.0,322181.5481245518
2177,ails2_etaMax1.000_stoppingTime864000.00,464945.0,323101.36343774415
2178,ails2_etaMax1.000_stoppingTime864000.00,464866.0,323102.21043774416
2179,HGS-TV,463382.0,323804.6562459469
2180,HGS-TV,463380.0,324117.8252530098
2181,HGS-TV,463379.0,324178.2031533718
2182,HGS-TV,463378.0,324998.1984541416
2183,HGS-TV,463377.0,325453.18237137794
2184,ails2_eoh_omega2,463870.0,325891.57643774414
2185,ails2_etaMax1.000_stoppingTime432000.00,463407.0,327027.8924377441
2186,HGS-TV,463375.0,327156.4908080101
2187,HGS-TV,463374.0,328182.46971940994
2188,ails2_etaMax1.000_stoppingTime432000.00,463405.0,329508.9474377441
2189,ails2_etaMax1.000_stoppingTime432000.00,463403.0,331326.71743774414
2190,ails2_etaMax1.000_stoppingTime432000.00,463399.0,331328.3824377441
2191,ails2_etaMax1.000_stoppingTime432000.00,463397.0,332017.6924377441
2192,ails2_etaMax1.000_stoppingTime432000.00,463395.0,332018.53543774417
2193,ails2_etaMax1.000_stoppingTime432000.00,463394.0,332839.57443774416
2194,ails2_etaMax1.000_stoppingTime432000.00,463386.0,332865.01943774417
2195,ails2_etaMax1.000_stoppingTime432000.00,463385.0,334206.1054377441
2196,ails2_etaMax1.000_stoppingTime432000.00,463384.0,334298.2904377441
2197,ails2_etaMax1.000_stoppingTime432000.00,463380.0,334298.42143774417
2198,ails2_etaMax1.000_stoppingTime1728000.00,467101.0,335561.82143774413
2199,ails2_etaMax1.000_stoppingTime432000.00,463378.0,335620.24343774415
2200,ails2_etaMax1.000_stoppingTime1728000.00,467056.0,335562.45143774414
2201,HGS-TV,463374.0,335667.1635529995
2202,HGS-TV,463374.0,335727.6562194824
2203,HGS-TV,463374.0,335788.11676311493
2204,HGS-TV,463374.0,335848.14670300484
2205,HGS-TV,463374.0,335908.3695089817
2206,HGS-TV,463374.0,335968.3942043781
2207,HGS-TV,463374.0,336028.82007193565
2208,HGS-TV,463374.0,336089.06452035904
2209,HGS-TV,463374.0,336170.4061586857
2210,HGS-TV,463374.0,336230.8037850857
2211,HGS-TV,463374.0,336291.12410211563
2212,HGS-TV,463374.0,336374.02404236794
2213,HGS-TV,463374.0,336434.18751454353
2214,HGS-TV,463374.0,336543.64743733406
2215,ails2_etaMax1.000_stoppingTime1728000.00,467043.0,336569.64543774416
2216,ails2_etaMax1.000_stoppingTime1728000.00,467027.0,336569.74243774416
2217,HGS-TV,463374.0,336644.38769078255
2218,HGS-TV,463374.0,336774.8946740627
2219,HGS-TV,463374.0,336995.896487236
2220,HGS-TV,463374.0,337099.6624469757
2221,HGS-TV,463374.0,337159.8878610134
2222,HGS-TV,463374.0,337378.3769237995
2223,HGS-TV,463374.0,337507.7197306156
2224,HGS-TV,463374.0,337881.4696688652
2225,HGS-TV,463374.0,338582.02188420296
2226,ails2_eoh_omega2,463869.0,338585.94443774415
2227,ails2_eoh_omega2,463867.0,338613.49843774416
2228,HGS-TV,463374.0,338653.27749180794
2229,HGS-TV,463374.0,338861.06610012054
2230,HGS-TV,463374.0,339286.12505602837
2231,HGS-TV,463374.0,339384.4599490166
2232,ails2_etaMax1.000_stoppingTime864000.00,464864.0,339458.81543774414
2233,HGS-TV,463374.0,339498.71312880516
2234,ails2_etaMax1.000_stoppingTime864000.00,464753.0,339469.28043774416
2235,HGS-TV,463374.0,339594.0939576626
2236,HGS-TV,463374.0,339699.8607597351
2237,HGS-TV,463374.0,339760.3048658371
2238,HGS-TV,463374.0,339840.2377734184
2239,HGS-TV,463374.0,339900.3907697201
2240,HGS-TV,463374.0,339983.49749302864
2241,HGS-TV,463374.0,340132.7394313812
2242,ails2_etaMax1.000_stoppingTime432000.00,463377.0,340144.58043774415
2243,HGS-TV,463374.0,340210.3067598343
2244,HGS-TV,463374.0,340316.1822142601
2245,HGS-TV,463374.0,340521.1438462734
2246,HGS-TV,463374.0,340656.0635166168
2247,HGS-TV,463374.0,340858.7827913761
2248,ails2_etaMax1.000_stoppingTime432000.00,463376.0,340967.71243774414
2249,ails2_etaMax1.000_stoppingTime432000.00,463375.0,341170.91343774414
2250,ails2_etaMax1.000_stoppingTime432000.00,463373.0,341191.96043774416
2251,HGS-TV,463374.0,341508.5860784054
2252,HGS-TV,463374.0,341586.27921032906
2253,HGS-TV,463374.0,341848.42734599113
2254,HGS-TV,463374.0,341908.4790406227
2255,HGS-TV,463374.0,341968.73193740845
2256,filo2,463368.0,342290.50332808495
2257,HGS-TV,463358.0,342507.0026693344
2258,ails2_etaMax1.000_stoppingTime432000.00,463372.0,342645.92343774415
2259,ails2_etaMax1.000_stoppingTime432000.00,463370.0,342646.51443774416
2260,ails2_etaMax1.000_stoppingTime1728000.00,467015.0,344311.33643774415
2261,HGS-TV,463356.0,345382.1656868458
2262,ails2_etaMax1.000_stoppingTime1728000.00,466970.0,345457.91843774414
2263,HGS-TV,463355.0,346272.11313438416
2264,ails2_etaMax1.000_stoppingTime432000.00,463368.0,347231.78743774415
2265,HGS-TV,463354.0,348377.17331790924
2266,ails2_etaMax1.000_stoppingTime864000.00,464734.0,349534.62443774415
2267,ails2_etaMax1.000_stoppingTime864000.00,464682.0,349587.81043774413
2268,HGS-TV,463353.0,350044.52771401405
2269,HGS-TV,463352.0,350449.7998316288
2270,ails2_etaMax1.000_stoppingTime1728000.00,466923.0,350903.62543774414
2271,ails2_etaMax1.000_stoppingTime1728000.00,466885.0,350903.67143774417
2272,ails2_etaMax1.000_stoppingTime432000.00,463365.0,351433.18243774417
2273,ails2_etaMax1.000_stoppingTime432000.00,463363.0,351433.34043774416
2274,HGS-TV,463351.0,352799.5233242512
2275,ails2_etaMax1.000_stoppingTime1728000.00,466876.0,353193.55843774416
2276,ails2_etaMax1.000_stoppingTime1728000.00,466843.0,353193.94843774417
2277,ails2_etaMax1.000_stoppingTime432000.00,463362.0,353845.59643774416
2278,ails2_etaMax1.000_stoppingTime432000.00,463361.0,353845.83143774414
2279,HGS-TV,463351.0,359909.40677571297
2280,HGS-TV,463351.0,359969.44149279594
2281,HGS-TV,463351.0,360029.89505314827
2282,HGS-TV,463351.0,360112.44514656067
2283,HGS-TV,463351.0,360172.5616698265
2284,HGS-TV,463351.0,360232.96288251877
2285,HGS-TV,463351.0,360293.15913772583
2286,HGS-TV,463351.0,360353.7419114113
2287,HGS-TV,463351.0,360413.75274920464
2288,HGS-TV,463351.0,360519.630623579
2289,HGS-TV,463351.0,360579.78667354584
2290,HGS-TV,463351.0,360639.9024152756
2291,HGS-TV,463351.0,360742.26017308235
2292,HGS-TV,463351.0,360802.6627600193
2293,HGS-TV,463351.0,360873.88044285774
2294,HGS-TV,463351.0,360934.24585843086
2295,HGS-TV,463351.0,360994.2758641243
2296,HGS-TV,463351.0,361054.4454727173
2297,HGS-TV,463351.0,361350.4374053478
2298,HGS-TV,463351.0,361410.70021533966
2299,HGS-TV,463351.0,361508.8852994442
2300,HGS-TV,463351.0,361569.08330464363
2301,HGS-TV,463351.0,361690.85900115967
2302,HGS-TV,463351.0,361750.85963368416
2303,HGS-TV,463351.0,361833.10741853714
2304,HGS-TV,463351.0,361893.2355723381
2305,HGS-TV,463351.0,361953.32118082047
2306,HGS-TV,463351.0,362125.4854669571
2307,HGS-TV,463351.0,362310.3959994316
2308,HGS-TV,463351.0,362372.5367126465
2309,HGS-TV,463351.0,362503.4126150608
2310,HGS-TV,463351.0,362563.46992754936
2311,HGS-TV,463351.0,362624.29947447777
2312,HGS-TV,463351.0,362684.6886115074
2313,HGS-TV,463351.0,362744.80164170265
2314,HGS-TV,463351.0,362805.2816724777
2315,HGS-TV,463351.0,362865.8488202095
2316,HGS-TV,463351.0,362980.8222434521
2317,HGS-TV,463351.0,363041.26304745674
2318,HGS-TV,463351.0,363101.48056292534
2319,HGS-TV,463351.0,363403.0233335495
2320,HGS-TV,463351.0,363668.1302924156
2321,HGS-TV,463351.0,363888.7055091858
2322,HGS-TV,463351.0,364828.7323601246
2323,ails2_etaMax1.000_stoppingTime864000.00,464671.0,365151.92243774416
2324,HGS-TV,463351.0,365279.05349063873
2325,HGS-TV,463351.0,365339.0986800194
2326,HGS-TV,463351.0,366100.17612075806
2327,HGS-TV,463351.0,366474.95228123665
2328,HGS-TV,463351.0,366798.7366449833
2329,HGS-TV,463351.0,367175.7846810818
2330,HGS-TV,463351.0,368139.23733091354
2331,HGS-TV,463351.0,368707.9663424492
2332,HGS-TV,463351.0,368816.17945218086
2333,HGS-TV,463351.0,369190.2980439663
2334,HGS-TV,463351.0,369964.60079050064
2335,HGS-TV,463351.0,370413.5924901962
2336,HGS-TV,463351.0,370804.8393690586
2337,HGS-TV,463351.0,370974.7465939522
2338,HGS-TV,463351.0,371149.4323234558
2339,HGS-TV,463351.0,371291.24330568314
2340,HGS-TV,463351.0,371368.1347746849
2341,HGS-TV,463351.0,371459.1392979622
2342,HGS-TV,463351.0,372981.7013132572
2343,HGS-TV,463351.0,373121.52199554443
2344,HGS-TV,463351.0,373709.42597293854
2345,HGS-TV,463351.0,373861.3984363079
2346,ails2_etaMax1.000_stoppingTime1728000.00,466817.0,374552.7894377441
2347,ails2_etaMax1.000_stoppingTime1728000.00,466800.0,374552.91643774416
2348,ails2_etaMax1.000_stoppingTime1728000.00,466768.0,374714.3774377441
2349,HGS-TV,463351.0,374765.49367284775
2350,ails2_etaMax1.000_stoppingTime1728000.00,466765.0,374714.41943774413
2351,HGS-TV,463351.0,374850.75529813766
2352,HGS-TV,463351.0,375130.9471411705
2353,ails2_etaMax0.010_stoppingTime432000.00,464057.0,375564.6864377441
2354,ails2_etaMax0.010_stoppingTime432000.00,464056.0,375564.81343774416
2355,ails2_etaMax0.010_stoppingTime432000.00,464055.0,375706.13043774414
2356,ails2_etaMax1.000_stoppingTime864000.00,464670.0,376846.00343774416
2357,ails2_etaMax1.000_stoppingTime864000.00,464586.0,376849.1534377441
2358,HGS-TV,463351.0,377385.7148141861
2359,HGS-TV,463351.0,377733.5309495926
2360,HGS-TV,463351.0,378017.51506471634
2361,HGS-TV,463351.0,378267.6467564106
2362,ails2_etaMax0.010_stoppingTime432000.00,464054.0,378382.43443774414
2363,ails2_etaMax0.010_stoppingTime432000.00,464029.0,378429.89743774413
2364,ails2_etaMax0.010_stoppingTime432000.00,464026.0,378502.61343774415
2365,ails2_etaMax0.010_stoppingTime432000.00,464025.0,378717.94443774415
2366,HGS-TV,463351.0,378780.48457193375
2367,HGS-TV,463351.0,378919.4065897465
2368,HGS-TV,463351.0,379845.4535405636
2369,ails2_etaMax1.000_stoppingTime1728000.00,466762.0,380264.50843774417
2370,ails2_etaMax1.000_stoppingTime1728000.00,466746.0,380264.80243774416
2371,ails2_etaMax0.010_stoppingTime432000.00,464024.0,380387.62443774415
2372,ails2_etaMax0.010_stoppingTime432000.00,464022.0,380404.91743774415
2373,HGS-TV,463351.0,380833.7108900547
2374,ails2_etaMax0.010_stoppingTime432000.00,464021.0,380880.9914377441
2375,ails2_etaMax1.000_stoppingTime1728000.00,466730.0,380930.32543774415
2376,ails2_etaMax1.000_stoppingTime1728000.00,466660.0,380930.78743774415
2377,HGS-TV,463351.0,384355.75227355957
2378,HGS-TV,463351.0,385239.8153221607
2379,HGS-TV,463351.0,386020.01893758774
2380,ails2_etaMax1.000_stoppingTime1728000.00,466645.0,386113.65643774415
2381,ails2_etaMax1.000_stoppingTime1728000.00,466627.0,386113.68043774413
2382,ails2_etaMax0.010_stoppingTime432000.00,464020.0,386235.70643774414
2383,ails2_etaMax1.000_stoppingTime864000.00,464565.0,386343.7674377441
2384,ails2_etaMax1.000_stoppingTime864000.00,464550.0,386344.3334377441
2385,HGS-TV,463351.0,386667.9873893261
2386,HGS-TV,463351.0,386728.44796299934
2387,ails2_etaMax1.000_stoppingTime1728000.00,466588.0,386730.1434377441
2388,ails2_etaMax1.000_stoppingTime1728000.00,466288.0,386733.0344377441
2389,HGS-TV,463351.0,387718.5225121975
2390,HGS-TV,463351.0,387975.7268714905
2391,HGS-TV,463351.0,388476.5668480396
2392,ails2_eoh_omega2,463866.0,388520.57343774417
2393,ails2_eoh_omega2,463862.0,388522.3064377441
2394,ails2_etaMax1.000_stoppingTime432000.00,463360.0,389253.42943774414
2395,ails2_eoh_omega2,463861.0,389296.6374377441
2396,ails2_etaMax1.000_stoppingTime432000.00,463357.0,389258.97843774414
2397,HGS-TV,463351.0,389332.9222753048
2398,ails2_eoh_omega2,463860.0,389331.07543774415
2399,HGS-TV,463351.0,389469.6375863552
2400,ails2_etaMax1.000_stoppingTime432000.00,463356.0,389606.76543774415
2401,ails2_etaMax0.010_stoppingTime432000.00,464019.0,390468.28043774416
2402,ails2_etaMax0.010_stoppingTime432000.00,464018.0,390468.52143774414
2403,HGS-TV,463351.0,390530.4465870857
2404,ails2_etaMax1.000_stoppingTime864000.00,464549.0,391148.69443774415
2405,ails2_etaMax1.000_stoppingTime864000.00,464538.0,391148.77043774416
2406,ails2_etaMax1.000_stoppingTime864000.00,464536.0,391871.1044377441
2407,HGS-TV,463351.0,391889.83275461197
2408,ails2_etaMax1.000_stoppingTime864000.00,464487.0,391873.14143774414
2409,HGS-TV,463351.0,392621.0594320297
2410,HGS-TV,463351.0,393109.061709404
2411,HGS-TV,463351.0,395040.8889038563
2412,HGS-TV,463351.0,395101.12124729156
2413,HGS-TV,463351.0,395378.83230662346
2414,HGS-TV,463351.0,395439.0968339443
2415,HGS-TV,463351.0,395499.1516814232
2416,HGS-TV,463351.0,395708.282081604
2417,HGS-TV,463351.0,395768.4362421036
2418,HGS-TV,463351.0,395839.7092792988
2419,HGS-TV,463351.0,395900.0805642605
2420,HGS-TV,463351.0,396024.5265779495
2421,HGS-TV,463351.0,396256.0648486614
2422,HGS-TV,463351.0,396502.93726301193
2423,ails2_etaMax1.000_stoppingTime864000.00,464468.0,396632.4534377441
2424,ails2_etaMax1.000_stoppingTime864000.00,464411.0,396633.91243774415
2425,HGS-TV,463351.0,396701.3745832443
2426,ails2_etaMax1.000_stoppingTime432000.00,463355.0,396831.43943774415
2427,HGS-TV,463351.0,396876.77246665955
2428,HGS-TV,463351.0,397139.2247784138
2429,HGS-TV,463351.0,397215.6577384472
2430,HGS-TV,463351.0,398626.809517622
2431,HGS-TV,463351.0,400406.0991926193
2432,HGS-TV,463351.0,401056.7505354881
2433,HGS-TV,463351.0,401117.1648142338
2434,ails2_eoh_omega2,463858.0,401158.4044377441
2435,ails2_eoh_omega2,463857.0,401302.99943774415
2436,HGS-TV,463351.0,401352.86196374893
2437,HGS-TV,463351.0,402391.62856936455
2438,ails2_etaMax1.000_stoppingTime864000.00,464406.0,402408.58543774416
2439,ails2_etaMax1.000_stoppingTime864000.00,464378.0,402410.6644377441
2440,HGS-TV,463351.0,402754.458568573
2441,HGS-TV,463351.0,403044.8885176182
2442,HGS-TV,463351.0,403149.40941500664
2443,ails2_etaMax1.000_stoppingTime864000.00,464376.0,403396.22743774415
2444,ails2_etaMax1.000_stoppingTime864000.00,464375.0,403396.48443774413
2445,ails2_etaMax1.000_stoppingTime864000.00,464305.0,403465.7304377441
2446,HGS-TV,463351.0,403785.55635237694
2447,HGS-TV,463351.0,404477.22211909294
2448,HGS-TV,463351.0,404604.1545352936
2449,HGS-TV,463351.0,404664.5264556408
2450,HGS-TV,463351.0,404725.0586845875
2451,HGS-TV,463351.0,404947.6179163456
2452,HGS-TV,463351.0,405343.04906082153
2453,HGS-TV,463351.0,405403.3401427269
2454,HGS-TV,463351.0,405898.25533008575
2455,ails2_etaMax1.000_stoppingTime432000.00,463353.0,406126.9794377441
2456,HGS-TV,463351.0,406212.31912589073
2457,ails2_eoh_omega2,463856.0,406222.31043774413
2458,HGS-TV,463351.0,406293.67518138885
2459,HGS-TV,463351.0,406580.38077807426
2460,HGS-TV,463351.0,407168.10859918594
2461,HGS-TV,463351.0,407652.72562885284
2462,ails2_eoh_omega2,463855.0,407721.63143774413
2463,ails2_eoh_omega2,463853.0,407721.90043774416
2464,HGS-TV,463351.0,407785.69622015953
2465,HGS-TV,463351.0,408651.4495317936
2466,HGS-TV,463351.0,408739.35856485367
2467,HGS-TV,463351.0,409683.81341195107
2468,HGS-TV,463351.0,410123.365054369
2469,HGS-TV,463351.0,410581.43333268166
2470,HGS-TV,463351.0,410712.5536503792
2471,HGS-TV,463351.0,410772.73418426514
2472,HGS-TV,463351.0,411016.8231844902
2473,HGS-TV,463351.0,411181.16851496696
2474,HGS-TV,463351.0,411241.9348039627
2475,HGS-TV,463351.0,411694.65054273605
2476,HGS-TV,463351.0,411754.81480002403
2477,HGS-TV,463351.0,411828.3980875015
2478,HGS-TV,463351.0,412096.59330296516
2479,HGS-TV,463351.0,412156.91367959976
2480,HGS-TV,463351.0,412274.14205884933
2481,HGS-TV,463351.0,413722.2968201637
2482,HGS-TV,463351.0,415406.09465265274
2483,HGS-TV,463351.0,415466.17471051216
2484,HGS-TV,463351.0,416006.2177269459
2485,HGS-TV,463351.0,416090.1534757614
2486,HGS-TV,463351.0,416158.4893102646
2487,HGS-TV,463351.0,416269.7227125168
2488,HGS-TV,463351.0,416875.70801877975
2489,HGS-TV,463351.0,416943.1796462536
2490,HGS-TV,463351.0,417224.8343408108
2491,HGS-TV,463351.0,417658.4578592777
2492,HGS-TV,463351.0,417797.45713353157
2493,HGS-TV,463351.0,417954.4068470001
2494,HGS-TV,463351.0,418015.0412893295
2495,HGS-TV,463351.0,418179.76605534554
2496,HGS-TV,463351.0,418320.4950873852
2497,HGS-TV,463351.0,418497.00043559074
2498,HGS-TV,463351.0,418742.1560533047
2499,HGS-TV,463351.0,418839.24932575226
2500,HGS-TV,463351.0,419206.082818985
2501,HGS-TV,463351.0,419375.88680171967
2502,HGS-TV,463351.0,419755.25253653526
2503,HGS-TV,463351.0,419944.7005844116
2504,HGS-TV,463351.0,420265.75505685806
2505,HGS-TV,463351.0,420351.822958231
2506,HGS-TV,463351.0,420861.2078344822
2507,HGS-TV,463351.0,421326.42938661575
2508,HGS-TV,463351.0,421637.49235606194
2509,HGS-TV,463351.0,421897.3356580734
2510,HGS-TV,463351.0,422156.42254543304
2511,HGS-TV,463351.0,422216.51996541023
2512,HGS-TV,463351.0,422276.82700252533
2513,HGS-TV,463351.0,422336.8617901802
2514,HGS-TV,463351.0,422397.1283390522
2515,HGS-TV,463351.0,422457.41329336166
2516,HGS-TV,463351.0,422517.4554812908
2517,HGS-TV,463351.0,422605.7720005512
2518,HGS-TV,463351.0,422666.3070409298
2519,ails2_etaMax1.000_stoppingTime864000.00,464297.0,422722.15643774415
2520,ails2_etaMax1.000_stoppingTime864000.00,464274.0,422726.63043774414
2521,HGS-TV,463351.0,422837.9489722252
2522,HGS-TV,463351.0,423107.3311023712
2523,ails2_eoh_omega2,463852.0,423169.78743774415
2524,HGS-TV,463351.0,423356.2925539017
2525,ails2_etaMax1.000_stoppingTime864000.00,464272.0,423605.2524377441
2526,ails2_eoh_omega2,463851.0,423646.34043774416
2527,ails2_etaMax1.000_stoppingTime864000.00,464149.0,423619.28243774414
2528,HGS-TV,463351.0,423725.9909248352
2529,HGS-TV,463351.0,423786.15003299713
2530,HGS-TV,463351.0,423994.6169075966
2531,ails2_etaMax1.000_stoppingTime864000.00,464146.0,424218.2744377441
2532,ails2_etaMax1.000_stoppingTime864000.00,464141.0,424218.38443774416
2533,HGS-TV,463351.0,424332.84096598625
2534,ails2_etaMax1.000_stoppingTime432000.00,463352.0,424457.28343774413
2535,HGS-TV,463351.0,424582.7191808224
2536,HGS-TV,463351.0,424741.2211267948
2537,HGS-TV,463351.0,424822.1713440418
2538,ails2_etaMax1.000_stoppingTime864000.00,464140.0,425161.0134377441
2539,ails2_etaMax1.000_stoppingTime864000.00,464106.0,425164.1654377441
2540,HGS-TV,463351.0,425247.15114951134
2541,HGS-TV,463351.0,425430.3519296646
2542,HGS-TV,463351.0,425585.97854042053
2543,HGS-TV,463351.0,425646.2328019142
2544,ails2_etaMax1.000_stoppingTime1728000.00,466278.0,425778.77043774416
2545,HGS-TV,463351.0,425837.27017617226
2546,ails2_etaMax1.000_stoppingTime1728000.00,466165.0,425788.04643774417
2547,HGS-TV,463351.0,425956.4546108246
2548,HGS-TV,463351.0,426016.78970098495
2549,HGS-TV,463351.0,426241.76140475273
2550,HGS-TV,463351.0,426301.9992957115
2551,HGS-TV,463351.0,426362.1785354614
2552,HGS-TV,463351.0,426422.60957455635
2553,HGS-TV,463351.0,426496.16838002205
2554,HGS-TV,463351.0,426711.4149155617
2555,HGS-TV,463351.0,426867.87341070175
2556,HGS-TV,463351.0,426995.9769189358
2557,HGS-TV,463351.0,427228.18639087677
2558,HGS-TV,463351.0,427288.71758818626
2559,HGS-TV,463351.0,427348.8028728962
2560,HGS-TV,463351.0,427426.3032295704
2561,HGS-TV,463351.0,427486.51420259476
2562,HGS-TV,463351.0,427673.42382121086
2563,HGS-TV,463351.0,427760.51341080666
2564,HGS-TV,463351.0,427853.7533364296
2565,HGS-TV,463351.0,428064.22465896606
2566,HGS-TV,463351.0,428388.80216288567
2567,HGS-TV,463351.0,428627.1401591301
2568,HGS-TV,463351.0,428851.2498412132
2569,HGS-TV,463351.0,428950.80310177803
2570,HGS-TV,463351.0,429043.87229704857
2571,HGS-TV,463351.0,429104.1023759842
2572,HGS-TV,463351.0,429164.1863267422
2573,HGS-TV,463351.0,429258.5568060875
2574,HGS-TV,463351.0,429318.58556985855
2575,HGS-TV,463351.0,429378.96876502037
2576,HGS-TV,463351.0,429439.1152243614
2577,HGS-TV,463351.0,429499.3483097553
2578,HGS-TV,463351.0,429559.6999452114
2579,HGS-TV,463351.0,429768.5001578331
2580,HGS-TV,463351.0,429845.5576136112
2581,HGS-TV,463351.0,430058.80049824715
2582,HGS-TV,463351.0,430118.823145628
2583,HGS-TV,463351.0,430182.7939195633
2584,HGS-TV,463351.0,430242.90131926537
2585,HGS-TV,463351.0,430302.9916443825
2586,HGS-TV,463351.0,430368.3127887249
2587,HGS-TV,463351.0,430428.4306461811
2588,HGS-TV,463351.0,430488.69313168526
2589,HGS-TV,463351.0,430548.9565830231
2590,ails2_eoh_omega2,463850.0,430569.6264377441
2591,ails2_eoh_omega2,463840.0,430602.22743774415
2592,ails2_eoh_omega2,463834.0,430677.5344377441
2593,ails2_eoh_omega2,463833.0,430735.76143774414
2594,HGS-TV,463351.0,430853.81320023537
2595,HGS-TV,463351.0,430984.4941139221
2596,ails2_eoh_omega2,463832.0,430987.22143774416
2597,ails2_eoh_omega2,463831.0,430987.30543774413
2598,HGS-TV,463351.0,431093.1571569443
2599,ails2_eoh_omega2,463818.0,431090.1154377441
2600,ails2_eoh_omega2,463814.0,431159.6754377441
2601,HGS-TV,463351.0,431342.9518134594
2602,HGS-TV,463351.0,431416.56601572037
2603,HGS-TV,463351.0,431476.95451021194
2604,HGS-TV,463351.0,431631.4902062416
2605,HGS-TV,463351.0,432043.5140154362
2606,ails2_etaMax1.000_stoppingTime864000.00,464087.0,432049.9034377441
2607,ails2_etaMax1.000_stoppingTime864000.00,464061.0,432051.24543774413
2608,ails2_etaMax1.000_stoppingTime864000.00,464058.0,432140.1924377441
2609,HGS-TV,463351.0,432511.1658141613
2610,HGS-TV,463351.0,432581.2113580704
2611,HGS-TV,463351.0,432776.29579401016
2612,ails2_etaMax1.000_stoppingTime864000.00,464045.0,432940.5124377441
2613,ails2_etaMax1.000_stoppingTime864000.00,463999.0,432960.8394377441
2614,HGS-TV,463351.0,433021.0585286617
2615,ails2_etaMax1.000_stoppingTime864000.00,463994.0,433347.29643774417
2616,HGS-TV,463351.0,433363.74953627586
2617,ails2_etaMax1.000_stoppingTime864000.00,463940.0,433371.81843774416
2618,HGS-TV,463351.0,433525.23347067833
2619,HGS-TV,463351.0,433613.22763347626
2620,ails2_etaMax1.000_stoppingTime864000.00,463936.0,433776.60243774415
2621,ails2_etaMax1.000_stoppingTime864000.00,463902.0,433817.32943774416
2622,HGS-TV,463351.0,434682.5976805687
2623,HGS-TV,463351.0,434832.3640086651
2624,HGS-TV,463351.0,435490.9995293617
2625,HGS-TV,463351.0,435887.47456240654
2626,HGS-TV,463351.0,436060.5894501209
2627,HGS-TV,463351.0,436391.6479101181
2628,HGS-TV,463351.0,436452.8484556675
2629,HGS-TV,463351.0,436663.43001151085
2630,HGS-TV,463351.0,436737.205619812
2631,ails2_etaMax1.000_stoppingTime864000.00,463898.0,436985.77743774414
2632,ails2_etaMax1.000_stoppingTime864000.00,463855.0,436990.25543774414
2633,HGS-TV,463351.0,437269.8418061733
2634,HGS-TV,463351.0,437616.8143148422
2635,HGS-TV,463351.0,437786.322201252
2636,HGS-TV,463351.0,437996.1077773571
2637,HGS-TV,463351.0,438382.032753706
2638,HGS-TV,463351.0,438506.4283730984
2639,HGS-TV,463351.0,439434.86777973175
2640,HGS-TV,463351.0,439549.9633946419
2641,HGS-TV,463351.0,439647.6583459377
2642,HGS-TV,463351.0,439707.7721865177
2643,HGS-TV,463351.0,439813.3609547615
2644,HGS-TV,463351.0,439964.3635468483
2645,HGS-TV,463351.0,440165.9796257019
2646,HGS-TV,463351.0,440578.6861362457
2647,HGS-TV,463351.0,440638.8907415867
2648,HGS-TV,463351.0,440909.84044361115
2649,HGS-TV,463351.0,441254.10703754425
2650,HGS-TV,463351.0,441314.61591005325
2651,HGS-TV,463351.0,441513.8297595978
2652,HGS-TV,463351.0,441817.1108877659
2653,HGS-TV,463351.0,441877.12194275856
2654,HGS-TV,463351.0,442216.6843883991
2655,HGS-TV,463351.0,443240.18539881706
2656,HGS-TV,463351.0,443869.2481241226
2657,HGS-TV,463351.0,444046.9763510227
2658,HGS-TV,463351.0,444415.72178292274
2659,HGS-TV,463351.0,444517.56488370895
2660,HGS-TV,463351.0,444577.6040251255
2661,HGS-TV,463351.0,444900.4272749424
2662,HGS-TV,463351.0,445023.23519206047
2663,HGS-TV,463351.0,445083.48057222366
2664,HGS-TV,463351.0,445339.6113038063
2665,HGS-TV,463351.0,445596.5242276192
2666,HGS-TV,463351.0,445740.9864113331
2667,HGS-TV,463351.0,445801.2299246788
2668,HGS-TV,463351.0,445861.5331428051
2669,HGS-TV,463351.0,446050.0763742924
2670,HGS-TV,463351.0,446333.1902503967
2671,HGS-TV,463351.0,446427.85018086433
2672,HGS-TV,463351.0,446488.14641809464
2673,HGS-TV,463351.0,446645.8166370392
2674,HGS-TV,463351.0,446705.8612847328
2675,HGS-TV,463351.0,446820.12965655327
2676,HGS-TV,463351.0,446920.18626093864
2677,HGS-TV,463351.0,447050.3907022476
2678,HGS-TV,463351.0,447151.07752609253
2679,HGS-TV,463351.0,447335.9795103073
2680,HGS-TV,463351.0,447396.3985903263
2681,HGS-TV,463351.0,447456.53026366234
2682,HGS-TV,463351.0,447604.53613853455
2683,HGS-TV,463351.0,447665.1669561863
2684,HGS-TV,463351.0,447725.382989645
2685,HGS-TV,463351.0,447853.21963858604
2686,HGS-TV,463351.0,447926.8994965553
2687,HGS-TV,463351.0,447987.1041276455
2688,HGS-TV,463351.0,448270.27106165886
2689,HGS-TV,463351.0,448587.07773041725
2690,HGS-TV,463351.0,448701.3584551811
2691,ails2_etaMax1.000_stoppingTime1728000.00,466157.0,448914.4794377441
2692,HGS-TV,463351.0,448923.57812547684
2693,HGS-TV,463351.0,448983.99189567566
2694,HGS-TV,463351.0,449044.1921029091
2695,HGS-TV,463351.0,449625.23028564453
2696,HGS-TV,463351.0,449876.628462553
2697,HGS-TV,463351.0,449956.7865924835
2698,HGS-TV,463351.0,450430.6150240898
2699,HGS-TV,463351.0,450490.6902832985
2700,HGS-TV,463351.0,450830.4951925278
2701,HGS-TV,463351.0,451076.2706813812
2702,HGS-TV,463351.0,451291.1502697468
2703,HGS-TV,463351.0,451427.68802785873
2704,HGS-TV,463351.0,451660.6499044895
2705,HGS-TV,463351.0,451972.91330194473
2706,HGS-TV,463351.0,452033.2113137245
2707,HGS-TV,463351.0,452093.30677342415
2708,HGS-TV,463351.0,452153.7552292347
2709,HGS-TV,463351.0,452214.04014730453
2710,HGS-TV,463351.0,452412.4288909435
2711,HGS-TV,463351.0,452778.2110939026
2712,HGS-TV,463351.0,452847.95998191833
2713,HGS-TV,463351.0,452949.0914440155
2714,HGS-TV,463351.0,453214.0009381771
2715,HGS-TV,463351.0,453274.30613803864
2716,HGS-TV,463351.0,453334.3486261368
2717,HGS-TV,463351.0,453394.66447901726
2718,HGS-TV,463351.0,453457.8481786251
2719,HGS-TV,463351.0,453555.0012457371
2720,HGS-TV,463351.0,453615.24757409096
2721,HGS-TV,463351.0,453675.67842650414
2722,HGS-TV,463351.0,453828.3677229881
2723,HGS-TV,463351.0,453957.9919052124
2724,HGS-TV,463351.0,454114.8791282177
2725,HGS-TV,463351.0,454244.7347049713
2726,HGS-TV,463351.0,454359.1552529335
2727,HGS-TV,463351.0,454419.42148423195
2728,HGS-TV,463351.0,454491.7629041672
2729,HGS-TV,463351.0,454551.8103070259
2730,HGS-TV,463351.0,454611.81271004677
2731,HGS-TV,463351.0,454749.62698102
2732,HGS-TV,463351.0,454989.2085042
2733,ails2_etaMax1.000_stoppingTime1728000.00,466141.0,454990.51443774416
2734,ails2_etaMax1.000_stoppingTime1728000.00,466102.0,454990.64743774413
2735,HGS-TV,463351.0,455127.57235980034
2736,HGS-TV,463351.0,455197.5067768097
2737,HGS-TV,463351.0,455257.7777788639
2738,HGS-TV,463351.0,455318.200204134
2739,HGS-TV,463351.0,455378.4879202843
2740,HGS-TV,463351.0,455438.55347681046
2741,HGS-TV,463351.0,455529.6832764149
2742,HGS-TV,463351.0,455589.9519867897
2743,HGS-TV,463351.0,455768.1022884846
2744,HGS-TV,463351.0,456094.7891459465
2745,HGS-TV,463351.0,456171.40341091156
2746,HGS-TV,463351.0,456699.8938586712
2747,HGS-TV,463351.0,456963.8998322487
2748,HGS-TV,463351.0,457024.0397617817
2749,HGS-TV,463351.0,457224.22532248497
2750,HGS-TV,463351.0,457366.4679055214
2751,HGS-TV,463351.0,457470.4300248623
2752,HGS-TV,463351.0,457530.67883849144
2753,HGS-TV,463351.0,457635.32431459427
2754,HGS-TV,463351.0,457799.4767706394
2755,HGS-TV,463351.0,457859.599360466
2756,HGS-TV,463351.0,458032.96274518967
2757,HGS-TV,463351.0,458230.72973036766
2758,HGS-TV,463351.0,458291.11322402954
2759,HGS-TV,463351.0,458351.3499405384
2760,HGS-TV,463351.0,458693.5248348713
2761,HGS-TV,463351.0,458886.4807035923
2762,HGS-TV,463351.0,459159.0961391926
2763,HGS-TV,463351.0,459219.1327095032
2764,HGS-TV,463351.0,459297.8240799904
2765,HGS-TV,463351.0,459520.2103807926
2766,HGS-TV,463351.0,459602.5119023323
2767,HGS-TV,463351.0,459687.39902448654
2768,HGS-TV,463351.0,459921.18954372406
2769,HGS-TV,463351.0,459981.41793346405
2770,HGS-TV,463351.0,460124.4400844574
2771,HGS-TV,463351.0,460468.1852545738
2772,HGS-TV,463351.0,460528.3045105934
2773,HGS-TV,463351.0,460588.4366030693
2774,HGS-TV,463351.0,461036.3070991039
2775,HGS-TV,463351.0,461096.57638812065
2776,HGS-TV,463351.0,461286.05534625053
2777,ails2_etaMax1.000_stoppingTime1728000.00,466092.0,461318.21043774416
2778,HGS-TV,463351.0,461346.1446573734
2779,ails2_etaMax1.000_stoppingTime1728000.00,466010.0,461318.4694377441
2780,HGS-TV,463351.0,461406.5449564457
2781,ails2_etaMax1.000_stoppingTime1728000.00,466002.0,461399.21243774414
2782,HGS-TV,463351.0,461576.1929092407
2783,HGS-TV,463351.0,461677.8356702328
2784,HGS-TV,463351.0,461738.0167865753
2785,HGS-TV,463351.0,461969.6610684395
2786,HGS-TV,463351.0,462029.72881269455
2787,HGS-TV,463351.0,462126.8180320263
2788,HGS-TV,463351.0,462255.2516052723
2789,HGS-TV,463351.0,462410.36073184013
2790,HGS-TV,463351.0,462701.9559094906
2791,HGS-TV,463351.0,462762.01349282265
2792,HGS-TV,463351.0,462822.33912181854
2793,HGS-TV,463351.0,462882.7058541775
2794,HGS-TV,463351.0,462942.75690484047
2795,HGS-TV,463351.0,463341.8290309906
2796,HGS-TV,463351.0,463507.3670949936
2797,HGS-TV,463351.0,463567.8078222275
2798,HGS-TV,463351.0,463636.3596675396
2799,HGS-TV,463351.0,463775.23794579506
2800,HGS-TV,463351.0,464005.26110482216
2801,HGS-TV,463351.0,464132.0308084488
2802,HGS-TV,463351.0,464197.5301580429
2803,HGS-TV,463351.0,464276.8437077999
2804,HGS-TV,463351.0,464336.8526751995
2805,HGS-TV,463351.0,464396.8862493038
2806,HGS-TV,463351.0,464468.3053267002
2807,HGS-TV,463351.0,464528.6142451763
2808,HGS-TV,463351.0,464782.6196088791
2809,HGS-TV,463351.0,464842.84725904465
2810,HGS-TV,463351.0,465020.34173989296
2811,HGS-TV,463351.0,465143.8386950493
2812,HGS-TV,463351.0,465203.93867230415
2813,HGS-TV,463351.0,465263.97643589973
2814,HGS-TV,463351.0,465420.374273777
2815,HGS-TV,463351.0,465510.8385977745
2816,HGS-TV,463351.0,465573.53656983376
2817,HGS-TV,463351.0,465660.0130393505
2818,HGS-TV,463351.0,466067.3542275429
2819,HGS-TV,463351.0,466175.5139012337
2820,HGS-TV,463351.0,466235.6232111454
2821,HGS-TV,463351.0,466295.8728649616
2822,HGS-TV,463351.0,466577.9479007721
2823,HGS-TV,463351.0,466640.15773296356
2824,HGS-TV,463351.0,466700.2934730053
2825,HGS-TV,463351.0,466779.1679418087
2826,HGS-TV,463351.0,466839.3564488888
2827,HGS-TV,463351.0,466899.5269880295
2828,HGS-TV,463351.0,467036.3643424511
2829,HGS-TV,463351.0,467145.99549102783
2830,HGS-TV,463351.0,467347.2921869755
2831,HGS-TV,463351.0,467572.2913906574
2832,HGS-TV,463351.0,467637.7411477566
2833,HGS-TV,463351.0,467897.33114027977
2834,HGS-TV,463351.0,467964.12995505333
2835,HGS-TV,463351.0,468176.70137143135
2836,HGS-TV,463351.0,468236.87408566475
2837,HGS-TV,463351.0,468456.91761803627
2838,HGS-TV,463351.0,468621.63262939453
2839,HGS-TV,463351.0,468681.9690248966
2840,HGS-TV,463351.0,468762.81830739975
2841,HGS-TV,463351.0,468835.84771847725
2842,HGS-TV,463351.0,469101.9760758877
2843,HGS-TV,463351.0,469162.02283382416
2844,HGS-TV,463351.0,469232.4049694538
2845,HGS-TV,463351.0,469292.42833423615
2846,HGS-TV,463351.0,469564.494761467
2847,HGS-TV,463351.0,469730.1207187176
2848,HGS-TV,463351.0,469971.817882061
2849,HGS-TV,463351.0,470031.88423419
2850,HGS-TV,463351.0,470092.203728199
2851,HGS-TV,463351.0,470176.0033404827
2852,HGS-TV,463351.0,470249.4474186897
2853,HGS-TV,463351.0,470358.2555048466
2854,HGS-TV,463351.0,470418.30790638924
2855,HGS-TV,463351.0,470478.33932876587
2856,HGS-TV,463351.0,470602.22298669815
2857,HGS-TV,463351.0,471234.35733413696
2858,HGS-TV,463351.0,471360.36481285095
2859,HGS-TV,463351.0,471469.33701086044
2860,HGS-TV,463351.0,471576.47443032265
2861,HGS-TV,463351.0,471780.4271039963
2862,HGS-TV,463351.0,471840.6241800785
2863,HGS-TV,463351.0,471926.12105727196
2864,HGS-TV,463351.0,472845.31885552406
2865,HGS-TV,463351.0,472914.69939374924
2866,ails2_etaMax1.000_stoppingTime864000.00,463848.0,472945.7244377441
2867,HGS-TV,463351.0,472974.7140264511
2868,HGS-TV,463351.0,473057.580296278
2869,HGS-TV,463351.0,473120.1326162815
2870,HGS-TV,463351.0,473533.4021408558
2871,HGS-TV,463351.0,473593.64357089996
2872,HGS-TV,463351.0,473743.06002902985
2873,HGS-TV,463351.0,473813.1151769161
2874,HGS-TV,463351.0,473881.8687093258
2875,HGS-TV,463351.0,473941.90429496765
2876,HGS-TV,463351.0,474096.27969765663
2877,HGS-TV,463351.0,474230.26171302795
2878,HGS-TV,463351.0,474325.958163023
2879,HGS-TV,463351.0,474386.39940047264
2880,HGS-TV,463351.0,474501.1090912819
2881,HGS-TV,463351.0,474626.3935098648
2882,HGS-TV,463351.0,474686.60092258453
2883,HGS-TV,463351.0,474755.9602096081
2884,HGS-TV,463351.0,474816.85055041313
2885,HGS-TV,463351.0,474876.92332053185
2886,HGS-TV,463351.0,474937.04709124565
2887,HGS-TV,463351.0,474998.29623651505
2888,HGS-TV,463351.0,475113.8665034771
2889,HGS-TV,463351.0,475177.8996260166
2890,HGS-TV,463351.0,475275.0671977997
2891,HGS-TV,463351.0,475335.540143013
2892,HGS-TV,463351.0,475395.6142463684
2893,HGS-TV,463351.0,475455.76291275024
2894,HGS-TV,463351.0,475665.0207648277
2895,HGS-TV,463351.0,475738.20273065567
2896,HGS-TV,463351.0,475798.225025177
2897,HGS-TV,463351.0,475858.27724671364
2898,HGS-TV,463351.0,476160.33446359634
2899,HGS-TV,463351.0,476368.8038344383
2900,HGS-TV,463351.0,476429.01808071136
2901,HGS-TV,463351.0,476634.41215610504
2902,HGS-TV,463351.0,476764.07979655266
2903,HGS-TV,463351.0,476824.6115581989
2904,HGS-TV,463351.0,477165.4647228718
2905,HGS-TV,463351.0,477225.66644358635
2906,HGS-TV,463351.0,477286.0013668537
2907,HGS-TV,463351.0,477364.0987172127
2908,HGS-TV,463351.0,477481.6005785465
2909,HGS-TV,463351.0,477541.6610763073
2910,HGS-TV,463351.0,477612.1301231384
2911,HGS-TV,463351.0,477894.69891905785
2912,HGS-TV,463351.0,477970.8622119427
2913,HGS-TV,463351.0,478031.01100349426
2914,HGS-TV,463351.0,478165.62878346443
2915,HGS-TV,463351.0,478432.6759400368
2916,HGS-TV,463351.0,478728.6670176983
2917,HGS-TV,463351.0,478961.56176424026
2918,HGS-TV,463351.0,479022.05646395683
2919,HGS-TV,463351.0,479120.1468193531
2920,HGS-TV,463351.0,479280.43730020523
2921,HGS-TV,463351.0,479340.90943050385
2922,HGS-TV,463351.0,479401.4373188019
2923,HGS-TV,463351.0,480390.8079600334
2924,HGS-TV,463351.0,480523.2017850876
2925,HGS-TV,463351.0,480668.82963728905
2926,HGS-TV,463351.0,480836.1655931473
2927,HGS-TV,463351.0,480922.55362534523
2928,HGS-TV,463351.0,480982.6741771698
2929,HGS-TV,463351.0,481043.0331788063
2930,HGS-TV,463351.0,481103.04616856575
2931,HGS-TV,463351.0,481301.7893190384
2932,HGS-TV,463351.0,481646.52951288223
2933,HGS-TV,463351.0,481777.1577131748
2934,HGS-TV,463351.0,481998.92087602615
2935,HGS-TV,463351.0,482094.83863067627
2936,HGS-TV,463351.0,482231.1981072426
2937,HGS-TV,463351.0,482403.364112854
2938,HGS-TV,463351.0,482483.6828324795
2939,HGS-TV,463351.0,482552.32360863686
2940,HGS-TV,463351.0,482725.43508934975
2941,HGS-TV,463351.0,482785.6543984413
2942,HGS-TV,463351.0,482845.6669485569
2943,HGS-TV,463351.0,482911.0184223652
2944,HGS-TV,463351.0,482971.3087518215
2945,HGS-TV,463351.0,483031.6193931103
2946,HGS-TV,463351.0,483221.7940759659
2947,HGS-TV,463351.0,483281.82166457176
2948,HGS-TV,463351.0,483630.69481515884
2949,HGS-TV,463351.0,483690.96509480476
2950,HGS-TV,463351.0,483751.15962028503
2951,HGS-TV,463351.0,483811.4457447529
2952,HGS-TV,463351.0,483897.57985925674
2953,HGS-TV,463351.0,483957.58271718025
2954,HGS-TV,463351.0,484017.6726105213
2955,HGS-TV,463351.0,484125.9291610718
2956,HGS-TV,463351.0,484202.29988980293
2957,HGS-TV,463351.0,484643.0896091461
2958,HGS-TV,463351.0,485109.5436460972
2959,HGS-TV,463351.0,485364.39862823486
2960,HGS-TV,463351.0,485424.58290600777
2961,HGS-TV,463351.0,485823.39774537086
2962,HGS-TV,463351.0,486082.6570520401
2963,HGS-TV,463351.0,486183.7705857754
2964,HGS-TV,463351.0,486981.8327331543
2965,HGS-TV,463351.0,487195.87516474724
2966,HGS-TV,463351.0,487255.90225195885
2967,HGS-TV,463351.0,487489.64008641243
2968,HGS-TV,463351.0,487692.7485976219
2969,ails2_etaMax1.000_stoppingTime864000.00,463839.0,487704.20043774415
2970,ails2_etaMax1.000_stoppingTime864000.00,463787.0,487711.60143774416
2971,ails2_etaMax1.000_stoppingTime1728000.00,465997.0,488504.82043774414
2972,ails2_etaMax1.000_stoppingTime1728000.00,465984.0,488504.8774377441
2973,HGS-TV,463351.0,488873.9772861004
2974,HGS-TV,463351.0,489732.00737833977
2975,HGS-TV,463351.0,490181.65629315376
2976,HGS-TV,463351.0,490241.7334494591
2977,HGS-TV,463351.0,490301.8381764889
2978,HGS-TV,463351.0,490627.9502325058
2979,HGS-TV,463351.0,491019.74643325806
2980,HGS-TV,463351.0,491079.8795235157
2981,HGS-TV,463351.0,491832.17519402504
2982,HGS-TV,463351.0,492009.15750932693
2983,ails2_etaMax1.000_stoppingTime1728000.00,465980.0,492149.2634377441
2984,ails2_etaMax1.000_stoppingTime1728000.00,465885.0,492151.11843774415
2985,HGS-TV,463351.0,492988.49115014076
2986,HGS-TV,463351.0,493132.9077117443
2987,HGS-TV,463351.0,493193.02891492844
2988,HGS-TV,463351.0,493343.4037325382
2989,HGS-TV,463351.0,493454.9005830288
2990,ails2_etaMax1.000_stoppingTime864000.00,463778.0,493548.00443774415
2991,HGS-TV,463351.0,493604.7775502205
2992,HGS-TV,463351.0,494816.57135629654
2993,HGS-TV,463351.0,494876.64523506165
2994,ails2_etaMax1.000_stoppingTime1728000.00,465876.0,495426.09843774413
2995,ails2_etaMax1.000_stoppingTime1728000.00,465788.0,495426.76943774417
2996,HGS-TV,463351.0,496459.5065281391
2997,HGS-TV,463351.0,496619.67592716217
2998,HGS-TV,463351.0,497025.4825718403
2999,HGS-TV,463351.0,497705.510576725
3000,HGS-TV,463351.0,498045.65901207924
3001,HGS-TV,463351.0,498573.4982740879
3002,ails2_etaMax1.000_stoppingTime864000.00,463774.0,499251.0454377441
3003,ails2_etaMax1.000_stoppingTime864000.00,463746.0,499251.77243774413
3004,HGS-TV,463351.0,499377.05071496964
3005,HGS-TV,463351.0,499540.38436079025
3006,HGS-TV,463351.0,499702.9692738056
3007,HGS-TV,463351.0,500088.45850777626
3008,HGS-TV,463351.0,501546.5678510666
3009,HGS-TV,463351.0,502061.55846595764
3010,HGS-TV,463351.0,502122.13068223
3011,HGS-TV,463351.0,502375.50689959526
3012,HGS-TV,463351.0,503376.51339769363
3013,HGS-TV,463351.0,503837.2577197552
3014,HGS-TV,463351.0,504156.0672638416
3015,HGS-TV,463351.0,504289.3815970421
3016,HGS-TV,463351.0,504493.96104359627
3017,HGS-TV,463351.0,504616.70965719223
3018,HGS-TV,463351.0,504998.65768289566
3019,HGS-TV,463351.0,505541.7417292595
3020,HGS-TV,463351.0,505748.3907365799
3021,HGS-TV,463351.0,505809.1145532131
3022,HGS-TV,463351.0,505934.5894815922
3023,ails2_etaMax1.000_stoppingTime864000.00,463739.0,506148.20543774415
3024,ails2_etaMax1.000_stoppingTime864000.00,463730.0,506148.31443774415
3025,ails2_etaMax1.000_stoppingTime1728000.00,465787.0,506392.17343774415
3026,HGS-TV,463351.0,506489.5250594616
3027,HGS-TV,463351.0,507198.11625266075
3028,ails2_etaMax1.000_stoppingTime864000.00,463729.0,507479.88343774417
3029,ails2_etaMax1.000_stoppingTime864000.00,463685.0,507529.01943774417
3030,HGS-TV,463351.0,510181.84478855133
3031,ails2_etaMax1.000_stoppingTime864000.00,463684.0,510755.72243774415
3032,ails2_etaMax1.000_stoppingTime864000.00,463670.0,510756.2634377441
3033,HGS-TV,463351.0,510895.89226698875
3034,HGS-TV,463351.0,511181.69821834564
3035,HGS-TV,463351.0,511728.40737605095
3036,HGS-TV,463351.0,511985.61831378937
3037,ails2_etaMax1.000_stoppingTime864000.00,463668.0,514339.6004377441
3038,ails2_etaMax1.000_stoppingTime864000.00,463641.0,514342.30343774415
3039,ails2_etaMax1.000_stoppingTime1728000.00,465780.0,514561.29443774413
3040,ails2_etaMax1.000_stoppingTime1728000.00,465727.0,514561.70743774413
3041,HGS-TV,463351.0,515179.5824303627
3042,HGS-TV,463351.0,515302.2826080322
3043,HGS-TV,463351.0,515400.29215073586
3044,HGS-TV,463351.0,519651.26074552536
3045,HGS-TV,463351.0,519773.1983349323
3046,HGS-TV,463351.0,520436.7370502949
3047,HGS-TV,463351.0,520753.67236447334
3048,HGS-TV,463351.0,520832.7570672035
3049,HGS-TV,463351.0,521702.34123921394
3050,HGS-TV,463351.0,521933.9205441475
3051,HGS-TV,463351.0,522147.82573366165
3052,HGS-TV,463351.0,522258.81938934326
3053,HGS-TV,463351.0,523875.32474398613
3054,HGS-TV,463351.0,524117.0664551258
3055,HGS-TV,463351.0,524177.06770539284
3056,HGS-TV,463351.0,524887.859263897
3057,HGS-TV,463351.0,524948.2244837284
3058,HGS-TV,463351.0,525008.8979525566
3059,ails2_etaMax1.000_stoppingTime1728000.00,465723.0,525066.3024377441
3060,ails2_etaMax1.000_stoppingTime1728000.00,465650.0,525069.4084377441
3061,HGS-TV,463351.0,530808.390733242
3062,HGS-TV,463351.0,530886.7963895798
3063,HGS-TV,463351.0,534231.1473100185
3064,ails2_etaMax1.000_stoppingTime864000.00,463640.0,535642.2744377442
3065,ails2_etaMax1.000_stoppingTime864000.00,463614.0,535645.8734377441
3066,ails2_etaMax1.000_stoppingTime864000.00,463611.0,536321.4464377442
3067,ails2_etaMax1.000_stoppingTime864000.00,463591.0,536382.1924377441
3068,ails2_etaMax1.000_stoppingTime864000.00,463571.0,536383.2904377441
3069,HGS-TV,463351.0,540777.3345680237
3070,HGS-TV,463351.0,540837.6545407772
3071,HGS-TV,463351.0,540897.9999337196
3072,HGS-TV,463351.0,540958.0356783867
3073,HGS-TV,463351.0,541018.5468213558
3074,HGS-TV,463351.0,541078.9712533951
3075,HGS-TV,463351.0,541139.2966656685
3076,HGS-TV,463351.0,541199.4442989826
3077,HGS-TV,463351.0,541349.5131320953
3078,HGS-TV,463351.0,541409.6000702381
3079,HGS-TV,463351.0,541555.9520523548
3080,HGS-TV,463351.0,541616.1474928856
3081,HGS-TV,463351.0,541812.5471465588
3082,HGS-TV,463351.0,541891.2224371433
3083,HGS-TV,463351.0,541951.412986517
3084,HGS-TV,463351.0,542366.2285401821
3085,ails2_etaMax1.000_stoppingTime864000.00,463564.0,542440.8464377441
3086,ails2_etaMax1.000_stoppingTime864000.00,463553.0,542449.3724377442
3087,HGS-TV,463351.0,542546.0087521076
3088,HGS-TV,463351.0,542606.1311500072
3089,HGS-TV,463351.0,542737.7587902546
3090,HGS-TV,463351.0,543056.4755003452
3091,HGS-TV,463351.0,543132.945561409
3092,HGS-TV,463351.0,543193.1711649895
3093,HGS-TV,463351.0,543344.9278585911
3094,HGS-TV,463351.0,543491.9361572266
3095,HGS-TV,463351.0,543564.4461398125
3096,HGS-TV,463351.0,544583.9265451431
3097,HGS-TV,463351.0,544654.6031360626
3098,HGS-TV,463351.0,545287.8320889473
3099,HGS-TV,463351.0,545953.459294796
3100,HGS-TV,463351.0,546013.5648679733
3101,HGS-TV,463351.0,546220.4974236488
3102,HGS-TV,463351.0,546667.1058084965
3103,HGS-TV,463351.0,546727.320497036
3104,HGS-TV,463351.0,546787.6420907974
3105,HGS-TV,463351.0,547016.3542847633
3106,HGS-TV,463351.0,547342.6127448082
3107,HGS-TV,463351.0,547469.9363458157
3108,HGS-TV,463351.0,548137.097635746
3109,HGS-TV,463351.0,548333.7133908272
3110,HGS-TV,463351.0,548507.6221637726
3111,HGS-TV,463351.0,548782.992764473
3112,HGS-TV,463351.0,549225.5484757423
3113,HGS-TV,463351.0,549775.1467399597
3114,ails2_etaMax1.000_stoppingTime1728000.00,465627.0,549817.7634377441
3115,ails2_etaMax1.000_stoppingTime1728000.00,465472.0,549866.6684377441
3116,HGS-TV,463351.0,549890.5003209114
3117,ails2_etaMax1.000_stoppingTime1728000.00,465317.0,549907.1484377441
3118,ails2_etaMax1.000_stoppingTime864000.00,463545.0,551013.0084377441
3119,ails2_etaMax1.000_stoppingTime864000.00,463539.0,551013.3334377442
3120,ails2_etaMax1.000_stoppingTime864000.00,463536.0,551113.6074377442
3121,ails2_etaMax1.000_stoppingTime864000.00,463534.0,551196.7944377442
3122,ails2_etaMax1.000_stoppingTime864000.00,463526.0,551198.5444377442
3123,ails2_etaMax1.000_stoppingTime864000.00,463513.0,551283.0574377441
3124,ails2_etaMax1.000_stoppingTime864000.00,463510.0,551416.2044377441
3125,ails2_etaMax1.000_stoppingTime864000.00,463509.0,551416.5164377441
3126,ails2_etaMax1.000_stoppingTime864000.00,463506.0,551556.6894377441
3127,ails2_etaMax1.000_stoppingTime864000.00,463478.0,551557.1034377442
3128,HGS-TV,463351.0,551661.6841936111
3129,HGS-TV,463351.0,551881.8450016975
3130,HGS-TV,463351.0,552490.3669261932
3131,HGS-TV,463351.0,552635.5909025669
3132,HGS-TV,463351.0,552729.5704843998
3133,HGS-TV,463351.0,552789.5767011642
3134,HGS-TV,463351.0,553240.9260389805
3135,ails2_etaMax1.000_stoppingTime864000.00,463472.0,553246.8944377442
3136,ails2_etaMax1.000_stoppingTime864000.00,463463.0,553247.2254377442
3137,HGS-TV,463351.0,553705.2047693729
3138,HGS-TV,463351.0,554154.335111618
3139,HGS-TV,463351.0,554346.2528271675
3140,HGS-TV,463351.0,554443.9713280201
3141,HGS-TV,463351.0,554739.1759879589
3142,HGS-TV,463351.0,554799.4022066593
3143,HGS-TV,463351.0,554879.1777365208
3144,HGS-TV,463351.0,554958.3136622906
3145,HGS-TV,463351.0,555018.3437912464
3146,HGS-TV,463351.0,555078.5899615288
3147,HGS-TV,463351.0,555173.07990098
3148,HGS-TV,463351.0,555996.4864909649
3149,HGS-TV,463351.0,556488.708324194
3150,HGS-TV,463351.0,556737.0927524567
3151,HGS-TV,463351.0,557171.7348411083
3152,HGS-TV,463351.0,557535.6895964146
3153,HGS-TV,463351.0,558577.6604018211
3154,HGS-TV,463351.0,558872.5722668171
3155,HGS-TV,463351.0,559444.2240729332
3156,HGS-TV,463351.0,559653.6033861637
3157,HGS-TV,463351.0,560385.6542167664
3158,HGS-TV,463351.0,560536.6729772091
3159,HGS-TV,463351.0,560971.5305039883
3160,HGS-TV,463351.0,561110.6073253155
3161,HGS-TV,463351.0,561369.6106784344
3162,HGS-TV,463351.0,561641.0350909233
3163,HGS-TV,463351.0,562346.288557291
3164,HGS-TV,463351.0,562660.3645935059
3165,HGS-TV,463351.0,562720.5796408653
3166,HGS-TV,463351.0,562805.2426013947
3167,HGS-TV,463351.0,562865.4802381992
3168,HGS-TV,463351.0,564045.7165334225
3169,HGS-TV,463351.0,564106.0245089531
3170,HGS-TV,463351.0,564166.5372552872
3171,HGS-TV,463351.0,564506.7155632973
3172,HGS-TV,463351.0,565564.5032951832
3173,HGS-TV,463351.0,565743.9610426426
3174,HGS-TV,463351.0,566936.2231328487
3175,HGS-TV,463351.0,567339.1674973965
3176,HGS-TV,463351.0,568342.9955494404
3177,HGS-TV,463351.0,568456.6798248291
3178,HGS-TV,463351.0,569064.1575732231
3179,HGS-TV,463351.0,569314.9587776661
3180,HGS-TV,463351.0,569757.7524633408
3181,HGS-TV,463351.0,571284.8347418308
3182,HGS-TV,463351.0,571787.4015028477
3183,HGS-TV,463351.0,572140.0155289173
3184,HGS-TV,463351.0,572401.7529213428
3185,HGS-TV,463351.0,572548.6601119041
3186,HGS-TV,463351.0,573609.9025850296
3187,HGS-TV,463351.0,573675.4058885574
3188,HGS-TV,463351.0,574835.0465304852
3189,ails2_etaMax1.000_stoppingTime864000.00,463453.0,574846.3064377442
3190,ails2_etaMax1.000_stoppingTime864000.00,463446.0,574846.4404377441
3191,ails2_etaMax1.000_stoppingTime864000.00,463438.0,574936.8054377441
3192,ails2_etaMax1.000_stoppingTime864000.00,463411.0,575028.9734377442
3193,ails2_etaMax1.000_stoppingTime864000.00,463397.0,575030.9474377441
3194,HGS-TV,463351.0,575243.0479564667
3195,HGS-TV,463351.0,575364.5225491524
3196,HGS-TV,463351.0,575478.6579360962
3197,HGS-TV,463351.0,575538.7019944191
3198,HGS-TV,463351.0,576223.6770293713
3199,HGS-TV,463351.0,576493.9396529198
3200,HGS-TV,463351.0,576553.9749553204
3201,HGS-TV,463351.0,576639.7350230217
3202,HGS-TV,463351.0,576853.9246618748
3203,HGS-TV,463351.0,576914.0307381153
3204,HGS-TV,463351.0,576974.3680062294
3205,HGS-TV,463351.0,577234.4200639725
3206,HGS-TV,463351.0,578088.0279250145
3207,HGS-TV,463351.0,578664.0272276402
3208,HGS-TV,463351.0,578948.7091937065
3209,HGS-TV,463351.0,579686.9483475685
3210,HGS-TV,463351.0,580184.0775930882
3211,HGS-TV,463351.0,580335.8374969959
3212,HGS-TV,463351.0,580427.3797838688
3213,HGS-TV,463351.0,581189.3793690205
3214,HGS-TV,463351.0,584055.1923322678
3215,HGS-TV,463351.0,584923.0137484074
3216,HGS-TV,463351.0,585154.2694163322
3217,HGS-TV,463351.0,585218.8453290462
3218,HGS-TV,463351.0,585278.9520545006
3219,HGS-TV,463351.0,585544.5337998867
3220,HGS-TV,463351.0,586503.4157454967
3221,HGS-TV,463351.0,587003.7798504829
3222,HGS-TV,463351.0,587142.281370163
3223,HGS-TV,463351.0,587898.0024328232
3224,HGS-TV,463351.0,587958.0963935852
3225,HGS-TV,463351.0,588304.5931048393
3226,HGS-TV,463351.0,588581.8406369686
3227,HGS-TV,463351.0,588876.6916229725
3228,HGS-TV,463351.0,589617.7216660976
3229,HGS-TV,463351.0,589988.9270248413
3230,HGS-TV,463351.0,590426.3830623627
3231,HGS-TV,463351.0,590790.2599067688
3232,HGS-TV,463351.0,591474.4843752384
3233,HGS-TV,463351.0,591613.8337826729
3234,HGS-TV,463351.0,591755.3979794979
3235,HGS-TV,463351.0,591868.8235812187
3236,HGS-TV,463351.0,591938.9349317551
3237,HGS-TV,463351.0,592030.6117501259
3238,HGS-TV,463351.0,592733.1210837364
3239,HGS-TV,463351.0,592955.4954605103
3240,HGS-TV,463351.0,593360.9033806324
3241,HGS-TV,463351.0,593562.7329306602
3242,HGS-TV,463351.0,593635.5043797493
3243,ails2_etaMax1.000_stoppingTime864000.00,463395.0,593652.8814377441
3244,ails2_etaMax1.000_stoppingTime864000.00,463391.0,593653.6264377441
3245,HGS-TV,463351.0,593826.7915139198
3246,HGS-TV,463351.0,593910.4596095085
3247,HGS-TV,463351.0,594203.8214008808
3248,HGS-TV,463351.0,594278.1492614746
3249,HGS-TV,463351.0,594716.6327245235
3250,HGS-TV,463351.0,594907.865449667
3251,HGS-TV,463351.0,594967.8755064011
3252,ails2_etaMax1.000_stoppingTime864000.00,463388.0,595059.4314377442
3253,ails2_etaMax1.000_stoppingTime864000.00,463387.0,595059.4574377441
3254,ails2_etaMax1.000_stoppingTime1728000.00,465304.0,595201.0404377441
3255,ails2_etaMax1.000_stoppingTime1728000.00,465287.0,595201.2444377441
3256,HGS-TV,463351.0,595574.2213823795
3257,HGS-TV,463351.0,595688.5949690342
3258,HGS-TV,463351.0,595748.6969161034
3259,HGS-TV,463351.0,595831.7395563126
3260,HGS-TV,463351.0,595892.0998790264
3261,HGS-TV,463351.0,595992.2101690769
3262,HGS-TV,463351.0,596200.5591897964
3263,HGS-TV,463351.0,597089.8535866737
3264,HGS-TV,463351.0,597969.3301837444
3265,HGS-TV,463351.0,598029.5687172413
3266,HGS-TV,463351.0,598162.3506827354
3267,HGS-TV,463351.0,598261.0303719044
3268,HGS-TV,463351.0,598527.4083502293
3269,HGS-TV,463351.0,599525.5752937794
3270,HGS-TV,463351.0,599748.0251955986
3271,HGS-TV,463351.0,600012.6743478775
3272,HGS-TV,463351.0,600229.2296419144
3273,HGS-TV,463351.0,600568.2917170525
3274,HGS-TV,463351.0,600821.8411538601
3275,HGS-TV,463351.0,601070.3716025352
3276,HGS-TV,463351.0,601210.3818318844
3277,HGS-TV,463351.0,601474.9785819054
3278,ails2_etaMax1.000_stoppingTime864000.00,463385.0,601871.8034377442
3279,ails2_etaMax1.000_stoppingTime864000.00,463351.0,601900.0124377442
3280,HGS-TV,463351.0,602682.2263212204
3281,HGS-TV,463351.0,602811.4632985592
3282,HGS-TV,463351.0,603338.95388937
3283,HGS-TV,463351.0,603399.1678192616
3284,HGS-TV,463351.0,603550.0725107193
3285,HGS-TV,463351.0,603732.4906415939
3286,HGS-TV,463351.0,603792.6351804733
3287,HGS-TV,463351.0,604139.2648918629
3288,HGS-TV,463351.0,604505.3054094315
3289,HGS-TV,463351.0,605228.4771664143
3290,HGS-TV,463351.0,605362.342634201
3291,HGS-TV,463351.0,605568.7485010624
3292,HGS-TV,463351.0,605730.782859087
3293,HGS-TV,463351.0,605990.2576608658
3294,HGS-TV,463351.0,606066.407143116
3295,HGS-TV,463351.0,606126.6641862392
3296,HGS-TV,463351.0,606250.8949379921
3297,HGS-TV,463351.0,606311.1522731781
3298,HGS-TV,463351.0,607026.3039398193
3299,HGS-TV,463351.0,607428.6580300331
3300,ails2_etaMax1.000_stoppingTime864000.00,463347.0,607481.8314377441
3301,ails2_etaMax1.000_stoppingTime1728000.00,465283.0,608115.7844377442
3302,ails2_etaMax1.000_stoppingTime1728000.00,465186.0,608147.4224377441
3303,filo2,463342.0,608706.7855327129
3304,filo2,463341.0,608766.8671908379
3305,HGS-TV,463332.0,608918.0655741692
3306,HGS-TV,463326.0,609783.1493234634
3307,HGS-TV,463321.0,610185.559160471
3308,HGS-TV,463319.0,610998.3902420998
3309,HGS-TV,463317.0,611088.5996804237
3310,HGS-TV,463316.0,611264.5016567707
3311,HGS-TV,463315.0,611357.528064251
3312,HGS-TV,463313.0,611432.9406788349
3313,HGS-TV,463311.0,611493.3329997063
3314,HGS-TV,463310.0,611553.7579357624
3315,HGS-TV,463306.0,612040.0691287518
3316,ails2_etaMax0.005_stoppingTime86400.00,463304.0,612480.3534377442
3317,ails2_etaMax0.005_stoppingTime86400.00,463295.0,612500.1664377442
3318,ails2_etaMax0.005_stoppingTime86400.00,463281.0,612586.6624377441
3319,HGS-TV,463305.0,612614.9410932064
3320,HGS-TV,463304.0,612704.1974987984
3321,ails2_etaMax0.005_stoppingTime86400.00,463279.0,612876.0954377442
3322,HGS-TV,463303.0,613038.5294976234
3323,ails2_etaMax0.005_stoppingTime86400.00,463278.0,613672.0254377441
3324,ails2_etaMax0.005_stoppingTime86400.00,463273.0,613672.9924377442
3325,HGS-TV,463302.0,613855.7049612999
3326,HGS-TV,463301.0,614390.3489363194
3327,ails2_etaMax1.000_stoppingTime864000.00,463346.0,614652.6694377442
3328,HGS-TV,463300.0,614697.2162446976
3329,ails2_etaMax1.000_stoppingTime864000.00,463344.0,614652.7094377441
3330,HGS-TV,463299.0,614757.4154896736
3331,ails2_etaMax1.000_stoppingTime1728000.00,465185.0,615005.6144377441
3332,ails2_etaMax1.000_stoppingTime1728000.00,465102.0,615020.2304377442
3333,ails2_etaMax1.000_stoppingTime1728000.00,465091.0,615712.9084377441
3334,ails2_etaMax1.000_stoppingTime1728000.00,465082.0,615712.9474377441
3335,HGS-TV,463262.0,615837.9359920025
3336,HGS-TV,463261.0,616067.5396876335
3337,HGS-TV,463260.0,616357.9394669533
3338,HGS-TV,463259.0,616617.0930702686
3339,HGS-TV,463258.0,616881.8269588947
3340,HGS-TV,463257.0,617117.3298523426
3341,HGS-TV,463256.0,617365.343638897
3342,HGS-TV,463253.0,617425.5389742851
3343,HGS-TV,463252.0,617490.7591235638
3344,HGS-TV,463251.0,618028.0217716694
3345,HGS-TV,463248.0,618630.6684331894
3346,ails2_etaMax1.000_stoppingTime864000.00,463343.0,619722.8894377442
3347,HGS-TV,463246.0,620501.6138739586
3348,ails2_etaMax1.000_stoppingTime864000.00,463341.0,621066.3304377442
3349,ails2_etaMax1.000_stoppingTime864000.00,463339.0,621066.5094377442
3350,ails2_etaMax1.000_stoppingTime864000.00,463338.0,621437.1234377441
3351,ails2_etaMax1.000_stoppingTime864000.00,463331.0,621440.1644377442
3352,HGS-TV,463245.0,621792.7735440731
3353,ails2_etaMax1.000_stoppingTime864000.00,463326.0,621992.6164377441
3354,ails2_etaMax1.000_stoppingTime864000.00,463310.0,621995.0814377441
3355,HGS-TV,463244.0,622447.6084601879
3356,HGS-TV,463243.0,622548.6856036186
3357,HGS-TV,463242.0,622773.1747145653
3358,ails2_etaMax1.000_stoppingTime864000.00,463305.0,624521.6354377441
3359,ails2_etaMax1.000_stoppingTime864000.00,463301.0,624521.9554377442
3360,HGS-TV,463241.0,626115.5522859097
3361,HGS-TV,463239.0,626175.84496212
3362,ails2_etaMax1.000_stoppingTime864000.00,463299.0,628037.9684377442
3363,ails2_etaMax1.000_stoppingTime864000.00,463292.0,628043.9104377441
3364,HGS-TV,463238.0,628108.342695713
3365,ails2_etaMax1.000_stoppingTime864000.00,463291.0,628308.9604377442
3366,ails2_etaMax1.000_stoppingTime864000.00,463290.0,628309.0484377441
3367,HGS-TV,463237.0,629271.5127658844
3368,ails2_etaMax0.010_stoppingTime432000.00,463350.0,632474.7334377441
3369,ails2_etaMax0.010_stoppingTime432000.00,463349.0,632566.8724377442
3370,ails2_etaMax0.010_stoppingTime432000.00,463348.0,632567.0154377441
3371,HGS-TV,463235.0,634361.9806890488
3372,ails2_etaMax1.000_stoppingTime864000.00,463288.0,634391.7514377441
3373,ails2_etaMax1.000_stoppingTime864000.00,463282.0,634391.9244377442
3374,HGS-TV,463234.0,635180.7754564285
3375,ails2_etaMax1.000_stoppingTime864000.00,463281.0,635974.2094377441
3376,ails2_etaMax1.000_stoppingTime864000.00,463269.0,635974.7574377442
3377,ails2_etaMax1.000_stoppingTime1728000.00,465079.0,636596.1854377441
3378,ails2_etaMax1.000_stoppingTime1728000.00,465073.0,636596.7404377442
3379,HGS-TV,463233.0,639978.7236466408
3380,ails2_etaMax1.000_stoppingTime1728000.00,465071.0,642906.9184377441
3381,ails2_etaMax1.000_stoppingTime1728000.00,465059.0,642906.9564377441
3382,ails2_etaMax1.000_stoppingTime1728000.00,465055.0,643087.0354377441
3383,ails2_etaMax1.000_stoppingTime1728000.00,465000.0,643087.3164377442
3384,HGS-TV,463233.0,646895.6049308777
3385,HGS-TV,463233.0,646956.189786911
3386,HGS-TV,463233.0,647016.308385849
3387,HGS-TV,463233.0,647076.752671957
3388,HGS-TV,463233.0,647137.80606246
3389,HGS-TV,463233.0,647197.8081758022
3390,HGS-TV,463233.0,647257.8269770145
3391,HGS-TV,463233.0,647548.510174036
3392,HGS-TV,463233.0,647673.4904210567
3393,HGS-TV,463233.0,647843.2890176773
3394,HGS-TV,463233.0,648117.8804683685
3395,HGS-TV,463233.0,648559.313325882
3396,HGS-TV,463233.0,648683.673368454
3397,HGS-TV,463233.0,648907.2023899555
3398,HGS-TV,463233.0,648967.3587784767
3399,HGS-TV,463233.0,649113.0933771133
3400,HGS-TV,463233.0,649173.2667880058
3401,HGS-TV,463233.0,649360.7422881126
3402,HGS-TV,463233.0,649682.3173782825
3403,HGS-TV,463233.0,649742.6731915474
3404,HGS-TV,463233.0,649802.899670124
3405,HGS-TV,463233.0,649863.3034825325
3406,HGS-TV,463233.0,650106.362995863
3407,HGS-TV,463233.0,650205.1795194149
3408,HGS-TV,463233.0,650265.4783065319
3409,HGS-TV,463233.0,650503.6854701042
3410,HGS-TV,463233.0,650754.3859884739
3411,HGS-TV,463233.0,651187.2992126942
3412,HGS-TV,463233.0,651446.085549593
3413,HGS-TV,463233.0,651506.4352924824
3414,HGS-TV,463233.0,651641.3226878643
3415,HGS-TV,463233.0,651851.6754386425
3416,HGS-TV,463233.0,651944.1984858513
3417,HGS-TV,463233.0,652014.719577074
3418,HGS-TV,463233.0,652378.4174969196
3419,HGS-TV,463233.0,652937.7662477493
3420,HGS-TV,463233.0,653520.4989669323
3421,HGS-TV,463233.0,653580.5030081272
3422,HGS-TV,463233.0,653874.3755915165
3423,HGS-TV,463233.0,653995.1630547047
3424,HGS-TV,463233.0,654303.9018962383
3425,ails2_etaMax1.000_stoppingTime864000.00,463268.0,654521.3894377442
3426,ails2_etaMax1.000_stoppingTime864000.00,463258.0,654522.1754377441
3427,HGS-TV,463233.0,654823.4472413063
3428,HGS-TV,463233.0,655394.6999239922
3429,HGS-TV,463233.0,655505.7885715961
3430,HGS-TV,463233.0,655825.3410277367
3431,HGS-TV,463233.0,656833.2838015556
3432,HGS-TV,463233.0,656893.3397614956
3433,HGS-TV,463233.0,656953.6138894558
3434,HGS-TV,463233.0,657810.9749929905
3435,HGS-TV,463233.0,657871.1348352432
3436,HGS-TV,463233.0,658145.6846125126
3437,HGS-TV,463233.0,658358.6202740669
3438,HGS-TV,463233.0,658418.8848013878
3439,HGS-TV,463233.0,658510.6817026138
3440,HGS-TV,463233.0,659096.4540719986
3441,HGS-TV,463233.0,659156.6989045143
3442,HGS-TV,463233.0,659216.7559139729
3443,HGS-TV,463233.0,659414.8088054657
3444,HGS-TV,463233.0,659705.4372596741
3445,HGS-TV,463233.0,660217.9187691212
3446,HGS-TV,463233.0,660636.8178770542
3447,HGS-TV,463233.0,660973.221829176
3448,HGS-TV,463233.0,661033.8337111473
3449,HGS-TV,463233.0,661157.8283901215
3450,HGS-TV,463233.0,661482.7067825794
3451,HGS-TV,463233.0,662088.9895031452
3452,HGS-TV,463233.0,662432.019247055
3453,HGS-TV,463233.0,662639.52156353
3454,HGS-TV,463233.0,662853.4585950375
3455,HGS-TV,463233.0,662923.0278589725
3456,HGS-TV,463233.0,663062.5104775429
3457,HGS-TV,463233.0,663249.3362731934
3458,ails2_etaMax1.000_stoppingTime1728000.00,464977.0,663439.2194377441
3459,ails2_etaMax1.000_stoppingTime1728000.00,464949.0,663446.4004377441
3460,HGS-TV,463233.0,663792.506059885
3461,HGS-TV,463233.0,663852.8743946552
3462,HGS-TV,463233.0,663913.1979825497
3463,HGS-TV,463233.0,664638.6076982021
3464,HGS-TV,463233.0,664930.9055514336
3465,HGS-TV,463233.0,665485.6633467674
3466,ails2_etaMax1.000_stoppingTime1728000.00,464940.0,666544.2794377442
3467,ails2_etaMax1.000_stoppingTime1728000.00,464939.0,666544.3164377442
3468,HGS-TV,463233.0,666654.3789317608
3469,HGS-TV,463233.0,666714.6727859974
3470,HGS-TV,463233.0,666877.5897071362
3471,HGS-TV,463233.0,667665.3015053272
3472,HGS-TV,463233.0,667816.7397930622
3473,HGS-TV,463233.0,668432.1230757236
3474,HGS-TV,463233.0,669818.5614995956
3475,HGS-TV,463233.0,669879.1338868141
3476,HGS-TV,463233.0,670242.8801999092
3477,HGS-TV,463233.0,670370.5098040104
3478,HGS-TV,463233.0,670920.4288175106
3479,HGS-TV,463233.0,671043.3534195423
3480,HGS-TV,463233.0,671453.5638096333
3481,HGS-TV,463233.0,671795.0376338959
3482,ails2_etaMax1.000_stoppingTime1728000.00,464936.0,673373.2214377441
3483,ails2_etaMax1.000_stoppingTime1728000.00,464895.0,673373.8294377441
3484,HGS-TV,463233.0,674160.6656639576
3485,HGS-TV,463233.0,675539.5920610428
3486,ails2_etaMax0.010_stoppingTime432000.00,463347.0,676127.4914377441
3487,ails2_etaMax1.000_stoppingTime864000.00,463253.0,677088.7724377442
3488,ails2_etaMax1.000_stoppingTime864000.00,463252.0,677088.8924377442
3489,HGS-TV,463233.0,677225.1810846329
3490,HGS-TV,463233.0,678116.1984343529
3491,HGS-TV,463233.0,678433.3253142834
3492,HGS-TV,463233.0,678558.7049963474
3493,HGS-TV,463233.0,679075.8906536102
3494,HGS-TV,463233.0,679601.695936203
3495,HGS-TV,463233.0,679867.3523108959
3496,HGS-TV,463233.0,680113.3139646053
3497,HGS-TV,463233.0,680180.6363861561
3498,ails2_etaMax1.000_stoppingTime1728000.00,464873.0,680261.7894377442
3499,ails2_etaMax1.000_stoppingTime1728000.00,464867.0,680261.8324377441
3500,HGS-TV,463233.0,681491.7192776203
3501,HGS-TV,463233.0,681797.6394722462
3502,HGS-TV,463233.0,682070.796859026
3503,ails2_etaMax1.000_stoppingTime1728000.00,464865.0,682299.7144377441
3504,ails2_etaMax1.000_stoppingTime1728000.00,464853.0,682299.7534377441
3505,HGS-TV,463233.0,682459.7369344234
3506,HGS-TV,463233.0,682519.783810854
3507,HGS-TV,463233.0,682837.406443119
3508,HGS-TV,463233.0,683741.0236899853
3509,HGS-TV,463233.0,685195.805106163
3510,HGS-TV,463233.0,685455.7208530903
3511,HGS-TV,463233.0,685970.062830925
3512,HGS-TV,463233.0,686796.7964475155
3513,HGS-TV,463233.0,687491.9037117958
3514,HGS-TV,463233.0,687695.208386898
3515,HGS-TV,463233.0,688213.9733924866
3516,HGS-TV,463233.0,688328.0840909481
3517,HGS-TV,463233.0,688887.8603115082
3518,HGS-TV,463233.0,689079.5273516178
3519,HGS-TV,463233.0,689494.1424136162
3520,HGS-TV,463233.0,689560.8590962887
3521,ails2_etaMax1.000_stoppingTime1728000.00,464840.0,689767.5764377442
3522,ails2_etaMax1.000_stoppingTime1728000.00,464837.0,689768.9374377441
3523,HGS-TV,463233.0,690431.4755237103
3524,HGS-TV,463233.0,690578.5683979988
3525,ails2_etaMax1.000_stoppingTime864000.00,463250.0,691075.8444377441
3526,ails2_etaMax1.000_stoppingTime864000.00,463249.0,691076.1214377441
3527,ails2_etaMax0.010_stoppingTime432000.00,463346.0,691198.8834377441
3528,ails2_etaMax0.010_stoppingTime432000.00,463345.0,691199.9954377442
3529,HGS-TV,463233.0,691272.8794937134
3530,HGS-TV,463233.0,691380.4693453312
3531,HGS-TV,463233.0,691535.3267576694
3532,HGS-TV,463233.0,691595.7165119648
3533,HGS-TV,463233.0,691926.5454957485
3534,HGS-TV,463233.0,691986.8222544193
3535,HGS-TV,463233.0,692047.971976757
3536,HGS-TV,463233.0,692135.6038529873
3537,HGS-TV,463233.0,692331.3574671745
3538,HGS-TV,463233.0,692399.9045541286
3539,HGS-TV,463233.0,692803.7227861881
3540,HGS-TV,463233.0,692981.722619772
3541,HGS-TV,463233.0,693091.1064600945
3542,HGS-TV,463233.0,693157.2170257568
3543,HGS-TV,463233.0,693598.2279145718
3544,HGS-TV,463233.0,693658.4436321259
3545,HGS-TV,463233.0,693721.8788721561
3546,HGS-TV,463233.0,693781.9461312294
3547,HGS-TV,463233.0,693841.9900388718
3548,HGS-TV,463233.0,694370.9057631493
3549,HGS-TV,463233.0,694773.1861627102
3550,HGS-TV,463233.0,694922.3495681286
3551,HGS-TV,463233.0,695056.315233469
3552,HGS-TV,463233.0,695415.3058979511
3553,HGS-TV,463233.0,696521.966424942
3554,ails2_etaMax1.000_stoppingTime1728000.00,464803.0,696745.1544377442
3555,ails2_etaMax1.000_stoppingTime1728000.00,464801.0,696745.1954377441
3556,HGS-TV,463233.0,696969.770475626
3557,ails2_etaMax1.000_stoppingTime1728000.00,464789.0,697096.5924377441
3558,HGS-TV,463233.0,697154.9014077187
3559,HGS-TV,463233.0,697350.8518373966
3560,ails2_etaMax1.000_stoppingTime1728000.00,464763.0,697393.5794377441
3561,HGS-TV,463233.0,698665.4987607002
3562,ails2_etaMax1.000_stoppingTime1728000.00,464759.0,699292.6464377441
3563,ails2_etaMax1.000_stoppingTime1728000.00,464697.0,699296.0384377441
3564,HGS-TV,463233.0,699937.4852383137
3565,HGS-TV,463233.0,699997.5715734959
3566,HGS-TV,463233.0,700101.0454068184
3567,HGS-TV,463233.0,700510.560618639
3568,HGS-TV,463233.0,701918.2299172878
3569,HGS-TV,463233.0,702223.8549189568
3570,HGS-TV,463233.0,702288.4629986286
3571,HGS-TV,463233.0,702481.9051578045
3572,HGS-TV,463233.0,702681.6652138233
3573,HGS-TV,463233.0,704266.3237988949
3574,HGS-TV,463233.0,704475.7967028618
3575,HGS-TV,463233.0,704723.1745419502
3576,HGS-TV,463233.0,704804.0172762871
3577,HGS-TV,463233.0,704866.5745732784
3578,HGS-TV,463233.0,704926.7560279369
3579,HGS-TV,463233.0,705371.8848040104
3580,HGS-TV,463233.0,705587.3459427357
3581,HGS-TV,463233.0,705647.5073885918
3582,HGS-TV,463233.0,705715.5351719856
3583,HGS-TV,463233.0,706085.6157948971
3584,HGS-TV,463233.0,706146.0095088482
3585,HGS-TV,463233.0,706296.4460821152
3586,HGS-TV,463233.0,706542.9514997005
3587,HGS-TV,463233.0,706729.3326032162
3588,HGS-TV,463233.0,706872.4891934395
3589,HGS-TV,463233.0,707032.0106520653
3590,HGS-TV,463233.0,707092.3134944439
3591,HGS-TV,463233.0,707200.4023020267
3592,ails2_etaMax1.000_stoppingTime864000.00,463248.0,707225.2684377441
3593,ails2_etaMax1.000_stoppingTime864000.00,463245.0,707225.3504377442
3594,ails2_etaMax1.000_stoppingTime1728000.00,464696.0,708238.3694377441
3595,ails2_etaMax1.000_stoppingTime1728000.00,464635.0,708239.5794377441
3596,HGS-TV,463233.0,708304.6810052395
3597,HGS-TV,463233.0,708364.9743454456
3598,HGS-TV,463233.0,708590.1197686195
3599,ails2_etaMax1.000_stoppingTime864000.00,463244.0,708592.9004377441
3600,HGS-TV,463233.0,708650.5857391357
3601,ails2_etaMax1.000_stoppingTime864000.00,463240.0,708599.1514377441
3602,HGS-TV,463233.0,708710.746155262
3603,ails2_etaMax1.000_stoppingTime864000.00,463239.0,708681.6244377441
3604,HGS-TV,463233.0,708819.1832811832
3605,HGS-TV,463233.0,709150.6932487488
3606,HGS-TV,463233.0,709249.8015134335
3607,HGS-TV,463233.0,709310.2388446331
3608,ails2_etaMax1.000_stoppingTime864000.00,463237.0,709968.6054377442
3609,HGS-TV,463233.0,710140.7889354229
3610,ails2_etaMax1.000_stoppingTime864000.00,463236.0,710176.3064377442
3611,ails2_etaMax1.000_stoppingTime864000.00,463234.0,710178.4314377442
3612,HGS-TV,463233.0,710282.6043012142
3613,HGS-TV,463233.0,710342.9254596233
3614,HGS-TV,463233.0,710434.5955760479
3615,HGS-TV,463233.0,710527.9201471806
3616,HGS-TV,463233.0,710682.0048296452
3617,HGS-TV,463233.0,710855.8169891834
3618,HGS-TV,463233.0,710950.9688882828
3619,HGS-TV,463233.0,711011.0338346958
3620,HGS-TV,463233.0,711196.3148500919
3621,HGS-TV,463233.0,711409.6941487789
3622,HGS-TV,463233.0,711533.5127789974
3623,HGS-TV,463233.0,711593.5664668083
3624,ails2_etaMax1.000_stoppingTime864000.00,463233.0,711746.0394377442
3625,HGS-TV,463233.0,712058.0390293598
3626,HGS-TV,463233.0,712198.0059895515
3627,HGS-TV,463233.0,712389.3756012917
3628,HGS-TV,463233.0,712478.9585924149
3629,HGS-TV,463233.0,712603.192656517
3630,HGS-TV,463233.0,712715.4441742897
3631,HGS-TV,463233.0,712775.6759581566
3632,HGS-TV,463233.0,712929.2654047012
3633,HGS-TV,463233.0,712989.5791151524
3634,HGS-TV,463233.0,713073.9432296753
3635,HGS-TV,463233.0,713134.0534038544
3636,HGS-TV,463233.0,713194.0655636787
3637,HGS-TV,463233.0,713362.4807901382
3638,HGS-TV,463233.0,713712.6831879616
3639,HGS-TV,463233.0,714092.9454278946
3640,HGS-TV,463233.0,714351.5867221355
3641,HGS-TV,463233.0,714482.6364068985
3642,HGS-TV,463233.0,714615.6306967735
3643,HGS-TV,463233.0,715277.2996201515
3644,HGS-TV,463233.0,715609.2041864395
3645,HGS-TV,463233.0,715669.2618210316
3646,HGS-TV,463233.0,715729.3393294811
3647,HGS-TV,463233.0,716198.4214923382
3648,HGS-TV,463233.0,716679.5236914158
3649,HGS-TV,463233.0,716903.1030313969
3650,HGS-TV,463233.0,717292.71037817
3651,HGS-TV,463233.0,717520.3727166653
3652,HGS-TV,463233.0,717675.3846530914
3653,HGS-TV,463233.0,717735.4908447266
3654,HGS-TV,463233.0,717830.7672424316
3655,HGS-TV,463233.0,717890.8937923908
3656,HGS-TV,463233.0,717960.4872031212
3657,HGS-TV,463233.0,718226.1730704308
3658,HGS-TV,463233.0,718431.41406703
3659,HGS-TV,463233.0,718504.9742629528
3660,HGS-TV,463233.0,718601.2671227455
3661,HGS-TV,463233.0,718721.9654085636
3662,HGS-TV,463233.0,718815.7855670452
3663,HGS-TV,463233.0,718928.2362363338
3664,HGS-TV,463233.0,718988.2718462944
3665,HGS-TV,463233.0,719078.473347187
3666,HGS-TV,463233.0,719178.579025507
3667,HGS-TV,463233.0,719381.8353528976
3668,HGS-TV,463233.0,719442.1436398029
3669,HGS-TV,463233.0,719807.1158144474
3670,HGS-TV,463233.0,719867.1284666061
3671,HGS-TV,463233.0,719927.3624296188
3672,HGS-TV,463233.0,720064.0350322723
3673,HGS-TV,463233.0,720139.1017889977
3674,HGS-TV,463233.0,720199.1229753494
3675,HGS-TV,463233.0,720273.6114041805
3676,HGS-TV,463233.0,720333.7294011116
3677,HGS-TV,463233.0,720394.0711038113
3678,HGS-TV,463233.0,720493.324770689
3679,ails2_etaMax1.000_stoppingTime1728000.00,464622.0,720519.9134377441
3680,HGS-TV,463233.0,720571.0572886467
3681,HGS-TV,463233.0,720631.1967549324
3682,HGS-TV,463233.0,720691.4762454033
3683,HGS-TV,463233.0,720751.668125391
3684,HGS-TV,463233.0,720958.7677381039
3685,ails2_etaMax1.000_stoppingTime1728000.00,464617.0,721414.9604377442
3686,HGS-TV,463233.0,721497.5745272636
3687,HGS-TV,463233.0,721623.8007287979
3688,HGS-TV,463233.0,721683.8298654556
3689,HGS-TV,463233.0,721743.9515385628
3690,HGS-TV,463233.0,721987.0344617367
3691,HGS-TV,463233.0,722047.6229093075
3692,HGS-TV,463233.0,722631.4975345135
3693,HGS-TV,463233.0,722778.1753520966
3694,HGS-TV,463233.0,723466.2150785923
3695,HGS-TV,463233.0,723853.000436306
3696,HGS-TV,463233.0,723913.0614511967
3697,HGS-TV,463233.0,724065.4647171497
3698,HGS-TV,463233.0,724133.1619613171
3699,HGS-TV,463233.0,724543.8637037277
3700,HGS-TV,463233.0,724603.9085674286
3701,HGS-TV,463233.0,724663.9115507603
3702,HGS-TV,463233.0,724847.2894537449
3703,HGS-TV,463233.0,724944.1958320141
3704,HGS-TV,463233.0,725004.5412752628
3705,HGS-TV,463233.0,725253.967559576
3706,HGS-TV,463233.0,725322.9218168259
3707,HGS-TV,463233.0,725383.0982151031
3708,HGS-TV,463233.0,725542.5911397934
3709,HGS-TV,463233.0,725609.5548970699
3710,HGS-TV,463233.0,725669.7416591644
3711,HGS-TV,463233.0,725841.1103079319
3712,HGS-TV,463233.0,725948.4354891777
3713,HGS-TV,463233.0,726108.1774537563
3714,HGS-TV,463233.0,726168.5010094643
3715,HGS-TV,463233.0,726305.7546145916
3716,HGS-TV,463233.0,726480.028311491
3717,HGS-TV,463233.0,726589.6558783054
3718,HGS-TV,463233.0,726650.0438497066
3719,HGS-TV,463233.0,726819.7877876759
3720,HGS-TV,463233.0,727024.880554676
3721,HGS-TV,463233.0,727261.9648852348
3722,HGS-TV,463233.0,727322.1540906429
3723,HGS-TV,463233.0,727382.7361855507
3724,HGS-TV,463233.0,727451.3244757652
3725,HGS-TV,463233.0,727571.733907938
3726,HGS-TV,463233.0,727631.745297432
3727,HGS-TV,463233.0,727787.2375938892
3728,HGS-TV,463233.0,728076.5719225407
3729,ails2_etaMax1.000_stoppingTime864000.00,463232.0,728113.0214377441
3730,ails2_etaMax1.000_stoppingTime864000.00,463229.0,728113.2994377442
3731,ails2_etaMax1.000_stoppingTime864000.00,463228.0,728242.7554377441
3732,HGS-TV,463233.0,728269.5303776264
3733,ails2_etaMax1.000_stoppingTime864000.00,463224.0,728243.0024377442
3734,HGS-TV,463233.0,728329.9799091816
3735,HGS-TV,463233.0,728580.6740834713
3736,HGS-TV,463233.0,728728.3071711063
3737,HGS-TV,463233.0,728788.6563746929
3738,HGS-TV,463233.0,728848.8065252304
3739,HGS-TV,463233.0,728932.979474783
3740,HGS-TV,463233.0,729123.7905027866
3741,ails2_etaMax1.000_stoppingTime864000.00,463222.0,729638.5334377441
3742,HGS-TV,463233.0,729776.0957298279
3743,HGS-TV,463233.0,729836.4269194603
3744,HGS-TV,463233.0,730436.8495676517
3745,HGS-TV,463233.0,730539.195520401
3746,HGS-TV,463233.0,730599.5199651718
3747,HGS-TV,463233.0,730776.8267543316
3748,HGS-TV,463208.0,731259.9428026676
3749,ails2_etaMax0.005_stoppingTime86400.00,463221.0,731331.0874377441
3750,ails2_etaMax0.005_stoppingTime86400.00,463220.0,731333.4644377441
3751,HGS-TV,463206.0,732241.4139859676
3752,HGS-TV,463205.0,732499.2105834484
3753,ails2_etaMax0.005_stoppingTime86400.00,463218.0,732520.8234377442
3754,HGS-TV,463204.0,732813.2925076485
3755,HGS-TV,463201.0,733193.1151764393
3756,HGS-TV,463200.0,733482.14924407
3757,HGS-TV,463199.0,733542.1998183727
3758,HGS-TV,463197.0,734280.5312597752
3759,HGS-TV,463196.0,735438.2233576775
3760,HGS-TV,463195.0,735650.7291030884
3761,HGS-TV,463193.0,735982.5740628242
3762,HGS-TV,463192.0,736322.3562164307
3763,HGS-TV,463191.0,737213.7363724709
3764,ails2_etaMax1.000_stoppingTime864000.00,463221.0,738564.4444377441
3765,ails2_etaMax1.000_stoppingTime864000.00,463220.0,739205.1764377442
3766,ails2_etaMax1.000_stoppingTime864000.00,463213.0,739224.7744377442
3767,HGS-TV,463187.0,739807.1698293686
3768,HGS-TV,463186.0,743297.3818595409
3769,ails2_etaMax1.000_stoppingTime864000.00,463212.0,747469.1444377442
3770,ails2_etaMax1.000_stoppingTime864000.00,463210.0,747469.5754377441
3771,HGS-TV,463185.0,749655.0203430653
3772,ails2_etaMax1.000_stoppingTime864000.00,463209.0,750653.8264377442
3773,ails2_etaMax1.000_stoppingTime864000.00,463204.0,750654.1814377442
3774,ails2_etaMax1.000_stoppingTime864000.00,463202.0,753213.4534377442
3775,HGS-TV,463184.0,756229.1875772476
3776,HGS-TV,463183.0,756733.2307286263
3777,ails2_etaMax0.010_stoppingTime432000.00,463344.0,758282.5604377441
3778,HGS-TV,463182.0,758655.5669224262
3779,HGS-TV,463181.0,758715.7020294666
3780,ails2_etaMax1.000_stoppingTime864000.00,463201.0,762085.0314377442
3781,ails2_etaMax1.000_stoppingTime864000.00,463198.0,762085.5374377441
3782,ails2_etaMax1.000_stoppingTime864000.00,463196.0,764205.0114377441
3783,HGS-TV,463181.0,765300.3560881615
3784,HGS-TV,463181.0,765360.4764249325
3785,HGS-TV,463181.0,765421.1450240612
3786,HGS-TV,463181.0,765481.8243288994
3787,HGS-TV,463181.0,765542.1196846962
3788,HGS-TV,463181.0,765609.6109316349
3789,HGS-TV,463181.0,765669.9979119301
3790,HGS-TV,463181.0,765730.2832219601
3791,HGS-TV,463181.0,765790.2948393822
3792,HGS-TV,463181.0,765850.7585675716
3793,HGS-TV,463181.0,765969.6363937855
3794,HGS-TV,463181.0,766107.7861554623
3795,HGS-TV,463181.0,766168.0719285011
3796,HGS-TV,463181.0,766230.6839575768
3797,HGS-TV,463181.0,766294.7484097481
3798,HGS-TV,463181.0,766374.1009311676
3799,HGS-TV,463181.0,766452.1480405331
3800,HGS-TV,463181.0,766512.2732598782
3801,HGS-TV,463181.0,766572.4101753235
3802,HGS-TV,463181.0,766632.8045461178
3803,HGS-TV,463181.0,766716.7270867825
3804,HGS-TV,463181.0,767253.6333050728
3805,HGS-TV,463181.0,767340.2043459415
3806,HGS-TV,463181.0,767400.7312073708
3807,HGS-TV,463181.0,767608.5167798996
3808,HGS-TV,463181.0,767668.8622851372
3809,HGS-TV,463181.0,767743.6034605503
3810,HGS-TV,463181.0,768129.3027226925
3811,HGS-TV,463181.0,768523.5306348801
3812,ails2_etaMax1.000_stoppingTime1728000.00,464586.0,769042.9574377441
3813,HGS-TV,463181.0,769051.7070188522
3814,ails2_etaMax1.000_stoppingTime864000.00,463193.0,769077.5654377441
3815,ails2_etaMax1.000_stoppingTime1728000.00,464566.0,769043.0574377441
3816,HGS-TV,463181.0,769111.8345146179
3817,ails2_etaMax1.000_stoppingTime864000.00,463192.0,769077.5954377442
3818,HGS-TV,463181.0,769245.3423018456
3819,HGS-TV,463181.0,769848.9739618301
3820,HGS-TV,463181.0,770424.1871516705
3821,HGS-TV,463181.0,771168.7015271187
3822,HGS-TV,463181.0,771729.0778925419
3823,HGS-TV,463181.0,772173.7428686619
3824,HGS-TV,463181.0,772381.2492234707
3825,HGS-TV,463181.0,772441.2664358616
3826,HGS-TV,463181.0,772515.4856987
3827,HGS-TV,463181.0,773160.7644720078
3828,HGS-TV,463181.0,773221.0959086418
3829,HGS-TV,463181.0,773281.3720328808
3830,HGS-TV,463181.0,773752.7960116863
3831,ails2_etaMax1.000_stoppingTime1728000.00,464565.0,774488.0884377442
3832,ails2_etaMax1.000_stoppingTime1728000.00,464504.0,774488.4304377441
3833,HGS-TV,463181.0,775495.6720740795
3834,HGS-TV,463181.0,775591.7294836044
3835,HGS-TV,463181.0,775735.9571247101
3836,HGS-TV,463181.0,775916.1561369896
3837,HGS-TV,463181.0,776255.1284649372
3838,HGS-TV,463181.0,776315.4866857529
3839,HGS-TV,463181.0,777003.5529406071
3840,ails2_etaMax1.000_stoppingTime864000.00,463191.0,777010.4164377442
3841,HGS-TV,463181.0,777241.1202523708
3842,HGS-TV,463181.0,777306.5803263187
3843,HGS-TV,463181.0,777704.5555722713
3844,HGS-TV,463181.0,778239.9731266499
3845,ails2_etaMax1.000_stoppingTime1728000.00,464495.0,779077.2324377442
3846,ails2_etaMax1.000_stoppingTime1728000.00,464450.0,779077.4154377441
3847,HGS-TV,463181.0,780136.1702055931
3848,HGS-TV,463181.0,780209.9067645073
3849,HGS-TV,463181.0,780396.8450922966
3850,HGS-TV,463181.0,780584.9033074379
3851,HGS-TV,463181.0,781342.9551668167
3852,HGS-TV,463181.0,781403.1496222019
3853,HGS-TV,463181.0,781463.3702600002
3854,HGS-TV,463181.0,781864.8458616734
3855,HGS-TV,463181.0,782343.0511126518
3856,HGS-TV,463181.0,782549.7406497002
3857,HGS-TV,463181.0,783042.2385118008
3858,HGS-TV,463181.0,783510.4521472454
3859,ails2_etaMax0.010_stoppingTime432000.00,463343.0,783718.2464377441
3860,ails2_etaMax0.010_stoppingTime432000.00,463342.0,783718.5314377442
3861,HGS-TV,463181.0,783787.512419939
3862,HGS-TV,463181.0,783997.1967184544
3863,HGS-TV,463181.0,784239.2301752567
3864,HGS-TV,463181.0,784499.6018640995
3865,HGS-TV,463181.0,784560.0568175316
3866,HGS-TV,463181.0,784747.1417534351
3867,HGS-TV,463181.0,785123.5622301102
3868,HGS-TV,463181.0,785851.4923419952
3869,HGS-TV,463181.0,786004.9788839817
3870,HGS-TV,463181.0,786587.7334840298
3871,HGS-TV,463181.0,787365.9605336189
3872,HGS-TV,463181.0,787431.0379495621
3873,HGS-TV,463181.0,787505.7868900299
3874,HGS-TV,463181.0,787690.9581165314
3875,HGS-TV,463181.0,787751.2343943119
3876,HGS-TV,463181.0,787811.6488957405
3877,HGS-TV,463181.0,788095.6023812294
3878,HGS-TV,463181.0,788951.4737119675
3879,HGS-TV,463181.0,789185.3919303417
3880,HGS-TV,463181.0,789484.6612510681
3881,HGS-TV,463181.0,789611.5670061111
3882,HGS-TV,463181.0,789713.0138099194
3883,HGS-TV,463181.0,790116.6689181328
3884,ails2_etaMax1.000_stoppingTime864000.00,463190.0,790401.1274377442
3885,ails2_etaMax1.000_stoppingTime864000.00,463189.0,790424.9364377442
3886,ails2_etaMax1.000_stoppingTime864000.00,463188.0,790698.7074377441
3887,ails2_etaMax1.000_stoppingTime864000.00,463183.0,790703.6174377442
3888,HGS-TV,463181.0,790988.5208511353
3889,HGS-TV,463181.0,791318.0832369328
3890,HGS-TV,463181.0,791396.2493541241
3891,HGS-TV,463181.0,791562.6884527206
3892,ails2_etaMax1.000_stoppingTime864000.00,463181.0,792190.5214377441
3893,HGS-TV,463181.0,792640.7551796436
3894,HGS-TV,463181.0,793260.3261017799
3895,HGS-TV,463181.0,793488.9075887203
3896,HGS-TV,463181.0,793849.1451332569
3897,HGS-TV,463181.0,794560.4421393871
3898,HGS-TV,463181.0,794870.2882735729
3899,HGS-TV,463181.0,795516.4446761608
3900,HGS-TV,463181.0,795611.8660843372
3901,HGS-TV,463181.0,795699.5597596169
3902,HGS-TV,463181.0,796074.2455618382
3903,HGS-TV,463181.0,796465.0359456539
3904,HGS-TV,463181.0,796561.3885655403
3905,HGS-TV,463181.0,796690.7586262226
3906,HGS-TV,463181.0,796913.7918570042
3907,HGS-TV,463181.0,797110.2026879787
3908,HGS-TV,463181.0,797333.5932490826
3909,HGS-TV,463181.0,797787.4023046494
3910,HGS-TV,463181.0,797929.4409604073
3911,HGS-TV,463181.0,798026.8413655758
3912,HGS-TV,463181.0,798087.1322813034
3913,HGS-TV,463181.0,798389.9389977455
3914,HGS-TV,463181.0,798450.0308930874
3915,HGS-TV,463181.0,799060.0322434902
3916,ails2_etaMax1.000_stoppingTime864000.00,463180.0,799119.3494377441
3917,ails2_etaMax1.000_stoppingTime864000.00,463179.0,799123.0094377442
3918,filo2,463177.0,799534.0450491905
3919,filo2,463176.0,799594.1089074612
3920,HGS-TV,463171.0,799838.5667777061
3921,ails2_etaMax1.000_stoppingTime864000.00,463178.0,799874.4444377441
3922,ails2_etaMax1.000_stoppingTime864000.00,463176.0,799874.8814377441
3923,HGS-TV,463170.0,801232.6626074314
3924,HGS-TV,463169.0,801292.9935379028
3925,HGS-TV,463168.0,801510.383348465
3926,HGS-TV,463167.0,802168.4947133064
3927,HGS-TV,463166.0,802385.859837532
3928,HGS-TV,463165.0,803272.7625365257
3929,HGS-TV,463164.0,803896.0737643242
3930,HGS-TV,463163.0,803956.1780097485
3931,HGS-TV,463162.0,804040.1894898415
3932,HGS-TV,463161.0,804612.7597191334
3933,HGS-TV,463159.0,805830.4252634048
3934,ails2_etaMax1.000_stoppingTime864000.00,463175.0,807337.2324377442
3935,ails2_etaMax1.000_stoppingTime864000.00,463174.0,808447.4224377441
3936,ails2_etaMax1.000_stoppingTime864000.00,463173.0,808448.6464377441
3937,ails2_etaMax1.000_stoppingTime864000.00,463172.0,808645.2144377441
3938,ails2_etaMax1.000_stoppingTime864000.00,463171.0,808912.2524377442
3939,ails2_etaMax1.000_stoppingTime864000.00,463168.0,808938.9294377442
3940,ails2_etaMax1.000_stoppingTime1728000.00,464449.0,811779.1864377442
3941,ails2_etaMax1.000_stoppingTime1728000.00,464413.0,811780.4044377442
3942,HGS-TV,463159.0,812100.5245113373
3943,HGS-TV,463159.0,812160.9176931381
3944,HGS-TV,463159.0,812221.0861368179
3945,HGS-TV,463159.0,812281.1336791515
3946,HGS-TV,463159.0,812341.4675147533
3947,HGS-TV,463159.0,812508.6724345684
3948,HGS-TV,463159.0,812568.9344229698
3949,HGS-TV,463159.0,812644.9403300285
3950,HGS-TV,463159.0,812847.6098139286
3951,HGS-TV,463159.0,812909.8008058071
3952,ails2_etaMax1.000_stoppingTime1728000.00,464406.0,813051.1174377442
3953,HGS-TV,463159.0,813104.8435685635
3954,ails2_etaMax1.000_stoppingTime1728000.00,464327.0,813080.9494377441
3955,HGS-TV,463159.0,813201.2685172558
3956,HGS-TV,463159.0,813324.8640239239
3957,HGS-TV,463159.0,813413.6983997822
3958,HGS-TV,463159.0,813526.4587299824
3959,HGS-TV,463159.0,813626.7583227158
3960,HGS-TV,463159.0,813687.1391863823
3961,HGS-TV,463159.0,813939.0550405979
3962,HGS-TV,463159.0,814040.7377803326
3963,HGS-TV,463159.0,814166.8646969795
3964,HGS-TV,463159.0,814442.3477723598
3965,HGS-TV,463159.0,814502.6005477905
3966,HGS-TV,463159.0,814562.9925534725
3967,HGS-TV,463159.0,814765.589310646
3968,HGS-TV,463159.0,814878.1536462307
3969,HGS-TV,463159.0,814938.3756580353
3970,HGS-TV,463159.0,815011.9734413624
3971,HGS-TV,463159.0,815133.6160507202
3972,HGS-TV,463159.0,815193.7452464104
3973,HGS-TV,463159.0,815286.4255661964
3974,HGS-TV,463159.0,815346.916836977
3975,HGS-TV,463159.0,815461.5741333961
3976,HGS-TV,463159.0,816151.6869289875
3977,HGS-TV,463159.0,816437.6800663471
3978,HGS-TV,463159.0,816497.8400752544
3979,HGS-TV,463159.0,816793.1680936813
3980,HGS-TV,463159.0,816853.3320310116
3981,HGS-TV,463159.0,816913.7750740051
3982,HGS-TV,463159.0,817075.0579793453
3983,HGS-TV,463159.0,817426.1711061001
3984,HGS-TV,463159.0,817486.221791029
3985,HGS-TV,463159.0,817789.167185545
3986,HGS-TV,463159.0,818293.4013550282
3987,HGS-TV,463159.0,819323.29631567
3988,HGS-TV,463159.0,819464.8801212311
3989,ails2_etaMax1.000_stoppingTime1728000.00,464324.0,819576.7114377441
3990,ails2_etaMax1.000_stoppingTime1728000.00,464264.0,819602.1444377442
3991,HGS-TV,463159.0,819894.337654829
3992,HGS-TV,463159.0,820446.1042313576
3993,HGS-TV,463159.0,821114.1025288105
3994,HGS-TV,463159.0,821618.9519765377
3995,HGS-TV,463159.0,821679.2453215122
3996,HGS-TV,463159.0,821839.0678129196
3997,HGS-TV,463159.0,823042.8930296898
3998,ails2_etaMax1.000_stoppingTime1728000.00,464261.0,823431.2054377442
3999,HGS-TV,463159.0,823434.1420238018
4000,HGS-TV,463159.0,823572.9947154522
4001,HGS-TV,463159.0,823849.2186443806
4002,HGS-TV,463159.0,824093.0373103619
4003,HGS-TV,463159.0,824520.785241127
4004,HGS-TV,463159.0,824590.9269011021
4005,HGS-TV,463159.0,827364.1328115463
4006,HGS-TV,463159.0,827791.5184845924
4007,HGS-TV,463159.0,829086.411958456
4008,ails2_etaMax1.000_stoppingTime1728000.00,464260.0,829611.8524377441
4009,HGS-TV,463159.0,830431.1221134663
4010,ails2_etaMax1.000_stoppingTime864000.00,463167.0,831756.1014377441
4011,ails2_etaMax1.000_stoppingTime864000.00,463166.0,831924.0794377441
4012,HGS-TV,463159.0,832264.6125409603
4013,HGS-TV,463159.0,833701.731495142
4014,HGS-TV,463159.0,834122.8654768467
4015,HGS-TV,463159.0,834183.2158396244
4016,ails2_etaMax1.000_stoppingTime1728000.00,464255.0,835393.0584377442
4017,HGS-TV,463159.0,835399.6404426098
4018,ails2_etaMax1.000_stoppingTime1728000.00,464184.0,835394.6924377441
4019,HGS-TV,463159.0,836209.8162300587
4020,ails2_etaMax1.000_stoppingTime1728000.00,464182.0,837052.5124377442
4021,ails2_etaMax1.000_stoppingTime1728000.00,464121.0,837099.7934377441
4022,HGS-TV,463159.0,837224.1554415226
4023,HGS-TV,463159.0,837857.8033702374
4024,HGS-TV,463159.0,838084.13185215
4025,ails2_etaMax1.000_stoppingTime1728000.00,464114.0,839026.5564377442
4026,ails2_etaMax1.000_stoppingTime1728000.00,464096.0,839026.8544377441
4027,HGS-TV,463159.0,839573.8631613255
4028,HGS-TV,463159.0,839704.3245933056
4029,HGS-TV,463159.0,839764.4455451965
4030,HGS-TV,463159.0,840176.7322735786
4031,HGS-TV,463159.0,840704.7861757278
4032,HGS-TV,463159.0,841593.4667084217
4033,HGS-TV,463159.0,842262.3253610134
4034,HGS-TV,463159.0,842500.3283805847
4035,HGS-TV,463159.0,843051.7646212578
4036,HGS-TV,463159.0,843112.1497778893
4037,HGS-TV,463159.0,843561.0291359425
4038,HGS-TV,463159.0,843716.5064034462
4039,HGS-TV,463159.0,843870.2241528034
4040,HGS-TV,463159.0,843989.5711326599
4041,HGS-TV,463159.0,844215.7213087082
4042,HGS-TV,463159.0,844732.4128451347
4043,HGS-TV,463159.0,844792.6206030846
4044,HGS-TV,463159.0,844923.5453076363
4045,HGS-TV,463159.0,844992.1721172333
4046,HGS-TV,463159.0,845579.0829713345
4047,HGS-TV,463159.0,845639.2372207642
4048,HGS-TV,463159.0,845821.9684741497
4049,HGS-TV,463159.0,845882.0791194439
4050,HGS-TV,463159.0,846347.1212363243
4051,HGS-TV,463159.0,846407.5183951855
4052,HGS-TV,463159.0,846469.5628073215
4053,HGS-TV,463159.0,847138.4368927479
4054,HGS-TV,463159.0,847199.0388035774
4055,HGS-TV,463159.0,847480.7672564983
4056,HGS-TV,463159.0,847885.1744275093
4057,HGS-TV,463159.0,848435.5051665306
4058,HGS-TV,463159.0,848755.9794688225
4059,HGS-TV,463159.0,849391.8452160358
4060,HGS-TV,463159.0,850256.0560679436
4061,HGS-TV,463159.0,850614.6810014248
4062,HGS-TV,463159.0,850982.0479164124
4063,HGS-TV,463159.0,851042.4610424042
4064,HGS-TV,463159.0,852667.074177742
4065,HGS-TV,463159.0,854257.2819142342
4066,HGS-TV,463159.0,855075.8898010254
4067,HGS-TV,463159.0,855442.0493519306
4068,HGS-TV,463159.0,855502.3486785889
4069,HGS-TV,463159.0,856051.9598195553
4070,HGS-TV,463159.0,856136.2657032013
4071,HGS-TV,463159.0,856287.6933557987
4072,HGS-TV,463159.0,856561.8672010899
4073,HGS-TV,463159.0,857503.2226903439
4074,HGS-TV,463159.0,857703.2456719875
4075,HGS-TV,463159.0,857857.8199934959
4076,HGS-TV,463159.0,857990.8010697365
4077,HGS-TV,463159.0,858364.68749547
4078,HGS-TV,463159.0,858520.5318596363
4079,HGS-TV,463159.0,858603.1281073093
4080,HGS-TV,463159.0,858922.2796323299
4081,HGS-TV,463159.0,859112.2047994137
4082,HGS-TV,463159.0,859839.8671164513
4083,HGS-TV,463159.0,859900.0074295998
4084,HGS-TV,463159.0,860106.7095935345
4085,HGS-TV,463159.0,860905.1463589668
4086,HGS-TV,463159.0,860965.5866692066
4087,HGS-TV,463159.0,861051.3829011917
4088,HGS-TV,463159.0,862694.5769379139
4089,HGS-TV,463159.0,863356.9155714512
4090,HGS-TV,463159.0,863770.7364668846
4091,HGS-TV,463159.0,866299.702880621
4092,HGS-TV,463159.0,872702.093231678
4093,HGS-TV,463159.0,872762.1977143288
4094,HGS-TV,463159.0,873251.7482025623
4095,HGS-TV,463159.0,874718.4188511372
4096,HGS-TV,463159.0,874931.7307839394
4097,HGS-TV,463159.0,874991.9367136955
4098,HGS-TV,463159.0,876515.2366228104
4099,HGS-TV,463159.0,877909.1740140915
4100,HGS-TV,463159.0,878545.0191118717
4101,HGS-TV,463159.0,878638.1925773621
4102,HGS-TV,463159.0,879048.1477108002
4103,HGS-TV,463159.0,879387.0488088131
4104,HGS-TV,463159.0,879859.0359911919
4105,HGS-TV,463159.0,880461.4341289997
4106,HGS-TV,463159.0,880547.3579378128
4107,HGS-TV,463159.0,880662.3873445988
4108,HGS-TV,463159.0,880770.9171788692
4109,HGS-TV,463159.0,880831.1860852242
4110,HGS-TV,463159.0,881094.215657711
4111,HGS-TV,463159.0,881466.9650580883
4112,HGS-TV,463159.0,881527.1131231785
4113,HGS-TV,463159.0,881587.2237055302
4114,HGS-TV,463159.0,881934.3872728348
4115,ails2_etaMax1.000_stoppingTime1728000.00,464088.0,882658.8714377441
4116,HGS-TV,463159.0,882661.3685526848
4117,ails2_etaMax1.000_stoppingTime1728000.00,464081.0,882662.1274377442
4118,HGS-TV,463159.0,883283.6740152836
4119,HGS-TV,463159.0,883345.9648725986
4120,HGS-TV,463159.0,883795.184191227
4121,HGS-TV,463159.0,884309.2763297558
4122,HGS-TV,463159.0,884748.4128654003
4123,HGS-TV,463159.0,884808.692871809
4124,HGS-TV,463159.0,885058.6349682808
4125,HGS-TV,463159.0,885178.294839859
4126,HGS-TV,463159.0,887806.2468073368
4127,HGS-TV,463159.0,889195.5444998741
4128,HGS-TV,463159.0,889388.5037026405
4129,HGS-TV,463159.0,890067.412910223
4130,HGS-TV,463159.0,893172.5096590519
4131,HGS-TV,463159.0,894552.7330830097
4132,HGS-TV,463159.0,895076.2605044842
4133,HGS-TV,463159.0,895596.8780007362
4134,HGS-TV,463159.0,896782.4624218941
4135,HGS-TV,463159.0,897704.0907101631
4136,HGS-TV,463159.0,898420.5667946339
4137,HGS-TV,463159.0,898550.5184588432
4138,HGS-TV,463159.0,898610.5271103382
4139,HGS-TV,463159.0,898847.4097108841
4140,HGS-TV,463159.0,898907.8001542091
4141,HGS-TV,463159.0,899114.5333089828
4142,HGS-TV,463159.0,899561.5930097103
4143,HGS-TV,463159.0,899647.4090325832
4144,HGS-TV,463159.0,899707.5429513454
4145,HGS-TV,463159.0,899877.474167347
4146,HGS-TV,463159.0,900380.3404595852
4147,HGS-TV,463159.0,900601.1370325089
4148,HGS-TV,463159.0,900729.1565198898
4149,HGS-TV,463159.0,900861.1661584377
4150,HGS-TV,463159.0,901088.2836942673
4151,HGS-TV,463159.0,901309.8136973381
4152,HGS-TV,463159.0,901369.9701988697
4153,HGS-TV,463159.0,902212.4742155075
4154,HGS-TV,463159.0,902447.1016180515
4155,HGS-TV,463159.0,902644.695315361
4156,HGS-TV,463159.0,902706.1700768471
4157,HGS-TV,463159.0,902846.0075974464
4158,HGS-TV,463159.0,903020.4207515717
4159,HGS-TV,463159.0,903139.61429286
4160,HGS-TV,463159.0,903199.8524639606
4161,HGS-TV,463159.0,903314.6221897602
4162,HGS-TV,463159.0,903375.0709376335
4163,HGS-TV,463159.0,903585.082454443
4164,HGS-TV,463159.0,903674.1012454033
4165,HGS-TV,463159.0,903738.9454836845
4166,HGS-TV,463159.0,903825.8925745487
4167,HGS-TV,463159.0,903885.8984289169
4168,HGS-TV,463159.0,903945.9463443756
4169,HGS-TV,463159.0,904009.8510620594
4170,HGS-TV,463159.0,904151.638999939
4171,HGS-TV,463159.0,904253.5715763569
4172,HGS-TV,463159.0,904422.9250190258
4173,HGS-TV,463159.0,904825.5379137993
4174,HGS-TV,463159.0,904885.991992712
4175,HGS-TV,463159.0,905011.1782398224
4176,HGS-TV,463159.0,905140.9111771584
4177,HGS-TV,463159.0,905376.7589609623
4178,HGS-TV,463159.0,905437.0020973682
4179,HGS-TV,463159.0,905606.3342216015
4180,HGS-TV,463159.0,906180.1486151218
4181,HGS-TV,463159.0,906545.6753606796
4182,HGS-TV,463159.0,906828.1160666943
4183,HGS-TV,463159.0,907062.3065738678
4184,HGS-TV,463159.0,907307.6666631699
4185,HGS-TV,463159.0,907487.5540485382
4186,HGS-TV,463159.0,907547.7419760227
4187,HGS-TV,463159.0,908058.845107317
4188,HGS-TV,463159.0,908307.3124306202
4189,HGS-TV,463159.0,908503.7655842304
4190,HGS-TV,463159.0,908563.805068016
4191,HGS-TV,463159.0,908690.8851237297
4192,HGS-TV,463159.0,908751.5493044853
4193,HGS-TV,463159.0,908978.0860233307
4194,HGS-TV,463159.0,909038.4177644253
4195,HGS-TV,463159.0,909199.1168804169
4196,HGS-TV,463159.0,909259.2415459156
4197,HGS-TV,463159.0,910042.9738912582
4198,HGS-TV,463159.0,910253.2109284401
4199,HGS-TV,463159.0,910313.3277616501
4200,HGS-TV,463159.0,910373.6374616623
4201,HGS-TV,463159.0,910481.5336096287
4202,HGS-TV,463159.0,910541.7610576153
4203,HGS-TV,463159.0,910601.9995718002
4204,HGS-TV,463159.0,910687.4856455326
4205,HGS-TV,463159.0,910797.6800761223
4206,HGS-TV,463159.0,910897.3813111782
4207,HGS-TV,463159.0,910960.7062511444
4208,HGS-TV,463159.0,911064.2629098892
4209,HGS-TV,463159.0,911262.526206255
4210,HGS-TV,463159.0,911563.0424668789
4211,HGS-TV,463159.0,912310.0999467373
4212,HGS-TV,463159.0,912370.609859705
4213,HGS-TV,463159.0,912430.6409347057
4214,HGS-TV,463159.0,912490.8827748299
4215,HGS-TV,463159.0,912555.8183226585
4216,HGS-TV,463159.0,912616.0718038082
4217,HGS-TV,463159.0,912676.1247661114
4218,HGS-TV,463159.0,912783.7179791927
4219,HGS-TV,463159.0,913027.8475761414
4220,HGS-TV,463159.0,913088.1851871014
4221,HGS-TV,463159.0,913177.9851841927
4222,HGS-TV,463159.0,913620.9765200615
4223,HGS-TV,463159.0,913900.3628444672
4224,HGS-TV,463159.0,914088.5219316483
4225,HGS-TV,463159.0,914153.4546182156
4226,HGS-TV,463159.0,914213.7154643536
4227,HGS-TV,463159.0,914274.0654883385
4228,HGS-TV,463159.0,914353.122989893
4229,HGS-TV,463159.0,914453.3078055382
4230,HGS-TV,463159.0,914571.9615387917
4231,HGS-TV,463159.0,914701.6555316448
4232,HGS-TV,463159.0,914812.1647913456
4233,HGS-TV,463159.0,914934.3549461365
4234,HGS-TV,463159.0,915041.1946704388
4235,HGS-TV,463159.0,915821.7674193382
4236,HGS-TV,463159.0,915881.9625976086
4237,HGS-TV,463159.0,916110.0224735737
4238,HGS-TV,463159.0,916532.029245615
4239,HGS-TV,463159.0,916592.116355896
4240,HGS-TV,463159.0,916793.002004385
4241,HGS-TV,463159.0,917031.8338904381
4242,HGS-TV,463159.0,917091.9607331753
4243,HGS-TV,463159.0,917235.6277253628
4244,HGS-TV,463159.0,917295.9831085205
4245,HGS-TV,463159.0,917396.2052037716
4246,HGS-TV,463159.0,917543.6812233925
4247,HGS-TV,463159.0,917670.383023262
4248,HGS-TV,463159.0,917730.5518102646
4249,HGS-TV,463159.0,917910.7678711414
4250,HGS-TV,463159.0,918009.7672474384
4251,HGS-TV,463159.0,918145.5440831184
4252,HGS-TV,463159.0,918791.784974575
4253,HGS-TV,463159.0,919291.8283736706
4254,HGS-TV,463159.0,919358.2640504837
4255,HGS-TV,463159.0,919497.2840604782
4256,HGS-TV,463159.0,919602.996970892
4257,HGS-TV,463159.0,919751.8846962452
4258,HGS-TV,463159.0,919811.928481102
4259,HGS-TV,463159.0,919975.6334195137
4260,HGS-TV,463159.0,920327.5622570515
4261,HGS-TV,463159.0,920547.8397629261
4262,HGS-TV,463159.0,920712.1179244518
4263,HGS-TV,463159.0,920798.3824174404
4264,HGS-TV,463159.0,920858.4120631218
4265,HGS-TV,463159.0,921027.0892336369
4266,HGS-TV,463159.0,921113.591001749
4267,HGS-TV,463159.0,921173.972117424
4268,HGS-TV,463159.0,921234.3820040226
4269,HGS-TV,463159.0,921294.4787425995
4270,HGS-TV,463159.0,921488.8456757069
4271,HGS-TV,463159.0,921548.8494298458
4272,HGS-TV,463159.0,921609.0981831551
4273,HGS-TV,463159.0,921709.3372895718
4274,HGS-TV,463159.0,921795.0079929829
4275,HGS-TV,463159.0,921875.4827339649
4276,HGS-TV,463159.0,922011.0888068676
4277,ails2_etaMax1.000_stoppingTime1728000.00,464080.0,922039.4444377441
4278,HGS-TV,463159.0,922071.1470627785
4279,ails2_etaMax1.000_stoppingTime1728000.00,464035.0,922041.3464377441
4280,HGS-TV,463159.0,922231.3448629379
4281,HGS-TV,463159.0,922418.8070898056
4282,HGS-TV,463159.0,922753.1875228882
4283,HGS-TV,463159.0,923028.1093041897
4284,HGS-TV,463159.0,923245.0405669212
4285,HGS-TV,463159.0,923305.5181105137
4286,HGS-TV,463159.0,923405.0039770603
4287,HGS-TV,463159.0,923544.0710000992
4288,HGS-TV,463159.0,923630.3111128807
4289,HGS-TV,463159.0,923724.2410652637
4290,HGS-TV,463159.0,923786.4928052425
4291,HGS-TV,463159.0,923974.141493082
4292,HGS-TV,463159.0,924053.8683226109
4293,HGS-TV,463159.0,924114.3133163452
4294,HGS-TV,463159.0,924416.3076283932
4295,HGS-TV,463159.0,924494.258089304
4296,HGS-TV,463159.0,924554.4487702847
4297,HGS-TV,463159.0,924673.3601682186
4298,HGS-TV,463159.0,924733.6012504101
4299,HGS-TV,463159.0,924799.3766856194
4300,HGS-TV,463159.0,924866.6507132053
4301,HGS-TV,463159.0,924926.7556996346
4302,HGS-TV,463159.0,925057.2301270962
4303,HGS-TV,463159.0,925120.6402537823
4304,HGS-TV,463159.0,925180.7272417545
4305,HGS-TV,463159.0,925277.0438594818
4306,HGS-TV,463159.0,925337.0659806728
4307,HGS-TV,463159.0,925625.3149380684
4308,HGS-TV,463159.0,926002.9805111885
4309,HGS-TV,463159.0,926067.2365703583
4310,HGS-TV,463159.0,926147.9496817589
4311,HGS-TV,463159.0,926249.2682623863
4312,HGS-TV,463159.0,926401.7435519695
4313,HGS-TV,463159.0,926462.287759304
4314,HGS-TV,463159.0,926542.6014823914
4315,HGS-TV,463159.0,926769.9249360561
4316,HGS-TV,463159.0,926830.0712800026
4317,HGS-TV,463159.0,926890.1438207626
4318,HGS-TV,463159.0,926950.4012463093
4319,HGS-TV,463159.0,927010.6224844456
4320,HGS-TV,463159.0,927070.7113008499
4321,HGS-TV,463159.0,927131.1212880611
4322,HGS-TV,463159.0,927445.8475973606
4323,HGS-TV,463159.0,927516.6652042866
4324,HGS-TV,463159.0,927576.7415544987
4325,HGS-TV,463159.0,927650.3233323097
4326,HGS-TV,463159.0,927742.1428527832
4327,HGS-TV,463159.0,927802.1793718338
4328,HGS-TV,463159.0,927862.51100564
4329,HGS-TV,463159.0,927979.9827597141
4330,HGS-TV,463159.0,928116.2003965378
4331,HGS-TV,463159.0,928236.1724374294
4332,HGS-TV,463159.0,928296.2240302563
4333,HGS-TV,463159.0,928423.1193289757
4334,HGS-TV,463159.0,928483.4896521568
4335,HGS-TV,463159.0,928679.3613960743
4336,HGS-TV,463159.0,928852.5156238079
4337,HGS-TV,463159.0,928912.6757130623
4338,HGS-TV,463159.0,929012.9111745358
4339,HGS-TV,463159.0,929214.2656452656
4340,HGS-TV,463159.0,929394.8996944427
4341,HGS-TV,463159.0,929701.1570231915
4342,HGS-TV,463159.0,929855.3276836872
4343,HGS-TV,463159.0,929915.4484736919
4344,HGS-TV,463159.0,929975.6293299198
4345,ails2_etaMax1.000_stoppingTime1728000.00,464034.0,930032.7464377441
4346,HGS-TV,463159.0,930086.8283765316
4347,ails2_etaMax1.000_stoppingTime1728000.00,464024.0,930033.4104377441
4348,HGS-TV,463159.0,930477.7913153172
4349,HGS-TV,463159.0,930570.8808851242
4350,ails2_etaMax1.000_stoppingTime1728000.00,464012.0,930638.9814377441
4351,ails2_etaMax1.000_stoppingTime1728000.00,463928.0,930640.1214377441
4352,HGS-TV,463159.0,930852.420520544
4353,HGS-TV,463159.0,931340.247553587
4354,HGS-TV,463159.0,931810.3718137741
4355,HGS-TV,463159.0,931873.1861672401
4356,HGS-TV,463159.0,932270.1056046486
4357,HGS-TV,463159.0,932330.4875779152
4358,HGS-TV,463159.0,932399.831638813
4359,HGS-TV,463159.0,932484.9903907776
4360,HGS-TV,463159.0,932545.1895806789
4361,HGS-TV,463159.0,932710.8052945137
4362,HGS-TV,463159.0,932829.2120790482
4363,HGS-TV,463159.0,932932.0630741119
4364,HGS-TV,463159.0,933336.2048528194
4365,HGS-TV,463159.0,933424.2783637047
4366,HGS-TV,463159.0,933484.2973108292
4367,HGS-TV,463159.0,933864.1922783852
4368,HGS-TV,463159.0,934107.1226406097
4369,HGS-TV,463159.0,934260.1792640686
4370,HGS-TV,463159.0,934399.4864900112
4371,HGS-TV,463159.0,934459.7522735596
4372,HGS-TV,463159.0,934572.9826147556
4373,HGS-TV,463159.0,934704.7427666187
4374,HGS-TV,463159.0,934840.1126012802
4375,HGS-TV,463159.0,935052.4441530704
4376,HGS-TV,463159.0,935169.3533239365
4377,HGS-TV,463159.0,935627.8652427197
4378,HGS-TV,463159.0,935688.1616764069
4379,HGS-TV,463159.0,935752.8061225414
4380,HGS-TV,463159.0,936501.6178684235
4381,HGS-TV,463159.0,936663.9148130417
4382,HGS-TV,463159.0,937054.1171267033
4383,HGS-TV,463159.0,937180.7113251686
4384,HGS-TV,463159.0,937936.4865596294
4385,HGS-TV,463159.0,938168.7962665558
4386,HGS-TV,463159.0,938275.75446558
4387,HGS-TV,463159.0,938595.1796853542
4388,HGS-TV,463159.0,938655.4613645077
4389,HGS-TV,463159.0,938715.4869511127
4390,HGS-TV,463159.0,939025.8310723305
4391,HGS-TV,463159.0,939344.5530157089
4392,HGS-TV,463159.0,939485.8910534382
4393,HGS-TV,463159.0,939705.58076787
4394,HGS-TV,463159.0,939797.3440709114
4395,HGS-TV,463159.0,940055.7240259647
4396,HGS-TV,463159.0,940115.9069526196
4397,HGS-TV,463159.0,940239.5148746967
4398,HGS-TV,463159.0,940299.6190822124
4399,HGS-TV,463159.0,940359.8776583672
4400,HGS-TV,463159.0,940419.9598793983
4401,HGS-TV,463159.0,940480.22022295
4402,HGS-TV,463159.0,940549.6656141281
4403,HGS-TV,463159.0,940609.9101331234
4404,HGS-TV,463159.0,940670.0717523098
4405,HGS-TV,463159.0,940730.1700332165
4406,HGS-TV,463159.0,940793.1691145897
4407,HGS-TV,463159.0,940985.8312830925
4408,HGS-TV,463159.0,941046.1384670734
4409,HGS-TV,463159.0,941283.8033590317
4410,HGS-TV,463159.0,941606.5006258488
4411,HGS-TV,463159.0,941666.6610920429
4412,HGS-TV,463159.0,942032.9450080395
4413,HGS-TV,463159.0,942093.2049498558
4414,HGS-TV,463159.0,942651.1031050682
4415,HGS-TV,463159.0,942920.3228869438
4416,HGS-TV,463159.0,943037.714022398
4417,HGS-TV,463159.0,944144.3659791946
4418,HGS-TV,463159.0,944401.3448820114
4419,HGS-TV,463159.0,944586.2525832653
4420,HGS-TV,463159.0,944646.3960907459
4421,HGS-TV,463159.0,944709.5746340752
4422,HGS-TV,463159.0,944804.9223370552
4423,HGS-TV,463159.0,944865.1152319908
4424,HGS-TV,463159.0,944925.2160680294
4425,HGS-TV,463159.0,944985.5344612598
4426,HGS-TV,463159.0,945053.9766380787
4427,HGS-TV,463159.0,945134.689499855
4428,HGS-TV,463159.0,945232.9114568233
4429,HGS-TV,463159.0,945530.4684960842
4430,ails2_etaMax1.000_stoppingTime1728000.00,463922.0,945547.9614377441
4431,ails2_etaMax1.000_stoppingTime1728000.00,463905.0,945548.0714377442
4432,HGS-TV,463159.0,945637.8651735783
4433,HGS-TV,463159.0,945786.8987867832
4434,HGS-TV,463159.0,945915.0757758617
4435,HGS-TV,463159.0,946055.2050611973
4436,HGS-TV,463159.0,946287.7185983658
4437,HGS-TV,463159.0,946347.8277249336
4438,HGS-TV,463159.0,946588.0635316372
4439,HGS-TV,463159.0,946648.1619064808
4440,HGS-TV,463159.0,946712.454403162
4441,HGS-TV,463159.0,946883.8388869762
4442,HGS-TV,463159.0,947011.2524476051
4443,HGS-TV,463159.0,947199.0896539688
4444,HGS-TV,463159.0,947312.9921276569
4445,HGS-TV,463159.0,947400.5860054493
4446,HGS-TV,463159.0,947615.7553510666
4447,HGS-TV,463159.0,947806.5983934402
4448,HGS-TV,463159.0,947866.6635034084
4449,HGS-TV,463159.0,947956.0009806156
4450,HGS-TV,463159.0,948016.3408339024
4451,HGS-TV,463159.0,948076.6602973938
4452,HGS-TV,463159.0,948136.710619688
4453,HGS-TV,463159.0,948196.8017759323
4454,HGS-TV,463159.0,948680.9314041138
4455,HGS-TV,463159.0,948789.1230959892
4456,HGS-TV,463159.0,948915.2628941536
4457,HGS-TV,463159.0,949063.9884397984
4458,HGS-TV,463159.0,949243.0436272621
4459,HGS-TV,463159.0,949475.8106114864
4460,HGS-TV,463159.0,949718.1051769257
4461,HGS-TV,463159.0,949778.6019830704
4462,HGS-TV,463159.0,949838.6793966293
4463,HGS-TV,463159.0,950039.3813028336
4464,HGS-TV,463159.0,950349.6302475929
4465,HGS-TV,463159.0,950624.8024013042
4466,HGS-TV,463159.0,950996.0971512794
4467,HGS-TV,463159.0,951056.1566627026
4468,HGS-TV,463159.0,951232.9326503277
4469,HGS-TV,463159.0,951508.7078633308
4470,HGS-TV,463159.0,951677.0057561398
4471,HGS-TV,463159.0,951790.3398690224
4472,HGS-TV,463159.0,952005.5414116383
4473,HGS-TV,463159.0,952065.6747496128
4474,HGS-TV,463159.0,952162.7956037521
4475,HGS-TV,463159.0,952225.5931475163
4476,HGS-TV,463159.0,952285.7424476147
4477,HGS-TV,463159.0,952457.9775381088
4478,HGS-TV,463159.0,952518.3412001133
4479,HGS-TV,463159.0,952578.4373919964
4480,HGS-TV,463159.0,952705.6150043011
4481,HGS-TV,463159.0,952860.029062748
4482,HGS-TV,463159.0,953044.9662363529
4483,HGS-TV,463159.0,953270.6085348129
4484,HGS-TV,463159.0,953330.8801345825
4485,HGS-TV,463159.0,954011.7389011383
4486,HGS-TV,463159.0,954362.9438796043
4487,HGS-TV,463159.0,954555.299696207
4488,HGS-TV,463159.0,954826.8009209633
4489,HGS-TV,463159.0,955780.5154442787
4490,HGS-TV,463159.0,955840.6437313557
4491,HGS-TV,463159.0,956682.1118245125
4492,HGS-TV,463159.0,956742.135784626
4493,ails2_etaMax1.000_stoppingTime1728000.00,463904.0,957206.2064377441
4494,ails2_etaMax1.000_stoppingTime1728000.00,463891.0,957207.4554377442
4495,HGS-TV,463159.0,957307.183416605
4496,HGS-TV,463159.0,957404.217769146
4497,HGS-TV,463159.0,957704.8879053593
4498,HGS-TV,463159.0,957803.5860760212
4499,HGS-TV,463159.0,958072.4766283035
4500,HGS-TV,463159.0,958256.8060741425
4501,HGS-TV,463159.0,958752.3225479126
4502,HGS-TV,463159.0,958821.4588346481
4503,ails2_etaMax1.000_stoppingTime1728000.00,463889.0,959122.8334377442
4504,HGS-TV,463159.0,959338.818574667
4505,HGS-TV,463159.0,960215.8784062862
4506,HGS-TV,463159.0,961120.3902101517
4507,ails2_etaMax1.000_stoppingTime1728000.00,463881.0,961520.5984377442
4508,ails2_etaMax1.000_stoppingTime1728000.00,463866.0,961522.4434377442
4509,HGS-TV,463159.0,961629.0490455627
4510,HGS-TV,463159.0,961863.1704847813
4511,HGS-TV,463159.0,962275.2721483707
4512,HGS-TV,463159.0,962405.2396364212
4513,HGS-TV,463159.0,962465.4797077179
4514,ails2_etaMax1.000_stoppingTime1728000.00,463859.0,962937.8974377442
4515,HGS-TV,463159.0,963009.6245312691
4516,HGS-TV,463159.0,964089.054456234
4517,HGS-TV,463159.0,964448.8586449623
4518,HGS-TV,463159.0,966257.8031749725
4519,HGS-TV,463159.0,966940.2887809277
4520,HGS-TV,463159.0,967831.550286293
4521,HGS-TV,463159.0,968820.8677959442
4522,HGS-TV,463159.0,968881.204792738
4523,HGS-TV,463159.0,969192.5487561226
4524,HGS-TV,463159.0,969518.3596293926
4525,HGS-TV,463159.0,969785.8382089138
4526,HGS-TV,463159.0,970037.2250905037
4527,HGS-TV,463159.0,970194.2122173309
4528,HGS-TV,463159.0,970254.5981023312
4529,HGS-TV,463159.0,970466.3152217865
4530,HGS-TV,463159.0,970689.489084959
4531,HGS-TV,463159.0,970839.0824224949
4532,HGS-TV,463159.0,972056.0364820957
4533,HGS-TV,463159.0,973103.7131800652
4534,HGS-TV,463159.0,973809.9326899052
4535,HGS-TV,463159.0,973995.5721678734
4536,HGS-TV,463159.0,974291.9753513336
4537,HGS-TV,463159.0,974478.6711089611
4538,ails2_etaMax1.000_stoppingTime1728000.00,463852.0,975831.7894377442
4539,ails2_etaMax1.000_stoppingTime1728000.00,463836.0,975833.8854377441
4540,HGS-TV,463159.0,976139.1616866589
4541,HGS-TV,463159.0,976216.1403522491
4542,HGS-TV,463159.0,976402.3140044212
4543,HGS-TV,463159.0,976564.5470426083
4544,HGS-TV,463159.0,976702.0257041454
4545,HGS-TV,463159.0,977181.0006890297
4546,HGS-TV,463159.0,978067.9248781204
4547,HGS-TV,463159.0,978715.0910573006
4548,HGS-TV,463159.0,978861.3980317116
4549,HGS-TV,463159.0,978921.4483582973
4550,HGS-TV,463159.0,979039.3819258213
4551,HGS-TV,463159.0,979194.0228214264
4552,HGS-TV,463159.0,979730.6317417622
4553,HGS-TV,463159.0,980624.441182375
4554,HGS-TV,463159.0,980743.6340761185
4555,HGS-TV,463159.0,981167.1061115265
4556,HGS-TV,463159.0,981321.6631700993
4557,HGS-TV,463159.0,981532.1225237846
4558,HGS-TV,463159.0,982117.1415700912
4559,HGS-TV,463159.0,982459.4157962799
4560,HGS-TV,463159.0,982689.2723984718
4561,HGS-TV,463159.0,982749.5534989834
4562,HGS-TV,463159.0,982809.7729740143
4563,HGS-TV,463159.0,982886.7238619328
4564,HGS-TV,463159.0,983217.8071017265
4565,HGS-TV,463159.0,983278.235804081
4566,HGS-TV,463159.0,983398.6535885334
4567,HGS-TV,463159.0,983620.9549255371
4568,HGS-TV,463159.0,983755.4850194454
4569,HGS-TV,463159.0,983815.5799336433
4570,HGS-TV,463159.0,983875.7589814663
4571,HGS-TV,463159.0,984057.9906663895
4572,HGS-TV,463159.0,984792.5515880585
4573,HGS-TV,463159.0,984853.0425777435
4574,HGS-TV,463159.0,984913.2784230709
4575,HGS-TV,463159.0,984979.3627376556
4576,HGS-TV,463159.0,985055.3816094398
4577,HGS-TV,463159.0,985118.3089773655
4578,HGS-TV,463159.0,986058.6919927597
4579,HGS-TV,463159.0,987153.8019862175
4580,HGS-TV,463159.0,987619.6886012554
4581,HGS-TV,463159.0,987926.0106642246
4582,HGS-TV,463159.0,987986.1407206059
4583,HGS-TV,463159.0,988185.6585597992
4584,HGS-TV,463159.0,988252.670498848
4585,HGS-TV,463159.0,988659.2270236015
4586,HGS-TV,463159.0,988719.4149258137
4587,HGS-TV,463159.0,989215.1989536285
4588,HGS-TV,463159.0,989275.5206615925
4589,HGS-TV,463159.0,989335.811882019
4590,HGS-TV,463159.0,989395.9751582146
4591,HGS-TV,463159.0,989456.1051230431
4592,ails2_etaMax1.000_stoppingTime1728000.00,463823.0,989762.5684377442
4593,ails2_etaMax1.000_stoppingTime1728000.00,463815.0,989762.6264377441
4594,ails2_etaMax1.000_stoppingTime1728000.00,463814.0,990153.5504377441
4595,HGS-TV,463159.0,990211.0836687088
4596,ails2_etaMax1.000_stoppingTime1728000.00,463795.0,990161.6344377442
4597,HGS-TV,463159.0,990287.7686228752
4598,HGS-TV,463159.0,990825.8852772713
4599,HGS-TV,463159.0,991286.6672751904
4600,ails2_etaMax1.000_stoppingTime1728000.00,463778.0,991569.8734377441
4601,ails2_etaMax1.000_stoppingTime1728000.00,463775.0,991572.2924377441
4602,ails2_etaMax1.000_stoppingTime1728000.00,463771.0,991713.5454377441
4603,ails2_etaMax1.000_stoppingTime1728000.00,463763.0,991715.4674377441
4604,HGS-TV,463159.0,991847.6578476429
4605,HGS-TV,463159.0,991959.4014365673
4606,HGS-TV,463159.0,992019.5277094841
4607,HGS-TV,463159.0,992259.2263951302
4608,HGS-TV,463159.0,992768.5153999329
4609,HGS-TV,463159.0,994348.989020586
4610,HGS-TV,463159.0,994630.3630905151
4611,HGS-TV,463159.0,994811.7452819347
4612,HGS-TV,463159.0,995577.2150075436
4613,HGS-TV,463159.0,995637.5112543106
4614,HGS-TV,463159.0,996648.9917106628
4615,HGS-TV,463159.0,997002.4313905239
4616,HGS-TV,463159.0,997184.9453113079
4617,HGS-TV,463159.0,997522.6723153591
4618,HGS-TV,463159.0,997765.2013607025
4619,HGS-TV,463159.0,997825.5614840984
4620,HGS-TV,463159.0,998391.7072603703
4621,HGS-TV,463159.0,998895.0829794407
4622,HGS-TV,463159.0,1001041.9956476688
4623,HGS-TV,463159.0,1001462.453742981
4624,HGS-TV,463159.0,1002124.0051908493
4625,ails2_etaMax1.000_stoppingTime1728000.00,463756.0,1002548.2094377441
4626,HGS-TV,463159.0,1002980.8309895992
4627,HGS-TV,463159.0,1003465.1346731186
4628,HGS-TV,463159.0,1003689.6298720837
4629,HGS-TV,463159.0,1003814.5878622532
4630,HGS-TV,463159.0,1003874.7241618633
4631,HGS-TV,463159.0,1004998.9863290787
4632,HGS-TV,463159.0,1005059.0284645557
4633,HGS-TV,463159.0,1005123.6633560658
4634,HGS-TV,463159.0,1005183.7470138073
4635,HGS-TV,463159.0,1005351.6230065823
4636,HGS-TV,463159.0,1005452.2995493412
4637,HGS-TV,463159.0,1005660.9452638626
4638,HGS-TV,463159.0,1007700.6299986839
4639,HGS-TV,463159.0,1012875.9154360294
4640,HGS-TV,463159.0,1013185.2419075966
4641,HGS-TV,463159.0,1017331.370780468
4642,HGS-TV,463159.0,1017594.6031517982
4643,HGS-TV,463159.0,1018155.4323515892
4644,HGS-TV,463159.0,1018222.4516379833
4645,HGS-TV,463159.0,1018869.8600373268
4646,HGS-TV,463159.0,1019013.3462693691
4647,HGS-TV,463159.0,1019222.940500021
4648,HGS-TV,463159.0,1019325.4853656292
4649,HGS-TV,463159.0,1019385.5786640644
4650,HGS-TV,463159.0,1023639.3612937927
4651,HGS-TV,463159.0,1023841.5408871174
4652,HGS-TV,463159.0,1024561.2568633556
4653,HGS-TV,463159.0,1024621.729162693
4654,HGS-TV,463159.0,1024987.0638132095
4655,HGS-TV,463159.0,1025479.5200126171
4656,HGS-TV,463159.0,1025539.8688328266
4657,HGS-TV,463159.0,1027435.3969628811
4658,HGS-TV,463159.0,1027495.8171372414
4659,HGS-TV,463159.0,1028008.4266517162
4660,HGS-TV,463159.0,1028495.6639323235
4661,HGS-TV,463159.0,1028773.2786612511
4662,HGS-TV,463159.0,1029967.3488590717
4663,HGS-TV,463159.0,1030115.2943868637
4664,HGS-TV,463159.0,1030257.5843214989
4665,HGS-TV,463159.0,1030516.3555531502
4666,HGS-TV,463159.0,1030625.7103946209
4667,HGS-TV,463159.0,1031440.8917722702
4668,HGS-TV,463159.0,1031541.2577590942
4669,HGS-TV,463159.0,1034089.5826017857
4670,ails2_etaMax1.000_stoppingTime1728000.00,463751.0,1036686.1264377441
4671,ails2_etaMax1.000_stoppingTime1728000.00,463688.0,1036704.6164377441
4672,HGS-TV,463159.0,1038453.8698413372
4673,HGS-TV,463159.0,1039505.2499744892
4674,HGS-TV,463159.0,1039765.5341894627
4675,HGS-TV,463159.0,1040104.3552541733
4676,HGS-TV,463159.0,1041547.2404987812
4677,HGS-TV,463159.0,1041959.3487229347
4678,HGS-TV,463159.0,1042070.0454437733
4679,HGS-TV,463159.0,1042828.226577282
4680,HGS-TV,463159.0,1043004.1785624027
4681,HGS-TV,463159.0,1044084.5513982773
4682,HGS-TV,463159.0,1049630.9603645802
4683,HGS-TV,463159.0,1049730.0128974915
4684,HGS-TV,463159.0,1049799.4633002281
4685,HGS-TV,463159.0,1050180.5798733234
4686,HGS-TV,463159.0,1050835.2124893665
4687,HGS-TV,463159.0,1051152.375207901
4688,HGS-TV,463159.0,1054090.5830233097
4689,HGS-TV,463159.0,1055344.5891172886
4690,HGS-TV,463159.0,1056675.8172869682
4691,HGS-TV,463159.0,1057754.4096326828
4692,HGS-TV,463159.0,1059096.9141469002
4693,HGS-TV,463159.0,1060076.1965801716
4694,HGS-TV,463159.0,1060299.4223167896
4695,HGS-TV,463159.0,1061675.3630728722
4696,HGS-TV,463159.0,1061863.946265936
4697,ails2_etaMax0.010_stoppingTime432000.00,463158.0,1062670.3184377442
4698,ails2_etaMax0.010_stoppingTime432000.00,463157.0,1062670.4594377442
4699,HGS-TV,463154.0,1066367.0514600277
4700,HGS-TV,463153.0,1067881.2623252869
4701,HGS-TV,463152.0,1068537.041992426
4702,HGS-TV,463151.0,1069024.7079002857
4703,HGS-TV,463150.0,1069180.1401212215
4704,HGS-TV,463149.0,1069585.0607659817
4705,HGS-TV,463148.0,1070065.4863648415
4706,HGS-TV,463147.0,1070563.3689713478
4707,HGS-TV,463146.0,1070623.5426859856
4708,HGS-TV,463145.0,1070981.4193689823
4709,HGS-TV,463144.0,1071799.9454853535
4710,HGS-TV,463143.0,1072118.5986320972
4711,HGS-TV,463142.0,1072513.0700523853
4712,HGS-TV,463141.0,1072813.4890744686
4713,HGS-TV,463140.0,1073222.534059763
4714,ails2_etaMax1.000_stoppingTime1728000.00,463684.0,1075218.2834377442
4715,ails2_etaMax1.000_stoppingTime1728000.00,463670.0,1075223.4034377441
4716,ails2_etaMax1.000_stoppingTime1728000.00,463666.0,1075534.3314377442
4717,ails2_etaMax1.000_stoppingTime1728000.00,463647.0,1075580.8514377442
4718,HGS-TV,463139.0,1077111.5757379532
4719,ails2_etaMax1.000_stoppingTime1728000.00,463644.0,1077196.9234377441
4720,ails2_etaMax1.000_stoppingTime1728000.00,463604.0,1077242.0244377442
4721,ails2_etaMax1.000_stoppingTime1728000.00,463601.0,1079690.8624377442
4722,ails2_etaMax1.000_stoppingTime1728000.00,463590.0,1079691.1594377442
4723,HGS-TV,463139.0,1083446.6485872269
4724,HGS-TV,463139.0,1083507.217950344
4725,HGS-TV,463139.0,1083567.5947561264
4726,HGS-TV,463139.0,1083627.8821127415
4727,HGS-TV,463139.0,1083688.3547167778
4728,HGS-TV,463139.0,1083748.4802176952
4729,HGS-TV,463139.0,1083808.875963211
4730,HGS-TV,463139.0,1083869.426901579
4731,HGS-TV,463139.0,1083929.8162837029
4732,HGS-TV,463139.0,1083990.1034767628
4733,HGS-TV,463139.0,1084050.7780992985
4734,HGS-TV,463139.0,1084111.2372031212
4735,HGS-TV,463139.0,1084171.3431780338
4736,HGS-TV,463139.0,1084231.8031349182
4737,HGS-TV,463139.0,1084393.0076508522
4738,HGS-TV,463139.0,1084496.5585455894
4739,HGS-TV,463139.0,1084608.10207963
4740,HGS-TV,463139.0,1084799.7489745617
4741,HGS-TV,463139.0,1084860.0553746223
4742,HGS-TV,463139.0,1084988.8082809448
4743,HGS-TV,463139.0,1085049.1087608337
4744,HGS-TV,463139.0,1085109.5088825226
4745,HGS-TV,463139.0,1085169.9189870358
4746,HGS-TV,463139.0,1085401.6182966232
4747,HGS-TV,463139.0,1085557.6759631634
4748,HGS-TV,463139.0,1085618.1143631935
4749,HGS-TV,463139.0,1085876.8688356876
4750,HGS-TV,463139.0,1085943.2855155468
4751,HGS-TV,463139.0,1086191.626826048
4752,HGS-TV,463139.0,1086251.9050221443
4753,HGS-TV,463139.0,1086373.7243037224
4754,HGS-TV,463139.0,1086473.0144643784
4755,HGS-TV,463139.0,1086704.6454675198
4756,HGS-TV,463139.0,1086784.6800658703
4757,HGS-TV,463139.0,1087024.290421486
4758,HGS-TV,463139.0,1087084.3049037457
4759,HGS-TV,463139.0,1087368.1986634731
4760,HGS-TV,463139.0,1087552.7754945755
4761,HGS-TV,463139.0,1087700.5343296528
4762,ails2_etaMax0.010_stoppingTime432000.00,463156.0,1087875.488437744
4763,HGS-TV,463139.0,1087919.1985611916
4764,HGS-TV,463139.0,1087979.2745509148
4765,HGS-TV,463139.0,1088119.344344139
4766,HGS-TV,463139.0,1088179.3544621468
4767,HGS-TV,463139.0,1088271.2510840893
4768,HGS-TV,463139.0,1088331.6355190277
4769,HGS-TV,463139.0,1088774.11719203
4770,HGS-TV,463139.0,1089564.392762661
4771,HGS-TV,463139.0,1089740.6257724762
4772,HGS-TV,463139.0,1089819.3771307468
4773,HGS-TV,463139.0,1089896.939072609
4774,HGS-TV,463139.0,1090661.055053234
4775,HGS-TV,463139.0,1090729.4716329575
4776,HGS-TV,463139.0,1091064.0185832977
4777,HGS-TV,463139.0,1091145.33619833
4778,HGS-TV,463139.0,1092185.1680226326
4779,HGS-TV,463139.0,1092403.004869461
4780,HGS-TV,463139.0,1092790.0096423626
4781,HGS-TV,463139.0,1093077.2271943092
4782,HGS-TV,463139.0,1093359.8570210934
4783,HGS-TV,463139.0,1093500.6337878704
4784,HGS-TV,463139.0,1093987.7376117706
4785,HGS-TV,463139.0,1094661.5015366077
4786,HGS-TV,463139.0,1094853.3898200989
4787,HGS-TV,463139.0,1095153.4713966846
4788,HGS-TV,463139.0,1095520.7650725842
4789,HGS-TV,463139.0,1095753.3418302536
4790,HGS-TV,463139.0,1096258.0823998451
4791,HGS-TV,463139.0,1096402.5342099667
4792,HGS-TV,463139.0,1096641.5457882881
4793,HGS-TV,463139.0,1096736.598142147
4794,HGS-TV,463139.0,1096797.1538670063
4795,HGS-TV,463139.0,1096946.533058405
4796,HGS-TV,463139.0,1097153.471102953
4797,HGS-TV,463139.0,1097603.1327285767
4798,HGS-TV,463139.0,1098435.1844580173
4799,HGS-TV,463139.0,1098536.7963762283
4800,HGS-TV,463139.0,1098979.0722959042
4801,HGS-TV,463139.0,1099093.8068566322
4802,HGS-TV,463139.0,1099320.5634834766
4803,HGS-TV,463139.0,1099492.514204979
4804,HGS-TV,463139.0,1099925.7342894077
4805,HGS-TV,463139.0,1100827.7906184196
4806,HGS-TV,463139.0,1101147.928810835
4807,HGS-TV,463139.0,1101513.9337706566
4808,HGS-TV,463139.0,1101896.7216055393
4809,HGS-TV,463139.0,1103433.2218916416
4810,HGS-TV,463139.0,1103561.7836213112
4811,HGS-TV,463139.0,1104388.4754590988
4812,HGS-TV,463139.0,1104453.7888932228
4813,HGS-TV,463139.0,1106107.7637412548
4814,HGS-TV,463139.0,1106214.6023714542
4815,HGS-TV,463139.0,1106867.6405313015
4816,HGS-TV,463139.0,1107037.187865734
4817,HGS-TV,463139.0,1107596.4286231995
4818,HGS-TV,463139.0,1108024.501344204
4819,HGS-TV,463139.0,1109099.965437889
4820,HGS-TV,463139.0,1109372.17715621
4821,HGS-TV,463139.0,1110641.3250021935
4822,HGS-TV,463139.0,1110850.1102962494
4823,HGS-TV,463139.0,1111468.828725338
4824,HGS-TV,463139.0,1112541.4946689606
4825,HGS-TV,463139.0,1112848.938949585
4826,HGS-TV,463139.0,1112909.4087324142
4827,HGS-TV,463139.0,1112969.9560022354
4828,HGS-TV,463139.0,1113588.6175103188
4829,HGS-TV,463139.0,1114218.7211649418
4830,HGS-TV,463139.0,1114765.4266986847
4831,HGS-TV,463139.0,1115053.4202513695
4832,HGS-TV,463139.0,1115215.231846571
4833,HGS-TV,463139.0,1116299.2036502361
4834,HGS-TV,463139.0,1116359.762547493
4835,HGS-TV,463139.0,1116893.6721465588
4836,HGS-TV,463139.0,1117033.7414867878
4837,HGS-TV,463139.0,1117093.801744938
4838,HGS-TV,463139.0,1117154.2798717022
4839,HGS-TV,463139.0,1118575.101496935
4840,HGS-TV,463139.0,1119486.6226582527
4841,HGS-TV,463139.0,1120080.8218359947
4842,HGS-TV,463139.0,1120435.0741410255
4843,HGS-TV,463139.0,1121907.3932125568
