id,algo_name,score,runningtime
1,HGS-TV,108232.0,60.066516399383545
2,ails2_etaMax1.000_stoppingTime86400.00,106301.0,34.964052978515625
3,ails2_eoh_acc_large,105215.0,63.070052978515626
4,ails2_etaMax0.020_stoppingTime86400.00,105524.0,61.936052978515626
5,ails2_eoh_omega2,105538.0,63.78505297851562
6,ails2_etaMax1.000_stoppingTime1728000.00,106175.0,39.345052978515625
7,ails2_etaMax0.010_stoppingTime432000.00,105765.0,64.39105297851563
8,ails2_etaMax1.000_stoppingTime864000.00,106088.0,41.36805297851563
9,ails2_eoh_acc,105374.0,60.60605297851563
10,ails2_etaMax1.000_stoppingTime432000.00,106274.0,35.74205297851562
11,ails2_etaMax0.005_stoppingTime86400.00,105426.0,64.04305297851562
12,HGS-TV,107676.0,120.19718980789185
13,ails2_etaMax1.000_stoppingTime86400.00,106024.0,116.86405297851563
14,ails2_eoh_acc_large,105193.0,119.72505297851562
15,ails2_etaMax0.020_stoppingTime86400.00,105457.0,124.85805297851563
16,ails2_eoh_omega2,105420.0,118.25305297851563
17,ails2_etaMax1.000_stoppingTime432000.00,106109.0,103.17305297851563
18,ails2_eoh_acc,105367.0,123.63105297851563
19,ails2_etaMax0.010_stoppingTime432000.00,105593.0,125.14505297851562
20,ails2_etaMax0.005_stoppingTime86400.00,105308.0,124.41405297851563
21,ails2_etaMax1.000_stoppingTime1728000.00,106164.0,130.15005297851562
22,HGS-TV,107502.0,180.33387422561646
23,ails2_eoh_acc_large,105145.0,177.20005297851563
24,ails2_eoh_omega2,105397.0,140.20705297851563
25,ails2_etaMax0.020_stoppingTime86400.00,105400.0,185.5480529785156
26,ails2_eoh_acc,105355.0,161.31505297851564
27,ails2_etaMax0.010_stoppingTime432000.00,105545.0,181.47405297851563
28,ails2_etaMax0.005_stoppingTime86400.00,105286.0,186.6370529785156
29,ails2_etaMax1.000_stoppingTime1728000.00,106089.0,180.75905297851563
30,ails2_etaMax1.000_stoppingTime432000.00,106071.0,210.61705297851563
31,ails2_etaMax1.000_stoppingTime864000.00,106062.0,220.25505297851564
32,HGS-TV,107084.0,240.35225892066956
33,ails2_eoh_omega2,105386.0,244.44305297851562
34,ails2_etaMax0.020_stoppingTime86400.00,105338.0,246.17105297851563
35,ails2_eoh_acc,105299.0,242.93005297851562
36,ails2_etaMax0.010_stoppingTime432000.00,105544.0,225.69505297851563
37,ails2_etaMax0.005_stoppingTime86400.00,105225.0,239.43005297851562
38,ails2_etaMax1.000_stoppingTime1728000.00,106013.0,201.12005297851562
39,ails2_eoh_acc_large,105136.0,260.83105297851563
40,ails2_etaMax1.000_stoppingTime86400.00,105994.0,261.6470529785156
41,ails2_etaMax1.000_stoppingTime432000.00,106021.0,210.81905297851563
42,ails2_etaMax1.000_stoppingTime864000.00,106032.0,231.84505297851564
43,filo2,108506.0,295.1845703125
44,ails2_eoh_omega2,105368.0,293.1160529785156
45,ails2_etaMax0.020_stoppingTime86400.00,105330.0,268.79005297851563
46,ails2_eoh_acc,105247.0,288.4730529785156
47,ails2_etaMax0.010_stoppingTime432000.00,105518.0,296.57305297851565
48,ails2_etaMax1.000_stoppingTime1728000.00,105993.0,256.9830529785156
49,HGS-TV,107068.0,316.12604093551636
50,ails2_eoh_acc_large,105103.0,321.0500529785156
51,ails2_etaMax1.000_stoppingTime86400.00,105993.0,261.84005297851564
52,ails2_etaMax0.005_stoppingTime86400.00,105224.0,349.5050529785156
53,filo2,107190.0,355.2510495185852
54,ails2_eoh_omega2,105348.0,366.6040529785156
55,ails2_etaMax0.020_stoppingTime86400.00,105326.0,337.11405297851564
56,ails2_eoh_acc,105231.0,359.2890529785156
57,HGS-TV,106917.0,376.2469971179962
58,ails2_eoh_acc_large,105071.0,381.25405297851563
59,filo2,106965.0,415.45915627479553
60,ails2_etaMax1.000_stoppingTime864000.00,106027.0,419.13805297851565
61,ails2_etaMax1.000_stoppingTime86400.00,105952.0,422.3240529785156
62,ails2_etaMax0.010_stoppingTime432000.00,105517.0,425.06105297851565
63,ails2_eoh_omega2,105331.0,406.5740529785156
64,ails2_etaMax0.020_stoppingTime86400.00,105296.0,388.2530529785156
65,ails2_eoh_acc,105223.0,422.59505297851564
66,ails2_etaMax1.000_stoppingTime1728000.00,105958.0,434.8010529785156
67,HGS-TV,106800.0,436.3302755355835
68,ails2_etaMax1.000_stoppingTime432000.00,106018.0,439.5390529785156
69,ails2_eoh_acc_large,105070.0,389.62905297851563
70,ails2_etaMax0.010_stoppingTime432000.00,105505.0,480.4140529785156
71,ails2_eoh_omega2,105305.0,487.90305297851563
72,ails2_etaMax0.020_stoppingTime86400.00,105288.0,457.6470529785156
73,ails2_eoh_acc,105212.0,493.4200529785156
74,ails2_etaMax1.000_stoppingTime1728000.00,105899.0,436.0600529785156
75,ails2_eoh_acc_large,105065.0,456.93405297851564
76,ails2_etaMax1.000_stoppingTime432000.00,106005.0,522.1610529785156
77,ails2_etaMax0.005_stoppingTime86400.00,105223.0,533.4620529785157
78,ails2_etaMax0.010_stoppingTime432000.00,105489.0,539.5320529785156
79,ails2_eoh_omega2,105286.0,547.3530529785156
80,ails2_eoh_acc,105196.0,537.0110529785156
81,ails2_etaMax0.020_stoppingTime86400.00,105285.0,558.6340529785156
82,HGS-TV,106729.0,579.308265209198
83,ails2_etaMax0.005_stoppingTime86400.00,105220.0,587.5310529785156
84,ails2_etaMax0.010_stoppingTime432000.00,105479.0,587.8900529785157
85,ails2_etaMax1.000_stoppingTime432000.00,105997.0,608.6090529785156
86,ails2_etaMax0.020_stoppingTime86400.00,105282.0,584.6460529785156
87,ails2_eoh_acc,105194.0,621.4620529785157
88,HGS-TV,106599.0,639.3550429344177
89,ails2_eoh_acc_large,105062.0,639.4610529785157
90,ails2_etaMax0.005_stoppingTime86400.00,105124.0,654.2880529785157
91,ails2_etaMax1.000_stoppingTime86400.00,105939.0,656.3200529785156
92,ails2_etaMax1.000_stoppingTime432000.00,105990.0,608.6360529785156
93,ails2_etaMax0.010_stoppingTime432000.00,105474.0,656.6210529785156
94,ails2_eoh_omega2,105285.0,672.0950529785156
95,ails2_etaMax0.020_stoppingTime86400.00,105270.0,675.9090529785157
96,ails2_eoh_acc,105187.0,633.0300529785156
97,ails2_eoh_acc_large,105058.0,678.1560529785156
98,ails2_etaMax0.005_stoppingTime86400.00,105094.0,700.6560529785156
99,ails2_etaMax1.000_stoppingTime86400.00,105913.0,662.2280529785156
100,ails2_etaMax0.010_stoppingTime432000.00,105436.0,717.6630529785157
101,ails2_eoh_omega2,105266.0,729.1670529785156
102,ails2_etaMax1.000_stoppingTime864000.00,106025.0,733.6500529785156
103,ails2_etaMax0.020_stoppingTime86400.00,105268.0,680.7520529785156
104,HGS-TV,106576.0,757.405784368515
105,ails2_etaMax0.005_stoppingTime86400.00,105054.0,760.0590529785156
106,ails2_etaMax0.010_stoppingTime432000.00,105428.0,789.1410529785156
107,ails2_eoh_omega2,105244.0,785.2740529785157
108,ails2_etaMax1.000_stoppingTime864000.00,105986.0,774.2240529785156
109,ails2_etaMax0.020_stoppingTime86400.00,105260.0,773.3640529785156
110,HGS-TV,106532.0,833.3244919776917
111,ails2_etaMax0.005_stoppingTime86400.00,105011.0,830.8690529785156
112,ails2_eoh_omega2,105243.0,820.1340529785156
113,ails2_etaMax1.000_stoppingTime864000.00,105853.0,800.0610529785156
114,ails2_etaMax0.020_stoppingTime86400.00,105239.0,858.9900529785157
115,ails2_eoh_acc,105185.0,866.8640529785156
116,ails2_eoh_acc_large,105056.0,890.2510529785156
117,HGS-TV,106455.0,893.328652381897
118,ails2_etaMax0.005_stoppingTime86400.00,105005.0,894.9450529785156
119,ails2_etaMax0.020_stoppingTime86400.00,105196.0,923.2210529785157
120,ails2_eoh_acc,105184.0,934.4920529785156
121,ails2_eoh_acc_large,105038.0,940.9150529785156
122,HGS-TV,106443.0,953.4216556549072
123,ails2_etaMax0.010_stoppingTime432000.00,105421.0,956.0310529785156
124,ails2_etaMax0.005_stoppingTime86400.00,104982.0,953.3800529785157
125,ails2_etaMax0.020_stoppingTime86400.00,105151.0,974.3640529785156
126,ails2_eoh_acc,105137.0,976.5270529785156
127,ails2_eoh_acc_large,105029.0,963.2070529785157
128,ails2_etaMax0.010_stoppingTime432000.00,105396.0,1009.3760529785156
129,ails2_eoh_omega2,105242.0,1034.6470529785156
130,HGS-TV,106390.0,1038.33478474617
131,ails2_etaMax0.020_stoppingTime86400.00,105137.0,1038.6750529785156
132,ails2_etaMax0.005_stoppingTime86400.00,104981.0,1055.9240529785156
133,ails2_etaMax1.000_stoppingTime86400.00,105903.0,1057.4690529785157
134,ails2_eoh_acc,105136.0,1082.1440529785157
135,HGS-TV,106214.0,1098.5236492156982
136,ails2_etaMax0.005_stoppingTime86400.00,104978.0,1058.4760529785156
137,ails2_etaMax1.000_stoppingTime86400.00,105865.0,1057.8770529785156
138,ails2_eoh_acc,105135.0,1150.6170529785156
139,HGS-TV,106135.0,1158.645131111145
140,ails2_etaMax1.000_stoppingTime432000.00,105988.0,1163.2640529785156
141,ails2_eoh_acc_large,105022.0,1174.4810529785157
142,ails2_etaMax0.005_stoppingTime86400.00,104977.0,1183.4990529785157
143,ails2_etaMax0.020_stoppingTime86400.00,105133.0,1187.1620529785157
144,ails2_eoh_acc,105129.0,1196.2370529785155
145,HGS-TV,106084.0,1218.8476912975311
146,ails2_etaMax1.000_stoppingTime432000.00,105964.0,1169.4650529785156
147,ails2_eoh_acc_large,105017.0,1216.1670529785156
148,ails2_etaMax0.010_stoppingTime432000.00,105394.0,1243.1360529785156
149,ails2_etaMax0.005_stoppingTime86400.00,104973.0,1203.4780529785157
150,ails2_etaMax0.020_stoppingTime86400.00,105097.0,1234.9570529785155
151,HGS-TV,106030.0,1278.9320757389069
152,ails2_etaMax0.010_stoppingTime432000.00,105357.0,1292.2000529785157
153,ails2_etaMax0.020_stoppingTime86400.00,105096.0,1304.4070529785156
154,HGS-TV,106010.0,1338.97958111763
155,ails2_etaMax1.000_stoppingTime432000.00,105937.0,1349.9350529785156
156,ails2_etaMax0.010_stoppingTime432000.00,105355.0,1326.0170529785157
157,HGS-TV,105930.0,1399.0123453140259
158,ails2_etaMax1.000_stoppingTime432000.00,105831.0,1350.0030529785156
159,ails2_eoh_acc_large,105015.0,1425.2100529785157
160,HGS-TV,105874.0,1459.0486607551575
161,ails2_etaMax0.020_stoppingTime86400.00,105095.0,1472.9930529785156
162,ails2_eoh_acc_large,104980.0,1448.3990529785156
163,ails2_etaMax1.000_stoppingTime86400.00,105846.0,1508.3700529785156
164,HGS-TV,105864.0,1519.0539984703064
165,ails2_etaMax0.020_stoppingTime86400.00,105082.0,1530.1170529785156
166,ails2_eoh_omega2,105241.0,1571.9570529785155
167,ails2_eoh_acc_large,104979.0,1575.7680529785157
168,HGS-TV,105840.0,1579.1318225860596
169,ails2_etaMax0.020_stoppingTime86400.00,105081.0,1563.7670529785157
170,ails2_eoh_acc_large,104977.0,1579.5350529785155
171,HGS-TV,105815.0,1639.282898426056
172,ails2_etaMax0.020_stoppingTime86400.00,105080.0,1678.9620529785157
173,ails2_eoh_acc_large,104972.0,1669.5840529785157
174,HGS-TV,105786.0,1699.4658417701721
175,ails2_etaMax0.010_stoppingTime432000.00,105354.0,1736.3310529785156
176,ails2_eoh_acc_large,104970.0,1700.9600529785157
177,ails2_etaMax0.010_stoppingTime432000.00,105353.0,1736.6030529785157
178,ails2_eoh_acc_large,104969.0,1759.8820529785157
179,ails2_eoh_acc_large,104963.0,1859.5870529785157
180,ails2_etaMax0.020_stoppingTime86400.00,105079.0,1901.1710529785157
181,ails2_eoh_acc_large,104962.0,1951.0320529785156
182,HGS-TV,105781.0,1954.201823234558
183,ails2_etaMax0.020_stoppingTime86400.00,105055.0,1926.7240529785156
184,ails2_etaMax0.010_stoppingTime432000.00,105352.0,2011.4310529785157
185,HGS-TV,105695.0,2014.2476365566254
186,ails2_etaMax0.010_stoppingTime432000.00,105308.0,2061.3170529785157
187,ails2_etaMax1.000_stoppingTime1728000.00,105892.0,2083.4600529785157
188,ails2_etaMax0.010_stoppingTime432000.00,105295.0,2080.0420529785156
189,ails2_eoh_omega2,105226.0,2143.206052978516
190,ails2_etaMax1.000_stoppingTime1728000.00,105842.0,2083.8900529785155
191,ails2_eoh_omega2,105218.0,2185.9620529785157
192,ails2_etaMax0.005_stoppingTime86400.00,104971.0,2247.3070529785155
193,ails2_eoh_omega2,105152.0,2251.1240529785155
194,HGS-TV,105652.0,2307.260823726654
195,ails2_etaMax0.005_stoppingTime86400.00,104969.0,2259.4430529785154
196,ails2_eoh_omega2,105151.0,2338.9570529785155
197,ails2_etaMax0.020_stoppingTime86400.00,105051.0,2358.6990529785157
198,HGS-TV,105644.0,2367.479714155197
199,ails2_etaMax0.005_stoppingTime86400.00,104968.0,2369.9910529785157
200,ails2_etaMax0.020_stoppingTime86400.00,105046.0,2400.6940529785156
201,HGS-TV,105622.0,2427.559984922409
202,ails2_etaMax0.005_stoppingTime86400.00,104967.0,2371.8060529785157
203,ails2_etaMax0.010_stoppingTime432000.00,105289.0,2459.2600529785154
204,HGS-TV,105591.0,2487.580001115799
205,ails2_etaMax0.010_stoppingTime432000.00,105103.0,2515.8070529785155
206,ails2_etaMax0.020_stoppingTime86400.00,105044.0,2529.570052978516
207,HGS-TV,105590.0,2552.6901655197144
208,ails2_etaMax0.010_stoppingTime432000.00,105063.0,2548.2180529785155
209,ails2_etaMax0.020_stoppingTime86400.00,105043.0,2529.6840529785154
210,HGS-TV,105572.0,2612.7091698646545
211,ails2_etaMax0.005_stoppingTime86400.00,104965.0,2612.8180529785154
212,ails2_eoh_omega2,105149.0,2616.9030529785155
213,ails2_etaMax0.010_stoppingTime432000.00,105059.0,2594.6710529785155
214,ails2_eoh_omega2,105145.0,2625.5850529785157
215,HGS-TV,105566.0,2684.611349105835
216,ails2_etaMax0.005_stoppingTime86400.00,104964.0,2709.9330529785157
217,ails2_eoh_omega2,105144.0,2717.0780529785156
218,HGS-TV,105526.0,2744.7419958114624
219,ails2_etaMax0.020_stoppingTime86400.00,105042.0,2757.4800529785157
220,ails2_etaMax0.005_stoppingTime86400.00,104963.0,2779.1450529785157
221,ails2_eoh_omega2,105138.0,2795.0180529785157
222,ails2_etaMax0.020_stoppingTime86400.00,105006.0,2816.6960529785156
223,HGS-TV,105522.0,2820.5481872558594
224,ails2_eoh_omega2,105135.0,2837.753052978516
225,ails2_etaMax0.020_stoppingTime86400.00,105005.0,2875.8390529785156
226,HGS-TV,105515.0,2880.6377642154694
227,ails2_etaMax0.005_stoppingTime86400.00,104962.0,2881.2430529785156
228,ails2_eoh_acc_large,104961.0,2900.0060529785155
229,ails2_etaMax1.000_stoppingTime86400.00,105815.0,2933.0800529785156
230,ails2_etaMax0.020_stoppingTime86400.00,104995.0,2922.8770529785156
231,ails2_etaMax0.005_stoppingTime86400.00,104957.0,2886.9680529785155
232,ails2_eoh_acc_large,104942.0,2929.8960529785154
233,ails2_etaMax1.000_stoppingTime86400.00,105791.0,2933.4730529785156
234,ails2_etaMax0.020_stoppingTime86400.00,104986.0,2959.2660529785157
235,HGS-TV,105512.0,3041.0940001010895
236,ails2_etaMax1.000_stoppingTime86400.00,105787.0,3063.9790529785155
237,ails2_etaMax0.020_stoppingTime86400.00,104984.0,3087.8860529785156
238,HGS-TV,105495.0,3101.159637928009
239,ails2_eoh_omega2,105128.0,3107.7390529785157
240,ails2_etaMax1.000_stoppingTime86400.00,105778.0,3134.2480529785157
241,ails2_eoh_acc_large,104941.0,3147.8670529785154
242,ails2_etaMax0.020_stoppingTime86400.00,104981.0,3098.7690529785154
243,HGS-TV,105457.0,3161.298973798752
244,ails2_eoh_omega2,105125.0,3110.4840529785156
245,ails2_etaMax1.000_stoppingTime86400.00,105730.0,3135.2160529785156
246,ails2_eoh_acc_large,104940.0,3202.6090529785156
247,HGS-TV,105449.0,3227.372220993042
248,ails2_eoh_omega2,105123.0,3194.6160529785157
249,ails2_etaMax0.020_stoppingTime86400.00,104979.0,3268.407052978516
250,ails2_eoh_omega2,105118.0,3273.947052978516
251,ails2_etaMax1.000_stoppingTime864000.00,105852.0,3314.1960529785156
252,ails2_etaMax0.020_stoppingTime86400.00,104978.0,3269.2020529785154
253,ails2_eoh_acc,105119.0,3332.1850529785156
254,HGS-TV,105442.0,3347.5850450992584
255,ails2_eoh_acc,105111.0,3336.2850529785155
256,HGS-TV,105441.0,3407.6075527668
257,ails2_etaMax0.005_stoppingTime86400.00,104956.0,3459.5310529785156
258,HGS-TV,105434.0,3471.755646467209
259,ails2_etaMax0.005_stoppingTime86400.00,104953.0,3475.2950529785157
260,HGS-TV,105421.0,3545.0199205875397
261,ails2_etaMax0.005_stoppingTime86400.00,104952.0,3571.215052978516
262,ails2_eoh_omega2,105117.0,3584.505052978516
263,ails2_eoh_omega2,105114.0,3591.1760529785156
264,ails2_eoh_omega2,105109.0,3693.1840529785154
265,ails2_etaMax0.020_stoppingTime86400.00,104938.0,3763.4290529785158
266,ails2_eoh_omega2,105105.0,3713.2950529785157
267,ails2_etaMax0.020_stoppingTime86400.00,104921.0,3784.4190529785155
268,ails2_etaMax1.000_stoppingTime864000.00,105836.0,3847.1350529785154
269,ails2_etaMax1.000_stoppingTime864000.00,105816.0,3847.1640529785154
270,ails2_etaMax0.020_stoppingTime86400.00,104920.0,3911.4950529785156
271,ails2_etaMax0.010_stoppingTime432000.00,105053.0,3951.5160529785157
272,ails2_etaMax0.020_stoppingTime86400.00,104914.0,3920.9840529785156
273,ails2_etaMax0.010_stoppingTime432000.00,105016.0,3993.7940529785155
274,ails2_etaMax0.020_stoppingTime86400.00,104913.0,4065.300052978516
275,ails2_etaMax0.010_stoppingTime432000.00,105003.0,4055.9920529785154
276,ails2_etaMax0.020_stoppingTime86400.00,104910.0,4124.184052978516
277,ails2_etaMax0.010_stoppingTime432000.00,104998.0,4120.881052978516
278,ails2_etaMax0.010_stoppingTime432000.00,104994.0,4209.921052978516
279,HGS-TV,104939.0,4239.947918891907
280,ails2_etaMax0.005_stoppingTime86400.00,104937.0,4316.359052978516
281,ails2_etaMax1.000_stoppingTime86400.00,105720.0,4345.988052978516
282,ails2_etaMax0.005_stoppingTime86400.00,104913.0,4358.551052978516
283,ails2_etaMax0.020_stoppingTime86400.00,104908.0,4433.406052978516
284,ails2_etaMax0.005_stoppingTime86400.00,104904.0,4407.801052978516
285,ails2_etaMax0.010_stoppingTime432000.00,104993.0,4453.404052978515
286,ails2_etaMax0.020_stoppingTime86400.00,104901.0,4451.757052978515
287,ails2_etaMax0.005_stoppingTime86400.00,104899.0,4485.516052978515
288,ails2_etaMax0.010_stoppingTime432000.00,104990.0,4458.539052978515
289,ails2_eoh_omega2,105104.0,4526.763052978516
290,ails2_etaMax0.005_stoppingTime86400.00,104889.0,4542.553052978516
291,ails2_eoh_omega2,105101.0,4538.990052978515
292,ails2_eoh_omega2,105099.0,4632.502052978516
293,ails2_etaMax0.005_stoppingTime86400.00,104888.0,4654.107052978516
294,ails2_etaMax0.010_stoppingTime432000.00,104989.0,4672.884052978516
295,ails2_etaMax0.005_stoppingTime86400.00,104850.0,4671.205052978516
296,ails2_etaMax0.010_stoppingTime432000.00,104982.0,4716.114052978515
297,ails2_etaMax0.005_stoppingTime86400.00,104849.0,4778.101052978515
298,ails2_etaMax0.010_stoppingTime432000.00,104981.0,4794.117052978516
299,ails2_etaMax0.005_stoppingTime86400.00,104847.0,4825.648052978516
300,ails2_etaMax1.000_stoppingTime86400.00,105717.0,4865.192052978516
301,ails2_eoh_omega2,105098.0,4881.480052978515
302,ails2_etaMax1.000_stoppingTime86400.00,105657.0,4881.233052978516
303,ails2_etaMax0.005_stoppingTime86400.00,104846.0,4982.4680529785155
304,ails2_etaMax0.005_stoppingTime86400.00,104843.0,5040.858052978516
305,ails2_etaMax1.000_stoppingTime86400.00,105645.0,5109.847052978515
306,ails2_etaMax1.000_stoppingTime86400.00,105570.0,5109.881052978516
307,ails2_etaMax0.005_stoppingTime86400.00,104842.0,5201.600052978516
308,ails2_etaMax0.005_stoppingTime86400.00,104841.0,5231.391052978515
309,ails2_eoh_acc_large,104922.0,5303.970052978516
310,ails2_eoh_acc_large,104911.0,5305.005052978516
311,ails2_etaMax1.000_stoppingTime432000.00,105812.0,5413.376052978516
312,ails2_etaMax0.020_stoppingTime86400.00,104900.0,5563.523052978516
313,ails2_etaMax0.005_stoppingTime86400.00,104840.0,5608.492052978516
314,ails2_etaMax1.000_stoppingTime86400.00,105556.0,5617.549052978516
315,ails2_etaMax0.005_stoppingTime86400.00,104839.0,5609.694052978515
316,ails2_etaMax0.020_stoppingTime86400.00,104899.0,5713.376052978516
317,ails2_etaMax0.020_stoppingTime86400.00,104890.0,5762.543052978515
318,ails2_eoh_omega2,105097.0,5834.608052978516
319,ails2_etaMax0.020_stoppingTime86400.00,104878.0,5808.840052978516
320,ails2_etaMax0.020_stoppingTime86400.00,104876.0,5899.004052978516
321,ails2_etaMax1.000_stoppingTime432000.00,105811.0,5937.759052978516
322,ails2_etaMax0.020_stoppingTime86400.00,104873.0,5956.873052978515
323,ails2_etaMax1.000_stoppingTime432000.00,105746.0,5937.789052978515
324,ails2_etaMax0.020_stoppingTime86400.00,104871.0,5963.130052978516
325,ails2_etaMax0.020_stoppingTime86400.00,104868.0,6120.768052978516
326,ails2_eoh_omega2,105093.0,6125.259052978516
327,ails2_etaMax0.020_stoppingTime86400.00,104865.0,6123.275052978515
328,ails2_eoh_omega2,104963.0,6158.717052978515
329,ails2_eoh_omega2,104961.0,6203.4680529785155
330,HGS-TV,104939.0,6337.2014336586
331,HGS-TV,104939.0,6397.391677856445
332,HGS-TV,104939.0,6457.3964631557465
333,ails2_etaMax0.005_stoppingTime86400.00,104836.0,6503.751052978516
334,HGS-TV,104939.0,6517.485809087753
335,ails2_etaMax0.005_stoppingTime86400.00,104832.0,6504.5660529785155
336,HGS-TV,104939.0,6598.813573598862
337,ails2_etaMax0.005_stoppingTime86400.00,104826.0,6622.9100529785155
338,ails2_etaMax1.000_stoppingTime432000.00,105743.0,6647.231052978515
339,HGS-TV,104939.0,6658.945842027664
340,ails2_etaMax0.005_stoppingTime86400.00,104825.0,6677.445052978515
341,ails2_etaMax0.005_stoppingTime86400.00,104818.0,6716.983052978516
342,HGS-TV,104939.0,6760.711520910263
343,ails2_eoh_omega2,104960.0,6794.878052978515
344,ails2_etaMax1.000_stoppingTime86400.00,105531.0,6795.047052978515
345,HGS-TV,104939.0,6820.822203159332
346,ails2_etaMax1.000_stoppingTime86400.00,105505.0,6795.077052978516
347,ails2_etaMax0.005_stoppingTime86400.00,104817.0,6871.997052978516
348,HGS-TV,104939.0,6880.896416902542
349,ails2_etaMax0.005_stoppingTime86400.00,104814.0,6897.8830529785155
350,ails2_etaMax0.005_stoppingTime86400.00,104812.0,6963.605052978515
351,ails2_etaMax0.020_stoppingTime86400.00,104864.0,7011.721052978515
352,HGS-TV,104939.0,7023.292053937912
353,ails2_etaMax0.020_stoppingTime86400.00,104845.0,7053.866052978516
354,HGS-TV,104939.0,7083.37210559845
355,ails2_etaMax0.020_stoppingTime86400.00,104839.0,7130.152052978516
356,HGS-TV,104939.0,7143.492928743362
357,ails2_etaMax0.020_stoppingTime86400.00,104827.0,7179.367052978516
358,ails2_eoh_acc_large,104811.0,7353.6690529785155
359,ails2_eoh_omega2,104959.0,7482.262052978515
360,ails2_eoh_omega2,104958.0,7483.359052978516
361,ails2_etaMax0.010_stoppingTime432000.00,104980.0,7563.167052978516
362,ails2_etaMax1.000_stoppingTime86400.00,105502.0,7582.703052978515
363,ails2_etaMax0.010_stoppingTime432000.00,104978.0,7621.193052978516
364,ails2_etaMax0.010_stoppingTime432000.00,104977.0,7630.385052978516
365,ails2_eoh_acc_large,104810.0,8095.984052978516
366,HGS-TV,104811.0,8132.892202377319
367,ails2_eoh_acc_large,104809.0,8122.287052978516
368,ails2_etaMax1.000_stoppingTime1728000.00,105841.0,8229.452052978515
369,ails2_etaMax0.010_stoppingTime432000.00,104972.0,8320.932052978516
370,ails2_etaMax0.010_stoppingTime432000.00,104968.0,8325.947052978516
371,ails2_etaMax0.010_stoppingTime432000.00,104967.0,8454.190052978516
372,ails2_etaMax0.010_stoppingTime432000.00,104966.0,8516.276052978516
373,ails2_etaMax1.000_stoppingTime864000.00,105795.0,8532.730052978515
374,ails2_etaMax0.010_stoppingTime432000.00,104962.0,8576.117052978516
375,ails2_etaMax1.000_stoppingTime864000.00,105771.0,8636.020052978516
376,ails2_etaMax0.010_stoppingTime432000.00,104961.0,8796.963052978515
377,ails2_etaMax0.010_stoppingTime432000.00,104958.0,8833.380052978515
378,ails2_etaMax0.010_stoppingTime432000.00,104955.0,8900.946052978516
379,ails2_etaMax0.010_stoppingTime432000.00,104951.0,8946.584052978516
380,ails2_etaMax0.010_stoppingTime432000.00,104947.0,9034.866052978516
381,ails2_etaMax0.020_stoppingTime86400.00,104809.0,9046.886052978516
382,ails2_etaMax1.000_stoppingTime86400.00,105495.0,9097.545052978516
383,ails2_etaMax0.010_stoppingTime432000.00,104945.0,9061.296052978516
384,ails2_etaMax0.020_stoppingTime86400.00,104808.0,9087.220052978515
385,ails2_etaMax1.000_stoppingTime86400.00,105489.0,9097.568052978515
386,ails2_etaMax0.010_stoppingTime432000.00,104943.0,9126.634052978516
387,ails2_etaMax0.020_stoppingTime86400.00,104806.0,9141.950052978516
388,ails2_etaMax0.020_stoppingTime86400.00,104803.0,9322.508052978515
389,ails2_etaMax0.020_stoppingTime86400.00,104801.0,9322.835052978515
390,ails2_etaMax0.010_stoppingTime432000.00,104941.0,9482.535052978516
391,ails2_etaMax0.010_stoppingTime432000.00,104940.0,9492.128052978516
392,ails2_eoh_omega2,104956.0,9575.840052978516
393,ails2_etaMax1.000_stoppingTime86400.00,105465.0,9628.343052978516
394,ails2_eoh_omega2,104951.0,9598.432052978516
395,ails2_etaMax1.000_stoppingTime86400.00,105398.0,9656.338052978515
396,ails2_etaMax0.010_stoppingTime432000.00,104939.0,9855.408052978515
397,ails2_etaMax1.000_stoppingTime1728000.00,105806.0,9888.502052978516
398,ails2_etaMax0.010_stoppingTime432000.00,104937.0,9859.861052978516
399,ails2_eoh_omega2,104950.0,9959.328052978515
400,HGS-TV,104811.0,10004.80147242546
401,ails2_eoh_omega2,104948.0,9998.509052978516
402,ails2_etaMax0.005_stoppingTime86400.00,104811.0,10045.781052978517
403,HGS-TV,104811.0,10064.855899572372
404,ails2_eoh_omega2,104946.0,10036.060052978515
405,HGS-TV,104811.0,10124.968480348587
406,ails2_etaMax0.010_stoppingTime432000.00,104936.0,10135.425052978515
407,ails2_eoh_omega2,104945.0,10114.474052978516
408,ails2_etaMax0.005_stoppingTime86400.00,104810.0,10173.540052978515
409,HGS-TV,104811.0,10185.070204257965
410,ails2_etaMax0.005_stoppingTime86400.00,104809.0,10183.228052978515
411,HGS-TV,104811.0,10245.260920286179
412,ails2_etaMax0.005_stoppingTime86400.00,104807.0,10273.300052978515
413,HGS-TV,104811.0,10305.414514303207
414,ails2_etaMax0.010_stoppingTime432000.00,104935.0,10315.426052978515
415,HGS-TV,104811.0,10365.576886177063
416,ails2_etaMax0.020_stoppingTime86400.00,104800.0,10408.308052978515
417,HGS-TV,104811.0,10425.66141295433
418,ails2_etaMax1.000_stoppingTime1728000.00,105801.0,10436.298052978516
419,ails2_etaMax0.020_stoppingTime86400.00,104799.0,10413.058052978515
420,HGS-TV,104811.0,10485.700161218643
421,ails2_etaMax0.020_stoppingTime86400.00,104798.0,10470.566052978516
422,HGS-TV,104811.0,10545.801050901413
423,HGS-TV,104811.0,10605.919961690903
424,HGS-TV,104811.0,10684.137180805206
425,ails2_etaMax0.005_stoppingTime86400.00,104804.0,10689.170052978516
426,ails2_etaMax0.005_stoppingTime86400.00,104801.0,10710.091052978516
427,HGS-TV,104811.0,10773.277389526367
428,ails2_etaMax0.005_stoppingTime86400.00,104793.0,10852.861052978516
429,ails2_eoh_acc,104793.0,10828.823052978516
430,HGS-TV,104797.0,10947.304510593414
431,ails2_eoh_acc,104792.0,11073.263052978516
432,HGS-TV,104796.0,11263.995070934296
433,ails2_etaMax0.010_stoppingTime432000.00,104934.0,11318.455052978516
434,ails2_etaMax0.010_stoppingTime432000.00,104933.0,11318.673052978516
435,ails2_etaMax0.010_stoppingTime432000.00,104928.0,11390.547052978516
436,HGS-TV,104795.0,11443.787934541702
437,HGS-TV,104793.0,11766.628063678741
438,HGS-TV,104792.0,11826.701677799225
439,ails2_etaMax0.010_stoppingTime432000.00,104927.0,12032.295052978516
440,ails2_etaMax0.010_stoppingTime432000.00,104926.0,12251.318052978515
441,ails2_etaMax0.010_stoppingTime432000.00,104925.0,12254.980052978515
442,ails2_etaMax0.010_stoppingTime432000.00,104924.0,12412.879052978516
443,ails2_etaMax0.010_stoppingTime432000.00,104921.0,12433.481052978515
444,ails2_etaMax0.010_stoppingTime432000.00,104920.0,12591.215052978516
445,ails2_etaMax1.000_stoppingTime86400.00,105387.0,12662.928052978516
446,ails2_eoh_omega2,104942.0,12728.701052978515
447,ails2_etaMax1.000_stoppingTime86400.00,105343.0,12732.407052978515
448,ails2_eoh_omega2,104927.0,12788.820052978515
449,ails2_etaMax1.000_stoppingTime86400.00,105296.0,12732.443052978515
450,ails2_etaMax1.000_stoppingTime432000.00,105731.0,12892.536052978516
451,ails2_etaMax1.000_stoppingTime86400.00,105276.0,12921.726052978516
452,ails2_etaMax1.000_stoppingTime432000.00,105720.0,12892.562052978516
453,ails2_etaMax1.000_stoppingTime86400.00,105273.0,12921.752052978516
454,ails2_eoh_omega2,104925.0,13058.539052978516
455,ails2_eoh_omega2,104923.0,13060.276052978516
456,ails2_etaMax0.010_stoppingTime432000.00,104918.0,13390.096052978515
457,ails2_etaMax0.010_stoppingTime432000.00,104916.0,13423.549052978515
458,ails2_etaMax0.010_stoppingTime432000.00,104915.0,13536.144052978516
459,ails2_etaMax0.010_stoppingTime432000.00,104911.0,13567.883052978515
460,ails2_etaMax0.010_stoppingTime432000.00,104910.0,13679.811052978515
461,ails2_etaMax0.010_stoppingTime432000.00,104908.0,13755.521052978516
462,ails2_etaMax0.010_stoppingTime432000.00,104906.0,13768.499052978515
463,HGS-TV,104792.0,14053.988096952438
464,HGS-TV,104792.0,14114.106587409973
465,HGS-TV,104792.0,14174.31340765953
466,HGS-TV,104792.0,14234.391708374023
467,HGS-TV,104792.0,14294.442614555359
468,ails2_etaMax1.000_stoppingTime86400.00,105255.0,14316.488052978515
469,ails2_etaMax0.005_stoppingTime86400.00,104792.0,14349.620052978516
470,HGS-TV,104792.0,14354.633504390717
471,ails2_etaMax0.010_stoppingTime432000.00,104905.0,14619.205052978516
472,ails2_etaMax0.010_stoppingTime432000.00,104896.0,14659.574052978516
473,ails2_etaMax1.000_stoppingTime86400.00,105253.0,14684.122052978515
474,ails2_etaMax1.000_stoppingTime86400.00,105177.0,14716.127052978516
475,ails2_etaMax0.010_stoppingTime432000.00,104894.0,14822.436052978515
476,ails2_etaMax1.000_stoppingTime864000.00,105769.0,15045.432052978516
477,ails2_etaMax0.010_stoppingTime432000.00,104893.0,15057.551052978515
478,ails2_etaMax1.000_stoppingTime86400.00,105156.0,15116.239052978515
479,ails2_etaMax0.010_stoppingTime432000.00,104891.0,15072.861052978516
480,ails2_etaMax0.010_stoppingTime432000.00,104889.0,15346.728052978515
481,ails2_etaMax0.010_stoppingTime432000.00,104887.0,15360.710052978515
482,ails2_etaMax1.000_stoppingTime86400.00,105152.0,15443.103052978515
483,ails2_etaMax1.000_stoppingTime864000.00,105727.0,16449.282052978517
484,HGS-TV,104792.0,16504.794561862946
485,ails2_etaMax1.000_stoppingTime864000.00,105714.0,16449.310052978515
486,HGS-TV,104792.0,16564.87469792366
487,ails2_etaMax0.005_stoppingTime86400.00,104791.0,16589.758052978515
488,ails2_eoh_omega2,104922.0,16603.372052978517
489,HGS-TV,104792.0,16625.115623235703
490,ails2_eoh_omega2,104893.0,16632.221052978515
491,HGS-TV,104792.0,16685.238674879074
492,ails2_eoh_omega2,104892.0,16688.427052978517
493,HGS-TV,104792.0,16745.32262444496
494,HGS-TV,104792.0,16805.54610300064
495,HGS-TV,104792.0,16875.27989912033
496,ails2_etaMax1.000_stoppingTime86400.00,105151.0,16899.247052978517
497,HGS-TV,104792.0,16935.369854450226
498,ails2_eoh_omega2,104890.0,16939.381052978515
499,ails2_etaMax0.005_stoppingTime86400.00,104790.0,16951.102052978516
500,ails2_etaMax1.000_stoppingTime86400.00,105139.0,16899.687052978516
501,HGS-TV,104792.0,16995.43980574608
502,HGS-TV,104792.0,17055.461485385895
503,HGS-TV,104792.0,17152.442357301712
504,HGS-TV,104792.0,17228.60545706749
505,HGS-TV,104792.0,17361.461250543594
506,HGS-TV,104792.0,17421.604229927063
507,ails2_etaMax0.005_stoppingTime86400.00,104789.0,17482.126052978514
508,HGS-TV,104792.0,17529.74617576599
509,HGS-TV,104792.0,17589.759075164795
510,HGS-TV,104792.0,17649.92810153961
511,ails2_eoh_omega2,104889.0,17683.138052978516
512,HGS-TV,104792.0,17709.95646429062
513,ails2_etaMax1.000_stoppingTime86400.00,105137.0,17766.221052978515
514,HGS-TV,104792.0,17769.966269254684
515,ails2_etaMax1.000_stoppingTime86400.00,105059.0,17769.060052978515
516,HGS-TV,104792.0,17933.527002096176
517,ails2_etaMax0.010_stoppingTime432000.00,104886.0,17957.598052978516
518,HGS-TV,104792.0,17993.548941373825
519,ails2_etaMax1.000_stoppingTime432000.00,105671.0,18143.426052978517
520,HGS-TV,104788.0,18302.623085021973
521,ails2_eoh_acc_large,104788.0,18722.596052978515
522,ails2_etaMax1.000_stoppingTime86400.00,105057.0,19010.845052978515
523,ails2_etaMax0.010_stoppingTime432000.00,104885.0,19041.243052978516
524,ails2_etaMax1.000_stoppingTime86400.00,105053.0,19028.172052978516
525,ails2_etaMax1.000_stoppingTime86400.00,105040.0,19473.892052978517
526,ails2_etaMax1.000_stoppingTime86400.00,105039.0,19578.563052978516
527,ails2_etaMax1.000_stoppingTime86400.00,104894.0,19579.602052978516
528,HGS-TV,104788.0,20378.368881464005
529,HGS-TV,104788.0,20438.487446069717
530,HGS-TV,104788.0,20498.646512269974
531,HGS-TV,104788.0,20558.91703891754
532,HGS-TV,104788.0,20619.18301844597
533,ails2_eoh_acc,104788.0,20634.352052978516
534,HGS-TV,104788.0,20679.23339986801
535,HGS-TV,104788.0,20739.362553834915
536,HGS-TV,104788.0,20799.451006174088
537,HGS-TV,104788.0,20859.687344312668
538,HGS-TV,104788.0,20924.01225376129
539,HGS-TV,104788.0,20984.093163490295
540,ails2_etaMax0.020_stoppingTime86400.00,104788.0,21002.392052978517
541,HGS-TV,104788.0,21044.23737502098
542,HGS-TV,104788.0,21255.920572042465
543,HGS-TV,104788.0,21352.121109724045
544,HGS-TV,104788.0,21455.780217647552
545,HGS-TV,104788.0,21515.800030469894
546,HGS-TV,104788.0,21575.945187568665
547,HGS-TV,104788.0,21635.96879529953
548,HGS-TV,104788.0,21744.692834615707
549,HGS-TV,104788.0,21886.611610889435
550,HGS-TV,104788.0,21946.671735048294
551,HGS-TV,104788.0,22006.67326593399
552,HGS-TV,104788.0,22066.805781126022
553,HGS-TV,104788.0,22126.91527891159
554,HGS-TV,104788.0,22187.023851394653
555,HGS-TV,104788.0,22247.072516202927
556,HGS-TV,104788.0,22308.815103054047
557,ails2_etaMax1.000_stoppingTime1728000.00,105799.0,22550.015052978517
558,ails2_etaMax1.000_stoppingTime432000.00,105628.0,22588.259052978516
559,ails2_etaMax1.000_stoppingTime432000.00,105625.0,22588.285052978517
560,HGS-TV,104788.0,22776.05414366722
561,ails2_etaMax1.000_stoppingTime432000.00,105622.0,22873.737052978515
562,ails2_etaMax1.000_stoppingTime432000.00,105546.0,22873.789052978515
563,HGS-TV,104788.0,22954.412033319473
564,HGS-TV,104788.0,23085.92538380623
565,HGS-TV,104788.0,23171.12893128395
566,HGS-TV,104788.0,23298.731938123703
567,HGS-TV,104788.0,23404.071709394455
568,HGS-TV,104788.0,23730.451543331146
569,HGS-TV,104788.0,23790.4713807106
570,ails2_etaMax1.000_stoppingTime86400.00,104880.0,23844.040052978515
571,HGS-TV,104788.0,23901.63863015175
572,HGS-TV,104788.0,23961.79021191597
573,HGS-TV,104788.0,24283.02893972397
574,HGS-TV,104788.0,24359.73309111595
575,ails2_etaMax1.000_stoppingTime86400.00,104879.0,24399.287052978514
576,ails2_etaMax1.000_stoppingTime1728000.00,105792.0,24404.347052978515
577,ails2_etaMax1.000_stoppingTime86400.00,104865.0,24700.321052978517
578,HGS-TV,104788.0,24712.14226961136
579,ails2_etaMax1.000_stoppingTime86400.00,104861.0,24700.352052978516
580,HGS-TV,104788.0,24772.15580224991
581,HGS-TV,104788.0,24832.357877016068
582,HGS-TV,104788.0,24964.59030175209
583,HGS-TV,104788.0,25024.593948364258
584,HGS-TV,104788.0,25110.503631591797
585,ails2_etaMax1.000_stoppingTime86400.00,104856.0,25160.379052978515
586,HGS-TV,104788.0,25170.673181056976
587,ails2_etaMax1.000_stoppingTime86400.00,104823.0,25166.646052978514
588,HGS-TV,104788.0,25238.98447203636
589,HGS-TV,104788.0,25512.210844278336
590,HGS-TV,104788.0,25633.818598747253
591,HGS-TV,104788.0,25750.519089221954
592,HGS-TV,104788.0,25840.395579338074
593,HGS-TV,104788.0,25901.2588596344
594,ails2_eoh_omega2,104888.0,25945.056052978514
595,HGS-TV,104788.0,25961.380628347397
596,HGS-TV,104788.0,26038.780453681946
597,HGS-TV,104788.0,26098.884408950806
598,HGS-TV,104788.0,26158.96795105934
599,ails2_etaMax1.000_stoppingTime432000.00,105545.0,26200.517052978517
600,HGS-TV,104788.0,26219.28630256653
601,HGS-TV,104788.0,26279.309975624084
602,HGS-TV,104788.0,26401.368408203125
603,HGS-TV,104788.0,26492.976443767548
604,HGS-TV,104788.0,26553.074744939804
605,HGS-TV,104788.0,26613.10950732231
606,HGS-TV,104788.0,26744.7775683403
607,HGS-TV,104788.0,26804.798402309418
608,HGS-TV,104788.0,26864.966154575348
609,HGS-TV,104788.0,26937.51303434372
610,HGS-TV,104788.0,27040.449212789536
611,ails2_etaMax1.000_stoppingTime86400.00,104822.0,27137.123052978517
612,HGS-TV,104788.0,27153.3819565773
613,ails2_etaMax1.000_stoppingTime86400.00,104789.0,27138.810052978515
614,HGS-TV,104788.0,27213.56580042839
615,HGS-TV,104788.0,27273.775010824203
616,HGS-TV,104788.0,27333.80533528328
617,HGS-TV,104788.0,27476.035932540894
618,HGS-TV,104788.0,27570.43826341629
619,HGS-TV,104788.0,27630.49485516548
620,HGS-TV,104788.0,27703.160972118378
621,HGS-TV,104788.0,27763.171713113785
622,HGS-TV,104788.0,27823.344099760056
623,HGS-TV,104788.0,27883.517355680466
624,HGS-TV,104788.0,28024.961930513382
625,HGS-TV,104788.0,28085.03502702713
626,HGS-TV,104788.0,28153.66166472435
627,ails2_etaMax1.000_stoppingTime86400.00,104783.0,28234.003052978514
628,ails2_etaMax1.000_stoppingTime864000.00,105711.0,28277.659052978517
629,ails2_etaMax1.000_stoppingTime86400.00,104782.0,28234.065052978516
630,ails2_etaMax1.000_stoppingTime864000.00,105692.0,28277.697052978514
631,HGS-TV,104788.0,28356.588015317917
632,HGS-TV,104788.0,28416.655570745468
633,HGS-TV,104788.0,28499.864229679108
634,ails2_etaMax1.000_stoppingTime86400.00,104777.0,28528.655052978516
635,HGS-TV,104788.0,28570.02578663826
636,ails2_etaMax0.010_stoppingTime432000.00,104884.0,28585.901052978516
637,ails2_etaMax1.000_stoppingTime86400.00,104723.0,28552.186052978515
638,HGS-TV,104788.0,28630.05959224701
639,HGS-TV,104788.0,28716.92193222046
640,HGS-TV,104788.0,28776.955446958542
641,ails2_eoh_acc,104532.0,28869.951052978515
642,ails2_etaMax0.005_stoppingTime86400.00,104580.0,28840.459052978516
643,ails2_eoh_acc_large,104585.0,28866.050052978517
644,ails2_etaMax0.020_stoppingTime86400.00,104578.0,28868.404052978516
645,ails2_eoh_acc_large,104553.0,28926.217052978514
646,ails2_etaMax0.005_stoppingTime86400.00,104563.0,28929.929052978514
647,ails2_eoh_acc,104523.0,28921.965052978514
648,ails2_etaMax0.020_stoppingTime86400.00,104551.0,28925.591052978514
649,filo2,104722.0,28949.75329732895
650,ails2_eoh_acc_large,104544.0,28968.489052978515
651,ails2_etaMax0.005_stoppingTime86400.00,104534.0,28956.995052978516
652,ails2_eoh_acc,104521.0,28958.399052978515
653,ails2_etaMax0.020_stoppingTime86400.00,104549.0,28981.062052978516
654,ails2_eoh_acc,104519.0,29035.262052978516
655,ails2_eoh_acc_large,104539.0,29012.789052978515
656,ails2_etaMax0.020_stoppingTime86400.00,104548.0,29086.687052978516
657,HGS-TV,104719.0,29110.881836891174
658,ails2_eoh_acc,104514.0,29098.664052978515
659,ails2_eoh_acc_large,104533.0,29105.717052978514
660,ails2_etaMax0.020_stoppingTime86400.00,104545.0,29100.291052978515
661,HGS-TV,104672.0,29170.97168636322
662,ails2_etaMax0.005_stoppingTime86400.00,104533.0,29174.890052978517
663,ails2_etaMax0.020_stoppingTime86400.00,104537.0,29206.887052978516
664,HGS-TV,104659.0,29231.09106206894
665,ails2_etaMax0.005_stoppingTime86400.00,104531.0,29194.093052978515
666,ails2_eoh_acc_large,104531.0,29267.240052978515
667,ails2_etaMax0.020_stoppingTime86400.00,104535.0,29237.850052978516
668,HGS-TV,104656.0,29291.12868618965
669,ails2_etaMax1.000_stoppingTime432000.00,105535.0,29296.897052978515
670,HGS-TV,104649.0,29351.211317539215
671,ails2_etaMax1.000_stoppingTime432000.00,105533.0,29296.920052978516
672,HGS-TV,104644.0,29411.28532910347
673,HGS-TV,104642.0,29478.23122906685
674,HGS-TV,104633.0,29538.32359981537
675,ails2_etaMax0.005_stoppingTime86400.00,104529.0,29559.693052978517
676,HGS-TV,104626.0,29601.51617050171
677,ails2_etaMax0.005_stoppingTime86400.00,104522.0,29608.289052978515
678,ails2_etaMax1.000_stoppingTime432000.00,105498.0,29679.848052978516
679,ails2_etaMax0.005_stoppingTime86400.00,104518.0,29660.964052978517
680,HGS-TV,104624.0,29705.532644987106
681,ails2_etaMax1.000_stoppingTime1728000.00,105779.0,29715.501052978514
682,ails2_etaMax0.005_stoppingTime86400.00,104517.0,29762.878052978514
683,HGS-TV,104623.0,29765.611088991165
684,HGS-TV,104620.0,29825.640610218048
685,HGS-TV,104619.0,29885.727994918823
686,ails2_etaMax1.000_stoppingTime86400.00,104702.0,29889.114052978515
687,HGS-TV,104605.0,29945.84930205345
688,ails2_etaMax1.000_stoppingTime86400.00,104660.0,29889.637052978516
689,ails2_etaMax0.020_stoppingTime86400.00,104534.0,29968.157052978517
690,HGS-TV,104604.0,30005.88229727745
691,ails2_etaMax0.020_stoppingTime86400.00,104530.0,30020.731052978517
692,HGS-TV,104601.0,30065.904339313507
693,ails2_eoh_acc_large,104529.0,30085.406052978517
694,ails2_etaMax0.020_stoppingTime86400.00,104520.0,30068.698052978514
695,HGS-TV,104593.0,30125.941472530365
696,HGS-TV,104591.0,30185.949793577194
697,HGS-TV,104587.0,30324.161230564117
698,ails2_etaMax0.020_stoppingTime86400.00,104517.0,30364.072052978514
699,HGS-TV,104586.0,30384.228832006454
700,ails2_etaMax0.005_stoppingTime86400.00,104516.0,30385.100052978516
701,ails2_etaMax0.020_stoppingTime86400.00,104512.0,30413.569052978517
702,HGS-TV,104582.0,30482.12689113617
703,ails2_etaMax0.020_stoppingTime86400.00,104507.0,30465.814052978516
704,ails2_etaMax0.020_stoppingTime86400.00,104505.0,30490.375052978514
705,HGS-TV,104579.0,30933.141343832016
706,ails2_etaMax0.005_stoppingTime86400.00,104515.0,30969.921052978516
707,ails2_etaMax0.005_stoppingTime86400.00,104514.0,30983.693052978517
708,ails2_eoh_acc,104512.0,31306.485052978514
709,ails2_etaMax1.000_stoppingTime864000.00,105687.0,31577.766052978517
710,ails2_etaMax0.005_stoppingTime86400.00,104513.0,31582.574052978514
711,HGS-TV,104577.0,31700.321450948715
712,HGS-TV,104575.0,31788.131289720535
713,HGS-TV,104573.0,32017.46468091011
714,ails2_etaMax0.010_stoppingTime432000.00,104879.0,32140.877052978514
715,ails2_etaMax0.010_stoppingTime432000.00,104875.0,32180.282052978517
716,HGS-TV,104572.0,32302.554114818573
717,ails2_etaMax0.005_stoppingTime86400.00,104502.0,32441.158052978517
718,ails2_eoh_acc_large,104499.0,32449.856052978517
719,ails2_etaMax0.010_stoppingTime432000.00,104874.0,32488.448052978514
720,ails2_etaMax0.005_stoppingTime86400.00,104500.0,32476.509052978516
721,ails2_eoh_acc_large,104498.0,32490.182052978515
722,HGS-TV,104504.0,32665.281270503998
723,ails2_etaMax0.005_stoppingTime86400.00,104499.0,32723.595052978515
724,HGS-TV,104503.0,32737.345450162888
725,ails2_etaMax1.000_stoppingTime1728000.00,105778.0,32767.680052978514
726,ails2_etaMax0.005_stoppingTime86400.00,104498.0,32725.673052978516
727,ails2_etaMax1.000_stoppingTime1728000.00,105763.0,32767.705052978516
728,HGS-TV,104502.0,32842.77872419357
729,ails2_etaMax0.005_stoppingTime86400.00,104497.0,32797.297052978516
730,ails2_etaMax0.020_stoppingTime86400.00,104504.0,32917.90705297852
731,ails2_etaMax0.005_stoppingTime86400.00,104496.0,32999.367052978516
732,HGS-TV,104500.0,33221.99516105652
733,ails2_eoh_acc_large,104495.0,33233.54205297852
734,ails2_etaMax1.000_stoppingTime864000.00,105653.0,33267.58805297851
735,ails2_etaMax0.010_stoppingTime432000.00,104873.0,33813.261052978516
736,HGS-TV,104499.0,33980.44076561928
737,ails2_etaMax1.000_stoppingTime432000.00,105446.0,34581.44005297851
738,HGS-TV,104498.0,34705.81098151207
739,ails2_etaMax0.005_stoppingTime86400.00,104495.0,35339.73005297851
740,HGS-TV,104496.0,35392.423013687134
741,ails2_etaMax0.005_stoppingTime86400.00,104494.0,35461.753052978514
742,ails2_etaMax0.005_stoppingTime86400.00,104493.0,35461.789052978515
743,ails2_etaMax0.010_stoppingTime432000.00,104872.0,35664.93605297852
744,ails2_etaMax0.010_stoppingTime432000.00,104871.0,35717.54205297852
745,ails2_eoh_acc_large,104494.0,35992.170052978516
746,ails2_eoh_acc_large,104483.0,36065.11805297851
747,ails2_etaMax1.000_stoppingTime86400.00,104656.0,36088.482052978514
748,ails2_eoh_acc_large,104481.0,36080.67805297852
749,ails2_etaMax1.000_stoppingTime86400.00,104652.0,36088.69105297852
750,ails2_etaMax1.000_stoppingTime86400.00,104630.0,36163.71205297852
751,ails2_etaMax0.020_stoppingTime86400.00,104492.0,36259.21805297852
752,ails2_eoh_acc_large,104469.0,36616.33405297851
753,ails2_etaMax0.020_stoppingTime86400.00,104491.0,36690.55505297852
754,ails2_etaMax0.020_stoppingTime86400.00,104490.0,36693.62705297852
755,ails2_etaMax0.020_stoppingTime86400.00,104489.0,36925.62705297852
756,ails2_etaMax0.020_stoppingTime86400.00,104486.0,36926.99305297851
757,HGS-TV,104482.0,37772.38930749893
758,ails2_etaMax0.020_stoppingTime86400.00,104485.0,38176.78305297851
759,ails2_etaMax0.020_stoppingTime86400.00,104484.0,38178.29805297851
760,HGS-TV,104481.0,38677.20798110962
761,ails2_eoh_acc_large,104467.0,38940.29005297852
762,ails2_etaMax0.020_stoppingTime86400.00,104483.0,39136.89005297852
763,ails2_etaMax0.020_stoppingTime86400.00,104481.0,39175.70105297852
764,ails2_etaMax0.005_stoppingTime86400.00,104492.0,39263.30705297852
765,ails2_eoh_acc_large,104466.0,39860.287052978514
766,ails2_eoh_acc_large,104464.0,39861.92605297852
767,ails2_etaMax1.000_stoppingTime86400.00,104626.0,40737.401052978516
768,ails2_eoh_acc_large,104462.0,40756.63305297852
769,ails2_etaMax1.000_stoppingTime86400.00,104595.0,40738.077052978515
770,HGS-TV,104466.0,41183.28856301308
771,HGS-TV,104465.0,41327.276438474655
772,HGS-TV,104464.0,41387.35363435745
773,ails2_etaMax1.000_stoppingTime432000.00,105439.0,41641.973052978516
774,ails2_etaMax0.010_stoppingTime432000.00,104870.0,41825.092052978514
775,ails2_etaMax1.000_stoppingTime864000.00,105650.0,43440.236052978515
776,ails2_etaMax1.000_stoppingTime864000.00,105618.0,43440.272052978515
777,ails2_etaMax1.000_stoppingTime1728000.00,105743.0,44080.74705297851
778,ails2_etaMax1.000_stoppingTime1728000.00,105685.0,44082.609052978514
779,ails2_etaMax1.000_stoppingTime864000.00,105591.0,44272.67405297852
780,ails2_etaMax1.000_stoppingTime864000.00,105544.0,44273.291052978515
781,ails2_etaMax1.000_stoppingTime432000.00,105437.0,45103.912052978514
782,ails2_etaMax1.000_stoppingTime432000.00,105399.0,45104.72005297852
783,HGS-TV,104462.0,46013.921862363815
784,HGS-TV,104462.0,46074.02483820915
785,HGS-TV,104462.0,46134.06593132019
786,HGS-TV,104462.0,46194.26230883598
787,ails2_etaMax1.000_stoppingTime86400.00,104588.0,46244.259052978516
788,HGS-TV,104462.0,46254.35020041466
789,ails2_etaMax1.000_stoppingTime86400.00,104576.0,46300.149052978515
790,HGS-TV,104462.0,46314.366500377655
791,ails2_etaMax1.000_stoppingTime86400.00,104547.0,46344.65905297852
792,HGS-TV,104462.0,46374.43574857712
793,HGS-TV,104462.0,46434.45017981529
794,HGS-TV,104462.0,46494.53681087494
795,HGS-TV,104462.0,46554.57005095482
796,HGS-TV,104462.0,46614.92015552521
797,HGS-TV,104462.0,46675.00408911705
798,HGS-TV,104462.0,46735.170630693436
799,HGS-TV,104462.0,46795.49351143837
800,HGS-TV,104462.0,47055.54034423828
801,HGS-TV,104462.0,47165.93285059929
802,HGS-TV,104462.0,47225.959136009216
803,HGS-TV,104462.0,47318.490668058395
804,HGS-TV,104462.0,47451.98316884041
805,HGS-TV,104462.0,47539.78605437279
806,HGS-TV,104462.0,47625.71619653702
807,HGS-TV,104462.0,47685.826862335205
808,HGS-TV,104462.0,47745.99740433693
809,HGS-TV,104462.0,47862.25176382065
810,HGS-TV,104462.0,47922.39929986
811,HGS-TV,104462.0,47982.549394607544
812,HGS-TV,104462.0,48128.8983938694
813,HGS-TV,104462.0,48216.322255373
814,HGS-TV,104462.0,48337.54163622856
815,HGS-TV,104462.0,48397.61229658127
816,HGS-TV,104462.0,48457.715903520584
817,HGS-TV,104462.0,48517.74011850357
818,HGS-TV,104462.0,48577.854895591736
819,ails2_etaMax1.000_stoppingTime86400.00,104543.0,48633.715052978514
820,HGS-TV,104462.0,48637.88997030258
821,ails2_etaMax1.000_stoppingTime86400.00,104533.0,48654.219052978515
822,HGS-TV,104462.0,48697.893458127975
823,HGS-TV,104462.0,48793.98117876053
824,HGS-TV,104462.0,48867.35689854622
825,HGS-TV,104462.0,48927.415850400925
826,HGS-TV,104462.0,49069.9882543087
827,HGS-TV,104462.0,49130.00291490555
828,HGS-TV,104462.0,49190.283688783646
829,HGS-TV,104462.0,49250.3565428257
830,HGS-TV,104462.0,49310.4206097126
831,HGS-TV,104462.0,49370.47267103195
832,HGS-TV,104462.0,49460.33495402336
833,HGS-TV,104462.0,49520.42572426796
834,HGS-TV,104462.0,49580.48215842247
835,HGS-TV,104462.0,49646.705800294876
836,HGS-TV,104462.0,49706.79745697975
837,HGS-TV,104462.0,49833.026684999466
838,HGS-TV,104462.0,50085.58479642868
839,HGS-TV,104462.0,50233.37271666527
840,HGS-TV,104462.0,50293.534012556076
841,HGS-TV,104462.0,50353.538405418396
842,HGS-TV,104462.0,50413.67060184479
843,HGS-TV,104462.0,50536.62445187569
844,HGS-TV,104462.0,50596.68474841118
845,HGS-TV,104462.0,50656.77004170418
846,HGS-TV,104462.0,50760.17105293274
847,HGS-TV,104462.0,50820.375291347504
848,HGS-TV,104462.0,50880.38469004631
849,HGS-TV,104462.0,50940.441128492355
850,HGS-TV,104462.0,51011.16125392914
851,HGS-TV,104462.0,51071.28524494171
852,HGS-TV,104462.0,51131.28638124466
853,HGS-TV,104462.0,51191.40935707092
854,HGS-TV,104462.0,51358.56363797188
855,HGS-TV,104462.0,51440.15584445
856,ails2_etaMax1.000_stoppingTime432000.00,105394.0,51481.416052978515
857,ails2_etaMax1.000_stoppingTime432000.00,105378.0,51550.005052978515
858,ails2_etaMax1.000_stoppingTime86400.00,104527.0,51559.56105297852
859,HGS-TV,104462.0,51565.31712985039
860,ails2_etaMax1.000_stoppingTime432000.00,105359.0,51636.40005297852
861,ails2_etaMax1.000_stoppingTime432000.00,105312.0,51636.54005297852
862,ails2_etaMax1.000_stoppingTime86400.00,104526.0,51876.225052978516
863,ails2_etaMax1.000_stoppingTime86400.00,104518.0,51876.867052978516
864,HGS-TV,104462.0,51978.42364859581
865,HGS-TV,104462.0,52038.50308942795
866,ails2_etaMax1.000_stoppingTime86400.00,104516.0,52079.071052978514
867,HGS-TV,104462.0,52098.624891996384
868,ails2_etaMax1.000_stoppingTime86400.00,104511.0,52082.76605297851
869,HGS-TV,104462.0,52253.60625624657
870,ails2_etaMax1.000_stoppingTime86400.00,104510.0,52325.76205297851
871,HGS-TV,104462.0,52366.09967756271
872,HGS-TV,104462.0,52557.57070875168
873,HGS-TV,104462.0,52617.57076001167
874,HGS-TV,104462.0,52750.27063655853
875,HGS-TV,104462.0,52827.58527612686
876,ails2_etaMax1.000_stoppingTime86400.00,104505.0,52994.64605297852
877,HGS-TV,104462.0,53023.95923089981
878,ails2_etaMax1.000_stoppingTime86400.00,104501.0,52994.958052978516
879,HGS-TV,104462.0,53216.130194187164
880,HGS-TV,104462.0,53276.21680045128
881,HGS-TV,104462.0,53336.22570729256
882,HGS-TV,104462.0,53396.34504818916
883,ails2_etaMax1.000_stoppingTime86400.00,104500.0,53402.67305297851
884,HGS-TV,104462.0,53505.39005494118
885,HGS-TV,104462.0,53565.43947958946
886,HGS-TV,104462.0,53625.44530200958
887,HGS-TV,104462.0,53714.251827955246
888,HGS-TV,104462.0,53878.66634273529
889,HGS-TV,104462.0,53938.73227214813
890,HGS-TV,104462.0,54258.12041783333
891,HGS-TV,104462.0,54397.5811085701
892,HGS-TV,104462.0,54457.595313072205
893,HGS-TV,104462.0,54517.63731837273
894,HGS-TV,104462.0,54732.337973833084
895,ails2_etaMax0.020_stoppingTime86400.00,104461.0,54844.416052978515
896,HGS-TV,104462.0,55032.82799053192
897,HGS-TV,104462.0,55516.96643900871
898,ails2_etaMax1.000_stoppingTime86400.00,104498.0,55594.115052978515
899,HGS-TV,104462.0,55595.68493318558
900,ails2_etaMax1.000_stoppingTime432000.00,105299.0,55626.57205297852
901,ails2_etaMax1.000_stoppingTime86400.00,104493.0,55614.715052978514
902,ails2_etaMax1.000_stoppingTime432000.00,105245.0,55629.01405297851
903,ails2_etaMax1.000_stoppingTime86400.00,104491.0,55665.12905297852
904,HGS-TV,104462.0,55789.835777282715
905,HGS-TV,104462.0,56043.015503168106
906,HGS-TV,104462.0,56114.49532032013
907,HGS-TV,104462.0,56302.7173140049
908,HGS-TV,104462.0,56362.75083374977
909,HGS-TV,104462.0,56443.653673172
910,HGS-TV,104462.0,56567.45649242401
911,HGS-TV,104462.0,56627.50040125847
912,HGS-TV,104462.0,56722.72852063179
913,HGS-TV,104462.0,56796.542365550995
914,HGS-TV,104462.0,56856.57119870186
915,HGS-TV,104462.0,56917.77189898491
916,HGS-TV,104462.0,56977.8095831871
917,HGS-TV,104462.0,57037.828493118286
918,HGS-TV,104462.0,57205.69332933426
919,HGS-TV,104462.0,57522.21937465668
920,ails2_eoh_acc_large,104458.0,57654.475052978516
921,HGS-TV,104460.0,58033.702798604965
922,HGS-TV,104459.0,58159.486607313156
923,HGS-TV,104458.0,58286.64524269104
924,ails2_etaMax1.000_stoppingTime86400.00,104488.0,58615.32205297852
925,ails2_etaMax1.000_stoppingTime86400.00,104479.0,58625.58205297851
926,ails2_etaMax1.000_stoppingTime86400.00,104478.0,59236.07205297852
927,ails2_etaMax1.000_stoppingTime86400.00,104477.0,59901.76205297851
928,ails2_etaMax1.000_stoppingTime86400.00,104476.0,59902.17105297851
929,HGS-TV,104458.0,60222.64699482918
930,HGS-TV,104458.0,60282.71503472328
931,HGS-TV,104458.0,60342.89066028595
932,HGS-TV,104458.0,60402.957359075546
933,HGS-TV,104458.0,60463.01524353027
934,HGS-TV,104458.0,60523.04591727257
935,HGS-TV,104458.0,60654.16890120506
936,HGS-TV,104458.0,60714.369361162186
937,HGS-TV,104458.0,60774.41018533707
938,HGS-TV,104458.0,60834.51626300812
939,HGS-TV,104458.0,60894.68900465965
940,HGS-TV,104458.0,60954.693415641785
941,ails2_etaMax0.005_stoppingTime86400.00,104460.0,61022.761052978516
942,HGS-TV,104458.0,61044.32458329201
943,HGS-TV,104458.0,61104.34920811653
944,ails2_etaMax1.000_stoppingTime86400.00,104475.0,61120.058052978515
945,HGS-TV,104458.0,61164.41926240921
946,ails2_etaMax1.000_stoppingTime86400.00,104474.0,61120.21205297852
947,ails2_etaMax1.000_stoppingTime86400.00,104473.0,61341.40005297852
948,ails2_etaMax1.000_stoppingTime86400.00,104470.0,61341.433052978515
949,ails2_etaMax1.000_stoppingTime432000.00,105222.0,62120.58705297852
950,ails2_etaMax1.000_stoppingTime864000.00,105515.0,62585.23005297851
951,HGS-TV,104458.0,63494.0476667881
952,HGS-TV,104458.0,63554.15417981148
953,HGS-TV,104458.0,63614.20905089378
954,HGS-TV,104458.0,63674.37503361702
955,HGS-TV,104458.0,63734.509689331055
956,HGS-TV,104458.0,63794.59135365486
957,HGS-TV,104458.0,63854.95693683624
958,HGS-TV,104458.0,63915.03691983223
959,HGS-TV,104458.0,64023.94303250313
960,HGS-TV,104458.0,64084.18531560898
961,HGS-TV,104458.0,64144.43683767319
962,HGS-TV,104458.0,64204.5474281311
963,HGS-TV,104458.0,64264.77202582359
964,HGS-TV,104458.0,64324.99069595337
965,HGS-TV,104458.0,64384.99361538887
966,HGS-TV,104458.0,64445.26464176178
967,HGS-TV,104458.0,64505.690264225006
968,HGS-TV,104458.0,64614.36413502693
969,HGS-TV,104458.0,64674.501636743546
970,HGS-TV,104458.0,64734.72999429703
971,HGS-TV,104458.0,64951.65038561821
972,HGS-TV,104458.0,65011.72932100296
973,HGS-TV,104458.0,65071.8410282135
974,HGS-TV,104458.0,65131.98429489136
975,HGS-TV,104458.0,65192.12261199951
976,HGS-TV,104458.0,65252.13476753235
977,HGS-TV,104458.0,65312.41510462761
978,HGS-TV,104458.0,65484.25799751282
979,HGS-TV,104458.0,65596.32017326355
980,HGS-TV,104458.0,65679.71314573288
981,HGS-TV,104458.0,66122.94590878487
982,HGS-TV,104458.0,66182.96028351784
983,HGS-TV,104458.0,66243.13181614876
984,HGS-TV,104458.0,66303.25905942917
985,HGS-TV,104458.0,66425.41552090645
986,HGS-TV,104458.0,66613.81382656097
987,HGS-TV,104458.0,66674.02077841759
988,HGS-TV,104458.0,66939.29904270172
989,HGS-TV,104458.0,67008.45770835876
990,HGS-TV,104458.0,67068.64593338966
991,ails2_etaMax1.000_stoppingTime1728000.00,105677.0,67236.03605297851
992,HGS-TV,104458.0,67362.88664889336
993,HGS-TV,104458.0,67448.85217952728
994,HGS-TV,104458.0,67613.87874817848
995,ails2_etaMax1.000_stoppingTime864000.00,105499.0,67738.81205297852
996,ails2_etaMax1.000_stoppingTime864000.00,105464.0,67738.84205297852
997,HGS-TV,104458.0,67986.12469100952
998,HGS-TV,104458.0,68046.17755818367
999,HGS-TV,104458.0,68106.25519227982
1000,HGS-TV,104458.0,68189.89391875267
1001,HGS-TV,104458.0,68254.21011924744
1002,HGS-TV,104458.0,68318.96929264069
1003,HGS-TV,104458.0,68379.19969296455
1004,HGS-TV,104458.0,68439.22987365723
1005,HGS-TV,104458.0,68499.39496827126
1006,HGS-TV,104458.0,68559.619140625
1007,HGS-TV,104458.0,68619.63812565804
1008,HGS-TV,104458.0,68679.8737885952
1009,ails2_etaMax1.000_stoppingTime432000.00,105214.0,68695.77405297852
1010,ails2_etaMax1.000_stoppingTime432000.00,105202.0,68695.82405297851
1011,HGS-TV,104458.0,68790.84878873825
1012,HGS-TV,104458.0,68879.39817881584
1013,HGS-TV,104458.0,68939.42399644852
1014,HGS-TV,104458.0,69073.08195495605
1015,HGS-TV,104458.0,69133.29470419884
1016,HGS-TV,104458.0,69313.46478414536
1017,HGS-TV,104458.0,69373.55393314362
1018,HGS-TV,104458.0,69433.57232284546
1019,HGS-TV,104458.0,69518.63366627693
1020,HGS-TV,104458.0,69578.72808980942
1021,HGS-TV,104458.0,69638.75805664062
1022,HGS-TV,104458.0,69698.83414578438
1023,HGS-TV,104458.0,69758.89300847054
1024,HGS-TV,104458.0,69818.90337467194
1025,HGS-TV,104458.0,69878.98126602173
1026,HGS-TV,104458.0,69976.00562357903
1027,HGS-TV,104458.0,70073.99149894714
1028,ails2_etaMax1.000_stoppingTime432000.00,105181.0,70082.76505297852
1029,HGS-TV,104458.0,70134.07609057426
1030,HGS-TV,104458.0,70194.18263602257
1031,ails2_etaMax1.000_stoppingTime1728000.00,105673.0,70217.23705297851
1032,HGS-TV,104458.0,70254.26470756531
1033,HGS-TV,104458.0,70441.7455625534
1034,ails2_etaMax1.000_stoppingTime432000.00,105173.0,70450.69405297852
1035,HGS-TV,104458.0,70509.1183719635
1036,HGS-TV,104458.0,70569.19976353645
1037,HGS-TV,104458.0,70634.2789876461
1038,HGS-TV,104458.0,70694.28210282326
1039,HGS-TV,104458.0,70754.48264336586
1040,HGS-TV,104458.0,70814.54804897308
1041,ails2_eoh_omega2,104887.0,70844.71605297852
1042,HGS-TV,104458.0,70874.60773968697
1043,ails2_eoh_omega2,104878.0,70888.30505297851
1044,HGS-TV,104458.0,70934.72525191307
1045,ails2_eoh_omega2,104877.0,70946.64505297852
1046,HGS-TV,104458.0,70994.78200292587
1047,HGS-TV,104458.0,71054.85813832283
1048,HGS-TV,104458.0,71114.86698627472
1049,HGS-TV,104458.0,71189.99130225182
1050,HGS-TV,104458.0,71250.17009902
1051,HGS-TV,104458.0,71310.20984697342
1052,HGS-TV,104458.0,71370.39385867119
1053,ails2_eoh_omega2,104876.0,71374.05205297851
1054,ails2_eoh_omega2,104874.0,71385.35805297851
1055,HGS-TV,104458.0,71439.04762458801
1056,ails2_etaMax1.000_stoppingTime864000.00,105456.0,71516.10805297851
1057,HGS-TV,104458.0,71518.47476100922
1058,HGS-TV,104458.0,71578.54488945007
1059,HGS-TV,104458.0,71638.61862564087
1060,ails2_etaMax1.000_stoppingTime1728000.00,105659.0,71678.89905297852
1061,HGS-TV,104458.0,71698.64596533775
1062,HGS-TV,104458.0,71758.77093696594
1063,HGS-TV,104458.0,71887.88301205635
1064,HGS-TV,104458.0,71947.92243003845
1065,HGS-TV,104458.0,72007.93867063522
1066,HGS-TV,104458.0,72067.96221137047
1067,ails2_etaMax1.000_stoppingTime432000.00,105172.0,72073.23605297852
1068,HGS-TV,104458.0,72128.01479935646
1069,HGS-TV,104458.0,72188.089250803
1070,HGS-TV,104458.0,72248.1865363121
1071,HGS-TV,104458.0,72308.43341469765
1072,HGS-TV,104458.0,72368.50221657753
1073,HGS-TV,104458.0,72428.53940844536
1074,HGS-TV,104458.0,72509.02288460732
1075,HGS-TV,104458.0,72569.04577159882
1076,HGS-TV,104458.0,72633.91352963448
1077,HGS-TV,104458.0,72693.98677325249
1078,HGS-TV,104458.0,72754.0497777462
1079,HGS-TV,104458.0,72886.76209378242
1080,HGS-TV,104458.0,72987.3944272995
1081,HGS-TV,104458.0,73047.42290616035
1082,HGS-TV,104458.0,73107.42341923714
1083,HGS-TV,104458.0,73254.25110244751
1084,HGS-TV,104458.0,73395.84425663948
1085,HGS-TV,104458.0,73455.9057507515
1086,HGS-TV,104458.0,73583.93502354622
1087,ails2_etaMax1.000_stoppingTime432000.00,105169.0,73617.57905297852
1088,ails2_etaMax1.000_stoppingTime86400.00,104468.0,73626.15805297851
1089,HGS-TV,104458.0,73644.01598119736
1090,ails2_etaMax1.000_stoppingTime86400.00,104467.0,73721.35405297851
1091,ails2_etaMax1.000_stoppingTime432000.00,105165.0,73786.96405297851
1092,HGS-TV,104458.0,73809.38312721252
1093,ails2_etaMax1.000_stoppingTime432000.00,105112.0,73787.67505297852
1094,HGS-TV,104458.0,73990.66170597076
1095,HGS-TV,104458.0,74051.01692271233
1096,HGS-TV,104458.0,74215.32782912254
1097,HGS-TV,104458.0,74290.93973946571
1098,HGS-TV,104458.0,74608.10736370087
1099,HGS-TV,104458.0,74747.66350698471
1100,HGS-TV,104458.0,74812.85860729218
1101,HGS-TV,104458.0,74872.94890761375
1102,HGS-TV,104458.0,74946.86019825935
1103,HGS-TV,104458.0,75281.44869947433
1104,HGS-TV,104458.0,75341.60594582558
1105,ails2_etaMax1.000_stoppingTime1728000.00,105638.0,75364.35405297851
1106,HGS-TV,104458.0,75401.60835933685
1107,HGS-TV,104458.0,75461.68677401543
1108,HGS-TV,104458.0,75521.8722281456
1109,HGS-TV,104458.0,75978.67544913292
1110,ails2_etaMax1.000_stoppingTime1728000.00,105636.0,76365.09505297852
1111,HGS-TV,104458.0,76518.95959377289
1112,ails2_etaMax1.000_stoppingTime864000.00,105399.0,76591.56605297851
1113,HGS-TV,104458.0,76642.33117389679
1114,ails2_etaMax1.000_stoppingTime864000.00,105394.0,76591.59205297852
1115,ails2_etaMax1.000_stoppingTime86400.00,104466.0,76747.24805297851
1116,HGS-TV,104458.0,76893.8679766655
1117,HGS-TV,104458.0,78558.92559337616
1118,HGS-TV,104458.0,78985.69610714912
1119,HGS-TV,104458.0,79045.71054792404
1120,HGS-TV,104458.0,79239.9614098072
1121,HGS-TV,104458.0,80452.26707434654
1122,HGS-TV,104458.0,80533.52675819397
1123,HGS-TV,104458.0,80625.34898710251
1124,HGS-TV,104458.0,80788.15036821365
1125,ails2_etaMax1.000_stoppingTime432000.00,105088.0,82376.05005297852
1126,HGS-TV,104458.0,82938.76867818832
1127,HGS-TV,104458.0,82998.8498673439
1128,HGS-TV,104458.0,83549.62265920639
1129,HGS-TV,104458.0,83609.68707871437
1130,HGS-TV,104458.0,83802.01243710518
1131,HGS-TV,104458.0,84352.95757985115
1132,ails2_etaMax1.000_stoppingTime432000.00,105063.0,84779.41105297851
1133,ails2_etaMax1.000_stoppingTime432000.00,105051.0,84779.76905297852
1134,HGS-TV,104458.0,84950.88511562347
1135,HGS-TV,104458.0,85439.41327261925
1136,ails2_etaMax1.000_stoppingTime864000.00,105382.0,86110.10205297852
1137,ails2_etaMax0.020_stoppingTime86400.00,104457.0,87243.76705297851
1138,HGS-TV,104458.0,87389.59244394302
1139,HGS-TV,104458.0,87449.81766152382
1140,HGS-TV,104458.0,87509.94401431084
1141,HGS-TV,104458.0,87569.9441165924
1142,HGS-TV,104458.0,87629.98172140121
1143,HGS-TV,104458.0,87690.00113511086
1144,HGS-TV,104458.0,87750.09478831291
1145,HGS-TV,104458.0,87810.14431524277
1146,HGS-TV,104458.0,87870.22812128067
1147,HGS-TV,104458.0,87966.2108399868
1148,HGS-TV,104458.0,88026.33751130104
1149,HGS-TV,104458.0,88086.34233593941
1150,HGS-TV,104458.0,88146.47828364372
1151,ails2_etaMax1.000_stoppingTime432000.00,105049.0,88271.00905297851
1152,HGS-TV,104458.0,88313.2520916462
1153,HGS-TV,104458.0,88404.75308918953
1154,HGS-TV,104458.0,88464.81339526176
1155,HGS-TV,104458.0,88524.89094662666
1156,HGS-TV,104458.0,88584.89890623093
1157,HGS-TV,104458.0,88644.95761156082
1158,HGS-TV,104458.0,88741.79412937164
1159,HGS-TV,104458.0,88801.89757585526
1160,HGS-TV,104458.0,88861.92359399796
1161,HGS-TV,104458.0,88922.03128004074
1162,HGS-TV,104458.0,88982.17887449265
1163,HGS-TV,104458.0,89069.0034558773
1164,ails2_etaMax1.000_stoppingTime1728000.00,105629.0,89080.16005297852
1165,ails2_etaMax1.000_stoppingTime1728000.00,105628.0,89080.19805297852
1166,HGS-TV,104458.0,89147.435059309
1167,HGS-TV,104458.0,89309.65027928352
1168,HGS-TV,104458.0,89369.712839365
1169,HGS-TV,104458.0,89429.78678154945
1170,HGS-TV,104458.0,89489.83595824242
1171,ails2_etaMax1.000_stoppingTime432000.00,105046.0,89566.31205297852
1172,HGS-TV,104458.0,89597.80951142311
1173,ails2_etaMax1.000_stoppingTime432000.00,105023.0,89566.59805297852
1174,ails2_etaMax0.020_stoppingTime86400.00,104456.0,89656.45805297852
1175,HGS-TV,104458.0,89657.84311652184
1176,ails2_etaMax0.020_stoppingTime86400.00,104455.0,89656.64405297852
1177,HGS-TV,104458.0,89792.10454893112
1178,HGS-TV,104458.0,89852.40965652466
1179,HGS-TV,104458.0,89912.53621053696
1180,HGS-TV,104458.0,89980.42415881157
1181,ails2_etaMax0.005_stoppingTime86400.00,104454.0,90076.92705297851
1182,ails2_etaMax1.000_stoppingTime432000.00,105021.0,90705.70905297852
1183,ails2_etaMax1.000_stoppingTime432000.00,105004.0,90705.73405297851
1184,HGS-TV,104454.0,90790.33174276352
1185,ails2_etaMax1.000_stoppingTime432000.00,104994.0,91125.87505297852
1186,ails2_etaMax1.000_stoppingTime432000.00,104993.0,91125.89505297852
1187,HGS-TV,104454.0,92446.2440700531
1188,HGS-TV,104454.0,92506.37157130241
1189,HGS-TV,104454.0,92566.5286617279
1190,HGS-TV,104454.0,92626.64662265778
1191,HGS-TV,104454.0,92686.69398880005
1192,HGS-TV,104454.0,92824.57810878754
1193,HGS-TV,104454.0,92884.7144010067
1194,HGS-TV,104454.0,92944.80609512329
1195,HGS-TV,104454.0,93004.83981919289
1196,HGS-TV,104454.0,93064.88483190536
1197,HGS-TV,104454.0,93125.04960393906
1198,HGS-TV,104454.0,93185.2080385685
1199,HGS-TV,104454.0,93261.93321681023
1200,HGS-TV,104454.0,93345.69920802116
1201,HGS-TV,104454.0,93405.85645222664
1202,HGS-TV,104454.0,93466.03106021881
1203,HGS-TV,104454.0,93526.03162646294
1204,HGS-TV,104454.0,93586.1688401699
1205,ails2_etaMax1.000_stoppingTime1728000.00,105594.0,93941.57405297851
1206,ails2_etaMax1.000_stoppingTime1728000.00,105576.0,93941.59705297851
1207,ails2_etaMax1.000_stoppingTime432000.00,104986.0,95343.33105297851
1208,ails2_etaMax1.000_stoppingTime432000.00,104934.0,95356.06305297851
1209,HGS-TV,104454.0,95410.08825874329
1210,HGS-TV,104454.0,95470.16311764717
1211,HGS-TV,104454.0,95530.20096087456
1212,HGS-TV,104454.0,95590.24002361298
1213,HGS-TV,104454.0,95650.46042966843
1214,HGS-TV,104454.0,95710.59853935242
1215,HGS-TV,104454.0,95770.70751190186
1216,HGS-TV,104454.0,95830.74315929413
1217,HGS-TV,104454.0,95890.95659685135
1218,HGS-TV,104454.0,95951.12398338318
1219,HGS-TV,104454.0,96011.26086187363
1220,HGS-TV,104454.0,96081.71764707565
1221,HGS-TV,104454.0,96151.63097167015
1222,HGS-TV,104454.0,96211.80752944946
1223,HGS-TV,104454.0,96298.57652783394
1224,HGS-TV,104454.0,96358.76341700554
1225,HGS-TV,104454.0,96426.16128563881
1226,HGS-TV,104454.0,96486.24010157585
1227,HGS-TV,104454.0,96592.23688292503
1228,HGS-TV,104454.0,96652.2819404602
1229,HGS-TV,104454.0,96712.42506241798
1230,HGS-TV,104454.0,96772.44621515274
1231,HGS-TV,104454.0,96871.16978859901
1232,ails2_etaMax1.000_stoppingTime864000.00,105376.0,96902.72505297851
1233,HGS-TV,104454.0,96931.34830927849
1234,ails2_etaMax1.000_stoppingTime864000.00,105300.0,96904.05505297851
1235,HGS-TV,104454.0,96991.35891056061
1236,HGS-TV,104454.0,97083.74897241592
1237,HGS-TV,104454.0,97143.81688809395
1238,HGS-TV,104454.0,97203.91647434235
1239,HGS-TV,104454.0,97391.1854057312
1240,HGS-TV,104454.0,97451.20871734619
1241,HGS-TV,104454.0,97511.33199620247
1242,HGS-TV,104454.0,97571.4610273838
1243,HGS-TV,104454.0,97631.4876344204
1244,HGS-TV,104454.0,97720.96293640137
1245,HGS-TV,104454.0,97781.03057384491
1246,HGS-TV,104454.0,97879.05594849586
1247,HGS-TV,104454.0,97973.63855242729
1248,HGS-TV,104454.0,98033.78181648254
1249,HGS-TV,104454.0,98136.75129938126
1250,HGS-TV,104454.0,98252.02621483803
1251,HGS-TV,104454.0,98583.00389456749
1252,HGS-TV,104454.0,98643.13536524773
1253,HGS-TV,104454.0,98857.26154947281
1254,HGS-TV,104454.0,98981.12500739098
1255,HGS-TV,104454.0,99052.75894856453
1256,HGS-TV,104454.0,99112.83089447021
1257,HGS-TV,104454.0,99172.94767522812
1258,HGS-TV,104454.0,99233.05343818665
1259,HGS-TV,104454.0,99411.79018855095
1260,HGS-TV,104454.0,99471.87172722816
1261,HGS-TV,104454.0,99556.72162747383
1262,HGS-TV,104454.0,99616.74816155434
1263,HGS-TV,104454.0,99676.82135748863
1264,HGS-TV,104454.0,99736.84038376808
1265,HGS-TV,104454.0,99796.92175722122
1266,HGS-TV,104454.0,99882.50325489044
1267,HGS-TV,104454.0,100003.34000587463
1268,HGS-TV,104454.0,100108.81219005585
1269,HGS-TV,104454.0,100213.88105678558
1270,HGS-TV,104454.0,100273.93952035904
1271,HGS-TV,104454.0,100344.36537837982
1272,HGS-TV,104454.0,100425.73871684074
1273,HGS-TV,104454.0,100555.13557195663
1274,HGS-TV,104454.0,100647.82093524933
1275,HGS-TV,104454.0,100707.87399482727
1276,HGS-TV,104454.0,100820.50438857079
1277,HGS-TV,104454.0,100904.65903186798
1278,HGS-TV,104454.0,100964.71965050697
1279,HGS-TV,104454.0,101043.46519088745
1280,HGS-TV,104454.0,101103.6034219265
1281,HGS-TV,104454.0,101163.60521960258
1282,HGS-TV,104454.0,101223.84806346893
1283,HGS-TV,104454.0,101283.99255681038
1284,HGS-TV,104454.0,101344.12572622299
1285,HGS-TV,104454.0,101404.31961679459
1286,HGS-TV,104454.0,101464.35863876343
1287,HGS-TV,104454.0,101524.42389345169
1288,HGS-TV,104454.0,101584.44011235237
1289,HGS-TV,104454.0,101644.50211143494
1290,HGS-TV,104454.0,101704.59389543533
1291,HGS-TV,104454.0,101764.70568919182
1292,HGS-TV,104454.0,101893.57244753838
1293,HGS-TV,104454.0,101953.61397695541
1294,HGS-TV,104454.0,102013.68337774277
1295,HGS-TV,104454.0,102073.70723438263
1296,HGS-TV,104454.0,102133.78358626366
1297,HGS-TV,104454.0,102199.6935107708
1298,HGS-TV,104454.0,102259.76263165474
1299,HGS-TV,104454.0,102319.92665505409
1300,HGS-TV,104454.0,102380.01730132103
1301,HGS-TV,104454.0,102449.25325584412
1302,HGS-TV,104454.0,102509.2884876728
1303,HGS-TV,104454.0,102569.35258316994
1304,HGS-TV,104454.0,102629.40465855598
1305,HGS-TV,104454.0,102696.08364701271
1306,HGS-TV,104454.0,102756.09401631355
1307,HGS-TV,104454.0,102816.19314622879
1308,HGS-TV,104454.0,102876.25521540642
1309,HGS-TV,104454.0,102948.71979475021
1310,HGS-TV,104454.0,103008.74565529823
1311,HGS-TV,104454.0,103333.17429590225
1312,HGS-TV,104454.0,103454.44033312798
1313,HGS-TV,104454.0,103514.47374010086
1314,HGS-TV,104454.0,103705.27550935745
1315,HGS-TV,104454.0,103793.08338212967
1316,HGS-TV,104454.0,103859.84038758278
1317,HGS-TV,104454.0,103919.87323999405
1318,HGS-TV,104454.0,104277.94170594215
1319,ails2_etaMax1.000_stoppingTime1728000.00,105570.0,104366.57805297851
1320,HGS-TV,104454.0,104487.13653993607
1321,HGS-TV,104454.0,104547.19434475899
1322,HGS-TV,104454.0,104607.23794436455
1323,ails2_etaMax1.000_stoppingTime432000.00,104929.0,104609.07205297852
1324,HGS-TV,104454.0,104667.37596797943
1325,ails2_etaMax1.000_stoppingTime432000.00,104919.0,104609.13405297851
1326,HGS-TV,104454.0,104899.13922142982
1327,ails2_etaMax1.000_stoppingTime1728000.00,105543.0,105018.48205297852
1328,HGS-TV,104454.0,105112.81831097603
1329,HGS-TV,104454.0,105203.96967768669
1330,HGS-TV,104454.0,105264.08735609055
1331,HGS-TV,104454.0,105324.11836481094
1332,HGS-TV,104454.0,105384.25155878067
1333,HGS-TV,104454.0,105444.28980326653
1334,HGS-TV,104454.0,105504.29719519615
1335,HGS-TV,104454.0,105573.3098230362
1336,HGS-TV,104454.0,105633.45136713982
1337,HGS-TV,104454.0,105693.51434159279
1338,HGS-TV,104454.0,105793.82048344612
1339,ails2_etaMax1.000_stoppingTime432000.00,104913.0,105999.22605297851
1340,ails2_etaMax1.000_stoppingTime432000.00,104878.0,105999.55705297852
1341,ails2_etaMax1.000_stoppingTime432000.00,104877.0,106180.10805297851
1342,HGS-TV,104454.0,106302.65627527237
1343,HGS-TV,104454.0,106915.16992759705
1344,HGS-TV,104454.0,107195.64912462234
1345,ails2_etaMax0.010_stoppingTime432000.00,104869.0,108759.28505297852
1346,HGS-TV,104454.0,109367.2440290451
1347,HGS-TV,104454.0,109427.43605947495
1348,HGS-TV,104454.0,109487.67882537842
1349,HGS-TV,104454.0,109562.92631006241
1350,HGS-TV,104454.0,109623.02272868156
1351,HGS-TV,104454.0,109683.09377646446
1352,HGS-TV,104454.0,109743.09775424004
1353,HGS-TV,104454.0,109803.10974264145
1354,HGS-TV,104454.0,109863.28268289566
1355,HGS-TV,104454.0,109982.14168262482
1356,HGS-TV,104454.0,110042.23002290726
1357,HGS-TV,104454.0,110102.27328205109
1358,HGS-TV,104454.0,110162.38163328171
1359,HGS-TV,104454.0,110222.57089328766
1360,HGS-TV,104454.0,110282.6789085865
1361,HGS-TV,104454.0,110342.75355052948
1362,HGS-TV,104454.0,110402.8358476162
1363,HGS-TV,104454.0,110498.92447423935
1364,HGS-TV,104454.0,110559.03909611702
1365,HGS-TV,104454.0,110619.19418120384
1366,HGS-TV,104454.0,110679.25908780098
1367,HGS-TV,104454.0,110739.32376527786
1368,HGS-TV,104454.0,110809.85810875893
1369,HGS-TV,104454.0,110904.64202189445
1370,HGS-TV,104454.0,110964.68998789787
1371,HGS-TV,104454.0,111024.76390099525
1372,HGS-TV,104454.0,111084.80605125427
1373,HGS-TV,104454.0,111144.93354415894
1374,HGS-TV,104454.0,111213.02398753166
1375,HGS-TV,104454.0,111273.04710316658
1376,HGS-TV,104454.0,111333.12125015259
1377,ails2_etaMax1.000_stoppingTime864000.00,105291.0,111435.07205297852
1378,ails2_etaMax1.000_stoppingTime1728000.00,105520.0,111456.51305297851
1379,ails2_etaMax1.000_stoppingTime864000.00,105273.0,111435.33805297852
1380,HGS-TV,104454.0,111496.8611972332
1381,ails2_etaMax1.000_stoppingTime1728000.00,105467.0,111457.00805297852
1382,HGS-TV,104454.0,111600.91650509834
1383,HGS-TV,104454.0,111932.35078907013
1384,HGS-TV,104454.0,111992.3688595295
1385,ails2_etaMax1.000_stoppingTime864000.00,105267.0,112034.80805297852
1386,HGS-TV,104454.0,112052.51062560081
1387,HGS-TV,104454.0,112112.51704311371
1388,HGS-TV,104454.0,112172.6615550518
1389,HGS-TV,104454.0,112232.71666169167
1390,HGS-TV,104454.0,112292.79720854759
1391,ails2_etaMax0.010_stoppingTime432000.00,104868.0,112314.75805297852
1392,HGS-TV,104454.0,112352.80997633934
1393,HGS-TV,104454.0,112412.85498952866
1394,HGS-TV,104454.0,112473.03030729294
1395,HGS-TV,104454.0,112539.45802998543
1396,HGS-TV,104454.0,112599.49058032036
1397,HGS-TV,104454.0,112659.53444004059
1398,HGS-TV,104454.0,112747.29821896553
1399,HGS-TV,104454.0,112807.33755111694
1400,HGS-TV,104454.0,112932.92431521416
1401,HGS-TV,104454.0,112993.25254797935
1402,HGS-TV,104454.0,113053.39181041718
1403,HGS-TV,104454.0,113153.64137125015
1404,HGS-TV,104454.0,113220.0707230568
1405,HGS-TV,104454.0,113280.07965064049
1406,HGS-TV,104454.0,113340.20195221901
1407,HGS-TV,104454.0,113400.27533602715
1408,HGS-TV,104454.0,113460.31604242325
1409,HGS-TV,104454.0,113580.34398365021
1410,HGS-TV,104454.0,113640.41527318954
1411,HGS-TV,104454.0,113700.51944589615
1412,HGS-TV,104454.0,113801.39506053925
1413,HGS-TV,104454.0,113861.43542861938
1414,HGS-TV,104454.0,113921.52905201912
1415,HGS-TV,104454.0,113989.78612804413
1416,HGS-TV,104454.0,114049.84264326096
1417,HGS-TV,104454.0,114109.93330574036
1418,HGS-TV,104454.0,114170.00392580032
1419,HGS-TV,104454.0,114230.0635240078
1420,HGS-TV,104454.0,114290.07855582237
1421,HGS-TV,104454.0,114350.12699198723
1422,HGS-TV,104454.0,114425.16864848137
1423,HGS-TV,104454.0,114686.28951787949
1424,HGS-TV,104454.0,114746.336312294
1425,HGS-TV,104454.0,114806.34398984909
1426,HGS-TV,104454.0,114866.3625600338
1427,HGS-TV,104454.0,114926.39583611488
1428,HGS-TV,104454.0,115043.37490129471
1429,HGS-TV,104454.0,115133.34777092934
1430,HGS-TV,104454.0,115247.07215738297
1431,HGS-TV,104454.0,115307.15218281746
1432,HGS-TV,104454.0,115367.17968320847
1433,HGS-TV,104454.0,115427.2145960331
1434,HGS-TV,104454.0,115487.27523422241
1435,HGS-TV,104454.0,115547.35091090202
1436,HGS-TV,104454.0,115607.44845509529
1437,HGS-TV,104454.0,115667.46923422813
1438,HGS-TV,104454.0,115727.47059869766
1439,HGS-TV,104454.0,115787.54694318771
1440,HGS-TV,104454.0,115847.59362769127
1441,HGS-TV,104454.0,115907.6128487587
1442,HGS-TV,104454.0,116062.04805350304
1443,HGS-TV,104454.0,116122.1518163681
1444,HGS-TV,104454.0,116299.7852575779
1445,HGS-TV,104454.0,116392.00882005692
1446,HGS-TV,104454.0,116459.77500247955
1447,HGS-TV,104454.0,116519.78142213821
1448,HGS-TV,104454.0,116697.27310824394
1449,HGS-TV,104454.0,116757.29046869278
1450,HGS-TV,104454.0,116861.41678333282
1451,HGS-TV,104454.0,117012.39898467064
1452,HGS-TV,104454.0,117089.81338453293
1453,HGS-TV,104454.0,117149.95347833633
1454,HGS-TV,104454.0,117209.98527359962
1455,ails2_etaMax1.000_stoppingTime864000.00,105263.0,117211.26305297851
1456,HGS-TV,104454.0,117270.05873560905
1457,HGS-TV,104454.0,117330.1241953373
1458,HGS-TV,104454.0,117390.22378540039
1459,HGS-TV,104454.0,117450.25562739372
1460,HGS-TV,104454.0,117554.73612427711
1461,HGS-TV,104454.0,117614.78666830063
1462,HGS-TV,104454.0,117674.83086705208
1463,HGS-TV,104454.0,117734.85573387146
1464,ails2_etaMax1.000_stoppingTime864000.00,105258.0,117794.73405297851
1465,ails2_etaMax1.000_stoppingTime864000.00,105245.0,117794.75705297852
1466,HGS-TV,104454.0,117863.37450242043
1467,HGS-TV,104454.0,117923.47098731995
1468,HGS-TV,104454.0,118235.5806593895
1469,HGS-TV,104454.0,118360.47763466835
1470,HGS-TV,104454.0,118508.90970826149
1471,HGS-TV,104454.0,118568.91865873337
1472,ails2_etaMax1.000_stoppingTime432000.00,104876.0,118608.82805297851
1473,HGS-TV,104454.0,118628.9276509285
1474,HGS-TV,104454.0,118709.61288428307
1475,HGS-TV,104454.0,118769.67850756645
1476,HGS-TV,104454.0,118829.68687081337
1477,HGS-TV,104454.0,118889.80771040916
1478,HGS-TV,104454.0,118949.82086253166
1479,HGS-TV,104454.0,119014.26150369644
1480,HGS-TV,104454.0,119074.30245447159
1481,HGS-TV,104454.0,119134.30604457855
1482,HGS-TV,104454.0,119194.34704899788
1483,HGS-TV,104454.0,119275.28980612755
1484,HGS-TV,104454.0,119349.30259180069
1485,HGS-TV,104454.0,119521.68103408813
1486,HGS-TV,104454.0,119581.75431513786
1487,HGS-TV,104454.0,119641.75870156288
1488,HGS-TV,104454.0,119760.20901060104
1489,HGS-TV,104454.0,119885.74864315987
1490,HGS-TV,104454.0,120012.01787257195
1491,HGS-TV,104454.0,120305.75715184212
1492,HGS-TV,104454.0,120365.83117341995
1493,HGS-TV,104454.0,120433.62024140358
1494,HGS-TV,104454.0,120493.79101753235
1495,HGS-TV,104454.0,120705.98013591766
1496,HGS-TV,104454.0,120766.04305315018
1497,HGS-TV,104454.0,120826.15683889389
1498,HGS-TV,104454.0,120928.4319767952
1499,HGS-TV,104454.0,121070.44288444519
1500,HGS-TV,104454.0,121130.50607991219
1501,HGS-TV,104454.0,121190.58088874817
1502,HGS-TV,104454.0,121250.64081335068
1503,HGS-TV,104454.0,121315.60493683815
1504,HGS-TV,104454.0,121375.61937189102
1505,HGS-TV,104454.0,121570.3706831932
1506,HGS-TV,104454.0,121630.4623849392
1507,ails2_etaMax1.000_stoppingTime432000.00,104867.0,121657.98405297851
1508,HGS-TV,104454.0,121750.2595205307
1509,HGS-TV,104454.0,121918.20895314217
1510,HGS-TV,104454.0,121978.22050738335
1511,HGS-TV,104454.0,122038.23567652702
1512,HGS-TV,104454.0,122098.26626324654
1513,HGS-TV,104454.0,122158.33917760849
1514,HGS-TV,104454.0,122218.40818071365
1515,HGS-TV,104454.0,122352.07617235184
1516,ails2_etaMax1.000_stoppingTime864000.00,105241.0,122461.45005297851
1517,HGS-TV,104454.0,122464.82365632057
1518,ails2_etaMax1.000_stoppingTime864000.00,105224.0,122461.55805297852
1519,HGS-TV,104454.0,122524.87053442001
1520,HGS-TV,104454.0,122646.76567554474
1521,HGS-TV,104454.0,122706.86947536469
1522,HGS-TV,104454.0,123003.44586658478
1523,HGS-TV,104454.0,123063.4918680191
1524,HGS-TV,104454.0,123123.51228928566
1525,HGS-TV,104454.0,123221.61906981468
1526,ails2_etaMax1.000_stoppingTime864000.00,105204.0,123278.58905297851
1527,ails2_etaMax1.000_stoppingTime864000.00,105194.0,123278.87805297851
1528,HGS-TV,104454.0,123839.6255273819
1529,HGS-TV,104454.0,124362.75383329391
1530,HGS-TV,104454.0,124548.00421261787
1531,ails2_etaMax1.000_stoppingTime432000.00,104866.0,125378.55405297852
1532,ails2_etaMax1.000_stoppingTime432000.00,104803.0,125379.19805297852
1533,HGS-TV,104454.0,125971.06534957886
1534,HGS-TV,104454.0,126804.48107337952
1535,HGS-TV,104454.0,126881.20070409775
1536,HGS-TV,104454.0,127950.41318154335
1537,HGS-TV,104454.0,128214.66618156433
1538,ails2_etaMax1.000_stoppingTime432000.00,104798.0,128279.08805297852
1539,ails2_etaMax1.000_stoppingTime432000.00,104792.0,128833.07305297852
1540,HGS-TV,104454.0,128872.14495539665
1541,ails2_etaMax1.000_stoppingTime432000.00,104770.0,128833.83905297851
1542,ails2_etaMax1.000_stoppingTime1728000.00,105464.0,129091.28205297851
1543,ails2_etaMax1.000_stoppingTime1728000.00,105455.0,129091.30805297852
1544,HGS-TV,104454.0,129921.51058650017
1545,HGS-TV,104454.0,130138.78428030014
1546,HGS-TV,104454.0,130915.63163352013
1547,HGS-TV,104454.0,130994.29050660133
1548,HGS-TV,104454.0,131054.33954286575
1549,HGS-TV,104454.0,131262.71909999847
1550,HGS-TV,104454.0,131508.8637228012
1551,HGS-TV,104454.0,131773.6259355545
1552,HGS-TV,104454.0,131837.2211380005
1553,HGS-TV,104454.0,132278.6167755127
1554,HGS-TV,104454.0,134066.30793190002
1555,ails2_etaMax1.000_stoppingTime864000.00,105171.0,134733.39605297853
1556,ails2_etaMax1.000_stoppingTime864000.00,105154.0,134733.4300529785
1557,ails2_etaMax1.000_stoppingTime432000.00,104769.0,134863.0930529785
1558,HGS-TV,104454.0,134889.20959091187
1559,ails2_etaMax1.000_stoppingTime864000.00,105139.0,134903.47205297853
1560,ails2_etaMax1.000_stoppingTime864000.00,105071.0,134903.92605297852
1561,HGS-TV,104454.0,135003.37397384644
1562,HGS-TV,104454.0,136304.09671354294
1563,HGS-TV,104454.0,136385.82174801826
1564,HGS-TV,104454.0,136567.29285907745
1565,ails2_etaMax1.000_stoppingTime432000.00,104762.0,136839.7480529785
1566,HGS-TV,104454.0,138370.04398989677
1567,HGS-TV,104454.0,138652.49762392044
1568,HGS-TV,104454.0,138758.08997774124
1569,HGS-TV,104454.0,140094.1100485325
1570,HGS-TV,104454.0,140154.21020388603
1571,HGS-TV,104454.0,140327.23457598686
1572,HGS-TV,104454.0,140460.8133199215
1573,HGS-TV,104454.0,140520.8881456852
1574,HGS-TV,104454.0,140664.08667731285
1575,HGS-TV,104454.0,141430.6443927288
1576,HGS-TV,104454.0,141490.74967503548
1577,HGS-TV,104454.0,141670.64540100098
1578,HGS-TV,104454.0,142402.75214600563
1579,ails2_etaMax1.000_stoppingTime432000.00,104751.0,144012.5530529785
1580,ails2_etaMax1.000_stoppingTime432000.00,104748.0,144232.36605297853
1581,HGS-TV,104454.0,144888.80315351486
1582,HGS-TV,104454.0,144948.89293050766
1583,HGS-TV,104454.0,145009.03085446358
1584,HGS-TV,104454.0,145069.1454155445
1585,ails2_etaMax1.000_stoppingTime432000.00,104747.0,145102.59205297852
1586,HGS-TV,104454.0,145129.18864417076
1587,ails2_etaMax1.000_stoppingTime432000.00,104738.0,145103.0150529785
1588,HGS-TV,104454.0,145189.22596359253
1589,HGS-TV,104454.0,145249.28070259094
1590,HGS-TV,104454.0,145309.3820040226
1591,HGS-TV,104454.0,145369.52427887917
1592,HGS-TV,104454.0,145429.6299688816
1593,HGS-TV,104454.0,145489.74189519882
1594,ails2_etaMax1.000_stoppingTime432000.00,104723.0,145497.7350529785
1595,HGS-TV,104454.0,145549.7764790058
1596,HGS-TV,104454.0,145642.00133514404
1597,HGS-TV,104454.0,145765.772875309
1598,HGS-TV,104454.0,145825.84247016907
1599,HGS-TV,104454.0,145885.91560196877
1600,HGS-TV,104454.0,145945.9523911476
1601,HGS-TV,104454.0,146051.73123264313
1602,HGS-TV,104454.0,146111.83438062668
1603,HGS-TV,104454.0,146171.87782883644
1604,HGS-TV,104454.0,146231.94998335838
1605,HGS-TV,104454.0,146373.7541332245
1606,HGS-TV,104454.0,146493.51260447502
1607,HGS-TV,104454.0,146553.69198536873
1608,HGS-TV,104454.0,146642.16446781158
1609,HGS-TV,104454.0,146702.19236207008
1610,HGS-TV,104454.0,146783.4406824112
1611,HGS-TV,104454.0,146846.3069653511
1612,HGS-TV,104454.0,146951.84397006035
1613,HGS-TV,104454.0,147011.88296580315
1614,HGS-TV,104454.0,147125.91707968712
1615,ails2_etaMax1.000_stoppingTime432000.00,104712.0,147184.3890529785
1616,HGS-TV,104454.0,147185.9649796486
1617,ails2_etaMax1.000_stoppingTime432000.00,104711.0,147184.4570529785
1618,HGS-TV,104454.0,147246.01687598228
1619,HGS-TV,104454.0,147306.05286097527
1620,HGS-TV,104454.0,147366.07788395882
1621,HGS-TV,104454.0,147427.0115556717
1622,HGS-TV,104454.0,147487.08692526817
1623,HGS-TV,104454.0,147547.21509075165
1624,HGS-TV,104454.0,147607.2638440132
1625,HGS-TV,104454.0,147667.2663578987
1626,HGS-TV,104454.0,147727.3179564476
1627,HGS-TV,104454.0,147813.55448007584
1628,HGS-TV,104454.0,147880.54683160782
1629,HGS-TV,104454.0,147977.53351449966
1630,HGS-TV,104454.0,148144.6488571167
1631,HGS-TV,104454.0,148234.1434352398
1632,HGS-TV,104454.0,148294.17627453804
1633,HGS-TV,104454.0,148403.0375070572
1634,HGS-TV,104454.0,148463.1268362999
1635,HGS-TV,104454.0,148523.18002581596
1636,HGS-TV,104454.0,148583.3154747486
1637,HGS-TV,104454.0,148666.70574307442
1638,HGS-TV,104454.0,148736.78305459023
1639,HGS-TV,104454.0,148796.79589748383
1640,HGS-TV,104454.0,148856.85114622116
1641,HGS-TV,104454.0,148916.90156769753
1642,HGS-TV,104454.0,148976.96728134155
1643,HGS-TV,104454.0,149128.07462215424
1644,ails2_etaMax1.000_stoppingTime1728000.00,105409.0,149143.5690529785
1645,ails2_etaMax1.000_stoppingTime1728000.00,105397.0,149143.9520529785
1646,HGS-TV,104454.0,149221.5970685482
1647,HGS-TV,104454.0,149281.61137843132
1648,HGS-TV,104454.0,149434.272595644
1649,HGS-TV,104454.0,149494.31322455406
1650,HGS-TV,104454.0,149554.3710539341
1651,HGS-TV,104454.0,149671.00174975395
1652,HGS-TV,104454.0,149731.09210944176
1653,HGS-TV,104454.0,149791.18190193176
1654,HGS-TV,104454.0,149851.19100904465
1655,HGS-TV,104454.0,149911.28153514862
1656,HGS-TV,104454.0,149971.36689186096
1657,HGS-TV,104454.0,150031.45642900467
1658,HGS-TV,104454.0,150091.48653817177
1659,HGS-TV,104454.0,150151.55343985558
1660,HGS-TV,104454.0,150211.55531573296
1661,HGS-TV,104454.0,150425.77631378174
1662,HGS-TV,104454.0,150485.8899655342
1663,HGS-TV,104454.0,150545.9678888321
1664,HGS-TV,104454.0,150606.01103019714
1665,HGS-TV,104454.0,150790.21976017952
1666,HGS-TV,104454.0,150864.89234757423
1667,HGS-TV,104454.0,150924.9184076786
1668,HGS-TV,104454.0,150984.93880677223
1669,HGS-TV,104454.0,151247.48396372795
1670,HGS-TV,104454.0,151307.50625801086
1671,HGS-TV,104454.0,151392.00022172928
1672,HGS-TV,104454.0,151471.33540058136
1673,HGS-TV,104454.0,151543.30101275444
1674,HGS-TV,104454.0,151603.32055211067
1675,HGS-TV,104454.0,151690.5427582264
1676,HGS-TV,104454.0,151750.62860512733
1677,HGS-TV,104454.0,151810.65748119354
1678,HGS-TV,104454.0,151870.73366999626
1679,HGS-TV,104454.0,151958.8490588665
1680,HGS-TV,104454.0,152018.9562690258
1681,HGS-TV,104454.0,152085.4032151699
1682,HGS-TV,104454.0,152145.4357175827
1683,HGS-TV,104454.0,152205.49592542648
1684,HGS-TV,104454.0,152277.79982209206
1685,HGS-TV,104454.0,152519.47034692764
1686,HGS-TV,104454.0,152579.51474928856
1687,HGS-TV,104454.0,152639.54700946808
1688,HGS-TV,104454.0,152778.28443861008
1689,HGS-TV,104454.0,152871.6086525917
1690,HGS-TV,104454.0,152931.6725049019
1691,HGS-TV,104454.0,153134.99197626114
1692,HGS-TV,104454.0,153331.89250826836
1693,HGS-TV,104454.0,153391.97258663177
1694,HGS-TV,104454.0,153452.05899357796
1695,HGS-TV,104454.0,153512.06550478935
1696,HGS-TV,104454.0,153572.16532826424
1697,HGS-TV,104454.0,153632.21191358566
1698,ails2_etaMax1.000_stoppingTime864000.00,105057.0,153688.8080529785
1699,HGS-TV,104454.0,153692.24490737915
1700,ails2_etaMax1.000_stoppingTime864000.00,105003.0,153690.76905297852
1701,HGS-TV,104454.0,153752.29811668396
1702,HGS-TV,104454.0,153854.2748887539
1703,HGS-TV,104454.0,153914.27677869797
1704,HGS-TV,104454.0,154051.11470246315
1705,HGS-TV,104454.0,154420.2015902996
1706,HGS-TV,104454.0,154487.95525360107
1707,HGS-TV,104454.0,154547.95632195473
1708,HGS-TV,104454.0,154891.45856070518
1709,HGS-TV,104454.0,154951.46519804
1710,HGS-TV,104454.0,155156.5490834713
1711,HGS-TV,104454.0,155216.59019184113
1712,HGS-TV,104454.0,155350.2407529354
1713,HGS-TV,104454.0,155422.47016477585
1714,HGS-TV,104454.0,155482.54221010208
1715,HGS-TV,104454.0,155766.37620544434
1716,HGS-TV,104454.0,155886.7080256939
1717,HGS-TV,104454.0,155992.53253221512
1718,HGS-TV,104454.0,156059.79224300385
1719,ails2_etaMax1.000_stoppingTime432000.00,104710.0,156329.83405297852
1720,HGS-TV,104454.0,156828.47907996178
1721,ails2_etaMax1.000_stoppingTime432000.00,104704.0,157697.4090529785
1722,HGS-TV,104454.0,157714.6701772213
1723,ails2_etaMax1.000_stoppingTime432000.00,104690.0,157697.78805297852
1724,HGS-TV,104454.0,157788.77260780334
1725,ails2_etaMax1.000_stoppingTime432000.00,104682.0,157792.00705297853
1726,HGS-TV,104454.0,157897.97801494598
1727,HGS-TV,104454.0,157958.0889093876
1728,HGS-TV,104454.0,158050.44632291794
1729,HGS-TV,104454.0,158128.7343595028
1730,HGS-TV,104454.0,158252.66121912003
1731,HGS-TV,104454.0,158335.88615751266
1732,HGS-TV,104454.0,158515.64749979973
1733,HGS-TV,104454.0,158575.69837284088
1734,HGS-TV,104454.0,158635.75596952438
1735,HGS-TV,104454.0,159589.0845336914
1736,HGS-TV,104454.0,160018.80236053467
1737,HGS-TV,104454.0,161772.0219092369
1738,HGS-TV,104454.0,161832.07999491692
1739,HGS-TV,104454.0,161892.2048227787
1740,HGS-TV,104454.0,161952.29730653763
1741,HGS-TV,104454.0,162012.31577157974
1742,HGS-TV,104454.0,162072.47431731224
1743,HGS-TV,104454.0,162146.44131064415
1744,HGS-TV,104454.0,162206.49434804916
1745,HGS-TV,104454.0,162266.53193306923
1746,HGS-TV,104454.0,162326.64669847488
1747,HGS-TV,104454.0,162386.80101919174
1748,HGS-TV,104454.0,162446.9024450779
1749,HGS-TV,104454.0,162506.9155204296
1750,HGS-TV,104454.0,162567.01785373688
1751,HGS-TV,104454.0,162733.8914153576
1752,HGS-TV,104454.0,162794.05408215523
1753,HGS-TV,104454.0,162875.04569911957
1754,HGS-TV,104454.0,162935.1840775013
1755,HGS-TV,104454.0,163006.84251594543
1756,HGS-TV,104454.0,163313.82422089577
1757,HGS-TV,104454.0,163373.8249080181
1758,HGS-TV,104454.0,163433.95217061043
1759,HGS-TV,104454.0,163531.6758363247
1760,HGS-TV,104454.0,163591.6978957653
1761,HGS-TV,104454.0,163718.9789071083
1762,HGS-TV,104454.0,163778.9985291958
1763,HGS-TV,104454.0,163875.61221051216
1764,HGS-TV,104454.0,163935.6159515381
1765,HGS-TV,104454.0,164029.17354249954
1766,HGS-TV,104454.0,164089.20040726662
1767,HGS-TV,104454.0,164207.23645734787
1768,HGS-TV,104454.0,164408.36432933807
1769,HGS-TV,104454.0,164564.687697649
1770,HGS-TV,104454.0,164624.790163517
1771,HGS-TV,104454.0,164684.87981390953
1772,HGS-TV,104454.0,164744.90367794037
1773,HGS-TV,104454.0,164989.90157032013
1774,ails2_etaMax1.000_stoppingTime1728000.00,105391.0,165090.44805297852
1775,HGS-TV,104454.0,165099.30355358124
1776,HGS-TV,104454.0,165159.50247216225
1777,HGS-TV,104454.0,165333.17219257355
1778,HGS-TV,104454.0,165393.24415922165
1779,HGS-TV,104454.0,165487.39865636826
1780,HGS-TV,104454.0,165646.88465714455
1781,HGS-TV,104454.0,165897.14319252968
1782,HGS-TV,104454.0,166040.93539977074
1783,HGS-TV,104454.0,166115.82384037971
1784,HGS-TV,104454.0,166207.24800682068
1785,HGS-TV,104454.0,166280.7000591755
1786,HGS-TV,104454.0,166340.71108031273
1787,HGS-TV,104454.0,166400.8508863449
1788,HGS-TV,104454.0,166460.87633609772
1789,HGS-TV,104454.0,166531.790882349
1790,HGS-TV,104454.0,166591.8075852394
1791,HGS-TV,104454.0,166651.89699745178
1792,HGS-TV,104454.0,166711.9672267437
1793,HGS-TV,104454.0,166771.97559142113
1794,HGS-TV,104454.0,166831.98651623726
1795,HGS-TV,104454.0,166892.08166456223
1796,ails2_etaMax1.000_stoppingTime432000.00,104679.0,166939.98905297852
1797,HGS-TV,104454.0,166982.1803267002
1798,HGS-TV,104454.0,167042.20942115784
1799,HGS-TV,104454.0,167113.30744361877
1800,HGS-TV,104454.0,167173.38696289062
1801,HGS-TV,104454.0,167233.4622683525
1802,HGS-TV,104454.0,167293.4880464077
1803,HGS-TV,104454.0,167356.12623739243
1804,HGS-TV,104454.0,167416.18866324425
1805,HGS-TV,104454.0,167476.30898737907
1806,HGS-TV,104454.0,167536.5413286686
1807,HGS-TV,104454.0,167596.56406736374
1808,HGS-TV,104454.0,167656.5867729187
1809,HGS-TV,104454.0,167716.60381126404
1810,HGS-TV,104454.0,167776.67364406586
1811,ails2_etaMax1.000_stoppingTime432000.00,104674.0,167821.0930529785
1812,HGS-TV,104454.0,167854.0426723957
1813,ails2_etaMax1.000_stoppingTime432000.00,104617.0,167833.2270529785
1814,HGS-TV,104454.0,168015.78094482422
1815,HGS-TV,104454.0,168075.85813260078
1816,HGS-TV,104454.0,168155.773157835
1817,HGS-TV,104454.0,168215.83621430397
1818,HGS-TV,104454.0,168275.85590839386
1819,HGS-TV,104454.0,168410.70144796371
1820,HGS-TV,104454.0,168470.78745937347
1821,HGS-TV,104454.0,168530.89971089363
1822,HGS-TV,104454.0,168714.0833582878
1823,HGS-TV,104454.0,168774.12406349182
1824,HGS-TV,104454.0,168834.16493964195
1825,HGS-TV,104454.0,169067.92062687874
1826,HGS-TV,104454.0,169127.94163274765
1827,HGS-TV,104454.0,169243.73428487778
1828,HGS-TV,104454.0,169303.7532169819
1829,HGS-TV,104454.0,169467.46963095665
1830,HGS-TV,104454.0,169541.96219873428
1831,HGS-TV,104454.0,169602.02526974678
1832,HGS-TV,104454.0,169662.02838635445
1833,HGS-TV,104454.0,169722.0977909565
1834,ails2_etaMax1.000_stoppingTime432000.00,104608.0,169780.6090529785
1835,HGS-TV,104454.0,169782.1017472744
1836,ails2_etaMax1.000_stoppingTime432000.00,104605.0,169780.75805297852
1837,HGS-TV,104454.0,169924.74840188026
1838,ails2_etaMax1.000_stoppingTime1728000.00,105368.0,169938.1400529785
1839,HGS-TV,104454.0,169984.80202007294
1840,HGS-TV,104454.0,170044.94556975365
1841,ails2_etaMax1.000_stoppingTime1728000.00,105339.0,170065.6070529785
1842,HGS-TV,104454.0,170104.9548459053
1843,HGS-TV,104454.0,170250.82630562782
1844,HGS-TV,104454.0,170310.89920973778
1845,HGS-TV,104454.0,170370.94392561913
1846,HGS-TV,104454.0,170430.9922671318
1847,HGS-TV,104454.0,170520.04822802544
1848,HGS-TV,104454.0,170597.1856315136
1849,ails2_etaMax1.000_stoppingTime432000.00,104603.0,170641.8710529785
1850,ails2_etaMax1.000_stoppingTime432000.00,104590.0,170641.91505297853
1851,HGS-TV,104454.0,171383.04789829254
1852,HGS-TV,104454.0,171443.12606668472
1853,HGS-TV,104454.0,171624.85245847702
1854,HGS-TV,104454.0,171952.57661747932
1855,HGS-TV,104454.0,172190.2690434456
1856,HGS-TV,104454.0,172278.19135904312
1857,HGS-TV,104454.0,172391.62624049187
1858,HGS-TV,104454.0,172494.96113729477
1859,HGS-TV,104454.0,172620.51523041725
1860,HGS-TV,104454.0,173010.98445248604
1861,HGS-TV,104454.0,173170.7253856659
1862,HGS-TV,104454.0,173230.82690000534
1863,ails2_etaMax1.000_stoppingTime864000.00,104999.0,173320.16205297853
1864,ails2_etaMax1.000_stoppingTime864000.00,104993.0,173320.9740529785
1865,ails2_etaMax1.000_stoppingTime864000.00,104934.0,173495.5690529785
1866,HGS-TV,104454.0,174930.2299759388
1867,HGS-TV,104454.0,174990.3116955757
1868,HGS-TV,104454.0,175050.32859659195
1869,HGS-TV,104454.0,175110.36879205704
1870,HGS-TV,104454.0,175170.5119986534
1871,HGS-TV,104454.0,175230.5320725441
1872,HGS-TV,104454.0,175294.8730583191
1873,HGS-TV,104454.0,175354.90653657913
1874,HGS-TV,104454.0,175415.00123286247
1875,HGS-TV,104454.0,175493.64115810394
1876,HGS-TV,104454.0,175553.65536355972
1877,HGS-TV,104454.0,175643.36145329475
1878,HGS-TV,104454.0,175703.4125366211
1879,HGS-TV,104454.0,175774.68945336342
1880,HGS-TV,104454.0,175834.70587563515
1881,HGS-TV,104454.0,175894.79321360588
1882,HGS-TV,104454.0,176018.267588377
1883,HGS-TV,104454.0,176078.40253043175
1884,HGS-TV,104454.0,176138.48992991447
1885,HGS-TV,104454.0,176198.49856972694
1886,HGS-TV,104454.0,176290.4211652279
1887,HGS-TV,104454.0,176406.13166689873
1888,HGS-TV,104454.0,176466.2001531124
1889,HGS-TV,104454.0,176561.76113033295
1890,HGS-TV,104454.0,176695.37569761276
1891,HGS-TV,104454.0,176849.94096422195
1892,HGS-TV,104454.0,176910.0758008957
1893,HGS-TV,104454.0,176970.22373771667
1894,HGS-TV,104454.0,177030.32776331902
1895,HGS-TV,104454.0,177201.63457655907
1896,HGS-TV,104454.0,177261.6621117592
1897,HGS-TV,104454.0,177348.44418644905
1898,HGS-TV,104454.0,177408.50696992874
1899,HGS-TV,104454.0,177481.66222023964
1900,HGS-TV,104454.0,177541.68236231804
1901,HGS-TV,104454.0,177601.83372616768
1902,HGS-TV,104454.0,177661.83695459366
1903,HGS-TV,104454.0,177794.52661395073
1904,HGS-TV,104454.0,177906.9668226242
1905,HGS-TV,104454.0,177967.09888410568
1906,HGS-TV,104454.0,178027.14130878448
1907,HGS-TV,104454.0,178087.16539669037
1908,HGS-TV,104454.0,178205.26048779488
1909,HGS-TV,104454.0,178265.32091093063
1910,HGS-TV,104454.0,178329.534481287
1911,HGS-TV,104454.0,178478.88546156883
1912,HGS-TV,104454.0,178564.1707713604
1913,HGS-TV,104454.0,178624.1988503933
1914,HGS-TV,104454.0,178697.5195467472
1915,HGS-TV,104454.0,178757.55322527885
1916,HGS-TV,104454.0,178817.5980846882
1917,HGS-TV,104454.0,178877.6226336956
1918,HGS-TV,104454.0,178960.58887815475
1919,HGS-TV,104454.0,179020.6934401989
1920,HGS-TV,104454.0,179080.8344860077
1921,HGS-TV,104454.0,179140.98304486275
1922,HGS-TV,104454.0,179201.05807423592
1923,HGS-TV,104454.0,179261.07926797867
1924,ails2_etaMax1.000_stoppingTime432000.00,104579.0,179274.6990529785
1925,HGS-TV,104454.0,179321.1080813408
1926,ails2_etaMax1.000_stoppingTime432000.00,104553.0,179276.5200529785
1927,HGS-TV,104454.0,179404.57298707962
1928,HGS-TV,104454.0,179464.6448521614
1929,HGS-TV,104454.0,179728.97983813286
1930,HGS-TV,104454.0,179802.60809326172
1931,HGS-TV,104454.0,179862.68847846985
1932,HGS-TV,104454.0,179922.6903948784
1933,HGS-TV,104454.0,179982.74606132507
1934,HGS-TV,104454.0,180062.16890454292
1935,HGS-TV,104454.0,180125.3524529934
1936,HGS-TV,104454.0,180247.05339694023
1937,HGS-TV,104454.0,180356.45192432404
1938,HGS-TV,104454.0,180416.53004956245
1939,HGS-TV,104454.0,180476.60381436348
1940,HGS-TV,104454.0,180536.63600444794
1941,HGS-TV,104454.0,180596.6392815113
1942,HGS-TV,104454.0,180658.2082362175
1943,HGS-TV,104454.0,180718.25390625
1944,HGS-TV,104454.0,180778.297508955
1945,ails2_etaMax1.000_stoppingTime1728000.00,105334.0,180838.2480529785
1946,HGS-TV,104454.0,180838.32399106026
1947,HGS-TV,104454.0,180898.3364124298
1948,ails2_etaMax1.000_stoppingTime1728000.00,105260.0,180838.65505297852
1949,HGS-TV,104454.0,180958.44970798492
1950,HGS-TV,104454.0,181067.90321087837
1951,HGS-TV,104454.0,181127.90363025665
1952,HGS-TV,104454.0,181280.842441082
1953,HGS-TV,104454.0,181761.02190613747
1954,HGS-TV,104454.0,181821.0361084938
1955,HGS-TV,104454.0,181974.70131278038
1956,HGS-TV,104454.0,182034.72079634666
1957,HGS-TV,104454.0,182094.7679567337
1958,HGS-TV,104454.0,182207.4160604477
1959,HGS-TV,104454.0,182267.4547457695
1960,HGS-TV,104454.0,182327.45870256424
1961,HGS-TV,104454.0,182387.46783638
1962,HGS-TV,104454.0,182447.56742310524
1963,HGS-TV,104454.0,182507.6299240589
1964,HGS-TV,104454.0,182606.16258859634
1965,HGS-TV,104454.0,182666.24231123924
1966,HGS-TV,104454.0,182967.69023513794
1967,HGS-TV,104454.0,183067.32510066032
1968,HGS-TV,104454.0,183132.8203151226
1969,HGS-TV,104454.0,183208.27939271927
1970,HGS-TV,104454.0,183313.08034086227
1971,HGS-TV,104454.0,183426.49462270737
1972,HGS-TV,104454.0,183551.9844224453
1973,HGS-TV,104454.0,183990.73608851433
1974,HGS-TV,104454.0,184557.35361933708
1975,HGS-TV,104454.0,184617.4174466133
1976,HGS-TV,104454.0,184797.4261250496
1977,HGS-TV,104454.0,184873.5726108551
1978,HGS-TV,104454.0,184933.61941075325
1979,HGS-TV,104454.0,185176.3303644657
1980,HGS-TV,104454.0,185258.40285468102
1981,HGS-TV,104454.0,185321.44220900536
1982,HGS-TV,104454.0,185673.57178020477
1983,HGS-TV,104454.0,185911.1767282486
1984,HGS-TV,104454.0,186150.31076717377
1985,HGS-TV,104454.0,186213.3864119053
1986,HGS-TV,104454.0,186273.49323105812
1987,HGS-TV,104454.0,186333.5484035015
1988,HGS-TV,104454.0,186533.4688396454
1989,HGS-TV,104454.0,186841.56375050545
1990,HGS-TV,104454.0,186969.07072806358
1991,HGS-TV,104454.0,187092.71181297302
1992,HGS-TV,104454.0,187190.41046214104
1993,HGS-TV,104454.0,187317.31898522377
1994,HGS-TV,104454.0,187377.41067361832
1995,ails2_etaMax1.000_stoppingTime864000.00,104927.0,187404.77105297853
1996,HGS-TV,104454.0,187438.34774780273
1997,HGS-TV,104454.0,188010.8898911476
1998,HGS-TV,104454.0,188133.06570196152
1999,HGS-TV,104454.0,188209.27531409264
2000,HGS-TV,104454.0,188269.29777932167
2001,HGS-TV,104454.0,188438.04396796227
2002,HGS-TV,104454.0,188498.05753469467
2003,HGS-TV,104454.0,188825.8648762703
2004,HGS-TV,104454.0,188918.9659256935
2005,HGS-TV,104454.0,189049.26284885406
2006,HGS-TV,104454.0,189109.40530776978
2007,HGS-TV,104454.0,189197.07688260078
2008,HGS-TV,104454.0,189477.7032160759
2009,HGS-TV,104454.0,189537.7129971981
2010,HGS-TV,104454.0,189597.75788521767
2011,HGS-TV,104454.0,189689.95707082748
2012,HGS-TV,104454.0,189749.99126911163
2013,HGS-TV,104454.0,190401.82444429398
2014,HGS-TV,104454.0,190521.21185016632
2015,HGS-TV,104454.0,190581.3904287815
2016,ails2_etaMax1.000_stoppingTime432000.00,104552.0,190655.23305297852
2017,ails2_etaMax1.000_stoppingTime432000.00,104551.0,190655.26005297853
2018,HGS-TV,104454.0,190718.21661877632
2019,HGS-TV,104454.0,190778.22402453423
2020,HGS-TV,104454.0,190867.5178258419
2021,HGS-TV,104454.0,191267.76000976562
2022,HGS-TV,104454.0,191428.72847104073
2023,HGS-TV,104454.0,191488.86186861992
2024,HGS-TV,104454.0,191548.98690748215
2025,HGS-TV,104454.0,191609.0140900612
2026,ails2_etaMax1.000_stoppingTime432000.00,104550.0,191626.63305297852
2027,HGS-TV,104454.0,191735.11957073212
2028,HGS-TV,104454.0,192250.06359481812
2029,HGS-TV,104454.0,193478.77541422844
2030,HGS-TV,104454.0,193538.85089588165
2031,HGS-TV,104454.0,193598.88845157623
2032,ails2_etaMax1.000_stoppingTime864000.00,104907.0,193617.5800529785
2033,ails2_etaMax1.000_stoppingTime864000.00,104895.0,193617.7590529785
2034,HGS-TV,104454.0,194744.05257058144
2035,ails2_etaMax1.000_stoppingTime432000.00,104546.0,195325.8130529785
2036,ails2_etaMax1.000_stoppingTime432000.00,104544.0,195894.00805297852
2037,ails2_etaMax1.000_stoppingTime432000.00,104531.0,195951.8050529785
2038,ails2_etaMax1.000_stoppingTime864000.00,104894.0,195995.2650529785
2039,ails2_etaMax1.000_stoppingTime864000.00,104890.0,195995.8400529785
2040,ails2_etaMax1.000_stoppingTime432000.00,104524.0,196150.01105297852
2041,HGS-TV,104454.0,196347.61856365204
2042,HGS-TV,104454.0,196407.7429344654
2043,HGS-TV,104454.0,196467.79924869537
2044,HGS-TV,104454.0,196527.8984618187
2045,HGS-TV,104454.0,196588.02630782127
2046,HGS-TV,104454.0,196648.1432414055
2047,ails2_etaMax1.000_stoppingTime432000.00,104521.0,196681.8020529785
2048,HGS-TV,104454.0,196708.21500349045
2049,ails2_etaMax1.000_stoppingTime432000.00,104514.0,196681.8700529785
2050,HGS-TV,104454.0,196768.2303698063
2051,HGS-TV,104454.0,196828.34592032433
2052,HGS-TV,104454.0,196888.36256742477
2053,HGS-TV,104454.0,196948.46652650833
2054,ails2_etaMax1.000_stoppingTime432000.00,104512.0,197015.1770529785
2055,HGS-TV,104454.0,197148.15239810944
2056,HGS-TV,104454.0,197208.20922780037
2057,HGS-TV,104454.0,197325.36855697632
2058,HGS-TV,104454.0,197391.31694364548
2059,HGS-TV,104454.0,197606.11052417755
2060,HGS-TV,104454.0,197666.11978530884
2061,HGS-TV,104454.0,197726.1237859726
2062,HGS-TV,104454.0,197793.45948171616
2063,HGS-TV,104454.0,198171.55618166924
2064,HGS-TV,104454.0,198324.62209916115
2065,ails2_etaMax1.000_stoppingTime864000.00,104887.0,198368.29805297853
2066,HGS-TV,104454.0,198394.92780733109
2067,HGS-TV,104454.0,198454.97343611717
2068,HGS-TV,104454.0,198530.85072517395
2069,HGS-TV,104454.0,198608.5639810562
2070,HGS-TV,104454.0,198810.18801951408
2071,HGS-TV,104454.0,198870.21206116676
2072,HGS-TV,104454.0,198930.2218363285
2073,HGS-TV,104454.0,198990.24108362198
2074,HGS-TV,104454.0,199050.9401254654
2075,ails2_eoh_omega2,104873.0,199109.19305297852
2076,HGS-TV,104454.0,199122.18493962288
2077,HGS-TV,104454.0,199257.32361912727
2078,HGS-TV,104454.0,199317.39915966988
2079,HGS-TV,104454.0,199377.47882413864
2080,HGS-TV,104454.0,199466.7114493847
2081,ails2_etaMax1.000_stoppingTime432000.00,104511.0,199515.9090529785
2082,ails2_etaMax1.000_stoppingTime432000.00,104506.0,199516.30905297853
2083,HGS-TV,104454.0,199673.90195822716
2084,HGS-TV,104454.0,199733.94095993042
2085,HGS-TV,104454.0,200093.10647130013
2086,HGS-TV,104454.0,200241.479688406
2087,HGS-TV,104454.0,200325.52625918388
2088,HGS-TV,104454.0,200385.5421822071
2089,HGS-TV,104454.0,200445.59833669662
2090,HGS-TV,104454.0,200505.6867301464
2091,HGS-TV,104454.0,200565.7147819996
2092,HGS-TV,104454.0,200625.7437391281
2093,HGS-TV,104454.0,200685.77715468407
2094,HGS-TV,104454.0,200803.08137440681
2095,HGS-TV,104454.0,200863.19564294815
2096,HGS-TV,104454.0,200923.19649457932
2097,HGS-TV,104454.0,200999.63834643364
2098,HGS-TV,104454.0,201059.6741144657
2099,HGS-TV,104454.0,201119.68660116196
2100,HGS-TV,104454.0,201179.72056365013
2101,HGS-TV,104454.0,201239.76035022736
2102,HGS-TV,104454.0,201299.8240017891
2103,HGS-TV,104454.0,201359.93871998787
2104,HGS-TV,104454.0,201420.00160980225
2105,HGS-TV,104454.0,201521.37287330627
2106,HGS-TV,104454.0,201581.38542175293
2107,HGS-TV,104454.0,201641.48356604576
2108,HGS-TV,104454.0,201717.5824317932
2109,HGS-TV,104454.0,201777.69407367706
2110,HGS-TV,104454.0,201837.75968575478
2111,HGS-TV,104454.0,201897.82257676125
2112,HGS-TV,104454.0,201957.82804346085
2113,HGS-TV,104454.0,202018.08896255493
2114,HGS-TV,104454.0,202078.15573978424
2115,HGS-TV,104454.0,202222.72392749786
2116,HGS-TV,104454.0,202305.8221461773
2117,HGS-TV,104454.0,202419.34986114502
2118,HGS-TV,104454.0,202479.44340753555
2119,HGS-TV,104454.0,202539.48383951187
2120,HGS-TV,104454.0,202599.5345339775
2121,HGS-TV,104454.0,202659.5401494503
2122,HGS-TV,104454.0,202795.31947040558
2123,HGS-TV,104454.0,202855.34877038002
2124,HGS-TV,104454.0,202970.2109425068
2125,HGS-TV,104454.0,203030.23910188675
2126,HGS-TV,104454.0,203090.27340388298
2127,HGS-TV,104454.0,203526.35934853554
2128,HGS-TV,104454.0,203586.44224977493
2129,HGS-TV,104454.0,203745.51002073288
2130,ails2_etaMax1.000_stoppingTime432000.00,104497.0,203754.8270529785
2131,HGS-TV,104454.0,203805.5402326584
2132,ails2_etaMax1.000_stoppingTime432000.00,104496.0,203754.8950529785
2133,HGS-TV,104454.0,203865.6117565632
2134,HGS-TV,104454.0,203925.67147803307
2135,HGS-TV,104454.0,204100.1468462944
2136,HGS-TV,104454.0,204160.22637462616
2137,HGS-TV,104454.0,204220.32005143166
2138,HGS-TV,104454.0,204280.41453051567
2139,HGS-TV,104454.0,204368.01760530472
2140,HGS-TV,104454.0,204428.04761099815
2141,HGS-TV,104454.0,204488.27785134315
2142,ails2_etaMax1.000_stoppingTime432000.00,104495.0,204519.68505297852
2143,HGS-TV,104454.0,204550.70861649513
2144,HGS-TV,104454.0,204695.32929062843
2145,HGS-TV,104454.0,204755.3871703148
2146,HGS-TV,104454.0,204815.5099210739
2147,HGS-TV,104454.0,205197.4253616333
2148,ails2_etaMax1.000_stoppingTime432000.00,104493.0,205397.7430529785
2149,ails2_etaMax1.000_stoppingTime432000.00,104490.0,205586.14605297853
2150,HGS-TV,104454.0,206277.60842871666
2151,HGS-TV,104454.0,206816.24793982506
2152,HGS-TV,104454.0,208464.47110557556
2153,HGS-TV,104454.0,208524.5911386013
2154,HGS-TV,104454.0,208584.65287065506
2155,HGS-TV,104454.0,208644.70105934143
2156,HGS-TV,104454.0,208704.80583763123
2157,HGS-TV,104454.0,208764.96831679344
2158,HGS-TV,104454.0,208825.15435004234
2159,HGS-TV,104454.0,208885.27349567413
2160,HGS-TV,104454.0,208945.3697180748
2161,HGS-TV,104454.0,209005.386572361
2162,HGS-TV,104454.0,209065.41908288002
2163,HGS-TV,104454.0,209125.535176754
2164,HGS-TV,104454.0,209185.5689854622
2165,HGS-TV,104454.0,209245.65954875946
2166,HGS-TV,104454.0,209305.7983403206
2167,ails2_etaMax1.000_stoppingTime1728000.00,105256.0,209435.6890529785
2168,ails2_etaMax1.000_stoppingTime1728000.00,105208.0,209435.78005297852
2169,HGS-TV,104454.0,209527.39743685722
2170,HGS-TV,104454.0,209595.49358153343
2171,HGS-TV,104454.0,209660.10612368584
2172,HGS-TV,104454.0,209720.13269591331
2173,HGS-TV,104454.0,209810.68751192093
2174,HGS-TV,104454.0,209876.6636610031
2175,HGS-TV,104454.0,209936.8982644081
2176,HGS-TV,104454.0,210034.09007763863
2177,HGS-TV,104454.0,210187.14778470993
2178,HGS-TV,104454.0,210372.01980757713
2179,HGS-TV,104454.0,210434.40297174454
2180,HGS-TV,104454.0,210707.90277457237
2181,HGS-TV,104454.0,210767.9726908207
2182,HGS-TV,104454.0,210848.9853477478
2183,HGS-TV,104454.0,210909.05315494537
2184,HGS-TV,104454.0,210969.0968785286
2185,HGS-TV,104454.0,211058.5889775753
2186,HGS-TV,104454.0,211118.60898327827
2187,HGS-TV,104454.0,211188.15099024773
2188,HGS-TV,104454.0,211423.91842556
2189,HGS-TV,104454.0,211483.96327733994
2190,HGS-TV,104454.0,211544.06541895866
2191,HGS-TV,104454.0,211689.88210725784
2192,HGS-TV,104454.0,211759.25929427147
2193,HGS-TV,104454.0,211819.3298857212
2194,HGS-TV,104454.0,211899.5607085228
2195,HGS-TV,104454.0,211959.66185736656
2196,HGS-TV,104454.0,212019.73452305794
2197,HGS-TV,104454.0,212079.7399084568
2198,HGS-TV,104454.0,212139.7501730919
2199,HGS-TV,104454.0,212199.8171851635
2200,HGS-TV,104454.0,212259.8453695774
2201,HGS-TV,104454.0,212319.85205888748
2202,ails2_etaMax1.000_stoppingTime864000.00,104857.0,212323.12705297853
2203,HGS-TV,104454.0,212418.12178349495
2204,HGS-TV,104454.0,212478.20472836494
2205,HGS-TV,104454.0,212538.2607793808
2206,HGS-TV,104454.0,212598.28436517715
2207,HGS-TV,104454.0,212857.37251663208
2208,HGS-TV,104454.0,212964.04736328125
2209,HGS-TV,104454.0,213034.58821082115
2210,HGS-TV,104454.0,213094.66619348526
2211,HGS-TV,104454.0,213170.23124837875
2212,HGS-TV,104454.0,213428.57656383514
2213,HGS-TV,104454.0,213488.67586278915
2214,HGS-TV,104454.0,213553.88859152794
2215,HGS-TV,104454.0,213613.9039208889
2216,HGS-TV,104454.0,213673.93924331665
2217,HGS-TV,104454.0,213733.95630192757
2218,HGS-TV,104454.0,213793.96828889847
2219,HGS-TV,104454.0,213861.73716831207
2220,HGS-TV,104454.0,213921.77551174164
2221,HGS-TV,104454.0,213981.8618862629
2222,HGS-TV,104454.0,214041.88465046883
2223,HGS-TV,104454.0,214101.89053106308
2224,HGS-TV,104454.0,214161.91574525833
2225,HGS-TV,104454.0,214222.05590939522
2226,HGS-TV,104454.0,214282.07549023628
2227,HGS-TV,104454.0,214342.0821185112
2228,HGS-TV,104454.0,214402.08394551277
2229,HGS-TV,104454.0,214462.10145568848
2230,HGS-TV,104454.0,214551.90676689148
2231,ails2_etaMax1.000_stoppingTime432000.00,104487.0,214591.86405297852
2232,HGS-TV,104454.0,214611.9195742607
2233,ails2_etaMax1.000_stoppingTime432000.00,104486.0,214592.02105297853
2234,HGS-TV,104454.0,214672.02075624466
2235,HGS-TV,104454.0,214732.10288715363
2236,HGS-TV,104454.0,214792.11762356758
2237,HGS-TV,104454.0,214852.16172623634
2238,ails2_etaMax1.000_stoppingTime864000.00,104847.0,214892.41605297851
2239,HGS-TV,104454.0,214912.1874103546
2240,HGS-TV,104454.0,214982.97197961807
2241,HGS-TV,104454.0,215119.44052767754
2242,HGS-TV,104454.0,215179.47493720055
2243,HGS-TV,104454.0,215239.48660755157
2244,HGS-TV,104454.0,215299.56017899513
2245,ails2_etaMax1.000_stoppingTime864000.00,104843.0,215336.0170529785
2246,HGS-TV,104454.0,215359.65214705467
2247,ails2_etaMax1.000_stoppingTime864000.00,104819.0,215336.47005297852
2248,HGS-TV,104454.0,215419.68068027496
2249,HGS-TV,104454.0,215537.5380320549
2250,HGS-TV,104454.0,215597.54170274734
2251,HGS-TV,104454.0,215657.5543012619
2252,HGS-TV,104454.0,215767.34478998184
2253,HGS-TV,104454.0,215827.38776826859
2254,HGS-TV,104454.0,215887.4265677929
2255,HGS-TV,104454.0,215965.58543896675
2256,HGS-TV,104454.0,216114.18261313438
2257,HGS-TV,104454.0,216257.48911857605
2258,HGS-TV,104454.0,216317.55013370514
2259,HGS-TV,104454.0,216607.66436719894
2260,HGS-TV,104454.0,216865.43652391434
2261,HGS-TV,104454.0,216984.20117878914
2262,HGS-TV,104454.0,217044.20552444458
2263,HGS-TV,104454.0,217273.2758512497
2264,HGS-TV,104454.0,217395.02169775963
2265,HGS-TV,104454.0,217534.8759021759
2266,HGS-TV,104454.0,218700.14264035225
2267,HGS-TV,104454.0,218760.1711037159
2268,HGS-TV,104454.0,218964.18385362625
2269,HGS-TV,104454.0,219053.64928984642
2270,HGS-TV,104454.0,219676.41173148155
2271,HGS-TV,104454.0,219736.4386701584
2272,HGS-TV,104454.0,219837.08032274246
2273,HGS-TV,104454.0,220738.1061987877
2274,HGS-TV,104454.0,220852.93327760696
2275,HGS-TV,104454.0,220912.94408655167
2276,HGS-TV,104454.0,220999.16671681404
2277,HGS-TV,104454.0,221059.2201604843
2278,HGS-TV,104454.0,222469.15563368797
2279,HGS-TV,104454.0,222529.19533658028
2280,HGS-TV,104454.0,222599.91222572327
2281,HGS-TV,104454.0,222659.92155694962
2282,ails2_etaMax1.000_stoppingTime864000.00,104817.0,222700.88505297853
2283,HGS-TV,104454.0,222730.431671381
2284,ails2_etaMax1.000_stoppingTime864000.00,104778.0,222701.5120529785
2285,HGS-TV,104454.0,222940.60777306557
2286,HGS-TV,104454.0,224462.77385115623
2287,HGS-TV,104454.0,224522.85553359985
2288,HGS-TV,104454.0,224582.91616630554
2289,HGS-TV,104454.0,224643.0103843212
2290,HGS-TV,104454.0,224703.14262342453
2291,HGS-TV,104454.0,224763.26270723343
2292,HGS-TV,104454.0,224823.3502652645
2293,HGS-TV,104454.0,224883.43298697472
2294,HGS-TV,104454.0,224943.49437069893
2295,HGS-TV,104454.0,225003.59483528137
2296,HGS-TV,104454.0,225063.6869084835
2297,HGS-TV,104454.0,225123.73316979408
2298,HGS-TV,104454.0,225183.80915379524
2299,HGS-TV,104454.0,225243.81566166878
2300,HGS-TV,104454.0,225303.94486308098
2301,HGS-TV,104454.0,225363.95126128197
2302,HGS-TV,104454.0,225423.98521733284
2303,HGS-TV,104454.0,225484.02173042297
2304,HGS-TV,104454.0,225558.43485426903
2305,HGS-TV,104454.0,225618.478515625
2306,HGS-TV,104454.0,225716.45324134827
2307,HGS-TV,104454.0,225826.05137085915
2308,HGS-TV,104454.0,225929.8813726902
2309,HGS-TV,104454.0,225989.92002296448
2310,HGS-TV,104454.0,226074.69830870628
2311,HGS-TV,104454.0,226134.75084614754
2312,HGS-TV,104454.0,226247.688495636
2313,HGS-TV,104454.0,226307.71630001068
2314,HGS-TV,104454.0,226419.74866390228
2315,HGS-TV,104454.0,226538.01942968369
2316,HGS-TV,104454.0,226598.12097406387
2317,HGS-TV,104454.0,226688.3002512455
2318,HGS-TV,104454.0,226748.35797572136
2319,HGS-TV,104454.0,226811.55124998093
2320,HGS-TV,104454.0,227068.52299499512
2321,HGS-TV,104454.0,227144.4587841034
2322,HGS-TV,104454.0,227204.51182937622
2323,HGS-TV,104454.0,227404.11585068703
2324,HGS-TV,104454.0,227464.14300060272
2325,HGS-TV,104454.0,227524.28530836105
2326,HGS-TV,104454.0,227584.3739888668
2327,HGS-TV,104454.0,227644.47751402855
2328,HGS-TV,104454.0,227704.51088881493
2329,HGS-TV,104454.0,227764.62851786613
2330,HGS-TV,104454.0,227824.73439192772
2331,HGS-TV,104454.0,227884.7377729416
2332,HGS-TV,104454.0,227944.7864499092
2333,HGS-TV,104454.0,228004.80218172073
2334,HGS-TV,104454.0,228064.884745121
2335,ails2_etaMax1.000_stoppingTime1728000.00,105203.0,228255.68405297853
2336,HGS-TV,104454.0,228290.98237252235
2337,HGS-TV,104454.0,228351.0424156189
2338,HGS-TV,104454.0,228411.17342424393
2339,HGS-TV,104454.0,228471.18610358238
2340,HGS-TV,104454.0,228531.20962023735
2341,HGS-TV,104454.0,228591.22337174416
2342,HGS-TV,104454.0,228651.24833250046
2343,HGS-TV,104454.0,228711.2920923233
2344,HGS-TV,104454.0,228771.3651869297
2345,HGS-TV,104454.0,228842.80466151237
2346,HGS-TV,104454.0,228902.88881778717
2347,HGS-TV,104454.0,228962.91559648514
2348,HGS-TV,104454.0,229023.1567261219
2349,HGS-TV,104454.0,229083.25182628632
2350,HGS-TV,104454.0,229183.81624484062
2351,HGS-TV,104454.0,229243.841288805
2352,HGS-TV,104454.0,229303.87758278847
2353,HGS-TV,104454.0,229363.91206741333
2354,HGS-TV,104454.0,229423.97259140015
2355,HGS-TV,104454.0,229484.0682747364
2356,HGS-TV,104454.0,229614.8279402256
2357,HGS-TV,104454.0,229674.8311843872
2358,HGS-TV,104454.0,229748.30855298042
2359,HGS-TV,104454.0,229808.4127085209
2360,HGS-TV,104454.0,229868.43076133728
2361,HGS-TV,104454.0,229962.23909449577
2362,HGS-TV,104454.0,230249.73152637482
2363,HGS-TV,104454.0,230321.58851003647
2364,HGS-TV,104454.0,230393.22367334366
2365,HGS-TV,104454.0,230453.2694518566
2366,HGS-TV,104454.0,230513.3292298317
2367,HGS-TV,104454.0,230573.37030911446
2368,HGS-TV,104454.0,230633.39724063873
2369,HGS-TV,104454.0,230837.38080596924
2370,HGS-TV,104454.0,230996.52500629425
2371,HGS-TV,104454.0,231056.54597854614
2372,HGS-TV,104454.0,231169.45859122276
2373,HGS-TV,104454.0,231229.54052233696
2374,HGS-TV,104454.0,231289.59061193466
2375,HGS-TV,104454.0,231391.84570240974
2376,HGS-TV,104454.0,231594.36622428894
2377,HGS-TV,104454.0,231654.4193227291
2378,HGS-TV,104454.0,231763.99759602547
2379,HGS-TV,104454.0,231900.29972696304
2380,HGS-TV,104454.0,231960.38834500313
2381,HGS-TV,104454.0,232025.19405770302
2382,HGS-TV,104454.0,232129.52020692825
2383,ails2_etaMax1.000_stoppingTime1728000.00,105200.0,232215.31705297853
2384,HGS-TV,104454.0,232232.31113696098
2385,ails2_etaMax1.000_stoppingTime1728000.00,105165.0,232215.34205297852
2386,HGS-TV,104454.0,232292.31930828094
2387,HGS-TV,104454.0,232538.58177280426
2388,HGS-TV,104454.0,232653.64396238327
2389,HGS-TV,104454.0,232816.99622869492
2390,HGS-TV,104454.0,232913.84791445732
2391,HGS-TV,104454.0,232973.93665742874
2392,HGS-TV,104454.0,233033.9704105854
2393,HGS-TV,104454.0,233094.0047969818
2394,HGS-TV,104454.0,233154.06600427628
2395,HGS-TV,104454.0,233808.27987027168
2396,HGS-TV,104454.0,233887.2626402378
2397,HGS-TV,104454.0,234117.82266426086
2398,HGS-TV,104454.0,234177.885992527
2399,HGS-TV,104454.0,234559.9705376625
2400,HGS-TV,104454.0,234943.45058083534
2401,HGS-TV,104454.0,235003.52202630043
2402,HGS-TV,104454.0,235078.34322619438
2403,HGS-TV,104454.0,235143.49287986755
2404,HGS-TV,104454.0,235236.2110593319
2405,HGS-TV,104454.0,235318.04245233536
2406,HGS-TV,104454.0,235449.2104525566
2407,HGS-TV,104454.0,235509.26630449295
2408,HGS-TV,104454.0,235580.67668128014
2409,HGS-TV,104454.0,235640.69823551178
2410,HGS-TV,104454.0,235700.80021715164
2411,HGS-TV,104454.0,235807.63341355324
2412,HGS-TV,104454.0,235900.75070548058
2413,HGS-TV,104454.0,235962.176404953
2414,HGS-TV,104454.0,236029.42581534386
2415,HGS-TV,104454.0,236406.2672791481
2416,HGS-TV,104454.0,237272.67142891884
2417,HGS-TV,104454.0,237870.59394478798
2418,HGS-TV,104454.0,237953.96205878258
2419,HGS-TV,104454.0,238368.13170838356
2420,HGS-TV,104454.0,238520.6241877079
2421,HGS-TV,104454.0,238598.05368947983
2422,HGS-TV,104454.0,238658.1333220005
2423,HGS-TV,104454.0,238718.17351675034
2424,HGS-TV,104454.0,238778.2426764965
2425,ails2_etaMax1.000_stoppingTime432000.00,104481.0,238978.16805297852
2426,HGS-TV,104454.0,238990.83475899696
2427,ails2_etaMax1.000_stoppingTime432000.00,104477.0,238985.73805297853
2428,HGS-TV,104454.0,239432.5579278469
2429,HGS-TV,104454.0,239516.38568377495
2430,HGS-TV,104454.0,239620.67247319221
2431,HGS-TV,104454.0,240108.80190372467
2432,HGS-TV,104454.0,240168.81538200378
2433,HGS-TV,104454.0,240982.6452395916
2434,HGS-TV,104454.0,241079.18389463425
2435,HGS-TV,104454.0,241359.1338646412
2436,ails2_etaMax1.000_stoppingTime432000.00,104471.0,241636.6940529785
2437,HGS-TV,104454.0,241991.8932468891
2438,HGS-TV,104454.0,242307.26769018173
2439,HGS-TV,104454.0,242368.74851989746
2440,HGS-TV,104454.0,242734.04480218887
2441,HGS-TV,104454.0,242794.0669414997
2442,HGS-TV,104454.0,242854.06913733482
2443,HGS-TV,104454.0,242963.3188419342
2444,HGS-TV,104454.0,243259.0763847828
2445,ails2_etaMax1.000_stoppingTime864000.00,104771.0,243283.66205297853
2446,HGS-TV,104454.0,243319.14163303375
2447,HGS-TV,104454.0,243689.32563209534
2448,HGS-TV,104454.0,243749.35282611847
2449,ails2_etaMax1.000_stoppingTime432000.00,104470.0,244164.9460529785
2450,HGS-TV,104454.0,244324.78213524818
2451,HGS-TV,104454.0,244429.14345097542
2452,HGS-TV,104454.0,244523.1709880829
2453,HGS-TV,104454.0,244583.20456576347
2454,HGS-TV,104454.0,244896.80853366852
2455,ails2_etaMax1.000_stoppingTime1728000.00,105163.0,246364.94005297852
2456,HGS-TV,104454.0,246651.5726222992
2457,HGS-TV,104454.0,246727.1051914692
2458,HGS-TV,104454.0,247992.45098924637
2459,HGS-TV,104454.0,248052.4536318779
2460,ails2_etaMax1.000_stoppingTime1728000.00,105160.0,248599.67605297852
2461,ails2_etaMax1.000_stoppingTime1728000.00,105102.0,248599.79105297851
2462,ails2_etaMax1.000_stoppingTime864000.00,104766.0,248769.61705297852
2463,ails2_etaMax1.000_stoppingTime864000.00,104743.0,248770.53505297852
2464,HGS-TV,104454.0,248987.8360874653
2465,HGS-TV,104454.0,249245.18992829323
2466,HGS-TV,104454.0,249439.6832420826
2467,HGS-TV,104454.0,250576.71728539467
2468,HGS-TV,104454.0,251557.08465504646
2469,HGS-TV,104454.0,251684.1355984211
2470,HGS-TV,104454.0,251744.21627545357
2471,HGS-TV,104454.0,251998.13306808472
2472,HGS-TV,104454.0,252058.1405570507
2473,HGS-TV,104454.0,252202.55610084534
2474,HGS-TV,104454.0,253857.17834591866
2475,HGS-TV,104454.0,253917.23781085014
2476,HGS-TV,104454.0,253977.24953603745
2477,HGS-TV,104454.0,254037.38530111313
2478,HGS-TV,104454.0,254097.4593436718
2479,HGS-TV,104454.0,254157.4716410637
2480,HGS-TV,104454.0,254217.4796319008
2481,HGS-TV,104454.0,254277.55816984177
2482,HGS-TV,104454.0,254337.64491677284
2483,HGS-TV,104454.0,254462.29498052597
2484,HGS-TV,104454.0,254526.46080374718
2485,HGS-TV,104454.0,254586.58006072044
2486,HGS-TV,104454.0,254646.6519010067
2487,HGS-TV,104454.0,254706.72578406334
2488,HGS-TV,104454.0,254766.7777543068
2489,HGS-TV,104454.0,254826.85464167595
2490,HGS-TV,104454.0,254886.89897584915
2491,HGS-TV,104454.0,254946.91380143166
2492,HGS-TV,104454.0,255006.96378159523
2493,HGS-TV,104454.0,255188.575776577
2494,HGS-TV,104454.0,255248.68108344078
2495,HGS-TV,104454.0,255308.73966884613
2496,ails2_etaMax1.000_stoppingTime864000.00,104739.0,255333.24205297852
2497,HGS-TV,104454.0,255368.76354455948
2498,ails2_etaMax1.000_stoppingTime864000.00,104713.0,255334.11705297852
2499,HGS-TV,104454.0,255428.77307772636
2500,HGS-TV,104454.0,255488.89641547203
2501,HGS-TV,104454.0,255548.97009706497
2502,HGS-TV,104454.0,255609.02725338936
2503,HGS-TV,104454.0,255669.153195858
2504,HGS-TV,104454.0,255729.29331731796
2505,HGS-TV,104454.0,255789.3836762905
2506,HGS-TV,104454.0,255849.39077091217
2507,HGS-TV,104454.0,255909.43236613274
2508,HGS-TV,104454.0,255969.4597287178
2509,HGS-TV,104454.0,256029.55517673492
2510,HGS-TV,104454.0,256089.57725644112
2511,HGS-TV,104454.0,256149.60700702667
2512,HGS-TV,104454.0,256225.80015921593
2513,HGS-TV,104454.0,256285.82886242867
2514,HGS-TV,104454.0,256345.90021514893
2515,HGS-TV,104454.0,256406.00253725052
2516,HGS-TV,104454.0,256466.1022424698
2517,HGS-TV,104454.0,256526.16198468208
2518,HGS-TV,104454.0,256586.3023531437
2519,HGS-TV,104454.0,256646.33338284492
2520,ails2_etaMax1.000_stoppingTime432000.00,104468.0,256724.6670529785
2521,HGS-TV,104454.0,256724.86191105843
2522,HGS-TV,104454.0,256784.92075824738
2523,ails2_etaMax1.000_stoppingTime432000.00,104462.0,256725.5090529785
2524,HGS-TV,104454.0,256872.10181236267
2525,HGS-TV,104454.0,256932.14954328537
2526,ails2_etaMax1.000_stoppingTime432000.00,104461.0,256949.5740529785
2527,ails2_etaMax1.000_stoppingTime432000.00,104456.0,256993.1610529785
2528,HGS-TV,104454.0,257034.2073891163
2529,ails2_etaMax1.000_stoppingTime432000.00,104453.0,257096.72205297853
2530,HGS-TV,104454.0,257117.5383913517
2531,HGS-TV,104454.0,257177.6152188778
2532,HGS-TV,104454.0,257237.64601063728
2533,HGS-TV,104454.0,257297.657425642
2534,HGS-TV,104454.0,257357.74096798897
2535,HGS-TV,104454.0,257417.81058073044
2536,HGS-TV,104454.0,257477.89172053337
2537,HGS-TV,104454.0,257537.9002764225
2538,HGS-TV,104454.0,257597.96207809448
2539,HGS-TV,104454.0,257657.9656932354
2540,HGS-TV,104454.0,257718.01145863533
2541,HGS-TV,104454.0,257778.0578174591
2542,HGS-TV,104454.0,257838.12352657318
2543,HGS-TV,104454.0,257898.160415411
2544,HGS-TV,104454.0,257958.20823597908
2545,HGS-TV,104454.0,258023.2450914383
2546,HGS-TV,104454.0,258083.53399896622
2547,HGS-TV,104454.0,258143.54070401192
2548,HGS-TV,104454.0,258211.81535339355
2549,HGS-TV,104454.0,258271.82228541374
2550,HGS-TV,104454.0,258368.44020056725
2551,HGS-TV,104454.0,258433.18727231026
2552,HGS-TV,104454.0,258817.02111959457
2553,ails2_etaMax1.000_stoppingTime864000.00,104707.0,258908.93405297853
2554,ails2_etaMax1.000_stoppingTime864000.00,104699.0,258909.08405297852
2555,HGS-TV,104452.0,259367.85108423233
2556,ails2_etaMax0.005_stoppingTime86400.00,104452.0,259457.44205297853
2557,ails2_etaMax0.005_stoppingTime86400.00,104449.0,259461.61405297852
2558,ails2_etaMax0.005_stoppingTime86400.00,104446.0,259527.30705297852
2559,HGS-TV,104450.0,259610.45685219765
2560,HGS-TV,104449.0,259979.3608162403
2561,ails2_etaMax0.020_stoppingTime86400.00,104451.0,260027.5850529785
2562,ails2_etaMax0.020_stoppingTime86400.00,104450.0,261273.70105297852
2563,HGS-TV,104449.0,261527.3659029007
2564,HGS-TV,104449.0,261587.45916986465
2565,HGS-TV,104449.0,261647.49617481232
2566,HGS-TV,104449.0,261707.56175851822
2567,HGS-TV,104449.0,261767.61816835403
2568,HGS-TV,104449.0,261827.63930749893
2569,HGS-TV,104449.0,261887.73594808578
2570,ails2_etaMax1.000_stoppingTime432000.00,104450.0,261931.20305297853
2571,HGS-TV,104449.0,261947.77995347977
2572,HGS-TV,104449.0,262007.90141510963
2573,HGS-TV,104449.0,262068.00090956688
2574,HGS-TV,104449.0,262128.08946418762
2575,HGS-TV,104449.0,262188.1235780716
2576,HGS-TV,104449.0,262248.175283432
2577,HGS-TV,104449.0,262308.2764632702
2578,HGS-TV,104449.0,262368.39359664917
2579,ails2_etaMax0.020_stoppingTime86400.00,104449.0,262379.3650529785
2580,HGS-TV,104449.0,262428.43024873734
2581,HGS-TV,104449.0,262515.9210574627
2582,HGS-TV,104449.0,262575.998909235
2583,HGS-TV,104449.0,262636.00565218925
2584,HGS-TV,104449.0,262696.06480288506
2585,HGS-TV,104449.0,262756.0842232704
2586,HGS-TV,104449.0,262816.18906116486
2587,HGS-TV,104444.0,263169.2516217232
2588,ails2_etaMax0.005_stoppingTime86400.00,104445.0,263236.6740529785
2589,ails2_etaMax0.005_stoppingTime86400.00,104444.0,264300.1970529785
2590,ails2_etaMax0.005_stoppingTime86400.00,104442.0,264334.2400529785
2591,ails2_etaMax1.000_stoppingTime1728000.00,105098.0,264551.7460529785
2592,HGS-TV,104444.0,264675.1778790951
2593,HGS-TV,104444.0,264735.2434978485
2594,HGS-TV,104444.0,264795.2883172035
2595,HGS-TV,104444.0,264855.2933251858
2596,HGS-TV,104444.0,264915.3704125881
2597,HGS-TV,104444.0,264975.37496447563
2598,HGS-TV,104444.0,265035.45778155327
2599,HGS-TV,104444.0,265095.4717550278
2600,HGS-TV,104444.0,265155.5673997402
2601,HGS-TV,104444.0,265270.638507843
2602,HGS-TV,104444.0,265330.7641453743
2603,HGS-TV,104444.0,265414.4884593487
2604,HGS-TV,104444.0,265484.53993296623
2605,HGS-TV,104444.0,265544.6176879406
2606,HGS-TV,104444.0,265755.0998928547
2607,HGS-TV,104444.0,265815.10949993134
2608,ails2_etaMax0.005_stoppingTime86400.00,104441.0,265851.5560529785
2609,HGS-TV,104444.0,266019.9755630493
2610,HGS-TV,104444.0,266080.0791192055
2611,HGS-TV,104444.0,266169.9861383438
2612,HGS-TV,104444.0,266230.0345058441
2613,HGS-TV,104444.0,266290.24766373634
2614,HGS-TV,104444.0,266350.358707428
2615,filo2,104440.0,266480.6635661125
2616,ails2_etaMax1.000_stoppingTime1728000.00,105074.0,266654.6190529785
2617,ails2_etaMax1.000_stoppingTime1728000.00,105063.0,266654.65105297853
2618,HGS-TV,104440.0,266781.8011686802
2619,HGS-TV,104440.0,268271.1141741276
2620,HGS-TV,104440.0,268331.1686487198
2621,HGS-TV,104440.0,268391.2425367832
2622,HGS-TV,104440.0,268451.35948348045
2623,HGS-TV,104440.0,268511.426967144
2624,HGS-TV,104440.0,268571.4817454815
2625,HGS-TV,104440.0,268631.580091238
2626,HGS-TV,104440.0,268691.6252524853
2627,HGS-TV,104440.0,268841.8151757717
2628,HGS-TV,104440.0,268901.8352282047
2629,HGS-TV,104440.0,268961.89369249344
2630,HGS-TV,104440.0,269097.0513138771
2631,HGS-TV,104440.0,269157.0799996853
2632,HGS-TV,104440.0,269217.2068874836
2633,HGS-TV,104440.0,269331.11007642746
2634,HGS-TV,104440.0,269391.14565086365
2635,HGS-TV,104440.0,269451.2533106804
2636,HGS-TV,104440.0,269582.19340085983
2637,HGS-TV,104440.0,269700.8798184395
2638,HGS-TV,104440.0,269760.8843922615
2639,HGS-TV,104440.0,269852.48498010635
2640,HGS-TV,104440.0,269940.5163538456
2641,HGS-TV,104440.0,270000.58335638046
2642,ails2_etaMax1.000_stoppingTime432000.00,104449.0,270914.3820529785
2643,HGS-TV,104440.0,271557.9211294651
2644,HGS-TV,104440.0,271618.02904081345
2645,HGS-TV,104440.0,271678.0708203316
2646,HGS-TV,104440.0,271738.08122706413
2647,HGS-TV,104440.0,271798.11554956436
2648,HGS-TV,104440.0,271858.17594599724
2649,HGS-TV,104440.0,271922.4167664051
2650,HGS-TV,104440.0,271982.5333623886
2651,HGS-TV,104440.0,272042.640468359
2652,HGS-TV,104440.0,272102.677274704
2653,HGS-TV,104440.0,272162.68444538116
2654,HGS-TV,104440.0,272222.7263879776
2655,HGS-TV,104440.0,272352.9170637131
2656,HGS-TV,104440.0,272412.9811079502
2657,HGS-TV,104440.0,272473.0673687458
2658,HGS-TV,104440.0,272569.5853023529
2659,HGS-TV,104440.0,272629.6083269119
2660,HGS-TV,104440.0,272689.78602957726
2661,HGS-TV,104440.0,272749.83592128754
2662,HGS-TV,104440.0,272809.9032227993
2663,HGS-TV,104440.0,272869.98059797287
2664,HGS-TV,104440.0,272930.020478487
2665,HGS-TV,104440.0,272990.05688524246
2666,HGS-TV,104440.0,273050.1243312359
2667,HGS-TV,104440.0,273166.4054477215
2668,HGS-TV,104440.0,273332.9559571743
2669,HGS-TV,104440.0,273432.4276752472
2670,HGS-TV,104440.0,273492.4722521305
2671,HGS-TV,104440.0,273552.4867594242
2672,HGS-TV,104440.0,273641.9626765251
2673,HGS-TV,104440.0,273701.9871547222
2674,HGS-TV,104440.0,273762.14686656
2675,HGS-TV,104440.0,273898.3310906887
2676,HGS-TV,104440.0,273958.43185162544
2677,HGS-TV,104440.0,274018.4477031231
2678,HGS-TV,104440.0,274118.38164043427
2679,HGS-TV,104440.0,274178.5824494362
2680,HGS-TV,104440.0,274296.98620939255
2681,HGS-TV,104440.0,274356.9885327816
2682,HGS-TV,104440.0,274508.12350845337
2683,ails2_etaMax1.000_stoppingTime432000.00,104448.0,274633.4300529785
2684,HGS-TV,104440.0,274659.3160123825
2685,HGS-TV,104440.0,274821.5095219612
2686,HGS-TV,104440.0,274943.331993103
2687,HGS-TV,104440.0,275045.0319030285
2688,HGS-TV,104440.0,275105.1250498295
2689,HGS-TV,104440.0,275196.69227170944
2690,HGS-TV,104440.0,275256.6958706379
2691,HGS-TV,104440.0,275359.3768174648
2692,HGS-TV,104440.0,275419.4688742161
2693,HGS-TV,104440.0,275479.52665424347
2694,HGS-TV,104440.0,275539.57073521614
2695,HGS-TV,104440.0,275599.57377386093
2696,HGS-TV,104440.0,275659.60809373856
2697,HGS-TV,104440.0,275719.7054374218
2698,HGS-TV,104440.0,275779.7898080349
2699,HGS-TV,104440.0,275839.84281873703
2700,HGS-TV,104440.0,275899.9540925026
2701,HGS-TV,104440.0,275960.03190875053
2702,HGS-TV,104440.0,276020.05319428444
2703,HGS-TV,104440.0,276080.05521035194
2704,HGS-TV,104440.0,276140.07008075714
2705,HGS-TV,104440.0,276200.07397198677
2706,HGS-TV,104440.0,276260.1678767204
2707,HGS-TV,104440.0,276320.1921515465
2708,HGS-TV,104440.0,276432.7395377159
2709,HGS-TV,104440.0,276492.7564764023
2710,HGS-TV,104440.0,276555.24422979355
2711,HGS-TV,104440.0,276615.3123521805
2712,HGS-TV,104440.0,276675.3399708271
2713,HGS-TV,104440.0,276786.92617726326
2714,HGS-TV,104440.0,276893.9146051407
2715,HGS-TV,104440.0,276953.9739203453
2716,HGS-TV,104440.0,277014.0745611191
2717,HGS-TV,104440.0,277074.085780859
2718,HGS-TV,104440.0,277134.27303147316
2719,HGS-TV,104440.0,277194.3416380882
2720,HGS-TV,104440.0,277254.4354047775
2721,HGS-TV,104440.0,277334.61817908287
2722,HGS-TV,104440.0,277394.67177677155
2723,HGS-TV,104440.0,277489.9550035
2724,HGS-TV,104440.0,277550.07635331154
2725,HGS-TV,104440.0,277610.1948311329
2726,HGS-TV,104440.0,277670.20977211
2727,HGS-TV,104440.0,277730.2361240387
2728,HGS-TV,104440.0,277790.26919436455
2729,HGS-TV,104440.0,277850.3257060051
2730,HGS-TV,104440.0,277910.3433172703
2731,HGS-TV,104440.0,277971.30388116837
2732,HGS-TV,104440.0,278031.327640295
2733,HGS-TV,104440.0,278091.3975543976
2734,HGS-TV,104440.0,278151.44808363914
2735,HGS-TV,104440.0,278310.6005420685
2736,HGS-TV,104440.0,278442.2067642212
2737,HGS-TV,104440.0,278502.27297997475
2738,HGS-TV,104440.0,278607.449092865
2739,HGS-TV,104440.0,278667.4537630081
2740,HGS-TV,104440.0,278792.5932917595
2741,ails2_etaMax1.000_stoppingTime432000.00,104447.0,278805.2510529785
2742,ails2_etaMax1.000_stoppingTime864000.00,104690.0,278895.0590529785
2743,ails2_etaMax1.000_stoppingTime432000.00,104446.0,279161.0400529785
2744,HGS-TV,104440.0,279222.2657585144
2745,HGS-TV,104440.0,279309.94566988945
2746,HGS-TV,104440.0,279369.993067503
2747,HGS-TV,104440.0,279430.04569911957
2748,HGS-TV,104440.0,279881.37033319473
2749,HGS-TV,104440.0,279941.40578889847
2750,HGS-TV,104440.0,280203.21977996826
2751,HGS-TV,104440.0,280355.12266397476
2752,HGS-TV,104440.0,280415.1531817913
2753,HGS-TV,104440.0,280568.5616569519
2754,HGS-TV,104440.0,280643.3686442375
2755,HGS-TV,104440.0,280703.46361374855
2756,HGS-TV,104440.0,281032.2792878151
2757,HGS-TV,104440.0,281092.34051322937
2758,HGS-TV,104440.0,281152.39968419075
2759,HGS-TV,104440.0,281274.23695874214
2760,ails2_etaMax1.000_stoppingTime432000.00,104443.0,281336.8470529785
2761,HGS-TV,104440.0,281496.3878698349
2762,HGS-TV,104440.0,281556.42589592934
2763,HGS-TV,104440.0,281616.44483828545
2764,HGS-TV,104440.0,281676.49579262733
2765,HGS-TV,104440.0,281980.55334329605
2766,HGS-TV,104440.0,282130.9602496624
2767,HGS-TV,104440.0,282874.9671075344
2768,HGS-TV,104440.0,283743.36485409737
2769,HGS-TV,104440.0,283803.39398789406
2770,HGS-TV,104440.0,283863.43516921997
2771,HGS-TV,104440.0,283923.43610310555
2772,HGS-TV,104440.0,285347.889220953
2773,HGS-TV,104440.0,285408.0120706558
2774,HGS-TV,104440.0,285468.09838438034
2775,HGS-TV,104440.0,285528.12038350105
2776,HGS-TV,104440.0,285588.1549255848
2777,HGS-TV,104440.0,285648.1854150295
2778,HGS-TV,104440.0,285708.3147790432
2779,HGS-TV,104440.0,285768.4135928154
2780,HGS-TV,104440.0,285828.5012702942
2781,HGS-TV,104440.0,285888.5214560032
2782,HGS-TV,104440.0,285948.59878993034
2783,HGS-TV,104440.0,286008.6000263691
2784,HGS-TV,104440.0,286068.62116241455
2785,HGS-TV,104440.0,286128.6936979294
2786,HGS-TV,104440.0,286188.78026747704
2787,HGS-TV,104440.0,286248.8093969822
2788,HGS-TV,104440.0,286308.9319577217
2789,HGS-TV,104440.0,286368.9486479759
2790,HGS-TV,104440.0,286429.0547349453
2791,HGS-TV,104440.0,286695.7851989269
2792,HGS-TV,104440.0,286755.83549666405
2793,HGS-TV,104440.0,286815.95751833916
2794,HGS-TV,104440.0,286957.2940373421
2795,HGS-TV,104440.0,287123.12111616135
2796,ails2_etaMax1.000_stoppingTime432000.00,104442.0,287158.7110529785
2797,HGS-TV,104440.0,287183.1553995609
2798,HGS-TV,104440.0,287243.1697294712
2799,HGS-TV,104440.0,287303.2476568222
2800,HGS-TV,104440.0,287363.2996959686
2801,HGS-TV,104440.0,287423.34966254234
2802,HGS-TV,104440.0,287483.4045214653
2803,HGS-TV,104440.0,287543.44881772995
2804,HGS-TV,104440.0,287639.36589217186
2805,HGS-TV,104440.0,287699.45573949814
2806,HGS-TV,104440.0,287801.1328024864
2807,HGS-TV,104440.0,287861.22644996643
2808,HGS-TV,104440.0,287921.26033329964
2809,HGS-TV,104440.0,288076.6103887558
2810,HGS-TV,104440.0,288136.7025208473
2811,HGS-TV,104440.0,288262.91168522835
2812,HGS-TV,104440.0,288325.34781575203
2813,HGS-TV,104440.0,288385.4072418213
2814,HGS-TV,104440.0,288445.5236172676
2815,HGS-TV,104440.0,288505.53479623795
2816,HGS-TV,104440.0,288565.59086203575
2817,HGS-TV,104440.0,288625.62392115593
2818,HGS-TV,104440.0,288685.701130867
2819,HGS-TV,104440.0,288745.7238175869
2820,HGS-TV,104440.0,288805.7553281784
2821,HGS-TV,104440.0,288865.9085292816
2822,HGS-TV,104440.0,288925.9226706028
2823,HGS-TV,104440.0,288985.95336937904
2824,HGS-TV,104440.0,289045.96610212326
2825,ails2_etaMax1.000_stoppingTime1728000.00,105042.0,289094.1440529785
2826,HGS-TV,104440.0,289106.14317059517
2827,HGS-TV,104440.0,289166.2107143402
2828,HGS-TV,104440.0,289226.21258854866
2829,HGS-TV,104440.0,289286.24151563644
2830,HGS-TV,104440.0,289346.312697649
2831,HGS-TV,104440.0,289406.44276714325
2832,HGS-TV,104440.0,289466.48888397217
2833,HGS-TV,104440.0,289526.501322031
2834,HGS-TV,104440.0,289622.19437885284
2835,HGS-TV,104440.0,289682.3018860817
2836,ails2_etaMax1.000_stoppingTime1728000.00,105013.0,289720.2220529785
2837,HGS-TV,104440.0,289742.3512504101
2838,ails2_etaMax1.000_stoppingTime1728000.00,104999.0,289720.2790529785
2839,HGS-TV,104440.0,289802.3826806545
2840,HGS-TV,104440.0,289862.46142578125
2841,HGS-TV,104440.0,289922.5185749531
2842,HGS-TV,104440.0,289982.5921602249
2843,HGS-TV,104440.0,290064.5177702904
2844,HGS-TV,104440.0,290124.5356681347
2845,HGS-TV,104440.0,290184.5773394108
2846,HGS-TV,104440.0,290244.6641242504
2847,HGS-TV,104440.0,290304.7615585327
2848,HGS-TV,104440.0,290527.1003482342
2849,HGS-TV,104440.0,290587.1378631592
2850,HGS-TV,104440.0,290940.0514316559
2851,HGS-TV,104440.0,291273.9303660393
2852,HGS-TV,104440.0,291416.39348864555
2853,HGS-TV,104440.0,291476.47812986374
2854,HGS-TV,104440.0,291576.3675415516
2855,HGS-TV,104440.0,291636.424577713
2856,HGS-TV,104440.0,291703.3064343929
2857,HGS-TV,104440.0,291880.9896569252
2858,HGS-TV,104440.0,291996.07096004486
2859,HGS-TV,104440.0,292056.20928645134
2860,HGS-TV,104440.0,292116.2121043205
2861,HGS-TV,104440.0,292176.2684173584
2862,HGS-TV,104440.0,292236.338044405
2863,HGS-TV,104440.0,292329.6335105896
2864,HGS-TV,104440.0,292389.69118380547
2865,HGS-TV,104440.0,292449.7996919155
2866,HGS-TV,104440.0,292509.81766319275
2867,HGS-TV,104440.0,292569.82641267776
2868,HGS-TV,104440.0,292629.8594663143
2869,HGS-TV,104440.0,292692.1572108269
2870,HGS-TV,104440.0,292752.1930844784
2871,ails2_etaMax0.020_stoppingTime86400.00,104439.0,292834.3390529785
2872,HGS-TV,104440.0,292853.21909737587
2873,HGS-TV,104440.0,292974.1328909397
2874,HGS-TV,104440.0,293087.7972149849
2875,HGS-TV,104440.0,293147.8658196926
2876,HGS-TV,104440.0,293290.47153282166
2877,HGS-TV,104440.0,293350.53816986084
2878,HGS-TV,104440.0,293410.5600667
2879,HGS-TV,104440.0,293470.59312701225
2880,HGS-TV,104440.0,293761.575312376
2881,HGS-TV,104440.0,293821.6376798153
2882,HGS-TV,104440.0,294049.62887620926
2883,HGS-TV,104440.0,294109.65794706345
2884,ails2_etaMax0.020_stoppingTime86400.00,104438.0,294814.11805297853
2885,ails2_etaMax1.000_stoppingTime864000.00,104683.0,294975.9970529785
2886,ails2_etaMax1.000_stoppingTime864000.00,104662.0,294976.1110529785
2887,HGS-TV,104440.0,295199.170661211
2888,HGS-TV,104436.0,295326.25338339806
2889,HGS-TV,104436.0,296834.45664429665
2890,HGS-TV,104436.0,296894.52969145775
2891,HGS-TV,104436.0,296954.5980987549
2892,HGS-TV,104436.0,297014.6007730961
2893,HGS-TV,104436.0,297074.6662955284
2894,HGS-TV,104436.0,297134.76213407516
2895,HGS-TV,104436.0,297194.8411221504
2896,HGS-TV,104436.0,297254.8411848545
2897,HGS-TV,104436.0,297314.8833682537
2898,HGS-TV,104436.0,297374.9598636627
2899,HGS-TV,104436.0,297434.97349119186
2900,HGS-TV,104436.0,297495.02688741684
2901,HGS-TV,104436.0,297555.0795621872
2902,HGS-TV,104436.0,297615.1200456619
2903,HGS-TV,104436.0,297675.1831328869
2904,HGS-TV,104436.0,297735.231351614
2905,HGS-TV,104436.0,297795.323089838
2906,HGS-TV,104436.0,297855.34544944763
2907,HGS-TV,104436.0,297964.90062499046
2908,HGS-TV,104436.0,298024.9154891968
2909,ails2_etaMax1.000_stoppingTime864000.00,104661.0,298062.95405297854
2910,HGS-TV,104436.0,298084.9729375839
2911,ails2_etaMax1.000_stoppingTime864000.00,104659.0,298064.1870529785
2912,HGS-TV,104436.0,298144.99690294266
2913,HGS-TV,104436.0,298205.049008131
2914,ails2_etaMax1.000_stoppingTime864000.00,104658.0,298235.2420529785
2915,HGS-TV,104436.0,298265.1223447323
2916,ails2_etaMax1.000_stoppingTime864000.00,104656.0,298235.2800529785
2917,HGS-TV,104436.0,298325.145478487
2918,HGS-TV,104436.0,298385.2860662937
2919,HGS-TV,104436.0,298459.93201446533
2920,HGS-TV,104436.0,298527.83270931244
2921,HGS-TV,104436.0,298592.9055621624
2922,HGS-TV,104436.0,298652.92928004265
2923,HGS-TV,104436.0,298720.18564248085
2924,HGS-TV,104436.0,298780.27262473106
2925,HGS-TV,104436.0,298884.9374284744
2926,HGS-TV,104436.0,298952.7650959492
2927,HGS-TV,104436.0,299012.82844781876
2928,HGS-TV,104436.0,299072.8553984165
2929,HGS-TV,104436.0,299132.8850970268
2930,HGS-TV,104436.0,299193.07279372215
2931,HGS-TV,104436.0,299253.0946984291
2932,HGS-TV,104436.0,299397.30493688583
2933,HGS-TV,104436.0,299457.3077132702
2934,HGS-TV,104436.0,299615.04053115845
2935,HGS-TV,104436.0,299675.1050493717
2936,HGS-TV,104436.0,299826.2887854576
2937,HGS-TV,104436.0,299886.3771018982
2938,HGS-TV,104436.0,299983.0439352989
2939,HGS-TV,104436.0,300043.06468605995
2940,HGS-TV,104436.0,300103.1461305618
2941,HGS-TV,104436.0,300197.1472566128
2942,HGS-TV,104436.0,300337.09880685806
2943,HGS-TV,104436.0,300397.21100878716
2944,HGS-TV,104436.0,300457.34443998337
2945,HGS-TV,104436.0,300517.38107323647
2946,HGS-TV,104436.0,300577.39574074745
2947,HGS-TV,104436.0,300637.4231803417
2948,HGS-TV,104436.0,300697.5080087185
2949,HGS-TV,104436.0,300757.5566511154
2950,HGS-TV,104436.0,300817.66144800186
2951,HGS-TV,104436.0,300877.76915478706
2952,HGS-TV,104436.0,300937.78003525734
2953,HGS-TV,104436.0,300997.80384635925
2954,HGS-TV,104436.0,301075.5091691017
2955,HGS-TV,104436.0,301135.54851675034
2956,HGS-TV,104436.0,301195.5712687969
2957,HGS-TV,104436.0,301255.6036953926
2958,HGS-TV,104436.0,301315.6932439804
2959,HGS-TV,104436.0,301375.700779438
2960,HGS-TV,104436.0,301435.7212278843
2961,HGS-TV,104436.0,301495.8059272766
2962,HGS-TV,104436.0,301555.878998518
2963,HGS-TV,104436.0,301615.8947441578
2964,HGS-TV,104436.0,301720.61035203934
2965,HGS-TV,104436.0,301780.7002594471
2966,HGS-TV,104436.0,301923.0014576912
2967,HGS-TV,104436.0,301985.09817790985
2968,HGS-TV,104436.0,302106.5339486599
2969,HGS-TV,104436.0,302166.5421175957
2970,HGS-TV,104436.0,302226.59379553795
2971,HGS-TV,104436.0,302286.59796500206
2972,HGS-TV,104436.0,302346.646900177
2973,HGS-TV,104436.0,302450.45070815086
2974,HGS-TV,104436.0,302510.4816453457
2975,HGS-TV,104436.0,302593.27534270287
2976,HGS-TV,104436.0,302653.36477446556
2977,HGS-TV,104436.0,302713.4945805073
2978,HGS-TV,104436.0,302773.55666184425
2979,HGS-TV,104436.0,302868.5791826248
2980,HGS-TV,104436.0,303021.18770456314
2981,HGS-TV,104436.0,303279.84922647476
2982,HGS-TV,104436.0,303370.7658932209
2983,HGS-TV,104436.0,303625.9720234871
2984,HGS-TV,104436.0,303992.9650056362
2985,HGS-TV,104436.0,304289.01405739784
2986,HGS-TV,104436.0,304349.0435786247
2987,HGS-TV,104436.0,304497.19296336174
2988,HGS-TV,104436.0,304557.2897799015
2989,HGS-TV,104436.0,304617.37606334686
2990,HGS-TV,104436.0,304716.8898742199
2991,HGS-TV,104436.0,305988.5628006458
2992,HGS-TV,104436.0,306057.6027367115
2993,HGS-TV,104436.0,306188.5722477436
2994,ails2_etaMax1.000_stoppingTime1728000.00,104989.0,306978.1300529785
2995,ails2_etaMax1.000_stoppingTime1728000.00,104957.0,306978.2470529785
2996,HGS-TV,104436.0,307509.43701696396
2997,HGS-TV,104436.0,307660.6364617348
2998,HGS-TV,104436.0,307720.6488106251
2999,HGS-TV,104436.0,307834.4923117161
3000,HGS-TV,104436.0,308029.90260481834
3001,HGS-TV,104436.0,308514.1566371918
3002,HGS-TV,104436.0,308656.0775294304
3003,HGS-TV,104436.0,308716.098890543
3004,HGS-TV,104436.0,308776.1197733879
3005,HGS-TV,104436.0,309775.1614265442
3006,HGS-TV,104436.0,311336.5067079067
3007,HGS-TV,104436.0,311396.61420822144
3008,HGS-TV,104436.0,311456.73505187035
3009,ails2_etaMax1.000_stoppingTime864000.00,104655.0,311467.3660529785
3010,HGS-TV,104436.0,311516.930208683
3011,HGS-TV,104436.0,311577.06378889084
3012,HGS-TV,104436.0,311637.0885901451
3013,HGS-TV,104436.0,311697.1524026394
3014,HGS-TV,104436.0,311757.22402477264
3015,HGS-TV,104436.0,311817.31948137283
3016,HGS-TV,104436.0,311899.37423300743
3017,HGS-TV,104436.0,311959.4115152359
3018,HGS-TV,104436.0,312019.4878921509
3019,HGS-TV,104436.0,312079.55599474907
3020,HGS-TV,104436.0,312139.66310453415
3021,HGS-TV,104436.0,312201.035422802
3022,HGS-TV,104436.0,312261.0888030529
3023,HGS-TV,104436.0,312321.12005496025
3024,HGS-TV,104436.0,312381.16831064224
3025,HGS-TV,104436.0,312479.0392549038
3026,HGS-TV,104436.0,312539.1349685192
3027,HGS-TV,104436.0,312599.1598033905
3028,HGS-TV,104436.0,312770.74541401863
3029,HGS-TV,104436.0,312830.7764387131
3030,HGS-TV,104436.0,312893.8530538082
3031,HGS-TV,104436.0,312953.8792154789
3032,HGS-TV,104436.0,313037.2018289566
3033,HGS-TV,104436.0,313097.308147192
3034,HGS-TV,104436.0,313157.33202672005
3035,HGS-TV,104436.0,313221.26502251625
3036,HGS-TV,104436.0,313281.34709477425
3037,HGS-TV,104436.0,313341.45336961746
3038,HGS-TV,104436.0,313401.4747569561
3039,HGS-TV,104436.0,313461.5036022663
3040,HGS-TV,104436.0,313521.58862662315
3041,HGS-TV,104436.0,313605.16906261444
3042,HGS-TV,104436.0,313666.61096310616
3043,HGS-TV,104436.0,313726.7299835682
3044,HGS-TV,104436.0,313786.7783782482
3045,HGS-TV,104436.0,313997.70464611053
3046,HGS-TV,104436.0,314067.4856271744
3047,HGS-TV,104436.0,314127.50898480415
3048,HGS-TV,104436.0,314187.5933804512
3049,HGS-TV,104436.0,314247.64356422424
3050,HGS-TV,104436.0,314307.69735884666
3051,HGS-TV,104436.0,314389.5684301853
3052,HGS-TV,104436.0,314479.32766389847
3053,HGS-TV,104436.0,314539.3339705467
3054,HGS-TV,104436.0,314599.43286395073
3055,HGS-TV,104436.0,314659.4481573105
3056,HGS-TV,104436.0,314719.4485254288
3057,HGS-TV,104436.0,314779.54300546646
3058,HGS-TV,104436.0,314839.6104025841
3059,HGS-TV,104436.0,314899.78332304955
3060,HGS-TV,104436.0,314959.8886258602
3061,HGS-TV,104436.0,315019.954331398
3062,HGS-TV,104436.0,315080.0429611206
3063,HGS-TV,104436.0,315140.17595744133
3064,HGS-TV,104436.0,315224.2549805641
3065,HGS-TV,104436.0,315295.54780459404
3066,HGS-TV,104436.0,315404.15482759476
3067,HGS-TV,104436.0,315674.3976864815
3068,HGS-TV,104436.0,315734.41009163857
3069,HGS-TV,104436.0,315794.4346964359
3070,HGS-TV,104436.0,315854.44231057167
3071,HGS-TV,104436.0,315914.44943737984
3072,HGS-TV,104436.0,315974.5602777004
3073,HGS-TV,104436.0,316034.6491346359
3074,HGS-TV,104436.0,316094.7344260216
3075,HGS-TV,104436.0,316154.78505182266
3076,HGS-TV,104436.0,316214.79175543785
3077,HGS-TV,104436.0,316274.8238515854
3078,HGS-TV,104436.0,316334.9301137924
3079,HGS-TV,104436.0,316394.9980478287
3080,HGS-TV,104436.0,316454.9980623722
3081,HGS-TV,104436.0,316515.01969599724
3082,HGS-TV,104436.0,316575.045096159
3083,HGS-TV,104436.0,316669.8255331516
3084,HGS-TV,104436.0,316729.88696551323
3085,HGS-TV,104436.0,316789.897172451
3086,ails2_etaMax1.000_stoppingTime864000.00,104650.0,316801.1530529785
3087,HGS-TV,104436.0,316849.9470028877
3088,HGS-TV,104436.0,316910.0133061409
3089,HGS-TV,104436.0,316970.046410799
3090,HGS-TV,104436.0,317030.12670993805
3091,HGS-TV,104436.0,317090.19325709343
3092,HGS-TV,104436.0,317150.2207007408
3093,HGS-TV,104436.0,317210.2610504627
3094,HGS-TV,104436.0,317270.287211895
3095,HGS-TV,104436.0,317330.28755807877
3096,HGS-TV,104436.0,317390.3521208763
3097,HGS-TV,104436.0,317456.4444859028
3098,HGS-TV,104436.0,317516.5892922878
3099,HGS-TV,104436.0,317576.64046669006
3100,HGS-TV,104436.0,317636.64627480507
3101,HGS-TV,104436.0,317696.67420220375
3102,HGS-TV,104436.0,317756.70498657227
3103,HGS-TV,104436.0,317823.0771718025
3104,HGS-TV,104436.0,317884.14654660225
3105,HGS-TV,104436.0,317944.14827156067
3106,HGS-TV,104436.0,318004.19165086746
3107,HGS-TV,104436.0,318064.26913928986
3108,HGS-TV,104436.0,318124.28354358673
3109,HGS-TV,104436.0,318184.29247903824
3110,HGS-TV,104436.0,318244.30532455444
3111,HGS-TV,104436.0,318304.3354935646
3112,HGS-TV,104436.0,318364.4104397297
3113,ails2_etaMax1.000_stoppingTime864000.00,104642.0,318385.68805297854
3114,HGS-TV,104436.0,318424.4553630352
3115,ails2_etaMax1.000_stoppingTime864000.00,104631.0,318403.07905297854
3116,HGS-TV,104436.0,318484.4724268913
3117,HGS-TV,104436.0,318544.4936544895
3118,HGS-TV,104436.0,318604.59807372093
3119,HGS-TV,104436.0,318664.62786483765
3120,HGS-TV,104436.0,318791.3300127983
3121,HGS-TV,104436.0,318851.3562576771
3122,HGS-TV,104436.0,319056.23583841324
3123,HGS-TV,104436.0,319246.2668852806
3124,HGS-TV,104436.0,319357.0069491863
3125,HGS-TV,104436.0,319559.7134990692
3126,HGS-TV,104436.0,319881.24987745285
3127,HGS-TV,104436.0,320007.54952287674
3128,HGS-TV,104436.0,320607.44829154015
3129,HGS-TV,104436.0,320694.1663444042
3130,ails2_etaMax1.000_stoppingTime864000.00,104628.0,321201.56305297854
3131,HGS-TV,104436.0,322475.7713561058
3132,HGS-TV,104436.0,322535.8717639446
3133,HGS-TV,104436.0,322595.9162504673
3134,HGS-TV,104436.0,322655.983438015
3135,HGS-TV,104436.0,322716.0791642666
3136,HGS-TV,104436.0,322782.6242725849
3137,HGS-TV,104436.0,322842.6748473644
3138,HGS-TV,104436.0,322902.83407974243
3139,HGS-TV,104436.0,322995.2844388485
3140,HGS-TV,104436.0,323055.4097726345
3141,HGS-TV,104436.0,323115.49768710136
3142,HGS-TV,104436.0,323175.50078463554
3143,HGS-TV,104436.0,323235.5096001625
3144,HGS-TV,104436.0,323295.58388996124
3145,HGS-TV,104436.0,323355.5861558914
3146,HGS-TV,104436.0,323415.61524653435
3147,HGS-TV,104436.0,323475.67439842224
3148,HGS-TV,104436.0,323535.6852412224
3149,ails2_eoh_omega2,104870.0,323581.1530529785
3150,HGS-TV,104436.0,323617.00433063507
3151,ails2_eoh_omega2,104860.0,323618.46005297854
3152,HGS-TV,104436.0,323832.20690894127
3153,ails2_etaMax1.000_stoppingTime864000.00,104624.0,323886.6040529785
3154,HGS-TV,104436.0,323892.2615213394
3155,ails2_etaMax1.000_stoppingTime864000.00,104608.0,323886.7410529785
3156,HGS-TV,104436.0,323952.2962641716
3157,HGS-TV,104436.0,324012.33749485016
3158,HGS-TV,104436.0,324191.1703543663
3159,HGS-TV,104436.0,324251.2438900471
3160,HGS-TV,104436.0,324311.2938950062
3161,HGS-TV,104436.0,324440.88950800896
3162,HGS-TV,104436.0,324500.9065115452
3163,HGS-TV,104436.0,324560.96553874016
3164,HGS-TV,104436.0,324652.84007811546
3165,HGS-TV,104436.0,324738.3082988262
3166,HGS-TV,104436.0,324847.87082600594
3167,HGS-TV,104436.0,324963.20528125763
3168,HGS-TV,104436.0,325023.29109311104
3169,HGS-TV,104436.0,325083.3032107353
3170,HGS-TV,104436.0,325143.3531422615
3171,HGS-TV,104436.0,325299.95860886574
3172,HGS-TV,104436.0,325360.009701252
3173,HGS-TV,104436.0,325546.7979462147
3174,HGS-TV,104436.0,325618.99171614647
3175,HGS-TV,104436.0,325718.2591867447
3176,HGS-TV,104436.0,325907.39272117615
3177,HGS-TV,104436.0,325967.4223713875
3178,HGS-TV,104436.0,326027.52107071877
3179,HGS-TV,104436.0,326087.5272881985
3180,HGS-TV,104436.0,326147.6411077976
3181,HGS-TV,104436.0,326207.7013037205
3182,HGS-TV,104436.0,326304.2482659817
3183,HGS-TV,104436.0,326459.384649992
3184,HGS-TV,104436.0,326519.4646375179
3185,HGS-TV,104436.0,326613.44363617897
3186,HGS-TV,104436.0,326707.4997127056
3187,HGS-TV,104436.0,326767.5391972065
3188,HGS-TV,104436.0,326830.9575252533
3189,HGS-TV,104436.0,326891.01968073845
3190,HGS-TV,104436.0,326983.5973563194
3191,HGS-TV,104436.0,327167.84113025665
3192,HGS-TV,104436.0,327344.6647927761
3193,HGS-TV,104436.0,327564.1411216259
3194,HGS-TV,104436.0,327637.9195497036
3195,HGS-TV,104436.0,327698.02404999733
3196,HGS-TV,104436.0,327758.16469573975
3197,HGS-TV,104436.0,327818.234603405
3198,HGS-TV,104436.0,327881.1520664692
3199,HGS-TV,104436.0,327945.2822499275
3200,HGS-TV,104436.0,328005.3745377064
3201,HGS-TV,104436.0,328156.4294579029
3202,HGS-TV,104436.0,328333.94354248047
3203,HGS-TV,104436.0,328436.6376776695
3204,HGS-TV,104436.0,328496.76621603966
3205,HGS-TV,104436.0,328556.7676463127
3206,HGS-TV,104436.0,328677.9087970257
3207,HGS-TV,104436.0,328806.59638381004
3208,HGS-TV,104436.0,328866.6581990719
3209,HGS-TV,104436.0,328926.6849730015
3210,HGS-TV,104436.0,328986.75700831413
3211,HGS-TV,104436.0,329096.1637561321
3212,HGS-TV,104436.0,329156.22978425026
3213,HGS-TV,104436.0,329216.277538538
3214,HGS-TV,104436.0,329276.3975992203
3215,HGS-TV,104436.0,329351.9053170681
3216,HGS-TV,104436.0,329474.1988132
3217,HGS-TV,104436.0,329538.8680038452
3218,HGS-TV,104436.0,329598.91378974915
3219,HGS-TV,104436.0,329658.9358482361
3220,HGS-TV,104436.0,329718.96299242973
3221,HGS-TV,104436.0,329778.99652791023
3222,HGS-TV,104436.0,329870.95318102837
3223,HGS-TV,104436.0,329931.0662896633
3224,HGS-TV,104436.0,329991.19265055656
3225,HGS-TV,104436.0,330051.23496198654
3226,HGS-TV,104436.0,330176.6550498009
3227,HGS-TV,104436.0,330265.08742690086
3228,HGS-TV,104436.0,330516.39783263206
3229,HGS-TV,104436.0,330576.42633986473
3230,HGS-TV,104436.0,330636.4655005932
3231,HGS-TV,104436.0,330696.550686121
3232,HGS-TV,104436.0,330907.7143061161
3233,HGS-TV,104436.0,331002.93663167953
3234,HGS-TV,104436.0,331062.94463562965
3235,HGS-TV,104436.0,331386.41302609444
3236,HGS-TV,104436.0,331446.43365597725
3237,HGS-TV,104436.0,331506.56263256073
3238,HGS-TV,104436.0,331566.59829068184
3239,HGS-TV,104436.0,331798.29386782646
3240,HGS-TV,104436.0,331879.4967634678
3241,HGS-TV,104436.0,332143.62288594246
3242,HGS-TV,104436.0,332203.6268310547
3243,HGS-TV,104436.0,332582.35689902306
3244,HGS-TV,104436.0,332679.95651602745
3245,HGS-TV,104436.0,332740.00036382675
3246,HGS-TV,104436.0,332814.92083096504
3247,HGS-TV,104436.0,332996.22044563293
3248,HGS-TV,104436.0,333140.50713801384
3249,ails2_etaMax1.000_stoppingTime1728000.00,104955.0,333471.69905297854
3250,HGS-TV,104436.0,333713.57686567307
3251,HGS-TV,104436.0,333841.78023195267
3252,HGS-TV,104436.0,334437.49150419235
3253,ails2_etaMax1.000_stoppingTime432000.00,104441.0,334447.8580529785
3254,HGS-TV,104436.0,334497.52795124054
3255,HGS-TV,104436.0,334651.50236439705
3256,HGS-TV,104436.0,334711.5459809303
3257,HGS-TV,104436.0,334771.6154510975
3258,HGS-TV,104436.0,334831.6295616627
3259,ails2_etaMax1.000_stoppingTime864000.00,104606.0,335289.8270529785
3260,HGS-TV,104436.0,335297.0212390423
3261,ails2_etaMax1.000_stoppingTime864000.00,104599.0,335289.95005297853
3262,HGS-TV,104436.0,336189.71136283875
3263,HGS-TV,104436.0,336487.0411300659
3264,HGS-TV,104436.0,337154.1351456642
3265,HGS-TV,104436.0,337976.9827263355
3266,HGS-TV,104436.0,338565.1998729706
3267,HGS-TV,104436.0,338625.2238931656
3268,HGS-TV,104436.0,338748.9825415611
3269,ails2_etaMax1.000_stoppingTime432000.00,104440.0,339785.7350529785
3270,ails2_etaMax1.000_stoppingTime432000.00,104439.0,340188.6320529785
3271,ails2_etaMax1.000_stoppingTime432000.00,104438.0,340379.1220529785
3272,HGS-TV,104436.0,340424.1227450371
3273,HGS-TV,104436.0,340484.16013908386
3274,HGS-TV,104436.0,340544.25798749924
3275,HGS-TV,104436.0,340604.3317539692
3276,HGS-TV,104436.0,340664.3897266388
3277,HGS-TV,104436.0,340724.4054582119
3278,HGS-TV,104436.0,340784.5715353489
3279,HGS-TV,104436.0,340844.62459659576
3280,HGS-TV,104436.0,340904.66670084
3281,HGS-TV,104436.0,340964.72536087036
3282,HGS-TV,104436.0,341024.7459156513
3283,HGS-TV,104436.0,341106.16320180893
3284,HGS-TV,104436.0,341166.2395038605
3285,HGS-TV,104436.0,341226.3613319397
3286,HGS-TV,104436.0,341286.36412620544
3287,HGS-TV,104436.0,341434.7459948063
3288,HGS-TV,104436.0,341501.35792160034
3289,HGS-TV,104436.0,341561.55591726303
3290,HGS-TV,104436.0,341621.6847395897
3291,HGS-TV,104436.0,341681.74077892303
3292,HGS-TV,104436.0,341749.2551436424
3293,HGS-TV,104436.0,341809.2652747631
3294,HGS-TV,104436.0,341875.144118309
3295,HGS-TV,104436.0,341935.20030879974
3296,HGS-TV,104436.0,341995.25339365005
3297,HGS-TV,104436.0,342055.2991232872
3298,HGS-TV,104436.0,342115.3443315029
3299,HGS-TV,104436.0,342175.4205818176
3300,HGS-TV,104436.0,342235.50274181366
3301,HGS-TV,104436.0,342295.6403491497
3302,HGS-TV,104436.0,342355.73462581635
3303,HGS-TV,104436.0,342415.81604242325
3304,HGS-TV,104436.0,342475.8694984913
3305,HGS-TV,104436.0,342535.92007637024
3306,HGS-TV,104436.0,342595.9384353161
3307,HGS-TV,104436.0,342655.99770212173
3308,HGS-TV,104436.0,342716.01079416275
3309,HGS-TV,104436.0,342888.61067295074
3310,HGS-TV,104436.0,343017.83954906464
3311,HGS-TV,104436.0,343077.91077280045
3312,HGS-TV,104436.0,343137.9548857212
3313,HGS-TV,104436.0,343197.96821427345
3314,HGS-TV,104436.0,343257.9828529358
3315,HGS-TV,104436.0,343318.0765929222
3316,HGS-TV,104436.0,343378.1569471359
3317,HGS-TV,104436.0,343438.18802785873
3318,HGS-TV,104436.0,343498.2152414322
3319,HGS-TV,104436.0,343568.9001431465
3320,HGS-TV,104436.0,343628.90512013435
3321,HGS-TV,104436.0,343688.9084339142
3322,HGS-TV,104436.0,343749.2767531872
3323,ails2_etaMax1.000_stoppingTime432000.00,104437.0,343785.0550529785
3324,HGS-TV,104436.0,343809.3411593437
3325,HGS-TV,104436.0,343869.4154691696
3326,HGS-TV,104436.0,343929.4209871292
3327,HGS-TV,104436.0,343989.44450068474
3328,HGS-TV,104436.0,344049.47367334366
3329,HGS-TV,104436.0,344109.55202674866
3330,HGS-TV,104436.0,344184.5063838959
3331,HGS-TV,104436.0,344244.5183374882
3332,HGS-TV,104436.0,344337.6837608814
3333,HGS-TV,104436.0,344397.791069746
3334,HGS-TV,104436.0,344457.8643465042
3335,HGS-TV,104436.0,344517.92648100853
3336,HGS-TV,104436.0,344577.92759513855
3337,ails2_etaMax1.000_stoppingTime864000.00,104598.0,344616.52005297854
3338,HGS-TV,104436.0,344834.7805328369
3339,HGS-TV,104436.0,344910.6747174263
3340,HGS-TV,104436.0,345078.7679936886
3341,HGS-TV,104436.0,345222.3444416523
3342,HGS-TV,104436.0,345282.3734996319
3343,HGS-TV,104436.0,345342.39511442184
3344,HGS-TV,104436.0,345408.66868543625
3345,HGS-TV,104436.0,345469.65455055237
3346,HGS-TV,104436.0,345672.97876763344
3347,HGS-TV,104436.0,345828.63902282715
3348,HGS-TV,104436.0,346002.92466282845
3349,HGS-TV,104436.0,346062.99541020393
3350,HGS-TV,104436.0,346123.0167455673
3351,HGS-TV,104436.0,346183.1971538067
3352,HGS-TV,104436.0,346243.2864739895
3353,HGS-TV,104436.0,346303.3107306957
3354,HGS-TV,104436.0,346460.7614340782
3355,HGS-TV,104436.0,346570.1740939617
3356,HGS-TV,104436.0,346644.20210886
3357,HGS-TV,104436.0,346851.36781191826
3358,HGS-TV,104436.0,346978.8497478962
3359,ails2_etaMax1.000_stoppingTime1728000.00,104937.0,346999.18805297854
3360,HGS-TV,104436.0,347038.86624598503
3361,ails2_etaMax1.000_stoppingTime1728000.00,104900.0,346999.2230529785
3362,HGS-TV,104436.0,347123.57525348663
3363,HGS-TV,104436.0,347183.58246827126
3364,HGS-TV,104436.0,347265.6365184784
3365,HGS-TV,104436.0,347325.65567445755
3366,HGS-TV,104436.0,347385.6932358742
3367,HGS-TV,104436.0,347513.94874739647
3368,HGS-TV,104436.0,347574.0090174675
3369,HGS-TV,104436.0,347702.92874503136
3370,HGS-TV,104436.0,347762.9571480751
3371,HGS-TV,104436.0,347823.00355792046
3372,HGS-TV,104436.0,347883.0789704323
3373,HGS-TV,104436.0,347943.0826692581
3374,HGS-TV,104436.0,348003.1876938343
3375,HGS-TV,104436.0,348063.2649347782
3376,HGS-TV,104436.0,348204.15022563934
3377,HGS-TV,104436.0,348363.68293356895
3378,HGS-TV,104436.0,348423.7526767254
3379,HGS-TV,104436.0,348483.7540168762
3380,HGS-TV,104436.0,348543.8647236824
3381,HGS-TV,104436.0,348643.70698070526
3382,HGS-TV,104436.0,348703.80298399925
3383,HGS-TV,104436.0,348763.85680389404
3384,HGS-TV,104436.0,349043.9754524231
3385,HGS-TV,104436.0,349104.01917648315
3386,HGS-TV,104436.0,349164.0863814354
3387,HGS-TV,104436.0,349224.1273601055
3388,HGS-TV,104436.0,349308.2095243931
3389,ails2_etaMax1.000_stoppingTime864000.00,104596.0,349366.8470529785
3390,ails2_etaMax1.000_stoppingTime864000.00,104560.0,349390.3040529785
3391,HGS-TV,104436.0,349501.7135002613
3392,HGS-TV,104436.0,349599.21499180794
3393,HGS-TV,104436.0,349811.1534149647
3394,ails2_etaMax1.000_stoppingTime864000.00,104550.0,350288.2410529785
3395,ails2_etaMax1.000_stoppingTime864000.00,104536.0,350288.4690529785
3396,HGS-TV,104436.0,350435.38472008705
3397,HGS-TV,104436.0,350495.41920518875
3398,HGS-TV,104436.0,351374.99512147903
3399,HGS-TV,104436.0,351448.8226425648
3400,HGS-TV,104436.0,351509.04343891144
3401,HGS-TV,104436.0,352505.92977046967
3402,HGS-TV,104436.0,352591.18720960617
3403,HGS-TV,104436.0,352651.30771303177
3404,HGS-TV,104436.0,352711.37216973305
3405,HGS-TV,104436.0,352771.39097714424
3406,HGS-TV,104436.0,352831.44998526573
3407,HGS-TV,104436.0,352891.5033714771
3408,HGS-TV,104436.0,353002.80353975296
3409,HGS-TV,104436.0,353062.84381079674
3410,HGS-TV,104436.0,353122.88635468483
3411,HGS-TV,104436.0,353541.8751974106
3412,ails2_etaMax1.000_stoppingTime432000.00,104436.0,353563.0600529785
3413,HGS-TV,104436.0,354102.02397203445
3414,HGS-TV,104436.0,354162.05927443504
3415,HGS-TV,104436.0,354289.0399734974
3416,HGS-TV,104436.0,354868.87435626984
3417,HGS-TV,104436.0,356237.2833902836
3418,HGS-TV,104436.0,357427.5007829666
3419,HGS-TV,104436.0,357487.53132772446
3420,HGS-TV,104436.0,357547.6374261379
3421,HGS-TV,104436.0,357613.22011733055
3422,HGS-TV,104436.0,357673.31159186363
3423,HGS-TV,104436.0,357733.3296134472
3424,HGS-TV,104436.0,358873.13101291656
3425,HGS-TV,104436.0,359117.10653162
3426,HGS-TV,104436.0,359194.58307886124
3427,HGS-TV,104436.0,360176.66011834145
3428,HGS-TV,104436.0,360236.7554781437
3429,HGS-TV,104436.0,360296.76700639725
3430,ails2_etaMax1.000_stoppingTime1728000.00,104899.0,360701.9700529785
3431,ails2_etaMax1.000_stoppingTime1728000.00,104873.0,360702.0820529785
3432,HGS-TV,104436.0,361970.02186632156
3433,HGS-TV,104436.0,362030.0358631611
3434,HGS-TV,104436.0,362090.13308930397
3435,HGS-TV,104436.0,362150.18839001656
3436,HGS-TV,104436.0,362210.2703318596
3437,HGS-TV,104436.0,362270.32608127594
3438,HGS-TV,104436.0,362330.3880047798
3439,HGS-TV,104436.0,362390.44706869125
3440,HGS-TV,104436.0,362450.51243019104
3441,HGS-TV,104436.0,362510.62688183784
3442,HGS-TV,104436.0,362570.7997767925
3443,HGS-TV,104436.0,362630.9168741703
3444,HGS-TV,104436.0,362691.02807354927
3445,HGS-TV,104436.0,362751.068267107
3446,HGS-TV,104436.0,362814.10611104965
3447,HGS-TV,104436.0,362874.13831186295
3448,HGS-TV,104436.0,362934.30468058586
3449,HGS-TV,104436.0,362994.3692679405
3450,HGS-TV,104436.0,363065.9193754196
3451,HGS-TV,104436.0,363125.934268713
3452,HGS-TV,104436.0,363186.00339865685
3453,HGS-TV,104436.0,363246.0042076111
3454,HGS-TV,104436.0,363306.06526589394
3455,HGS-TV,104436.0,363366.07138586044
3456,HGS-TV,104436.0,363426.0891401768
3457,HGS-TV,104436.0,363486.102997303
3458,HGS-TV,104436.0,363546.12017583847
3459,HGS-TV,104436.0,363739.1531152725
3460,HGS-TV,104436.0,363878.7073073387
3461,HGS-TV,104436.0,363943.19970583916
3462,HGS-TV,104436.0,364003.3059530258
3463,HGS-TV,104436.0,364063.34605264664
3464,HGS-TV,104436.0,364132.93007683754
3465,HGS-TV,104436.0,364193.0740931034
3466,HGS-TV,104436.0,364253.1697883606
3467,HGS-TV,104436.0,364313.18154501915
3468,HGS-TV,104436.0,364373.2115519047
3469,HGS-TV,104436.0,364433.24152326584
3470,HGS-TV,104436.0,364493.2925930023
3471,HGS-TV,104436.0,364553.4026196003
3472,HGS-TV,104436.0,364613.4167816639
3473,HGS-TV,104436.0,364673.48746061325
3474,HGS-TV,104436.0,364733.6249470711
3475,HGS-TV,104436.0,364793.7435119152
3476,HGS-TV,104436.0,364853.8415675163
3477,HGS-TV,104436.0,364913.841711998
3478,HGS-TV,104436.0,364973.8840408325
3479,HGS-TV,104436.0,365056.9960901737
3480,HGS-TV,104436.0,365117.05572891235
3481,HGS-TV,104436.0,365177.1250770092
3482,HGS-TV,104436.0,365324.69588303566
3483,HGS-TV,104436.0,365384.7729251385
3484,HGS-TV,104436.0,365455.5114555359
3485,HGS-TV,104436.0,365515.530867815
3486,HGS-TV,104436.0,365575.58581757545
3487,HGS-TV,104436.0,365635.61194849014
3488,HGS-TV,104436.0,365695.6854991913
3489,HGS-TV,104436.0,365755.7406256199
3490,HGS-TV,104436.0,365815.7427096367
3491,HGS-TV,104436.0,365875.8205549717
3492,HGS-TV,104436.0,365935.8350260258
3493,HGS-TV,104436.0,365995.9076039791
3494,HGS-TV,104436.0,366055.94911932945
3495,HGS-TV,104436.0,366138.6818020344
3496,HGS-TV,104436.0,366198.6932954788
3497,HGS-TV,104436.0,366273.38960051537
3498,HGS-TV,104436.0,366333.4823319912
3499,HGS-TV,104436.0,366421.18993997574
3500,HGS-TV,104436.0,366481.20187950134
3501,HGS-TV,104436.0,366541.24086380005
3502,HGS-TV,104436.0,366601.3040664196
3503,HGS-TV,104436.0,366661.33376955986
3504,HGS-TV,104436.0,366721.3670601845
3505,HGS-TV,104436.0,366781.44506669044
3506,HGS-TV,104436.0,366841.52770519257
3507,HGS-TV,104436.0,366901.54834485054
3508,HGS-TV,104436.0,366961.597669363
3509,HGS-TV,104436.0,367021.615213871
3510,HGS-TV,104436.0,367081.6280479431
3511,HGS-TV,104436.0,367141.74593520164
3512,HGS-TV,104436.0,367201.8173956871
3513,HGS-TV,104436.0,367261.823176384
3514,HGS-TV,104436.0,367321.86776828766
3515,HGS-TV,104436.0,367381.88056612015
3516,HGS-TV,104436.0,367441.9076476097
3517,HGS-TV,104436.0,367501.9570555687
3518,HGS-TV,104436.0,367576.7878022194
3519,HGS-TV,104436.0,367636.80391430855
3520,HGS-TV,104436.0,367696.88234066963
3521,HGS-TV,104436.0,367769.6573135853
3522,HGS-TV,104436.0,367829.8788406849
3523,HGS-TV,104436.0,367889.91922330856
3524,HGS-TV,104436.0,368033.2568461895
3525,HGS-TV,104436.0,368173.0492846966
3526,HGS-TV,104436.0,368491.56149864197
3527,HGS-TV,104436.0,368551.5652053356
3528,HGS-TV,104436.0,368626.092689991
3529,HGS-TV,104436.0,368750.48244285583
3530,HGS-TV,104436.0,368810.50332450867
3531,HGS-TV,104436.0,368870.51561164856
3532,HGS-TV,104436.0,369041.593136549
3533,HGS-TV,104436.0,369101.6426215172
3534,HGS-TV,104436.0,369161.6731932163
3535,HGS-TV,104436.0,369287.4616215229
3536,HGS-TV,104436.0,369535.0922560692
3537,HGS-TV,104436.0,369724.8412733078
3538,HGS-TV,104436.0,369904.36832880974
3539,HGS-TV,104436.0,370030.73437428474
3540,HGS-TV,104436.0,370208.49232530594
3541,HGS-TV,104436.0,370984.05009818077
3542,HGS-TV,104436.0,371976.8131837845
3543,HGS-TV,104436.0,372036.88842225075
3544,HGS-TV,104436.0,372278.4289422035
3545,HGS-TV,104436.0,373521.8370425701
3546,HGS-TV,104436.0,375082.54549717903
3547,HGS-TV,104436.0,375142.6703774929
3548,HGS-TV,104436.0,375202.6954483986
3549,HGS-TV,104436.0,375262.7633149624
3550,HGS-TV,104436.0,375322.8299791813
3551,HGS-TV,104436.0,375382.9692187309
3552,HGS-TV,104436.0,375443.105684042
3553,HGS-TV,104436.0,375503.25181007385
3554,HGS-TV,104436.0,375576.2165465355
3555,HGS-TV,104436.0,375636.29609656334
3556,HGS-TV,104436.0,375697.5954744816
3557,HGS-TV,104436.0,375757.60976433754
3558,HGS-TV,104436.0,375846.5628731251
3559,HGS-TV,104436.0,375919.3444876671
3560,HGS-TV,104436.0,376056.3544828892
3561,ails2_etaMax1.000_stoppingTime864000.00,104534.0,376099.3000529785
3562,ails2_etaMax1.000_stoppingTime864000.00,104530.0,376102.2390529785
3563,HGS-TV,104436.0,376255.62119936943
3564,ails2_etaMax1.000_stoppingTime864000.00,104529.0,376423.5380529785
3565,HGS-TV,104436.0,376459.8390119076
3566,HGS-TV,104436.0,376519.9328713417
3567,HGS-TV,104436.0,376603.90967416763
3568,HGS-TV,104436.0,376663.9870789051
3569,HGS-TV,104436.0,376817.2885708809
3570,HGS-TV,104436.0,377031.14385557175
3571,HGS-TV,104436.0,377091.2109668255
3572,HGS-TV,104436.0,377161.3265414238
3573,HGS-TV,104436.0,377221.37098288536
3574,HGS-TV,104436.0,377281.4370877743
3575,HGS-TV,104436.0,377341.4722459316
3576,HGS-TV,104436.0,377423.99610328674
3577,HGS-TV,104436.0,377484.10667967796
3578,HGS-TV,104436.0,377544.1377415657
3579,HGS-TV,104436.0,377604.2094631195
3580,HGS-TV,104436.0,377664.2956004143
3581,HGS-TV,104436.0,377784.3381140232
3582,HGS-TV,104436.0,377897.7923254967
3583,HGS-TV,104436.0,377957.8153309822
3584,HGS-TV,104436.0,378017.9660346508
3585,HGS-TV,104436.0,378077.99807453156
3586,HGS-TV,104436.0,378299.41891026497
3587,HGS-TV,104436.0,378399.90726447105
3588,HGS-TV,104436.0,378469.5523507595
3589,HGS-TV,104436.0,378564.4292371273
3590,HGS-TV,104436.0,378624.4799835682
3591,HGS-TV,104436.0,378684.4820549488
3592,HGS-TV,104436.0,378744.5620174408
3593,HGS-TV,104436.0,378804.62816667557
3594,HGS-TV,104436.0,378864.726139307
3595,HGS-TV,104436.0,378924.72689795494
3596,HGS-TV,104436.0,379032.8497245312
3597,HGS-TV,104436.0,379212.0707099438
3598,HGS-TV,104436.0,379272.133092165
3599,HGS-TV,104436.0,379438.9602434635
3600,HGS-TV,104436.0,379498.9948143959
3601,HGS-TV,104436.0,379559.0175743103
3602,HGS-TV,104436.0,379619.15874671936
3603,HGS-TV,104436.0,379679.2268948555
3604,HGS-TV,104436.0,379757.3804178238
3605,HGS-TV,104436.0,379817.41002202034
3606,HGS-TV,104436.0,379877.437258482
3607,HGS-TV,104436.0,379937.44212150574
3608,HGS-TV,104436.0,379997.5021877289
3609,HGS-TV,104436.0,380057.51519060135
3610,HGS-TV,104436.0,380117.5825059414
3611,HGS-TV,104436.0,380177.66832852364
3612,HGS-TV,104436.0,380237.7515473366
3613,HGS-TV,104436.0,380297.8128130436
3614,HGS-TV,104436.0,380357.92626333237
3615,HGS-TV,104436.0,380417.9514877796
3616,HGS-TV,104436.0,380509.15088772774
3617,HGS-TV,104436.0,380599.83579206467
3618,HGS-TV,104436.0,380893.09518027306
3619,HGS-TV,104436.0,381049.49278497696
3620,HGS-TV,104436.0,381110.2162539959
3621,HGS-TV,104436.0,381170.2505400181
3622,HGS-TV,104436.0,381461.3618674278
3623,HGS-TV,104436.0,381560.8845720291
3624,HGS-TV,104436.0,381620.96580314636
3625,HGS-TV,104436.0,381740.4108159542
3626,HGS-TV,104436.0,381800.45869493484
3627,HGS-TV,104436.0,381860.47540044785
3628,HGS-TV,104436.0,381920.5007042885
3629,HGS-TV,104436.0,381980.5370414257
3630,HGS-TV,104436.0,382070.9340260029
3631,HGS-TV,104436.0,382131.0055861473
3632,HGS-TV,104436.0,382191.0597088337
3633,HGS-TV,104436.0,382251.11070370674
3634,HGS-TV,104436.0,382321.7931506634
3635,HGS-TV,104436.0,382381.81746411324
3636,HGS-TV,104436.0,382441.84959053993
3637,HGS-TV,104436.0,382501.9300749302
3638,HGS-TV,104436.0,382561.95417904854
3639,HGS-TV,104436.0,382621.9916303158
3640,HGS-TV,104436.0,382682.0725681782
3641,HGS-TV,104436.0,382742.15718746185
3642,HGS-TV,104436.0,382802.22409033775
3643,HGS-TV,104436.0,382966.3992524147
3644,HGS-TV,104436.0,383108.23756074905
3645,HGS-TV,104436.0,383168.2517836094
3646,HGS-TV,104436.0,383228.2572107315
3647,HGS-TV,104436.0,383418.9321331978
3648,HGS-TV,104436.0,383478.9540479183
3649,HGS-TV,104436.0,383540.61496424675
3650,HGS-TV,104436.0,383635.3622536659
3651,HGS-TV,104436.0,383695.40392947197
3652,HGS-TV,104436.0,383755.45994377136
3653,HGS-TV,104436.0,383815.50838947296
3654,HGS-TV,104436.0,383875.54563736916
3655,HGS-TV,104436.0,383935.58845448494
3656,HGS-TV,104436.0,383995.7101187706
3657,HGS-TV,104436.0,384169.21106910706
3658,HGS-TV,104436.0,384229.2285847664
3659,HGS-TV,104436.0,384404.27950525284
3660,HGS-TV,104436.0,384589.3390543461
3661,HGS-TV,104436.0,385205.13517928123
3662,HGS-TV,104436.0,385265.32001018524
3663,HGS-TV,104436.0,385476.4913403988
3664,HGS-TV,104436.0,385901.39096450806
3665,HGS-TV,104436.0,386063.1479918957
3666,HGS-TV,104436.0,386123.207092762
3667,HGS-TV,104436.0,386183.2184126377
3668,HGS-TV,104436.0,386243.2830543518
3669,HGS-TV,104436.0,386338.19701218605
3670,HGS-TV,104436.0,386398.2534427643
3671,HGS-TV,104436.0,387025.6825940609
3672,HGS-TV,104436.0,387085.73210191727
3673,HGS-TV,104436.0,387242.4771080017
3674,HGS-TV,104436.0,387302.6024918556
3675,HGS-TV,104436.0,387382.505484581
3676,HGS-TV,104436.0,387491.5636744499
3677,HGS-TV,104436.0,387713.74249625206
3678,HGS-TV,104436.0,387773.74733424187
3679,HGS-TV,104436.0,387833.85034775734
3680,HGS-TV,104436.0,387893.9264729023
3681,HGS-TV,104436.0,388280.3724439144
3682,HGS-TV,104436.0,388340.3907415867
3683,HGS-TV,104436.0,388598.0509235859
3684,HGS-TV,104436.0,390085.80652451515
3685,HGS-TV,104436.0,390145.92814040184
3686,HGS-TV,104436.0,390206.02022504807
3687,HGS-TV,104436.0,390266.16071367264
3688,HGS-TV,104436.0,390326.17666196823
3689,HGS-TV,104436.0,390386.188318491
3690,HGS-TV,104436.0,390446.3144981861
3691,HGS-TV,104436.0,390537.53709578514
3692,HGS-TV,104436.0,390597.55662989616
3693,HGS-TV,104436.0,390657.5568678379
3694,HGS-TV,104436.0,390717.6178557873
3695,HGS-TV,104436.0,390777.6189723015
3696,HGS-TV,104436.0,390837.64305114746
3697,HGS-TV,104436.0,390909.6818885803
3698,HGS-TV,104436.0,390969.70382142067
3699,HGS-TV,104436.0,391029.7576715946
3700,HGS-TV,104436.0,391089.84736061096
3701,HGS-TV,104436.0,391149.94918489456
3702,HGS-TV,104436.0,391210.00788116455
3703,HGS-TV,104436.0,391270.0688343048
3704,HGS-TV,104436.0,391330.12243819237
3705,HGS-TV,104436.0,391390.1751549244
3706,HGS-TV,104436.0,391450.18757247925
3707,HGS-TV,104436.0,391530.4744448662
3708,HGS-TV,104436.0,391590.50459837914
3709,HGS-TV,104436.0,391760.9130373001
3710,HGS-TV,104436.0,391820.9998152256
3711,HGS-TV,104436.0,391881.1297905445
3712,HGS-TV,104436.0,391962.0536439419
3713,HGS-TV,104436.0,392131.1923570633
3714,HGS-TV,104436.0,392191.27035164833
3715,HGS-TV,104436.0,392251.30225896835
3716,HGS-TV,104436.0,392329.1336481571
3717,HGS-TV,104436.0,392389.23100566864
3718,HGS-TV,104436.0,392451.85214686394
3719,HGS-TV,104436.0,392511.9663808346
3720,HGS-TV,104436.0,392621.43406176567
3721,HGS-TV,104436.0,392681.4694623947
3722,HGS-TV,104436.0,392741.51017332077
3723,HGS-TV,104436.0,392801.5707974434
3724,HGS-TV,104436.0,392861.6039841175
3725,HGS-TV,104436.0,392984.0237109661
3726,HGS-TV,104436.0,393044.05149030685
3727,HGS-TV,104436.0,393164.064221859
3728,HGS-TV,104436.0,393259.9189708233
3729,HGS-TV,104436.0,393388.25247859955
3730,HGS-TV,104436.0,393448.27725958824
3731,HGS-TV,104436.0,393508.34150600433
3732,HGS-TV,104436.0,393568.82852077484
3733,HGS-TV,104436.0,393628.8941090107
3734,HGS-TV,104436.0,393689.0054664612
3735,HGS-TV,104436.0,393749.0721876621
3736,HGS-TV,104436.0,393809.1873936653
3737,HGS-TV,104436.0,393925.5708093643
3738,HGS-TV,104436.0,393985.6717867851
3739,HGS-TV,104436.0,394045.7824189663
3740,HGS-TV,104436.0,394105.86850857735
3741,HGS-TV,104436.0,394165.96616506577
3742,ails2_etaMax1.000_stoppingTime1728000.00,104863.0,394170.5160529785
3743,HGS-TV,104436.0,394225.99017834663
3744,ails2_etaMax1.000_stoppingTime1728000.00,104844.0,394170.5890529785
3745,HGS-TV,104436.0,394286.0246965885
3746,HGS-TV,104436.0,394346.05932450294
3747,HGS-TV,104436.0,394406.1689169407
3748,HGS-TV,104436.0,394477.7023639679
3749,HGS-TV,104436.0,394537.7370688915
3750,HGS-TV,104436.0,394603.3489770889
3751,HGS-TV,104436.0,394663.3830611706
3752,HGS-TV,104436.0,394723.431678772
3753,HGS-TV,104436.0,394783.5077700615
3754,HGS-TV,104436.0,394843.5810997486
3755,HGS-TV,104436.0,394905.41223978996
3756,HGS-TV,104436.0,394965.46920371056
3757,HGS-TV,104436.0,395025.55476784706
3758,HGS-TV,104436.0,395085.5655345917
3759,HGS-TV,104436.0,395145.60053420067
3760,HGS-TV,104436.0,395205.63307380676
3761,HGS-TV,104436.0,395265.73061704636
3762,HGS-TV,104436.0,395325.74368453026
3763,HGS-TV,104436.0,395385.76143431664
3764,HGS-TV,104436.0,395445.78844475746
3765,HGS-TV,104436.0,395505.9245147705
3766,HGS-TV,104436.0,395565.9758555889
3767,HGS-TV,104436.0,395626.0053079128
3768,HGS-TV,104436.0,395686.0865340233
3769,HGS-TV,104436.0,395836.2105910778
3770,HGS-TV,104436.0,395957.1650650501
3771,HGS-TV,104436.0,396064.44804525375
3772,HGS-TV,104436.0,396124.46053028107
3773,HGS-TV,104436.0,396264.7034640312
3774,HGS-TV,104436.0,396324.75883436203
3775,HGS-TV,104436.0,396441.8869059086
3776,HGS-TV,104436.0,396501.96308898926
3777,HGS-TV,104436.0,396623.3693025112
3778,HGS-TV,104436.0,396683.38235616684
3779,HGS-TV,104436.0,396743.43464159966
3780,HGS-TV,104436.0,396803.57965779305
3781,HGS-TV,104436.0,396863.6286556721
3782,HGS-TV,104436.0,396923.7081720829
3783,HGS-TV,104436.0,396983.7977104187
3784,HGS-TV,104436.0,397043.8017189503
3785,HGS-TV,104436.0,397103.8347866535
3786,HGS-TV,104436.0,397163.8521363735
3787,HGS-TV,104436.0,397223.9347808361
3788,HGS-TV,104436.0,397283.98439884186
3789,HGS-TV,104436.0,397344.0792450905
3790,HGS-TV,104436.0,397406.7564461231
3791,HGS-TV,104436.0,397466.7629945278
3792,HGS-TV,104436.0,397526.87030386925
3793,HGS-TV,104436.0,397617.4185385704
3794,HGS-TV,104436.0,397677.47080135345
3795,ails2_etaMax1.000_stoppingTime864000.00,104528.0,397725.4230529785
3796,HGS-TV,104436.0,397737.50397467613
3797,ails2_etaMax1.000_stoppingTime864000.00,104519.0,397758.8260529785
3798,HGS-TV,104436.0,397797.5254223347
3799,HGS-TV,104436.0,397857.5590734482
3800,HGS-TV,104436.0,397917.5889365673
3801,HGS-TV,104436.0,397977.6321132183
3802,HGS-TV,104436.0,398037.6381518841
3803,HGS-TV,104436.0,398097.67126750946
3804,HGS-TV,104436.0,398157.69914746284
3805,HGS-TV,104436.0,398217.76056456566
3806,HGS-TV,104436.0,398277.77127575874
3807,HGS-TV,104436.0,398337.8869423866
3808,HGS-TV,104436.0,398512.46145009995
3809,HGS-TV,104436.0,398615.1937599182
3810,ails2_etaMax1.000_stoppingTime864000.00,104514.0,398652.82405297854
3811,HGS-TV,104436.0,398675.22131204605
3812,ails2_etaMax1.000_stoppingTime864000.00,104508.0,398654.9860529785
3813,HGS-TV,104436.0,398813.25700736046
3814,HGS-TV,104436.0,398873.2591099739
3815,HGS-TV,104436.0,399009.7160587311
3816,HGS-TV,104436.0,400097.55045604706
3817,HGS-TV,104436.0,400157.56382369995
3818,HGS-TV,104436.0,400217.59571027756
3819,HGS-TV,104436.0,400277.6606197357
3820,HGS-TV,104436.0,400337.6840054989
3821,HGS-TV,104436.0,400397.75399279594
3822,HGS-TV,104436.0,401968.8914921284
3823,HGS-TV,104436.0,402028.89878869057
3824,HGS-TV,104436.0,402088.9166121483
3825,HGS-TV,104436.0,402148.97688269615
3826,HGS-TV,104436.0,402209.0634176731
3827,HGS-TV,104436.0,402269.09707450867
3828,HGS-TV,104436.0,402329.17208480835
3829,HGS-TV,104436.0,402389.2577159405
3830,HGS-TV,104436.0,402449.3564734459
3831,HGS-TV,104436.0,402530.1496639252
3832,HGS-TV,104436.0,402590.1823885441
3833,HGS-TV,104436.0,402650.2398533821
3834,HGS-TV,104436.0,402710.329706192
3835,HGS-TV,104436.0,402770.3699541092
3836,HGS-TV,104436.0,402830.37036037445
3837,HGS-TV,104436.0,402890.38263630867
3838,HGS-TV,104436.0,402966.9752113819
3839,HGS-TV,104436.0,403027.05835461617
3840,HGS-TV,104436.0,403087.1899933815
3841,HGS-TV,104436.0,403147.2689576149
3842,HGS-TV,104436.0,403207.3970477581
3843,HGS-TV,104436.0,403285.78347992897
3844,HGS-TV,104436.0,403345.93606853485
3845,HGS-TV,104436.0,403406.0368010998
3846,HGS-TV,104436.0,403547.6701900959
3847,HGS-TV,104436.0,403610.841119051
3848,HGS-TV,104436.0,403670.9819993973
3849,HGS-TV,104436.0,403840.5602350235
3850,HGS-TV,104436.0,403900.6110010147
3851,HGS-TV,104436.0,403960.6420278549
3852,HGS-TV,104436.0,404095.00483965874
3853,HGS-TV,104436.0,404155.07331204414
3854,HGS-TV,104436.0,404215.0950522423
3855,HGS-TV,104436.0,404275.15764951706
3856,HGS-TV,104436.0,404335.1790087223
3857,HGS-TV,104436.0,404395.256380558
3858,HGS-TV,104436.0,404455.29168248177
3859,HGS-TV,104436.0,404515.37293219566
3860,HGS-TV,104436.0,404578.2547812462
3861,HGS-TV,104436.0,404638.362046957
3862,HGS-TV,104436.0,404698.39309597015
3863,HGS-TV,104436.0,404758.4143447876
3864,HGS-TV,104436.0,404872.12726283073
3865,HGS-TV,104436.0,404932.1849453449
3866,HGS-TV,104436.0,404992.20602464676
3867,HGS-TV,104436.0,405081.7523088455
3868,HGS-TV,104436.0,405141.77608418465
3869,HGS-TV,104436.0,405201.8411638737
3870,HGS-TV,104436.0,405261.9276819229
3871,HGS-TV,104436.0,405322.01324367523
3872,HGS-TV,104436.0,405382.04927539825
3873,HGS-TV,104436.0,405490.60043382645
3874,HGS-TV,104436.0,405550.7812423706
3875,HGS-TV,104436.0,405788.804831028
3876,HGS-TV,104436.0,405848.89134430885
3877,HGS-TV,104436.0,405908.93051052094
3878,HGS-TV,104436.0,405971.61695456505
3879,HGS-TV,104436.0,406031.6386010647
3880,HGS-TV,104436.0,406097.8142089844
3881,HGS-TV,104436.0,406157.8379456997
3882,HGS-TV,104436.0,406217.9019627571
3883,HGS-TV,104436.0,406278.01284456253
3884,HGS-TV,104436.0,406338.0528945923
3885,HGS-TV,104436.0,406398.1172525883
3886,HGS-TV,104436.0,406458.14927101135
3887,HGS-TV,104436.0,406518.29148054123
3888,HGS-TV,104436.0,406578.32798576355
3889,HGS-TV,104436.0,406638.39326262474
3890,HGS-TV,104436.0,406698.54280519485
3891,HGS-TV,104436.0,406758.6211271286
3892,HGS-TV,104436.0,406818.67073488235
3893,HGS-TV,104436.0,406878.7653224468
3894,HGS-TV,104436.0,406938.7812013626
3895,HGS-TV,104436.0,406998.8558371067
3896,HGS-TV,104436.0,407058.8724668026
3897,HGS-TV,104436.0,407118.89395332336
3898,HGS-TV,104436.0,407178.91979265213
3899,HGS-TV,104436.0,407254.2286348343
3900,HGS-TV,104436.0,407314.53125858307
3901,HGS-TV,104436.0,407374.5440979004
3902,HGS-TV,104436.0,407434.6788187027
3903,HGS-TV,104436.0,407494.74270296097
3904,HGS-TV,104436.0,407601.13578414917
3905,HGS-TV,104436.0,407678.7450096607
3906,HGS-TV,104436.0,407738.75233101845
3907,HGS-TV,104436.0,407798.7934002876
3908,HGS-TV,104436.0,407858.8068342209
3909,HGS-TV,104436.0,407918.8708305359
3910,HGS-TV,104436.0,407978.95987582207
3911,HGS-TV,104436.0,408039.0249283314
3912,HGS-TV,104436.0,408099.0303840637
3913,HGS-TV,104436.0,408159.1158118248
3914,HGS-TV,104436.0,408219.1933350563
3915,HGS-TV,104436.0,408279.2959804535
3916,HGS-TV,104436.0,408350.80258989334
3917,HGS-TV,104436.0,408410.8422870636
3918,HGS-TV,104436.0,408470.9165685177
3919,HGS-TV,104436.0,408530.9521138668
3920,HGS-TV,104436.0,408629.2262017727
3921,HGS-TV,104436.0,408689.2462890148
3922,HGS-TV,104436.0,408749.2680108547
3923,HGS-TV,104436.0,408981.72986626625
3924,HGS-TV,104436.0,409144.66874575615
3925,HGS-TV,104436.0,409204.69113731384
3926,HGS-TV,104436.0,409264.6912908554
3927,HGS-TV,104436.0,409324.7625026703
3928,HGS-TV,104436.0,409384.7996313572
3929,HGS-TV,104436.0,409444.810628891
3930,HGS-TV,104436.0,409504.8677725792
3931,HGS-TV,104436.0,409564.8717865944
3932,HGS-TV,104436.0,410249.2403020859
3933,HGS-TV,104436.0,410309.24718403816
3934,ails2_etaMax1.000_stoppingTime1728000.00,104835.0,411026.4570529785
3935,HGS-TV,104436.0,411059.15867590904
3936,ails2_etaMax1.000_stoppingTime1728000.00,104832.0,411026.48805297853
3937,HGS-TV,104436.0,411164.7754702568
3938,HGS-TV,104436.0,411305.2906522751
3939,HGS-TV,104436.0,411459.5684490204
3940,ails2_etaMax1.000_stoppingTime1728000.00,104824.0,411699.52605297853
3941,ails2_etaMax1.000_stoppingTime1728000.00,104790.0,411699.73705297854
3942,HGS-TV,104436.0,411863.7398080826
3943,HGS-TV,104436.0,411923.7547047138
3944,HGS-TV,104436.0,412180.3220529556
3945,ails2_etaMax1.000_stoppingTime864000.00,104504.0,412315.6480529785
3946,ails2_etaMax1.000_stoppingTime864000.00,104503.0,412315.79705297854
3947,ails2_etaMax1.000_stoppingTime864000.00,104502.0,412422.7340529785
3948,HGS-TV,104436.0,413594.8313162327
3949,HGS-TV,104436.0,413654.89625763893
3950,HGS-TV,104436.0,413714.9639029503
3951,HGS-TV,104436.0,413775.0404982567
3952,HGS-TV,104436.0,413835.0937588215
3953,HGS-TV,104436.0,413895.12080931664
3954,HGS-TV,104436.0,413955.17196059227
3955,HGS-TV,104436.0,414015.20286011696
3956,HGS-TV,104436.0,414075.2739472389
3957,HGS-TV,104436.0,414135.3150367737
3958,HGS-TV,104436.0,414195.43122816086
3959,HGS-TV,104436.0,414255.44369983673
3960,HGS-TV,104436.0,414315.57944989204
3961,HGS-TV,104436.0,414375.63113856316
3962,HGS-TV,104436.0,414435.66942334175
3963,HGS-TV,104436.0,414505.1647245884
3964,HGS-TV,104436.0,414565.1800031662
3965,HGS-TV,104436.0,414625.23004317284
3966,HGS-TV,104436.0,414785.2187194824
3967,HGS-TV,104436.0,414845.2986488342
3968,HGS-TV,104436.0,414905.41884565353
3969,HGS-TV,104436.0,414965.47021245956
3970,HGS-TV,104436.0,415025.5965409279
3971,HGS-TV,104436.0,415087.7648141384
3972,HGS-TV,104436.0,415147.8040101528
3973,HGS-TV,104436.0,415228.27291822433
3974,HGS-TV,104436.0,415288.27455329895
3975,HGS-TV,104436.0,415471.79358029366
3976,HGS-TV,104436.0,415570.1321938038
3977,HGS-TV,104436.0,415630.2932751179
3978,HGS-TV,104436.0,415835.93957710266
3979,HGS-TV,104436.0,415895.97989201546
3980,HGS-TV,104436.0,415956.03555059433
3981,HGS-TV,104436.0,416056.1300506592
3982,HGS-TV,104436.0,416122.8297805786
3983,HGS-TV,104436.0,416182.90253663063
3984,HGS-TV,104436.0,416242.922976017
3985,HGS-TV,104436.0,416361.6421689987
3986,HGS-TV,104436.0,416421.76686525345
3987,HGS-TV,104436.0,416481.79164361954
3988,HGS-TV,104436.0,416611.8633401394
3989,HGS-TV,104436.0,416904.0919108391
3990,HGS-TV,104436.0,416964.14042782784
3991,HGS-TV,104436.0,417024.1642110348
3992,HGS-TV,104436.0,417107.83074116707
3993,HGS-TV,104436.0,417167.8342254162
3994,HGS-TV,104436.0,417227.9031159878
3995,HGS-TV,104436.0,417327.54728245735
3996,HGS-TV,104436.0,417387.56253123283
3997,HGS-TV,104436.0,417447.567291975
3998,HGS-TV,104436.0,417507.6037969589
3999,HGS-TV,104436.0,417567.6049580574
4000,HGS-TV,104436.0,417653.21050810814
4001,HGS-TV,104436.0,417713.2698352337
4002,HGS-TV,104436.0,417854.03117728233
4003,HGS-TV,104436.0,417914.04758810997
4004,HGS-TV,104436.0,418013.9689092636
4005,HGS-TV,104436.0,418104.9239859581
4006,HGS-TV,104436.0,418164.95469903946
4007,HGS-TV,104436.0,418273.60475826263
4008,HGS-TV,104436.0,418333.6604793072
4009,HGS-TV,104436.0,418497.10878276825
4010,HGS-TV,104436.0,418557.12102746964
4011,HGS-TV,104436.0,418695.4214310646
4012,HGS-TV,104436.0,418829.15936231613
4013,HGS-TV,104436.0,418889.274394989
4014,HGS-TV,104436.0,418949.3189742565
4015,HGS-TV,104436.0,419009.4081120491
4016,HGS-TV,104436.0,419069.48646497726
4017,HGS-TV,104436.0,419242.8100056648
4018,HGS-TV,104436.0,419314.3335773945
4019,HGS-TV,104436.0,419374.3968412876
4020,HGS-TV,104436.0,419434.4321806431
4021,HGS-TV,104436.0,419499.98469114304
4022,HGS-TV,104436.0,419560.0309970379
4023,HGS-TV,104436.0,419620.07359552383
4024,HGS-TV,104436.0,419680.1131157875
4025,HGS-TV,104436.0,419740.1137621403
4026,HGS-TV,104436.0,419800.11766314507
4027,HGS-TV,104436.0,419860.1914560795
4028,HGS-TV,104436.0,419920.1980471611
4029,HGS-TV,104436.0,419980.24345993996
4030,HGS-TV,104436.0,420040.25701212883
4031,HGS-TV,104436.0,420100.46141171455
4032,HGS-TV,104436.0,420232.884362936
4033,HGS-TV,104436.0,420292.9337198734
4034,HGS-TV,104436.0,420352.95717573166
4035,HGS-TV,104436.0,420412.95878624916
4036,HGS-TV,104436.0,420473.02925753593
4037,HGS-TV,104436.0,420533.1457564831
4038,HGS-TV,104436.0,420740.6080698967
4039,HGS-TV,104436.0,420800.7606613636
4040,HGS-TV,104436.0,420860.8014407158
4041,HGS-TV,104436.0,421157.97950458527
4042,HGS-TV,104436.0,421218.05773973465
4043,HGS-TV,104436.0,421328.33391189575
4044,HGS-TV,104436.0,421388.35020565987
4045,HGS-TV,104436.0,421450.39348101616
4046,HGS-TV,104436.0,421655.771348238
4047,HGS-TV,104436.0,421715.79442739487
4048,ails2_etaMax1.000_stoppingTime864000.00,104501.0,422152.8930529785
4049,HGS-TV,104436.0,422171.2528400421
4050,ails2_etaMax1.000_stoppingTime864000.00,104497.0,422154.0380529785
4051,ails2_etaMax1.000_stoppingTime864000.00,104496.0,422596.9320529785
4052,ails2_etaMax1.000_stoppingTime864000.00,104493.0,422598.14005297853
4053,HGS-TV,104436.0,423057.7584040165
4054,HGS-TV,104436.0,423226.6390347481
4055,HGS-TV,104436.0,424883.79225587845
4056,HGS-TV,104436.0,424943.80681180954
4057,HGS-TV,104436.0,425003.95153546333
4058,HGS-TV,104436.0,425064.07967472076
4059,HGS-TV,104436.0,425124.10243964195
4060,HGS-TV,104436.0,425184.1684334278
4061,HGS-TV,104436.0,425244.1903066635
4062,HGS-TV,104436.0,425304.22812247276
4063,HGS-TV,104436.0,425364.23781085014
4064,HGS-TV,104436.0,425424.2924940586
4065,HGS-TV,104436.0,425492.9570379257
4066,HGS-TV,104436.0,425552.97656559944
4067,HGS-TV,104436.0,425612.9844622612
4068,HGS-TV,104436.0,425672.9954481125
4069,HGS-TV,104436.0,425733.00256991386
4070,HGS-TV,104436.0,425793.03144073486
4071,HGS-TV,104436.0,425908.6962506771
4072,HGS-TV,104436.0,425968.74113726616
4073,HGS-TV,104436.0,426028.7842581272
4074,HGS-TV,104436.0,426103.8545386791
4075,HGS-TV,104436.0,426163.8884665966
4076,HGS-TV,104436.0,426243.8163845539
4077,HGS-TV,104436.0,426303.8377711773
4078,HGS-TV,104436.0,426363.9502630234
4079,HGS-TV,104436.0,426424.0630121231
4080,HGS-TV,104436.0,426499.9207806587
4081,HGS-TV,104436.0,426666.120872736
4082,HGS-TV,104436.0,426726.13224458694
4083,HGS-TV,104436.0,426823.05729460716
4084,HGS-TV,104436.0,426883.15725684166
4085,HGS-TV,104436.0,426943.18628549576
4086,HGS-TV,104436.0,427003.254588604
4087,HGS-TV,104436.0,427063.33576989174
4088,HGS-TV,104436.0,427123.45955324173
4089,HGS-TV,104436.0,427183.4968345165
4090,HGS-TV,104436.0,427290.4757492542
4091,HGS-TV,104436.0,427489.863663435
4092,HGS-TV,104436.0,427549.9833436012
4093,HGS-TV,104436.0,427609.9975848198
4094,HGS-TV,104436.0,427670.082515955
4095,HGS-TV,104436.0,427730.10574007034
4096,HGS-TV,104436.0,427790.1725049019
4097,HGS-TV,104436.0,427850.26441144943
4098,HGS-TV,104436.0,427910.34921503067
4099,HGS-TV,104436.0,427970.395308733
4100,HGS-TV,104436.0,428030.399466753
4101,HGS-TV,104436.0,428090.40708494186
4102,HGS-TV,104436.0,428150.4492197037
4103,HGS-TV,104436.0,428210.51354789734
4104,HGS-TV,104436.0,428270.514172554
4105,HGS-TV,104436.0,428332.39702248573
4106,HGS-TV,104436.0,428392.4232878685
4107,HGS-TV,104436.0,428452.4631912708
4108,HGS-TV,104436.0,428512.51603245735
4109,HGS-TV,104436.0,428572.5422308445
4110,HGS-TV,104436.0,428632.5429484844
4111,HGS-TV,104436.0,428692.5835790634
4112,HGS-TV,104436.0,428752.6110203266
4113,HGS-TV,104436.0,428812.64487195015
4114,HGS-TV,104436.0,428872.78116726875
4115,HGS-TV,104436.0,428932.7869570255
4116,HGS-TV,104436.0,428992.7956738472
4117,HGS-TV,104436.0,429052.83281087875
4118,HGS-TV,104436.0,429112.8646669388
4119,HGS-TV,104436.0,429172.89973783493
4120,HGS-TV,104436.0,429233.0279979706
4121,HGS-TV,104436.0,429293.0402164459
4122,HGS-TV,104436.0,429353.08781957626
4123,HGS-TV,104436.0,429413.2204091549
4124,HGS-TV,104436.0,429473.3902978897
4125,HGS-TV,104436.0,429533.4244105816
4126,HGS-TV,104436.0,429593.5071630478
4127,HGS-TV,104436.0,429653.51352262497
4128,HGS-TV,104436.0,429714.7170674801
4129,HGS-TV,104436.0,429774.7884180546
4130,HGS-TV,104436.0,429834.80462908745
4131,HGS-TV,104436.0,429894.84489393234
4132,HGS-TV,104436.0,429954.85862112045
4133,HGS-TV,104436.0,430155.2153403759
4134,HGS-TV,104436.0,430215.223156929
4135,HGS-TV,104436.0,430275.2236778736
4136,HGS-TV,104436.0,430357.059112072
4137,HGS-TV,104436.0,430417.06387996674
4138,HGS-TV,104436.0,430489.1840221882
4139,HGS-TV,104436.0,430549.320810318
4140,HGS-TV,104436.0,430615.0369155407
4141,HGS-TV,104436.0,430893.7370200157
4142,HGS-TV,104436.0,430979.64341568947
4143,HGS-TV,104436.0,431117.7197971344
4144,HGS-TV,104436.0,431182.84104299545
4145,HGS-TV,104436.0,431248.3329386711
4146,HGS-TV,104436.0,431308.36397218704
4147,HGS-TV,104436.0,431368.4364910126
4148,HGS-TV,104436.0,431428.529974699
4149,HGS-TV,104436.0,431488.5605864525
4150,HGS-TV,104436.0,431548.6151368618
4151,HGS-TV,104436.0,431613.50005984306
4152,HGS-TV,104436.0,431685.9140946865
4153,HGS-TV,104436.0,431745.9797258377
4154,HGS-TV,104436.0,431806.03844976425
4155,HGS-TV,104436.0,431866.171377182
4156,HGS-TV,104436.0,432245.74041700363
4157,HGS-TV,104436.0,432305.76148438454
4158,HGS-TV,104436.0,432472.20398306847
4159,HGS-TV,104436.0,432545.47521948814
4160,HGS-TV,104436.0,432700.34355926514
4161,HGS-TV,104436.0,432776.4949631691
4162,HGS-TV,104436.0,432836.5317862034
4163,HGS-TV,104436.0,432933.31511831284
4164,HGS-TV,104436.0,432993.393450737
4165,HGS-TV,104436.0,433053.47765016556
4166,HGS-TV,104436.0,433113.47991657257
4167,HGS-TV,104436.0,433173.53811717033
4168,HGS-TV,104436.0,433233.55806422234
4169,HGS-TV,104436.0,433293.5922546387
4170,HGS-TV,104436.0,433459.31965374947
4171,HGS-TV,104436.0,433636.8627860546
4172,HGS-TV,104436.0,434315.16738700867
4173,HGS-TV,104436.0,434516.4785826206
4174,HGS-TV,104436.0,434576.50747060776
4175,HGS-TV,104436.0,434636.6199069023
4176,HGS-TV,104436.0,434783.3375632763
4177,HGS-TV,104436.0,434843.40328526497
4178,HGS-TV,104436.0,434919.3918683529
4179,HGS-TV,104436.0,435800.2904856205
4180,HGS-TV,104436.0,437386.7460858822
4181,HGS-TV,104436.0,437446.7953286171
4182,HGS-TV,104436.0,437506.81291389465
4183,HGS-TV,104436.0,437566.93860793114
4184,HGS-TV,104436.0,437626.96965909004
4185,HGS-TV,104436.0,437686.9856979847
4186,HGS-TV,104436.0,437747.0083408356
4187,HGS-TV,104436.0,437807.0827958584
4188,HGS-TV,104436.0,437867.1765797138
4189,HGS-TV,104436.0,437927.22670149803
4190,HGS-TV,104436.0,437987.3462433815
4191,HGS-TV,104436.0,438047.3953151703
4192,HGS-TV,104436.0,438107.55588269234
4193,HGS-TV,104436.0,438176.4904770851
4194,HGS-TV,104436.0,438236.5548169613
4195,HGS-TV,104436.0,438296.70216202736
4196,HGS-TV,104436.0,438356.81127119064
4197,HGS-TV,104436.0,438416.90466976166
4198,HGS-TV,104436.0,438490.6448779106
4199,HGS-TV,104436.0,438550.7392177582
4200,HGS-TV,104436.0,438610.7697150707
4201,HGS-TV,104436.0,438723.9200208187
4202,HGS-TV,104436.0,438784.00132608414
4203,HGS-TV,104436.0,438844.04732084274
4204,HGS-TV,104436.0,438904.1213552952
4205,HGS-TV,104436.0,438964.13613295555
4206,HGS-TV,104436.0,439024.2868440151
4207,HGS-TV,104436.0,439084.31687426567
4208,HGS-TV,104436.0,439144.4696202278
4209,HGS-TV,104436.0,439204.51607465744
4210,HGS-TV,104436.0,439264.53210163116
4211,HGS-TV,104436.0,439348.05153155327
4212,HGS-TV,104436.0,439594.3342242241
4213,HGS-TV,104436.0,439736.187278986
4214,HGS-TV,104436.0,439849.6507964134
4215,HGS-TV,104436.0,439920.378875494
4216,HGS-TV,104436.0,440010.51439881325
4217,HGS-TV,104436.0,440070.577072382
4218,HGS-TV,104436.0,440130.66099095345
4219,HGS-TV,104436.0,440192.2177937031
4220,HGS-TV,104436.0,440252.2906138897
4221,HGS-TV,104436.0,440312.36355280876
4222,HGS-TV,104436.0,440387.0413053036
4223,HGS-TV,104436.0,440447.07454156876
4224,HGS-TV,104436.0,440527.3810927868
4225,HGS-TV,104436.0,440587.4530286789
4226,HGS-TV,104436.0,440672.9334871769
4227,HGS-TV,104436.0,440733.13069295883
4228,HGS-TV,104436.0,440793.1994805336
4229,HGS-TV,104436.0,440853.2177324295
4230,HGS-TV,104436.0,440913.2763733864
4231,HGS-TV,104436.0,440992.22918105125
4232,HGS-TV,104436.0,441052.2637979984
4233,HGS-TV,104436.0,441112.34200644493
4234,HGS-TV,104436.0,441172.43716335297
4235,HGS-TV,104436.0,441232.440677166
4236,HGS-TV,104436.0,441292.585313797
4237,HGS-TV,104436.0,441458.4491958618
4238,HGS-TV,104436.0,441841.51250219345
4239,HGS-TV,104436.0,441901.5438477993
4240,HGS-TV,104436.0,441961.57324934006
4241,HGS-TV,104436.0,442171.60462641716
4242,HGS-TV,104436.0,442267.5851678848
4243,HGS-TV,104436.0,442327.63269376755
4244,HGS-TV,104436.0,442387.7754890919
4245,HGS-TV,104436.0,442447.8003282547
4246,HGS-TV,104436.0,442507.9497489929
4247,HGS-TV,104436.0,442568.0259625912
4248,HGS-TV,104436.0,442665.1863029003
4249,HGS-TV,104436.0,442752.7869656086
4250,HGS-TV,104436.0,442842.25634145737
4251,HGS-TV,104436.0,442939.1139919758
4252,HGS-TV,104436.0,442999.13673090935
4253,HGS-TV,104436.0,443096.41214871407
4254,HGS-TV,104436.0,443156.50027537346
4255,HGS-TV,104436.0,443267.80415320396
4256,HGS-TV,104436.0,443371.0612037182
4257,HGS-TV,104436.0,443441.79328107834
4258,HGS-TV,104436.0,443519.97707247734
4259,HGS-TV,104436.0,443614.94083690643
4260,HGS-TV,104436.0,443674.963599205
4261,HGS-TV,104436.0,443735.04285526276
4262,HGS-TV,104436.0,443795.12846660614
4263,HGS-TV,104436.0,443920.7898654938
4264,HGS-TV,104436.0,444101.09440112114
4265,HGS-TV,104436.0,444161.2156410217
4266,HGS-TV,104436.0,444224.1152613163
4267,HGS-TV,104436.0,444284.19372677803
4268,HGS-TV,104436.0,444463.11031222343
4269,HGS-TV,104436.0,444523.12730789185
4270,HGS-TV,104436.0,444583.144361496
4271,HGS-TV,104436.0,444643.1854059696
4272,HGS-TV,104436.0,444703.22734856606
4273,HGS-TV,104436.0,444763.2502737045
4274,HGS-TV,104436.0,444853.3166024685
4275,HGS-TV,104436.0,444913.3973608017
4276,HGS-TV,104436.0,444973.4316341877
4277,HGS-TV,104436.0,445055.19974946976
4278,HGS-TV,104436.0,445115.25763845444
4279,HGS-TV,104436.0,445175.366328001
4280,HGS-TV,104436.0,445235.395966053
4281,HGS-TV,104436.0,445295.4388897419
4282,HGS-TV,104436.0,445355.5059876442
4283,HGS-TV,104436.0,445415.6083314419
4284,HGS-TV,104436.0,445475.6959500313
4285,HGS-TV,104436.0,445535.8022325039
4286,HGS-TV,104436.0,445595.81254935265
4287,HGS-TV,104436.0,445657.9258518219
4288,HGS-TV,104436.0,445803.45007896423
4289,HGS-TV,104436.0,445863.4854078293
4290,HGS-TV,104436.0,445923.5157234669
4291,HGS-TV,104436.0,445983.52476119995
4292,HGS-TV,104436.0,446043.63168382645
4293,HGS-TV,104436.0,446152.91328525543
4294,HGS-TV,104436.0,446212.91703748703
4295,HGS-TV,104436.0,446273.02555537224
4296,HGS-TV,104436.0,446333.0498099327
4297,HGS-TV,104436.0,446393.0781648159
4298,HGS-TV,104436.0,446453.078220129
4299,HGS-TV,104436.0,446513.25239253044
4300,HGS-TV,104436.0,446573.31845474243
4301,HGS-TV,104436.0,446808.37081694603
4302,HGS-TV,104436.0,446868.3908355236
4303,HGS-TV,104436.0,446947.0904312134
4304,HGS-TV,104436.0,447013.1118941307
4305,HGS-TV,104436.0,447073.1162161827
4306,HGS-TV,104436.0,447598.6907310486
4307,HGS-TV,104436.0,449209.2003891468
4308,HGS-TV,104436.0,449269.24173069
4309,HGS-TV,104436.0,449329.36551070213
4310,HGS-TV,104436.0,449389.4833717346
4311,HGS-TV,104436.0,449449.5647485256
4312,HGS-TV,104436.0,449509.6177146435
4313,HGS-TV,104436.0,449569.68907499313
4314,HGS-TV,104436.0,449629.80985188484
4315,HGS-TV,104436.0,449689.8880376816
4316,HGS-TV,104436.0,449770.77096295357
4317,HGS-TV,104436.0,449830.8518848419
4318,HGS-TV,104436.0,449890.9347074032
4319,HGS-TV,104436.0,449951.02858400345
4320,HGS-TV,104436.0,450011.0798537731
4321,HGS-TV,104436.0,450071.1054723263
4322,HGS-TV,104436.0,450151.5141363144
4323,HGS-TV,104436.0,450211.53313851357
4324,HGS-TV,104436.0,450336.43738007545
4325,HGS-TV,104436.0,450396.499951601
4326,HGS-TV,104436.0,450474.4946117401
4327,HGS-TV,104436.0,450621.75490808487
4328,HGS-TV,104436.0,450691.6645183563
4329,HGS-TV,104436.0,450841.766438961
4330,HGS-TV,104436.0,450901.8665597439
4331,HGS-TV,104436.0,450961.966933012
4332,HGS-TV,104436.0,451021.9762015343
4333,HGS-TV,104436.0,451082.0439181328
4334,HGS-TV,104436.0,451225.242013216
4335,HGS-TV,104436.0,451285.29598140717
4336,HGS-TV,104436.0,451345.37853240967
4337,HGS-TV,104436.0,451405.4222126007
4338,HGS-TV,104436.0,451465.44063043594
4339,HGS-TV,104436.0,451525.49495768547
4340,HGS-TV,104436.0,451652.9860856533
4341,HGS-TV,104436.0,451713.0258266926
4342,HGS-TV,104436.0,451773.0351116657
4343,HGS-TV,104436.0,451851.13512325287
4344,HGS-TV,104436.0,451911.193097353
4345,HGS-TV,104436.0,452091.94814801216
4346,HGS-TV,104436.0,452151.99128317833
4347,HGS-TV,104436.0,452212.0876443386
4348,HGS-TV,104436.0,452272.0938360691
4349,HGS-TV,104436.0,452332.12735652924
4350,HGS-TV,104436.0,452427.288161993
4351,HGS-TV,104436.0,452487.2952170372
4352,HGS-TV,104436.0,452547.3332660198
4353,HGS-TV,104436.0,452607.3497598171
4354,HGS-TV,104436.0,452667.4133422375
4355,HGS-TV,104436.0,452727.43418574333
4356,HGS-TV,104436.0,452931.9072933197
4357,HGS-TV,104436.0,453048.0727751255
4358,HGS-TV,104436.0,453108.08171367645
4359,HGS-TV,104436.0,453168.201325655
4360,HGS-TV,104436.0,453270.6744596958
4361,HGS-TV,104436.0,453458.10759687424
4362,HGS-TV,104436.0,453518.21580863
4363,HGS-TV,104436.0,453607.5784893036
4364,HGS-TV,104436.0,453667.6219768524
4365,ails2_etaMax1.000_stoppingTime864000.00,104491.0,453775.5290529785
4366,HGS-TV,104436.0,453805.4200286865
4367,ails2_etaMax1.000_stoppingTime864000.00,104487.0,453829.77605297853
4368,HGS-TV,104436.0,453865.4480834007
4369,HGS-TV,104436.0,453925.49238038063
4370,HGS-TV,104436.0,453985.5280816555
4371,ails2_etaMax1.000_stoppingTime864000.00,104486.0,454006.4300529785
4372,HGS-TV,104436.0,454045.6032013893
4373,ails2_etaMax1.000_stoppingTime864000.00,104481.0,454006.6210529785
4374,HGS-TV,104436.0,454111.43313217163
4375,HGS-TV,104436.0,454171.46393346786
4376,HGS-TV,104436.0,454231.4654157162
4377,HGS-TV,104436.0,454291.47561979294
4378,HGS-TV,104436.0,454351.51838326454
4379,HGS-TV,104436.0,454468.4749531746
4380,HGS-TV,104436.0,454528.5043787956
4381,HGS-TV,104436.0,454588.5097091198
4382,HGS-TV,104436.0,454648.515212059
4383,ails2_etaMax1.000_stoppingTime1728000.00,104779.0,454656.1920529785
4384,HGS-TV,104436.0,454708.6315174103
4385,ails2_etaMax1.000_stoppingTime1728000.00,104765.0,454656.33505297854
4386,HGS-TV,104436.0,454768.67531991005
4387,HGS-TV,104436.0,454828.71932578087
4388,HGS-TV,104436.0,454888.7224473953
4389,HGS-TV,104436.0,454948.76002788544
4390,HGS-TV,104436.0,455008.7691962719
4391,HGS-TV,104436.0,455068.78968405724
4392,HGS-TV,104436.0,455128.8326880932
4393,HGS-TV,104436.0,455188.9592926502
4394,HGS-TV,104436.0,455295.8597252369
4395,HGS-TV,104436.0,455355.8695309162
4396,HGS-TV,104436.0,455732.96222257614
4397,HGS-TV,104436.0,455813.43328237534
4398,HGS-TV,104436.0,456108.09850788116
4399,ails2_etaMax1.000_stoppingTime864000.00,104480.0,456139.3390529785
4400,ails2_etaMax1.000_stoppingTime864000.00,104479.0,456191.32505297853
4401,HGS-TV,104436.0,456244.7211229801
4402,ails2_etaMax1.000_stoppingTime864000.00,104477.0,456203.4800529785
4403,HGS-TV,104436.0,456304.79367494583
4404,ails2_etaMax1.000_stoppingTime864000.00,104475.0,456619.9260529785
4405,ails2_etaMax1.000_stoppingTime864000.00,104469.0,456620.2440529785
4406,HGS-TV,104436.0,456745.2554945946
4407,HGS-TV,104436.0,457194.8025496006
4408,HGS-TV,104436.0,457254.8507461548
4409,HGS-TV,104436.0,457353.43869256973
4410,HGS-TV,104436.0,457419.75308418274
4411,HGS-TV,104436.0,458363.0834040642
4412,HGS-TV,104436.0,458710.6964623928
4413,HGS-TV,104436.0,459179.49287724495
4414,HGS-TV,104436.0,459239.4955625534
4415,HGS-TV,104436.0,459370.2091779709
4416,HGS-TV,104436.0,459902.6818063259
4417,HGS-TV,104436.0,460274.51821279526
4418,HGS-TV,104436.0,460334.5454556942
4419,HGS-TV,104436.0,460394.6624815464
4420,HGS-TV,104436.0,460454.70590138435
4421,HGS-TV,104436.0,460611.8778436184
4422,HGS-TV,104436.0,460770.85976696014
4423,ails2_etaMax1.000_stoppingTime1728000.00,104752.0,460908.40005297854
4424,ails2_etaMax1.000_stoppingTime1728000.00,104721.0,460908.60105297854
4425,HGS-TV,104436.0,461621.7331933975
4426,HGS-TV,104436.0,461814.9611184597
4427,ails2_etaMax1.000_stoppingTime864000.00,104466.0,462011.7110529785
4428,HGS-TV,104436.0,462057.0794570446
4429,ails2_etaMax1.000_stoppingTime864000.00,104465.0,462011.7460529785
4430,HGS-TV,104436.0,462153.36800813675
4431,HGS-TV,104436.0,462213.3770148754
4432,HGS-TV,104436.0,462311.6332769394
4433,HGS-TV,104436.0,462695.03422117233
4434,HGS-TV,104436.0,464394.925368309
4435,HGS-TV,104436.0,464455.1931464672
4436,HGS-TV,104436.0,464515.3267264366
4437,HGS-TV,104436.0,464575.4886920452
4438,HGS-TV,104436.0,464668.8013768196
4439,HGS-TV,104436.0,464728.88255786896
4440,HGS-TV,104436.0,464789.0431833267
4441,HGS-TV,104436.0,464849.0886697769
4442,HGS-TV,104436.0,464909.2734885216
4443,HGS-TV,104436.0,464969.2825191021
4444,HGS-TV,104436.0,465029.2878141403
4445,HGS-TV,104436.0,465089.5553045273
4446,HGS-TV,104436.0,465149.61321139336
4447,HGS-TV,104436.0,465209.61381983757
4448,HGS-TV,104436.0,465269.71469020844
4449,HGS-TV,104436.0,465329.73653674126
4450,HGS-TV,104436.0,465389.7864675522
4451,HGS-TV,104436.0,465449.79013586044
4452,HGS-TV,104436.0,465509.9075357914
4453,HGS-TV,104436.0,465721.3079178333
4454,HGS-TV,104436.0,465781.43926787376
4455,HGS-TV,104436.0,465873.2102305889
4456,HGS-TV,104436.0,465970.491481781
4457,HGS-TV,104436.0,466030.5745797157
4458,HGS-TV,104436.0,466129.484616518
4459,HGS-TV,104436.0,466189.586384058
4460,HGS-TV,104436.0,466375.1862857342
4461,HGS-TV,104436.0,466435.2205181122
4462,HGS-TV,104436.0,466495.3730311394
4463,HGS-TV,104436.0,466555.43269634247
4464,HGS-TV,104436.0,466648.9315831661
4465,HGS-TV,104436.0,466708.9443309307
4466,HGS-TV,104436.0,466768.9984328747
4467,HGS-TV,104436.0,466831.9772262573
4468,HGS-TV,104436.0,466892.05386948586
4469,HGS-TV,104436.0,466952.1939048767
4470,HGS-TV,104436.0,467012.2276058197
4471,HGS-TV,104436.0,467072.23969364166
4472,HGS-TV,104436.0,467132.3324844837
4473,HGS-TV,104436.0,467291.65843749046
4474,HGS-TV,104436.0,467358.85797286034
4475,HGS-TV,104436.0,467443.5190958977
4476,HGS-TV,104436.0,467503.54241490364
4477,HGS-TV,104436.0,467616.3204333782
4478,HGS-TV,104436.0,467676.3305885792
4479,HGS-TV,104436.0,467784.60195684433
4480,HGS-TV,104436.0,467844.62278342247
4481,HGS-TV,104436.0,467904.6700475216
4482,HGS-TV,104436.0,467964.68536520004
4483,HGS-TV,104436.0,468024.74042129517
4484,HGS-TV,104436.0,468084.8253340721
4485,HGS-TV,104436.0,468144.84151887894
4486,HGS-TV,104436.0,468204.84364390373
4487,HGS-TV,104436.0,468264.86413288116
4488,HGS-TV,104436.0,468324.8861448765
4489,HGS-TV,104436.0,468384.88891100883
4490,HGS-TV,104436.0,468444.9942667484
4491,HGS-TV,104436.0,468505.0001926422
4492,HGS-TV,104436.0,468565.00546979904
4493,HGS-TV,104436.0,468625.08449697495
4494,HGS-TV,104436.0,468685.1520392895
4495,HGS-TV,104436.0,468845.9664692879
4496,HGS-TV,104436.0,469060.0392727852
4497,HGS-TV,104436.0,469180.3133327961
4498,HGS-TV,104436.0,469294.16325354576
4499,HGS-TV,104436.0,469354.2040309906
4500,HGS-TV,104436.0,469414.2328956127
4501,HGS-TV,104436.0,469474.26999497414
4502,HGS-TV,104436.0,469534.3467617035
4503,HGS-TV,104436.0,469594.4233174324
4504,HGS-TV,104436.0,469654.4496138096
4505,HGS-TV,104436.0,469714.46073293686
4506,HGS-TV,104436.0,469792.8333847523
4507,HGS-TV,104436.0,469892.1234920025
4508,HGS-TV,104436.0,469952.16866731644
4509,HGS-TV,104436.0,470012.2466676235
4510,HGS-TV,104436.0,470084.7821512222
4511,HGS-TV,104436.0,470273.43650841713
4512,HGS-TV,104436.0,470369.59286642075
4513,HGS-TV,104436.0,470429.5978269577
4514,HGS-TV,104436.0,470494.2446978092
4515,HGS-TV,104436.0,470554.2595000267
4516,HGS-TV,104436.0,470614.30700302124
4517,HGS-TV,104436.0,470832.8503127098
4518,HGS-TV,104436.0,471286.24127197266
4519,HGS-TV,104436.0,471346.3045756817
4520,HGS-TV,104436.0,471406.33317637444
4521,HGS-TV,104436.0,471466.4310719967
4522,HGS-TV,104436.0,471526.5162832737
4523,HGS-TV,104436.0,471705.7282204628
4524,HGS-TV,104436.0,471765.74920392036
4525,HGS-TV,104436.0,471919.80451512337
4526,HGS-TV,104436.0,471995.05224370956
4527,HGS-TV,104436.0,472073.352291584
4528,HGS-TV,104436.0,472138.1685304642
4529,HGS-TV,104436.0,472198.22039437294
4530,HGS-TV,104436.0,472272.28196811676
4531,HGS-TV,104436.0,472356.5328485966
4532,HGS-TV,104436.0,472421.3398602009
4533,HGS-TV,104436.0,472481.3781104088
4534,HGS-TV,104436.0,472541.39856624603
4535,HGS-TV,104436.0,472601.4474346638
4536,HGS-TV,104436.0,472661.50993418694
4537,HGS-TV,104436.0,472721.62240600586
4538,HGS-TV,104436.0,472781.68093824387
4539,HGS-TV,104436.0,472920.55980944633
4540,HGS-TV,104436.0,472980.586230278
4541,HGS-TV,104436.0,473095.8133699894
4542,HGS-TV,104436.0,473155.86319327354
4543,HGS-TV,104436.0,473215.9495215416
4544,HGS-TV,104436.0,473304.6623687744
4545,HGS-TV,104436.0,473375.43794989586
4546,HGS-TV,104436.0,473435.491307497
4547,ails2_etaMax1.000_stoppingTime864000.00,104463.0,473459.8760529785
4548,HGS-TV,104436.0,473495.4987709522
4549,ails2_etaMax1.000_stoppingTime864000.00,104459.0,473460.13405297854
4550,HGS-TV,104436.0,473555.5475142002
4551,HGS-TV,104436.0,473615.587805748
4552,HGS-TV,104436.0,474282.1431386471
4553,HGS-TV,104436.0,474637.8229572773
4554,HGS-TV,104436.0,474697.84628629684
4555,HGS-TV,104436.0,474757.90302062035
4556,HGS-TV,104436.0,474995.41852259636
4557,HGS-TV,104436.0,475105.242800951
4558,HGS-TV,104436.0,475461.9679181576
4559,HGS-TV,104436.0,475522.0234925747
4560,HGS-TV,104436.0,475582.0782687664
4561,HGS-TV,104436.0,475642.1192288399
4562,HGS-TV,104436.0,476004.94560933113
4563,HGS-TV,104436.0,476064.98204135895
4564,HGS-TV,104436.0,476338.37300372124
4565,HGS-TV,104436.0,476527.26597738266
4566,HGS-TV,104436.0,476587.3976383209
4567,HGS-TV,104436.0,477269.8416264057
4568,HGS-TV,104436.0,477329.85476017
4569,HGS-TV,104436.0,477389.92280626297
4570,HGS-TV,104436.0,479024.72075748444
4571,HGS-TV,104436.0,479084.7456855774
4572,HGS-TV,104436.0,479144.9326927662
4573,HGS-TV,104436.0,479204.9831337929
4574,HGS-TV,104436.0,479265.04407167435
4575,HGS-TV,104436.0,479325.19274544716
4576,HGS-TV,104436.0,479385.37666273117
4577,HGS-TV,104436.0,479445.4639661312
4578,HGS-TV,104436.0,479505.4957523346
4579,HGS-TV,104436.0,479565.59476423264
4580,HGS-TV,104436.0,479625.640622139
4581,HGS-TV,104436.0,479732.1796336174
4582,HGS-TV,104436.0,479792.21935367584
4583,HGS-TV,104436.0,479852.3003349304
4584,HGS-TV,104436.0,479912.3272790909
4585,HGS-TV,104436.0,479972.3932044506
4586,HGS-TV,104436.0,480032.442936182
4587,HGS-TV,104436.0,480092.4901225567
4588,HGS-TV,104436.0,480152.52125167847
4589,HGS-TV,104436.0,480212.5673995018
4590,HGS-TV,104436.0,480272.629727602
4591,HGS-TV,104436.0,480368.1288318634
4592,HGS-TV,104436.0,480428.19110679626
4593,HGS-TV,104436.0,480587.74766373634
4594,HGS-TV,104436.0,480647.8017165661
4595,HGS-TV,104436.0,480707.89187812805
4596,HGS-TV,104436.0,480780.75980353355
4597,HGS-TV,104436.0,480840.85412335396
4598,HGS-TV,104436.0,480905.4646601677
4599,HGS-TV,104436.0,480965.52552461624
4600,HGS-TV,104436.0,481025.56878328323
4601,HGS-TV,104436.0,481261.8016073704
4602,HGS-TV,104436.0,481321.85292744637
4603,HGS-TV,104436.0,481408.39575982094
4604,HGS-TV,104436.0,481585.7322010994
4605,HGS-TV,104436.0,481835.0982298851
4606,HGS-TV,104436.0,481951.1875002384
4607,HGS-TV,104436.0,482068.1074874401
4608,HGS-TV,104436.0,482147.94481158257
4609,HGS-TV,104436.0,482364.3090670109
4610,HGS-TV,104436.0,482424.4164521694
4611,HGS-TV,104436.0,482578.16881513596
4612,HGS-TV,104436.0,482709.5487937927
4613,HGS-TV,104436.0,482769.5661325455
4614,HGS-TV,104436.0,482829.5662622452
4615,HGS-TV,104436.0,482889.60418105125
4616,HGS-TV,104436.0,482949.6094613075
4617,HGS-TV,104436.0,483009.6830854416
4618,HGS-TV,104436.0,483069.71281790733
4619,HGS-TV,104436.0,483129.74242663383
4620,HGS-TV,104436.0,483189.86973929405
4621,HGS-TV,104436.0,483249.9283924103
4622,HGS-TV,104436.0,483310.0150322914
4623,HGS-TV,104436.0,483370.02087926865
4624,HGS-TV,104436.0,483430.07291436195
4625,HGS-TV,104436.0,483508.77075076103
4626,HGS-TV,104436.0,483577.90282320976
4627,HGS-TV,104436.0,483665.47708821297
4628,HGS-TV,104436.0,483774.5825676918
4629,HGS-TV,104436.0,483834.6671972275
4630,HGS-TV,104436.0,483894.72950553894
4631,HGS-TV,104436.0,483966.52799654007
4632,HGS-TV,104436.0,484026.5879201889
4633,HGS-TV,104436.0,484086.6326434612
4634,HGS-TV,104436.0,484146.65808439255
4635,HGS-TV,104436.0,484206.7572929859
4636,HGS-TV,104436.0,484325.1695535183
4637,HGS-TV,104436.0,484385.2898681164
4638,HGS-TV,104436.0,484445.30153274536
4639,HGS-TV,104436.0,484505.3573873043
4640,HGS-TV,104436.0,484565.35810542107
4641,HGS-TV,104436.0,484625.3740684986
4642,HGS-TV,104436.0,484685.3996543884
4643,HGS-TV,104436.0,484745.4197692871
4644,HGS-TV,104436.0,484805.4631662369
4645,HGS-TV,104436.0,484865.4714152813
4646,HGS-TV,104436.0,484934.4043033123
4647,HGS-TV,104436.0,484994.45631575584
4648,HGS-TV,104436.0,485054.5873837471
4649,HGS-TV,104436.0,485114.63985061646
4650,HGS-TV,104436.0,485174.7188568115
4651,HGS-TV,104436.0,485234.74422979355
4652,HGS-TV,104436.0,485294.80190730095
4653,HGS-TV,104436.0,485354.84629917145
4654,HGS-TV,104436.0,485416.0702061653
4655,HGS-TV,104436.0,485476.1408791542
4656,HGS-TV,104436.0,485536.16531157494
4657,HGS-TV,104436.0,485596.28295230865
4658,HGS-TV,104436.0,485656.3178975582
4659,HGS-TV,104436.0,485716.399119854
4660,HGS-TV,104436.0,486057.9953145981
4661,HGS-TV,104436.0,486692.16190958023
4662,HGS-TV,104436.0,486752.19559955597
4663,HGS-TV,104436.0,487066.5718944073
4664,HGS-TV,104436.0,487312.9158735275
4665,HGS-TV,104436.0,487399.67848849297
4666,HGS-TV,104436.0,488054.3480427265
4667,HGS-TV,104436.0,488114.46158218384
4668,HGS-TV,104436.0,488259.68597459793
4669,HGS-TV,104436.0,488355.7039864063
4670,HGS-TV,104436.0,488415.72373080254
4671,HGS-TV,104436.0,488665.69635248184
4672,HGS-TV,104436.0,488725.7068095207
4673,HGS-TV,104436.0,488912.1780178547
4674,HGS-TV,104436.0,488972.1860847473
4675,HGS-TV,104436.0,489082.8136789799
4676,HGS-TV,104436.0,489142.83860230446
4677,HGS-TV,104436.0,489202.9043779373
4678,HGS-TV,104436.0,489311.58429956436
4679,HGS-TV,104436.0,489371.61025071144
4680,HGS-TV,104436.0,489431.6548948288
4681,HGS-TV,104436.0,489691.6155512333
4682,HGS-TV,104436.0,489751.6505277157
4683,HGS-TV,104436.0,489855.834905386
4684,HGS-TV,104436.0,489915.89134669304
4685,HGS-TV,104436.0,490373.1994509697
4686,HGS-TV,104436.0,491662.2300684452
4687,HGS-TV,104436.0,492438.36713624
4688,HGS-TV,104436.0,492532.800201416
4689,HGS-TV,104436.0,493599.08806729317
4690,HGS-TV,104436.0,493659.1236913204
4691,HGS-TV,104436.0,495151.63902425766
4692,HGS-TV,104436.0,495211.73223519325
4693,HGS-TV,104436.0,495271.86541843414
4694,HGS-TV,104436.0,495331.9493057728
4695,HGS-TV,104436.0,495391.99184703827
4696,HGS-TV,104436.0,495452.05920124054
4697,HGS-TV,104436.0,495512.0928559303
4698,HGS-TV,104436.0,495572.15401387215
4699,HGS-TV,104436.0,495646.8737399578
4700,HGS-TV,104436.0,495706.94675064087
4701,HGS-TV,104436.0,495766.9840891361
4702,HGS-TV,104436.0,495894.74430298805
4703,HGS-TV,104436.0,495954.77503466606
4704,HGS-TV,104436.0,496014.8102080822
4705,HGS-TV,104436.0,496074.84682559967
4706,HGS-TV,104436.0,496134.9042921066
4707,HGS-TV,104436.0,496203.299305439
4708,HGS-TV,104436.0,496263.36190128326
4709,HGS-TV,104436.0,496323.48888611794
4710,HGS-TV,104436.0,496383.5317327976
4711,HGS-TV,104436.0,496443.5341384411
4712,HGS-TV,104436.0,496552.30667614937
4713,HGS-TV,104436.0,496612.40710258484
4714,HGS-TV,104436.0,496672.5414366722
4715,ails2_etaMax1.000_stoppingTime864000.00,104456.0,496689.7550529785
4716,HGS-TV,104436.0,496732.6076242924
4717,ails2_etaMax1.000_stoppingTime864000.00,104454.0,496689.80305297853
4718,HGS-TV,104436.0,496792.6617100239
4719,HGS-TV,104436.0,496852.7163860798
4720,HGS-TV,104436.0,496912.8216166496
4721,HGS-TV,104436.0,496972.84481191635
4722,HGS-TV,104436.0,497042.2041153908
4723,HGS-TV,104436.0,497102.28058099747
4724,HGS-TV,104436.0,497191.65327596664
4725,HGS-TV,104436.0,497251.686412096
4726,HGS-TV,104436.0,497311.7569079399
4727,HGS-TV,104436.0,497371.8625006676
4728,HGS-TV,104436.0,497737.12579250336
4729,HGS-TV,104436.0,497844.9717617035
4730,HGS-TV,104436.0,497940.6886794567
4731,HGS-TV,104436.0,498022.7610156536
4732,HGS-TV,104436.0,498289.7492413521
4733,HGS-TV,104436.0,498455.0351924896
4734,HGS-TV,104436.0,498515.05105805397
4735,HGS-TV,104436.0,498575.0773291588
4736,HGS-TV,104436.0,498635.1820268631
4737,HGS-TV,104436.0,498695.2887723446
4738,HGS-TV,104436.0,498755.37327575684
4739,HGS-TV,104436.0,498967.40705537796
4740,HGS-TV,104436.0,499027.44438934326
4741,HGS-TV,104436.0,499113.92609095573
4742,HGS-TV,104436.0,499173.96110224724
4743,HGS-TV,104436.0,499290.94048285484
4744,HGS-TV,104436.0,499399.89309716225
4745,HGS-TV,104436.0,499459.95262026787
4746,HGS-TV,104436.0,499521.62880277634
4747,HGS-TV,104436.0,499581.68216848373
4748,HGS-TV,104436.0,499641.7658236027
4749,HGS-TV,104436.0,499719.8687572479
4750,HGS-TV,104436.0,499779.8754372597
4751,HGS-TV,104436.0,499847.04263710976
4752,HGS-TV,104436.0,499907.0696012974
4753,HGS-TV,104436.0,499967.1335577965
4754,HGS-TV,104436.0,500027.174230814
4755,HGS-TV,104436.0,500159.99442124367
4756,HGS-TV,104436.0,500220.0726928711
4757,HGS-TV,104436.0,500396.45177960396
4758,HGS-TV,104436.0,500456.4696395397
4759,HGS-TV,104436.0,500516.5567946434
4760,HGS-TV,104436.0,500576.6372332573
4761,HGS-TV,104436.0,500636.68017721176
4762,HGS-TV,104436.0,500793.2179427147
4763,HGS-TV,104436.0,500870.82497906685
4764,HGS-TV,104436.0,500930.9635517597
4765,HGS-TV,104436.0,501088.1142985821
4766,HGS-TV,104436.0,501148.1456460953
4767,HGS-TV,104436.0,501252.32917404175
4768,HGS-TV,104436.0,501318.73356986046
4769,HGS-TV,104436.0,501378.79940390587
4770,HGS-TV,104436.0,501438.86615896225
4771,HGS-TV,104436.0,501498.8836288452
4772,HGS-TV,104436.0,501558.8881781101
4773,HGS-TV,104436.0,501618.94521188736
4774,HGS-TV,104436.0,501679.00729107857
4775,HGS-TV,104436.0,501739.1006858349
4776,HGS-TV,104436.0,501799.20752215385
4777,HGS-TV,104436.0,501859.2303311825
4778,HGS-TV,104436.0,501919.25583410263
4779,HGS-TV,104436.0,502018.217107296
4780,HGS-TV,104436.0,502078.284232378
4781,HGS-TV,104436.0,502138.31510972977
4782,HGS-TV,104436.0,502291.0999264717
4783,HGS-TV,104436.0,502351.10405015945
4784,HGS-TV,104436.0,502411.125590086
4785,ails2_etaMax1.000_stoppingTime1728000.00,104709.0,502466.96605297853
4786,HGS-TV,104436.0,502471.13206744194
4787,ails2_etaMax1.000_stoppingTime1728000.00,104708.0,502467.1920529785
4788,HGS-TV,104436.0,502638.72622036934
4789,HGS-TV,104436.0,502800.3106150627
4790,HGS-TV,104436.0,502860.3983948231
4791,HGS-TV,104436.0,502920.4075667858
4792,HGS-TV,104436.0,502980.4382574558
4793,HGS-TV,104436.0,503042.6554181576
4794,HGS-TV,104436.0,503102.75850605965
4795,HGS-TV,104436.0,503171.61287784576
4796,HGS-TV,104436.0,503338.45165610313
4797,HGS-TV,104436.0,503398.5246706009
4798,HGS-TV,104436.0,503541.1845583916
4799,HGS-TV,104436.0,503601.2160925865
4800,HGS-TV,104436.0,503842.01394724846
4801,HGS-TV,104436.0,504078.29842567444
4802,HGS-TV,104436.0,504652.7327065468
4803,HGS-TV,104436.0,504712.7510957718
4804,HGS-TV,104436.0,505556.0777590275
4805,HGS-TV,104436.0,507130.8587565422
4806,HGS-TV,104436.0,507888.490588665
4807,HGS-TV,104436.0,507948.4941802025
4808,HGS-TV,104436.0,508008.51369285583
4809,HGS-TV,104436.0,508068.53105568886
4810,HGS-TV,104436.0,508143.24309396744
4811,HGS-TV,104436.0,508393.7954955101
4812,HGS-TV,104436.0,508453.83934283257
4813,HGS-TV,104436.0,508513.9021384716
4814,HGS-TV,104436.0,508846.308757782
4815,HGS-TV,104436.0,508976.28760552406
4816,HGS-TV,104436.0,509268.0353240967
4817,HGS-TV,104436.0,509382.8709514141
4818,HGS-TV,104436.0,509445.73883390427
4819,HGS-TV,104436.0,509533.66893935204
4820,HGS-TV,104436.0,509753.4811387062
4821,HGS-TV,104436.0,509866.78102731705
4822,HGS-TV,104436.0,509926.81619524956
4823,HGS-TV,104436.0,509986.8246564865
4824,HGS-TV,104436.0,510046.8955247402
4825,HGS-TV,104436.0,510249.02108478546
4826,HGS-TV,104436.0,510416.7084329128
4827,HGS-TV,104436.0,510476.73579669
4828,HGS-TV,104436.0,510536.75802874565
4829,HGS-TV,104436.0,510601.42313456535
4830,HGS-TV,104436.0,510661.4324295521
4831,HGS-TV,104436.0,510721.4967844486
4832,HGS-TV,104436.0,510781.4992556572
4833,ails2_etaMax1.000_stoppingTime864000.00,104452.0,511745.84105297853
4834,HGS-TV,104436.0,511801.00081825256
4835,ails2_etaMax1.000_stoppingTime864000.00,104449.0,511745.86305297853
4836,HGS-TV,104436.0,511917.2940983772
4837,HGS-TV,104436.0,512004.99305152893
4838,HGS-TV,104436.0,512065.0916893482
4839,HGS-TV,104436.0,512125.1179294586
4840,HGS-TV,104436.0,512185.14036130905
4841,HGS-TV,104436.0,512245.203196764
4842,HGS-TV,104436.0,512305.2176742554
4843,HGS-TV,104436.0,512365.2635128498
4844,HGS-TV,104436.0,512690.5678770542
4845,HGS-TV,104436.0,512823.20242476463
4846,HGS-TV,104436.0,512883.2159807682
4847,HGS-TV,104436.0,512943.25407505035
4848,HGS-TV,104436.0,513003.333810091
4849,HGS-TV,104436.0,513063.37891221046
4850,HGS-TV,104436.0,513123.4197063446
4851,HGS-TV,104436.0,513183.4662966728
4852,HGS-TV,104436.0,513343.0385429859
4853,HGS-TV,104436.0,513403.12883234024
4854,HGS-TV,104436.0,513463.1563746929
4855,HGS-TV,104436.0,513523.18161535263
4856,HGS-TV,104436.0,513617.6780602932
4857,HGS-TV,104436.0,514220.18788313866
4858,HGS-TV,104436.0,514280.2358622551
4859,HGS-TV,104436.0,515052.8840224743
4860,HGS-TV,104436.0,515155.37389421463
4861,HGS-TV,104436.0,515350.327047348
4862,HGS-TV,104436.0,515932.4569327831
4863,HGS-TV,104436.0,516763.38714027405
4864,HGS-TV,104436.0,517174.76675224304
4865,HGS-TV,104436.0,517706.37712597847
4866,HGS-TV,104436.0,517766.42786741257
4867,HGS-TV,104436.0,517826.46066474915
4868,HGS-TV,104436.0,517886.54271411896
4869,HGS-TV,104436.0,518057.1545596123
4870,HGS-TV,104436.0,518117.18429017067
4871,HGS-TV,104436.0,518303.10654854774
4872,HGS-TV,104436.0,518363.169680357
4873,HGS-TV,104436.0,518470.3495364189
4874,HGS-TV,104436.0,518530.39563918114
4875,HGS-TV,104436.0,519595.5644826889
4876,HGS-TV,104436.0,520066.9834074974
4877,HGS-TV,104436.0,520282.4032301903
4878,HGS-TV,104436.0,520342.45547389984
4879,HGS-TV,104436.0,521711.85769176483
4880,HGS-TV,104436.0,521771.9412865639
4881,HGS-TV,104436.0,521832.01087498665
4882,HGS-TV,104436.0,521892.0369825363
4883,HGS-TV,104436.0,521952.08884859085
4884,HGS-TV,104436.0,522012.0891292095
4885,HGS-TV,104436.0,522072.20830512047
4886,HGS-TV,104436.0,522132.35658979416
4887,HGS-TV,104436.0,522192.4803044796
4888,HGS-TV,104436.0,522252.56347870827
4889,HGS-TV,104436.0,522312.5761888027
4890,HGS-TV,104436.0,522372.62176918983
4891,HGS-TV,104436.0,522432.6267476082
4892,HGS-TV,104436.0,522492.6422793865
4893,HGS-TV,104436.0,522552.67395949364
4894,HGS-TV,104436.0,522612.72521805763
4895,HGS-TV,104436.0,522672.8742005825
4896,HGS-TV,104436.0,522733.06472206116
4897,HGS-TV,104436.0,522793.0852525234
4898,HGS-TV,104436.0,522853.14880275726
4899,HGS-TV,104436.0,522913.15505075455
4900,HGS-TV,104436.0,522973.27062129974
4901,HGS-TV,104436.0,523033.2909934521
4902,HGS-TV,104436.0,523093.29480314255
4903,HGS-TV,104436.0,523187.67334127426
4904,HGS-TV,104436.0,523247.6895928383
4905,HGS-TV,104436.0,523307.7552497387
4906,HGS-TV,104436.0,523367.9043633938
4907,HGS-TV,104436.0,523428.0105881691
4908,HGS-TV,104436.0,523488.11333966255
4909,HGS-TV,104436.0,523548.19810819626
4910,HGS-TV,104436.0,523608.23373770714
4911,HGS-TV,104436.0,523695.66269111633
4912,HGS-TV,104436.0,523755.7017710209
4913,HGS-TV,104436.0,523815.7469859123
4914,HGS-TV,104436.0,523908.94380903244
4915,ails2_etaMax1.000_stoppingTime1728000.00,104704.0,523966.8260529785
4916,HGS-TV,104436.0,523968.98293042183
4917,HGS-TV,104436.0,524029.18291449547
4918,ails2_etaMax1.000_stoppingTime1728000.00,104703.0,524048.8910529785
4919,HGS-TV,104436.0,524089.3052957058
4920,HGS-TV,104436.0,524149.3073399067
4921,HGS-TV,104436.0,524209.3252568245
4922,HGS-TV,104436.0,524269.38793230057
4923,HGS-TV,104436.0,524329.4100110531
4924,HGS-TV,104436.0,524389.4297122955
4925,HGS-TV,104436.0,524449.4344863892
4926,HGS-TV,104436.0,524509.4862003326
4927,HGS-TV,104436.0,524569.5757772923
4928,HGS-TV,104436.0,524629.5875341892
4929,HGS-TV,104436.0,524689.6083362103
4930,HGS-TV,104436.0,524749.655882597
4931,HGS-TV,104436.0,524809.7473967075
4932,HGS-TV,104436.0,524869.8019838333
4933,HGS-TV,104436.0,524986.4253332615
4934,HGS-TV,104436.0,525069.8617122173
4935,HGS-TV,104436.0,525172.1477308273
4936,HGS-TV,104436.0,525232.1506164074
4937,HGS-TV,104436.0,525292.1886241436
4938,HGS-TV,104436.0,525383.1133754253
4939,HGS-TV,104436.0,525572.7187552452
4940,HGS-TV,104436.0,525632.8327431679
4941,HGS-TV,104436.0,525751.3492991924
4942,HGS-TV,104436.0,525811.3877792358
4943,HGS-TV,104436.0,525871.4002821445
4944,HGS-TV,104436.0,525931.4299755096
4945,HGS-TV,104436.0,525991.4995934963
4946,HGS-TV,104436.0,526116.8063435555
4947,HGS-TV,104436.0,526176.8483974934
4948,HGS-TV,104436.0,526236.897151947
4949,HGS-TV,104436.0,526372.3690929413
4950,HGS-TV,104436.0,526432.3937892914
4951,HGS-TV,104436.0,526492.4337294102
4952,HGS-TV,104436.0,526585.2825615406
4953,HGS-TV,104436.0,526645.3255875111
4954,HGS-TV,104436.0,526705.3929913044
4955,HGS-TV,104436.0,526765.4432845116
4956,HGS-TV,104436.0,526825.5048577785
4957,HGS-TV,104436.0,526885.5307712555
4958,HGS-TV,104436.0,527024.5850021839
4959,HGS-TV,104436.0,527084.7350964546
4960,HGS-TV,104436.0,527144.758118391
4961,HGS-TV,104436.0,527228.1653492451
4962,HGS-TV,104436.0,527330.1571574211
4963,HGS-TV,104436.0,527467.9668588638
4964,HGS-TV,104436.0,527527.9879510403
4965,HGS-TV,104436.0,527588.0961410999
4966,HGS-TV,104436.0,527648.1485421658
4967,HGS-TV,104436.0,527708.2445650101
4968,HGS-TV,104436.0,527768.3014891148
4969,HGS-TV,104436.0,527850.7721850872
4970,HGS-TV,104436.0,527910.8797991276
4971,HGS-TV,104436.0,527970.8852305412
4972,HGS-TV,104436.0,528030.8939228058
4973,HGS-TV,104436.0,528090.9255137444
4974,HGS-TV,104436.0,528202.6271109581
4975,HGS-TV,104436.0,528308.6218237877
4976,HGS-TV,104436.0,528397.3945910931
4977,HGS-TV,104436.0,528457.4120090008
4978,HGS-TV,104436.0,528517.4566435814
4979,HGS-TV,104436.0,528577.5200686455
4980,HGS-TV,104436.0,528637.525478363
4981,HGS-TV,104436.0,528697.5731797218
4982,HGS-TV,104436.0,528757.6047029495
4983,HGS-TV,104436.0,528835.1742732525
4984,HGS-TV,104436.0,530350.8885278702
4985,HGS-TV,104436.0,530410.970097065
4986,HGS-TV,104436.0,530471.0660116673
4987,HGS-TV,104436.0,530531.1296653748
4988,HGS-TV,104436.0,530591.1524600983
4989,HGS-TV,104436.0,530651.1624133587
4990,HGS-TV,104436.0,530711.2148146629
4991,HGS-TV,104436.0,530771.2703351974
4992,HGS-TV,104436.0,530831.2931399345
4993,HGS-TV,104436.0,530891.4067769051
4994,HGS-TV,104436.0,530951.4840040207
4995,HGS-TV,104436.0,531011.5560171604
4996,HGS-TV,104436.0,531071.6005353928
4997,HGS-TV,104436.0,531131.6807010174
4998,HGS-TV,104436.0,531234.4484331608
4999,HGS-TV,104436.0,531432.3284106255
5000,HGS-TV,104436.0,531502.4799492359
5001,HGS-TV,104436.0,531562.6372492313
5002,HGS-TV,104436.0,531652.8625226021
5003,HGS-TV,104436.0,531781.0633955002
5004,HGS-TV,104436.0,531841.154392004
5005,HGS-TV,104436.0,532053.6615788937
5006,HGS-TV,104436.0,532113.6770102978
5007,HGS-TV,104436.0,532173.8131747246
5008,ails2_etaMax1.000_stoppingTime1728000.00,104700.0,532236.4780529785
5009,HGS-TV,104436.0,532262.9347436428
5010,ails2_etaMax1.000_stoppingTime1728000.00,104690.0,532236.5730529785
5011,HGS-TV,104436.0,532330.8716163635
5012,HGS-TV,104436.0,532390.9098157883
5013,HGS-TV,104436.0,532450.9857046604
5014,HGS-TV,104436.0,532612.948843956
5015,HGS-TV,104436.0,532673.0686786175
5016,HGS-TV,104436.0,532788.0497806072
5017,HGS-TV,104436.0,532864.2762563229
5018,HGS-TV,104436.0,532953.4247221947
5019,HGS-TV,104436.0,533035.6310827732
5020,HGS-TV,104436.0,533095.6638045311
5021,HGS-TV,104436.0,533155.7809405327
5022,HGS-TV,104436.0,533215.8598554134
5023,HGS-TV,104436.0,533275.9396226406
5024,HGS-TV,104436.0,533379.3734629154
5025,HGS-TV,104436.0,533483.6264293194
5026,HGS-TV,104436.0,533543.6444125175
5027,HGS-TV,104436.0,533603.7525856495
5028,HGS-TV,104436.0,533697.7941188812
5029,HGS-TV,104436.0,533757.91036129
5030,HGS-TV,104436.0,533873.6406288147
5031,HGS-TV,104436.0,533986.5861685276
5032,HGS-TV,104436.0,534076.5636417866
5033,HGS-TV,104436.0,534136.595061779
5034,HGS-TV,104436.0,534372.5286386013
5035,HGS-TV,104436.0,534471.981701374
5036,HGS-TV,104436.0,534540.8890240192
5037,HGS-TV,104436.0,534600.8950500488
5038,HGS-TV,104436.0,534660.9406573772
5039,HGS-TV,104436.0,534720.9673991203
5040,HGS-TV,104436.0,534781.0339372158
5041,HGS-TV,104436.0,534841.0431222916
5042,HGS-TV,104436.0,534901.0592179298
5043,HGS-TV,104436.0,534961.0663363934
5044,HGS-TV,104436.0,535021.1701488495
5045,ails2_etaMax1.000_stoppingTime1728000.00,104678.0,535052.7080529785
5046,HGS-TV,104436.0,535081.1884393692
5047,ails2_etaMax1.000_stoppingTime1728000.00,104659.0,535052.9160529785
5048,HGS-TV,104436.0,535143.0943279266
5049,HGS-TV,104436.0,535203.12216115
5050,HGS-TV,104436.0,535263.1951918602
5051,HGS-TV,104436.0,535346.5818653107
5052,HGS-TV,104436.0,535406.6093621254
5053,HGS-TV,104436.0,535466.630022049
5054,HGS-TV,104436.0,535526.7199137211
5055,HGS-TV,104436.0,535586.7547850609
5056,HGS-TV,104436.0,535646.8146045208
5057,HGS-TV,104436.0,535706.9249050617
5058,HGS-TV,104436.0,535766.9322822094
5059,HGS-TV,104436.0,535851.57280159
5060,HGS-TV,104436.0,535917.5126392841
5061,HGS-TV,104436.0,535977.5421888828
5062,HGS-TV,104436.0,536053.14803648
5063,HGS-TV,104436.0,536113.1839473248
5064,HGS-TV,104436.0,536173.20301795
5065,HGS-TV,104436.0,536257.2987818718
5066,HGS-TV,104436.0,536317.3568212986
5067,ails2_etaMax1.000_stoppingTime864000.00,104447.0,536340.3380529785
5068,HGS-TV,104436.0,536377.3575220108
5069,HGS-TV,104436.0,536437.4243080616
5070,HGS-TV,104436.0,536497.4785153866
5071,HGS-TV,104436.0,536557.56955266
5072,HGS-TV,104436.0,536617.6233899593
5073,HGS-TV,104436.0,536677.7187204361
5074,HGS-TV,104436.0,536737.8232548237
5075,HGS-TV,104436.0,536947.7071728706
5076,HGS-TV,104436.0,537007.7319540977
5077,HGS-TV,104436.0,537067.7556233406
5078,HGS-TV,104436.0,537158.4593403339
5079,HGS-TV,104436.0,537218.4894077778
5080,HGS-TV,104436.0,537278.5132551193
5081,HGS-TV,104436.0,537338.5405218601
5082,HGS-TV,104436.0,537398.6152591705
5083,HGS-TV,104436.0,537564.478839159
5084,HGS-TV,104436.0,537624.5034217834
5085,HGS-TV,104436.0,537783.0498831272
5086,HGS-TV,104436.0,537856.1339640617
5087,HGS-TV,104436.0,537916.174634695
5088,HGS-TV,104436.0,537976.2106342316
5089,HGS-TV,104436.0,538036.2746322155
5090,HGS-TV,104436.0,538096.3055534363
5091,HGS-TV,104436.0,538156.3078536987
5092,HGS-TV,104436.0,538227.5096936226
5093,HGS-TV,104436.0,538287.5750777721
5094,HGS-TV,104436.0,538347.623103857
5095,HGS-TV,104436.0,538407.6320545673
5096,HGS-TV,104436.0,538517.3186545372
5097,HGS-TV,104436.0,538597.1098971367
5098,HGS-TV,104436.0,538657.2788054943
5099,HGS-TV,104436.0,538771.0927832127
5100,HGS-TV,104436.0,538831.1898214817
5101,HGS-TV,104436.0,538891.2583882809
5102,HGS-TV,104436.0,538951.2863373756
5103,HGS-TV,104436.0,539011.2904248238
5104,HGS-TV,104436.0,539137.4392900467
5105,HGS-TV,104436.0,539197.4420640469
5106,HGS-TV,104436.0,539257.5984585285
5107,HGS-TV,104436.0,539317.6039757729
5108,HGS-TV,104436.0,539398.4730229378
5109,HGS-TV,104436.0,539458.5425117016
5110,HGS-TV,104436.0,539529.7002785206
5111,HGS-TV,104436.0,539589.7411444187
5112,HGS-TV,104436.0,539649.7487823963
5113,HGS-TV,104436.0,539792.3829774857
5114,HGS-TV,104436.0,539852.3945741653
5115,ails2_etaMax1.000_stoppingTime864000.00,104445.0,539902.4270529785
5116,HGS-TV,104436.0,540052.0659887791
5117,HGS-TV,104436.0,540246.4580299854
5118,HGS-TV,104436.0,540306.532938242
5119,HGS-TV,104436.0,540366.5452723503
5120,HGS-TV,104436.0,540426.5476639271
5121,HGS-TV,104436.0,540541.0487473011
5122,HGS-TV,104436.0,541462.6880395412
5123,HGS-TV,104436.0,541522.6986935139
5124,HGS-TV,104436.0,541784.8328268528
5125,HGS-TV,104436.0,542153.391461134
5126,HGS-TV,104436.0,542257.5215039253
5127,HGS-TV,104436.0,543139.2549283504
5128,ails2_etaMax1.000_stoppingTime864000.00,104444.0,543463.5800529785
5129,HGS-TV,104436.0,543780.4156956673
5130,HGS-TV,104436.0,545139.2540323734
5131,HGS-TV,104436.0,545526.3656003475
5132,HGS-TV,104436.0,546662.2803907394
5133,HGS-TV,104436.0,546722.348003149
5134,HGS-TV,104436.0,547235.9316792488
5135,HGS-TV,104436.0,547296.0141522884
5136,HGS-TV,104436.0,547496.2875883579
5137,HGS-TV,104436.0,547556.3222680092
5138,HGS-TV,104436.0,549004.2289206982
5139,HGS-TV,104436.0,549064.2606785297
5140,HGS-TV,104436.0,549124.3205866814
5141,HGS-TV,104436.0,549184.3901205063
5142,HGS-TV,104436.0,549244.4655399323
5143,ails2_etaMax1.000_stoppingTime864000.00,104441.0,549278.7850529786
5144,HGS-TV,104436.0,549304.4857845306
5145,HGS-TV,104436.0,549364.5214569569
5146,HGS-TV,104436.0,549424.527367115
5147,HGS-TV,104436.0,549484.7305886745
5148,HGS-TV,104436.0,549624.3791172504
5149,HGS-TV,104436.0,549684.4200484753
5150,HGS-TV,104436.0,549744.5694620609
5151,HGS-TV,104436.0,549879.0843696594
5152,HGS-TV,104436.0,549939.1573708057
5153,HGS-TV,104436.0,549999.1868085861
5154,HGS-TV,104436.0,550059.2536780834
5155,HGS-TV,104436.0,550119.9640004635
5156,HGS-TV,104436.0,550180.0428495407
5157,HGS-TV,104436.0,550264.2033491135
5158,HGS-TV,104436.0,550510.3922064304
5159,HGS-TV,104436.0,550570.5193350315
5160,HGS-TV,104436.0,550630.673074007
5161,HGS-TV,104436.0,550710.9045388699
5162,HGS-TV,104436.0,550910.7838463783
5163,HGS-TV,104436.0,550970.862275362
5164,ails2_etaMax1.000_stoppingTime864000.00,104440.0,551043.4310529785
5165,HGS-TV,104436.0,551238.710157156
5166,HGS-TV,104436.0,551298.7289423943
5167,HGS-TV,104436.0,551358.7832791805
5168,HGS-TV,104436.0,551439.6143350601
5169,HGS-TV,104436.0,551499.6174705029
5170,HGS-TV,104436.0,551559.7253119946
5171,HGS-TV,104436.0,551619.8079013824
5172,HGS-TV,104436.0,551679.8865156174
5173,HGS-TV,104436.0,551739.9340863228
5174,HGS-TV,104436.0,551799.968704462
5175,HGS-TV,104436.0,551950.6401894093
5176,HGS-TV,104436.0,552010.6765635014
5177,HGS-TV,104436.0,552070.798012495
5178,HGS-TV,104436.0,552131.1244347095
5179,HGS-TV,104436.0,552191.1298294067
5180,HGS-TV,104436.0,552251.1713507175
5181,HGS-TV,104436.0,552412.9995429516
5182,HGS-TV,104436.0,552499.8515236378
5183,HGS-TV,104436.0,552559.8943185806
5184,HGS-TV,104436.0,552619.9215247631
5185,HGS-TV,104436.0,552679.926163435
5186,HGS-TV,104436.0,552740.0031943321
5187,HGS-TV,104436.0,552800.055732727
5188,HGS-TV,104436.0,552870.1137239933
5189,HGS-TV,104436.0,552930.1282894611
5190,HGS-TV,104436.0,553096.191211462
5191,HGS-TV,104436.0,553220.4393663406
5192,HGS-TV,104436.0,553280.5433316231
5193,ails2_etaMax1.000_stoppingTime864000.00,104439.0,553299.8380529785
5194,ails2_etaMax1.000_stoppingTime864000.00,104438.0,553304.0380529785
5195,HGS-TV,104436.0,553373.3649499416
5196,HGS-TV,104436.0,553433.3765780926
5197,HGS-TV,104436.0,553493.3783349991
5198,HGS-TV,104436.0,553646.9332532883
5199,HGS-TV,104436.0,553720.3836095333
5200,HGS-TV,104436.0,554156.4980347157
5201,HGS-TV,104436.0,554239.4630231857
5202,HGS-TV,104436.0,554491.8534414768
5203,HGS-TV,104436.0,554551.9038059711
5204,HGS-TV,104436.0,554612.0152709484
5205,HGS-TV,104436.0,554672.0855894089
5206,HGS-TV,104436.0,554808.6039688587
5207,HGS-TV,104436.0,554868.6629912853
5208,HGS-TV,104436.0,554928.7151255608
5209,HGS-TV,104436.0,554988.8374152184
5210,HGS-TV,104436.0,555048.8507890701
5211,HGS-TV,104436.0,555108.8887989521
5212,HGS-TV,104436.0,555168.9806768894
5213,HGS-TV,104436.0,555229.0043087006
5214,HGS-TV,104436.0,555289.0727477074
5215,HGS-TV,104436.0,555349.0858771801
5216,HGS-TV,104436.0,555409.1262462139
5217,HGS-TV,104436.0,555551.1869564056
5218,HGS-TV,104436.0,555611.2309253216
5219,HGS-TV,104436.0,555720.4286222458
5220,HGS-TV,104436.0,555780.5649418831
5221,HGS-TV,104436.0,555840.5761716366
5222,HGS-TV,104436.0,555954.8219544888
5223,HGS-TV,104436.0,556029.7806949615
5224,HGS-TV,104436.0,556214.0232799053
5225,HGS-TV,104436.0,556274.0713202953
5226,HGS-TV,104436.0,556375.2485704422
5227,HGS-TV,104436.0,556435.2644565105
5228,HGS-TV,104436.0,556495.3081920147
5229,HGS-TV,104436.0,556578.783929348
5230,HGS-TV,104436.0,556638.8179132938
5231,HGS-TV,104436.0,556735.5517618656
5232,HGS-TV,104436.0,556795.553444624
5233,HGS-TV,104436.0,556884.0746920109
5234,HGS-TV,104436.0,556952.7585442066
5235,HGS-TV,104436.0,557305.6833786964
5236,HGS-TV,104436.0,557365.7482330799
5237,HGS-TV,104436.0,557425.88235116
5238,HGS-TV,104436.0,557759.8383424282
5239,HGS-TV,104436.0,558376.2872128487
5240,HGS-TV,104436.0,558558.2117862701
5241,HGS-TV,104436.0,558939.4753351212
5242,HGS-TV,104436.0,559049.1869621277
5243,HGS-TV,104436.0,559351.1731903553
5244,HGS-TV,104436.0,559902.347140789
5245,ails2_etaMax1.000_stoppingTime864000.00,104436.0,559960.8540529786
5246,HGS-TV,104436.0,560035.9435708523
5247,ails2_etaMax1.000_stoppingTime864000.00,104434.0,560752.0710529785
5248,HGS-TV,104436.0,560821.1428890228
5249,HGS-TV,104436.0,560881.1587798595
5250,HGS-TV,104436.0,560941.1724588871
5251,HGS-TV,104436.0,561001.2290401459
5252,ails2_etaMax1.000_stoppingTime864000.00,104433.0,561105.4140529785
5253,HGS-TV,104436.0,561109.4294679165
5254,ails2_etaMax1.000_stoppingTime864000.00,104425.0,561157.1070529785
5255,filo2,104423.0,561702.359692812
5256,HGS-TV,104424.0,562093.2881073952
5257,HGS-TV,104423.0,562223.8348975182
5258,HGS-TV,104422.0,562367.211571455
5259,HGS-TV,104421.0,563050.2083444595
5260,ails2_etaMax1.000_stoppingTime1728000.00,104654.0,563738.2370529785
5261,HGS-TV,104421.0,564586.99518466
5262,HGS-TV,104421.0,564647.0094265938
5263,HGS-TV,104421.0,564707.0474963188
5264,HGS-TV,104421.0,564767.098285675
5265,HGS-TV,104421.0,564827.1060299873
5266,HGS-TV,104421.0,564887.2375838757
5267,HGS-TV,104421.0,564947.2952783108
5268,HGS-TV,104421.0,565007.4231388569
5269,HGS-TV,104421.0,565067.5787119865
5270,HGS-TV,104421.0,565127.5987234116
5271,HGS-TV,104421.0,565187.6657111645
5272,HGS-TV,104421.0,565247.7702002525
5273,HGS-TV,104421.0,565307.8845853806
5274,HGS-TV,104421.0,565367.9390528202
5275,HGS-TV,104421.0,565428.0126531124
5276,HGS-TV,104421.0,565488.0624914169
5277,HGS-TV,104421.0,565548.1503827572
5278,HGS-TV,104421.0,565608.1886045933
5279,HGS-TV,104421.0,565705.9677619934
5280,HGS-TV,104421.0,565765.9791481495
5281,HGS-TV,104421.0,565826.0289354324
5282,HGS-TV,104421.0,565886.064163208
5283,HGS-TV,104421.0,565946.1447238922
5284,HGS-TV,104421.0,566006.1601650715
5285,HGS-TV,104421.0,566128.3081724644
5286,HGS-TV,104421.0,566218.0718812943
5287,HGS-TV,104421.0,566278.1162209511
5288,HGS-TV,104421.0,566372.355579853
5289,HGS-TV,104421.0,566492.292268753
5290,HGS-TV,104421.0,566552.3726193905
5291,HGS-TV,104421.0,566661.3891794682
5292,HGS-TV,104421.0,566751.2939753532
5293,HGS-TV,104421.0,566843.0977652073
5294,HGS-TV,104421.0,566903.2435073853
5295,HGS-TV,104421.0,566975.7531058788
5296,HGS-TV,104421.0,567035.8198158741
5297,HGS-TV,104421.0,567095.8883664608
5298,HGS-TV,104421.0,567155.9593188763
5299,HGS-TV,104421.0,567215.9807479382
5300,HGS-TV,104421.0,567276.0568749905
5301,HGS-TV,104421.0,567336.1518397331
5302,HGS-TV,104421.0,567643.6087434292
5303,HGS-TV,104421.0,567703.664356947
5304,HGS-TV,104421.0,567763.6867556572
5305,HGS-TV,104421.0,567823.7693200111
5306,HGS-TV,104421.0,567883.7892744541
5307,HGS-TV,104421.0,568213.9734036922
5308,ails2_etaMax0.005_stoppingTime86400.00,104420.0,568236.5950529785
5309,HGS-TV,104421.0,568297.5721769333
5310,HGS-TV,104421.0,568512.0371932983
5311,HGS-TV,104421.0,568572.0895695686
5312,HGS-TV,104421.0,568632.1451771259
5313,ails2_etaMax0.005_stoppingTime86400.00,104419.0,568658.8840529785
5314,HGS-TV,104421.0,568715.980738163
5315,HGS-TV,104421.0,568775.9973692894
5316,ails2_etaMax1.000_stoppingTime1728000.00,104641.0,569185.4620529785
5317,ails2_etaMax1.000_stoppingTime1728000.00,104606.0,569186.4720529785
5318,HGS-TV,104417.0,569322.1640768051
5319,HGS-TV,104416.0,569442.141109705
5320,HGS-TV,104416.0,570878.2180788517
5321,HGS-TV,104416.0,570938.2395792007
5322,HGS-TV,104416.0,570998.3440127373
5323,HGS-TV,104416.0,571058.5140361786
5324,HGS-TV,104416.0,571118.5406668186
5325,HGS-TV,104416.0,571183.9177083969
5326,HGS-TV,104416.0,571244.064561367
5327,HGS-TV,104416.0,571304.1228563786
5328,HGS-TV,104416.0,571368.9245216846
5329,HGS-TV,104416.0,571428.9461932182
5330,HGS-TV,104416.0,571498.3092532158
5331,HGS-TV,104416.0,571583.204274416
5332,HGS-TV,104416.0,571687.71159935
5333,HGS-TV,104416.0,571747.7598357201
5334,HGS-TV,104416.0,571916.0008876324
5335,HGS-TV,104416.0,571976.0569434166
5336,HGS-TV,104416.0,572129.0703091621
5337,HGS-TV,104416.0,572189.1291918755
5338,HGS-TV,104416.0,572320.077807188
5339,HGS-TV,104416.0,572410.4012970924
5340,HGS-TV,104416.0,572488.6243855953
5341,HGS-TV,104416.0,572593.0757172108
5342,HGS-TV,104416.0,572653.1973700523
5343,HGS-TV,104416.0,572713.2209370136
5344,HGS-TV,104416.0,572794.9411501884
5345,HGS-TV,104416.0,572854.9934411049
5346,HGS-TV,104416.0,572915.0689220428
5347,HGS-TV,104416.0,573002.974339962
5348,HGS-TV,104416.0,573063.0465400219
5349,HGS-TV,104416.0,573123.0623755455
5350,HGS-TV,104416.0,573183.1133477688
5351,HGS-TV,104416.0,573243.2024128437
5352,HGS-TV,104416.0,573306.5107281208
5353,HGS-TV,104416.0,573524.6724948883
5354,HGS-TV,104416.0,573584.6861209869
5355,HGS-TV,104416.0,573655.1421775818
5356,HGS-TV,104416.0,573780.7109673023
5357,HGS-TV,104416.0,573840.7127523422
5358,HGS-TV,104416.0,573929.1791930199
5359,HGS-TV,104416.0,573989.2396497726
5360,HGS-TV,104416.0,574049.3215777874
5361,HGS-TV,104416.0,574144.7083280087
5362,HGS-TV,104416.0,574219.5071053505
5363,HGS-TV,104416.0,574279.564334631
5364,HGS-TV,104416.0,574339.6268649101
5365,HGS-TV,104416.0,574399.7738986015
5366,HGS-TV,104416.0,574508.1993684769
5367,HGS-TV,104416.0,574568.333003521
5368,HGS-TV,104416.0,574634.3384289742
5369,HGS-TV,104416.0,574700.1335132122
5370,HGS-TV,104416.0,574791.7005357742
5371,HGS-TV,104416.0,574851.7079634666
5372,HGS-TV,104416.0,574911.7806839943
5373,HGS-TV,104416.0,574971.8742418289
5374,HGS-TV,104416.0,575031.8816494942
5375,HGS-TV,104416.0,575091.9176616669
5376,HGS-TV,104416.0,575151.9859390259
5377,HGS-TV,104416.0,575212.0000419617
5378,HGS-TV,104416.0,575272.0567595959
5379,HGS-TV,104416.0,575332.2002563477
5380,HGS-TV,104416.0,575392.2170774937
5381,HGS-TV,104416.0,575452.2678291798
5382,HGS-TV,104416.0,575512.2922801971
5383,HGS-TV,104416.0,575572.2961874008
5384,HGS-TV,104416.0,575632.3364923
5385,HGS-TV,104416.0,575692.3964073658
5386,HGS-TV,104416.0,575752.4814808369
5387,HGS-TV,104416.0,575812.5539696217
5388,HGS-TV,104416.0,575872.6161696911
5389,HGS-TV,104416.0,575932.6984591484
5390,HGS-TV,104416.0,575992.7062244415
5391,HGS-TV,104416.0,576052.7177300453
5392,HGS-TV,104416.0,576112.7784051895
5393,HGS-TV,104416.0,576172.8198266029
5394,HGS-TV,104416.0,576232.8577697277
5395,HGS-TV,104416.0,576292.9536499977
5396,HGS-TV,104416.0,576353.087284565
5397,HGS-TV,104416.0,576413.1491601467
5398,HGS-TV,104416.0,576473.1847708225
5399,HGS-TV,104416.0,576533.2104775906
5400,HGS-TV,104416.0,576593.305513382
5401,HGS-TV,104416.0,576653.3533887863
5402,HGS-TV,104416.0,576713.3897459507
5403,HGS-TV,104416.0,576824.1072120667
5404,HGS-TV,104416.0,577188.1652681828
5405,HGS-TV,104416.0,577248.193968296
5406,HGS-TV,104416.0,577399.3182146549
5407,HGS-TV,104416.0,577964.4470682144
5408,HGS-TV,104416.0,578024.4688255787
5409,HGS-TV,104416.0,579466.6465528011
5410,HGS-TV,104416.0,579526.768049717
5411,HGS-TV,104416.0,579586.8411669731
5412,HGS-TV,104416.0,579646.903067112
5413,HGS-TV,104416.0,579706.9361977577
5414,HGS-TV,104416.0,579766.9770774841
5415,HGS-TV,104416.0,579827.0273654461
5416,HGS-TV,104416.0,579887.0275533199
5417,HGS-TV,104416.0,579947.0785851479
5418,HGS-TV,104416.0,580007.1009399891
5419,HGS-TV,104416.0,580067.127112627
5420,HGS-TV,104416.0,580127.2652578354
5421,HGS-TV,104416.0,580187.3528008461
5422,HGS-TV,104416.0,580280.153655529
5423,HGS-TV,104416.0,580340.2147364616
5424,HGS-TV,104416.0,580402.3227455616
5425,HGS-TV,104416.0,580462.3686523438
5426,HGS-TV,104416.0,580525.2329804897
5427,HGS-TV,104416.0,580585.2589497566
5428,HGS-TV,104416.0,580645.287343502
5429,HGS-TV,104416.0,580768.6128871441
5430,HGS-TV,104416.0,580828.68456316
5431,HGS-TV,104416.0,580977.8787605762
5432,HGS-TV,104416.0,581037.9649271965
5433,HGS-TV,104416.0,581098.0276486874
5434,HGS-TV,104416.0,581158.076628685
5435,HGS-TV,104416.0,581218.1423466206
5436,HGS-TV,104416.0,581278.1628024578
5437,HGS-TV,104416.0,581338.2261931896
5438,HGS-TV,104416.0,581398.4035520554
5439,HGS-TV,104416.0,581514.902310133
5440,HGS-TV,104416.0,581574.9578573704
5441,HGS-TV,104416.0,581634.9588127136
5442,HGS-TV,104416.0,581711.3644039631
5443,HGS-TV,104416.0,581771.4190032482
5444,HGS-TV,104416.0,581831.485524416
5445,HGS-TV,104416.0,581891.5261945724
5446,HGS-TV,104416.0,581951.5372810364
5447,HGS-TV,104416.0,582011.5400192738
5448,HGS-TV,104416.0,582084.0063316822
5449,HGS-TV,104416.0,582167.9158565998
5450,HGS-TV,104416.0,582227.9547963142
5451,HGS-TV,104416.0,582287.9835362434
5452,HGS-TV,104416.0,582348.0491638184
5453,HGS-TV,104416.0,582434.5914263725
5454,HGS-TV,104416.0,582559.000803709
5455,HGS-TV,104416.0,582619.0199754238
5456,HGS-TV,104416.0,582679.0497057438
5457,HGS-TV,104416.0,582739.0523822308
5458,HGS-TV,104416.0,582879.6724061966
5459,HGS-TV,104416.0,582939.7043228149
5460,HGS-TV,104416.0,582999.7219572067
5461,HGS-TV,104416.0,583059.7954452038
5462,HGS-TV,104416.0,583119.8700799942
5463,HGS-TV,104416.0,583179.8864893913
5464,HGS-TV,104416.0,583329.0289363861
5465,HGS-TV,104416.0,583389.0755889416
5466,HGS-TV,104416.0,583449.076975584
5467,HGS-TV,104416.0,583509.1239197254
5468,HGS-TV,104416.0,583569.1663620472
5469,HGS-TV,104416.0,583701.3821074963
5470,HGS-TV,104416.0,583761.4577081203
5471,HGS-TV,104416.0,583821.5020992756
5472,HGS-TV,104416.0,583881.5439314842
5473,HGS-TV,104416.0,583941.5772969723
5474,HGS-TV,104416.0,584001.592963934
5475,HGS-TV,104416.0,584061.654787302
5476,HGS-TV,104416.0,584121.6937773228
5477,HGS-TV,104416.0,584181.737382412
5478,HGS-TV,104416.0,584286.308517456
5479,HGS-TV,104416.0,584346.3746521473
5480,HGS-TV,104416.0,584425.9116823673
5481,HGS-TV,104416.0,584485.9837038517
5482,HGS-TV,104416.0,584628.974421978
5483,HGS-TV,104416.0,584688.9787669182
5484,HGS-TV,104416.0,584748.9822070599
5485,HGS-TV,104416.0,584809.0699148178
5486,HGS-TV,104416.0,584869.1087720394
5487,HGS-TV,104416.0,584929.1859960556
5488,HGS-TV,104416.0,584990.5070884228
5489,HGS-TV,104416.0,585050.6025514603
5490,HGS-TV,104416.0,585135.916588068
5491,HGS-TV,104416.0,585195.9215424061
5492,HGS-TV,104416.0,585296.7965540886
5493,HGS-TV,104416.0,585356.8367316723
5494,HGS-TV,104416.0,585416.9271376133
5495,HGS-TV,104416.0,585477.018476963
5496,HGS-TV,104416.0,585571.2356956005
5497,HGS-TV,104416.0,585645.7583534718
5498,HGS-TV,104416.0,585728.3099863529
5499,HGS-TV,104416.0,585788.3751654625
5500,HGS-TV,104416.0,585939.2109265327
5501,HGS-TV,104416.0,586287.7103614807
5502,HGS-TV,104416.0,587237.8455412388
5503,HGS-TV,104416.0,588243.2302834988
5504,HGS-TV,104416.0,588313.1486344337
5505,HGS-TV,104416.0,588375.3639585972
5506,HGS-TV,104416.0,588975.7698926926
5507,HGS-TV,104416.0,589035.7764139175
5508,HGS-TV,104416.0,589444.683891058
5509,HGS-TV,104416.0,589654.1983940601
5510,HGS-TV,104416.0,589714.2062313557
5511,HGS-TV,104416.0,589978.7312834263
5512,HGS-TV,104416.0,590050.6389508247
5513,HGS-TV,104416.0,590578.6805267334
5514,HGS-TV,104416.0,590638.7706058025
5515,HGS-TV,104416.0,590698.8002996445
5516,HGS-TV,104416.0,590758.8427848816
5517,HGS-TV,104416.0,590878.8421914577
5518,HGS-TV,104416.0,591038.1081545353
5519,HGS-TV,104416.0,591153.9811515808
5520,HGS-TV,104416.0,592711.9653367996
5521,HGS-TV,104416.0,592771.9916181564
5522,HGS-TV,104416.0,592832.1279070377
5523,HGS-TV,104416.0,592892.129774332
5524,HGS-TV,104416.0,592952.1754820347
5525,HGS-TV,104416.0,593012.1965889931
5526,HGS-TV,104416.0,593072.2379953861
5527,HGS-TV,104416.0,593132.3698589802
5528,HGS-TV,104416.0,593201.8810293674
5529,HGS-TV,104416.0,593261.9184422493
5530,HGS-TV,104416.0,593321.9685077667
5531,HGS-TV,104416.0,593437.8806023598
5532,HGS-TV,104416.0,593497.9249260426
5533,HGS-TV,104416.0,593558.008736372
5534,HGS-TV,104416.0,593618.0419790745
5535,HGS-TV,104416.0,593678.1349906921
5536,HGS-TV,104416.0,593738.2416570187
5537,HGS-TV,104416.0,593798.8320569992
5538,HGS-TV,104416.0,593891.7581956387
5539,HGS-TV,104416.0,593962.6753835678
5540,HGS-TV,104416.0,594022.6877338886
5541,HGS-TV,104416.0,594097.5524971485
5542,HGS-TV,104416.0,594191.2180609703
5543,HGS-TV,104416.0,594266.1743793488
5544,HGS-TV,104416.0,594363.1119389534
5545,HGS-TV,104416.0,594423.1627495289
5546,HGS-TV,104416.0,594527.2835166454
5547,HGS-TV,104416.0,594587.4160072803
5548,HGS-TV,104416.0,594647.4849390984
5549,HGS-TV,104416.0,594707.5110664368
5550,HGS-TV,104416.0,594767.5890948772
5551,HGS-TV,104416.0,594827.6199247837
5552,HGS-TV,104416.0,594887.6374650002
5553,HGS-TV,104416.0,594947.6714115143
5554,HGS-TV,104416.0,595116.8288795948
5555,HGS-TV,104416.0,595176.9391477108
5556,HGS-TV,104416.0,595236.9857964516
5557,HGS-TV,104416.0,595297.1445088387
5558,HGS-TV,104416.0,595357.1817309856
5559,HGS-TV,104416.0,595417.2727999687
5560,HGS-TV,104416.0,595477.35598135
5561,HGS-TV,104416.0,595537.3822259903
5562,HGS-TV,104416.0,595630.0251026154
5563,HGS-TV,104416.0,595690.0761325359
5564,HGS-TV,104416.0,595750.131411314
5565,HGS-TV,104416.0,595810.1580195427
5566,HGS-TV,104416.0,595870.2192368507
5567,HGS-TV,104416.0,595930.3222560883
5568,HGS-TV,104416.0,595990.3615424633
5569,HGS-TV,104416.0,596050.4033048153
5570,HGS-TV,104416.0,596119.683924675
5571,HGS-TV,104416.0,596179.7227535248
5572,HGS-TV,104416.0,596239.7630360126
5573,HGS-TV,104416.0,596299.8187787533
5574,HGS-TV,104416.0,596359.9280266762
5575,HGS-TV,104416.0,596420.0048923492
5576,HGS-TV,104416.0,596485.961565733
5577,HGS-TV,104416.0,596560.1366877556
5578,HGS-TV,104416.0,596620.1552767754
5579,HGS-TV,104416.0,596680.1707167625
5580,HGS-TV,104416.0,596740.1768922806
5581,HGS-TV,104416.0,596800.220236063
5582,HGS-TV,104416.0,596860.3004953861
5583,HGS-TV,104416.0,596921.4723267555
5584,HGS-TV,104416.0,597046.7918269634
5585,HGS-TV,104416.0,597106.8232083321
5586,HGS-TV,104416.0,597166.8304493427
5587,HGS-TV,104416.0,597226.8723256588
5588,HGS-TV,104416.0,597286.9887211323
5589,HGS-TV,104416.0,597347.0080235004
5590,HGS-TV,104416.0,597407.1132736206
5591,HGS-TV,104416.0,597467.1413416862
5592,HGS-TV,104416.0,597556.0903851986
5593,HGS-TV,104416.0,597616.0912802219
5594,HGS-TV,104416.0,597676.157885313
5595,HGS-TV,104416.0,597839.4335782528
5596,HGS-TV,104416.0,597899.4904150963
5597,HGS-TV,104416.0,597959.5140943527
5598,HGS-TV,104416.0,598021.5084478855
5599,HGS-TV,104416.0,598081.7123396397
5600,HGS-TV,104416.0,598238.3800928593
5601,HGS-TV,104416.0,598298.4114141464
5602,ails2_etaMax1.000_stoppingTime864000.00,104424.0,598845.4070529785
5603,HGS-TV,104416.0,599049.5699043274
5604,HGS-TV,104416.0,599123.2356526852
5605,HGS-TV,104416.0,599194.0592560768
5606,HGS-TV,104416.0,599276.4119803905
5607,HGS-TV,104416.0,599353.5820462704
5608,HGS-TV,104416.0,599413.6067252159
5609,HGS-TV,104416.0,599504.1139781475
5610,HGS-TV,104416.0,599564.1612634659
5611,HGS-TV,104416.0,599624.2290153503
5612,HGS-TV,104416.0,599684.3029587269
5613,HGS-TV,104416.0,599744.3607738018
5614,HGS-TV,104416.0,599856.0057551861
5615,HGS-TV,104416.0,599916.1338088512
5616,HGS-TV,104416.0,600005.9724860191
5617,HGS-TV,104416.0,600341.2671129704
5618,HGS-TV,104416.0,600987.9974634647
5619,HGS-TV,104416.0,601451.6745760441
5620,HGS-TV,104416.0,602560.220086813
5621,HGS-TV,104416.0,602620.5824942589
5622,HGS-TV,104416.0,602680.5914802551
5623,HGS-TV,104416.0,602773.8921141624
5624,HGS-TV,104416.0,603011.7603201866
5625,HGS-TV,104416.0,603161.9561884403
5626,HGS-TV,104416.0,603222.0390264988
5627,HGS-TV,104416.0,603282.0853614807
5628,HGS-TV,104416.0,603342.1317360401
5629,HGS-TV,104416.0,603402.1535675526
5630,HGS-TV,104416.0,603462.2107288837
5631,HGS-TV,104416.0,603522.2798292637
5632,HGS-TV,104416.0,603582.3410859108
5633,HGS-TV,104416.0,603642.362044096
5634,HGS-TV,104416.0,603702.3696582317
5635,HGS-TV,104416.0,603762.4157292843
5636,HGS-TV,104416.0,603822.4520304203
5637,HGS-TV,104416.0,605300.3082821369
5638,HGS-TV,104416.0,605360.3095607758
5639,HGS-TV,104416.0,605420.3585805893
5640,HGS-TV,104416.0,605480.4256141186
5641,HGS-TV,104416.0,605562.3749885559
5642,HGS-TV,104416.0,605622.3886919022
5643,HGS-TV,104416.0,605682.5134754181
5644,HGS-TV,104416.0,605742.5512330532
5645,HGS-TV,104416.0,605802.6607806683
5646,HGS-TV,104416.0,605862.7096886635
5647,HGS-TV,104416.0,605922.7282645702
5648,HGS-TV,104416.0,605982.904157877
5649,HGS-TV,104416.0,606065.2422230244
5650,HGS-TV,104416.0,606125.2974050045
5651,HGS-TV,104416.0,606185.3754062653
5652,HGS-TV,104416.0,606245.4176466465
5653,HGS-TV,104416.0,606305.4650483131
5654,HGS-TV,104416.0,606365.4884917736
5655,HGS-TV,104416.0,606425.5532131195
5656,HGS-TV,104416.0,606523.5542843342
5657,HGS-TV,104416.0,606583.5895857811
5658,HGS-TV,104416.0,606643.6837844849
5659,HGS-TV,104416.0,606776.8369426727
5660,HGS-TV,104416.0,606836.8888716698
5661,HGS-TV,104416.0,606896.9266860485
5662,HGS-TV,104416.0,607026.0170917511
5663,HGS-TV,104416.0,607086.1261630058
5664,HGS-TV,104416.0,607150.5571961403
5665,HGS-TV,104416.0,607210.6339139938
5666,HGS-TV,104416.0,607270.6996533871
5667,HGS-TV,104416.0,607349.1239976883
5668,HGS-TV,104416.0,607409.2059776783
5669,HGS-TV,104416.0,607517.3590362072
5670,HGS-TV,104416.0,607577.3812201023
5671,HGS-TV,104416.0,607637.4274027348
5672,HGS-TV,104416.0,607697.5546050072
5673,HGS-TV,104416.0,607818.8744497299
5674,HGS-TV,104416.0,607878.9220571518
5675,HGS-TV,104416.0,607938.9885215759
5676,HGS-TV,104416.0,608016.6282732487
5677,HGS-TV,104416.0,608076.7282373905
5678,HGS-TV,104416.0,608136.8397498131
5679,HGS-TV,104416.0,608196.8934183121
5680,HGS-TV,104416.0,608339.2803304195
5681,HGS-TV,104416.0,608662.0644106865
5682,HGS-TV,104416.0,608853.044549942
5683,HGS-TV,104416.0,608913.1029422283
5684,HGS-TV,104416.0,608973.1065459251
5685,HGS-TV,104416.0,609040.6812479496
5686,HGS-TV,104416.0,609114.5955038071
5687,HGS-TV,104416.0,609189.2357010841
5688,HGS-TV,104416.0,609249.262045145
5689,HGS-TV,104416.0,609309.294836998
5690,HGS-TV,104416.0,609438.6220736504
5691,HGS-TV,104416.0,609526.9891297817
5692,HGS-TV,104416.0,609587.0194268227
5693,HGS-TV,104416.0,609647.073549509
5694,HGS-TV,104416.0,609707.0962893963
5695,HGS-TV,104416.0,609767.1183559895
5696,HGS-TV,104416.0,609827.1811378002
5697,HGS-TV,104416.0,609887.259013176
5698,HGS-TV,104416.0,609947.2919063568
5699,HGS-TV,104416.0,610007.4222359657
5700,HGS-TV,104416.0,610067.5114920139
5701,HGS-TV,104416.0,610127.5255391598
5702,HGS-TV,104416.0,610187.5473408699
5703,HGS-TV,104416.0,610247.5780010223
5704,HGS-TV,104416.0,610307.6402187347
5705,HGS-TV,104416.0,610367.6529827118
5706,HGS-TV,104416.0,610427.671715498
5707,HGS-TV,104416.0,610487.7360630035
5708,HGS-TV,104416.0,610547.8508336544
5709,HGS-TV,104416.0,610607.8935453892
5710,HGS-TV,104416.0,610668.0178375244
5711,HGS-TV,104416.0,610942.9093651772
5712,HGS-TV,104416.0,611017.4913055897
5713,HGS-TV,104416.0,611113.6917312145
5714,HGS-TV,104416.0,611188.1788887978
5715,HGS-TV,104416.0,611250.5117521286
5716,HGS-TV,104416.0,611348.6980097294
5717,HGS-TV,104416.0,611408.7589447498
5718,HGS-TV,104416.0,611490.6806259155
5719,HGS-TV,104416.0,611550.7139303684
5720,HGS-TV,104416.0,611610.7703435421
5721,HGS-TV,104416.0,611700.9669394493
5722,HGS-TV,104416.0,611794.6517486572
5723,HGS-TV,104416.0,611854.7170016766
5724,HGS-TV,104416.0,611914.7400496006
5725,HGS-TV,104416.0,611974.7951209545
5726,HGS-TV,104416.0,612095.8062589169
5727,HGS-TV,104416.0,612403.7290754318
5728,HGS-TV,104416.0,612579.3316202164
5729,HGS-TV,104416.0,612823.5576996803
5730,HGS-TV,104416.0,612883.6054079533
5731,HGS-TV,104416.0,613091.58370018
5732,HGS-TV,104416.0,613151.593224287
5733,HGS-TV,104416.0,613391.5133123398
5734,HGS-TV,104416.0,614022.1602504253
5735,HGS-TV,104416.0,614246.5304744244
5736,HGS-TV,104416.0,614306.5696165562
5737,HGS-TV,104416.0,614366.5778591633
5738,HGS-TV,104416.0,614468.8236243725
5739,HGS-TV,104416.0,614528.8290600777
5740,HGS-TV,104416.0,614689.1062512398
5741,HGS-TV,104416.0,614749.1143946648
5742,HGS-TV,104416.0,614809.1851501465
5743,HGS-TV,104416.0,614869.2506122589
5744,HGS-TV,104416.0,614929.2805542946
5745,HGS-TV,104416.0,615046.067671299
5746,HGS-TV,104416.0,615106.0931026936
5747,HGS-TV,104416.0,615295.5523262024
5748,HGS-TV,104416.0,615523.3920347691
5749,HGS-TV,104416.0,615623.4451966286
5750,HGS-TV,104416.0,615685.1104822159
5751,HGS-TV,104416.0,615745.1163170338
5752,HGS-TV,104416.0,615805.1216003895
5753,HGS-TV,104416.0,616278.3373420238
5754,HGS-TV,104416.0,616338.4240319729
5755,HGS-TV,104416.0,616398.461199522
5756,HGS-TV,104416.0,616458.4680218697
5757,HGS-TV,104416.0,616518.5414662361
5758,HGS-TV,104416.0,616672.2566757202
5759,HGS-TV,104416.0,616850.9526765347
5760,HGS-TV,104416.0,617412.842215538
5761,HGS-TV,104416.0,617646.4038369656
5762,HGS-TV,104416.0,617725.0560679436
5763,HGS-TV,104416.0,618775.7223079205
5764,HGS-TV,104416.0,618878.9117965698
5765,HGS-TV,104416.0,618962.3902554512
5766,HGS-TV,104416.0,619022.4194943905
5767,HGS-TV,104416.0,619823.6409583092
5768,HGS-TV,104416.0,620222.0687692165
5769,HGS-TV,104416.0,621202.4617230892
5770,HGS-TV,104416.0,621262.5279724598
5771,HGS-TV,104416.0,622520.3444178104
5772,HGS-TV,104416.0,623950.6571946144
5773,HGS-TV,104416.0,624010.6683855057
5774,HGS-TV,104416.0,624070.7424845695
5775,HGS-TV,104416.0,624130.8214530945
5776,HGS-TV,104416.0,624190.8998644352
5777,HGS-TV,104416.0,624251.0821852684
5778,HGS-TV,104416.0,624311.1585054398
5779,HGS-TV,104416.0,624371.1734702587
5780,HGS-TV,104416.0,624431.1896634102
5781,HGS-TV,104416.0,624491.2586467266
5782,HGS-TV,104416.0,624552.6431536674
5783,HGS-TV,104416.0,624612.6945319176
5784,HGS-TV,104416.0,624672.800807476
5785,HGS-TV,104416.0,624732.8072454929
5786,HGS-TV,104416.0,624792.911523819
5787,HGS-TV,104416.0,624853.0599908829
5788,HGS-TV,104416.0,624913.1327140331
5789,HGS-TV,104416.0,625004.1093723774
5790,HGS-TV,104416.0,625067.8541500568
5791,HGS-TV,104416.0,625127.9673535824
5792,HGS-TV,104416.0,625188.059125185
5793,HGS-TV,104416.0,625282.6305553913
5794,HGS-TV,104416.0,625508.072861433
5795,HGS-TV,104416.0,625568.1158983707
5796,HGS-TV,104416.0,625679.688544035
5797,HGS-TV,104416.0,625764.1057457924
5798,HGS-TV,104416.0,625824.158008337
5799,HGS-TV,104416.0,625894.7366936207
5800,HGS-TV,104416.0,625954.7831997871
5801,HGS-TV,104416.0,626027.1151211262
5802,HGS-TV,104416.0,626087.1527712345
5803,HGS-TV,104416.0,626147.2182371616
5804,HGS-TV,104416.0,626221.862010479
5805,HGS-TV,104416.0,626281.9339668751
5806,HGS-TV,104416.0,626342.0025544167
5807,HGS-TV,104416.0,626402.060395956
5808,HGS-TV,104416.0,626488.5510480404
5809,HGS-TV,104416.0,626759.7352678776
5810,HGS-TV,104416.0,627026.913492918
5811,HGS-TV,104416.0,627094.7547683716
5812,HGS-TV,104416.0,627227.0905222893
5813,HGS-TV,104416.0,627457.1347720623
5814,HGS-TV,104416.0,627517.1432044506
5815,HGS-TV,104416.0,627689.7196261883
5816,HGS-TV,104416.0,627780.0784635544
5817,HGS-TV,104416.0,627857.5339493752
5818,HGS-TV,104416.0,627917.5686161518
5819,HGS-TV,104416.0,627977.6352527142
5820,HGS-TV,104416.0,628037.739159584
5821,HGS-TV,104416.0,628097.8145747185
5822,HGS-TV,104416.0,628231.6067318916
5823,HGS-TV,104416.0,628291.6504738331
5824,HGS-TV,104416.0,628351.7254426479
5825,HGS-TV,104416.0,628411.731110096
5826,HGS-TV,104416.0,628471.8167049885
5827,HGS-TV,104416.0,628531.9772181511
5828,HGS-TV,104416.0,628592.0054478645
5829,HGS-TV,104416.0,628685.2516283989
5830,HGS-TV,104416.0,628745.3191366196
5831,HGS-TV,104416.0,628820.0070025921
5832,HGS-TV,104416.0,628880.0760855675
5833,HGS-TV,104416.0,628940.1234943867
5834,HGS-TV,104416.0,629000.1583487988
5835,HGS-TV,104416.0,629060.1854343414
5836,HGS-TV,104416.0,629120.2315235138
5837,HGS-TV,104416.0,629180.28952384
5838,HGS-TV,104416.0,629240.2983279228
5839,HGS-TV,104416.0,629300.3623321056
5840,HGS-TV,104416.0,629360.3751649857
5841,HGS-TV,104416.0,629420.5243320465
5842,HGS-TV,104416.0,629480.6507754326
5843,HGS-TV,104416.0,629688.7755513191
5844,HGS-TV,104416.0,629748.8205296993
5845,HGS-TV,104416.0,629821.4810721874
5846,HGS-TV,104416.0,629881.5534353256
5847,HGS-TV,104416.0,629941.591168642
5848,HGS-TV,104416.0,630001.6273276806
5849,HGS-TV,104416.0,630061.6278839111
5850,HGS-TV,104416.0,630164.387367487
5851,HGS-TV,104416.0,630224.3901336193
5852,HGS-TV,104416.0,630284.465211153
5853,HGS-TV,104416.0,630344.5050852299
5854,HGS-TV,104416.0,630404.540435791
5855,HGS-TV,104416.0,630472.2211737633
5856,HGS-TV,104416.0,630540.0468280315
5857,HGS-TV,104416.0,630600.052649498
5858,HGS-TV,104416.0,630660.0927360058
5859,HGS-TV,104416.0,630720.1647927761
5860,HGS-TV,104416.0,630780.2196536064
5861,HGS-TV,104416.0,630840.2205805779
5862,HGS-TV,104416.0,630900.2481536865
5863,HGS-TV,104416.0,631171.6604766846
5864,HGS-TV,104416.0,631231.6723151207
5865,HGS-TV,104416.0,631413.9952802658
5866,HGS-TV,104416.0,631592.8409762383
5867,HGS-TV,104416.0,631652.8431622982
5868,HGS-TV,104416.0,631712.853427887
5869,HGS-TV,104416.0,631801.95840621
5870,HGS-TV,104416.0,632251.3584420681
5871,HGS-TV,104416.0,632353.2858970165
5872,HGS-TV,104416.0,632644.8121237755
5873,HGS-TV,104416.0,632704.9307441711
5874,HGS-TV,104416.0,632764.9600794315
5875,HGS-TV,104416.0,632824.9797682762
5876,HGS-TV,104416.0,632885.1174161434
5877,HGS-TV,104416.0,632945.1257197857
5878,HGS-TV,104416.0,633182.8058309555
5879,HGS-TV,104416.0,633847.3900916576
5880,HGS-TV,104416.0,633907.3974604607
5881,HGS-TV,104416.0,634430.3411478996
5882,HGS-TV,104416.0,634657.6835215092
5883,HGS-TV,104416.0,634717.7063715458
5884,HGS-TV,104416.0,635016.1736066341
5885,HGS-TV,104416.0,635076.2481880188
5886,HGS-TV,104416.0,635159.6976008415
5887,HGS-TV,104416.0,635380.0163075924
5888,HGS-TV,104416.0,635695.5010147095
5889,HGS-TV,104416.0,635755.5058217049
5890,HGS-TV,104416.0,636686.4509289265
5891,HGS-TV,104416.0,636746.5341217518
5892,HGS-TV,104416.0,636806.5714378357
5893,HGS-TV,104416.0,636866.6177773476
5894,HGS-TV,104416.0,636939.04002285
5895,HGS-TV,104416.0,636999.1294052601
5896,HGS-TV,104416.0,638524.8569943905
5897,HGS-TV,104416.0,638584.9031391144
5898,HGS-TV,104416.0,638644.9792535305
5899,HGS-TV,104416.0,638705.0472509861
5900,HGS-TV,104416.0,638765.1575477123
5901,HGS-TV,104416.0,638825.270608902
5902,HGS-TV,104416.0,638885.3033998013
5903,HGS-TV,104416.0,638945.3654437065
5904,HGS-TV,104416.0,639055.8787937164
5905,HGS-TV,104416.0,639115.9416947365
5906,HGS-TV,104416.0,639175.9516019821
5907,HGS-TV,104416.0,639235.9984002113
5908,HGS-TV,104416.0,639296.0407736301
5909,HGS-TV,104416.0,639356.0775740147
5910,HGS-TV,104416.0,639416.1308708191
5911,HGS-TV,104416.0,639476.1402258873
5912,HGS-TV,104416.0,639536.1415281296
5913,HGS-TV,104416.0,639596.2407608032
5914,HGS-TV,104416.0,639656.2562265396
5915,HGS-TV,104416.0,639716.2748131752
5916,HGS-TV,104416.0,639810.5993602276
5917,HGS-TV,104416.0,639870.6070873737
5918,HGS-TV,104416.0,639930.6293969154
5919,HGS-TV,104416.0,639990.8666846752
5920,HGS-TV,104416.0,640050.8689856529
5921,HGS-TV,104416.0,640110.9337425232
5922,HGS-TV,104416.0,640170.9654927254
5923,HGS-TV,104416.0,640231.0951828957
5924,HGS-TV,104416.0,640328.2382457256
5925,HGS-TV,104416.0,640398.8040611744
5926,HGS-TV,104416.0,640491.5031094551
5927,HGS-TV,104416.0,640589.9448821545
5928,HGS-TV,104416.0,640667.2344706059
5929,HGS-TV,104416.0,640727.2428610325
5930,HGS-TV,104416.0,640787.3563816547
5931,ails2_etaMax1.000_stoppingTime1728000.00,104605.0,640792.3440529786
5932,ails2_etaMax1.000_stoppingTime1728000.00,104581.0,640793.2330529785
5933,HGS-TV,104416.0,640861.0383863449
5934,HGS-TV,104416.0,640921.0635309219
5935,HGS-TV,104416.0,641004.5830094814
5936,HGS-TV,104416.0,641064.7177202702
5937,HGS-TV,104416.0,641124.7984015942
5938,HGS-TV,104416.0,641184.9017598629
5939,HGS-TV,104416.0,641288.5383322239
5940,HGS-TV,104416.0,641348.6281898022
5941,HGS-TV,104416.0,641476.2649402618
5942,HGS-TV,104416.0,641536.3682529926
5943,HGS-TV,104416.0,641620.8439421654
5944,HGS-TV,104416.0,641692.0178496838
5945,HGS-TV,104416.0,641752.0864768028
5946,HGS-TV,104416.0,641886.5180284977
5947,HGS-TV,104416.0,641946.567933321
5948,HGS-TV,104416.0,642006.6409647465
5949,HGS-TV,104416.0,642066.7593011856
5950,HGS-TV,104416.0,642126.793156147
5951,HGS-TV,104416.0,642186.834884882
5952,HGS-TV,104416.0,642246.8748335838
5953,HGS-TV,104416.0,642426.6566631794
5954,HGS-TV,104416.0,642550.7932188511
5955,HGS-TV,104416.0,642788.2248957157
5956,HGS-TV,104416.0,642910.991266489
5957,HGS-TV,104416.0,642976.578076601
5958,HGS-TV,104416.0,643036.5924134254
5959,HGS-TV,104416.0,643103.1908354759
5960,HGS-TV,104416.0,643175.231637001
5961,HGS-TV,104416.0,643235.2918002605
5962,HGS-TV,104416.0,643295.4098088741
5963,HGS-TV,104416.0,643355.4489319324
5964,HGS-TV,104416.0,643466.8365721703
5965,HGS-TV,104416.0,643526.8923807144
5966,HGS-TV,104416.0,643586.9831328392
5967,HGS-TV,104416.0,643700.9786217213
5968,HGS-TV,104416.0,643760.9815816879
5969,HGS-TV,104416.0,643821.1453948021
5970,HGS-TV,104416.0,643881.2391829491
5971,HGS-TV,104416.0,643941.2815551758
5972,HGS-TV,104416.0,644030.1051959991
5973,HGS-TV,104416.0,644090.1088430882
5974,HGS-TV,104416.0,644150.1741659641
5975,HGS-TV,104416.0,644225.7580881119
5976,HGS-TV,104416.0,644285.8288064003
5977,HGS-TV,104416.0,644345.8467137814
5978,HGS-TV,104416.0,644405.886285305
5979,HGS-TV,104416.0,644465.983474493
5980,HGS-TV,104416.0,644526.0557162762
5981,HGS-TV,104416.0,644586.0706515312
5982,HGS-TV,104416.0,644673.3780508041
5983,HGS-TV,104416.0,644742.6054933071
5984,HGS-TV,104416.0,644802.6372022629
5985,HGS-TV,104416.0,644862.639883995
5986,HGS-TV,104416.0,644922.6821706295
5987,HGS-TV,104416.0,644982.7214131355
5988,HGS-TV,104416.0,645042.7260301113
5989,HGS-TV,104416.0,645168.521034956
5990,HGS-TV,104416.0,645622.1969044209
5991,HGS-TV,104416.0,645942.9576876163
5992,HGS-TV,104416.0,646113.9484343529
5993,HGS-TV,104416.0,646415.6624979973
5994,HGS-TV,104416.0,646475.7330014706
5995,HGS-TV,104416.0,646770.753267765
5996,HGS-TV,104416.0,646830.7611179352
5997,HGS-TV,104416.0,646925.9066019058
5998,HGS-TV,104416.0,646985.9156212807
5999,HGS-TV,104416.0,647444.356659174
6000,ails2_etaMax1.000_stoppingTime1728000.00,104580.0,647457.4390529785
6001,ails2_etaMax1.000_stoppingTime1728000.00,104571.0,647998.8640529785
6002,HGS-TV,104416.0,648058.8030962944
6003,ails2_etaMax1.000_stoppingTime1728000.00,104567.0,647999.1990529785
6004,HGS-TV,104416.0,648118.8837726116
6005,HGS-TV,104416.0,648308.8607673645
6006,HGS-TV,104416.0,648954.740332365
6007,HGS-TV,104416.0,650495.1746916771
6008,HGS-TV,104416.0,650555.2254478931
6009,HGS-TV,104416.0,650615.2623214722
6010,HGS-TV,104416.0,650675.3432416916
6011,HGS-TV,104416.0,650735.3721117973
6012,HGS-TV,104416.0,650795.3964481354
6013,HGS-TV,104416.0,650855.4214417934
6014,HGS-TV,104416.0,650915.5273962021
6015,HGS-TV,104416.0,650975.5914082527
6016,HGS-TV,104416.0,651035.6472227573
6017,HGS-TV,104416.0,651095.6496207714
6018,HGS-TV,104416.0,651164.8201630116
6019,HGS-TV,104416.0,651224.9844341278
6020,HGS-TV,104416.0,651285.0695858002
6021,HGS-TV,104416.0,651345.1212146282
6022,HGS-TV,104416.0,651405.1615326405
6023,HGS-TV,104416.0,651465.2092585564
6024,HGS-TV,104416.0,651525.2245249748
6025,HGS-TV,104416.0,651585.2786560059
6026,HGS-TV,104416.0,651645.4504945278
6027,HGS-TV,104416.0,651720.3250219822
6028,HGS-TV,104416.0,651780.3622851372
6029,HGS-TV,104416.0,651840.4236931801
6030,HGS-TV,104416.0,651900.4970238209
6031,HGS-TV,104416.0,651960.5065851212
6032,HGS-TV,104416.0,652067.5157675743
6033,HGS-TV,104416.0,652127.5285727978
6034,HGS-TV,104416.0,652187.5807330608
6035,HGS-TV,104416.0,652247.6060287952
6036,HGS-TV,104416.0,652307.736291647
6037,HGS-TV,104416.0,652367.8070642948
6038,HGS-TV,104416.0,652427.8933730125
6039,HGS-TV,104416.0,652544.0468170643
6040,HGS-TV,104416.0,652604.0499513149
6041,HGS-TV,104416.0,652664.1332068443
6042,HGS-TV,104416.0,652731.9184112549
6043,HGS-TV,104416.0,652927.2958443165
6044,HGS-TV,104416.0,652987.299043417
6045,HGS-TV,104416.0,653059.0455064774
6046,HGS-TV,104416.0,653119.0866293907
6047,HGS-TV,104416.0,653179.1794757843
6048,HGS-TV,104416.0,653239.1801569462
6049,HGS-TV,104416.0,653299.2171235085
6050,HGS-TV,104416.0,653391.7399289608
6051,HGS-TV,104416.0,653451.7569379807
6052,HGS-TV,104416.0,653511.7610590458
6053,HGS-TV,104416.0,653571.7899637222
6054,HGS-TV,104416.0,653723.0524127483
6055,HGS-TV,104416.0,653783.1141006947
6056,HGS-TV,104416.0,653933.8418295383
6057,HGS-TV,104416.0,653993.8848085403
6058,HGS-TV,104416.0,654061.2422628403
6059,HGS-TV,104416.0,654121.3341674805
6060,HGS-TV,104416.0,654181.3632442951
6061,HGS-TV,104416.0,654329.4482989311
6062,HGS-TV,104416.0,654389.4716584682
6063,HGS-TV,104416.0,654457.5639197826
6064,HGS-TV,104416.0,654628.6037938595
6065,HGS-TV,104416.0,654688.61368227
6066,HGS-TV,104416.0,654768.8609204292
6067,HGS-TV,104416.0,654903.6265180111
6068,HGS-TV,104416.0,654963.6977772713
6069,HGS-TV,104416.0,655023.7028317451
6070,HGS-TV,104416.0,655083.7162444592
6071,HGS-TV,104416.0,655143.7276787758
6072,HGS-TV,104416.0,655203.8285591602
6073,HGS-TV,104416.0,655263.8885262012
6074,HGS-TV,104416.0,655430.8840529919
6075,HGS-TV,104416.0,655490.9314367771
6076,HGS-TV,104416.0,655550.9794437885
6077,HGS-TV,104416.0,655611.0656733513
6078,HGS-TV,104416.0,655671.068271637
6079,HGS-TV,104416.0,655731.0979697704
6080,HGS-TV,104416.0,655791.1755533218
6081,HGS-TV,104416.0,655851.204262495
6082,HGS-TV,104416.0,655911.2329871655
6083,HGS-TV,104416.0,655971.2794091702
6084,HGS-TV,104416.0,656031.3414750099
6085,HGS-TV,104416.0,656091.4103074074
6086,HGS-TV,104416.0,656151.4355344772
6087,HGS-TV,104416.0,656232.2717576027
6088,HGS-TV,104416.0,656340.5498087406
6089,HGS-TV,104416.0,656400.5903697014
6090,HGS-TV,104416.0,656460.6020636559
6091,HGS-TV,104416.0,656520.6429252625
6092,HGS-TV,104416.0,656645.8472530842
6093,HGS-TV,104416.0,656726.9093022346
6094,HGS-TV,104416.0,656787.0361292362
6095,HGS-TV,104416.0,656856.2204637527
6096,HGS-TV,104416.0,656916.2585997581
6097,HGS-TV,104416.0,656976.2639429569
6098,HGS-TV,104416.0,657037.5787937641
6099,HGS-TV,104416.0,657097.6025753021
6100,HGS-TV,104416.0,657157.6610405445
6101,HGS-TV,104416.0,657320.5501406193
6102,HGS-TV,104416.0,657380.666264534
6103,HGS-TV,104416.0,657440.7502579689
6104,HGS-TV,104416.0,657500.7831521034
6105,HGS-TV,104416.0,657574.5850982666
6106,HGS-TV,104416.0,657652.9919822216
6107,HGS-TV,104416.0,657720.8400890827
6108,HGS-TV,104416.0,657802.936727047
6109,HGS-TV,104416.0,657951.5599267483
6110,HGS-TV,104416.0,658011.5862314701
6111,HGS-TV,104416.0,658202.9601883888
6112,HGS-TV,104416.0,658262.9661436081
6113,HGS-TV,104416.0,658362.943598032
6114,HGS-TV,104416.0,658437.439930439
6115,HGS-TV,104416.0,659920.1977658272
6116,HGS-TV,104416.0,659980.2544407845
6117,HGS-TV,104416.0,660535.6564400196
6118,HGS-TV,104416.0,660595.6632535458
6119,HGS-TV,104416.0,660671.3887193203
6120,HGS-TV,104416.0,660901.1800489426
6121,HGS-TV,104416.0,662605.8507575989
6122,HGS-TV,104416.0,662665.9039452076
6123,HGS-TV,104416.0,662726.0140926838
6124,HGS-TV,104416.0,662786.0385107994
6125,ails2_etaMax1.000_stoppingTime1728000.00,104566.0,662824.1230529785
6126,HGS-TV,104416.0,662846.1183757782
6127,ails2_etaMax1.000_stoppingTime1728000.00,104557.0,662824.9540529785
6128,HGS-TV,104416.0,662906.1841475964
6129,HGS-TV,104416.0,662966.2641832829
6130,HGS-TV,104416.0,663070.2434167862
6131,HGS-TV,104416.0,663156.7931396961
6132,HGS-TV,104416.0,663216.7961668968
6133,HGS-TV,104416.0,663276.8329377174
6134,HGS-TV,104416.0,663368.440114975
6135,HGS-TV,104416.0,663428.4868655205
6136,HGS-TV,104416.0,663488.5054116249
6137,HGS-TV,104416.0,663789.3877789974
6138,ails2_etaMax1.000_stoppingTime1728000.00,104556.0,663828.6650529786
6139,HGS-TV,104416.0,663849.4318869114
6140,ails2_etaMax1.000_stoppingTime1728000.00,104554.0,663828.8500529785
6141,HGS-TV,104416.0,663909.5151302814
6142,HGS-TV,104416.0,663969.5631690025
6143,HGS-TV,104416.0,664029.6162471771
6144,HGS-TV,104416.0,664097.8841850758
6145,HGS-TV,104416.0,664157.9416298866
6146,HGS-TV,104416.0,664218.0761201382
6147,HGS-TV,104416.0,664278.1076128483
6148,HGS-TV,104416.0,664338.1639518738
6149,HGS-TV,104416.0,664398.2134582996
6150,HGS-TV,104416.0,664510.7794773579
6151,HGS-TV,104416.0,664575.7423579693
6152,HGS-TV,104416.0,664635.7900192738
6153,HGS-TV,104416.0,664695.8827390671
6154,HGS-TV,104416.0,664869.159621954
6155,HGS-TV,104416.0,664963.7139906883
6156,HGS-TV,104416.0,665023.7365560532
6157,HGS-TV,104416.0,665148.443611145
6158,HGS-TV,104416.0,665208.5152666569
6159,HGS-TV,104416.0,665268.5879545212
6160,HGS-TV,104416.0,665328.6214792728
6161,HGS-TV,104416.0,665388.6456437111
6162,HGS-TV,104416.0,665448.7170426846
6163,HGS-TV,104416.0,665508.7232005596
6164,HGS-TV,104416.0,665568.9014809132
6165,HGS-TV,104416.0,665628.959913969
6166,HGS-TV,104416.0,665689.0293178558
6167,HGS-TV,104416.0,665749.0733644962
6168,HGS-TV,104416.0,665809.1158118248
6169,HGS-TV,104416.0,665869.1555054188
6170,HGS-TV,104416.0,665929.1947643757
6171,HGS-TV,104416.0,665989.2947056293
6172,HGS-TV,104416.0,666049.4509520531
6173,HGS-TV,104416.0,666109.462647438
6174,HGS-TV,104416.0,666169.5084388256
6175,HGS-TV,104416.0,666229.5388433933
6176,HGS-TV,104416.0,666324.5232522488
6177,HGS-TV,104416.0,666384.5489668846
6178,HGS-TV,104416.0,666444.6245055199
6179,HGS-TV,104416.0,666504.75613451
6180,HGS-TV,104416.0,666599.6760132313
6181,HGS-TV,104416.0,666659.727545023
6182,HGS-TV,104416.0,666719.8015804291
6183,HGS-TV,104416.0,666779.8372385502
6184,HGS-TV,104416.0,666839.913018465
6185,HGS-TV,104416.0,666899.9138112068
6186,HGS-TV,104416.0,666959.9997766018
6187,HGS-TV,104416.0,667020.007995367
6188,HGS-TV,104416.0,667115.6113476753
6189,HGS-TV,104416.0,667175.6208603382
6190,HGS-TV,104416.0,667235.6595814228
6191,HGS-TV,104416.0,667295.6808152199
6192,HGS-TV,104416.0,667410.6455798149
6193,HGS-TV,104416.0,667470.6692430973
6194,HGS-TV,104416.0,667530.7563445568
6195,HGS-TV,104416.0,667590.8063960075
6196,HGS-TV,104416.0,667753.184317112
6197,HGS-TV,104416.0,667934.2545645237
6198,HGS-TV,104416.0,667994.2983789444
6199,HGS-TV,104416.0,668059.6294240952
6200,HGS-TV,104416.0,668119.7187225819
6201,HGS-TV,104416.0,668464.5494616032
6202,HGS-TV,104416.0,668524.6671793461
6203,HGS-TV,104416.0,668592.9448752403
6204,HGS-TV,104416.0,668663.8821427822
6205,HGS-TV,104416.0,668739.9135251045
6206,HGS-TV,104416.0,668888.9117739201
6207,HGS-TV,104416.0,668948.9256584644
6208,HGS-TV,104416.0,669008.9422528744
6209,HGS-TV,104416.0,669068.9700157642
6210,HGS-TV,104416.0,669194.7127199173
6211,HGS-TV,104416.0,669374.5334513187
6212,HGS-TV,104416.0,669434.5684521198
6213,HGS-TV,104416.0,669683.3453953266
6214,HGS-TV,104416.0,669819.4142324924
6215,HGS-TV,104416.0,669879.4313335419
6216,HGS-TV,104416.0,670013.1564679146
6217,HGS-TV,104416.0,670073.160349369
6218,HGS-TV,104416.0,670190.3625073433
6219,HGS-TV,104416.0,670250.4208257198
6220,HGS-TV,104416.0,670477.3676276207
6221,HGS-TV,104416.0,670537.4319558144
6222,HGS-TV,104416.0,670599.5406308174
6223,HGS-TV,104416.0,670659.5894751549
6224,HGS-TV,104416.0,670873.3887372017
6225,HGS-TV,104416.0,671093.3528182507
6226,HGS-TV,104416.0,671426.9874811172
6227,HGS-TV,104416.0,671487.0033593178
6228,HGS-TV,104416.0,671595.1028687954
6229,HGS-TV,104416.0,671655.1320261955
6230,HGS-TV,104416.0,671715.1853928566
6231,HGS-TV,104416.0,671775.225376606
6232,HGS-TV,104416.0,671869.9248356819
6233,HGS-TV,104416.0,671929.9770100117
6234,HGS-TV,104416.0,672298.0188949108
6235,HGS-TV,104416.0,672358.1007783413
6236,HGS-TV,104416.0,672418.1869237423
6237,HGS-TV,104416.0,672478.2479889393
6238,HGS-TV,104416.0,672538.2524549961
6239,HGS-TV,104416.0,673446.7656667233
6240,HGS-TV,104416.0,673506.8820202351
6241,HGS-TV,104416.0,673566.9830274582
6242,HGS-TV,104416.0,673917.5903449059
6243,HGS-TV,104416.0,673977.7016413212
6244,HGS-TV,104416.0,674037.702121973
6245,HGS-TV,104416.0,674097.7263042927
6246,HGS-TV,104416.0,674157.8037159443
6247,HGS-TV,104416.0,674217.8368592262
6248,HGS-TV,104416.0,674277.8433835506
6249,HGS-TV,104416.0,674337.9192230701
6250,HGS-TV,104416.0,674460.9639258385
6251,HGS-TV,104416.0,674726.975517273
6252,HGS-TV,104416.0,675263.0160093307
6253,HGS-TV,104416.0,675498.1750669479
6254,HGS-TV,104416.0,675558.2802634239
6255,HGS-TV,104416.0,675640.6279826164
6256,HGS-TV,104416.0,675719.7743549347
6257,HGS-TV,104416.0,676006.4947659969
6258,HGS-TV,104416.0,677821.282730341
6259,HGS-TV,104416.0,677881.393709898
6260,HGS-TV,104416.0,677941.4433596134
6261,HGS-TV,104416.0,678001.5307967663
6262,HGS-TV,104416.0,678061.5816757679
6263,HGS-TV,104416.0,678121.6613862514
6264,HGS-TV,104416.0,678181.7663764954
6265,HGS-TV,104416.0,678241.8645119667
6266,HGS-TV,104416.0,678301.9698860645
6267,HGS-TV,104416.0,678361.9963929653
6268,HGS-TV,104416.0,678422.1132433414
6269,HGS-TV,104416.0,678482.119292736
6270,HGS-TV,104416.0,678566.0164036751
6271,HGS-TV,104416.0,678626.0424222946
6272,HGS-TV,104416.0,678729.0767743587
6273,HGS-TV,104416.0,678789.1448161602
6274,HGS-TV,104416.0,678850.954354763
6275,HGS-TV,104416.0,678910.9963183403
6276,HGS-TV,104416.0,678971.0749299526
6277,HGS-TV,104416.0,679089.331463337
6278,HGS-TV,104416.0,679149.3412845135
6279,HGS-TV,104416.0,679210.3861343861
6280,HGS-TV,104416.0,679289.6989383698
6281,HGS-TV,104416.0,679364.4722857475
6282,HGS-TV,104416.0,679424.4839880466
6283,HGS-TV,104416.0,679484.4958782196
6284,HGS-TV,104416.0,679581.2709751129
6285,HGS-TV,104416.0,679641.3828108311
6286,HGS-TV,104416.0,679750.3227312565
6287,HGS-TV,104416.0,679810.4756529331
6288,HGS-TV,104416.0,679870.4844098091
6289,HGS-TV,104416.0,679930.5434236526
6290,HGS-TV,104416.0,679990.6236121655
6291,HGS-TV,104416.0,680053.8082852364
6292,HGS-TV,104416.0,680140.0135900974
6293,HGS-TV,104416.0,680228.3065149784
6294,HGS-TV,104416.0,680288.4505548477
6295,HGS-TV,104416.0,680348.5954184532
6296,HGS-TV,104416.0,680408.6151938438
6297,HGS-TV,104416.0,680468.6332161427
6298,HGS-TV,104416.0,680528.6720638275
6299,HGS-TV,104416.0,680588.6802787781
6300,HGS-TV,104416.0,680648.707649231
6301,HGS-TV,104416.0,680708.7181017399
6302,HGS-TV,104416.0,680768.7200117111
6303,HGS-TV,104416.0,680920.589559555
6304,HGS-TV,104416.0,681037.3251993656
6305,HGS-TV,104416.0,681097.4104738235
6306,HGS-TV,104416.0,681157.4600801468
6307,HGS-TV,104416.0,681217.5631377697
6308,HGS-TV,104416.0,681277.5664951801
6309,HGS-TV,104416.0,681337.6108629704
6310,HGS-TV,104416.0,681397.625423193
6311,HGS-TV,104416.0,681457.6257588863
6312,HGS-TV,104416.0,681602.14985466
6313,HGS-TV,104416.0,681662.1579401493
6314,HGS-TV,104416.0,681722.289080143
6315,HGS-TV,104416.0,681782.3590812683
6316,HGS-TV,104416.0,681845.1279459
6317,HGS-TV,104416.0,681905.2024915218
6318,HGS-TV,104416.0,682006.7115571499
6319,HGS-TV,104416.0,682066.766657114
6320,HGS-TV,104416.0,682126.7813882828
6321,HGS-TV,104416.0,682186.8698225021
6322,HGS-TV,104416.0,682246.9012870789
6323,HGS-TV,104416.0,682306.929715395
6324,HGS-TV,104416.0,682367.0067331791
6325,HGS-TV,104416.0,682459.6701738834
6326,HGS-TV,104416.0,682519.7031254768
6327,HGS-TV,104416.0,682592.6719081402
6328,HGS-TV,104416.0,682652.6738028526
6329,HGS-TV,104416.0,682712.7436597347
6330,HGS-TV,104416.0,682772.8235332966
6331,HGS-TV,104416.0,682832.8807497025
6332,HGS-TV,104416.0,682921.9910237789
6333,HGS-TV,104416.0,682981.9961419106
6334,HGS-TV,104416.0,683042.0652933121
6335,HGS-TV,104416.0,683102.1055138111
6336,HGS-TV,104416.0,683162.1265408993
6337,HGS-TV,104416.0,683288.5745162964
6338,HGS-TV,104416.0,683348.6044490337
6339,HGS-TV,104416.0,683408.6388242245
6340,HGS-TV,104416.0,683509.0027215481
6341,HGS-TV,104416.0,683569.0803642273
6342,HGS-TV,104416.0,683629.2022311687
6343,HGS-TV,104416.0,683689.2246921062
6344,HGS-TV,104416.0,683749.2563667297
6345,HGS-TV,104416.0,683832.0004098415
6346,HGS-TV,104416.0,683892.7888028622
6347,HGS-TV,104416.0,683986.4461944103
6348,HGS-TV,104416.0,684073.3684365749
6349,HGS-TV,104416.0,684155.2079799175
6350,HGS-TV,104416.0,684215.2594106197
6351,HGS-TV,104416.0,684275.4054801464
6352,HGS-TV,104416.0,684335.47483325
6353,HGS-TV,104416.0,684395.5176489353
6354,HGS-TV,104416.0,684455.531970501
6355,HGS-TV,104416.0,684560.398109436
6356,HGS-TV,104416.0,684620.4887311459
6357,HGS-TV,104416.0,684680.5644359589
6358,HGS-TV,104416.0,684740.5988156796
6359,HGS-TV,104416.0,684800.6660704613
6360,HGS-TV,104416.0,684860.7453484535
6361,HGS-TV,104416.0,684920.818577528
6362,HGS-TV,104416.0,684996.9237148762
6363,HGS-TV,104416.0,685057.0312688351
6364,HGS-TV,104416.0,685117.1119759083
6365,HGS-TV,104416.0,685177.1457808018
6366,HGS-TV,104416.0,685237.1556971073
6367,HGS-TV,104416.0,685297.2190241814
6368,ails2_etaMax1.000_stoppingTime1728000.00,104552.0,685355.3660529786
6369,HGS-TV,104416.0,685357.2505521774
6370,ails2_etaMax1.000_stoppingTime1728000.00,104543.0,685355.6130529785
6371,HGS-TV,104416.0,685417.2935223579
6372,HGS-TV,104416.0,685477.3101234436
6373,HGS-TV,104416.0,685537.3173792362
6374,HGS-TV,104416.0,685597.3846681118
6375,HGS-TV,104416.0,685671.8533258438
6376,HGS-TV,104416.0,685731.9523682594
6377,HGS-TV,104416.0,685791.9900734425
6378,HGS-TV,104416.0,685852.0228822231
6379,HGS-TV,104416.0,685932.3586671352
6380,HGS-TV,104416.0,685992.3987519741
6381,HGS-TV,104416.0,686052.4846682549
6382,HGS-TV,104416.0,686125.0868513584
6383,HGS-TV,104416.0,686185.1199109554
6384,HGS-TV,104416.0,686245.1207602024
6385,HGS-TV,104416.0,686429.3567624092
6386,HGS-TV,104416.0,686515.4898135662
6387,HGS-TV,104416.0,686672.6456890106
6388,HGS-TV,104416.0,686758.8301229477
6389,HGS-TV,104416.0,686945.6437916756
6390,HGS-TV,104416.0,687005.660115242
6391,HGS-TV,104416.0,687073.1938266754
6392,HGS-TV,104416.0,687149.6302556992
6393,HGS-TV,104416.0,687295.8635354042
6394,HGS-TV,104416.0,687355.8673093319
6395,HGS-TV,104416.0,687415.9858114719
6396,HGS-TV,104416.0,687476.0309360027
6397,HGS-TV,104416.0,687553.7965507507
6398,HGS-TV,104416.0,687613.7986457348
6399,HGS-TV,104416.0,687681.5010297298
6400,HGS-TV,104416.0,687741.5204589367
6401,HGS-TV,104416.0,687843.4811849594
6402,HGS-TV,104416.0,687903.5233850479
6403,HGS-TV,104416.0,687963.5522654057
6404,HGS-TV,104416.0,688176.3009281158
6405,HGS-TV,104416.0,688317.9104368687
6406,HGS-TV,104416.0,688537.1792256832
6407,HGS-TV,104416.0,688597.2721915245
6408,HGS-TV,104416.0,688720.6677520275
6409,HGS-TV,104416.0,688780.7298052311
6410,HGS-TV,104416.0,688935.2640647888
6411,HGS-TV,104416.0,688995.3192965984
6412,HGS-TV,104416.0,689055.3212997913
6413,HGS-TV,104416.0,689240.8871912956
6414,HGS-TV,104416.0,689301.0299828053
6415,HGS-TV,104416.0,689361.0650610924
6416,HGS-TV,104416.0,689421.1217212677
6417,HGS-TV,104416.0,690292.5147542953
6418,HGS-TV,104416.0,690499.4282369614
6419,HGS-TV,104416.0,690559.5335817337
6420,HGS-TV,104416.0,690811.3192508221
6421,HGS-TV,104416.0,691479.4649441242
6422,HGS-TV,104416.0,691539.4820828438
6423,HGS-TV,104416.0,692438.8548266888
6424,HGS-TV,104416.0,692796.0991432667
6425,HGS-TV,104416.0,693239.0636174679
6426,HGS-TV,104416.0,693431.7943565845
6427,HGS-TV,104416.0,693719.5849041939
6428,HGS-TV,104416.0,694028.5749490261
6429,HGS-TV,104416.0,694218.3103542328
6430,HGS-TV,104416.0,694309.9604167938
6431,HGS-TV,104416.0,694487.0122013092
6432,HGS-TV,104416.0,695336.3946313858
6433,HGS-TV,104416.0,696817.4256551266
6434,HGS-TV,104416.0,696877.4593706131
6435,HGS-TV,104416.0,696937.5574808121
6436,HGS-TV,104416.0,696997.575073719
6437,HGS-TV,104416.0,697057.6391224861
6438,HGS-TV,104416.0,697117.7138431072
6439,HGS-TV,104416.0,697177.7370684147
6440,HGS-TV,104416.0,697237.743999958
6441,HGS-TV,104416.0,697347.5656609535
6442,HGS-TV,104416.0,697407.5834720135
6443,HGS-TV,104416.0,697467.6057896614
6444,HGS-TV,104416.0,697527.646813631
6445,HGS-TV,104416.0,697587.6618611813
6446,HGS-TV,104416.0,697647.8131108284
6447,HGS-TV,104416.0,697727.2707333565
6448,HGS-TV,104416.0,697787.3174407482
6449,HGS-TV,104416.0,697847.3293213844
6450,HGS-TV,104416.0,697907.3452916145
6451,HGS-TV,104416.0,698024.2492513657
6452,HGS-TV,104416.0,698084.2845249176
6453,HGS-TV,104416.0,698279.5196089745
6454,HGS-TV,104416.0,698339.6449298859
6455,HGS-TV,104416.0,698399.7612588406
6456,HGS-TV,104416.0,698645.2893252373
6457,HGS-TV,104416.0,698705.304779768
6458,HGS-TV,104416.0,699005.5452475548
6459,HGS-TV,104416.0,699065.6444671154
6460,HGS-TV,104416.0,699258.818451643
6461,HGS-TV,104416.0,699367.8072652817
6462,HGS-TV,104416.0,699427.8909440041
6463,HGS-TV,104416.0,699581.724404335
6464,HGS-TV,104416.0,699641.7852787971
6465,HGS-TV,104416.0,699791.0543673038
6466,HGS-TV,104416.0,699937.5895488262
6467,HGS-TV,104416.0,699997.5926706791
6468,HGS-TV,104416.0,700057.6624009609
6469,HGS-TV,104416.0,700117.6886608601
6470,HGS-TV,104416.0,700214.6347715855
6471,HGS-TV,104416.0,700281.281930685
6472,HGS-TV,104416.0,700341.3546068668
6473,HGS-TV,104416.0,700415.6946578026
6474,HGS-TV,104416.0,700475.7642319202
6475,HGS-TV,104416.0,700535.7791881561
6476,HGS-TV,104416.0,700595.8594744205
6477,HGS-TV,104416.0,700665.4217500687
6478,HGS-TV,104416.0,700725.4293141365
6479,HGS-TV,104416.0,700785.4625549316
6480,HGS-TV,104416.0,700886.5652785301
6481,HGS-TV,104416.0,701027.4623935223
6482,HGS-TV,104416.0,701087.503464222
6483,HGS-TV,104416.0,701171.2568969727
6484,HGS-TV,104416.0,701231.2932066917
6485,HGS-TV,104416.0,701291.3705322742
6486,HGS-TV,104416.0,701351.3831131458
6487,HGS-TV,104416.0,701411.3910853863
6488,HGS-TV,104416.0,701471.4781541824
6489,HGS-TV,104416.0,701531.5077607632
6490,HGS-TV,104416.0,701635.9149963856
6491,HGS-TV,104416.0,701696.0139992237
6492,HGS-TV,104416.0,701756.0509393215
6493,HGS-TV,104416.0,701816.1249566078
6494,HGS-TV,104416.0,701876.2244355679
6495,HGS-TV,104416.0,701936.3105516434
6496,HGS-TV,104416.0,701996.3389322758
6497,HGS-TV,104416.0,702056.3447098732
6498,HGS-TV,104416.0,702116.3762483597
6499,HGS-TV,104416.0,702176.3985300064
6500,HGS-TV,104416.0,702236.4491159916
6501,HGS-TV,104416.0,702387.3993005753
6502,HGS-TV,104416.0,702496.1884915829
6503,HGS-TV,104416.0,702556.2256228924
6504,HGS-TV,104416.0,702686.513759613
6505,HGS-TV,104416.0,702845.2501683235
6506,HGS-TV,104416.0,702933.2494621277
6507,HGS-TV,104416.0,702993.328694582
6508,HGS-TV,104416.0,703053.3910012245
6509,HGS-TV,104416.0,703113.4425883293
6510,HGS-TV,104416.0,703173.4487979412
6511,HGS-TV,104416.0,703233.4814567566
6512,HGS-TV,104416.0,703293.5726351738
6513,HGS-TV,104416.0,703353.584277153
6514,HGS-TV,104416.0,703413.6658821106
6515,HGS-TV,104416.0,703473.7010958195
6516,HGS-TV,104416.0,703533.7743971348
6517,HGS-TV,104416.0,703852.241456747
6518,HGS-TV,104416.0,703912.3186278343
6519,HGS-TV,104416.0,704198.4155879021
6520,HGS-TV,104416.0,704258.5071439743
6521,HGS-TV,104416.0,704318.5372357368
6522,HGS-TV,104416.0,704378.5809469223
6523,HGS-TV,104416.0,704438.6056783199
6524,HGS-TV,104416.0,704498.6502537727
6525,HGS-TV,104416.0,704623.1938641071
6526,HGS-TV,104416.0,704915.5496065617
6527,HGS-TV,104416.0,705009.242796421
6528,HGS-TV,104416.0,705069.2612171173
6529,HGS-TV,104416.0,705129.3135080338
6530,HGS-TV,104416.0,705189.3343875408
6531,HGS-TV,104416.0,705301.4036221504
6532,HGS-TV,104416.0,705361.4235768318
6533,HGS-TV,104416.0,705421.5783295631
6534,HGS-TV,104416.0,705481.6159393787
6535,HGS-TV,104416.0,705541.6216437817
6536,HGS-TV,104416.0,705601.6965773106
6537,HGS-TV,104416.0,705683.6075248718
6538,HGS-TV,104416.0,705812.5668125153
6539,HGS-TV,104416.0,705872.6579520702
6540,HGS-TV,104416.0,705973.6875348091
6541,HGS-TV,104416.0,706033.7482550144
6542,HGS-TV,104416.0,706093.8046674728
6543,HGS-TV,104416.0,706392.416195631
6544,HGS-TV,104416.0,706452.466155529
6545,HGS-TV,104416.0,706684.4661271572
6546,HGS-TV,104416.0,706744.5165231228
6547,HGS-TV,104416.0,706804.52206254
6548,HGS-TV,104416.0,706893.0943028927
6549,HGS-TV,104416.0,706953.1702661514
6550,HGS-TV,104416.0,707013.2477269173
6551,HGS-TV,104416.0,707340.9523236752
6552,HGS-TV,104416.0,707443.0867111683
6553,HGS-TV,104416.0,707575.2888522148
6554,HGS-TV,104416.0,707893.9334173203
6555,HGS-TV,104416.0,707953.947861433
6556,HGS-TV,104416.0,708014.0208313465
6557,HGS-TV,104416.0,708124.8388972282
6558,HGS-TV,104416.0,708185.0904996395
6559,HGS-TV,104416.0,708245.2049691677
6560,HGS-TV,104416.0,708305.2926137447
6561,HGS-TV,104416.0,708365.3295145035
6562,HGS-TV,104416.0,708425.4246151447
6563,HGS-TV,104416.0,708485.4552502632
6564,HGS-TV,104416.0,708563.2315583229
6565,HGS-TV,104416.0,708623.2693593502
6566,HGS-TV,104416.0,708683.3324058056
6567,HGS-TV,104416.0,708743.4585263729
6568,HGS-TV,104416.0,708803.4695682526
6569,HGS-TV,104416.0,708863.4857006073
6570,HGS-TV,104416.0,709237.231071949
6571,HGS-TV,104416.0,709297.2557804585
6572,HGS-TV,104416.0,709484.7646093369
6573,HGS-TV,104416.0,709568.7167220116
6574,HGS-TV,104416.0,709637.3581860065
6575,HGS-TV,104416.0,709811.5342469215
6576,HGS-TV,104416.0,709871.5900580883
6577,HGS-TV,104416.0,709931.6507029533
6578,HGS-TV,104416.0,709991.7107107639
6579,HGS-TV,104416.0,710051.7454440594
6580,HGS-TV,104416.0,710114.5704827309
6581,HGS-TV,104416.0,710174.6242682934
6582,HGS-TV,104416.0,710540.6634607315
6583,HGS-TV,104416.0,710600.6849207878
6584,HGS-TV,104416.0,710952.4391498566
6585,HGS-TV,104416.0,711068.9275987148
6586,HGS-TV,104416.0,711286.7667720318
6587,HGS-TV,104416.0,711346.8503346443
6588,HGS-TV,104416.0,711414.911708355
6589,HGS-TV,104416.0,711474.9444351196
6590,HGS-TV,104416.0,711534.9798791409
6591,HGS-TV,104416.0,711595.0112729073
6592,HGS-TV,104416.0,711854.987144947
6593,HGS-TV,104416.0,711915.0544278622
6594,HGS-TV,104416.0,712495.7509102821
6595,HGS-TV,104416.0,712555.792352438
6596,HGS-TV,104416.0,712707.6885478497
6597,HGS-TV,104416.0,712767.7325658798
6598,HGS-TV,104416.0,712827.7353134155
6599,HGS-TV,104416.0,713335.4168171883
6600,HGS-TV,104416.0,713647.1231322289
6601,HGS-TV,104416.0,713707.1694307327
6602,HGS-TV,104416.0,713767.2110142708
6603,HGS-TV,104416.0,713827.2162652016
6604,HGS-TV,104416.0,713975.168305397
6605,HGS-TV,104416.0,714035.3321816921
6606,HGS-TV,104416.0,714095.3744442463
6607,HGS-TV,104416.0,714224.7084863186
6608,HGS-TV,104416.0,714284.7479226589
6609,HGS-TV,104416.0,714344.7954959869
6610,HGS-TV,104416.0,714546.193025589
6611,HGS-TV,104416.0,715014.8542761803
6612,HGS-TV,104416.0,715116.3861486912
6613,HGS-TV,104416.0,715176.4022216797
6614,HGS-TV,104416.0,715236.4649736881
6615,HGS-TV,104416.0,715936.3305327892
6616,HGS-TV,104416.0,715996.3982944489
6617,HGS-TV,104416.0,716056.4269845486
6618,HGS-TV,104416.0,716171.0078642368
6619,HGS-TV,104416.0,716335.5190515518
6620,HGS-TV,104416.0,716395.5257992744
6621,HGS-TV,104416.0,716455.5574584007
6622,HGS-TV,104416.0,716515.5631530285
6623,HGS-TV,104416.0,716643.3629426956
6624,HGS-TV,104416.0,716844.9305286407
6625,HGS-TV,104416.0,716988.5274045467
6626,HGS-TV,104416.0,717094.6981625557
6627,HGS-TV,104416.0,717154.7905299664
6628,HGS-TV,104416.0,717214.843701601
6629,HGS-TV,104416.0,717277.4537389278
6630,HGS-TV,104416.0,717337.4614334106
6631,HGS-TV,104416.0,717397.6198067665
6632,HGS-TV,104416.0,717457.6448597908
6633,HGS-TV,104416.0,717520.0136163235
6634,HGS-TV,104416.0,717580.0821647644
6635,HGS-TV,104416.0,717640.1503081322
6636,HGS-TV,104416.0,717720.826004982
6637,HGS-TV,104416.0,717794.4889318943
6638,HGS-TV,104416.0,718620.0152511597
6639,HGS-TV,104416.0,718775.1344730854
6640,HGS-TV,104416.0,720397.8406808376
6641,HGS-TV,104416.0,720457.9357953072
6642,HGS-TV,104416.0,720517.9699144363
6643,HGS-TV,104416.0,720578.0237140656
6644,HGS-TV,104416.0,720638.0566458702
6645,HGS-TV,104416.0,720704.605140686
6646,HGS-TV,104416.0,720764.6984405518
6647,HGS-TV,104416.0,720824.8002955914
6648,HGS-TV,104416.0,720898.9670953751
6649,HGS-TV,104416.0,720958.9922516346
6650,HGS-TV,104416.0,721018.9935872555
6651,HGS-TV,104416.0,721154.1057360172
6652,HGS-TV,104416.0,721214.215937376
6653,HGS-TV,104416.0,721282.1085276604
6654,HGS-TV,104416.0,721342.1227881908
6655,HGS-TV,104416.0,721402.1361918449
6656,HGS-TV,104416.0,721504.6646444798
6657,HGS-TV,104416.0,721564.7486877441
6658,HGS-TV,104416.0,721674.2082943916
6659,HGS-TV,104416.0,721734.2689785957
6660,HGS-TV,104416.0,721794.277462244
6661,HGS-TV,104416.0,721854.3718364239
6662,HGS-TV,104416.0,721914.4343824387
6663,HGS-TV,104416.0,722078.4138250351
6664,HGS-TV,104416.0,722138.4841666222
6665,HGS-TV,104416.0,722198.5050358772
6666,HGS-TV,104416.0,722258.5403437614
6667,HGS-TV,104416.0,722364.2234623432
6668,HGS-TV,104416.0,722424.2818331718
6669,HGS-TV,104416.0,722573.1082599163
6670,HGS-TV,104416.0,722633.1377213001
6671,HGS-TV,104416.0,722698.5091907978
6672,HGS-TV,104416.0,722837.1087231636
6673,HGS-TV,104416.0,722897.2295806408
6674,HGS-TV,104416.0,723010.9745411873
6675,HGS-TV,104416.0,723323.8352160454
6676,HGS-TV,104416.0,723383.889575243
6677,HGS-TV,104416.0,723443.8910734653
6678,HGS-TV,104416.0,723503.9823460579
6679,HGS-TV,104416.0,723564.1192400455
6680,HGS-TV,104416.0,723639.2151949406
6681,HGS-TV,104416.0,723704.5129077435
6682,HGS-TV,104416.0,723874.2565832138
6683,HGS-TV,104416.0,723934.3256876469
6684,HGS-TV,104416.0,724000.6558823586
6685,HGS-TV,104416.0,724061.1380441189
6686,HGS-TV,104416.0,724316.6220393181
6687,HGS-TV,104416.0,724578.9463171959
6688,HGS-TV,104416.0,724646.2884712219
6689,HGS-TV,104416.0,724706.4107782841
6690,HGS-TV,104416.0,724768.4870686531
6691,HGS-TV,104416.0,724828.5551650524
6692,HGS-TV,104416.0,724888.6853721142
6693,HGS-TV,104416.0,725048.7866306305
6694,HGS-TV,104416.0,725108.8411586285
6695,HGS-TV,104416.0,725168.9651389122
6696,HGS-TV,104416.0,725228.9860782623
6697,HGS-TV,104416.0,725328.1486179829
6698,HGS-TV,104416.0,725388.2389028072
6699,HGS-TV,104416.0,725454.3857183456
6700,HGS-TV,104416.0,725514.4277663231
6701,HGS-TV,104416.0,725574.492913723
6702,HGS-TV,104416.0,725641.306230545
6703,HGS-TV,104416.0,725701.3804824352
6704,HGS-TV,104416.0,725761.4343984127
6705,HGS-TV,104416.0,725823.3302326202
6706,HGS-TV,104416.0,725883.4523069859
6707,HGS-TV,104416.0,725962.4879841805
6708,HGS-TV,104416.0,726022.5423133373
6709,HGS-TV,104416.0,726082.728726387
6710,HGS-TV,104416.0,726168.546350956
6711,HGS-TV,104416.0,726228.5997364521
6712,HGS-TV,104416.0,726288.6316063404
6713,HGS-TV,104416.0,726368.0338139534
6714,HGS-TV,104416.0,726428.045337677
6715,HGS-TV,104416.0,726488.0518677235
6716,HGS-TV,104416.0,726548.0821402073
6717,HGS-TV,104416.0,726608.1769776344
6718,HGS-TV,104416.0,726668.2916686535
6719,HGS-TV,104416.0,726728.3642992973
6720,HGS-TV,104416.0,726788.3652291298
6721,HGS-TV,104416.0,726848.4329473972
6722,HGS-TV,104416.0,726908.5102875233
6723,HGS-TV,104416.0,726968.5684640408
6724,HGS-TV,104416.0,727028.6394560337
6725,HGS-TV,104416.0,727088.6801834106
6726,HGS-TV,104416.0,727148.711779356
6727,HGS-TV,104416.0,727208.7562360764
6728,HGS-TV,104416.0,727269.2111394405
6729,HGS-TV,104416.0,727333.2307965755
6730,HGS-TV,104416.0,727393.2882812023
6731,HGS-TV,104416.0,727453.372576952
6732,HGS-TV,104416.0,727670.0791027546
6733,HGS-TV,104416.0,727730.1005101204
6734,HGS-TV,104416.0,727790.1553757191
6735,HGS-TV,104416.0,727850.1767101288
6736,HGS-TV,104416.0,727910.22372365
6737,HGS-TV,104416.0,727970.3033926487
6738,HGS-TV,104416.0,728063.459022522
6739,HGS-TV,104416.0,728151.8216085434
6740,HGS-TV,104416.0,728211.8445403576
6741,HGS-TV,104416.0,728484.3936297894
6742,HGS-TV,104416.0,728700.9352471828
6743,HGS-TV,104416.0,728773.0741615295
6744,HGS-TV,104416.0,728833.2180011272
6745,HGS-TV,104416.0,729018.9437732697
6746,HGS-TV,104416.0,729079.0303556919
6747,HGS-TV,104416.0,729139.0344443321
6748,HGS-TV,104416.0,729199.0636117458
6749,HGS-TV,104416.0,729259.2369091511
6750,HGS-TV,104416.0,729319.2923395634
6751,HGS-TV,104416.0,729379.3235359192
6752,HGS-TV,104416.0,729439.3706316948
6753,HGS-TV,104416.0,729571.8835866451
6754,HGS-TV,104416.0,729653.281519413
6755,HGS-TV,104416.0,729759.6155042648
6756,HGS-TV,104416.0,729819.6661655903
6757,HGS-TV,104416.0,730015.802785635
6758,HGS-TV,104416.0,730088.2087106705
6759,HGS-TV,104416.0,730237.3373398781
6760,HGS-TV,104416.0,730297.3731131554
6761,HGS-TV,104416.0,730658.140860796
6762,ails2_etaMax1.000_stoppingTime1728000.00,104538.0,731032.1870529786
6763,ails2_etaMax1.000_stoppingTime1728000.00,104537.0,731061.7320529785
6764,HGS-TV,104416.0,731184.4248216152
6765,HGS-TV,104416.0,731897.2616019249
6766,HGS-TV,104416.0,732594.7516846657
6767,HGS-TV,104416.0,732658.9384877682
6768,HGS-TV,104416.0,732719.0506649017
6769,ails2_etaMax1.000_stoppingTime1728000.00,104532.0,732739.4030529786
6770,HGS-TV,104416.0,732779.1414122581
6771,HGS-TV,104416.0,732839.2239706516
6772,HGS-TV,104416.0,733003.5027551651
6773,HGS-TV,104416.0,733063.5883386135
6774,HGS-TV,104416.0,733157.0975453854
6775,HGS-TV,104416.0,733327.3195128441
6776,HGS-TV,104416.0,733535.3323330879
6777,HGS-TV,104416.0,733698.3364107609
6778,ails2_etaMax1.000_stoppingTime1728000.00,104530.0,733700.4930529785
6779,ails2_etaMax1.000_stoppingTime1728000.00,104527.0,733700.5150529785
6780,HGS-TV,104416.0,733821.485953331
6781,HGS-TV,104416.0,733905.8372187614
6782,HGS-TV,104416.0,734011.8352594376
6783,HGS-TV,104416.0,734276.851328373
6784,HGS-TV,104416.0,734379.7241840363
6785,HGS-TV,104416.0,734439.8118579388
6786,HGS-TV,104416.0,734603.7451536655
6787,HGS-TV,104416.0,734984.0385575294
6788,HGS-TV,104416.0,735088.6092369556
6789,HGS-TV,104416.0,735494.7179369926
6790,HGS-TV,104416.0,735554.7947711945
6791,HGS-TV,104416.0,735999.3975708485
6792,HGS-TV,104416.0,737063.1967558861
6793,HGS-TV,104416.0,738675.2971241474
6794,HGS-TV,104416.0,738735.3652741909
6795,HGS-TV,104416.0,738795.449558258
6796,ails2_etaMax1.000_stoppingTime1728000.00,104524.0,738849.0220529785
6797,HGS-TV,104416.0,738855.5511841774
6798,HGS-TV,104416.0,738915.6236567497
6799,HGS-TV,104416.0,738975.6594984531
6800,HGS-TV,104416.0,739035.7052805424
6801,HGS-TV,104416.0,739095.7758619785
6802,HGS-TV,104416.0,739155.935710907
6803,HGS-TV,104416.0,739215.9718136787
6804,HGS-TV,104416.0,739276.0279610157
6805,HGS-TV,104416.0,739336.1312289238
6806,HGS-TV,104416.0,739396.2855300903
6807,HGS-TV,104416.0,739456.3481247425
6808,HGS-TV,104416.0,739516.3863990307
6809,HGS-TV,104416.0,739576.3867111206
6810,HGS-TV,104416.0,739636.5194826126
6811,HGS-TV,104416.0,739719.2435917854
6812,HGS-TV,104416.0,739899.3980374336
6813,HGS-TV,104416.0,739959.4466376305
6814,HGS-TV,104416.0,740019.5249972343
6815,HGS-TV,104416.0,740079.5511927605
6816,HGS-TV,104416.0,740139.7293791771
6817,HGS-TV,104416.0,740199.7431628704
6818,HGS-TV,104416.0,740259.7467944622
6819,HGS-TV,104416.0,740319.7891948223
6820,HGS-TV,104416.0,740379.833029747
6821,HGS-TV,104416.0,740439.9527447224
6822,HGS-TV,104416.0,740500.1001551151
6823,HGS-TV,104416.0,740560.1301701069
6824,HGS-TV,104416.0,740620.2543706894
6825,HGS-TV,104416.0,740680.3401110172
6826,HGS-TV,104416.0,740740.3973562717
6827,HGS-TV,104416.0,740800.4972369671
6828,HGS-TV,104416.0,740860.5281102657
6829,HGS-TV,104416.0,740920.6033334732
6830,HGS-TV,104416.0,740980.6368944645
6831,HGS-TV,104416.0,741081.4366402626
6832,HGS-TV,104416.0,741141.5157306194
6833,HGS-TV,104416.0,741201.5644748211
6834,HGS-TV,104416.0,741261.6238443851
6835,HGS-TV,104416.0,741428.2296080589
6836,HGS-TV,104416.0,741488.3052642345
6837,HGS-TV,104416.0,741548.3962321281
6838,HGS-TV,104416.0,741608.4069747925
6839,HGS-TV,104416.0,741668.5344908237
6840,HGS-TV,104416.0,741728.5415215492
6841,HGS-TV,104416.0,741788.6158528328
6842,HGS-TV,104416.0,741890.763519764
6843,HGS-TV,104416.0,741950.8714163303
6844,HGS-TV,104416.0,742010.8996536732
6845,HGS-TV,104416.0,742070.9171285629
6846,HGS-TV,104416.0,742130.958886385
6847,HGS-TV,104416.0,742190.9983389378
6848,HGS-TV,104416.0,742251.0581011772
6849,HGS-TV,104416.0,742311.0846164227
6850,HGS-TV,104416.0,742405.0760974884
6851,HGS-TV,104416.0,742465.147480011
6852,HGS-TV,104416.0,742526.0080046654
6853,HGS-TV,104416.0,742615.330499649
6854,ails2_etaMax1.000_stoppingTime1728000.00,104518.0,742664.5200529785
6855,HGS-TV,104416.0,742720.1906659603
6856,HGS-TV,104416.0,742780.2190589905
6857,HGS-TV,104416.0,742840.2885332108
6858,HGS-TV,104416.0,742900.3259847164
6859,HGS-TV,104416.0,742960.3890895844
6860,HGS-TV,104416.0,743020.4437551498
6861,ails2_etaMax1.000_stoppingTime1728000.00,104511.0,743061.8430529785
6862,HGS-TV,104416.0,743407.6984653473
6863,HGS-TV,104416.0,743467.7863674164
6864,HGS-TV,104416.0,743527.8256595135
6865,HGS-TV,104416.0,743838.1382987499
6866,HGS-TV,104416.0,743898.2200779915
6867,HGS-TV,104416.0,743958.2464110851
6868,HGS-TV,104416.0,744018.277212143
6869,HGS-TV,104416.0,744078.285630703
6870,HGS-TV,104416.0,744138.2977318764
6871,HGS-TV,104416.0,744198.3765370846
6872,HGS-TV,104416.0,744258.4827127457
6873,HGS-TV,104416.0,744318.5537858009
6874,HGS-TV,104416.0,744379.9238777161
6875,HGS-TV,104416.0,744439.9553971291
6876,HGS-TV,104416.0,744499.9822740555
6877,HGS-TV,104416.0,744560.040387392
6878,HGS-TV,104416.0,744620.0690071583
6879,HGS-TV,104416.0,744680.0803437233
6880,HGS-TV,104416.0,744888.8033306599
6881,HGS-TV,104416.0,744948.9138951302
6882,HGS-TV,104416.0,745009.0343809128
6883,HGS-TV,104416.0,745069.097930193
6884,HGS-TV,104416.0,745129.1698999405
6885,HGS-TV,104416.0,745189.2180624008
6886,HGS-TV,104416.0,745249.23676157
6887,HGS-TV,104416.0,745309.2825880051
6888,HGS-TV,104416.0,745369.392045021
6889,HGS-TV,104416.0,745429.4576601982
6890,HGS-TV,104416.0,745489.5159525871
6891,HGS-TV,104416.0,745549.5433452129
6892,HGS-TV,104416.0,745609.5868375301
6893,HGS-TV,104416.0,745669.7034687996
6894,HGS-TV,104416.0,745729.7442207336
6895,HGS-TV,104416.0,745789.7965238094
6896,HGS-TV,104416.0,745849.8212504387
6897,HGS-TV,104416.0,745909.8775815964
6898,HGS-TV,104416.0,745969.9054243565
6899,HGS-TV,104416.0,746029.9444651604
6900,HGS-TV,104416.0,746090.0227177143
6901,HGS-TV,104416.0,746150.0369317532
6902,HGS-TV,104416.0,746331.2878127098
6903,HGS-TV,104416.0,746810.4170749187
6904,HGS-TV,104416.0,747980.8346607685
6905,HGS-TV,104416.0,749193.4994091988
6906,HGS-TV,104416.0,749253.5349707603
6907,HGS-TV,104416.0,749323.8591518402
6908,HGS-TV,104416.0,749409.7634670734
6909,HGS-TV,104416.0,749469.823684454
6910,HGS-TV,104416.0,749529.8365316391
6911,HGS-TV,104416.0,749589.866158247
6912,HGS-TV,104416.0,749649.9183468819
6913,HGS-TV,104416.0,749747.9288208485
6914,HGS-TV,104416.0,750040.4048452377
6915,HGS-TV,104416.0,750155.3687987328
6916,HGS-TV,104416.0,750215.3824219704
6917,HGS-TV,104416.0,750338.3709716797
6918,HGS-TV,104416.0,751195.8504581451
6919,HGS-TV,104416.0,751550.7356512547
6920,HGS-TV,104416.0,751610.7438764572
6921,HGS-TV,104416.0,751787.368354559
6922,HGS-TV,104416.0,751901.5821294785
6923,HGS-TV,104416.0,751961.6361808777
6924,HGS-TV,104416.0,752021.6451151371
6925,HGS-TV,104416.0,752096.3760464191
6926,HGS-TV,104416.0,752156.3824934959
6927,HGS-TV,104416.0,752265.378013134
6928,HGS-TV,104416.0,752325.439864397
6929,HGS-TV,104416.0,752385.4471521378
6930,HGS-TV,104416.0,753508.2293610573
6931,HGS-TV,104416.0,753600.2558329105
6932,HGS-TV,104416.0,753971.7282822132
6933,HGS-TV,104416.0,754879.5808498859
6934,HGS-TV,104416.0,756082.5124459267
6935,HGS-TV,104416.0,756142.5459680557
6936,HGS-TV,104416.0,757549.5809605122
6937,HGS-TV,104416.0,757609.6178269386
6938,HGS-TV,104416.0,757669.6740965843
6939,HGS-TV,104416.0,757729.7034304142
6940,HGS-TV,104416.0,757789.7897062302
6941,HGS-TV,104416.0,757849.8934266567
6942,HGS-TV,104416.0,757925.9148225784
6943,HGS-TV,104416.0,757986.0031545162
6944,HGS-TV,104416.0,758054.4052438736
6945,HGS-TV,104416.0,758114.4400734901
6946,HGS-TV,104416.0,758174.5381076336
6947,HGS-TV,104416.0,758234.6142272949
6948,HGS-TV,104416.0,758294.6885011196
6949,HGS-TV,104416.0,758354.8013174534
6950,HGS-TV,104416.0,758425.7336301804
6951,HGS-TV,104416.0,758485.805052042
6952,HGS-TV,104416.0,758545.8575735092
6953,HGS-TV,104416.0,758605.8595569134
6954,HGS-TV,104416.0,758670.431419611
6955,HGS-TV,104416.0,758730.5081710815
6956,HGS-TV,104416.0,758790.5316429138
6957,HGS-TV,104416.0,758932.7511918545
6958,HGS-TV,104416.0,758992.7840709686
6959,HGS-TV,104416.0,759052.8132572174
6960,HGS-TV,104416.0,759112.9444608688
6961,HGS-TV,104416.0,759174.0651357174
6962,HGS-TV,104416.0,759251.6357061863
6963,HGS-TV,104416.0,759311.7416000366
6964,HGS-TV,104416.0,759371.8092572689
6965,HGS-TV,104416.0,759473.8895282745
6966,HGS-TV,104416.0,759533.956028223
6967,HGS-TV,104416.0,759631.9136242867
6968,HGS-TV,104416.0,759691.9371979237
6969,HGS-TV,104416.0,759793.3924460411
6970,HGS-TV,104416.0,759853.4762818813
6971,HGS-TV,104416.0,759913.5234994888
6972,HGS-TV,104416.0,760117.2164742947
6973,HGS-TV,104416.0,760177.3186662197
6974,HGS-TV,104416.0,760237.3390266895
6975,HGS-TV,104416.0,760297.3689305782
6976,HGS-TV,104416.0,760494.5784592628
6977,HGS-TV,104416.0,760554.6076254845
6978,HGS-TV,104416.0,760614.7128448486
6979,HGS-TV,104416.0,760674.727278471
6980,HGS-TV,104416.0,760734.7894186974
6981,HGS-TV,104416.0,760794.8669469357
6982,HGS-TV,104416.0,760854.917219162
6983,HGS-TV,104416.0,761078.9904768467
6984,HGS-TV,104416.0,761139.019913435
6985,HGS-TV,104416.0,761199.046570301
6986,HGS-TV,104416.0,761259.0747044086
6987,HGS-TV,104416.0,761319.1355659962
6988,HGS-TV,104416.0,761379.1551885605
6989,HGS-TV,104416.0,761480.7395021915
6990,HGS-TV,104416.0,761540.8159191608
6991,HGS-TV,104416.0,761614.38473773
6992,HGS-TV,104416.0,761691.6172332764
6993,HGS-TV,104416.0,761751.6667611599
6994,HGS-TV,104416.0,761811.7086470127
6995,HGS-TV,104416.0,761871.7819445133
6996,HGS-TV,104416.0,761931.7985296249
6997,HGS-TV,104416.0,761991.8161056042
6998,HGS-TV,104416.0,762051.9370269775
6999,HGS-TV,104416.0,762111.9940018654
7000,HGS-TV,104416.0,762172.0123271942
7001,HGS-TV,104416.0,762232.0242192745
7002,HGS-TV,104416.0,762314.8270103931
7003,HGS-TV,104416.0,762374.8495566845
7004,HGS-TV,104416.0,762434.9099471569
7005,HGS-TV,104416.0,762494.9423155785
7006,HGS-TV,104416.0,762561.0502390862
7007,HGS-TV,104416.0,762621.0800058842
7008,HGS-TV,104416.0,762681.110858202
7009,HGS-TV,104416.0,762759.003759861
7010,HGS-TV,104416.0,762819.0189256668
7011,HGS-TV,104416.0,762900.3718130589
7012,HGS-TV,104416.0,762996.0376560688
7013,HGS-TV,104416.0,763147.6129341125
7014,HGS-TV,104416.0,763207.6991686821
7015,HGS-TV,104416.0,763267.7199716568
7016,HGS-TV,104416.0,763327.7771496773
7017,HGS-TV,104416.0,763397.8379838467
7018,HGS-TV,104416.0,763457.8912465572
7019,HGS-TV,104416.0,763517.9536132812
7020,HGS-TV,104416.0,763578.0488936901
7021,HGS-TV,104416.0,763693.8596847057
7022,HGS-TV,104416.0,763801.9929745197
7023,HGS-TV,104416.0,763862.0441131592
7024,HGS-TV,104416.0,764077.8379020691
7025,HGS-TV,104416.0,764141.9557487965
7026,HGS-TV,104416.0,764201.9724214077
7027,HGS-TV,104416.0,764454.3450057507
7028,HGS-TV,104416.0,764514.3914446831
7029,HGS-TV,104416.0,764689.7653222084
7030,HGS-TV,104416.0,764771.2805571556
7031,HGS-TV,104416.0,764986.6979496479
7032,HGS-TV,104416.0,765046.7262196541
7033,HGS-TV,104416.0,765320.2355701923
7034,HGS-TV,104416.0,766759.6199784279
7035,HGS-TV,104416.0,766819.634128809
7036,HGS-TV,104416.0,766879.6572065353
7037,HGS-TV,104416.0,766939.6879951954
7038,HGS-TV,104416.0,766999.7287564278
7039,HGS-TV,104416.0,767059.8892552853
7040,HGS-TV,104416.0,767119.9062700272
7041,HGS-TV,104416.0,767185.9679393768
7042,HGS-TV,104416.0,767245.9881870747
7043,HGS-TV,104416.0,767306.0301978588
7044,HGS-TV,104416.0,767366.0557439327
7045,HGS-TV,104416.0,767426.1002509594
7046,HGS-TV,104416.0,767531.2726900578
7047,HGS-TV,104416.0,767591.3642923832
7048,HGS-TV,104416.0,767651.418895483
7049,HGS-TV,104416.0,767711.4713099003
7050,HGS-TV,104416.0,767771.5458960533
7051,HGS-TV,104416.0,767902.3135972023
7052,HGS-TV,104416.0,767962.408408165
7053,HGS-TV,104416.0,768035.1970896721
7054,HGS-TV,104416.0,768162.2247135639
7055,HGS-TV,104416.0,768222.2697386742
7056,HGS-TV,104416.0,768282.3701806068
7057,HGS-TV,104416.0,768349.9916813374
7058,HGS-TV,104416.0,768410.0053191185
7059,HGS-TV,104416.0,768470.0668940544
7060,HGS-TV,104416.0,768530.0868723392
7061,HGS-TV,104416.0,768590.1766102314
7062,HGS-TV,104416.0,768650.2538819313
7063,HGS-TV,104416.0,768713.1611030102
7064,HGS-TV,104416.0,768773.1668872833
7065,HGS-TV,104416.0,768866.7404572964
7066,HGS-TV,104416.0,768926.767030716
7067,HGS-TV,104416.0,769036.2084522247
7068,HGS-TV,104416.0,769096.3027820587
7069,HGS-TV,104416.0,769156.3344125748
7070,HGS-TV,104416.0,769216.4080188274
7071,HGS-TV,104416.0,769276.5004134178
7072,HGS-TV,104416.0,769336.6009948254
7073,HGS-TV,104416.0,769396.6010968685
7074,HGS-TV,104416.0,769456.7319488525
7075,HGS-TV,104416.0,769516.8500232697
7076,HGS-TV,104416.0,769583.9130823612
7077,HGS-TV,104416.0,769643.9498081207
7078,HGS-TV,104416.0,769704.0460026264
7079,HGS-TV,104416.0,769764.1040616035
7080,HGS-TV,104416.0,769824.2448320389
7081,HGS-TV,104416.0,769884.3516933918
7082,HGS-TV,104416.0,769992.6913034916
7083,HGS-TV,104416.0,770052.6978962421
7084,HGS-TV,104416.0,770112.8004484177
7085,HGS-TV,104416.0,770172.8400337696
7086,HGS-TV,104416.0,770276.8100337982
7087,HGS-TV,104416.0,770336.9227838516
7088,HGS-TV,104416.0,770396.9901745319
7089,HGS-TV,104416.0,770456.9917550087
7090,HGS-TV,104416.0,770540.722004652
7091,HGS-TV,104416.0,770600.7325148582
7092,HGS-TV,104416.0,770660.7494258881
7093,HGS-TV,104416.0,770720.8386151791
7094,HGS-TV,104416.0,770780.8626680374
7095,HGS-TV,104416.0,770840.8709795475
7096,HGS-TV,104416.0,770900.9148521423
7097,HGS-TV,104416.0,770960.9839782715
7098,HGS-TV,104416.0,771021.0695083141
7099,HGS-TV,104416.0,771081.1138322353
7100,HGS-TV,104416.0,771141.1605842113
7101,HGS-TV,104416.0,771201.2132675648
7102,HGS-TV,104416.0,771261.2416615486
7103,HGS-TV,104416.0,771321.3073070049
7104,HGS-TV,104416.0,771381.3696117401
7105,HGS-TV,104416.0,771441.4326441288
7106,HGS-TV,104416.0,771501.5427176952
7107,HGS-TV,104416.0,771582.7246243954
7108,HGS-TV,104416.0,771642.8206164837
7109,HGS-TV,104416.0,771702.8317465782
7110,HGS-TV,104416.0,771762.8951339722
7111,HGS-TV,104416.0,771822.8956606388
7112,HGS-TV,104416.0,771882.9032356739
7113,HGS-TV,104416.0,771942.9407804012
7114,HGS-TV,104416.0,772003.6528627872
7115,HGS-TV,104416.0,772063.7355351448
7116,HGS-TV,104416.0,772123.7356526852
7117,HGS-TV,104416.0,772183.7438473701
7118,HGS-TV,104416.0,772243.8254044056
7119,HGS-TV,104416.0,772306.6012179852
7120,HGS-TV,104416.0,772366.6479661465
7121,HGS-TV,104416.0,772426.6586508751
7122,HGS-TV,104416.0,772486.7258358002
7123,HGS-TV,104416.0,772546.8271081448
7124,HGS-TV,104416.0,772606.8782081604
7125,HGS-TV,104416.0,772683.1248290539
7126,HGS-TV,104416.0,772743.2266902924
7127,ails2_etaMax1.000_stoppingTime1728000.00,104510.0,772751.1130529785
7128,ails2_etaMax1.000_stoppingTime1728000.00,104506.0,772751.2460529786
7129,HGS-TV,104416.0,772824.4891898632
7130,HGS-TV,104416.0,772884.5457725525
7131,HGS-TV,104416.0,772944.5677306652
7132,HGS-TV,104416.0,773029.3688299656
7133,HGS-TV,104416.0,773411.9170708656
7134,HGS-TV,104416.0,773472.0649514198
7135,HGS-TV,104416.0,773532.06818223
7136,HGS-TV,104416.0,773595.4204657078
7137,HGS-TV,104416.0,773655.4928798676
7138,HGS-TV,104416.0,773715.5660712719
7139,HGS-TV,104416.0,773775.6024103165
7140,HGS-TV,104416.0,773835.6067361832
7141,HGS-TV,104416.0,773895.6101589203
7142,HGS-TV,104416.0,773955.6362226009
7143,HGS-TV,104416.0,774015.6527493
7144,HGS-TV,104416.0,774750.1217954159
7145,HGS-TV,104416.0,774880.3704919815
7146,HGS-TV,104416.0,774940.4255545139
7147,HGS-TV,104416.0,775000.4541931152
7148,ails2_etaMax1.000_stoppingTime1728000.00,104504.0,775066.5670529786
7149,ails2_etaMax1.000_stoppingTime1728000.00,104500.0,775163.3040529785
7150,ails2_etaMax1.000_stoppingTime1728000.00,104493.0,775163.5420529785
7151,HGS-TV,104416.0,775250.6450796127
7152,HGS-TV,104416.0,775310.7687699795
7153,HGS-TV,104416.0,775699.395525217
7154,HGS-TV,104416.0,775759.4340384007
7155,HGS-TV,104416.0,776054.468629837
7156,HGS-TV,104416.0,776114.5196459293
7157,HGS-TV,104416.0,776509.8020131588
7158,HGS-TV,104416.0,776789.4105567932
7159,HGS-TV,104416.0,776849.4250648022
7160,HGS-TV,104416.0,776909.4659471512
7161,HGS-TV,104416.0,777198.9080865383
7162,HGS-TV,104416.0,777845.8235578537
7163,HGS-TV,104416.0,777905.8460621834
7164,HGS-TV,104416.0,777965.9144523144
7165,HGS-TV,104416.0,778025.9501888752
7166,HGS-TV,104416.0,779044.6354751587
7167,HGS-TV,104416.0,779763.4288172722
7168,HGS-TV,104416.0,779823.4676651955
7169,HGS-TV,104416.0,779959.325676918
7170,HGS-TV,104416.0,780019.3537638187
7171,HGS-TV,104416.0,780238.6251592636
7172,HGS-TV,104416.0,780641.8142147064
7173,HGS-TV,104416.0,781442.9455945492
7174,HGS-TV,104416.0,782976.4670476913
7175,HGS-TV,104416.0,783036.5124258995
7176,HGS-TV,104416.0,783096.5491063595
7177,HGS-TV,104416.0,783156.6109294891
7178,HGS-TV,104416.0,783216.6680855751
7179,HGS-TV,104416.0,783276.7078726292
7180,HGS-TV,104416.0,783336.8161094189
7181,HGS-TV,104416.0,783396.8322296143
7182,HGS-TV,104416.0,783456.8993406296
7183,HGS-TV,104416.0,783516.9605545998
7184,HGS-TV,104416.0,783577.0913760662
7185,HGS-TV,104416.0,783637.229238987
7186,HGS-TV,104416.0,783697.4186401367
7187,HGS-TV,104416.0,783757.4925580025
7188,HGS-TV,104416.0,783861.8190259933
7189,HGS-TV,104416.0,783982.9616808891
7190,HGS-TV,104416.0,784042.9862911701
7191,HGS-TV,104416.0,784103.0318672657
7192,HGS-TV,104416.0,784183.4756948948
7193,HGS-TV,104416.0,784261.331577301
7194,HGS-TV,104416.0,784327.3921749592
7195,HGS-TV,104416.0,784387.5418057442
7196,HGS-TV,104416.0,784447.5561754704
7197,HGS-TV,104416.0,784507.5695562363
7198,HGS-TV,104416.0,784567.6567957401
7199,HGS-TV,104416.0,784674.4848701954
7200,HGS-TV,104416.0,784734.547753334
7201,HGS-TV,104416.0,784922.1759603024
7202,HGS-TV,104416.0,784982.2206184864
7203,HGS-TV,104416.0,785162.5142805576
7204,HGS-TV,104416.0,785280.1834871769
7205,HGS-TV,104416.0,785340.1914079189
7206,HGS-TV,104416.0,785400.2466835976
7207,HGS-TV,104416.0,785477.1911711693
7208,HGS-TV,104416.0,785537.227009058
7209,HGS-TV,104416.0,785597.3838663101
7210,HGS-TV,104416.0,785666.3612535
7211,HGS-TV,104416.0,785726.4390866756
7212,HGS-TV,104416.0,785786.4899337292
7213,HGS-TV,104416.0,785846.5552368164
7214,HGS-TV,104416.0,785906.5794029236
7215,HGS-TV,104416.0,785966.6199579239
7216,HGS-TV,104416.0,786026.6370949745
7217,HGS-TV,104416.0,786086.7119626999
7218,HGS-TV,104416.0,786146.7396447659
7219,HGS-TV,104416.0,786206.7897379398
7220,HGS-TV,104416.0,786266.8510458469
7221,HGS-TV,104416.0,786326.8662092686
7222,HGS-TV,104416.0,786386.889342308
7223,HGS-TV,104416.0,786446.8933312893
7224,HGS-TV,104416.0,786506.9689564705
7225,HGS-TV,104416.0,786566.9948248863
7226,HGS-TV,104416.0,786627.0798766613
7227,HGS-TV,104416.0,786687.0894095898
7228,HGS-TV,104416.0,786747.1104030609
7229,HGS-TV,104416.0,786811.0815360546
7230,HGS-TV,104416.0,786871.125276804
7231,HGS-TV,104416.0,786931.1663322449
7232,HGS-TV,104416.0,786991.1881937981
7233,HGS-TV,104416.0,787051.1988666058
7234,HGS-TV,104416.0,787111.2175359726
7235,HGS-TV,104416.0,787171.2403693199
7236,HGS-TV,104416.0,787231.2733490467
7237,HGS-TV,104416.0,787291.3189275265
7238,HGS-TV,104416.0,787351.3936500549
7239,HGS-TV,104416.0,787411.4109618664
7240,HGS-TV,104416.0,787471.4551012516
7241,HGS-TV,104416.0,787531.5000505447
7242,HGS-TV,104416.0,787591.5333902836
7243,HGS-TV,104416.0,787651.579325676
7244,HGS-TV,104416.0,787711.6752436161
7245,HGS-TV,104416.0,787771.7400527
7246,HGS-TV,104416.0,787860.0071978569
7247,HGS-TV,104416.0,787920.036039114
7248,HGS-TV,104416.0,787980.1131441593
7249,HGS-TV,104416.0,788040.1316914558
7250,HGS-TV,104416.0,788100.1722095013
7251,HGS-TV,104416.0,788357.3537845612
7252,HGS-TV,104416.0,788449.6868867874
7253,HGS-TV,104416.0,788598.7802836895
7254,HGS-TV,104416.0,788672.0606145859
7255,HGS-TV,104416.0,788732.1100041866
7256,HGS-TV,104416.0,788792.1280376911
7257,HGS-TV,104416.0,788864.735658884
7258,HGS-TV,104416.0,788924.737019062
7259,HGS-TV,104416.0,788984.7737014294
7260,HGS-TV,104416.0,789135.1477377415
7261,HGS-TV,104416.0,789235.7200193405
7262,HGS-TV,104416.0,789506.7818953991
7263,HGS-TV,104416.0,789783.3732044697
7264,HGS-TV,104416.0,789872.7977395058
7265,HGS-TV,104416.0,789932.8783128262
7266,HGS-TV,104416.0,789992.9826681614
7267,HGS-TV,104416.0,790053.057766676
7268,HGS-TV,104416.0,790118.1503801346
7269,HGS-TV,104416.0,790178.1862797737
7270,HGS-TV,104416.0,790511.512165308
7271,HGS-TV,104416.0,790571.5276944637
7272,HGS-TV,104416.0,790631.5444283485
7273,HGS-TV,104416.0,790701.038819313
7274,HGS-TV,104416.0,790761.0869390965
7275,HGS-TV,104416.0,790821.1463718414
7276,HGS-TV,104416.0,790944.2799081802
7277,HGS-TV,104416.0,791067.9785294533
7278,HGS-TV,104416.0,791213.1170427799
7279,HGS-TV,104416.0,791314.6513018608
7280,HGS-TV,104416.0,791711.4704563618
7281,HGS-TV,104416.0,792031.6851828098
7282,HGS-TV,104416.0,792346.1434607506
7283,HGS-TV,104416.0,792406.1762096882
7284,HGS-TV,104416.0,792471.4683618546
7285,HGS-TV,104416.0,792591.123082161
7286,HGS-TV,104416.0,792651.1700351238
7287,HGS-TV,104416.0,793007.1085138321
7288,HGS-TV,104416.0,793067.1090669632
7289,HGS-TV,104416.0,793568.449296236
7290,HGS-TV,104416.0,793660.1945991516
7291,HGS-TV,104416.0,793730.6714818478
7292,HGS-TV,104416.0,793790.7513854504
7293,HGS-TV,104416.0,793855.0566129684
7294,HGS-TV,104416.0,794096.8462998867
7295,HGS-TV,104416.0,794156.8489940166
7296,HGS-TV,104416.0,795411.6507041454
7297,HGS-TV,104416.0,795482.0794758797
7298,HGS-TV,104416.0,796102.7894759178
7299,HGS-TV,104416.0,796288.3447151184
7300,HGS-TV,104416.0,797354.0498540401
7301,HGS-TV,104416.0,798483.2597601414
7302,HGS-TV,104416.0,799424.6340889931
7303,HGS-TV,104416.0,799517.0725183487
7304,HGS-TV,104416.0,799912.4568037987
7305,HGS-TV,104416.0,799998.840921402
7306,HGS-TV,104416.0,800092.2356255054
7307,HGS-TV,104416.0,800152.3617455959
7308,HGS-TV,104416.0,800625.0903432369
7309,HGS-TV,104416.0,801602.1783912182
7310,HGS-TV,104416.0,801677.2205488682
7311,HGS-TV,104416.0,801873.5675265789
7312,HGS-TV,104416.0,803278.2898905277
7313,HGS-TV,104416.0,803338.4797024727
7314,HGS-TV,104416.0,803398.502184391
7315,HGS-TV,104416.0,803458.5119605064
7316,HGS-TV,104416.0,803518.578086853
7317,HGS-TV,104416.0,803578.5899481773
7318,HGS-TV,104416.0,803638.5960204601
7319,HGS-TV,104416.0,803698.6533429623
7320,HGS-TV,104416.0,803758.710960865
7321,HGS-TV,104416.0,803818.8167173862
7322,HGS-TV,104416.0,803878.8592066765
7323,HGS-TV,104416.0,803938.9781992435
7324,HGS-TV,104416.0,803999.1713523865
7325,HGS-TV,104416.0,804059.2397396564
7326,HGS-TV,104416.0,804119.2992651463
7327,HGS-TV,104416.0,804179.349493742
7328,HGS-TV,104416.0,804239.373203516
7329,HGS-TV,104416.0,804299.4916238785
7330,HGS-TV,104416.0,804359.5623688698
7331,HGS-TV,104416.0,804419.6012597084
7332,HGS-TV,104416.0,804479.7183885574
7333,HGS-TV,104416.0,804616.2139596939
7334,HGS-TV,104416.0,804676.3248238564
7335,HGS-TV,104416.0,804736.3462479115
7336,HGS-TV,104416.0,804796.4413359165
7337,HGS-TV,104416.0,804933.7457265854
7338,HGS-TV,104416.0,804993.8328998089
7339,HGS-TV,104416.0,805170.7148575783
7340,HGS-TV,104416.0,805273.556312561
7341,HGS-TV,104416.0,805350.6310043335
7342,HGS-TV,104416.0,805410.6804697514
7343,HGS-TV,104416.0,805470.7971153259
7344,HGS-TV,104416.0,805584.8532764912
7345,HGS-TV,104416.0,805648.6374614239
7346,HGS-TV,104416.0,805708.7244381905
7347,HGS-TV,104416.0,805768.7833218575
7348,HGS-TV,104416.0,805828.8162167072
7349,HGS-TV,104416.0,805888.8423814774
7350,HGS-TV,104416.0,806082.6937515736
7351,HGS-TV,104416.0,806196.1293780804
7352,HGS-TV,104416.0,806370.3237707615
7353,HGS-TV,104416.0,806430.3675479889
7354,HGS-TV,104416.0,806547.9768292904
7355,HGS-TV,104416.0,806608.0544915199
7356,HGS-TV,104416.0,806688.8216655254
7357,HGS-TV,104416.0,806748.9152677059
7358,HGS-TV,104416.0,806808.9624388218
7359,HGS-TV,104416.0,806869.0179378986
7360,HGS-TV,104416.0,806929.0197257996
7361,HGS-TV,104416.0,806989.1144723892
7362,HGS-TV,104416.0,807049.1245076656
7363,HGS-TV,104416.0,807109.16695714
7364,HGS-TV,104416.0,807169.170195818
7365,HGS-TV,104416.0,807229.2414369583
7366,HGS-TV,104416.0,807289.3073818684
7367,HGS-TV,104416.0,807349.4057173729
7368,HGS-TV,104416.0,807409.4228343964
7369,HGS-TV,104416.0,807469.4686923027
7370,HGS-TV,104416.0,807529.472817421
7371,HGS-TV,104416.0,807589.5128035545
7372,HGS-TV,104416.0,807649.5791797638
7373,HGS-TV,104416.0,807709.6382064819
7374,HGS-TV,104416.0,807769.6684567928
7375,HGS-TV,104416.0,807829.7543237209
7376,HGS-TV,104416.0,807889.8317687511
7377,HGS-TV,104416.0,807949.9152302742
7378,HGS-TV,104416.0,808009.9643752575
7379,HGS-TV,104416.0,808070.1045055389
7380,HGS-TV,104416.0,808130.1510882378
7381,HGS-TV,104416.0,808190.1544132233
7382,HGS-TV,104416.0,808250.2208969593
7383,HGS-TV,104416.0,808310.2576646805
7384,HGS-TV,104416.0,808433.9584786892
7385,HGS-TV,104416.0,808598.6321730614
7386,HGS-TV,104416.0,808662.2312839031
7387,HGS-TV,104416.0,808776.8406059742
7388,HGS-TV,104416.0,808853.4732098579
7389,HGS-TV,104416.0,808913.5062851906
7390,HGS-TV,104416.0,808985.7022018433
7391,HGS-TV,104416.0,809313.5311071873
7392,HGS-TV,104416.0,809405.9744050503
7393,HGS-TV,104416.0,809483.9010066986
7394,HGS-TV,104416.0,809543.9214680195
7395,HGS-TV,104416.0,809603.9700467587
7396,HGS-TV,104416.0,809663.9827063084
7397,HGS-TV,104416.0,809833.2276632786
7398,HGS-TV,104416.0,809893.240442276
7399,HGS-TV,104416.0,810062.6494677067
7400,HGS-TV,104416.0,810122.6829099655
7401,HGS-TV,104416.0,810245.1790664196
7402,HGS-TV,104416.0,810305.2093186378
7403,HGS-TV,104416.0,810471.7267026901
7404,HGS-TV,104416.0,810531.7461037636
7405,HGS-TV,104416.0,810591.7827730179
7406,HGS-TV,104416.0,810790.5844788551
7407,HGS-TV,104416.0,810850.5974898338
7408,HGS-TV,104416.0,810910.6000990868
7409,HGS-TV,104416.0,811105.6917054653
7410,HGS-TV,104416.0,811165.6988117695
7411,HGS-TV,104416.0,811225.7076189518
7412,HGS-TV,104416.0,811285.7259399891
7413,HGS-TV,104416.0,811723.4395623207
7414,HGS-TV,104416.0,811972.3744633198
7415,HGS-TV,104416.0,812032.4358282089
7416,HGS-TV,104416.0,812331.003733635
7417,HGS-TV,104416.0,812391.0224642754
7418,HGS-TV,104416.0,813585.8647253513
7419,HGS-TV,104416.0,813910.3623960018
7420,HGS-TV,104416.0,814700.4730484486
7421,HGS-TV,104416.0,814819.9690229893
7422,HGS-TV,104416.0,814880.01516366
7423,HGS-TV,104416.0,814940.0970952511
7424,HGS-TV,104416.0,815148.1151640415
7425,HGS-TV,104416.0,815208.1877481937
7426,HGS-TV,104416.0,815769.0211615562
7427,HGS-TV,104416.0,815840.223156929
7428,HGS-TV,104416.0,816395.0392935276
7429,HGS-TV,104416.0,817891.1404387951
7430,HGS-TV,104416.0,817951.1622366905
7431,HGS-TV,104416.0,818011.208999157
7432,HGS-TV,104416.0,818071.3378744125
7433,HGS-TV,104416.0,818131.3409230709
7434,HGS-TV,104416.0,818191.3986546993
7435,HGS-TV,104416.0,818290.338518858
7436,HGS-TV,104416.0,818350.5049817562
7437,HGS-TV,104416.0,818420.4031877518
7438,HGS-TV,104416.0,818480.5331232548
7439,HGS-TV,104416.0,818565.9317395687
7440,HGS-TV,104416.0,818625.9779632092
7441,HGS-TV,104416.0,818686.0382652283
7442,HGS-TV,104416.0,818746.099722147
7443,HGS-TV,104416.0,818875.6268303394
7444,HGS-TV,104416.0,818940.7687027454
7445,HGS-TV,104416.0,819000.8710267544
7446,HGS-TV,104416.0,819183.4050478935
7447,HGS-TV,104416.0,819332.1549768448
7448,HGS-TV,104416.0,819392.2125678062
7449,HGS-TV,104416.0,819509.511673212
7450,HGS-TV,104416.0,819569.5625481606
7451,HGS-TV,104416.0,819705.5010514259
7452,HGS-TV,104416.0,819820.8071520329
7453,HGS-TV,104416.0,819880.832023859
7454,HGS-TV,104416.0,819940.8841047287
7455,HGS-TV,104416.0,820000.9630286694
7456,HGS-TV,104416.0,820080.8193049431
7457,HGS-TV,104416.0,820152.0293035507
7458,HGS-TV,104416.0,820234.8210275173
7459,HGS-TV,104416.0,820294.9423902035
7460,HGS-TV,104416.0,820362.17872262
7461,HGS-TV,104416.0,820422.2860610485
7462,HGS-TV,104416.0,820482.287135601
7463,HGS-TV,104416.0,820542.2942695618
7464,HGS-TV,104416.0,820602.3771629333
7465,HGS-TV,104416.0,820725.8102238178
7466,HGS-TV,104416.0,820851.1843099594
7467,HGS-TV,104416.0,820911.2963674068
7468,HGS-TV,104416.0,820971.3925890923
7469,ails2_etaMax1.000_stoppingTime1728000.00,104492.0,821030.1410529785
7470,HGS-TV,104416.0,821031.484023571
7471,HGS-TV,104416.0,821139.7152357101
7472,HGS-TV,104416.0,821255.4100747108
7473,HGS-TV,104416.0,821315.4343369007
7474,HGS-TV,104416.0,821375.519216299
7475,HGS-TV,104416.0,821435.5313127041
7476,HGS-TV,104416.0,821495.5843698978
7477,HGS-TV,104416.0,821585.2876358032
7478,HGS-TV,104416.0,821645.2948036194
7479,HGS-TV,104416.0,821705.4422342777
7480,HGS-TV,104416.0,821765.5296587944
7481,HGS-TV,104416.0,821825.552531004
7482,HGS-TV,104416.0,821899.1043491364
7483,HGS-TV,104416.0,821959.1265642643
7484,HGS-TV,104416.0,822019.1767663956
7485,HGS-TV,104416.0,822079.2058956623
7486,HGS-TV,104416.0,822139.2674181461
7487,HGS-TV,104416.0,822202.5660207272
7488,HGS-TV,104416.0,822409.9682865143
7489,HGS-TV,104416.0,822477.670263052
7490,HGS-TV,104416.0,822537.6739864349
7491,HGS-TV,104416.0,822597.7166385651
7492,HGS-TV,104416.0,822657.7834904194
7493,HGS-TV,104416.0,822728.8947446346
7494,HGS-TV,104416.0,822864.3591079712
7495,HGS-TV,104416.0,822924.4643001556
7496,HGS-TV,104416.0,822984.562949419
7497,HGS-TV,104416.0,823044.5984144211
7498,HGS-TV,104416.0,823104.6918492317
7499,HGS-TV,104416.0,823164.7101788521
7500,HGS-TV,104416.0,823224.8240385056
7501,HGS-TV,104416.0,823284.9270427227
7502,HGS-TV,104416.0,823345.0492379665
7503,HGS-TV,104416.0,823405.0701434612
7504,HGS-TV,104416.0,823465.132414341
7505,HGS-TV,104416.0,823525.1646597385
7506,HGS-TV,104416.0,823593.0902113914
7507,HGS-TV,104416.0,823653.0918185711
7508,HGS-TV,104416.0,823713.1642816067
7509,HGS-TV,104416.0,823773.1864333153
7510,HGS-TV,104416.0,823833.2342557907
7511,HGS-TV,104416.0,823893.2648222446
7512,HGS-TV,104416.0,823953.3071453571
7513,HGS-TV,104416.0,824013.3621804714
7514,HGS-TV,104416.0,824073.4105973244
7515,HGS-TV,104416.0,824143.2718091011
7516,HGS-TV,104416.0,824203.2958805561
7517,HGS-TV,104416.0,824264.6028492451
7518,HGS-TV,104416.0,824324.6257493496
7519,HGS-TV,104416.0,824441.4572308064
7520,HGS-TV,104416.0,824516.440706253
7521,HGS-TV,104416.0,824576.4864821434
7522,HGS-TV,104416.0,824636.4878504276
7523,HGS-TV,104416.0,824874.8982944489
7524,HGS-TV,104416.0,824934.9122567177
7525,HGS-TV,104416.0,825120.1500706673
7526,HGS-TV,104416.0,825180.1526379585
7527,HGS-TV,104416.0,825240.2125997543
7528,HGS-TV,104416.0,825300.2943997383
7529,HGS-TV,104416.0,825360.3662171364
7530,HGS-TV,104416.0,825420.4133775234
7531,HGS-TV,104416.0,825480.4597086906
7532,HGS-TV,104416.0,825540.5109863281
7533,HGS-TV,104416.0,825666.0282998085
7534,HGS-TV,104416.0,825726.1412608624
7535,HGS-TV,104416.0,825950.8928294182
7536,ails2_etaMax1.000_stoppingTime1728000.00,104487.0,826320.0530529785
7537,ails2_etaMax1.000_stoppingTime1728000.00,104485.0,826320.1050529785
7538,HGS-TV,104416.0,826885.7093536854
7539,HGS-TV,104416.0,828422.5188755989
7540,HGS-TV,104416.0,828482.6028716564
7541,HGS-TV,104416.0,828542.6873579025
7542,HGS-TV,104416.0,828602.8466646671
7543,HGS-TV,104416.0,828662.9198665619
7544,HGS-TV,104416.0,828722.999276638
7545,HGS-TV,104416.0,828783.0065956116
7546,HGS-TV,104416.0,828843.0648164749
7547,HGS-TV,104416.0,828991.8612513542
7548,HGS-TV,104416.0,829051.8774125576
7549,HGS-TV,104416.0,829112.0048851967
7550,HGS-TV,104416.0,829173.2237224579
7551,HGS-TV,104416.0,829246.3882508278
7552,HGS-TV,104416.0,829306.4503376484
7553,HGS-TV,104416.0,829366.5140790939
7554,HGS-TV,104416.0,829426.585490942
7555,HGS-TV,104416.0,829486.6184399128
7556,HGS-TV,104416.0,829546.6396448612
7557,HGS-TV,104416.0,829606.7622807026
7558,HGS-TV,104416.0,829666.822129488
7559,HGS-TV,104416.0,829726.8701295853
7560,HGS-TV,104416.0,829801.3596074581
7561,HGS-TV,104416.0,829861.429776907
7562,HGS-TV,104416.0,829930.6843717098
7563,HGS-TV,104416.0,829990.7807173729
7564,HGS-TV,104416.0,830066.655400753
7565,HGS-TV,104416.0,830126.7466366291
7566,HGS-TV,104416.0,830186.8193809986
7567,HGS-TV,104416.0,830246.8503184319
7568,HGS-TV,104416.0,830306.8553369045
7569,HGS-TV,104416.0,830366.9285337925
7570,HGS-TV,104416.0,830450.3089973927
7571,HGS-TV,104416.0,830510.3485579491
7572,HGS-TV,104416.0,830578.655151844
7573,HGS-TV,104416.0,830638.7316842079
7574,HGS-TV,104416.0,830698.8936343193
7575,HGS-TV,104416.0,830758.9745836258
7576,HGS-TV,104416.0,830818.9992508888
7577,HGS-TV,104416.0,830879.0061402321
7578,HGS-TV,104416.0,830939.0118939877
7579,HGS-TV,104416.0,830999.0297744274
7580,HGS-TV,104416.0,831059.0399961472
7581,HGS-TV,104416.0,831119.061724186
7582,HGS-TV,104416.0,831179.094363451
7583,HGS-TV,104416.0,831239.1114900112
7584,HGS-TV,104416.0,831299.1913766861
7585,HGS-TV,104416.0,831359.2012891769
7586,HGS-TV,104416.0,831419.2400150299
7587,HGS-TV,104416.0,831479.2565908432
7588,HGS-TV,104416.0,831539.2694981098
7589,HGS-TV,104416.0,831606.290592432
7590,HGS-TV,104416.0,831722.4935553074
7591,HGS-TV,104416.0,831782.5329053402
7592,HGS-TV,104416.0,831852.0317673683
7593,HGS-TV,104416.0,831912.0501139164
7594,HGS-TV,104416.0,831972.0620028973
7595,HGS-TV,104416.0,832032.0903217793
7596,HGS-TV,104416.0,832092.1601579189
7597,HGS-TV,104416.0,832185.7338840961
7598,HGS-TV,104416.0,832245.8021337986
7599,HGS-TV,104416.0,832305.8352639675
7600,HGS-TV,104416.0,832365.8969142437
7601,HGS-TV,104416.0,832425.9137065411
7602,HGS-TV,104416.0,832505.2121987343
7603,HGS-TV,104416.0,832565.2890853882
7604,HGS-TV,104416.0,832625.3356511593
7605,HGS-TV,104416.0,832685.3435604572
7606,HGS-TV,104416.0,832745.3509802818
7607,HGS-TV,104416.0,832805.368614912
7608,HGS-TV,104416.0,832865.4313876629
7609,HGS-TV,104416.0,832925.5128865242
7610,HGS-TV,104416.0,832985.5567941666
7611,HGS-TV,104416.0,833065.1606457233
7612,HGS-TV,104416.0,833127.6614067554
7613,HGS-TV,104416.0,833199.7398631573
7614,HGS-TV,104416.0,833259.7721729279
7615,HGS-TV,104416.0,833319.7899162769
7616,HGS-TV,104416.0,833985.2115981579
7617,HGS-TV,104416.0,834045.2333745956
7618,HGS-TV,104416.0,834105.2800559998
7619,HGS-TV,104416.0,834165.320640564
7620,HGS-TV,104416.0,834329.2410202026
7621,HGS-TV,104416.0,835072.6547732353
7622,HGS-TV,104416.0,836630.904851675
7623,HGS-TV,104416.0,836690.9468579292
7624,HGS-TV,104416.0,836751.0710673332
7625,HGS-TV,104416.0,836811.2045624256
7626,HGS-TV,104416.0,836871.2792890072
7627,HGS-TV,104416.0,836931.3371331692
7628,HGS-TV,104416.0,837001.1522827148
7629,HGS-TV,104416.0,837061.204211235
7630,HGS-TV,104416.0,837121.2236402035
7631,HGS-TV,104416.0,837181.3413891792
7632,HGS-TV,104416.0,837286.9887344837
7633,HGS-TV,104416.0,837347.0770642757
7634,HGS-TV,104416.0,837407.1592998505
7635,HGS-TV,104416.0,837467.1736068726
7636,HGS-TV,104416.0,837609.3569779396
7637,HGS-TV,104416.0,837684.7250819206
7638,HGS-TV,104416.0,837753.4155466557
7639,HGS-TV,104416.0,837813.4598853588
7640,HGS-TV,104416.0,837873.4738795757
7641,HGS-TV,104416.0,837941.1302654743
7642,HGS-TV,104416.0,838001.1531467438
7643,HGS-TV,104416.0,838061.3389723301
7644,HGS-TV,104416.0,838175.8410446644
7645,HGS-TV,104416.0,838235.9221975803
7646,HGS-TV,104416.0,838295.9282984734
7647,HGS-TV,104416.0,838356.0299606323
7648,HGS-TV,104416.0,838636.9597187042
7649,HGS-TV,104416.0,838696.9718050957
7650,HGS-TV,104416.0,838756.9816675186
7651,HGS-TV,104416.0,838817.0564391613
7652,HGS-TV,104416.0,838877.0735280514
7653,HGS-TV,104416.0,838944.6586031914
7654,HGS-TV,104416.0,839004.8073043823
7655,HGS-TV,104416.0,839226.3405992985
7656,HGS-TV,104416.0,839286.5089254379
7657,HGS-TV,104416.0,839346.5954136848
7658,HGS-TV,104416.0,839478.3446011543
7659,HGS-TV,104416.0,839782.7846074104
7660,HGS-TV,104416.0,839842.8685233593
7661,HGS-TV,104416.0,839903.0279984474
7662,HGS-TV,104416.0,840125.0334928036
7663,HGS-TV,104416.0,840185.1466245651
7664,HGS-TV,104416.0,840359.6501789093
7665,HGS-TV,104416.0,840419.7251615524
7666,HGS-TV,104416.0,840583.2831687927
7667,HGS-TV,104416.0,840663.1856074333
7668,HGS-TV,104416.0,840745.1954939365
7669,HGS-TV,104416.0,840839.5886459351
7670,HGS-TV,104416.0,840931.3271503448
7671,HGS-TV,104416.0,840991.5096633434
7672,HGS-TV,104416.0,841051.5237662792
7673,HGS-TV,104416.0,841111.5263133049
7674,HGS-TV,104416.0,841171.5824258327
7675,HGS-TV,104416.0,841231.5962982178
7676,HGS-TV,104416.0,841291.7229371071
7677,HGS-TV,104416.0,841351.789403677
7678,HGS-TV,104416.0,841502.5567317009
7679,HGS-TV,104416.0,841595.0723471642
7680,HGS-TV,104416.0,841655.1389594078
7681,HGS-TV,104416.0,841749.7368767262
7682,HGS-TV,104416.0,841809.8622751236
7683,HGS-TV,104416.0,841869.8819859028
7684,HGS-TV,104416.0,841929.9043252468
7685,HGS-TV,104416.0,841989.9595530033
7686,HGS-TV,104416.0,842049.9962551594
7687,HGS-TV,104416.0,842316.423017025
7688,HGS-TV,104416.0,842376.4694702625
7689,HGS-TV,104416.0,842442.7859575748
7690,HGS-TV,104416.0,842502.8766527176
7691,HGS-TV,104416.0,842562.9455413818
7692,HGS-TV,104416.0,842720.2196555138
7693,HGS-TV,104416.0,842780.2737467289
7694,HGS-TV,104416.0,842869.4236922264
7695,HGS-TV,104416.0,843088.8981537819
7696,HGS-TV,104416.0,843274.9080779552
7697,HGS-TV,104416.0,843367.0627555847
7698,HGS-TV,104416.0,843427.2037672997
7699,HGS-TV,104416.0,843558.5787372589
7700,HGS-TV,104416.0,843618.6387264729
7701,HGS-TV,104416.0,843687.843965292
7702,HGS-TV,104416.0,843747.9536690712
7703,HGS-TV,104416.0,843836.5048213005
7704,HGS-TV,104416.0,843896.5545091629
7705,HGS-TV,104416.0,843956.6072719097
7706,HGS-TV,104416.0,844016.6159193516
7707,HGS-TV,104416.0,844076.656788826
7708,HGS-TV,104416.0,844136.724306345
7709,HGS-TV,104416.0,844196.8468971252
7710,HGS-TV,104416.0,844346.553072691
7711,HGS-TV,104416.0,844521.6792850494
7712,HGS-TV,104416.0,844581.7286891937
7713,HGS-TV,104416.0,844641.7934839725
7714,HGS-TV,104416.0,844701.8466939926
7715,HGS-TV,104416.0,844761.8699128628
7716,HGS-TV,104416.0,844821.9606952667
7717,HGS-TV,104416.0,844916.0413181782
7718,HGS-TV,104416.0,845025.1352863312
7719,HGS-TV,104416.0,845085.1439201832
7720,HGS-TV,104416.0,845184.9688489437
7721,HGS-TV,104416.0,845245.033339262
7722,HGS-TV,104416.0,845352.4479117393
7723,HGS-TV,104416.0,845412.51597929
7724,HGS-TV,104416.0,845472.5619530678
7725,HGS-TV,104416.0,845532.6295626163
7726,HGS-TV,104416.0,845592.6501202583
7727,HGS-TV,104416.0,845725.9754428864
7728,HGS-TV,104416.0,845786.005636692
7729,HGS-TV,104416.0,845846.0322217941
7730,HGS-TV,104416.0,845906.1062407494
7731,HGS-TV,104416.0,845966.1811645031
7732,HGS-TV,104416.0,846029.3738512993
7733,HGS-TV,104416.0,846136.9550850391
7734,HGS-TV,104416.0,846223.2698125839
7735,HGS-TV,104416.0,846488.3082392216
7736,HGS-TV,104416.0,846989.611802578
7737,HGS-TV,104416.0,847507.3720259666
7738,HGS-TV,104416.0,847736.0588123798
7739,HGS-TV,104416.0,847796.0711832047
7740,HGS-TV,104416.0,847856.1099567413
7741,HGS-TV,104416.0,847916.1277589798
7742,HGS-TV,104416.0,847976.1641819477
7743,HGS-TV,104416.0,848095.5787250996
7744,HGS-TV,104416.0,848196.1889464855
7745,HGS-TV,104416.0,848256.2350759506
7746,HGS-TV,104416.0,848316.2409853935
7747,HGS-TV,104416.0,848381.1513090134
7748,HGS-TV,104416.0,849644.2605230808
7749,HGS-TV,104416.0,849704.2631688118
7750,HGS-TV,104416.0,849764.2762870789
7751,HGS-TV,104416.0,850555.4059567451
7752,HGS-TV,104416.0,850615.4894828796
7753,HGS-TV,104416.0,850675.5358483791
7754,HGS-TV,104416.0,850769.7834973335
7755,HGS-TV,104416.0,850852.4837417603
7756,HGS-TV,104416.0,850915.6934037209
7757,HGS-TV,104416.0,850975.6962361336
7758,HGS-TV,104416.0,851035.7562203407
7759,HGS-TV,104416.0,851113.636007309
7760,HGS-TV,104416.0,851173.6723554134
7761,HGS-TV,104416.0,851298.7131574154
7762,HGS-TV,104416.0,851358.771559
7763,HGS-TV,104416.0,851418.7779192924
7764,HGS-TV,104416.0,851478.7796032429
7765,HGS-TV,104416.0,852944.3832643032
7766,HGS-TV,104416.0,853004.4332568645
7767,HGS-TV,104416.0,853064.5006117821
7768,HGS-TV,104416.0,853124.5442023277
7769,HGS-TV,104416.0,853184.6870405674
7770,HGS-TV,104416.0,853244.736780405
7771,HGS-TV,104416.0,853304.7458803654
7772,HGS-TV,104416.0,853364.8652994633
7773,HGS-TV,104416.0,853424.9984366894
7774,HGS-TV,104416.0,853485.0240769386
7775,HGS-TV,104416.0,853545.0308470726
7776,HGS-TV,104416.0,853605.0478563309
7777,HGS-TV,104416.0,853665.2005493641
7778,HGS-TV,104416.0,853725.3001787663
7779,HGS-TV,104416.0,853785.3603334427
7780,HGS-TV,104416.0,853845.4659519196
7781,HGS-TV,104416.0,853908.8482720852
7782,HGS-TV,104416.0,853968.8566820621
7783,HGS-TV,104416.0,854028.8951609135
7784,HGS-TV,104416.0,854088.9748182297
7785,HGS-TV,104416.0,854156.2564485073
7786,HGS-TV,104416.0,854216.3837544918
7787,HGS-TV,104416.0,854276.497713089
7788,HGS-TV,104416.0,854440.6001367569
7789,HGS-TV,104416.0,854500.628585577
7790,HGS-TV,104416.0,854560.6719522476
7791,HGS-TV,104416.0,854620.6967096329
7792,HGS-TV,104416.0,854680.7820250988
7793,HGS-TV,104416.0,854740.8013586998
7794,HGS-TV,104416.0,854800.8215403557
7795,HGS-TV,104416.0,854860.925252676
7796,HGS-TV,104416.0,854920.9618890285
7797,HGS-TV,104416.0,854980.9958655834
7798,HGS-TV,104416.0,855041.1063683033
7799,HGS-TV,104416.0,855101.1516664028
7800,HGS-TV,104416.0,855161.2357671261
7801,HGS-TV,104416.0,855221.3641881943
7802,HGS-TV,104416.0,855281.3805992603
7803,HGS-TV,104416.0,855341.4948706627
7804,HGS-TV,104416.0,855466.6555583477
7805,HGS-TV,104416.0,855526.6722149849
7806,HGS-TV,104416.0,855586.7774205208
7807,HGS-TV,104416.0,855646.8538606167
7808,HGS-TV,104416.0,855706.9622046947
7809,HGS-TV,104416.0,855767.0673592091
7810,HGS-TV,104416.0,855827.0887491703
7811,HGS-TV,104416.0,855887.0978505611
7812,HGS-TV,104416.0,855947.1644732952
7813,HGS-TV,104416.0,856007.2367384434
7814,HGS-TV,104416.0,856067.2945957184
7815,HGS-TV,104416.0,856127.3016910553
7816,HGS-TV,104416.0,856187.3287520409
7817,HGS-TV,104416.0,856247.3640429974
7818,HGS-TV,104416.0,856307.3675997257
7819,HGS-TV,104416.0,856367.403731823
7820,HGS-TV,104416.0,856427.4190897942
7821,HGS-TV,104416.0,856487.4944024086
7822,HGS-TV,104416.0,856547.5103962421
7823,HGS-TV,104416.0,856607.5483207703
7824,HGS-TV,104416.0,856667.5898544788
7825,HGS-TV,104416.0,856727.6539993286
7826,HGS-TV,104416.0,856787.6716887951
7827,HGS-TV,104416.0,856861.1763033867
7828,HGS-TV,104416.0,856951.2167730331
7829,HGS-TV,104416.0,857011.3639380932
7830,HGS-TV,104416.0,857184.0915396214
7831,HGS-TV,104416.0,857298.6184253693
7832,HGS-TV,104416.0,857358.6336781979
7833,HGS-TV,104416.0,857418.6440477371
7834,HGS-TV,104416.0,857478.6599886417
7835,HGS-TV,104416.0,857538.7800979614
7836,HGS-TV,104416.0,857598.837171793
7837,HGS-TV,104416.0,857658.8728733063
7838,HGS-TV,104416.0,857718.9058818817
7839,HGS-TV,104416.0,857778.9988665581
7840,HGS-TV,104416.0,857854.2315571308
7841,HGS-TV,104416.0,857914.242275238
7842,HGS-TV,104416.0,857974.2458007336
7843,HGS-TV,104416.0,858034.2696051598
7844,HGS-TV,104416.0,858094.27779603
7845,HGS-TV,104416.0,858154.3058342934
7846,HGS-TV,104416.0,858214.3590192795
7847,HGS-TV,104416.0,858274.3645381927
7848,HGS-TV,104416.0,858334.3723533154
7849,HGS-TV,104416.0,858394.3833341599
7850,HGS-TV,104416.0,858454.4472298622
7851,HGS-TV,104416.0,858514.4500370026
7852,HGS-TV,104416.0,858680.9734795094
7853,HGS-TV,104416.0,858740.9856972694
7854,HGS-TV,104416.0,858925.3785803318
7855,HGS-TV,104416.0,858985.3835003376
7856,HGS-TV,104416.0,859045.4400892258
7857,HGS-TV,104416.0,859186.3415515423
7858,HGS-TV,104416.0,859300.0369679928
7859,HGS-TV,104416.0,859360.0976667404
7860,HGS-TV,104416.0,859420.1040849686
7861,HGS-TV,104416.0,859480.1210646629
7862,HGS-TV,104416.0,859704.251196146
7863,HGS-TV,104416.0,859764.258720398
7864,HGS-TV,104416.0,859824.3112421036
7865,HGS-TV,104416.0,859896.1719624996
7866,HGS-TV,104416.0,859956.1889767647
7867,HGS-TV,104416.0,860611.9579291344
7868,HGS-TV,104416.0,860672.0502743721
7869,HGS-TV,104416.0,861117.433599472
7870,HGS-TV,104416.0,861177.5033791065
7871,HGS-TV,104416.0,861304.8781855106
7872,HGS-TV,104416.0,861524.384966135
7873,HGS-TV,104416.0,861584.4368093014
7874,HGS-TV,104416.0,861644.4542779922
7875,HGS-TV,104416.0,861846.995418787
7876,HGS-TV,104416.0,861981.5190160275
7877,HGS-TV,104416.0,863317.1144144535
7878,HGS-TV,104416.0,864046.854935646
7879,HGS-TV,104416.0,864274.0231730938
7880,HGS-TV,104416.0,864334.0471758842
7881,HGS-TV,104416.0,864394.1158742905
7882,HGS-TV,104416.0,864454.2571496964
7883,HGS-TV,104416.0,864514.2780964375
7884,HGS-TV,104416.0,864910.9874615669
7885,HGS-TV,104416.0,865014.8841276169
7886,HGS-TV,104416.0,865919.0649678707
7887,HGS-TV,104416.0,866882.8639321327
7888,HGS-TV,104416.0,866942.8714311123
7889,HGS-TV,104416.0,867002.8993022442
7890,HGS-TV,104416.0,867081.9471385479
7891,HGS-TV,104416.0,867748.7069613934
7892,HGS-TV,104416.0,867808.7204120159
7893,HGS-TV,104416.0,868128.4449276924
7894,HGS-TV,104416.0,869436.9856412411
7895,HGS-TV,104416.0,869497.1348099709
7896,HGS-TV,104416.0,869557.1595497131
7897,HGS-TV,104416.0,869617.2117056847
7898,HGS-TV,104416.0,869692.7723937035
7899,HGS-TV,104416.0,869752.8109798431
7900,HGS-TV,104416.0,869812.884865284
7901,HGS-TV,104416.0,869872.9115300179
7902,HGS-TV,104416.0,869968.8235557079
7903,HGS-TV,104416.0,870028.8978471756
7904,HGS-TV,104416.0,870180.4634339809
7905,HGS-TV,104416.0,870240.5548360348
7906,HGS-TV,104416.0,870300.6152536869
7907,HGS-TV,104416.0,870360.7331693172
7908,HGS-TV,104416.0,870442.1939394474
7909,HGS-TV,104416.0,870502.1963658333
7910,HGS-TV,104416.0,870562.1982293129
7911,HGS-TV,104416.0,870625.6583743095
7912,HGS-TV,104416.0,870685.7250492573
7913,HGS-TV,104416.0,870754.1060307026
7914,HGS-TV,104416.0,870814.1114265919
7915,HGS-TV,104416.0,870874.1948633194
7916,HGS-TV,104416.0,870934.2076771259
7917,HGS-TV,104416.0,870994.214748621
7918,HGS-TV,104416.0,871054.2308995724
7919,HGS-TV,104416.0,871121.5818321705
7920,HGS-TV,104416.0,871266.0815734863
7921,HGS-TV,104416.0,871331.787876606
7922,HGS-TV,104416.0,871391.8463613987
7923,HGS-TV,104416.0,871451.860686779
7924,HGS-TV,104416.0,871511.9210870266
7925,HGS-TV,104416.0,871580.6725840569
7926,HGS-TV,104416.0,871658.9256262779
7927,HGS-TV,104416.0,871718.9839010239
7928,HGS-TV,104416.0,871779.0197093487
7929,HGS-TV,104416.0,871839.1169216633
7930,HGS-TV,104416.0,871917.9895875454
7931,HGS-TV,104416.0,871978.0039541721
7932,HGS-TV,104416.0,872038.0522792339
7933,HGS-TV,104416.0,872098.106041193
7934,HGS-TV,104416.0,872286.4939432144
7935,HGS-TV,104416.0,872346.5621984005
7936,HGS-TV,104416.0,872406.6045968533
7937,HGS-TV,104416.0,872466.6258721352
7938,HGS-TV,104416.0,872526.6336979866
7939,HGS-TV,104416.0,872586.7041046619
7940,HGS-TV,104416.0,872646.8153960705
7941,HGS-TV,104416.0,872706.8494455814
7942,HGS-TV,104416.0,872852.5589044094
7943,HGS-TV,104416.0,872912.5749776363
7944,HGS-TV,104416.0,872972.6221096516
7945,HGS-TV,104416.0,873056.0856101513
7946,HGS-TV,104416.0,873116.1985898018
7947,HGS-TV,104416.0,873176.2467930317
7948,HGS-TV,104416.0,873236.2806127071
7949,HGS-TV,104416.0,873296.3199620247
7950,HGS-TV,104416.0,873356.3590402603
7951,HGS-TV,104416.0,873416.3956284523
7952,HGS-TV,104416.0,873476.4549763203
7953,HGS-TV,104416.0,873536.506311655
7954,HGS-TV,104416.0,873596.5418224335
7955,HGS-TV,104416.0,873656.6128356457
7956,HGS-TV,104416.0,873716.668694973
7957,HGS-TV,104416.0,873776.7114195824
7958,HGS-TV,104416.0,873836.7927472591
7959,HGS-TV,104416.0,873985.9851715565
7960,HGS-TV,104416.0,874092.5173306465
7961,HGS-TV,104416.0,874152.5435771942
7962,HGS-TV,104416.0,874212.589569807
7963,HGS-TV,104416.0,874375.4163193703
7964,HGS-TV,104416.0,874441.1918594837
7965,HGS-TV,104416.0,874627.1599240303
7966,HGS-TV,104416.0,874792.2987070084
7967,HGS-TV,104416.0,874852.3662312031
7968,HGS-TV,104416.0,874912.4628839493
7969,HGS-TV,104416.0,874972.5398347378
7970,HGS-TV,104416.0,875043.652715683
7971,HGS-TV,104416.0,875103.6659832001
7972,HGS-TV,104416.0,875232.2966592312
7973,HGS-TV,104416.0,875292.3552601337
7974,HGS-TV,104416.0,875352.4819204807
7975,HGS-TV,104416.0,875412.5380253792
7976,HGS-TV,104416.0,875472.6743335724
7977,HGS-TV,104416.0,875532.6913778782
7978,HGS-TV,104416.0,875592.69602108
7979,HGS-TV,104416.0,875659.4472002983
7980,HGS-TV,104416.0,875719.526113987
7981,HGS-TV,104416.0,875779.5904641151
7982,HGS-TV,104416.0,875840.3208210468
7983,HGS-TV,104416.0,875900.3432142735
7984,HGS-TV,104416.0,876061.1349034309
7985,HGS-TV,104416.0,876548.1663651466
7986,HGS-TV,104416.0,876665.5116536617
7987,HGS-TV,104416.0,876725.5255510807
7988,HGS-TV,104416.0,876785.556538105
7989,HGS-TV,104416.0,877129.7652113438
7990,HGS-TV,104416.0,878366.0196769238
7991,HGS-TV,104416.0,878426.1037867069
7992,HGS-TV,104416.0,878521.1836445332
7993,HGS-TV,104416.0,878581.2125089169
7994,HGS-TV,104416.0,878985.2216246128
7995,HGS-TV,104416.0,879045.2497558594
7996,HGS-TV,104416.0,879514.2231724262
7997,HGS-TV,104416.0,879574.2988464832
7998,HGS-TV,104416.0,879821.6751921177
7999,HGS-TV,104416.0,879881.6883978844
8000,HGS-TV,104416.0,879941.7296061516
8001,HGS-TV,104416.0,880001.7527086735
8002,HGS-TV,104416.0,880319.9820756912
8003,HGS-TV,104416.0,880380.0687820911
8004,HGS-TV,104416.0,881373.1642837524
8005,HGS-TV,104416.0,881433.2107117176
8006,HGS-TV,104416.0,882358.2741873264
8007,HGS-TV,104416.0,882418.4232070446
8008,HGS-TV,104416.0,883203.8898062706
8009,HGS-TV,104416.0,884769.0222034454
8010,HGS-TV,104416.0,884829.1187000275
8011,HGS-TV,104416.0,884889.2186367512
8012,HGS-TV,104416.0,884949.2664749622
8013,HGS-TV,104416.0,885009.2944326401
8014,HGS-TV,104416.0,885069.3069417477
8015,HGS-TV,104416.0,885129.4105062485
8016,HGS-TV,104416.0,885189.4180591106
8017,HGS-TV,104416.0,885249.5769703388
8018,HGS-TV,104416.0,885318.8537271023
8019,HGS-TV,104416.0,885378.9528048038
8020,HGS-TV,104416.0,885462.6904459
8021,HGS-TV,104416.0,885522.8730385303
8022,HGS-TV,104416.0,885582.9159543514
8023,HGS-TV,104416.0,885642.933447361
8024,HGS-TV,104416.0,885703.0768940449
8025,HGS-TV,104416.0,885763.130535841
8026,HGS-TV,104416.0,885823.1498680115
8027,HGS-TV,104416.0,885883.2238531113
8028,HGS-TV,104416.0,886097.8909804821
8029,HGS-TV,104416.0,886157.9014773369
8030,HGS-TV,104416.0,886241.4336225986
8031,HGS-TV,104416.0,886301.5370666981
8032,HGS-TV,104416.0,886361.5740389824
8033,HGS-TV,104416.0,886501.7684798241
8034,HGS-TV,104416.0,886600.2413890362
8035,HGS-TV,104416.0,886705.6726751328
8036,HGS-TV,104416.0,886888.2311832905
8037,HGS-TV,104416.0,886948.2767643929
8038,HGS-TV,104416.0,887008.354483366
8039,HGS-TV,104416.0,887068.3880372047
8040,HGS-TV,104416.0,887128.4591736794
8041,HGS-TV,104416.0,887188.4609062672
8042,HGS-TV,104416.0,887248.483934164
8043,HGS-TV,104416.0,887344.369658947
8044,HGS-TV,104416.0,887434.5840981007
8045,HGS-TV,104416.0,887494.6052086353
8046,HGS-TV,104416.0,887556.4269468784
8047,HGS-TV,104416.0,887616.5662157536
8048,HGS-TV,104416.0,887765.1961531639
8049,HGS-TV,104416.0,887825.26085639
8050,HGS-TV,104416.0,887885.3155591488
8051,HGS-TV,104416.0,888079.9653699398
8052,HGS-TV,104416.0,888140.0328519344
8053,HGS-TV,104416.0,888200.1637461185
8054,HGS-TV,104416.0,888260.1747312546
8055,HGS-TV,104416.0,888375.0400402546
8056,HGS-TV,104416.0,888479.5096554756
8057,HGS-TV,104416.0,888539.5928075314
8058,HGS-TV,104416.0,888599.6135132313
8059,HGS-TV,104416.0,888801.6401698589
8060,HGS-TV,104416.0,888861.675262928
8061,HGS-TV,104416.0,888921.7200505733
8062,HGS-TV,104416.0,888981.7976307869
8063,HGS-TV,104416.0,889041.892706871
8064,HGS-TV,104416.0,889101.98127532
8065,HGS-TV,104416.0,889162.1210682392
8066,HGS-TV,104416.0,889222.1214239597
8067,HGS-TV,104416.0,889282.1700336933
8068,HGS-TV,104416.0,889342.2600727081
8069,HGS-TV,104416.0,889402.2707738876
8070,HGS-TV,104416.0,889462.3204131126
8071,HGS-TV,104416.0,889522.3748862743
8072,HGS-TV,104416.0,889582.4392049313
8073,HGS-TV,104416.0,889679.4635801315
8074,HGS-TV,104416.0,889739.5348010063
8075,HGS-TV,104416.0,889799.5642118454
8076,HGS-TV,104416.0,889884.6486725807
8077,HGS-TV,104416.0,889944.6588532925
8078,HGS-TV,104416.0,890004.7157256603
8079,HGS-TV,104416.0,890064.7697708607
8080,HGS-TV,104416.0,890159.3370761871
8081,HGS-TV,104416.0,890219.4029126167
8082,HGS-TV,104416.0,890279.5091657639
8083,HGS-TV,104416.0,890339.5269916058
8084,HGS-TV,104416.0,890399.6327838898
8085,HGS-TV,104416.0,890459.644482851
8086,HGS-TV,104416.0,890519.6545162201
8087,HGS-TV,104416.0,890579.6897706985
8088,HGS-TV,104416.0,890639.7188255787
8089,HGS-TV,104416.0,890699.7434880733
8090,HGS-TV,104416.0,890759.7441697121
8091,HGS-TV,104416.0,890819.7619473934
8092,HGS-TV,104416.0,890879.7682054043
8093,HGS-TV,104416.0,890939.884563446
8094,HGS-TV,104416.0,891054.782715559
8095,HGS-TV,104416.0,891147.0915048122
8096,HGS-TV,104416.0,891207.1316068172
8097,HGS-TV,104416.0,891267.1484069824
8098,HGS-TV,104416.0,891334.3141670227
8099,HGS-TV,104416.0,891690.97291255
8100,HGS-TV,104416.0,891751.008598566
8101,HGS-TV,104416.0,891811.0724751949
8102,HGS-TV,104416.0,891871.1026434898
8103,HGS-TV,104416.0,892011.0976419449
8104,HGS-TV,104416.0,892071.1125056744
8105,HGS-TV,104416.0,892131.1174755096
8106,HGS-TV,104416.0,892443.5014510155
8107,HGS-TV,104416.0,892663.5975580215
8108,HGS-TV,104416.0,892746.2878806591
8109,HGS-TV,104416.0,892806.3609008789
8110,HGS-TV,104416.0,893159.1132311821
8111,HGS-TV,104416.0,893219.2166047096
8112,HGS-TV,104416.0,893279.2759068012
8113,HGS-TV,104416.0,893364.5102870464
8114,HGS-TV,104416.0,893520.9897809029
8115,HGS-TV,104416.0,894373.6796731949
8116,HGS-TV,104416.0,894433.7378034592
8117,HGS-TV,104416.0,894493.804507494
8118,HGS-TV,104416.0,894553.8539452553
8119,HGS-TV,104416.0,894647.9775047302
8120,HGS-TV,104416.0,894707.9915223122
8121,HGS-TV,104416.0,894768.0869255066
8122,HGS-TV,104416.0,894847.4959754944
8123,HGS-TV,104416.0,894907.60998106
8124,HGS-TV,104416.0,895143.7520723343
8125,HGS-TV,104416.0,895605.2746753693
8126,HGS-TV,104416.0,895667.3167538643
8127,HGS-TV,104416.0,895727.4122390747
8128,HGS-TV,104416.0,896329.9372296333
8129,HGS-TV,104416.0,896389.9730780125
8130,HGS-TV,104416.0,896450.0819733143
8131,HGS-TV,104416.0,896733.19282341
8132,HGS-TV,104416.0,896818.5086376667
8133,HGS-TV,104416.0,896878.5943925381
8134,HGS-TV,104416.0,896995.1441838741
8135,HGS-TV,104416.0,897055.1503019333
8136,HGS-TV,104416.0,897115.1696846485
8137,HGS-TV,104416.0,897175.1948773861
8138,HGS-TV,104416.0,897340.5188047886
8139,HGS-TV,104416.0,897411.7221677303
8140,HGS-TV,104416.0,897471.7737255096
8141,HGS-TV,104416.0,897531.7859687805
8142,HGS-TV,104416.0,897670.2686088085
8143,HGS-TV,104416.0,897730.285954237
8144,HGS-TV,104416.0,897924.2658843994
8145,HGS-TV,104416.0,898186.4282734394
8146,HGS-TV,104416.0,898246.5057337284
8147,HGS-TV,104416.0,898498.1110424995
8148,HGS-TV,104416.0,898558.1459934711
8149,HGS-TV,104416.0,900052.7777585983
8150,HGS-TV,104416.0,900112.8341267109
8151,HGS-TV,104416.0,900173.0676734447
8152,HGS-TV,104416.0,900233.0907263756
8153,HGS-TV,104416.0,900293.210495472
8154,HGS-TV,104416.0,900353.3180692196
8155,HGS-TV,104416.0,900413.3424770832
8156,HGS-TV,104416.0,900473.481566906
8157,HGS-TV,104416.0,900533.5449163914
8158,HGS-TV,104416.0,900593.6317071915
8159,HGS-TV,104416.0,900653.6816914082
8160,HGS-TV,104416.0,900713.7554316521
8161,HGS-TV,104416.0,900773.8057339191
8162,HGS-TV,104416.0,900833.9075093269
8163,HGS-TV,104416.0,900894.9905965328
8164,HGS-TV,104416.0,900955.0156760216
8165,HGS-TV,104416.0,901115.7691252232
8166,HGS-TV,104416.0,901175.7952802181
8167,HGS-TV,104416.0,901235.8301348686
8168,HGS-TV,104416.0,901295.8712644577
8169,HGS-TV,104416.0,901381.02561903
8170,HGS-TV,104416.0,901441.1175425053
8171,HGS-TV,104416.0,901501.2068941593
8172,HGS-TV,104416.0,901582.2935950756
8173,HGS-TV,104416.0,901663.7186071873
8174,HGS-TV,104416.0,901728.419675827
8175,HGS-TV,104416.0,901819.6808619499
8176,HGS-TV,104416.0,901879.8130095005
8177,HGS-TV,104416.0,901966.4759414196
8178,HGS-TV,104416.0,902026.477546215
8179,HGS-TV,104416.0,902086.5127549171
8180,HGS-TV,104416.0,902146.54170084
8181,HGS-TV,104416.0,902206.6957330704
8182,HGS-TV,104416.0,902273.5631494522
8183,HGS-TV,104416.0,902441.3016347885
8184,HGS-TV,104416.0,902501.4032530785
8185,HGS-TV,104416.0,902561.5899641514
8186,HGS-TV,104416.0,902621.6439795494
8187,HGS-TV,104416.0,902681.6442325115
8188,HGS-TV,104416.0,902875.8508410454
8189,HGS-TV,104416.0,902939.8751907349
8190,HGS-TV,104416.0,902999.9599487782
8191,HGS-TV,104416.0,903060.0165529251
8192,HGS-TV,104416.0,903120.0893807411
8193,HGS-TV,104416.0,903213.6660766602
8194,HGS-TV,104416.0,903273.6798884869
8195,HGS-TV,104416.0,903333.7495679855
8196,HGS-TV,104416.0,903393.8783919811
8197,HGS-TV,104416.0,903453.9281361103
8198,HGS-TV,104416.0,903514.0059547424
8199,HGS-TV,104416.0,903574.0344340801
8200,HGS-TV,104416.0,903713.0242371559
8201,HGS-TV,104416.0,903774.9503920078
8202,HGS-TV,104416.0,903843.5936210155
8203,HGS-TV,104416.0,903903.7117524147
8204,HGS-TV,104416.0,903963.7378175259
8205,HGS-TV,104416.0,904023.7714116573
8206,HGS-TV,104416.0,904083.8222587109
8207,HGS-TV,104416.0,904143.9024922848
8208,HGS-TV,104416.0,904203.9073221684
8209,HGS-TV,104416.0,904263.9480342865
8210,HGS-TV,104416.0,904323.9991598129
8211,HGS-TV,104416.0,904384.0816245079
8212,HGS-TV,104416.0,904489.6736731529
8213,HGS-TV,104416.0,904549.6956717968
8214,HGS-TV,104416.0,904611.0423443317
8215,HGS-TV,104416.0,904671.083116293
8216,HGS-TV,104416.0,904731.1897542477
8217,HGS-TV,104416.0,904791.224107027
8218,HGS-TV,104416.0,904851.3151154518
8219,HGS-TV,104416.0,905033.0013594627
8220,HGS-TV,104416.0,905129.3126003742
8221,HGS-TV,104416.0,905231.0727200508
8222,HGS-TV,104416.0,905750.4219830036
8223,HGS-TV,104416.0,905810.443308115
8224,HGS-TV,104416.0,905870.4832422733
8225,HGS-TV,104416.0,905932.2738890648
8226,HGS-TV,104416.0,905992.3338880539
8227,HGS-TV,104416.0,906052.3998248577
8228,HGS-TV,104416.0,906112.4129421711
8229,HGS-TV,104416.0,906172.4382231236
8230,HGS-TV,104416.0,906232.5171711445
8231,HGS-TV,104416.0,906292.5632135868
8232,HGS-TV,104416.0,906352.5770757198
8233,HGS-TV,104416.0,906688.6222455502
8234,HGS-TV,104416.0,906748.6997613907
8235,HGS-TV,104416.0,906808.7750151157
8236,HGS-TV,104416.0,906868.8793010712
8237,HGS-TV,104416.0,906967.2061543465
8238,HGS-TV,104416.0,907027.223918438
8239,HGS-TV,104416.0,907087.2701935768
8240,HGS-TV,104416.0,907147.3031299114
8241,HGS-TV,104416.0,907207.3523066044
8242,HGS-TV,104416.0,907267.3601880074
8243,HGS-TV,104416.0,907327.4258842468
8244,ails2_etaMax1.000_stoppingTime1728000.00,104483.0,908472.2930529785
8245,ails2_etaMax1.000_stoppingTime1728000.00,104482.0,908472.5940529786
8246,HGS-TV,104416.0,908632.1976995468
8247,HGS-TV,104416.0,908692.2217407227
8248,HGS-TV,104416.0,908752.2514381409
8249,HGS-TV,104416.0,908812.2739441395
8250,HGS-TV,104416.0,908872.3357079029
8251,HGS-TV,104416.0,909046.2524979115
8252,HGS-TV,104416.0,909304.4524662495
8253,HGS-TV,104416.0,909623.3905494213
8254,HGS-TV,104416.0,909683.4904623032
8255,HGS-TV,104416.0,909743.549305439
8256,HGS-TV,104416.0,909893.9656660557
8257,ails2_etaMax1.000_stoppingTime1728000.00,104481.0,909934.2450529785
8258,HGS-TV,104416.0,909954.0616924763
8259,HGS-TV,104416.0,910016.2871961594
8260,HGS-TV,104416.0,910076.3045051098
8261,HGS-TV,104416.0,910136.4067628384
8262,ails2_etaMax1.000_stoppingTime1728000.00,104477.0,910184.6160529786
8263,HGS-TV,104416.0,910196.4245755672
8264,ails2_etaMax1.000_stoppingTime1728000.00,104462.0,910205.0390529785
8265,HGS-TV,104416.0,910268.1806504726
8266,HGS-TV,104416.0,910415.7432351112
8267,HGS-TV,104416.0,910475.8041126728
8268,HGS-TV,104416.0,910535.8066880703
8269,HGS-TV,104416.0,910803.4100284576
8270,HGS-TV,104416.0,910898.6220602989
8271,HGS-TV,104416.0,911054.0054676533
8272,HGS-TV,104416.0,911233.7428052425
8273,HGS-TV,104416.0,911349.3500173092
8274,HGS-TV,104416.0,911409.4248054028
8275,HGS-TV,104416.0,911547.0174236298
8276,HGS-TV,104416.0,911656.2834877968
8277,HGS-TV,104416.0,911795.6507217884
8278,HGS-TV,104416.0,911855.7211008072
8279,HGS-TV,104416.0,911915.7452993393
8280,HGS-TV,104416.0,911975.7597537041
8281,HGS-TV,104416.0,912461.5689980984
8282,HGS-TV,104416.0,912521.5963988304
8283,HGS-TV,104416.0,914070.3294346333
8284,HGS-TV,104416.0,914130.3752858639
8285,HGS-TV,104416.0,914190.3824853897
8286,HGS-TV,104416.0,914250.4300196171
8287,HGS-TV,104416.0,914310.553071022
8288,HGS-TV,104416.0,914370.6039118767
8289,HGS-TV,104416.0,914430.6119828224
8290,HGS-TV,104416.0,914490.650239706
8291,HGS-TV,104416.0,914620.5712406635
8292,HGS-TV,104416.0,914680.6688067913
8293,HGS-TV,104416.0,914740.6712174416
8294,HGS-TV,104416.0,914800.7755460739
8295,HGS-TV,104416.0,914860.8033218384
8296,HGS-TV,104416.0,914920.8606812954
8297,HGS-TV,104416.0,914980.9628696442
8298,HGS-TV,104416.0,915041.0101587772
8299,HGS-TV,104416.0,915101.0292172432
8300,HGS-TV,104416.0,915161.0521454811
8301,HGS-TV,104416.0,915236.2215402126
8302,HGS-TV,104416.0,915296.2364616394
8303,HGS-TV,104416.0,915356.3951508999
8304,HGS-TV,104416.0,915520.5977599621
8305,HGS-TV,104416.0,915580.6443383694
8306,HGS-TV,104416.0,915640.7178871632
8307,HGS-TV,104416.0,915700.7458453178
8308,HGS-TV,104416.0,915760.8268766403
8309,HGS-TV,104416.0,915820.8419930935
8310,HGS-TV,104416.0,915904.0408010483
8311,HGS-TV,104416.0,915968.3999447823
8312,HGS-TV,104416.0,916028.4288451672
8313,HGS-TV,104416.0,916088.5804800987
8314,HGS-TV,104416.0,916148.6481723785
8315,HGS-TV,104416.0,916325.6341683865
8316,HGS-TV,104416.0,916390.6333537102
8317,HGS-TV,104416.0,916450.6880578995
8318,HGS-TV,104416.0,916549.6982233524
8319,HGS-TV,104416.0,916762.5779194832
8320,HGS-TV,104416.0,916822.6577732563
8321,HGS-TV,104416.0,916882.6595625877
8322,HGS-TV,104416.0,916957.6726875305
8323,HGS-TV,104416.0,917017.7164158821
8324,HGS-TV,104416.0,917125.0551321507
8325,HGS-TV,104416.0,917185.0879788399
8326,HGS-TV,104416.0,917245.151696682
8327,HGS-TV,104416.0,917320.617090702
8328,HGS-TV,104416.0,917380.7461512089
8329,HGS-TV,104416.0,917479.2769315243
8330,HGS-TV,104416.0,917539.2971508503
8331,HGS-TV,104416.0,917599.4390499592
8332,HGS-TV,104416.0,917664.4654636383
8333,HGS-TV,104416.0,917724.4655306339
8334,HGS-TV,104416.0,917784.4790918827
8335,HGS-TV,104416.0,917844.4850370884
8336,HGS-TV,104416.0,917915.4345257282
8337,HGS-TV,104416.0,917975.4550983906
8338,HGS-TV,104416.0,918035.4994728565
8339,HGS-TV,104416.0,918149.058971405
8340,HGS-TV,104416.0,918222.3604474068
8341,HGS-TV,104416.0,918302.7663199902
8342,HGS-TV,104416.0,918438.7379403114
8343,HGS-TV,104416.0,918498.7690646648
8344,HGS-TV,104416.0,918560.8314802647
8345,HGS-TV,104416.0,918620.8773198128
8346,HGS-TV,104416.0,918685.8812067509
8347,HGS-TV,104416.0,918745.9380757809
8348,HGS-TV,104416.0,918843.1625583172
8349,HGS-TV,104416.0,918903.1883962154
8350,HGS-TV,104416.0,918963.2706668377
8351,HGS-TV,104416.0,919171.9276397228
8352,HGS-TV,104416.0,919290.5765686035
8353,HGS-TV,104416.0,919375.7990450859
8354,HGS-TV,104416.0,919435.8958661556
8355,HGS-TV,104416.0,919495.9402110577
8356,HGS-TV,104416.0,919563.2924063206
8357,HGS-TV,104416.0,919623.3119175434
8358,HGS-TV,104416.0,919785.5710699558
8359,HGS-TV,104416.0,919845.6128926277
8360,HGS-TV,104416.0,919905.7372226715
8361,HGS-TV,104416.0,919965.7854731083
8362,HGS-TV,104416.0,920025.8367366791
8363,HGS-TV,104416.0,920085.8810477257
8364,HGS-TV,104416.0,920145.8976278305
8365,HGS-TV,104416.0,920205.9091126919
8366,HGS-TV,104416.0,920265.9306161404
8367,HGS-TV,104416.0,920325.9864609241
8368,HGS-TV,104416.0,920386.0618469715
8369,HGS-TV,104416.0,920446.1067166328
8370,HGS-TV,104416.0,920506.1321337223
8371,HGS-TV,104416.0,920566.2130885124
8372,HGS-TV,104416.0,920681.6058151722
8373,HGS-TV,104416.0,920807.7802641392
8374,HGS-TV,104416.0,920897.4753947258
8375,HGS-TV,104416.0,920957.4933302402
8376,HGS-TV,104416.0,921017.5217642784
8377,HGS-TV,104416.0,921113.9070808887
8378,HGS-TV,104416.0,921173.9384481907
8379,HGS-TV,104416.0,921233.9534227848
8380,HGS-TV,104416.0,921303.5493307114
8381,HGS-TV,104416.0,921486.7657527924
8382,HGS-TV,104416.0,921736.674823761
8383,HGS-TV,104416.0,921796.7222380638
8384,HGS-TV,104416.0,922075.9037005901
8385,HGS-TV,104416.0,922135.9158673286
8386,HGS-TV,104416.0,922408.7159452438
8387,HGS-TV,104416.0,922468.7822048664
8388,HGS-TV,104416.0,922613.1248965263
8389,HGS-TV,104416.0,922858.2697532177
8390,HGS-TV,104416.0,923109.8709270954
8391,HGS-TV,104416.0,923203.9547073841
8392,HGS-TV,104416.0,923264.0998342037
8393,HGS-TV,104416.0,923433.9905602932
8394,HGS-TV,104416.0,923628.7908399105
8395,HGS-TV,104416.0,923724.946644783
8396,HGS-TV,104416.0,924178.2250154018
8397,HGS-TV,104416.0,924238.3586013317
8398,HGS-TV,104416.0,924298.3899018764
8399,HGS-TV,104416.0,925163.8437211514
8400,HGS-TV,104416.0,925223.8584086895
8401,HGS-TV,104416.0,925283.9131810665
8402,HGS-TV,104416.0,925401.4348239899
8403,HGS-TV,104416.0,925483.0679159164
8404,HGS-TV,104416.0,925598.5024347305
8405,HGS-TV,104416.0,925714.3731584549
8406,HGS-TV,104416.0,925833.0620965958
8407,HGS-TV,104416.0,925893.0924017429
8408,HGS-TV,104416.0,925967.4236209393
8409,HGS-TV,104416.0,926027.4390778542
8410,HGS-TV,104416.0,926310.9622292519
8411,HGS-TV,104416.0,926370.9715766907
8412,HGS-TV,104416.0,926431.021515131
8413,HGS-TV,104416.0,926491.039419651
8414,HGS-TV,104416.0,926551.1112196445
8415,HGS-TV,104416.0,926611.1334471703
8416,HGS-TV,104416.0,927002.0192797184
8417,HGS-TV,104416.0,927062.0450599194
8418,HGS-TV,104416.0,927276.8309793472
8419,HGS-TV,104416.0,927413.8347640038
8420,HGS-TV,104416.0,927529.2780189514
8421,HGS-TV,104416.0,927589.3056371212
8422,HGS-TV,104416.0,927693.2333920002
8423,HGS-TV,104416.0,928199.7450072765
8424,HGS-TV,104416.0,928259.8378427029
8425,HGS-TV,104416.0,928754.2050035
8426,HGS-TV,104416.0,928814.3391516209
8427,HGS-TV,104416.0,929092.7782506943
8428,HGS-TV,104416.0,929224.6227033138
8429,HGS-TV,104416.0,929284.6675946712
8430,HGS-TV,104416.0,930800.2313680649
8431,HGS-TV,104416.0,930860.255218029
8432,HGS-TV,104416.0,930920.3384985924
8433,HGS-TV,104416.0,930980.369906187
8434,HGS-TV,104416.0,931040.4772968292
8435,HGS-TV,104416.0,931104.5731463432
8436,HGS-TV,104416.0,931164.639516592
8437,HGS-TV,104416.0,931224.7495639324
8438,HGS-TV,104416.0,931284.8707146645
8439,HGS-TV,104416.0,931344.8934473991
8440,HGS-TV,104416.0,931411.2223010063
8441,HGS-TV,104416.0,931471.256000042
8442,HGS-TV,104416.0,931531.3416793346
8443,HGS-TV,104416.0,931635.0820817947
8444,HGS-TV,104416.0,931695.119648695
8445,HGS-TV,104416.0,931755.1754598618
8446,HGS-TV,104416.0,931815.222858429
8447,HGS-TV,104416.0,931875.2615888119
8448,HGS-TV,104416.0,931935.3685545921
8449,HGS-TV,104416.0,931995.517121315
8450,HGS-TV,104416.0,932055.5709466934
8451,HGS-TV,104416.0,932128.8215830326
8452,HGS-TV,104416.0,932188.8791165352
8453,HGS-TV,104416.0,932288.5005040169
8454,HGS-TV,104416.0,932354.8390381336
8455,HGS-TV,104416.0,932414.9688947201
8456,HGS-TV,104416.0,932475.0032260418
8457,HGS-TV,104416.0,932585.76755476
8458,HGS-TV,104416.0,932676.7737767696
8459,HGS-TV,104416.0,932845.2654521465
8460,HGS-TV,104416.0,932950.7275943756
8461,HGS-TV,104416.0,933219.7500891685
8462,HGS-TV,104416.0,933325.394288063
8463,HGS-TV,104416.0,933398.0848274231
8464,HGS-TV,104416.0,933458.246743679
8465,HGS-TV,104416.0,933641.9702582359
8466,HGS-TV,104416.0,933998.3666100502
8467,HGS-TV,104416.0,934058.4614694118
8468,HGS-TV,104416.0,934118.482380867
8469,HGS-TV,104416.0,934178.5092654228
8470,HGS-TV,104416.0,934258.4769964218
8471,HGS-TV,104416.0,934318.5335261822
8472,HGS-TV,104416.0,934418.1360054016
8473,HGS-TV,104416.0,934509.653637886
8474,HGS-TV,104416.0,934590.5435781479
8475,HGS-TV,104416.0,934650.6457967758
8476,HGS-TV,104416.0,934710.6917245388
8477,HGS-TV,104416.0,934770.6970589161
8478,HGS-TV,104416.0,934830.721570015
8479,HGS-TV,104416.0,934941.8625013828
8480,HGS-TV,104416.0,935001.9487571716
8481,HGS-TV,104416.0,935087.7796337605
8482,HGS-TV,104416.0,935202.4857058525
8483,HGS-TV,104416.0,935262.5681273937
8484,HGS-TV,104416.0,935322.6080467701
8485,HGS-TV,104416.0,935382.6383535862
8486,HGS-TV,104416.0,935442.6805746555
8487,HGS-TV,104416.0,935502.7289018631
8488,HGS-TV,104416.0,935562.8026680946
8489,HGS-TV,104416.0,935622.8584430218
8490,HGS-TV,104416.0,935682.8692569733
8491,HGS-TV,104416.0,935742.9012694359
8492,HGS-TV,104416.0,935802.9760682583
8493,HGS-TV,104416.0,935863.0357339382
8494,HGS-TV,104416.0,935923.1217751503
8495,HGS-TV,104416.0,935983.242467165
8496,HGS-TV,104416.0,936043.2579796314
8497,HGS-TV,104416.0,936122.2011802197
8498,HGS-TV,104416.0,936182.2277858257
8499,HGS-TV,104416.0,936317.6753807068
8500,HGS-TV,104416.0,936377.709351778
8501,HGS-TV,104416.0,936437.7137210369
8502,HGS-TV,104416.0,936497.7206087112
8503,HGS-TV,104416.0,936623.811093092
8504,HGS-TV,104416.0,936683.8359611034
8505,HGS-TV,104416.0,936743.938980341
8506,HGS-TV,104416.0,936803.9874269962
8507,HGS-TV,104416.0,936864.0511167049
8508,HGS-TV,104416.0,936924.0612576008
8509,HGS-TV,104416.0,936984.1228299141
8510,HGS-TV,104416.0,937044.1236920357
8511,HGS-TV,104416.0,937104.1594502926
8512,HGS-TV,104416.0,937164.2013437748
8513,HGS-TV,104416.0,937224.231493473
8514,HGS-TV,104416.0,937284.2984170914
8515,HGS-TV,104416.0,937344.3820621967
8516,HGS-TV,104416.0,937404.3830606937
8517,HGS-TV,104416.0,937464.4920194149
8518,HGS-TV,104416.0,937524.6648771763
8519,HGS-TV,104416.0,937584.6896295547
8520,HGS-TV,104416.0,937644.7490820885
8521,HGS-TV,104416.0,937704.7782285213
8522,HGS-TV,104416.0,937764.8196921349
8523,HGS-TV,104416.0,937824.8519477844
8524,HGS-TV,104416.0,937918.101015091
8525,HGS-TV,104416.0,937978.1338078976
8526,HGS-TV,104416.0,938141.0283644199
8527,HGS-TV,104416.0,938692.027879715
8528,HGS-TV,104416.0,938753.3684465885
8529,HGS-TV,104416.0,938929.9421391487
8530,HGS-TV,104416.0,939032.5611391068
8531,HGS-TV,104416.0,939586.4115114212
8532,HGS-TV,104416.0,939646.527854681
8533,HGS-TV,104416.0,939949.964432478
8534,HGS-TV,104416.0,940186.3463072777
8535,HGS-TV,104416.0,940427.9934625626
8536,HGS-TV,104416.0,940488.0028049946
8537,HGS-TV,104416.0,940551.501405716
8538,HGS-TV,104416.0,940638.3862714767
8539,HGS-TV,104416.0,940723.6738293171
8540,HGS-TV,104416.0,940821.9276058674
8541,HGS-TV,104416.0,940882.0063545704
8542,HGS-TV,104416.0,940942.0260426998
8543,HGS-TV,104416.0,941002.1573605537
8544,HGS-TV,104416.0,941062.1942932606
8545,HGS-TV,104416.0,941755.1385557652
8546,HGS-TV,104416.0,941842.7569849491
8547,HGS-TV,104416.0,942137.0051047802
8548,HGS-TV,104416.0,942197.0276260376
8549,HGS-TV,104416.0,942622.3527560234
8550,HGS-TV,104416.0,942826.8813662529
8551,HGS-TV,104416.0,942959.5471000671
8552,HGS-TV,104416.0,943146.6984112263
8553,HGS-TV,104416.0,945049.2064578533
8554,HGS-TV,104416.0,945109.2358903885
8555,HGS-TV,104416.0,945169.3731591702
8556,HGS-TV,104416.0,945229.5653800964
8557,HGS-TV,104416.0,945289.5675568581
8558,HGS-TV,104416.0,945349.6671516895
8559,HGS-TV,104416.0,945409.7350356579
8560,HGS-TV,104416.0,945469.7825214863
8561,HGS-TV,104416.0,945529.8293104172
8562,HGS-TV,104416.0,945616.7753787041
8563,HGS-TV,104416.0,945676.8571579456
8564,HGS-TV,104416.0,945736.9405562878
8565,HGS-TV,104416.0,945796.98336339
8566,HGS-TV,104416.0,945857.0331857204
8567,HGS-TV,104416.0,945917.1210913658
8568,HGS-TV,104416.0,945977.1635847092
8569,HGS-TV,104416.0,946037.2474102974
8570,HGS-TV,104416.0,946097.2874016762
8571,HGS-TV,104416.0,946157.336294651
8572,HGS-TV,104416.0,946301.0181152821
8573,HGS-TV,104416.0,946361.0309877396
8574,HGS-TV,104416.0,946421.0864524841
8575,HGS-TV,104416.0,946481.1905219555
8576,HGS-TV,104416.0,946541.2448489666
8577,HGS-TV,104416.0,946601.3293237686
8578,HGS-TV,104416.0,946709.89229393
8579,HGS-TV,104416.0,946770.0316033363
8580,HGS-TV,104416.0,946956.3075926304
8581,HGS-TV,104416.0,947016.3850564957
8582,HGS-TV,104416.0,947076.4214658737
8583,HGS-TV,104416.0,947136.4633977413
8584,HGS-TV,104416.0,947197.253868103
8585,HGS-TV,104416.0,947257.2869486809
8586,HGS-TV,104416.0,947317.3209290504
8587,HGS-TV,104416.0,947405.8242967129
8588,HGS-TV,104416.0,947465.8430058956
8589,HGS-TV,104416.0,947525.9661822319
8590,HGS-TV,104416.0,947586.0196356773
8591,HGS-TV,104416.0,947646.044596672
8592,HGS-TV,104416.0,947711.37458992
8593,HGS-TV,104416.0,947771.4479987621
8594,HGS-TV,104416.0,947831.5428001881
8595,HGS-TV,104416.0,947891.5651724339
8596,HGS-TV,104416.0,947951.566647768
8597,HGS-TV,104416.0,948011.6166124344
8598,HGS-TV,104416.0,948095.0815923214
8599,HGS-TV,104416.0,948155.2019751072
8600,HGS-TV,104416.0,948215.3435814381
8601,HGS-TV,104416.0,948275.3954930305
8602,HGS-TV,104416.0,948335.5015952587
8603,HGS-TV,104416.0,948423.4995174408
8604,HGS-TV,104416.0,948483.5877232552
8605,HGS-TV,104416.0,948543.6375961304
8606,HGS-TV,104416.0,948603.6755764484
8607,HGS-TV,104416.0,948663.7706458569
8608,HGS-TV,104416.0,948857.3524684906
8609,HGS-TV,104416.0,948917.3776888847
8610,HGS-TV,104416.0,949029.2611739635
8611,HGS-TV,104416.0,949089.2875902653
8612,HGS-TV,104416.0,949149.2971217632
8613,HGS-TV,104416.0,949209.3937683105
8614,HGS-TV,104416.0,949269.4183554649
8615,HGS-TV,104416.0,949329.4894368649
8616,HGS-TV,104416.0,949458.0512049198
8617,HGS-TV,104416.0,949614.8809723854
8618,HGS-TV,104416.0,949674.8883297443
8619,HGS-TV,104416.0,949747.532491684
8620,HGS-TV,104416.0,949807.5742485523
8621,HGS-TV,104416.0,949867.6588208675
8622,HGS-TV,104416.0,949927.721487999
8623,HGS-TV,104416.0,949987.7719552517
8624,HGS-TV,104416.0,950047.800442934
8625,HGS-TV,104416.0,950107.8078773022
8626,HGS-TV,104416.0,950167.8592953682
8627,HGS-TV,104416.0,950242.063056469
8628,HGS-TV,104416.0,950302.1805238724
8629,HGS-TV,104416.0,950403.236751318
8630,HGS-TV,104416.0,950484.0820522308
8631,HGS-TV,104416.0,950580.6066217422
8632,HGS-TV,104416.0,950680.5558598042
8633,HGS-TV,104416.0,950740.6212403774
8634,HGS-TV,104416.0,950929.3854427338
8635,HGS-TV,104416.0,951321.2091076374
8636,HGS-TV,104416.0,951381.2405819893
8637,HGS-TV,104416.0,951441.2729926109
8638,HGS-TV,104416.0,951580.2139041424
8639,HGS-TV,104416.0,951774.1217503548
8640,HGS-TV,104416.0,952055.8026502132
8641,HGS-TV,104416.0,952139.4832954407
8642,ails2_etaMax1.000_stoppingTime1728000.00,104460.0,952548.4070529785
8643,HGS-TV,104416.0,952623.1146483421
8644,HGS-TV,104416.0,952683.1335213184
8645,HGS-TV,104416.0,953231.6694927216
8646,HGS-TV,104416.0,953338.1928730011
8647,HGS-TV,104416.0,953463.2569103241
8648,HGS-TV,104416.0,953735.1596181393
8649,HGS-TV,104416.0,955266.296009779
8650,HGS-TV,104416.0,955326.3003153801
8651,HGS-TV,104416.0,955386.3075199127
8652,HGS-TV,104416.0,955446.3714125156
8653,HGS-TV,104416.0,955506.3751249313
8654,HGS-TV,104416.0,955566.4523973465
8655,HGS-TV,104416.0,955639.4787545204
8656,HGS-TV,104416.0,955699.5339078903
8657,HGS-TV,104416.0,955759.6316406727
8658,HGS-TV,104416.0,955819.6895012856
8659,HGS-TV,104416.0,955879.7516345978
8660,HGS-TV,104416.0,955939.8396570683
8661,HGS-TV,104416.0,955999.9731256962
8662,HGS-TV,104416.0,956128.7938885689
8663,HGS-TV,104416.0,956212.2030827999
8664,HGS-TV,104416.0,956272.2572584152
8665,HGS-TV,104416.0,956342.7301368713
8666,HGS-TV,104416.0,956402.8316736221
8667,HGS-TV,104416.0,956602.5577061176
8668,HGS-TV,104416.0,956662.6117293835
8669,HGS-TV,104416.0,956724.2235326767
8670,HGS-TV,104416.0,956784.2744431496
8671,HGS-TV,104416.0,956844.3167231083
8672,HGS-TV,104416.0,956904.3834731579
8673,HGS-TV,104416.0,956964.4151740074
8674,HGS-TV,104416.0,957024.4579923153
8675,HGS-TV,104416.0,957094.2261943817
8676,HGS-TV,104416.0,957154.2868099213
8677,HGS-TV,104416.0,957214.311384201
8678,HGS-TV,104416.0,957274.3826539516
8679,HGS-TV,104416.0,957334.4410085678
8680,HGS-TV,104416.0,957394.5090370178
8681,HGS-TV,104416.0,957607.9523217678
8682,HGS-TV,104416.0,957685.356831789
8683,HGS-TV,104416.0,957745.3753213882
8684,HGS-TV,104416.0,957805.4744808674
8685,HGS-TV,104416.0,957865.613338232
8686,HGS-TV,104416.0,957972.4257740974
8687,HGS-TV,104416.0,958032.446523428
8688,HGS-TV,104416.0,958121.5203814507
8689,HGS-TV,104416.0,958181.6159853935
8690,HGS-TV,104416.0,958241.7180259228
8691,HGS-TV,104416.0,958301.7995517254
8692,HGS-TV,104416.0,958366.4170787334
8693,HGS-TV,104416.0,958755.3550636768
8694,HGS-TV,104416.0,958843.0362248421
8695,HGS-TV,104416.0,958903.1078360081
8696,HGS-TV,104416.0,958963.1245212555
8697,HGS-TV,104416.0,959024.5563671589
8698,HGS-TV,104416.0,959096.494136095
8699,HGS-TV,104416.0,959156.5263807774
8700,HGS-TV,104416.0,959220.7411711216
8701,HGS-TV,104416.0,959280.7773823738
8702,HGS-TV,104416.0,959361.3132095337
8703,HGS-TV,104416.0,959427.0810351372
8704,HGS-TV,104416.0,959498.0720009804
8705,HGS-TV,104416.0,959558.3259158134
8706,HGS-TV,104416.0,959618.3717706203
8707,HGS-TV,104416.0,959693.9010865688
8708,HGS-TV,104416.0,959938.127758503
8709,HGS-TV,104416.0,959998.1363985538
8710,HGS-TV,104416.0,960254.0849845409
8711,HGS-TV,104416.0,960314.2159485817
8712,HGS-TV,104416.0,960572.8119084835
8713,HGS-TV,104416.0,960695.2911813259
8714,HGS-TV,104416.0,960844.4395287037
8715,HGS-TV,104416.0,961037.2681355476
8716,HGS-TV,104416.0,961182.2740614414
8717,HGS-TV,104416.0,961345.5357441902
8718,HGS-TV,104416.0,961405.5742824078
8719,HGS-TV,104416.0,961494.2481791973
8720,HGS-TV,104416.0,961584.4492833614
8721,HGS-TV,104416.0,961644.476829052
8722,HGS-TV,104416.0,961789.8992700577
8723,HGS-TV,104416.0,961849.9428844452
8724,HGS-TV,104416.0,962034.1323232651
8725,HGS-TV,104416.0,962115.1255638599
8726,HGS-TV,104416.0,962188.6764271259
8727,HGS-TV,104416.0,962275.5425205231
8728,HGS-TV,104416.0,962335.5963258743
8729,HGS-TV,104416.0,962436.4740257263
8730,HGS-TV,104416.0,962496.5564134121
8731,ails2_etaMax1.000_stoppingTime1728000.00,104459.0,962516.8190529785
8732,HGS-TV,104416.0,962556.5683829784
8733,ails2_etaMax1.000_stoppingTime1728000.00,104453.0,962517.9270529785
8734,HGS-TV,104416.0,962616.6045470238
8735,HGS-TV,104416.0,962676.688700676
8736,HGS-TV,104416.0,962759.8706793785
8737,HGS-TV,104416.0,962819.95920825
8738,HGS-TV,104416.0,962884.8711588383
8739,HGS-TV,104416.0,962944.8881044388
8740,HGS-TV,104416.0,963004.9165918827
8741,HGS-TV,104416.0,963085.0271441936
8742,HGS-TV,104416.0,963145.1308095455
8743,HGS-TV,104416.0,963205.2819919586
8744,HGS-TV,104416.0,963265.2993564606
8745,HGS-TV,104416.0,963325.3058488369
8746,HGS-TV,104416.0,963385.3922555447
8747,HGS-TV,104416.0,963445.4154162407
8748,HGS-TV,104416.0,963505.445289135
8749,HGS-TV,104416.0,963577.9487726688
8750,HGS-TV,104416.0,963638.0363016129
8751,HGS-TV,104416.0,963698.0925421715
8752,HGS-TV,104416.0,963814.2223613262
8753,HGS-TV,104416.0,963874.3543066978
8754,HGS-TV,104416.0,963941.829454422
8755,HGS-TV,104416.0,964088.1871111393
8756,HGS-TV,104416.0,964180.2441902161
8757,HGS-TV,104416.0,964396.8536221981
8758,HGS-TV,104416.0,964589.3467333317
8759,HGS-TV,104416.0,964649.3740456104
8760,HGS-TV,104416.0,964728.5285475254
8761,HGS-TV,104416.0,964788.5635046959
8762,HGS-TV,104416.0,964848.5819609165
8763,HGS-TV,104416.0,964908.6191432476
8764,HGS-TV,104416.0,965014.2508237362
8765,HGS-TV,104416.0,965517.3624436855
8766,HGS-TV,104416.0,965577.4381439686
8767,HGS-TV,104416.0,965637.4486279488
8768,HGS-TV,104416.0,965706.703545332
8769,HGS-TV,104416.0,965803.1746037006
8770,HGS-TV,104416.0,965863.1936380863
8771,HGS-TV,104416.0,965961.9879126549
8772,HGS-TV,104416.0,966029.7294411659
8773,HGS-TV,104416.0,966089.7920148373
8774,HGS-TV,104416.0,966149.8166313171
8775,HGS-TV,104416.0,966209.8188071251
8776,HGS-TV,104416.0,966269.9072418213
8777,HGS-TV,104416.0,966329.9437212944
8778,HGS-TV,104416.0,966454.7791285515
8779,HGS-TV,104416.0,966662.5603022575
8780,HGS-TV,104416.0,966722.6273360252
8781,HGS-TV,104416.0,966787.4236278534
8782,HGS-TV,104416.0,966856.1410489082
8783,HGS-TV,104416.0,966916.2594304085
8784,HGS-TV,104416.0,966976.3323705196
8785,HGS-TV,104416.0,967036.3573157787
8786,HGS-TV,104416.0,967096.3822822571
8787,HGS-TV,104416.0,967346.7528307438
8788,HGS-TV,104416.0,967406.8072626591
8789,HGS-TV,104416.0,967466.9192547798
8790,HGS-TV,104416.0,967526.9462249279
8791,HGS-TV,104416.0,967744.4785022736
8792,HGS-TV,104416.0,967804.5322794914
8793,HGS-TV,104416.0,967895.7170574665
8794,HGS-TV,104416.0,967955.7963018417
8795,HGS-TV,104416.0,968032.5758545399
8796,HGS-TV,104416.0,968092.6195802689
8797,HGS-TV,104416.0,968453.7166070938
8798,HGS-TV,104416.0,968513.801795721
8799,HGS-TV,104416.0,969842.4295704365
8800,HGS-TV,104416.0,969902.4374239445
8801,HGS-TV,104416.0,970666.1653800011
8802,HGS-TV,104416.0,970726.1785502434
8803,HGS-TV,104416.0,970786.2580785751
8804,HGS-TV,104416.0,970846.3532817364
8805,HGS-TV,104416.0,970906.3809938431
8806,HGS-TV,104416.0,970966.4269566536
8807,HGS-TV,104416.0,971439.4695150852
8808,HGS-TV,104416.0,971499.4811425209
8809,HGS-TV,104416.0,971631.9180555344
8810,HGS-TV,104416.0,971696.7880504131
8811,HGS-TV,104416.0,972305.661977768
8812,HGS-TV,104416.0,972682.553920269
8813,HGS-TV,104416.0,973460.7913870811
8814,HGS-TV,104416.0,973565.4839127064
8815,HGS-TV,104416.0,973625.5501511097
8816,HGS-TV,104416.0,975215.7195465565
8817,HGS-TV,104416.0,975275.7271068096
8818,HGS-TV,104416.0,975335.7627818584
8819,HGS-TV,104416.0,975395.8224573135
8820,HGS-TV,104416.0,975455.8506879807
8821,HGS-TV,104416.0,975515.8779468536
8822,HGS-TV,104416.0,975575.9525454044
8823,HGS-TV,104416.0,975635.9548461437
8824,HGS-TV,104416.0,975705.5884478092
8825,HGS-TV,104416.0,975805.9755427837
8826,HGS-TV,104416.0,975865.9863762856
8827,HGS-TV,104416.0,975926.0242507458
8828,HGS-TV,104416.0,975986.0272014141
8829,HGS-TV,104416.0,976046.0345196724
8830,HGS-TV,104416.0,976106.0906176567
8831,HGS-TV,104416.0,976227.0511820316
8832,HGS-TV,104416.0,976294.4557139874
8833,HGS-TV,104416.0,976477.4477558136
8834,HGS-TV,104416.0,976551.8654661179
8835,HGS-TV,104416.0,976695.1948356628
8836,HGS-TV,104416.0,976755.2233912945
8837,HGS-TV,104416.0,976848.0201027393
8838,HGS-TV,104416.0,977007.7320554256
8839,HGS-TV,104416.0,977135.5332634449
8840,HGS-TV,104416.0,977195.5686357021
8841,HGS-TV,104416.0,977255.6223025322
8842,HGS-TV,104416.0,977315.6487560272
8843,HGS-TV,104416.0,977375.7618260384
8844,HGS-TV,104416.0,977512.1910068989
8845,HGS-TV,104416.0,977572.2467560768
8846,HGS-TV,104416.0,977632.3577516079
8847,HGS-TV,104416.0,977692.5134267807
8848,HGS-TV,104416.0,977752.6614279747
8849,HGS-TV,104416.0,977812.6628332138
8850,HGS-TV,104416.0,977872.7005653381
8851,HGS-TV,104416.0,977986.0273530483
8852,HGS-TV,104416.0,978046.0675926208
8853,HGS-TV,104416.0,978106.1035318375
8854,HGS-TV,104416.0,978166.1695411205
8855,HGS-TV,104416.0,978226.2289748192
8856,HGS-TV,104416.0,978286.343337059
8857,HGS-TV,104416.0,978346.4492492676
8858,HGS-TV,104416.0,978416.5549302101
8859,HGS-TV,104416.0,978476.566319704
8860,HGS-TV,104416.0,978544.612711668
8861,HGS-TV,104416.0,978604.6451516151
8862,HGS-TV,104416.0,978664.6662380695
8863,HGS-TV,104416.0,978862.9478373528
8864,HGS-TV,104416.0,978973.7288346291
8865,HGS-TV,104416.0,979033.7448425293
8866,HGS-TV,104416.0,979093.8673362732
8867,HGS-TV,104416.0,979153.8901560307
8868,HGS-TV,104416.0,979213.9201848507
8869,HGS-TV,104416.0,979285.9419755936
8870,HGS-TV,104416.0,979346.0515730381
8871,HGS-TV,104416.0,979406.1002612114
8872,HGS-TV,104416.0,979466.2088031769
8873,HGS-TV,104416.0,979540.3821246624
8874,HGS-TV,104416.0,979600.480509758
8875,HGS-TV,104416.0,979660.5057287216
8876,HGS-TV,104416.0,979732.9313838482
8877,HGS-TV,104416.0,979792.9438462257
8878,HGS-TV,104416.0,979852.9566218853
8879,HGS-TV,104416.0,979942.4443151951
8880,HGS-TV,104416.0,980002.4671475887
8881,HGS-TV,104416.0,980062.4964969158
8882,HGS-TV,104416.0,980122.5545868874
8883,HGS-TV,104416.0,980182.7229478359
8884,HGS-TV,104416.0,980304.8283689022
8885,HGS-TV,104416.0,980364.9524583817
8886,HGS-TV,104416.0,980454.2523474693
8887,HGS-TV,104416.0,980514.3085532188
8888,HGS-TV,104416.0,980574.3727750778
8889,HGS-TV,104416.0,980634.4134597778
8890,HGS-TV,104416.0,980694.5449454784
8891,HGS-TV,104416.0,980754.6272079945
8892,HGS-TV,104416.0,980823.2795422077
8893,HGS-TV,104416.0,980883.3033986092
8894,HGS-TV,104416.0,981057.8656606674
8895,HGS-TV,104416.0,981247.2052645683
8896,HGS-TV,104416.0,981307.21458745
8897,HGS-TV,104416.0,981398.0522584915
8898,HGS-TV,104416.0,981758.6453883648
8899,HGS-TV,104416.0,981952.3243870735
8900,HGS-TV,104416.0,982012.3633191586
8901,HGS-TV,104416.0,983230.0815110207
8902,HGS-TV,104416.0,983394.7169413567
8903,HGS-TV,104416.0,983520.3371932507
8904,HGS-TV,104416.0,983580.3731527328
8905,HGS-TV,104416.0,983640.3839480877
8906,HGS-TV,104416.0,983700.457201004
8907,HGS-TV,104416.0,983760.5550615788
8908,HGS-TV,104416.0,983820.5943682194
8909,HGS-TV,104416.0,983880.5994803905
8910,HGS-TV,104416.0,983940.7405867577
8911,HGS-TV,104416.0,984000.7667896748
8912,HGS-TV,104416.0,984061.0341730118
8913,HGS-TV,104416.0,985051.6324751377
8914,HGS-TV,104416.0,985452.0481469631
8915,HGS-TV,104416.0,985512.1436991692
8916,HGS-TV,104416.0,985572.2473042011
8917,HGS-TV,104416.0,986945.5075011253
8918,HGS-TV,104416.0,987172.2994470596
8919,HGS-TV,104416.0,987287.3934395313
8920,HGS-TV,104416.0,987390.1539592743
8921,HGS-TV,104416.0,987766.1761798859
8922,HGS-TV,104416.0,988737.846950531
8923,HGS-TV,104416.0,988826.6212854385
8924,HGS-TV,104416.0,988933.55300951
8925,HGS-TV,104416.0,989433.2317490578
8926,HGS-TV,104416.0,990960.8125765324
8927,HGS-TV,104416.0,991020.8691062927
8928,HGS-TV,104416.0,991080.96976161
8929,HGS-TV,104416.0,991141.03520751
8930,HGS-TV,104416.0,991240.7671513557
8931,HGS-TV,104416.0,991300.9252436161
8932,HGS-TV,104416.0,991361.0080776215
8933,HGS-TV,104416.0,991465.0817062855
8934,HGS-TV,104416.0,991525.1897206306
8935,HGS-TV,104416.0,991585.214559555
8936,HGS-TV,104416.0,991645.2441484928
8937,HGS-TV,104416.0,991705.3736140728
8938,HGS-TV,104416.0,991765.4018421173
8939,HGS-TV,104416.0,991825.434980154
8940,HGS-TV,104416.0,991885.5162479877
8941,HGS-TV,104416.0,991974.0932869911
8942,HGS-TV,104416.0,992034.197057724
8943,HGS-TV,104416.0,992125.5246815681
8944,HGS-TV,104416.0,992185.6909563541
8945,HGS-TV,104416.0,992245.8161611557
8946,HGS-TV,104416.0,992305.9734721184
8947,HGS-TV,104416.0,992366.0318276882
8948,HGS-TV,104416.0,992426.0793793201
8949,HGS-TV,104416.0,992532.3509132862
8950,HGS-TV,104416.0,992592.4069540501
8951,HGS-TV,104416.0,992672.3536410332
8952,HGS-TV,104416.0,992765.7416396141
8953,HGS-TV,104416.0,992854.0983543396
8954,HGS-TV,104416.0,992914.179671526
8955,HGS-TV,104416.0,992974.2871849537
8956,HGS-TV,104416.0,993034.3009984493
8957,HGS-TV,104416.0,993094.3266739845
8958,HGS-TV,104416.0,993154.3683772087
8959,HGS-TV,104416.0,993214.4658613205
8960,HGS-TV,104416.0,993346.4022111893
8961,HGS-TV,104416.0,993406.4449300766
8962,HGS-TV,104416.0,993466.6007692814
8963,HGS-TV,104416.0,993526.6459987164
8964,HGS-TV,104416.0,993586.6515545845
8965,HGS-TV,104416.0,993697.7405276299
8966,HGS-TV,104416.0,993757.7754237652
8967,HGS-TV,104416.0,993818.001541853
8968,HGS-TV,104416.0,993878.0745079517
8969,HGS-TV,104416.0,994016.7914319038
8970,HGS-TV,104416.0,994076.7955255508
8971,HGS-TV,104416.0,994136.8080451488
8972,HGS-TV,104416.0,994196.8447835445
8973,HGS-TV,104416.0,994256.9281287193
8974,HGS-TV,104416.0,994317.0710167885
8975,HGS-TV,104416.0,994377.1729016304
8976,HGS-TV,104416.0,994439.5525178909
8977,HGS-TV,104416.0,994499.665803194
8978,HGS-TV,104416.0,994559.7227740288
8979,HGS-TV,104416.0,994619.7593870163
8980,HGS-TV,104416.0,994679.7610108852
8981,HGS-TV,104416.0,994761.2580609322
8982,HGS-TV,104416.0,994837.2167716026
8983,HGS-TV,104416.0,994897.2901654243
8984,HGS-TV,104416.0,994957.3143649101
8985,HGS-TV,104416.0,995017.3413076401
8986,HGS-TV,104416.0,995097.3620951176
8987,HGS-TV,104416.0,995157.4554727077
8988,HGS-TV,104416.0,995217.5537409782
8989,HGS-TV,104416.0,995407.0364375114
8990,HGS-TV,104416.0,995485.178583622
8991,HGS-TV,104416.0,995545.2037498951
8992,HGS-TV,104416.0,995608.7674984932
8993,HGS-TV,104416.0,995668.7900419235
8994,HGS-TV,104416.0,995728.801602602
8995,HGS-TV,104416.0,995812.4733974934
8996,HGS-TV,104416.0,995872.6221160889
8997,HGS-TV,104416.0,995932.6950042248
8998,HGS-TV,104416.0,995992.7707819939
8999,HGS-TV,104416.0,996052.7975361347
9000,HGS-TV,104416.0,996112.822674036
9001,HGS-TV,104416.0,996172.8727171421
9002,HGS-TV,104416.0,996340.8207457066
9003,HGS-TV,104416.0,996400.8963279724
9004,HGS-TV,104416.0,996460.925951004
9005,HGS-TV,104416.0,996520.9685339928
9006,HGS-TV,104416.0,996780.4832668304
9007,HGS-TV,104416.0,996840.5544934273
9008,HGS-TV,104416.0,996928.6253101826
9009,HGS-TV,104416.0,996988.6450066566
9010,HGS-TV,104416.0,997219.9619104862
9011,HGS-TV,104416.0,997749.9898202419
9012,HGS-TV,104416.0,998013.8373863697
9013,HGS-TV,104416.0,998151.5741283894
9014,HGS-TV,104416.0,998328.6497964859
9015,HGS-TV,104416.0,998472.7183535099
9016,HGS-TV,104416.0,999212.4059622288
9017,HGS-TV,104416.0,999426.8561031818
9018,HGS-TV,104416.0,999545.1020357609
9019,HGS-TV,104416.0,1001277.0597674847
9020,HGS-TV,104416.0,1001337.100757122
9021,HGS-TV,104416.0,1001397.2016782761
9022,HGS-TV,104416.0,1001457.3035440445
9023,HGS-TV,104416.0,1001517.3141973019
9024,HGS-TV,104416.0,1001577.406801939
9025,HGS-TV,104416.0,1001637.4381444454
9026,HGS-TV,104416.0,1001697.4562921524
9027,HGS-TV,104416.0,1001757.5936293602
9028,HGS-TV,104416.0,1001817.6759040356
9029,HGS-TV,104416.0,1001877.7569544315
9030,HGS-TV,104416.0,1001947.6304402351
9031,HGS-TV,104416.0,1002029.8232460022
9032,HGS-TV,104416.0,1002133.3240904808
9033,HGS-TV,104416.0,1002193.3388342857
9034,HGS-TV,104416.0,1002253.4440796375
9035,HGS-TV,104416.0,1002313.5289962292
9036,HGS-TV,104416.0,1002373.5668783188
9037,HGS-TV,104416.0,1002433.6729958057
9038,HGS-TV,104416.0,1002493.8226556778
9039,HGS-TV,104416.0,1002553.8283026218
9040,HGS-TV,104416.0,1002613.9034972191
9041,HGS-TV,104416.0,1002673.9484915733
9042,HGS-TV,104416.0,1002734.024889946
9043,HGS-TV,104416.0,1002794.0438506603
9044,HGS-TV,104416.0,1002854.1673545837
9045,HGS-TV,104416.0,1002933.6218211651
9046,HGS-TV,104416.0,1003005.809522152
9047,HGS-TV,104416.0,1003065.8767142296
9048,HGS-TV,104416.0,1003180.0054717064
9049,HGS-TV,104416.0,1003240.0835921764
9050,HGS-TV,104416.0,1003300.1696095467
9051,HGS-TV,104416.0,1003360.2647702694
9052,HGS-TV,104416.0,1003446.365904808
9053,HGS-TV,104416.0,1003506.4171049595
9054,HGS-TV,104416.0,1003566.4271814823
9055,HGS-TV,104416.0,1003626.4538831711
9056,HGS-TV,104416.0,1003686.4921469688
9057,HGS-TV,104416.0,1003746.5544569492
9058,HGS-TV,104416.0,1003806.6379141808
9059,HGS-TV,104416.0,1003866.7098982334
9060,HGS-TV,104416.0,1003956.9773254395
9061,HGS-TV,104416.0,1004059.47869277
9062,HGS-TV,104416.0,1004119.5148513317
9063,HGS-TV,104416.0,1004179.5189225674
9064,HGS-TV,104416.0,1004257.7856752872
9065,HGS-TV,104416.0,1004317.8506190777
9066,HGS-TV,104416.0,1004377.8913738728
9067,HGS-TV,104416.0,1004437.9601778984
9068,HGS-TV,104416.0,1004497.9804229736
9069,HGS-TV,104416.0,1004558.0051383972
9070,HGS-TV,104416.0,1004618.0110185146
9071,HGS-TV,104416.0,1004678.0577259064
9072,HGS-TV,104416.0,1004738.1114938259
9073,HGS-TV,104416.0,1004798.2170565128
9074,HGS-TV,104416.0,1004858.2238333225
9075,HGS-TV,104416.0,1004918.245051384
9076,HGS-TV,104416.0,1004978.3372647762
9077,HGS-TV,104416.0,1005038.4101462364
9078,HGS-TV,104416.0,1005098.4772460461
9079,HGS-TV,104416.0,1005158.5344703197
9080,HGS-TV,104416.0,1005218.57310462
9081,HGS-TV,104416.0,1005278.5946474075
9082,HGS-TV,104416.0,1005338.6356863976
9083,HGS-TV,104416.0,1005398.6460089684
9084,HGS-TV,104416.0,1005484.3186650276
9085,HGS-TV,104416.0,1005544.4357671738
9086,HGS-TV,104416.0,1005604.5311698914
9087,HGS-TV,104416.0,1005727.7985162735
9088,HGS-TV,104416.0,1005838.9159014225
9089,HGS-TV,104416.0,1005933.3162078857
9090,HGS-TV,104416.0,1006059.2921171188
9091,HGS-TV,104416.0,1006119.3772592545
9092,HGS-TV,104416.0,1006214.3531582355
9093,HGS-TV,104416.0,1006319.941904068
9094,HGS-TV,104416.0,1006415.2046663761
9095,HGS-TV,104416.0,1006499.3799185753
9096,HGS-TV,104416.0,1006559.4121696949
9097,HGS-TV,104416.0,1006619.4129662514
9098,HGS-TV,104416.0,1006679.4218101501
9099,HGS-TV,104416.0,1006739.4575397968
9100,HGS-TV,104416.0,1006799.5091583729
9101,HGS-TV,104416.0,1006859.5098240376
9102,HGS-TV,104416.0,1006919.5324976444
9103,HGS-TV,104416.0,1006979.5597484112
9104,HGS-TV,104416.0,1007039.6389081478
9105,HGS-TV,104416.0,1007099.6791644096
9106,HGS-TV,104416.0,1007159.7677695751
9107,HGS-TV,104416.0,1007219.7777626514
9108,HGS-TV,104416.0,1007279.8334503174
9109,HGS-TV,104416.0,1007339.8841812611
9110,HGS-TV,104416.0,1007436.6146571636
9111,HGS-TV,104416.0,1007496.6658492088
9112,HGS-TV,104416.0,1007556.7374286652
9113,HGS-TV,104416.0,1007651.4418444633
9114,HGS-TV,104416.0,1007711.4858341217
9115,HGS-TV,104416.0,1007771.5609571934
9116,HGS-TV,104416.0,1007831.5638184547
9117,HGS-TV,104416.0,1007914.9176859856
9118,HGS-TV,104416.0,1008025.5994529724
9119,HGS-TV,104416.0,1008085.6583907604
9120,HGS-TV,104416.0,1008295.4119894505
9121,HGS-TV,104416.0,1008355.4766037464
9122,HGS-TV,104416.0,1008415.4828038216
9123,HGS-TV,104416.0,1008475.4920971394
9124,HGS-TV,104416.0,1008535.5076849461
9125,HGS-TV,104416.0,1008622.555770874
9126,HGS-TV,104416.0,1008927.1375331879
9127,HGS-TV,104416.0,1009519.1773281097
9128,HGS-TV,104416.0,1009796.8064553738
9129,HGS-TV,104416.0,1011120.213978529
9130,HGS-TV,104416.0,1011180.3020472527
9131,HGS-TV,104416.0,1011240.3775897026
9132,HGS-TV,104416.0,1011300.499250412
9133,HGS-TV,104416.0,1011360.6174719334
9134,HGS-TV,104416.0,1011420.6362915039
9135,HGS-TV,104416.0,1011480.6882257462
9136,HGS-TV,104416.0,1011556.8507218361
9137,HGS-TV,104416.0,1011616.8756403923
9138,HGS-TV,104416.0,1011676.9416332245
9139,HGS-TV,104416.0,1011748.629635334
9140,HGS-TV,104416.0,1011819.6071844101
9141,HGS-TV,104416.0,1011879.6990909576
9142,HGS-TV,104416.0,1011939.8764226437
9143,HGS-TV,104416.0,1011999.9237864017
9144,HGS-TV,104416.0,1012059.9312739372
9145,HGS-TV,104416.0,1012120.0124602318
9146,HGS-TV,104416.0,1012180.0691642761
9147,HGS-TV,104416.0,1012251.0512723923
9148,HGS-TV,104416.0,1012311.1057853699
9149,HGS-TV,104416.0,1012371.2008056641
9150,HGS-TV,104416.0,1012431.2571899891
9151,HGS-TV,104416.0,1012491.3250706196
9152,HGS-TV,104416.0,1012551.403544426
9153,HGS-TV,104416.0,1012611.4829339981
9154,HGS-TV,104416.0,1012671.5483965874
9155,HGS-TV,104416.0,1012731.7248420715
9156,HGS-TV,104416.0,1012791.7339890003
9157,HGS-TV,104416.0,1012851.7464158535
9158,HGS-TV,104416.0,1012911.8020367622
9159,HGS-TV,104416.0,1012971.8022854328
9160,HGS-TV,104416.0,1013031.818672657
9161,HGS-TV,104416.0,1013091.8434824944
9162,HGS-TV,104416.0,1013151.8985617161
9163,HGS-TV,104416.0,1013211.9659945965
9164,HGS-TV,104416.0,1013271.9688062668
9165,HGS-TV,104416.0,1013341.9280431271
9166,HGS-TV,104416.0,1013401.9687974453
9167,HGS-TV,104416.0,1013471.2311890125
9168,HGS-TV,104416.0,1013531.4193928242
9169,HGS-TV,104416.0,1013591.5727698803
9170,HGS-TV,104416.0,1013661.0648796558
9171,HGS-TV,104416.0,1013799.2525498867
9172,HGS-TV,104416.0,1013859.2861378193
9173,HGS-TV,104416.0,1013986.6846988201
9174,HGS-TV,104416.0,1014052.8311579227
9175,HGS-TV,104416.0,1014112.8335566521
9176,HGS-TV,104416.0,1014172.8819594383
9177,HGS-TV,104416.0,1014232.9105503559
9178,HGS-TV,104416.0,1014292.9394958019
9179,HGS-TV,104416.0,1014352.9868862629
9180,HGS-TV,104416.0,1014476.993115902
9181,HGS-TV,104416.0,1014537.0555381775
9182,HGS-TV,104416.0,1014599.3989956379
9183,HGS-TV,104416.0,1014659.4451496601
9184,HGS-TV,104416.0,1014719.5202360153
9185,HGS-TV,104416.0,1014779.6390168667
9186,HGS-TV,104416.0,1014839.6497030258
9187,HGS-TV,104416.0,1014899.6618409157
9188,HGS-TV,104416.0,1014959.7591643333
9189,HGS-TV,104416.0,1015019.8341369629
9190,HGS-TV,104416.0,1015079.8670771122
9191,HGS-TV,104416.0,1015139.8852543831
9192,HGS-TV,104416.0,1015199.9005360603
9193,HGS-TV,104416.0,1015259.9286923409
9194,HGS-TV,104416.0,1015319.9504005909
9195,HGS-TV,104416.0,1015380.0562105179
9196,HGS-TV,104416.0,1015468.0009024143
9197,HGS-TV,104416.0,1015528.0827469826
9198,HGS-TV,104416.0,1015588.1299366951
9199,HGS-TV,104416.0,1015648.1312012672
9200,HGS-TV,104416.0,1015708.1409487724
9201,HGS-TV,104416.0,1015768.1455202103
9202,HGS-TV,104416.0,1015828.2161362171
9203,HGS-TV,104416.0,1015888.2562601566
9204,HGS-TV,104416.0,1016009.1198670864
9205,HGS-TV,104416.0,1016386.0955770016
9206,HGS-TV,104416.0,1016686.69211936
9207,HGS-TV,104416.0,1016899.1512503624
9208,HGS-TV,104416.0,1017049.8443815708
9209,HGS-TV,104416.0,1017109.9223396778
9210,HGS-TV,104416.0,1017191.2290182114
9211,HGS-TV,104416.0,1017479.591791153
9212,HGS-TV,104416.0,1018065.7454733849
9213,HGS-TV,104416.0,1018125.790438652
9214,HGS-TV,104416.0,1018409.8279278278
9215,HGS-TV,104416.0,1018598.9417178631
9216,HGS-TV,104416.0,1018658.9467668533
9217,HGS-TV,104416.0,1018719.0528197289
9218,HGS-TV,104416.0,1018779.1030244827
9219,HGS-TV,104416.0,1018839.1261367798
9220,HGS-TV,104416.0,1018899.2411460876
9221,HGS-TV,104416.0,1018959.329472065
9222,HGS-TV,104416.0,1019019.3850440979
9223,HGS-TV,104416.0,1019079.4396145344
9224,HGS-TV,104416.0,1019139.4720666409
9225,HGS-TV,104416.0,1019274.5544178486
9226,HGS-TV,104416.0,1019334.616533041
9227,HGS-TV,104416.0,1019394.700119257
9228,HGS-TV,104416.0,1019499.020503521
9229,HGS-TV,104416.0,1019574.3213813305
9230,HGS-TV,104416.0,1019644.8403639793
9231,HGS-TV,104416.0,1019888.300483942
9232,HGS-TV,104416.0,1019997.7052724361
9233,HGS-TV,104416.0,1020111.6860074997
9234,HGS-TV,104416.0,1020206.1098535061
9235,HGS-TV,104416.0,1020266.1538619995
9236,HGS-TV,104416.0,1020326.3649847507
9237,HGS-TV,104416.0,1020386.447047472
9238,HGS-TV,104416.0,1020446.4564778805
9239,HGS-TV,104416.0,1020506.5512394905
9240,HGS-TV,104416.0,1020566.5800359249
9241,HGS-TV,104416.0,1020641.6033363342
9242,HGS-TV,104416.0,1020701.6694514751
9243,HGS-TV,104416.0,1020761.7192459106
9244,HGS-TV,104416.0,1020861.2074670792
9245,HGS-TV,104416.0,1020921.2476124763
9246,HGS-TV,104416.0,1020981.2546322346
9247,HGS-TV,104416.0,1021071.4206109047
9248,HGS-TV,104416.0,1021131.4501662254
9249,HGS-TV,104416.0,1021246.022349596
9250,HGS-TV,104416.0,1021309.1471261978
9251,HGS-TV,104416.0,1021372.0410871506
9252,HGS-TV,104416.0,1021432.0433743
9253,HGS-TV,104416.0,1021599.5950341225
9254,HGS-TV,104416.0,1021688.5597162247
9255,HGS-TV,104416.0,1022233.2001564503
9256,HGS-TV,104416.0,1023866.8984870911
9257,HGS-TV,104416.0,1023926.9461965561
9258,HGS-TV,104416.0,1023987.0488078594
9259,HGS-TV,104416.0,1024047.0531506538
9260,HGS-TV,104416.0,1024107.1930499077
9261,HGS-TV,104416.0,1024167.2448728085
9262,HGS-TV,104416.0,1024227.3693344593
9263,HGS-TV,104416.0,1024287.4182252884
9264,HGS-TV,104416.0,1024347.4842102528
9265,HGS-TV,104416.0,1024407.533343792
9266,HGS-TV,104416.0,1024467.5384371281
9267,HGS-TV,104416.0,1024529.2304346561
9268,HGS-TV,104416.0,1024589.3228411674
9269,HGS-TV,104416.0,1024674.0280315876
9270,HGS-TV,104416.0,1024734.1721093655
9271,HGS-TV,104416.0,1024794.2010064125
9272,HGS-TV,104416.0,1024861.7064988613
9273,HGS-TV,104416.0,1024989.3777375221
9274,HGS-TV,104416.0,1025049.4628930092
9275,HGS-TV,104416.0,1025113.8633277416
9276,HGS-TV,104416.0,1025173.8653991222
9277,HGS-TV,104416.0,1025233.8948943615
9278,HGS-TV,104416.0,1025293.9468476772
9279,HGS-TV,104416.0,1025354.028945446
9280,HGS-TV,104416.0,1025518.9057331085
9281,HGS-TV,104416.0,1025620.8099207878
9282,HGS-TV,104416.0,1025689.9075841904
9283,HGS-TV,104416.0,1025801.4617509842
9284,HGS-TV,104416.0,1025861.4765808582
9285,HGS-TV,104416.0,1025921.5451860428
9286,HGS-TV,104416.0,1026088.5495612621
9287,HGS-TV,104416.0,1026148.5712046623
9288,HGS-TV,104416.0,1026264.1480131149
9289,HGS-TV,104416.0,1026364.9704282284
9290,HGS-TV,104416.0,1026425.0149095058
9291,HGS-TV,104416.0,1026518.9533178806
9292,HGS-TV,104416.0,1026578.9936826229
9293,HGS-TV,104416.0,1026935.0858376026
9294,HGS-TV,104416.0,1027054.1586315632
9295,HGS-TV,104416.0,1027312.2702927589
9296,HGS-TV,104416.0,1027629.4654948711
9297,HGS-TV,104416.0,1027829.1748936176
9298,HGS-TV,104416.0,1027889.2081837654
9299,HGS-TV,104416.0,1027949.2175843716
9300,HGS-TV,104416.0,1028136.567830801
9301,HGS-TV,104416.0,1028196.6563029289
9302,HGS-TV,104416.0,1028256.7932291031
9303,HGS-TV,104416.0,1028316.8038527966
9304,HGS-TV,104416.0,1028376.9231510162
9305,HGS-TV,104416.0,1028437.0426387787
9306,HGS-TV,104416.0,1028497.1145703793
9307,HGS-TV,104416.0,1028575.7522220612
9308,HGS-TV,104416.0,1028635.801047802
9309,HGS-TV,104416.0,1028695.9051969051
9310,HGS-TV,104416.0,1028755.9500892162
9311,HGS-TV,104416.0,1028815.9989373684
9312,HGS-TV,104416.0,1028876.118304491
9313,HGS-TV,104416.0,1028936.2182204723
9314,HGS-TV,104416.0,1029057.0471961498
9315,HGS-TV,104416.0,1029117.0535240173
9316,HGS-TV,104416.0,1029177.1568953991
9317,HGS-TV,104416.0,1029237.1816558838
9318,HGS-TV,104416.0,1029297.254199028
9319,HGS-TV,104416.0,1029357.4451813698
9320,HGS-TV,104416.0,1029417.5367660522
9321,HGS-TV,104416.0,1029489.7872786522
9322,HGS-TV,104416.0,1029549.8944778442
9323,HGS-TV,104416.0,1029609.9499719143
9324,HGS-TV,104416.0,1029670.0242908001
9325,HGS-TV,104416.0,1029730.029214859
9326,HGS-TV,104416.0,1029817.0289742947
9327,HGS-TV,104416.0,1029877.0652840137
9328,HGS-TV,104416.0,1029937.1341226101
9329,HGS-TV,104416.0,1029997.1792423725
9330,HGS-TV,104416.0,1030057.2151100636
9331,HGS-TV,104416.0,1030117.2882988453
9332,HGS-TV,104416.0,1030177.3504366875
9333,HGS-TV,104416.0,1030237.3657944202
9334,HGS-TV,104416.0,1030297.4224174023
9335,HGS-TV,104416.0,1030357.464319706
9336,HGS-TV,104416.0,1030417.4922964573
9337,HGS-TV,104416.0,1030477.517786026
9338,HGS-TV,104416.0,1030537.621887207
9339,HGS-TV,104416.0,1030599.6950337887
9340,HGS-TV,104416.0,1030659.765884161
9341,HGS-TV,104416.0,1030719.8336660862
9342,HGS-TV,104416.0,1030779.9577343464
9343,HGS-TV,104416.0,1030840.0066120625
9344,HGS-TV,104416.0,1030900.0857386589
9345,HGS-TV,104416.0,1030960.1520066261
9346,HGS-TV,104416.0,1031020.2379848957
9347,HGS-TV,104416.0,1031080.2714879513
9348,HGS-TV,104416.0,1031140.2985255718
9349,HGS-TV,104416.0,1031200.3846409321
9350,HGS-TV,104416.0,1031263.2723581791
9351,HGS-TV,104416.0,1031323.3388609886
9352,HGS-TV,104416.0,1031383.3424367905
9353,HGS-TV,104416.0,1031443.4438810349
9354,HGS-TV,104416.0,1031503.4865376949
9355,HGS-TV,104416.0,1031563.4964601994
9356,HGS-TV,104416.0,1031679.5770311356
9357,HGS-TV,104416.0,1031784.6250538826
9358,HGS-TV,104416.0,1031844.6354503632
9359,HGS-TV,104416.0,1031904.7086639404
9360,HGS-TV,104416.0,1031964.7096812725
9361,HGS-TV,104416.0,1032057.8017308712
9362,HGS-TV,104416.0,1032124.4155921936
9363,HGS-TV,104416.0,1032184.442085743
9364,HGS-TV,104416.0,1032244.5122230053
9365,HGS-TV,104416.0,1032308.0855510235
9366,HGS-TV,104416.0,1032368.1884686947
9367,HGS-TV,104416.0,1032517.3876314163
9368,HGS-TV,104416.0,1032725.6537826061
9369,HGS-TV,104416.0,1032788.9093015194
9370,HGS-TV,104416.0,1033232.968351841
9371,HGS-TV,104416.0,1033293.0175759792
9372,HGS-TV,104416.0,1033353.2009153366
9373,HGS-TV,104416.0,1033413.2078821659
9374,HGS-TV,104416.0,1033541.700450182
9375,HGS-TV,104416.0,1033870.452747345
9376,HGS-TV,104416.0,1033972.756704092
9377,HGS-TV,104416.0,1034714.2919998169
9378,HGS-TV,104416.0,1035296.6787211895
9379,HGS-TV,104416.0,1035369.1321482658
9380,HGS-TV,104416.0,1035649.16021204
9381,HGS-TV,104416.0,1035886.7721018791
9382,HGS-TV,104416.0,1035946.8338851929
9383,HGS-TV,104416.0,1036006.856919527
9384,HGS-TV,104416.0,1036273.3611404896
9385,HGS-TV,104416.0,1036518.6928305626
9386,HGS-TV,104416.0,1036578.7618587017
9387,HGS-TV,104416.0,1036694.1448316574
9388,HGS-TV,104416.0,1036754.1564981937
9389,HGS-TV,104416.0,1036814.1920239925
9390,HGS-TV,104416.0,1036874.2089915276
9391,HGS-TV,104416.0,1037129.7261726856
9392,HGS-TV,104416.0,1037328.4378473759
9393,HGS-TV,104416.0,1037396.6499686241
9394,HGS-TV,104416.0,1037456.6572113037
9395,HGS-TV,104416.0,1037516.6833908558
9396,HGS-TV,104416.0,1037658.612631321
9397,HGS-TV,104416.0,1037718.7064614296
9398,HGS-TV,104416.0,1037778.7824025154
9399,HGS-TV,104416.0,1037843.0200088024
9400,HGS-TV,104416.0,1037903.0865356922
9401,HGS-TV,104416.0,1037963.097120285
9402,HGS-TV,104416.0,1038023.1142115593
9403,HGS-TV,104416.0,1038083.1224093437
9404,HGS-TV,104416.0,1038144.6054894924
9405,HGS-TV,104416.0,1038204.6901957989
9406,HGS-TV,104416.0,1038264.7990171909
9407,HGS-TV,104416.0,1038372.2623832226
9408,HGS-TV,104416.0,1038432.3093733788
9409,HGS-TV,104416.0,1038504.4014074802
9410,HGS-TV,104416.0,1038564.476039648
9411,HGS-TV,104416.0,1038624.5972509384
9412,HGS-TV,104416.0,1038684.6447355747
9413,HGS-TV,104416.0,1038744.6663489342
9414,HGS-TV,104416.0,1038804.7277803421
9415,HGS-TV,104416.0,1039043.3992316723
9416,HGS-TV,104416.0,1040447.1597778797
9417,HGS-TV,104416.0,1040507.2144105434
9418,HGS-TV,104416.0,1040632.1463961601
9419,HGS-TV,104416.0,1040692.1511540413
9420,HGS-TV,104416.0,1041324.9028682709
9421,HGS-TV,104416.0,1041384.9667987823
9422,HGS-TV,104416.0,1041445.0099451542
9423,HGS-TV,104416.0,1041505.1115994453
9424,HGS-TV,104416.0,1041703.2440731525
9425,HGS-TV,104416.0,1042145.9987549782
9426,HGS-TV,104416.0,1042206.1137063503
9427,HGS-TV,104416.0,1042811.9734880924
9428,HGS-TV,104416.0,1042913.5687961578
9429,HGS-TV,104416.0,1043339.4215521812
9430,HGS-TV,104416.0,1043671.5113277435
9431,HGS-TV,104416.0,1043742.651471138
9432,HGS-TV,104416.0,1043802.6605167389
9433,HGS-TV,104416.0,1044278.5238468647
9434,HGS-TV,104416.0,1044355.6751651764
9435,HGS-TV,104416.0,1045905.8267130852
9436,HGS-TV,104416.0,1045965.8288855553
9437,HGS-TV,104416.0,1046025.8960745335
9438,HGS-TV,104416.0,1046085.9704153538
9439,HGS-TV,104416.0,1046146.0408699512
9440,HGS-TV,104416.0,1046206.0549352169
9441,HGS-TV,104416.0,1046266.1167113781
9442,HGS-TV,104416.0,1046326.2632114887
9443,HGS-TV,104416.0,1046418.4345231056
9444,HGS-TV,104416.0,1046478.4540407658
9445,HGS-TV,104416.0,1046538.4815175533
9446,HGS-TV,104416.0,1046598.5812411308
9447,HGS-TV,104416.0,1046658.5994315147
9448,HGS-TV,104416.0,1046718.674495697
9449,HGS-TV,104416.0,1046778.7240502834
9450,HGS-TV,104416.0,1046838.7860517502
9451,HGS-TV,104416.0,1046942.0247740746
9452,HGS-TV,104416.0,1047058.7037541866
9453,HGS-TV,104416.0,1047118.7715375423
9454,HGS-TV,104416.0,1047178.8443081379
9455,HGS-TV,104416.0,1047238.8737442493
9456,HGS-TV,104416.0,1047298.874345541
9457,HGS-TV,104416.0,1047440.2117209435
9458,HGS-TV,104416.0,1047582.6864848137
9459,HGS-TV,104416.0,1047642.7646884918
9460,HGS-TV,104416.0,1047753.9012086391
9461,HGS-TV,104416.0,1047905.0906641483
9462,HGS-TV,104416.0,1047982.0384747982
9463,HGS-TV,104416.0,1048042.1679029465
9464,HGS-TV,104416.0,1048102.2133216858
9465,HGS-TV,104416.0,1048162.2319431305
9466,HGS-TV,104416.0,1048244.4407384396
9467,HGS-TV,104416.0,1048308.4813961983
9468,HGS-TV,104416.0,1048497.2139604092
9469,HGS-TV,104416.0,1048557.2391433716
9470,HGS-TV,104416.0,1048632.456180334
9471,HGS-TV,104416.0,1048716.6535682678
9472,HGS-TV,104416.0,1048783.773238659
9473,HGS-TV,104416.0,1049101.1617617607
9474,HGS-TV,104416.0,1049161.2317020893
9475,HGS-TV,104416.0,1049221.3038880825
9476,HGS-TV,104416.0,1049348.7345411777
9477,HGS-TV,104416.0,1049671.8756313324
9478,HGS-TV,104416.0,1049731.9659428596
9479,HGS-TV,104416.0,1049791.9791378975
9480,HGS-TV,104416.0,1049887.3067383766
9481,HGS-TV,104416.0,1049953.9240355492
9482,HGS-TV,104416.0,1050013.9724137783
9483,HGS-TV,104416.0,1050107.407248497
9484,HGS-TV,104416.0,1050202.25385952
9485,HGS-TV,104416.0,1050262.3179841042
9486,HGS-TV,104416.0,1050322.391217947
9487,HGS-TV,104416.0,1050520.4151864052
9488,HGS-TV,104416.0,1050580.4558308125
9489,HGS-TV,104416.0,1050640.4999833107
9490,HGS-TV,104416.0,1050700.5625026226
9491,HGS-TV,104416.0,1050760.715246439
9492,HGS-TV,104416.0,1050820.8133187294
9493,HGS-TV,104416.0,1050880.9624931812
9494,HGS-TV,104416.0,1050941.0255150795
9495,HGS-TV,104416.0,1051001.0339045525
9496,HGS-TV,104416.0,1051061.1355133057
9497,HGS-TV,104416.0,1051121.1377232075
9498,HGS-TV,104416.0,1051181.1521134377
9499,HGS-TV,104416.0,1051307.3432164192
9500,HGS-TV,104416.0,1051411.1956291199
9501,HGS-TV,104416.0,1051581.5098319054
9502,HGS-TV,104416.0,1051641.5136175156
9503,HGS-TV,104416.0,1051851.8122358322
9504,HGS-TV,104416.0,1051983.7629368305
9505,HGS-TV,104416.0,1052095.5874185562
9506,HGS-TV,104416.0,1052155.6294269562
9507,HGS-TV,104416.0,1052215.6313312054
9508,HGS-TV,104416.0,1052275.6722187996
9509,HGS-TV,104416.0,1052335.6932644844
9510,HGS-TV,104416.0,1052395.775416851
9511,HGS-TV,104416.0,1052455.8429825306
9512,HGS-TV,104416.0,1052527.9125320911
9513,HGS-TV,104416.0,1052590.894280672
9514,HGS-TV,104416.0,1052650.9514460564
9515,HGS-TV,104416.0,1052710.9904556274
9516,HGS-TV,104416.0,1052771.013908863
9517,HGS-TV,104416.0,1052831.020761013
9518,HGS-TV,104416.0,1052891.0763947964
9519,HGS-TV,104416.0,1053070.4945635796
9520,HGS-TV,104416.0,1053130.5802054405
9521,HGS-TV,104416.0,1053190.6341261864
9522,HGS-TV,104416.0,1053252.9143939018
9523,HGS-TV,104416.0,1053312.93673563
9524,HGS-TV,104416.0,1053372.9826426506
9525,HGS-TV,104416.0,1053433.1043748856
9526,HGS-TV,104416.0,1053493.1618189812
9527,HGS-TV,104416.0,1053577.3171696663
9528,HGS-TV,104416.0,1053652.749316454
9529,HGS-TV,104416.0,1053828.024945259
9530,HGS-TV,104416.0,1053921.358591795
9531,HGS-TV,104416.0,1053981.3812336922
9532,HGS-TV,104416.0,1054164.20800519
9533,HGS-TV,104416.0,1054224.2919294834
9534,HGS-TV,104416.0,1054284.376079321
9535,HGS-TV,104416.0,1054408.55641222
9536,HGS-TV,104416.0,1054468.5639030933
9537,HGS-TV,104416.0,1054550.5041525364
9538,HGS-TV,104416.0,1054647.553506136
9539,HGS-TV,104416.0,1054716.7517228127
9540,HGS-TV,104416.0,1054776.8186995983
9541,HGS-TV,104416.0,1054836.9142005444
9542,HGS-TV,104416.0,1054896.984782219
9543,HGS-TV,104416.0,1054967.314432621
9544,HGS-TV,104416.0,1055027.3359992504
9545,HGS-TV,104416.0,1055318.2823147774
9546,HGS-TV,104416.0,1055402.0166924
9547,HGS-TV,104416.0,1055538.0624718666
9548,HGS-TV,104416.0,1055598.1037130356
9549,HGS-TV,104416.0,1056272.7632904053
9550,HGS-TV,104416.0,1056332.7838385105
9551,HGS-TV,104416.0,1057784.9652671814
9552,HGS-TV,104416.0,1057845.0110907555
9553,HGS-TV,104416.0,1057905.1393933296
9554,HGS-TV,104416.0,1057965.18039155
9555,HGS-TV,104416.0,1058025.3513169289
9556,HGS-TV,104416.0,1058085.4884622097
9557,HGS-TV,104416.0,1058145.5524849892
9558,HGS-TV,104416.0,1058205.6531631947
9559,HGS-TV,104416.0,1058265.716524601
9560,HGS-TV,104416.0,1058345.580596447
9561,HGS-TV,104416.0,1058405.6534295082
9562,HGS-TV,104416.0,1058465.711821556
9563,HGS-TV,104416.0,1058525.8021781445
9564,HGS-TV,104416.0,1058585.923999548
9565,HGS-TV,104416.0,1058662.85121274
9566,HGS-TV,104416.0,1058722.9529151917
9567,HGS-TV,104416.0,1058963.4727332592
9568,HGS-TV,104416.0,1059023.5335116386
9569,HGS-TV,104416.0,1059083.6338226795
9570,HGS-TV,104416.0,1059143.67756629
9571,HGS-TV,104416.0,1059203.7375938892
9572,HGS-TV,104416.0,1059263.8729367256
9573,HGS-TV,104416.0,1059390.1648561954
9574,HGS-TV,104416.0,1059450.2664182186
9575,HGS-TV,104416.0,1059563.3863093853
9576,HGS-TV,104416.0,1059623.47473979
9577,HGS-TV,104416.0,1059683.4896903038
9578,HGS-TV,104416.0,1059760.463305235
9579,HGS-TV,104416.0,1059857.1026334763
9580,HGS-TV,104416.0,1059917.208373785
9581,HGS-TV,104416.0,1059977.2357535362
9582,HGS-TV,104416.0,1060037.250645876
9583,HGS-TV,104416.0,1060097.3540432453
9584,HGS-TV,104416.0,1060157.3607492447
9585,HGS-TV,104416.0,1060221.818652153
9586,HGS-TV,104416.0,1060281.8396627903
9587,HGS-TV,104416.0,1060430.711423397
9588,HGS-TV,104416.0,1060490.8215062618
9589,HGS-TV,104416.0,1060550.9317631721
9590,HGS-TV,104416.0,1060611.0255112648
9591,HGS-TV,104416.0,1060671.04445076
9592,HGS-TV,104416.0,1060731.086900711
9593,HGS-TV,104416.0,1060841.4376094341
9594,HGS-TV,104416.0,1060901.461398363
9595,HGS-TV,104416.0,1060961.509988308
9596,HGS-TV,104416.0,1061021.5175890923
9597,HGS-TV,104416.0,1061081.6185765266
9598,HGS-TV,104416.0,1061141.6714186668
9599,HGS-TV,104416.0,1061201.7470080853
9600,HGS-TV,104416.0,1061261.7733430862
9601,HGS-TV,104416.0,1061324.536449194
9602,HGS-TV,104416.0,1061384.5434110165
9603,HGS-TV,104416.0,1061444.5466048717
9604,HGS-TV,104416.0,1061505.1343958378
9605,HGS-TV,104416.0,1061565.185725689
9606,HGS-TV,104416.0,1061625.21681571
9607,HGS-TV,104416.0,1061685.3210918903
9608,HGS-TV,104416.0,1061745.455042839
9609,HGS-TV,104416.0,1061805.534831524
9610,HGS-TV,104416.0,1061876.267304182
9611,HGS-TV,104416.0,1061936.3185060024
9612,HGS-TV,104416.0,1061996.3339276314
9613,HGS-TV,104416.0,1062056.3522233963
9614,HGS-TV,104416.0,1062116.4257748127
9615,HGS-TV,104416.0,1062176.4697935581
9616,HGS-TV,104416.0,1062236.486275196
9617,HGS-TV,104416.0,1062296.5563812256
9618,HGS-TV,104416.0,1062356.589852333
9619,HGS-TV,104416.0,1062416.6211538315
9620,HGS-TV,104416.0,1062476.6222376823
9621,HGS-TV,104416.0,1062536.7210347652
9622,HGS-TV,104416.0,1062596.7581660748
9623,HGS-TV,104416.0,1062656.7946448326
9624,HGS-TV,104416.0,1062716.8158214092
9625,HGS-TV,104416.0,1062776.8600740433
9626,HGS-TV,104416.0,1062836.8721768856
9627,HGS-TV,104416.0,1062896.9543879032
9628,HGS-TV,104416.0,1062956.9894387722
9629,HGS-TV,104416.0,1063017.0234479904
9630,HGS-TV,104416.0,1063077.072561264
9631,HGS-TV,104416.0,1063137.083974123
9632,HGS-TV,104416.0,1063197.1184835434
9633,HGS-TV,104416.0,1063286.987304926
9634,HGS-TV,104416.0,1063347.010126114
9635,HGS-TV,104416.0,1063407.035569191
9636,HGS-TV,104416.0,1063467.0373106003
9637,HGS-TV,104416.0,1063527.0646750927
9638,HGS-TV,104416.0,1063587.1202595234
9639,HGS-TV,104416.0,1063668.1161425114
9640,HGS-TV,104416.0,1063732.6042077541
9641,HGS-TV,104416.0,1063794.466944933
9642,HGS-TV,104416.0,1063865.6854615211
9643,HGS-TV,104416.0,1063925.6983292103
9644,HGS-TV,104416.0,1063992.5142948627
9645,HGS-TV,104416.0,1064052.5660743713
9646,HGS-TV,104416.0,1064112.653933525
9647,HGS-TV,104416.0,1064172.752370596
9648,HGS-TV,104416.0,1064251.544522047
9649,HGS-TV,104416.0,1064367.6249096394
9650,HGS-TV,104416.0,1064427.6825256348
9651,HGS-TV,104416.0,1064729.257301569
9652,HGS-TV,104416.0,1064789.292787075
9653,HGS-TV,104416.0,1064904.72570467
9654,HGS-TV,104416.0,1064964.7287509441
9655,HGS-TV,104416.0,1065041.148995638
9656,HGS-TV,104416.0,1065758.502609253
9657,HGS-TV,104416.0,1065852.9910936356
9658,HGS-TV,104416.0,1066057.853467226
9659,HGS-TV,104416.0,1066612.2088155746
9660,HGS-TV,104416.0,1066782.9517652988
9661,HGS-TV,104416.0,1066957.8060121536
9662,HGS-TV,104416.0,1067080.9875330925
9663,HGS-TV,104416.0,1067140.9951443672
9664,HGS-TV,104416.0,1067316.747006178
9665,HGS-TV,104416.0,1067606.911630392
9666,HGS-TV,104416.0,1068326.4154503345
9667,HGS-TV,104416.0,1069962.0564217567
9668,HGS-TV,104416.0,1070022.1327939034
9669,HGS-TV,104416.0,1070082.1755301952
9670,HGS-TV,104416.0,1070142.181986332
9671,HGS-TV,104416.0,1070202.2853941917
9672,HGS-TV,104416.0,1070262.4053442478
9673,HGS-TV,104416.0,1070322.4460494518
9674,HGS-TV,104416.0,1070382.4827814102
9675,HGS-TV,104416.0,1070442.5346076488
9676,HGS-TV,104416.0,1070502.5475466251
9677,HGS-TV,104416.0,1070562.6134529114
9678,HGS-TV,104416.0,1070661.725160122
9679,HGS-TV,104416.0,1070766.4670238495
9680,HGS-TV,104416.0,1070826.4741883278
9681,HGS-TV,104416.0,1071061.5586357117
9682,HGS-TV,104416.0,1071238.7529613972
9683,HGS-TV,104416.0,1071298.8091757298
9684,HGS-TV,104416.0,1071358.887176752
9685,HGS-TV,104416.0,1071425.7531979084
9686,HGS-TV,104416.0,1071485.780734539
9687,HGS-TV,104416.0,1071545.8514492512
9688,HGS-TV,104416.0,1071605.8776519299
9689,HGS-TV,104416.0,1071665.9965453148
9690,HGS-TV,104416.0,1071726.0115540028
9691,HGS-TV,104416.0,1071834.7554206848
9692,HGS-TV,104416.0,1071894.7776825428
9693,HGS-TV,104416.0,1072098.6049115658
9694,HGS-TV,104416.0,1072158.6412837505
9695,HGS-TV,104416.0,1072219.5071833134
9696,HGS-TV,104416.0,1072285.7198646069
9697,HGS-TV,104416.0,1072345.7822790146
9698,HGS-TV,104416.0,1072405.8961491585
9699,HGS-TV,104416.0,1072492.9889976978
9700,HGS-TV,104416.0,1072553.0425591469
9701,HGS-TV,104416.0,1072613.0490031242
9702,HGS-TV,104416.0,1072685.37008667
9703,HGS-TV,104416.0,1072753.1265072823
9704,HGS-TV,104416.0,1072813.2673873901
9705,HGS-TV,104416.0,1073015.3159706593
9706,HGS-TV,104416.0,1073186.9276080132
9707,HGS-TV,104416.0,1073247.0295164585
9708,HGS-TV,104416.0,1073307.0365548134
9709,HGS-TV,104416.0,1073367.1577904224
9710,HGS-TV,104416.0,1073427.2316682339
9711,HGS-TV,104416.0,1073521.0954213142
9712,HGS-TV,104416.0,1073635.0023539066
9713,HGS-TV,104416.0,1073695.0054044724
9714,HGS-TV,104416.0,1073755.09927392
9715,HGS-TV,104416.0,1073815.182391882
9716,HGS-TV,104416.0,1073875.2343029976
9717,HGS-TV,104416.0,1073940.0293200016
9718,HGS-TV,104416.0,1074018.8503918648
9719,HGS-TV,104416.0,1074215.239877224
9720,HGS-TV,104416.0,1074275.3231654167
9721,HGS-TV,104416.0,1074335.437575817
9722,HGS-TV,104416.0,1074395.5502758026
9723,HGS-TV,104416.0,1074455.614850998
9724,HGS-TV,104416.0,1074515.6780714989
9725,HGS-TV,104416.0,1074610.5617153645
9726,HGS-TV,104416.0,1074670.6767542362
9727,HGS-TV,104416.0,1074730.7276055813
9728,HGS-TV,104416.0,1074790.8427095413
9729,HGS-TV,104416.0,1074866.1353986263
9730,HGS-TV,104416.0,1074944.7849359512
9731,HGS-TV,104416.0,1075004.8075892925
9732,HGS-TV,104416.0,1075081.6041500568
9733,HGS-TV,104416.0,1075141.6467647552
9734,HGS-TV,104416.0,1075201.7010595798
9735,HGS-TV,104416.0,1075270.5641374588
9736,HGS-TV,104416.0,1075330.6320717335
9737,HGS-TV,104416.0,1075430.5940093994
9738,HGS-TV,104416.0,1075490.6134033203
9739,HGS-TV,104416.0,1075628.8045828342
9740,HGS-TV,104416.0,1075807.83208704
9741,HGS-TV,104416.0,1075867.9149050713
9742,HGS-TV,104416.0,1076007.0116472244
9743,HGS-TV,104416.0,1076075.0687344074
9744,HGS-TV,104416.0,1076135.1026098728
9745,HGS-TV,104416.0,1076329.772466898
9746,HGS-TV,104416.0,1076389.7951936722
9747,HGS-TV,104416.0,1076449.7978060246
9748,HGS-TV,104416.0,1076525.6684093475
9749,HGS-TV,104416.0,1076585.6719043255
9750,HGS-TV,104416.0,1076664.4674618244
9751,HGS-TV,104416.0,1076724.468202114
9752,HGS-TV,104416.0,1076784.4710621834
9753,HGS-TV,104416.0,1076844.5219855309
9754,HGS-TV,104416.0,1076904.6656312943
9755,HGS-TV,104416.0,1076979.7095608711
9756,HGS-TV,104416.0,1077042.786571741
9757,HGS-TV,104416.0,1077107.8916754723
9758,HGS-TV,104416.0,1077167.9342882633
9759,HGS-TV,104416.0,1077227.9551723003
9760,HGS-TV,104416.0,1077287.9880115986
9761,HGS-TV,104416.0,1077348.0072734356
9762,HGS-TV,104416.0,1077484.7933626175
9763,HGS-TV,104416.0,1077562.8967792988
9764,HGS-TV,104416.0,1077622.9770979881
9765,HGS-TV,104416.0,1077689.8412921429
9766,HGS-TV,104416.0,1077831.0553286076
9767,HGS-TV,104416.0,1077925.9020226002
9768,HGS-TV,104416.0,1077985.932138443
9769,HGS-TV,104416.0,1078070.5785713196
9770,HGS-TV,104416.0,1078130.7086265087
9771,HGS-TV,104416.0,1078190.7217240334
9772,HGS-TV,104416.0,1078250.7946519852
9773,HGS-TV,104416.0,1078310.8388364315
9774,HGS-TV,104416.0,1078370.9660601616
9775,HGS-TV,104416.0,1078431.0206735134
9776,HGS-TV,104416.0,1078491.0699300766
9777,HGS-TV,104416.0,1078551.15446949
9778,HGS-TV,104416.0,1078611.1644363403
9779,HGS-TV,104416.0,1078685.9051172733
9780,HGS-TV,104416.0,1078745.9342579842
9781,HGS-TV,104416.0,1078805.954236269
9782,HGS-TV,104416.0,1078866.001947403
9783,HGS-TV,104416.0,1078926.0650820732
9784,HGS-TV,104416.0,1078986.1083610058
9785,HGS-TV,104416.0,1079046.1872286797
9786,HGS-TV,104416.0,1079110.2186923027
9787,HGS-TV,104416.0,1079296.823473215
9788,HGS-TV,104416.0,1079412.1372656822
9789,HGS-TV,104416.0,1080452.4608540535
9790,HGS-TV,104416.0,1080518.8927767277
9791,HGS-TV,104416.0,1080607.3417816162
9792,HGS-TV,104416.0,1080805.983695984
9793,HGS-TV,104416.0,1080866.130582571
9794,HGS-TV,104416.0,1080950.874861002
9795,HGS-TV,104416.0,1081010.9479284286
9796,HGS-TV,104416.0,1081297.8801722527
9797,HGS-TV,104416.0,1081357.9911432266
9798,HGS-TV,104416.0,1081418.0134637356
9799,HGS-TV,104416.0,1081901.3128397465
9800,HGS-TV,104416.0,1081961.3450124264
9801,HGS-TV,104416.0,1082120.8771538734
9802,HGS-TV,104416.0,1082451.8509931564
9803,HGS-TV,104416.0,1082511.8636436462
9804,HGS-TV,104416.0,1082862.794089079
9805,HGS-TV,104416.0,1082922.9586260319
9806,HGS-TV,104416.0,1083156.6093342304
9807,HGS-TV,104416.0,1083523.1715159416
9808,HGS-TV,104416.0,1083843.2904427052
9809,HGS-TV,104416.0,1083935.5994076729
9810,HGS-TV,104416.0,1084771.8929476738
9811,HGS-TV,104416.0,1084832.0201907158
9812,HGS-TV,104416.0,1084905.5376257896
9813,HGS-TV,104416.0,1084965.5440301895
9814,HGS-TV,104416.0,1085235.791350603
9815,HGS-TV,104416.0,1085406.696017027
9816,HGS-TV,104416.0,1085912.2626657486
9817,HGS-TV,104416.0,1085974.4183359146
9818,HGS-TV,104416.0,1086377.6546254158
9819,HGS-TV,104416.0,1086717.021184206
9820,HGS-TV,104416.0,1086948.1030318737
9821,HGS-TV,104416.0,1087008.1060357094
9822,HGS-TV,104416.0,1087109.63367939
9823,HGS-TV,104416.0,1087169.6577367783
9824,HGS-TV,104416.0,1087229.6816830635
9825,HGS-TV,104416.0,1087289.75734663
9826,HGS-TV,104416.0,1087508.4991133213
9827,HGS-TV,104416.0,1087568.5039422512
9828,HGS-TV,104416.0,1088183.777920723
9829,HGS-TV,104416.0,1088243.8404159546
9830,HGS-TV,104416.0,1088344.962843895
9831,HGS-TV,104416.0,1088405.0362520218
9832,HGS-TV,104416.0,1090026.5217564106
9833,HGS-TV,104416.0,1090086.6369001865
9834,HGS-TV,104416.0,1090146.6369621754
9835,HGS-TV,104416.0,1090206.67629838
9836,HGS-TV,104416.0,1090266.7181978226
9837,HGS-TV,104416.0,1090339.1311821938
9838,HGS-TV,104416.0,1090399.350745678
9839,HGS-TV,104416.0,1090459.440152645
9840,HGS-TV,104416.0,1090519.4693403244
9841,HGS-TV,104416.0,1090579.5318176746
9842,HGS-TV,104416.0,1090639.6341364384
9843,HGS-TV,104416.0,1090699.74209404
9844,HGS-TV,104416.0,1090759.8644473553
9845,HGS-TV,104416.0,1090819.9288313389
9846,HGS-TV,104416.0,1090879.984001875
9847,HGS-TV,104416.0,1090939.9968390465
9848,HGS-TV,104416.0,1091000.01203084
9849,HGS-TV,104416.0,1091060.0490159988
9850,HGS-TV,104416.0,1091120.1090481281
9851,HGS-TV,104416.0,1091180.1709907055
9852,HGS-TV,104416.0,1091240.1978886127
9853,HGS-TV,104416.0,1091300.2222704887
9854,HGS-TV,104416.0,1091360.2513604164
9855,HGS-TV,104416.0,1091425.29529953
9856,HGS-TV,104416.0,1091485.3002643585
9857,HGS-TV,104416.0,1091545.3714866638
9858,HGS-TV,104416.0,1091605.371897459
9859,HGS-TV,104416.0,1091665.421614647
9860,HGS-TV,104416.0,1091725.4908602238
9861,HGS-TV,104416.0,1091797.5918030739
9862,HGS-TV,104416.0,1091857.751912117
9863,HGS-TV,104416.0,1091917.7783002853
9864,HGS-TV,104416.0,1091977.8507404327
9865,HGS-TV,104416.0,1092037.9188153744
9866,HGS-TV,104416.0,1092097.9483089447
9867,HGS-TV,104416.0,1092216.259402752
9868,HGS-TV,104416.0,1092276.366271019
9869,HGS-TV,104416.0,1092550.4862406254
9870,HGS-TV,104416.0,1092610.5229911804
9871,HGS-TV,104416.0,1092670.692265749
9872,HGS-TV,104416.0,1092730.799350977
9873,HGS-TV,104416.0,1092874.8418807983
9874,HGS-TV,104416.0,1092934.8421947956
9875,HGS-TV,104416.0,1093000.1021006107
9876,HGS-TV,104416.0,1093060.169093132
9877,HGS-TV,104416.0,1093120.2061285973
9878,HGS-TV,104416.0,1093180.239514351
9879,HGS-TV,104416.0,1093240.3008379936
9880,HGS-TV,104416.0,1093300.3746230602
9881,HGS-TV,104416.0,1093360.402985096
9882,HGS-TV,104416.0,1093420.4534595013
9883,HGS-TV,104416.0,1093480.461009264
9884,HGS-TV,104416.0,1093540.4638080597
9885,HGS-TV,104416.0,1093600.494264841
9886,HGS-TV,104416.0,1093660.5180897713
9887,HGS-TV,104416.0,1093720.5339653492
9888,HGS-TV,104416.0,1093780.546416998
9889,HGS-TV,104416.0,1093840.6132640839
9890,HGS-TV,104416.0,1093900.6518325806
9891,HGS-TV,104416.0,1094139.0616469383
9892,HGS-TV,104416.0,1094199.1233148575
9893,HGS-TV,104416.0,1094307.176653862
9894,HGS-TV,104416.0,1094367.2051718235
9895,HGS-TV,104416.0,1094471.9078483582
9896,HGS-TV,104416.0,1094570.996380806
9897,HGS-TV,104416.0,1094702.5158302784
9898,HGS-TV,104416.0,1094877.2994761467
9899,HGS-TV,104416.0,1094937.3525500298
9900,HGS-TV,104416.0,1094997.3596744537
9901,HGS-TV,104416.0,1095057.4456493855
9902,HGS-TV,104416.0,1095117.4571704865
9903,HGS-TV,104416.0,1095279.5601174831
9904,HGS-TV,104416.0,1095392.8349061012
9905,HGS-TV,104416.0,1095518.5818738937
9906,HGS-TV,104416.0,1095764.1593050957
9907,HGS-TV,104416.0,1095909.5641191006
9908,HGS-TV,104416.0,1095969.6745262146
9909,HGS-TV,104416.0,1096040.330180645
9910,HGS-TV,104416.0,1096138.9113602638
9911,HGS-TV,104416.0,1096587.037245512
9912,HGS-TV,104416.0,1096647.109860897
9913,HGS-TV,104416.0,1096707.1588516235
9914,HGS-TV,104416.0,1096839.1439387798
9915,HGS-TV,104416.0,1097066.1255972385
9916,HGS-TV,104416.0,1097126.2116088867
9917,HGS-TV,104416.0,1097463.17364645
9918,HGS-TV,104416.0,1097523.2679157257
9919,HGS-TV,104416.0,1097699.989505291
9920,HGS-TV,104416.0,1097759.9961919785
9921,HGS-TV,104416.0,1098273.6496982574
9922,HGS-TV,104416.0,1098937.7804570198
9923,HGS-TV,104416.0,1098997.8832337856
9924,HGS-TV,104416.0,1099057.9063897133
9925,HGS-TV,104416.0,1099118.0713260174
9926,HGS-TV,104416.0,1099178.1270267963
9927,HGS-TV,104416.0,1099299.6747994423
9928,HGS-TV,104416.0,1099359.710064888
9929,HGS-TV,104416.0,1099447.9538576603
9930,HGS-TV,104416.0,1100085.0924129486
9931,HGS-TV,104416.0,1100491.1374630928
9932,HGS-TV,104416.0,1100711.202229023
9933,HGS-TV,104416.0,1100778.0135326385
9934,HGS-TV,104416.0,1100838.0203227997
9935,HGS-TV,104416.0,1100898.7183914185
9936,HGS-TV,104416.0,1100958.783682108
9937,HGS-TV,104416.0,1101018.8144397736
9938,HGS-TV,104416.0,1101098.5979030132
9939,HGS-TV,104416.0,1102912.5965242386
9940,HGS-TV,104416.0,1102972.775140524
9941,HGS-TV,104416.0,1103032.878109455
9942,HGS-TV,104416.0,1103092.9237220287
9943,HGS-TV,104416.0,1103153.0446517467
9944,HGS-TV,104416.0,1103213.1263010502
9945,HGS-TV,104416.0,1103273.143545866
9946,HGS-TV,104416.0,1103337.7770996094
9947,HGS-TV,104416.0,1103397.8080310822
9948,HGS-TV,104416.0,1103457.8167965412
9949,HGS-TV,104416.0,1103517.8531873226
9950,HGS-TV,104416.0,1103594.188412428
9951,HGS-TV,104416.0,1103654.2633743286
9952,HGS-TV,104416.0,1103714.3661055565
9953,HGS-TV,104416.0,1103774.3850808144
9954,HGS-TV,104416.0,1103849.400799036
9955,HGS-TV,104416.0,1103909.4796090126
9956,HGS-TV,104416.0,1104001.2426900864
9957,HGS-TV,104416.0,1104061.3210406303
9958,HGS-TV,104416.0,1104121.3300106525
9959,HGS-TV,104416.0,1104244.5637938976
9960,HGS-TV,104416.0,1104304.692463398
9961,HGS-TV,104416.0,1104479.4460470676
9962,HGS-TV,104416.0,1104563.4740772247
9963,HGS-TV,104416.0,1104651.0577073097
9964,HGS-TV,104416.0,1104840.1277399063
9965,HGS-TV,104416.0,1104900.2259438038
9966,HGS-TV,104416.0,1104960.2440319061
9967,HGS-TV,104416.0,1105063.7568545341
9968,HGS-TV,104416.0,1105246.6647803783
9969,HGS-TV,104416.0,1105306.7669148445
9970,HGS-TV,104416.0,1105462.1424927711
9971,HGS-TV,104416.0,1105522.1829063892
9972,HGS-TV,104416.0,1105582.1864106655
9973,HGS-TV,104416.0,1105642.2881567478
9974,HGS-TV,104416.0,1105702.3945491314
9975,HGS-TV,104416.0,1105762.4192667007
9976,HGS-TV,104416.0,1105838.0723104477
9977,HGS-TV,104416.0,1105898.0967814922
9978,HGS-TV,104416.0,1105958.1747112274
9979,HGS-TV,104416.0,1106171.0029466152
9980,HGS-TV,104416.0,1106296.1974828243
9981,HGS-TV,104416.0,1106456.4349775314
9982,HGS-TV,104416.0,1106558.5600223541
9983,HGS-TV,104416.0,1106630.1619374752
9984,HGS-TV,104416.0,1106690.200975418
9985,HGS-TV,104416.0,1106750.3487529755
9986,HGS-TV,104416.0,1106810.3557226658
9987,HGS-TV,104416.0,1107034.0155096054
9988,HGS-TV,104416.0,1107094.0372180939
9989,HGS-TV,104416.0,1107414.802359581
9990,HGS-TV,104416.0,1107580.64453578
9991,HGS-TV,104416.0,1107712.9948244095
9992,HGS-TV,104416.0,1107773.0519902706
9993,HGS-TV,104416.0,1107833.091201067
9994,HGS-TV,104416.0,1107893.1738255024
9995,HGS-TV,104416.0,1107953.2258059978
9996,HGS-TV,104416.0,1108013.256414175
9997,HGS-TV,104416.0,1108073.3404312134
9998,HGS-TV,104416.0,1108133.3507843018
9999,HGS-TV,104416.0,1108301.0382556915
10000,HGS-TV,104416.0,1108406.7649259567
10001,HGS-TV,104416.0,1108473.2595021725
10002,HGS-TV,104416.0,1108582.855443716
10003,HGS-TV,104416.0,1108642.87509346
10004,HGS-TV,104416.0,1108702.9594624043
10005,HGS-TV,104416.0,1108762.9764568806
10006,HGS-TV,104416.0,1108827.98224926
10007,HGS-TV,104416.0,1108887.9843628407
10008,HGS-TV,104416.0,1108948.084658146
10009,HGS-TV,104416.0,1109008.1104485989
10010,HGS-TV,104416.0,1109068.1727199554
10011,HGS-TV,104416.0,1109128.1840901375
10012,HGS-TV,104416.0,1109193.2044069767
10013,HGS-TV,104416.0,1109253.233885765
10014,HGS-TV,104416.0,1109313.2572202682
10015,HGS-TV,104416.0,1109373.3129076958
10016,HGS-TV,104416.0,1109433.3797032833
10017,HGS-TV,104416.0,1109493.3974556923
10018,HGS-TV,104416.0,1109553.4981398582
10019,HGS-TV,104416.0,1109613.5934948921
10020,HGS-TV,104416.0,1109673.6636030674
10021,HGS-TV,104416.0,1109733.8194453716
10022,HGS-TV,104416.0,1109793.922683239
10023,HGS-TV,104416.0,1109853.9550852776
10024,HGS-TV,104416.0,1109914.0483739376
10025,HGS-TV,104416.0,1109974.0889267921
10026,HGS-TV,104416.0,1110034.2005257607
10027,HGS-TV,104416.0,1110094.2433867455
10028,HGS-TV,104416.0,1110234.3237390518
10029,HGS-TV,104416.0,1110294.4061620235
10030,HGS-TV,104416.0,1110354.4437873363
10031,HGS-TV,104416.0,1110479.4349455833
10032,HGS-TV,104416.0,1110541.7305238247
10033,HGS-TV,104416.0,1110608.3793118
10034,HGS-TV,104416.0,1110668.429644823
10035,HGS-TV,104416.0,1110728.4834980965
10036,HGS-TV,104416.0,1110788.5408906937
10037,HGS-TV,104416.0,1110848.601017952
10038,HGS-TV,104416.0,1110908.6608743668
10039,HGS-TV,104416.0,1110968.6817576885
10040,HGS-TV,104416.0,1111033.4838986397
10041,HGS-TV,104416.0,1111093.5586459637
10042,HGS-TV,104416.0,1111153.6320037842
10043,HGS-TV,104416.0,1111213.6491429806
10044,HGS-TV,104416.0,1111273.6694540977
10045,HGS-TV,104416.0,1111337.997570753
10046,HGS-TV,104416.0,1111398.0259993076
10047,HGS-TV,104416.0,1111486.3748242855
10048,HGS-TV,104416.0,1111684.38549304
10049,HGS-TV,104416.0,1111763.5321953297
10050,HGS-TV,104416.0,1111823.5574564934
10051,HGS-TV,104416.0,1111895.6069889069
10052,ails2_etaMax1.000_stoppingTime1728000.00,104452.0,1111899.9750529786
10053,HGS-TV,104416.0,1111955.6441247463
10054,ails2_etaMax1.000_stoppingTime1728000.00,104451.0,1111934.4440529784
10055,HGS-TV,104416.0,1112015.7492432594
10056,HGS-TV,104416.0,1112075.7806136608
10057,HGS-TV,104416.0,1112135.868780613
10058,HGS-TV,104416.0,1112195.890043497
10059,HGS-TV,104416.0,1112257.0087549686
10060,HGS-TV,104416.0,1112325.0107414722
10061,HGS-TV,104416.0,1112385.0890331268
10062,HGS-TV,104416.0,1112445.0942299366
10063,HGS-TV,104416.0,1112505.1541192532
10064,HGS-TV,104416.0,1112565.1806864738
10065,HGS-TV,104416.0,1112625.1966774464
10066,HGS-TV,104416.0,1112685.2365906239
10067,HGS-TV,104416.0,1112806.434750557
10068,HGS-TV,104416.0,1112866.5172424316
10069,HGS-TV,104416.0,1112926.55782938
10070,HGS-TV,104416.0,1112986.632115364
10071,HGS-TV,104416.0,1113140.3781569004
10072,HGS-TV,104416.0,1113811.6126179695
10073,HGS-TV,104416.0,1113871.6678874493
10074,HGS-TV,104416.0,1113931.7746350765
10075,HGS-TV,104416.0,1114986.6743512154
10076,HGS-TV,104416.0,1115046.7171497345
10077,HGS-TV,104416.0,1115163.1605210304
10078,HGS-TV,104416.0,1115308.7944481373
10079,HGS-TV,104416.0,1115368.9010295868
10080,HGS-TV,104416.0,1115494.0284278393
10081,HGS-TV,104416.0,1115554.064087391
10082,HGS-TV,104416.0,1115614.1891608238
10083,HGS-TV,104416.0,1115674.8971328735
10084,HGS-TV,104416.0,1115837.9057457447
10085,HGS-TV,104416.0,1115923.6233582497
10086,HGS-TV,104416.0,1115983.682374239
10087,HGS-TV,104416.0,1116043.7282845974
10088,HGS-TV,104416.0,1116409.6443676949
10089,HGS-TV,104416.0,1117123.490171671
10090,HGS-TV,104416.0,1118041.5849983692
10091,HGS-TV,104416.0,1118223.3945858479
10092,HGS-TV,104416.0,1119047.6980144978
10093,HGS-TV,104416.0,1119107.712994814
10094,HGS-TV,104416.0,1119167.7702217102
10095,HGS-TV,104416.0,1119346.5816633701
10096,HGS-TV,104416.0,1119406.7083768845
10097,HGS-TV,104416.0,1119501.2409276962
10098,HGS-TV,104416.0,1119561.269276619
10099,HGS-TV,104416.0,1119621.279309988
10100,HGS-TV,104416.0,1120115.1593227386
10101,HGS-TV,104416.0,1121745.2619102001
10102,HGS-TV,104416.0,1121805.3429980278
10103,HGS-TV,104416.0,1121865.433374405
10104,HGS-TV,104416.0,1121925.4847636223
10105,HGS-TV,104416.0,1121985.5651242733
