id,algo_name,score,runningtime
1,filo2,32708.0,61.97536253929138
2,ails2_etaMax1.000_stoppingTime1728000.00,31866.0,35.7330556640625
3,ails2_etaMax1.000_stoppingTime432000.00,31981.0,63.7940556640625
4,ails2_etaMax1.000_stoppingTime86400.00,31925.0,25.7070556640625
5,ails2_eoh_acc,31641.0,63.0410556640625
6,ails2_etaMax1.000_stoppingTime864000.00,32001.0,60.0800556640625
7,ails2_eoh_omega2,31611.0,54.0580556640625
8,ails2_eoh_acc_large,31563.0,64.8330556640625
9,ails2_etaMax0.005_stoppingTime86400.00,31579.0,63.0930556640625
10,ails2_etaMax0.020_stoppingTime86400.00,31593.0,59.5380556640625
11,ails2_etaMax0.010_stoppingTime432000.00,31550.0,64.5800556640625
12,filo2,32618.0,122.08302783966064
13,ails2_etaMax1.000_stoppingTime86400.00,31862.0,101.8820556640625
14,ails2_eoh_acc,31552.0,120.6120556640625
15,ails2_etaMax1.000_stoppingTime432000.00,31911.0,80.2070556640625
16,ails2_etaMax1.000_stoppingTime864000.00,31967.0,91.2390556640625
17,ails2_eoh_omega2,31590.0,125.6630556640625
18,ails2_etaMax0.010_stoppingTime432000.00,31445.0,116.3200556640625
19,ails2_eoh_acc_large,31553.0,124.3270556640625
20,ails2_etaMax0.020_stoppingTime86400.00,31547.0,123.3550556640625
21,ails2_etaMax0.005_stoppingTime86400.00,31502.0,119.2200556640625
22,ails2_etaMax1.000_stoppingTime1728000.00,31852.0,136.0280556640625
23,ails2_etaMax1.000_stoppingTime432000.00,31833.0,159.0950556640625
24,ails2_eoh_acc,31551.0,126.8170556640625
25,ails2_eoh_omega2,31567.0,184.8580556640625
26,ails2_etaMax0.005_stoppingTime86400.00,31467.0,186.4680556640625
27,ails2_etaMax1.000_stoppingTime864000.00,31949.0,184.0360556640625
28,ails2_etaMax0.010_stoppingTime432000.00,31429.0,159.6680556640625
29,ails2_eoh_acc_large,31542.0,169.9620556640625
30,ails2_etaMax0.020_stoppingTime86400.00,31521.0,171.2960556640625
31,HGS-TV,31541.0,189.36067295074463
32,ails2_etaMax1.000_stoppingTime432000.00,31804.0,193.4770556640625
33,ails2_etaMax0.020_stoppingTime86400.00,31519.0,209.0660556640625
34,ails2_etaMax0.010_stoppingTime432000.00,31419.0,237.2170556640625
35,ails2_eoh_acc_large,31532.0,226.0870556640625
36,ails2_etaMax1.000_stoppingTime864000.00,31922.0,240.7640556640625
37,ails2_eoh_omega2,31557.0,239.3720556640625
38,ails2_etaMax0.005_stoppingTime86400.00,31444.0,243.5240556640625
39,ails2_eoh_acc,31550.0,297.2730556640625
40,ails2_eoh_acc_large,31526.0,300.8850556640625
41,ails2_eoh_omega2,31551.0,300.5200556640625
42,ails2_etaMax1.000_stoppingTime864000.00,31856.0,282.2850556640625
43,ails2_etaMax0.005_stoppingTime86400.00,31421.0,295.1840556640625
44,ails2_etaMax0.020_stoppingTime86400.00,31516.0,323.3300556640625
45,ails2_etaMax1.000_stoppingTime86400.00,31856.0,349.8030556640625
46,ails2_eoh_acc,31536.0,350.5510556640625
47,ails2_eoh_omega2,31543.0,356.6360556640625
48,ails2_eoh_acc_large,31487.0,332.5730556640625
49,ails2_etaMax0.020_stoppingTime86400.00,31515.0,323.3730556640625
50,ails2_etaMax1.000_stoppingTime86400.00,31792.0,356.0340556640625
51,ails2_eoh_acc,31515.0,417.7570556640625
52,ails2_eoh_acc_large,31486.0,372.3310556640625
53,ails2_eoh_omega2,31539.0,400.4880556640625
54,ails2_etaMax0.020_stoppingTime86400.00,31499.0,444.5970556640625
55,ails2_eoh_acc,31512.0,441.3240556640625
56,ails2_eoh_acc_large,31485.0,499.3180556640625
57,ails2_etaMax0.020_stoppingTime86400.00,31495.0,502.7600556640625
58,ails2_etaMax0.010_stoppingTime432000.00,31417.0,513.5850556640625
59,ails2_eoh_acc,31511.0,500.3340556640625
60,ails2_eoh_acc_large,31483.0,549.9010556640625
61,ails2_etaMax0.020_stoppingTime86400.00,31483.0,564.3460556640625
62,ails2_etaMax0.010_stoppingTime432000.00,31398.0,569.4070556640625
63,ails2_eoh_acc,31509.0,581.3820556640625
64,ails2_etaMax1.000_stoppingTime864000.00,31837.0,608.9060556640625
65,ails2_etaMax0.005_stoppingTime86400.00,31420.0,626.9140556640625
66,ails2_etaMax0.020_stoppingTime86400.00,31479.0,623.4390556640625
67,ails2_eoh_acc_large,31482.0,632.2260556640625
68,ails2_etaMax0.010_stoppingTime432000.00,31396.0,663.3280556640625
69,ails2_etaMax1.000_stoppingTime864000.00,31815.0,608.9940556640624
70,ails2_eoh_acc,31508.0,670.9700556640626
71,ails2_etaMax1.000_stoppingTime86400.00,31791.0,674.8380556640625
72,ails2_eoh_acc_large,31478.0,670.5410556640625
73,ails2_etaMax0.005_stoppingTime86400.00,31418.0,717.1030556640625
74,ails2_etaMax0.010_stoppingTime432000.00,31387.0,714.2850556640625
75,ails2_etaMax1.000_stoppingTime864000.00,31809.0,670.4290556640625
76,ails2_etaMax1.000_stoppingTime1728000.00,31844.0,732.2810556640625
77,ails2_etaMax1.000_stoppingTime86400.00,31780.0,713.3140556640625
78,ails2_etaMax0.005_stoppingTime86400.00,31403.0,737.0240556640625
79,ails2_etaMax0.010_stoppingTime432000.00,31364.0,782.7870556640624
80,ails2_etaMax1.000_stoppingTime1728000.00,31798.0,791.5520556640626
81,ails2_eoh_omega2,31538.0,818.2490556640626
82,ails2_eoh_acc,31507.0,832.6460556640625
83,ails2_etaMax0.010_stoppingTime432000.00,31358.0,801.3520556640625
84,ails2_eoh_omega2,31530.0,874.2600556640625
85,ails2_etaMax0.010_stoppingTime432000.00,31355.0,899.0240556640625
86,ails2_etaMax0.005_stoppingTime86400.00,31400.0,948.4790556640625
87,ails2_eoh_omega2,31529.0,948.9360556640625
88,ails2_etaMax0.010_stoppingTime432000.00,31353.0,909.7860556640625
89,HGS-TV,31539.0,981.1180474758148
90,ails2_eoh_omega2,31528.0,991.6170556640625
91,ails2_etaMax1.000_stoppingTime86400.00,31776.0,1038.6780556640624
92,ails2_etaMax0.005_stoppingTime86400.00,31399.0,1058.8400556640624
93,ails2_etaMax0.020_stoppingTime86400.00,31477.0,1070.0190556640625
94,ails2_eoh_omega2,31520.0,1049.0740556640626
95,ails2_eoh_acc_large,31477.0,1113.7710556640625
96,ails2_etaMax0.005_stoppingTime86400.00,31388.0,1098.1810556640626
97,HGS-TV,31538.0,1134.0045595169067
98,ails2_etaMax0.005_stoppingTime86400.00,31386.0,1171.1210556640624
99,ails2_eoh_omega2,31517.0,1190.0360556640626
100,ails2_etaMax1.000_stoppingTime86400.00,31772.0,1214.4750556640624
101,ails2_eoh_omega2,31515.0,1239.9920556640625
102,ails2_etaMax1.000_stoppingTime432000.00,31782.0,1274.7440556640624
103,ails2_etaMax1.000_stoppingTime86400.00,31700.0,1218.1040556640626
104,HGS-TV,31536.0,1297.519282579422
105,ails2_etaMax0.010_stoppingTime432000.00,31350.0,1384.2830556640624
106,HGS-TV,31534.0,1421.2346942424774
107,ails2_etaMax0.010_stoppingTime432000.00,31349.0,1440.1590556640624
108,ails2_etaMax0.020_stoppingTime86400.00,31475.0,1469.6000556640624
109,HGS-TV,31533.0,1481.247682094574
110,ails2_eoh_acc,31506.0,1488.1400556640624
111,ails2_etaMax0.020_stoppingTime86400.00,31458.0,1515.8050556640626
112,HGS-TV,31532.0,1581.2705483436584
113,ails2_etaMax0.020_stoppingTime86400.00,31450.0,1585.8310556640624
114,ails2_etaMax0.020_stoppingTime86400.00,31449.0,1639.4570556640624
115,ails2_eoh_acc,31501.0,1725.9070556640625
116,ails2_eoh_acc,31498.0,1735.5730556640624
117,ails2_etaMax0.010_stoppingTime432000.00,31347.0,1813.7090556640626
118,ails2_etaMax0.020_stoppingTime86400.00,31448.0,1841.7520556640625
119,ails2_etaMax0.010_stoppingTime432000.00,31338.0,1831.1970556640624
120,HGS-TV,31531.0,1917.0077903270721
121,ails2_etaMax0.010_stoppingTime432000.00,31332.0,1934.5130556640624
122,ails2_eoh_acc_large,31476.0,1961.6470556640625
123,ails2_etaMax0.010_stoppingTime432000.00,31329.0,1981.7850556640626
124,HGS-TV,31526.0,2089.541229724884
125,ails2_eoh_acc,31497.0,2094.8570556640625
126,ails2_etaMax0.010_stoppingTime432000.00,31327.0,2142.8470556640623
127,ails2_etaMax1.000_stoppingTime1728000.00,31794.0,2186.3930556640626
128,ails2_etaMax0.010_stoppingTime432000.00,31325.0,2236.5270556640626
129,ails2_eoh_acc_large,31475.0,2273.1220556640624
130,ails2_etaMax0.010_stoppingTime432000.00,31313.0,2294.1230556640626
131,ails2_etaMax1.000_stoppingTime1728000.00,31780.0,2325.5920556640626
132,ails2_etaMax0.010_stoppingTime432000.00,31309.0,2334.3670556640627
133,ails2_etaMax1.000_stoppingTime1728000.00,31765.0,2325.6310556640624
134,HGS-TV,31524.0,2452.270814180374
135,ails2_eoh_acc_large,31474.0,2457.5130556640624
136,ails2_etaMax1.000_stoppingTime432000.00,31781.0,2459.0420556640624
137,ails2_etaMax1.000_stoppingTime432000.00,31778.0,2459.2090556640624
138,ails2_etaMax0.005_stoppingTime86400.00,31385.0,2546.6990556640626
139,HGS-TV,31523.0,2558.13147854805
140,ails2_etaMax0.005_stoppingTime86400.00,31383.0,2550.7610556640625
141,HGS-TV,31519.0,2618.1575005054474
142,ails2_etaMax1.000_stoppingTime432000.00,31734.0,2638.1340556640625
143,ails2_etaMax1.000_stoppingTime864000.00,31808.0,2663.2400556640623
144,HGS-TV,31517.0,2678.3797397613525
145,ails2_etaMax1.000_stoppingTime864000.00,31740.0,2663.3040556640626
146,HGS-TV,31515.0,2794.5590188503265
147,ails2_eoh_acc_large,31473.0,2807.4050556640623
148,ails2_eoh_acc_large,31470.0,2812.2760556640624
149,ails2_etaMax0.010_stoppingTime432000.00,31308.0,2873.3870556640627
150,HGS-TV,31513.0,2922.1876916885376
151,ails2_etaMax0.010_stoppingTime432000.00,31295.0,2905.9020556640626
152,ails2_eoh_acc_large,31469.0,2954.0950556640623
153,HGS-TV,31508.0,2982.234768629074
154,ails2_etaMax0.005_stoppingTime86400.00,31382.0,3024.9700556640623
155,ails2_etaMax0.010_stoppingTime432000.00,31294.0,3048.1210556640626
156,ails2_etaMax0.005_stoppingTime86400.00,31379.0,3027.3190556640625
157,ails2_etaMax0.010_stoppingTime432000.00,31291.0,3058.2850556640624
158,ails2_etaMax0.005_stoppingTime86400.00,31376.0,3140.9330556640625
159,ails2_etaMax0.010_stoppingTime432000.00,31288.0,3131.7120556640625
160,ails2_etaMax0.005_stoppingTime86400.00,31375.0,3167.4720556640623
161,ails2_etaMax1.000_stoppingTime1728000.00,31762.0,3244.7710556640627
162,HGS-TV,31505.0,3330.721521139145
163,ails2_etaMax1.000_stoppingTime1728000.00,31752.0,3431.6190556640627
164,HGS-TV,31504.0,3460.8883199691772
165,ails2_etaMax1.000_stoppingTime1728000.00,31716.0,3431.7080556640626
166,HGS-TV,31503.0,3521.1289932727814
167,ails2_eoh_acc_large,31286.0,3665.2890556640623
168,ails2_eoh_omega2,31512.0,3698.7600556640623
169,ails2_eoh_acc_large,31283.0,3739.5390556640623
170,ails2_eoh_omega2,31508.0,3741.6190556640627
171,ails2_eoh_omega2,31505.0,3775.7420556640627
172,ails2_etaMax0.010_stoppingTime432000.00,31285.0,4179.667055664063
173,ails2_etaMax1.000_stoppingTime86400.00,31688.0,4404.805055664063
174,ails2_etaMax1.000_stoppingTime86400.00,31669.0,4404.840055664063
175,HGS-TV,31283.0,4493.9291915893555
176,ails2_etaMax1.000_stoppingTime86400.00,31659.0,4512.391055664062
177,ails2_eoh_acc_large,31281.0,4581.644055664063
178,ails2_eoh_omega2,31504.0,4625.774055664063
179,ails2_eoh_acc_large,31279.0,4597.051055664063
180,ails2_eoh_omega2,31503.0,4851.731055664062
181,HGS-TV,31282.0,4870.9004719257355
182,ails2_eoh_omega2,31502.0,4859.024055664063
183,ails2_etaMax1.000_stoppingTime86400.00,31651.0,5028.632055664062
184,ails2_etaMax0.005_stoppingTime86400.00,31287.0,5120.996055664063
185,ails2_etaMax0.005_stoppingTime86400.00,31283.0,5139.534055664062
186,ails2_etaMax0.005_stoppingTime86400.00,31278.0,5214.852055664062
187,ails2_etaMax0.005_stoppingTime86400.00,31275.0,5289.537055664063
188,ails2_etaMax1.000_stoppingTime86400.00,31650.0,5321.593055664062
189,HGS-TV,31281.0,5321.72088098526
190,ails2_etaMax0.020_stoppingTime86400.00,31286.0,5355.849055664063
191,ails2_etaMax0.005_stoppingTime86400.00,31274.0,5360.809055664063
192,ails2_etaMax1.000_stoppingTime86400.00,31590.0,5322.2500556640625
193,ails2_eoh_omega2,31499.0,5416.602055664062
194,ails2_eoh_omega2,31497.0,5464.097055664062
195,HGS-TV,31280.0,5530.545738935471
196,ails2_etaMax0.020_stoppingTime86400.00,31284.0,5635.310055664063
197,HGS-TV,31279.0,5886.03639626503
198,ails2_etaMax0.010_stoppingTime432000.00,31284.0,6023.102055664062
199,HGS-TV,31277.0,6083.85617852211
200,ails2_etaMax0.005_stoppingTime86400.00,31273.0,6120.690055664062
201,HGS-TV,31275.0,6176.066069841385
202,ails2_etaMax0.010_stoppingTime432000.00,31283.0,6336.813055664063
203,ails2_etaMax0.005_stoppingTime86400.00,31272.0,6407.452055664063
204,ails2_etaMax1.000_stoppingTime432000.00,31725.0,6438.209055664062
205,ails2_etaMax0.010_stoppingTime432000.00,31280.0,6441.568055664063
206,ails2_etaMax0.005_stoppingTime86400.00,31269.0,6425.465055664063
207,ails2_etaMax0.010_stoppingTime432000.00,31279.0,6456.824055664062
208,ails2_etaMax0.010_stoppingTime432000.00,31277.0,6546.643055664063
209,HGS-TV,31274.0,6565.434263944626
210,HGS-TV,31272.0,6625.48078751564
211,ails2_etaMax0.020_stoppingTime86400.00,31283.0,6930.096055664062
212,HGS-TV,31270.0,6998.243649959564
213,ails2_etaMax1.000_stoppingTime86400.00,31576.0,7189.074055664062
214,HGS-TV,31264.0,7199.5567100048065
215,ails2_etaMax1.000_stoppingTime86400.00,31553.0,7189.622055664063
216,ails2_eoh_acc_large,31261.0,7251.812055664062
217,ails2_eoh_acc,31261.0,7243.643055664063
218,ails2_eoh_acc,31257.0,7319.659055664062
219,ails2_eoh_acc_large,31253.0,7311.302055664062
220,ails2_etaMax0.010_stoppingTime432000.00,31276.0,7358.557055664062
221,HGS-TV,31261.0,7359.730562925339
222,ails2_eoh_acc,31255.0,7333.145055664062
223,ails2_eoh_acc_large,31250.0,7354.946055664062
224,ails2_etaMax0.010_stoppingTime432000.00,31275.0,7450.068055664063
225,ails2_etaMax0.005_stoppingTime86400.00,31262.0,7451.0890556640625
226,ails2_etaMax0.010_stoppingTime432000.00,31274.0,7464.061055664062
227,ails2_eoh_acc,31254.0,7550.864055664062
228,ails2_etaMax0.005_stoppingTime86400.00,31261.0,7557.670055664063
229,ails2_eoh_acc,31252.0,7586.593055664062
230,ails2_etaMax0.005_stoppingTime86400.00,31260.0,7566.417055664063
231,ails2_eoh_acc_large,31248.0,7663.537055664063
232,ails2_eoh_acc,31251.0,7642.832055664063
233,ails2_etaMax0.005_stoppingTime86400.00,31256.0,7646.417055664063
234,HGS-TV,31260.0,7729.055221557617
235,ails2_eoh_acc,31250.0,7728.945055664062
236,ails2_etaMax0.020_stoppingTime86400.00,31260.0,7747.4240556640625
237,ails2_etaMax0.020_stoppingTime86400.00,31259.0,7750.695055664062
238,ails2_etaMax0.020_stoppingTime86400.00,31252.0,7853.370055664062
239,ails2_etaMax0.020_stoppingTime86400.00,31249.0,7914.074055664062
240,ails2_etaMax0.020_stoppingTime86400.00,31245.0,8014.202055664063
241,ails2_etaMax1.000_stoppingTime86400.00,31532.0,8107.691055664062
242,ails2_etaMax0.020_stoppingTime86400.00,31244.0,8332.975055664063
243,ails2_etaMax0.020_stoppingTime86400.00,31243.0,8408.812055664062
244,ails2_etaMax0.020_stoppingTime86400.00,31239.0,8409.352055664063
245,ails2_etaMax0.020_stoppingTime86400.00,31235.0,8502.722055664062
246,ails2_etaMax1.000_stoppingTime86400.00,31521.0,9078.622055664062
247,ails2_eoh_acc,31249.0,9326.961055664062
248,ails2_etaMax0.005_stoppingTime86400.00,31254.0,9423.939055664063
249,ails2_etaMax0.005_stoppingTime86400.00,31253.0,9500.423055664063
250,ails2_etaMax0.005_stoppingTime86400.00,31250.0,9514.654055664063
251,ails2_etaMax0.005_stoppingTime86400.00,31247.0,9614.187055664062
252,HGS-TV,31259.0,9778.814383745193
253,ails2_etaMax0.020_stoppingTime86400.00,31234.0,10060.206055664063
254,ails2_etaMax0.020_stoppingTime86400.00,31231.0,10066.054055664063
255,HGS-TV,31258.0,10212.02336525917
256,ails2_etaMax1.000_stoppingTime86400.00,31508.0,10247.245055664063
257,HGS-TV,31256.0,10382.50691318512
258,HGS-TV,31254.0,10677.018444776535
259,ails2_etaMax1.000_stoppingTime86400.00,31505.0,10754.970055664062
260,ails2_eoh_acc_large,31230.0,10818.314055664063
261,ails2_eoh_acc,31230.0,10956.603055664062
262,ails2_eoh_acc_large,31229.0,10992.109055664063
263,ails2_eoh_acc,31229.0,11076.734055664063
264,ails2_eoh_acc_large,31228.0,11153.449055664063
265,ails2_etaMax1.000_stoppingTime86400.00,31501.0,11296.616055664063
266,ails2_etaMax1.000_stoppingTime86400.00,31500.0,11336.624055664062
267,HGS-TV,31229.0,11379.087240934372
268,ails2_etaMax1.000_stoppingTime86400.00,31492.0,11441.771055664063
269,ails2_eoh_acc,31228.0,11492.439055664063
270,ails2_etaMax1.000_stoppingTime86400.00,31472.0,11442.299055664062
271,HGS-TV,31228.0,11757.563829660416
272,ails2_etaMax1.000_stoppingTime432000.00,31719.0,12081.443055664062
273,ails2_etaMax0.010_stoppingTime432000.00,31273.0,12246.604055664062
274,ails2_etaMax1.000_stoppingTime86400.00,31465.0,12248.013055664063
275,ails2_etaMax0.010_stoppingTime432000.00,31271.0,12252.992055664063
276,ails2_etaMax0.010_stoppingTime432000.00,31270.0,12339.237055664062
277,ails2_etaMax1.000_stoppingTime1728000.00,31712.0,12684.721055664062
278,ails2_etaMax0.010_stoppingTime432000.00,31268.0,12810.049055664062
279,ails2_etaMax0.010_stoppingTime432000.00,31267.0,12816.390055664062
280,ails2_etaMax0.010_stoppingTime432000.00,31266.0,12965.858055664063
281,ails2_etaMax1.000_stoppingTime86400.00,31461.0,13110.701055664062
282,ails2_etaMax1.000_stoppingTime86400.00,31447.0,13112.236055664063
283,ails2_eoh_omega2,31496.0,13175.799055664062
284,ails2_eoh_omega2,31488.0,13196.411055664063
285,ails2_eoh_omega2,31486.0,13366.802055664062
286,ails2_eoh_omega2,31485.0,13985.460055664062
287,ails2_eoh_omega2,31484.0,13992.367055664063
288,ails2_etaMax1.000_stoppingTime432000.00,31704.0,14091.178055664062
289,ails2_eoh_omega2,31481.0,14140.036055664063
290,ails2_eoh_omega2,31480.0,14147.261055664063
291,ails2_etaMax1.000_stoppingTime432000.00,31690.0,14437.304055664063
292,ails2_etaMax1.000_stoppingTime432000.00,31645.0,14437.866055664063
293,ails2_etaMax1.000_stoppingTime864000.00,31731.0,14528.542055664062
294,ails2_etaMax1.000_stoppingTime864000.00,31726.0,14528.568055664062
295,ails2_eoh_omega2,31479.0,14664.354055664062
296,ails2_eoh_omega2,31478.0,14770.583055664063
297,ails2_eoh_omega2,31472.0,14811.920055664063
298,ails2_eoh_omega2,31469.0,15162.522055664063
299,ails2_eoh_omega2,31465.0,15194.845055664062
300,ails2_eoh_acc_large,31227.0,15227.106055664062
301,ails2_etaMax1.000_stoppingTime86400.00,31444.0,15261.158055664062
302,ails2_eoh_omega2,31464.0,15228.529055664063
303,ails2_etaMax1.000_stoppingTime86400.00,31419.0,15263.107055664062
304,ails2_eoh_omega2,31462.0,15470.827055664062
305,ails2_eoh_omega2,31460.0,15471.760055664063
306,ails2_eoh_omega2,31458.0,15648.795055664063
307,ails2_eoh_omega2,31452.0,15671.918055664062
308,ails2_eoh_omega2,31450.0,16142.991055664063
309,ails2_eoh_omega2,31449.0,16323.122055664062
310,ails2_eoh_omega2,31448.0,16329.428055664062
311,ails2_eoh_omega2,31447.0,16692.29705566406
312,ails2_eoh_omega2,31441.0,16718.92205566406
313,ails2_etaMax1.000_stoppingTime86400.00,31417.0,16762.481055664062
314,ails2_eoh_omega2,31433.0,16810.76405566406
315,ails2_etaMax0.010_stoppingTime432000.00,31265.0,16815.944055664062
316,ails2_etaMax1.000_stoppingTime86400.00,31416.0,16762.569055664062
317,ails2_eoh_omega2,31430.0,16817.01205566406
318,ails2_etaMax0.010_stoppingTime432000.00,31264.0,16822.955055664064
319,ails2_etaMax1.000_stoppingTime864000.00,31691.0,17789.88405566406
320,HGS-TV,31227.0,17842.51025080681
321,ails2_etaMax1.000_stoppingTime86400.00,31414.0,19134.505055664064
322,ails2_etaMax1.000_stoppingTime86400.00,31407.0,19134.536055664063
323,ails2_etaMax1.000_stoppingTime86400.00,31380.0,19215.22405566406
324,ails2_eoh_omega2,31429.0,19285.383055664064
325,ails2_eoh_omega2,31427.0,19330.930055664063
326,ails2_eoh_omega2,31423.0,19355.45805566406
327,ails2_etaMax1.000_stoppingTime432000.00,31623.0,19487.55005566406
328,ails2_etaMax1.000_stoppingTime432000.00,31598.0,19487.60105566406
329,ails2_etaMax1.000_stoppingTime86400.00,31370.0,20424.78205566406
330,ails2_etaMax1.000_stoppingTime86400.00,31364.0,20425.338055664062
331,ails2_etaMax0.010_stoppingTime432000.00,31263.0,20734.875055664063
332,ails2_etaMax1.000_stoppingTime86400.00,31363.0,20840.783055664062
333,ails2_etaMax0.010_stoppingTime432000.00,31262.0,20849.071055664062
334,ails2_etaMax1.000_stoppingTime86400.00,31362.0,21045.90205566406
335,ails2_etaMax1.000_stoppingTime86400.00,31359.0,22670.000055664063
336,HGS-TV,31227.0,22722.22049331665
337,HGS-TV,31227.0,22782.346721172333
338,HGS-TV,31227.0,22842.595111370087
339,HGS-TV,31227.0,22902.859558820724
340,HGS-TV,31227.0,22963.015837192535
341,HGS-TV,31227.0,23023.073106765747
342,HGS-TV,31227.0,23083.434098005295
343,HGS-TV,31227.0,23143.452826976776
344,HGS-TV,31227.0,23203.549032211304
345,ails2_etaMax1.000_stoppingTime864000.00,31686.0,23233.803055664062
346,HGS-TV,31227.0,23263.9492559433
347,ails2_etaMax1.000_stoppingTime864000.00,31683.0,23233.840055664063
348,HGS-TV,31227.0,23324.299769878387
349,HGS-TV,31227.0,23384.535326242447
350,HGS-TV,31227.0,23444.626249074936
351,HGS-TV,31227.0,23559.005032777786
352,ails2_etaMax1.000_stoppingTime864000.00,31675.0,23575.951055664063
353,HGS-TV,31227.0,23638.30480980873
354,HGS-TV,31227.0,23698.67900943756
355,HGS-TV,31227.0,23758.725811481476
356,HGS-TV,31227.0,23955.641151428223
357,HGS-TV,31227.0,24083.76744365692
358,HGS-TV,31227.0,24187.775969982147
359,HGS-TV,31227.0,24248.01375079155
360,ails2_etaMax1.000_stoppingTime86400.00,31356.0,24262.588055664062
361,ails2_etaMax1.000_stoppingTime86400.00,31350.0,24263.810055664064
362,HGS-TV,31227.0,24401.904635190964
363,HGS-TV,31227.0,24509.772717237473
364,HGS-TV,31227.0,24570.00077176094
365,HGS-TV,31227.0,24630.2153673172
366,HGS-TV,31227.0,24690.299249887466
367,HGS-TV,31227.0,24766.35399365425
368,HGS-TV,31227.0,24826.420257091522
369,HGS-TV,31227.0,24886.74227786064
370,HGS-TV,31227.0,25391.87062716484
371,HGS-TV,31227.0,25452.05500817299
372,ails2_etaMax1.000_stoppingTime86400.00,31339.0,25547.90705566406
373,ails2_etaMax0.010_stoppingTime432000.00,31261.0,25613.15505566406
374,HGS-TV,31227.0,25622.59394645691
375,ails2_etaMax0.010_stoppingTime432000.00,31258.0,25629.87105566406
376,HGS-TV,31227.0,25682.67930173874
377,ails2_etaMax0.010_stoppingTime432000.00,31256.0,25815.072055664063
378,ails2_etaMax1.000_stoppingTime86400.00,31334.0,25844.022055664063
379,HGS-TV,31227.0,25905.103544712067
380,ails2_etaMax0.010_stoppingTime432000.00,31255.0,25912.859055664063
381,ails2_etaMax0.010_stoppingTime432000.00,31253.0,25962.789055664063
382,HGS-TV,31227.0,25996.736859321594
383,HGS-TV,31227.0,26057.074557304382
384,HGS-TV,31227.0,26164.51997447014
385,HGS-TV,31227.0,26243.349588155746
386,HGS-TV,31227.0,26450.190373659134
387,HGS-TV,31227.0,26510.25522494316
388,HGS-TV,31227.0,26617.771419525146
389,HGS-TV,31227.0,26704.011150598526
390,HGS-TV,31227.0,26764.215152025223
391,HGS-TV,31227.0,26824.42643737793
392,HGS-TV,31227.0,26898.18449664116
393,HGS-TV,31227.0,27101.49342608452
394,HGS-TV,31227.0,27256.50240254402
395,HGS-TV,31227.0,27316.639455080032
396,HGS-TV,31227.0,27732.420394659042
397,HGS-TV,31227.0,27792.704834461212
398,HGS-TV,31227.0,27852.97225999832
399,ails2_etaMax1.000_stoppingTime864000.00,31674.0,27926.075055664063
400,HGS-TV,31227.0,27972.094037771225
401,HGS-TV,31227.0,28046.50437927246
402,ails2_etaMax1.000_stoppingTime86400.00,31333.0,28070.258055664064
403,HGS-TV,31227.0,28106.812561035156
404,ails2_etaMax1.000_stoppingTime86400.00,31317.0,28112.36805566406
405,HGS-TV,31227.0,28166.914503335953
406,ails2_etaMax1.000_stoppingTime86400.00,31314.0,28133.27805566406
407,HGS-TV,31227.0,28227.109211444855
408,HGS-TV,31227.0,28305.119581460953
409,ails2_etaMax1.000_stoppingTime432000.00,31590.0,28584.20805566406
410,HGS-TV,31227.0,28623.858038663864
411,ails2_etaMax1.000_stoppingTime432000.00,31587.0,28584.233055664063
412,HGS-TV,31227.0,28684.00299692154
413,HGS-TV,31227.0,28832.590759038925
414,ails2_eoh_omega2,31422.0,28909.608055664063
415,HGS-TV,31227.0,29061.20506310463
416,ails2_etaMax1.000_stoppingTime432000.00,31586.0,29302.81705566406
417,HGS-TV,31227.0,29589.01437306404
418,HGS-TV,31227.0,29649.444061279297
419,ails2_etaMax0.010_stoppingTime432000.00,31252.0,29663.700055664063
420,ails2_etaMax1.000_stoppingTime1728000.00,31671.0,29686.391055664062
421,HGS-TV,31227.0,30021.981884241104
422,ails2_etaMax1.000_stoppingTime86400.00,31309.0,30140.86605566406
423,ails2_etaMax1.000_stoppingTime86400.00,31304.0,30142.479055664062
424,HGS-TV,31227.0,30874.71435236931
425,ails2_etaMax1.000_stoppingTime432000.00,31565.0,30885.87005566406
426,ails2_etaMax1.000_stoppingTime432000.00,31554.0,30885.900055664064
427,HGS-TV,31227.0,31302.75703239441
428,HGS-TV,31227.0,31362.855723381042
429,HGS-TV,31227.0,31521.806704759598
430,ails2_etaMax1.000_stoppingTime864000.00,31659.0,32435.785055664062
431,HGS-TV,31227.0,32704.127831697464
432,ails2_etaMax0.010_stoppingTime432000.00,31251.0,32830.56305566406
433,HGS-TV,31227.0,32860.91450762749
434,HGS-TV,31227.0,33091.484974861145
435,ails2_etaMax1.000_stoppingTime86400.00,31302.0,33221.84205566406
436,ails2_etaMax1.000_stoppingTime86400.00,31301.0,33222.454055664064
437,ails2_etaMax1.000_stoppingTime86400.00,31296.0,33447.80705566406
438,ails2_etaMax1.000_stoppingTime86400.00,31292.0,33448.784055664066
439,HGS-TV,31227.0,33528.45005941391
440,ails2_etaMax1.000_stoppingTime86400.00,31287.0,33602.91405566406
441,ails2_etaMax1.000_stoppingTime86400.00,31272.0,33628.310055664064
442,HGS-TV,31227.0,33673.874987363815
443,ails2_etaMax1.000_stoppingTime86400.00,31271.0,34083.93205566406
444,ails2_etaMax1.000_stoppingTime86400.00,31270.0,34183.443055664065
445,ails2_etaMax1.000_stoppingTime86400.00,31266.0,34259.935055664064
446,ails2_etaMax1.000_stoppingTime86400.00,31259.0,34374.392055664066
447,ails2_etaMax1.000_stoppingTime86400.00,31255.0,34374.85805566406
448,ails2_etaMax0.010_stoppingTime432000.00,31250.0,35213.335055664065
449,HGS-TV,31227.0,35515.63540458679
450,HGS-TV,31227.0,35835.78482604027
451,HGS-TV,31227.0,36810.37149190903
452,ails2_etaMax1.000_stoppingTime86400.00,31252.0,38155.212055664066
453,ails2_etaMax1.000_stoppingTime432000.00,31553.0,40543.632055664064
454,ails2_etaMax1.000_stoppingTime432000.00,31540.0,40544.11405566406
455,ails2_etaMax1.000_stoppingTime86400.00,31251.0,40744.15805566406
456,ails2_etaMax1.000_stoppingTime86400.00,31250.0,42810.25405566406
457,ails2_etaMax1.000_stoppingTime86400.00,31245.0,42861.638055664065
458,ails2_etaMax1.000_stoppingTime86400.00,31244.0,42875.80705566406
459,HGS-TV,31227.0,43172.59090232849
460,HGS-TV,31227.0,43232.613547325134
461,HGS-TV,31227.0,43305.80026960373
462,HGS-TV,31227.0,43365.93621516228
463,HGS-TV,31227.0,43426.50151658058
464,HGS-TV,31227.0,43535.04297494888
465,HGS-TV,31227.0,43595.29086780548
466,HGS-TV,31227.0,43655.31063556671
467,HGS-TV,31227.0,43715.600222826004
468,HGS-TV,31227.0,43775.633009433746
469,HGS-TV,31227.0,43835.769107580185
470,HGS-TV,31227.0,43951.604118824005
471,ails2_eoh_omega2,31421.0,43979.56505566406
472,HGS-TV,31227.0,44011.64770793915
473,ails2_eoh_omega2,31420.0,44023.04205566406
474,HGS-TV,31227.0,44071.68232822418
475,ails2_eoh_omega2,31417.0,44057.600055664065
476,ails2_etaMax1.000_stoppingTime86400.00,31238.0,44283.77105566406
477,HGS-TV,31227.0,44320.23476648331
478,HGS-TV,31227.0,44393.47685790062
479,ails2_etaMax1.000_stoppingTime86400.00,31237.0,44450.27205566406
480,HGS-TV,31227.0,44467.00922203064
481,ails2_etaMax0.010_stoppingTime432000.00,31249.0,44482.50805566406
482,HGS-TV,31227.0,44615.82415819168
483,ails2_etaMax0.010_stoppingTime432000.00,31248.0,44624.50805566406
484,ails2_etaMax1.000_stoppingTime432000.00,31529.0,44847.84405566406
485,HGS-TV,31227.0,45031.31610417366
486,ails2_etaMax0.005_stoppingTime86400.00,31226.0,45155.964055664066
487,HGS-TV,31227.0,45228.02501940727
488,HGS-TV,31227.0,45303.92524766922
489,HGS-TV,31227.0,45363.95319914818
490,HGS-TV,31227.0,45580.16621637344
491,ails2_etaMax1.000_stoppingTime86400.00,31236.0,45585.62005566406
492,HGS-TV,31227.0,45640.274976968765
493,ails2_etaMax1.000_stoppingTime86400.00,31227.0,45614.25105566406
494,HGS-TV,31227.0,45743.903985500336
495,HGS-TV,31227.0,45973.85602426529
496,ails2_etaMax1.000_stoppingTime86400.00,31226.0,46025.73305566406
497,ails2_etaMax1.000_stoppingTime86400.00,31224.0,46025.77205566406
498,HGS-TV,31227.0,46392.16702532768
499,HGS-TV,31227.0,46452.33938717842
500,HGS-TV,31227.0,46512.37005352974
501,HGS-TV,31227.0,46572.73076891899
502,HGS-TV,31227.0,46794.34112524986
503,ails2_eoh_acc,31222.0,46865.051055664066
504,ails2_eoh_acc_large,31210.0,46822.98605566406
505,ails2_etaMax0.020_stoppingTime86400.00,31221.0,46867.06905566406
506,ails2_eoh_acc_large,31209.0,46890.225055664065
507,ails2_etaMax0.020_stoppingTime86400.00,31216.0,46872.926055664066
508,ails2_eoh_acc,31212.0,46882.214055664066
509,ails2_eoh_acc_large,31208.0,46947.488055664064
510,ails2_etaMax1.000_stoppingTime864000.00,31654.0,47015.854055664066
511,ails2_etaMax1.000_stoppingTime864000.00,31625.0,47018.30605566406
512,ails2_eoh_acc,31211.0,47087.13305566406
513,ails2_eoh_acc,31208.0,47098.26605566406
514,ails2_eoh_acc,31207.0,47149.210055664065
515,ails2_etaMax0.020_stoppingTime86400.00,31215.0,47290.68305566406
516,ails2_etaMax0.020_stoppingTime86400.00,31212.0,47333.333055664065
517,ails2_etaMax1.000_stoppingTime432000.00,31520.0,47365.80705566406
518,ails2_eoh_acc_large,31207.0,47422.01005566406
519,HGS-TV,31209.0,47475.91474175453
520,HGS-TV,31208.0,47792.163764476776
521,ails2_eoh_acc_large,31205.0,47816.871055664065
522,ails2_eoh_acc,31206.0,47874.07305566406
523,ails2_eoh_acc,31205.0,47938.66105566406
524,HGS-TV,31207.0,48157.48360824585
525,HGS-TV,31206.0,48217.52575087547
526,ails2_etaMax1.000_stoppingTime86400.00,31222.0,49432.73705566406
527,ails2_etaMax1.000_stoppingTime432000.00,31517.0,49985.36605566406
528,ails2_etaMax1.000_stoppingTime864000.00,31624.0,50475.928055664066
529,ails2_etaMax1.000_stoppingTime432000.00,31511.0,51217.78505566406
530,ails2_etaMax1.000_stoppingTime432000.00,31482.0,51231.545055664064
531,ails2_etaMax1.000_stoppingTime1728000.00,31645.0,51503.57605566406
532,ails2_etaMax1.000_stoppingTime86400.00,31220.0,51556.85505566406
533,ails2_etaMax1.000_stoppingTime1728000.00,31637.0,51503.62905566406
534,ails2_etaMax1.000_stoppingTime86400.00,31218.0,52327.37505566406
535,HGS-TV,31205.0,53746.551134347916
536,HGS-TV,31205.0,53806.643438100815
537,HGS-TV,31205.0,53866.79072856903
538,HGS-TV,31205.0,53927.02060890198
539,HGS-TV,31205.0,53987.284735918045
540,HGS-TV,31205.0,54047.36141347885
541,HGS-TV,31205.0,54107.36580204964
542,HGS-TV,31205.0,54167.45443749428
543,HGS-TV,31205.0,54227.56680727005
544,HGS-TV,31205.0,54287.6901807785
545,HGS-TV,31205.0,54347.73918414116
546,HGS-TV,31205.0,54407.89403247833
547,HGS-TV,31205.0,54503.25072026253
548,HGS-TV,31205.0,54563.4145488739
549,HGS-TV,31205.0,54623.57375192642
550,HGS-TV,31205.0,54728.677696704865
551,HGS-TV,31205.0,54788.932802438736
552,HGS-TV,31205.0,54849.37780928612
553,HGS-TV,31205.0,54909.57437777519
554,HGS-TV,31205.0,55030.925775289536
555,HGS-TV,31205.0,55249.993232011795
556,HGS-TV,31205.0,55309.99450325966
557,HGS-TV,31205.0,55370.3950984478
558,HGS-TV,31205.0,55834.60969495773
559,HGS-TV,31205.0,55894.760840177536
560,ails2_etaMax1.000_stoppingTime86400.00,31217.0,55908.26405566406
561,HGS-TV,31205.0,55977.300521850586
562,HGS-TV,31205.0,56100.416560173035
563,HGS-TV,31205.0,56160.459533929825
564,HGS-TV,31205.0,56501.27365255356
565,HGS-TV,31205.0,56698.74566459656
566,HGS-TV,31205.0,56792.83325386047
567,HGS-TV,31205.0,57052.19351506233
568,HGS-TV,31205.0,57119.7058634758
569,HGS-TV,31205.0,57179.9343726635
570,ails2_etaMax1.000_stoppingTime864000.00,31606.0,57337.42905566406
571,HGS-TV,31205.0,57420.40320897102
572,HGS-TV,31205.0,57569.75123882294
573,HGS-TV,31205.0,57745.189302921295
574,HGS-TV,31205.0,57805.28558421135
575,HGS-TV,31205.0,58842.52319645882
576,ails2_etaMax1.000_stoppingTime864000.00,31597.0,59026.452055664064
577,ails2_etaMax1.000_stoppingTime864000.00,31501.0,59026.568055664065
578,HGS-TV,31205.0,59683.49622178078
579,ails2_etaMax1.000_stoppingTime432000.00,31466.0,59684.39705566406
580,HGS-TV,31205.0,59821.71190857887
581,HGS-TV,31205.0,59888.58747005463
582,HGS-TV,31205.0,59948.69259929657
583,HGS-TV,31205.0,60291.802181482315
584,ails2_etaMax0.010_stoppingTime432000.00,31247.0,60706.94905566406
585,HGS-TV,31205.0,60734.64928102493
586,HGS-TV,31205.0,60804.24880480766
587,HGS-TV,31205.0,60864.415759563446
588,HGS-TV,31205.0,61432.24823760986
589,HGS-TV,31205.0,61492.25674009323
590,ails2_etaMax1.000_stoppingTime432000.00,31459.0,62325.66005566406
591,HGS-TV,31205.0,62436.245034217834
592,ails2_etaMax1.000_stoppingTime86400.00,31216.0,62543.81905566406
593,HGS-TV,31205.0,62829.71578001976
594,HGS-TV,31205.0,62917.856180906296
595,HGS-TV,31205.0,63014.78359436989
596,HGS-TV,31205.0,63075.00110244751
597,HGS-TV,31205.0,63373.58865118027
598,HGS-TV,31205.0,63668.67228317261
599,HGS-TV,31205.0,63777.60034823418
600,HGS-TV,31205.0,63921.63128948212
601,HGS-TV,31205.0,64025.51739573479
602,HGS-TV,31205.0,64141.00649476051
603,HGS-TV,31205.0,65459.80654525757
604,HGS-TV,31205.0,65645.20892596245
605,HGS-TV,31205.0,66001.00648331642
606,HGS-TV,31205.0,66229.55611753464
607,HGS-TV,31205.0,66313.88143539429
608,HGS-TV,31205.0,66976.31477308273
609,HGS-TV,31205.0,67036.72326111794
610,HGS-TV,31205.0,67096.86524224281
611,HGS-TV,31205.0,67157.09546661377
612,HGS-TV,31205.0,67594.51820445061
613,HGS-TV,31205.0,67722.2379720211
614,HGS-TV,31205.0,67783.02300405502
615,HGS-TV,31205.0,67843.12536144257
616,HGS-TV,31205.0,68226.75227880478
617,HGS-TV,31205.0,68287.11046290398
618,ails2_etaMax1.000_stoppingTime432000.00,31458.0,68395.82405566407
619,HGS-TV,31205.0,68418.60580277443
620,ails2_etaMax1.000_stoppingTime432000.00,31444.0,68454.19705566406
621,HGS-TV,31205.0,68495.71968436241
622,ails2_etaMax1.000_stoppingTime432000.00,31443.0,68459.90505566406
623,HGS-TV,31205.0,68679.93151068687
624,HGS-TV,31205.0,68769.06471824646
625,HGS-TV,31205.0,68829.18837118149
626,HGS-TV,31205.0,68889.32167387009
627,HGS-TV,31205.0,68989.89138102531
628,ails2_etaMax0.010_stoppingTime432000.00,31246.0,69030.53305566407
629,HGS-TV,31205.0,69050.26573967934
630,HGS-TV,31205.0,69120.4042634964
631,HGS-TV,31205.0,69196.69384288788
632,ails2_etaMax0.010_stoppingTime432000.00,31245.0,69230.34305566407
633,HGS-TV,31205.0,69281.31004095078
634,ails2_etaMax1.000_stoppingTime432000.00,31435.0,69336.59405566406
635,HGS-TV,31205.0,69348.36524748802
636,HGS-TV,31205.0,69408.57023835182
637,HGS-TV,31205.0,69503.91658186913
638,HGS-TV,31205.0,69606.03520298004
639,HGS-TV,31205.0,69826.41434550285
640,HGS-TV,31205.0,69886.44820213318
641,ails2_etaMax1.000_stoppingTime432000.00,31434.0,70056.05005566406
642,HGS-TV,31205.0,70069.45526099205
643,HGS-TV,31205.0,70131.24880099297
644,HGS-TV,31205.0,70309.80088019371
645,HGS-TV,31205.0,70421.15152215958
646,HGS-TV,31205.0,70502.28120684624
647,HGS-TV,31205.0,70792.20060896873
648,HGS-TV,31205.0,70867.91445922852
649,HGS-TV,31205.0,70928.14817476273
650,HGS-TV,31205.0,71067.73579072952
651,HGS-TV,31205.0,71319.95790052414
652,HGS-TV,31205.0,71544.24575209618
653,HGS-TV,31205.0,71604.32126903534
654,HGS-TV,31205.0,71853.17936253548
655,HGS-TV,31205.0,71913.56384658813
656,HGS-TV,31205.0,72236.84934782982
657,HGS-TV,31205.0,72560.7902712822
658,HGS-TV,31205.0,72945.29424858093
659,HGS-TV,31205.0,73005.59697675705
660,HGS-TV,31205.0,73065.66424655914
661,ails2_etaMax1.000_stoppingTime432000.00,31427.0,73374.96205566406
662,ails2_etaMax1.000_stoppingTime432000.00,31417.0,73375.95505566406
663,HGS-TV,31205.0,73549.98249149323
664,HGS-TV,31205.0,73790.2231452465
665,ails2_etaMax1.000_stoppingTime1728000.00,31623.0,75740.69005566406
666,HGS-TV,31205.0,78066.38992261887
667,ails2_eoh_omega2,31416.0,78164.53405566406
668,HGS-TV,31205.0,78578.33567237854
669,HGS-TV,31205.0,78979.0118830204
670,ails2_etaMax1.000_stoppingTime86400.00,31215.0,79164.37305566407
671,HGS-TV,31205.0,79499.81612420082
672,HGS-TV,31205.0,79988.17713809013
673,HGS-TV,31205.0,80390.91330099106
674,HGS-TV,31205.0,80601.3324379921
675,HGS-TV,31205.0,81954.96301651001
676,HGS-TV,31205.0,82157.08447885513
677,ails2_etaMax1.000_stoppingTime432000.00,31413.0,82177.87705566407
678,HGS-TV,31205.0,82316.85771942139
679,ails2_eoh_omega2,31415.0,83013.65305566406
680,HGS-TV,31205.0,84225.66044330597
681,HGS-TV,31205.0,84615.42015910149
682,HGS-TV,31205.0,84753.34947896004
683,HGS-TV,31205.0,88159.3412823677
684,HGS-TV,31205.0,88219.46110200882
685,HGS-TV,31205.0,88279.7980799675
686,HGS-TV,31205.0,88340.27321410179
687,HGS-TV,31205.0,88400.4303984642
688,HGS-TV,31205.0,88460.48526954651
689,HGS-TV,31205.0,88520.6086409092
690,HGS-TV,31205.0,88580.95923662186
691,HGS-TV,31205.0,88663.20403122902
692,HGS-TV,31205.0,88723.43091082573
693,HGS-TV,31205.0,88810.43831944466
694,ails2_etaMax1.000_stoppingTime432000.00,31408.0,88845.89505566406
695,HGS-TV,31205.0,88870.60402345657
696,HGS-TV,31205.0,88930.70775151253
697,HGS-TV,31205.0,88993.90700483322
698,HGS-TV,31205.0,89054.52962875366
699,ails2_etaMax1.000_stoppingTime432000.00,31400.0,89183.73005566407
700,ails2_etaMax1.000_stoppingTime432000.00,31392.0,89183.97705566406
701,ails2_eoh_omega2,31414.0,89248.98505566406
702,HGS-TV,31205.0,89299.21575593948
703,ails2_eoh_omega2,31409.0,89257.95805566406
704,ails2_eoh_omega2,31401.0,89346.47105566406
705,ails2_eoh_omega2,31389.0,89427.58805566406
706,HGS-TV,31205.0,89483.38084793091
707,ails2_eoh_omega2,31383.0,89446.99705566406
708,ails2_eoh_omega2,31381.0,89524.79505566406
709,HGS-TV,31205.0,89644.11951732635
710,HGS-TV,31205.0,89704.48498821259
711,HGS-TV,31205.0,89857.85910892487
712,HGS-TV,31205.0,89918.08701300621
713,HGS-TV,31205.0,90009.79040646553
714,HGS-TV,31205.0,90191.76611232758
715,HGS-TV,31205.0,90252.0673737526
716,HGS-TV,31205.0,90312.47149848938
717,HGS-TV,31205.0,90372.48690319061
718,HGS-TV,31205.0,90532.43588542938
719,HGS-TV,31205.0,90802.27289152145
720,ails2_eoh_omega2,31380.0,90876.39905566406
721,HGS-TV,31205.0,90892.77476143837
722,HGS-TV,31205.0,90952.86122775078
723,HGS-TV,31205.0,91016.7855386734
724,HGS-TV,31205.0,91085.18980813026
725,HGS-TV,31205.0,91145.27664208412
726,HGS-TV,31205.0,91208.50346207619
727,HGS-TV,31205.0,91268.63414740562
728,HGS-TV,31205.0,91328.77922558784
729,HGS-TV,31205.0,91426.83111166954
730,HGS-TV,31205.0,91486.92539286613
731,HGS-TV,31205.0,91547.02412033081
732,HGS-TV,31205.0,91656.43042707443
733,HGS-TV,31205.0,91963.33661413193
734,HGS-TV,31205.0,92023.40063261986
735,HGS-TV,31205.0,92163.71306347847
736,ails2_eoh_omega2,31379.0,92195.37205566406
737,ails2_etaMax1.000_stoppingTime432000.00,31389.0,92341.52905566407
738,HGS-TV,31205.0,92391.12805557251
739,HGS-TV,31205.0,92451.1549744606
740,HGS-TV,31205.0,92511.61139154434
741,HGS-TV,31205.0,92612.38161611557
742,HGS-TV,31205.0,92971.32996106148
743,HGS-TV,31205.0,93317.50839567184
744,HGS-TV,31205.0,93428.40381526947
745,HGS-TV,31205.0,93514.11822628975
746,HGS-TV,31205.0,93574.12793803215
747,HGS-TV,31205.0,93634.13033890724
748,ails2_etaMax1.000_stoppingTime1728000.00,31617.0,93822.48205566406
749,ails2_etaMax1.000_stoppingTime1728000.00,31613.0,94186.90505566406
750,HGS-TV,31205.0,94194.06747603416
751,ails2_etaMax1.000_stoppingTime1728000.00,31610.0,94186.96305566406
752,HGS-TV,31205.0,94254.14003920555
753,HGS-TV,31205.0,94835.55034399033
754,HGS-TV,31205.0,94936.0179617405
755,ails2_etaMax1.000_stoppingTime864000.00,31499.0,94960.61905566406
756,HGS-TV,31205.0,94996.13463926315
757,HGS-TV,31205.0,95130.64795017242
758,ails2_etaMax1.000_stoppingTime432000.00,31379.0,95226.76005566407
759,ails2_etaMax1.000_stoppingTime432000.00,31352.0,95227.44205566407
760,HGS-TV,31205.0,95819.98210787773
761,HGS-TV,31205.0,95910.1894979477
762,HGS-TV,31205.0,96279.54832339287
763,HGS-TV,31205.0,96478.15263938904
764,ails2_eoh_omega2,31377.0,96933.45405566406
765,HGS-TV,31205.0,97121.39810228348
766,HGS-TV,31205.0,98042.57535362244
767,HGS-TV,31205.0,98282.85202646255
768,HGS-TV,31205.0,98861.38886260986
769,HGS-TV,31205.0,99047.14216971397
770,HGS-TV,31205.0,100171.00314736366
771,HGS-TV,31205.0,100279.3198890686
772,HGS-TV,31205.0,100485.22321987152
773,ails2_etaMax1.000_stoppingTime1728000.00,31596.0,100724.50605566407
774,ails2_etaMax1.000_stoppingTime1728000.00,31579.0,100724.53405566406
775,HGS-TV,31205.0,100911.75651550293
776,HGS-TV,31205.0,100972.50378584862
777,ails2_eoh_omega2,31376.0,101024.71505566406
778,HGS-TV,31205.0,101244.09435629845
779,HGS-TV,31205.0,101589.13098573685
780,HGS-TV,31205.0,101662.25317692757
781,HGS-TV,31205.0,102223.15204668045
782,HGS-TV,31205.0,102429.86196184158
783,HGS-TV,31205.0,102566.45236587524
784,HGS-TV,31205.0,102724.8965446949
785,HGS-TV,31205.0,102785.10158205032
786,HGS-TV,31205.0,102985.90326738358
787,HGS-TV,31205.0,103484.33343577385
788,HGS-TV,31205.0,104175.32326698303
789,HGS-TV,31205.0,104295.22060370445
790,ails2_etaMax1.000_stoppingTime864000.00,31498.0,104798.14105566406
791,ails2_eoh_omega2,31375.0,105168.75005566406
792,ails2_eoh_omega2,31373.0,105668.27905566407
793,HGS-TV,31205.0,105699.75907039642
794,HGS-TV,31205.0,106046.89853906631
795,ails2_etaMax1.000_stoppingTime1728000.00,31576.0,106750.93505566406
796,ails2_etaMax1.000_stoppingTime1728000.00,31524.0,106755.26405566407
797,HGS-TV,31205.0,108637.76247549057
798,ails2_etaMax1.000_stoppingTime864000.00,31496.0,108803.45105566406
799,ails2_etaMax1.000_stoppingTime864000.00,31494.0,108804.66505566407
800,ails2_etaMax1.000_stoppingTime864000.00,31492.0,108934.10505566407
801,ails2_etaMax1.000_stoppingTime864000.00,31490.0,109415.67905566406
802,ails2_etaMax1.000_stoppingTime864000.00,31485.0,109415.70605566406
803,ails2_eoh_omega2,31372.0,110128.91105566407
804,ails2_eoh_omega2,31369.0,110185.56405566406
805,HGS-TV,31205.0,110522.98812222481
806,ails2_eoh_omega2,31368.0,110613.72205566407
807,ails2_etaMax1.000_stoppingTime864000.00,31483.0,111422.14605566407
808,ails2_eoh_omega2,31366.0,111579.93005566407
809,ails2_eoh_omega2,31365.0,111581.71205566406
810,ails2_etaMax1.000_stoppingTime864000.00,31477.0,111759.06705566407
811,HGS-TV,31205.0,112945.89101362228
812,ails2_etaMax1.000_stoppingTime864000.00,31472.0,114042.56105566406
813,ails2_etaMax1.000_stoppingTime864000.00,31438.0,114045.49005566406
814,HGS-TV,31205.0,115275.10364317894
815,ails2_etaMax1.000_stoppingTime864000.00,31435.0,115605.38905566407
816,HGS-TV,31205.0,116001.00332212448
817,HGS-TV,31205.0,117533.71159911156
818,HGS-TV,31205.0,117953.08489823341
819,HGS-TV,31205.0,118324.13280820847
820,HGS-TV,31205.0,118617.4974102974
821,HGS-TV,31205.0,118677.6167383194
822,HGS-TV,31205.0,118737.7736260891
823,HGS-TV,31205.0,118813.20082163811
824,HGS-TV,31205.0,118985.5327744484
825,ails2_etaMax1.000_stoppingTime432000.00,31348.0,119002.44505566407
826,HGS-TV,31205.0,119144.192299366
827,HGS-TV,31205.0,119204.21779966354
828,HGS-TV,31205.0,119737.95785832405
829,HGS-TV,31205.0,120161.70074558258
830,HGS-TV,31205.0,120234.96620082855
831,HGS-TV,31205.0,120925.00711774826
832,HGS-TV,31205.0,122534.89294552803
833,HGS-TV,31205.0,123192.74244070053
834,HGS-TV,31205.0,124050.60930252075
835,HGS-TV,31205.0,124546.88602733612
836,ails2_eoh_omega2,31364.0,125672.74905566407
837,HGS-TV,31205.0,126192.10005521774
838,ails2_etaMax1.000_stoppingTime864000.00,31434.0,126404.46205566406
839,ails2_etaMax1.000_stoppingTime432000.00,31342.0,127322.48605566406
840,ails2_etaMax1.000_stoppingTime432000.00,31339.0,127323.67405566406
841,ails2_etaMax1.000_stoppingTime432000.00,31337.0,127388.86805566406
842,ails2_eoh_omega2,31363.0,128214.15805566407
843,HGS-TV,31205.0,128250.25036811829
844,ails2_eoh_omega2,31362.0,128218.26505566406
845,HGS-TV,31205.0,128557.66541099548
846,ails2_etaMax1.000_stoppingTime864000.00,31432.0,128746.80605566406
847,ails2_etaMax1.000_stoppingTime432000.00,31333.0,128750.10705566406
848,ails2_etaMax1.000_stoppingTime864000.00,31411.0,128747.37805566406
849,HGS-TV,31205.0,129419.50765824318
850,ails2_etaMax1.000_stoppingTime432000.00,31332.0,130170.98005566407
851,ails2_etaMax1.000_stoppingTime432000.00,31327.0,130171.04305566406
852,HGS-TV,31205.0,130910.28512382507
853,HGS-TV,31205.0,132058.30701851845
854,HGS-TV,31205.0,132248.1009259224
855,ails2_etaMax1.000_stoppingTime432000.00,31322.0,132728.27605566406
856,ails2_etaMax1.000_stoppingTime432000.00,31319.0,132730.14705566407
857,ails2_etaMax1.000_stoppingTime432000.00,31316.0,132896.07705566406
858,ails2_etaMax1.000_stoppingTime432000.00,31313.0,132896.12605566406
859,HGS-TV,31205.0,133299.41056990623
860,HGS-TV,31205.0,133557.17890930176
861,HGS-TV,31205.0,134118.16574931145
862,HGS-TV,31205.0,134412.1506640911
863,HGS-TV,31205.0,134482.28770446777
864,HGS-TV,31205.0,134710.34574627876
865,ails2_etaMax1.000_stoppingTime864000.00,31410.0,135736.91205566406
866,ails2_etaMax1.000_stoppingTime864000.00,31399.0,135763.79905566407
867,HGS-TV,31205.0,136309.997256279
868,HGS-TV,31205.0,137412.71374583244
869,HGS-TV,31205.0,137571.103266716
870,HGS-TV,31205.0,138420.55824518204
871,HGS-TV,31205.0,138588.11200761795
872,ails2_etaMax1.000_stoppingTime864000.00,31387.0,138673.94205566405
873,HGS-TV,31205.0,138786.0863957405
874,HGS-TV,31205.0,139047.35275626183
875,HGS-TV,31205.0,141601.10466265678
876,ails2_etaMax1.000_stoppingTime432000.00,31312.0,144641.42105566408
877,ails2_etaMax1.000_stoppingTime432000.00,31306.0,144652.85405566407
878,HGS-TV,31205.0,146100.4252488613
879,HGS-TV,31205.0,146160.68522262573
880,HGS-TV,31205.0,146221.01734972
881,HGS-TV,31205.0,146281.2024152279
882,HGS-TV,31205.0,146341.52621936798
883,HGS-TV,31205.0,146401.57255363464
884,HGS-TV,31205.0,146461.82829785347
885,HGS-TV,31205.0,146522.03232979774
886,HGS-TV,31205.0,146582.35541939735
887,HGS-TV,31205.0,146642.3612356186
888,HGS-TV,31205.0,146702.39638590813
889,ails2_etaMax1.000_stoppingTime432000.00,31303.0,146730.48905566407
890,HGS-TV,31205.0,146762.53025841713
891,HGS-TV,31205.0,146848.9280679226
892,HGS-TV,31205.0,146908.92853069305
893,HGS-TV,31205.0,146993.62287259102
894,HGS-TV,31205.0,147053.78742957115
895,HGS-TV,31205.0,147124.8299870491
896,HGS-TV,31205.0,147279.34726262093
897,HGS-TV,31205.0,147345.66446590424
898,HGS-TV,31205.0,147558.71806430817
899,HGS-TV,31205.0,148097.43820858002
900,HGS-TV,31205.0,148157.6364145279
901,HGS-TV,31205.0,148328.72961568832
902,HGS-TV,31205.0,148549.7712919712
903,HGS-TV,31205.0,148609.7991335392
904,HGS-TV,31205.0,148860.73563456535
905,HGS-TV,31205.0,148989.6242198944
906,HGS-TV,31205.0,149049.76373958588
907,HGS-TV,31205.0,149489.65445637703
908,HGS-TV,31205.0,149549.8460175991
909,HGS-TV,31205.0,149698.2064101696
910,HGS-TV,31205.0,149758.3059244156
911,HGS-TV,31205.0,150034.95214247704
912,HGS-TV,31205.0,150095.01461458206
913,HGS-TV,31205.0,150274.27184295654
914,ails2_etaMax1.000_stoppingTime864000.00,31385.0,150382.01905566407
915,HGS-TV,31205.0,150726.4878001213
916,HGS-TV,31205.0,150786.75390696526
917,HGS-TV,31205.0,150846.8047337532
918,HGS-TV,31205.0,151154.24252676964
919,HGS-TV,31205.0,151214.3642833233
920,ails2_etaMax1.000_stoppingTime864000.00,31371.0,151391.92305566405
921,HGS-TV,31205.0,151534.2943558693
922,HGS-TV,31205.0,151594.31118273735
923,HGS-TV,31205.0,151849.54235100746
924,HGS-TV,31205.0,151909.745367527
925,HGS-TV,31205.0,152075.27417516708
926,HGS-TV,31205.0,152208.5495004654
927,HGS-TV,31205.0,152268.73823308945
928,HGS-TV,31205.0,152629.68100070953
929,HGS-TV,31205.0,152725.6789469719
930,HGS-TV,31205.0,152785.88120245934
931,HGS-TV,31205.0,152858.2890510559
932,HGS-TV,31205.0,152918.40437197685
933,HGS-TV,31205.0,152978.63933944702
934,HGS-TV,31205.0,153069.1969783306
935,ails2_etaMax1.000_stoppingTime432000.00,31298.0,153075.01705566407
936,ails2_etaMax1.000_stoppingTime432000.00,31296.0,153075.10805566405
937,HGS-TV,31205.0,153215.93961501122
938,HGS-TV,31205.0,153474.30476093292
939,HGS-TV,31205.0,153630.9695441723
940,HGS-TV,31205.0,153725.73376870155
941,HGS-TV,31205.0,153785.8172428608
942,ails2_etaMax1.000_stoppingTime432000.00,31295.0,153822.94305566407
943,HGS-TV,31205.0,153846.1656126976
944,ails2_etaMax1.000_stoppingTime432000.00,31290.0,153823.67905566405
945,HGS-TV,31205.0,154014.53830385208
946,HGS-TV,31205.0,154074.56531333923
947,HGS-TV,31205.0,154150.01706910133
948,HGS-TV,31205.0,154210.04858136177
949,HGS-TV,31205.0,154270.27363085747
950,HGS-TV,31205.0,154330.35323810577
951,HGS-TV,31205.0,154474.23293995857
952,HGS-TV,31205.0,154552.69469690323
953,HGS-TV,31205.0,154698.94617938995
954,HGS-TV,31205.0,154889.1902012825
955,HGS-TV,31205.0,154949.3872973919
956,HGS-TV,31205.0,155012.38287711143
957,HGS-TV,31205.0,155072.41150522232
958,ails2_eoh_omega2,31361.0,155109.67805566406
959,HGS-TV,31205.0,155132.6116244793
960,HGS-TV,31205.0,155224.64818048477
961,HGS-TV,31205.0,155284.78159427643
962,ails2_eoh_omega2,31360.0,155310.47405566406
963,HGS-TV,31205.0,155400.8679447174
964,HGS-TV,31205.0,155513.9752728939
965,HGS-TV,31205.0,155574.023447752
966,HGS-TV,31205.0,155691.6779358387
967,HGS-TV,31205.0,155751.79984235764
968,ails2_eoh_omega2,31359.0,155833.50005566407
969,HGS-TV,31205.0,155956.87529230118
970,HGS-TV,31205.0,156016.90333271027
971,HGS-TV,31205.0,156076.97442507744
972,HGS-TV,31205.0,156137.07752728462
973,HGS-TV,31205.0,156197.07890486717
974,HGS-TV,31205.0,156257.3056910038
975,HGS-TV,31205.0,156317.34711933136
976,HGS-TV,31205.0,156435.0249364376
977,HGS-TV,31205.0,156495.0549147129
978,HGS-TV,31205.0,156635.4498243332
979,HGS-TV,31205.0,156765.325176239
980,HGS-TV,31205.0,156920.4613351822
981,HGS-TV,31205.0,156980.497808218
982,HGS-TV,31205.0,157040.6616177559
983,HGS-TV,31205.0,157100.66919660568
984,HGS-TV,31205.0,157223.75876426697
985,HGS-TV,31205.0,157344.9208459854
986,HGS-TV,31205.0,157405.10355210304
987,HGS-TV,31205.0,157550.91392683983
988,HGS-TV,31205.0,157656.08208084106
989,HGS-TV,31205.0,157744.2732656002
990,HGS-TV,31205.0,157830.64003753662
991,ails2_etaMax1.000_stoppingTime432000.00,31288.0,158028.80405566405
992,ails2_etaMax1.000_stoppingTime432000.00,31281.0,158029.07905566407
993,HGS-TV,31205.0,158124.82076644897
994,HGS-TV,31205.0,158343.75871181488
995,HGS-TV,31205.0,158499.60331702232
996,ails2_etaMax1.000_stoppingTime432000.00,31273.0,158683.59105566406
997,HGS-TV,31205.0,159140.6659259796
998,HGS-TV,31205.0,160565.64846253395
999,ails2_etaMax1.000_stoppingTime432000.00,31269.0,160676.75705566406
1000,HGS-TV,31205.0,161002.4732990265
1001,HGS-TV,31205.0,161163.12806725502
1002,ails2_etaMax1.000_stoppingTime1728000.00,31523.0,162010.09405566406
1003,ails2_etaMax1.000_stoppingTime1728000.00,31519.0,162012.58705566407
1004,HGS-TV,31205.0,162391.0869729519
1005,HGS-TV,31205.0,162572.8137907982
1006,ails2_etaMax1.000_stoppingTime432000.00,31268.0,163042.66505566405
1007,ails2_etaMax1.000_stoppingTime432000.00,31266.0,164445.94005566408
1008,HGS-TV,31205.0,165606.37797880173
1009,HGS-TV,31205.0,165666.64677119255
1010,HGS-TV,31205.0,165726.8120212555
1011,HGS-TV,31205.0,165786.960385561
1012,HGS-TV,31205.0,165847.1472671032
1013,HGS-TV,31205.0,165907.23582577705
1014,HGS-TV,31205.0,165967.7096965313
1015,HGS-TV,31205.0,166027.8561923504
1016,HGS-TV,31205.0,166087.89749026299
1017,HGS-TV,31205.0,166150.5312218666
1018,HGS-TV,31205.0,166210.64309692383
1019,HGS-TV,31205.0,166270.74407458305
1020,ails2_etaMax1.000_stoppingTime1728000.00,31515.0,166284.96205566407
1021,ails2_etaMax1.000_stoppingTime432000.00,31265.0,166329.56205566405
1022,ails2_etaMax1.000_stoppingTime1728000.00,31488.0,166286.06105566406
1023,HGS-TV,31205.0,166356.9707992077
1024,ails2_etaMax1.000_stoppingTime432000.00,31262.0,166329.70605566405
1025,HGS-TV,31205.0,166417.0128276348
1026,HGS-TV,31205.0,166505.27043151855
1027,HGS-TV,31205.0,166673.35292220116
1028,HGS-TV,31205.0,166784.92731451988
1029,ails2_etaMax1.000_stoppingTime432000.00,31261.0,166841.96005566407
1030,ails2_etaMax1.000_stoppingTime432000.00,31253.0,166842.02505566407
1031,HGS-TV,31205.0,166978.97503519058
1032,HGS-TV,31205.0,167181.43974852562
1033,HGS-TV,31205.0,167741.31417489052
1034,HGS-TV,31205.0,167801.3680846691
1035,HGS-TV,31205.0,167896.35686445236
1036,HGS-TV,31205.0,168120.82876467705
1037,HGS-TV,31205.0,168253.39134597778
1038,HGS-TV,31205.0,168356.88062930107
1039,HGS-TV,31205.0,168753.5853176117
1040,HGS-TV,31205.0,168857.59630942345
1041,HGS-TV,31205.0,169443.8297495842
1042,HGS-TV,31205.0,169517.9306023121
1043,HGS-TV,31205.0,169728.7789952755
1044,HGS-TV,31205.0,170197.88821482658
1045,HGS-TV,31205.0,170393.3801176548
1046,HGS-TV,31205.0,170611.17043471336
1047,HGS-TV,31205.0,170671.22663378716
1048,HGS-TV,31205.0,170862.1933939457
1049,HGS-TV,31205.0,170975.22901272774
1050,HGS-TV,31205.0,171173.53679180145
1051,HGS-TV,31205.0,171259.92154479027
1052,HGS-TV,31205.0,171319.9809794426
1053,ails2_etaMax1.000_stoppingTime432000.00,31252.0,171368.79505566406
1054,HGS-TV,31205.0,171786.95359921455
1055,ails2_etaMax1.000_stoppingTime432000.00,31248.0,172302.77605566406
1056,ails2_etaMax1.000_stoppingTime432000.00,31239.0,172304.10405566407
1057,HGS-TV,31205.0,172518.29243159294
1058,HGS-TV,31205.0,172647.43190813065
1059,HGS-TV,31205.0,172725.14182305336
1060,HGS-TV,31205.0,172919.93774557114
1061,HGS-TV,31205.0,173134.249147892
1062,HGS-TV,31205.0,173291.37986922264
1063,HGS-TV,31205.0,173428.7402920723
1064,HGS-TV,31205.0,173488.88601255417
1065,HGS-TV,31205.0,173769.18306398392
1066,ails2_etaMax1.000_stoppingTime432000.00,31236.0,173825.75005566407
1067,ails2_etaMax1.000_stoppingTime432000.00,31228.0,173826.30105566405
1068,HGS-TV,31205.0,173949.44007515907
1069,HGS-TV,31205.0,174054.0855600834
1070,HGS-TV,31205.0,174114.0909421444
1071,HGS-TV,31205.0,174174.1399784088
1072,HGS-TV,31205.0,174312.6544933319
1073,HGS-TV,31205.0,174372.8435921669
1074,ails2_etaMax1.000_stoppingTime432000.00,31226.0,174396.30705566407
1075,ails2_etaMax1.000_stoppingTime432000.00,31220.0,174396.67205566406
1076,HGS-TV,31205.0,174473.81894993782
1077,HGS-TV,31205.0,174533.94357061386
1078,ails2_etaMax1.000_stoppingTime432000.00,31213.0,174589.44405566406
1079,HGS-TV,31205.0,174761.75027489662
1080,HGS-TV,31205.0,174821.76802635193
1081,HGS-TV,31205.0,174881.81355118752
1082,HGS-TV,31205.0,174942.04977107048
1083,HGS-TV,31205.0,175002.31488752365
1084,HGS-TV,31205.0,175348.5202202797
1085,HGS-TV,31205.0,175408.68283510208
1086,HGS-TV,31205.0,175554.20274853706
1087,HGS-TV,31205.0,175614.30067324638
1088,HGS-TV,31205.0,175674.31116342545
1089,HGS-TV,31205.0,175752.17236495018
1090,HGS-TV,31205.0,175814.7721364498
1091,HGS-TV,31205.0,175875.0078895092
1092,HGS-TV,31205.0,175987.5190346241
1093,HGS-TV,31205.0,176069.6754770279
1094,HGS-TV,31205.0,176129.82032108307
1095,HGS-TV,31205.0,176189.82048606873
1096,HGS-TV,31205.0,176346.18456578255
1097,HGS-TV,31205.0,176406.2719488144
1098,HGS-TV,31205.0,176489.7213997841
1099,HGS-TV,31205.0,176549.8086194992
1100,HGS-TV,31205.0,176609.9462532997
1101,HGS-TV,31205.0,176918.57867908478
1102,HGS-TV,31205.0,176978.6971540451
1103,HGS-TV,31205.0,177109.95135569572
1104,HGS-TV,31205.0,177207.86868047714
1105,HGS-TV,31205.0,177268.22923755646
1106,HGS-TV,31205.0,177440.4358947277
1107,HGS-TV,31205.0,177635.65614247322
1108,HGS-TV,31205.0,177695.8074374199
1109,HGS-TV,31205.0,177755.86673641205
1110,HGS-TV,31205.0,177826.48500800133
1111,HGS-TV,31205.0,177895.22250556946
1112,HGS-TV,31205.0,177955.30693864822
1113,HGS-TV,31205.0,178015.3708152771
1114,HGS-TV,31205.0,178108.88882637024
1115,HGS-TV,31205.0,178196.427339077
1116,HGS-TV,31205.0,178272.73222231865
1117,HGS-TV,31205.0,178358.42835235596
1118,HGS-TV,31205.0,178452.18445682526
1119,HGS-TV,31205.0,178886.3773379326
1120,HGS-TV,31205.0,178946.43108582497
1121,HGS-TV,31205.0,179006.44919466972
1122,HGS-TV,31205.0,179066.4624145031
1123,HGS-TV,31205.0,179212.46471095085
1124,HGS-TV,31205.0,179272.53321290016
1125,HGS-TV,31205.0,179333.78177714348
1126,HGS-TV,31205.0,179607.66628170013
1127,HGS-TV,31205.0,179778.15103173256
1128,HGS-TV,31205.0,179859.29822993279
1129,HGS-TV,31205.0,179970.35556411743
1130,HGS-TV,31205.0,180921.66899180412
1131,HGS-TV,31205.0,181187.4928767681
1132,HGS-TV,31205.0,181434.0636022091
1133,HGS-TV,31205.0,181698.56838726997
1134,HGS-TV,31205.0,182126.1970899105
1135,ails2_etaMax1.000_stoppingTime432000.00,31212.0,182466.16905566407
1136,ails2_etaMax1.000_stoppingTime432000.00,31200.0,182522.05105566405
1137,HGS-TV,31205.0,182626.13807821274
1138,ails2_etaMax1.000_stoppingTime1728000.00,31484.0,182869.65605566406
1139,ails2_etaMax1.000_stoppingTime1728000.00,31472.0,182869.69305566407
1140,ails2_etaMax1.000_stoppingTime432000.00,31199.0,183196.72805566408
1141,filo2,31191.0,183670.13825011253
1142,ails2_etaMax0.005_stoppingTime86400.00,31181.0,183634.21105566405
1143,ails2_etaMax0.020_stoppingTime86400.00,31197.0,183639.91905566407
1144,HGS-TV,31183.0,183697.69994473457
1145,ails2_etaMax0.020_stoppingTime86400.00,31188.0,183724.90505566407
1146,ails2_etaMax0.005_stoppingTime86400.00,31180.0,183686.44205566405
1147,ails2_etaMax0.020_stoppingTime86400.00,31185.0,183764.46405566405
1148,ails2_etaMax0.020_stoppingTime86400.00,31181.0,183933.16405566406
1149,HGS-TV,31182.0,183978.48707556725
1150,ails2_etaMax0.020_stoppingTime86400.00,31179.0,183937.37705566405
1151,HGS-TV,31180.0,184042.11948299408
1152,HGS-TV,31179.0,184102.2168753147
1153,HGS-TV,31178.0,184162.5175898075
1154,ails2_etaMax0.020_stoppingTime86400.00,31177.0,184174.34705566405
1155,ails2_etaMax0.020_stoppingTime86400.00,31173.0,184224.12205566408
1156,HGS-TV,31177.0,184384.08578824997
1157,HGS-TV,31170.0,184444.1205534935
1158,HGS-TV,31169.0,184504.21827602386
1159,HGS-TV,31168.0,184590.15611743927
1160,HGS-TV,31167.0,184650.22058868408
1161,HGS-TV,31166.0,184787.05160665512
1162,HGS-TV,31165.0,185009.41181635857
1163,ails2_etaMax0.020_stoppingTime86400.00,31172.0,185108.62205566408
1164,HGS-TV,31164.0,185288.65746712685
1165,ails2_etaMax0.005_stoppingTime86400.00,31179.0,186057.64605566405
1166,ails2_etaMax0.005_stoppingTime86400.00,31178.0,186094.55305566406
1167,ails2_etaMax0.005_stoppingTime86400.00,31171.0,186155.20205566406
1168,ails2_etaMax0.005_stoppingTime86400.00,31170.0,186182.99805566407
1169,ails2_etaMax0.005_stoppingTime86400.00,31169.0,186303.24205566407
1170,ails2_etaMax0.005_stoppingTime86400.00,31168.0,186399.53605566407
1171,ails2_etaMax0.005_stoppingTime86400.00,31167.0,186472.48305566405
1172,ails2_etaMax0.005_stoppingTime86400.00,31166.0,186472.81705566405
1173,ails2_etaMax0.020_stoppingTime86400.00,31171.0,186906.11305566406
1174,ails2_etaMax1.000_stoppingTime432000.00,31195.0,186963.83605566405
1175,ails2_etaMax1.000_stoppingTime864000.00,31368.0,187063.61505566406
1176,ails2_etaMax1.000_stoppingTime864000.00,31362.0,187064.34505566407
1177,ails2_etaMax1.000_stoppingTime432000.00,31193.0,187124.26805566406
1178,ails2_etaMax1.000_stoppingTime432000.00,31192.0,187415.62205566408
1179,ails2_etaMax1.000_stoppingTime432000.00,31189.0,187415.88605566407
1180,HGS-TV,31163.0,187667.6812646389
1181,ails2_etaMax1.000_stoppingTime432000.00,31188.0,188137.75705566406
1182,HGS-TV,31163.0,190650.56375217438
1183,HGS-TV,31163.0,190710.75371313095
1184,HGS-TV,31163.0,190770.93320584297
1185,HGS-TV,31163.0,190831.15225601196
1186,HGS-TV,31163.0,190891.17784810066
1187,HGS-TV,31163.0,190962.671749115
1188,HGS-TV,31163.0,191022.7164592743
1189,HGS-TV,31163.0,191082.8121664524
1190,HGS-TV,31163.0,191201.91251826286
1191,HGS-TV,31163.0,191284.67286658287
1192,HGS-TV,31163.0,191344.89644670486
1193,HGS-TV,31163.0,191494.36420059204
1194,HGS-TV,31163.0,191554.57351756096
1195,HGS-TV,31163.0,191614.61824679375
1196,HGS-TV,31163.0,191840.53248810768
1197,HGS-TV,31163.0,191900.6592411995
1198,HGS-TV,31163.0,192104.3880586624
1199,HGS-TV,31163.0,192213.5827319622
1200,HGS-TV,31163.0,192273.69262123108
1201,HGS-TV,31163.0,192333.76076197624
1202,HGS-TV,31163.0,192393.79146838188
1203,HGS-TV,31163.0,192454.0602903366
1204,HGS-TV,31163.0,192536.03561353683
1205,HGS-TV,31163.0,192596.13445353508
1206,HGS-TV,31163.0,192656.3888630867
1207,HGS-TV,31163.0,192716.41494631767
1208,HGS-TV,31163.0,192776.54230880737
1209,HGS-TV,31163.0,193002.47587800026
1210,HGS-TV,31163.0,193062.7006957531
1211,HGS-TV,31163.0,193122.7858569622
1212,HGS-TV,31163.0,193182.96602749825
1213,HGS-TV,31163.0,193243.29260349274
1214,HGS-TV,31163.0,193303.41146874428
1215,HGS-TV,31163.0,193363.53549861908
1216,HGS-TV,31163.0,193423.58234715462
1217,HGS-TV,31163.0,193483.68325281143
1218,HGS-TV,31163.0,193543.71027064323
1219,HGS-TV,31163.0,193603.92672085762
1220,HGS-TV,31163.0,193677.03484535217
1221,HGS-TV,31163.0,193821.8876850605
1222,HGS-TV,31163.0,193947.2299745083
1223,HGS-TV,31163.0,194007.23533463478
1224,HGS-TV,31163.0,194067.30976223946
1225,HGS-TV,31163.0,194309.4629752636
1226,HGS-TV,31163.0,194369.63313436508
1227,HGS-TV,31163.0,194429.89163184166
1228,HGS-TV,31163.0,194489.95979762077
1229,HGS-TV,31163.0,194948.05383324623
1230,HGS-TV,31163.0,195008.17259931564
1231,HGS-TV,31163.0,195152.47246479988
1232,HGS-TV,31163.0,195276.77157783508
1233,HGS-TV,31163.0,195407.13191056252
1234,HGS-TV,31163.0,195467.21500229836
1235,ails2_etaMax1.000_stoppingTime1728000.00,31460.0,195554.87705566405
1236,HGS-TV,31163.0,195578.49290704727
1237,ails2_etaMax1.000_stoppingTime1728000.00,31457.0,195555.26905566407
1238,HGS-TV,31163.0,195638.52046322823
1239,HGS-TV,31163.0,195709.08075380325
1240,HGS-TV,31163.0,195769.18016409874
1241,HGS-TV,31163.0,195829.31821393967
1242,HGS-TV,31163.0,195924.98132133484
1243,HGS-TV,31163.0,195985.1065685749
1244,HGS-TV,31163.0,196045.22590470314
1245,HGS-TV,31163.0,196105.37520074844
1246,HGS-TV,31163.0,196165.49604249
1247,HGS-TV,31163.0,196225.59745669365
1248,HGS-TV,31163.0,196393.9665775299
1249,HGS-TV,31163.0,196453.97648453712
1250,HGS-TV,31163.0,196513.98592448235
1251,HGS-TV,31163.0,197484.50858402252
1252,HGS-TV,31163.0,197553.6289958954
1253,HGS-TV,31163.0,198147.76016283035
1254,ails2_etaMax1.000_stoppingTime864000.00,31359.0,199994.17605566405
1255,ails2_etaMax1.000_stoppingTime864000.00,31320.0,199998.11405566407
1256,ails2_etaMax1.000_stoppingTime864000.00,31315.0,200496.07405566407
1257,ails2_etaMax1.000_stoppingTime864000.00,31299.0,201042.50305566407
1258,HGS-TV,31163.0,201083.97929024696
1259,ails2_etaMax1.000_stoppingTime864000.00,31271.0,201049.49505566407
1260,HGS-TV,31163.0,201144.22035002708
1261,HGS-TV,31163.0,201204.2659561634
1262,HGS-TV,31163.0,201264.40531635284
1263,HGS-TV,31163.0,201324.4453189373
1264,HGS-TV,31163.0,201384.5375277996
1265,HGS-TV,31163.0,201444.9094350338
1266,HGS-TV,31163.0,201571.8347620964
1267,HGS-TV,31163.0,201663.00731110573
1268,HGS-TV,31163.0,201723.10891008377
1269,HGS-TV,31163.0,201783.28619933128
1270,HGS-TV,31163.0,201843.40205478668
1271,HGS-TV,31163.0,201903.49954676628
1272,HGS-TV,31163.0,201963.63633942604
1273,HGS-TV,31163.0,202023.7513232231
1274,HGS-TV,31163.0,202086.02336144447
1275,HGS-TV,31163.0,202168.6876373291
1276,HGS-TV,31163.0,202281.1500082016
1277,HGS-TV,31163.0,202341.39145326614
1278,HGS-TV,31163.0,202401.51759028435
1279,HGS-TV,31163.0,202461.67692518234
1280,HGS-TV,31163.0,202521.7444114685
1281,HGS-TV,31163.0,202581.80250430107
1282,HGS-TV,31163.0,202642.12048339844
1283,HGS-TV,31163.0,202702.25279164314
1284,HGS-TV,31163.0,202762.25291776657
1285,HGS-TV,31163.0,202822.42915320396
1286,HGS-TV,31163.0,202882.52552723885
1287,HGS-TV,31163.0,202942.62255334854
1288,HGS-TV,31163.0,203002.72738933563
1289,HGS-TV,31163.0,203062.76722335815
1290,HGS-TV,31163.0,203122.9580860138
1291,HGS-TV,31163.0,203183.14020180702
1292,HGS-TV,31163.0,203244.84478402138
1293,HGS-TV,31163.0,203304.9363772869
1294,HGS-TV,31163.0,203365.026004076
1295,HGS-TV,31163.0,203451.5213253498
1296,HGS-TV,31163.0,203511.5223248005
1297,HGS-TV,31163.0,203571.67619895935
1298,HGS-TV,31163.0,203725.6139705181
1299,HGS-TV,31163.0,203785.79292345047
1300,HGS-TV,31163.0,204089.1432211399
1301,HGS-TV,31163.0,204149.24347805977
1302,HGS-TV,31163.0,204209.3429865837
1303,HGS-TV,31163.0,204297.14054179192
1304,ails2_etaMax1.000_stoppingTime432000.00,31187.0,204412.54205566406
1305,HGS-TV,31163.0,204588.8285946846
1306,HGS-TV,31163.0,204792.71890187263
1307,HGS-TV,31163.0,204964.97514796257
1308,HGS-TV,31163.0,205193.45620393753
1309,HGS-TV,31163.0,205665.1800763607
1310,ails2_etaMax1.000_stoppingTime432000.00,31186.0,205710.39605566405
1311,ails2_etaMax1.000_stoppingTime432000.00,31185.0,205730.17805566406
1312,ails2_etaMax1.000_stoppingTime432000.00,31182.0,205987.60305566408
1313,HGS-TV,31163.0,206046.13924765587
1314,ails2_etaMax1.000_stoppingTime432000.00,31174.0,206011.78305566407
1315,ails2_etaMax1.000_stoppingTime432000.00,31170.0,206078.71405566405
1316,HGS-TV,31163.0,206299.17461824417
1317,HGS-TV,31163.0,206607.0465643406
1318,HGS-TV,31163.0,207762.45623493195
1319,HGS-TV,31163.0,207822.66449975967
1320,HGS-TV,31163.0,208122.20354866982
1321,HGS-TV,31163.0,208415.313904047
1322,HGS-TV,31163.0,208570.1339764595
1323,HGS-TV,31163.0,209404.97438287735
1324,HGS-TV,31163.0,209629.23742246628
1325,HGS-TV,31163.0,210235.63827824593
1326,HGS-TV,31163.0,210295.7133755684
1327,HGS-TV,31163.0,210373.14445090294
1328,HGS-TV,31163.0,211293.87923264503
1329,ails2_etaMax1.000_stoppingTime864000.00,31270.0,212704.28005566407
1330,HGS-TV,31163.0,213301.40938973427
1331,HGS-TV,31163.0,213397.3548696041
1332,HGS-TV,31163.0,213863.66691303253
1333,HGS-TV,31163.0,214314.0466644764
1334,HGS-TV,31163.0,215123.12823581696
1335,HGS-TV,31163.0,215366.72041106224
1336,HGS-TV,31163.0,215957.25487351418
1337,ails2_etaMax1.000_stoppingTime864000.00,31265.0,216521.79305566405
1338,HGS-TV,31163.0,218223.5885875225
1339,HGS-TV,31163.0,218417.46371674538
1340,HGS-TV,31163.0,218576.85096168518
1341,HGS-TV,31163.0,218637.01370739937
1342,HGS-TV,31163.0,219138.36790418625
1343,HGS-TV,31163.0,219198.37222409248
1344,HGS-TV,31163.0,219283.29839539528
1345,HGS-TV,31163.0,220201.46506929398
1346,HGS-TV,31163.0,220261.58323788643
1347,HGS-TV,31163.0,220439.01468467712
1348,HGS-TV,31163.0,220747.00875544548
1349,ails2_etaMax1.000_stoppingTime864000.00,31262.0,220843.24105566405
1350,ails2_etaMax1.000_stoppingTime864000.00,31252.0,220890.38305566408
1351,ails2_etaMax1.000_stoppingTime864000.00,31235.0,220912.74805566407
1352,HGS-TV,31163.0,221509.4626712799
1353,HGS-TV,31163.0,222695.52676796913
1354,ails2_etaMax1.000_stoppingTime864000.00,31225.0,222932.79405566407
1355,HGS-TV,31163.0,223022.65350341797
1356,HGS-TV,31163.0,225355.85468912125
1357,ails2_etaMax1.000_stoppingTime1728000.00,31455.0,225499.48805566406
1358,ails2_etaMax1.000_stoppingTime1728000.00,31443.0,225499.54005566405
1359,ails2_etaMax1.000_stoppingTime1728000.00,31442.0,226231.23805566406
1360,ails2_etaMax1.000_stoppingTime1728000.00,31414.0,226235.02705566408
1361,HGS-TV,31163.0,227456.2907755375
1362,HGS-TV,31163.0,231171.716016531
1363,ails2_etaMax1.000_stoppingTime1728000.00,31407.0,231381.73905566407
1364,ails2_etaMax1.000_stoppingTime1728000.00,31405.0,231383.27805566406
1365,HGS-TV,31163.0,232539.9084188938
1366,HGS-TV,31163.0,232606.50577878952
1367,ails2_etaMax1.000_stoppingTime432000.00,31169.0,233814.49805566407
1368,ails2_etaMax1.000_stoppingTime432000.00,31167.0,233815.34105566406
1369,HGS-TV,31163.0,236946.1437137127
1370,HGS-TV,31163.0,237006.61177778244
1371,HGS-TV,31163.0,237066.94196605682
1372,HGS-TV,31163.0,237127.10946679115
1373,HGS-TV,31163.0,237187.3199546337
1374,HGS-TV,31163.0,237247.56861424446
1375,HGS-TV,31163.0,237349.4143896103
1376,HGS-TV,31163.0,237409.57576465607
1377,HGS-TV,31163.0,237469.83726334572
1378,HGS-TV,31163.0,237579.90566134453
1379,HGS-TV,31163.0,237729.3349530697
1380,HGS-TV,31163.0,237789.59391069412
1381,HGS-TV,31163.0,237849.5964307785
1382,HGS-TV,31163.0,237909.64972019196
1383,HGS-TV,31163.0,237969.9524526596
1384,HGS-TV,31163.0,238159.52810835838
1385,HGS-TV,31163.0,238507.51154637337
1386,HGS-TV,31163.0,238604.11097693443
1387,HGS-TV,31163.0,238698.15764331818
1388,HGS-TV,31163.0,238758.2927274704
1389,HGS-TV,31163.0,238818.47730398178
1390,HGS-TV,31163.0,239331.47883844376
1391,HGS-TV,31163.0,239400.9943265915
1392,HGS-TV,31163.0,239568.03339385986
1393,HGS-TV,31163.0,239745.1410870552
1394,HGS-TV,31163.0,239805.40297818184
1395,HGS-TV,31163.0,239872.49019742012
1396,HGS-TV,31163.0,239955.23436808586
1397,HGS-TV,31163.0,240171.74749708176
1398,HGS-TV,31163.0,240231.98309516907
1399,HGS-TV,31163.0,240292.0784573555
1400,HGS-TV,31163.0,240476.9898097515
1401,HGS-TV,31163.0,240537.06661629677
1402,HGS-TV,31163.0,240597.13454389572
1403,HGS-TV,31163.0,240657.22041630745
1404,HGS-TV,31163.0,240769.45378398895
1405,HGS-TV,31163.0,240875.3327307701
1406,HGS-TV,31163.0,240935.3568019867
1407,HGS-TV,31163.0,240995.47404408455
1408,HGS-TV,31163.0,241055.75094604492
1409,ails2_etaMax1.000_stoppingTime432000.00,31164.0,241094.85005566405
1410,HGS-TV,31163.0,241115.88738584518
1411,ails2_etaMax1.000_stoppingTime432000.00,31163.0,241095.47105566406
1412,HGS-TV,31163.0,241175.893961668
1413,HGS-TV,31163.0,241235.95643782616
1414,HGS-TV,31163.0,241296.1885290146
1415,HGS-TV,31163.0,241356.22764134407
1416,HGS-TV,31163.0,241416.74999928474
1417,HGS-TV,31163.0,241476.89917325974
1418,HGS-TV,31163.0,241537.04922270775
1419,HGS-TV,31163.0,241706.75418496132
1420,HGS-TV,31163.0,241767.10808062553
1421,HGS-TV,31163.0,241859.26446700096
1422,HGS-TV,31163.0,241919.29910230637
1423,HGS-TV,31163.0,241979.41549634933
1424,HGS-TV,31163.0,242039.49821019173
1425,HGS-TV,31163.0,242099.58898997307
1426,HGS-TV,31163.0,242159.63310790062
1427,HGS-TV,31163.0,242219.77714633942
1428,HGS-TV,31163.0,242279.94297671318
1429,HGS-TV,31163.0,242416.05107021332
1430,HGS-TV,31163.0,242576.36410737038
1431,HGS-TV,31163.0,242636.36456894875
1432,HGS-TV,31163.0,242696.5606291294
1433,HGS-TV,31163.0,242756.59824180603
1434,HGS-TV,31163.0,242827.23352646828
1435,HGS-TV,31163.0,242906.09808897972
1436,HGS-TV,31163.0,242966.1368584633
1437,HGS-TV,31163.0,243026.21742630005
1438,HGS-TV,31163.0,243086.24349594116
1439,HGS-TV,31163.0,243182.3287885189
1440,HGS-TV,31163.0,243375.95801472664
1441,HGS-TV,31163.0,243435.98147702217
1442,HGS-TV,31163.0,243554.55740857124
1443,HGS-TV,31163.0,243809.6315624714
1444,HGS-TV,31163.0,243869.6861562729
1445,HGS-TV,31163.0,243929.8379278183
1446,HGS-TV,31163.0,244134.5770459175
1447,HGS-TV,31163.0,244283.94628977776
1448,HGS-TV,31163.0,244343.94729995728
1449,HGS-TV,31163.0,244602.56711030006
1450,HGS-TV,31163.0,244771.22815060616
1451,HGS-TV,31163.0,244954.767339468
1452,HGS-TV,31163.0,245019.39288330078
1453,HGS-TV,31163.0,245079.5180644989
1454,HGS-TV,31163.0,245139.56698608398
1455,HGS-TV,31163.0,245199.6691684723
1456,HGS-TV,31163.0,245391.73011803627
1457,ails2_etaMax1.000_stoppingTime864000.00,31221.0,246051.81905566406
1458,ails2_etaMax1.000_stoppingTime864000.00,31219.0,246052.64105566408
1459,HGS-TV,31163.0,247035.20418477058
1460,HGS-TV,31163.0,247453.83845353127
1461,HGS-TV,31163.0,247623.67770004272
1462,HGS-TV,31163.0,247723.21431088448
1463,HGS-TV,31163.0,248319.3534667492
1464,HGS-TV,31163.0,248667.0920677185
1465,HGS-TV,31163.0,249119.2026898861
1466,HGS-TV,31163.0,249244.83401536942
1467,HGS-TV,31163.0,249878.19204473495
1468,HGS-TV,31163.0,250150.82750678062
1469,HGS-TV,31163.0,250409.11081647873
1470,HGS-TV,31163.0,250579.4286353588
1471,HGS-TV,31163.0,250639.45434188843
1472,HGS-TV,31163.0,250699.54527449608
1473,HGS-TV,31163.0,250774.28424739838
1474,ails2_etaMax1.000_stoppingTime864000.00,31217.0,250980.50205566405
1475,ails2_etaMax1.000_stoppingTime864000.00,31212.0,250980.66305566407
1476,ails2_etaMax1.000_stoppingTime864000.00,31204.0,251310.07505566406
1477,HGS-TV,31163.0,251564.5595433712
1478,HGS-TV,31163.0,254405.79547333717
1479,HGS-TV,31163.0,254465.80363702774
1480,HGS-TV,31163.0,254526.05793190002
1481,HGS-TV,31163.0,254586.26818418503
1482,HGS-TV,31163.0,254646.466711998
1483,HGS-TV,31163.0,254712.98639774323
1484,HGS-TV,31163.0,254780.66238951683
1485,HGS-TV,31163.0,254840.8494372368
1486,HGS-TV,31163.0,254900.87708759308
1487,HGS-TV,31163.0,254961.10731077194
1488,HGS-TV,31163.0,255022.26376867294
1489,HGS-TV,31163.0,255082.43629670143
1490,HGS-TV,31163.0,255166.1286432743
1491,HGS-TV,31163.0,255236.04305934906
1492,HGS-TV,31163.0,255296.15021514893
1493,HGS-TV,31163.0,255356.21274137497
1494,HGS-TV,31163.0,255416.56748270988
1495,HGS-TV,31163.0,255476.63793325424
1496,HGS-TV,31163.0,255538.89241361618
1497,HGS-TV,31163.0,255701.27548241615
1498,HGS-TV,31163.0,255815.90314674377
1499,HGS-TV,31163.0,255875.96870350838
1500,HGS-TV,31163.0,255987.90627145767
1501,HGS-TV,31163.0,256047.93440794945
1502,HGS-TV,31163.0,256107.97343158722
1503,HGS-TV,31163.0,256176.61201357841
1504,HGS-TV,31163.0,256236.7311887741
1505,HGS-TV,31163.0,256296.78617334366
1506,HGS-TV,31163.0,256356.83725857735
1507,HGS-TV,31163.0,256453.18283319473
1508,HGS-TV,31163.0,256513.32147026062
1509,HGS-TV,31163.0,256573.4729719162
1510,HGS-TV,31163.0,256633.6346950531
1511,HGS-TV,31163.0,256760.86094212532
1512,HGS-TV,31163.0,256846.98529720306
1513,HGS-TV,31163.0,256921.76683235168
1514,HGS-TV,31163.0,257131.07440900803
1515,HGS-TV,31163.0,257369.280813694
1516,HGS-TV,31163.0,257585.84020876884
1517,ails2_etaMax1.000_stoppingTime864000.00,31203.0,257604.37105566406
1518,HGS-TV,31163.0,257849.4535882473
1519,HGS-TV,31163.0,258239.67036652565
1520,HGS-TV,31163.0,258384.02569293976
1521,HGS-TV,31163.0,258913.91153120995
1522,HGS-TV,31163.0,259036.8702070713
1523,HGS-TV,31163.0,259333.7888519764
1524,HGS-TV,31163.0,259619.17917609215
1525,HGS-TV,31163.0,259785.77544879913
1526,HGS-TV,31163.0,259845.99491095543
1527,HGS-TV,31163.0,259913.9621796608
1528,ails2_etaMax1.000_stoppingTime432000.00,31162.0,260193.55405566405
1529,ails2_etaMax1.000_stoppingTime432000.00,31161.0,260193.67605566405
1530,HGS-TV,31163.0,260277.71830797195
1531,ails2_etaMax1.000_stoppingTime432000.00,31160.0,260275.41205566406
1532,HGS-TV,31163.0,260480.59481930733
1533,HGS-TV,31163.0,260639.26340436935
1534,HGS-TV,31163.0,260699.43360304832
1535,ails2_etaMax1.000_stoppingTime1728000.00,31404.0,260702.78605566407
1536,HGS-TV,31163.0,260759.43943858147
1537,ails2_etaMax1.000_stoppingTime1728000.00,31378.0,260702.82205566406
1538,HGS-TV,31163.0,260848.38467168808
1539,ails2_etaMax1.000_stoppingTime864000.00,31200.0,260984.18505566407
1540,HGS-TV,31163.0,261263.32967448235
1541,HGS-TV,31163.0,261386.36278104782
1542,ails2_etaMax1.000_stoppingTime864000.00,31195.0,261618.00905566406
1543,ails2_etaMax1.000_stoppingTime864000.00,31182.0,261618.86005566406
1544,HGS-TV,31163.0,261843.65608549118
1545,HGS-TV,31163.0,261903.8305876255
1546,HGS-TV,31163.0,261964.13026237488
1547,HGS-TV,31163.0,262054.29251003265
1548,HGS-TV,31163.0,262139.6081032753
1549,HGS-TV,31163.0,262257.8524928093
1550,HGS-TV,31163.0,262318.07179021835
1551,HGS-TV,31163.0,262378.1915998459
1552,HGS-TV,31163.0,262438.2636113167
1553,HGS-TV,31163.0,262647.66357803345
1554,HGS-TV,31163.0,262778.21217417717
1555,HGS-TV,31159.0,262917.49551796913
1556,ails2_etaMax1.000_stoppingTime432000.00,31159.0,263031.1110556641
1557,HGS-TV,31159.0,265491.9923579693
1558,HGS-TV,31159.0,265552.4008910656
1559,HGS-TV,31159.0,265612.4075539112
1560,HGS-TV,31159.0,265672.6851737499
1561,HGS-TV,31159.0,265732.8950595856
1562,HGS-TV,31159.0,265792.99108839035
1563,HGS-TV,31159.0,265871.9532825947
1564,HGS-TV,31159.0,266038.5486693382
1565,HGS-TV,31159.0,266098.5987548828
1566,HGS-TV,31159.0,266158.7041978836
1567,HGS-TV,31159.0,266218.84447288513
1568,HGS-TV,31159.0,266290.38568758965
1569,HGS-TV,31159.0,266421.4326031208
1570,HGS-TV,31159.0,266502.7525513172
1571,HGS-TV,31159.0,266562.8621840477
1572,HGS-TV,31159.0,266666.31831526756
1573,HGS-TV,31159.0,266726.5577580929
1574,HGS-TV,31159.0,266786.76677012444
1575,HGS-TV,31159.0,266920.07064270973
1576,HGS-TV,31159.0,266980.18630099297
1577,HGS-TV,31159.0,267040.4866912365
1578,HGS-TV,31159.0,267126.69755864143
1579,HGS-TV,31159.0,267186.76109194756
1580,HGS-TV,31159.0,267361.1066248417
1581,HGS-TV,31159.0,267421.2052490711
1582,HGS-TV,31159.0,267510.1939818859
1583,HGS-TV,31159.0,267570.45558571815
1584,HGS-TV,31159.0,267725.907787323
1585,HGS-TV,31159.0,267785.9514615536
1586,HGS-TV,31159.0,268014.26459407806
1587,HGS-TV,31159.0,268100.807795763
1588,HGS-TV,31159.0,268244.61021089554
1589,HGS-TV,31159.0,268427.92037177086
1590,HGS-TV,31159.0,268515.3427824974
1591,HGS-TV,31159.0,268575.6032488346
1592,HGS-TV,31159.0,268635.74831080437
1593,HGS-TV,31159.0,268798.48724126816
1594,HGS-TV,31159.0,268978.6155631542
1595,HGS-TV,31159.0,269181.0382215977
1596,HGS-TV,31159.0,269241.3807475567
1597,HGS-TV,31159.0,269307.3784224987
1598,HGS-TV,31159.0,269468.9254720211
1599,HGS-TV,31159.0,269567.6656475067
1600,HGS-TV,31159.0,269696.9657268524
1601,HGS-TV,31159.0,269765.712066412
1602,HGS-TV,31159.0,269825.85518455505
1603,HGS-TV,31159.0,269885.89944672585
1604,HGS-TV,31159.0,270057.0970342159
1605,HGS-TV,31159.0,270117.10936522484
1606,HGS-TV,31159.0,270177.40995407104
1607,HGS-TV,31159.0,270252.0276334286
1608,HGS-TV,31159.0,270312.0815887451
1609,HGS-TV,31159.0,270403.38724184036
1610,HGS-TV,31159.0,270463.484003067
1611,HGS-TV,31159.0,270523.60664606094
1612,HGS-TV,31159.0,270583.6784875393
1613,HGS-TV,31159.0,270643.7186164856
1614,HGS-TV,31159.0,270703.9412572384
1615,HGS-TV,31159.0,270764.1843492985
1616,HGS-TV,31159.0,270907.8835146427
1617,HGS-TV,31159.0,271066.96447229385
1618,HGS-TV,31159.0,271190.05550456047
1619,HGS-TV,31159.0,271279.7439098358
1620,HGS-TV,31159.0,271344.1943933964
1621,HGS-TV,31159.0,271414.87407803535
1622,HGS-TV,31159.0,271475.09778666496
1623,HGS-TV,31159.0,271632.00776576996
1624,HGS-TV,31159.0,271692.0081317425
1625,HGS-TV,31159.0,271752.2432141304
1626,HGS-TV,31159.0,271936.59137678146
1627,HGS-TV,31159.0,272014.4709739685
1628,HGS-TV,31159.0,272313.86797738075
1629,HGS-TV,31159.0,273218.2643198967
1630,HGS-TV,31159.0,273515.2551281452
1631,HGS-TV,31159.0,273588.488863945
1632,HGS-TV,31159.0,273726.711435318
1633,HGS-TV,31159.0,273786.7293872833
1634,HGS-TV,31159.0,273846.7408840656
1635,HGS-TV,31159.0,273908.3777639866
1636,HGS-TV,31159.0,273993.0410373211
1637,HGS-TV,31159.0,274152.4959821701
1638,HGS-TV,31159.0,274779.72653341293
1639,HGS-TV,31159.0,274839.77288222313
1640,HGS-TV,31159.0,274991.6761882305
1641,HGS-TV,31159.0,275104.3925189972
1642,HGS-TV,31159.0,275411.80752015114
1643,HGS-TV,31159.0,275881.4969112873
1644,HGS-TV,31159.0,276191.58161759377
1645,HGS-TV,31159.0,276431.2128932476
1646,HGS-TV,31159.0,276704.3330242634
1647,HGS-TV,31159.0,276788.6888766289
1648,HGS-TV,31159.0,276860.42248773575
1649,HGS-TV,31159.0,277066.55169487
1650,HGS-TV,31159.0,277196.4166357517
1651,HGS-TV,31159.0,277372.0146639347
1652,HGS-TV,31159.0,277644.106972456
1653,HGS-TV,31159.0,277713.542352438
1654,HGS-TV,31159.0,277773.7614965439
1655,HGS-TV,31159.0,277833.8583240509
1656,HGS-TV,31159.0,281083.906263113
1657,HGS-TV,31159.0,281143.9185848236
1658,HGS-TV,31159.0,281204.16862130165
1659,HGS-TV,31159.0,281264.2127223015
1660,HGS-TV,31159.0,281324.25684666634
1661,HGS-TV,31159.0,281384.54750823975
1662,HGS-TV,31159.0,281444.56084275246
1663,HGS-TV,31159.0,281505.9657678604
1664,HGS-TV,31159.0,281566.04084420204
1665,HGS-TV,31159.0,281626.2147295475
1666,HGS-TV,31159.0,281686.33525443077
1667,HGS-TV,31159.0,281746.5791006088
1668,HGS-TV,31159.0,281806.8462758064
1669,HGS-TV,31159.0,281867.05002999306
1670,HGS-TV,31159.0,281987.76615071297
1671,HGS-TV,31159.0,282231.99284529686
1672,HGS-TV,31159.0,282312.59835767746
1673,HGS-TV,31159.0,282372.6264138222
1674,HGS-TV,31159.0,282690.74678993225
1675,HGS-TV,31159.0,282973.23051953316
1676,HGS-TV,31159.0,283033.2464044094
1677,HGS-TV,31159.0,283147.1137726307
1678,HGS-TV,31159.0,283268.4579167366
1679,HGS-TV,31159.0,283328.6370074749
1680,HGS-TV,31159.0,283388.65581417084
1681,HGS-TV,31159.0,283448.90773534775
1682,HGS-TV,31159.0,283508.9826967716
1683,HGS-TV,31159.0,283646.3558001518
1684,HGS-TV,31159.0,283787.67791581154
1685,HGS-TV,31159.0,283847.7817206383
1686,HGS-TV,31159.0,283995.34390211105
1687,HGS-TV,31159.0,284202.77538871765
1688,HGS-TV,31159.0,284312.0646505356
1689,HGS-TV,31159.0,284526.1009540558
1690,HGS-TV,31159.0,284660.37208127975
1691,HGS-TV,31159.0,284853.564139843
1692,HGS-TV,31159.0,284913.59700870514
1693,HGS-TV,31159.0,285000.79366755486
1694,HGS-TV,31159.0,285060.8157272339
1695,HGS-TV,31159.0,285259.25700974464
1696,HGS-TV,31159.0,285349.2366244793
1697,HGS-TV,31159.0,286181.1123700142
1698,ails2_etaMax1.000_stoppingTime864000.00,31180.0,286271.26605566405
1699,HGS-TV,31159.0,286292.79284763336
1700,HGS-TV,31159.0,286467.75095772743
1701,HGS-TV,31159.0,286713.6334183216
1702,HGS-TV,31159.0,286773.7776553631
1703,ails2_etaMax1.000_stoppingTime1728000.00,31365.0,286928.60705566406
1704,HGS-TV,31159.0,287412.1669151783
1705,HGS-TV,31159.0,287615.01864361763
1706,HGS-TV,31159.0,288192.8704178333
1707,HGS-TV,31159.0,288343.80571985245
1708,HGS-TV,31159.0,288455.3480067253
1709,HGS-TV,31159.0,288820.7834866047
1710,HGS-TV,31159.0,288963.5692756176
1711,HGS-TV,31159.0,289085.20147800446
1712,HGS-TV,31159.0,289631.7740056515
1713,HGS-TV,31159.0,289814.2892355919
1714,HGS-TV,31159.0,289874.31458997726
1715,HGS-TV,31159.0,290008.2429623604
1716,HGS-TV,31159.0,290098.2717072964
1717,HGS-TV,31159.0,290628.58008408546
1718,HGS-TV,31159.0,290834.99924468994
1719,HGS-TV,31159.0,290955.60992980003
1720,HGS-TV,31159.0,291139.26847314835
1721,HGS-TV,31159.0,291440.8364613056
1722,HGS-TV,31159.0,291615.71610951424
1723,HGS-TV,31159.0,291875.35266780853
1724,HGS-TV,31159.0,291935.36079382896
1725,ails2_etaMax1.000_stoppingTime1728000.00,31362.0,292030.1590556641
1726,HGS-TV,31159.0,292117.7499887943
1727,HGS-TV,31159.0,292861.0951139927
1728,HGS-TV,31159.0,292964.7864551544
1729,HGS-TV,31159.0,293930.49277472496
1730,ails2_etaMax1.000_stoppingTime1728000.00,31360.0,293960.4590556641
1731,HGS-TV,31159.0,293990.77777791023
1732,ails2_etaMax1.000_stoppingTime1728000.00,31341.0,293961.16405566403
1733,HGS-TV,31159.0,294281.2999250889
1734,HGS-TV,31159.0,295081.0470688343
1735,HGS-TV,31159.0,295141.1623339653
1736,ails2_etaMax0.020_stoppingTime86400.00,31158.0,295352.20605566405
1737,ails2_etaMax0.020_stoppingTime86400.00,31157.0,295513.37305566407
1738,HGS-TV,31159.0,295690.8653392792
1739,HGS-TV,31159.0,295867.7151618004
1740,HGS-TV,31159.0,296293.6694495678
1741,HGS-TV,31159.0,296544.8382868767
1742,HGS-TV,31159.0,296984.4133617878
1743,HGS-TV,31159.0,297401.95886707306
1744,HGS-TV,31159.0,297986.53603482246
1745,HGS-TV,31159.0,298139.3306875229
1746,HGS-TV,31159.0,298731.5045938492
1747,HGS-TV,31159.0,298791.68476724625
1748,HGS-TV,31157.0,301751.48271107674
1749,HGS-TV,31157.0,301811.744371891
1750,HGS-TV,31157.0,301872.04309773445
1751,HGS-TV,31157.0,301932.2251384258
1752,HGS-TV,31157.0,301992.26618766785
1753,HGS-TV,31157.0,302052.37565660477
1754,HGS-TV,31157.0,302112.4463698864
1755,HGS-TV,31157.0,302279.59438586235
1756,HGS-TV,31157.0,302339.67810988426
1757,HGS-TV,31157.0,302631.5950460434
1758,HGS-TV,31157.0,302691.6368739605
1759,HGS-TV,31157.0,302751.79911613464
1760,HGS-TV,31157.0,302811.8180055618
1761,HGS-TV,31157.0,303153.8217391968
1762,ails2_etaMax1.000_stoppingTime864000.00,31175.0,303251.8440556641
1763,ails2_etaMax1.000_stoppingTime864000.00,31166.0,303267.7090556641
1764,HGS-TV,31157.0,303343.0652785301
1765,HGS-TV,31157.0,303588.53609752655
1766,HGS-TV,31157.0,303648.6465346813
1767,HGS-TV,31157.0,303708.6501481533
1768,HGS-TV,31157.0,303796.5792462826
1769,HGS-TV,31157.0,303858.62088370323
1770,HGS-TV,31157.0,303918.65219449997
1771,HGS-TV,31157.0,303978.7280819416
1772,HGS-TV,31157.0,304103.3193101883
1773,HGS-TV,31157.0,304264.82878661156
1774,HGS-TV,31157.0,304407.64752435684
1775,HGS-TV,31157.0,304856.37874412537
1776,HGS-TV,31157.0,304916.5391714573
1777,HGS-TV,31157.0,305020.9765138626
1778,HGS-TV,31157.0,305081.01256871223
1779,HGS-TV,31157.0,305334.55148124695
1780,HGS-TV,31157.0,305527.074570179
1781,HGS-TV,31157.0,305587.10939884186
1782,HGS-TV,31157.0,305647.1519713402
1783,HGS-TV,31157.0,305866.7558455467
1784,HGS-TV,31157.0,305986.1873805523
1785,HGS-TV,31157.0,306046.2005815506
1786,HGS-TV,31157.0,306558.0673716068
1787,HGS-TV,31157.0,306626.17432641983
1788,HGS-TV,31157.0,306814.6357522011
1789,HGS-TV,31157.0,307054.61237835884
1790,HGS-TV,31157.0,307159.3078401089
1791,HGS-TV,31157.0,308111.2267231941
1792,HGS-TV,31157.0,308330.56138587
1793,HGS-TV,31157.0,308390.63244628906
1794,HGS-TV,31157.0,308450.7410378456
1795,HGS-TV,31157.0,308662.40595817566
1796,HGS-TV,31157.0,308765.2959742546
1797,HGS-TV,31157.0,308825.3174288273
1798,HGS-TV,31157.0,308885.51951003075
1799,HGS-TV,31157.0,309679.87421655655
1800,HGS-TV,31157.0,309910.49589180946
1801,HGS-TV,31157.0,310013.18484544754
1802,HGS-TV,31157.0,310073.28296756744
1803,HGS-TV,31157.0,310356.04893517494
1804,HGS-TV,31157.0,310489.347949028
1805,HGS-TV,31157.0,310812.11920785904
1806,HGS-TV,31157.0,311861.9723973274
1807,HGS-TV,31157.0,311929.77814531326
1808,HGS-TV,31157.0,312013.05654239655
1809,HGS-TV,31157.0,312752.4596335888
1810,HGS-TV,31157.0,312980.06639289856
1811,HGS-TV,31157.0,313876.00151085854
1812,HGS-TV,31157.0,314010.97649788857
1813,HGS-TV,31157.0,314323.2624490261
1814,HGS-TV,31157.0,314383.4511823654
1815,HGS-TV,31157.0,314711.6045911312
1816,HGS-TV,31157.0,314795.8770544529
1817,HGS-TV,31157.0,314930.4693992138
1818,HGS-TV,31157.0,315157.3915131092
1819,HGS-TV,31157.0,315368.6436212063
1820,HGS-TV,31157.0,315428.67036128044
1821,HGS-TV,31157.0,315491.1212837696
1822,HGS-TV,31157.0,315812.97720599174
1823,HGS-TV,31157.0,316010.17396998405
1824,HGS-TV,31157.0,316070.3014640808
1825,HGS-TV,31157.0,316442.01243782043
1826,ails2_etaMax1.000_stoppingTime864000.00,31161.0,316537.73205566406
1827,HGS-TV,31157.0,317071.82598137856
1828,HGS-TV,31157.0,317292.9572095871
1829,HGS-TV,31157.0,317649.3302617073
1830,ails2_etaMax1.000_stoppingTime864000.00,31160.0,317679.09705566405
1831,ails2_etaMax1.000_stoppingTime864000.00,31154.0,317679.4210556641
1832,HGS-TV,31157.0,318047.96428108215
1833,HGS-TV,31157.0,318170.133292675
1834,HGS-TV,31157.0,318283.80232834816
1835,HGS-TV,31157.0,318344.1964421272
1836,HGS-TV,31157.0,318572.94044137
1837,HGS-TV,31157.0,318919.96472382545
1838,HGS-TV,31157.0,318979.97799897194
1839,HGS-TV,31157.0,319730.1583211422
1840,HGS-TV,31157.0,320140.58296751976
1841,ails2_etaMax1.000_stoppingTime864000.00,31150.0,320273.08605566405
1842,ails2_etaMax1.000_stoppingTime864000.00,31141.0,320274.08005566406
1843,filo2,31139.0,320476.4041209221
1844,ails2_etaMax0.005_stoppingTime86400.00,31138.0,320468.8830556641
1845,ails2_etaMax0.020_stoppingTime86400.00,31132.0,320449.95005566406
1846,HGS-TV,31137.0,320492.25471138954
1847,ails2_etaMax0.005_stoppingTime86400.00,31131.0,320528.74305566406
1848,ails2_etaMax0.020_stoppingTime86400.00,31131.0,320487.3880556641
1849,ails2_etaMax0.005_stoppingTime86400.00,31130.0,320543.16405566403
1850,ails2_etaMax0.020_stoppingTime86400.00,31130.0,320632.31905566406
1851,ails2_etaMax0.005_stoppingTime86400.00,31128.0,320677.65705566405
1852,ails2_etaMax0.020_stoppingTime86400.00,31129.0,320715.69605566404
1853,ails2_etaMax0.005_stoppingTime86400.00,31122.0,320693.60105566407
1854,HGS-TV,31136.0,320745.6726946831
1855,ails2_etaMax0.020_stoppingTime86400.00,31127.0,320752.16705566406
1856,HGS-TV,31131.0,320805.68707060814
1857,ails2_etaMax0.020_stoppingTime86400.00,31124.0,320852.6980556641
1858,HGS-TV,31125.0,320895.1829829216
1859,ails2_etaMax0.020_stoppingTime86400.00,31115.0,320861.51605566405
1860,HGS-TV,31124.0,320956.37261343
1861,ails2_etaMax0.020_stoppingTime86400.00,31113.0,320936.5830556641
1862,HGS-TV,31123.0,321016.39945936203
1863,HGS-TV,31122.0,321076.4863421917
1864,HGS-TV,31120.0,321261.96877264977
1865,HGS-TV,31119.0,321399.5940272808
1866,ails2_etaMax0.005_stoppingTime86400.00,31120.0,322534.19505566405
1867,ails2_etaMax0.005_stoppingTime86400.00,31119.0,322962.94405566406
1868,ails2_etaMax0.005_stoppingTime86400.00,31118.0,323033.41105566407
1869,ails2_etaMax1.000_stoppingTime1728000.00,31340.0,323197.3170556641
1870,ails2_etaMax1.000_stoppingTime1728000.00,31327.0,323197.5880556641
1871,ails2_etaMax0.005_stoppingTime86400.00,31117.0,323285.42705566407
1872,ails2_etaMax0.005_stoppingTime86400.00,31115.0,323290.6270556641
1873,ails2_etaMax0.005_stoppingTime86400.00,31112.0,323374.2850556641
1874,HGS-TV,31119.0,323733.3973932266
1875,HGS-TV,31119.0,323793.6470301151
1876,HGS-TV,31119.0,323885.68078422546
1877,HGS-TV,31119.0,323945.7099387646
1878,HGS-TV,31111.0,324317.44654130936
1879,HGS-TV,31109.0,324383.0428147316
1880,HGS-TV,31108.0,324568.93020939827
1881,HGS-TV,31108.0,326886.71510219574
1882,HGS-TV,31108.0,326946.7761182785
1883,HGS-TV,31108.0,327006.985090971
1884,HGS-TV,31108.0,327067.10939884186
1885,HGS-TV,31108.0,327127.2752363682
1886,HGS-TV,31108.0,327230.24987363815
1887,HGS-TV,31108.0,327290.34111166
1888,HGS-TV,31108.0,327350.3955774307
1889,HGS-TV,31108.0,327410.43271017075
1890,HGS-TV,31108.0,327470.6472375393
1891,HGS-TV,31108.0,327530.76532030106
1892,HGS-TV,31108.0,327590.85363578796
1893,HGS-TV,31108.0,327840.0937488079
1894,HGS-TV,31108.0,327900.2945485115
1895,HGS-TV,31108.0,327960.40190291405
1896,HGS-TV,31108.0,328066.05171251297
1897,HGS-TV,31108.0,328558.47691226006
1898,HGS-TV,31108.0,328618.5526521206
1899,HGS-TV,31108.0,328789.61817884445
1900,HGS-TV,31108.0,328849.84867072105
1901,HGS-TV,31108.0,328930.1631011963
1902,HGS-TV,31108.0,329161.4792289734
1903,HGS-TV,31108.0,329242.993165493
1904,HGS-TV,31108.0,329313.16743278503
1905,HGS-TV,31108.0,329373.3257639408
1906,HGS-TV,31108.0,329439.314098835
1907,HGS-TV,31108.0,329499.4862265587
1908,HGS-TV,31108.0,329559.65288233757
1909,HGS-TV,31108.0,329619.6859822273
1910,HGS-TV,31108.0,329922.61842393875
1911,HGS-TV,31108.0,329982.66792941093
1912,HGS-TV,31108.0,330280.32429885864
1913,HGS-TV,31108.0,330340.469189167
1914,HGS-TV,31108.0,330475.8100891113
1915,HGS-TV,31108.0,330558.30579948425
1916,HGS-TV,31108.0,330810.2210547924
1917,HGS-TV,31108.0,330870.3547697067
1918,HGS-TV,31108.0,330939.2031440735
1919,HGS-TV,31108.0,331044.87013220787
1920,HGS-TV,31108.0,331105.03099656105
1921,HGS-TV,31108.0,331234.22908592224
1922,HGS-TV,31108.0,331399.9765820503
1923,HGS-TV,31108.0,331482.5580677986
1924,HGS-TV,31108.0,331742.8127028942
1925,HGS-TV,31108.0,332351.83487939835
1926,HGS-TV,31108.0,332477.72763991356
1927,HGS-TV,31108.0,332576.2520468235
1928,HGS-TV,31108.0,332819.6149675846
1929,HGS-TV,31108.0,332879.8941004276
1930,HGS-TV,31108.0,332939.96292734146
1931,HGS-TV,31108.0,333980.0901892185
1932,HGS-TV,31108.0,335024.75441098213
1933,HGS-TV,31108.0,335366.66718173027
1934,HGS-TV,31108.0,335514.6312992573
1935,HGS-TV,31108.0,335625.28497743607
1936,HGS-TV,31108.0,335784.99922704697
1937,HGS-TV,31108.0,335936.0007619858
1938,HGS-TV,31108.0,335996.15891575813
1939,HGS-TV,31108.0,337306.2342584133
1940,HGS-TV,31108.0,337584.8632154465
1941,HGS-TV,31108.0,338216.31094288826
1942,HGS-TV,31108.0,338414.679223299
1943,HGS-TV,31108.0,338537.7822022438
1944,HGS-TV,31108.0,338652.27021336555
1945,HGS-TV,31108.0,339459.4653573036
1946,HGS-TV,31108.0,340203.8546175957
1947,HGS-TV,31108.0,340747.1584019661
1948,HGS-TV,31108.0,341434.69902539253
1949,HGS-TV,31108.0,342615.94076418877
1950,HGS-TV,31108.0,343921.7602262497
1951,HGS-TV,31108.0,343981.76776242256
1952,HGS-TV,31108.0,344195.40170526505
1953,HGS-TV,31108.0,345196.7334251404
1954,HGS-TV,31108.0,345644.37894296646
1955,HGS-TV,31108.0,345704.46456360817
1956,HGS-TV,31108.0,346067.87553715706
1957,HGS-TV,31108.0,346127.8798134327
1958,HGS-TV,31108.0,346187.8913524151
1959,HGS-TV,31108.0,346338.0544013977
1960,HGS-TV,31108.0,346451.5680317879
1961,HGS-TV,31108.0,346511.77540683746
1962,HGS-TV,31108.0,346713.3349702358
1963,HGS-TV,31108.0,346851.8216006756
1964,HGS-TV,31108.0,346911.9725859165
1965,HGS-TV,31108.0,347016.213231802
1966,HGS-TV,31108.0,347206.8516545296
1967,ails2_etaMax1.000_stoppingTime1728000.00,31319.0,347278.33505566407
1968,HGS-TV,31108.0,347300.640638113
1969,ails2_etaMax1.000_stoppingTime1728000.00,31315.0,347278.3930556641
1970,HGS-TV,31108.0,347360.68020153046
1971,HGS-TV,31108.0,347509.82878518105
1972,ails2_etaMax1.000_stoppingTime1728000.00,31314.0,347529.1210556641
1973,HGS-TV,31108.0,347569.8587939739
1974,ails2_etaMax1.000_stoppingTime1728000.00,31247.0,347531.23405566404
1975,HGS-TV,31108.0,347675.70163965225
1976,HGS-TV,31108.0,347752.4812221527
1977,HGS-TV,31108.0,348059.8251569271
1978,HGS-TV,31108.0,348456.7654540539
1979,HGS-TV,31108.0,348547.916762352
1980,ails2_etaMax1.000_stoppingTime864000.00,31139.0,348550.91605566407
1981,HGS-TV,31108.0,349084.9717903137
1982,HGS-TV,31108.0,349153.2899224758
1983,HGS-TV,31108.0,349248.0443658829
1984,HGS-TV,31108.0,349308.0597946644
1985,HGS-TV,31108.0,349493.4852166176
1986,HGS-TV,31108.0,349787.2905123234
1987,HGS-TV,31108.0,350043.32774591446
1988,HGS-TV,31108.0,350183.6362500191
1989,HGS-TV,31108.0,350352.2847812176
1990,HGS-TV,31108.0,350610.4948527813
1991,HGS-TV,31108.0,350885.5042102337
1992,HGS-TV,31108.0,351010.256033659
1993,ails2_etaMax1.000_stoppingTime864000.00,31138.0,351728.37005566404
1994,HGS-TV,31108.0,351735.19140815735
1995,HGS-TV,31108.0,351795.2216243744
1996,HGS-TV,31108.0,352245.29061579704
1997,HGS-TV,31108.0,352382.70103526115
1998,HGS-TV,31108.0,352672.3024353981
1999,HGS-TV,31108.0,352858.6740961075
2000,HGS-TV,31108.0,353084.6154310703
2001,HGS-TV,31108.0,353266.9357981682
2002,HGS-TV,31108.0,353327.0421526432
2003,HGS-TV,31108.0,353605.7304427624
2004,HGS-TV,31108.0,353841.4489791393
2005,HGS-TV,31108.0,354152.6278972626
2006,HGS-TV,31108.0,354308.7414293289
2007,HGS-TV,31108.0,354657.4955840111
2008,HGS-TV,31108.0,355169.23011898994
2009,HGS-TV,31108.0,355485.180880785
2010,HGS-TV,31108.0,355767.0313568115
2011,HGS-TV,31108.0,356090.8678264618
2012,ails2_etaMax1.000_stoppingTime864000.00,31135.0,357584.35705566406
2013,HGS-TV,31108.0,357811.1928305626
2014,ails2_etaMax1.000_stoppingTime864000.00,31131.0,357931.98905566405
2015,ails2_etaMax0.005_stoppingTime86400.00,31107.0,357991.87805566407
2016,HGS-TV,31108.0,359945.38334822655
2017,HGS-TV,31108.0,360005.6486938
2018,HGS-TV,31107.0,363301.4750931263
2019,HGS-TV,31107.0,363361.5598051548
2020,HGS-TV,31107.0,363421.7762489319
2021,HGS-TV,31107.0,363481.994273901
2022,HGS-TV,31107.0,363542.0869398117
2023,HGS-TV,31107.0,363602.3328239918
2024,HGS-TV,31107.0,363662.33619761467
2025,HGS-TV,31107.0,363722.4725089073
2026,HGS-TV,31107.0,363782.5717935562
2027,HGS-TV,31107.0,363842.59987545013
2028,HGS-TV,31107.0,363902.6478483677
2029,HGS-TV,31107.0,363995.0438938141
2030,HGS-TV,31107.0,364055.224039793
2031,HGS-TV,31107.0,364115.33969831467
2032,HGS-TV,31107.0,364229.7281048298
2033,HGS-TV,31107.0,364303.02165460587
2034,HGS-TV,31107.0,364434.3115782738
2035,HGS-TV,31107.0,364636.488158226
2036,HGS-TV,31107.0,364720.6267604828
2037,HGS-TV,31107.0,364780.7574839592
2038,HGS-TV,31107.0,365129.9713048935
2039,HGS-TV,31107.0,365190.235537529
2040,HGS-TV,31107.0,365250.26836943626
2041,HGS-TV,31107.0,365317.1789512634
2042,HGS-TV,31107.0,365377.3981335163
2043,HGS-TV,31107.0,365530.6606090069
2044,HGS-TV,31107.0,365590.72471523285
2045,HGS-TV,31107.0,365787.66750860214
2046,HGS-TV,31107.0,365847.8709075451
2047,HGS-TV,31107.0,366167.66952991486
2048,HGS-TV,31107.0,366340.93295121193
2049,HGS-TV,31107.0,366749.7103676796
2050,HGS-TV,31107.0,366809.8774883747
2051,HGS-TV,31107.0,366870.11612176895
2052,HGS-TV,31107.0,367026.75545215607
2053,HGS-TV,31107.0,367150.7905359268
2054,HGS-TV,31107.0,367399.2709169388
2055,HGS-TV,31107.0,367596.3833873272
2056,HGS-TV,31107.0,368187.4482228756
2057,HGS-TV,31107.0,368350.5807273388
2058,HGS-TV,31107.0,368570.4428834915
2059,HGS-TV,31107.0,368789.03676867485
2060,HGS-TV,31107.0,368849.19989800453
2061,HGS-TV,31107.0,368909.218200922
2062,HGS-TV,31107.0,368980.2804739475
2063,HGS-TV,31107.0,369040.28767991066
2064,HGS-TV,31107.0,369226.3891105652
2065,HGS-TV,31107.0,369286.51833438873
2066,HGS-TV,31107.0,369346.671015501
2067,HGS-TV,31107.0,369438.4747862816
2068,HGS-TV,31107.0,369594.225880146
2069,HGS-TV,31107.0,370218.9564523697
2070,HGS-TV,31107.0,370518.01848983765
2071,HGS-TV,31107.0,371029.83866405487
2072,HGS-TV,31107.0,371149.3583371639
2073,HGS-TV,31107.0,371209.36120557785
2074,HGS-TV,31107.0,371303.3978085518
2075,HGS-TV,31107.0,371474.35334324837
2076,HGS-TV,31107.0,371534.51047587395
2077,HGS-TV,31107.0,371594.52513194084
2078,HGS-TV,31107.0,371769.0362586975
2079,HGS-TV,31107.0,371829.2649102211
2080,HGS-TV,31107.0,371889.30945396423
2081,HGS-TV,31107.0,372296.17668676376
2082,HGS-TV,31107.0,372356.179366827
2083,HGS-TV,31107.0,372522.8856496811
2084,HGS-TV,31107.0,372738.0367116928
2085,HGS-TV,31107.0,372809.4984161854
2086,HGS-TV,31107.0,372869.679289341
2087,HGS-TV,31107.0,372984.81429862976
2088,HGS-TV,31107.0,373044.9253938198
2089,HGS-TV,31107.0,373124.2730920315
2090,HGS-TV,31107.0,373184.27998542786
2091,HGS-TV,31107.0,373263.60933995247
2092,HGS-TV,31107.0,373323.67692422867
2093,HGS-TV,31107.0,373383.71787023544
2094,HGS-TV,31107.0,373444.02118206024
2095,HGS-TV,31107.0,373517.0506236553
2096,HGS-TV,31107.0,374020.2769060135
2097,HGS-TV,31107.0,374269.86313414574
2098,HGS-TV,31107.0,374343.95235943794
2099,HGS-TV,31107.0,374532.8517212868
2100,HGS-TV,31107.0,374710.47141194344
2101,HGS-TV,31107.0,375071.95929169655
2102,HGS-TV,31107.0,375138.49456214905
2103,HGS-TV,31107.0,375198.67752432823
2104,HGS-TV,31107.0,375267.9914972782
2105,HGS-TV,31107.0,375794.6411604881
2106,HGS-TV,31107.0,375894.96905589104
2107,HGS-TV,31107.0,375955.0376446247
2108,HGS-TV,31107.0,376080.5809562206
2109,HGS-TV,31107.0,376402.56937265396
2110,HGS-TV,31107.0,376462.610776186
2111,HGS-TV,31107.0,376615.4352629185
2112,HGS-TV,31107.0,376762.3767001629
2113,HGS-TV,31107.0,377275.86445736885
2114,HGS-TV,31107.0,377335.90194773674
2115,HGS-TV,31107.0,377451.12775850296
2116,HGS-TV,31107.0,377714.9977288246
2117,HGS-TV,31107.0,377824.5417628288
2118,HGS-TV,31107.0,378370.36040115356
2119,HGS-TV,31107.0,378716.0810277462
2120,HGS-TV,31107.0,380584.0368602276
2121,ails2_etaMax1.000_stoppingTime864000.00,31127.0,380905.1440556641
2122,ails2_etaMax1.000_stoppingTime864000.00,31123.0,380910.92705566407
2123,HGS-TV,31107.0,382887.79974389076
2124,HGS-TV,31107.0,383299.76218271255
2125,HGS-TV,31107.0,383743.65024995804
2126,HGS-TV,31107.0,386503.31074905396
2127,HGS-TV,31107.0,387093.80134248734
2128,HGS-TV,31107.0,387761.41565442085
2129,HGS-TV,31107.0,387898.13759565353
2130,HGS-TV,31107.0,388011.585467577
2131,HGS-TV,31107.0,388556.88785910606
2132,HGS-TV,31107.0,388656.7038843632
2133,HGS-TV,31107.0,390136.4067726135
2134,HGS-TV,31107.0,390785.37385082245
2135,ails2_etaMax1.000_stoppingTime864000.00,31122.0,391189.54205566406
2136,HGS-TV,31107.0,393530.45028615
2137,ails2_etaMax1.000_stoppingTime864000.00,31121.0,394015.53805566404
2138,ails2_etaMax0.020_stoppingTime86400.00,31106.0,394345.0560556641
2139,HGS-TV,31106.0,399046.72786045074
2140,HGS-TV,31106.0,399106.7795653343
2141,HGS-TV,31106.0,399166.9993453026
2142,HGS-TV,31106.0,399227.28199338913
2143,HGS-TV,31106.0,399310.50523138046
2144,HGS-TV,31106.0,399370.7372419834
2145,HGS-TV,31106.0,399430.8701095581
2146,HGS-TV,31106.0,399494.4140124321
2147,HGS-TV,31106.0,399554.49266147614
2148,HGS-TV,31106.0,399626.5403702259
2149,HGS-TV,31106.0,399704.9890332222
2150,HGS-TV,31106.0,399797.1656219959
2151,HGS-TV,31106.0,399857.27395796776
2152,HGS-TV,31106.0,399917.33444547653
2153,HGS-TV,31106.0,399977.483648777
2154,HGS-TV,31106.0,400141.2874574661
2155,HGS-TV,31106.0,400209.0530319214
2156,HGS-TV,31106.0,400360.36056780815
2157,HGS-TV,31106.0,400420.57849001884
2158,HGS-TV,31106.0,400487.6854686737
2159,HGS-TV,31106.0,400547.87611579895
2160,HGS-TV,31106.0,400607.89396071434
2161,HGS-TV,31106.0,400671.5562403202
2162,HGS-TV,31106.0,400731.7399559021
2163,HGS-TV,31106.0,400791.7818388939
2164,HGS-TV,31106.0,400851.9059185982
2165,HGS-TV,31106.0,400912.114331007
2166,HGS-TV,31106.0,400972.19157123566
2167,HGS-TV,31106.0,401032.34065270424
2168,HGS-TV,31106.0,401092.49887776375
2169,HGS-TV,31106.0,401152.5009794235
2170,HGS-TV,31106.0,401212.52007603645
2171,HGS-TV,31106.0,401272.55853796005
2172,HGS-TV,31106.0,401332.62370705605
2173,HGS-TV,31106.0,401392.71878027916
2174,HGS-TV,31106.0,401452.719499588
2175,HGS-TV,31106.0,401512.79049897194
2176,HGS-TV,31106.0,401572.87404608727
2177,HGS-TV,31106.0,401632.90694093704
2178,HGS-TV,31106.0,401692.94193935394
2179,HGS-TV,31106.0,401753.02548098564
2180,HGS-TV,31106.0,401904.8791205883
2181,HGS-TV,31106.0,401965.0757455826
2182,HGS-TV,31106.0,402025.15665888786
2183,HGS-TV,31106.0,402085.3047273159
2184,HGS-TV,31106.0,402197.77994918823
2185,HGS-TV,31106.0,402384.21179676056
2186,HGS-TV,31106.0,402461.40175819397
2187,HGS-TV,31106.0,402575.7869646549
2188,HGS-TV,31106.0,402636.91621375084
2189,HGS-TV,31106.0,402747.3494513035
2190,HGS-TV,31106.0,402846.6289615631
2191,HGS-TV,31106.0,402939.71031808853
2192,HGS-TV,31106.0,403013.80026745796
2193,HGS-TV,31106.0,403095.31923532486
2194,HGS-TV,31106.0,403171.85141181946
2195,HGS-TV,31106.0,403333.7429163456
2196,HGS-TV,31106.0,403393.7454147339
2197,HGS-TV,31106.0,403453.8829922676
2198,HGS-TV,31106.0,403631.41477513313
2199,HGS-TV,31106.0,403700.4983623028
2200,HGS-TV,31106.0,404114.35600852966
2201,HGS-TV,31106.0,404227.52579307556
2202,HGS-TV,31106.0,404304.6778202057
2203,HGS-TV,31106.0,404364.79723763466
2204,HGS-TV,31106.0,404870.82560682297
2205,HGS-TV,31106.0,404998.6375796795
2206,HGS-TV,31106.0,407692.16525292397
2207,HGS-TV,31106.0,407752.56727290154
2208,HGS-TV,31106.0,407812.9246144295
2209,HGS-TV,31106.0,407873.19636821747
2210,HGS-TV,31106.0,407933.3495838642
2211,HGS-TV,31106.0,408015.9672009945
2212,HGS-TV,31106.0,408076.1082251072
2213,HGS-TV,31106.0,408136.1563677788
2214,HGS-TV,31106.0,408196.1755685806
2215,HGS-TV,31106.0,408256.30780124664
2216,HGS-TV,31106.0,408316.38786029816
2217,HGS-TV,31106.0,408393.8315665722
2218,HGS-TV,31106.0,408453.9605240822
2219,HGS-TV,31106.0,408514.01494407654
2220,HGS-TV,31106.0,408643.7820868492
2221,HGS-TV,31106.0,408703.93443083763
2222,HGS-TV,31106.0,408796.9609119892
2223,ails2_etaMax1.000_stoppingTime864000.00,31120.0,408799.5790556641
2224,HGS-TV,31106.0,408857.05759239197
2225,HGS-TV,31106.0,409020.87245440483
2226,HGS-TV,31106.0,409081.09436297417
2227,HGS-TV,31106.0,409142.1995706558
2228,HGS-TV,31106.0,409259.52423501015
2229,HGS-TV,31106.0,409495.4843082428
2230,HGS-TV,31106.0,409954.5327436924
2231,HGS-TV,31106.0,410178.5220594406
2232,HGS-TV,31106.0,410244.70414829254
2233,HGS-TV,31106.0,410304.88025426865
2234,HGS-TV,31106.0,410364.91282486916
2235,HGS-TV,31106.0,410425.14652991295
2236,HGS-TV,31106.0,410485.19058918953
2237,HGS-TV,31106.0,410545.43105101585
2238,HGS-TV,31106.0,410713.4507672787
2239,HGS-TV,31106.0,410773.52761244774
2240,HGS-TV,31106.0,410833.60658431053
2241,HGS-TV,31106.0,411300.90737247467
2242,HGS-TV,31106.0,411361.03354120255
2243,ails2_etaMax1.000_stoppingTime864000.00,31118.0,411384.96605566406
2244,HGS-TV,31106.0,411421.24153995514
2245,HGS-TV,31106.0,411650.5889701843
2246,HGS-TV,31106.0,411782.4121184349
2247,HGS-TV,31106.0,412048.1096558571
2248,HGS-TV,31106.0,412325.3084292412
2249,HGS-TV,31106.0,412535.5517961979
2250,HGS-TV,31106.0,412595.72282886505
2251,HGS-TV,31106.0,412655.74743795395
2252,HGS-TV,31106.0,413146.90096092224
2253,HGS-TV,31106.0,413207.03486943245
2254,HGS-TV,31106.0,413364.46784853935
2255,HGS-TV,31106.0,413715.01701045036
2256,HGS-TV,31106.0,413988.6296143532
2257,HGS-TV,31106.0,414380.2239432335
2258,HGS-TV,31106.0,414776.07826423645
2259,HGS-TV,31106.0,414929.8828406334
2260,HGS-TV,31106.0,415284.0602366924
2261,HGS-TV,31106.0,415581.6235482693
2262,HGS-TV,31106.0,415641.8203175068
2263,HGS-TV,31106.0,415860.53756403923
2264,HGS-TV,31106.0,416020.9708650112
2265,HGS-TV,31106.0,416206.5463309288
2266,HGS-TV,31106.0,416427.8317000866
2267,HGS-TV,31106.0,416528.579556942
2268,HGS-TV,31106.0,416588.6843111515
2269,HGS-TV,31106.0,416667.5286142826
2270,HGS-TV,31106.0,416829.2740700245
2271,HGS-TV,31106.0,416889.4964723587
2272,HGS-TV,31106.0,417009.209410429
2273,HGS-TV,31106.0,417069.2748823166
2274,HGS-TV,31106.0,417129.2763607502
2275,HGS-TV,31106.0,417190.77770996094
2276,HGS-TV,31106.0,417481.6712298393
2277,HGS-TV,31106.0,417541.8320224285
2278,HGS-TV,31106.0,417991.33274769783
2279,HGS-TV,31106.0,418235.67016911507
2280,HGS-TV,31106.0,418751.1604170799
2281,HGS-TV,31106.0,418889.49985313416
2282,ails2_etaMax1.000_stoppingTime864000.00,31117.0,418890.20705566404
2283,HGS-TV,31106.0,419059.3754286766
2284,HGS-TV,31106.0,419213.26436567307
2285,HGS-TV,31106.0,419575.8463149071
2286,HGS-TV,31106.0,419635.8492114544
2287,HGS-TV,31106.0,419926.9652452469
2288,HGS-TV,31106.0,420226.94370627403
2289,HGS-TV,31106.0,420790.36652469635
2290,HGS-TV,31106.0,420919.32013964653
2291,HGS-TV,31106.0,421219.7642478943
2292,HGS-TV,31106.0,421430.97315120697
2293,HGS-TV,31106.0,421602.647244215
2294,HGS-TV,31106.0,421760.8941709995
2295,HGS-TV,31106.0,422107.9164862633
2296,HGS-TV,31106.0,422430.4136965275
2297,HGS-TV,31106.0,422653.1634116173
2298,HGS-TV,31106.0,422890.99179434776
2299,HGS-TV,31106.0,423427.9095697403
2300,HGS-TV,31106.0,423619.82888650894
2301,HGS-TV,31106.0,425109.873516798
2302,ails2_etaMax1.000_stoppingTime864000.00,31116.0,425597.4250556641
2303,HGS-TV,31106.0,425914.63668370247
2304,HGS-TV,31106.0,425974.68301558495
2305,HGS-TV,31106.0,426768.2284026146
2306,HGS-TV,31106.0,427107.6619782448
2307,HGS-TV,31106.0,427167.7834601402
2308,HGS-TV,31106.0,430675.97403907776
2309,HGS-TV,31106.0,430736.0640039444
2310,HGS-TV,31106.0,430796.09310746193
2311,HGS-TV,31106.0,430856.1400682926
2312,HGS-TV,31106.0,430916.19931435585
2313,HGS-TV,31106.0,430976.51139354706
2314,HGS-TV,31106.0,431036.6011490822
2315,HGS-TV,31106.0,431099.9536356926
2316,HGS-TV,31106.0,431197.3792517185
2317,HGS-TV,31106.0,431257.4287877083
2318,HGS-TV,31106.0,431317.6260778904
2319,HGS-TV,31106.0,431455.6431026459
2320,HGS-TV,31106.0,431522.48755550385
2321,HGS-TV,31106.0,431615.7382237911
2322,HGS-TV,31106.0,431791.3971991539
2323,HGS-TV,31106.0,431851.62588596344
2324,HGS-TV,31106.0,431911.7170319557
2325,HGS-TV,31106.0,431971.8499274254
2326,ails2_etaMax1.000_stoppingTime864000.00,31115.0,433020.20105566405
2327,HGS-TV,31106.0,435112.58258485794
2328,HGS-TV,31106.0,435172.726177454
2329,HGS-TV,31106.0,435232.8222863674
2330,HGS-TV,31106.0,435293.07784581184
2331,HGS-TV,31106.0,435353.1390969753
2332,HGS-TV,31106.0,435413.3022072315
2333,HGS-TV,31106.0,435473.36952376366
2334,HGS-TV,31106.0,435533.41134285927
2335,HGS-TV,31106.0,435593.4578716755
2336,ails2_etaMax1.000_stoppingTime864000.00,31114.0,437532.22605566407
2337,ails2_etaMax1.000_stoppingTime864000.00,31112.0,437540.5180556641
2338,ails2_etaMax1.000_stoppingTime864000.00,31111.0,437634.2730556641
2339,HGS-TV,31106.0,438374.5072567463
2340,HGS-TV,31106.0,438434.7025718689
2341,HGS-TV,31106.0,438495.0404639244
2342,HGS-TV,31106.0,438555.1240975857
2343,HGS-TV,31106.0,438615.28972387314
2344,HGS-TV,31106.0,438675.44457244873
2345,HGS-TV,31106.0,438735.5418124199
2346,HGS-TV,31106.0,438850.2657637596
2347,HGS-TV,31106.0,438912.3779363632
2348,HGS-TV,31106.0,438972.495213747
2349,HGS-TV,31106.0,439032.7451632023
2350,HGS-TV,31106.0,439112.2959945202
2351,HGS-TV,31106.0,439172.37606215477
2352,HGS-TV,31106.0,442306.9194262028
2353,HGS-TV,31106.0,442366.9279463291
2354,HGS-TV,31106.0,442426.9554224014
2355,HGS-TV,31106.0,442487.207272768
2356,HGS-TV,31106.0,442547.2080447674
2357,HGS-TV,31106.0,442607.4196488857
2358,HGS-TV,31106.0,442667.5314087868
2359,HGS-TV,31106.0,442727.5999414921
2360,HGS-TV,31106.0,442787.67518758774
2361,ails2_etaMax1.000_stoppingTime864000.00,31110.0,444265.95105566405
2362,HGS-TV,31106.0,445901.45013046265
2363,HGS-TV,31106.0,445961.6506817341
2364,HGS-TV,31106.0,446022.06904554367
2365,HGS-TV,31106.0,446082.2780101299
2366,HGS-TV,31106.0,446157.3738758564
2367,HGS-TV,31106.0,446217.3846356869
2368,HGS-TV,31106.0,446319.2579257488
2369,HGS-TV,31106.0,446379.3879234791
2370,HGS-TV,31106.0,449539.8417625427
2371,HGS-TV,31106.0,449600.0729444027
2372,HGS-TV,31106.0,449660.1514220238
2373,HGS-TV,31106.0,449720.2404947281
2374,HGS-TV,31106.0,449780.3351762295
2375,HGS-TV,31106.0,449840.5601718426
2376,HGS-TV,31106.0,449900.6987206936
2377,HGS-TV,31106.0,449971.7051446438
2378,HGS-TV,31106.0,453087.4156868458
2379,HGS-TV,31106.0,453147.5286781788
2380,HGS-TV,31106.0,453207.5555305481
2381,HGS-TV,31106.0,453267.5886974335
2382,HGS-TV,31106.0,453327.7685854435
2383,HGS-TV,31106.0,453387.810934782
2384,HGS-TV,31106.0,453447.9329254627
2385,HGS-TV,31106.0,453508.07295084
2386,HGS-TV,31106.0,456557.3259656429
2387,HGS-TV,31106.0,456617.4502403736
2388,HGS-TV,31106.0,456677.6539194584
2389,HGS-TV,31106.0,456737.9701883793
2390,HGS-TV,31106.0,456798.06901216507
2391,HGS-TV,31106.0,456858.1192114353
2392,HGS-TV,31106.0,456918.38247561455
2393,HGS-TV,31106.0,456978.48464369774
2394,HGS-TV,31106.0,457038.5505750179
2395,HGS-TV,31106.0,457098.61586403847
2396,HGS-TV,31106.0,457158.731146574
2397,HGS-TV,31106.0,457218.9236354828
2398,HGS-TV,31106.0,460343.05225634575
2399,HGS-TV,31106.0,460403.1920156479
2400,HGS-TV,31106.0,460463.3065145016
2401,HGS-TV,31106.0,460523.40281295776
2402,HGS-TV,31106.0,460583.61708521843
2403,HGS-TV,31106.0,460643.7980809212
2404,HGS-TV,31106.0,460703.94336390495
2405,HGS-TV,31106.0,460763.9912586212
2406,ails2_etaMax1.000_stoppingTime1728000.00,31238.0,463525.89105566405
2407,ails2_etaMax1.000_stoppingTime1728000.00,31236.0,463525.92405566404
2408,ails2_etaMax1.000_stoppingTime1728000.00,31234.0,463752.68505566404
2409,HGS-TV,31106.0,464036.69413757324
2410,HGS-TV,31106.0,464096.7355480194
2411,HGS-TV,31106.0,464157.1259868145
2412,HGS-TV,31106.0,464217.1862242222
2413,HGS-TV,31106.0,464277.337757349
2414,HGS-TV,31106.0,464337.36237454414
2415,HGS-TV,31106.0,464397.5661225319
2416,ails2_etaMax1.000_stoppingTime864000.00,31109.0,467001.38905566407
2417,ails2_etaMax1.000_stoppingTime864000.00,31108.0,467001.72905566404
2418,HGS-TV,31106.0,467787.3100607395
2419,HGS-TV,31106.0,467847.4488196373
2420,HGS-TV,31106.0,467907.76052737236
2421,HGS-TV,31106.0,467967.8731534481
2422,HGS-TV,31106.0,471271.545037508
2423,HGS-TV,31106.0,471331.75171995163
2424,HGS-TV,31106.0,471391.75956845284
2425,HGS-TV,31106.0,471452.07999539375
2426,HGS-TV,31106.0,471553.8432354927
2427,HGS-TV,31106.0,474883.1163749695
2428,HGS-TV,31106.0,474943.33276081085
2429,HGS-TV,31106.0,475003.3994908333
2430,HGS-TV,31106.0,475063.5993397236
2431,HGS-TV,31106.0,475123.64970207214
2432,HGS-TV,31106.0,475183.8135533333
2433,ails2_etaMax1.000_stoppingTime1728000.00,31230.0,477983.6710556641
2434,HGS-TV,31106.0,478480.0260181427
2435,HGS-TV,31106.0,478540.06499147415
2436,HGS-TV,31106.0,478600.0843269825
2437,HGS-TV,31106.0,478660.190169096
2438,HGS-TV,31106.0,478720.4538588524
2439,HGS-TV,31106.0,478780.55524277687
2440,HGS-TV,31106.0,481969.3986592293
2441,HGS-TV,31106.0,482029.502038002
2442,HGS-TV,31106.0,482089.66054177284
2443,HGS-TV,31106.0,482149.6899392605
2444,HGS-TV,31106.0,482209.91476917267
2445,HGS-TV,31106.0,482327.56047201157
2446,HGS-TV,31106.0,482387.835780859
2447,HGS-TV,31106.0,485343.40662264824
2448,HGS-TV,31106.0,485403.5762562752
2449,HGS-TV,31106.0,485463.70471286774
2450,HGS-TV,31106.0,485523.70885276794
2451,HGS-TV,31106.0,485583.94365143776
2452,HGS-TV,31106.0,485643.9987490177
2453,HGS-TV,31106.0,485704.12561798096
2454,HGS-TV,31106.0,485764.2583270073
2455,HGS-TV,31106.0,485824.3533155918
2456,HGS-TV,31106.0,485981.6201815605
2457,HGS-TV,31106.0,489089.5420820713
2458,HGS-TV,31106.0,489149.62709355354
2459,HGS-TV,31106.0,489209.74242162704
2460,HGS-TV,31106.0,489270.0041334629
2461,HGS-TV,31106.0,489358.92688179016
2462,HGS-TV,31106.0,489419.1110153198
2463,HGS-TV,31106.0,489479.18662047386
2464,HGS-TV,31106.0,489539.2871031761
2465,HGS-TV,31106.0,489599.483604908
2466,ails2_etaMax1.000_stoppingTime1728000.00,31227.0,490348.82505566406
2467,HGS-TV,31106.0,492800.8924663067
2468,HGS-TV,31106.0,492860.9631180763
2469,HGS-TV,31106.0,492921.01545357704
2470,HGS-TV,31106.0,492981.1673948765
2471,HGS-TV,31106.0,493041.3578388691
2472,HGS-TV,31106.0,493101.45787906647
2473,HGS-TV,31106.0,493161.63152861595
2474,HGS-TV,31106.0,495884.2343862057
2475,HGS-TV,31106.0,495944.2957544327
2476,HGS-TV,31106.0,496016.7152926922
2477,HGS-TV,31106.0,496076.81434321404
2478,HGS-TV,31106.0,496136.9279785156
2479,HGS-TV,31106.0,496197.1594378948
2480,HGS-TV,31106.0,496257.3702571392
2481,HGS-TV,31106.0,496317.39398264885
2482,HGS-TV,31106.0,496377.5451602936
2483,HGS-TV,31106.0,496437.7733454704
2484,HGS-TV,31106.0,496497.8921394348
2485,HGS-TV,31106.0,496587.45917725563
2486,HGS-TV,31106.0,496668.2540438175
2487,HGS-TV,31106.0,496731.4860947132
2488,HGS-TV,31106.0,499861.89178323746
2489,HGS-TV,31106.0,499922.13087677956
2490,HGS-TV,31106.0,499982.23555731773
2491,HGS-TV,31106.0,500042.45932507515
2492,HGS-TV,31106.0,500102.49518990517
2493,HGS-TV,31106.0,500162.62988495827
2494,HGS-TV,31106.0,500222.78620171547
2495,HGS-TV,31106.0,500289.12095069885
2496,HGS-TV,31106.0,500349.1904015541
2497,HGS-TV,31106.0,500409.317728281
2498,ails2_etaMax1.000_stoppingTime864000.00,31107.0,502256.95105566405
2499,ails2_etaMax1.000_stoppingTime1728000.00,31222.0,502916.69505566405
2500,HGS-TV,31106.0,503607.5797319412
2501,HGS-TV,31106.0,503667.68932008743
2502,HGS-TV,31106.0,503727.86079502106
2503,HGS-TV,31106.0,503787.95785689354
2504,HGS-TV,31106.0,503848.25294041634
2505,HGS-TV,31106.0,503934.2601430416
2506,HGS-TV,31106.0,503994.479585886
2507,ails2_etaMax1.000_stoppingTime1728000.00,31209.0,504691.92305566405
2508,ails2_etaMax1.000_stoppingTime1728000.00,31205.0,504691.9810556641
2509,HGS-TV,31106.0,506934.6617529392
2510,HGS-TV,31106.0,506995.12693834305
2511,HGS-TV,31106.0,507055.25409817696
2512,HGS-TV,31106.0,507115.3258936405
2513,HGS-TV,31106.0,507175.3803024292
2514,HGS-TV,31106.0,507235.62778162956
2515,HGS-TV,31106.0,507295.78769135475
2516,HGS-TV,31106.0,507356.0182976723
2517,HGS-TV,31106.0,507416.06769514084
2518,HGS-TV,31106.0,507476.08560466766
2519,HGS-TV,31106.0,507568.66974949837
2520,HGS-TV,31106.0,507629.128480196
2521,ails2_etaMax1.000_stoppingTime1728000.00,31202.0,507723.30805566406
2522,ails2_etaMax1.000_stoppingTime1728000.00,31199.0,507768.19905566407
2523,HGS-TV,31106.0,510713.81885170937
2524,HGS-TV,31106.0,510773.92160344124
2525,HGS-TV,31106.0,510834.09420347214
2526,HGS-TV,31106.0,510894.1047325134
2527,HGS-TV,31106.0,510954.2116007805
2528,HGS-TV,31106.0,511014.3083050251
2529,HGS-TV,31106.0,511127.58894848824
2530,HGS-TV,31106.0,511187.6112253666
2531,HGS-TV,31106.0,513630.93995785713
2532,HGS-TV,31106.0,513691.1422138214
2533,HGS-TV,31106.0,513751.27441334724
2534,HGS-TV,31106.0,513812.24319911003
2535,HGS-TV,31106.0,513872.38503170013
2536,HGS-TV,31106.0,513939.7610194683
2537,HGS-TV,31106.0,513999.9215528965
2538,HGS-TV,31106.0,514060.0479786396
2539,HGS-TV,31106.0,514120.10256433487
2540,HGS-TV,31106.0,514180.31242752075
2541,HGS-TV,31106.0,514294.8713030815
2542,HGS-TV,31106.0,514355.0397377014
2543,HGS-TV,31106.0,514415.1692352295
2544,HGS-TV,31106.0,514475.218347311
2545,HGS-TV,31106.0,514568.2532198429
2546,HGS-TV,31106.0,514628.3267915249
2547,HGS-TV,31106.0,514830.08136868477
2548,ails2_etaMax1.000_stoppingTime1728000.00,31198.0,516107.0610556641
2549,HGS-TV,31106.0,517858.5723795891
2550,HGS-TV,31106.0,517918.83224081993
2551,HGS-TV,31106.0,517978.9551665783
2552,HGS-TV,31106.0,518039.1048707962
2553,HGS-TV,31106.0,518099.1851270199
2554,HGS-TV,31106.0,518159.3356561661
2555,HGS-TV,31106.0,518219.55478978157
2556,HGS-TV,31106.0,518279.6737315655
2557,HGS-TV,31106.0,518339.8373734951
2558,HGS-TV,31106.0,518419.581084013
2559,ails2_etaMax1.000_stoppingTime1728000.00,31196.0,520024.87005566404
2560,ails2_etaMax1.000_stoppingTime1728000.00,31190.0,520032.0680556641
2561,HGS-TV,31106.0,521371.87160372734
2562,HGS-TV,31106.0,521431.89901685715
2563,HGS-TV,31106.0,521492.124733448
2564,HGS-TV,31106.0,521552.37201714516
2565,HGS-TV,31106.0,521612.48056697845
2566,HGS-TV,31106.0,521690.1621904373
2567,HGS-TV,31106.0,521750.2550611496
2568,HGS-TV,31106.0,521824.8596467972
2569,HGS-TV,31106.0,521884.9749586582
2570,HGS-TV,31106.0,521945.0208539963
2571,HGS-TV,31106.0,522024.29807162285
2572,HGS-TV,31106.0,525129.451911211
2573,HGS-TV,31106.0,525189.5067667961
2574,HGS-TV,31106.0,525249.5432193279
2575,HGS-TV,31106.0,525309.5519995689
2576,HGS-TV,31106.0,525369.5989100933
2577,HGS-TV,31106.0,525429.7036085129
2578,HGS-TV,31106.0,525489.8725464344
2579,HGS-TV,31106.0,525591.3176829815
2580,HGS-TV,31106.0,528743.7794587612
2581,HGS-TV,31106.0,528803.9915931225
2582,HGS-TV,31106.0,528864.0350825787
2583,HGS-TV,31106.0,528924.1764545441
2584,HGS-TV,31106.0,528984.2072069645
2585,HGS-TV,31106.0,529044.3824057579
2586,HGS-TV,31106.0,529104.6510622501
2587,HGS-TV,31106.0,529172.2144179344
2588,HGS-TV,31106.0,529232.3659799099
2589,HGS-TV,31106.0,532209.4988224506
2590,HGS-TV,31106.0,532269.6912965775
2591,HGS-TV,31106.0,532330.1276392937
2592,HGS-TV,31106.0,532390.3840076923
2593,HGS-TV,31106.0,532450.3948853016
2594,HGS-TV,31106.0,532556.7385895252
2595,HGS-TV,31106.0,532616.8292963505
2596,HGS-TV,31106.0,532676.9600813389
2597,HGS-TV,31106.0,532737.3149473667
2598,HGS-TV,31106.0,532797.3265354633
2599,HGS-TV,31106.0,535453.1168563366
2600,HGS-TV,31106.0,535513.1400213242
2601,HGS-TV,31106.0,535573.2758312225
2602,HGS-TV,31106.0,535633.4499332905
2603,HGS-TV,31106.0,535693.6856215
2604,HGS-TV,31106.0,535753.8094975948
2605,HGS-TV,31106.0,535817.401188612
2606,HGS-TV,31106.0,535877.5293738842
2607,HGS-TV,31106.0,535948.7096447945
2608,HGS-TV,31106.0,536008.7403054237
2609,HGS-TV,31106.0,536068.8315546513
2610,HGS-TV,31106.0,536128.8895921707
2611,HGS-TV,31106.0,536243.0668935776
2612,HGS-TV,31106.0,536304.1978373528
2613,HGS-TV,31106.0,539583.478703022
2614,HGS-TV,31106.0,539643.4903874397
2615,HGS-TV,31106.0,539703.536771059
2616,HGS-TV,31106.0,539763.6449725628
2617,HGS-TV,31106.0,539823.8789560795
2618,HGS-TV,31106.0,539884.2192752361
2619,HGS-TV,31106.0,539944.253467083
2620,HGS-TV,31106.0,540004.5162744522
2621,ails2_etaMax1.000_stoppingTime864000.00,31106.0,541927.9440556641
2622,HGS-TV,31106.0,542664.156416893
2623,HGS-TV,31106.0,542724.3277950287
2624,HGS-TV,31106.0,542784.392626524
2625,HGS-TV,31106.0,542844.6454086304
2626,HGS-TV,31106.0,542904.7248110771
2627,HGS-TV,31106.0,542964.7455556393
2628,HGS-TV,31106.0,543061.2990832329
2629,HGS-TV,31106.0,543121.3011512756
2630,ails2_etaMax1.000_stoppingTime1728000.00,31189.0,543128.082055664
2631,ails2_etaMax1.000_stoppingTime1728000.00,31187.0,543128.1100556641
2632,HGS-TV,31106.0,543197.1909897327
2633,HGS-TV,31106.0,543257.4541265965
2634,HGS-TV,31106.0,543317.5545186996
2635,HGS-TV,31106.0,543377.6625161171
2636,HGS-TV,31106.0,543437.9110491276
2637,HGS-TV,31106.0,543633.5975158215
2638,HGS-TV,31106.0,546712.3487186432
2639,HGS-TV,31106.0,546772.5549185276
2640,HGS-TV,31106.0,546832.5825235844
2641,HGS-TV,31106.0,546892.8293201923
2642,HGS-TV,31106.0,546953.0130314827
2643,HGS-TV,31106.0,547013.0213153362
2644,HGS-TV,31106.0,547073.2025127411
2645,HGS-TV,31106.0,547133.308110714
2646,HGS-TV,31106.0,547193.3559730053
2647,HGS-TV,31106.0,550394.7674405575
2648,HGS-TV,31106.0,550454.89945364
2649,HGS-TV,31106.0,550514.9061243534
2650,HGS-TV,31106.0,550575.1292831898
2651,HGS-TV,31106.0,550635.24061203
2652,HGS-TV,31106.0,550695.3582265377
2653,HGS-TV,31106.0,553512.8580496311
2654,HGS-TV,31106.0,553573.1599724293
2655,HGS-TV,31106.0,553633.1825091839
2656,HGS-TV,31106.0,553693.218257904
2657,HGS-TV,31106.0,553753.2854907513
2658,HGS-TV,31106.0,553813.2951960564
2659,HGS-TV,31106.0,553873.5574679375
2660,HGS-TV,31106.0,553933.6931874752
2661,HGS-TV,31106.0,553994.1418244839
2662,HGS-TV,31106.0,554088.0998139381
2663,HGS-TV,31106.0,554148.233184576
2664,HGS-TV,31106.0,554279.3469536304
2665,HGS-TV,31106.0,554339.482385397
2666,HGS-TV,31106.0,554399.7881717682
2667,HGS-TV,31106.0,557560.6460299492
2668,HGS-TV,31106.0,557620.7673063278
2669,HGS-TV,31106.0,557680.7752563953
2670,HGS-TV,31106.0,557740.8819134235
2671,HGS-TV,31106.0,557800.9739975929
2672,HGS-TV,31106.0,557861.0465695858
2673,HGS-TV,31106.0,557921.1523900032
2674,HGS-TV,31106.0,557981.2959411144
2675,ails2_etaMax1.000_stoppingTime1728000.00,31186.0,559277.9240556641
2676,HGS-TV,31106.0,561116.5596990585
2677,HGS-TV,31106.0,561176.6419198513
2678,HGS-TV,31106.0,561236.676491499
2679,HGS-TV,31106.0,561296.7144024372
2680,HGS-TV,31106.0,561356.7296359539
2681,HGS-TV,31106.0,561416.8089020252
2682,HGS-TV,31106.0,561477.0196859837
2683,HGS-TV,31106.0,561537.0696976185
2684,HGS-TV,31106.0,561597.2090892792
2685,HGS-TV,31106.0,564229.6159021854
2686,HGS-TV,31106.0,564289.8522751331
2687,HGS-TV,31106.0,564350.0009083748
2688,HGS-TV,31106.0,564410.2407200336
2689,HGS-TV,31106.0,564470.249588728
2690,HGS-TV,31106.0,564530.3012721539
2691,HGS-TV,31106.0,564590.357637167
2692,HGS-TV,31106.0,564650.4707250595
2693,HGS-TV,31106.0,564758.251991272
2694,HGS-TV,31106.0,564818.5088219643
2695,HGS-TV,31106.0,564878.6135101318
2696,HGS-TV,31106.0,564964.0145421028
2697,HGS-TV,31106.0,565024.1326594353
2698,HGS-TV,31106.0,565144.463293314
2699,HGS-TV,31106.0,565204.5851743221
2700,HGS-TV,31106.0,568009.2024321556
2701,HGS-TV,31106.0,568069.2974712849
2702,HGS-TV,31106.0,568129.3846344948
2703,HGS-TV,31106.0,568239.438649416
2704,HGS-TV,31106.0,568299.5510149002
2705,HGS-TV,31106.0,568359.6485631466
2706,HGS-TV,31106.0,568419.8557722569
2707,HGS-TV,31106.0,568479.9468255043
2708,HGS-TV,31106.0,568539.9545843601
2709,HGS-TV,31106.0,568654.2018082142
2710,HGS-TV,31106.0,568714.2695248127
2711,HGS-TV,31106.0,568802.2447938919
2712,ails2_etaMax1.000_stoppingTime1728000.00,31185.0,570789.177055664
2713,HGS-TV,31106.0,571821.1416940689
2714,HGS-TV,31106.0,571881.2703344822
2715,HGS-TV,31106.0,571941.5204389095
2716,HGS-TV,31106.0,572001.5205574036
2717,HGS-TV,31106.0,572061.5593531132
2718,HGS-TV,31106.0,572121.6543552876
2719,HGS-TV,31106.0,572192.8923528194
2720,HGS-TV,31106.0,572253.2127659321
2721,HGS-TV,31106.0,572313.404736042
2722,HGS-TV,31106.0,572390.333108902
2723,ails2_etaMax1.000_stoppingTime1728000.00,31178.0,574945.7820556641
2724,HGS-TV,31106.0,575577.3681671619
2725,HGS-TV,31106.0,575637.5556659698
2726,HGS-TV,31106.0,575697.713657856
2727,HGS-TV,31106.0,575757.797328949
2728,HGS-TV,31106.0,575817.8944096565
2729,HGS-TV,31106.0,575878.0534431934
2730,HGS-TV,31106.0,575938.0722234249
2731,HGS-TV,31106.0,575998.2395558357
2732,HGS-TV,31106.0,579022.46575737
2733,HGS-TV,31106.0,579082.5056328773
2734,HGS-TV,31106.0,579142.6075119972
2735,HGS-TV,31106.0,579227.941797018
2736,HGS-TV,31106.0,579288.1579313278
2737,HGS-TV,31106.0,579348.208417654
2738,HGS-TV,31106.0,579408.4698505402
2739,HGS-TV,31106.0,579468.6246142387
2740,HGS-TV,31106.0,579528.810737133
2741,HGS-TV,31106.0,579588.8886909485
2742,HGS-TV,31106.0,582572.5705404282
2743,HGS-TV,31106.0,582632.8485643864
2744,HGS-TV,31106.0,582692.879288435
2745,HGS-TV,31106.0,582753.0033147335
2746,HGS-TV,31106.0,582822.9981803894
2747,HGS-TV,31106.0,582883.2618412971
2748,HGS-TV,31106.0,582943.3012237549
2749,HGS-TV,31106.0,583003.5445411205
2750,HGS-TV,31106.0,583063.754234314
2751,HGS-TV,31106.0,583139.4911878109
2752,HGS-TV,31106.0,583221.5882310867
2753,HGS-TV,31106.0,586290.465334177
2754,HGS-TV,31106.0,586350.5729477406
2755,HGS-TV,31106.0,586410.6470034122
2756,HGS-TV,31106.0,586470.7658927441
2757,HGS-TV,31106.0,586535.0843856335
2758,HGS-TV,31106.0,586595.2328674793
2759,HGS-TV,31106.0,586655.2628211975
2760,HGS-TV,31106.0,586715.3731324673
2761,HGS-TV,31106.0,586775.4208390713
2762,HGS-TV,31106.0,586835.4767456055
2763,HGS-TV,31106.0,589903.5781724453
2764,HGS-TV,31106.0,589963.7689697742
2765,HGS-TV,31106.0,590023.950091362
2766,HGS-TV,31106.0,590084.1144068241
2767,HGS-TV,31106.0,590144.1552071571
2768,HGS-TV,31106.0,590204.1970603466
2769,HGS-TV,31106.0,590264.3041701317
2770,HGS-TV,31106.0,590324.3757834435
2771,HGS-TV,31106.0,590384.4568927288
2772,HGS-TV,31106.0,593648.7042710781
2773,HGS-TV,31106.0,593708.9079110622
2774,HGS-TV,31106.0,593769.2602105141
2775,HGS-TV,31106.0,593829.3279938698
2776,HGS-TV,31106.0,593889.360686779
2777,HGS-TV,31106.0,594032.323056221
2778,ails2_etaMax1.000_stoppingTime1728000.00,31171.0,595806.2030556641
2779,ails2_etaMax1.000_stoppingTime1728000.00,31169.0,595806.231055664
2780,HGS-TV,31106.0,597038.1903231144
2781,HGS-TV,31106.0,597098.5385248661
2782,HGS-TV,31106.0,597158.7487816811
2783,HGS-TV,31106.0,597218.8556463718
2784,HGS-TV,31106.0,597279.0219445229
2785,HGS-TV,31106.0,597339.1456570625
2786,HGS-TV,31106.0,597399.3257699013
2787,HGS-TV,31106.0,597459.3685827255
2788,HGS-TV,31106.0,597519.5194089413
2789,HGS-TV,31106.0,597579.6267280579
2790,HGS-TV,31106.0,597639.7253203392
2791,HGS-TV,31106.0,600714.4072225094
2792,HGS-TV,31106.0,600774.4826290607
2793,HGS-TV,31106.0,600834.7583544254
2794,HGS-TV,31106.0,600894.7640221119
2795,HGS-TV,31106.0,600954.8160467148
2796,HGS-TV,31106.0,601014.9674465656
2797,HGS-TV,31106.0,601075.0241193771
2798,HGS-TV,31106.0,601135.1209359169
2799,HGS-TV,31106.0,601195.1327531338
2800,HGS-TV,31106.0,604207.1640470028
2801,HGS-TV,31106.0,604267.4137923717
2802,HGS-TV,31106.0,604327.4418408871
2803,HGS-TV,31106.0,604387.6439349651
2804,HGS-TV,31106.0,604447.7458598614
2805,HGS-TV,31106.0,604507.8731241226
2806,HGS-TV,31106.0,604609.4663581848
2807,HGS-TV,31106.0,604669.6402773857
2808,HGS-TV,31106.0,604729.7141542435
2809,HGS-TV,31106.0,607973.2401156425
2810,HGS-TV,31106.0,608033.3904087543
2811,HGS-TV,31106.0,608150.5191698074
2812,HGS-TV,31106.0,608210.5384373665
2813,HGS-TV,31106.0,608270.6645076275
2814,HGS-TV,31106.0,608330.7195324898
2815,HGS-TV,31106.0,608390.8287785053
2816,HGS-TV,31106.0,611243.677646637
2817,HGS-TV,31106.0,611303.9736509323
2818,HGS-TV,31106.0,611369.3536064625
2819,HGS-TV,31106.0,611429.4086847305
2820,HGS-TV,31106.0,611489.5694804192
2821,HGS-TV,31106.0,611552.8096723557
2822,HGS-TV,31106.0,611612.8812599182
2823,HGS-TV,31106.0,611672.9167537689
2824,HGS-TV,31106.0,611733.3598086834
2825,HGS-TV,31106.0,611793.4133620262
2826,HGS-TV,31106.0,611853.5484745502
2827,HGS-TV,31106.0,611942.3559439182
2828,HGS-TV,31106.0,612002.4948062897
2829,ails2_etaMax1.000_stoppingTime1728000.00,31167.0,613394.6350556641
2830,ails2_etaMax1.000_stoppingTime1728000.00,31150.0,613395.297055664
2831,HGS-TV,31106.0,615129.0463705063
2832,HGS-TV,31106.0,615189.2406964302
2833,HGS-TV,31106.0,615249.3287034035
2834,HGS-TV,31106.0,615309.5218310356
2835,HGS-TV,31106.0,615369.6109454632
2836,HGS-TV,31106.0,615429.7434551716
2837,HGS-TV,31106.0,615489.7769749165
2838,HGS-TV,31106.0,615549.8520412445
2839,HGS-TV,31106.0,615609.9877774715
2840,HGS-TV,31106.0,618773.1524634361
2841,HGS-TV,31106.0,618833.3169975281
2842,HGS-TV,31106.0,618893.3408794403
2843,HGS-TV,31106.0,618953.4507303238
2844,HGS-TV,31106.0,619013.5458850861
2845,HGS-TV,31106.0,619073.8994944096
2846,HGS-TV,31106.0,619134.0588052273
2847,HGS-TV,31106.0,619194.4108691216
2848,HGS-TV,31106.0,622418.5030436516
2849,HGS-TV,31106.0,622478.5468637943
2850,HGS-TV,31106.0,622538.7467033863
2851,HGS-TV,31106.0,622598.8151991367
2852,HGS-TV,31106.0,622658.9909691811
2853,HGS-TV,31106.0,622719.1891534328
2854,HGS-TV,31106.0,622779.3075625896
2855,HGS-TV,31106.0,622839.4990065098
2856,HGS-TV,31106.0,625384.2353255749
2857,HGS-TV,31106.0,625444.511507988
2858,HGS-TV,31106.0,625504.8410401344
2859,HGS-TV,31106.0,625564.925450325
2860,HGS-TV,31106.0,625625.1389124393
2861,HGS-TV,31106.0,625685.3208453655
2862,HGS-TV,31106.0,625745.4692525864
2863,HGS-TV,31106.0,625808.5269320011
2864,HGS-TV,31106.0,625868.661216259
2865,HGS-TV,31106.0,625928.7143902779
2866,HGS-TV,31106.0,626010.7751073837
2867,HGS-TV,31106.0,626308.69937253
2868,HGS-TV,31106.0,626368.8875796795
2869,HGS-TV,31106.0,626429.0051825047
2870,HGS-TV,31106.0,628971.5605902672
2871,HGS-TV,31106.0,629031.5916044712
2872,HGS-TV,31106.0,629091.6948335171
2873,HGS-TV,31106.0,629152.0239539146
2874,HGS-TV,31106.0,629212.1550152302
2875,HGS-TV,31106.0,629297.7544682026
2876,HGS-TV,31106.0,629357.7607152462
2877,HGS-TV,31106.0,629417.8933300972
2878,HGS-TV,31106.0,629477.9837021828
2879,HGS-TV,31106.0,629538.0609533787
2880,HGS-TV,31106.0,629598.1426169872
2881,HGS-TV,31106.0,629788.0838317871
2882,HGS-TV,31106.0,629848.2952139378
2883,HGS-TV,31106.0,629913.6812925339
2884,HGS-TV,31106.0,629973.7700591087
2885,HGS-TV,31106.0,630033.8042416573
2886,HGS-TV,31106.0,632841.8838560581
2887,HGS-TV,31106.0,632901.8895895481
2888,HGS-TV,31106.0,632961.9089915752
2889,HGS-TV,31106.0,633021.9696340561
2890,HGS-TV,31106.0,633082.2882375717
2891,HGS-TV,31106.0,633159.8936254978
2892,HGS-TV,31106.0,633220.0230770111
2893,HGS-TV,31106.0,633280.123303175
2894,HGS-TV,31106.0,633340.3320977688
2895,HGS-TV,31106.0,633411.6671564579
2896,HGS-TV,31106.0,633471.8813619614
2897,HGS-TV,31106.0,633531.963211298
2898,HGS-TV,31106.0,633592.0692265034
2899,HGS-TV,31106.0,637014.0186686516
2900,HGS-TV,31106.0,637074.1580364704
2901,HGS-TV,31106.0,637134.1631300449
2902,HGS-TV,31106.0,637194.2395834923
2903,HGS-TV,31106.0,640123.4333314896
2904,ails2_etaMax1.000_stoppingTime1728000.00,31147.0,640171.1790556641
2905,HGS-TV,31106.0,640183.4986464977
2906,ails2_etaMax1.000_stoppingTime1728000.00,31146.0,640177.7920556641
2907,HGS-TV,31106.0,640243.5625567436
2908,HGS-TV,31106.0,640303.8709597588
2909,HGS-TV,31106.0,640363.9212138653
2910,HGS-TV,31106.0,640424.1515197754
2911,ails2_etaMax1.000_stoppingTime1728000.00,31138.0,640425.1400556641
2912,HGS-TV,31106.0,640484.1764609814
2913,HGS-TV,31106.0,640544.1847639084
2914,HGS-TV,31106.0,640696.5020735264
2915,HGS-TV,31106.0,640795.7181911469
2916,HGS-TV,31106.0,643804.6481204033
2917,HGS-TV,31106.0,643864.689781189
2918,HGS-TV,31106.0,643924.8418598175
2919,HGS-TV,31106.0,643999.4850933552
2920,HGS-TV,31106.0,644059.4996781349
2921,HGS-TV,31106.0,644119.6510050297
2922,HGS-TV,31106.0,644179.7634050846
2923,HGS-TV,31106.0,644239.9021642208
2924,HGS-TV,31106.0,644300.0384874344
2925,HGS-TV,31106.0,644360.2851374149
2926,HGS-TV,31106.0,644420.320879221
2927,HGS-TV,31106.0,647592.1124463081
2928,HGS-TV,31106.0,647652.1906490326
2929,HGS-TV,31106.0,647712.3789186478
2930,HGS-TV,31106.0,647822.5499243736
2931,HGS-TV,31106.0,647882.6120612621
2932,HGS-TV,31106.0,647942.7377817631
2933,HGS-TV,31106.0,648027.5959348679
2934,HGS-TV,31106.0,650859.3826487064
2935,HGS-TV,31106.0,650919.636236906
2936,HGS-TV,31106.0,650979.7282350063
2937,HGS-TV,31106.0,651057.0739021301
2938,HGS-TV,31106.0,651218.6914343834
2939,HGS-TV,31106.0,651278.749145031
2940,HGS-TV,31106.0,651409.1344940662
2941,HGS-TV,31106.0,651469.301094532
2942,HGS-TV,31106.0,654233.0091485977
2943,HGS-TV,31106.0,654293.0864477158
2944,HGS-TV,31106.0,654353.4248490334
2945,HGS-TV,31106.0,654413.4842391014
2946,HGS-TV,31106.0,654473.6706073284
2947,HGS-TV,31106.0,654533.6893184185
2948,HGS-TV,31106.0,654593.8944218159
2949,HGS-TV,31106.0,654653.9635989666
2950,HGS-TV,31106.0,654773.2725718021
2951,HGS-TV,31106.0,654833.4648561478
2952,HGS-TV,31106.0,654923.6097753048
2953,HGS-TV,31106.0,654983.7016391754
2954,HGS-TV,31106.0,655090.5317368507
2955,HGS-TV,31106.0,655150.6639893055
2956,HGS-TV,31106.0,655210.7158596516
2957,HGS-TV,31106.0,657590.1375002861
2958,HGS-TV,31106.0,657650.3924679756
2959,HGS-TV,31106.0,657710.4597759247
2960,HGS-TV,31106.0,657770.5228307247
2961,HGS-TV,31106.0,657830.7486186028
2962,HGS-TV,31106.0,657890.9084000587
2963,HGS-TV,31106.0,657951.065249443
2964,HGS-TV,31106.0,658106.6417188644
2965,HGS-TV,31106.0,658194.1983866692
2966,HGS-TV,31106.0,658254.2721886635
2967,HGS-TV,31106.0,658320.5523648262
2968,HGS-TV,31106.0,658380.6377804279
2969,HGS-TV,31106.0,658454.0047559738
2970,HGS-TV,31106.0,658514.2128388882
2971,HGS-TV,31106.0,658616.9674723148
2972,HGS-TV,31106.0,658743.3222434521
2973,ails2_etaMax1.000_stoppingTime1728000.00,31134.0,661596.971055664
2974,ails2_etaMax1.000_stoppingTime1728000.00,31128.0,661816.528055664
2975,HGS-TV,31106.0,661983.7018501759
2976,HGS-TV,31106.0,662043.7888286114
2977,HGS-TV,31106.0,662103.8205459118
2978,HGS-TV,31106.0,662183.8357264996
2979,HGS-TV,31106.0,662243.8452882767
2980,HGS-TV,31106.0,662303.8889009953
2981,HGS-TV,31106.0,662364.0276372433
2982,HGS-TV,31106.0,662424.0423901081
2983,HGS-TV,31106.0,665162.1649675369
2984,HGS-TV,31106.0,665222.3056867123
2985,HGS-TV,31106.0,665305.6910898685
2986,HGS-TV,31106.0,665386.0287630558
2987,HGS-TV,31106.0,665446.064606905
2988,HGS-TV,31106.0,665538.1590411663
2989,HGS-TV,31106.0,665598.3012509346
2990,HGS-TV,31106.0,665658.4694509506
2991,HGS-TV,31106.0,665718.6633515358
2992,HGS-TV,31106.0,665778.8265564442
2993,HGS-TV,31106.0,665839.0856034756
2994,HGS-TV,31106.0,665899.2005159855
2995,HGS-TV,31106.0,665982.9656279087
2996,HGS-TV,31106.0,668976.2130112648
2997,HGS-TV,31106.0,669036.2826714516
2998,HGS-TV,31106.0,669096.4558572769
2999,HGS-TV,31106.0,669156.521210432
3000,HGS-TV,31106.0,669216.5541694164
3001,HGS-TV,31106.0,669289.0657072067
3002,HGS-TV,31106.0,669349.2314968109
3003,HGS-TV,31106.0,669409.4133653641
3004,HGS-TV,31106.0,669469.4948091507
3005,HGS-TV,31106.0,669554.0640358925
3006,HGS-TV,31106.0,669614.2758421898
3007,HGS-TV,31106.0,672619.3017721176
3008,HGS-TV,31106.0,672679.3045415878
3009,HGS-TV,31106.0,672739.5103178024
3010,HGS-TV,31106.0,672799.6169099808
3011,HGS-TV,31106.0,672859.8505005836
3012,HGS-TV,31106.0,672919.930918932
3013,HGS-TV,31106.0,672980.0919940472
3014,HGS-TV,31106.0,673040.1902453899
3015,HGS-TV,31106.0,673100.2760744095
3016,HGS-TV,31106.0,673160.4906346798
3017,HGS-TV,31106.0,673227.2032060623
3018,HGS-TV,31106.0,676544.0707530975
3019,HGS-TV,31106.0,676604.2858865261
3020,HGS-TV,31106.0,676664.388833046
3021,HGS-TV,31106.0,676724.7041239738
3022,HGS-TV,31106.0,676784.8560197353
3023,HGS-TV,31106.0,676849.8404874802
3024,HGS-TV,31106.0,679879.0016431808
3025,HGS-TV,31106.0,679939.1589701176
3026,HGS-TV,31106.0,679999.3697757721
3027,HGS-TV,31106.0,680059.4242949486
3028,HGS-TV,31106.0,680119.5507035255
3029,HGS-TV,31106.0,680179.6292150021
3030,HGS-TV,31106.0,680239.874396801
3031,HGS-TV,31106.0,680300.0405447483
3032,HGS-TV,31106.0,680360.3763906956
3033,HGS-TV,31106.0,680420.586009264
3034,ails2_etaMax1.000_stoppingTime1728000.00,31127.0,682610.5440556641
3035,ails2_etaMax1.000_stoppingTime1728000.00,31126.0,683256.0860556641
3036,HGS-TV,31106.0,683523.6278836727
3037,HGS-TV,31106.0,683583.6297242641
3038,HGS-TV,31106.0,683643.7633786201
3039,HGS-TV,31106.0,683712.4292562008
3040,HGS-TV,31106.0,683872.5677776337
3041,HGS-TV,31106.0,683932.5787136555
3042,HGS-TV,31106.0,684011.3819980621
3043,HGS-TV,31106.0,687143.0057611465
3044,HGS-TV,31106.0,687203.1770486832
3045,HGS-TV,31106.0,687263.1836261749
3046,HGS-TV,31106.0,687323.2087137699
3047,HGS-TV,31106.0,687383.4041535854
3048,HGS-TV,31106.0,687443.504406929
3049,HGS-TV,31106.0,687503.6149446964
3050,HGS-TV,31106.0,687563.7472159863
3051,HGS-TV,31106.0,687623.7708821297
3052,HGS-TV,31106.0,690521.0588915348
3053,HGS-TV,31106.0,690581.1867029667
3054,HGS-TV,31106.0,690641.2540690899
3055,HGS-TV,31106.0,690701.3250274658
3056,HGS-TV,31106.0,690761.4383151531
3057,HGS-TV,31106.0,690821.5833311081
3058,HGS-TV,31106.0,690881.8593389988
3059,HGS-TV,31106.0,690942.0387630463
3060,HGS-TV,31106.0,691002.1319708824
3061,HGS-TV,31106.0,691062.4662878513
3062,HGS-TV,31106.0,691122.5225477219
3063,HGS-TV,31106.0,691182.5244834423
3064,HGS-TV,31106.0,691242.5511233807
3065,ails2_etaMax1.000_stoppingTime1728000.00,31122.0,691969.589055664
3066,ails2_etaMax1.000_stoppingTime1728000.00,31121.0,693724.7420556641
3067,HGS-TV,31106.0,694213.1111390591
3068,HGS-TV,31106.0,694273.4013485909
3069,HGS-TV,31106.0,694333.4916517735
3070,HGS-TV,31106.0,694393.6808168888
3071,HGS-TV,31106.0,694453.8050653934
3072,HGS-TV,31106.0,694513.9086668491
3073,HGS-TV,31106.0,694574.0882189274
3074,HGS-TV,31106.0,694634.1263058186
3075,HGS-TV,31106.0,694694.2541584969
3076,HGS-TV,31106.0,694754.4458346367
3077,HGS-TV,31106.0,694814.4692442417
3078,HGS-TV,31106.0,697955.2709646225
3079,HGS-TV,31106.0,698015.4847669601
3080,HGS-TV,31106.0,698075.9015073776
3081,HGS-TV,31106.0,698135.9639537334
3082,HGS-TV,31106.0,698196.1287631989
3083,HGS-TV,31106.0,698256.3418722153
3084,HGS-TV,31106.0,698316.4647865295
3085,HGS-TV,31106.0,698376.565280199
3086,HGS-TV,31106.0,698436.7884976864
3087,HGS-TV,31106.0,701514.563783884
3088,HGS-TV,31106.0,701574.9075276852
3089,HGS-TV,31106.0,701635.0462481976
3090,HGS-TV,31106.0,701695.048792839
3091,HGS-TV,31106.0,701755.0738801956
3092,HGS-TV,31106.0,701841.7438292503
3093,HGS-TV,31106.0,701901.7846724987
3094,HGS-TV,31106.0,701961.8226511478
3095,HGS-TV,31106.0,702021.8352615833
3096,HGS-TV,31106.0,704936.2549996376
3097,HGS-TV,31106.0,704996.295261383
3098,HGS-TV,31106.0,705056.4823102951
3099,HGS-TV,31106.0,705116.4939465523
3100,HGS-TV,31106.0,705176.5627229214
3101,HGS-TV,31106.0,705236.6692922115
3102,HGS-TV,31106.0,705374.870383501
3103,HGS-TV,31106.0,705434.9401302338
3104,HGS-TV,31106.0,705495.0979189873
3105,HGS-TV,31106.0,705555.275898695
3106,HGS-TV,31106.0,705632.7230362892
3107,HGS-TV,31106.0,708844.820432663
3108,HGS-TV,31106.0,708904.9694075584
3109,HGS-TV,31106.0,708965.0585358143
3110,HGS-TV,31106.0,709032.9688117504
3111,HGS-TV,31106.0,709092.9731440544
3112,HGS-TV,31106.0,709153.0310485363
3113,HGS-TV,31106.0,709213.1636104584
3114,HGS-TV,31106.0,712309.8169586658
3115,HGS-TV,31106.0,712369.8672807217
3116,HGS-TV,31106.0,712429.965310812
3117,HGS-TV,31106.0,712490.0342178345
3118,HGS-TV,31106.0,712550.1385126114
3119,HGS-TV,31106.0,712610.2802269459
3120,HGS-TV,31106.0,712670.515819788
3121,HGS-TV,31106.0,712730.7325987816
3122,HGS-TV,31106.0,712824.2199013233
3123,HGS-TV,31106.0,715954.6643514633
3124,HGS-TV,31106.0,716014.7091577053
3125,HGS-TV,31106.0,716075.0192804337
3126,HGS-TV,31106.0,716135.1028981209
3127,HGS-TV,31106.0,716195.1432669163
3128,HGS-TV,31106.0,716255.1580295563
3129,HGS-TV,31106.0,716315.2675001621
3130,HGS-TV,31106.0,716375.4422366619
3131,HGS-TV,31106.0,716454.9192717075
3132,HGS-TV,31106.0,719600.9148089886
3133,HGS-TV,31106.0,719661.0838534832
3134,HGS-TV,31106.0,719721.0993022919
3135,HGS-TV,31106.0,719781.1701533794
3136,HGS-TV,31106.0,719852.8664693832
3137,HGS-TV,31106.0,719913.0226633549
3138,HGS-TV,31106.0,719973.2177824974
3139,HGS-TV,31106.0,720033.3032290936
3140,ails2_etaMax1.000_stoppingTime1728000.00,31119.0,720981.2740556641
3141,HGS-TV,31106.0,722916.2820367813
3142,HGS-TV,31106.0,722976.3076617718
3143,HGS-TV,31106.0,723036.6374480724
3144,HGS-TV,31106.0,723096.717032671
3145,HGS-TV,31106.0,723156.9423098564
3146,HGS-TV,31106.0,723249.4954695702
3147,HGS-TV,31106.0,723336.7445793152
3148,HGS-TV,31106.0,723495.4628787041
3149,HGS-TV,31106.0,723555.5087714195
3150,HGS-TV,31106.0,723649.3272149563
3151,ails2_etaMax1.000_stoppingTime1728000.00,31118.0,725852.116055664
3152,ails2_etaMax1.000_stoppingTime1728000.00,31115.0,725852.396055664
3153,HGS-TV,31106.0,726738.7305006981
3154,HGS-TV,31106.0,726798.9267683029
3155,HGS-TV,31106.0,726859.3825786114
3156,HGS-TV,31106.0,726919.5089018345
3157,HGS-TV,31106.0,726979.5722513199
3158,HGS-TV,31106.0,727039.5887479782
3159,HGS-TV,31106.0,727099.5991675854
3160,HGS-TV,31106.0,727159.7476258278
3161,ails2_etaMax1.000_stoppingTime1728000.00,31114.0,729275.822055664
3162,ails2_etaMax1.000_stoppingTime1728000.00,31111.0,729276.8260556641
3163,HGS-TV,31106.0,730084.314458847
3164,HGS-TV,31106.0,730144.5749046803
3165,HGS-TV,31106.0,730204.6712222099
3166,HGS-TV,31106.0,730264.9928791523
3167,HGS-TV,31106.0,730325.0916378498
3168,HGS-TV,31106.0,730385.1864426136
3169,HGS-TV,31106.0,730445.2158298492
3170,HGS-TV,31106.0,730505.2511081696
3171,HGS-TV,31106.0,730565.324698925
3172,HGS-TV,31106.0,730625.5175642967
3173,HGS-TV,31106.0,730732.7642817497
3174,HGS-TV,31106.0,730793.0806171894
3175,HGS-TV,31106.0,733948.7424736023
3176,HGS-TV,31106.0,734008.7767829895
3177,HGS-TV,31106.0,734068.8713219166
3178,HGS-TV,31106.0,734129.0407204628
3179,HGS-TV,31106.0,734189.1535630226
3180,HGS-TV,31106.0,734249.1742043495
3181,HGS-TV,31106.0,734332.8919844627
3182,HGS-TV,31106.0,734393.0000650883
3183,ails2_etaMax1.000_stoppingTime1728000.00,31107.0,736262.4930556641
3184,HGS-TV,31106.0,737479.5252969265
3185,HGS-TV,31106.0,737539.538551569
3186,HGS-TV,31106.0,737599.6784365177
3187,HGS-TV,31106.0,737659.8013551235
3188,HGS-TV,31106.0,737719.953496933
3189,HGS-TV,31106.0,737780.0020763874
3190,HGS-TV,31106.0,737840.0634973049
3191,HGS-TV,31106.0,737900.084684372
3192,HGS-TV,31106.0,737964.5598015785
3193,HGS-TV,31106.0,738024.6506786346
3194,HGS-TV,31106.0,740947.8255205154
3195,HGS-TV,31106.0,741008.0374293327
3196,HGS-TV,31106.0,741068.2064247131
3197,HGS-TV,31106.0,741128.3881947994
3198,HGS-TV,31106.0,741188.4345054626
3199,HGS-TV,31106.0,741248.4414887428
3200,HGS-TV,31106.0,741308.4576017857
3201,HGS-TV,31106.0,741542.4196722507
3202,HGS-TV,31106.0,741602.5755982399
3203,HGS-TV,31106.0,744854.7502024174
3204,HGS-TV,31106.0,744915.2581782341
3205,HGS-TV,31106.0,744975.5032994747
3206,HGS-TV,31106.0,745035.5899534225
3207,HGS-TV,31106.0,745095.7252323627
3208,HGS-TV,31106.0,745155.7290990353
3209,HGS-TV,31106.0,745215.9653778076
3210,HGS-TV,31106.0,748239.8486089706
3211,HGS-TV,31106.0,748300.0028128624
3212,HGS-TV,31106.0,748368.1911058426
3213,HGS-TV,31106.0,748428.3516120911
3214,HGS-TV,31106.0,748550.3530106544
3215,HGS-TV,31106.0,748610.3868243694
3216,HGS-TV,31106.0,748696.5340275764
3217,HGS-TV,31106.0,748758.926789999
3218,HGS-TV,31106.0,748819.0992498398
3219,HGS-TV,31106.0,751458.6672554016
3220,HGS-TV,31106.0,751518.8717164993
3221,HGS-TV,31106.0,751578.8777711391
3222,HGS-TV,31106.0,751639.1445279121
3223,HGS-TV,31106.0,751699.2314534187
3224,HGS-TV,31106.0,751759.547198534
3225,HGS-TV,31106.0,751839.5225343704
3226,HGS-TV,31106.0,751899.5890960693
3227,HGS-TV,31106.0,751959.7324914932
3228,HGS-TV,31106.0,752035.831145525
3229,HGS-TV,31106.0,752095.8489019871
3230,HGS-TV,31106.0,752156.1039891243
3231,HGS-TV,31106.0,752216.2606613636
3232,HGS-TV,31106.0,752276.4220860004
3233,HGS-TV,31106.0,752397.4699282646
3234,HGS-TV,31106.0,752457.5575361252
3235,HGS-TV,31106.0,755373.6213140488
3236,HGS-TV,31106.0,755433.7294261456
3237,HGS-TV,31106.0,755493.7747104168
3238,HGS-TV,31106.0,755553.8794493675
3239,HGS-TV,31106.0,755614.1058847904
3240,HGS-TV,31106.0,755679.3040328026
3241,HGS-TV,31106.0,755739.3698191643
3242,HGS-TV,31106.0,755799.3882496357
3243,HGS-TV,31106.0,755859.6353859901
3244,HGS-TV,31106.0,755919.7045471668
3245,HGS-TV,31106.0,755979.7217962742
3246,HGS-TV,31106.0,759105.8260281086
3247,HGS-TV,31106.0,759166.0117104053
3248,HGS-TV,31106.0,759226.2227523327
3249,HGS-TV,31106.0,759286.3211236
3250,HGS-TV,31106.0,759346.4331638813
3251,HGS-TV,31106.0,759420.326372385
3252,HGS-TV,31106.0,759480.3720991611
3253,HGS-TV,31106.0,759540.4737279415
3254,HGS-TV,31106.0,759600.5960817337
3255,HGS-TV,31106.0,759660.9656767845
3256,HGS-TV,31106.0,762217.0216627121
3257,HGS-TV,31106.0,762277.2452135086
3258,HGS-TV,31106.0,762337.4300420284
3259,HGS-TV,31106.0,762397.5138761997
3260,HGS-TV,31106.0,762457.6869091988
3261,HGS-TV,31106.0,762517.7744944096
3262,HGS-TV,31106.0,762577.8804314137
3263,HGS-TV,31106.0,762637.9916746616
3264,HGS-TV,31106.0,762751.1184792519
3265,HGS-TV,31106.0,762811.1870725155
3266,HGS-TV,31106.0,763058.4805951118
3267,HGS-TV,31106.0,763238.3296926022
3268,HGS-TV,31106.0,766242.7711744308
3269,HGS-TV,31106.0,766303.0615394115
3270,HGS-TV,31106.0,766363.189956665
3271,HGS-TV,31106.0,766424.5407133102
3272,HGS-TV,31106.0,766484.5978600979
3273,HGS-TV,31106.0,766544.6138660908
3274,HGS-TV,31106.0,766604.7752411366
3275,HGS-TV,31106.0,766664.8163273335
3276,HGS-TV,31106.0,769659.7244622707
3277,HGS-TV,31106.0,769719.805177927
3278,HGS-TV,31106.0,769779.9080233574
3279,HGS-TV,31106.0,769839.9516105652
3280,HGS-TV,31106.0,769900.0996863842
3281,HGS-TV,31106.0,769960.1838150024
3282,HGS-TV,31106.0,770020.2021393776
3283,HGS-TV,31106.0,770094.5321269035
3284,HGS-TV,31106.0,770154.5836451054
3285,HGS-TV,31106.0,770342.5986585617
3286,HGS-TV,31106.0,773548.6753907204
3287,HGS-TV,31106.0,773608.8499588966
3288,HGS-TV,31106.0,773668.9664299488
3289,HGS-TV,31106.0,773729.1490206718
3290,HGS-TV,31106.0,773789.1523225307
3291,HGS-TV,31106.0,773849.299015522
3292,HGS-TV,31106.0,773909.5532941818
3293,HGS-TV,31106.0,773969.7489392757
3294,HGS-TV,31106.0,774029.9033296108
3295,HGS-TV,31106.0,777041.2219491005
3296,HGS-TV,31106.0,777101.4240570068
3297,HGS-TV,31106.0,777161.6208553314
3298,HGS-TV,31106.0,777221.7317631245
3299,HGS-TV,31106.0,777281.8786187172
3300,HGS-TV,31106.0,777365.4380230904
3301,HGS-TV,31106.0,777425.4460077286
3302,HGS-TV,31106.0,777485.6780796051
3303,HGS-TV,31106.0,777545.720788002
3304,HGS-TV,31106.0,777605.9818491936
3305,HGS-TV,31106.0,777666.3512320518
3306,HGS-TV,31106.0,780843.0879845619
3307,HGS-TV,31106.0,780903.3070588112
3308,HGS-TV,31106.0,780963.379188776
3309,HGS-TV,31106.0,781023.4948465824
3310,HGS-TV,31106.0,781083.6138739586
3311,HGS-TV,31106.0,781143.6259741783
3312,HGS-TV,31106.0,781203.7009487152
3313,HGS-TV,31106.0,781263.8096761703
3314,HGS-TV,31106.0,784071.2163221836
3315,HGS-TV,31106.0,784131.4436690807
3316,HGS-TV,31106.0,784191.6809663773
3317,HGS-TV,31106.0,784251.9545390606
3318,HGS-TV,31106.0,784312.111269474
3319,HGS-TV,31106.0,784412.5579197407
3320,HGS-TV,31106.0,784472.7189087868
3321,HGS-TV,31106.0,784533.1831042767
3322,HGS-TV,31106.0,784593.3456442356
3323,HGS-TV,31106.0,784653.4346504211
3324,HGS-TV,31106.0,784762.091565609
3325,HGS-TV,31106.0,787687.3198263645
3326,HGS-TV,31106.0,787747.5119020939
3327,HGS-TV,31106.0,787807.6016559601
3328,HGS-TV,31106.0,787867.7783155441
3329,HGS-TV,31106.0,787927.9178826809
3330,HGS-TV,31106.0,787987.9492278099
3331,HGS-TV,31106.0,788131.7733595371
3332,HGS-TV,31106.0,788191.9415841103
3333,HGS-TV,31106.0,788252.0231647491
3334,HGS-TV,31106.0,788334.7784125805
3335,HGS-TV,31106.0,788394.7806811333
3336,HGS-TV,31106.0,788463.3994035721
3337,HGS-TV,31106.0,791548.0679311752
3338,HGS-TV,31106.0,791608.0971887112
3339,HGS-TV,31106.0,791668.3302440643
3340,HGS-TV,31106.0,791728.5105233192
3341,HGS-TV,31106.0,791788.7081084251
3342,HGS-TV,31106.0,791848.7154929638
3343,HGS-TV,31106.0,791908.903452158
3344,HGS-TV,31106.0,791969.0249483585
3345,HGS-TV,31106.0,792041.8427984715
3346,HGS-TV,31106.0,795257.5056991577
3347,HGS-TV,31106.0,795317.8369214535
3348,HGS-TV,31106.0,795377.9540023804
3349,HGS-TV,31106.0,795438.0281877518
3350,HGS-TV,31106.0,795498.0415754318
3351,HGS-TV,31106.0,795558.1930608749
3352,HGS-TV,31106.0,795635.3642652035
3353,HGS-TV,31106.0,798748.5595216751
3354,HGS-TV,31106.0,798808.6553468704
3355,HGS-TV,31106.0,798868.8172252178
3356,HGS-TV,31106.0,798928.8656373024
3357,HGS-TV,31106.0,798988.8952989578
3358,HGS-TV,31106.0,799048.9341037273
3359,HGS-TV,31106.0,799109.0009088516
3360,HGS-TV,31106.0,799169.0022678375
3361,HGS-TV,31106.0,799229.095458746
3362,HGS-TV,31106.0,802258.675172329
3363,HGS-TV,31106.0,802318.7327435017
3364,HGS-TV,31106.0,802378.8229622841
3365,HGS-TV,31106.0,802438.9929571152
3366,HGS-TV,31106.0,802498.9966700077
3367,HGS-TV,31106.0,802559.0374701023
3368,HGS-TV,31106.0,802619.2666194439
3369,HGS-TV,31106.0,802679.3353693485
3370,HGS-TV,31106.0,802739.4230217934
3371,HGS-TV,31106.0,802799.5124361515
3372,HGS-TV,31106.0,802859.6771130562
3373,HGS-TV,31106.0,805687.6410486698
3374,HGS-TV,31106.0,805747.7120251656
3375,HGS-TV,31106.0,805807.788905859
3376,HGS-TV,31106.0,805867.9805152416
3377,HGS-TV,31106.0,805928.1170072556
3378,HGS-TV,31106.0,805988.1802487373
3379,HGS-TV,31106.0,806048.3004982471
3380,HGS-TV,31106.0,806142.9263617992
3381,HGS-TV,31106.0,806251.6041078568
3382,HGS-TV,31106.0,806313.0815286636
3383,HGS-TV,31106.0,806373.170415163
3384,HGS-TV,31106.0,806433.4296212196
3385,HGS-TV,31106.0,809468.1712121964
3386,HGS-TV,31106.0,809528.3624410629
3387,HGS-TV,31106.0,809588.420935154
3388,HGS-TV,31106.0,809648.5966732502
3389,HGS-TV,31106.0,809708.7562630177
3390,HGS-TV,31106.0,809768.7613427639
3391,HGS-TV,31106.0,809828.8051452637
3392,HGS-TV,31106.0,809888.8838644028
3393,HGS-TV,31106.0,809948.8983039856
3394,HGS-TV,31106.0,810008.9960348606
3395,HGS-TV,31106.0,810069.0321810246
3396,HGS-TV,31106.0,812930.2740843296
3397,HGS-TV,31106.0,812990.5694823265
3398,HGS-TV,31106.0,813050.5877683163
3399,HGS-TV,31106.0,813110.6291754246
3400,HGS-TV,31106.0,813171.085972786
3401,HGS-TV,31106.0,813231.1728413105
3402,HGS-TV,31106.0,813291.366893053
3403,HGS-TV,31106.0,813351.3839173317
3404,HGS-TV,31106.0,813411.459631443
3405,HGS-TV,31106.0,813471.5572414398
3406,HGS-TV,31106.0,813531.749694109
3407,HGS-TV,31106.0,813619.2086822987
3408,HGS-TV,31106.0,816806.3819849491
3409,HGS-TV,31106.0,816866.4783632755
3410,HGS-TV,31106.0,816926.5594446659
3411,HGS-TV,31106.0,816986.70394063
3412,HGS-TV,31106.0,817046.7649252415
3413,HGS-TV,31106.0,817107.0770807266
3414,HGS-TV,31106.0,817167.3272013664
3415,HGS-TV,31106.0,817227.3819696903
3416,HGS-TV,31106.0,820334.1143651009
3417,HGS-TV,31106.0,820394.252900362
3418,HGS-TV,31106.0,820454.2662630081
3419,HGS-TV,31106.0,820514.6059200764
3420,HGS-TV,31106.0,820574.6582705975
3421,HGS-TV,31106.0,820634.8268322945
3422,HGS-TV,31106.0,820704.0446498394
3423,HGS-TV,31106.0,820764.0816528797
3424,HGS-TV,31106.0,820824.1535236835
3425,HGS-TV,31106.0,823992.9169113636
3426,HGS-TV,31106.0,824053.1906251907
3427,HGS-TV,31106.0,824113.3296656609
3428,HGS-TV,31106.0,824211.0034575462
3429,HGS-TV,31106.0,824280.4881725311
3430,HGS-TV,31106.0,824342.3979811668
3431,HGS-TV,31106.0,824402.4943907261
3432,HGS-TV,31106.0,824462.6597087383
3433,HGS-TV,31106.0,827544.5410439968
3434,HGS-TV,31106.0,827604.7112121582
3435,HGS-TV,31106.0,827664.7905707359
3436,HGS-TV,31106.0,827724.9307663441
3437,HGS-TV,31106.0,827785.0695166588
3438,HGS-TV,31106.0,827845.1616799831
3439,HGS-TV,31106.0,827905.4620947838
3440,HGS-TV,31106.0,827965.6040346622
3441,HGS-TV,31106.0,828025.7139077187
3442,HGS-TV,31106.0,831031.3066096306
3443,HGS-TV,31106.0,831091.5424978733
3444,HGS-TV,31106.0,831151.5983612537
3445,HGS-TV,31106.0,831263.9211945534
3446,HGS-TV,31106.0,831346.5500407219
3447,HGS-TV,31106.0,831406.6154055595
3448,HGS-TV,31106.0,831466.721832037
3449,HGS-TV,31106.0,831667.1851475239
3450,HGS-TV,31106.0,834897.8944394588
3451,HGS-TV,31106.0,834958.0907642841
3452,HGS-TV,31106.0,835018.3114414215
3453,HGS-TV,31106.0,835078.4370410442
3454,HGS-TV,31106.0,835138.6907362938
3455,HGS-TV,31106.0,835198.8622484207
3456,HGS-TV,31106.0,835258.9983005524
3457,HGS-TV,31106.0,838617.6284890175
3458,HGS-TV,31106.0,838695.7945995331
3459,HGS-TV,31106.0,838755.8483879566
3460,HGS-TV,31106.0,838815.9104440212
3461,HGS-TV,31106.0,842351.1015954018
3462,HGS-TV,31106.0,842411.3055176735
3463,HGS-TV,31106.0,842471.6051802635
3464,HGS-TV,31106.0,845689.1462461948
3465,HGS-TV,31106.0,845749.2017548084
3466,HGS-TV,31106.0,845809.225414753
3467,HGS-TV,31106.0,845869.3233220577
3468,HGS-TV,31106.0,845929.5121631622
3469,HGS-TV,31106.0,845989.5629775524
3470,ails2_etaMax1.000_stoppingTime1728000.00,31106.0,846999.229055664
3471,HGS-TV,31106.0,849066.6449642181
3472,HGS-TV,31106.0,849126.8340322971
3473,HGS-TV,31106.0,849186.8841371536
3474,HGS-TV,31106.0,849247.0457415581
3475,HGS-TV,31106.0,849307.2323315144
3476,HGS-TV,31106.0,849367.2433571815
3477,HGS-TV,31106.0,849427.5103926659
3478,HGS-TV,31106.0,849487.6370182037
3479,HGS-TV,31106.0,849547.7377467155
3480,HGS-TV,31106.0,849607.8639032841
3481,HGS-TV,31106.0,849667.871347189
3482,HGS-TV,31106.0,852630.6675665379
3483,HGS-TV,31106.0,852690.8189125061
3484,HGS-TV,31106.0,852750.9962880611
3485,HGS-TV,31106.0,852841.3706951141
3486,HGS-TV,31106.0,852901.4657263756
3487,HGS-TV,31106.0,852975.961050272
3488,HGS-TV,31106.0,853036.0064206123
3489,HGS-TV,31106.0,853096.1565248966
3490,HGS-TV,31106.0,853156.1967418194
3491,HGS-TV,31106.0,853216.2128083706
3492,HGS-TV,31106.0,853276.4902780056
3493,HGS-TV,31106.0,856408.3253509998
3494,HGS-TV,31106.0,856468.5842473507
3495,HGS-TV,31106.0,856528.6973245144
3496,HGS-TV,31106.0,856588.867916584
3497,HGS-TV,31106.0,856648.8831117153
3498,HGS-TV,31106.0,856709.2153711319
3499,HGS-TV,31106.0,856775.0437738895
3500,HGS-TV,31106.0,856835.2728047371
3501,HGS-TV,31106.0,860353.1105475426
3502,HGS-TV,31106.0,860413.2408263683
3503,HGS-TV,31106.0,860473.2850797176
3504,HGS-TV,31106.0,863471.731287241
3505,HGS-TV,31106.0,863531.9167499542
3506,HGS-TV,31106.0,863592.0208210945
3507,HGS-TV,31106.0,863666.3385825157
3508,HGS-TV,31106.0,863726.5619585514
3509,HGS-TV,31106.0,863786.6081826687
3510,HGS-TV,31106.0,863846.6557073593
3511,HGS-TV,31106.0,863906.7056405544
3512,HGS-TV,31106.0,864035.0701868534
3513,HGS-TV,31106.0,867246.4419755936
3514,HGS-TV,31106.0,867306.5202412605
3515,HGS-TV,31106.0,867366.7759375572
3516,HGS-TV,31106.0,867426.9927923679
3517,HGS-TV,31106.0,867516.780673027
3518,HGS-TV,31106.0,867576.796435833
3519,HGS-TV,31106.0,867637.0502581596
3520,HGS-TV,31106.0,870905.8534712791
3521,HGS-TV,31106.0,870966.1203670502
3522,HGS-TV,31106.0,871026.2801716328
3523,HGS-TV,31106.0,871086.356824398
3524,HGS-TV,31106.0,871146.5907788277
3525,HGS-TV,31106.0,871206.6510474682
3526,HGS-TV,31106.0,871266.8925423622
3527,HGS-TV,31106.0,874412.054322958
3528,HGS-TV,31106.0,874472.0726704597
3529,HGS-TV,31106.0,874532.2622299194
3530,HGS-TV,31106.0,874592.2729904652
3531,HGS-TV,31106.0,874652.2831907272
3532,HGS-TV,31106.0,874712.3317437172
3533,HGS-TV,31106.0,874772.5511209965
3534,HGS-TV,31106.0,874832.8299443722
3535,HGS-TV,31106.0,877984.3042359352
3536,HGS-TV,31106.0,878044.3137061596
3537,HGS-TV,31106.0,878104.6018545628
3538,HGS-TV,31106.0,878164.7496519089
3539,HGS-TV,31106.0,878224.8031620979
3540,HGS-TV,31106.0,878284.8428828716
3541,HGS-TV,31106.0,878345.1493413448
3542,HGS-TV,31106.0,878405.2018387318
3543,HGS-TV,31106.0,881795.977034092
3544,HGS-TV,31106.0,881856.01025033
3545,HGS-TV,31106.0,881916.0552866459
3546,HGS-TV,31106.0,881976.2826800346
3547,HGS-TV,31106.0,882036.3604545593
3548,HGS-TV,31106.0,885279.7796361446
3549,HGS-TV,31106.0,885339.9692626
3550,HGS-TV,31106.0,885400.1488289833
3551,HGS-TV,31106.0,885460.3162879944
3552,HGS-TV,31106.0,885520.458990097
3553,HGS-TV,31106.0,885580.6484656334
3554,HGS-TV,31106.0,885643.9100129604
3555,HGS-TV,31106.0,889199.648856163
3556,HGS-TV,31106.0,889259.9906184673
3557,HGS-TV,31106.0,892276.749409914
3558,HGS-TV,31106.0,892336.7523145676
3559,HGS-TV,31106.0,892396.7919583321
3560,HGS-TV,31106.0,892456.9348194599
3561,HGS-TV,31106.0,892517.069715023
3562,HGS-TV,31106.0,892577.1519057751
3563,HGS-TV,31106.0,892637.2053654194
3564,HGS-TV,31106.0,892697.3360538483
3565,HGS-TV,31106.0,892799.8836493492
3566,HGS-TV,31106.0,892860.0984585285
3567,HGS-TV,31106.0,896458.0170123577
3568,HGS-TV,31106.0,899462.0289945602
3569,HGS-TV,31106.0,899522.132717371
3570,HGS-TV,31106.0,899582.187369585
3571,HGS-TV,31106.0,899642.4087831974
3572,HGS-TV,31106.0,899702.5493066311
3573,HGS-TV,31106.0,899762.6926672459
3574,HGS-TV,31106.0,899822.8674590588
3575,HGS-TV,31106.0,899882.882502079
3576,HGS-TV,31106.0,899943.0248939991
3577,HGS-TV,31106.0,900022.9052548409
3578,HGS-TV,31106.0,900083.0890538692
3579,HGS-TV,31106.0,903256.5868785381
3580,HGS-TV,31106.0,903316.692722559
3581,HGS-TV,31106.0,903376.792999506
3582,HGS-TV,31106.0,903436.9690053463
3583,HGS-TV,31106.0,903497.0212643147
3584,HGS-TV,31106.0,903557.0440468788
3585,HGS-TV,31106.0,903617.1493973732
3586,HGS-TV,31106.0,903677.2756352425
3587,HGS-TV,31106.0,907083.1633396149
3588,HGS-TV,31106.0,907143.2567458153
3589,HGS-TV,31106.0,907203.5436742306
3590,HGS-TV,31106.0,907263.8310203552
3591,HGS-TV,31106.0,910483.2689888477
3592,HGS-TV,31106.0,910543.2962913513
3593,HGS-TV,31106.0,910603.4853067398
3594,HGS-TV,31106.0,910663.8715479374
3595,HGS-TV,31106.0,910724.0148353577
3596,HGS-TV,31106.0,910784.3252980709
3597,HGS-TV,31106.0,910844.4061155319
3598,HGS-TV,31106.0,914158.6115355492
3599,HGS-TV,31106.0,914218.6395618916
3600,HGS-TV,31106.0,914278.6525216103
3601,HGS-TV,31106.0,914338.6542170048
3602,HGS-TV,31106.0,914406.3674507141
3603,HGS-TV,31106.0,914466.6072385311
3604,HGS-TV,31106.0,917257.974550724
3605,HGS-TV,31106.0,917318.3629398346
3606,HGS-TV,31106.0,917378.4925265312
3607,HGS-TV,31106.0,917438.602101326
3608,HGS-TV,31106.0,917498.6840801239
3609,HGS-TV,31106.0,917616.4244818687
3610,HGS-TV,31106.0,917676.5029642582
3611,HGS-TV,31106.0,917736.5319750309
3612,HGS-TV,31106.0,917796.6027390957
3613,HGS-TV,31106.0,917856.8656208515
3614,HGS-TV,31106.0,917917.2163109779
3615,HGS-TV,31106.0,917977.6873881817
3616,HGS-TV,31106.0,918037.7753279209
3617,HGS-TV,31106.0,921388.4324455261
3618,HGS-TV,31106.0,921448.740637064
3619,HGS-TV,31106.0,921508.9965827465
3620,HGS-TV,31106.0,921569.1430428028
3621,HGS-TV,31106.0,921682.6355121136
3622,HGS-TV,31106.0,924911.079212904
3623,HGS-TV,31106.0,924971.1841852665
3624,HGS-TV,31106.0,925031.2139012814
3625,HGS-TV,31106.0,925091.2884747982
3626,HGS-TV,31106.0,925151.3827805519
3627,HGS-TV,31106.0,925211.6697425842
3628,HGS-TV,31106.0,925271.9672620296
3629,HGS-TV,31106.0,928441.9180102348
3630,HGS-TV,31106.0,928502.092766285
3631,HGS-TV,31106.0,928562.2348079681
3632,HGS-TV,31106.0,928622.3280043602
3633,HGS-TV,31106.0,928682.4953324795
3634,HGS-TV,31106.0,928742.6190764904
3635,HGS-TV,31106.0,928863.734017849
3636,HGS-TV,31106.0,931612.3164615631
3637,HGS-TV,31106.0,931672.4621210098
3638,HGS-TV,31106.0,931732.7065501213
3639,HGS-TV,31106.0,931792.8970577717
3640,HGS-TV,31106.0,931852.9048182964
3641,HGS-TV,31106.0,931952.8853964806
3642,HGS-TV,31106.0,932075.1951575279
3643,HGS-TV,31106.0,932135.1982338428
3644,HGS-TV,31106.0,932195.224013567
3645,HGS-TV,31106.0,932255.346291542
3646,HGS-TV,31106.0,932361.458599329
3647,HGS-TV,31106.0,932421.5123007298
3648,HGS-TV,31106.0,932481.8365805149
3649,HGS-TV,31106.0,935658.4038739204
3650,HGS-TV,31106.0,935718.6058161259
3651,HGS-TV,31106.0,935778.6442685127
3652,HGS-TV,31106.0,935838.8715946674
3653,HGS-TV,31106.0,935899.0931665897
3654,HGS-TV,31106.0,935959.1365897655
3655,HGS-TV,31106.0,936019.1912407875
3656,HGS-TV,31106.0,939255.0753350258
3657,HGS-TV,31106.0,939315.1132626534
3658,HGS-TV,31106.0,939375.4197349548
3659,HGS-TV,31106.0,939435.5365068913
3660,HGS-TV,31106.0,939495.6293787956
3661,HGS-TV,31106.0,939555.8433485031
3662,HGS-TV,31106.0,939628.4401156902
3663,HGS-TV,31106.0,939688.7722256184
3664,HGS-TV,31106.0,942905.0339667797
3665,HGS-TV,31106.0,942965.0968091488
3666,HGS-TV,31106.0,943025.2121033669
3667,HGS-TV,31106.0,943085.3525774479
3668,HGS-TV,31106.0,943165.8009057045
3669,HGS-TV,31106.0,943225.9223952293
3670,HGS-TV,31106.0,943286.0203514099
3671,ails2_etaMax1.000_stoppingTime1728000.00,31105.0,944033.653055664
3672,HGS-TV,31106.0,946438.2839701176
3673,HGS-TV,31106.0,946498.4132819176
3674,HGS-TV,31106.0,946558.6538412571
3675,HGS-TV,31106.0,946618.687112093
3676,HGS-TV,31106.0,946678.9179565907
3677,HGS-TV,31106.0,946739.0705099106
3678,HGS-TV,31106.0,946799.1800699234
3679,HGS-TV,31106.0,946859.4253451824
3680,HGS-TV,31102.0,947627.1733140945
3681,ails2_etaMax1.000_stoppingTime1728000.00,31104.0,947745.2030556641
3682,HGS-TV,31101.0,948120.796154499
3683,HGS-TV,31101.0,951120.8710241318
3684,HGS-TV,31101.0,951181.0659594536
3685,HGS-TV,31101.0,951241.2290081978
3686,HGS-TV,31101.0,951301.3622655869
3687,HGS-TV,31101.0,951361.5719377995
3688,HGS-TV,31101.0,951421.6296615601
3689,HGS-TV,31101.0,951496.2674040794
3690,HGS-TV,31101.0,951556.5054328442
3691,HGS-TV,31101.0,951616.8289570808
3692,HGS-TV,31101.0,951687.4056313038
3693,HGS-TV,31101.0,951747.5614199638
3694,HGS-TV,31101.0,951823.917016983
3695,HGS-TV,31101.0,951909.4683134556
3696,HGS-TV,31101.0,952020.475723505
3697,HGS-TV,31101.0,952115.7236142159
3698,HGS-TV,31101.0,952298.9898455143
3699,HGS-TV,31101.0,952450.0327718258
3700,HGS-TV,31101.0,952575.3077704906
3701,HGS-TV,31101.0,952721.1400868893
3702,HGS-TV,31101.0,952781.3701298237
3703,HGS-TV,31101.0,952841.3849153519
3704,HGS-TV,31101.0,952998.7806174755
3705,HGS-TV,31101.0,953068.1644654274
3706,HGS-TV,31101.0,953557.7138831615
3707,HGS-TV,31101.0,953677.9601128101
3708,HGS-TV,31101.0,953738.2258734703
3709,HGS-TV,31101.0,954254.1947982311
3710,HGS-TV,31101.0,954314.3234658241
3711,HGS-TV,31101.0,954427.1014430523
3712,HGS-TV,31101.0,954487.2992401123
3713,HGS-TV,31101.0,954547.3904497623
3714,HGS-TV,31101.0,954607.3910124302
3715,HGS-TV,31101.0,954674.8508043289
3716,HGS-TV,31101.0,955727.2813155651
3717,HGS-TV,31101.0,955818.5922801495
3718,HGS-TV,31101.0,956145.8049378395
3719,HGS-TV,31101.0,956231.4736123085
3720,HGS-TV,31101.0,956308.8476932049
3721,HGS-TV,31101.0,956414.9110782146
3722,HGS-TV,31101.0,957326.5475587845
3723,HGS-TV,31101.0,957386.603014946
3724,HGS-TV,31101.0,957446.6928403378
3725,HGS-TV,31101.0,958219.165558815
3726,HGS-TV,31101.0,958616.7847032547
3727,HGS-TV,31101.0,958849.5275728703
3728,ails2_etaMax1.000_stoppingTime1728000.00,31103.0,958918.4580556641
3729,HGS-TV,31101.0,958953.6307487488
3730,ails2_etaMax1.000_stoppingTime1728000.00,31101.0,959261.621055664
3731,HGS-TV,31101.0,959365.9714205265
3732,HGS-TV,31101.0,959484.2743186951
3733,HGS-TV,31101.0,959799.5490970612
3734,HGS-TV,31101.0,960148.233872652
3735,HGS-TV,31101.0,960818.8316702843
3736,HGS-TV,31101.0,961759.2227580547
3737,HGS-TV,31101.0,962029.1652224064
3738,HGS-TV,31101.0,962326.5986397266
3739,HGS-TV,31101.0,962570.4569306374
3740,HGS-TV,31101.0,963179.3647403717
3741,HGS-TV,31101.0,963639.018848896
3742,HGS-TV,31101.0,963699.0496983528
3743,HGS-TV,31101.0,963759.0519416332
3744,HGS-TV,31101.0,964117.0337610245
3745,HGS-TV,31101.0,964248.6367640495
3746,HGS-TV,31101.0,964539.344265461
3747,HGS-TV,31101.0,964847.7054622173
3748,HGS-TV,31101.0,964913.7888441086
3749,HGS-TV,31101.0,964974.0443401337
3750,HGS-TV,31101.0,965034.1898303032
3751,HGS-TV,31101.0,965504.6450026035
3752,HGS-TV,31101.0,965564.6838598251
3753,HGS-TV,31101.0,965787.1655449867
3754,HGS-TV,31101.0,965908.0732526779
3755,HGS-TV,31101.0,966110.8557245731
3756,HGS-TV,31101.0,966170.9061636925
3757,HGS-TV,31101.0,966231.072807312
3758,HGS-TV,31101.0,966426.0017926693
3759,HGS-TV,31101.0,966486.049737215
3760,HGS-TV,31101.0,966765.0652537346
3761,HGS-TV,31101.0,966980.846944809
3762,HGS-TV,31101.0,967105.2189118862
3763,HGS-TV,31101.0,967207.8904306889
3764,HGS-TV,31101.0,967273.8055768013
3765,HGS-TV,31101.0,968799.4645738602
3766,HGS-TV,31101.0,969245.0721871853
3767,HGS-TV,31101.0,969400.49162817
3768,HGS-TV,31101.0,969684.0619690418
3769,HGS-TV,31101.0,969887.5649166107
3770,HGS-TV,31101.0,970757.9900333881
3771,HGS-TV,31101.0,970819.525652647
3772,HGS-TV,31101.0,970879.5980575085
3773,HGS-TV,31101.0,970939.8182046413
3774,HGS-TV,31101.0,971109.8587384224
3775,HGS-TV,31101.0,971493.7194652557
3776,HGS-TV,31101.0,971648.6024737358
3777,HGS-TV,31101.0,972753.9883160591
3778,HGS-TV,31101.0,975193.3115861416
3779,HGS-TV,31101.0,975906.5604219437
3780,HGS-TV,31101.0,976087.9636056423
3781,HGS-TV,31101.0,976875.6750013828
3782,HGS-TV,31101.0,977440.5227563381
3783,HGS-TV,31101.0,978119.6669430733
3784,HGS-TV,31101.0,981021.3228604794
3785,HGS-TV,31101.0,981593.3116877079
3786,HGS-TV,31101.0,982017.8450448513
3787,HGS-TV,31101.0,982732.5884857178
3788,HGS-TV,31101.0,984100.9378738403
3789,HGS-TV,31101.0,984252.9353785515
3790,HGS-TV,31101.0,984819.819164753
3791,HGS-TV,31101.0,985610.194912672
3792,HGS-TV,31101.0,985810.3216135502
3793,HGS-TV,31101.0,985870.5355041027
3794,HGS-TV,31101.0,986077.1185207367
3795,HGS-TV,31101.0,986157.6764161587
3796,HGS-TV,31101.0,986360.8876993656
3797,HGS-TV,31101.0,986421.068146944
3798,HGS-TV,31101.0,986647.9780972004
3799,HGS-TV,31101.0,986708.0042831898
3800,HGS-TV,31101.0,986768.1355900764
3801,HGS-TV,31101.0,986934.6898095608
3802,HGS-TV,31101.0,987242.3575153351
3803,HGS-TV,31101.0,990616.3078536987
3804,HGS-TV,31101.0,994097.43708992
3805,HGS-TV,31101.0,994157.5958533287
3806,HGS-TV,31101.0,994217.9646587372
3807,HGS-TV,31101.0,994277.9683895111
3808,HGS-TV,31101.0,994338.0242037773
3809,HGS-TV,31101.0,994398.1889195442
3810,HGS-TV,31101.0,994458.271137476
3811,HGS-TV,31101.0,994546.7392420769
3812,HGS-TV,31101.0,994606.8991045952
3813,HGS-TV,31101.0,994667.1492042542
3814,HGS-TV,31101.0,994727.2933034897
3815,HGS-TV,31101.0,994787.4967360497
3816,HGS-TV,31101.0,994847.6032822132
3817,HGS-TV,31101.0,994907.6542470455
3818,HGS-TV,31101.0,994967.7646131516
3819,HGS-TV,31101.0,995027.8479325771
3820,HGS-TV,31101.0,995087.8862063885
3821,HGS-TV,31101.0,995148.0553865433
3822,HGS-TV,31101.0,995208.2254087925
3823,HGS-TV,31101.0,995268.3394286633
3824,HGS-TV,31101.0,995328.5243897438
3825,HGS-TV,31101.0,995397.0191571712
3826,HGS-TV,31101.0,995457.0377829075
3827,HGS-TV,31101.0,995517.1785984039
3828,HGS-TV,31101.0,995577.182882309
3829,HGS-TV,31101.0,995669.9749825001
3830,HGS-TV,31101.0,995730.1840763092
3831,HGS-TV,31101.0,995825.6334323883
3832,HGS-TV,31101.0,995885.7948951721
3833,HGS-TV,31101.0,995953.4172010422
3834,HGS-TV,31101.0,996013.5741710663
3835,HGS-TV,31101.0,996187.9276545048
3836,HGS-TV,31101.0,996250.1405286789
3837,HGS-TV,31101.0,996440.3868951797
3838,HGS-TV,31101.0,996534.0936493874
3839,HGS-TV,31101.0,996594.0955803394
3840,ails2_etaMax0.020_stoppingTime86400.00,31100.0,996756.6940556641
3841,ails2_etaMax0.020_stoppingTime86400.00,31099.0,996757.4280556641
3842,HGS-TV,31101.0,997043.9071259499
3843,HGS-TV,31101.0,997104.0355632305
3844,ails2_etaMax0.005_stoppingTime86400.00,31098.0,997425.3080556641
3845,HGS-TV,31098.0,997811.5112888813
3846,HGS-TV,31097.0,997971.2364213467
3847,HGS-TV,31096.0,998170.3976788521
3848,HGS-TV,31096.0,1001722.5925729275
3849,HGS-TV,31096.0,1001782.7907943726
3850,HGS-TV,31096.0,1001842.9897339344
3851,HGS-TV,31096.0,1001903.1364414692
3852,HGS-TV,31096.0,1001963.3072535992
3853,HGS-TV,31096.0,1002023.6020367146
3854,HGS-TV,31096.0,1002083.6046032906
3855,HGS-TV,31096.0,1002143.7325885296
3856,HGS-TV,31096.0,1002348.7821457386
3857,HGS-TV,31096.0,1002408.8223724365
3858,HGS-TV,31096.0,1002562.1106131077
3859,HGS-TV,31096.0,1002753.9692263603
3860,HGS-TV,31096.0,1002813.9761202335
3861,HGS-TV,31096.0,1002882.6919879913
3862,HGS-TV,31096.0,1002953.5268907547
3863,HGS-TV,31096.0,1003013.6717672348
3864,HGS-TV,31096.0,1003324.6008970737
3865,HGS-TV,31096.0,1003440.863648653
3866,HGS-TV,31096.0,1003652.8384001255
3867,HGS-TV,31096.0,1003713.0127635002
3868,HGS-TV,31096.0,1003773.0874531269
3869,HGS-TV,31096.0,1003947.5374116898
3870,HGS-TV,31096.0,1004066.7470490932
3871,HGS-TV,31096.0,1004126.7797489166
3872,HGS-TV,31096.0,1004339.4811213017
3873,HGS-TV,31096.0,1004476.2600576878
3874,HGS-TV,31096.0,1004840.6101374626
3875,HGS-TV,31096.0,1004972.4800200462
3876,HGS-TV,31096.0,1005126.8456587791
3877,HGS-TV,31096.0,1005187.0228919983
3878,HGS-TV,31096.0,1005324.3410277367
3879,HGS-TV,31096.0,1005501.567127943
3880,HGS-TV,31096.0,1005561.6079564095
3881,HGS-TV,31096.0,1005664.558385849
3882,HGS-TV,31096.0,1005812.1767823696
3883,HGS-TV,31096.0,1006145.2127010822
3884,HGS-TV,31096.0,1006239.8653888702
3885,HGS-TV,31096.0,1006299.8798606396
3886,HGS-TV,31096.0,1006784.7267270088
3887,HGS-TV,31096.0,1006844.8711435795
3888,HGS-TV,31096.0,1007230.461507082
3889,HGS-TV,31096.0,1007295.8972358704
3890,HGS-TV,31096.0,1007468.5403447151
3891,HGS-TV,31096.0,1007726.1594381332
3892,HGS-TV,31096.0,1007786.219676733
3893,HGS-TV,31096.0,1007846.37764287
3894,HGS-TV,31096.0,1007961.7627503872
3895,HGS-TV,31096.0,1008021.7989997864
3896,HGS-TV,31096.0,1008408.8537082672
3897,HGS-TV,31096.0,1008468.9601316452
3898,HGS-TV,31096.0,1008570.2986400127
3899,HGS-TV,31096.0,1008699.4046986103
3900,HGS-TV,31096.0,1008919.81823349
3901,HGS-TV,31096.0,1009255.1126155853
3902,HGS-TV,31096.0,1009408.368653059
3903,ails2_etaMax1.000_stoppingTime1728000.00,31100.0,1009773.092055664
3904,HGS-TV,31096.0,1009818.3357141018
3905,HGS-TV,31096.0,1009977.6109468937
3906,HGS-TV,31096.0,1010037.8797614574
3907,HGS-TV,31096.0,1010285.3411357403
3908,HGS-TV,31096.0,1010434.985991478
3909,HGS-TV,31096.0,1010839.5300033092
3910,HGS-TV,31096.0,1011010.6884856224
3911,HGS-TV,31096.0,1012065.2689418793
3912,HGS-TV,31096.0,1012292.8081042767
3913,HGS-TV,31096.0,1012352.9268627167
3914,HGS-TV,31096.0,1012412.9371137619
3915,HGS-TV,31096.0,1012510.5266809464
3916,HGS-TV,31096.0,1012660.4967119694
3917,HGS-TV,31096.0,1012733.5164601803
3918,HGS-TV,31096.0,1012793.7246005535
3919,HGS-TV,31096.0,1012854.7448196411
3920,HGS-TV,31096.0,1013423.0893790722
3921,HGS-TV,31096.0,1013483.0929996967
3922,HGS-TV,31096.0,1013598.6951990128
3923,HGS-TV,31096.0,1013802.8606104851
3924,HGS-TV,31096.0,1014260.1195793152
3925,HGS-TV,31096.0,1014469.2434630394
3926,HGS-TV,31096.0,1015041.8734636307
3927,HGS-TV,31096.0,1015462.1953368187
3928,HGS-TV,31096.0,1015914.065805912
3929,HGS-TV,31096.0,1016158.3234097958
3930,HGS-TV,31096.0,1016819.3793168068
3931,HGS-TV,31096.0,1017897.4100358486
3932,ails2_etaMax1.000_stoppingTime1728000.00,31099.0,1018578.0710556641
3933,HGS-TV,31096.0,1020231.0980257988
3934,HGS-TV,31096.0,1021063.8518362045
3935,HGS-TV,31096.0,1021535.5179474354
3936,HGS-TV,31096.0,1022983.6672930717
3937,HGS-TV,31096.0,1023674.2968966961
3938,HGS-TV,31096.0,1023922.4785363674
3939,HGS-TV,31096.0,1024390.8865675926
3940,HGS-TV,31096.0,1024599.1578950882
3941,HGS-TV,31096.0,1027175.2622716427
3942,HGS-TV,31096.0,1029592.570882082
3943,HGS-TV,31096.0,1030000.1326935291
3944,HGS-TV,31096.0,1031633.5842592716
3945,HGS-TV,31096.0,1031693.6372025013
3946,HGS-TV,31096.0,1032045.3091645241
3947,HGS-TV,31096.0,1035545.075145483
3948,HGS-TV,31096.0,1035605.2334709167
3949,HGS-TV,31096.0,1035665.4953627586
3950,HGS-TV,31096.0,1035725.5984661579
3951,HGS-TV,31096.0,1035785.8748216629
3952,HGS-TV,31096.0,1035845.9597001076
3953,HGS-TV,31096.0,1035906.0565311909
3954,HGS-TV,31096.0,1035986.8533043861
3955,HGS-TV,31096.0,1036047.0839836597
3956,HGS-TV,31096.0,1036107.183126688
3957,HGS-TV,31096.0,1036167.2160236835
3958,HGS-TV,31096.0,1036329.5014491081
3959,HGS-TV,31096.0,1036389.7686760426
3960,HGS-TV,31096.0,1036480.2693037987
3961,HGS-TV,31096.0,1036540.4784634113
3962,HGS-TV,31096.0,1036600.633639574
3963,HGS-TV,31096.0,1036745.3450694084
3964,HGS-TV,31096.0,1036805.4240338802
3965,HGS-TV,31096.0,1036880.1409170628
3966,HGS-TV,31096.0,1036965.6022615433
3967,HGS-TV,31096.0,1037092.8988571167
3968,HGS-TV,31096.0,1037152.9709069729
3969,HGS-TV,31096.0,1037213.1517722607
3970,HGS-TV,31096.0,1037355.2420208454
3971,HGS-TV,31096.0,1037650.6598842144
3972,HGS-TV,31096.0,1037710.9300601482
3973,HGS-TV,31096.0,1037857.9993665218
3974,HGS-TV,31096.0,1038201.7473068237
3975,HGS-TV,31096.0,1038308.1098704338
3976,HGS-TV,31096.0,1038459.9996340275
3977,HGS-TV,31096.0,1038603.3230700493
3978,HGS-TV,31096.0,1038745.0536863804
3979,HGS-TV,31096.0,1038991.8306612968
3980,HGS-TV,31096.0,1039055.3061363697
3981,HGS-TV,31096.0,1039115.7636053562
3982,HGS-TV,31096.0,1039180.7991380692
3983,HGS-TV,31096.0,1039240.8789775372
3984,HGS-TV,31096.0,1039344.4128270149
3985,HGS-TV,31096.0,1039574.5776786804
3986,HGS-TV,31096.0,1039634.58248353
3987,HGS-TV,31096.0,1040084.9709026814
3988,HGS-TV,31096.0,1040150.6066925526
3989,HGS-TV,31096.0,1040532.7997095585
3990,HGS-TV,31096.0,1040638.0254011154
3991,HGS-TV,31096.0,1040766.9848983288
3992,HGS-TV,31096.0,1041100.1181790829
3993,HGS-TV,31096.0,1041164.0818824768
3994,HGS-TV,31096.0,1041224.325083971
3995,HGS-TV,31096.0,1041292.3795375824
3996,HGS-TV,31096.0,1041352.6196248531
3997,HGS-TV,31096.0,1041448.3299896717
3998,HGS-TV,31096.0,1041508.3708686829
3999,HGS-TV,31096.0,1041568.4272418022
4000,HGS-TV,31096.0,1041628.5626487732
4001,HGS-TV,31096.0,1041688.8101043701
4002,HGS-TV,31096.0,1041810.5367362499
4003,HGS-TV,31096.0,1041931.3923420906
4004,HGS-TV,31096.0,1042011.71433568
4005,HGS-TV,31096.0,1042071.7855632305
4006,HGS-TV,31096.0,1042173.3000230789
4007,HGS-TV,31096.0,1042233.4061615467
4008,HGS-TV,31096.0,1042375.7743413448
4009,HGS-TV,31096.0,1042435.8233549595
4010,HGS-TV,31096.0,1042797.9237496853
4011,HGS-TV,31096.0,1042858.417809248
4012,HGS-TV,31096.0,1043125.0119125843
4013,HGS-TV,31096.0,1043381.4152286053
4014,HGS-TV,31096.0,1043443.5136072636
4015,HGS-TV,31096.0,1043682.1598505974
4016,HGS-TV,31096.0,1043770.5452270508
4017,HGS-TV,31096.0,1044203.3153128624
4018,HGS-TV,31096.0,1044308.0757308006
4019,HGS-TV,31096.0,1044570.6660552025
4020,HGS-TV,31096.0,1044630.7912061214
4021,HGS-TV,31096.0,1044690.9454989433
4022,HGS-TV,31096.0,1044751.0934844017
4023,HGS-TV,31096.0,1044875.2354371548
4024,HGS-TV,31096.0,1044960.0028743744
4025,HGS-TV,31096.0,1045227.748541832
4026,HGS-TV,31096.0,1045353.8964755535
4027,HGS-TV,31096.0,1045432.851788044
4028,HGS-TV,31096.0,1045492.9047403336
4029,HGS-TV,31096.0,1045552.9631173611
4030,HGS-TV,31096.0,1045625.078564167
4031,HGS-TV,31096.0,1045685.2356536388
4032,HGS-TV,31096.0,1045833.2320842743
4033,HGS-TV,31096.0,1045893.4483776093
4034,HGS-TV,31096.0,1046239.8145310879
4035,HGS-TV,31096.0,1046299.9541652203
4036,HGS-TV,31096.0,1046507.6632907391
4037,HGS-TV,31096.0,1046856.4536883831
4038,HGS-TV,31096.0,1047998.74761796
4039,HGS-TV,31096.0,1048104.8428688049
4040,HGS-TV,31096.0,1048354.5117461681
4041,HGS-TV,31096.0,1050275.136758566
4042,HGS-TV,31096.0,1051097.05819273
4043,HGS-TV,31096.0,1051297.2225129604
4044,HGS-TV,31096.0,1051357.367748499
4045,HGS-TV,31096.0,1051444.5188293457
4046,HGS-TV,31096.0,1051553.0425503254
4047,HGS-TV,31096.0,1051826.1176726818
4048,HGS-TV,31096.0,1051925.535519123
4049,HGS-TV,31096.0,1051985.7346658707
4050,HGS-TV,31096.0,1052045.773964405
4051,HGS-TV,31096.0,1052105.829511404
4052,HGS-TV,31096.0,1052256.3607242107
4053,HGS-TV,31096.0,1052316.3876156807
4054,HGS-TV,31096.0,1052477.1561715603
4055,HGS-TV,31096.0,1052879.3378958702
4056,HGS-TV,31096.0,1055739.1070275307
4057,HGS-TV,31096.0,1055799.4306046963
4058,HGS-TV,31096.0,1055859.44673419
4059,HGS-TV,31096.0,1055919.6881797314
4060,HGS-TV,31096.0,1055979.8385813236
4061,HGS-TV,31096.0,1056039.9418821335
4062,HGS-TV,31096.0,1056135.6371674538
4063,HGS-TV,31096.0,1056222.670702219
4064,HGS-TV,31096.0,1056305.2381298542
4065,HGS-TV,31096.0,1056365.457324028
4066,HGS-TV,31096.0,1056584.9103524685
4067,HGS-TV,31096.0,1056645.0935354233
4068,HGS-TV,31096.0,1056771.3841631413
4069,HGS-TV,31096.0,1056831.5970213413
4070,HGS-TV,31096.0,1056891.7276380062
4071,HGS-TV,31096.0,1056956.3951210976
4072,HGS-TV,31096.0,1057016.6364068985
4073,HGS-TV,31096.0,1057076.867999792
4074,HGS-TV,31096.0,1057137.0789637566
4075,HGS-TV,31096.0,1057202.2116146088
4076,HGS-TV,31096.0,1057296.2558999062
4077,HGS-TV,31096.0,1057386.4323966503
4078,HGS-TV,31096.0,1057523.9839582443
4079,HGS-TV,31096.0,1058043.027962923
4080,HGS-TV,31096.0,1058223.0916335583
4081,HGS-TV,31096.0,1058437.4128100872
4082,HGS-TV,31096.0,1058604.6304283142
4083,HGS-TV,31096.0,1058789.5737092495
4084,HGS-TV,31096.0,1058918.6085879803
4085,HGS-TV,31096.0,1059025.542390108
4086,HGS-TV,31096.0,1059365.901036024
4087,HGS-TV,31096.0,1059425.972531557
4088,HGS-TV,31096.0,1059486.2818555832
4089,HGS-TV,31096.0,1059623.405003786
4090,HGS-TV,31096.0,1059683.6208508015
4091,HGS-TV,31096.0,1059743.7577872276
4092,HGS-TV,31096.0,1059860.5590808392
4093,HGS-TV,31096.0,1059920.707190752
4094,HGS-TV,31096.0,1060439.976625204
4095,HGS-TV,31096.0,1060607.4295370579
4096,HGS-TV,31096.0,1060667.4298846722
4097,HGS-TV,31096.0,1060975.6920993328
4098,HGS-TV,31096.0,1061035.7423036098
4099,HGS-TV,31096.0,1061111.5307064056
4100,HGS-TV,31096.0,1061171.5965323448
4101,HGS-TV,31096.0,1061546.8361244202
4102,HGS-TV,31096.0,1061613.6553070545
4103,HGS-TV,31096.0,1061756.7766616344
4104,HGS-TV,31096.0,1061850.1917119026
4105,HGS-TV,31096.0,1062076.369297266
4106,HGS-TV,31096.0,1062136.6733269691
4107,HGS-TV,31096.0,1062196.6909220219
4108,HGS-TV,31096.0,1062385.502040863
4109,HGS-TV,31096.0,1062445.5230503082
4110,HGS-TV,31096.0,1062562.1268212795
4111,HGS-TV,31096.0,1062678.5698046684
4112,HGS-TV,31096.0,1062791.8109252453
4113,HGS-TV,31096.0,1062904.5668373108
4114,HGS-TV,31096.0,1063449.2940580845
4115,HGS-TV,31096.0,1063517.38626647
4116,HGS-TV,31096.0,1063795.308145523
4117,HGS-TV,31096.0,1063910.4446856976
4118,HGS-TV,31096.0,1064102.811177969
4119,HGS-TV,31096.0,1064210.4166674614
4120,HGS-TV,31096.0,1064374.7814497948
4121,HGS-TV,31096.0,1064645.9441461563
4122,HGS-TV,31096.0,1064960.612048626
4123,HGS-TV,31096.0,1066419.1254963875
4124,HGS-TV,31096.0,1067431.211713791
4125,HGS-TV,31096.0,1068136.416333437
4126,HGS-TV,31096.0,1068299.311829567
4127,HGS-TV,31096.0,1068359.378578186
4128,HGS-TV,31096.0,1068419.4354982376
4129,HGS-TV,31096.0,1068479.4505398273
4130,HGS-TV,31096.0,1068565.0871179104
4131,HGS-TV,31096.0,1068625.1691434383
4132,HGS-TV,31096.0,1068685.314174652
4133,HGS-TV,31096.0,1069086.3629496098
4134,HGS-TV,31096.0,1069267.0915269852
4135,HGS-TV,31096.0,1069556.3150377274
4136,HGS-TV,31096.0,1069762.8295481205
4137,HGS-TV,31096.0,1070029.3803486824
4138,HGS-TV,31096.0,1070092.9107613564
4139,HGS-TV,31096.0,1070194.6442046165
4140,HGS-TV,31096.0,1070366.10628438
4141,HGS-TV,31096.0,1070714.6990163326
4142,HGS-TV,31096.0,1071222.9520664215
4143,HGS-TV,31096.0,1071350.8133404255
4144,HGS-TV,31096.0,1071957.1356899738
4145,HGS-TV,31096.0,1072454.2259469032
4146,HGS-TV,31096.0,1072693.6760907173
4147,HGS-TV,31096.0,1075536.1015541553
4148,HGS-TV,31096.0,1075596.3499548435
4149,HGS-TV,31096.0,1075656.517602682
4150,HGS-TV,31096.0,1075716.8278639317
4151,HGS-TV,31096.0,1075776.8914968967
4152,HGS-TV,31096.0,1075837.0844871998
4153,HGS-TV,31096.0,1075897.3279998302
4154,HGS-TV,31096.0,1075957.3707532883
4155,HGS-TV,31096.0,1076017.4468414783
4156,HGS-TV,31096.0,1076077.6318848133
4157,HGS-TV,31096.0,1076137.7542700768
4158,HGS-TV,31096.0,1076363.011093378
4159,HGS-TV,31096.0,1076455.5974071026
4160,HGS-TV,31096.0,1076515.8584268093
4161,HGS-TV,31096.0,1076576.0696589947
4162,HGS-TV,31096.0,1076636.2350080013
4163,HGS-TV,31096.0,1076696.3224737644
4164,HGS-TV,31096.0,1076878.214889288
4165,HGS-TV,31096.0,1076982.076486826
4166,HGS-TV,31096.0,1077116.2056958675
4167,HGS-TV,31096.0,1077194.2927761078
4168,HGS-TV,31096.0,1077254.423838377
4169,HGS-TV,31096.0,1077403.9178783894
4170,HGS-TV,31096.0,1077483.592540741
4171,HGS-TV,31096.0,1077600.9630651474
4172,HGS-TV,31096.0,1077661.0642869473
4173,HGS-TV,31096.0,1077757.50482893
4174,HGS-TV,31096.0,1077923.4709386826
4175,HGS-TV,31096.0,1077983.7423670292
4176,HGS-TV,31096.0,1078087.3530392647
4177,HGS-TV,31096.0,1078147.393573761
4178,HGS-TV,31096.0,1078207.5079312325
4179,HGS-TV,31096.0,1078267.5948982239
4180,HGS-TV,31096.0,1078327.597851038
4181,HGS-TV,31096.0,1078401.3238430023
4182,HGS-TV,31096.0,1078461.4497041702
4183,HGS-TV,31096.0,1078703.00217247
4184,HGS-TV,31096.0,1078786.3638644218
4185,HGS-TV,31096.0,1079093.6465115547
4186,HGS-TV,31096.0,1079163.377599001
4187,HGS-TV,31096.0,1079719.476323843
4188,HGS-TV,31096.0,1079779.6307649612
4189,HGS-TV,31096.0,1079841.3606705666
4190,HGS-TV,31096.0,1079957.8634545803
4191,HGS-TV,31096.0,1080018.1272547245
4192,HGS-TV,31096.0,1080193.8892264366
4193,HGS-TV,31096.0,1080443.9164738655
4194,HGS-TV,31096.0,1080504.10627532
4195,HGS-TV,31096.0,1080564.1637310982
4196,HGS-TV,31096.0,1080815.2184257507
4197,HGS-TV,31096.0,1080917.7025532722
4198,HGS-TV,31096.0,1081564.468572855
4199,HGS-TV,31096.0,1082762.616521597
4200,HGS-TV,31096.0,1083301.3226649761
4201,HGS-TV,31096.0,1083733.0032696724
4202,HGS-TV,31096.0,1084377.9311299324
4203,HGS-TV,31096.0,1084839.35212183
4204,HGS-TV,31096.0,1085177.726779461
4205,HGS-TV,31096.0,1086012.6775567532
4206,HGS-TV,31096.0,1086075.297645092
4207,HGS-TV,31096.0,1086135.3795659542
4208,HGS-TV,31096.0,1086195.4590189457
4209,HGS-TV,31096.0,1086697.3515806198
4210,HGS-TV,31096.0,1087974.4446780682
4211,HGS-TV,31096.0,1088034.4971513748
4212,HGS-TV,31096.0,1088129.4921073914
4213,HGS-TV,31096.0,1088216.0493969917
4214,HGS-TV,31096.0,1088641.1279044151
4215,HGS-TV,31096.0,1088766.808223009
4216,HGS-TV,31096.0,1089542.877585888
4217,HGS-TV,31096.0,1089690.090966463
4218,HGS-TV,31096.0,1089926.637661457
4219,HGS-TV,31096.0,1089986.721111536
4220,HGS-TV,31096.0,1090046.7835776806
4221,HGS-TV,31096.0,1090283.621033907
4222,HGS-TV,31096.0,1090617.0232217312
4223,HGS-TV,31096.0,1090881.3639478683
4224,HGS-TV,31096.0,1091272.4500393867
4225,HGS-TV,31096.0,1091697.0705275536
4226,HGS-TV,31096.0,1093580.5831665993
4227,HGS-TV,31096.0,1093862.4340193272
4228,HGS-TV,31096.0,1094014.4952635765
4229,HGS-TV,31096.0,1094833.415407896
4230,HGS-TV,31096.0,1094893.5697345734
4231,HGS-TV,31096.0,1095353.0129311085
4232,HGS-TV,31096.0,1095662.4248189926
4233,HGS-TV,31096.0,1096346.4935383797
4234,HGS-TV,31096.0,1097238.9939799309
4235,HGS-TV,31096.0,1098570.0648682117
4236,HGS-TV,31096.0,1102213.7667193413
4237,HGS-TV,31096.0,1102273.9080531597
4238,HGS-TV,31096.0,1102334.1094965935
4239,HGS-TV,31096.0,1102394.2632966042
4240,HGS-TV,31096.0,1102454.3752675056
4241,HGS-TV,31096.0,1102514.441912651
4242,HGS-TV,31096.0,1102574.5639107227
4243,HGS-TV,31096.0,1102634.6953713894
4244,HGS-TV,31096.0,1102694.814413309
4245,HGS-TV,31096.0,1102877.8341424465
4246,HGS-TV,31096.0,1102938.0877349377
4247,HGS-TV,31096.0,1102998.2485609055
4248,HGS-TV,31096.0,1103060.6831161976
4249,HGS-TV,31096.0,1103125.510608673
4250,HGS-TV,31096.0,1103185.5727396011
4251,HGS-TV,31096.0,1103425.5412399769
4252,HGS-TV,31096.0,1103524.6736915112
4253,HGS-TV,31096.0,1103695.0599467754
4254,HGS-TV,31096.0,1103837.9734869003
4255,HGS-TV,31096.0,1103898.0932302475
4256,HGS-TV,31096.0,1104076.906807661
4257,HGS-TV,31096.0,1104136.9502549171
4258,HGS-TV,31096.0,1104197.0227513313
4259,HGS-TV,31096.0,1104307.4156401157
4260,HGS-TV,31096.0,1104424.0757699013
4261,HGS-TV,31096.0,1104618.0209009647
4262,HGS-TV,31096.0,1104678.253061533
4263,HGS-TV,31096.0,1104771.7643129826
4264,HGS-TV,31096.0,1104993.0884594917
4265,HGS-TV,31096.0,1105383.2216165066
4266,HGS-TV,31096.0,1105443.313100338
4267,HGS-TV,31096.0,1105990.6148688793
4268,HGS-TV,31096.0,1106057.2834603786
4269,HGS-TV,31096.0,1106153.8371953964
4270,HGS-TV,31096.0,1106213.9823157787
4271,HGS-TV,31096.0,1106286.4679524899
4272,HGS-TV,31096.0,1106528.158057928
4273,HGS-TV,31096.0,1106588.175145626
4274,HGS-TV,31096.0,1106648.324329853
4275,HGS-TV,31096.0,1106708.4179165363
4276,HGS-TV,31096.0,1106826.8561332226
4277,HGS-TV,31096.0,1107248.4710683823
4278,HGS-TV,31096.0,1107308.5648686886
4279,HGS-TV,31096.0,1107368.6059248447
4280,HGS-TV,31096.0,1107503.6400837898
4281,HGS-TV,31096.0,1107563.9811134338
4282,HGS-TV,31096.0,1107696.2546281815
4283,HGS-TV,31096.0,1107803.8829231262
4284,HGS-TV,31096.0,1107863.9811546803
4285,HGS-TV,31096.0,1108075.6004424095
4286,HGS-TV,31096.0,1108135.6242744923
4287,HGS-TV,31096.0,1108195.632285595
4288,HGS-TV,31096.0,1108264.6955432892
4289,HGS-TV,31096.0,1108346.5653908253
4290,HGS-TV,31096.0,1108712.9478337765
4291,HGS-TV,31096.0,1108998.30969882
4292,HGS-TV,31096.0,1109058.5511388779
4293,HGS-TV,31096.0,1109162.3560550213
4294,HGS-TV,31096.0,1109252.0998766422
4295,HGS-TV,31096.0,1109843.341555357
4296,HGS-TV,31096.0,1109903.405907631
4297,HGS-TV,31096.0,1109964.6975340843
4298,HGS-TV,31096.0,1110024.8341493607
4299,HGS-TV,31096.0,1110114.019698143
4300,HGS-TV,31096.0,1110174.0463125706
4301,HGS-TV,31096.0,1110571.5292785168
4302,HGS-TV,31096.0,1110631.588362217
4303,HGS-TV,31096.0,1110696.0128684044
4304,HGS-TV,31096.0,1110756.0299756527
4305,HGS-TV,31096.0,1110816.1598303318
4306,HGS-TV,31096.0,1110968.6567268372
4307,HGS-TV,31096.0,1111051.1581213474
4308,HGS-TV,31096.0,1111128.132148981
4309,HGS-TV,31096.0,1111502.7730240822
4310,HGS-TV,31096.0,1111562.790711403
4311,HGS-TV,31096.0,1111674.7710893154
4312,HGS-TV,31096.0,1111811.2886190414
4313,HGS-TV,31096.0,1112347.4198067188
4314,HGS-TV,31096.0,1112530.7780849934
4315,HGS-TV,31096.0,1113033.4750905037
4316,HGS-TV,31096.0,1113901.351471901
4317,HGS-TV,31096.0,1113961.5431058407
4318,HGS-TV,31096.0,1114021.5646038055
4319,HGS-TV,31096.0,1114081.5946741104
4320,HGS-TV,31096.0,1114141.7369289398
4321,HGS-TV,31096.0,1115227.0962004662
4322,HGS-TV,31096.0,1118957.8692724705
4323,HGS-TV,31096.0,1119017.956650734
4324,HGS-TV,31096.0,1119078.2858798504
4325,HGS-TV,31096.0,1119138.3454811573
4326,HGS-TV,31096.0,1119198.3906202316
4327,HGS-TV,31096.0,1119258.5797889233
4328,HGS-TV,31096.0,1119318.8019485474
4329,HGS-TV,31096.0,1119378.8046307564
4330,HGS-TV,31096.0,1119439.0418102741
4331,HGS-TV,31096.0,1119499.1475486755
4332,HGS-TV,31096.0,1119559.1697900295
4333,HGS-TV,31096.0,1119619.1847465038
4334,HGS-TV,31096.0,1119712.9912772179
4335,HGS-TV,31096.0,1119801.6090490818
4336,HGS-TV,31096.0,1119861.8216850758
4337,HGS-TV,31096.0,1119921.9866833687
4338,HGS-TV,31096.0,1120032.897383213
4339,HGS-TV,31096.0,1120110.8397955894
4340,HGS-TV,31096.0,1120212.7884411812
4341,HGS-TV,31096.0,1120317.6326436996
4342,HGS-TV,31096.0,1120384.4008045197
4343,HGS-TV,31096.0,1120571.7373290062
4344,HGS-TV,31096.0,1120631.9238438606
4345,HGS-TV,31096.0,1120937.706335783
4346,HGS-TV,31096.0,1121260.549412012
4347,HGS-TV,31096.0,1121339.3726313114
4348,HGS-TV,31096.0,1121399.519553423
4349,HGS-TV,31096.0,1121532.282900095
4350,HGS-TV,31096.0,1121593.6396808624
4351,HGS-TV,31096.0,1121653.6634831429
4352,HGS-TV,31096.0,1121829.9793469906
