id,algo_name,score,runningtime
1,ails2_eoh_omega2,814887.0,70.81860229492187
2,ails2_etaMax0.020_stoppingTime86400.00,820358.0,69.66160229492188
3,ails2_etaMax1.000_stoppingTime86400.00,815288.0,71.85060229492187
4,ails2_etaMax1.000_stoppingTime864000.00,818289.0,72.85460229492188
5,ails2_etaMax1.000_stoppingTime432000.00,814921.0,72.42960229492188
6,ails2_eoh_acc_large,816340.0,72.82160229492187
7,ails2_etaMax0.005_stoppingTime86400.00,817296.0,72.83460229492188
8,ails2_eoh_acc,819665.0,72.86060229492188
9,ails2_etaMax0.010_stoppingTime432000.00,812051.0,73.35060229492187
10,ails2_etaMax1.000_stoppingTime1728000.00,815523.0,74.47860229492187
11,ails2_etaMax0.020_stoppingTime86400.00,806643.0,131.62360229492188
12,ails2_eoh_omega2,807570.0,131.61160229492188
13,ails2_etaMax1.000_stoppingTime86400.00,811403.0,98.44560229492187
14,ails2_eoh_acc,805952.0,133.64760229492188
15,ails2_eoh_acc_large,806128.0,133.42660229492188
16,ails2_etaMax1.000_stoppingTime864000.00,810689.0,116.32460229492187
17,ails2_etaMax0.005_stoppingTime86400.00,806786.0,132.9046022949219
18,ails2_etaMax1.000_stoppingTime432000.00,811276.0,99.94460229492188
19,ails2_etaMax0.010_stoppingTime432000.00,805311.0,134.45460229492187
20,ails2_etaMax1.000_stoppingTime1728000.00,811606.0,104.68160229492187
21,ails2_etaMax0.020_stoppingTime86400.00,805192.0,192.27860229492188
22,ails2_eoh_omega2,806141.0,192.13360229492187
23,ails2_etaMax1.000_stoppingTime86400.00,810971.0,151.9106022949219
24,ails2_etaMax1.000_stoppingTime432000.00,810646.0,190.86560229492187
25,ails2_eoh_acc_large,804628.0,194.55460229492186
26,ails2_etaMax0.005_stoppingTime86400.00,804984.0,194.0296022949219
27,ails2_eoh_acc,804820.0,192.7146022949219
28,ails2_etaMax0.010_stoppingTime432000.00,804024.0,194.66860229492187
29,ails2_etaMax1.000_stoppingTime1728000.00,810918.0,196.22360229492188
30,ails2_eoh_omega2,805589.0,248.18560229492186
31,ails2_etaMax0.020_stoppingTime86400.00,804106.0,253.68260229492188
32,ails2_eoh_acc,804328.0,254.5176022949219
33,ails2_etaMax0.005_stoppingTime86400.00,804513.0,255.70960229492186
34,ails2_eoh_acc_large,804098.0,254.48960229492187
35,ails2_etaMax1.000_stoppingTime432000.00,810472.0,203.90660229492187
36,ails2_etaMax0.010_stoppingTime432000.00,803331.0,256.1386022949219
37,ails2_etaMax0.020_stoppingTime86400.00,803573.0,312.2376022949219
38,ails2_eoh_omega2,805190.0,313.83960229492186
39,ails2_eoh_acc,803973.0,316.3186022949219
40,ails2_eoh_acc_large,803692.0,313.5816022949219
41,ails2_etaMax0.005_stoppingTime86400.00,804081.0,314.54860229492186
42,ails2_etaMax0.010_stoppingTime432000.00,803033.0,312.47460229492185
43,ails2_etaMax1.000_stoppingTime86400.00,810970.0,347.21960229492186
44,ails2_etaMax0.020_stoppingTime86400.00,802992.0,372.00760229492187
45,ails2_eoh_omega2,804928.0,374.59660229492187
46,ails2_eoh_acc,803687.0,377.1756022949219
47,ails2_eoh_acc_large,803301.0,377.7326022949219
48,ails2_etaMax0.005_stoppingTime86400.00,803506.0,375.54160229492186
49,ails2_etaMax0.010_stoppingTime432000.00,802731.0,378.8166022949219
50,ails2_etaMax1.000_stoppingTime86400.00,810593.0,351.1986022949219
51,ails2_eoh_omega2,804390.0,435.1916022949219
52,ails2_etaMax0.020_stoppingTime86400.00,802765.0,434.7836022949219
53,ails2_etaMax0.005_stoppingTime86400.00,803200.0,434.1876022949219
54,ails2_eoh_acc,803347.0,438.5746022949219
55,ails2_eoh_acc_large,803153.0,438.17660229492185
56,ails2_etaMax0.010_stoppingTime432000.00,802571.0,434.3596022949219
57,ails2_etaMax1.000_stoppingTime1728000.00,810856.0,443.25360229492185
58,ails2_etaMax1.000_stoppingTime86400.00,810269.0,494.37560229492186
59,ails2_etaMax0.020_stoppingTime86400.00,802378.0,496.46960229492186
60,ails2_eoh_omega2,803986.0,491.47460229492185
61,ails2_etaMax0.005_stoppingTime86400.00,803084.0,499.5086022949219
62,ails2_eoh_acc_large,803011.0,498.6936022949219
63,ails2_eoh_acc,803182.0,498.3696022949219
64,ails2_etaMax0.010_stoppingTime432000.00,802539.0,494.41460229492185
65,filo2,814175.0,537.097916841507
66,ails2_etaMax1.000_stoppingTime86400.00,810260.0,494.43860229492185
67,ails2_eoh_omega2,803897.0,551.8336022949219
68,ails2_etaMax0.020_stoppingTime86400.00,802269.0,547.5696022949219
69,ails2_eoh_acc,803078.0,560.6906022949219
70,ails2_eoh_acc_large,802937.0,559.4776022949219
71,ails2_etaMax0.005_stoppingTime86400.00,802761.0,559.7106022949218
72,ails2_etaMax0.010_stoppingTime432000.00,802412.0,561.5966022949219
73,ails2_etaMax1.000_stoppingTime1728000.00,810739.0,570.9956022949219
74,filo2,814113.0,597.3628356456757
75,ails2_etaMax0.020_stoppingTime86400.00,802209.0,618.4126022949218
76,ails2_eoh_omega2,803616.0,619.0246022949219
77,ails2_eoh_acc_large,802849.0,620.4606022949218
78,ails2_eoh_acc,802982.0,621.0846022949219
79,ails2_etaMax0.005_stoppingTime86400.00,802542.0,614.1386022949218
80,ails2_etaMax0.010_stoppingTime432000.00,802186.0,615.4856022949218
81,ails2_etaMax1.000_stoppingTime1728000.00,810699.0,571.0496022949219
82,filo2,814021.0,657.6784996986389
83,ails2_etaMax1.000_stoppingTime864000.00,810638.0,677.9146022949219
84,ails2_eoh_omega2,803265.0,680.4146022949219
85,ails2_etaMax0.020_stoppingTime86400.00,802161.0,644.9216022949219
86,ails2_eoh_acc_large,802795.0,679.9146022949219
87,ails2_etaMax0.005_stoppingTime86400.00,802467.0,652.9196022949219
88,ails2_eoh_acc,802929.0,682.7736022949218
89,ails2_etaMax0.010_stoppingTime432000.00,802059.0,679.2286022949219
90,ails2_etaMax1.000_stoppingTime1728000.00,810681.0,694.6216022949219
91,filo2,813959.0,718.4892971515656
92,ails2_etaMax1.000_stoppingTime864000.00,810296.0,678.6226022949219
93,ails2_etaMax0.020_stoppingTime86400.00,802099.0,740.3786022949218
94,ails2_eoh_omega2,803057.0,741.7116022949219
95,ails2_eoh_acc,802803.0,742.7116022949219
96,ails2_eoh_acc_large,802761.0,735.2486022949219
97,ails2_etaMax0.005_stoppingTime86400.00,802387.0,734.7316022949219
98,ails2_etaMax0.010_stoppingTime432000.00,802020.0,743.0256022949219
99,ails2_etaMax1.000_stoppingTime432000.00,810377.0,748.6206022949219
100,ails2_etaMax1.000_stoppingTime1728000.00,810552.0,694.8046022949219
101,ails2_eoh_omega2,802932.0,797.9916022949219
102,ails2_etaMax0.020_stoppingTime86400.00,801996.0,751.3556022949218
103,ails2_eoh_acc_large,802676.0,797.0046022949218
104,ails2_etaMax0.005_stoppingTime86400.00,802244.0,787.0936022949219
105,ails2_eoh_acc,802751.0,802.7686022949218
106,ails2_etaMax0.010_stoppingTime432000.00,801929.0,803.5356022949219
107,filo2,813881.0,806.13955950737
108,ails2_etaMax1.000_stoppingTime432000.00,810220.0,755.3706022949219
109,ails2_eoh_omega2,802825.0,854.9206022949219
110,ails2_eoh_acc_large,802568.0,865.7686022949218
111,ails2_eoh_acc,802722.0,865.1736022949219
112,ails2_etaMax0.005_stoppingTime86400.00,802180.0,848.7246022949219
113,filo2,813745.0,866.1846537590027
114,ails2_etaMax0.010_stoppingTime432000.00,801836.0,866.4506022949219
115,ails2_etaMax0.020_stoppingTime86400.00,801994.0,872.0696022949219
116,ails2_eoh_omega2,802781.0,895.5106022949219
117,filo2,813538.0,926.8412203788757
118,ails2_eoh_acc_large,802559.0,909.1026022949219
119,ails2_etaMax0.005_stoppingTime86400.00,802096.0,920.8026022949218
120,ails2_eoh_acc,802693.0,922.2796022949219
121,ails2_etaMax0.010_stoppingTime432000.00,801771.0,924.7296022949218
122,ails2_etaMax0.020_stoppingTime86400.00,801914.0,891.1456022949219
123,ails2_eoh_omega2,802681.0,978.3136022949219
124,filo2,813405.0,987.068644285202
125,ails2_eoh_acc,802677.0,984.8056022949219
126,ails2_etaMax0.005_stoppingTime86400.00,801961.0,984.9746022949219
127,ails2_eoh_acc_large,802527.0,974.6326022949219
128,ails2_etaMax0.010_stoppingTime432000.00,801658.0,987.8076022949218
129,ails2_etaMax0.020_stoppingTime86400.00,801761.0,977.8546022949218
130,ails2_eoh_omega2,802561.0,1042.5886022949219
131,filo2,813308.0,1047.4485173225403
132,ails2_etaMax0.005_stoppingTime86400.00,801922.0,1037.9576022949218
133,ails2_eoh_acc_large,802460.0,1043.7336022949219
134,ails2_eoh_acc,802548.0,1048.3596022949218
135,ails2_etaMax0.010_stoppingTime432000.00,801622.0,1042.1416022949218
136,ails2_etaMax0.020_stoppingTime86400.00,801704.0,1039.3586022949219
137,filo2,813015.0,1107.871514081955
138,ails2_eoh_omega2,802481.0,1075.3006022949219
139,ails2_eoh_acc,802446.0,1107.462602294922
140,ails2_eoh_acc_large,802446.0,1106.776602294922
141,ails2_etaMax0.005_stoppingTime86400.00,801842.0,1109.3436022949218
142,ails2_etaMax0.020_stoppingTime86400.00,801596.0,1115.826602294922
143,ails2_etaMax0.010_stoppingTime432000.00,801620.0,1145.8396022949219
144,filo2,812929.0,1168.7050530910492
145,ails2_eoh_omega2,802369.0,1162.826602294922
146,ails2_eoh_acc,802331.0,1167.6656022949219
147,ails2_etaMax0.005_stoppingTime86400.00,801778.0,1167.8496022949219
148,ails2_eoh_acc_large,802435.0,1161.865602294922
149,ails2_etaMax0.020_stoppingTime86400.00,801550.0,1165.7276022949218
150,ails2_etaMax0.010_stoppingTime432000.00,801505.0,1195.914602294922
151,ails2_eoh_omega2,802341.0,1219.3966022949219
152,ails2_eoh_acc_large,802376.0,1231.510602294922
153,ails2_eoh_acc,802240.0,1228.9256022949219
154,ails2_etaMax0.005_stoppingTime86400.00,801655.0,1230.210602294922
155,ails2_etaMax0.020_stoppingTime86400.00,801521.0,1219.703602294922
156,ails2_etaMax0.010_stoppingTime432000.00,801473.0,1267.172602294922
157,ails2_eoh_omega2,802238.0,1290.4296022949218
158,ails2_eoh_acc,802194.0,1272.5606022949219
159,ails2_eoh_acc_large,802337.0,1282.3316022949218
160,ails2_etaMax0.005_stoppingTime86400.00,801625.0,1292.3776022949219
161,ails2_etaMax0.020_stoppingTime86400.00,801515.0,1309.8876022949219
162,ails2_etaMax0.010_stoppingTime432000.00,801423.0,1313.1476022949219
163,ails2_eoh_omega2,802093.0,1350.978602294922
164,ails2_etaMax0.005_stoppingTime86400.00,801514.0,1348.2756022949218
165,ails2_eoh_acc_large,802291.0,1346.3216022949218
166,ails2_eoh_acc,802072.0,1352.193602294922
167,ails2_etaMax0.020_stoppingTime86400.00,801458.0,1365.924602294922
168,ails2_etaMax0.010_stoppingTime432000.00,801327.0,1388.251602294922
169,ails2_eoh_omega2,801974.0,1409.1986022949218
170,ails2_eoh_acc_large,802237.0,1410.845602294922
171,ails2_eoh_acc,802034.0,1411.3226022949218
172,ails2_etaMax0.005_stoppingTime86400.00,801482.0,1381.164602294922
173,ails2_etaMax0.020_stoppingTime86400.00,801352.0,1430.9186022949218
174,ails2_etaMax0.010_stoppingTime432000.00,801215.0,1424.462602294922
175,ails2_eoh_omega2,801877.0,1473.816602294922
176,ails2_eoh_acc_large,802225.0,1470.3236022949218
177,ails2_eoh_acc,802019.0,1466.7446022949218
178,ails2_etaMax0.005_stoppingTime86400.00,801443.0,1466.885602294922
179,ails2_etaMax0.020_stoppingTime86400.00,801228.0,1489.9386022949218
180,ails2_etaMax0.010_stoppingTime432000.00,801175.0,1482.8876022949219
181,ails2_eoh_omega2,801773.0,1534.8406022949218
182,ails2_etaMax0.005_stoppingTime86400.00,801438.0,1534.085602294922
183,ails2_eoh_acc_large,802153.0,1535.4866022949218
184,ails2_eoh_acc,801992.0,1525.834602294922
185,ails2_etaMax0.020_stoppingTime86400.00,801137.0,1550.470602294922
186,ails2_etaMax0.010_stoppingTime432000.00,801169.0,1544.462602294922
187,ails2_eoh_omega2,801728.0,1580.816602294922
188,ails2_eoh_acc,801956.0,1593.7236022949219
189,ails2_etaMax0.005_stoppingTime86400.00,801404.0,1588.700602294922
190,ails2_eoh_acc_large,802140.0,1594.895602294922
191,ails2_etaMax0.020_stoppingTime86400.00,801134.0,1638.2436022949219
192,ails2_etaMax0.010_stoppingTime432000.00,801168.0,1652.289602294922
193,ails2_etaMax1.000_stoppingTime1728000.00,810524.0,1656.546602294922
194,ails2_eoh_omega2,801715.0,1641.9586022949218
195,ails2_eoh_acc,801941.0,1658.3386022949219
196,ails2_etaMax0.005_stoppingTime86400.00,801364.0,1657.8596022949218
197,ails2_eoh_acc_large,802100.0,1658.2176022949218
198,ails2_etaMax0.020_stoppingTime86400.00,801078.0,1658.5886022949219
199,ails2_etaMax0.010_stoppingTime432000.00,801141.0,1696.077602294922
200,ails2_eoh_omega2,801669.0,1715.096602294922
201,ails2_etaMax0.005_stoppingTime86400.00,801352.0,1700.7636022949218
202,ails2_eoh_acc_large,802073.0,1712.5806022949218
203,ails2_eoh_acc,801913.0,1718.028602294922
204,ails2_etaMax0.020_stoppingTime86400.00,801074.0,1726.324602294922
205,ails2_etaMax0.010_stoppingTime432000.00,801099.0,1773.654602294922
206,ails2_eoh_omega2,801626.0,1778.3106022949219
207,ails2_etaMax0.005_stoppingTime86400.00,801315.0,1769.162602294922
208,ails2_eoh_acc,801884.0,1773.634602294922
209,ails2_eoh_acc_large,802072.0,1787.7726022949219
210,ails2_etaMax0.020_stoppingTime86400.00,801028.0,1770.8516022949218
211,ails2_etaMax0.010_stoppingTime432000.00,801084.0,1790.787602294922
212,ails2_eoh_omega2,801554.0,1833.3976022949219
213,ails2_etaMax0.005_stoppingTime86400.00,801300.0,1798.9846022949218
214,ails2_eoh_acc,801865.0,1839.3106022949219
215,ails2_eoh_acc_large,802066.0,1823.9976022949218
216,ails2_etaMax0.020_stoppingTime86400.00,800869.0,1874.8986022949218
217,ails2_eoh_omega2,801542.0,1848.075602294922
218,ails2_eoh_acc,801847.0,1901.972602294922
219,ails2_etaMax0.005_stoppingTime86400.00,801293.0,1895.6276022949219
220,ails2_eoh_acc_large,802050.0,1907.6786022949218
221,ails2_etaMax0.010_stoppingTime432000.00,801083.0,1925.346602294922
222,ails2_etaMax0.020_stoppingTime86400.00,800818.0,1918.680602294922
223,ails2_etaMax0.005_stoppingTime86400.00,801258.0,1921.3296022949219
224,ails2_eoh_acc,801825.0,1951.845602294922
225,ails2_eoh_acc_large,802039.0,1945.1896022949218
226,ails2_eoh_omega2,801538.0,1985.824602294922
227,ails2_etaMax0.010_stoppingTime432000.00,801058.0,1966.0456022949218
228,ails2_etaMax0.020_stoppingTime86400.00,800785.0,1997.530602294922
229,ails2_eoh_acc,801793.0,2011.480602294922
230,ails2_etaMax0.005_stoppingTime86400.00,801255.0,2006.086602294922
231,ails2_eoh_acc_large,801985.0,1995.0736022949218
232,ails2_etaMax0.010_stoppingTime432000.00,801012.0,2044.4836022949219
233,ails2_eoh_omega2,801507.0,2034.5236022949218
234,ails2_etaMax0.005_stoppingTime86400.00,801246.0,2083.516602294922
235,ails2_eoh_acc,801789.0,2051.8436022949218
236,ails2_eoh_acc_large,801984.0,2067.513602294922
237,ails2_etaMax1.000_stoppingTime1728000.00,810506.0,2105.773602294922
238,ails2_eoh_omega2,801492.0,2098.681602294922
239,ails2_etaMax0.010_stoppingTime432000.00,800999.0,2094.163602294922
240,ails2_etaMax0.005_stoppingTime86400.00,801235.0,2134.656602294922
241,ails2_eoh_acc,801773.0,2145.134602294922
242,ails2_eoh_acc_large,801952.0,2151.447602294922
243,ails2_etaMax1.000_stoppingTime1728000.00,810458.0,2105.849602294922
244,ails2_eoh_omega2,801443.0,2154.928602294922
245,ails2_etaMax0.010_stoppingTime432000.00,800998.0,2176.4346022949217
246,ails2_etaMax0.020_stoppingTime86400.00,800782.0,2177.675602294922
247,ails2_eoh_acc,801727.0,2205.458602294922
248,ails2_eoh_acc_large,801945.0,2200.658602294922
249,ails2_eoh_omega2,801380.0,2218.658602294922
250,ails2_etaMax0.010_stoppingTime432000.00,800986.0,2235.168602294922
251,ails2_etaMax0.020_stoppingTime86400.00,800754.0,2236.783602294922
252,ails2_etaMax0.005_stoppingTime86400.00,801233.0,2260.486602294922
253,ails2_eoh_acc_large,801893.0,2256.987602294922
254,ails2_etaMax0.010_stoppingTime432000.00,800969.0,2296.9016022949218
255,ails2_etaMax0.020_stoppingTime86400.00,800678.0,2295.286602294922
256,ails2_eoh_omega2,801378.0,2299.761602294922
257,ails2_etaMax0.005_stoppingTime86400.00,801231.0,2260.9796022949217
258,ails2_eoh_acc_large,801861.0,2320.817602294922
259,ails2_eoh_acc,801723.0,2343.7226022949217
260,ails2_etaMax0.010_stoppingTime432000.00,800963.0,2351.494602294922
261,ails2_eoh_omega2,801365.0,2356.9726022949217
262,ails2_etaMax0.020_stoppingTime86400.00,800677.0,2381.0936022949218
263,ails2_etaMax0.005_stoppingTime86400.00,801226.0,2373.386602294922
264,ails2_eoh_acc_large,801844.0,2388.101602294922
265,ails2_eoh_acc,801721.0,2393.917602294922
266,ails2_etaMax0.010_stoppingTime432000.00,800943.0,2382.610602294922
267,ails2_eoh_omega2,801332.0,2395.257602294922
268,ails2_etaMax0.020_stoppingTime86400.00,800671.0,2381.535602294922
269,ails2_etaMax0.005_stoppingTime86400.00,801224.0,2392.908602294922
270,ails2_eoh_acc_large,801815.0,2453.786602294922
271,ails2_eoh_omega2,801288.0,2478.7006022949217
272,ails2_eoh_acc,801715.0,2494.477602294922
273,ails2_etaMax0.020_stoppingTime86400.00,800580.0,2495.879602294922
274,ails2_etaMax0.005_stoppingTime86400.00,801221.0,2502.2986022949217
275,ails2_eoh_acc_large,801804.0,2510.574602294922
276,ails2_eoh_omega2,801251.0,2528.4996022949217
277,ails2_eoh_acc,801704.0,2513.154602294922
278,ails2_etaMax0.020_stoppingTime86400.00,800554.0,2527.616602294922
279,ails2_etaMax0.005_stoppingTime86400.00,801202.0,2542.281602294922
280,ails2_eoh_acc_large,801797.0,2579.3656022949217
281,ails2_eoh_omega2,801235.0,2579.815602294922
282,ails2_eoh_acc,801703.0,2564.169602294922
283,ails2_etaMax0.020_stoppingTime86400.00,800501.0,2618.618602294922
284,ails2_etaMax0.005_stoppingTime86400.00,801189.0,2567.672602294922
285,ails2_etaMax0.010_stoppingTime432000.00,800941.0,2636.514602294922
286,ails2_eoh_acc_large,801754.0,2625.366602294922
287,ails2_etaMax0.020_stoppingTime86400.00,800476.0,2681.589602294922
288,ails2_etaMax0.005_stoppingTime86400.00,801143.0,2679.996602294922
289,ails2_etaMax0.010_stoppingTime432000.00,800918.0,2681.698602294922
290,ails2_eoh_acc_large,801732.0,2700.5286022949217
291,ails2_etaMax0.020_stoppingTime86400.00,800431.0,2724.5266022949218
292,ails2_etaMax0.005_stoppingTime86400.00,801117.0,2747.810602294922
293,ails2_eoh_omega2,801232.0,2749.317602294922
294,ails2_etaMax0.010_stoppingTime432000.00,800914.0,2747.619602294922
295,ails2_eoh_acc_large,801719.0,2751.148602294922
296,ails2_etaMax1.000_stoppingTime86400.00,810054.0,2788.8366022949217
297,ails2_etaMax0.005_stoppingTime86400.00,801097.0,2756.3476022949217
298,ails2_eoh_omega2,801186.0,2765.754602294922
299,ails2_etaMax0.010_stoppingTime432000.00,800913.0,2811.025602294922
300,ails2_eoh_acc_large,801698.0,2821.986602294922
301,ails2_eoh_acc,801701.0,2842.381602294922
302,ails2_etaMax1.000_stoppingTime86400.00,810008.0,2790.419602294922
303,ails2_etaMax0.005_stoppingTime86400.00,801075.0,2839.232602294922
304,ails2_eoh_acc_large,801691.0,2863.541602294922
305,ails2_etaMax0.020_stoppingTime86400.00,800430.0,2919.2426022949217
306,ails2_eoh_acc_large,801685.0,2942.2426022949217
307,ails2_eoh_acc,801692.0,2952.6716022949217
308,ails2_etaMax0.005_stoppingTime86400.00,801073.0,2953.092602294922
309,ails2_etaMax0.020_stoppingTime86400.00,800413.0,2962.938602294922
310,ails2_etaMax0.010_stoppingTime432000.00,800912.0,2983.645602294922
311,ails2_eoh_omega2,801180.0,2984.627602294922
312,ails2_eoh_acc_large,801664.0,3004.576602294922
313,ails2_eoh_acc,801656.0,2988.5306022949217
314,ails2_etaMax0.005_stoppingTime86400.00,801022.0,2974.715602294922
315,ails2_etaMax0.020_stoppingTime86400.00,800354.0,2995.139602294922
316,ails2_etaMax0.010_stoppingTime432000.00,800905.0,2992.112602294922
317,ails2_eoh_omega2,801118.0,3041.594602294922
318,ails2_eoh_acc_large,801654.0,3019.875602294922
319,ails2_eoh_acc,801620.0,3061.602602294922
320,ails2_etaMax0.005_stoppingTime86400.00,800997.0,3065.7606022949217
321,ails2_etaMax1.000_stoppingTime86400.00,809795.0,3109.386602294922
322,ails2_eoh_acc_large,801653.0,3107.666602294922
323,ails2_eoh_acc,801591.0,3132.324602294922
324,ails2_etaMax0.005_stoppingTime86400.00,800978.0,3126.706602294922
325,ails2_etaMax1.000_stoppingTime86400.00,809785.0,3109.419602294922
326,ails2_eoh_acc_large,801641.0,3187.7496022949217
327,ails2_eoh_acc,801568.0,3191.181602294922
328,ails2_etaMax0.005_stoppingTime86400.00,800953.0,3180.065602294922
329,ails2_etaMax1.000_stoppingTime1728000.00,810367.0,3197.120602294922
330,ails2_eoh_omega2,801113.0,3222.224602294922
331,ails2_eoh_acc_large,801629.0,3247.665602294922
332,ails2_etaMax1.000_stoppingTime1728000.00,810165.0,3197.8456022949217
333,ails2_eoh_acc,801553.0,3280.0196022949217
334,ails2_eoh_omega2,801064.0,3261.7406022949217
335,ails2_eoh_acc_large,801597.0,3299.3146022949218
336,ails2_etaMax0.005_stoppingTime86400.00,800952.0,3313.186602294922
337,ails2_eoh_acc,801546.0,3308.2966022949217
338,ails2_eoh_omega2,801038.0,3340.174602294922
339,ails2_eoh_acc_large,801577.0,3371.879602294922
340,ails2_etaMax0.005_stoppingTime86400.00,800909.0,3364.243602294922
341,ails2_eoh_acc,801511.0,3400.6336022949217
342,ails2_eoh_omega2,801005.0,3401.505602294922
343,ails2_eoh_acc_large,801572.0,3385.4886022949217
344,ails2_etaMax0.005_stoppingTime86400.00,800861.0,3406.449602294922
345,ails2_eoh_acc,801498.0,3404.6046022949217
346,ails2_eoh_omega2,800975.0,3458.862602294922
347,ails2_etaMax0.020_stoppingTime86400.00,800351.0,3492.101602294922
348,ails2_eoh_acc_large,801551.0,3489.908602294922
349,ails2_etaMax0.005_stoppingTime86400.00,800852.0,3448.596602294922
350,ails2_eoh_acc,801451.0,3507.341602294922
351,ails2_eoh_omega2,800955.0,3525.857602294922
352,ails2_etaMax0.020_stoppingTime86400.00,800260.0,3518.620602294922
353,ails2_eoh_acc_large,801538.0,3527.131602294922
354,ails2_eoh_acc,801433.0,3583.393602294922
355,ails2_eoh_omega2,800936.0,3539.744602294922
356,ails2_etaMax0.005_stoppingTime86400.00,800850.0,3594.989602294922
357,ails2_eoh_omega2,800934.0,3658.945602294922
358,ails2_eoh_acc,800259.0,3672.071602294922
359,ails2_eoh_acc_large,800256.0,3675.589602294922
360,ails2_eoh_omega2,800930.0,3663.915602294922
361,ails2_eoh_acc,800131.0,3732.6136022949217
362,ails2_eoh_acc_large,800139.0,3735.7606022949217
363,ails2_etaMax0.010_stoppingTime432000.00,800893.0,3741.853602294922
364,ails2_eoh_acc,800089.0,3795.123602294922
365,ails2_eoh_acc_large,800058.0,3797.500602294922
366,ails2_etaMax0.010_stoppingTime432000.00,800871.0,3760.0646022949218
367,ails2_eoh_omega2,800927.0,3819.5286022949217
368,ails2_eoh_acc,800045.0,3856.524602294922
369,ails2_eoh_acc_large,799999.0,3850.759602294922
370,ails2_eoh_omega2,800901.0,3874.054602294922
371,ails2_eoh_acc,799988.0,3916.388602294922
372,ails2_eoh_acc_large,799997.0,3886.9596022949218
373,ails2_eoh_omega2,800855.0,3920.328602294922
374,ails2_eoh_acc,799953.0,3974.203602294922
375,ails2_eoh_acc_large,799985.0,3978.958602294922
376,ails2_eoh_omega2,800854.0,3952.319602294922
377,ails2_eoh_acc_large,799970.0,4014.647602294922
378,ails2_eoh_acc,799952.0,4045.6446022949217
379,ails2_etaMax0.010_stoppingTime432000.00,800870.0,4047.659602294922
380,ails2_eoh_omega2,800800.0,4039.023602294922
381,filo2,800213.0,4100.022084474564
382,ails2_eoh_acc_large,799943.0,4084.8456022949217
383,ails2_eoh_acc,799937.0,4100.743602294922
384,ails2_etaMax0.010_stoppingTime432000.00,800842.0,4091.2386022949217
385,filo2,800211.0,4160.246633052826
386,ails2_eoh_acc_large,799938.0,4149.131602294922
387,ails2_eoh_acc,799923.0,4145.316602294922
388,ails2_etaMax0.010_stoppingTime432000.00,800831.0,4160.442602294922
389,ails2_eoh_omega2,800794.0,4173.384602294922
390,ails2_eoh_acc,799915.0,4219.209602294922
391,ails2_etaMax0.010_stoppingTime432000.00,800825.0,4180.191602294922
392,ails2_eoh_omega2,800754.0,4205.503602294922
393,ails2_eoh_acc_large,799937.0,4240.979602294922
394,ails2_eoh_acc,799913.0,4252.345602294922
395,ails2_eoh_omega2,800724.0,4289.771602294922
396,ails2_eoh_acc_large,799924.0,4295.159602294922
397,ails2_eoh_acc,799909.0,4345.953602294921
398,ails2_eoh_acc_large,799916.0,4357.205602294922
399,ails2_etaMax1.000_stoppingTime86400.00,809728.0,4379.803602294922
400,ails2_eoh_acc,799885.0,4409.100602294922
401,ails2_eoh_acc_large,799907.0,4412.653602294922
402,ails2_etaMax1.000_stoppingTime86400.00,809471.0,4392.8156022949215
403,ails2_eoh_acc,799877.0,4463.557602294922
404,ails2_eoh_acc_large,799898.0,4454.658602294922
405,ails2_eoh_omega2,800690.0,4488.728602294922
406,ails2_eoh_acc,799874.0,4510.536602294922
407,ails2_eoh_acc_large,799893.0,4532.461602294922
408,ails2_eoh_omega2,800649.0,4513.444602294921
409,ails2_eoh_acc_large,799892.0,4600.727602294922
410,ails2_eoh_omega2,800648.0,4623.680602294922
411,ails2_eoh_acc,799872.0,4627.278602294922
412,ails2_eoh_omega2,800620.0,4654.186602294922
413,filo2,800209.0,4713.845751047134
414,ails2_eoh_acc_large,799890.0,4742.003602294922
415,ails2_eoh_omega2,800603.0,4731.791602294922
416,ails2_eoh_acc_large,799889.0,4767.625602294922
417,filo2,800208.0,4816.720327377319
418,ails2_eoh_omega2,800600.0,4846.459602294922
419,ails2_eoh_omega2,800546.0,4903.531602294922
420,ails2_etaMax1.000_stoppingTime432000.00,810190.0,4935.673602294922
421,ails2_etaMax1.000_stoppingTime86400.00,809466.0,4944.039602294922
422,ails2_eoh_acc,799871.0,4954.814602294922
423,ails2_eoh_omega2,800534.0,4962.916602294922
424,ails2_etaMax1.000_stoppingTime432000.00,809965.0,4937.223602294922
425,ails2_eoh_omega2,800530.0,4985.569602294921
426,ails2_etaMax0.005_stoppingTime86400.00,800259.0,5043.407602294922
427,ails2_etaMax1.000_stoppingTime86400.00,809444.0,5069.518602294922
428,ails2_etaMax0.005_stoppingTime86400.00,800244.0,5049.769602294922
429,ails2_etaMax1.000_stoppingTime86400.00,809184.0,5071.359602294922
430,ails2_eoh_omega2,800525.0,5140.707602294922
431,ails2_eoh_acc_large,799888.0,5154.185602294922
432,ails2_eoh_acc,799870.0,5164.692602294922
433,ails2_eoh_omega2,800517.0,5144.252602294922
434,ails2_eoh_acc_large,799882.0,5202.985602294922
435,ails2_eoh_acc,799869.0,5169.666602294922
436,ails2_etaMax0.005_stoppingTime86400.00,800242.0,5248.546602294922
437,ails2_etaMax1.000_stoppingTime1728000.00,810161.0,5271.451602294922
438,ails2_etaMax0.005_stoppingTime86400.00,800230.0,5268.900602294922
439,ails2_eoh_acc,799868.0,5310.138602294922
440,ails2_eoh_acc_large,799876.0,5313.226602294922
441,ails2_etaMax1.000_stoppingTime1728000.00,810052.0,5272.018602294922
442,ails2_etaMax0.005_stoppingTime86400.00,800225.0,5318.060602294922
443,ails2_eoh_acc_large,799860.0,5371.772602294922
444,ails2_eoh_omega2,800514.0,5429.106602294922
445,ails2_etaMax0.005_stoppingTime86400.00,800217.0,5410.5076022949215
446,ails2_etaMax0.005_stoppingTime86400.00,800206.0,5472.366602294922
447,ails2_eoh_acc,799866.0,5508.892602294922
448,ails2_etaMax0.010_stoppingTime432000.00,800818.0,5533.462602294921
449,ails2_eoh_omega2,800512.0,5543.915602294922
450,ails2_etaMax0.005_stoppingTime86400.00,800193.0,5546.445602294922
451,ails2_etaMax0.010_stoppingTime432000.00,800807.0,5566.039602294922
452,ails2_eoh_omega2,800501.0,5603.923602294922
453,ails2_etaMax0.005_stoppingTime86400.00,800174.0,5613.777602294922
454,ails2_eoh_acc_large,799857.0,5660.321602294922
455,ails2_eoh_omega2,800500.0,5608.6726022949215
456,ails2_etaMax0.005_stoppingTime86400.00,800151.0,5635.682602294922
457,ails2_eoh_acc_large,799856.0,5706.5476022949215
458,ails2_eoh_acc_large,799854.0,5765.954602294922
459,ails2_eoh_acc_large,799841.0,5824.732602294922
460,ails2_eoh_acc,799865.0,5860.988602294922
461,ails2_etaMax0.010_stoppingTime432000.00,800804.0,5894.539602294922
462,ails2_eoh_acc,799864.0,5900.166602294922
463,ails2_etaMax0.005_stoppingTime86400.00,800140.0,5923.8736022949215
464,ails2_etaMax1.000_stoppingTime864000.00,810117.0,5946.912602294922
465,ails2_etaMax0.010_stoppingTime432000.00,800802.0,5895.441602294922
466,ails2_etaMax0.005_stoppingTime86400.00,800126.0,5925.319602294921
467,ails2_etaMax1.000_stoppingTime864000.00,809997.0,5952.541602294922
468,ails2_eoh_acc_large,799838.0,6009.012602294922
469,ails2_eoh_acc_large,799837.0,6098.618602294922
470,ails2_etaMax1.000_stoppingTime86400.00,809113.0,6140.555602294922
471,ails2_eoh_acc_large,799835.0,6115.625602294922
472,ails2_etaMax0.005_stoppingTime86400.00,800125.0,6163.145602294921
473,ails2_etaMax1.000_stoppingTime86400.00,808970.0,6151.795602294922
474,ails2_eoh_acc_large,799834.0,6184.374602294922
475,ails2_etaMax0.005_stoppingTime86400.00,800112.0,6214.562602294922
476,ails2_eoh_acc_large,799833.0,6239.427602294922
477,ails2_etaMax0.005_stoppingTime86400.00,800077.0,6274.854602294922
478,ails2_etaMax0.010_stoppingTime432000.00,800800.0,6293.525602294922
479,ails2_eoh_acc_large,799821.0,6305.049602294922
480,ails2_etaMax0.005_stoppingTime86400.00,800064.0,6302.830602294922
481,ails2_etaMax1.000_stoppingTime1728000.00,809967.0,6402.848602294922
482,ails2_etaMax0.010_stoppingTime432000.00,800796.0,6412.865602294922
483,ails2_etaMax1.000_stoppingTime86400.00,808935.0,6436.726602294922
484,ails2_etaMax1.000_stoppingTime1728000.00,809966.0,6402.912602294922
485,ails2_etaMax0.010_stoppingTime432000.00,800760.0,6446.838602294922
486,ails2_etaMax1.000_stoppingTime86400.00,808479.0,6436.833602294922
487,ails2_etaMax0.010_stoppingTime432000.00,800751.0,6500.227602294922
488,ails2_etaMax0.005_stoppingTime86400.00,800063.0,6692.156602294922
489,ails2_eoh_omega2,800498.0,6725.580602294922
490,ails2_etaMax0.005_stoppingTime86400.00,800039.0,6713.711602294922
491,ails2_eoh_omega2,800440.0,6758.508602294922
492,ails2_eoh_acc,799857.0,6789.314602294922
493,ails2_etaMax0.005_stoppingTime86400.00,800038.0,6843.184602294922
494,ails2_eoh_acc,799853.0,6800.860602294922
495,ails2_etaMax0.005_stoppingTime86400.00,800010.0,6856.198602294922
496,ails2_eoh_acc,799847.0,6905.226602294922
497,ails2_eoh_omega2,800438.0,6945.644602294922
498,ails2_etaMax0.005_stoppingTime86400.00,800002.0,6932.024602294922
499,ails2_eoh_omega2,800423.0,6950.434602294922
500,ails2_etaMax0.005_stoppingTime86400.00,799969.0,7024.557602294922
501,ails2_etaMax0.005_stoppingTime86400.00,799965.0,7127.972602294922
502,ails2_etaMax0.010_stoppingTime432000.00,800750.0,7162.888602294922
503,ails2_eoh_acc,799846.0,7167.399602294922
504,ails2_etaMax0.005_stoppingTime86400.00,799964.0,7128.368602294922
505,ails2_etaMax0.010_stoppingTime432000.00,800722.0,7172.967602294922
506,ails2_eoh_omega2,800422.0,7382.686602294922
507,ails2_eoh_omega2,800421.0,7383.040602294922
508,ails2_eoh_omega2,800419.0,7562.369602294922
509,ails2_eoh_omega2,800408.0,7566.414602294922
510,ails2_eoh_acc_large,799820.0,7698.470602294922
511,ails2_eoh_omega2,800407.0,7753.478602294922
512,ails2_eoh_omega2,800390.0,7782.6816022949215
513,HGS-TV,799816.0,7859.452103376389
514,ails2_eoh_acc_large,799818.0,7918.180602294922
515,ails2_etaMax0.010_stoppingTime432000.00,800721.0,8036.027602294922
516,ails2_eoh_acc_large,799816.0,8073.282602294922
517,ails2_etaMax1.000_stoppingTime86400.00,808447.0,8077.612602294922
518,ails2_etaMax0.010_stoppingTime432000.00,800720.0,8124.4406022949215
519,ails2_etaMax0.010_stoppingTime432000.00,800704.0,8184.2796022949215
520,ails2_eoh_omega2,800389.0,8205.892602294922
521,ails2_etaMax0.010_stoppingTime432000.00,800698.0,8201.265602294921
522,ails2_etaMax1.000_stoppingTime864000.00,809991.0,8267.359602294922
523,ails2_etaMax0.010_stoppingTime432000.00,800697.0,8246.934602294921
524,ails2_eoh_omega2,800380.0,8412.805602294922
525,ails2_eoh_omega2,800312.0,8462.233602294922
526,ails2_eoh_omega2,800299.0,8502.787602294922
527,ails2_eoh_omega2,800279.0,8566.184602294921
528,ails2_etaMax0.010_stoppingTime432000.00,800696.0,8749.315602294922
529,ails2_etaMax0.010_stoppingTime432000.00,800668.0,8808.409602294922
530,ails2_etaMax0.010_stoppingTime432000.00,800645.0,8817.104602294921
531,ails2_eoh_omega2,800275.0,8910.396602294923
532,ails2_eoh_acc_large,799814.0,8928.991602294922
533,ails2_etaMax0.010_stoppingTime432000.00,800642.0,8913.454602294922
534,ails2_eoh_omega2,800272.0,8968.098602294922
535,ails2_eoh_acc_large,799806.0,8933.664602294923
536,ails2_etaMax0.010_stoppingTime432000.00,800625.0,8978.837602294921
537,ails2_etaMax0.010_stoppingTime432000.00,800622.0,9116.579602294922
538,ails2_etaMax0.010_stoppingTime432000.00,800616.0,9157.155602294923
539,ails2_etaMax0.010_stoppingTime432000.00,800614.0,9251.629602294923
540,ails2_etaMax0.010_stoppingTime432000.00,800613.0,9251.962602294921
541,ails2_etaMax1.000_stoppingTime86400.00,808446.0,9442.066602294923
542,ails2_etaMax0.010_stoppingTime432000.00,800612.0,9446.376602294922
543,ails2_etaMax1.000_stoppingTime86400.00,808269.0,9445.297602294922
544,ails2_etaMax0.010_stoppingTime432000.00,800601.0,9474.198602294922
545,ails2_eoh_omega2,800270.0,9537.700602294923
546,ails2_eoh_omega2,800258.0,9581.208602294922
547,ails2_etaMax0.010_stoppingTime432000.00,800600.0,9608.560602294921
548,ails2_eoh_omega2,800250.0,9605.373602294922
549,ails2_etaMax0.010_stoppingTime432000.00,800562.0,9660.128602294923
550,ails2_eoh_omega2,800245.0,9719.626602294922
551,ails2_eoh_omega2,800244.0,9721.271602294923
552,ails2_etaMax0.010_stoppingTime432000.00,800561.0,9834.970602294921
553,ails2_eoh_omega2,800231.0,9817.281602294923
554,ails2_etaMax0.010_stoppingTime432000.00,800552.0,9894.081602294922
555,ails2_eoh_omega2,800223.0,9901.993602294922
556,ails2_etaMax0.010_stoppingTime432000.00,800541.0,9933.975602294922
557,ails2_eoh_omega2,800219.0,9912.363602294921
558,HGS-TV,799815.0,10011.091055631638
559,ails2_eoh_acc_large,799799.0,10014.053602294922
560,ails2_etaMax0.010_stoppingTime432000.00,800540.0,10009.506602294921
561,ails2_etaMax0.010_stoppingTime432000.00,800539.0,10144.765602294921
562,ails2_eoh_acc_large,799798.0,10151.956602294922
563,ails2_etaMax0.010_stoppingTime432000.00,800527.0,10199.523602294921
564,ails2_eoh_omega2,800218.0,10219.899602294921
565,ails2_eoh_omega2,800194.0,10243.839602294922
566,ails2_eoh_omega2,800193.0,10514.118602294922
567,ails2_eoh_omega2,800186.0,10567.175602294921
568,ails2_eoh_omega2,800161.0,10611.219602294921
569,ails2_etaMax0.010_stoppingTime432000.00,800524.0,10694.708602294922
570,ails2_etaMax0.010_stoppingTime432000.00,800522.0,10696.825602294923
571,ails2_etaMax0.010_stoppingTime432000.00,800503.0,10763.822602294922
572,ails2_eoh_omega2,800157.0,10829.656602294923
573,ails2_eoh_acc_large,799797.0,10835.540602294921
574,ails2_etaMax0.010_stoppingTime432000.00,800491.0,10848.932602294923
575,ails2_eoh_omega2,800151.0,10840.087602294921
576,ails2_eoh_acc_large,799788.0,10865.025602294922
577,ails2_etaMax0.010_stoppingTime432000.00,800489.0,10914.643602294922
578,ails2_eoh_acc_large,799787.0,11140.032602294921
579,ails2_etaMax1.000_stoppingTime432000.00,809878.0,11159.352602294923
580,ails2_etaMax1.000_stoppingTime86400.00,808245.0,11184.951602294921
581,ails2_eoh_omega2,800149.0,11190.081602294922
582,ails2_etaMax1.000_stoppingTime86400.00,808060.0,11185.052602294922
583,ails2_etaMax0.010_stoppingTime432000.00,800486.0,11247.811602294922
584,ails2_etaMax0.010_stoppingTime432000.00,800484.0,11248.331602294922
585,ails2_eoh_omega2,800148.0,11359.337602294921
586,ails2_etaMax0.010_stoppingTime432000.00,800430.0,11368.637602294923
587,ails2_eoh_omega2,800143.0,11360.043602294922
588,ails2_etaMax1.000_stoppingTime86400.00,807954.0,11538.417602294921
589,ails2_eoh_omega2,800141.0,11796.811602294922
590,ails2_etaMax0.010_stoppingTime432000.00,800429.0,11801.573602294922
591,ails2_eoh_omega2,800132.0,11842.731602294922
592,ails2_etaMax0.010_stoppingTime432000.00,800422.0,11803.496602294921
593,ails2_etaMax0.010_stoppingTime432000.00,800421.0,12354.037602294922
594,ails2_etaMax0.010_stoppingTime432000.00,800396.0,12394.507602294922
595,ails2_etaMax0.010_stoppingTime432000.00,800378.0,12437.252602294922
596,ails2_eoh_omega2,800128.0,12479.574602294922
597,ails2_eoh_omega2,800112.0,12484.790602294921
598,ails2_etaMax0.010_stoppingTime432000.00,800377.0,12724.455602294922
599,ails2_etaMax1.000_stoppingTime86400.00,807943.0,12753.828602294921
600,ails2_etaMax1.000_stoppingTime864000.00,809946.0,12953.678602294922
601,ails2_etaMax1.000_stoppingTime86400.00,807926.0,12980.108602294922
602,ails2_etaMax1.000_stoppingTime864000.00,809909.0,12953.865602294922
603,ails2_etaMax1.000_stoppingTime432000.00,809859.0,13035.852602294923
604,ails2_etaMax1.000_stoppingTime86400.00,807801.0,12981.398602294921
605,ails2_etaMax1.000_stoppingTime432000.00,809777.0,13037.288602294922
606,ails2_etaMax0.010_stoppingTime432000.00,800376.0,13249.384602294922
607,ails2_etaMax0.010_stoppingTime432000.00,800359.0,13254.159602294922
608,ails2_etaMax1.000_stoppingTime864000.00,809894.0,13376.362602294921
609,ails2_etaMax1.000_stoppingTime432000.00,809741.0,13378.000602294922
610,ails2_eoh_omega2,800110.0,13392.825602294923
611,ails2_etaMax1.000_stoppingTime864000.00,809778.0,13378.376602294922
612,ails2_etaMax1.000_stoppingTime432000.00,809274.0,13378.672602294922
613,ails2_etaMax1.000_stoppingTime86400.00,807785.0,13442.154602294922
614,ails2_eoh_omega2,800107.0,13399.458602294922
615,ails2_eoh_omega2,800106.0,13681.734602294922
616,ails2_etaMax1.000_stoppingTime86400.00,807706.0,13691.259602294922
617,ails2_eoh_omega2,800097.0,13733.580602294922
618,ails2_etaMax1.000_stoppingTime86400.00,807509.0,13692.467602294922
619,ails2_etaMax0.010_stoppingTime432000.00,800358.0,13815.413602294922
620,ails2_etaMax0.010_stoppingTime432000.00,800353.0,13821.702602294921
621,ails2_eoh_omega2,800094.0,13920.199602294922
622,ails2_etaMax0.010_stoppingTime432000.00,800350.0,13974.993602294922
623,ails2_eoh_omega2,800076.0,13926.403602294922
624,ails2_etaMax0.010_stoppingTime432000.00,800331.0,13981.760602294922
625,ails2_etaMax0.020_stoppingTime86400.00,799796.0,14050.553602294922
626,ails2_eoh_omega2,800070.0,14058.309602294921
627,ails2_etaMax0.020_stoppingTime86400.00,799764.0,14067.137602294923
628,ails2_etaMax0.020_stoppingTime86400.00,799741.0,14147.873602294922
629,ails2_etaMax0.020_stoppingTime86400.00,799737.0,14238.451602294921
630,ails2_etaMax0.020_stoppingTime86400.00,799669.0,14292.707602294922
631,ails2_etaMax1.000_stoppingTime864000.00,809618.0,14597.616602294922
632,ails2_eoh_omega2,800067.0,14622.093602294923
633,ails2_etaMax1.000_stoppingTime864000.00,809462.0,14597.913602294922
634,ails2_eoh_omega2,800063.0,14623.012602294923
635,ails2_etaMax0.010_stoppingTime432000.00,800327.0,14876.653602294922
636,filo2,799631.0,14882.945255041122
637,ails2_etaMax1.000_stoppingTime86400.00,807396.0,14927.018602294922
638,ails2_etaMax0.010_stoppingTime432000.00,800318.0,14890.733602294922
639,filo2,799628.0,14943.433849334717
640,ails2_etaMax1.000_stoppingTime86400.00,807389.0,14927.236602294923
641,filo2,799618.0,15003.620505094528
642,ails2_etaMax0.010_stoppingTime432000.00,800315.0,15078.522602294923
643,ails2_etaMax0.010_stoppingTime432000.00,800303.0,15081.548602294923
644,ails2_etaMax1.000_stoppingTime86400.00,807378.0,15394.416602294921
645,ails2_etaMax0.010_stoppingTime432000.00,800293.0,15446.453602294921
646,ails2_etaMax1.000_stoppingTime86400.00,806777.0,15427.167602294921
647,ails2_eoh_acc_large,799664.0,15473.094602294921
648,ails2_etaMax0.010_stoppingTime432000.00,800290.0,15472.538602294922
649,ails2_eoh_acc_large,799634.0,15520.251602294922
650,ails2_eoh_acc_large,799618.0,15553.283602294921
651,ails2_eoh_acc_large,799614.0,15655.822602294922
652,ails2_eoh_acc_large,799613.0,15764.653602294922
653,ails2_eoh_acc_large,799604.0,15801.306602294922
654,ails2_eoh_acc_large,799596.0,15872.135602294922
655,ails2_eoh_acc_large,799587.0,15925.939602294922
656,ails2_eoh_acc_large,799585.0,15980.216602294922
657,ails2_eoh_omega2,800060.0,16022.016602294922
658,ails2_etaMax1.000_stoppingTime86400.00,806752.0,16049.337602294921
659,ails2_eoh_acc_large,799578.0,16043.763602294923
660,ails2_eoh_omega2,800026.0,16080.079602294922
661,ails2_etaMax1.000_stoppingTime86400.00,806515.0,16056.405602294923
662,ails2_eoh_acc_large,799575.0,16139.581602294922
663,ails2_eoh_omega2,800017.0,16092.901602294922
664,ails2_etaMax1.000_stoppingTime86400.00,806510.0,16112.194602294921
665,ails2_eoh_acc_large,799572.0,16191.048602294923
666,ails2_eoh_omega2,799998.0,16191.602602294923
667,ails2_eoh_acc_large,799570.0,16230.483602294922
668,ails2_eoh_omega2,799996.0,16230.692602294921
669,ails2_eoh_acc_large,799564.0,16295.407602294921
670,ails2_eoh_omega2,799977.0,16289.188602294922
671,ails2_eoh_acc_large,799562.0,16484.889602294923
672,ails2_eoh_acc_large,799561.0,16614.70160229492
673,ails2_eoh_acc_large,799553.0,17116.07560229492
674,ails2_eoh_acc_large,799526.0,17167.081602294922
675,ails2_eoh_acc_large,799521.0,17215.95160229492
676,ails2_eoh_acc_large,799517.0,17248.41460229492
677,ails2_eoh_acc_large,799516.0,17455.54160229492
678,ails2_eoh_acc_large,799514.0,17482.081602294922
679,ails2_etaMax1.000_stoppingTime432000.00,809239.0,17574.64560229492
680,ails2_eoh_acc_large,799513.0,17584.92960229492
681,ails2_etaMax1.000_stoppingTime432000.00,809230.0,17574.68460229492
682,ails2_eoh_acc_large,799508.0,17634.350602294922
683,ails2_etaMax0.010_stoppingTime432000.00,800286.0,17946.351602294922
684,ails2_etaMax0.010_stoppingTime432000.00,800269.0,18004.480602294923
685,ails2_etaMax0.010_stoppingTime432000.00,800255.0,18064.62760229492
686,ails2_etaMax0.010_stoppingTime432000.00,800237.0,18116.61360229492
687,ails2_eoh_acc_large,799500.0,18202.84460229492
688,ails2_eoh_acc_large,799494.0,18213.174602294923
689,ails2_etaMax1.000_stoppingTime86400.00,806507.0,18309.016602294923
690,ails2_etaMax0.010_stoppingTime432000.00,800236.0,18321.390602294923
691,ails2_eoh_acc_large,799490.0,18401.56160229492
692,ails2_etaMax1.000_stoppingTime432000.00,809164.0,18442.00860229492
693,ails2_etaMax0.010_stoppingTime432000.00,800230.0,18453.57360229492
694,ails2_eoh_acc_large,799462.0,18452.09260229492
695,ails2_etaMax1.000_stoppingTime432000.00,809065.0,18449.335602294923
696,ails2_etaMax0.010_stoppingTime432000.00,800222.0,18465.660602294924
697,ails2_eoh_acc_large,799461.0,18569.11560229492
698,ails2_etaMax0.010_stoppingTime432000.00,800215.0,18516.463602294923
699,ails2_etaMax1.000_stoppingTime86400.00,806504.0,18585.09560229492
700,ails2_eoh_acc_large,799460.0,18609.330602294922
701,ails2_etaMax1.000_stoppingTime86400.00,805991.0,18630.53760229492
702,ails2_etaMax0.010_stoppingTime432000.00,800214.0,18650.674602294923
703,ails2_eoh_acc_large,799459.0,18775.656602294923
704,ails2_etaMax0.010_stoppingTime432000.00,800213.0,18779.98960229492
705,ails2_etaMax0.010_stoppingTime432000.00,800202.0,18820.25460229492
706,ails2_eoh_omega2,799975.0,18926.88160229492
707,ails2_eoh_omega2,799974.0,18926.925602294923
708,ails2_eoh_acc_large,799456.0,19012.606602294924
709,ails2_eoh_omega2,799968.0,19045.18060229492
710,ails2_etaMax0.010_stoppingTime432000.00,800199.0,19097.265602294923
711,ails2_eoh_omega2,799967.0,19121.568602294923
712,ails2_etaMax0.010_stoppingTime432000.00,800194.0,19097.761602294922
713,ails2_eoh_omega2,799966.0,19174.48960229492
714,ails2_etaMax0.010_stoppingTime432000.00,800193.0,19262.155602294923
715,ails2_etaMax0.010_stoppingTime432000.00,800179.0,19272.261602294922
716,ails2_eoh_acc_large,799454.0,19341.728602294923
717,ails2_eoh_omega2,799965.0,19395.280602294923
718,ails2_eoh_acc_large,799448.0,19408.55560229492
719,ails2_eoh_omega2,799953.0,19421.43460229492
720,ails2_eoh_acc_large,799435.0,19452.977602294923
721,ails2_etaMax0.010_stoppingTime432000.00,800178.0,19490.332602294922
722,ails2_eoh_acc_large,799432.0,19536.68260229492
723,ails2_etaMax0.010_stoppingTime432000.00,800175.0,19532.10960229492
724,ails2_etaMax1.000_stoppingTime86400.00,805981.0,19624.455602294922
725,ails2_etaMax1.000_stoppingTime86400.00,805836.0,19627.922602294922
726,ails2_eoh_acc_large,799427.0,19823.53860229492
727,ails2_etaMax0.010_stoppingTime432000.00,800137.0,19824.170602294922
728,ails2_etaMax0.010_stoppingTime432000.00,800102.0,19868.866602294922
729,ails2_eoh_acc_large,799424.0,19997.39360229492
730,HGS-TV,799476.0,20274.041793107986
731,ails2_eoh_acc_large,799421.0,20311.088602294923
732,ails2_eoh_acc_large,799420.0,20342.141602294923
733,ails2_eoh_acc_large,799418.0,20377.30860229492
734,ails2_etaMax0.010_stoppingTime432000.00,800099.0,20462.140602294923
735,ails2_etaMax1.000_stoppingTime86400.00,805815.0,20514.86160229492
736,ails2_etaMax0.010_stoppingTime432000.00,800078.0,20506.05560229492
737,ails2_etaMax1.000_stoppingTime86400.00,805742.0,20522.25460229492
738,ails2_etaMax0.010_stoppingTime432000.00,800069.0,20553.767602294924
739,ails2_etaMax0.010_stoppingTime432000.00,800052.0,20599.30660229492
740,ails2_etaMax0.010_stoppingTime432000.00,800051.0,20850.44960229492
741,ails2_etaMax1.000_stoppingTime86400.00,805692.0,20856.66260229492
742,ails2_etaMax0.010_stoppingTime432000.00,800041.0,20873.029602294922
743,ails2_etaMax1.000_stoppingTime86400.00,805420.0,20868.779602294922
744,ails2_etaMax1.000_stoppingTime86400.00,805397.0,20980.51860229492
745,ails2_etaMax1.000_stoppingTime86400.00,805228.0,20983.464602294924
746,ails2_eoh_acc_large,799410.0,21213.29160229492
747,ails2_etaMax0.010_stoppingTime432000.00,800034.0,21271.64360229492
748,ails2_eoh_acc_large,799409.0,21244.65160229492
749,ails2_etaMax0.010_stoppingTime432000.00,800022.0,21276.02160229492
750,ails2_eoh_acc_large,799407.0,21302.370602294923
751,ails2_etaMax1.000_stoppingTime86400.00,805227.0,21367.029602294922
752,ails2_etaMax0.010_stoppingTime432000.00,800021.0,21378.86460229492
753,ails2_etaMax1.000_stoppingTime86400.00,805052.0,21371.479602294923
754,ails2_etaMax0.010_stoppingTime432000.00,800015.0,21396.50260229492
755,ails2_eoh_omega2,799949.0,21503.66760229492
756,ails2_eoh_omega2,799922.0,21547.013602294923
757,ails2_etaMax0.010_stoppingTime432000.00,800014.0,21589.051602294923
758,ails2_etaMax1.000_stoppingTime432000.00,809062.0,21604.711602294923
759,ails2_eoh_acc_large,799398.0,21613.196602294924
760,ails2_eoh_omega2,799921.0,21639.300602294923
761,ails2_etaMax0.010_stoppingTime432000.00,800008.0,21593.474602294922
762,ails2_eoh_omega2,799909.0,21654.22060229492
763,ails2_eoh_acc_large,799397.0,21706.36260229492
764,ails2_etaMax0.010_stoppingTime432000.00,799989.0,21710.13260229492
765,ails2_eoh_omega2,799897.0,21718.016602294923
766,ails2_eoh_acc_large,799383.0,21732.03960229492
767,ails2_etaMax0.010_stoppingTime432000.00,799970.0,21767.43460229492
768,ails2_etaMax0.010_stoppingTime432000.00,799964.0,21778.52260229492
769,ails2_eoh_omega2,799896.0,21874.09360229492
770,ails2_eoh_omega2,799882.0,21894.028602294922
771,ails2_etaMax0.010_stoppingTime432000.00,799962.0,21970.06160229492
772,ails2_eoh_acc_large,799379.0,21991.32360229492
773,ails2_etaMax0.010_stoppingTime432000.00,799958.0,21975.205602294922
774,ails2_eoh_acc_large,799377.0,22000.102602294923
775,ails2_etaMax1.000_stoppingTime86400.00,805028.0,22181.284602294923
776,ails2_eoh_acc_large,799376.0,22199.302602294923
777,ails2_etaMax1.000_stoppingTime86400.00,805001.0,22183.16460229492
778,ails2_eoh_acc_large,799374.0,22441.43460229492
779,ails2_etaMax1.000_stoppingTime432000.00,809030.0,22485.392602294924
780,HGS-TV,799371.0,22492.611957788467
781,ails2_etaMax1.000_stoppingTime432000.00,809007.0,22485.421602294922
782,ails2_etaMax1.000_stoppingTime432000.00,808946.0,22624.263602294923
783,ails2_etaMax1.000_stoppingTime432000.00,808771.0,22624.710602294923
784,ails2_etaMax1.000_stoppingTime86400.00,804993.0,22806.493602294922
785,ails2_etaMax1.000_stoppingTime86400.00,804968.0,22806.52360229492
786,ails2_etaMax0.010_stoppingTime432000.00,799957.0,22942.605602294923
787,ails2_etaMax1.000_stoppingTime86400.00,804922.0,23002.617602294922
788,ails2_etaMax0.010_stoppingTime432000.00,799935.0,22959.87560229492
789,ails2_etaMax1.000_stoppingTime86400.00,804426.0,23023.456602294922
790,ails2_eoh_omega2,799880.0,23252.208602294922
791,ails2_etaMax1.000_stoppingTime1728000.00,809921.0,23468.121602294923
792,ails2_etaMax1.000_stoppingTime1728000.00,809776.0,23468.21660229492
793,ails2_eoh_omega2,799877.0,24365.051602294923
794,ails2_eoh_omega2,799867.0,24421.499602294924
795,ails2_etaMax0.010_stoppingTime432000.00,799932.0,25458.851602294922
796,ails2_etaMax0.010_stoppingTime432000.00,799929.0,25458.94860229492
797,ails2_etaMax0.010_stoppingTime432000.00,799928.0,25711.87660229492
798,ails2_etaMax0.010_stoppingTime432000.00,799900.0,25739.568602294923
799,ails2_etaMax1.000_stoppingTime86400.00,804415.0,26301.603602294923
800,ails2_etaMax1.000_stoppingTime86400.00,804405.0,26582.009602294922
801,ails2_eoh_omega2,799866.0,26600.25460229492
802,ails2_etaMax1.000_stoppingTime86400.00,804243.0,26631.92960229492
803,ails2_eoh_omega2,799862.0,26604.41960229492
804,ails2_etaMax0.010_stoppingTime432000.00,799899.0,26698.59260229492
805,ails2_etaMax1.000_stoppingTime86400.00,804196.0,26646.177602294923
806,ails2_etaMax0.010_stoppingTime432000.00,799898.0,26711.605602294923
807,ails2_etaMax1.000_stoppingTime86400.00,804173.0,27649.84160229492
808,ails2_etaMax1.000_stoppingTime86400.00,804040.0,27653.09060229492
809,ails2_etaMax1.000_stoppingTime86400.00,804004.0,27767.404602294922
810,ails2_etaMax1.000_stoppingTime86400.00,803990.0,27943.91960229492
811,ails2_etaMax1.000_stoppingTime86400.00,803805.0,27946.01860229492
812,ails2_etaMax0.010_stoppingTime432000.00,799895.0,28034.93160229492
813,ails2_etaMax0.010_stoppingTime432000.00,799881.0,28036.390602294923
814,ails2_etaMax1.000_stoppingTime86400.00,803803.0,28442.70460229492
815,ails2_etaMax1.000_stoppingTime86400.00,803646.0,28449.049602294923
816,ails2_etaMax1.000_stoppingTime86400.00,803378.0,28555.29460229492
817,ails2_etaMax1.000_stoppingTime1728000.00,809725.0,28568.009602294922
818,ails2_etaMax1.000_stoppingTime86400.00,803332.0,28581.641602294923
819,ails2_etaMax1.000_stoppingTime1728000.00,809719.0,28568.06160229492
820,ails2_etaMax0.010_stoppingTime432000.00,799879.0,28872.34060229492
821,ails2_etaMax0.010_stoppingTime432000.00,799873.0,28875.122602294923
822,ails2_eoh_omega2,799859.0,28942.320602294923
823,ails2_eoh_omega2,799841.0,28954.888602294923
824,ails2_etaMax0.010_stoppingTime432000.00,799871.0,29388.497602294923
825,ails2_etaMax1.000_stoppingTime432000.00,808743.0,29750.103602294923
826,ails2_etaMax1.000_stoppingTime432000.00,808678.0,29750.445602294923
827,ails2_etaMax1.000_stoppingTime1728000.00,809551.0,30130.09060229492
828,ails2_etaMax0.010_stoppingTime432000.00,799868.0,30402.746602294923
829,ails2_eoh_omega2,799839.0,30734.516602294923
830,ails2_eoh_acc,799365.0,30771.123602294923
831,ails2_eoh_omega2,799836.0,30739.850602294922
832,ails2_eoh_omega2,799812.0,30810.673602294923
833,ails2_eoh_acc,799356.0,30878.582602294922
834,ails2_etaMax0.010_stoppingTime432000.00,799866.0,31011.546602294922
835,ails2_etaMax0.010_stoppingTime432000.00,799820.0,31069.440602294922
836,ails2_eoh_acc,799355.0,31094.50560229492
837,ails2_eoh_acc,799353.0,31179.85860229492
838,ails2_eoh_omega2,799811.0,31183.567602294923
839,ails2_etaMax0.010_stoppingTime432000.00,799815.0,31187.763602294923
840,ails2_eoh_omega2,799807.0,31186.124602294924
841,ails2_etaMax0.010_stoppingTime432000.00,799813.0,31233.14760229492
842,ails2_eoh_acc,799344.0,31288.767602294924
843,ails2_eoh_omega2,799806.0,31307.71860229492
844,ails2_etaMax0.010_stoppingTime432000.00,799796.0,31285.39560229492
845,ails2_eoh_acc,799325.0,31344.535602294924
846,ails2_eoh_omega2,799800.0,31325.09760229492
847,ails2_eoh_acc,799320.0,31365.552602294923
848,ails2_eoh_acc,799315.0,31526.746602294923
849,ails2_eoh_acc,799311.0,31583.530602294923
850,ails2_eoh_acc,799286.0,31647.390602294923
851,ails2_eoh_acc,799285.0,31649.798602294923
852,ails2_eoh_acc,799282.0,31793.854602294923
853,ails2_eoh_acc,799276.0,31822.803602294924
854,ails2_etaMax1.000_stoppingTime86400.00,803306.0,32299.34160229492
855,ails2_eoh_omega2,799797.0,32341.386602294922
856,ails2_etaMax1.000_stoppingTime86400.00,803253.0,32302.23760229492
857,ails2_eoh_omega2,799791.0,32400.516602294923
858,ails2_eoh_acc,799266.0,33003.38060229492
859,ails2_etaMax1.000_stoppingTime86400.00,803249.0,33220.449602294924
860,ails2_etaMax1.000_stoppingTime86400.00,803098.0,33253.269602294924
861,ails2_eoh_acc,799260.0,33319.66060229492
862,ails2_eoh_acc,799259.0,33355.074602294924
863,ails2_eoh_acc,799257.0,33648.58160229492
864,ails2_eoh_acc,799255.0,33649.82160229492
865,ails2_etaMax1.000_stoppingTime864000.00,809436.0,33847.81660229492
866,ails2_etaMax1.000_stoppingTime864000.00,809106.0,33848.002602294924
867,ails2_eoh_acc,799253.0,33911.54960229492
868,ails2_eoh_omega2,799789.0,33968.847602294925
869,ails2_eoh_omega2,799787.0,34045.52860229492
870,ails2_eoh_acc,799252.0,34172.86160229492
871,ails2_etaMax0.010_stoppingTime432000.00,799794.0,34218.85360229492
872,ails2_eoh_acc,799251.0,34203.44560229492
873,ails2_etaMax0.010_stoppingTime432000.00,799784.0,34223.186602294925
874,ails2_eoh_omega2,799786.0,34302.633602294925
875,ails2_eoh_omega2,799764.0,34357.30160229492
876,ails2_eoh_acc,799249.0,34375.53560229492
877,ails2_eoh_acc,799247.0,34385.06760229492
878,ails2_etaMax1.000_stoppingTime86400.00,803073.0,35233.44260229492
879,ails2_etaMax1.000_stoppingTime86400.00,802812.0,35276.13260229492
880,ails2_etaMax1.000_stoppingTime86400.00,802764.0,35324.93360229492
881,ails2_eoh_acc,799246.0,35481.56360229492
882,ails2_eoh_omega2,799757.0,35498.682602294924
883,ails2_eoh_omega2,799747.0,35517.30360229492
884,ails2_eoh_acc,799244.0,36318.35660229492
885,ails2_etaMax0.010_stoppingTime432000.00,799778.0,36359.67460229492
886,ails2_eoh_acc,799231.0,36378.84460229492
887,ails2_etaMax0.010_stoppingTime432000.00,799763.0,36392.19060229492
888,ails2_eoh_acc,799217.0,36406.65760229492
889,ails2_etaMax0.010_stoppingTime432000.00,799759.0,36572.824602294924
890,ails2_etaMax0.010_stoppingTime432000.00,799753.0,36576.66060229492
891,ails2_etaMax0.010_stoppingTime432000.00,799752.0,36788.31760229492
892,ails2_etaMax0.010_stoppingTime432000.00,799726.0,36839.05260229492
893,ails2_etaMax1.000_stoppingTime432000.00,808411.0,37040.42760229492
894,ails2_etaMax1.000_stoppingTime86400.00,802754.0,37230.544602294925
895,ails2_etaMax1.000_stoppingTime86400.00,802376.0,37281.52660229492
896,ails2_etaMax0.010_stoppingTime432000.00,799722.0,37450.46360229492
897,ails2_eoh_acc,799215.0,37507.03260229492
898,ails2_etaMax0.010_stoppingTime432000.00,799717.0,37450.595602294925
899,ails2_eoh_acc,799213.0,37512.77060229492
900,ails2_etaMax1.000_stoppingTime86400.00,802370.0,37649.28360229492
901,ails2_etaMax1.000_stoppingTime86400.00,802294.0,37652.34960229492
902,ails2_eoh_omega2,799746.0,37710.51460229492
903,ails2_etaMax0.010_stoppingTime432000.00,799716.0,37770.80060229492
904,ails2_etaMax1.000_stoppingTime86400.00,802271.0,37880.33460229492
905,ails2_etaMax1.000_stoppingTime86400.00,802194.0,37884.559602294925
906,ails2_etaMax0.010_stoppingTime432000.00,799712.0,38335.936602294925
907,ails2_eoh_acc,799212.0,38368.148602294925
908,ails2_etaMax0.010_stoppingTime432000.00,799698.0,38350.49560229492
909,ails2_eoh_omega2,799744.0,38486.58260229492
910,ails2_eoh_omega2,799736.0,38490.74260229492
911,ails2_etaMax0.010_stoppingTime432000.00,799696.0,38820.93860229492
912,ails2_etaMax0.010_stoppingTime432000.00,799692.0,38825.735602294924
913,ails2_eoh_omega2,799735.0,38914.061602294925
914,ails2_eoh_omega2,799724.0,38918.84660229492
915,ails2_etaMax1.000_stoppingTime86400.00,802190.0,39370.65260229492
916,ails2_etaMax1.000_stoppingTime86400.00,802129.0,39379.24960229492
917,ails2_etaMax1.000_stoppingTime86400.00,802125.0,39523.860602294924
918,ails2_etaMax1.000_stoppingTime86400.00,802065.0,39531.76360229492
919,ails2_eoh_omega2,799720.0,40327.69560229492
920,ails2_eoh_omega2,799711.0,40334.881602294925
921,ails2_etaMax1.000_stoppingTime864000.00,809065.0,40431.81760229492
922,ails2_eoh_omega2,799710.0,40526.81460229492
923,ails2_etaMax1.000_stoppingTime86400.00,802061.0,40561.10660229492
924,ails2_eoh_omega2,799709.0,40591.864602294925
925,ails2_etaMax1.000_stoppingTime86400.00,801991.0,40605.83860229492
926,ails2_eoh_omega2,799706.0,40676.595602294925
927,ails2_etaMax1.000_stoppingTime86400.00,801940.0,40650.07760229492
928,ails2_eoh_omega2,799699.0,40685.98060229492
929,ails2_etaMax1.000_stoppingTime86400.00,801905.0,40710.072602294924
930,ails2_etaMax1.000_stoppingTime86400.00,801884.0,40966.46160229492
931,ails2_etaMax0.010_stoppingTime432000.00,799691.0,40992.73460229492
932,ails2_etaMax1.000_stoppingTime86400.00,801626.0,41008.42960229492
933,ails2_etaMax0.010_stoppingTime432000.00,799680.0,41000.042602294925
934,ails2_etaMax1.000_stoppingTime86400.00,801624.0,41216.61760229492
935,ails2_etaMax1.000_stoppingTime86400.00,801558.0,41218.03360229492
936,ails2_etaMax1.000_stoppingTime86400.00,801556.0,41462.92660229492
937,ails2_etaMax1.000_stoppingTime86400.00,801523.0,41463.03760229492
938,ails2_etaMax1.000_stoppingTime86400.00,801372.0,41556.597602294925
939,ails2_etaMax1.000_stoppingTime86400.00,801365.0,41635.24260229492
940,ails2_etaMax1.000_stoppingTime86400.00,801086.0,41704.27660229492
941,ails2_etaMax1.000_stoppingTime86400.00,801068.0,43103.10560229492
942,ails2_etaMax1.000_stoppingTime86400.00,800913.0,43121.127602294924
943,ails2_etaMax1.000_stoppingTime432000.00,808381.0,43217.578602294925
944,ails2_etaMax1.000_stoppingTime432000.00,808294.0,43217.67160229492
945,ails2_etaMax1.000_stoppingTime86400.00,800885.0,43882.42660229492
946,ails2_etaMax1.000_stoppingTime86400.00,800786.0,43884.65660229492
947,ails2_etaMax1.000_stoppingTime1728000.00,809467.0,45013.71160229492
948,ails2_etaMax1.000_stoppingTime1728000.00,809456.0,45013.74160229492
949,ails2_eoh_omega2,799698.0,45085.824602294924
950,ails2_eoh_omega2,799689.0,45115.46260229492
951,ails2_etaMax1.000_stoppingTime432000.00,808278.0,45180.076602294925
952,ails2_eoh_omega2,799680.0,45174.99460229492
953,HGS-TV,799210.0,45208.11817860603
954,ails2_etaMax1.000_stoppingTime432000.00,808172.0,45190.705602294925
955,ails2_eoh_omega2,799676.0,45283.021602294924
956,ails2_eoh_omega2,799659.0,45300.05860229492
957,ails2_eoh_omega2,799658.0,45352.839602294924
958,ails2_eoh_omega2,799603.0,45461.56060229492
959,ails2_eoh_omega2,799602.0,45546.74260229492
960,ails2_eoh_omega2,799587.0,45580.60260229492
961,ails2_eoh_omega2,799582.0,45738.90760229492
962,ails2_etaMax1.000_stoppingTime86400.00,800782.0,45746.46960229492
963,ails2_eoh_omega2,799581.0,45739.92360229492
964,ails2_etaMax1.000_stoppingTime86400.00,800564.0,45774.85760229492
965,ails2_etaMax1.000_stoppingTime86400.00,800556.0,46713.502602294924
966,ails2_eoh_acc,799209.0,46743.06560229492
967,ails2_etaMax1.000_stoppingTime86400.00,800471.0,46732.468602294924
968,ails2_etaMax0.010_stoppingTime432000.00,799677.0,46791.50160229492
969,ails2_eoh_acc,799207.0,46743.94460229492
970,ails2_etaMax0.010_stoppingTime432000.00,799670.0,46792.88460229492
971,ails2_etaMax0.010_stoppingTime432000.00,799665.0,46857.894602294924
972,ails2_etaMax1.000_stoppingTime86400.00,800468.0,47059.36760229492
973,ails2_etaMax1.000_stoppingTime86400.00,800454.0,47073.87860229492
974,ails2_eoh_acc,799206.0,47123.71960229492
975,ails2_etaMax1.000_stoppingTime86400.00,800434.0,47158.987602294925
976,ails2_etaMax1.000_stoppingTime864000.00,809005.0,47346.56560229492
977,ails2_etaMax1.000_stoppingTime86400.00,800431.0,47375.311602294925
978,ails2_etaMax1.000_stoppingTime864000.00,808485.0,47346.786602294924
979,ails2_etaMax1.000_stoppingTime86400.00,800381.0,47385.08360229492
980,ails2_etaMax1.000_stoppingTime86400.00,800372.0,47702.697602294924
981,ails2_etaMax1.000_stoppingTime86400.00,800253.0,47747.06460229492
982,ails2_etaMax0.010_stoppingTime432000.00,799661.0,47866.040602294925
983,ails2_etaMax0.010_stoppingTime432000.00,799653.0,47870.08260229492
984,ails2_etaMax1.000_stoppingTime86400.00,800246.0,48033.74960229492
985,ails2_eoh_omega2,799579.0,48057.25560229492
986,ails2_etaMax1.000_stoppingTime86400.00,800233.0,48034.33160229492
987,ails2_eoh_omega2,799573.0,48058.90160229492
988,ails2_eoh_acc,799205.0,48432.06360229492
989,ails2_etaMax1.000_stoppingTime86400.00,800212.0,48850.04860229492
990,ails2_etaMax1.000_stoppingTime86400.00,800165.0,48891.608602294924
991,ails2_etaMax1.000_stoppingTime86400.00,800161.0,49023.875602294924
992,ails2_etaMax1.000_stoppingTime86400.00,800146.0,49024.042602294925
993,ails2_eoh_omega2,799572.0,49086.18360229492
994,ails2_eoh_omega2,799563.0,49091.24160229492
995,ails2_eoh_omega2,799552.0,49196.36560229492
996,ails2_etaMax1.000_stoppingTime86400.00,800141.0,49270.186602294925
997,ails2_etaMax1.000_stoppingTime86400.00,800123.0,49275.83760229492
998,ails2_etaMax0.010_stoppingTime432000.00,799652.0,49371.790602294925
999,ails2_etaMax0.010_stoppingTime432000.00,799651.0,49459.79860229492
1000,ails2_etaMax1.000_stoppingTime86400.00,800097.0,49486.52260229492
1001,ails2_etaMax0.010_stoppingTime432000.00,799647.0,49464.13760229492
1002,ails2_etaMax1.000_stoppingTime86400.00,800065.0,49514.60160229492
1003,ails2_eoh_omega2,799547.0,49936.413602294924
1004,ails2_eoh_omega2,799536.0,49955.35460229492
1005,ails2_etaMax0.010_stoppingTime432000.00,799645.0,50633.85260229492
1006,ails2_etaMax0.010_stoppingTime432000.00,799636.0,50634.830602294925
1007,ails2_eoh_omega2,799535.0,51186.432602294924
1008,ails2_etaMax1.000_stoppingTime86400.00,800061.0,51267.99160229492
1009,ails2_etaMax1.000_stoppingTime86400.00,799941.0,51279.86560229492
1010,ails2_etaMax1.000_stoppingTime86400.00,799926.0,51598.93760229492
1011,ails2_etaMax1.000_stoppingTime86400.00,799892.0,51599.714602294924
1012,ails2_etaMax1.000_stoppingTime432000.00,808170.0,51727.06660229492
1013,ails2_etaMax1.000_stoppingTime432000.00,807838.0,51774.90860229492
1014,ails2_etaMax1.000_stoppingTime86400.00,799891.0,52029.01860229492
1015,ails2_etaMax1.000_stoppingTime86400.00,799836.0,52033.37660229492
1016,ails2_etaMax1.000_stoppingTime86400.00,799820.0,52338.91460229492
1017,ails2_etaMax1.000_stoppingTime86400.00,799743.0,52363.98160229492
1018,ails2_etaMax1.000_stoppingTime1728000.00,809373.0,53283.29860229492
1019,ails2_etaMax1.000_stoppingTime1728000.00,809358.0,53284.05660229492
1020,ails2_etaMax1.000_stoppingTime86400.00,799737.0,54134.05460229492
1021,ails2_etaMax1.000_stoppingTime86400.00,799686.0,54154.79960229492
1022,ails2_etaMax1.000_stoppingTime86400.00,799633.0,54232.16460229492
1023,ails2_etaMax1.000_stoppingTime86400.00,799625.0,54268.83760229492
1024,ails2_etaMax1.000_stoppingTime86400.00,799604.0,54450.79560229492
1025,ails2_etaMax1.000_stoppingTime86400.00,799492.0,54468.089602294924
1026,ails2_etaMax1.000_stoppingTime86400.00,799486.0,54747.52760229492
1027,ails2_etaMax1.000_stoppingTime86400.00,799399.0,54773.222602294925
1028,ails2_etaMax1.000_stoppingTime86400.00,799394.0,54867.449602294924
1029,ails2_etaMax1.000_stoppingTime86400.00,799390.0,54871.21260229492
1030,ails2_etaMax1.000_stoppingTime432000.00,807796.0,55558.29560229492
1031,ails2_etaMax1.000_stoppingTime1728000.00,809196.0,55758.29160229492
1032,ails2_eoh_omega2,799534.0,56585.74460229492
1033,ails2_eoh_omega2,799530.0,56634.40760229492
1034,ails2_eoh_omega2,799527.0,57252.85660229492
1035,ails2_eoh_omega2,799526.0,57255.286602294924
1036,ails2_etaMax1.000_stoppingTime432000.00,807725.0,57475.28460229492
1037,ails2_etaMax1.000_stoppingTime432000.00,807629.0,57475.38760229492
1038,ails2_etaMax1.000_stoppingTime432000.00,807619.0,57772.73860229492
1039,ails2_eoh_omega2,799525.0,58228.11160229492
1040,ails2_etaMax1.000_stoppingTime86400.00,799389.0,58259.595602294925
1041,ails2_eoh_omega2,799519.0,58264.84060229492
1042,ails2_etaMax1.000_stoppingTime86400.00,799357.0,58294.00160229492
1043,ails2_eoh_omega2,799515.0,58292.92860229492
1044,ails2_etaMax1.000_stoppingTime86400.00,799355.0,58402.31060229492
1045,ails2_eoh_omega2,799495.0,58407.13560229492
1046,ails2_etaMax1.000_stoppingTime86400.00,799348.0,58402.542602294925
1047,ails2_etaMax1.000_stoppingTime86400.00,799344.0,58483.78260229492
1048,ails2_eoh_acc,799204.0,58576.239602294925
1049,ails2_etaMax1.000_stoppingTime86400.00,799324.0,58566.99160229492
1050,ails2_eoh_acc,799203.0,58634.34460229492
1051,ails2_etaMax1.000_stoppingTime86400.00,799220.0,58639.74560229492
1052,ails2_eoh_acc,799199.0,58680.684602294925
1053,ails2_etaMax1.000_stoppingTime86400.00,799214.0,58753.70460229492
1054,ails2_etaMax1.000_stoppingTime86400.00,799173.0,58803.858602294924
1055,ails2_eoh_omega2,799493.0,58884.97660229492
1056,ails2_eoh_acc,799192.0,58899.95960229492
1057,ails2_eoh_omega2,799487.0,58896.94560229492
1058,ails2_eoh_omega2,799469.0,59001.89060229492
1059,ails2_eoh_omega2,799468.0,59104.311602294925
1060,ails2_etaMax1.000_stoppingTime86400.00,799172.0,59148.39760229492
1061,ails2_eoh_omega2,799454.0,59125.57360229492
1062,ails2_etaMax1.000_stoppingTime86400.00,799137.0,59161.71360229492
1063,ails2_etaMax0.010_stoppingTime432000.00,799634.0,59367.84260229492
1064,ails2_etaMax0.010_stoppingTime432000.00,799630.0,59368.76860229492
1065,ails2_etaMax0.010_stoppingTime432000.00,799629.0,59825.08660229492
1066,ails2_etaMax1.000_stoppingTime86400.00,799134.0,59852.06460229492
1067,ails2_etaMax0.010_stoppingTime432000.00,799616.0,59831.98160229492
1068,ails2_etaMax1.000_stoppingTime86400.00,799129.0,59855.93160229492
1069,ails2_etaMax0.010_stoppingTime432000.00,799609.0,59939.32160229492
1070,ails2_etaMax1.000_stoppingTime86400.00,799128.0,59987.775602294925
1071,ails2_etaMax1.000_stoppingTime86400.00,799111.0,59989.03460229492
1072,ails2_etaMax0.010_stoppingTime432000.00,799606.0,60477.133602294925
1073,ails2_etaMax0.010_stoppingTime432000.00,799605.0,60766.472602294925
1074,ails2_etaMax0.010_stoppingTime432000.00,799587.0,60794.04960229492
1075,HGS-TV,799204.0,60901.23937010765
1076,ails2_etaMax1.000_stoppingTime86400.00,799104.0,61228.472602294925
1077,ails2_etaMax1.000_stoppingTime86400.00,799089.0,61265.57760229492
1078,ails2_etaMax1.000_stoppingTime86400.00,799086.0,61431.61360229492
1079,ails2_etaMax1.000_stoppingTime432000.00,807515.0,61455.30260229492
1080,ails2_etaMax1.000_stoppingTime86400.00,799049.0,61463.37160229492
1081,ails2_etaMax1.000_stoppingTime432000.00,807338.0,61455.432602294924
1082,ails2_etaMax1.000_stoppingTime86400.00,799033.0,61540.30360229492
1083,ails2_etaMax1.000_stoppingTime86400.00,799031.0,61649.10560229492
1084,ails2_etaMax1.000_stoppingTime86400.00,799023.0,61652.985602294924
1085,filo2,799067.0,61732.15112757683
1086,ails2_etaMax1.000_stoppingTime86400.00,798975.0,61758.91460229492
1087,filo2,799054.0,61792.19194293022
1088,filo2,799050.0,61852.24658322334
1089,filo2,799045.0,61912.33524656296
1090,ails2_eoh_acc,799103.0,61952.66060229492
1091,ails2_etaMax1.000_stoppingTime86400.00,798966.0,61963.42960229492
1092,ails2_eoh_acc,799097.0,62000.58360229492
1093,ails2_eoh_acc,799079.0,62074.75360229492
1094,filo2,799043.0,62094.73048424721
1095,ails2_eoh_acc,799078.0,62087.256602294925
1096,filo2,799038.0,62183.88921928406
1097,ails2_eoh_acc,799075.0,62197.18760229492
1098,filo2,799037.0,62244.783059835434
1099,ails2_eoh_acc,799064.0,62243.50960229492
1100,ails2_eoh_acc,799063.0,62270.50160229492
1101,filo2,799036.0,62336.99660897255
1102,ails2_eoh_acc,799046.0,62347.809602294925
1103,ails2_eoh_acc,799045.0,62455.19260229492
1104,ails2_eoh_acc,799043.0,62506.201602294925
1105,ails2_eoh_omega2,799453.0,62534.061602294925
1106,ails2_eoh_acc,799042.0,62577.52460229492
1107,ails2_eoh_acc,799041.0,62654.59060229492
1108,ails2_eoh_acc,799039.0,62705.11360229492
1109,ails2_eoh_acc,799038.0,62719.01860229492
1110,ails2_eoh_acc,799037.0,62852.911602294924
1111,ails2_etaMax0.010_stoppingTime432000.00,799584.0,62864.80360229492
1112,ails2_etaMax0.010_stoppingTime432000.00,799582.0,62865.125602294924
1113,ails2_eoh_acc,799036.0,63046.002602294924
1114,ails2_eoh_acc,799034.0,63213.004602294925
1115,ails2_eoh_acc,799029.0,63457.88060229492
1116,ails2_eoh_acc,799025.0,63505.24160229492
1117,ails2_etaMax1.000_stoppingTime432000.00,807315.0,63970.78960229492
1118,ails2_etaMax1.000_stoppingTime432000.00,807207.0,63971.040602294925
1119,ails2_etaMax1.000_stoppingTime86400.00,798965.0,64168.11360229492
1120,ails2_eoh_acc,799024.0,64219.99960229492
1121,ails2_etaMax1.000_stoppingTime86400.00,798963.0,64168.807602294924
1122,ails2_etaMax1.000_stoppingTime86400.00,798903.0,64289.51660229492
1123,ails2_etaMax1.000_stoppingTime86400.00,798858.0,64297.97760229492
1124,ails2_etaMax1.000_stoppingTime86400.00,798857.0,64401.66860229492
1125,ails2_etaMax1.000_stoppingTime432000.00,807152.0,64478.35560229492
1126,ails2_etaMax1.000_stoppingTime86400.00,798852.0,64493.67960229492
1127,ails2_etaMax1.000_stoppingTime432000.00,806873.0,64481.464602294924
1128,ails2_etaMax1.000_stoppingTime86400.00,798817.0,64534.67260229492
1129,HGS-TV,798966.0,64742.30160832405
1130,ails2_etaMax0.010_stoppingTime432000.00,799580.0,64757.41460229492
1131,ails2_etaMax0.010_stoppingTime432000.00,799570.0,64813.67160229492
1132,ails2_etaMax0.010_stoppingTime432000.00,799569.0,65236.28060229492
1133,ails2_etaMax0.010_stoppingTime432000.00,799560.0,65245.69660229492
1134,ails2_etaMax1.000_stoppingTime86400.00,798816.0,65341.898602294925
1135,ails2_etaMax1.000_stoppingTime86400.00,798814.0,65342.381602294925
1136,HGS-TV,798779.0,66133.33656287193
1137,ails2_etaMax1.000_stoppingTime86400.00,798810.0,66137.99860229492
1138,ails2_etaMax1.000_stoppingTime86400.00,798758.0,66191.02460229493
1139,ails2_etaMax1.000_stoppingTime86400.00,798752.0,66342.39360229492
1140,ails2_etaMax1.000_stoppingTime86400.00,798750.0,66342.88260229492
1141,ails2_etaMax1.000_stoppingTime86400.00,798749.0,66573.95560229493
1142,ails2_etaMax1.000_stoppingTime86400.00,798725.0,66583.62160229492
1143,ails2_etaMax1.000_stoppingTime86400.00,798711.0,66642.64460229492
1144,HGS-TV,798775.0,66927.03798913956
1145,ails2_etaMax1.000_stoppingTime864000.00,808458.0,66944.43260229492
1146,ails2_etaMax0.010_stoppingTime432000.00,799558.0,67070.23460229492
1147,ails2_etaMax0.010_stoppingTime432000.00,799555.0,67072.27860229491
1148,HGS-TV,798772.0,67503.70457935333
1149,ails2_etaMax1.000_stoppingTime86400.00,798707.0,67665.06760229492
1150,ails2_etaMax0.010_stoppingTime432000.00,799554.0,67668.37960229492
1151,ails2_etaMax1.000_stoppingTime86400.00,798674.0,67676.86660229492
1152,ails2_etaMax0.010_stoppingTime432000.00,799541.0,67672.95760229492
1153,ails2_etaMax1.000_stoppingTime86400.00,798656.0,67782.61660229492
1154,HGS-TV,798771.0,68239.85276031494
1155,ails2_etaMax1.000_stoppingTime86400.00,798654.0,68306.29760229492
1156,HGS-TV,798768.0,68329.91765928268
1157,ails2_etaMax1.000_stoppingTime86400.00,798650.0,68323.14160229493
1158,HGS-TV,798767.0,68389.96023821831
1159,ails2_etaMax0.010_stoppingTime432000.00,799539.0,68508.04460229492
1160,ails2_etaMax0.010_stoppingTime432000.00,799531.0,68568.45660229491
1161,ails2_etaMax0.010_stoppingTime432000.00,799528.0,68591.78160229493
1162,ails2_etaMax0.010_stoppingTime432000.00,799527.0,68756.12160229492
1163,filo2,798635.0,68841.42113113403
1164,ails2_etaMax1.000_stoppingTime86400.00,798649.0,68916.78660229492
1165,ails2_etaMax1.000_stoppingTime86400.00,798643.0,68916.92760229492
1166,ails2_etaMax1.000_stoppingTime86400.00,798642.0,69100.94660229492
1167,ails2_etaMax1.000_stoppingTime86400.00,798641.0,69102.03360229492
1168,ails2_etaMax1.000_stoppingTime86400.00,798638.0,69179.43060229492
1169,HGS-TV,798622.0,69455.93845891953
1170,ails2_etaMax1.000_stoppingTime86400.00,798637.0,69533.38160229492
1171,ails2_etaMax1.000_stoppingTime86400.00,798614.0,69592.85860229492
1172,ails2_etaMax1.000_stoppingTime864000.00,808455.0,69690.42160229493
1173,ails2_etaMax1.000_stoppingTime432000.00,806871.0,69703.37260229493
1174,ails2_etaMax1.000_stoppingTime864000.00,808411.0,69690.59260229493
1175,ails2_etaMax1.000_stoppingTime432000.00,806568.0,69704.95760229492
1176,ails2_etaMax1.000_stoppingTime86400.00,798613.0,69856.70960229493
1177,ails2_etaMax1.000_stoppingTime86400.00,798611.0,69932.66160229492
1178,ails2_etaMax1.000_stoppingTime86400.00,798595.0,69945.85860229492
1179,HGS-TV,798621.0,70615.43927669525
1180,ails2_eoh_omega2,799452.0,70643.11460229493
1181,ails2_eoh_omega2,799443.0,70703.33860229493
1182,ails2_eoh_omega2,799439.0,71070.87560229492
1183,ails2_eoh_omega2,799436.0,71071.04760229492
1184,ails2_eoh_omega2,799435.0,71300.37060229492
1185,ails2_etaMax1.000_stoppingTime86400.00,798594.0,71300.49960229492
1186,ails2_etaMax1.000_stoppingTime86400.00,798589.0,71300.64260229492
1187,ails2_eoh_omega2,799433.0,71301.09660229493
1188,filo2,798577.0,72530.13768482208
1189,ails2_etaMax1.000_stoppingTime86400.00,798588.0,72960.17560229493
1190,ails2_etaMax1.000_stoppingTime86400.00,798586.0,73339.37660229493
1191,ails2_etaMax1.000_stoppingTime86400.00,798584.0,73390.66960229492
1192,ails2_etaMax1.000_stoppingTime86400.00,798581.0,74077.00760229492
1193,ails2_etaMax1.000_stoppingTime86400.00,798580.0,74077.45060229492
1194,ails2_etaMax1.000_stoppingTime86400.00,798558.0,74187.89460229492
1195,ails2_etaMax1.000_stoppingTime86400.00,798557.0,74268.00360229492
1196,ails2_etaMax1.000_stoppingTime86400.00,798556.0,74390.70960229493
1197,ails2_etaMax1.000_stoppingTime86400.00,798547.0,74398.70560229493
1198,ails2_etaMax1.000_stoppingTime86400.00,798544.0,74872.57660229492
1199,ails2_etaMax1.000_stoppingTime86400.00,798543.0,74874.83660229492
1200,ails2_etaMax1.000_stoppingTime86400.00,798542.0,75491.22660229492
1201,ails2_etaMax1.000_stoppingTime86400.00,798540.0,75599.32660229492
1202,ails2_etaMax1.000_stoppingTime86400.00,798537.0,75623.87660229493
1203,ails2_etaMax1.000_stoppingTime86400.00,798535.0,75853.66660229492
1204,ails2_etaMax1.000_stoppingTime86400.00,798518.0,75857.35060229492
1205,ails2_etaMax1.000_stoppingTime432000.00,806566.0,77053.38360229493
1206,ails2_etaMax1.000_stoppingTime432000.00,806365.0,77054.00060229492
1207,ails2_etaMax1.000_stoppingTime86400.00,798517.0,77264.83360229492
1208,ails2_etaMax1.000_stoppingTime864000.00,808377.0,77348.27560229492
1209,ails2_etaMax1.000_stoppingTime86400.00,798514.0,77494.95360229492
1210,ails2_etaMax1.000_stoppingTime86400.00,798510.0,77506.50760229492
1211,ails2_etaMax1.000_stoppingTime1728000.00,809177.0,77803.52560229492
1212,ails2_etaMax1.000_stoppingTime1728000.00,808996.0,77808.26060229492
1213,HGS-TV,798501.0,77928.99023628235
1214,ails2_etaMax1.000_stoppingTime86400.00,798509.0,78557.31760229492
1215,ails2_etaMax1.000_stoppingTime86400.00,798504.0,78557.76860229492
1216,ails2_etaMax1.000_stoppingTime86400.00,798498.0,78670.76160229492
1217,ails2_etaMax1.000_stoppingTime86400.00,798495.0,78683.05860229493
1218,ails2_etaMax1.000_stoppingTime86400.00,798494.0,78857.61160229493
1219,ails2_etaMax1.000_stoppingTime86400.00,798492.0,78938.04560229492
1220,ails2_etaMax1.000_stoppingTime86400.00,798489.0,78939.17360229492
1221,filo2,798478.0,79790.0467505455
1222,ails2_etaMax1.000_stoppingTime86400.00,798487.0,80059.41060229493
1223,ails2_etaMax1.000_stoppingTime86400.00,798486.0,80059.96360229493
1224,ails2_etaMax1.000_stoppingTime432000.00,806328.0,82566.75160229493
1225,ails2_etaMax1.000_stoppingTime432000.00,806191.0,82570.30260229492
1226,ails2_etaMax1.000_stoppingTime86400.00,798484.0,83015.65660229493
1227,ails2_etaMax1.000_stoppingTime86400.00,798483.0,83015.79460229492
1228,ails2_etaMax1.000_stoppingTime864000.00,808348.0,83147.46060229492
1229,ails2_etaMax1.000_stoppingTime864000.00,807833.0,83151.93960229492
1230,ails2_etaMax1.000_stoppingTime86400.00,798482.0,83247.93360229493
1231,ails2_etaMax1.000_stoppingTime86400.00,798478.0,83249.15260229493
1232,ails2_etaMax1.000_stoppingTime432000.00,806149.0,84398.43260229492
1233,HGS-TV,798466.0,85528.651845932
1234,ails2_etaMax1.000_stoppingTime432000.00,806142.0,87109.54160229492
1235,ails2_eoh_omega2,799430.0,87182.72660229492
1236,ails2_eoh_omega2,799429.0,87267.06760229492
1237,ails2_etaMax0.010_stoppingTime432000.00,799526.0,87811.01360229492
1238,ails2_etaMax0.010_stoppingTime432000.00,799524.0,87822.55060229493
1239,ails2_eoh_omega2,799426.0,88002.05760229492
1240,ails2_etaMax0.010_stoppingTime432000.00,799523.0,88424.26960229492
1241,ails2_etaMax0.010_stoppingTime432000.00,799517.0,88424.37560229492
1242,HGS-TV,798461.0,88786.25674414635
1243,ails2_etaMax1.000_stoppingTime432000.00,806133.0,89564.08060229493
1244,ails2_etaMax1.000_stoppingTime432000.00,806077.0,89564.58460229493
1245,ails2_etaMax1.000_stoppingTime432000.00,806060.0,89914.93160229492
1246,ails2_etaMax1.000_stoppingTime432000.00,805734.0,89917.84060229492
1247,ails2_etaMax0.010_stoppingTime432000.00,799514.0,90181.15560229492
1248,ails2_etaMax0.010_stoppingTime432000.00,799511.0,90181.20660229491
1249,ails2_eoh_omega2,799425.0,90277.56760229492
1250,ails2_etaMax1.000_stoppingTime1728000.00,808977.0,90295.21460229492
1251,ails2_eoh_omega2,799418.0,90317.66760229493
1252,ails2_etaMax1.000_stoppingTime864000.00,807827.0,90396.62460229492
1253,ails2_etaMax1.000_stoppingTime864000.00,807721.0,90398.80260229492
1254,ails2_etaMax0.010_stoppingTime432000.00,799509.0,90583.29060229492
1255,ails2_etaMax0.010_stoppingTime432000.00,799507.0,90585.36860229493
1256,ails2_etaMax0.010_stoppingTime432000.00,799501.0,90749.05860229493
1257,ails2_etaMax0.010_stoppingTime432000.00,799496.0,90750.14560229493
1258,ails2_eoh_omega2,799416.0,90893.57460229492
1259,ails2_eoh_omega2,799415.0,90893.62460229492
1260,HGS-TV,798460.0,91167.40811872482
1261,ails2_eoh_omega2,799413.0,91202.11860229493
1262,ails2_etaMax0.010_stoppingTime432000.00,799494.0,91350.27260229492
1263,ails2_etaMax0.010_stoppingTime432000.00,799491.0,91368.84460229492
1264,ails2_etaMax0.010_stoppingTime432000.00,799488.0,91494.49560229492
1265,HGS-TV,798459.0,91520.28041386604
1266,ails2_eoh_omega2,799412.0,91534.84760229492
1267,HGS-TV,798458.0,91580.34128046036
1268,ails2_etaMax0.010_stoppingTime432000.00,799487.0,91581.33960229492
1269,ails2_eoh_omega2,799411.0,91535.39360229492
1270,ails2_etaMax1.000_stoppingTime432000.00,805718.0,92674.02860229491
1271,ails2_etaMax0.010_stoppingTime432000.00,799486.0,92699.87860229492
1272,ails2_eoh_omega2,799409.0,92722.52860229491
1273,ails2_etaMax1.000_stoppingTime432000.00,805703.0,92674.08460229493
1274,ails2_etaMax0.010_stoppingTime432000.00,799483.0,92716.69360229492
1275,ails2_eoh_omega2,799408.0,92806.75160229493
1276,ails2_eoh_omega2,799393.0,92813.31860229492
1277,ails2_etaMax0.010_stoppingTime432000.00,799482.0,92873.02060229493
1278,ails2_etaMax0.010_stoppingTime432000.00,799475.0,92875.07660229492
1279,ails2_etaMax1.000_stoppingTime1728000.00,808955.0,93714.72660229492
1280,ails2_etaMax1.000_stoppingTime1728000.00,808856.0,93714.75560229493
1281,ails2_etaMax1.000_stoppingTime432000.00,805691.0,95405.43860229492
1282,ails2_etaMax1.000_stoppingTime432000.00,805325.0,95410.24560229492
1283,ails2_etaMax0.010_stoppingTime432000.00,799472.0,97535.21760229493
1284,ails2_etaMax1.000_stoppingTime432000.00,805267.0,97634.12660229493
1285,ails2_etaMax1.000_stoppingTime432000.00,805084.0,97635.50760229492
1286,HGS-TV,798457.0,98668.99784493446
1287,ails2_etaMax1.000_stoppingTime864000.00,807664.0,98738.27160229492
1288,ails2_etaMax1.000_stoppingTime864000.00,807533.0,98746.21860229492
1289,ails2_eoh_omega2,799391.0,101689.09560229492
1290,ails2_eoh_omega2,799390.0,101697.09360229492
1291,ails2_eoh_omega2,799389.0,102099.52760229493
1292,ails2_eoh_omega2,799375.0,102106.37860229492
1293,ails2_eoh_omega2,799374.0,103587.74260229492
1294,ails2_eoh_omega2,799368.0,103589.55660229492
1295,ails2_etaMax1.000_stoppingTime1728000.00,808828.0,103793.36860229493
1296,ails2_etaMax1.000_stoppingTime1728000.00,808687.0,103794.81960229493
1297,ails2_etaMax0.010_stoppingTime432000.00,799465.0,104292.60660229492
1298,ails2_etaMax0.010_stoppingTime432000.00,799462.0,104292.97160229493
1299,ails2_etaMax0.010_stoppingTime432000.00,799455.0,104556.22060229492
1300,ails2_etaMax0.010_stoppingTime432000.00,799439.0,104563.92360229492
1301,ails2_etaMax0.010_stoppingTime432000.00,799436.0,104761.33460229493
1302,ails2_etaMax0.010_stoppingTime432000.00,799429.0,104765.10960229492
1303,ails2_etaMax0.010_stoppingTime432000.00,799426.0,104917.34560229492
1304,ails2_etaMax0.010_stoppingTime432000.00,799422.0,104918.71860229492
1305,ails2_etaMax0.010_stoppingTime432000.00,799417.0,105119.12060229492
1306,ails2_etaMax0.010_stoppingTime432000.00,799410.0,105121.01360229492
1307,ails2_etaMax0.010_stoppingTime432000.00,799409.0,105256.88760229493
1308,ails2_etaMax0.010_stoppingTime432000.00,799403.0,105258.51660229493
1309,ails2_eoh_omega2,799366.0,105819.40460229492
1310,ails2_eoh_omega2,799365.0,105819.47960229492
1311,ails2_etaMax0.010_stoppingTime432000.00,799397.0,105918.18460229492
1312,ails2_etaMax0.010_stoppingTime432000.00,799394.0,105919.17060229492
1313,ails2_etaMax0.010_stoppingTime432000.00,799393.0,107507.83760229492
1314,ails2_etaMax0.010_stoppingTime432000.00,799392.0,107588.77960229492
1315,ails2_etaMax0.010_stoppingTime432000.00,799387.0,107588.86360229492
1316,ails2_etaMax0.010_stoppingTime432000.00,799385.0,107723.45660229491
1317,ails2_etaMax0.010_stoppingTime432000.00,799362.0,107727.34160229492
1318,ails2_etaMax1.000_stoppingTime432000.00,805062.0,107942.09160229492
1319,ails2_etaMax1.000_stoppingTime432000.00,804892.0,107943.98560229492
1320,HGS-TV,798456.0,109580.10853862762
1321,ails2_etaMax0.010_stoppingTime432000.00,799358.0,109710.07460229492
1322,ails2_etaMax0.010_stoppingTime432000.00,799357.0,109844.12260229493
1323,ails2_etaMax0.010_stoppingTime432000.00,799355.0,109879.58760229492
1324,ails2_etaMax0.010_stoppingTime432000.00,799352.0,110156.23660229493
1325,ails2_etaMax1.000_stoppingTime1728000.00,808686.0,110249.42660229492
1326,ails2_etaMax1.000_stoppingTime1728000.00,808639.0,110249.48160229492
1327,HGS-TV,798455.0,110864.04412698746
1328,ails2_eoh_omega2,799364.0,110908.68760229493
1329,ails2_eoh_omega2,799363.0,110908.71760229493
1330,ails2_etaMax1.000_stoppingTime864000.00,807519.0,111227.60460229492
1331,ails2_etaMax1.000_stoppingTime864000.00,807502.0,111227.65760229492
1332,ails2_etaMax1.000_stoppingTime432000.00,804882.0,112424.97260229492
1333,HGS-TV,798454.0,112631.88319897652
1334,HGS-TV,798451.0,113077.84225320816
1335,HGS-TV,798450.0,113138.43137097359
1336,ails2_eoh_omega2,799362.0,113994.06760229492
1337,ails2_eoh_omega2,799349.0,114028.41760229493
1338,ails2_eoh_omega2,799346.0,114161.71260229492
1339,ails2_eoh_omega2,799342.0,114162.39860229492
1340,ails2_eoh_omega2,799341.0,114489.38460229491
1341,ails2_eoh_omega2,799335.0,114489.65860229492
1342,ails2_eoh_omega2,799334.0,116727.60460229492
1343,ails2_eoh_omega2,799330.0,116763.98860229492
1344,ails2_eoh_omega2,799329.0,116875.54760229492
1345,ails2_eoh_omega2,799328.0,116875.67860229492
1346,ails2_etaMax1.000_stoppingTime432000.00,804880.0,117581.15060229492
1347,ails2_etaMax1.000_stoppingTime432000.00,804552.0,117618.14560229493
1348,ails2_etaMax1.000_stoppingTime432000.00,804505.0,117681.07160229492
1349,ails2_eoh_omega2,799327.0,118059.64260229492
1350,ails2_eoh_omega2,799322.0,118060.74360229493
1351,ails2_eoh_omega2,799317.0,118438.24360229493
1352,ails2_eoh_omega2,799311.0,118438.92260229492
1353,ails2_etaMax0.010_stoppingTime432000.00,799344.0,120580.58960229492
1354,ails2_etaMax0.010_stoppingTime432000.00,799321.0,120593.72860229493
1355,ails2_eoh_omega2,799306.0,121228.86060229492
1356,ails2_etaMax1.000_stoppingTime864000.00,807487.0,121320.62460229492
1357,ails2_etaMax1.000_stoppingTime432000.00,804490.0,121669.30560229492
1358,ails2_etaMax1.000_stoppingTime432000.00,804376.0,121670.19560229492
1359,ails2_eoh_omega2,799305.0,121837.58360229492
1360,ails2_eoh_omega2,799302.0,121850.88960229492
1361,ails2_eoh_omega2,799299.0,121954.31960229493
1362,ails2_eoh_omega2,799288.0,121985.28360229492
1363,ails2_etaMax1.000_stoppingTime432000.00,804340.0,122336.07660229492
1364,ails2_etaMax1.000_stoppingTime432000.00,804330.0,122488.12260229493
1365,ails2_etaMax1.000_stoppingTime432000.00,804166.0,122495.34260229493
1366,ails2_eoh_omega2,799283.0,123292.37660229493
1367,ails2_eoh_omega2,799275.0,123350.15360229491
1368,ails2_etaMax1.000_stoppingTime864000.00,807476.0,125066.94460229493
1369,ails2_etaMax1.000_stoppingTime864000.00,807231.0,125069.69360229492
1370,HGS-TV,798450.0,128195.34236335754
1371,HGS-TV,798450.0,128256.02659916878
1372,HGS-TV,798450.0,128316.82580780983
1373,HGS-TV,798450.0,128376.97426891327
1374,HGS-TV,798450.0,128438.52335119247
1375,HGS-TV,798450.0,128499.46149778366
1376,HGS-TV,798450.0,128559.93489527702
1377,HGS-TV,798450.0,128637.22265100479
1378,HGS-TV,798450.0,128698.68009281158
1379,HGS-TV,798450.0,128759.67012476921
1380,HGS-TV,798450.0,128874.85673189163
1381,HGS-TV,798450.0,128936.83742022514
1382,HGS-TV,798450.0,129087.71937346458
1383,HGS-TV,798450.0,129159.29429745674
1384,HGS-TV,798450.0,129942.91527867317
1385,HGS-TV,798450.0,131268.50068116188
1386,HGS-TV,798450.0,131330.22102475166
1387,ails2_etaMax0.010_stoppingTime432000.00,799320.0,131863.97260229493
1388,ails2_etaMax0.010_stoppingTime432000.00,799318.0,131864.2056022949
1389,ails2_etaMax0.010_stoppingTime432000.00,799316.0,132062.48760229492
1390,ails2_etaMax0.010_stoppingTime432000.00,799300.0,132089.5156022949
1391,HGS-TV,798450.0,132916.87182712555
1392,ails2_etaMax1.000_stoppingTime864000.00,807222.0,133351.53660229492
1393,ails2_etaMax1.000_stoppingTime864000.00,807203.0,133351.8956022949
1394,ails2_etaMax1.000_stoppingTime432000.00,804144.0,133419.0236022949
1395,ails2_etaMax1.000_stoppingTime432000.00,804142.0,133420.1186022949
1396,HGS-TV,798450.0,133672.45361065865
1397,ails2_etaMax1.000_stoppingTime1728000.00,808579.0,133713.48460229492
1398,HGS-TV,798450.0,133732.7829298973
1399,ails2_etaMax1.000_stoppingTime1728000.00,808499.0,133715.27160229493
1400,HGS-TV,798450.0,134263.00306749344
1401,HGS-TV,798450.0,134323.19148039818
1402,ails2_etaMax1.000_stoppingTime864000.00,807197.0,134712.59460229494
1403,ails2_etaMax1.000_stoppingTime864000.00,806887.0,134714.23760229492
1404,ails2_etaMax0.010_stoppingTime432000.00,799296.0,135790.40760229493
1405,ails2_etaMax0.010_stoppingTime432000.00,799291.0,135806.40260229493
1406,ails2_etaMax0.010_stoppingTime432000.00,799290.0,135853.73060229493
1407,HGS-TV,798450.0,135974.74256396294
1408,ails2_etaMax0.010_stoppingTime432000.00,799288.0,136028.32360229493
1409,ails2_etaMax0.010_stoppingTime432000.00,799286.0,136044.85660229492
1410,HGS-TV,798450.0,136113.34262275696
1411,ails2_etaMax0.010_stoppingTime432000.00,799282.0,136465.33960229493
1412,ails2_etaMax0.010_stoppingTime432000.00,799280.0,136468.28860229492
1413,ails2_etaMax0.010_stoppingTime432000.00,799271.0,136547.94860229493
1414,ails2_etaMax0.010_stoppingTime432000.00,799262.0,136618.64160229493
1415,HGS-TV,798450.0,136824.2430214882
1416,HGS-TV,798450.0,136884.84296417236
1417,ails2_etaMax0.010_stoppingTime432000.00,799258.0,136998.99560229492
1418,ails2_etaMax0.010_stoppingTime432000.00,799254.0,136999.27560229492
1419,HGS-TV,798450.0,137234.68174147606
1420,ails2_etaMax0.010_stoppingTime432000.00,799253.0,137246.8496022949
1421,ails2_etaMax0.010_stoppingTime432000.00,799247.0,137261.40260229493
1422,ails2_etaMax0.010_stoppingTime432000.00,799245.0,137393.33460229493
1423,ails2_etaMax0.010_stoppingTime432000.00,799233.0,137395.57860229493
1424,HGS-TV,798450.0,137856.70994615555
1425,HGS-TV,798450.0,138507.1113269329
1426,HGS-TV,798450.0,138613.8219614029
1427,ails2_etaMax0.010_stoppingTime432000.00,799232.0,138639.1706022949
1428,ails2_etaMax0.010_stoppingTime432000.00,799230.0,138643.80260229492
1429,HGS-TV,798450.0,138754.5688984394
1430,ails2_etaMax1.000_stoppingTime1728000.00,808492.0,138995.67960229493
1431,ails2_etaMax1.000_stoppingTime1728000.00,808438.0,138995.91660229492
1432,ails2_etaMax0.010_stoppingTime432000.00,799229.0,139422.47060229492
1433,ails2_etaMax0.010_stoppingTime432000.00,799219.0,139453.6026022949
1434,HGS-TV,798450.0,139591.89158463478
1435,ails2_etaMax0.010_stoppingTime432000.00,799217.0,139752.1376022949
1436,HGS-TV,798450.0,140511.11659550667
1437,ails2_etaMax1.000_stoppingTime432000.00,804121.0,140588.89160229493
1438,ails2_etaMax1.000_stoppingTime432000.00,804085.0,140602.61760229492
1439,ails2_etaMax1.000_stoppingTime432000.00,804054.0,140925.9256022949
1440,HGS-TV,798450.0,140950.0502383709
1441,ails2_etaMax1.000_stoppingTime432000.00,803943.0,140928.14160229493
1442,HGS-TV,798450.0,141010.33360004425
1443,ails2_etaMax1.000_stoppingTime432000.00,803866.0,141028.40160229494
1444,HGS-TV,798450.0,141131.85671019554
1445,HGS-TV,798450.0,141899.00089025497
1446,ails2_eoh_omega2,799274.0,142222.9746022949
1447,ails2_etaMax1.000_stoppingTime432000.00,803863.0,143577.83960229493
1448,ails2_etaMax1.000_stoppingTime432000.00,803748.0,143588.11460229493
1449,ails2_eoh_omega2,799272.0,144020.03560229493
1450,ails2_eoh_omega2,799269.0,144326.54760229492
1451,HGS-TV,798450.0,145074.1525182724
1452,ails2_etaMax1.000_stoppingTime1728000.00,808413.0,145409.11460229493
1453,ails2_etaMax1.000_stoppingTime1728000.00,807767.0,145411.47360229492
1454,ails2_eoh_omega2,799265.0,145490.27960229493
1455,ails2_etaMax1.000_stoppingTime432000.00,803712.0,145962.7326022949
1456,ails2_etaMax1.000_stoppingTime432000.00,803679.0,145963.3526022949
1457,HGS-TV,798450.0,146300.1120326519
1458,ails2_eoh_omega2,799264.0,146541.53360229492
1459,ails2_eoh_omega2,799263.0,147041.31060229492
1460,ails2_eoh_omega2,799260.0,147042.89460229492
1461,ails2_etaMax1.000_stoppingTime432000.00,803674.0,147161.2516022949
1462,ails2_etaMax1.000_stoppingTime432000.00,803418.0,147168.99960229493
1463,ails2_etaMax1.000_stoppingTime864000.00,806883.0,147787.27560229492
1464,ails2_etaMax1.000_stoppingTime864000.00,806790.0,147787.82560229494
1465,HGS-TV,798450.0,148389.59894418716
1466,HGS-TV,798450.0,148540.19734168053
1467,ails2_etaMax1.000_stoppingTime864000.00,806740.0,149897.74160229493
1468,ails2_etaMax1.000_stoppingTime864000.00,806689.0,149897.92160229493
1469,HGS-TV,798450.0,150028.56892561913
1470,HGS-TV,798450.0,150518.84817171097
1471,HGS-TV,798450.0,152202.12332081795
1472,HGS-TV,798450.0,152262.42714238167
1473,HGS-TV,798450.0,152322.8475973606
1474,ails2_etaMax1.000_stoppingTime432000.00,803416.0,152654.8956022949
1475,ails2_etaMax1.000_stoppingTime432000.00,803274.0,152661.2086022949
1476,ails2_etaMax1.000_stoppingTime432000.00,803257.0,153009.5646022949
1477,ails2_etaMax1.000_stoppingTime864000.00,806629.0,153048.77160229493
1478,ails2_etaMax1.000_stoppingTime432000.00,802920.0,153017.56660229492
1479,ails2_etaMax1.000_stoppingTime864000.00,806339.0,153054.81360229492
1480,HGS-TV,798450.0,153570.42028021812
1481,HGS-TV,798450.0,153630.4959704876
1482,HGS-TV,798450.0,153934.93508553505
1483,HGS-TV,798450.0,154397.3495976925
1484,ails2_etaMax1.000_stoppingTime432000.00,802912.0,155768.6186022949
1485,HGS-TV,798450.0,155819.1551413536
1486,ails2_etaMax1.000_stoppingTime432000.00,802895.0,155770.3606022949
1487,HGS-TV,798450.0,156111.8688249588
1488,ails2_etaMax1.000_stoppingTime864000.00,806323.0,158120.61960229493
1489,ails2_etaMax1.000_stoppingTime864000.00,806170.0,158123.9336022949
1490,HGS-TV,798450.0,159841.9499115944
1491,HGS-TV,798450.0,160223.97647857666
1492,ails2_etaMax1.000_stoppingTime432000.00,802884.0,160880.72960229492
1493,ails2_etaMax1.000_stoppingTime432000.00,802781.0,160889.9666022949
1494,ails2_etaMax1.000_stoppingTime432000.00,802779.0,161149.63260229494
1495,ails2_etaMax1.000_stoppingTime432000.00,802707.0,161152.1836022949
1496,HGS-TV,798450.0,162695.0449950695
1497,HGS-TV,798450.0,162911.95302343369
1498,ails2_etaMax1.000_stoppingTime432000.00,802702.0,163172.95760229492
1499,ails2_etaMax1.000_stoppingTime432000.00,802677.0,163173.17360229493
1500,ails2_eoh_omega2,799259.0,163422.21160229493
1501,ails2_eoh_omega2,799246.0,163458.29960229492
1502,ails2_eoh_omega2,799223.0,163525.01460229492
1503,ails2_eoh_omega2,799221.0,163643.08160229493
1504,ails2_eoh_omega2,799219.0,163771.13160229492
1505,HGS-TV,798450.0,163830.01571416855
1506,ails2_eoh_omega2,799201.0,163790.95460229492
1507,HGS-TV,798450.0,163890.0680167675
1508,HGS-TV,798450.0,164298.02937293053
1509,ails2_eoh_omega2,799200.0,165377.80960229493
1510,ails2_eoh_omega2,799189.0,165395.04060229493
1511,HGS-TV,798450.0,165911.04237937927
1512,HGS-TV,798450.0,166366.63271951675
1513,HGS-TV,798450.0,166510.52243804932
1514,ails2_etaMax0.010_stoppingTime432000.00,799215.0,167351.2406022949
1515,ails2_etaMax1.000_stoppingTime864000.00,806153.0,167410.2246022949
1516,ails2_etaMax0.010_stoppingTime432000.00,799213.0,167351.4096022949
1517,ails2_etaMax1.000_stoppingTime864000.00,806137.0,167412.54060229493
1518,ails2_etaMax1.000_stoppingTime432000.00,802661.0,168383.05260229492
1519,ails2_eoh_omega2,799187.0,168409.51860229493
1520,ails2_etaMax1.000_stoppingTime432000.00,802633.0,168383.1896022949
1521,ails2_eoh_omega2,799184.0,168410.59760229493
1522,HGS-TV,798450.0,168901.77511024475
1523,ails2_eoh_omega2,799183.0,169065.5536022949
1524,HGS-TV,798450.0,169468.58172488213
1525,ails2_etaMax0.010_stoppingTime432000.00,799212.0,169703.05660229494
1526,ails2_etaMax0.010_stoppingTime432000.00,799209.0,169703.67660229493
1527,ails2_etaMax1.000_stoppingTime432000.00,802629.0,170111.01460229492
1528,ails2_etaMax1.000_stoppingTime432000.00,802604.0,170111.1106022949
1529,HGS-TV,798450.0,170290.92370390892
1530,ails2_etaMax1.000_stoppingTime432000.00,802595.0,171077.47260229493
1531,ails2_etaMax1.000_stoppingTime432000.00,802577.0,171468.9906022949
1532,ails2_etaMax1.000_stoppingTime432000.00,802391.0,171514.6186022949
1533,ails2_etaMax1.000_stoppingTime432000.00,802372.0,171588.37360229492
1534,ails2_etaMax1.000_stoppingTime432000.00,802344.0,171625.22960229492
1535,ails2_eoh_omega2,799182.0,171795.9716022949
1536,ails2_eoh_omega2,799172.0,171822.34360229492
1537,HGS-TV,798450.0,172267.46228384972
1538,ails2_eoh_omega2,799168.0,172351.23960229493
1539,ails2_eoh_omega2,799166.0,172351.37560229492
1540,ails2_etaMax1.000_stoppingTime432000.00,802340.0,172539.09260229493
1541,ails2_etaMax1.000_stoppingTime432000.00,802322.0,172539.2846022949
1542,ails2_etaMax0.010_stoppingTime432000.00,799207.0,172991.17960229493
1543,HGS-TV,798450.0,173392.2976281643
1544,HGS-TV,798450.0,173777.56269431114
1545,ails2_eoh_omega2,799164.0,175043.02560229492
1546,ails2_eoh_omega2,799160.0,175047.94560229493
1547,HGS-TV,798450.0,175672.51916837692
1548,HGS-TV,798450.0,176121.46015787125
1549,HGS-TV,798450.0,176182.45861315727
1550,HGS-TV,798450.0,176822.38647985458
1551,HGS-TV,798450.0,176884.1161146164
1552,ails2_etaMax1.000_stoppingTime864000.00,806098.0,177522.77760229493
1553,HGS-TV,798450.0,177562.9983768463
1554,ails2_etaMax1.000_stoppingTime864000.00,805890.0,177564.3226022949
1555,ails2_etaMax1.000_stoppingTime432000.00,802319.0,178713.6216022949
1556,HGS-TV,798450.0,178752.65711832047
1557,ails2_etaMax1.000_stoppingTime432000.00,802227.0,178716.64360229493
1558,HGS-TV,798450.0,179195.48225855827
1559,HGS-TV,798450.0,179454.00883746147
1560,ails2_eoh_omega2,799151.0,179569.30960229493
1561,ails2_eoh_omega2,799146.0,179772.06260229493
1562,HGS-TV,798450.0,179796.08984041214
1563,ails2_etaMax1.000_stoppingTime432000.00,802222.0,179818.72960229492
1564,ails2_etaMax1.000_stoppingTime432000.00,802063.0,179822.57460229492
1565,ails2_eoh_omega2,799145.0,179917.56860229492
1566,ails2_eoh_omega2,799144.0,180452.15460229493
1567,ails2_etaMax1.000_stoppingTime432000.00,802062.0,180624.08960229493
1568,ails2_eoh_omega2,799143.0,180676.05760229492
1569,ails2_etaMax1.000_stoppingTime432000.00,802031.0,180693.6836022949
1570,ails2_etaMax1.000_stoppingTime432000.00,801858.0,180698.0586022949
1571,ails2_eoh_omega2,799140.0,180770.87260229493
1572,ails2_eoh_omega2,799139.0,180771.13660229492
1573,ails2_eoh_omega2,799133.0,180875.3336022949
1574,ails2_eoh_omega2,799118.0,180930.73960229493
1575,ails2_etaMax1.000_stoppingTime432000.00,801857.0,181521.05460229493
1576,ails2_etaMax1.000_stoppingTime432000.00,801717.0,181539.1186022949
1577,HGS-TV,798450.0,181827.69458436966
1578,HGS-TV,798450.0,182022.75610613823
1579,HGS-TV,798450.0,182445.94257831573
1580,HGS-TV,798450.0,183725.59834384918
1581,HGS-TV,798450.0,183816.8761525154
1582,ails2_eoh_omega2,799117.0,183841.3686022949
1583,ails2_eoh_omega2,799107.0,183843.8656022949
1584,HGS-TV,798450.0,184266.53956770897
1585,HGS-TV,798450.0,185149.54745459557
1586,ails2_etaMax1.000_stoppingTime864000.00,805873.0,185150.37260229493
1587,ails2_etaMax1.000_stoppingTime864000.00,805746.0,185155.98460229492
1588,HGS-TV,798450.0,185560.8562350273
1589,HGS-TV,798450.0,189553.5197982788
1590,ails2_etaMax1.000_stoppingTime432000.00,801689.0,193187.32960229492
1591,ails2_etaMax1.000_stoppingTime432000.00,801688.0,193187.94860229493
1592,ails2_etaMax1.000_stoppingTime1728000.00,807726.0,193795.7466022949
1593,ails2_etaMax1.000_stoppingTime1728000.00,807569.0,193795.9776022949
1594,HGS-TV,798450.0,194290.93918585777
1595,ails2_etaMax1.000_stoppingTime864000.00,805682.0,194633.5726022949
1596,ails2_etaMax1.000_stoppingTime864000.00,805651.0,194633.93060229492
1597,ails2_etaMax1.000_stoppingTime432000.00,801667.0,195098.75360229492
1598,ails2_etaMax1.000_stoppingTime432000.00,801422.0,195149.7406022949
1599,HGS-TV,798450.0,195197.24926018715
1600,ails2_etaMax1.000_stoppingTime432000.00,801420.0,197350.8876022949
1601,ails2_etaMax1.000_stoppingTime432000.00,801411.0,197796.00060229492
1602,ails2_etaMax1.000_stoppingTime432000.00,801362.0,197796.71160229493
1603,HGS-TV,798450.0,199113.3354921341
1604,ails2_etaMax1.000_stoppingTime432000.00,801350.0,199277.37760229493
1605,ails2_etaMax1.000_stoppingTime432000.00,801278.0,199286.51460229492
1606,ails2_etaMax1.000_stoppingTime864000.00,805629.0,199745.32660229492
1607,ails2_etaMax1.000_stoppingTime864000.00,805355.0,199746.0236022949
1608,HGS-TV,798450.0,200576.21092772484
1609,HGS-TV,798450.0,200637.31285738945
1610,HGS-TV,798450.0,201517.13203024864
1611,HGS-TV,798450.0,201782.82138609886
1612,ails2_etaMax1.000_stoppingTime432000.00,801258.0,203423.13660229492
1613,HGS-TV,798450.0,203437.44859433174
1614,ails2_etaMax1.000_stoppingTime432000.00,801181.0,203471.0996022949
1615,HGS-TV,798450.0,204111.06780529022
1616,ails2_eoh_omega2,799106.0,204738.05160229493
1617,ails2_eoh_omega2,799100.0,204741.85160229492
1618,HGS-TV,798450.0,204815.45887207985
1619,ails2_etaMax1.000_stoppingTime864000.00,805339.0,205934.91060229493
1620,ails2_etaMax1.000_stoppingTime864000.00,805217.0,205935.95660229493
1621,ails2_eoh_omega2,799099.0,206260.05260229492
1622,ails2_eoh_omega2,799096.0,206261.94960229492
1623,HGS-TV,798450.0,208082.3814651966
1624,ails2_etaMax1.000_stoppingTime864000.00,805214.0,208745.0236022949
1625,ails2_etaMax1.000_stoppingTime864000.00,805036.0,208747.27860229491
1626,ails2_etaMax1.000_stoppingTime432000.00,801173.0,209105.13660229492
1627,ails2_etaMax1.000_stoppingTime432000.00,800950.0,209137.3906022949
1628,HGS-TV,798450.0,209181.27462100983
1629,ails2_etaMax1.000_stoppingTime432000.00,800944.0,209258.10960229492
1630,HGS-TV,798450.0,212911.38520503044
1631,ails2_etaMax1.000_stoppingTime432000.00,800937.0,213397.12460229493
1632,ails2_etaMax1.000_stoppingTime432000.00,800881.0,213400.07060229493
1633,ails2_etaMax1.000_stoppingTime432000.00,800879.0,213973.00960229491
1634,ails2_etaMax1.000_stoppingTime432000.00,800769.0,214027.4396022949
1635,ails2_etaMax1.000_stoppingTime432000.00,800762.0,214153.53260229493
1636,ails2_etaMax1.000_stoppingTime432000.00,800643.0,214155.57860229493
1637,ails2_etaMax0.010_stoppingTime432000.00,799205.0,214255.01460229492
1638,ails2_etaMax0.010_stoppingTime432000.00,799198.0,214256.39660229493
1639,HGS-TV,798450.0,214374.11684846878
1640,HGS-TV,798450.0,214447.85046839714
1641,ails2_etaMax1.000_stoppingTime432000.00,800618.0,215126.12360229492
1642,ails2_etaMax1.000_stoppingTime432000.00,800604.0,215150.77660229494
1643,ails2_etaMax1.000_stoppingTime432000.00,800592.0,215242.9526022949
1644,ails2_etaMax1.000_stoppingTime432000.00,800517.0,215290.0206022949
1645,ails2_etaMax1.000_stoppingTime432000.00,800499.0,215824.7246022949
1646,ails2_etaMax1.000_stoppingTime432000.00,800495.0,215825.21260229492
1647,ails2_etaMax1.000_stoppingTime432000.00,800429.0,215913.01160229492
1648,ails2_etaMax1.000_stoppingTime432000.00,800420.0,215948.61360229494
1649,ails2_etaMax1.000_stoppingTime432000.00,800357.0,216037.67760229492
1650,HGS-TV,798450.0,216518.39902973175
1651,ails2_etaMax1.000_stoppingTime432000.00,800352.0,216733.07560229494
1652,ails2_etaMax1.000_stoppingTime432000.00,800340.0,216734.04060229493
1653,ails2_etaMax1.000_stoppingTime864000.00,805035.0,217240.63560229493
1654,ails2_etaMax1.000_stoppingTime864000.00,805005.0,217241.1596022949
1655,HGS-TV,798450.0,217517.96551513672
1656,HGS-TV,798450.0,217578.97189807892
1657,ails2_etaMax1.000_stoppingTime432000.00,800337.0,217872.25260229493
1658,ails2_etaMax1.000_stoppingTime432000.00,800321.0,217872.4936022949
1659,ails2_etaMax1.000_stoppingTime864000.00,804998.0,218571.88460229491
1660,ails2_etaMax1.000_stoppingTime864000.00,804905.0,218573.68260229492
1661,ails2_etaMax1.000_stoppingTime1728000.00,807374.0,219197.9096022949
1662,ails2_etaMax1.000_stoppingTime432000.00,800320.0,219211.05660229494
1663,HGS-TV,798450.0,219233.30268120766
1664,ails2_etaMax1.000_stoppingTime1728000.00,807247.0,219199.1486022949
1665,ails2_etaMax1.000_stoppingTime432000.00,800262.0,219229.92260229492
1666,ails2_etaMax1.000_stoppingTime432000.00,800261.0,219778.63960229492
1667,ails2_etaMax1.000_stoppingTime432000.00,800257.0,219905.4776022949
1668,ails2_etaMax1.000_stoppingTime432000.00,800248.0,219908.95060229494
1669,HGS-TV,798450.0,220029.44622945786
1670,HGS-TV,798450.0,221218.9755165577
1671,HGS-TV,798450.0,221361.87729144096
1672,HGS-TV,798450.0,221595.28205561638
1673,HGS-TV,798450.0,222120.53224277496
1674,ails2_etaMax1.000_stoppingTime432000.00,800240.0,223159.99160229493
1675,ails2_etaMax1.000_stoppingTime432000.00,800235.0,223240.00660229492
1676,HGS-TV,798450.0,223358.03591537476
1677,HGS-TV,798450.0,223991.35628318787
1678,HGS-TV,798450.0,224225.22454452515
1679,ails2_eoh_omega2,799095.0,225316.88160229492
1680,HGS-TV,798450.0,225479.5129110813
1681,ails2_etaMax1.000_stoppingTime1728000.00,807238.0,226033.40760229493
1682,HGS-TV,798450.0,226595.91847753525
1683,HGS-TV,798450.0,227171.7434220314
1684,HGS-TV,798450.0,227545.7834467888
1685,ails2_eoh_omega2,799094.0,227769.18060229492
1686,ails2_eoh_omega2,799093.0,228266.54960229492
1687,ails2_etaMax1.000_stoppingTime864000.00,804895.0,228773.26160229492
1688,ails2_etaMax1.000_stoppingTime864000.00,804658.0,228776.3526022949
1689,HGS-TV,798450.0,230822.2148785591
1690,HGS-TV,798450.0,232198.51197981834
1691,ails2_eoh_omega2,799091.0,233147.6596022949
1692,ails2_eoh_omega2,799073.0,233151.64960229493
1693,ails2_etaMax1.000_stoppingTime1728000.00,807135.0,235215.72360229492
1694,ails2_eoh_omega2,799071.0,236127.9776022949
1695,ails2_eoh_omega2,799065.0,236153.02660229494
1696,ails2_eoh_omega2,799061.0,236464.35460229492
1697,ails2_eoh_omega2,799060.0,236464.4586022949
1698,HGS-TV,798450.0,237712.150390625
1699,ails2_etaMax1.000_stoppingTime432000.00,800224.0,237919.53860229492
1700,ails2_etaMax1.000_stoppingTime432000.00,800205.0,237919.8716022949
1701,HGS-TV,798450.0,238517.25079107285
1702,ails2_etaMax1.000_stoppingTime864000.00,804640.0,238683.28360229492
1703,ails2_etaMax1.000_stoppingTime864000.00,804556.0,238683.95460229492
1704,ails2_eoh_omega2,799059.0,238791.94860229493
1705,ails2_etaMax1.000_stoppingTime432000.00,800200.0,238835.1186022949
1706,ails2_etaMax1.000_stoppingTime432000.00,800195.0,239098.10560229493
1707,ails2_etaMax1.000_stoppingTime864000.00,804540.0,239140.6676022949
1708,ails2_etaMax1.000_stoppingTime432000.00,800165.0,239139.8036022949
1709,ails2_etaMax1.000_stoppingTime864000.00,804501.0,239140.86460229493
1710,ails2_etaMax1.000_stoppingTime432000.00,799885.0,239196.99960229493
1711,ails2_etaMax1.000_stoppingTime864000.00,804493.0,239668.99960229493
1712,ails2_etaMax1.000_stoppingTime864000.00,804218.0,239670.35860229493
1713,HGS-TV,798450.0,240058.84438610077
1714,HGS-TV,798450.0,240294.8646211624
1715,ails2_eoh_omega2,799057.0,242520.1486022949
1716,ails2_eoh_omega2,799050.0,242529.50860229493
1717,ails2_etaMax1.000_stoppingTime432000.00,799883.0,243117.86360229494
1718,ails2_eoh_omega2,799049.0,243280.89960229493
1719,ails2_eoh_omega2,799044.0,243318.9146022949
1720,ails2_eoh_omega2,799043.0,243459.93760229493
1721,ails2_eoh_omega2,799041.0,243460.23860229494
1722,ails2_etaMax1.000_stoppingTime432000.00,799877.0,243977.8656022949
1723,ails2_etaMax1.000_stoppingTime432000.00,799823.0,244036.40060229492
1724,ails2_eoh_omega2,799040.0,244405.85360229493
1725,ails2_eoh_omega2,799039.0,244406.23160229492
1726,ails2_eoh_omega2,799033.0,244483.78860229492
1727,ails2_eoh_omega2,799031.0,244932.0506022949
1728,ails2_eoh_omega2,799028.0,245013.56560229493
1729,ails2_eoh_omega2,799025.0,245014.64760229492
1730,HGS-TV,798450.0,245643.08973431587
1731,HGS-TV,798450.0,245728.39694356918
1732,HGS-TV,798450.0,245797.27788066864
1733,ails2_eoh_omega2,799022.0,245914.57460229492
1734,ails2_eoh_omega2,799018.0,245942.45360229493
1735,ails2_eoh_omega2,799017.0,246223.71760229493
1736,ails2_eoh_omega2,799015.0,246225.01660229493
1737,HGS-TV,798450.0,247351.22250580788
1738,HGS-TV,798450.0,247971.4924108982
1739,HGS-TV,798450.0,249112.85673499107
1740,ails2_eoh_omega2,799014.0,249275.32160229492
1741,HGS-TV,798450.0,249418.127089262
1742,ails2_etaMax1.000_stoppingTime864000.00,804143.0,249623.67660229493
1743,ails2_etaMax1.000_stoppingTime864000.00,804092.0,249624.38160229492
1744,HGS-TV,798450.0,249939.01899504662
1745,HGS-TV,798450.0,250721.79011964798
1746,HGS-TV,798450.0,250946.0755956173
1747,ails2_etaMax1.000_stoppingTime432000.00,799818.0,252816.84060229492
1748,ails2_etaMax1.000_stoppingTime432000.00,799779.0,252818.3606022949
1749,ails2_etaMax1.000_stoppingTime432000.00,799767.0,253212.60460229492
1750,ails2_etaMax1.000_stoppingTime432000.00,799746.0,253213.19360229492
1751,HGS-TV,798450.0,253637.1968729496
1752,ails2_etaMax1.000_stoppingTime432000.00,799744.0,253873.52460229493
1753,HGS-TV,798450.0,253912.4013352394
1754,ails2_etaMax1.000_stoppingTime432000.00,799692.0,253875.49560229492
1755,HGS-TV,798450.0,254567.58713507652
1756,HGS-TV,798450.0,255768.72482037544
1757,ails2_etaMax1.000_stoppingTime432000.00,799689.0,256254.59260229493
1758,ails2_etaMax1.000_stoppingTime432000.00,799645.0,256265.28360229492
1759,HGS-TV,798450.0,256550.50787997246
1760,HGS-TV,798450.0,257537.54860162735
1761,ails2_etaMax1.000_stoppingTime864000.00,804089.0,257782.73860229494
1762,ails2_etaMax1.000_stoppingTime864000.00,804057.0,257783.36360229494
1763,ails2_eoh_omega2,799011.0,258178.6836022949
1764,HGS-TV,798450.0,258261.574988842
1765,HGS-TV,798450.0,258910.64150333405
1766,ails2_etaMax1.000_stoppingTime864000.00,804014.0,258976.70160229492
1767,ails2_etaMax1.000_stoppingTime864000.00,803963.0,259010.0396022949
1768,ails2_etaMax1.000_stoppingTime864000.00,803550.0,259047.52560229492
1769,ails2_etaMax1.000_stoppingTime1728000.00,807106.0,259847.6106022949
1770,HGS-TV,798450.0,261015.5936627388
1771,ails2_etaMax1.000_stoppingTime432000.00,799644.0,261636.5016022949
1772,ails2_etaMax1.000_stoppingTime432000.00,799606.0,261636.94360229492
1773,ails2_etaMax1.000_stoppingTime432000.00,799597.0,262498.3396022949
1774,ails2_etaMax1.000_stoppingTime432000.00,799509.0,262505.9976022949
1775,HGS-TV,798450.0,262945.8893854618
1776,HGS-TV,798450.0,263804.38682317734
1777,ails2_etaMax1.000_stoppingTime432000.00,799498.0,263839.2416022949
1778,HGS-TV,798450.0,263927.2965915203
1779,ails2_etaMax1.000_stoppingTime1728000.00,807099.0,264228.67860229494
1780,ails2_etaMax1.000_stoppingTime1728000.00,806825.0,264233.4486022949
1781,ails2_etaMax1.000_stoppingTime1728000.00,806799.0,265762.95060229494
1782,ails2_etaMax1.000_stoppingTime1728000.00,806572.0,265764.96060229494
1783,HGS-TV,798450.0,266459.99342250824
1784,HGS-TV,798450.0,266743.5485677719
1785,HGS-TV,798450.0,267314.3100504875
1786,HGS-TV,798450.0,269620.3366909027
1787,HGS-TV,798450.0,270416.6304039955
1788,HGS-TV,798450.0,271754.3311829567
1789,ails2_etaMax1.000_stoppingTime432000.00,799490.0,272336.6966022949
1790,ails2_etaMax1.000_stoppingTime432000.00,799401.0,272392.4246022949
1791,HGS-TV,798450.0,272462.9347500801
1792,HGS-TV,798450.0,272715.6013395786
1793,HGS-TV,798450.0,273356.93311071396
1794,HGS-TV,798450.0,273744.3390264511
1795,HGS-TV,798450.0,274566.3748342991
1796,ails2_eoh_omega2,799009.0,274920.5556022949
1797,ails2_eoh_omega2,799006.0,274921.2806022949
1798,HGS-TV,798450.0,275079.4805345535
1799,HGS-TV,798450.0,275745.11950421333
1800,HGS-TV,798450.0,276410.90161442757
1801,ails2_etaMax1.000_stoppingTime864000.00,803545.0,276867.4516022949
1802,ails2_etaMax1.000_stoppingTime864000.00,803235.0,276871.4586022949
1803,HGS-TV,798450.0,279109.7430450916
1804,HGS-TV,798450.0,282254.94881653786
1805,HGS-TV,798450.0,282748.90627741814
1806,HGS-TV,798450.0,283172.4691078663
1807,ails2_etaMax1.000_stoppingTime432000.00,799400.0,283395.6146022949
1808,ails2_etaMax1.000_stoppingTime432000.00,799355.0,283399.5306022949
1809,HGS-TV,798450.0,283719.6609210968
1810,ails2_eoh_omega2,799005.0,283939.2746022949
1811,ails2_eoh_omega2,799003.0,283940.3606022949
1812,ails2_etaMax1.000_stoppingTime432000.00,799350.0,284050.2256022949
1813,ails2_etaMax1.000_stoppingTime432000.00,799348.0,284330.91760229494
1814,ails2_etaMax1.000_stoppingTime432000.00,799195.0,284379.3716022949
1815,HGS-TV,798450.0,284489.6173965931
1816,HGS-TV,798450.0,284650.5528304577
1817,HGS-TV,798450.0,285178.81052064896
1818,HGS-TV,798450.0,285420.58302283287
1819,HGS-TV,798450.0,285481.43019223213
1820,HGS-TV,798450.0,286354.21388554573
1821,HGS-TV,798450.0,286557.34842300415
1822,HGS-TV,798450.0,286921.1602602005
1823,HGS-TV,798450.0,289849.9997663498
1824,HGS-TV,798450.0,290188.4426956177
1825,HGS-TV,798450.0,290337.6731724739
1826,HGS-TV,798450.0,291102.7600083351
1827,HGS-TV,798450.0,293388.0885665417
1828,ails2_etaMax1.000_stoppingTime864000.00,803230.0,294326.12860229495
1829,ails2_etaMax1.000_stoppingTime864000.00,803193.0,294326.23260229494
1830,HGS-TV,798450.0,295626.5863661766
1831,ails2_etaMax1.000_stoppingTime432000.00,799191.0,295818.89560229494
1832,ails2_etaMax1.000_stoppingTime432000.00,799181.0,295822.40060229495
1833,ails2_etaMax1.000_stoppingTime432000.00,799178.0,296420.5716022949
1834,ails2_etaMax1.000_stoppingTime432000.00,799127.0,296461.8936022949
1835,HGS-TV,798450.0,297330.8671813011
1836,HGS-TV,798450.0,297434.6122434139
1837,ails2_eoh_omega2,799002.0,298329.2346022949
1838,ails2_eoh_omega2,799000.0,298330.05860229494
1839,ails2_eoh_omega2,798996.0,298413.81460229494
1840,ails2_eoh_omega2,798993.0,298463.6366022949
1841,HGS-TV,798450.0,299435.86868453026
1842,ails2_etaMax1.000_stoppingTime432000.00,799126.0,299677.26560229494
1843,ails2_etaMax1.000_stoppingTime432000.00,799114.0,299679.1476022949
1844,ails2_etaMax1.000_stoppingTime432000.00,799111.0,299899.98260229494
1845,ails2_etaMax1.000_stoppingTime432000.00,799098.0,299915.7186022949
1846,ails2_etaMax1.000_stoppingTime432000.00,799096.0,300034.5286022949
1847,HGS-TV,798450.0,300090.23116254807
1848,ails2_etaMax1.000_stoppingTime432000.00,799081.0,300047.21560229495
1849,ails2_etaMax1.000_stoppingTime432000.00,799079.0,300272.9856022949
1850,ails2_etaMax1.000_stoppingTime432000.00,799050.0,300280.4586022949
1851,HGS-TV,798450.0,300629.9074873924
1852,ails2_etaMax1.000_stoppingTime864000.00,803192.0,301032.51560229494
1853,ails2_etaMax1.000_stoppingTime864000.00,803106.0,301033.6936022949
1854,HGS-TV,798450.0,301316.0369465351
1855,HGS-TV,798450.0,301376.7881305218
1856,ails2_etaMax1.000_stoppingTime432000.00,799047.0,302408.95060229494
1857,ails2_etaMax1.000_stoppingTime432000.00,799023.0,302451.2316022949
1858,HGS-TV,798450.0,302526.2333345413
1859,ails2_etaMax1.000_stoppingTime864000.00,803103.0,302545.04260229494
1860,ails2_etaMax1.000_stoppingTime432000.00,799022.0,302590.9416022949
1861,ails2_etaMax1.000_stoppingTime864000.00,802890.0,302547.1546022949
1862,ails2_etaMax1.000_stoppingTime432000.00,799018.0,302713.6266022949
1863,ails2_etaMax1.000_stoppingTime432000.00,799015.0,302713.9926022949
1864,ails2_etaMax1.000_stoppingTime432000.00,799014.0,302840.5996022949
1865,ails2_etaMax1.000_stoppingTime432000.00,799003.0,302849.49860229495
1866,ails2_eoh_omega2,798992.0,302914.28760229493
1867,ails2_etaMax1.000_stoppingTime432000.00,798977.0,302932.85160229495
1868,ails2_eoh_omega2,798985.0,302914.6226022949
1869,HGS-TV,798450.0,303022.0402467251
1870,ails2_etaMax1.000_stoppingTime1728000.00,806527.0,303551.6926022949
1871,ails2_etaMax1.000_stoppingTime1728000.00,806526.0,303551.7316022949
1872,ails2_etaMax1.000_stoppingTime1728000.00,806525.0,305082.41760229494
1873,ails2_etaMax1.000_stoppingTime1728000.00,806492.0,305172.9926022949
1874,ails2_etaMax1.000_stoppingTime1728000.00,806289.0,305175.3446022949
1875,ails2_etaMax1.000_stoppingTime432000.00,798974.0,305604.4676022949
1876,ails2_etaMax1.000_stoppingTime432000.00,798969.0,306315.0136022949
1877,ails2_etaMax1.000_stoppingTime432000.00,798948.0,306316.0436022949
1878,ails2_etaMax0.010_stoppingTime432000.00,799196.0,306392.2126022949
1879,ails2_etaMax0.010_stoppingTime432000.00,799195.0,306392.6766022949
1880,HGS-TV,798450.0,306914.05846357346
1881,ails2_etaMax0.010_stoppingTime432000.00,799194.0,306947.31960229494
1882,HGS-TV,798450.0,306975.17368745804
1883,ails2_etaMax0.010_stoppingTime432000.00,799192.0,306947.59760229493
1884,HGS-TV,798450.0,308970.10743808746
1885,ails2_etaMax1.000_stoppingTime432000.00,798947.0,309839.6916022949
1886,ails2_etaMax1.000_stoppingTime432000.00,798941.0,309877.7096022949
1887,ails2_etaMax1.000_stoppingTime432000.00,798923.0,309901.8536022949
1888,HGS-TV,798450.0,309994.0938153267
1889,ails2_etaMax1.000_stoppingTime432000.00,798922.0,310047.2956022949
1890,ails2_etaMax1.000_stoppingTime432000.00,798914.0,310047.7786022949
1891,ails2_etaMax0.010_stoppingTime432000.00,799191.0,310303.5736022949
1892,ails2_etaMax0.010_stoppingTime432000.00,799189.0,310303.65760229493
1893,ails2_etaMax1.000_stoppingTime432000.00,798913.0,310492.4096022949
1894,ails2_etaMax1.000_stoppingTime432000.00,798912.0,310570.07060229493
1895,ails2_etaMax1.000_stoppingTime432000.00,798883.0,310626.4146022949
1896,HGS-TV,798450.0,310687.2482302189
1897,ails2_etaMax0.010_stoppingTime432000.00,799188.0,311350.47660229495
1898,ails2_etaMax1.000_stoppingTime432000.00,798878.0,311482.7886022949
1899,ails2_etaMax1.000_stoppingTime432000.00,798848.0,311485.07060229493
1900,ails2_etaMax1.000_stoppingTime432000.00,798847.0,311827.2096022949
1901,ails2_etaMax1.000_stoppingTime432000.00,798813.0,311832.68960229494
1902,ails2_etaMax0.010_stoppingTime432000.00,799186.0,313177.0926022949
1903,ails2_etaMax0.010_stoppingTime432000.00,799185.0,313177.9186022949
1904,HGS-TV,798450.0,313747.19999313354
1905,HGS-TV,798450.0,314385.6953802109
1906,ails2_etaMax0.010_stoppingTime432000.00,799184.0,314695.2286022949
1907,ails2_etaMax0.010_stoppingTime432000.00,799182.0,314760.02560229495
1908,ails2_etaMax0.010_stoppingTime432000.00,799181.0,314760.1416022949
1909,HGS-TV,798450.0,315966.46048021317
1910,ails2_etaMax0.010_stoppingTime432000.00,799180.0,318591.45460229495
1911,ails2_etaMax0.010_stoppingTime432000.00,799179.0,318595.3216022949
1912,ails2_etaMax1.000_stoppingTime864000.00,802849.0,321092.6416022949
1913,ails2_etaMax1.000_stoppingTime864000.00,802848.0,321092.77660229494
1914,ails2_etaMax1.000_stoppingTime864000.00,802835.0,321357.96160229493
1915,ails2_etaMax1.000_stoppingTime864000.00,802686.0,321359.00960229494
1916,ails2_etaMax0.010_stoppingTime432000.00,799177.0,321635.50960229494
1917,ails2_etaMax0.010_stoppingTime432000.00,799176.0,321635.5436022949
1918,ails2_etaMax1.000_stoppingTime432000.00,798805.0,321725.19460229494
1919,ails2_etaMax1.000_stoppingTime432000.00,798804.0,321725.30860229494
1920,ails2_etaMax1.000_stoppingTime432000.00,798801.0,322243.86360229494
1921,HGS-TV,798450.0,324004.0024251938
1922,ails2_etaMax1.000_stoppingTime432000.00,798800.0,324011.3116022949
1923,ails2_etaMax1.000_stoppingTime432000.00,798798.0,324011.4646022949
1924,ails2_etaMax1.000_stoppingTime432000.00,798795.0,324849.4796022949
1925,ails2_etaMax1.000_stoppingTime432000.00,798789.0,324855.75460229494
1926,HGS-TV,798450.0,325336.59277129173
1927,HGS-TV,798450.0,325397.1061024666
1928,ails2_etaMax1.000_stoppingTime432000.00,798788.0,325414.36260229495
1929,ails2_etaMax1.000_stoppingTime1728000.00,806227.0,326681.3716022949
1930,ails2_etaMax1.000_stoppingTime1728000.00,805979.0,326683.0076022949
1931,HGS-TV,798450.0,326958.56744503975
1932,ails2_etaMax0.010_stoppingTime432000.00,799175.0,327413.0026022949
1933,ails2_etaMax0.010_stoppingTime432000.00,799174.0,327413.0496022949
1934,HGS-TV,798450.0,327621.31665730476
1935,ails2_etaMax1.000_stoppingTime432000.00,798785.0,328144.38460229494
1936,ails2_etaMax1.000_stoppingTime432000.00,798779.0,328966.22160229494
1937,ails2_etaMax1.000_stoppingTime432000.00,798767.0,328972.4156022949
1938,ails2_etaMax0.010_stoppingTime432000.00,799172.0,329082.8226022949
1939,ails2_etaMax1.000_stoppingTime432000.00,798755.0,329053.4106022949
1940,ails2_etaMax0.010_stoppingTime432000.00,799169.0,329085.2636022949
1941,HGS-TV,798450.0,329980.68425798416
1942,HGS-TV,798450.0,331032.8300728798
1943,HGS-TV,798450.0,331093.141728878
1944,ails2_etaMax1.000_stoppingTime1728000.00,805969.0,333659.0116022949
1945,ails2_etaMax1.000_stoppingTime1728000.00,805758.0,333660.4206022949
1946,HGS-TV,798450.0,333997.8024070263
1947,HGS-TV,798450.0,334185.7649292946
1948,HGS-TV,798450.0,334398.6979010105
1949,ails2_etaMax1.000_stoppingTime432000.00,798748.0,334668.69960229495
1950,ails2_etaMax1.000_stoppingTime864000.00,802677.0,334713.2786022949
1951,ails2_etaMax1.000_stoppingTime864000.00,802581.0,334713.5956022949
1952,HGS-TV,798450.0,334793.02381944656
1953,ails2_etaMax1.000_stoppingTime864000.00,802577.0,334989.16660229495
1954,ails2_etaMax1.000_stoppingTime864000.00,802469.0,335047.61360229494
1955,ails2_etaMax1.000_stoppingTime864000.00,802468.0,335284.44960229495
1956,ails2_etaMax1.000_stoppingTime864000.00,802455.0,335284.57960229495
1957,ails2_etaMax1.000_stoppingTime432000.00,798746.0,336663.3126022949
1958,ails2_etaMax1.000_stoppingTime432000.00,798744.0,336663.46560229495
1959,ails2_etaMax1.000_stoppingTime432000.00,798742.0,337043.2026022949
1960,ails2_etaMax1.000_stoppingTime432000.00,798734.0,337044.29760229494
1961,ails2_etaMax1.000_stoppingTime432000.00,798733.0,337301.40060229495
1962,ails2_etaMax1.000_stoppingTime432000.00,798730.0,337301.7616022949
1963,HGS-TV,798450.0,337518.25821876526
1964,ails2_eoh_omega2,798984.0,337684.9026022949
1965,ails2_eoh_omega2,798980.0,337685.66260229493
1966,HGS-TV,798450.0,337934.4179036617
1967,ails2_etaMax1.000_stoppingTime432000.00,798729.0,338444.45460229495
1968,ails2_etaMax1.000_stoppingTime432000.00,798728.0,338769.5946022949
1969,ails2_etaMax1.000_stoppingTime432000.00,798713.0,338814.8876022949
1970,ails2_etaMax1.000_stoppingTime432000.00,798711.0,338928.9366022949
1971,ails2_etaMax1.000_stoppingTime432000.00,798665.0,338986.3426022949
1972,ails2_etaMax1.000_stoppingTime864000.00,802454.0,340359.8986022949
1973,ails2_etaMax1.000_stoppingTime864000.00,802392.0,340360.6206022949
1974,HGS-TV,798450.0,342349.0344142914
1975,ails2_etaMax1.000_stoppingTime432000.00,798664.0,342625.22260229493
1976,ails2_etaMax1.000_stoppingTime432000.00,798658.0,342627.9686022949
1977,HGS-TV,798450.0,342737.1229224205
1978,HGS-TV,798450.0,343428.1846613884
1979,HGS-TV,798450.0,346528.06462574005
1980,ails2_etaMax1.000_stoppingTime864000.00,802389.0,347395.79260229494
1981,ails2_etaMax1.000_stoppingTime864000.00,802300.0,347437.1526022949
1982,ails2_etaMax1.000_stoppingTime864000.00,802271.0,348351.1856022949
1983,ails2_etaMax1.000_stoppingTime864000.00,802236.0,348362.59760229493
1984,HGS-TV,798450.0,349296.31053853035
1985,ails2_etaMax1.000_stoppingTime864000.00,802226.0,351505.81360229495
1986,ails2_etaMax1.000_stoppingTime864000.00,802084.0,351508.57060229493
1987,HGS-TV,798450.0,351854.0516693592
1988,HGS-TV,798450.0,352390.4856479168
1989,HGS-TV,798450.0,352465.2426137924
1990,ails2_etaMax1.000_stoppingTime432000.00,798657.0,352934.5466022949
1991,ails2_etaMax1.000_stoppingTime432000.00,798655.0,353120.94560229493
1992,HGS-TV,798450.0,353155.62710905075
1993,ails2_etaMax1.000_stoppingTime432000.00,798650.0,353121.6046022949
1994,HGS-TV,798450.0,353513.7378871441
1995,HGS-TV,798450.0,353833.1459646225
1996,ails2_etaMax1.000_stoppingTime432000.00,798649.0,353853.93460229493
1997,ails2_etaMax1.000_stoppingTime432000.00,798646.0,354380.9026022949
1998,HGS-TV,798450.0,354550.1507103443
1999,ails2_etaMax1.000_stoppingTime432000.00,798644.0,354605.7736022949
2000,ails2_etaMax1.000_stoppingTime432000.00,798624.0,354609.4156022949
2001,ails2_etaMax1.000_stoppingTime432000.00,798622.0,354800.19560229493
2002,ails2_etaMax1.000_stoppingTime432000.00,798614.0,354849.6216022949
2003,ails2_etaMax1.000_stoppingTime432000.00,798606.0,354878.40060229495
2004,HGS-TV,798450.0,355559.375082016
2005,HGS-TV,798450.0,355658.01209545135
2006,HGS-TV,798450.0,356108.16533231735
2007,HGS-TV,798450.0,356168.7271871567
2008,HGS-TV,798450.0,356762.74294900894
2009,HGS-TV,798450.0,358620.2107167244
2010,ails2_etaMax0.010_stoppingTime432000.00,799168.0,358671.8566022949
2011,HGS-TV,798450.0,358716.466902256
2012,ails2_etaMax0.010_stoppingTime432000.00,799166.0,358672.7856022949
2013,HGS-TV,798450.0,358781.8844554424
2014,ails2_etaMax1.000_stoppingTime864000.00,802026.0,359215.3866022949
2015,ails2_etaMax1.000_stoppingTime864000.00,801898.0,359220.1036022949
2016,ails2_etaMax1.000_stoppingTime432000.00,798605.0,359346.71560229495
2017,ails2_etaMax1.000_stoppingTime432000.00,798596.0,359346.85160229495
2018,HGS-TV,798450.0,359456.7943480015
2019,ails2_etaMax1.000_stoppingTime432000.00,798595.0,359574.49960229493
2020,ails2_etaMax1.000_stoppingTime432000.00,798591.0,359644.22160229494
2021,ails2_etaMax1.000_stoppingTime432000.00,798590.0,359773.3006022949
2022,ails2_etaMax1.000_stoppingTime432000.00,798585.0,359773.7996022949
2023,ails2_etaMax1.000_stoppingTime432000.00,798583.0,359897.1916022949
2024,ails2_etaMax1.000_stoppingTime432000.00,798582.0,359897.2396022949
2025,ails2_etaMax1.000_stoppingTime432000.00,798581.0,360023.0786022949
2026,ails2_etaMax1.000_stoppingTime432000.00,798572.0,360024.13560229493
2027,ails2_etaMax1.000_stoppingTime432000.00,798567.0,360804.4156022949
2028,ails2_etaMax1.000_stoppingTime432000.00,798562.0,360804.5546022949
2029,HGS-TV,798450.0,362732.01264309883
2030,ails2_etaMax1.000_stoppingTime432000.00,798561.0,362908.56960229494
2031,ails2_etaMax1.000_stoppingTime864000.00,801896.0,362948.61260229495
2032,ails2_etaMax1.000_stoppingTime432000.00,798560.0,362958.6216022949
2033,ails2_etaMax1.000_stoppingTime864000.00,801888.0,362948.77160229493
2034,ails2_etaMax1.000_stoppingTime432000.00,798559.0,363018.1796022949
2035,ails2_eoh_omega2,798978.0,363035.4366022949
2036,ails2_eoh_omega2,798974.0,363035.7586022949
2037,ails2_eoh_omega2,798971.0,363100.7236022949
2038,HGS-TV,798450.0,363423.42790555954
2039,ails2_etaMax1.000_stoppingTime864000.00,801877.0,364954.6806022949
2040,ails2_etaMax1.000_stoppingTime864000.00,801663.0,364955.5306022949
2041,HGS-TV,798450.0,365156.1935863495
2042,ails2_etaMax1.000_stoppingTime1728000.00,805755.0,365435.6606022949
2043,ails2_etaMax1.000_stoppingTime1728000.00,805600.0,365452.85760229494
2044,ails2_etaMax1.000_stoppingTime1728000.00,805560.0,365542.51460229495
2045,ails2_etaMax1.000_stoppingTime864000.00,801639.0,366803.3506022949
2046,HGS-TV,798450.0,367201.61444830894
2047,ails2_etaMax1.000_stoppingTime432000.00,798557.0,367717.2146022949
2048,ails2_etaMax1.000_stoppingTime432000.00,798547.0,367724.2506022949
2049,ails2_etaMax1.000_stoppingTime432000.00,798540.0,367795.0056022949
2050,ails2_etaMax1.000_stoppingTime432000.00,798539.0,367968.50360229495
2051,ails2_etaMax1.000_stoppingTime432000.00,798538.0,368337.10760229494
2052,HGS-TV,798450.0,368366.7486152649
2053,ails2_etaMax1.000_stoppingTime432000.00,798525.0,368376.33560229494
2054,ails2_etaMax1.000_stoppingTime432000.00,798522.0,368587.70060229494
2055,ails2_etaMax1.000_stoppingTime432000.00,798515.0,368641.32960229495
2056,ails2_etaMax1.000_stoppingTime432000.00,798514.0,368649.1156022949
2057,ails2_etaMax1.000_stoppingTime432000.00,798512.0,368816.4706022949
2058,ails2_etaMax1.000_stoppingTime432000.00,798500.0,368828.7556022949
2059,HGS-TV,798450.0,372109.7226998806
2060,ails2_eoh_omega2,798970.0,372559.8106022949
2061,ails2_etaMax1.000_stoppingTime864000.00,801632.0,372594.90160229494
2062,ails2_eoh_omega2,798968.0,372560.18460229493
2063,ails2_etaMax1.000_stoppingTime432000.00,798499.0,372686.9796022949
2064,HGS-TV,798450.0,372692.74447870255
2065,ails2_etaMax1.000_stoppingTime432000.00,798488.0,372732.9426022949
2066,ails2_eoh_omega2,798967.0,372782.3286022949
2067,ails2_eoh_omega2,798966.0,372783.27660229494
2068,ails2_eoh_omega2,798964.0,373158.3926022949
2069,ails2_etaMax1.000_stoppingTime864000.00,801631.0,373202.36860229494
2070,ails2_eoh_omega2,798962.0,373158.7836022949
2071,ails2_etaMax1.000_stoppingTime864000.00,801560.0,373202.8716022949
2072,HGS-TV,798450.0,373270.7895228863
2073,HGS-TV,798450.0,374000.9723081589
2074,HGS-TV,798450.0,375063.9998719692
2075,HGS-TV,798450.0,376001.38646674156
2076,ails2_etaMax1.000_stoppingTime864000.00,801556.0,376876.07560229494
2077,ails2_etaMax0.010_stoppingTime432000.00,799165.0,377039.2426022949
2078,ails2_etaMax0.010_stoppingTime432000.00,799154.0,377044.6586022949
2079,HGS-TV,798450.0,378421.916683197
2080,HGS-TV,798450.0,378482.8699121475
2081,HGS-TV,798450.0,378547.62053346634
2082,HGS-TV,798450.0,378636.4265921116
2083,HGS-TV,798450.0,380154.5185778141
2084,HGS-TV,798450.0,380784.01016402245
2085,HGS-TV,798450.0,380969.7370364666
2086,HGS-TV,798450.0,381089.8878092766
2087,HGS-TV,798450.0,381322.56058192253
2088,HGS-TV,798450.0,381757.1560590267
2089,ails2_etaMax1.000_stoppingTime864000.00,801549.0,381789.1216022949
2090,HGS-TV,798450.0,381859.02753710747
2091,HGS-TV,798450.0,382238.2234683037
2092,HGS-TV,798450.0,382338.22152233124
2093,HGS-TV,798450.0,382613.4268260002
2094,HGS-TV,798450.0,382962.40985250473
2095,HGS-TV,798450.0,383194.8438129425
2096,HGS-TV,798450.0,383255.0943596363
2097,HGS-TV,798450.0,383647.31791710854
2098,ails2_etaMax1.000_stoppingTime864000.00,801530.0,383767.0056022949
2099,HGS-TV,798450.0,383786.6387221813
2100,ails2_etaMax1.000_stoppingTime864000.00,801518.0,383767.0996022949
2101,ails2_etaMax1.000_stoppingTime864000.00,801512.0,384577.6266022949
2102,ails2_etaMax1.000_stoppingTime864000.00,801242.0,384605.0876022949
2103,HGS-TV,798450.0,384656.34799551964
2104,HGS-TV,798450.0,385331.47707891464
2105,HGS-TV,798450.0,385463.0782711506
2106,ails2_etaMax1.000_stoppingTime1728000.00,805548.0,386542.24960229493
2107,ails2_etaMax1.000_stoppingTime1728000.00,805519.0,386542.4086022949
2108,HGS-TV,798450.0,387933.774020195
2109,ails2_etaMax1.000_stoppingTime1728000.00,805507.0,388491.1266022949
2110,HGS-TV,798450.0,388538.2431368828
2111,ails2_etaMax1.000_stoppingTime1728000.00,805506.0,388491.2236022949
2112,ails2_etaMax1.000_stoppingTime864000.00,801219.0,388621.10160229495
2113,ails2_etaMax1.000_stoppingTime864000.00,801117.0,388625.28760229493
2114,ails2_etaMax1.000_stoppingTime864000.00,801114.0,388912.2366022949
2115,ails2_etaMax1.000_stoppingTime864000.00,801037.0,388916.5886022949
2116,ails2_etaMax1.000_stoppingTime864000.00,800893.0,389030.9846022949
2117,ails2_etaMax1.000_stoppingTime864000.00,800889.0,389063.0386022949
2118,HGS-TV,798450.0,391445.84446430206
2119,HGS-TV,798450.0,391521.6588206291
2120,HGS-TV,798450.0,392055.40237140656
2121,HGS-TV,798450.0,392438.9050767422
2122,ails2_etaMax1.000_stoppingTime1728000.00,805473.0,392683.6096022949
2123,ails2_etaMax1.000_stoppingTime1728000.00,805373.0,392698.5296022949
2124,HGS-TV,798450.0,393580.06277394295
2125,HGS-TV,798450.0,393641.55096912384
2126,ails2_etaMax1.000_stoppingTime1728000.00,805372.0,394095.5956022949
2127,ails2_etaMax1.000_stoppingTime1728000.00,805363.0,394099.1486022949
2128,HGS-TV,798450.0,394981.62876844406
2129,HGS-TV,798450.0,395129.6968114376
2130,HGS-TV,798450.0,395782.0874788761
2131,HGS-TV,798450.0,395998.33536195755
2132,ails2_etaMax1.000_stoppingTime432000.00,798487.0,396395.33160229493
2133,HGS-TV,798450.0,397972.33172369003
2134,HGS-TV,798450.0,398032.3809309006
2135,ails2_etaMax1.000_stoppingTime1728000.00,805302.0,398522.22260229493
2136,ails2_etaMax1.000_stoppingTime432000.00,798486.0,398772.1976022949
2137,ails2_etaMax1.000_stoppingTime432000.00,798480.0,398787.2086022949
2138,HGS-TV,798450.0,399050.0145561695
2139,HGS-TV,798450.0,399110.9986190796
2140,ails2_etaMax1.000_stoppingTime432000.00,798477.0,399283.3806022949
2141,ails2_etaMax1.000_stoppingTime432000.00,798474.0,399284.34760229493
2142,HGS-TV,798450.0,399774.96713399887
2143,HGS-TV,798450.0,400638.7725186348
2144,HGS-TV,798450.0,400698.84801483154
2145,HGS-TV,798450.0,400758.8820438385
2146,ails2_etaMax1.000_stoppingTime432000.00,798473.0,400770.2416022949
2147,HGS-TV,798450.0,400957.08825564384
2148,ails2_etaMax1.000_stoppingTime432000.00,798472.0,401947.6426022949
2149,ails2_etaMax1.000_stoppingTime432000.00,798451.0,401964.1176022949
2150,HGS-TV,798450.0,402640.4224495888
2151,HGS-TV,798450.0,402972.2702867985
2152,ails2_etaMax1.000_stoppingTime1728000.00,805294.0,403454.1386022949
2153,ails2_etaMax1.000_stoppingTime1728000.00,804880.0,403462.1176022949
2154,ails2_eoh_omega2,798959.0,403615.9326022949
2155,HGS-TV,798450.0,404150.65753388405
2156,HGS-TV,798450.0,404288.028267622
2157,HGS-TV,798450.0,404522.2069096565
2158,HGS-TV,798450.0,405382.3390648365
2159,HGS-TV,798450.0,405643.36555981636
2160,HGS-TV,798450.0,405703.7510306835
2161,HGS-TV,798450.0,405863.80936050415
2162,HGS-TV,798450.0,406197.6800482273
2163,HGS-TV,798450.0,407127.7689945698
2164,HGS-TV,798450.0,407371.8933928013
2165,HGS-TV,798450.0,407761.14904642105
2166,HGS-TV,798450.0,409067.6739721298
2167,HGS-TV,798450.0,409195.57587885857
2168,HGS-TV,798450.0,409474.3495042324
2169,HGS-TV,798450.0,409534.39577531815
2170,ails2_etaMax1.000_stoppingTime432000.00,798450.0,410349.96160229493
2171,HGS-TV,798450.0,410523.845700264
2172,HGS-TV,798450.0,410828.253456831
2173,HGS-TV,798450.0,410889.80936193466
2174,ails2_etaMax1.000_stoppingTime432000.00,798445.0,411008.46560229495
2175,ails2_etaMax1.000_stoppingTime432000.00,798439.0,411008.90660229494
2176,HGS-TV,798450.0,411237.6135830879
2177,HGS-TV,798450.0,411582.4705789089
2178,HGS-TV,798450.0,411643.9467494488
2179,HGS-TV,798450.0,411977.56953310966
2180,HGS-TV,798450.0,412491.8794724941
2181,HGS-TV,798450.0,412552.47570180893
2182,HGS-TV,798450.0,413074.2534406185
2183,HGS-TV,798450.0,413390.5674049854
2184,ails2_eoh_omega2,798958.0,413556.8646022949
2185,ails2_eoh_omega2,798957.0,413576.6486022949
2186,ails2_eoh_omega2,798956.0,413820.97160229494
2187,HGS-TV,798450.0,413935.3412723541
2188,HGS-TV,798450.0,414033.16928625107
2189,filo2,798435.0,414500.8516545296
2190,filo2,798433.0,414561.00454878807
2191,ails2_etaMax1.000_stoppingTime432000.00,798438.0,414773.34060229495
2192,ails2_etaMax1.000_stoppingTime432000.00,798436.0,414773.8446022949
2193,ails2_etaMax1.000_stoppingTime432000.00,798434.0,414948.6586022949
2194,ails2_etaMax1.000_stoppingTime432000.00,798427.0,414963.04860229493
2195,HGS-TV,798431.0,415887.35726618767
2196,ails2_eoh_omega2,798954.0,418029.9706022949
2197,ails2_eoh_omega2,798953.0,418432.5336022949
2198,ails2_eoh_omega2,798952.0,418432.6816022949
2199,ails2_eoh_omega2,798951.0,418646.0686022949
2200,ails2_eoh_omega2,798946.0,418663.7966022949
2201,HGS-TV,798414.0,419687.229323864
2202,filo2,798413.0,421720.6472322941
2203,HGS-TV,798412.0,422126.16080474854
2204,ails2_etaMax1.000_stoppingTime864000.00,800888.0,422695.23360229493
2205,ails2_etaMax1.000_stoppingTime864000.00,800828.0,422697.8436022949
2206,ails2_etaMax1.000_stoppingTime864000.00,800815.0,422835.67760229495
2207,ails2_etaMax1.000_stoppingTime864000.00,800705.0,422841.8426022949
2208,HGS-TV,798409.0,423528.8077478409
2209,ails2_eoh_omega2,798945.0,423918.3886022949
2210,ails2_eoh_omega2,798944.0,423918.4696022949
2211,HGS-TV,798408.0,424506.2013192177
2212,HGS-TV,798407.0,424566.437233448
2213,HGS-TV,798406.0,425062.44117450714
2214,ails2_eoh_omega2,798943.0,425846.1646022949
2215,ails2_eoh_omega2,798939.0,425846.64560229494
2216,ails2_etaMax1.000_stoppingTime432000.00,798426.0,427357.5786022949
2217,ails2_etaMax1.000_stoppingTime432000.00,798421.0,427357.68960229494
2218,HGS-TV,798405.0,428357.7846624851
2219,HGS-TV,798404.0,429175.8838214874
2220,HGS-TV,798403.0,429809.19676947594
2221,HGS-TV,798396.0,432011.5114891529
2222,HGS-TV,798395.0,432282.7238199711
2223,HGS-TV,798394.0,435177.91871857643
2224,ails2_etaMax1.000_stoppingTime864000.00,800700.0,438660.23860229494
2225,ails2_etaMax1.000_stoppingTime864000.00,800632.0,438664.3236022949
2226,ails2_etaMax1.000_stoppingTime1728000.00,804856.0,440341.3566022949
2227,ails2_etaMax1.000_stoppingTime864000.00,800629.0,443576.3716022949
2228,ails2_etaMax1.000_stoppingTime864000.00,800583.0,443580.2256022949
2229,ails2_etaMax1.000_stoppingTime864000.00,800555.0,444542.4536022949
2230,ails2_etaMax1.000_stoppingTime864000.00,800545.0,444580.65760229493
2231,ails2_etaMax1.000_stoppingTime864000.00,800542.0,445474.0346022949
2232,ails2_etaMax1.000_stoppingTime864000.00,800537.0,445474.2636022949
2233,ails2_etaMax1.000_stoppingTime864000.00,800535.0,447102.3236022949
2234,ails2_etaMax1.000_stoppingTime864000.00,800479.0,447102.7566022949
2235,ails2_etaMax1.000_stoppingTime864000.00,800471.0,447413.9856022949
2236,ails2_etaMax1.000_stoppingTime864000.00,800457.0,447414.6796022949
2237,ails2_etaMax1.000_stoppingTime864000.00,800453.0,447863.0676022949
2238,ails2_etaMax1.000_stoppingTime864000.00,800415.0,447912.6326022949
2239,ails2_etaMax1.000_stoppingTime1728000.00,804790.0,449509.53260229493
2240,ails2_etaMax1.000_stoppingTime1728000.00,804204.0,449559.5016022949
2241,ails2_etaMax1.000_stoppingTime864000.00,800399.0,451036.8506022949
2242,ails2_etaMax1.000_stoppingTime864000.00,800311.0,451039.3176022949
2243,HGS-TV,798394.0,451514.2941918373
2244,HGS-TV,798394.0,451574.50007390976
2245,HGS-TV,798394.0,451635.3536441326
2246,HGS-TV,798394.0,451695.598184824
2247,HGS-TV,798394.0,451756.5266997814
2248,HGS-TV,798394.0,451817.5511586666
2249,HGS-TV,798394.0,451928.95154976845
2250,HGS-TV,798394.0,451989.65238046646
2251,HGS-TV,798394.0,452050.1286318302
2252,HGS-TV,798394.0,452256.9591329098
2253,HGS-TV,798394.0,452400.9420530796
2254,HGS-TV,798394.0,452598.983376503
2255,HGS-TV,798394.0,452671.89519429207
2256,HGS-TV,798394.0,452732.74429249763
2257,HGS-TV,798394.0,452934.86675167084
2258,HGS-TV,798394.0,453527.51610922813
2259,HGS-TV,798394.0,453608.89171242714
2260,HGS-TV,798394.0,453676.17956495285
2261,HGS-TV,798394.0,454273.128046751
2262,HGS-TV,798394.0,454600.56908011436
2263,ails2_etaMax1.000_stoppingTime864000.00,800286.0,454689.3866022949
2264,ails2_etaMax1.000_stoppingTime864000.00,800192.0,454696.5656022949
2265,HGS-TV,798394.0,454996.6729211807
2266,HGS-TV,798394.0,455120.9511613846
2267,HGS-TV,798394.0,455181.6996335983
2268,HGS-TV,798394.0,456241.7604343891
2269,HGS-TV,798394.0,456903.32631874084
2270,HGS-TV,798394.0,458182.31064510345
2271,HGS-TV,798394.0,458243.06250977516
2272,HGS-TV,798394.0,458522.6725871563
2273,HGS-TV,798394.0,462384.0114684105
2274,HGS-TV,798394.0,463522.37120199203
2275,HGS-TV,798394.0,465144.6194984913
2276,ails2_etaMax1.000_stoppingTime864000.00,800171.0,465816.05860229494
2277,HGS-TV,798394.0,466960.1211745739
2278,ails2_etaMax1.000_stoppingTime864000.00,800158.0,466973.6806022949
2279,ails2_etaMax1.000_stoppingTime864000.00,800143.0,466975.8926022949
2280,HGS-TV,798394.0,467038.22366666794
2281,HGS-TV,798394.0,468330.2504143715
2282,ails2_etaMax1.000_stoppingTime864000.00,800125.0,468564.41160229495
2283,ails2_etaMax1.000_stoppingTime864000.00,799938.0,468594.8236022949
2284,HGS-TV,798394.0,470129.3875079155
2285,HGS-TV,798394.0,471136.6164548397
2286,HGS-TV,798394.0,472898.5027689934
2287,HGS-TV,798394.0,475710.3911457062
2288,HGS-TV,798394.0,477157.7149591446
2289,HGS-TV,798394.0,477966.94220018387
2290,ails2_etaMax1.000_stoppingTime864000.00,799936.0,481478.7846022949
2291,ails2_etaMax1.000_stoppingTime864000.00,799857.0,481487.39060229494
2292,ails2_etaMax1.000_stoppingTime864000.00,799856.0,481961.1686022949
2293,HGS-TV,798394.0,482881.424172163
2294,ails2_etaMax1.000_stoppingTime864000.00,799845.0,482939.7306022949
2295,ails2_etaMax1.000_stoppingTime864000.00,799830.0,482940.0986022949
2296,ails2_etaMax1.000_stoppingTime864000.00,799788.0,483013.1156022949
2297,HGS-TV,798394.0,483621.15257668495
2298,HGS-TV,798394.0,483723.6845500469
2299,HGS-TV,798394.0,485952.7960691452
2300,HGS-TV,798394.0,487064.5029094219
2301,HGS-TV,798394.0,487438.0677597523
2302,HGS-TV,798394.0,487696.2628059387
2303,ails2_etaMax1.000_stoppingTime864000.00,799774.0,490180.43360229494
2304,ails2_etaMax1.000_stoppingTime864000.00,799762.0,490204.0766022949
2305,ails2_etaMax1.000_stoppingTime864000.00,799761.0,492925.2806022949
2306,ails2_etaMax1.000_stoppingTime864000.00,799632.0,492939.2526022949
2307,HGS-TV,798394.0,495538.12773537636
2308,HGS-TV,798394.0,496092.41180586815
2309,ails2_etaMax1.000_stoppingTime1728000.00,804142.0,496424.51560229494
2310,ails2_etaMax1.000_stoppingTime1728000.00,803959.0,496428.18460229493
2311,HGS-TV,798394.0,496715.3557960987
2312,HGS-TV,798394.0,497787.07707619667
2313,HGS-TV,798394.0,499510.21130013466
2314,ails2_etaMax1.000_stoppingTime864000.00,799624.0,499828.2196022949
2315,ails2_etaMax1.000_stoppingTime864000.00,799578.0,499829.07560229494
2316,HGS-TV,798394.0,500367.36264419556
2317,ails2_etaMax1.000_stoppingTime864000.00,799577.0,500890.4756022949
2318,ails2_etaMax1.000_stoppingTime864000.00,799551.0,500893.5926022949
2319,ails2_etaMax1.000_stoppingTime864000.00,799549.0,501052.3176022949
2320,ails2_etaMax1.000_stoppingTime864000.00,799538.0,501052.6436022949
2321,HGS-TV,798394.0,502413.2838435173
2322,HGS-TV,798394.0,502939.43344664574
2323,HGS-TV,798394.0,503171.1903319359
2324,HGS-TV,798394.0,504508.24545383453
2325,HGS-TV,798394.0,504985.2703034878
2326,ails2_etaMax1.000_stoppingTime864000.00,799528.0,505429.9376022949
2327,ails2_etaMax1.000_stoppingTime864000.00,799522.0,505511.15660229494
2328,ails2_etaMax1.000_stoppingTime864000.00,799516.0,505519.53660229495
2329,ails2_etaMax1.000_stoppingTime864000.00,799512.0,505759.4096022949
2330,ails2_etaMax1.000_stoppingTime864000.00,799404.0,505766.95660229493
2331,HGS-TV,798394.0,506344.29995179176
2332,HGS-TV,798394.0,506889.56333327293
2333,HGS-TV,798394.0,507233.30033540726
2334,HGS-TV,798394.0,508434.01730537415
2335,HGS-TV,798394.0,510405.9465882778
2336,HGS-TV,798394.0,512175.57427191734
2337,HGS-TV,798394.0,514795.79806804657
2338,HGS-TV,798394.0,515469.0374248028
2339,HGS-TV,798394.0,516914.7758870125
2340,HGS-TV,798394.0,517117.320050478
2341,HGS-TV,798394.0,518027.84510970116
2342,HGS-TV,798394.0,518370.02305579185
2343,HGS-TV,798394.0,518796.635068655
2344,HGS-TV,798394.0,519028.2407324314
2345,HGS-TV,798394.0,519521.72969031334
2346,HGS-TV,798394.0,520309.3988144398
2347,HGS-TV,798394.0,521908.0747833252
2348,HGS-TV,798394.0,521968.7472472191
2349,HGS-TV,798394.0,522323.625569582
2350,HGS-TV,798394.0,523493.3095076084
2351,HGS-TV,798394.0,523697.5057518482
2352,ails2_etaMax1.000_stoppingTime864000.00,799396.0,524420.8186022949
2353,HGS-TV,798394.0,524460.5619599819
2354,ails2_etaMax1.000_stoppingTime864000.00,799366.0,524421.327602295
2355,ails2_etaMax1.000_stoppingTime1728000.00,803947.0,526001.3906022949
2356,ails2_etaMax1.000_stoppingTime1728000.00,803578.0,526022.7456022949
2357,HGS-TV,798394.0,526632.2465822697
2358,HGS-TV,798394.0,527335.4921092987
2359,HGS-TV,798394.0,528067.484131813
2360,HGS-TV,798394.0,528695.8957550526
2361,HGS-TV,798394.0,531578.3449728489
2362,HGS-TV,798394.0,531852.0993492603
2363,ails2_etaMax1.000_stoppingTime864000.00,799359.0,531959.5466022949
2364,ails2_etaMax1.000_stoppingTime864000.00,799352.0,531961.0706022949
2365,HGS-TV,798394.0,532566.4757399559
2366,HGS-TV,798394.0,532720.3894636631
2367,HGS-TV,798394.0,533722.060798645
2368,HGS-TV,798394.0,533887.4021410942
2369,HGS-TV,798394.0,534099.2612855434
2370,HGS-TV,798394.0,534925.2193112373
2371,HGS-TV,798394.0,535750.2826766968
2372,HGS-TV,798394.0,535955.1170330048
2373,HGS-TV,798394.0,536832.4102036953
2374,ails2_etaMax1.000_stoppingTime864000.00,799350.0,537003.2576022949
2375,ails2_etaMax1.000_stoppingTime864000.00,799321.0,537004.895602295
2376,HGS-TV,798394.0,537405.1547353268
2377,HGS-TV,798394.0,538817.383761406
2378,HGS-TV,798394.0,539710.1117398739
2379,HGS-TV,798394.0,540285.3816819191
2380,HGS-TV,798394.0,540762.2217497826
2381,HGS-TV,798394.0,540822.5055296421
2382,HGS-TV,798394.0,541300.6911432743
2383,ails2_etaMax1.000_stoppingTime864000.00,799318.0,542189.8186022949
2384,ails2_etaMax1.000_stoppingTime864000.00,799297.0,542198.3366022949
2385,ails2_etaMax1.000_stoppingTime864000.00,799218.0,542307.9336022949
2386,HGS-TV,798394.0,542436.1843345165
2387,HGS-TV,798394.0,542935.6339819431
2388,HGS-TV,798394.0,544755.440778017
2389,HGS-TV,798394.0,547120.183496952
2390,HGS-TV,798394.0,547199.1721844673
2391,HGS-TV,798394.0,547399.623467207
2392,HGS-TV,798394.0,548353.9626455307
2393,ails2_etaMax1.000_stoppingTime864000.00,799216.0,548461.6956022949
2394,ails2_etaMax1.000_stoppingTime864000.00,799102.0,548485.665602295
2395,HGS-TV,798394.0,549902.8395695686
2396,HGS-TV,798394.0,550281.4746408463
2397,ails2_etaMax1.000_stoppingTime864000.00,799093.0,552103.297602295
2398,ails2_etaMax1.000_stoppingTime864000.00,799052.0,552121.422602295
2399,HGS-TV,798394.0,552600.0959830284
2400,ails2_etaMax1.000_stoppingTime864000.00,799051.0,553625.1186022949
2401,ails2_etaMax1.000_stoppingTime864000.00,799031.0,553625.224602295
2402,HGS-TV,798394.0,553728.7672214508
2403,HGS-TV,798394.0,554023.3296661377
2404,ails2_etaMax1.000_stoppingTime864000.00,799021.0,554084.9626022949
2405,HGS-TV,798394.0,554764.4311649799
2406,HGS-TV,798394.0,555540.7735078335
2407,HGS-TV,798394.0,557252.9094774723
2408,HGS-TV,798394.0,557404.5368587971
2409,ails2_etaMax1.000_stoppingTime1728000.00,803562.0,559680.4436022949
2410,ails2_etaMax1.000_stoppingTime1728000.00,803508.0,559683.5376022949
2411,HGS-TV,798394.0,560193.9079825878
2412,HGS-TV,798394.0,565951.3754937649
2413,ails2_etaMax1.000_stoppingTime864000.00,799016.0,566406.5596022949
2414,ails2_etaMax1.000_stoppingTime864000.00,798985.0,566440.6666022949
2415,ails2_etaMax1.000_stoppingTime864000.00,798980.0,566556.670602295
2416,ails2_etaMax1.000_stoppingTime864000.00,798979.0,567432.1966022949
2417,ails2_etaMax1.000_stoppingTime864000.00,798977.0,574515.1576022949
2418,ails2_etaMax1.000_stoppingTime864000.00,798919.0,574519.3896022949
2419,ails2_etaMax1.000_stoppingTime864000.00,798895.0,574586.7336022949
2420,ails2_etaMax1.000_stoppingTime864000.00,798891.0,576049.8336022949
2421,ails2_etaMax1.000_stoppingTime864000.00,798872.0,576081.9396022949
2422,ails2_etaMax1.000_stoppingTime864000.00,798862.0,576114.8206022949
2423,ails2_etaMax1.000_stoppingTime864000.00,798858.0,576943.645602295
2424,ails2_etaMax1.000_stoppingTime864000.00,798852.0,576945.1106022949
2425,ails2_etaMax0.010_stoppingTime432000.00,798394.0,582408.2256022949
2426,ails2_etaMax0.010_stoppingTime432000.00,798381.0,582409.8726022949
2427,ails2_etaMax1.000_stoppingTime1728000.00,803501.0,582849.427602295
2428,ails2_etaMax1.000_stoppingTime1728000.00,803290.0,582851.7446022949
2429,filo2,798367.0,583731.5439939499
2430,HGS-TV,798357.0,588697.8009643555
2431,ails2_etaMax1.000_stoppingTime864000.00,798851.0,591535.6496022949
2432,ails2_etaMax1.000_stoppingTime864000.00,798805.0,591548.7556022949
2433,ails2_etaMax1.000_stoppingTime864000.00,798784.0,591620.2966022949
2434,HGS-TV,798355.0,591950.7738103867
2435,HGS-TV,798354.0,592011.7890646458
2436,HGS-TV,798353.0,592074.7617459297
2437,HGS-TV,798351.0,592243.3656072617
2438,HGS-TV,798350.0,592463.3572366238
2439,HGS-TV,798349.0,592531.6268012524
2440,HGS-TV,798348.0,593128.9643871784
2441,HGS-TV,798346.0,593793.190362215
2442,HGS-TV,798345.0,600024.5751001835
2443,ails2_etaMax1.000_stoppingTime864000.00,798783.0,600066.7116022949
2444,ails2_etaMax1.000_stoppingTime864000.00,798761.0,600072.9396022949
2445,ails2_etaMax1.000_stoppingTime864000.00,798760.0,600890.1376022949
2446,ails2_etaMax1.000_stoppingTime864000.00,798747.0,600950.829602295
2447,ails2_etaMax1.000_stoppingTime864000.00,798722.0,600978.0716022949
2448,ails2_etaMax1.000_stoppingTime1728000.00,803285.0,601812.2036022949
2449,ails2_etaMax1.000_stoppingTime1728000.00,803279.0,601813.084602295
2450,ails2_etaMax1.000_stoppingTime1728000.00,803244.0,602549.052602295
2451,ails2_etaMax1.000_stoppingTime1728000.00,803157.0,602549.7526022949
2452,HGS-TV,798343.0,603662.850454092
2453,ails2_etaMax1.000_stoppingTime864000.00,798720.0,604998.6296022949
2454,ails2_etaMax1.000_stoppingTime864000.00,798703.0,605001.628602295
2455,ails2_etaMax1.000_stoppingTime864000.00,798652.0,605108.7016022949
2456,ails2_etaMax1.000_stoppingTime864000.00,798624.0,605126.7676022949
2457,ails2_etaMax0.010_stoppingTime432000.00,798380.0,608137.283602295
2458,ails2_etaMax0.010_stoppingTime432000.00,798377.0,608162.8096022949
2459,ails2_etaMax0.010_stoppingTime432000.00,798371.0,608872.3876022949
2460,ails2_etaMax0.010_stoppingTime432000.00,798362.0,608894.155602295
2461,HGS-TV,798341.0,609876.7604665756
2462,HGS-TV,798340.0,610175.7245919704
2463,ails2_etaMax1.000_stoppingTime864000.00,798623.0,610606.5246022949
2464,ails2_etaMax1.000_stoppingTime864000.00,798609.0,610606.9396022949
2465,ails2_etaMax0.010_stoppingTime432000.00,798361.0,610674.459602295
2466,ails2_etaMax0.010_stoppingTime432000.00,798345.0,610677.6146022949
2467,HGS-TV,798339.0,610816.9128222466
2468,HGS-TV,798336.0,610877.4938733578
2469,ails2_etaMax1.000_stoppingTime864000.00,798602.0,611380.3266022949
2470,ails2_etaMax1.000_stoppingTime864000.00,798598.0,611380.432602295
2471,ails2_etaMax1.000_stoppingTime1728000.00,803154.0,612621.6886022949
2472,ails2_etaMax0.010_stoppingTime432000.00,798344.0,612648.1076022949
2473,ails2_etaMax1.000_stoppingTime1728000.00,803011.0,612622.846602295
2474,HGS-TV,798335.0,613332.4568750858
2475,ails2_etaMax1.000_stoppingTime864000.00,798597.0,614475.3926022949
2476,ails2_etaMax1.000_stoppingTime864000.00,798551.0,614520.1566022949
2477,ails2_etaMax0.010_stoppingTime432000.00,798342.0,614886.4196022949
2478,ails2_etaMax0.010_stoppingTime432000.00,798337.0,614898.383602295
2479,ails2_etaMax1.000_stoppingTime864000.00,798550.0,614959.207602295
2480,ails2_etaMax0.010_stoppingTime432000.00,798331.0,614984.2176022949
2481,ails2_etaMax1.000_stoppingTime864000.00,798517.0,615003.371602295
2482,ails2_etaMax0.010_stoppingTime432000.00,798330.0,615267.2996022949
2483,ails2_etaMax0.010_stoppingTime432000.00,798329.0,615267.415602295
2484,ails2_etaMax0.010_stoppingTime432000.00,798325.0,616849.964602295
2485,ails2_etaMax0.010_stoppingTime432000.00,798323.0,619372.8376022949
2486,ails2_etaMax0.010_stoppingTime432000.00,798321.0,619373.9416022949
2487,ails2_etaMax0.010_stoppingTime432000.00,798320.0,619622.7226022949
2488,filo2,798309.0,619674.9645884037
2489,ails2_etaMax0.010_stoppingTime432000.00,798319.0,621562.6076022949
2490,ails2_etaMax0.010_stoppingTime432000.00,798317.0,621563.2186022949
2491,filo2,798308.0,623274.0350234509
2492,HGS-TV,798298.0,624013.533570528
2493,ails2_etaMax1.000_stoppingTime864000.00,798511.0,625130.964602295
2494,ails2_etaMax1.000_stoppingTime864000.00,798489.0,625143.8266022949
2495,ails2_etaMax1.000_stoppingTime864000.00,798465.0,625237.8416022949
2496,filo2,798297.0,626915.4453957081
2497,ails2_etaMax1.000_stoppingTime864000.00,798452.0,627323.800602295
2498,ails2_etaMax1.000_stoppingTime864000.00,798448.0,627325.332602295
2499,HGS-TV,798297.0,628010.6412613392
2500,ails2_etaMax1.000_stoppingTime1728000.00,802972.0,628392.3996022949
2501,ails2_etaMax1.000_stoppingTime1728000.00,802929.0,628392.7426022949
2502,HGS-TV,798296.0,628807.7500638962
2503,ails2_etaMax1.000_stoppingTime1728000.00,802927.0,629369.6366022949
2504,ails2_etaMax1.000_stoppingTime1728000.00,802564.0,629377.6346022949
2505,ails2_etaMax1.000_stoppingTime1728000.00,802391.0,629486.7166022949
2506,HGS-TV,798293.0,629565.455696106
2507,HGS-TV,798292.0,630104.5792822838
2508,HGS-TV,798291.0,630388.2640028
2509,HGS-TV,798290.0,630547.622787714
2510,HGS-TV,798289.0,632105.5627639294
2511,HGS-TV,798288.0,633521.6011323929
2512,ails2_etaMax1.000_stoppingTime864000.00,798447.0,635256.1986022949
2513,ails2_etaMax1.000_stoppingTime864000.00,798444.0,635256.388602295
2514,HGS-TV,798287.0,635431.2790944576
2515,HGS-TV,798286.0,636026.3674347401
2516,ails2_etaMax1.000_stoppingTime1728000.00,802352.0,637146.9906022949
2517,ails2_etaMax1.000_stoppingTime1728000.00,802263.0,637153.8826022949
2518,HGS-TV,798285.0,639458.877671957
2519,ails2_etaMax0.010_stoppingTime432000.00,798309.0,639702.8856022949
2520,ails2_etaMax0.010_stoppingTime432000.00,798308.0,639703.557602295
2521,ails2_etaMax1.000_stoppingTime864000.00,798439.0,641996.155602295
2522,ails2_etaMax1.000_stoppingTime864000.00,798431.0,642006.753602295
2523,ails2_etaMax0.010_stoppingTime432000.00,798307.0,642261.1416022949
2524,ails2_etaMax0.010_stoppingTime432000.00,798304.0,642262.4026022949
2525,ails2_etaMax0.010_stoppingTime432000.00,798303.0,642741.8036022949
2526,ails2_etaMax0.010_stoppingTime432000.00,798302.0,642741.8706022949
2527,ails2_etaMax1.000_stoppingTime864000.00,798429.0,643764.7116022949
2528,ails2_etaMax1.000_stoppingTime864000.00,798424.0,643774.040602295
2529,ails2_etaMax1.000_stoppingTime864000.00,798420.0,644557.8476022949
2530,ails2_etaMax1.000_stoppingTime864000.00,798393.0,644583.6746022949
2531,ails2_etaMax1.000_stoppingTime864000.00,798387.0,646294.148602295
2532,ails2_etaMax0.010_stoppingTime432000.00,798301.0,646329.0636022949
2533,ails2_etaMax1.000_stoppingTime864000.00,798384.0,646294.2676022949
2534,ails2_etaMax0.010_stoppingTime432000.00,798290.0,646332.425602295
2535,HGS-TV,798285.0,651629.1191267967
2536,HGS-TV,798285.0,651689.9026329517
2537,HGS-TV,798285.0,651750.2816169262
2538,HGS-TV,798285.0,651810.5390138626
2539,HGS-TV,798285.0,651870.9005072117
2540,HGS-TV,798285.0,651947.7915246487
2541,HGS-TV,798285.0,652008.2926077843
2542,HGS-TV,798285.0,652068.8802127838
2543,HGS-TV,798285.0,652129.2809412479
2544,HGS-TV,798285.0,652211.7283658981
2545,HGS-TV,798285.0,652314.2430279255
2546,HGS-TV,798285.0,652820.9685971737
2547,HGS-TV,798285.0,652881.3211922646
2548,HGS-TV,798285.0,653200.7509999275
2549,HGS-TV,798285.0,653558.7591495514
2550,HGS-TV,798285.0,653679.4152019024
2551,HGS-TV,798285.0,655073.2999298573
2552,HGS-TV,798285.0,655835.6249492168
2553,HGS-TV,798285.0,657323.0411946774
2554,ails2_etaMax1.000_stoppingTime1728000.00,802219.0,657422.1376022949
2555,ails2_etaMax1.000_stoppingTime1728000.00,802217.0,657422.2226022949
2556,HGS-TV,798285.0,657653.6983158588
2557,ails2_etaMax0.010_stoppingTime432000.00,798289.0,657734.9736022949
2558,ails2_etaMax0.010_stoppingTime432000.00,798282.0,657738.922602295
2559,HGS-TV,798268.0,661563.6574201584
2560,HGS-TV,798266.0,664051.8827741146
2561,HGS-TV,798264.0,664112.9300112724
2562,HGS-TV,798261.0,664911.9955279827
2563,HGS-TV,798258.0,666076.4929881096
2564,HGS-TV,798255.0,666618.7426905632
2565,ails2_etaMax0.010_stoppingTime432000.00,798281.0,669190.2256022949
2566,ails2_etaMax0.010_stoppingTime432000.00,798278.0,669192.7306022949
2567,HGS-TV,798254.0,669564.7530958652
2568,HGS-TV,798253.0,670588.5270135403
2569,ails2_etaMax1.000_stoppingTime864000.00,798381.0,674004.854602295
2570,ails2_etaMax1.000_stoppingTime864000.00,798373.0,674013.0876022949
2571,ails2_etaMax1.000_stoppingTime864000.00,798372.0,676618.8856022949
2572,ails2_etaMax1.000_stoppingTime864000.00,798369.0,676620.2176022949
2573,ails2_etaMax1.000_stoppingTime1728000.00,802213.0,678768.5116022949
2574,ails2_etaMax1.000_stoppingTime1728000.00,802105.0,678772.3626022949
2575,ails2_etaMax1.000_stoppingTime864000.00,798367.0,678883.4566022949
2576,ails2_etaMax1.000_stoppingTime864000.00,798360.0,678890.4676022949
2577,ails2_etaMax1.000_stoppingTime1728000.00,802089.0,679626.8306022949
2578,ails2_etaMax1.000_stoppingTime1728000.00,802018.0,679627.052602295
2579,ails2_etaMax1.000_stoppingTime864000.00,798357.0,680418.2556022949
2580,ails2_etaMax1.000_stoppingTime864000.00,798356.0,681624.9186022949
2581,ails2_etaMax1.000_stoppingTime864000.00,798354.0,681625.2256022949
2582,HGS-TV,798253.0,681943.325378418
2583,HGS-TV,798253.0,682003.5589120388
2584,HGS-TV,798253.0,682063.8580374718
2585,HGS-TV,798253.0,682124.8888316154
2586,HGS-TV,798253.0,682185.6261334419
2587,HGS-TV,798253.0,682245.791254282
2588,HGS-TV,798253.0,682329.442211628
2589,HGS-TV,798253.0,682390.1153821945
2590,ails2_etaMax1.000_stoppingTime1728000.00,802016.0,682411.082602295
2591,ails2_etaMax1.000_stoppingTime1728000.00,801829.0,682412.8626022949
2592,HGS-TV,798253.0,682626.1721699238
2593,HGS-TV,798253.0,682686.9825034142
2594,HGS-TV,798253.0,682747.7033481598
2595,HGS-TV,798253.0,682870.1980717182
2596,HGS-TV,798253.0,683505.7892763615
2597,HGS-TV,798253.0,683874.6503582001
2598,HGS-TV,798253.0,684078.0774130821
2599,HGS-TV,798253.0,684138.2902507782
2600,HGS-TV,798253.0,684590.9774911404
2601,ails2_etaMax1.000_stoppingTime864000.00,798352.0,684613.055602295
2602,HGS-TV,798253.0,684651.9428985119
2603,ails2_etaMax1.000_stoppingTime864000.00,798350.0,684613.1036022949
2604,HGS-TV,798253.0,684767.057674408
2605,HGS-TV,798253.0,685072.3461222649
2606,HGS-TV,798253.0,685150.1720662117
2607,HGS-TV,798253.0,685427.6394093037
2608,HGS-TV,798253.0,685488.6829278469
2609,HGS-TV,798253.0,685577.7313115597
2610,HGS-TV,798253.0,686483.6334605217
2611,HGS-TV,798253.0,686853.5681836605
2612,ails2_etaMax1.000_stoppingTime864000.00,798349.0,686863.2866022949
2613,HGS-TV,798253.0,686913.9313333035
2614,ails2_etaMax1.000_stoppingTime864000.00,798335.0,686913.4066022949
2615,HGS-TV,798253.0,687881.6857614517
2616,HGS-TV,798253.0,687942.0352921486
2617,HGS-TV,798253.0,688002.4506390095
2618,HGS-TV,798253.0,688600.779045105
2619,HGS-TV,798253.0,688895.5255401134
2620,HGS-TV,798253.0,689349.6273295879
2621,ails2_etaMax1.000_stoppingTime864000.00,798332.0,689790.3916022949
2622,ails2_etaMax1.000_stoppingTime864000.00,798327.0,689792.0756022949
2623,HGS-TV,798253.0,690476.9954903126
2624,HGS-TV,798253.0,690538.0515685081
2625,HGS-TV,798253.0,694262.9592456818
2626,HGS-TV,798253.0,695922.3829181194
2627,HGS-TV,798253.0,696741.1573939323
2628,ails2_etaMax1.000_stoppingTime864000.00,798325.0,696789.9396022949
2629,HGS-TV,798253.0,697347.7587821484
2630,HGS-TV,798253.0,697407.8691408634
2631,ails2_etaMax0.010_stoppingTime432000.00,798277.0,697546.7576022949
2632,ails2_etaMax0.010_stoppingTime432000.00,798272.0,697552.420602295
2633,ails2_etaMax1.000_stoppingTime1728000.00,801818.0,697861.9886022949
2634,HGS-TV,798253.0,697906.026204586
2635,ails2_etaMax1.000_stoppingTime1728000.00,801650.0,697864.322602295
2636,ails2_etaMax1.000_stoppingTime1728000.00,801502.0,697956.3316022949
2637,HGS-TV,798253.0,698245.7959361076
2638,HGS-TV,798253.0,698949.2526917458
2639,HGS-TV,798253.0,699267.99152565
2640,HGS-TV,798253.0,699337.1695075035
2641,HGS-TV,798253.0,699759.2830574512
2642,ails2_etaMax0.010_stoppingTime432000.00,798271.0,700636.185602295
2643,HGS-TV,798253.0,700704.7298879623
2644,ails2_etaMax0.010_stoppingTime432000.00,798270.0,701150.5696022949
2645,ails2_etaMax1.000_stoppingTime864000.00,798323.0,701238.856602295
2646,ails2_etaMax1.000_stoppingTime864000.00,798314.0,701241.0486022949
2647,ails2_etaMax0.010_stoppingTime432000.00,798268.0,701597.7606022949
2648,ails2_etaMax0.010_stoppingTime432000.00,798267.0,701597.871602295
2649,HGS-TV,798253.0,701943.6949501038
2650,ails2_etaMax0.010_stoppingTime432000.00,798265.0,702413.6916022949
2651,ails2_etaMax0.010_stoppingTime432000.00,798263.0,702431.6896022949
2652,ails2_etaMax0.010_stoppingTime432000.00,798262.0,703101.3896022949
2653,ails2_etaMax0.010_stoppingTime432000.00,798261.0,703101.430602295
2654,ails2_etaMax0.010_stoppingTime432000.00,798259.0,703369.3386022949
2655,HGS-TV,798253.0,703394.5538346767
2656,HGS-TV,798253.0,704453.2604615688
2657,HGS-TV,798253.0,706627.4819242954
2658,HGS-TV,798253.0,706962.7938735485
2659,HGS-TV,798253.0,707677.5610032082
2660,HGS-TV,798253.0,709146.8993256092
2661,HGS-TV,798253.0,709683.066398859
2662,HGS-TV,798253.0,710224.8640491962
2663,HGS-TV,798253.0,710924.5881178379
2664,HGS-TV,798253.0,711682.7304041386
2665,HGS-TV,798253.0,712543.6798326969
2666,HGS-TV,798253.0,712944.6199615002
2667,HGS-TV,798253.0,715390.6472547054
2668,HGS-TV,798253.0,715874.8141441345
2669,ails2_etaMax0.010_stoppingTime432000.00,798258.0,717224.1716022949
2670,HGS-TV,798253.0,717540.3406288624
2671,HGS-TV,798253.0,717939.6143374443
2672,ails2_etaMax1.000_stoppingTime1728000.00,801501.0,719313.366602295
2673,ails2_etaMax1.000_stoppingTime1728000.00,801480.0,719315.574602295
2674,ails2_etaMax1.000_stoppingTime864000.00,798312.0,719804.1696022949
2675,ails2_etaMax1.000_stoppingTime864000.00,798309.0,719853.2386022949
2676,HGS-TV,798253.0,720453.4473600388
2677,HGS-TV,798253.0,720592.8499512672
2678,ails2_etaMax0.010_stoppingTime432000.00,798257.0,721095.952602295
2679,HGS-TV,798253.0,721465.0684304237
2680,ails2_etaMax1.000_stoppingTime1728000.00,801458.0,722016.873602295
2681,HGS-TV,798253.0,722043.3966200352
2682,ails2_etaMax1.000_stoppingTime1728000.00,801440.0,722018.8116022949
2683,HGS-TV,798253.0,722103.5344288349
2684,HGS-TV,798253.0,722163.7524211407
2685,HGS-TV,798253.0,723853.3115668297
2686,HGS-TV,798253.0,724115.5560896397
2687,ails2_etaMax0.010_stoppingTime432000.00,798254.0,725361.425602295
2688,HGS-TV,798253.0,725848.7042002678
2689,ails2_etaMax0.010_stoppingTime432000.00,798252.0,726508.0516022949
2690,HGS-TV,798253.0,726624.7649919987
2691,ails2_etaMax0.010_stoppingTime432000.00,798251.0,726733.802602295
2692,HGS-TV,798253.0,726908.8015580177
2693,ails2_etaMax1.000_stoppingTime864000.00,798307.0,726950.3996022949
2694,filo2,798239.0,727684.5034687519
2695,ails2_etaMax1.000_stoppingTime864000.00,798305.0,728253.0446022949
2696,ails2_etaMax1.000_stoppingTime864000.00,798302.0,728267.1566022949
2697,ails2_etaMax1.000_stoppingTime864000.00,798301.0,729462.084602295
2698,ails2_etaMax1.000_stoppingTime864000.00,798297.0,729507.3186022949
2699,HGS-TV,798240.0,729841.451477766
2700,ails2_etaMax1.000_stoppingTime864000.00,798296.0,730456.361602295
2701,ails2_etaMax1.000_stoppingTime864000.00,798291.0,730457.503602295
2702,HGS-TV,798239.0,730759.1189241409
2703,filo2,798238.0,731303.2422499657
2704,ails2_etaMax1.000_stoppingTime864000.00,798290.0,733895.1676022949
2705,ails2_etaMax1.000_stoppingTime864000.00,798284.0,733905.410602295
2706,ails2_etaMax1.000_stoppingTime864000.00,798282.0,734027.9456022949
2707,ails2_etaMax1.000_stoppingTime864000.00,798280.0,734028.155602295
2708,HGS-TV,798234.0,734882.18334198
2709,HGS-TV,798233.0,737709.367112875
2710,HGS-TV,798232.0,738216.371991396
2711,ails2_etaMax1.000_stoppingTime1728000.00,801434.0,738325.2846022949
2712,ails2_etaMax1.000_stoppingTime1728000.00,801299.0,738372.275602295
2713,HGS-TV,798231.0,738438.8488383293
2714,ails2_etaMax1.000_stoppingTime1728000.00,801294.0,738639.8476022949
2715,ails2_etaMax1.000_stoppingTime1728000.00,801252.0,738640.2306022949
2716,HGS-TV,798230.0,739231.8050439358
2717,HGS-TV,798229.0,740246.608259201
2718,HGS-TV,798228.0,740591.488312006
2719,ails2_etaMax1.000_stoppingTime1728000.00,801227.0,740599.7276022949
2720,HGS-TV,798227.0,740652.0069351196
2721,ails2_etaMax1.000_stoppingTime1728000.00,801152.0,740601.170602295
2722,ails2_etaMax1.000_stoppingTime1728000.00,801146.0,740746.270602295
2723,ails2_etaMax1.000_stoppingTime1728000.00,801019.0,740748.072602295
2724,HGS-TV,798226.0,740864.0072274208
2725,HGS-TV,798225.0,741271.3362653255
2726,ails2_etaMax1.000_stoppingTime1728000.00,801002.0,745294.8236022949
2727,ails2_etaMax1.000_stoppingTime864000.00,798279.0,746159.2916022949
2728,ails2_etaMax1.000_stoppingTime864000.00,798275.0,746162.366602295
2729,ails2_etaMax1.000_stoppingTime864000.00,798274.0,747438.3626022949
2730,HGS-TV,798221.0,747667.0975387096
2731,HGS-TV,798220.0,749325.9315145016
2732,ails2_etaMax1.000_stoppingTime1728000.00,801000.0,750617.3806022949
2733,ails2_etaMax1.000_stoppingTime1728000.00,800913.0,750676.047602295
2734,ails2_etaMax1.000_stoppingTime1728000.00,800893.0,750849.2986022949
2735,ails2_etaMax1.000_stoppingTime1728000.00,800824.0,750849.9996022949
2736,HGS-TV,798219.0,752456.7029287815
2737,HGS-TV,798218.0,753201.890532732
2738,HGS-TV,798217.0,753311.8671908379
2739,HGS-TV,798216.0,753502.7577195168
2740,ails2_etaMax0.010_stoppingTime432000.00,798250.0,761260.0656022949
2741,ails2_etaMax0.010_stoppingTime432000.00,798242.0,761261.687602295
2742,ails2_etaMax1.000_stoppingTime1728000.00,800822.0,762219.1816022949
2743,ails2_etaMax1.000_stoppingTime1728000.00,800656.0,762221.5296022949
2744,ails2_etaMax1.000_stoppingTime864000.00,798273.0,764919.773602295
2745,ails2_etaMax1.000_stoppingTime864000.00,798270.0,764920.2446022949
2746,HGS-TV,798216.0,765406.1063535213
2747,HGS-TV,798216.0,765466.6977500916
2748,HGS-TV,798216.0,765526.7035114765
2749,HGS-TV,798216.0,765587.6518702507
2750,HGS-TV,798216.0,765648.6258804798
2751,HGS-TV,798216.0,765708.9865515232
2752,HGS-TV,798216.0,765857.18486166
2753,HGS-TV,798216.0,765918.2554688454
2754,HGS-TV,798216.0,765979.2227368355
2755,HGS-TV,798216.0,766039.7870678902
2756,HGS-TV,798216.0,766100.2530608177
2757,HGS-TV,798216.0,766243.1378867626
2758,HGS-TV,798216.0,766348.3895351887
2759,HGS-TV,798216.0,766641.229650259
2760,HGS-TV,798216.0,766701.3849453926
2761,HGS-TV,798216.0,767237.246227026
2762,HGS-TV,798216.0,767344.9671895504
2763,HGS-TV,798216.0,767985.3754885197
2764,HGS-TV,798216.0,768045.9790992737
2765,HGS-TV,798216.0,768106.4200754166
2766,HGS-TV,798216.0,769485.919229269
2767,HGS-TV,798216.0,770409.325627327
2768,HGS-TV,798216.0,770925.2691786289
2769,HGS-TV,798216.0,774176.7683811188
2770,HGS-TV,798216.0,775027.1941449642
2771,HGS-TV,798216.0,775339.124809742
2772,HGS-TV,798216.0,775615.5907249451
2773,HGS-TV,798216.0,776749.1976528168
2774,HGS-TV,798216.0,777162.1692893505
2775,ails2_etaMax1.000_stoppingTime1728000.00,800644.0,779825.572602295
2776,HGS-TV,798216.0,779831.7236323357
2777,ails2_etaMax1.000_stoppingTime1728000.00,800640.0,779825.8146022949
2778,HGS-TV,798216.0,780014.3299417496
2779,HGS-TV,798216.0,781298.9511702061
2780,HGS-TV,798216.0,782142.7086932659
2781,HGS-TV,798216.0,783683.9277336597
2782,HGS-TV,798216.0,783928.3679862022
2783,HGS-TV,798216.0,784626.6113665104
2784,HGS-TV,798216.0,787088.299053669
2785,HGS-TV,798216.0,787965.4120292664
2786,HGS-TV,798216.0,788059.584120512
2787,HGS-TV,798216.0,788587.9576218128
2788,HGS-TV,798216.0,789750.3986749649
2789,HGS-TV,798216.0,789895.8588225842
2790,HGS-TV,798216.0,790118.461325407
2791,HGS-TV,798216.0,790345.369941473
2792,HGS-TV,798216.0,791350.425552845
2793,HGS-TV,798216.0,792972.2255632877
2794,HGS-TV,798216.0,794017.2892515659
2795,HGS-TV,798216.0,794149.3185055256
2796,ails2_etaMax1.000_stoppingTime864000.00,798269.0,794681.8236022949
2797,ails2_etaMax1.000_stoppingTime1728000.00,800627.0,794756.018602295
2798,HGS-TV,798216.0,794822.6784291267
2799,ails2_etaMax1.000_stoppingTime864000.00,798268.0,795968.8236022949
2800,ails2_etaMax1.000_stoppingTime864000.00,798267.0,795968.8966022949
2801,ails2_etaMax0.010_stoppingTime432000.00,798241.0,796140.0126022949
2802,ails2_etaMax1.000_stoppingTime1728000.00,800616.0,797210.895602295
2803,ails2_etaMax1.000_stoppingTime1728000.00,800582.0,797240.687602295
2804,HGS-TV,798216.0,797489.4223103523
2805,ails2_etaMax1.000_stoppingTime864000.00,798266.0,797571.354602295
2806,ails2_etaMax1.000_stoppingTime864000.00,798261.0,797572.1936022949
2807,ails2_etaMax1.000_stoppingTime1728000.00,800579.0,798686.930602295
2808,ails2_etaMax1.000_stoppingTime1728000.00,800576.0,798704.9856022949
2809,ails2_etaMax1.000_stoppingTime864000.00,798260.0,799927.4626022949
2810,ails2_etaMax1.000_stoppingTime864000.00,798258.0,799927.631602295
2811,HGS-TV,798216.0,800507.2357616425
2812,HGS-TV,798216.0,800950.5879704952
2813,HGS-TV,798216.0,801527.1155774593
2814,HGS-TV,798216.0,803535.6145515442
2815,ails2_etaMax1.000_stoppingTime1728000.00,800575.0,806666.4196022949
2816,ails2_etaMax1.000_stoppingTime1728000.00,800562.0,806669.8556022949
2817,ails2_etaMax1.000_stoppingTime1728000.00,800557.0,809024.768602295
2818,ails2_etaMax1.000_stoppingTime1728000.00,800505.0,809027.579602295
2819,ails2_etaMax1.000_stoppingTime1728000.00,800501.0,809624.5976022949
2820,ails2_etaMax1.000_stoppingTime1728000.00,800461.0,809627.1376022949
2821,HGS-TV,798216.0,809841.8227293491
2822,HGS-TV,798216.0,809902.0001425743
2823,ails2_etaMax1.000_stoppingTime1728000.00,800451.0,811132.930602295
2824,ails2_etaMax1.000_stoppingTime1728000.00,800404.0,811181.0096022949
2825,HGS-TV,798216.0,811589.5341067314
2826,ails2_etaMax1.000_stoppingTime1728000.00,800399.0,815834.001602295
2827,ails2_etaMax1.000_stoppingTime1728000.00,800359.0,815839.1426022949
2828,HGS-TV,798216.0,816125.4376609325
2829,ails2_etaMax1.000_stoppingTime1728000.00,800333.0,816247.258602295
2830,ails2_etaMax1.000_stoppingTime1728000.00,800312.0,816250.555602295
2831,HGS-TV,798216.0,818590.7933769226
2832,HGS-TV,798216.0,818953.6460814476
2833,HGS-TV,798216.0,819432.0653243065
2834,HGS-TV,798216.0,819492.6877496243
2835,HGS-TV,798216.0,821254.7190127373
2836,HGS-TV,798216.0,821315.0921683311
2837,ails2_etaMax1.000_stoppingTime1728000.00,800297.0,822032.4116022949
2838,ails2_etaMax1.000_stoppingTime1728000.00,800238.0,822056.5926022949
2839,HGS-TV,798216.0,822928.4104635715
2840,HGS-TV,798216.0,823245.9348123074
2841,HGS-TV,798216.0,823306.9818336964
2842,ails2_etaMax1.000_stoppingTime1728000.00,800219.0,823496.5486022949
2843,ails2_etaMax1.000_stoppingTime1728000.00,800108.0,823545.5096022949
2844,HGS-TV,798216.0,823627.2119481564
2845,ails2_etaMax1.000_stoppingTime1728000.00,800107.0,823861.231602295
2846,ails2_etaMax1.000_stoppingTime1728000.00,800100.0,823862.552602295
2847,HGS-TV,798216.0,823996.0898253918
2848,ails2_etaMax1.000_stoppingTime1728000.00,800085.0,824391.8976022949
2849,ails2_etaMax1.000_stoppingTime1728000.00,800049.0,824392.422602295
2850,ails2_etaMax1.000_stoppingTime1728000.00,800038.0,824589.9686022949
2851,ails2_etaMax1.000_stoppingTime1728000.00,800036.0,824589.998602295
2852,HGS-TV,798216.0,825224.6932106018
2853,HGS-TV,798216.0,826810.4199106693
2854,HGS-TV,798216.0,827524.6639194489
2855,HGS-TV,798216.0,827669.3408493996
2856,HGS-TV,798216.0,828070.5243732929
2857,HGS-TV,798216.0,828154.7270629406
2858,HGS-TV,798216.0,828355.452116251
2859,HGS-TV,798216.0,829018.7920565605
2860,HGS-TV,798216.0,829078.967621088
2861,HGS-TV,798216.0,830242.6656534672
2862,HGS-TV,798216.0,830639.7910838127
2863,HGS-TV,798216.0,830699.95677495
2864,HGS-TV,798216.0,831029.1789083481
2865,HGS-TV,798216.0,831089.9086196423
2866,HGS-TV,798216.0,831176.4364757538
2867,HGS-TV,798216.0,831754.3738126755
2868,HGS-TV,798216.0,832018.4575917721
2869,HGS-TV,798216.0,832079.3902335167
2870,ails2_etaMax1.000_stoppingTime1728000.00,800033.0,832090.6356022949
2871,ails2_etaMax1.000_stoppingTime1728000.00,800001.0,832124.4246022949
2872,ails2_etaMax0.010_stoppingTime432000.00,798240.0,832680.1106022949
2873,HGS-TV,798216.0,832714.5620677471
2874,ails2_etaMax0.010_stoppingTime432000.00,798238.0,832695.096602295
2875,HGS-TV,798216.0,832774.8996646404
2876,HGS-TV,798216.0,832931.4439435005
2877,HGS-TV,798216.0,833008.3143000603
2878,HGS-TV,798216.0,833126.4086692333
2879,HGS-TV,798216.0,833187.3802216053
2880,HGS-TV,798216.0,833599.4780352116
2881,HGS-TV,798216.0,833659.9261627197
2882,HGS-TV,798216.0,834723.1141588688
2883,HGS-TV,798216.0,837149.8410141468
2884,HGS-TV,798216.0,837705.4379966259
2885,HGS-TV,798216.0,837868.221170187
2886,HGS-TV,798216.0,838344.1830506325
2887,HGS-TV,798216.0,838649.7940673828
2888,HGS-TV,798216.0,839201.4858195782
2889,HGS-TV,798216.0,839405.1113452911
2890,HGS-TV,798216.0,839917.8797323704
2891,HGS-TV,798216.0,840038.2414615154
2892,HGS-TV,798216.0,840098.9100553989
2893,HGS-TV,798216.0,842419.1133003235
2894,HGS-TV,798216.0,842824.8715074062
2895,HGS-TV,798216.0,842885.3184745312
2896,HGS-TV,798216.0,843435.6451137066
2897,HGS-TV,798216.0,843496.3104703426
2898,HGS-TV,798216.0,843730.1380250454
2899,HGS-TV,798216.0,843866.3675410748
2900,HGS-TV,798216.0,844812.5540516376
2901,ails2_etaMax1.000_stoppingTime1728000.00,799995.0,845258.8856022949
2902,ails2_etaMax1.000_stoppingTime1728000.00,799988.0,845259.4666022949
2903,HGS-TV,798216.0,845656.5029053688
2904,HGS-TV,798216.0,846540.7679166794
2905,HGS-TV,798216.0,846976.6612479687
2906,HGS-TV,798216.0,847484.9231538773
2907,HGS-TV,798216.0,848134.728717804
2908,ails2_etaMax1.000_stoppingTime1728000.00,799987.0,849448.6396022949
2909,ails2_etaMax1.000_stoppingTime1728000.00,799974.0,849455.1146022949
2910,ails2_etaMax1.000_stoppingTime1728000.00,799972.0,849855.9896022949
2911,ails2_etaMax1.000_stoppingTime1728000.00,799971.0,850190.5216022949
2912,HGS-TV,798216.0,850514.4721910954
2913,ails2_etaMax1.000_stoppingTime1728000.00,799950.0,850644.4046022949
2914,ails2_etaMax1.000_stoppingTime1728000.00,799834.0,850646.9176022949
2915,ails2_etaMax1.000_stoppingTime1728000.00,799831.0,853016.295602295
2916,ails2_etaMax1.000_stoppingTime1728000.00,799822.0,853016.9506022949
2917,ails2_etaMax1.000_stoppingTime1728000.00,799821.0,853481.285602295
2918,ails2_etaMax1.000_stoppingTime1728000.00,799709.0,853510.1056022949
2919,HGS-TV,798216.0,853810.8130507469
2920,HGS-TV,798216.0,855400.5902285576
2921,HGS-TV,798216.0,857372.686671257
2922,HGS-TV,798216.0,858710.2594897747
2923,HGS-TV,798216.0,860244.2075097561
2924,HGS-TV,798216.0,861632.6962277889
2925,HGS-TV,798216.0,864833.4772400856
2926,ails2_etaMax1.000_stoppingTime1728000.00,799706.0,869881.9586022949
2927,HGS-TV,798216.0,870934.9049646854
2928,HGS-TV,798216.0,871273.4194574356
2929,HGS-TV,798216.0,872159.9237120152
2930,HGS-TV,798216.0,872768.3033571243
2931,HGS-TV,798216.0,874138.9918856621
2932,HGS-TV,798216.0,875134.0624070168
2933,HGS-TV,798216.0,875290.9776277542
2934,HGS-TV,798216.0,875351.5030422211
2935,HGS-TV,798216.0,877137.6777234077
2936,HGS-TV,798216.0,877388.1295206547
2937,HGS-TV,798216.0,877506.240270853
2938,HGS-TV,798216.0,878385.8710641861
2939,HGS-TV,798216.0,878756.6873500347
2940,HGS-TV,798216.0,880391.2411487103
2941,HGS-TV,798216.0,880786.5984957218
2942,HGS-TV,798216.0,881223.3776464462
2943,HGS-TV,798216.0,881290.9763207436
2944,HGS-TV,798216.0,883000.3489854336
2945,HGS-TV,798216.0,883061.5428082943
2946,HGS-TV,798216.0,884528.9288268089
2947,HGS-TV,798216.0,885412.5322990417
2948,HGS-TV,798216.0,885545.6997189522
2949,HGS-TV,798216.0,887053.6051859856
2950,HGS-TV,798216.0,887114.5870845318
2951,HGS-TV,798216.0,887233.0303835869
2952,HGS-TV,798216.0,888902.786780119
2953,HGS-TV,798216.0,890082.5313780308
2954,HGS-TV,798216.0,890459.3347377777
2955,HGS-TV,798216.0,890701.232105732
2956,HGS-TV,798216.0,891581.4215950966
2957,HGS-TV,798216.0,892887.0316102505
2958,HGS-TV,798216.0,893045.4949321747
2959,HGS-TV,798216.0,893109.6544559002
2960,HGS-TV,798216.0,893407.3255279064
2961,HGS-TV,798216.0,893577.8022975922
2962,HGS-TV,798216.0,894083.3209254742
2963,HGS-TV,798216.0,894400.1629319191
2964,HGS-TV,798216.0,895004.9320948124
2965,HGS-TV,798216.0,895065.8727152348
2966,HGS-TV,798216.0,895563.9014382362
2967,HGS-TV,798216.0,895719.3429532051
2968,HGS-TV,798216.0,895780.0413894653
2969,HGS-TV,798216.0,896127.5794117451
2970,HGS-TV,798216.0,896651.4365346432
2971,HGS-TV,798216.0,896931.0919141769
2972,HGS-TV,798216.0,896991.6040847301
2973,HGS-TV,798216.0,897086.9947423935
2974,HGS-TV,798216.0,897255.909539938
2975,HGS-TV,798216.0,897316.0983948708
2976,HGS-TV,798216.0,897466.1554062366
2977,HGS-TV,798216.0,897580.4624013901
2978,HGS-TV,798216.0,897705.7594840527
2979,HGS-TV,798216.0,897766.6955113411
2980,ails2_etaMax1.000_stoppingTime1728000.00,799696.0,898336.055602295
2981,ails2_etaMax1.000_stoppingTime1728000.00,799666.0,898336.675602295
2982,HGS-TV,798216.0,899405.8760492802
2983,ails2_etaMax1.000_stoppingTime1728000.00,799659.0,900239.047602295
2984,ails2_etaMax1.000_stoppingTime1728000.00,799626.0,900250.5536022949
2985,HGS-TV,798216.0,900668.9189648628
2986,HGS-TV,798216.0,900911.4024343491
2987,HGS-TV,798216.0,900994.7592356205
2988,HGS-TV,798216.0,901440.4805881977
2989,HGS-TV,798216.0,901744.4193413258
2990,HGS-TV,798216.0,901882.6149587631
2991,HGS-TV,798216.0,902671.7759923935
2992,HGS-TV,798216.0,902731.9897172451
2993,HGS-TV,798216.0,902815.4924342632
2994,HGS-TV,798216.0,902881.2827959061
2995,HGS-TV,798216.0,902941.4799449444
2996,HGS-TV,798216.0,903825.1371860504
2997,HGS-TV,798216.0,903885.4780876637
2998,ails2_etaMax1.000_stoppingTime1728000.00,799624.0,903889.849602295
2999,ails2_etaMax1.000_stoppingTime1728000.00,799575.0,903891.672602295
3000,HGS-TV,798216.0,906618.6984734535
3001,HGS-TV,798216.0,906840.1586303711
3002,ails2_etaMax1.000_stoppingTime1728000.00,799550.0,907874.388602295
3003,ails2_etaMax1.000_stoppingTime1728000.00,799481.0,907876.351602295
3004,HGS-TV,798216.0,908706.8219497204
3005,HGS-TV,798216.0,908767.8662538528
3006,HGS-TV,798216.0,908985.3492264748
3007,HGS-TV,798216.0,909915.6352417469
3008,HGS-TV,798216.0,910064.8984441757
3009,HGS-TV,798216.0,910522.6087846756
3010,HGS-TV,798216.0,910683.6124253273
3011,HGS-TV,798216.0,911058.7577512264
3012,HGS-TV,798216.0,911119.8539783955
3013,HGS-TV,798216.0,911415.076413393
3014,HGS-TV,798216.0,911728.1243813038
3015,HGS-TV,798216.0,912088.5659515858
3016,HGS-TV,798216.0,912148.9470674992
3017,HGS-TV,798216.0,912209.754794836
3018,HGS-TV,798216.0,912327.3218419552
3019,HGS-TV,798216.0,912411.3441336155
3020,HGS-TV,798216.0,912642.3055343628
3021,HGS-TV,798216.0,912702.8268647194
3022,HGS-TV,798216.0,913510.0126154423
3023,HGS-TV,798216.0,913625.0209774971
3024,HGS-TV,798216.0,914234.0577437878
3025,HGS-TV,798216.0,915136.2777307034
3026,HGS-TV,798216.0,915221.027964592
3027,HGS-TV,798216.0,915342.4057683945
3028,HGS-TV,798216.0,915419.8452179432
3029,HGS-TV,798216.0,915480.7482168674
3030,HGS-TV,798216.0,915903.4336631298
3031,ails2_etaMax1.000_stoppingTime1728000.00,799471.0,916137.2056022949
3032,ails2_etaMax1.000_stoppingTime1728000.00,799421.0,916151.6346022949
3033,HGS-TV,798216.0,918790.5455915928
3034,ails2_etaMax1.000_stoppingTime1728000.00,799411.0,919152.0496022949
3035,ails2_etaMax1.000_stoppingTime1728000.00,799358.0,919175.155602295
3036,HGS-TV,798216.0,920165.1554436684
3037,HGS-TV,798216.0,920379.0626897812
3038,HGS-TV,798216.0,920486.8889091015
3039,HGS-TV,798216.0,921255.0167088509
3040,HGS-TV,798216.0,922565.7007539272
3041,HGS-TV,798216.0,922807.1572451591
3042,HGS-TV,798216.0,922909.4378182888
3043,HGS-TV,798216.0,923155.1964972019
3044,HGS-TV,798216.0,923328.8606030941
3045,HGS-TV,798216.0,923576.7182202339
3046,HGS-TV,798216.0,923653.4946084023
3047,HGS-TV,798216.0,923713.863484621
3048,HGS-TV,798216.0,923774.0719833374
3049,HGS-TV,798216.0,924873.529053688
3050,HGS-TV,798216.0,924933.8908107281
3051,HGS-TV,798216.0,926126.0884768963
3052,HGS-TV,798216.0,926198.8502070904
3053,HGS-TV,798216.0,926259.4226284027
3054,HGS-TV,798216.0,926534.6103241444
3055,HGS-TV,798216.0,926594.6915376186
3056,HGS-TV,798216.0,926855.8535263538
3057,HGS-TV,798216.0,928808.55073452
3058,HGS-TV,798216.0,929026.1622362137
3059,HGS-TV,798216.0,932421.8003795147
3060,HGS-TV,798216.0,932482.2804677486
3061,HGS-TV,798216.0,932929.5520780087
3062,HGS-TV,798216.0,933191.4550540447
3063,HGS-TV,798216.0,933252.3301620483
3064,HGS-TV,798216.0,933535.8086833954
3065,HGS-TV,798216.0,934209.5398199558
3066,HGS-TV,798216.0,934270.5850791931
3067,HGS-TV,798216.0,934331.0174944401
3068,HGS-TV,798216.0,934484.8807032108
3069,HGS-TV,798216.0,935434.6814291477
3070,HGS-TV,798216.0,935587.3270583153
3071,HGS-TV,798216.0,936056.5166590214
3072,HGS-TV,798216.0,936367.4757399559
3073,HGS-TV,798216.0,937599.3101613522
3074,HGS-TV,798216.0,937834.5312407017
3075,HGS-TV,798216.0,937894.9508376122
3076,HGS-TV,798216.0,938202.4287009239
3077,HGS-TV,798216.0,938381.8438017368
3078,HGS-TV,798216.0,938728.1118302345
3079,HGS-TV,798216.0,938820.9474511147
3080,HGS-TV,798216.0,940035.590720892
3081,HGS-TV,798216.0,940115.6437175274
3082,HGS-TV,798216.0,940802.8328166008
3083,HGS-TV,798216.0,940958.3160398006
3084,HGS-TV,798216.0,941018.8078970909
3085,HGS-TV,798216.0,941439.2264509201
3086,HGS-TV,798216.0,941808.1281063557
3087,HGS-TV,798216.0,942181.3957719803
3088,HGS-TV,798216.0,942241.4480278492
3089,HGS-TV,798216.0,942682.1683883667
3090,HGS-TV,798216.0,943006.5976727009
3091,HGS-TV,798216.0,943067.5483045578
3092,HGS-TV,798216.0,943667.3278260231
3093,HGS-TV,798216.0,943727.4193863869
3094,HGS-TV,798216.0,944151.3496952057
3095,HGS-TV,798216.0,944927.5356616974
3096,HGS-TV,798216.0,945072.1528205872
3097,HGS-TV,798216.0,945197.0839502811
3098,HGS-TV,798216.0,945589.0166685581
3099,HGS-TV,798216.0,945764.53125
3100,HGS-TV,798216.0,946425.3511309624
3101,HGS-TV,798216.0,947191.2897119522
3102,ails2_etaMax1.000_stoppingTime1728000.00,799357.0,947215.3726022949
3103,ails2_etaMax1.000_stoppingTime1728000.00,799346.0,947216.197602295
3104,HGS-TV,798216.0,947580.2549526691
3105,HGS-TV,798216.0,948342.7018046379
3106,HGS-TV,798216.0,948414.9287440777
3107,ails2_etaMax1.000_stoppingTime1728000.00,799338.0,948440.4286022949
3108,ails2_etaMax1.000_stoppingTime1728000.00,799331.0,948440.6836022949
3109,HGS-TV,798216.0,948623.1406633854
3110,ails2_etaMax1.000_stoppingTime1728000.00,799299.0,948680.5926022949
3111,ails2_etaMax1.000_stoppingTime1728000.00,799264.0,948681.138602295
3112,HGS-TV,798216.0,948777.7935423851
3113,HGS-TV,798216.0,949003.923832655
3114,HGS-TV,798216.0,949064.1642475128
3115,HGS-TV,798216.0,949537.9391739368
3116,HGS-TV,798216.0,950016.5394463539
3117,HGS-TV,798216.0,950117.9361786842
3118,HGS-TV,798216.0,950381.5983500481
3119,HGS-TV,798216.0,951601.7381620407
3120,HGS-TV,798216.0,951745.6270730495
3121,HGS-TV,798216.0,952945.4243268967
3122,HGS-TV,798216.0,953005.9629104137
3123,HGS-TV,798216.0,953077.149273634
3124,HGS-TV,798216.0,953137.6379253864
3125,HGS-TV,798216.0,953197.9704222679
3126,ails2_etaMax1.000_stoppingTime1728000.00,799263.0,953376.1146022949
3127,ails2_etaMax1.000_stoppingTime1728000.00,799256.0,953376.2796022949
3128,HGS-TV,798216.0,953546.348615408
3129,ails2_etaMax1.000_stoppingTime1728000.00,799249.0,953801.5046022949
3130,ails2_etaMax1.000_stoppingTime1728000.00,799248.0,953801.5416022949
3131,HGS-TV,798216.0,954046.8953988552
3132,HGS-TV,798216.0,954109.8272960186
3133,HGS-TV,798216.0,954223.9499166012
3134,HGS-TV,798216.0,954621.4769163132
3135,HGS-TV,798216.0,955111.95129776
3136,HGS-TV,798216.0,955312.9176001549
3137,HGS-TV,798216.0,955670.4168117046
3138,HGS-TV,798216.0,955730.7175574303
3139,HGS-TV,798216.0,956023.6710717678
3140,HGS-TV,798216.0,956225.7182435989
3141,HGS-TV,798216.0,956755.0156047344
3142,HGS-TV,798216.0,957741.8065972328
3143,HGS-TV,798216.0,958086.4260299206
3144,HGS-TV,798216.0,958793.7561409473
3145,HGS-TV,798216.0,958854.5399887562
3146,HGS-TV,798216.0,959534.4857978821
3147,HGS-TV,798216.0,960634.0205245018
3148,HGS-TV,798216.0,960962.0140872002
3149,HGS-TV,798216.0,961243.6025738716
3150,HGS-TV,798216.0,961730.2413842678
3151,HGS-TV,798216.0,962038.0190939903
3152,HGS-TV,798216.0,962539.3068783283
3153,HGS-TV,798216.0,962614.3635702133
3154,HGS-TV,798216.0,962952.2063755989
3155,HGS-TV,798216.0,963768.4403665066
3156,HGS-TV,798216.0,964004.9564020634
3157,HGS-TV,798216.0,964263.0755689144
3158,HGS-TV,798216.0,964362.3256604671
3159,HGS-TV,798216.0,964591.246455431
3160,HGS-TV,798216.0,965375.6159160137
3161,HGS-TV,798216.0,965436.3939974308
3162,HGS-TV,798216.0,965810.7958168983
3163,HGS-TV,798216.0,965892.9482719898
3164,HGS-TV,798216.0,966228.2196614742
3165,HGS-TV,798216.0,966288.3996706009
3166,HGS-TV,798216.0,967609.7300233841
3167,HGS-TV,798216.0,968040.9893219471
3168,ails2_etaMax1.000_stoppingTime1728000.00,799246.0,968279.851602295
3169,ails2_etaMax1.000_stoppingTime1728000.00,799170.0,968340.3526022949
3170,HGS-TV,798216.0,968373.3081493378
3171,HGS-TV,798216.0,968678.0358698368
3172,HGS-TV,798216.0,969160.6545073986
3173,HGS-TV,798216.0,969834.2472503185
3174,HGS-TV,798216.0,970631.6445813179
3175,HGS-TV,798216.0,970829.2940261364
3176,HGS-TV,798216.0,971258.9833731651
3177,HGS-TV,798216.0,971726.9979965687
3178,HGS-TV,798216.0,971787.6177077293
3179,HGS-TV,798216.0,972201.9099066257
3180,HGS-TV,798216.0,972780.9259257317
3181,HGS-TV,798216.0,973141.146143198
3182,HGS-TV,798216.0,973422.7924613953
3183,HGS-TV,798216.0,973976.7999911308
3184,HGS-TV,798216.0,975042.2619271278
3185,HGS-TV,798216.0,975647.2456388474
3186,HGS-TV,798216.0,975753.4098813534
3187,HGS-TV,798216.0,976205.8624668121
3188,HGS-TV,798216.0,976962.160118103
3189,HGS-TV,798216.0,977690.638759613
3190,HGS-TV,798216.0,978194.5218641758
3191,HGS-TV,798216.0,978389.8111791611
3192,HGS-TV,798216.0,978450.3439717293
3193,HGS-TV,798216.0,979112.5088734627
3194,HGS-TV,798216.0,981073.3876664639
3195,ails2_etaMax1.000_stoppingTime1728000.00,799166.0,982204.8576022949
3196,ails2_etaMax1.000_stoppingTime1728000.00,799146.0,982265.7876022949
3197,ails2_etaMax1.000_stoppingTime1728000.00,799144.0,982266.0906022949
3198,ails2_etaMax1.000_stoppingTime1728000.00,799141.0,982447.1666022949
3199,ails2_etaMax1.000_stoppingTime1728000.00,799123.0,982456.131602295
3200,HGS-TV,798216.0,984137.5610690117
3201,HGS-TV,798216.0,984328.2442886829
3202,HGS-TV,798216.0,987370.8206934929
3203,HGS-TV,798216.0,987785.0152628422
3204,HGS-TV,798216.0,990338.2594144344
3205,HGS-TV,798216.0,992234.1943876743
3206,HGS-TV,798216.0,994330.7769985199
3207,HGS-TV,798216.0,996635.889472723
3208,HGS-TV,798216.0,997052.6949439049
3209,HGS-TV,798216.0,998027.4963288307
3210,HGS-TV,798216.0,998335.8658320904
3211,ails2_etaMax1.000_stoppingTime1728000.00,799117.0,999482.5396022949
3212,ails2_etaMax1.000_stoppingTime1728000.00,799087.0,999485.2526022949
3213,ails2_etaMax1.000_stoppingTime1728000.00,799084.0,1002957.270602295
3214,ails2_etaMax1.000_stoppingTime1728000.00,799063.0,1002959.8796022949
3215,ails2_etaMax1.000_stoppingTime1728000.00,799060.0,1004348.442602295
3216,ails2_etaMax1.000_stoppingTime1728000.00,798994.0,1004355.172602295
3217,HGS-TV,798216.0,1004937.7118108273
3218,ails2_etaMax1.000_stoppingTime1728000.00,798993.0,1005652.060602295
3219,HGS-TV,798216.0,1005665.9026968479
3220,ails2_etaMax1.000_stoppingTime1728000.00,798922.0,1005655.1306022949
3221,HGS-TV,798216.0,1006172.6504046917
3222,HGS-TV,798216.0,1006747.9161946774
3223,HGS-TV,798216.0,1007778.0469200611
3224,ails2_etaMax1.000_stoppingTime1728000.00,798916.0,1007954.273602295
3225,ails2_etaMax1.000_stoppingTime1728000.00,798885.0,1008009.6636022949
3226,HGS-TV,798216.0,1008344.7183973789
3227,HGS-TV,798216.0,1008567.7595982552
3228,HGS-TV,798216.0,1009400.6048796177
3229,HGS-TV,798216.0,1009460.8973104954
3230,HGS-TV,798216.0,1009521.1642615795
3231,HGS-TV,798216.0,1009661.8747758865
3232,HGS-TV,798216.0,1010853.3428914547
3233,HGS-TV,798216.0,1011210.7700054646
3234,HGS-TV,798216.0,1011465.0857858658
3235,HGS-TV,798216.0,1011698.5706369877
3236,HGS-TV,798216.0,1011759.6384136677
3237,HGS-TV,798216.0,1012143.8841860294
3238,HGS-TV,798216.0,1012475.891854763
3239,HGS-TV,798216.0,1012599.1409118176
3240,HGS-TV,798216.0,1012885.7330570221
3241,HGS-TV,798216.0,1013105.9476709366
3242,HGS-TV,798216.0,1013165.9854660034
3243,ails2_etaMax1.000_stoppingTime1728000.00,798881.0,1013637.055602295
3244,ails2_etaMax1.000_stoppingTime1728000.00,798869.0,1013649.5616022949
3245,ails2_etaMax1.000_stoppingTime1728000.00,798840.0,1013748.949602295
3246,HGS-TV,798216.0,1013765.0033490658
3247,HGS-TV,798216.0,1013906.3093354702
3248,HGS-TV,798216.0,1014361.7255086899
3249,HGS-TV,798216.0,1014421.9461569786
3250,HGS-TV,798216.0,1014741.5175440311
3251,HGS-TV,798216.0,1015121.4927792549
3252,HGS-TV,798216.0,1015181.993960619
3253,HGS-TV,798216.0,1015453.4859981537
3254,HGS-TV,798216.0,1015513.7932298183
3255,HGS-TV,798216.0,1015573.8037455082
3256,HGS-TV,798216.0,1015671.6717665195
3257,HGS-TV,798216.0,1016020.5762133598
3258,HGS-TV,798216.0,1016148.2498061657
3259,HGS-TV,798216.0,1016216.2094643116
3260,HGS-TV,798216.0,1016276.5238411427
3261,ails2_etaMax1.000_stoppingTime1728000.00,798839.0,1016316.126602295
3262,HGS-TV,798216.0,1016337.2643857002
3263,ails2_etaMax1.000_stoppingTime1728000.00,798834.0,1016317.751602295
3264,HGS-TV,798216.0,1016570.2436840534
3265,HGS-TV,798216.0,1016808.5232188702
3266,HGS-TV,798216.0,1016917.9939072132
3267,HGS-TV,798216.0,1017341.0711145401
3268,HGS-TV,798216.0,1017401.3659124374
3269,HGS-TV,798216.0,1017621.6436502934
3270,HGS-TV,798216.0,1018225.9186434746
3271,HGS-TV,798216.0,1018334.9850018024
3272,HGS-TV,798216.0,1019295.4584817886
3273,HGS-TV,798216.0,1019369.3669879436
3274,HGS-TV,798216.0,1019876.6152558327
3275,HGS-TV,798216.0,1020660.6241033077
3276,HGS-TV,798216.0,1021108.441385746
3277,HGS-TV,798216.0,1021472.8286995888
3278,HGS-TV,798216.0,1021600.1888394356
3279,HGS-TV,798216.0,1021910.3900029659
3280,HGS-TV,798216.0,1022084.8835315704
3281,HGS-TV,798216.0,1023099.9252710342
3282,HGS-TV,798216.0,1023506.8247961998
3283,HGS-TV,798216.0,1023709.7444779873
3284,HGS-TV,798216.0,1024151.8148663044
3285,HGS-TV,798216.0,1024284.5344803333
3286,HGS-TV,798216.0,1024896.5144381523
3287,HGS-TV,798216.0,1025355.7418775558
3288,HGS-TV,798216.0,1025754.5956914425
3289,HGS-TV,798216.0,1027972.1062076092
3290,HGS-TV,798216.0,1028285.5326311588
3291,HGS-TV,798216.0,1029492.9910943508
3292,ails2_etaMax1.000_stoppingTime1728000.00,798816.0,1029617.229602295
3293,ails2_etaMax1.000_stoppingTime1728000.00,798768.0,1029620.9046022949
3294,HGS-TV,798216.0,1029798.3821675777
3295,ails2_etaMax1.000_stoppingTime1728000.00,798756.0,1031426.2896022949
3296,HGS-TV,798216.0,1031475.2807667255
3297,HGS-TV,798216.0,1032721.3961484432
3298,HGS-TV,798216.0,1033938.1655848026
3299,HGS-TV,798216.0,1034971.5502603054
3300,HGS-TV,798216.0,1035372.8539056778
3301,HGS-TV,798216.0,1035577.5890789032
3302,HGS-TV,798216.0,1036071.8637318611
3303,HGS-TV,798216.0,1036512.5848734379
3304,HGS-TV,798216.0,1036851.8937296867
3305,HGS-TV,798216.0,1037095.955114603
3306,HGS-TV,798216.0,1037156.0410251617
3307,HGS-TV,798216.0,1037268.3461432457
3308,HGS-TV,798216.0,1037847.2070031166
3309,HGS-TV,798216.0,1037984.3271200657
3310,HGS-TV,798216.0,1038044.35567379
3311,HGS-TV,798216.0,1038208.3232290745
3312,HGS-TV,798216.0,1038268.7985241413
3313,HGS-TV,798216.0,1038942.245085001
3314,HGS-TV,798216.0,1039278.3268778324
3315,HGS-TV,798216.0,1039408.9910900593
3316,HGS-TV,798216.0,1039637.2138390541
3317,HGS-TV,798216.0,1039697.9000928402
3318,HGS-TV,798216.0,1039797.5916633606
3319,HGS-TV,798216.0,1039869.2572340965
3320,HGS-TV,798216.0,1039937.4929766655
3321,HGS-TV,798216.0,1040100.7980389595
3322,HGS-TV,798216.0,1040161.1166875362
3323,HGS-TV,798216.0,1040304.6370697021
3324,HGS-TV,798216.0,1040580.6568329334
3325,HGS-TV,798216.0,1040877.8787965775
3326,HGS-TV,798216.0,1040943.2532496452
3327,HGS-TV,798216.0,1041089.8184957504
3328,HGS-TV,798216.0,1041151.590947628
3329,HGS-TV,798216.0,1041297.2809333801
3330,HGS-TV,798216.0,1041475.3758718967
3331,HGS-TV,798216.0,1041568.5816478729
3332,HGS-TV,798216.0,1041885.2692530155
3333,HGS-TV,798216.0,1041945.6544446945
3334,HGS-TV,798216.0,1042005.9664480686
3335,HGS-TV,798216.0,1042250.978672266
3336,HGS-TV,798216.0,1042311.2724254131
3337,HGS-TV,798216.0,1042371.7532258034
3338,HGS-TV,798216.0,1042442.6550114155
3339,HGS-TV,798216.0,1042503.1177480221
3340,HGS-TV,798216.0,1042563.4927785397
3341,HGS-TV,798216.0,1042623.9034876823
3342,HGS-TV,798216.0,1042845.7645406723
3343,HGS-TV,798216.0,1043050.118950367
3344,HGS-TV,798216.0,1043110.381203413
3345,HGS-TV,798216.0,1043170.8458178043
3346,HGS-TV,798216.0,1043468.9006559849
3347,HGS-TV,798216.0,1043616.7614598274
3348,HGS-TV,798216.0,1043676.7852749825
3349,HGS-TV,798216.0,1043737.1238059998
3350,HGS-TV,798216.0,1043981.2497565746
3351,HGS-TV,798216.0,1044488.2751994133
3352,HGS-TV,798216.0,1044949.5318729877
3353,HGS-TV,798216.0,1045197.7412717342
3354,HGS-TV,798216.0,1045258.3254163265
3355,HGS-TV,798216.0,1045330.6245391369
3356,HGS-TV,798216.0,1045447.0630936623
3357,HGS-TV,798216.0,1045912.4575738907
3358,ails2_etaMax1.000_stoppingTime1728000.00,798747.0,1046256.3576022949
3359,ails2_etaMax1.000_stoppingTime1728000.00,798736.0,1046261.408602295
3360,HGS-TV,798216.0,1046364.481777668
3361,ails2_etaMax1.000_stoppingTime1728000.00,798676.0,1046332.128602295
3362,HGS-TV,798216.0,1046596.3905761242
3363,ails2_etaMax1.000_stoppingTime1728000.00,798674.0,1046802.8356022949
3364,ails2_etaMax1.000_stoppingTime1728000.00,798663.0,1046805.5026022949
3365,HGS-TV,798216.0,1046913.8483402729
3366,HGS-TV,798216.0,1047001.33634758
3367,HGS-TV,798216.0,1047140.7197537422
3368,HGS-TV,798216.0,1047386.0132379532
3369,HGS-TV,798216.0,1047446.2649233341
3370,HGS-TV,798216.0,1047506.6128787994
3371,HGS-TV,798216.0,1047952.8006148338
3372,HGS-TV,798216.0,1048107.3762803078
3373,HGS-TV,798216.0,1048167.8412032127
3374,HGS-TV,798216.0,1048256.9117555618
3375,HGS-TV,798216.0,1048316.9658288956
3376,HGS-TV,798216.0,1048377.4349896908
3377,HGS-TV,798216.0,1048437.5050256252
3378,HGS-TV,798216.0,1048675.3021576405
3379,HGS-TV,798216.0,1048798.7452962399
3380,HGS-TV,798216.0,1048859.2066743374
3381,HGS-TV,798216.0,1049116.3457159996
3382,HGS-TV,798216.0,1049346.4957892895
3383,HGS-TV,798216.0,1049543.1575386524
3384,HGS-TV,798216.0,1050235.0053830147
3385,HGS-TV,798216.0,1050536.9150390625
3386,HGS-TV,798216.0,1050597.0166842937
3387,HGS-TV,798216.0,1050657.5345458984
3388,HGS-TV,798216.0,1051021.931113243
3389,HGS-TV,798216.0,1051089.4260225296
3390,HGS-TV,798216.0,1051149.6247353554
3391,HGS-TV,798216.0,1051209.6302506924
3392,HGS-TV,798216.0,1051308.0131120682
3393,HGS-TV,798216.0,1051368.5538828373
3394,HGS-TV,798216.0,1051489.218603611
3395,HGS-TV,798216.0,1051815.0995931625
3396,HGS-TV,798216.0,1052651.661463976
3397,HGS-TV,798216.0,1052712.1120433807
3398,HGS-TV,798216.0,1052791.9950830936
3399,HGS-TV,798216.0,1053086.9849202633
3400,HGS-TV,798216.0,1053471.698637247
3401,HGS-TV,798216.0,1053532.3059146404
3402,HGS-TV,798216.0,1053606.8546774387
3403,HGS-TV,798216.0,1053666.9391765594
3404,HGS-TV,798216.0,1053767.3902077675
3405,HGS-TV,798216.0,1053894.1286041737
3406,HGS-TV,798216.0,1053954.6272051334
3407,HGS-TV,798216.0,1054015.426271677
3408,HGS-TV,798216.0,1054076.1691439152
3409,HGS-TV,798216.0,1054136.2549176216
3410,HGS-TV,798216.0,1054226.8231737614
3411,HGS-TV,798216.0,1054304.4941933155
3412,HGS-TV,798216.0,1054364.5456871986
3413,ails2_etaMax1.000_stoppingTime1728000.00,798649.0,1054378.1166022948
3414,HGS-TV,798216.0,1054425.3766818047
3415,ails2_etaMax1.000_stoppingTime1728000.00,798633.0,1054395.3596022949
3416,HGS-TV,798216.0,1054485.4372348785
3417,HGS-TV,798216.0,1054575.3433189392
3418,HGS-TV,798216.0,1054635.7007591724
3419,HGS-TV,798216.0,1054695.8042218685
3420,HGS-TV,798216.0,1054857.922507763
3421,HGS-TV,798216.0,1054966.5149216652
3422,HGS-TV,798216.0,1055436.0502824783
3423,HGS-TV,798216.0,1055589.3484351635
3424,HGS-TV,798216.0,1055649.6423289776
3425,HGS-TV,798216.0,1055815.228041172
3426,HGS-TV,798216.0,1056197.3663802147
3427,HGS-TV,798216.0,1056257.8145325184
3428,HGS-TV,798216.0,1056385.9640908241
3429,HGS-TV,798216.0,1056446.345335722
3430,HGS-TV,798216.0,1056846.432215929
3431,HGS-TV,798216.0,1057234.770678997
3432,HGS-TV,798216.0,1057429.774787426
3433,HGS-TV,798216.0,1057676.2933983803
3434,HGS-TV,798216.0,1057779.7949726582
3435,HGS-TV,798216.0,1057839.9095664024
3436,HGS-TV,798216.0,1058112.7903661728
3437,HGS-TV,798216.0,1058200.1134765148
3438,HGS-TV,798216.0,1058260.8112180233
3439,HGS-TV,798216.0,1058401.98416543
3440,HGS-TV,798216.0,1058681.039951086
3441,HGS-TV,798216.0,1058752.723336935
3442,HGS-TV,798216.0,1058813.4252705574
3443,HGS-TV,798216.0,1058873.7986278534
3444,HGS-TV,798216.0,1059279.5738654137
3445,HGS-TV,798216.0,1059611.7414090633
3446,HGS-TV,798216.0,1059672.1530845165
3447,HGS-TV,798216.0,1059871.970708847
3448,HGS-TV,798216.0,1060017.1857101917
3449,HGS-TV,798216.0,1060077.3462526798
3450,HGS-TV,798216.0,1060137.475197792
3451,HGS-TV,798216.0,1060307.2184123993
3452,HGS-TV,798216.0,1060653.0598626137
3453,HGS-TV,798216.0,1060894.9712593555
3454,HGS-TV,798216.0,1061025.1619143486
3455,HGS-TV,798216.0,1061815.3676729202
3456,HGS-TV,798216.0,1061938.3425052166
3457,HGS-TV,798216.0,1062115.18465662
3458,HGS-TV,798216.0,1062643.1044046879
3459,HGS-TV,798216.0,1062810.8612065315
3460,HGS-TV,798216.0,1062892.2338643074
3461,HGS-TV,798216.0,1063015.525589943
3462,HGS-TV,798216.0,1063077.2716581821
3463,HGS-TV,798216.0,1063206.256311655
3464,HGS-TV,798216.0,1063440.1071286201
3465,HGS-TV,798216.0,1063500.148148775
3466,HGS-TV,798216.0,1063731.9798939228
3467,HGS-TV,798216.0,1063843.0525596142
3468,HGS-TV,798216.0,1063903.6646294594
3469,HGS-TV,798216.0,1064007.4688129425
3470,HGS-TV,798216.0,1064272.1333141327
3471,HGS-TV,798216.0,1064394.2486379147
3472,HGS-TV,798216.0,1064454.6382038593
3473,HGS-TV,798216.0,1064515.5038466454
3474,HGS-TV,798216.0,1064576.0468475819
3475,HGS-TV,798216.0,1064747.8075675964
3476,HGS-TV,798216.0,1064808.0221469402
3477,HGS-TV,798216.0,1065046.4124262333
3478,HGS-TV,798216.0,1065106.6716520786
3479,HGS-TV,798216.0,1065229.434249878
3480,HGS-TV,798216.0,1065289.6538012028
3481,HGS-TV,798216.0,1065350.346809864
3482,HGS-TV,798216.0,1067130.8440299034
3483,HGS-TV,798216.0,1067564.4975202084
3484,HGS-TV,798216.0,1068209.2628393173
3485,HGS-TV,798216.0,1068323.6663024426
3486,HGS-TV,798216.0,1068383.7370989323
3487,HGS-TV,798216.0,1068521.2448737621
3488,HGS-TV,798216.0,1069352.8147482872
3489,HGS-TV,798216.0,1069698.4215872288
3490,HGS-TV,798216.0,1069801.0187413692
3491,HGS-TV,798216.0,1070086.7865047455
3492,HGS-TV,798216.0,1070297.81397748
3493,HGS-TV,798216.0,1070358.4901826382
3494,HGS-TV,798216.0,1070679.2225952148
3495,HGS-TV,798216.0,1070781.7247469425
3496,HGS-TV,798216.0,1071675.695239544
3497,HGS-TV,798216.0,1071735.975267887
3498,HGS-TV,798216.0,1071812.7533049583
3499,HGS-TV,798216.0,1071873.841884613
3500,HGS-TV,798216.0,1071934.4975214005
3501,HGS-TV,798216.0,1071995.1475813389
3502,HGS-TV,798216.0,1072174.3005623817
3503,HGS-TV,798216.0,1072339.751893282
3504,HGS-TV,798216.0,1072447.0305657387
3505,HGS-TV,798216.0,1072588.4385371208
3506,HGS-TV,798216.0,1072649.630689621
3507,HGS-TV,798216.0,1072978.2821774483
3508,HGS-TV,798216.0,1073304.8107719421
3509,HGS-TV,798216.0,1073787.4574375153
3510,HGS-TV,798216.0,1073847.8978948593
3511,HGS-TV,798216.0,1074219.3200562
3512,HGS-TV,798216.0,1074846.1263051033
3513,HGS-TV,798216.0,1075843.0330319405
3514,HGS-TV,798216.0,1076034.3018910885
3515,HGS-TV,798216.0,1076731.5558907986
3516,ails2_etaMax1.000_stoppingTime1728000.00,798630.0,1077119.654602295
3517,HGS-TV,798216.0,1077143.247516632
3518,HGS-TV,798216.0,1077262.3518583775
3519,HGS-TV,798216.0,1077948.7383584976
3520,HGS-TV,798216.0,1078261.2145354748
3521,HGS-TV,798216.0,1078423.9871356487
3522,HGS-TV,798216.0,1078484.4293916225
3523,ails2_etaMax1.000_stoppingTime1728000.00,798622.0,1078750.618602295
3524,ails2_etaMax1.000_stoppingTime1728000.00,798612.0,1078751.0656022949
3525,HGS-TV,798216.0,1079034.1950888634
3526,HGS-TV,798216.0,1079118.1508870125
3527,HGS-TV,798216.0,1079255.8219845295
3528,HGS-TV,798216.0,1079426.84624362
3529,HGS-TV,798216.0,1079921.1423130035
3530,ails2_etaMax1.000_stoppingTime1728000.00,798611.0,1079989.581602295
3531,ails2_etaMax1.000_stoppingTime1728000.00,798600.0,1079992.3636022948
3532,HGS-TV,798216.0,1080378.8508787155
3533,HGS-TV,798216.0,1080498.4943795204
3534,HGS-TV,798216.0,1080670.3952453136
3535,HGS-TV,798216.0,1080730.6223831177
3536,HGS-TV,798216.0,1080842.660781622
3537,HGS-TV,798216.0,1080903.2370541096
3538,HGS-TV,798216.0,1080963.2890760899
3539,HGS-TV,798216.0,1081103.7067666054
3540,HGS-TV,798216.0,1081444.549046278
3541,HGS-TV,798216.0,1081672.6892249584
3542,HGS-TV,798216.0,1081733.6903059483
3543,HGS-TV,798216.0,1081939.2174711227
3544,HGS-TV,798216.0,1081999.2712233067
3545,HGS-TV,798216.0,1082059.8076031208
3546,HGS-TV,798216.0,1082155.1241693497
3547,HGS-TV,798216.0,1082215.2156176567
3548,HGS-TV,798216.0,1082295.0875704288
3549,HGS-TV,798216.0,1082445.823435545
3550,HGS-TV,798216.0,1082506.4924502373
3551,HGS-TV,798216.0,1082566.6746222973
3552,HGS-TV,798216.0,1082724.2744865417
3553,HGS-TV,798216.0,1082784.4036257267
3554,HGS-TV,798216.0,1082913.8860433102
3555,HGS-TV,798216.0,1082975.7674427032
3556,HGS-TV,798216.0,1083320.7644824982
3557,HGS-TV,798216.0,1083482.8864934444
3558,HGS-TV,798216.0,1083635.0024881363
3559,HGS-TV,798216.0,1083745.7822589874
3560,HGS-TV,798216.0,1083805.9117770195
3561,HGS-TV,798216.0,1083866.4812190533
3562,HGS-TV,798216.0,1084212.8191595078
3563,HGS-TV,798216.0,1084357.2691030502
3564,HGS-TV,798216.0,1084417.8012354374
3565,HGS-TV,798216.0,1084732.694062233
3566,HGS-TV,798216.0,1084794.894503355
3567,HGS-TV,798216.0,1084918.4780979156
3568,HGS-TV,798216.0,1084978.5252678394
3569,HGS-TV,798216.0,1085249.0588009357
3570,HGS-TV,798216.0,1085309.2543694973
3571,HGS-TV,798216.0,1085407.3266305923
3572,HGS-TV,798216.0,1085782.9425742626
3573,HGS-TV,798216.0,1085895.237471342
3574,HGS-TV,798216.0,1086125.0951747894
3575,ails2_etaMax1.000_stoppingTime1728000.00,798590.0,1086373.8536022948
3576,ails2_etaMax1.000_stoppingTime1728000.00,798589.0,1086373.9106022948
3577,HGS-TV,798216.0,1087085.6035614014
3578,HGS-TV,798216.0,1087205.3299481869
3579,HGS-TV,798216.0,1087647.2116413116
3580,HGS-TV,798216.0,1087835.0978460312
3581,HGS-TV,798216.0,1087896.0577991009
3582,HGS-TV,798216.0,1087956.1706888676
3583,HGS-TV,798216.0,1088016.171941042
3584,HGS-TV,798216.0,1088076.2256691456
3585,HGS-TV,798216.0,1088301.7511618137
3586,HGS-TV,798216.0,1088420.4371156693
3587,HGS-TV,798216.0,1088835.6985766888
3588,HGS-TV,798216.0,1089648.4572229385
3589,HGS-TV,798216.0,1089809.1616184711
3590,HGS-TV,798216.0,1089875.5494525433
3591,HGS-TV,798216.0,1089936.0597331524
3592,HGS-TV,798216.0,1090024.5625786781
3593,HGS-TV,798216.0,1090085.4190294743
3594,HGS-TV,798216.0,1090145.4668774605
3595,HGS-TV,798216.0,1090245.2473404408
3596,HGS-TV,798216.0,1090305.5571687222
3597,HGS-TV,798216.0,1090365.7340204716
3598,HGS-TV,798216.0,1090425.8051755428
3599,HGS-TV,798216.0,1090552.4935660362
3600,HGS-TV,798216.0,1090612.6362986565
3601,HGS-TV,798216.0,1090672.7078273296
3602,HGS-TV,798216.0,1090847.803587675
3603,HGS-TV,798216.0,1091127.8283617496
3604,HGS-TV,798216.0,1091215.5147595406
3605,HGS-TV,798216.0,1091275.6655373573
3606,HGS-TV,798216.0,1091363.7746326923
3607,HGS-TV,798216.0,1091497.6905477047
3608,HGS-TV,798216.0,1091645.8917508125
3609,HGS-TV,798216.0,1091758.0193002224
3610,HGS-TV,798216.0,1091920.7294464111
3611,HGS-TV,798216.0,1092078.8858299255
3612,HGS-TV,798216.0,1092454.0999157429
3613,HGS-TV,798216.0,1092551.8944132328
3614,HGS-TV,798216.0,1092612.0304219723
3615,HGS-TV,798216.0,1092721.5043973923
3616,HGS-TV,798216.0,1092781.5401797295
3617,HGS-TV,798216.0,1092841.7979078293
3618,HGS-TV,798216.0,1092902.2771430016
3619,HGS-TV,798216.0,1092962.3878958225
3620,HGS-TV,798216.0,1093022.546389103
3621,HGS-TV,798216.0,1093083.1780509949
3622,HGS-TV,798216.0,1093175.9480154514
3623,HGS-TV,798216.0,1093236.2077596188
3624,HGS-TV,798216.0,1093344.9140532017
3625,HGS-TV,798216.0,1093405.38083148
3626,HGS-TV,798216.0,1093465.5463826656
3627,HGS-TV,798216.0,1093525.6146411896
3628,HGS-TV,798216.0,1093585.8988580704
3629,HGS-TV,798216.0,1093738.9908623695
3630,HGS-TV,798216.0,1094128.9762191772
3631,HGS-TV,798216.0,1094189.228263855
3632,HGS-TV,798216.0,1094361.618528843
3633,HGS-TV,798216.0,1094550.9917960167
3634,HGS-TV,798216.0,1094921.0377175808
3635,HGS-TV,798216.0,1095222.8010492325
3636,HGS-TV,798216.0,1095549.4929366112
3637,HGS-TV,798216.0,1095609.849072218
3638,HGS-TV,798216.0,1095680.8570394516
3639,HGS-TV,798216.0,1095741.2883470058
3640,HGS-TV,798216.0,1095855.937937498
3641,HGS-TV,798216.0,1095916.6133520603
3642,HGS-TV,798216.0,1095977.1802687645
3643,HGS-TV,798216.0,1096074.6703896523
3644,HGS-TV,798216.0,1096134.913266182
3645,HGS-TV,798216.0,1096315.6706542969
3646,HGS-TV,798216.0,1096375.7501673698
3647,HGS-TV,798216.0,1096436.6581680775
3648,HGS-TV,798216.0,1096498.3973956108
3649,HGS-TV,798216.0,1096558.793119669
3650,HGS-TV,798216.0,1096619.298990488
3651,HGS-TV,798216.0,1096711.3455500603
3652,HGS-TV,798216.0,1096771.9593572617
3653,HGS-TV,798216.0,1096832.8985199928
3654,HGS-TV,798216.0,1096893.270469904
3655,HGS-TV,798216.0,1096953.7273225784
3656,HGS-TV,798216.0,1097024.7402937412
3657,HGS-TV,798216.0,1097197.148708582
3658,HGS-TV,798216.0,1097352.4838705063
3659,HGS-TV,798216.0,1097679.9546964169
3660,HGS-TV,798216.0,1097864.48548913
3661,ails2_etaMax1.000_stoppingTime1728000.00,798585.0,1097985.6196022949
3662,ails2_etaMax1.000_stoppingTime1728000.00,798580.0,1097985.665602295
3663,HGS-TV,798216.0,1098052.5391392708
3664,HGS-TV,798216.0,1098120.7272992134
3665,HGS-TV,798216.0,1098211.2229025364
3666,HGS-TV,798216.0,1098356.7436566353
3667,HGS-TV,798216.0,1098625.5203678608
3668,HGS-TV,798216.0,1098745.0244810581
3669,HGS-TV,798216.0,1098831.0872220993
3670,HGS-TV,798216.0,1098891.4066712856
3671,HGS-TV,798216.0,1098952.2956852913
3672,HGS-TV,798216.0,1099020.5274777412
3673,HGS-TV,798216.0,1099088.388201952
3674,HGS-TV,798216.0,1099259.5362660885
3675,HGS-TV,798216.0,1099346.390188694
3676,HGS-TV,798216.0,1099471.8509526253
3677,HGS-TV,798216.0,1099595.6015951633
3678,HGS-TV,798216.0,1099674.8461413383
3679,HGS-TV,798216.0,1099888.6699557304
3680,HGS-TV,798216.0,1100013.1379129887
3681,HGS-TV,798216.0,1100076.6093075275
3682,HGS-TV,798216.0,1100136.820231676
3683,HGS-TV,798216.0,1100197.6289258003
3684,HGS-TV,798216.0,1100257.6682155132
3685,HGS-TV,798216.0,1100351.9185009003
3686,HGS-TV,798216.0,1100454.0391910076
3687,HGS-TV,798216.0,1100836.0212919712
3688,HGS-TV,798216.0,1100907.8687765598
3689,HGS-TV,798216.0,1101099.533194065
3690,HGS-TV,798216.0,1101220.4579815865
3691,HGS-TV,798216.0,1101293.8053798676
3692,HGS-TV,798216.0,1101463.753686905
3693,HGS-TV,798216.0,1101563.8441791534
3694,HGS-TV,798216.0,1101737.394270897
3695,HGS-TV,798216.0,1101797.629261732
3696,HGS-TV,798216.0,1101857.9284307957
3697,HGS-TV,798216.0,1101918.2998638153
3698,HGS-TV,798216.0,1101985.1090533733
3699,HGS-TV,798216.0,1102059.4878008366
3700,HGS-TV,798216.0,1102321.558735609
3701,HGS-TV,798216.0,1102382.0051505566
3702,HGS-TV,798216.0,1102442.3430726528
3703,HGS-TV,798216.0,1102502.4101076126
3704,HGS-TV,798216.0,1102575.846335411
3705,HGS-TV,798216.0,1102636.9372534752
3706,HGS-TV,798216.0,1102729.3019721508
3707,HGS-TV,798216.0,1102789.4678828716
3708,HGS-TV,798216.0,1102854.0550432205
3709,HGS-TV,798216.0,1102914.5008990765
3710,HGS-TV,798216.0,1102975.5624043941
3711,HGS-TV,798216.0,1103415.8166415691
3712,HGS-TV,798216.0,1103480.6506562233
3713,HGS-TV,798216.0,1103581.8986506462
3714,HGS-TV,798216.0,1103642.321615696
3715,ails2_etaMax1.000_stoppingTime1728000.00,798574.0,1103674.266602295
3716,HGS-TV,798216.0,1103702.9455852509
3717,ails2_etaMax1.000_stoppingTime1728000.00,798548.0,1103683.0556022949
3718,HGS-TV,798216.0,1103763.2805063725
3719,HGS-TV,798216.0,1103838.6526741982
3720,HGS-TV,798216.0,1104008.617455244
3721,HGS-TV,798216.0,1104311.9754004478
3722,HGS-TV,798216.0,1104386.56159091
3723,HGS-TV,798216.0,1104463.8561387062
3724,HGS-TV,798216.0,1104524.6902339458
3725,HGS-TV,798216.0,1104629.9586012363
3726,HGS-TV,798216.0,1104736.3834986687
3727,HGS-TV,798216.0,1104804.6960542202
3728,HGS-TV,798216.0,1104865.4510293007
3729,HGS-TV,798216.0,1104927.3154652119
3730,HGS-TV,798216.0,1104987.3859453201
3731,ails2_etaMax1.000_stoppingTime1728000.00,798546.0,1105117.9246022948
3732,HGS-TV,798216.0,1105505.9656336308
3733,HGS-TV,798216.0,1105633.0350573063
3734,HGS-TV,798216.0,1106005.200525999
3735,HGS-TV,798216.0,1106113.4072217941
3736,HGS-TV,798216.0,1106507.477260828
3737,HGS-TV,798216.0,1106567.6290807724
3738,HGS-TV,798216.0,1106679.7641835213
3739,HGS-TV,798216.0,1106739.9755969048
3740,HGS-TV,798216.0,1106972.9732153416
3741,HGS-TV,798216.0,1107033.182993412
3742,HGS-TV,798216.0,1107185.87961483
3743,HGS-TV,798216.0,1107246.0014882088
3744,HGS-TV,798216.0,1107306.645862341
3745,HGS-TV,798216.0,1107366.9976756573
3746,HGS-TV,798216.0,1107469.6577763557
3747,HGS-TV,798216.0,1107529.9994869232
3748,HGS-TV,798216.0,1107590.0627820492
3749,HGS-TV,798216.0,1107709.3010568619
3750,HGS-TV,798216.0,1107769.3391993046
3751,HGS-TV,798216.0,1107860.8611364365
3752,HGS-TV,798216.0,1108095.6079223156
3753,HGS-TV,798216.0,1108160.1502335072
3754,HGS-TV,798216.0,1108911.8183295727
3755,HGS-TV,798216.0,1109145.9371798038
3756,HGS-TV,798216.0,1109351.2308092117
3757,HGS-TV,798216.0,1109727.5261638165
3758,HGS-TV,798216.0,1109968.5529780388
3759,HGS-TV,798216.0,1110028.6219944954
3760,ails2_etaMax1.000_stoppingTime1728000.00,798542.0,1110047.5386022949
3761,HGS-TV,798216.0,1110132.3911087513
3762,ails2_etaMax1.000_stoppingTime1728000.00,798541.0,1110155.118602295
3763,ails2_etaMax1.000_stoppingTime1728000.00,798507.0,1110162.1036022948
3764,HGS-TV,798216.0,1110230.2255773544
3765,HGS-TV,798216.0,1110742.6837396622
3766,HGS-TV,798216.0,1110802.731751442
3767,HGS-TV,798216.0,1110879.703861475
3768,HGS-TV,798216.0,1111385.892191887
3769,HGS-TV,798216.0,1111446.4816982746
3770,HGS-TV,798216.0,1114913.8141906261
3771,HGS-TV,798216.0,1116267.377179861
3772,HGS-TV,798216.0,1116327.6969399452
3773,HGS-TV,798216.0,1116792.8527297974
3774,HGS-TV,798216.0,1117925.6198282242
3775,HGS-TV,798216.0,1118281.3276753426
3776,HGS-TV,798216.0,1118364.4733700752
3777,HGS-TV,798216.0,1118511.1295917034
3778,HGS-TV,798216.0,1118819.574105978
3779,HGS-TV,798216.0,1119253.7800190449
3780,HGS-TV,798216.0,1120287.5882320404
3781,HGS-TV,798216.0,1120574.258954525
3782,ails2_etaMax1.000_stoppingTime1728000.00,798499.0,1120876.0756022949
3783,ails2_etaMax1.000_stoppingTime1728000.00,798488.0,1120876.590602295
3784,HGS-TV,798216.0,1121583.1258995533
