id,algo_name,score,runningtime
1,ails2_etaMax0.020_stoppingTime86400.00,175032.0,61.919264404296875
2,ails2_etaMax1.000_stoppingTime86400.00,176750.0,40.91826440429688
3,ails2_etaMax1.000_stoppingTime864000.00,176916.0,57.099264404296875
4,ails2_etaMax0.010_stoppingTime432000.00,175333.0,64.61626440429687
5,ails2_etaMax1.000_stoppingTime1728000.00,176647.0,66.38126440429687
6,ails2_etaMax1.000_stoppingTime432000.00,176846.0,29.622264404296875
7,ails2_eoh_omega2,175219.0,66.02026440429688
8,ails2_eoh_acc_large,175007.0,65.92526440429687
9,ails2_etaMax0.005_stoppingTime86400.00,175347.0,66.50426440429688
10,ails2_eoh_acc,175228.0,65.33226440429688
11,ails2_etaMax1.000_stoppingTime86400.00,176736.0,86.62826440429687
12,ails2_etaMax0.010_stoppingTime432000.00,175140.0,126.09026440429687
13,ails2_etaMax0.020_stoppingTime86400.00,174898.0,123.69826440429688
14,ails2_etaMax1.000_stoppingTime864000.00,176909.0,120.10126440429687
15,ails2_eoh_acc_large,174888.0,126.09926440429687
16,ails2_eoh_omega2,175002.0,126.70526440429687
17,ails2_eoh_acc,175068.0,126.60926440429688
18,ails2_etaMax0.005_stoppingTime86400.00,175065.0,126.94026440429687
19,ails2_etaMax1.000_stoppingTime432000.00,176787.0,121.88226440429688
20,ails2_etaMax1.000_stoppingTime864000.00,176700.0,141.19726440429687
21,ails2_etaMax0.010_stoppingTime432000.00,175007.0,182.14726440429686
22,ails2_etaMax1.000_stoppingTime86400.00,176704.0,176.16126440429687
23,ails2_etaMax0.020_stoppingTime86400.00,174821.0,168.19726440429687
24,ails2_eoh_acc,175011.0,187.12026440429688
25,ails2_etaMax1.000_stoppingTime432000.00,176675.0,148.18326440429686
26,ails2_eoh_omega2,174863.0,177.63526440429686
27,ails2_eoh_acc_large,174751.0,187.2952644042969
28,ails2_etaMax0.005_stoppingTime86400.00,175021.0,188.29926440429688
29,ails2_etaMax1.000_stoppingTime86400.00,176663.0,225.22326440429688
30,ails2_etaMax0.020_stoppingTime86400.00,174768.0,242.48726440429687
31,ails2_etaMax0.010_stoppingTime432000.00,174952.0,239.30326440429687
32,ails2_eoh_acc,174972.0,246.39926440429687
33,ails2_etaMax1.000_stoppingTime432000.00,176632.0,219.61926440429687
34,ails2_eoh_acc_large,174712.0,246.07126440429687
35,ails2_eoh_omega2,174856.0,238.40726440429688
36,ails2_etaMax0.005_stoppingTime86400.00,174918.0,243.5812644042969
37,ails2_etaMax1.000_stoppingTime864000.00,176688.0,250.53126440429688
38,ails2_etaMax1.000_stoppingTime1728000.00,176634.0,258.37926440429686
39,ails2_etaMax0.020_stoppingTime86400.00,174689.0,297.87426440429687
40,ails2_etaMax0.010_stoppingTime432000.00,174870.0,293.33826440429686
41,ails2_eoh_acc_large,174695.0,264.8852644042969
42,ails2_eoh_acc,174939.0,304.5492644042969
43,ails2_etaMax0.005_stoppingTime86400.00,174830.0,310.4192644042969
44,ails2_eoh_omega2,174816.0,281.66526440429686
45,ails2_etaMax1.000_stoppingTime864000.00,176611.0,250.83626440429688
46,ails2_etaMax1.000_stoppingTime1728000.00,176595.0,258.7342644042969
47,ails2_etaMax0.010_stoppingTime432000.00,174830.0,360.1012644042969
48,ails2_etaMax0.020_stoppingTime86400.00,174653.0,369.67726440429686
49,ails2_eoh_acc_large,174688.0,351.00226440429685
50,ails2_eoh_acc,174922.0,364.1182644042969
51,ails2_eoh_omega2,174783.0,351.0482644042969
52,ails2_etaMax0.005_stoppingTime86400.00,174820.0,330.4172644042969
53,ails2_etaMax1.000_stoppingTime864000.00,176604.0,415.04326440429685
54,ails2_etaMax0.020_stoppingTime86400.00,174648.0,429.4412644042969
55,ails2_etaMax0.010_stoppingTime432000.00,174819.0,395.25926440429686
56,ails2_etaMax0.005_stoppingTime86400.00,174802.0,430.4672644042969
57,ails2_eoh_omega2,174771.0,393.10826440429685
58,ails2_eoh_acc,174879.0,428.4162644042969
59,ails2_eoh_acc_large,174687.0,437.0652644042969
60,ails2_etaMax1.000_stoppingTime86400.00,176645.0,451.8042644042969
61,ails2_etaMax1.000_stoppingTime864000.00,176496.0,415.1422644042969
62,HGS-TV,174995.0,480.6331191062927
63,ails2_etaMax0.020_stoppingTime86400.00,174623.0,472.87926440429686
64,ails2_etaMax0.010_stoppingTime432000.00,174804.0,490.8512644042969
65,ails2_eoh_acc,174828.0,493.4412644042969
66,ails2_eoh_omega2,174751.0,493.13226440429685
67,ails2_etaMax0.005_stoppingTime86400.00,174764.0,491.9842644042969
68,ails2_eoh_acc_large,174673.0,490.1572644042969
69,filo2,180229.0,510.9242181777954
70,ails2_etaMax1.000_stoppingTime86400.00,176596.0,451.8272644042969
71,ails2_eoh_acc,174818.0,547.8002644042969
72,ails2_eoh_omega2,174726.0,530.4492644042969
73,ails2_eoh_acc_large,174665.0,557.3282644042969
74,ails2_etaMax0.010_stoppingTime432000.00,174803.0,563.1712644042968
75,ails2_etaMax0.005_stoppingTime86400.00,174763.0,564.7012644042969
76,ails2_etaMax0.020_stoppingTime86400.00,174621.0,570.0092644042969
77,filo2,179498.0,570.9687037467957
78,ails2_etaMax1.000_stoppingTime86400.00,176565.0,582.8212644042969
79,ails2_eoh_acc,174817.0,573.3912644042969
80,ails2_eoh_omega2,174722.0,610.0752644042968
81,ails2_eoh_acc_large,174657.0,587.0212644042969
82,ails2_etaMax0.010_stoppingTime432000.00,174793.0,592.1422644042968
83,ails2_etaMax0.005_stoppingTime86400.00,174758.0,591.5172644042968
84,ails2_etaMax0.020_stoppingTime86400.00,174600.0,580.5482644042969
85,filo2,178930.0,630.9998281002045
86,ails2_etaMax1.000_stoppingTime86400.00,176558.0,582.8512644042969
87,ails2_eoh_acc,174782.0,676.2932644042969
88,ails2_eoh_omega2,174711.0,674.4092644042969
89,ails2_etaMax0.010_stoppingTime432000.00,174789.0,680.9642644042968
90,filo2,178743.0,691.4748079776764
91,ails2_etaMax0.020_stoppingTime86400.00,174584.0,663.4302644042968
92,HGS-TV,174970.0,702.0003831386566
93,ails2_eoh_acc_large,174655.0,715.4382644042969
94,ails2_etaMax0.005_stoppingTime86400.00,174757.0,718.9732644042969
95,ails2_etaMax1.000_stoppingTime1728000.00,176561.0,722.0732644042969
96,ails2_eoh_acc,174713.0,731.9992644042969
97,ails2_eoh_omega2,174710.0,722.0012644042969
98,ails2_etaMax0.010_stoppingTime432000.00,174787.0,704.3802644042969
99,ails2_etaMax0.020_stoppingTime86400.00,174569.0,740.7042644042969
100,ails2_eoh_acc_large,174654.0,715.7752644042969
101,ails2_etaMax0.005_stoppingTime86400.00,174746.0,764.2602644042969
102,ails2_eoh_acc,174701.0,785.7812644042968
103,ails2_etaMax0.010_stoppingTime432000.00,174782.0,786.6302644042969
104,ails2_etaMax0.020_stoppingTime86400.00,174541.0,812.5282644042969
105,HGS-TV,174960.0,830.9785106182098
106,ails2_eoh_acc_large,174653.0,789.1312644042969
107,ails2_etaMax0.005_stoppingTime86400.00,174735.0,830.1882644042969
108,ails2_etaMax1.000_stoppingTime1728000.00,176560.0,848.8962644042969
109,ails2_eoh_acc,174694.0,853.5432644042969
110,ails2_etaMax0.010_stoppingTime432000.00,174756.0,862.6062644042969
111,ails2_etaMax0.020_stoppingTime86400.00,174538.0,850.0692644042969
112,ails2_etaMax0.005_stoppingTime86400.00,174733.0,858.6682644042969
113,ails2_eoh_acc_large,174643.0,917.4112644042968
114,ails2_eoh_acc,174672.0,916.3442644042968
115,ails2_eoh_omega2,174709.0,925.7842644042969
116,ails2_etaMax0.010_stoppingTime432000.00,174741.0,922.3782644042968
117,ails2_etaMax0.005_stoppingTime86400.00,174716.0,941.7282644042969
118,ails2_etaMax0.020_stoppingTime86400.00,174537.0,967.5242644042969
119,ails2_eoh_acc,174668.0,928.2002644042968
120,ails2_eoh_omega2,174697.0,982.9152644042969
121,ails2_etaMax0.010_stoppingTime432000.00,174739.0,952.3642644042968
122,ails2_eoh_acc_large,174641.0,990.3002644042969
123,ails2_etaMax0.005_stoppingTime86400.00,174683.0,1022.3012644042968
124,ails2_etaMax1.000_stoppingTime86400.00,176553.0,1045.3342644042968
125,ails2_eoh_omega2,174688.0,1004.8902644042969
126,HGS-TV,174959.0,1047.7911055088043
127,ails2_eoh_acc,174666.0,1049.418264404297
128,ails2_etaMax0.010_stoppingTime432000.00,174731.0,1016.5362644042968
129,ails2_etaMax0.020_stoppingTime86400.00,174536.0,1059.492264404297
130,ails2_etaMax0.005_stoppingTime86400.00,174635.0,1076.963264404297
131,ails2_etaMax1.000_stoppingTime86400.00,176505.0,1045.397264404297
132,ails2_eoh_acc,174664.0,1078.7752644042969
133,ails2_etaMax0.020_stoppingTime86400.00,174526.0,1069.685264404297
134,ails2_etaMax0.010_stoppingTime432000.00,174730.0,1152.0452644042969
135,ails2_etaMax0.005_stoppingTime86400.00,174634.0,1158.2282644042969
136,ails2_eoh_acc,174653.0,1169.522264404297
137,ails2_etaMax0.020_stoppingTime86400.00,174524.0,1179.495264404297
138,HGS-TV,174954.0,1190.3609993457794
139,ails2_eoh_acc_large,174636.0,1199.5832644042969
140,ails2_etaMax0.010_stoppingTime432000.00,174727.0,1152.7082644042969
141,ails2_etaMax0.005_stoppingTime86400.00,174632.0,1178.168264404297
142,ails2_eoh_acc,174648.0,1196.350264404297
143,ails2_etaMax0.020_stoppingTime86400.00,174518.0,1199.944264404297
144,ails2_eoh_omega2,174686.0,1248.5932644042969
145,HGS-TV,174949.0,1254.464703321457
146,ails2_eoh_acc_large,174624.0,1221.3922644042968
147,ails2_etaMax1.000_stoppingTime432000.00,176619.0,1261.2222644042968
148,ails2_etaMax0.005_stoppingTime86400.00,174615.0,1263.168264404297
149,ails2_eoh_acc,174590.0,1285.821264404297
150,ails2_etaMax1.000_stoppingTime1728000.00,176548.0,1307.339264404297
151,ails2_eoh_omega2,174674.0,1289.0562644042968
152,HGS-TV,174946.0,1314.5161039829254
153,ails2_etaMax1.000_stoppingTime432000.00,176529.0,1261.303264404297
154,ails2_eoh_acc_large,174623.0,1344.879264404297
155,ails2_eoh_acc,174579.0,1352.302264404297
156,ails2_eoh_omega2,174662.0,1369.3752644042968
157,HGS-TV,174943.0,1374.7396221160889
158,ails2_eoh_acc,174576.0,1408.321264404297
159,ails2_eoh_acc_large,174622.0,1414.5682644042968
160,ails2_etaMax0.005_stoppingTime86400.00,174613.0,1419.5662644042968
161,ails2_eoh_omega2,174657.0,1377.425264404297
162,ails2_eoh_acc,174548.0,1475.4402644042968
163,ails2_eoh_acc_large,174621.0,1461.041264404297
164,ails2_etaMax0.005_stoppingTime86400.00,174543.0,1479.2002644042968
165,ails2_etaMax0.010_stoppingTime432000.00,174726.0,1481.598264404297
166,ails2_eoh_omega2,174656.0,1521.7752644042969
167,ails2_etaMax0.020_stoppingTime86400.00,174516.0,1532.714264404297
168,ails2_eoh_acc,174544.0,1489.175264404297
169,ails2_etaMax0.005_stoppingTime86400.00,174526.0,1534.7092644042968
170,ails2_etaMax0.010_stoppingTime432000.00,174725.0,1481.915264404297
171,ails2_eoh_omega2,174654.0,1537.2102644042968
172,ails2_etaMax0.020_stoppingTime86400.00,174515.0,1538.0392644042968
173,ails2_eoh_acc,174535.0,1584.1512644042969
174,ails2_etaMax0.005_stoppingTime86400.00,174508.0,1598.184264404297
175,ails2_etaMax1.000_stoppingTime86400.00,176455.0,1615.492264404297
176,ails2_eoh_omega2,174653.0,1612.4112644042968
177,ails2_etaMax0.020_stoppingTime86400.00,174513.0,1626.0182644042968
178,ails2_etaMax0.005_stoppingTime86400.00,174502.0,1663.300264404297
179,ails2_eoh_acc,174534.0,1667.1022644042969
180,ails2_etaMax1.000_stoppingTime86400.00,176397.0,1615.533264404297
181,ails2_eoh_omega2,174652.0,1648.9222644042968
182,ails2_etaMax0.020_stoppingTime86400.00,174507.0,1694.2512644042968
183,ails2_etaMax0.005_stoppingTime86400.00,174493.0,1667.916264404297
184,ails2_eoh_acc,174530.0,1717.4202644042969
185,ails2_etaMax0.020_stoppingTime86400.00,174504.0,1771.435264404297
186,ails2_etaMax0.010_stoppingTime432000.00,174724.0,1782.6622644042968
187,ails2_eoh_omega2,174651.0,1783.4192644042969
188,ails2_etaMax0.005_stoppingTime86400.00,174487.0,1778.869264404297
189,ails2_eoh_acc,174528.0,1774.7022644042968
190,ails2_etaMax0.020_stoppingTime86400.00,174500.0,1825.9592644042968
191,ails2_eoh_omega2,174646.0,1791.408264404297
192,ails2_etaMax0.005_stoppingTime86400.00,174486.0,1873.060264404297
193,ails2_etaMax0.020_stoppingTime86400.00,174481.0,1869.1802644042968
194,ails2_eoh_omega2,174643.0,1871.503264404297
195,ails2_etaMax0.005_stoppingTime86400.00,174480.0,1900.965264404297
196,ails2_etaMax0.020_stoppingTime86400.00,174477.0,1924.099264404297
197,ails2_eoh_omega2,174637.0,1959.6542644042968
198,ails2_eoh_acc,174526.0,1993.434264404297
199,ails2_etaMax0.005_stoppingTime86400.00,174477.0,1933.6502644042969
200,ails2_etaMax1.000_stoppingTime432000.00,176527.0,1999.379264404297
201,ails2_etaMax0.020_stoppingTime86400.00,174474.0,1982.6542644042968
202,ails2_eoh_omega2,174636.0,1971.4002644042969
203,ails2_etaMax1.000_stoppingTime432000.00,176479.0,2005.3232644042969
204,ails2_etaMax0.020_stoppingTime86400.00,174470.0,2055.403264404297
205,ails2_etaMax0.020_stoppingTime86400.00,174454.0,2096.948264404297
206,ails2_etaMax0.005_stoppingTime86400.00,174474.0,2142.681264404297
207,ails2_eoh_acc_large,174601.0,2147.428264404297
208,HGS-TV,174931.0,2168.3369030952454
209,ails2_etaMax0.005_stoppingTime86400.00,174465.0,2175.458264404297
210,HGS-TV,174912.0,2228.4793264865875
211,ails2_eoh_acc_large,174599.0,2254.281264404297
212,ails2_etaMax0.005_stoppingTime86400.00,174461.0,2251.080264404297
213,ails2_eoh_omega2,174635.0,2278.161264404297
214,ails2_etaMax0.010_stoppingTime432000.00,174723.0,2315.567264404297
215,ails2_etaMax0.005_stoppingTime86400.00,174459.0,2291.529264404297
216,ails2_eoh_omega2,174622.0,2299.635264404297
217,HGS-TV,174911.0,2359.8816730976105
218,ails2_etaMax0.005_stoppingTime86400.00,174456.0,2352.9472644042967
219,ails2_eoh_omega2,174620.0,2353.712264404297
220,ails2_etaMax0.005_stoppingTime86400.00,174449.0,2439.3132644042967
221,ails2_etaMax0.020_stoppingTime86400.00,174453.0,2450.9252644042967
222,HGS-TV,174910.0,2485.9318175315857
223,ails2_etaMax0.010_stoppingTime432000.00,174720.0,2492.111264404297
224,ails2_eoh_omega2,174619.0,2493.949264404297
225,ails2_etaMax0.020_stoppingTime86400.00,174448.0,2451.8132644042967
226,HGS-TV,174909.0,2546.071727991104
227,ails2_etaMax0.010_stoppingTime432000.00,174717.0,2496.0412644042967
228,ails2_eoh_omega2,174617.0,2499.212264404297
229,ails2_etaMax0.020_stoppingTime86400.00,174440.0,2558.7062644042967
230,ails2_etaMax0.005_stoppingTime86400.00,174448.0,2576.633264404297
231,ails2_eoh_acc,174525.0,2594.8492644042967
232,HGS-TV,174908.0,2609.8567595481873
233,ails2_etaMax0.010_stoppingTime432000.00,174712.0,2562.959264404297
234,ails2_etaMax0.005_stoppingTime86400.00,174429.0,2634.3312644042967
235,ails2_etaMax0.020_stoppingTime86400.00,174439.0,2660.279264404297
236,ails2_etaMax0.010_stoppingTime432000.00,174711.0,2676.220264404297
237,ails2_etaMax0.005_stoppingTime86400.00,174419.0,2670.730264404297
238,HGS-TV,174901.0,2708.9300830364227
239,ails2_etaMax0.020_stoppingTime86400.00,174436.0,2703.095264404297
240,ails2_etaMax0.010_stoppingTime432000.00,174707.0,2679.123264404297
241,ails2_etaMax0.005_stoppingTime86400.00,174417.0,2715.238264404297
242,HGS-TV,174900.0,2769.145569562912
243,ails2_etaMax0.020_stoppingTime86400.00,174426.0,2729.519264404297
244,ails2_etaMax0.010_stoppingTime432000.00,174705.0,2776.680264404297
245,ails2_etaMax0.005_stoppingTime86400.00,174405.0,2781.8202644042967
246,HGS-TV,174898.0,2839.840738773346
247,ails2_eoh_omega2,174616.0,2868.917264404297
248,ails2_etaMax0.005_stoppingTime86400.00,174395.0,2871.712264404297
249,HGS-TV,174895.0,2899.8946540355682
250,ails2_etaMax0.010_stoppingTime432000.00,174703.0,2907.477264404297
251,ails2_eoh_omega2,174615.0,2874.042264404297
252,ails2_eoh_acc,174524.0,2934.3092644042968
253,HGS-TV,174893.0,2959.9094018936157
254,ails2_etaMax0.010_stoppingTime432000.00,174678.0,2955.737264404297
255,ails2_eoh_omega2,174607.0,2957.1392644042967
256,ails2_eoh_acc,174522.0,2980.966264404297
257,ails2_etaMax0.005_stoppingTime86400.00,174385.0,3001.364264404297
258,ails2_etaMax0.020_stoppingTime86400.00,174425.0,3010.9722644042968
259,ails2_etaMax0.010_stoppingTime432000.00,174660.0,3028.035264404297
260,HGS-TV,174892.0,3042.066257715225
261,ails2_etaMax0.005_stoppingTime86400.00,174381.0,3020.0902644042967
262,ails2_etaMax0.020_stoppingTime86400.00,174422.0,3015.045264404297
263,ails2_etaMax0.010_stoppingTime432000.00,174650.0,3077.951264404297
264,ails2_etaMax0.005_stoppingTime86400.00,174374.0,3121.316264404297
265,ails2_eoh_omega2,174605.0,3145.598264404297
266,ails2_etaMax0.010_stoppingTime432000.00,174649.0,3093.415264404297
267,ails2_etaMax0.005_stoppingTime86400.00,174370.0,3152.1882644042967
268,ails2_eoh_acc,174521.0,3200.073264404297
269,ails2_eoh_omega2,174600.0,3175.670264404297
270,ails2_etaMax0.010_stoppingTime432000.00,174638.0,3209.894264404297
271,ails2_eoh_acc_large,174598.0,3240.161264404297
272,ails2_eoh_omega2,174590.0,3252.4452644042967
273,ails2_etaMax0.010_stoppingTime432000.00,174633.0,3248.710264404297
274,ails2_etaMax0.020_stoppingTime86400.00,174421.0,3286.671264404297
275,ails2_eoh_acc_large,174592.0,3281.482264404297
276,ails2_eoh_omega2,174588.0,3322.669264404297
277,ails2_etaMax0.010_stoppingTime432000.00,174631.0,3287.760264404297
278,ails2_etaMax0.020_stoppingTime86400.00,174419.0,3341.578264404297
279,HGS-TV,174881.0,3359.4301195144653
280,ails2_etaMax0.005_stoppingTime86400.00,174369.0,3385.511264404297
281,ails2_eoh_omega2,174582.0,3382.702264404297
282,ails2_etaMax1.000_stoppingTime86400.00,176384.0,3406.0592644042968
283,ails2_etaMax0.020_stoppingTime86400.00,174414.0,3399.857264404297
284,ails2_etaMax0.005_stoppingTime86400.00,174367.0,3387.2222644042968
285,ails2_eoh_omega2,174577.0,3432.0052644042967
286,ails2_etaMax1.000_stoppingTime86400.00,176220.0,3430.406264404297
287,ails2_etaMax0.020_stoppingTime86400.00,174412.0,3443.417264404297
288,ails2_eoh_acc_large,174583.0,3494.778264404297
289,ails2_eoh_omega2,174566.0,3503.1302644042967
290,ails2_eoh_acc_large,174576.0,3505.510264404297
291,ails2_etaMax0.005_stoppingTime86400.00,174366.0,3571.702264404297
292,ails2_etaMax0.010_stoppingTime432000.00,174630.0,3830.9942644042967
293,ails2_eoh_omega2,174565.0,3831.386264404297
294,ails2_eoh_omega2,174538.0,3889.2622644042967
295,ails2_etaMax0.010_stoppingTime432000.00,174616.0,3840.448264404297
296,HGS-TV,174365.0,3927.461555957794
297,ails2_etaMax0.010_stoppingTime432000.00,174611.0,3926.0122644042967
298,ails2_eoh_omega2,174537.0,3932.283264404297
299,ails2_etaMax0.010_stoppingTime432000.00,174610.0,4018.615264404297
300,ails2_eoh_omega2,174536.0,4063.314264404297
301,ails2_etaMax1.000_stoppingTime1728000.00,176541.0,4067.611264404297
302,ails2_etaMax0.010_stoppingTime432000.00,174608.0,4018.893264404297
303,ails2_etaMax1.000_stoppingTime1728000.00,176455.0,4085.107264404297
304,ails2_etaMax0.010_stoppingTime432000.00,174605.0,4119.258264404297
305,ails2_eoh_omega2,174535.0,4151.675264404297
306,ails2_etaMax0.010_stoppingTime432000.00,174604.0,4192.089264404297
307,ails2_etaMax0.010_stoppingTime432000.00,174599.0,4207.879264404297
308,ails2_eoh_acc_large,174365.0,4276.611264404297
309,ails2_eoh_omega2,174532.0,4360.365264404297
310,ails2_eoh_omega2,174529.0,4408.914264404297
311,ails2_etaMax1.000_stoppingTime86400.00,176215.0,4435.467264404297
312,ails2_etaMax0.005_stoppingTime86400.00,174365.0,4482.401264404297
313,ails2_etaMax0.010_stoppingTime432000.00,174598.0,4536.707264404296
314,ails2_etaMax0.005_stoppingTime86400.00,174349.0,4536.393264404297
315,ails2_etaMax0.010_stoppingTime432000.00,174584.0,4566.3592644042965
316,ails2_etaMax0.005_stoppingTime86400.00,174345.0,4559.675264404297
317,ails2_etaMax1.000_stoppingTime864000.00,176488.0,4634.788264404297
318,ails2_etaMax0.010_stoppingTime432000.00,174583.0,4672.401264404297
319,ails2_etaMax1.000_stoppingTime864000.00,176486.0,4634.817264404297
320,ails2_etaMax0.010_stoppingTime432000.00,174575.0,4678.666264404297
321,ails2_etaMax1.000_stoppingTime864000.00,176476.0,4766.219264404297
322,ails2_etaMax0.010_stoppingTime432000.00,174551.0,4768.215264404297
323,ails2_eoh_omega2,174527.0,4796.5692644042965
324,ails2_etaMax1.000_stoppingTime864000.00,176395.0,4825.9532644042965
325,ails2_etaMax1.000_stoppingTime86400.00,176211.0,4906.160264404297
326,ails2_etaMax0.010_stoppingTime432000.00,174547.0,4924.085264404297
327,ails2_etaMax1.000_stoppingTime86400.00,176158.0,4907.621264404297
328,ails2_etaMax0.010_stoppingTime432000.00,174546.0,4991.503264404297
329,ails2_etaMax0.005_stoppingTime86400.00,174344.0,4993.099264404297
330,ails2_etaMax1.000_stoppingTime86400.00,176149.0,5000.192264404297
331,ails2_etaMax0.010_stoppingTime432000.00,174533.0,5049.552264404297
332,ails2_etaMax0.005_stoppingTime86400.00,174342.0,5014.026264404297
333,ails2_etaMax0.010_stoppingTime432000.00,174512.0,5088.338264404297
334,ails2_etaMax0.005_stoppingTime86400.00,174336.0,5104.303264404297
335,HGS-TV,174364.0,5153.703005313873
336,ails2_etaMax0.005_stoppingTime86400.00,174335.0,5116.146264404297
337,ails2_eoh_omega2,174526.0,5186.539264404297
338,ails2_eoh_acc_large,174362.0,5209.157264404297
339,ails2_eoh_omega2,174520.0,5235.246264404297
340,HGS-TV,174359.0,5248.091201066971
341,ails2_etaMax1.000_stoppingTime86400.00,176129.0,5317.267264404297
342,ails2_etaMax0.010_stoppingTime432000.00,174510.0,5351.936264404297
343,HGS-TV,174358.0,5378.553362369537
344,ails2_eoh_acc_large,174360.0,5407.161264404297
345,ails2_etaMax0.010_stoppingTime432000.00,174493.0,5390.0112644042965
346,ails2_etaMax0.005_stoppingTime86400.00,174334.0,5427.416264404297
347,ails2_eoh_omega2,174519.0,5439.905264404297
348,ails2_etaMax0.010_stoppingTime432000.00,174492.0,5417.015264404296
349,ails2_etaMax0.005_stoppingTime86400.00,174332.0,5457.053264404297
350,ails2_etaMax0.010_stoppingTime432000.00,174490.0,5479.755264404297
351,ails2_etaMax0.010_stoppingTime432000.00,174470.0,5592.034264404297
352,ails2_etaMax0.010_stoppingTime432000.00,174468.0,5655.132264404297
353,ails2_etaMax1.000_stoppingTime864000.00,176363.0,5672.059264404297
354,ails2_etaMax0.010_stoppingTime432000.00,174465.0,5659.061264404297
355,ails2_etaMax1.000_stoppingTime864000.00,176342.0,5672.088264404297
356,ails2_etaMax0.010_stoppingTime432000.00,174437.0,5764.045264404297
357,ails2_etaMax0.010_stoppingTime432000.00,174402.0,5838.6452644042965
358,ails2_eoh_acc,174363.0,5868.382264404297
359,ails2_etaMax0.010_stoppingTime432000.00,174396.0,5855.912264404297
360,ails2_etaMax1.000_stoppingTime432000.00,176472.0,5928.8772644042965
361,ails2_etaMax0.010_stoppingTime432000.00,174395.0,5997.624264404297
362,ails2_eoh_acc_large,174359.0,6004.222264404297
363,ails2_eoh_omega2,174518.0,6048.101264404297
364,ails2_etaMax0.010_stoppingTime432000.00,174392.0,6026.089264404297
365,ails2_eoh_omega2,174517.0,6049.230264404297
366,ails2_eoh_acc_large,174358.0,6155.128264404297
367,ails2_eoh_omega2,174516.0,6174.967264404297
368,ails2_etaMax0.020_stoppingTime86400.00,174364.0,6191.074264404297
369,ails2_eoh_omega2,174514.0,6213.672264404297
370,ails2_etaMax0.020_stoppingTime86400.00,174358.0,6192.295264404297
371,ails2_eoh_acc,174349.0,6288.246264404297
372,ails2_etaMax1.000_stoppingTime86400.00,176087.0,6300.6272644042965
373,ails2_eoh_omega2,174513.0,6303.008264404297
374,ails2_etaMax0.010_stoppingTime432000.00,174391.0,6340.258264404297
375,ails2_etaMax0.020_stoppingTime86400.00,174357.0,6345.860264404297
376,ails2_eoh_acc,174348.0,6296.7252644042965
377,ails2_eoh_omega2,174512.0,6304.5692644042965
378,ails2_etaMax0.005_stoppingTime86400.00,174331.0,6390.1942644042965
379,ails2_etaMax0.020_stoppingTime86400.00,174355.0,6394.701264404297
380,ails2_etaMax0.005_stoppingTime86400.00,174330.0,6399.326264404297
381,ails2_eoh_acc,174343.0,6460.712264404297
382,ails2_etaMax0.010_stoppingTime432000.00,174390.0,6465.262264404297
383,ails2_etaMax0.020_stoppingTime86400.00,174351.0,6446.133264404297
384,ails2_etaMax0.010_stoppingTime432000.00,174389.0,6465.414264404297
385,ails2_eoh_acc_large,174352.0,6540.509264404297
386,ails2_etaMax0.005_stoppingTime86400.00,174329.0,6568.545264404297
387,ails2_etaMax1.000_stoppingTime86400.00,176061.0,6605.571264404297
388,ails2_etaMax0.005_stoppingTime86400.00,174324.0,6613.670264404297
389,ails2_etaMax1.000_stoppingTime86400.00,176013.0,6606.267264404297
390,ails2_etaMax0.005_stoppingTime86400.00,174323.0,6691.841264404296
391,ails2_etaMax0.010_stoppingTime432000.00,174388.0,6692.543264404297
392,ails2_eoh_acc_large,174351.0,6698.4262644042965
393,ails2_etaMax0.005_stoppingTime86400.00,174322.0,6692.6942644042965
394,ails2_etaMax0.010_stoppingTime432000.00,174374.0,6744.817264404297
395,ails2_etaMax0.020_stoppingTime86400.00,174350.0,6780.230264404297
396,ails2_etaMax0.020_stoppingTime86400.00,174347.0,6782.634264404297
397,ails2_eoh_acc_large,174349.0,6850.705264404297
398,ails2_etaMax0.010_stoppingTime432000.00,174373.0,6870.811264404297
399,ails2_etaMax0.020_stoppingTime86400.00,174346.0,6878.906264404297
400,ails2_eoh_acc_large,174339.0,6901.624264404297
401,ails2_etaMax0.010_stoppingTime432000.00,174372.0,6870.964264404297
402,ails2_eoh_acc_large,174337.0,6954.372264404297
403,ails2_etaMax0.010_stoppingTime432000.00,174371.0,7095.146264404297
404,ails2_eoh_acc,174342.0,7113.110264404297
405,ails2_etaMax0.005_stoppingTime86400.00,174320.0,7149.881264404297
406,ails2_etaMax0.010_stoppingTime432000.00,174370.0,7126.390264404296
407,ails2_etaMax0.010_stoppingTime432000.00,174369.0,7238.787264404297
408,ails2_etaMax1.000_stoppingTime432000.00,176446.0,7240.076264404297
409,ails2_eoh_acc,174318.0,7309.142264404297
410,ails2_etaMax0.010_stoppingTime432000.00,174368.0,7351.434264404297
411,ails2_eoh_acc,174317.0,7383.0692644042965
412,ails2_etaMax1.000_stoppingTime86400.00,176010.0,7403.249264404297
413,ails2_etaMax0.010_stoppingTime432000.00,174366.0,7354.071264404297
414,ails2_eoh_acc,174316.0,7399.361264404297
415,ails2_etaMax1.000_stoppingTime86400.00,175970.0,7406.039264404297
416,ails2_etaMax1.000_stoppingTime432000.00,176442.0,8150.018264404297
417,ails2_etaMax1.000_stoppingTime432000.00,176398.0,8246.765264404297
418,ails2_etaMax1.000_stoppingTime86400.00,175956.0,8459.241264404296
419,ails2_etaMax1.000_stoppingTime86400.00,175914.0,8459.284264404298
420,ails2_etaMax1.000_stoppingTime1728000.00,176444.0,8636.395264404297
421,ails2_eoh_acc,174315.0,8741.092264404297
422,ails2_etaMax1.000_stoppingTime432000.00,176397.0,8767.250264404296
423,ails2_etaMax1.000_stoppingTime432000.00,176367.0,8770.866264404296
424,HGS-TV,174314.0,9101.264960765839
425,ails2_etaMax0.005_stoppingTime86400.00,174318.0,9119.620264404297
426,ails2_etaMax0.005_stoppingTime86400.00,174312.0,9126.471264404297
427,ails2_etaMax0.005_stoppingTime86400.00,174311.0,9419.614264404298
428,ails2_etaMax0.005_stoppingTime86400.00,174309.0,9420.219264404297
429,HGS-TV,174313.0,9501.712074518204
430,ails2_etaMax0.005_stoppingTime86400.00,174307.0,9524.293264404298
431,ails2_eoh_omega2,174511.0,9565.834264404297
432,ails2_etaMax1.000_stoppingTime86400.00,175911.0,9615.739264404298
433,ails2_etaMax0.005_stoppingTime86400.00,174306.0,9616.915264404297
434,ails2_eoh_omega2,174508.0,9566.174264404297
435,ails2_etaMax0.005_stoppingTime86400.00,174305.0,9654.383264404298
436,ails2_eoh_omega2,174507.0,9717.982264404296
437,ails2_eoh_omega2,174505.0,9738.473264404296
438,HGS-TV,174312.0,9789.124189138412
439,ails2_eoh_omega2,174502.0,9926.297264404297
440,ails2_eoh_omega2,174501.0,9926.624264404298
441,ails2_etaMax0.005_stoppingTime86400.00,174302.0,10030.000264404296
442,ails2_eoh_omega2,174499.0,10028.506264404297
443,ails2_etaMax0.005_stoppingTime86400.00,174301.0,10054.217264404297
444,HGS-TV,174311.0,10149.167097091675
445,ails2_etaMax0.005_stoppingTime86400.00,174300.0,10108.671264404296
446,HGS-TV,174310.0,10272.496926784515
447,ails2_etaMax0.010_stoppingTime432000.00,174365.0,10279.774264404297
448,ails2_etaMax1.000_stoppingTime86400.00,175898.0,10300.442264404297
449,ails2_etaMax0.010_stoppingTime432000.00,174364.0,10282.038264404297
450,ails2_etaMax1.000_stoppingTime86400.00,175756.0,10310.614264404298
451,ails2_etaMax1.000_stoppingTime432000.00,176222.0,10465.685264404297
452,ails2_eoh_omega2,174498.0,10589.814264404296
453,ails2_eoh_omega2,174492.0,10635.889264404297
454,ails2_eoh_omega2,174489.0,10656.535264404298
455,ails2_etaMax0.010_stoppingTime432000.00,174363.0,10829.547264404297
456,ails2_etaMax0.010_stoppingTime432000.00,174362.0,10829.582264404296
457,ails2_etaMax0.005_stoppingTime86400.00,174299.0,10912.706264404296
458,ails2_eoh_acc_large,174297.0,10926.736264404297
459,ails2_etaMax0.010_stoppingTime432000.00,174324.0,10930.206264404296
460,ails2_etaMax0.005_stoppingTime86400.00,174293.0,10962.759264404296
461,ails2_eoh_acc_large,174292.0,10987.216264404296
462,ails2_etaMax0.010_stoppingTime432000.00,174319.0,10955.227264404297
463,filo2,174298.0,11013.172796010971
464,ails2_eoh_acc_large,174291.0,11029.725264404296
465,ails2_etaMax0.005_stoppingTime86400.00,174292.0,11054.000264404296
466,ails2_etaMax0.005_stoppingTime86400.00,174290.0,11119.205264404296
467,filo2,174297.0,11141.73230600357
468,ails2_etaMax0.010_stoppingTime432000.00,174318.0,11154.273264404297
469,ails2_eoh_acc_large,174288.0,11166.224264404296
470,ails2_etaMax0.005_stoppingTime86400.00,174289.0,11121.872264404297
471,ails2_etaMax0.010_stoppingTime432000.00,174311.0,11177.923264404297
472,ails2_etaMax0.005_stoppingTime86400.00,174288.0,11242.443264404297
473,ails2_etaMax0.005_stoppingTime86400.00,174277.0,11289.002264404297
474,ails2_etaMax0.005_stoppingTime86400.00,174270.0,11331.847264404298
475,ails2_eoh_omega2,174487.0,11407.519264404296
476,ails2_etaMax0.005_stoppingTime86400.00,174262.0,11402.253264404297
477,ails2_etaMax0.005_stoppingTime86400.00,174261.0,11577.259264404296
478,ails2_etaMax0.020_stoppingTime86400.00,174299.0,11619.064264404296
479,ails2_eoh_omega2,174486.0,11624.319264404297
480,ails2_etaMax0.005_stoppingTime86400.00,174259.0,11577.525264404298
481,ails2_etaMax0.020_stoppingTime86400.00,174291.0,11620.948264404296
482,ails2_eoh_omega2,174477.0,11635.247264404297
483,ails2_eoh_omega2,174474.0,11721.269264404296
484,ails2_eoh_omega2,174473.0,11819.070264404298
485,ails2_eoh_omega2,174471.0,11867.386264404297
486,ails2_eoh_omega2,174470.0,11951.774264404297
487,ails2_etaMax1.000_stoppingTime1728000.00,176429.0,12010.733264404296
488,ails2_eoh_omega2,174468.0,11980.187264404296
489,ails2_eoh_acc_large,174286.0,12118.467264404297
490,ails2_etaMax1.000_stoppingTime864000.00,176330.0,12178.063264404296
491,ails2_eoh_acc_large,174285.0,12146.527264404296
492,ails2_etaMax1.000_stoppingTime864000.00,176321.0,12178.093264404297
493,ails2_etaMax1.000_stoppingTime86400.00,175751.0,12254.465264404296
494,ails2_etaMax1.000_stoppingTime86400.00,175746.0,12254.621264404297
495,ails2_eoh_acc_large,174282.0,12317.428264404296
496,ails2_eoh_acc_large,174280.0,12318.041264404297
497,ails2_etaMax0.010_stoppingTime432000.00,174310.0,12386.685264404297
498,ails2_eoh_omega2,174467.0,12396.589264404296
499,ails2_eoh_acc_large,174278.0,12431.412264404296
500,ails2_etaMax1.000_stoppingTime86400.00,175729.0,12443.060264404297
501,ails2_eoh_omega2,174451.0,12430.978264404297
502,ails2_etaMax0.020_stoppingTime86400.00,174290.0,12492.746264404297
503,ails2_etaMax1.000_stoppingTime86400.00,175693.0,12492.081264404296
504,ails2_eoh_acc_large,174269.0,12534.092264404297
505,ails2_etaMax0.010_stoppingTime432000.00,174309.0,12551.971264404297
506,ails2_etaMax0.020_stoppingTime86400.00,174283.0,12500.071264404296
507,ails2_etaMax1.000_stoppingTime86400.00,175687.0,12537.649264404297
508,ails2_eoh_omega2,174450.0,12593.259264404296
509,ails2_etaMax0.010_stoppingTime432000.00,174308.0,12626.284264404298
510,ails2_etaMax0.020_stoppingTime86400.00,174282.0,12626.481264404298
511,ails2_eoh_omega2,174449.0,12593.525264404298
512,ails2_etaMax0.010_stoppingTime432000.00,174307.0,12628.677264404298
513,ails2_etaMax0.020_stoppingTime86400.00,174280.0,12756.557264404297
514,ails2_eoh_acc_large,174268.0,12765.951264404297
515,ails2_etaMax0.020_stoppingTime86400.00,174278.0,12756.618264404296
516,ails2_etaMax1.000_stoppingTime1728000.00,176412.0,12896.595264404297
517,ails2_etaMax1.000_stoppingTime86400.00,175682.0,13112.937264404296
518,ails2_etaMax1.000_stoppingTime86400.00,175675.0,13113.021264404297
519,HGS-TV,174297.0,13301.272657632828
520,ails2_etaMax1.000_stoppingTime86400.00,175671.0,13394.039264404297
521,ails2_etaMax1.000_stoppingTime86400.00,175668.0,13394.067264404297
522,ails2_etaMax0.020_stoppingTime86400.00,174276.0,13588.317264404297
523,HGS-TV,174291.0,13623.13727259636
524,ails2_etaMax0.020_stoppingTime86400.00,174273.0,13588.792264404297
525,ails2_etaMax1.000_stoppingTime86400.00,175652.0,13671.304264404296
526,ails2_etaMax1.000_stoppingTime86400.00,175646.0,13671.338264404298
527,HGS-TV,174289.0,13954.737632989883
528,ails2_eoh_acc_large,174267.0,14123.770264404297
529,ails2_eoh_acc_large,174266.0,14173.842264404297
530,ails2_etaMax1.000_stoppingTime86400.00,175644.0,14192.613264404297
531,ails2_eoh_acc_large,174251.0,14240.810264404297
532,HGS-TV,174287.0,14296.679909467697
533,ails2_eoh_acc_large,174249.0,14270.027264404296
534,ails2_eoh_omega2,174448.0,14339.873264404298
535,HGS-TV,174286.0,14356.692878007889
536,ails2_eoh_omega2,174447.0,14417.660264404298
537,ails2_etaMax1.000_stoppingTime86400.00,175630.0,14535.714264404296
538,ails2_eoh_omega2,174446.0,14569.953264404297
539,ails2_etaMax1.000_stoppingTime86400.00,175595.0,14590.151264404298
540,ails2_eoh_omega2,174445.0,14569.995264404297
541,ails2_eoh_omega2,174444.0,14662.159264404298
542,ails2_eoh_acc_large,174248.0,14928.492264404296
543,ails2_eoh_acc_large,174245.0,14951.715264404296
544,ails2_etaMax0.010_stoppingTime432000.00,174306.0,15026.732264404296
545,ails2_etaMax0.010_stoppingTime432000.00,174305.0,15026.866264404296
546,ails2_eoh_omega2,174443.0,15266.186264404298
547,ails2_eoh_omega2,174440.0,15278.794264404296
548,ails2_eoh_omega2,174439.0,15543.260264404296
549,ails2_etaMax1.000_stoppingTime86400.00,175573.0,15578.700264404297
550,ails2_etaMax1.000_stoppingTime86400.00,175537.0,15578.738264404297
551,ails2_eoh_omega2,174438.0,15693.698264404296
552,ails2_etaMax1.000_stoppingTime86400.00,175501.0,15692.300264404297
553,ails2_eoh_omega2,174437.0,15697.174264404297
554,ails2_etaMax1.000_stoppingTime86400.00,175498.0,15719.400264404298
555,ails2_eoh_omega2,174435.0,15866.213264404298
556,ails2_etaMax0.010_stoppingTime432000.00,174304.0,16655.318264404297
557,ails2_etaMax0.010_stoppingTime432000.00,174303.0,16826.5922644043
558,ails2_etaMax1.000_stoppingTime1728000.00,176398.0,16873.606264404298
559,ails2_etaMax0.010_stoppingTime432000.00,174302.0,16868.750264404298
560,ails2_etaMax1.000_stoppingTime1728000.00,176364.0,16873.648264404295
561,ails2_etaMax0.010_stoppingTime432000.00,174301.0,17048.168264404296
562,ails2_etaMax0.010_stoppingTime432000.00,174299.0,17068.326264404295
563,ails2_etaMax1.000_stoppingTime86400.00,175497.0,17114.147264404295
564,ails2_etaMax1.000_stoppingTime86400.00,175432.0,17114.242264404296
565,ails2_etaMax0.010_stoppingTime432000.00,174298.0,17244.905264404297
566,ails2_etaMax0.010_stoppingTime432000.00,174297.0,17940.384264404296
567,ails2_etaMax0.010_stoppingTime432000.00,174289.0,17984.704264404296
568,ails2_etaMax1.000_stoppingTime86400.00,175425.0,18066.310264404296
569,ails2_etaMax1.000_stoppingTime86400.00,175398.0,18067.0732644043
570,ails2_eoh_omega2,174434.0,18158.4492644043
571,ails2_etaMax1.000_stoppingTime86400.00,175379.0,18627.607264404298
572,ails2_etaMax1.000_stoppingTime86400.00,175347.0,18629.185264404296
573,ails2_etaMax0.010_stoppingTime432000.00,174288.0,18740.567264404297
574,ails2_etaMax0.010_stoppingTime432000.00,174287.0,18903.892264404298
575,ails2_eoh_acc_large,174243.0,19186.636264404297
576,ails2_etaMax0.010_stoppingTime432000.00,174286.0,19222.159264404298
577,ails2_etaMax0.010_stoppingTime432000.00,174285.0,19389.124264404298
578,ails2_etaMax0.010_stoppingTime432000.00,174284.0,19481.358264404298
579,ails2_etaMax1.000_stoppingTime86400.00,175336.0,20185.141264404298
580,ails2_etaMax1.000_stoppingTime86400.00,175318.0,20187.302264404298
581,ails2_etaMax0.010_stoppingTime432000.00,174283.0,20462.588264404298
582,ails2_eoh_acc_large,174242.0,20572.0752644043
583,ails2_eoh_acc_large,174241.0,20573.123264404298
584,ails2_etaMax1.000_stoppingTime86400.00,175312.0,20921.016264404298
585,ails2_etaMax1.000_stoppingTime86400.00,175267.0,20921.754264404295
586,ails2_etaMax0.010_stoppingTime432000.00,174282.0,21191.722264404296
587,ails2_etaMax1.000_stoppingTime1728000.00,176346.0,21273.437264404296
588,ails2_etaMax1.000_stoppingTime86400.00,175263.0,21305.776264404296
589,ails2_eoh_omega2,174433.0,21349.278264404296
590,ails2_eoh_omega2,174426.0,21407.649264404296
591,ails2_etaMax1.000_stoppingTime432000.00,176213.0,21777.611264404295
592,ails2_etaMax1.000_stoppingTime432000.00,176195.0,21778.731264404298
593,ails2_etaMax1.000_stoppingTime86400.00,175261.0,21854.4142644043
594,ails2_etaMax1.000_stoppingTime432000.00,176184.0,21884.838264404298
595,ails2_etaMax1.000_stoppingTime86400.00,175163.0,21856.668264404296
596,ails2_eoh_acc_large,174240.0,22135.368264404296
597,ails2_eoh_acc_large,174238.0,22193.638264404297
598,ails2_etaMax1.000_stoppingTime432000.00,176166.0,22288.076264404295
599,ails2_etaMax1.000_stoppingTime86400.00,175162.0,22638.978264404297
600,ails2_etaMax1.000_stoppingTime86400.00,175157.0,22642.079264404296
601,ails2_eoh_omega2,174425.0,22831.8232644043
602,ails2_etaMax1.000_stoppingTime86400.00,175131.0,23401.9852644043
603,ails2_etaMax1.000_stoppingTime86400.00,175112.0,23425.577264404295
604,ails2_etaMax1.000_stoppingTime86400.00,175066.0,23511.0912644043
605,ails2_etaMax1.000_stoppingTime432000.00,176155.0,23647.886264404297
606,ails2_etaMax0.020_stoppingTime86400.00,174240.0,23727.822264404298
607,ails2_etaMax0.020_stoppingTime86400.00,174237.0,23727.954264404296
608,ails2_eoh_omega2,174423.0,24025.4322644043
609,ails2_etaMax0.020_stoppingTime86400.00,174235.0,24090.624264404298
610,ails2_etaMax0.020_stoppingTime86400.00,174232.0,24090.809264404295
611,ails2_etaMax1.000_stoppingTime86400.00,175061.0,24240.8782644043
612,ails2_eoh_omega2,174422.0,24279.944264404297
613,ails2_etaMax1.000_stoppingTime86400.00,175008.0,24241.494264404297
614,ails2_eoh_omega2,174418.0,24281.206264404296
615,ails2_etaMax0.020_stoppingTime86400.00,174230.0,24378.678264404298
616,ails2_etaMax0.020_stoppingTime86400.00,174227.0,24386.168264404296
617,ails2_etaMax0.020_stoppingTime86400.00,174226.0,24532.440264404297
618,ails2_eoh_omega2,174415.0,24542.290264404295
619,ails2_etaMax0.020_stoppingTime86400.00,174208.0,24554.665264404295
620,ails2_eoh_omega2,174374.0,24592.899264404296
621,ails2_eoh_omega2,174369.0,24613.772264404295
622,ails2_eoh_omega2,174366.0,24826.532264404297
623,ails2_etaMax0.005_stoppingTime86400.00,174240.0,24888.373264404298
624,HGS-TV,174240.0,24896.132125616074
625,ails2_etaMax0.005_stoppingTime86400.00,174238.0,24891.1462644043
626,ails2_eoh_omega2,174365.0,25152.133264404296
627,ails2_eoh_omega2,174357.0,25190.400264404296
628,ails2_eoh_acc_large,174206.0,25235.527264404296
629,ails2_eoh_omega2,174355.0,25250.737264404295
630,ails2_eoh_acc,174202.0,25235.8252644043
631,ails2_eoh_acc,174198.0,25315.687264404296
632,ails2_eoh_acc_large,174205.0,25337.1642644043
633,ails2_eoh_acc,174193.0,25355.865264404296
634,ails2_eoh_acc_large,174203.0,25354.193264404297
635,ails2_etaMax0.005_stoppingTime86400.00,174207.0,25447.035264404298
636,ails2_eoh_acc_large,174200.0,25414.078264404296
637,ails2_etaMax0.005_stoppingTime86400.00,174206.0,25497.821264404298
638,ails2_eoh_acc_large,174198.0,25550.799264404297
639,ails2_etaMax0.005_stoppingTime86400.00,174201.0,25564.890264404297
640,ails2_eoh_omega2,174354.0,25597.917264404296
641,ails2_etaMax0.005_stoppingTime86400.00,174195.0,25629.185264404296
642,ails2_etaMax1.000_stoppingTime864000.00,176313.0,25642.941264404297
643,ails2_eoh_acc_large,174197.0,25657.284264404298
644,HGS-TV,174201.0,25670.556650877
645,ails2_etaMax0.005_stoppingTime86400.00,174193.0,25633.598264404296
646,ails2_etaMax1.000_stoppingTime864000.00,176295.0,25642.977264404297
647,ails2_eoh_acc_large,174193.0,25698.7162644043
648,ails2_eoh_acc_large,174192.0,25733.112264404295
649,ails2_eoh_acc,174191.0,25806.086264404297
650,ails2_eoh_acc_large,174191.0,25885.9842644043
651,ails2_eoh_omega2,174352.0,26018.832264404296
652,ails2_eoh_acc,174190.0,26031.125264404298
653,ails2_eoh_acc,174189.0,26163.7882644043
654,ails2_etaMax0.005_stoppingTime86400.00,174192.0,26204.667264404296
655,ails2_eoh_omega2,174350.0,26266.498264404298
656,ails2_eoh_acc_large,174190.0,26306.357264404298
657,ails2_eoh_acc_large,174188.0,26316.408264404297
658,ails2_etaMax1.000_stoppingTime86400.00,175001.0,26536.400264404296
659,ails2_eoh_omega2,174348.0,26558.089264404298
660,ails2_etaMax1.000_stoppingTime86400.00,174954.0,26540.839264404298
661,ails2_etaMax1.000_stoppingTime432000.00,176135.0,26608.224264404296
662,ails2_eoh_omega2,174346.0,26609.507264404296
663,ails2_etaMax1.000_stoppingTime86400.00,174950.0,26658.990264404296
664,ails2_etaMax1.000_stoppingTime432000.00,176088.0,26608.332264404296
665,ails2_eoh_acc,174188.0,26907.058264404295
666,ails2_etaMax0.005_stoppingTime86400.00,174191.0,27111.8062644043
667,ails2_etaMax1.000_stoppingTime86400.00,174945.0,27305.368264404296
668,ails2_etaMax1.000_stoppingTime86400.00,174865.0,27305.695264404298
669,HGS-TV,174200.0,27384.036034822464
670,ails2_etaMax1.000_stoppingTime86400.00,174858.0,27376.639264404297
671,ails2_eoh_omega2,174336.0,27515.9842644043
672,ails2_etaMax1.000_stoppingTime864000.00,176282.0,27525.329264404296
673,ails2_eoh_omega2,174289.0,27566.491264404296
674,ails2_etaMax1.000_stoppingTime864000.00,176273.0,27525.367264404296
675,ails2_eoh_omega2,174268.0,27632.088264404298
676,ails2_eoh_omega2,174266.0,27668.885264404296
677,HGS-TV,174198.0,27732.197347402573
678,ails2_etaMax0.005_stoppingTime86400.00,174190.0,27823.0562644043
679,ails2_eoh_omega2,174265.0,27844.846264404296
680,ails2_etaMax0.005_stoppingTime86400.00,174189.0,27986.251264404298
681,ails2_etaMax1.000_stoppingTime432000.00,176073.0,28030.706264404296
682,ails2_etaMax0.010_stoppingTime432000.00,174280.0,28032.363264404295
683,ails2_etaMax1.000_stoppingTime1728000.00,176343.0,28042.529264404297
684,ails2_etaMax1.000_stoppingTime432000.00,176059.0,28030.750264404298
685,ails2_etaMax1.000_stoppingTime1728000.00,176287.0,28042.791264404295
686,ails2_etaMax0.010_stoppingTime432000.00,174279.0,28636.980264404297
687,ails2_etaMax0.010_stoppingTime432000.00,174278.0,28637.183264404295
688,ails2_etaMax1.000_stoppingTime86400.00,174849.0,28737.364264404296
689,ails2_etaMax1.000_stoppingTime86400.00,174790.0,28791.389264404297
690,ails2_etaMax1.000_stoppingTime86400.00,174787.0,28809.959264404297
691,ails2_etaMax1.000_stoppingTime432000.00,176009.0,28929.550264404297
692,ails2_etaMax1.000_stoppingTime432000.00,175999.0,28930.751264404298
693,ails2_eoh_omega2,174264.0,29439.891264404298
694,ails2_eoh_omega2,174259.0,29453.7342644043
695,ails2_eoh_omega2,174258.0,29622.137264404297
696,ails2_eoh_omega2,174254.0,29659.624264404298
697,ails2_eoh_omega2,174251.0,29710.2872644043
698,ails2_eoh_omega2,174245.0,29786.4142644043
699,ails2_eoh_omega2,174244.0,29967.428264404298
700,ails2_etaMax1.000_stoppingTime432000.00,175994.0,29973.687264404296
701,ails2_eoh_omega2,174243.0,29967.773264404295
702,ails2_eoh_omega2,174241.0,30070.7172644043
703,ails2_etaMax1.000_stoppingTime86400.00,174783.0,30326.001264404298
704,ails2_etaMax1.000_stoppingTime86400.00,174782.0,30437.528264404296
705,ails2_etaMax1.000_stoppingTime86400.00,174679.0,30458.886264404297
706,ails2_etaMax1.000_stoppingTime86400.00,174652.0,30769.998264404298
707,ails2_etaMax1.000_stoppingTime86400.00,174642.0,30770.023264404295
708,HGS-TV,174187.0,31498.075102329254
709,ails2_etaMax0.005_stoppingTime86400.00,174187.0,31611.796264404296
710,ails2_etaMax0.005_stoppingTime86400.00,174186.0,31710.514264404297
711,ails2_etaMax0.005_stoppingTime86400.00,174183.0,31740.334264404297
712,HGS-TV,174186.0,31938.840537071228
713,ails2_etaMax0.005_stoppingTime86400.00,174182.0,32086.836264404297
714,ails2_etaMax0.005_stoppingTime86400.00,174176.0,32125.693264404297
715,ails2_eoh_acc_large,174173.0,32465.489264404296
716,ails2_eoh_acc_large,174170.0,32497.135264404296
717,ails2_eoh_acc_large,174169.0,32543.459264404297
718,ails2_etaMax1.000_stoppingTime86400.00,174638.0,33393.7082644043
719,ails2_etaMax1.000_stoppingTime432000.00,175959.0,33906.4532644043
720,HGS-TV,174172.0,33940.074412345886
721,ails2_etaMax1.000_stoppingTime86400.00,174626.0,34030.946264404294
722,ails2_etaMax1.000_stoppingTime86400.00,174604.0,34053.8222644043
723,HGS-TV,174171.0,34118.30259680748
724,ails2_etaMax1.000_stoppingTime86400.00,174600.0,34781.9282644043
725,ails2_etaMax1.000_stoppingTime86400.00,174595.0,34781.997264404294
726,ails2_etaMax1.000_stoppingTime86400.00,174570.0,34869.0532644043
727,ails2_etaMax1.000_stoppingTime1728000.00,176248.0,35001.9342644043
728,ails2_etaMax1.000_stoppingTime86400.00,174569.0,35024.134264404296
729,ails2_eoh_acc_large,174168.0,35044.1292644043
730,ails2_etaMax1.000_stoppingTime86400.00,174538.0,35027.579264404296
731,ails2_etaMax1.000_stoppingTime86400.00,174531.0,35237.0762644043
732,ails2_etaMax0.010_stoppingTime432000.00,174277.0,35273.1972644043
733,ails2_etaMax1.000_stoppingTime86400.00,174479.0,35237.8622644043
734,ails2_etaMax0.010_stoppingTime432000.00,174258.0,35331.3512644043
735,ails2_etaMax1.000_stoppingTime86400.00,174478.0,35376.2542644043
736,ails2_etaMax0.010_stoppingTime432000.00,174257.0,35418.611264404295
737,ails2_etaMax1.000_stoppingTime86400.00,174380.0,35389.0362644043
738,ails2_etaMax0.010_stoppingTime432000.00,174251.0,35450.0102644043
739,ails2_eoh_acc,174173.0,35493.005264404295
740,ails2_eoh_acc,174172.0,35493.5822644043
741,ails2_eoh_acc_large,174167.0,35651.15626440429
742,ails2_etaMax0.010_stoppingTime432000.00,174248.0,35840.7882644043
743,ails2_etaMax0.010_stoppingTime432000.00,174246.0,35841.444264404294
744,ails2_etaMax0.010_stoppingTime432000.00,174239.0,35933.2922644043
745,ails2_eoh_acc_large,174166.0,36991.0212644043
746,ails2_etaMax1.000_stoppingTime864000.00,176260.0,37090.202264404295
747,ails2_etaMax0.010_stoppingTime432000.00,174237.0,37308.791264404295
748,ails2_etaMax0.010_stoppingTime432000.00,174233.0,37327.982264404294
749,ails2_etaMax1.000_stoppingTime864000.00,176222.0,37428.757264404296
750,ails2_etaMax0.010_stoppingTime432000.00,174228.0,37413.448264404295
751,ails2_eoh_acc_large,174165.0,37709.8142644043
752,ails2_eoh_acc_large,174163.0,37721.12026440429
753,ails2_etaMax1.000_stoppingTime86400.00,174376.0,37931.033264404294
754,ails2_eoh_acc_large,174162.0,37936.0172644043
755,ails2_etaMax1.000_stoppingTime86400.00,174375.0,37931.117264404296
756,ails2_eoh_acc_large,174161.0,37951.5802644043
757,ails2_etaMax1.000_stoppingTime432000.00,175930.0,39675.376264404294
758,ails2_etaMax1.000_stoppingTime86400.00,174364.0,39713.5272644043
759,ails2_etaMax1.000_stoppingTime432000.00,175916.0,39677.793264404296
760,ails2_etaMax1.000_stoppingTime86400.00,174321.0,39714.2142644043
761,ails2_etaMax1.000_stoppingTime432000.00,175910.0,39808.615264404296
762,ails2_eoh_omega2,174240.0,39844.789264404295
763,ails2_eoh_omega2,174239.0,40301.490264404296
764,ails2_eoh_omega2,174236.0,40303.31726440429
765,ails2_eoh_omega2,174235.0,40453.272264404295
766,ails2_eoh_omega2,174232.0,40453.6692644043
767,ails2_etaMax1.000_stoppingTime864000.00,176221.0,40696.327264404295
768,ails2_etaMax1.000_stoppingTime864000.00,176203.0,40696.9232644043
769,ails2_etaMax0.010_stoppingTime432000.00,174227.0,40958.287264404295
770,ails2_etaMax0.010_stoppingTime432000.00,174225.0,40974.435264404296
771,ails2_eoh_acc_large,174160.0,41129.295264404296
772,ails2_etaMax0.010_stoppingTime432000.00,174223.0,41947.7942644043
773,ails2_etaMax0.010_stoppingTime432000.00,174222.0,42167.8692644043
774,ails2_etaMax0.010_stoppingTime432000.00,174221.0,42213.588264404294
775,ails2_etaMax0.010_stoppingTime432000.00,174220.0,42857.7622644043
776,ails2_etaMax0.010_stoppingTime432000.00,174218.0,42888.7122644043
777,ails2_etaMax1.000_stoppingTime86400.00,174315.0,43515.132264404296
778,ails2_etaMax1.000_stoppingTime86400.00,174302.0,43524.9702644043
779,ails2_etaMax1.000_stoppingTime432000.00,175901.0,44218.223264404296
780,ails2_etaMax1.000_stoppingTime432000.00,175879.0,44219.289264404295
781,ails2_etaMax1.000_stoppingTime86400.00,174289.0,44619.0682644043
782,ails2_eoh_omega2,174231.0,44755.3052644043
783,ails2_etaMax1.000_stoppingTime86400.00,174287.0,44856.0702644043
784,ails2_etaMax1.000_stoppingTime86400.00,174278.0,44856.24526440429
785,ails2_eoh_omega2,174230.0,45036.704264404296
786,ails2_etaMax1.000_stoppingTime86400.00,174275.0,45129.270264404295
787,ails2_etaMax1.000_stoppingTime864000.00,176202.0,45132.486264404295
788,ails2_etaMax1.000_stoppingTime86400.00,174265.0,45130.234264404295
789,ails2_eoh_omega2,174229.0,45309.533264404294
790,ails2_eoh_omega2,174228.0,45318.9232644043
791,ails2_etaMax0.010_stoppingTime432000.00,174217.0,45495.4512644043
792,ails2_etaMax1.000_stoppingTime432000.00,175865.0,45619.2612644043
793,ails2_etaMax1.000_stoppingTime432000.00,175862.0,46495.670264404296
794,ails2_etaMax1.000_stoppingTime432000.00,175787.0,46496.170264404296
795,ails2_etaMax1.000_stoppingTime864000.00,176176.0,46602.0192644043
796,ails2_etaMax1.000_stoppingTime864000.00,176086.0,46602.0842644043
797,ails2_eoh_omega2,174226.0,46852.187264404296
798,ails2_etaMax1.000_stoppingTime86400.00,174264.0,47164.1142644043
799,ails2_etaMax1.000_stoppingTime86400.00,174245.0,47164.293264404296
800,ails2_eoh_omega2,174225.0,47396.6352644043
801,ails2_eoh_omega2,174218.0,47439.7502644043
802,ails2_eoh_omega2,174215.0,47459.647264404295
803,ails2_etaMax0.010_stoppingTime432000.00,174216.0,47524.3682644043
804,ails2_etaMax1.000_stoppingTime86400.00,174233.0,47720.6352644043
805,ails2_etaMax1.000_stoppingTime86400.00,174202.0,47722.666264404295
806,ails2_etaMax0.010_stoppingTime432000.00,174215.0,47882.5172644043
807,ails2_etaMax1.000_stoppingTime432000.00,175782.0,47885.0302644043
808,ails2_etaMax0.010_stoppingTime432000.00,174214.0,47915.7962644043
809,ails2_etaMax1.000_stoppingTime432000.00,175776.0,47885.0592644043
810,ails2_etaMax1.000_stoppingTime86400.00,174201.0,47968.6272644043
811,ails2_etaMax0.010_stoppingTime432000.00,174213.0,48510.770264404295
812,ails2_etaMax0.010_stoppingTime432000.00,174210.0,48533.4172644043
813,ails2_eoh_omega2,174214.0,48675.497264404294
814,ails2_eoh_omega2,174212.0,48676.0872644043
815,ails2_etaMax1.000_stoppingTime86400.00,174197.0,48828.53126440429
816,ails2_etaMax1.000_stoppingTime86400.00,174193.0,48830.5322644043
817,HGS-TV,174160.0,49069.917761325836
818,ails2_eoh_omega2,174211.0,49124.0872644043
819,HGS-TV,174160.0,49130.423709869385
820,HGS-TV,174160.0,49190.733327150345
821,HGS-TV,174160.0,49251.29956078529
822,HGS-TV,174160.0,49311.5996260643
823,ails2_eoh_omega2,174210.0,49334.0682644043
824,HGS-TV,174160.0,49371.73912000656
825,ails2_eoh_omega2,174209.0,49430.6102644043
826,ails2_eoh_omega2,174208.0,49527.8242644043
827,ails2_eoh_omega2,174206.0,49536.414264404295
828,HGS-TV,174160.0,49600.71066451073
829,HGS-TV,174160.0,49660.99827384949
830,HGS-TV,174160.0,49734.394043922424
831,ails2_etaMax0.010_stoppingTime432000.00,174209.0,49850.016264404294
832,ails2_etaMax0.010_stoppingTime432000.00,174203.0,49875.747264404294
833,HGS-TV,174160.0,49972.77005648613
834,ails2_etaMax0.010_stoppingTime432000.00,174202.0,49989.4402644043
835,ails2_etaMax0.010_stoppingTime432000.00,174199.0,50016.611264404295
836,ails2_etaMax0.010_stoppingTime432000.00,174198.0,50116.5062644043
837,ails2_etaMax0.010_stoppingTime432000.00,174197.0,50180.5822644043
838,HGS-TV,174160.0,50203.736909627914
839,ails2_etaMax0.010_stoppingTime432000.00,174196.0,50181.1802644043
840,HGS-TV,174160.0,50332.37367630005
841,ails2_etaMax0.010_stoppingTime432000.00,174195.0,50377.1992644043
842,ails2_etaMax0.010_stoppingTime432000.00,174191.0,50404.5932644043
843,ails2_etaMax1.000_stoppingTime86400.00,174192.0,50556.3602644043
844,HGS-TV,174160.0,50586.95554971695
845,ails2_etaMax1.000_stoppingTime86400.00,174148.0,50560.717264404295
846,HGS-TV,174160.0,50647.295973300934
847,HGS-TV,174160.0,50707.364924669266
848,HGS-TV,174160.0,50767.54345560074
849,ails2_etaMax1.000_stoppingTime86400.00,174147.0,50977.6482644043
850,ails2_etaMax1.000_stoppingTime86400.00,174142.0,50980.2242644043
851,HGS-TV,174160.0,51319.77562427521
852,HGS-TV,174160.0,51379.968172073364
853,HGS-TV,174160.0,51440.146695137024
854,ails2_etaMax1.000_stoppingTime432000.00,175744.0,51577.6292644043
855,ails2_etaMax1.000_stoppingTime432000.00,175743.0,51577.6932644043
856,HGS-TV,174160.0,51819.93411064148
857,HGS-TV,174160.0,51955.55103302002
858,ails2_etaMax1.000_stoppingTime86400.00,174141.0,52084.8332644043
859,ails2_etaMax1.000_stoppingTime86400.00,174134.0,52090.365264404296
860,HGS-TV,174160.0,52271.357464551926
861,ails2_etaMax1.000_stoppingTime432000.00,175739.0,52328.2822644043
862,ails2_etaMax1.000_stoppingTime432000.00,175728.0,52328.3142644043
863,HGS-TV,174160.0,52606.63881635666
864,HGS-TV,174160.0,52814.30297112465
865,ails2_etaMax1.000_stoppingTime86400.00,174133.0,52862.730264404294
866,HGS-TV,174160.0,52874.65243887901
867,ails2_etaMax1.000_stoppingTime86400.00,174119.0,52922.920264404296
868,ails2_etaMax1.000_stoppingTime86400.00,174112.0,52931.9112644043
869,HGS-TV,174160.0,53085.20172548294
870,HGS-TV,174160.0,53186.29738855362
871,ails2_etaMax1.000_stoppingTime86400.00,174111.0,53255.9072644043
872,ails2_etaMax1.000_stoppingTime86400.00,174083.0,53306.17526440429
873,HGS-TV,174160.0,53499.06242251396
874,HGS-TV,174160.0,53584.25512552261
875,ails2_eoh_omega2,174205.0,53935.526264404296
876,HGS-TV,174160.0,53985.88150835037
877,ails2_eoh_omega2,174203.0,54045.4042644043
878,ails2_eoh_acc_large,173974.0,54078.4052644043
879,ails2_etaMax0.020_stoppingTime86400.00,174023.0,54069.6722644043
880,ails2_etaMax0.005_stoppingTime86400.00,174068.0,54064.090264404294
881,ails2_eoh_omega2,174202.0,54075.94226440429
882,ails2_etaMax0.020_stoppingTime86400.00,173994.0,54125.677264404294
883,ails2_eoh_acc_large,173959.0,54125.7972644043
884,ails2_etaMax0.005_stoppingTime86400.00,174047.0,54128.9762644043
885,ails2_etaMax0.005_stoppingTime86400.00,174031.0,54195.077264404295
886,ails2_etaMax0.020_stoppingTime86400.00,173990.0,54199.016264404294
887,HGS-TV,173972.0,54210.442675590515
888,ails2_eoh_acc_large,173958.0,54212.9752644043
889,ails2_etaMax0.020_stoppingTime86400.00,173988.0,54211.53126440429
890,ails2_etaMax0.005_stoppingTime86400.00,174020.0,54220.8512644043
891,ails2_etaMax1.000_stoppingTime86400.00,174082.0,54267.7142644043
892,ails2_eoh_acc_large,173953.0,54265.8692644043
893,ails2_etaMax0.020_stoppingTime86400.00,173971.0,54322.9412644043
894,ails2_etaMax1.000_stoppingTime86400.00,174070.0,54274.0762644043
895,ails2_eoh_acc_large,173950.0,54311.747264404294
896,filo2,174075.0,54334.61661362648
897,ails2_etaMax0.020_stoppingTime86400.00,173968.0,54325.21126440429
898,ails2_eoh_acc_large,173941.0,54359.4982644043
899,ails2_etaMax0.005_stoppingTime86400.00,174019.0,54411.12026440429
900,ails2_eoh_omega2,174200.0,54437.679264404294
901,ails2_etaMax0.020_stoppingTime86400.00,173962.0,54393.202264404295
902,ails2_etaMax0.005_stoppingTime86400.00,174004.0,54463.838264404294
903,ails2_etaMax0.005_stoppingTime86400.00,173997.0,54532.3262644043
904,ails2_etaMax0.005_stoppingTime86400.00,173988.0,54584.615264404296
905,ails2_eoh_acc_large,173940.0,54618.3852644043
906,ails2_etaMax1.000_stoppingTime86400.00,174068.0,54630.9622644043
907,ails2_etaMax0.005_stoppingTime86400.00,173968.0,54649.4212644043
908,ails2_eoh_acc_large,173929.0,54672.408264404294
909,ails2_etaMax1.000_stoppingTime86400.00,174043.0,54659.429264404294
910,ails2_etaMax0.005_stoppingTime86400.00,173960.0,54671.6292644043
911,ails2_eoh_acc_large,173928.0,54705.609264404295
912,ails2_etaMax0.005_stoppingTime86400.00,173952.0,54764.6912644043
913,ails2_eoh_acc,174082.0,55002.1192644043
914,ails2_etaMax0.020_stoppingTime86400.00,173960.0,55056.681264404295
915,ails2_eoh_acc,174080.0,55019.9962644043
916,HGS-TV,173971.0,55071.35655808449
917,ails2_etaMax0.020_stoppingTime86400.00,173955.0,55060.1082644043
918,ails2_etaMax0.005_stoppingTime86400.00,173949.0,55201.1182644043
919,ails2_etaMax0.020_stoppingTime86400.00,173953.0,55212.149264404296
920,ails2_etaMax0.005_stoppingTime86400.00,173948.0,55204.6162644043
921,ails2_eoh_acc,174079.0,55269.2802644043
922,ails2_etaMax0.020_stoppingTime86400.00,173929.0,55224.8732644043
923,ails2_etaMax1.000_stoppingTime86400.00,174042.0,55520.543264404296
924,ails2_eoh_acc_large,173926.0,55566.143264404294
925,ails2_etaMax1.000_stoppingTime86400.00,174035.0,55521.020264404295
926,ails2_etaMax0.005_stoppingTime86400.00,173947.0,55634.1002644043
927,ails2_etaMax0.020_stoppingTime86400.00,173928.0,55690.1722644043
928,ails2_eoh_acc_large,173925.0,55693.0782644043
929,ails2_etaMax0.005_stoppingTime86400.00,173944.0,55634.3072644043
930,ails2_etaMax0.020_stoppingTime86400.00,173924.0,55691.069264404294
931,ails2_etaMax0.005_stoppingTime86400.00,173943.0,55756.751264404294
932,ails2_eoh_acc,174078.0,55785.81726440429
933,ails2_eoh_omega2,174198.0,55814.4072644043
934,ails2_etaMax0.005_stoppingTime86400.00,173941.0,55763.545264404296
935,ails2_etaMax0.020_stoppingTime86400.00,173922.0,55840.5482644043
936,HGS-TV,173970.0,55857.10890030861
937,ails2_eoh_omega2,174197.0,55814.5472644043
938,ails2_etaMax0.005_stoppingTime86400.00,173926.0,55875.7602644043
939,ails2_etaMax0.020_stoppingTime86400.00,173921.0,55841.681264404295
940,ails2_eoh_omega2,174194.0,56066.35326440429
941,ails2_etaMax0.005_stoppingTime86400.00,173925.0,56073.215264404294
942,ails2_etaMax0.005_stoppingTime86400.00,173923.0,56089.31726440429
943,HGS-TV,173969.0,56178.97298455238
944,ails2_eoh_acc_large,173924.0,56201.7052644043
945,ails2_etaMax1.000_stoppingTime86400.00,174033.0,56304.4192644043
946,ails2_eoh_acc_large,173923.0,56411.6672644043
947,ails2_etaMax1.000_stoppingTime432000.00,175723.0,56573.450264404295
948,ails2_etaMax1.000_stoppingTime86400.00,174030.0,56617.2652644043
949,ails2_etaMax1.000_stoppingTime432000.00,175627.0,56574.8392644043
950,ails2_etaMax1.000_stoppingTime86400.00,174025.0,56618.9552644043
951,ails2_etaMax1.000_stoppingTime86400.00,174024.0,56771.992264404296
952,ails2_etaMax1.000_stoppingTime86400.00,174007.0,56805.5552644043
953,ails2_eoh_acc,174074.0,56970.158264404294
954,ails2_etaMax1.000_stoppingTime86400.00,174006.0,57062.681264404295
955,ails2_etaMax0.005_stoppingTime86400.00,173921.0,57091.7272644043
956,ails2_etaMax1.000_stoppingTime86400.00,173949.0,57087.6882644043
957,ails2_etaMax0.005_stoppingTime86400.00,173918.0,57605.1062644043
958,ails2_eoh_acc_large,173917.0,57682.1362644043
959,ails2_eoh_acc_large,173911.0,57722.696264404294
960,ails2_eoh_acc_large,173908.0,57796.507264404296
961,ails2_eoh_acc_large,173907.0,57843.901264404296
962,ails2_etaMax1.000_stoppingTime86400.00,173947.0,57946.776264404296
963,HGS-TV,173915.0,57948.90314388275
964,ails2_eoh_acc_large,173906.0,57961.5422644043
965,ails2_etaMax1.000_stoppingTime86400.00,173933.0,57966.732264404294
966,ails2_eoh_acc_large,173905.0,58044.916264404295
967,HGS-TV,173911.0,58926.971168756485
968,ails2_eoh_acc_large,173904.0,59180.463264404294
969,HGS-TV,173910.0,60436.356284856796
970,ails2_eoh_omega2,174193.0,60440.5482644043
971,ails2_etaMax1.000_stoppingTime864000.00,176082.0,60709.450264404295
972,ails2_etaMax1.000_stoppingTime864000.00,176013.0,60709.5102644043
973,ails2_eoh_acc_large,173899.0,61089.1042644043
974,ails2_eoh_acc_large,173897.0,62226.1612644043
975,ails2_etaMax1.000_stoppingTime864000.00,175967.0,63289.785264404294
976,ails2_etaMax1.000_stoppingTime864000.00,175947.0,63289.884264404296
977,ails2_etaMax1.000_stoppingTime86400.00,173931.0,63403.247264404294
978,ails2_etaMax1.000_stoppingTime86400.00,173918.0,63404.696264404294
979,ails2_etaMax1.000_stoppingTime86400.00,173914.0,63627.2352644043
980,ails2_etaMax1.000_stoppingTime86400.00,173911.0,63627.3562644043
981,ails2_etaMax1.000_stoppingTime86400.00,173910.0,63776.3882644043
982,ails2_etaMax1.000_stoppingTime86400.00,173892.0,63832.1612644043
983,ails2_eoh_acc_large,173895.0,63941.8692644043
984,ails2_etaMax1.000_stoppingTime1728000.00,176215.0,64015.3322644043
985,ails2_etaMax1.000_stoppingTime1728000.00,176195.0,64015.382264404296
986,ails2_etaMax1.000_stoppingTime86400.00,173890.0,64432.793264404296
987,ails2_etaMax1.000_stoppingTime86400.00,173877.0,64457.980264404294
988,ails2_eoh_acc,173898.0,64587.4362644043
989,ails2_eoh_acc_large,173837.0,64881.9322644043
990,ails2_eoh_acc_large,173836.0,64927.6162644043
991,ails2_eoh_acc_large,173834.0,65028.776264404296
992,ails2_etaMax0.005_stoppingTime86400.00,173874.0,65114.408264404294
993,ails2_eoh_acc_large,173833.0,65137.088264404294
994,ails2_etaMax0.005_stoppingTime86400.00,173873.0,65123.35326440429
995,ails2_etaMax0.005_stoppingTime86400.00,173871.0,65231.505264404295
996,ails2_etaMax0.005_stoppingTime86400.00,173858.0,65268.158264404294
997,filo2,173874.0,65331.08514428139
998,filo2,173873.0,65391.57356643677
999,ails2_etaMax0.005_stoppingTime86400.00,173857.0,65738.05926440429
1000,ails2_etaMax0.005_stoppingTime86400.00,173855.0,65759.4892644043
1001,ails2_etaMax0.005_stoppingTime86400.00,173854.0,66479.1532644043
1002,ails2_eoh_omega2,174192.0,67236.6972644043
1003,ails2_eoh_omega2,174189.0,67240.6332644043
1004,HGS-TV,173835.0,67909.72037768364
1005,ails2_etaMax1.000_stoppingTime1728000.00,176180.0,68211.4442644043
1006,ails2_etaMax1.000_stoppingTime1728000.00,176179.0,68211.4842644043
1007,ails2_etaMax1.000_stoppingTime432000.00,175611.0,68664.2552644043
1008,ails2_etaMax1.000_stoppingTime86400.00,173876.0,68696.0272644043
1009,ails2_etaMax1.000_stoppingTime86400.00,173873.0,68696.1542644043
1010,ails2_etaMax1.000_stoppingTime432000.00,175608.0,68814.30926440429
1011,ails2_etaMax1.000_stoppingTime86400.00,173872.0,69482.8312644043
1012,ails2_etaMax1.000_stoppingTime86400.00,173870.0,69547.3722644043
1013,ails2_etaMax1.000_stoppingTime86400.00,173862.0,69565.2492644043
1014,ails2_etaMax1.000_stoppingTime86400.00,173859.0,70251.4822644043
1015,ails2_etaMax1.000_stoppingTime86400.00,173858.0,70282.99126440429
1016,ails2_etaMax1.000_stoppingTime86400.00,173853.0,70331.7462644043
1017,ails2_eoh_acc_large,173832.0,70741.5492644043
1018,ails2_etaMax1.000_stoppingTime86400.00,173852.0,70812.9472644043
1019,ails2_etaMax1.000_stoppingTime86400.00,173845.0,70826.4462644043
1020,ails2_etaMax1.000_stoppingTime432000.00,175605.0,71380.29426440429
1021,ails2_etaMax1.000_stoppingTime432000.00,175512.0,71380.92626440429
1022,ails2_etaMax1.000_stoppingTime86400.00,173842.0,72031.73726440429
1023,ails2_etaMax1.000_stoppingTime864000.00,175939.0,73428.8022644043
1024,ails2_etaMax1.000_stoppingTime864000.00,175916.0,73960.2702644043
1025,ails2_etaMax1.000_stoppingTime864000.00,175861.0,73960.3692644043
1026,ails2_etaMax1.000_stoppingTime432000.00,175455.0,74595.5232644043
1027,ails2_etaMax1.000_stoppingTime864000.00,175855.0,74976.5812644043
1028,ails2_etaMax1.000_stoppingTime86400.00,173841.0,75651.6182644043
1029,ails2_etaMax1.000_stoppingTime86400.00,173838.0,75652.1392644043
1030,HGS-TV,173831.0,75996.65474534035
1031,ails2_etaMax1.000_stoppingTime1728000.00,176167.0,76740.7392644043
1032,ails2_etaMax1.000_stoppingTime1728000.00,176164.0,76740.76326440429
1033,ails2_etaMax1.000_stoppingTime86400.00,173837.0,76839.1552644043
1034,ails2_etaMax1.000_stoppingTime86400.00,173835.0,76987.3362644043
1035,ails2_etaMax1.000_stoppingTime86400.00,173832.0,76990.16926440429
1036,ails2_etaMax1.000_stoppingTime86400.00,173821.0,77101.5372644043
1037,ails2_etaMax0.010_stoppingTime432000.00,174190.0,79618.6642644043
1038,HGS-TV,173820.0,79771.84448313713
1039,HGS-TV,173819.0,80405.34995746613
1040,HGS-TV,173818.0,80526.52328395844
1041,ails2_etaMax1.000_stoppingTime86400.00,173820.0,81347.61226440429
1042,ails2_etaMax1.000_stoppingTime86400.00,173815.0,81399.6152644043
1043,HGS-TV,173817.0,81785.72661280632
1044,ails2_etaMax1.000_stoppingTime864000.00,175844.0,82092.60826440429
1045,ails2_etaMax1.000_stoppingTime86400.00,173814.0,83429.9162644043
1046,ails2_etaMax1.000_stoppingTime86400.00,173813.0,83578.46426440429
1047,HGS-TV,173814.0,83593.01198887825
1048,ails2_eoh_acc_large,173814.0,84166.1452644043
1049,ails2_etaMax1.000_stoppingTime432000.00,175421.0,85332.5992644043
1050,ails2_eoh_acc_large,173813.0,85938.1582644043
1051,ails2_eoh_acc_large,173811.0,85989.53226440429
1052,HGS-TV,173813.0,86131.58490371704
1053,ails2_eoh_acc_large,173810.0,86164.5352644043
1054,ails2_eoh_acc_large,173809.0,86231.8942644043
1055,ails2_etaMax1.000_stoppingTime432000.00,175391.0,87841.60426440429
1056,ails2_etaMax1.000_stoppingTime864000.00,175839.0,88459.87726440429
1057,ails2_etaMax1.000_stoppingTime1728000.00,176117.0,88460.3082644043
1058,ails2_etaMax1.000_stoppingTime1728000.00,176114.0,88460.3322644043
1059,ails2_etaMax1.000_stoppingTime864000.00,175797.0,88460.2972644043
1060,ails2_etaMax0.010_stoppingTime432000.00,174189.0,90031.3802644043
1061,ails2_etaMax1.000_stoppingTime864000.00,175791.0,90215.6212644043
1062,ails2_etaMax1.000_stoppingTime1728000.00,176099.0,90268.1942644043
1063,ails2_etaMax1.000_stoppingTime864000.00,175773.0,90215.8532644043
1064,ails2_etaMax1.000_stoppingTime1728000.00,176060.0,90268.2262644043
1065,ails2_etaMax1.000_stoppingTime432000.00,175385.0,90902.1472644043
1066,ails2_etaMax1.000_stoppingTime432000.00,175376.0,90902.5612644043
1067,ails2_eoh_omega2,174188.0,90981.1752644043
1068,HGS-TV,173809.0,91087.00738358498
1069,HGS-TV,173809.0,91147.21327495575
1070,HGS-TV,173809.0,91207.37960672379
1071,HGS-TV,173809.0,91267.55013108253
1072,HGS-TV,173809.0,91327.81914234161
1073,HGS-TV,173809.0,91387.89994573593
1074,HGS-TV,173809.0,91448.07976698875
1075,ails2_etaMax1.000_stoppingTime432000.00,175335.0,91502.9652644043
1076,HGS-TV,173809.0,91526.47275042534
1077,ails2_etaMax1.000_stoppingTime432000.00,175304.0,91502.9942644043
1078,HGS-TV,173809.0,91586.58457136154
1079,HGS-TV,173809.0,91703.45941233635
1080,HGS-TV,173809.0,91913.33768224716
1081,ails2_etaMax1.000_stoppingTime432000.00,175265.0,91944.7792644043
1082,HGS-TV,173809.0,91973.48207044601
1083,ails2_etaMax1.000_stoppingTime432000.00,175206.0,91946.9092644043
1084,HGS-TV,173809.0,92240.31190347672
1085,HGS-TV,173809.0,92306.13415551186
1086,HGS-TV,173809.0,92374.13660383224
1087,HGS-TV,173809.0,92562.0451540947
1088,ails2_eoh_omega2,174187.0,92610.87326440429
1089,HGS-TV,173809.0,92622.3982887268
1090,HGS-TV,173809.0,92916.57157754898
1091,HGS-TV,173809.0,93060.79936528206
1092,HGS-TV,173809.0,93455.80606794357
1093,HGS-TV,173809.0,93910.89384317398
1094,HGS-TV,173809.0,93971.25167751312
1095,HGS-TV,173809.0,94209.47328782082
1096,HGS-TV,173809.0,94276.37226891518
1097,HGS-TV,173809.0,94418.01682424545
1098,HGS-TV,173809.0,94478.0550596714
1099,HGS-TV,173809.0,94538.18071269989
1100,HGS-TV,173809.0,94619.47551846504
1101,HGS-TV,173809.0,94743.78803372383
1102,HGS-TV,173809.0,94803.88135933876
1103,HGS-TV,173809.0,94970.15635204315
1104,HGS-TV,173809.0,95204.74637508392
1105,HGS-TV,173809.0,95438.08942198753
1106,HGS-TV,173809.0,95498.12440419197
1107,HGS-TV,173809.0,96106.67609786987
1108,HGS-TV,173809.0,96172.78140234947
1109,ails2_etaMax0.010_stoppingTime432000.00,174188.0,96253.51726440429
1110,HGS-TV,173809.0,96309.65171098709
1111,ails2_etaMax0.010_stoppingTime432000.00,174187.0,96253.7582644043
1112,HGS-TV,173809.0,96548.24211382866
1113,HGS-TV,173809.0,96608.27371573448
1114,ails2_eoh_omega2,174186.0,96789.90726440429
1115,HGS-TV,173809.0,96834.0938565731
1116,HGS-TV,173809.0,96918.74509263039
1117,HGS-TV,173809.0,97014.30597138405
1118,HGS-TV,173809.0,97160.29602146149
1119,ails2_eoh_omega2,174185.0,97285.4282644043
1120,HGS-TV,173809.0,97483.5387635231
1121,HGS-TV,173809.0,97543.71961045265
1122,HGS-TV,173809.0,97629.70092773438
1123,HGS-TV,173809.0,97690.39509105682
1124,HGS-TV,173809.0,97826.07622504234
1125,HGS-TV,173809.0,98013.08570814133
1126,HGS-TV,173809.0,98204.85944056511
1127,HGS-TV,173809.0,98729.80701828003
1128,HGS-TV,173809.0,98824.82009887695
1129,HGS-TV,173809.0,98884.91311979294
1130,HGS-TV,173809.0,99160.3853957653
1131,ails2_etaMax0.010_stoppingTime432000.00,174186.0,99259.3262644043
1132,ails2_etaMax0.010_stoppingTime432000.00,174179.0,99305.1202644043
1133,ails2_etaMax1.000_stoppingTime864000.00,175748.0,99474.2792644043
1134,ails2_etaMax1.000_stoppingTime864000.00,175669.0,99474.3742644043
1135,HGS-TV,173809.0,99690.36624026299
1136,HGS-TV,173809.0,99937.58949303627
1137,HGS-TV,173809.0,99997.62572622299
1138,ails2_etaMax1.000_stoppingTime1728000.00,176023.0,100039.85426440429
1139,ails2_etaMax1.000_stoppingTime1728000.00,176022.0,100039.8832644043
1140,ails2_etaMax1.000_stoppingTime432000.00,175186.0,100210.61226440429
1141,HGS-TV,173809.0,100403.30296325684
1142,HGS-TV,173809.0,100492.44863796234
1143,HGS-TV,173809.0,100684.90389060974
1144,HGS-TV,173809.0,100745.1632733345
1145,ails2_eoh_omega2,174184.0,100906.1702644043
1146,ails2_eoh_omega2,174182.0,100906.7202644043
1147,HGS-TV,173809.0,101103.50067472458
1148,ails2_etaMax1.000_stoppingTime432000.00,175181.0,101485.4522644043
1149,HGS-TV,173809.0,101543.00464773178
1150,ails2_etaMax1.000_stoppingTime432000.00,175155.0,101486.6012644043
1151,HGS-TV,173809.0,101603.2507660389
1152,HGS-TV,173809.0,101821.72160625458
1153,ails2_etaMax0.010_stoppingTime432000.00,174178.0,102191.6562644043
1154,HGS-TV,173809.0,102337.49384474754
1155,HGS-TV,173809.0,102524.97210764885
1156,HGS-TV,173809.0,102585.01883864403
1157,HGS-TV,173809.0,102807.5574567318
1158,HGS-TV,173809.0,102874.9129114151
1159,HGS-TV,173809.0,102935.14589118958
1160,HGS-TV,173809.0,103087.21362042427
1161,HGS-TV,173809.0,103147.39818787575
1162,HGS-TV,173809.0,103310.24797296524
1163,HGS-TV,173809.0,103374.37517023087
1164,HGS-TV,173809.0,103434.58455705643
1165,HGS-TV,173809.0,103796.36390447617
1166,HGS-TV,173809.0,104021.67083358765
1167,HGS-TV,173809.0,104081.7165119648
1168,HGS-TV,173809.0,104141.90445971489
1169,HGS-TV,173809.0,104241.35419392586
1170,HGS-TV,173809.0,104370.9637401104
1171,HGS-TV,173809.0,104501.497661829
1172,HGS-TV,173809.0,104561.64027929306
1173,ails2_etaMax1.000_stoppingTime1728000.00,175998.0,104595.0142644043
1174,ails2_etaMax1.000_stoppingTime1728000.00,175976.0,104595.1512644043
1175,HGS-TV,173809.0,104940.83861613274
1176,HGS-TV,173809.0,105254.19694542885
1177,HGS-TV,173809.0,105433.44793701172
1178,HGS-TV,173809.0,105493.50057601929
1179,HGS-TV,173809.0,105593.26815891266
1180,HGS-TV,173809.0,105653.55462408066
1181,HGS-TV,173809.0,105855.31587481499
1182,HGS-TV,173809.0,105915.51020812988
1183,HGS-TV,173809.0,105997.21277570724
1184,HGS-TV,173809.0,106144.54728150368
1185,HGS-TV,173809.0,106274.94822597504
1186,HGS-TV,173809.0,106382.31912755966
1187,HGS-TV,173809.0,106602.98268032074
1188,HGS-TV,173809.0,106725.91155171394
1189,ails2_eoh_omega2,174181.0,106761.4372644043
1190,ails2_eoh_omega2,174180.0,106762.9032644043
1191,HGS-TV,173809.0,106841.22923541069
1192,ails2_etaMax1.000_stoppingTime432000.00,175137.0,107314.5672644043
1193,ails2_etaMax1.000_stoppingTime432000.00,175120.0,107315.4042644043
1194,HGS-TV,173809.0,107576.91552257538
1195,HGS-TV,173809.0,107684.09241056442
1196,HGS-TV,173809.0,107999.74383544922
1197,ails2_etaMax1.000_stoppingTime864000.00,175654.0,108456.8682644043
1198,ails2_etaMax1.000_stoppingTime864000.00,175640.0,108457.1822644043
1199,HGS-TV,173809.0,108571.00247764587
1200,HGS-TV,173809.0,108818.8666214943
1201,HGS-TV,173809.0,109113.16547989845
1202,HGS-TV,173809.0,109227.31785678864
1203,ails2_etaMax1.000_stoppingTime432000.00,175115.0,109457.6962644043
1204,ails2_etaMax1.000_stoppingTime432000.00,175108.0,109464.3552644043
1205,HGS-TV,173809.0,109520.32514071465
1206,HGS-TV,173809.0,109883.44923615456
1207,HGS-TV,173809.0,110140.41556811333
1208,HGS-TV,173809.0,110304.02735710144
1209,HGS-TV,173809.0,110520.25616765022
1210,HGS-TV,173809.0,110591.42325234413
1211,HGS-TV,173809.0,110777.5156340599
1212,HGS-TV,173809.0,110864.33354401588
1213,HGS-TV,173809.0,110924.53365540504
1214,HGS-TV,173809.0,111096.11139130592
1215,HGS-TV,173809.0,111189.26617646217
1216,HGS-TV,173809.0,111249.32966709137
1217,HGS-TV,173809.0,111309.56985259056
1218,ails2_etaMax1.000_stoppingTime432000.00,175076.0,111360.0992644043
1219,ails2_etaMax1.000_stoppingTime432000.00,174939.0,111370.5622644043
1220,HGS-TV,173809.0,111531.10312819481
1221,HGS-TV,173809.0,111591.25594329834
1222,HGS-TV,173809.0,111831.89542794228
1223,HGS-TV,173809.0,111892.11376595497
1224,HGS-TV,173809.0,112118.2999830246
1225,HGS-TV,173809.0,112321.72663521767
1226,HGS-TV,173809.0,112564.95369124413
1227,ails2_etaMax0.010_stoppingTime432000.00,174177.0,112581.06326440429
1228,HGS-TV,173809.0,112625.1456952095
1229,HGS-TV,173809.0,112685.35260295868
1230,HGS-TV,173809.0,112962.09824299812
1231,HGS-TV,173809.0,113022.15621447563
1232,HGS-TV,173809.0,113097.26615357399
1233,HGS-TV,173809.0,113237.79157280922
1234,HGS-TV,173809.0,113344.58960103989
1235,HGS-TV,173809.0,113581.9676823616
1236,HGS-TV,173809.0,113682.01106381416
1237,HGS-TV,173809.0,113759.3007068634
1238,HGS-TV,173809.0,113819.38682794571
1239,ails2_etaMax0.005_stoppingTime86400.00,173808.0,113856.5072644043
1240,HGS-TV,173809.0,113957.34131503105
1241,HGS-TV,173809.0,114093.93319535255
1242,HGS-TV,173809.0,114154.01663088799
1243,HGS-TV,173809.0,114351.41045689583
1244,HGS-TV,173809.0,114589.90512418747
1245,HGS-TV,173809.0,114663.68816900253
1246,ails2_etaMax1.000_stoppingTime432000.00,174913.0,114789.6522644043
1247,ails2_etaMax1.000_stoppingTime432000.00,174904.0,114789.6972644043
1248,HGS-TV,173809.0,114888.71058893204
1249,HGS-TV,173809.0,115000.35246920586
1250,HGS-TV,173804.0,115337.3538684845
1251,filo2,173807.0,115458.46327376366
1252,ails2_etaMax1.000_stoppingTime864000.00,175621.0,115928.8252644043
1253,ails2_etaMax1.000_stoppingTime864000.00,175605.0,115929.0712644043
1254,HGS-TV,173803.0,116014.60420584679
1255,ails2_etaMax1.000_stoppingTime864000.00,175600.0,118004.2582644043
1256,ails2_etaMax1.000_stoppingTime864000.00,175598.0,118004.3102644043
1257,HGS-TV,173802.0,118474.40483283997
1258,ails2_etaMax1.000_stoppingTime864000.00,175596.0,120100.05126440429
1259,ails2_etaMax1.000_stoppingTime864000.00,175559.0,120100.7132644043
1260,HGS-TV,173802.0,122229.99171113968
1261,HGS-TV,173802.0,122290.15409564972
1262,HGS-TV,173802.0,122350.1885213852
1263,HGS-TV,173802.0,122410.33313059807
1264,HGS-TV,173802.0,122470.4956703186
1265,HGS-TV,173802.0,122530.6065864563
1266,HGS-TV,173802.0,122648.49378013611
1267,HGS-TV,173802.0,122708.5916235447
1268,HGS-TV,173802.0,122768.6207177639
1269,ails2_etaMax1.000_stoppingTime1728000.00,175968.0,122828.9422644043
1270,HGS-TV,173802.0,122854.4693133831
1271,HGS-TV,173802.0,122914.63743543625
1272,HGS-TV,173802.0,122974.68739366531
1273,ails2_etaMax0.010_stoppingTime432000.00,174176.0,123086.3222644043
1274,HGS-TV,173802.0,123168.11279249191
1275,HGS-TV,173802.0,123277.40395116806
1276,HGS-TV,173802.0,123360.50839138031
1277,HGS-TV,173802.0,123487.70810246468
1278,HGS-TV,173802.0,123689.72645258904
1279,HGS-TV,173802.0,123749.81604886055
1280,HGS-TV,173802.0,123818.20648026466
1281,HGS-TV,173802.0,123990.2632112503
1282,HGS-TV,173802.0,124330.86127519608
1283,HGS-TV,173802.0,124420.76984882355
1284,HGS-TV,173802.0,124480.90217995644
1285,ails2_etaMax1.000_stoppingTime1728000.00,175950.0,124540.3602644043
1286,HGS-TV,173802.0,124862.12880039215
1287,HGS-TV,173802.0,124922.40857958794
1288,HGS-TV,173802.0,125448.43642401695
1289,HGS-TV,173802.0,125802.65789866447
1290,ails2_eoh_omega2,174179.0,126491.7432644043
1291,ails2_etaMax1.000_stoppingTime432000.00,174890.0,126973.7622644043
1292,ails2_etaMax1.000_stoppingTime432000.00,174846.0,126990.0112644043
1293,HGS-TV,173802.0,127407.51104235649
1294,HGS-TV,173802.0,127575.66068983078
1295,HGS-TV,173802.0,128267.67068886757
1296,HGS-TV,173802.0,129540.7267472744
1297,HGS-TV,173802.0,130131.55436778069
1298,HGS-TV,173802.0,130323.79678559303
1299,ails2_etaMax1.000_stoppingTime432000.00,174845.0,130355.3152644043
1300,HGS-TV,173802.0,130412.6522424221
1301,ails2_etaMax1.000_stoppingTime432000.00,174839.0,130355.98326440429
1302,HGS-TV,173802.0,130505.57158398628
1303,HGS-TV,173802.0,131069.31196165085
1304,HGS-TV,173802.0,131130.03033185005
1305,ails2_etaMax1.000_stoppingTime864000.00,175549.0,131816.7362644043
1306,ails2_etaMax1.000_stoppingTime864000.00,175529.0,131816.95126440428
1307,HGS-TV,173802.0,131883.97062397003
1308,HGS-TV,173802.0,131982.41939878464
1309,HGS-TV,173802.0,132445.3949303627
1310,HGS-TV,173802.0,132679.14561510086
1311,ails2_etaMax1.000_stoppingTime864000.00,175494.0,133474.6642644043
1312,ails2_etaMax1.000_stoppingTime864000.00,175486.0,133474.7172644043
1313,HGS-TV,173802.0,133594.12001109123
1314,HGS-TV,173802.0,134020.25192809105
1315,ails2_eoh_omega2,174177.0,134507.9032644043
1316,ails2_eoh_omega2,174173.0,134564.4372644043
1317,ails2_eoh_omega2,174169.0,134579.9042644043
1318,HGS-TV,173802.0,135193.8641319275
1319,HGS-TV,173802.0,135254.25928115845
1320,ails2_etaMax1.000_stoppingTime864000.00,175478.0,135513.9692644043
1321,ails2_etaMax1.000_stoppingTime864000.00,175444.0,135516.6212644043
1322,HGS-TV,173802.0,135844.727745533
1323,HGS-TV,173802.0,135946.57112383842
1324,HGS-TV,173802.0,136022.53900814056
1325,HGS-TV,173802.0,136107.90834760666
1326,HGS-TV,173802.0,136206.4968237877
1327,HGS-TV,173802.0,136266.55765986443
1328,ails2_etaMax1.000_stoppingTime432000.00,174838.0,136673.2102644043
1329,HGS-TV,173802.0,136675.22546887398
1330,ails2_etaMax1.000_stoppingTime432000.00,174792.0,136673.9582644043
1331,HGS-TV,173802.0,137180.40142059326
1332,HGS-TV,173802.0,137240.44914460182
1333,HGS-TV,173802.0,137300.6967332363
1334,ails2_etaMax1.000_stoppingTime1728000.00,175946.0,137349.4762644043
1335,HGS-TV,173802.0,137360.89607071877
1336,ails2_etaMax1.000_stoppingTime1728000.00,175907.0,137349.5252644043
1337,HGS-TV,173802.0,137420.93029546738
1338,HGS-TV,173802.0,137480.98816990852
1339,ails2_eoh_omega2,174168.0,137505.5372644043
1340,ails2_eoh_omega2,174167.0,137507.9632644043
1341,HGS-TV,173802.0,137953.71339035034
1342,HGS-TV,173802.0,138013.71646523476
1343,HGS-TV,173802.0,138176.47696709633
1344,HGS-TV,173802.0,138236.54271364212
1345,HGS-TV,173802.0,138296.56473517418
1346,HGS-TV,173802.0,138363.25913977623
1347,HGS-TV,173802.0,138459.7230372429
1348,HGS-TV,173802.0,138531.6400117874
1349,HGS-TV,173802.0,138620.14215254784
1350,HGS-TV,173802.0,138680.15520596504
1351,HGS-TV,173802.0,138875.73775792122
1352,HGS-TV,173802.0,139336.44322633743
1353,HGS-TV,173802.0,139431.2883064747
1354,HGS-TV,173802.0,139562.53136587143
1355,HGS-TV,173802.0,139801.63050842285
1356,HGS-TV,173802.0,139945.34858345985
1357,HGS-TV,173802.0,140364.01546430588
1358,HGS-TV,173802.0,140601.0786306858
1359,HGS-TV,173802.0,140800.60926294327
1360,HGS-TV,173802.0,140861.06832242012
1361,HGS-TV,173802.0,141019.322804451
1362,HGS-TV,173802.0,141079.32314276695
1363,ails2_etaMax1.000_stoppingTime1728000.00,175902.0,141339.6782644043
1364,ails2_etaMax1.000_stoppingTime1728000.00,175861.0,141340.4302644043
1365,HGS-TV,173802.0,141752.570384264
1366,HGS-TV,173802.0,142069.95986628532
1367,HGS-TV,173802.0,142195.45049142838
1368,ails2_etaMax1.000_stoppingTime432000.00,174790.0,142251.4502644043
1369,ails2_etaMax1.000_stoppingTime432000.00,174765.0,142269.4062644043
1370,HGS-TV,173802.0,142620.0395746231
1371,HGS-TV,173802.0,142680.35998177528
1372,HGS-TV,173802.0,142760.1158261299
1373,HGS-TV,173802.0,142843.58076906204
1374,HGS-TV,173802.0,143031.39549946785
1375,ails2_etaMax1.000_stoppingTime864000.00,175438.0,143154.7082644043
1376,ails2_etaMax1.000_stoppingTime864000.00,175429.0,143154.7422644043
1377,HGS-TV,173802.0,143457.32628965378
1378,HGS-TV,173802.0,144079.2326786518
1379,HGS-TV,173802.0,144651.35534071922
1380,HGS-TV,173802.0,144785.87015891075
1381,HGS-TV,173802.0,145170.77369642258
1382,HGS-TV,173802.0,145428.96373152733
1383,HGS-TV,173802.0,145489.01339173317
1384,HGS-TV,173802.0,145549.21570587158
1385,HGS-TV,173802.0,145609.23423719406
1386,HGS-TV,173802.0,145681.43875288963
1387,HGS-TV,173802.0,145741.61589837074
1388,HGS-TV,173802.0,145801.81740880013
1389,HGS-TV,173802.0,145861.98045921326
1390,HGS-TV,173802.0,145922.19263148308
1391,HGS-TV,173802.0,145999.13355088234
1392,HGS-TV,173802.0,146171.8876657486
1393,HGS-TV,173802.0,146232.1341881752
1394,HGS-TV,173802.0,146329.0882074833
1395,HGS-TV,173802.0,146472.52837371826
1396,HGS-TV,173802.0,146532.70731568336
1397,HGS-TV,173802.0,146593.0032954216
1398,ails2_etaMax0.010_stoppingTime432000.00,174175.0,146854.8412644043
1399,HGS-TV,173802.0,147079.63476848602
1400,HGS-TV,173802.0,147275.00173306465
1401,ails2_etaMax1.000_stoppingTime864000.00,175419.0,147521.8632644043
1402,ails2_etaMax1.000_stoppingTime864000.00,175337.0,147541.0652644043
1403,HGS-TV,173802.0,147629.01934623718
1404,HGS-TV,173802.0,147839.46975159645
1405,HGS-TV,173802.0,147979.27984142303
1406,HGS-TV,173802.0,148050.84960770607
1407,HGS-TV,173802.0,148175.77418088913
1408,HGS-TV,173802.0,148251.98131012917
1409,HGS-TV,173802.0,148312.09879040718
1410,HGS-TV,173802.0,148372.1588754654
1411,HGS-TV,173802.0,148482.9044365883
1412,ails2_etaMax0.010_stoppingTime432000.00,174174.0,148499.1302644043
1413,ails2_etaMax0.010_stoppingTime432000.00,174173.0,148499.1762644043
1414,HGS-TV,173802.0,148853.24926900864
1415,ails2_etaMax1.000_stoppingTime1728000.00,175796.0,149050.6182644043
1416,ails2_etaMax1.000_stoppingTime1728000.00,175767.0,149050.6562644043
1417,HGS-TV,173802.0,149224.13357901573
1418,HGS-TV,173802.0,149553.66127490997
1419,HGS-TV,173802.0,149613.705504179
1420,HGS-TV,173802.0,149674.0235760212
1421,HGS-TV,173802.0,149734.29791808128
1422,HGS-TV,173802.0,149911.9593281746
1423,HGS-TV,173802.0,149980.75192809105
1424,ails2_etaMax1.000_stoppingTime432000.00,174762.0,150204.1222644043
1425,ails2_etaMax1.000_stoppingTime432000.00,174757.0,150204.2152644043
1426,HGS-TV,173802.0,150272.28771448135
1427,HGS-TV,173802.0,150577.80173158646
1428,HGS-TV,173802.0,150648.43886184692
1429,HGS-TV,173802.0,150734.21632122993
1430,HGS-TV,173802.0,150794.32210350037
1431,HGS-TV,173802.0,150922.79945993423
1432,HGS-TV,173802.0,151083.95349431038
1433,HGS-TV,173802.0,151143.9670405388
1434,HGS-TV,173802.0,151203.97518920898
1435,HGS-TV,173802.0,151281.1342830658
1436,HGS-TV,173802.0,151343.81563973427
1437,HGS-TV,173802.0,151403.84916973114
1438,HGS-TV,173802.0,151463.8636124134
1439,HGS-TV,173802.0,151524.12138819695
1440,HGS-TV,173802.0,151584.26461720467
1441,HGS-TV,173802.0,151644.32739758492
1442,HGS-TV,173802.0,151704.37709403038
1443,HGS-TV,173802.0,151764.4245183468
1444,HGS-TV,173802.0,151881.6112382412
1445,HGS-TV,173802.0,152470.9964723587
1446,HGS-TV,173802.0,152531.26731801033
1447,HGS-TV,173802.0,152806.3809583187
1448,HGS-TV,173802.0,152879.09559226036
1449,HGS-TV,173802.0,152939.1894350052
1450,HGS-TV,173802.0,153146.19196343422
1451,HGS-TV,173802.0,153206.2048046589
1452,HGS-TV,173802.0,153266.29931211472
1453,ails2_etaMax1.000_stoppingTime432000.00,174752.0,153353.7962644043
1454,HGS-TV,173802.0,153355.81951880455
1455,ails2_etaMax1.000_stoppingTime432000.00,174711.0,153355.8092644043
1456,HGS-TV,173802.0,153415.83391475677
1457,HGS-TV,173802.0,153512.3705613613
1458,HGS-TV,173802.0,153572.50516343117
1459,HGS-TV,173802.0,153672.74157977104
1460,HGS-TV,173802.0,153732.84793448448
1461,HGS-TV,173802.0,153826.7580282688
1462,HGS-TV,173802.0,153886.9956521988
1463,ails2_etaMax1.000_stoppingTime432000.00,174708.0,153904.3932644043
1464,HGS-TV,173802.0,153947.30290794373
1465,ails2_etaMax1.000_stoppingTime432000.00,174696.0,153904.4422644043
1466,HGS-TV,173802.0,154007.4421696663
1467,HGS-TV,173802.0,154108.46174502373
1468,HGS-TV,173802.0,154168.51603913307
1469,HGS-TV,173802.0,154228.583640337
1470,HGS-TV,173802.0,154288.6680533886
1471,HGS-TV,173802.0,154348.73293209076
1472,HGS-TV,173802.0,154408.7360086441
1473,HGS-TV,173802.0,154623.44884943962
1474,ails2_etaMax1.000_stoppingTime432000.00,174693.0,154738.6182644043
1475,HGS-TV,173802.0,154765.5705986023
1476,ails2_etaMax1.000_stoppingTime432000.00,174681.0,154740.9722644043
1477,HGS-TV,173802.0,154825.6356651783
1478,ails2_etaMax1.000_stoppingTime432000.00,174676.0,154823.7222644043
1479,HGS-TV,173802.0,154885.945189476
1480,HGS-TV,173802.0,154998.01583886147
1481,HGS-TV,173802.0,155058.25293326378
1482,HGS-TV,173802.0,155118.38905477524
1483,HGS-TV,173802.0,155178.474111557
1484,HGS-TV,173802.0,155238.70601773262
1485,HGS-TV,173802.0,155298.85387325287
1486,HGS-TV,173802.0,155358.99990653992
1487,HGS-TV,173802.0,155419.0746231079
1488,HGS-TV,173802.0,155479.14344096184
1489,HGS-TV,173802.0,155563.22189760208
1490,HGS-TV,173802.0,155623.54329442978
1491,HGS-TV,173802.0,155688.23294115067
1492,HGS-TV,173802.0,155748.304428339
1493,ails2_etaMax1.000_stoppingTime432000.00,174675.0,155798.4492644043
1494,HGS-TV,173802.0,155808.3981206417
1495,ails2_etaMax1.000_stoppingTime432000.00,174645.0,155852.5212644043
1496,HGS-TV,173802.0,155886.359916687
1497,ails2_etaMax1.000_stoppingTime432000.00,174623.0,155894.4772644043
1498,HGS-TV,173802.0,155988.5659108162
1499,HGS-TV,173802.0,156227.67046523094
1500,ails2_etaMax1.000_stoppingTime432000.00,174619.0,156250.56826440428
1501,HGS-TV,173802.0,156392.01164388657
1502,HGS-TV,173802.0,156474.22147083282
1503,HGS-TV,173802.0,156634.8844254017
1504,HGS-TV,173802.0,156694.93716359138
1505,HGS-TV,173802.0,156779.55881357193
1506,HGS-TV,173802.0,156839.75608301163
1507,HGS-TV,173802.0,156923.4509077072
1508,ails2_etaMax1.000_stoppingTime432000.00,174617.0,156939.2282644043
1509,ails2_etaMax1.000_stoppingTime432000.00,174602.0,156939.3402644043
1510,ails2_etaMax1.000_stoppingTime432000.00,174601.0,157474.92426440428
1511,ails2_etaMax1.000_stoppingTime432000.00,174553.0,157480.36426440428
1512,HGS-TV,173802.0,157905.5152015686
1513,HGS-TV,173802.0,158097.91908740997
1514,HGS-TV,173802.0,158204.83196163177
1515,ails2_etaMax1.000_stoppingTime432000.00,174552.0,158229.1642644043
1516,HGS-TV,173802.0,158288.85894966125
1517,HGS-TV,173802.0,158477.48752331734
1518,HGS-TV,173802.0,158663.3332605362
1519,HGS-TV,173802.0,158723.65266609192
1520,HGS-TV,173802.0,158783.79151296616
1521,HGS-TV,173802.0,158895.705026865
1522,HGS-TV,173802.0,158955.98554039001
1523,HGS-TV,173802.0,159019.94735360146
1524,HGS-TV,173802.0,159117.07221889496
1525,HGS-TV,173802.0,159177.3708202839
1526,HGS-TV,173802.0,159457.80833554268
1527,HGS-TV,173802.0,159523.68253922462
1528,HGS-TV,173802.0,159630.94877314568
1529,HGS-TV,173802.0,159690.99358916283
1530,HGS-TV,173802.0,159856.5629799366
1531,ails2_etaMax1.000_stoppingTime432000.00,174550.0,159925.5052644043
1532,ails2_etaMax1.000_stoppingTime432000.00,174479.0,159927.5822644043
1533,HGS-TV,173802.0,160215.8021543026
1534,HGS-TV,173802.0,160680.05046463013
1535,HGS-TV,173802.0,160955.3492717743
1536,HGS-TV,173802.0,161065.07827711105
1537,HGS-TV,173802.0,161180.49289917946
1538,HGS-TV,173802.0,161519.25497412682
1539,HGS-TV,173802.0,161685.52419614792
1540,HGS-TV,173802.0,161745.7204260826
1541,HGS-TV,173802.0,161816.12280797958
1542,HGS-TV,173802.0,161937.34539556503
1543,ails2_etaMax0.010_stoppingTime432000.00,174171.0,161992.1752644043
1544,HGS-TV,173802.0,162018.78768515587
1545,HGS-TV,173802.0,162078.88541269302
1546,HGS-TV,173802.0,162138.91832065582
1547,HGS-TV,173802.0,162199.0279724598
1548,HGS-TV,173802.0,162259.18398809433
1549,HGS-TV,173802.0,162617.89431595802
1550,HGS-TV,173802.0,162720.57371592522
1551,HGS-TV,173802.0,162809.42585849762
1552,HGS-TV,173802.0,163025.9216787815
1553,HGS-TV,173802.0,163199.68655014038
1554,HGS-TV,173802.0,163259.81961536407
1555,HGS-TV,173802.0,163319.9228298664
1556,ails2_etaMax1.000_stoppingTime864000.00,175291.0,163458.6172644043
1557,HGS-TV,173802.0,163482.0669336319
1558,HGS-TV,173802.0,163542.31057739258
1559,HGS-TV,173802.0,163667.21024417877
1560,HGS-TV,173802.0,163797.86468791962
1561,HGS-TV,173802.0,163894.06494808197
1562,HGS-TV,173802.0,164021.56751966476
1563,HGS-TV,173802.0,164103.69730520248
1564,HGS-TV,173802.0,164281.60234880447
1565,HGS-TV,173802.0,164369.53760266304
1566,HGS-TV,173802.0,164429.75754737854
1567,HGS-TV,173802.0,164489.8100066185
1568,HGS-TV,173802.0,164630.27036094666
1569,HGS-TV,173802.0,164776.11669659615
1570,HGS-TV,173802.0,164836.2591946125
1571,HGS-TV,173802.0,164908.76191544533
1572,HGS-TV,173802.0,164968.88315796852
1573,HGS-TV,173802.0,165028.8931031227
1574,HGS-TV,173802.0,165107.7179763317
1575,HGS-TV,173802.0,165167.756431818
1576,HGS-TV,173802.0,165301.39248108864
1577,HGS-TV,173802.0,165408.99005818367
1578,HGS-TV,173802.0,165469.09912896156
1579,HGS-TV,173802.0,165529.12163329124
1580,HGS-TV,173802.0,165589.28133296967
1581,HGS-TV,173802.0,165649.44022870064
1582,HGS-TV,173802.0,165709.5886976719
1583,HGS-TV,173802.0,165769.75817656517
1584,HGS-TV,173802.0,166319.82880830765
1585,HGS-TV,173802.0,166494.07786250114
1586,HGS-TV,173802.0,166554.29538726807
1587,HGS-TV,173802.0,166681.3299381733
1588,HGS-TV,173802.0,167232.23327946663
1589,HGS-TV,173802.0,167356.43703722954
1590,HGS-TV,173802.0,167494.9775071144
1591,HGS-TV,173802.0,167555.13999199867
1592,HGS-TV,173802.0,167962.26564574242
1593,HGS-TV,173802.0,168482.45708966255
1594,HGS-TV,173802.0,168542.48133778572
1595,HGS-TV,173802.0,168624.98615026474
1596,ails2_etaMax1.000_stoppingTime864000.00,175285.0,168631.9632644043
1597,HGS-TV,173802.0,168718.22625660896
1598,HGS-TV,173802.0,168778.5559976101
1599,HGS-TV,173802.0,168843.48921704292
1600,HGS-TV,173802.0,168920.45177793503
1601,HGS-TV,173802.0,169418.428814888
1602,ails2_etaMax1.000_stoppingTime864000.00,175283.0,169865.1222644043
1603,ails2_etaMax1.000_stoppingTime864000.00,175272.0,169865.25826440429
1604,HGS-TV,173802.0,170194.15489578247
1605,HGS-TV,173802.0,170420.67693567276
1606,HGS-TV,173802.0,170566.1596479416
1607,HGS-TV,173802.0,170626.24881792068
1608,HGS-TV,173802.0,170686.34054422379
1609,HGS-TV,173802.0,170746.3847501278
1610,HGS-TV,173802.0,171144.0505964756
1611,HGS-TV,173802.0,171204.30432248116
1612,HGS-TV,173802.0,171264.516166687
1613,HGS-TV,173802.0,172423.0110220909
1614,HGS-TV,173802.0,172498.71629214287
1615,HGS-TV,173802.0,172591.21855044365
1616,HGS-TV,173802.0,172651.40762114525
1617,HGS-TV,173802.0,172863.560631752
1618,HGS-TV,173802.0,172923.63430905342
1619,HGS-TV,173802.0,172983.7038655281
1620,HGS-TV,173802.0,173279.3409295082
1621,HGS-TV,173802.0,173791.93094205856
1622,HGS-TV,173802.0,173852.0643415451
1623,HGS-TV,173802.0,174337.42443585396
1624,HGS-TV,173802.0,176016.7029004097
1625,ails2_etaMax1.000_stoppingTime1728000.00,175699.0,176269.17426440428
1626,ails2_etaMax1.000_stoppingTime1728000.00,175682.0,176269.2022644043
1627,HGS-TV,173802.0,176870.0572798252
1628,HGS-TV,173802.0,176936.98166060448
1629,HGS-TV,173802.0,176997.07551956177
1630,HGS-TV,173802.0,177057.22526431084
1631,HGS-TV,173802.0,177117.22702908516
1632,ails2_etaMax1.000_stoppingTime864000.00,175265.0,177809.7322644043
1633,HGS-TV,173802.0,177843.13915729523
1634,HGS-TV,173802.0,178135.8357577324
1635,HGS-TV,173802.0,178577.22977375984
1636,HGS-TV,173802.0,178735.73808979988
1637,HGS-TV,173802.0,178958.2746834755
1638,HGS-TV,173802.0,179789.10609316826
1639,HGS-TV,173802.0,180602.37493610382
1640,HGS-TV,173802.0,180662.5216217041
1641,HGS-TV,173802.0,180755.50524234772
1642,ails2_etaMax1.000_stoppingTime432000.00,174462.0,180772.1372644043
1643,ails2_etaMax1.000_stoppingTime432000.00,174424.0,180773.2762644043
1644,ails2_etaMax1.000_stoppingTime432000.00,174410.0,180942.0552644043
1645,HGS-TV,173802.0,180946.88752746582
1646,ails2_etaMax1.000_stoppingTime432000.00,174390.0,180942.4192644043
1647,ails2_etaMax1.000_stoppingTime432000.00,174389.0,181110.2482644043
1648,ails2_etaMax1.000_stoppingTime432000.00,174377.0,181133.2452644043
1649,HGS-TV,173802.0,181271.22038054466
1650,HGS-TV,173802.0,181360.23392915726
1651,HGS-TV,173802.0,181482.39514017105
1652,HGS-TV,173802.0,181594.76942539215
1653,ails2_etaMax1.000_stoppingTime864000.00,175264.0,181705.3742644043
1654,HGS-TV,173802.0,181770.64699053764
1655,HGS-TV,173802.0,182164.89936208725
1656,HGS-TV,173802.0,182358.28445625305
1657,HGS-TV,173802.0,182596.19792866707
1658,HGS-TV,173802.0,182656.27266931534
1659,ails2_etaMax1.000_stoppingTime864000.00,175240.0,182744.45126440428
1660,HGS-TV,173802.0,182784.33697152138
1661,ails2_etaMax1.000_stoppingTime864000.00,175238.0,182744.4762644043
1662,HGS-TV,173802.0,182844.46315836906
1663,ails2_etaMax1.000_stoppingTime864000.00,175188.0,182850.1692644043
1664,HGS-TV,173802.0,182904.6198978424
1665,HGS-TV,173802.0,182978.49229741096
1666,HGS-TV,173802.0,183038.65407562256
1667,HGS-TV,173802.0,183098.69407844543
1668,HGS-TV,173802.0,183158.83275794983
1669,HGS-TV,173802.0,184256.13629817963
1670,HGS-TV,173802.0,184434.67867207527
1671,HGS-TV,173802.0,184543.42020082474
1672,HGS-TV,173802.0,184618.09068870544
1673,HGS-TV,173802.0,184678.1559741497
1674,HGS-TV,173802.0,185371.34611272812
1675,HGS-TV,173802.0,185525.53610610962
1676,HGS-TV,173802.0,185678.00275158882
1677,HGS-TV,173802.0,186159.44680166245
1678,HGS-TV,173802.0,186318.39903473854
1679,HGS-TV,173802.0,186395.21708655357
1680,HGS-TV,173802.0,186749.08005523682
1681,HGS-TV,173802.0,186809.08728384972
1682,HGS-TV,173802.0,186941.51230287552
1683,HGS-TV,173802.0,187123.4694569111
1684,HGS-TV,173802.0,187183.49633026123
1685,ails2_etaMax0.010_stoppingTime432000.00,174170.0,187859.6702644043
1686,HGS-TV,173802.0,187897.700858593
1687,HGS-TV,173802.0,187997.4157421589
1688,HGS-TV,173802.0,188133.458694458
1689,HGS-TV,173802.0,188260.14473056793
1690,HGS-TV,173802.0,188626.49240660667
1691,HGS-TV,173802.0,188686.59736728668
1692,HGS-TV,173802.0,188870.41118907928
1693,HGS-TV,173802.0,189069.60550642014
1694,HGS-TV,173802.0,189205.16852903366
1695,HGS-TV,173802.0,189842.1447813511
1696,HGS-TV,173802.0,189914.1345565319
1697,HGS-TV,173802.0,189974.27788114548
1698,ails2_etaMax1.000_stoppingTime864000.00,175185.0,190715.37526440428
1699,ails2_etaMax1.000_stoppingTime864000.00,175182.0,190715.3992644043
1700,ails2_etaMax1.000_stoppingTime864000.00,175178.0,190795.8212644043
1701,HGS-TV,173802.0,191014.04183912277
1702,ails2_etaMax1.000_stoppingTime432000.00,174375.0,191491.6262644043
1703,ails2_etaMax1.000_stoppingTime432000.00,174369.0,191492.48926440428
1704,ails2_etaMax1.000_stoppingTime432000.00,174362.0,191662.0092644043
1705,ails2_etaMax1.000_stoppingTime432000.00,174356.0,191663.7962644043
1706,ails2_etaMax1.000_stoppingTime864000.00,175157.0,191859.4042644043
1707,ails2_etaMax1.000_stoppingTime864000.00,175109.0,191860.7342644043
1708,HGS-TV,173802.0,192999.23908233643
1709,HGS-TV,173802.0,193333.69270706177
1710,HGS-TV,173802.0,194724.11159539223
1711,HGS-TV,173802.0,194893.61093950272
1712,HGS-TV,173802.0,194953.7166311741
1713,HGS-TV,173802.0,195205.93069314957
1714,HGS-TV,173802.0,196024.15326476097
1715,HGS-TV,173802.0,196413.44760346413
1716,HGS-TV,173802.0,196473.50084209442
1717,HGS-TV,173802.0,196540.41522717476
1718,HGS-TV,173802.0,196813.06373906136
1719,HGS-TV,173802.0,196910.42878341675
1720,HGS-TV,173802.0,196970.60354185104
1721,HGS-TV,173802.0,197293.3657462597
1722,HGS-TV,173802.0,197353.37238001823
1723,ails2_etaMax1.000_stoppingTime432000.00,174355.0,197742.3472644043
1724,ails2_etaMax1.000_stoppingTime432000.00,174335.0,197742.5282644043
1725,HGS-TV,173802.0,197866.13673591614
1726,HGS-TV,173802.0,198018.6422636509
1727,ails2_etaMax1.000_stoppingTime432000.00,174334.0,198074.6642644043
1728,ails2_etaMax1.000_stoppingTime432000.00,174320.0,198075.11426440428
1729,ails2_etaMax1.000_stoppingTime432000.00,174318.0,198300.0552644043
1730,HGS-TV,173802.0,198801.1276488304
1731,ails2_etaMax1.000_stoppingTime1728000.00,175673.0,199954.2842644043
1732,ails2_etaMax1.000_stoppingTime1728000.00,175639.0,199954.3122644043
1733,HGS-TV,173802.0,200053.63181304932
1734,HGS-TV,173802.0,200113.76816034317
1735,ails2_etaMax1.000_stoppingTime1728000.00,175616.0,200157.4662644043
1736,ails2_etaMax1.000_stoppingTime1728000.00,175585.0,200157.6042644043
1737,ails2_etaMax1.000_stoppingTime432000.00,174306.0,200403.2952644043
1738,ails2_etaMax1.000_stoppingTime432000.00,174262.0,200405.2672644043
1739,ails2_etaMax1.000_stoppingTime864000.00,175108.0,200869.2952644043
1740,ails2_etaMax1.000_stoppingTime864000.00,175050.0,200869.4992644043
1741,HGS-TV,173802.0,200943.6572892666
1742,HGS-TV,173802.0,201157.71099495888
1743,HGS-TV,173802.0,201420.74879837036
1744,ails2_etaMax1.000_stoppingTime1728000.00,175579.0,201713.6582644043
1745,ails2_etaMax1.000_stoppingTime1728000.00,175550.0,201713.7132644043
1746,HGS-TV,173802.0,201879.42472696304
1747,HGS-TV,173802.0,202287.58623242378
1748,HGS-TV,173802.0,202454.19368767738
1749,HGS-TV,173802.0,206404.01930570602
1750,HGS-TV,173802.0,206464.18567371368
1751,HGS-TV,173802.0,206524.1998333931
1752,HGS-TV,173802.0,206584.37216329575
1753,HGS-TV,173802.0,206644.51535367966
1754,HGS-TV,173802.0,206704.69601511955
1755,HGS-TV,173802.0,206764.8935570717
1756,HGS-TV,173802.0,206824.926258564
1757,HGS-TV,173802.0,206885.1211476326
1758,HGS-TV,173802.0,206945.2780714035
1759,HGS-TV,173802.0,207005.28155875206
1760,HGS-TV,173802.0,207068.58604168892
1761,HGS-TV,173802.0,207128.81820082664
1762,HGS-TV,173802.0,207188.8809378147
1763,HGS-TV,173802.0,207287.73076057434
1764,HGS-TV,173802.0,207415.88801765442
1765,HGS-TV,173802.0,207639.572473526
1766,HGS-TV,173802.0,207709.68151426315
1767,ails2_etaMax1.000_stoppingTime864000.00,175029.0,207806.98926440428
1768,ails2_etaMax1.000_stoppingTime864000.00,174993.0,207807.2752644043
1769,HGS-TV,173802.0,207886.8923845291
1770,HGS-TV,173802.0,207955.62534570694
1771,HGS-TV,173802.0,208015.6616706848
1772,HGS-TV,173802.0,208349.42367053032
1773,HGS-TV,173802.0,208598.57839226723
1774,HGS-TV,173802.0,209070.40320801735
1775,ails2_etaMax0.010_stoppingTime432000.00,174169.0,209368.7112644043
1776,HGS-TV,173802.0,209451.99608016014
1777,HGS-TV,173802.0,209613.62711954117
1778,HGS-TV,173802.0,209698.99517321587
1779,HGS-TV,173802.0,209780.7741100788
1780,HGS-TV,173802.0,209967.94308066368
1781,HGS-TV,173802.0,210100.4992096424
1782,HGS-TV,173802.0,210302.85557842255
1783,HGS-TV,173802.0,210622.06919646263
1784,HGS-TV,173802.0,210913.48841762543
1785,HGS-TV,173802.0,211611.96393489838
1786,HGS-TV,173802.0,211795.37910223007
1787,HGS-TV,173802.0,212480.3940474987
1788,HGS-TV,173802.0,212718.75120568275
1789,HGS-TV,173802.0,212904.6164867878
1790,ails2_etaMax1.000_stoppingTime864000.00,174988.0,213110.91326440428
1791,ails2_etaMax1.000_stoppingTime864000.00,174888.0,213111.0362644043
1792,ails2_etaMax1.000_stoppingTime432000.00,174260.0,214012.7332644043
1793,HGS-TV,173802.0,214050.4551062584
1794,ails2_etaMax1.000_stoppingTime432000.00,174212.0,214065.3712644043
1795,HGS-TV,173802.0,214647.69865369797
1796,ails2_etaMax1.000_stoppingTime432000.00,174209.0,214664.9712644043
1797,HGS-TV,173802.0,214707.96124744415
1798,HGS-TV,173802.0,214965.94891786575
1799,HGS-TV,173802.0,215037.25641322136
1800,HGS-TV,173802.0,215225.58636331558
1801,HGS-TV,173802.0,215285.68956518173
1802,HGS-TV,173802.0,215345.76806473732
1803,HGS-TV,173802.0,215418.84320354462
1804,HGS-TV,173802.0,215478.97754645348
1805,HGS-TV,173802.0,215600.59924817085
1806,HGS-TV,173802.0,215685.9857597351
1807,HGS-TV,173802.0,215820.05701947212
1808,HGS-TV,173802.0,215880.0767276287
1809,HGS-TV,173802.0,215940.10560584068
1810,HGS-TV,173802.0,216333.36773872375
1811,HGS-TV,173802.0,216420.49635243416
1812,HGS-TV,173802.0,216480.6367647648
1813,HGS-TV,173802.0,216540.77294564247
1814,HGS-TV,173802.0,216643.00565743446
1815,HGS-TV,173802.0,216765.3797068596
1816,HGS-TV,173802.0,216841.06991815567
1817,HGS-TV,173802.0,216901.94842529297
1818,HGS-TV,173802.0,217282.80761528015
1819,HGS-TV,173802.0,217428.6481845379
1820,HGS-TV,173802.0,217500.85906267166
1821,HGS-TV,173802.0,217561.08940672874
1822,HGS-TV,173802.0,217731.086476326
1823,HGS-TV,173802.0,217875.22112894058
1824,HGS-TV,173802.0,218136.05453372002
1825,HGS-TV,173802.0,218196.05976247787
1826,ails2_etaMax0.010_stoppingTime432000.00,174168.0,218290.4152644043
1827,HGS-TV,173802.0,218316.01461172104
1828,HGS-TV,173802.0,218376.1948788166
1829,HGS-TV,173802.0,218594.70384335518
1830,ails2_etaMax1.000_stoppingTime432000.00,174203.0,218666.9752644043
1831,ails2_etaMax1.000_stoppingTime432000.00,174198.0,218670.0072644043
1832,HGS-TV,173802.0,218844.06583356857
1833,HGS-TV,173802.0,218904.14203429222
1834,HGS-TV,173802.0,219005.69390797615
1835,HGS-TV,173802.0,219065.7492377758
1836,HGS-TV,173802.0,219251.31747698784
1837,HGS-TV,173802.0,219366.31237840652
1838,HGS-TV,173802.0,219426.4798078537
1839,HGS-TV,173802.0,219486.6224169731
1840,HGS-TV,173802.0,219711.5425517559
1841,ails2_etaMax1.000_stoppingTime432000.00,174196.0,219732.1612644043
1842,ails2_etaMax1.000_stoppingTime432000.00,174191.0,219781.2492644043
1843,ails2_etaMax1.000_stoppingTime432000.00,174179.0,219833.64426440428
1844,HGS-TV,173802.0,219856.13282608986
1845,HGS-TV,173802.0,220024.3653743267
1846,HGS-TV,173802.0,220119.22668290138
1847,HGS-TV,173802.0,220179.29407525063
1848,HGS-TV,173802.0,220244.64677119255
1849,HGS-TV,173802.0,220355.40426158905
1850,HGS-TV,173802.0,220415.46906352043
1851,HGS-TV,173802.0,220499.2840282917
1852,HGS-TV,173802.0,220559.45473337173
1853,HGS-TV,173802.0,220619.60886216164
1854,HGS-TV,173802.0,220684.81716680527
1855,HGS-TV,173802.0,220768.629427433
1856,HGS-TV,173802.0,220991.375313282
1857,HGS-TV,173802.0,221051.4998588562
1858,HGS-TV,173802.0,221111.78215312958
1859,HGS-TV,173802.0,221171.94147896767
1860,HGS-TV,173802.0,221276.5468504429
1861,HGS-TV,173802.0,221490.78804206848
1862,HGS-TV,173802.0,221592.673943758
1863,HGS-TV,173802.0,221652.87391376495
1864,HGS-TV,173802.0,221713.05835938454
1865,HGS-TV,173802.0,221859.27045798302
1866,HGS-TV,173802.0,222097.2281844616
1867,HGS-TV,173802.0,222226.91482257843
1868,HGS-TV,173802.0,222287.1639032364
1869,HGS-TV,173802.0,222417.72609686852
1870,HGS-TV,173802.0,223109.05154585838
1871,HGS-TV,173802.0,223169.48576807976
1872,ails2_eoh_omega2,174166.0,223215.82626440428
1873,HGS-TV,173802.0,223229.9960269928
1874,ails2_eoh_omega2,174155.0,223222.8322644043
1875,HGS-TV,173802.0,223299.2454211712
1876,ails2_eoh_omega2,174154.0,223287.8442644043
1877,ails2_etaMax1.000_stoppingTime432000.00,174175.0,223348.7552644043
1878,ails2_etaMax1.000_stoppingTime432000.00,174166.0,223349.2902644043
1879,ails2_etaMax1.000_stoppingTime432000.00,174165.0,223557.1982644043
1880,HGS-TV,173802.0,223572.4079658985
1881,ails2_etaMax1.000_stoppingTime432000.00,174133.0,223559.1162644043
1882,HGS-TV,173802.0,223632.90785098076
1883,HGS-TV,173802.0,223692.9695057869
1884,HGS-TV,173802.0,223753.1363978386
1885,HGS-TV,173802.0,223941.18255901337
1886,ails2_eoh_omega2,174153.0,224243.7292644043
1887,ails2_eoh_omega2,174152.0,224393.9972644043
1888,ails2_etaMax1.000_stoppingTime432000.00,174132.0,224608.2152644043
1889,ails2_etaMax1.000_stoppingTime432000.00,174108.0,224622.75826440429
1890,HGS-TV,173802.0,225620.07387518883
1891,HGS-TV,173802.0,225972.36039733887
1892,HGS-TV,173802.0,226032.45506691933
1893,HGS-TV,173802.0,226233.99202108383
1894,HGS-TV,173802.0,227135.1040673256
1895,ails2_eoh_omega2,174151.0,227382.6492644043
1896,ails2_eoh_omega2,174141.0,227415.1802644043
1897,HGS-TV,173802.0,227877.56702041626
1898,HGS-TV,173802.0,228037.9559495449
1899,ails2_eoh_omega2,174140.0,228474.7602644043
1900,ails2_eoh_omega2,174139.0,228474.8492644043
1901,ails2_eoh_omega2,174138.0,228860.0312644043
1902,ails2_eoh_omega2,174137.0,229406.6682644043
1903,HGS-TV,173802.0,229534.81986117363
1904,HGS-TV,173802.0,229800.12610077858
1905,HGS-TV,173802.0,229862.04501581192
1906,HGS-TV,173802.0,231047.30787444115
1907,HGS-TV,173802.0,231107.48188972473
1908,HGS-TV,173802.0,231223.618953228
1909,ails2_eoh_omega2,174136.0,231234.1692644043
1910,ails2_eoh_omega2,174135.0,231234.2072644043
1911,HGS-TV,173802.0,231416.68923449516
1912,ails2_etaMax1.000_stoppingTime432000.00,174107.0,231586.6342644043
1913,ails2_etaMax1.000_stoppingTime432000.00,174106.0,231586.6622644043
1914,HGS-TV,173802.0,231688.18980288506
1915,HGS-TV,173802.0,231758.02180433273
1916,HGS-TV,173802.0,231980.58693361282
1917,HGS-TV,173802.0,232398.73768544197
1918,HGS-TV,173802.0,232596.62210083008
1919,HGS-TV,173802.0,232656.86221671104
1920,HGS-TV,173802.0,232716.86543250084
1921,HGS-TV,173802.0,233264.36130332947
1922,HGS-TV,173802.0,233941.09690856934
1923,HGS-TV,173802.0,234001.11948299408
1924,HGS-TV,173802.0,234294.58093309402
1925,HGS-TV,173802.0,234425.40485739708
1926,HGS-TV,173802.0,234522.73875927925
1927,ails2_etaMax1.000_stoppingTime432000.00,174103.0,234538.0292644043
1928,HGS-TV,173802.0,234582.93649578094
1929,ails2_etaMax1.000_stoppingTime432000.00,174100.0,234607.94326440428
1930,ails2_etaMax1.000_stoppingTime432000.00,174099.0,234790.7562644043
1931,ails2_etaMax1.000_stoppingTime432000.00,174079.0,234799.40226440429
1932,ails2_etaMax1.000_stoppingTime432000.00,174058.0,234910.3912644043
1933,HGS-TV,173802.0,234925.84961271286
1934,ails2_etaMax1.000_stoppingTime432000.00,174044.0,234938.5532644043
1935,HGS-TV,173802.0,235167.17699074745
1936,HGS-TV,173802.0,235320.5952064991
1937,HGS-TV,173802.0,235380.71994018555
1938,ails2_etaMax1.000_stoppingTime1728000.00,175527.0,235895.0352644043
1939,ails2_etaMax1.000_stoppingTime1728000.00,175468.0,235898.1482644043
1940,HGS-TV,173802.0,236153.8812031746
1941,HGS-TV,173802.0,236213.9711792469
1942,HGS-TV,173802.0,236282.55963635445
1943,HGS-TV,173802.0,236628.84354519844
1944,HGS-TV,173802.0,236820.73596572876
1945,HGS-TV,173802.0,237013.44474625587
1946,HGS-TV,173802.0,237379.52886795998
1947,HGS-TV,173802.0,237439.73852801323
1948,HGS-TV,173802.0,237499.99980401993
1949,HGS-TV,173802.0,237596.5811200142
1950,HGS-TV,173802.0,237717.49392867088
1951,HGS-TV,173802.0,237777.68674325943
1952,HGS-TV,173802.0,237925.36360239983
1953,HGS-TV,173802.0,237985.43156456947
1954,HGS-TV,173802.0,238080.75670862198
1955,HGS-TV,173802.0,238361.64542627335
1956,HGS-TV,173802.0,238830.53973817825
1957,HGS-TV,173802.0,238890.88205838203
1958,HGS-TV,173802.0,239039.77044773102
1959,HGS-TV,173802.0,239099.91400384903
1960,HGS-TV,173802.0,239177.21946525574
1961,HGS-TV,173802.0,239284.54682660103
1962,ails2_etaMax1.000_stoppingTime864000.00,174887.0,239550.9782644043
1963,HGS-TV,173802.0,239574.02325439453
1964,ails2_etaMax1.000_stoppingTime864000.00,174759.0,239556.4692644043
1965,HGS-TV,173802.0,239634.0595550537
1966,HGS-TV,173802.0,240595.4207918644
1967,HGS-TV,173802.0,240655.59102225304
1968,HGS-TV,173802.0,240808.6151227951
1969,HGS-TV,173802.0,241067.67631578445
1970,HGS-TV,173802.0,241718.01641964912
1971,HGS-TV,173802.0,241931.43796920776
1972,HGS-TV,173802.0,241999.9351453781
1973,HGS-TV,173802.0,242078.92999601364
1974,HGS-TV,173802.0,242174.14801573753
1975,HGS-TV,173802.0,242273.20765972137
1976,HGS-TV,173802.0,242333.2429125309
1977,HGS-TV,173802.0,242393.41425824165
1978,HGS-TV,173802.0,242454.09491539001
1979,HGS-TV,173802.0,242514.28769636154
1980,HGS-TV,173802.0,242604.88030028343
1981,HGS-TV,173802.0,242686.96323990822
1982,HGS-TV,173802.0,242747.18202090263
1983,HGS-TV,173802.0,242807.30070877075
1984,HGS-TV,173802.0,242867.50254321098
1985,HGS-TV,173802.0,242933.761197567
1986,HGS-TV,173802.0,242993.77812457085
1987,HGS-TV,173802.0,243054.09944677353
1988,HGS-TV,173802.0,243114.22946810722
1989,HGS-TV,173802.0,243179.742125988
1990,HGS-TV,173802.0,243280.05064225197
1991,HGS-TV,173802.0,243455.2102985382
1992,HGS-TV,173802.0,243515.2929737568
1993,HGS-TV,173802.0,243691.62812137604
1994,HGS-TV,173802.0,243875.4483447075
1995,HGS-TV,173802.0,243935.5077571869
1996,HGS-TV,173802.0,244015.8157801628
1997,HGS-TV,173802.0,244075.92711782455
1998,HGS-TV,173802.0,244136.02353906631
1999,HGS-TV,173802.0,244196.03122854233
2000,HGS-TV,173802.0,244256.2287402153
2001,ails2_etaMax1.000_stoppingTime432000.00,174041.0,244299.71226440428
2002,ails2_etaMax1.000_stoppingTime432000.00,174036.0,244300.2072644043
2003,HGS-TV,173802.0,244386.65685915947
2004,HGS-TV,173802.0,244661.57016277313
2005,ails2_etaMax1.000_stoppingTime432000.00,174034.0,244671.5452644043
2006,ails2_etaMax1.000_stoppingTime432000.00,174031.0,244753.0302644043
2007,HGS-TV,173802.0,244762.09614419937
2008,ails2_etaMax1.000_stoppingTime432000.00,174019.0,244756.3682644043
2009,HGS-TV,173802.0,244822.2805302143
2010,HGS-TV,173802.0,244903.23914384842
2011,HGS-TV,173802.0,244963.3879110813
2012,HGS-TV,173802.0,245023.6206934452
2013,HGS-TV,173802.0,245083.64708161354
2014,HGS-TV,173802.0,245143.749573946
2015,HGS-TV,173802.0,245203.912443161
2016,HGS-TV,173802.0,245313.50944924355
2017,HGS-TV,173802.0,245382.00631904602
2018,HGS-TV,173802.0,245507.40538549423
2019,HGS-TV,173802.0,245567.52765202522
2020,HGS-TV,173802.0,245627.5881884098
2021,HGS-TV,173802.0,245687.696269989
2022,HGS-TV,173802.0,245747.7290508747
2023,HGS-TV,173802.0,245808.07001924515
2024,HGS-TV,173802.0,245868.09162259102
2025,HGS-TV,173802.0,245987.17309641838
2026,HGS-TV,173802.0,246047.31534528732
2027,HGS-TV,173802.0,246232.71852374077
2028,HGS-TV,173802.0,246292.90623116493
2029,HGS-TV,173802.0,246352.976313591
2030,HGS-TV,173802.0,246413.04979515076
2031,HGS-TV,173802.0,246473.1727104187
2032,HGS-TV,173802.0,246589.36325073242
2033,HGS-TV,173802.0,246656.27946019173
2034,HGS-TV,173802.0,246728.5047056675
2035,HGS-TV,173802.0,246788.79554867744
2036,HGS-TV,173802.0,246849.04152178764
2037,HGS-TV,173802.0,246909.16150450706
2038,HGS-TV,173802.0,246969.32720327377
2039,HGS-TV,173802.0,247092.46899580956
2040,HGS-TV,173802.0,247152.55381393433
2041,HGS-TV,173802.0,247305.7164337635
2042,HGS-TV,173802.0,247378.33219099045
2043,HGS-TV,173802.0,247438.5202381611
2044,HGS-TV,173802.0,247552.8940167427
2045,HGS-TV,173802.0,247637.27027511597
2046,ails2_etaMax1.000_stoppingTime432000.00,174016.0,247679.7552644043
2047,HGS-TV,173802.0,247697.35124969482
2048,ails2_etaMax1.000_stoppingTime1728000.00,175466.0,247853.5342644043
2049,HGS-TV,173802.0,247894.02226161957
2050,HGS-TV,173802.0,248013.8901269436
2051,HGS-TV,173802.0,248257.3585705757
2052,HGS-TV,173802.0,248500.91090917587
2053,HGS-TV,173802.0,248690.80342841148
2054,ails2_eoh_omega2,174134.0,248977.0602644043
2055,ails2_etaMax1.000_stoppingTime432000.00,174015.0,249043.0302644043
2056,HGS-TV,173802.0,249082.02772521973
2057,ails2_etaMax1.000_stoppingTime432000.00,174000.0,249043.1602644043
2058,HGS-TV,173802.0,249142.10018587112
2059,ails2_etaMax1.000_stoppingTime432000.00,173995.0,249512.6422644043
2060,HGS-TV,173802.0,249754.52385783195
2061,HGS-TV,173802.0,250021.58058071136
2062,HGS-TV,173802.0,250165.33660554886
2063,HGS-TV,173802.0,250370.89962768555
2064,HGS-TV,173802.0,250653.55463457108
2065,HGS-TV,173802.0,250713.6433262825
2066,HGS-TV,173802.0,250778.02824687958
2067,HGS-TV,173802.0,250838.25524687767
2068,HGS-TV,173802.0,251124.6454923153
2069,HGS-TV,173802.0,251184.84701681137
2070,HGS-TV,173802.0,251245.05862402916
2071,HGS-TV,173802.0,251428.51557683945
2072,HGS-TV,173802.0,251580.62174844742
2073,HGS-TV,173802.0,251668.08903479576
2074,HGS-TV,173802.0,251914.01999521255
2075,HGS-TV,173802.0,252020.56424164772
2076,HGS-TV,173802.0,252080.73840475082
2077,HGS-TV,173802.0,252140.82174777985
2078,HGS-TV,173802.0,252200.85146307945
2079,HGS-TV,173802.0,252261.01670241356
2080,HGS-TV,173802.0,252321.02808737755
2081,HGS-TV,173802.0,252381.1874678135
2082,HGS-TV,173802.0,252448.38066530228
2083,HGS-TV,173802.0,252508.42395210266
2084,HGS-TV,173802.0,252662.60076236725
2085,HGS-TV,173802.0,252722.7718310356
2086,HGS-TV,173802.0,252782.78380727768
2087,HGS-TV,173802.0,252842.82519125938
2088,HGS-TV,173802.0,252944.86917734146
2089,HGS-TV,173802.0,253023.71558332443
2090,HGS-TV,173802.0,253087.7560315132
2091,HGS-TV,173802.0,253147.8388710022
2092,HGS-TV,173802.0,253239.86214447021
2093,HGS-TV,173802.0,253317.37893414497
2094,HGS-TV,173802.0,253427.885242939
2095,HGS-TV,173802.0,253488.1314046383
2096,HGS-TV,173802.0,253564.23576784134
2097,HGS-TV,173802.0,253642.5644888878
2098,HGS-TV,173802.0,253736.57270288467
2099,HGS-TV,173802.0,253832.05484843254
2100,HGS-TV,173802.0,254107.90066337585
2101,HGS-TV,173802.0,254167.93269515038
2102,HGS-TV,173802.0,254232.5642325878
2103,HGS-TV,173802.0,254292.56717014313
2104,HGS-TV,173802.0,254925.16864466667
2105,HGS-TV,173802.0,255411.04022407532
2106,HGS-TV,173802.0,255630.8793041706
2107,HGS-TV,173802.0,256305.6084780693
2108,HGS-TV,173802.0,256376.59091877937
2109,HGS-TV,173802.0,256448.25675845146
2110,HGS-TV,173802.0,256591.21113586426
2111,HGS-TV,173802.0,256883.88860487938
2112,HGS-TV,173802.0,256986.52143788338
2113,HGS-TV,173802.0,257071.7620689869
2114,HGS-TV,173802.0,257291.00330758095
2115,ails2_eoh_omega2,174133.0,257374.7212644043
2116,ails2_eoh_omega2,174132.0,257375.0852644043
2117,HGS-TV,173802.0,257516.33056020737
2118,ails2_etaMax1.000_stoppingTime432000.00,173994.0,257559.61426440428
2119,ails2_etaMax1.000_stoppingTime432000.00,173992.0,257559.6832644043
2120,HGS-TV,173802.0,257654.27714443207
2121,ails2_etaMax1.000_stoppingTime1728000.00,175445.0,257919.9312644043
2122,ails2_etaMax1.000_stoppingTime1728000.00,175439.0,257919.9692644043
2123,HGS-TV,173802.0,258388.6316227913
2124,HGS-TV,173802.0,258448.77266812325
2125,HGS-TV,173802.0,258553.0546810627
2126,HGS-TV,173802.0,258689.5887515545
2127,HGS-TV,173802.0,258749.78679585457
2128,HGS-TV,173802.0,258809.8768634796
2129,ails2_etaMax1.000_stoppingTime432000.00,173982.0,258931.1462644043
2130,ails2_etaMax1.000_stoppingTime432000.00,173976.0,258934.6222644043
2131,HGS-TV,173802.0,259226.76286911964
2132,HGS-TV,173802.0,259419.30945539474
2133,HGS-TV,173802.0,259667.7785885334
2134,HGS-TV,173802.0,259727.81559705734
2135,HGS-TV,173802.0,260005.53536367416
2136,HGS-TV,173802.0,260085.3597996235
2137,HGS-TV,173802.0,260324.6299240589
2138,HGS-TV,173802.0,260384.71113967896
2139,HGS-TV,173802.0,260444.74036622047
2140,HGS-TV,173802.0,260504.89885401726
2141,HGS-TV,173802.0,260574.2956442833
2142,HGS-TV,173802.0,261107.36530017853
2143,ails2_etaMax1.000_stoppingTime432000.00,173973.0,261434.4802644043
2144,HGS-TV,173802.0,261451.84381580353
2145,ails2_etaMax1.000_stoppingTime432000.00,173972.0,261434.7372644043
2146,HGS-TV,173802.0,261687.9153392315
2147,HGS-TV,173802.0,261786.10786271095
2148,ails2_etaMax1.000_stoppingTime432000.00,173970.0,261856.5712644043
2149,HGS-TV,173802.0,261907.02163243294
2150,ails2_etaMax1.000_stoppingTime432000.00,173964.0,261856.6072644043
2151,HGS-TV,173802.0,262029.4309477806
2152,HGS-TV,173802.0,262089.73747873306
2153,HGS-TV,173802.0,262149.7657535076
2154,HGS-TV,173802.0,262215.49220252037
2155,HGS-TV,173802.0,262382.3396756649
2156,HGS-TV,173802.0,262442.7999088764
2157,HGS-TV,173802.0,262510.72400045395
2158,ails2_etaMax1.000_stoppingTime864000.00,174726.0,262560.0312644043
2159,HGS-TV,173802.0,262570.93013072014
2160,ails2_etaMax1.000_stoppingTime864000.00,174714.0,262560.3322644043
2161,HGS-TV,173802.0,262631.0196328163
2162,HGS-TV,173802.0,262691.1958682537
2163,HGS-TV,173802.0,263034.37161421776
2164,HGS-TV,173802.0,263189.376486063
2165,HGS-TV,173802.0,263560.2520596981
2166,HGS-TV,173802.0,263623.5078635216
2167,HGS-TV,173802.0,263846.9267437458
2168,HGS-TV,173802.0,263984.38237023354
2169,HGS-TV,173802.0,264171.54067468643
2170,HGS-TV,173802.0,264231.6351544857
2171,HGS-TV,173802.0,264554.51546144485
2172,HGS-TV,173802.0,264634.37481713295
2173,HGS-TV,173802.0,264707.29115462303
2174,HGS-TV,173802.0,264984.1331386566
2175,ails2_etaMax1.000_stoppingTime432000.00,173961.0,264984.5072644043
2176,ails2_etaMax1.000_stoppingTime432000.00,173957.0,265553.7792644043
2177,ails2_etaMax1.000_stoppingTime432000.00,173946.0,265554.1042644043
2178,HGS-TV,173802.0,265638.7919149399
2179,HGS-TV,173802.0,265878.7432951927
2180,HGS-TV,173802.0,266765.40749669075
2181,HGS-TV,173802.0,266825.5176188946
2182,HGS-TV,173802.0,267251.83646321297
2183,HGS-TV,173802.0,267541.49980282784
2184,HGS-TV,173802.0,268236.44635248184
2185,ails2_etaMax1.000_stoppingTime1728000.00,175401.0,268408.2312644043
2186,HGS-TV,173802.0,268420.6085009575
2187,HGS-TV,173802.0,268480.8771665096
2188,ails2_etaMax1.000_stoppingTime864000.00,174712.0,268879.5912644043
2189,ails2_etaMax1.000_stoppingTime864000.00,174620.0,268883.7502644043
2190,HGS-TV,173802.0,269537.3761923313
2191,HGS-TV,173802.0,269782.566542387
2192,HGS-TV,173802.0,269842.71669220924
2193,HGS-TV,173802.0,269915.0697219372
2194,ails2_etaMax1.000_stoppingTime432000.00,173945.0,270004.3732644043
2195,HGS-TV,173802.0,270053.4148836136
2196,ails2_etaMax1.000_stoppingTime432000.00,173943.0,270004.4192644043
2197,HGS-TV,173802.0,270196.32247519493
2198,ails2_etaMax1.000_stoppingTime432000.00,173941.0,270232.68626440427
2199,HGS-TV,173802.0,271034.08942580223
2200,HGS-TV,173802.0,272422.2659392357
2201,ails2_etaMax1.000_stoppingTime432000.00,173940.0,272572.5032644043
2202,ails2_etaMax1.000_stoppingTime432000.00,173939.0,273190.7142644043
2203,ails2_etaMax1.000_stoppingTime432000.00,173938.0,273190.7692644043
2204,HGS-TV,173802.0,273826.6612622738
2205,HGS-TV,173802.0,273935.4666337967
2206,HGS-TV,173802.0,273995.57782268524
2207,HGS-TV,173802.0,274055.63068151474
2208,HGS-TV,173802.0,274590.564899683
2209,HGS-TV,173802.0,274674.31223988533
2210,ails2_etaMax1.000_stoppingTime432000.00,173937.0,275119.5552644043
2211,ails2_etaMax1.000_stoppingTime432000.00,173931.0,275119.6892644043
2212,HGS-TV,173802.0,275301.11521816254
2213,HGS-TV,173802.0,275740.43083643913
2214,HGS-TV,173802.0,276209.8454449177
2215,HGS-TV,173802.0,277081.8755657673
2216,HGS-TV,173802.0,277612.84610271454
2217,ails2_eoh_omega2,174131.0,277855.4902644043
2218,HGS-TV,173802.0,279764.4195885658
2219,HGS-TV,173802.0,280135.0684463978
2220,HGS-TV,173802.0,280238.14618062973
2221,HGS-TV,173802.0,280298.2423288822
2222,HGS-TV,173802.0,281381.8409137726
2223,HGS-TV,173802.0,281742.87976408005
2224,ails2_eoh_omega2,174130.0,282886.1522644043
2225,ails2_etaMax1.000_stoppingTime432000.00,173929.0,284851.8952644043
2226,HGS-TV,173802.0,285511.7243652344
2227,HGS-TV,173802.0,285571.95463728905
2228,HGS-TV,173802.0,285631.97107958794
2229,HGS-TV,173802.0,285692.0939152241
2230,HGS-TV,173802.0,285752.29949975014
2231,HGS-TV,173802.0,285812.4010491371
2232,HGS-TV,173802.0,285872.58832263947
2233,HGS-TV,173802.0,285932.76253437996
2234,HGS-TV,173802.0,285992.910381794
2235,HGS-TV,173802.0,286185.967325449
2236,HGS-TV,173802.0,286299.9324295521
2237,HGS-TV,173802.0,286388.1412501335
2238,HGS-TV,173802.0,286550.6679947376
2239,HGS-TV,173802.0,286619.54131388664
2240,HGS-TV,173802.0,286784.7470202446
2241,HGS-TV,173802.0,286927.22141456604
2242,HGS-TV,173802.0,286987.4005534649
2243,HGS-TV,173802.0,287107.06029868126
2244,HGS-TV,173802.0,287194.33316135406
2245,HGS-TV,173802.0,287304.2626955509
2246,HGS-TV,173802.0,287431.8895549774
2247,HGS-TV,173802.0,287492.0714023113
2248,HGS-TV,173802.0,287570.63041877747
2249,HGS-TV,173802.0,287831.0268256664
2250,HGS-TV,173802.0,287891.12296152115
2251,HGS-TV,173802.0,287971.0142772198
2252,HGS-TV,173802.0,288063.7579448223
2253,HGS-TV,173802.0,288124.0715479851
2254,HGS-TV,173802.0,288218.5207719803
2255,HGS-TV,173802.0,288287.023355484
2256,HGS-TV,173802.0,288398.0431237221
2257,HGS-TV,173802.0,288472.2147374153
2258,HGS-TV,173802.0,288557.18579363823
2259,HGS-TV,173802.0,288617.18972182274
2260,HGS-TV,173802.0,288698.76287150383
2261,HGS-TV,173802.0,289118.4866409302
2262,HGS-TV,173802.0,289178.8095252514
2263,HGS-TV,173802.0,289591.50842309
2264,HGS-TV,173802.0,289651.74236249924
2265,HGS-TV,173802.0,289711.81223654747
2266,ails2_etaMax1.000_stoppingTime432000.00,173923.0,289944.0332644043
2267,HGS-TV,173802.0,289945.4726462364
2268,ails2_etaMax1.000_stoppingTime432000.00,173918.0,289998.9792644043
2269,ails2_etaMax1.000_stoppingTime432000.00,173917.0,290041.36026440427
2270,HGS-TV,173802.0,290107.27163887024
2271,ails2_etaMax0.010_stoppingTime432000.00,174167.0,290179.2122644043
2272,HGS-TV,173802.0,290283.9928355217
2273,ails2_etaMax1.000_stoppingTime432000.00,173916.0,290304.1562644043
2274,ails2_etaMax1.000_stoppingTime432000.00,173913.0,290305.2672644043
2275,HGS-TV,173802.0,290610.3281979561
2276,HGS-TV,173802.0,290670.39004945755
2277,ails2_etaMax1.000_stoppingTime864000.00,174616.0,290743.0532644043
2278,ails2_etaMax1.000_stoppingTime864000.00,174559.0,290747.5602644043
2279,HGS-TV,173802.0,291001.0509097576
2280,HGS-TV,173802.0,291194.37972927094
2281,HGS-TV,173802.0,291263.1130027771
2282,HGS-TV,173802.0,291344.8066391945
2283,HGS-TV,173802.0,291510.0976176262
2284,HGS-TV,173802.0,291570.2728636265
2285,HGS-TV,173802.0,291712.18929600716
2286,HGS-TV,173802.0,292317.94226527214
2287,HGS-TV,173802.0,292860.6515455246
2288,HGS-TV,173802.0,292952.0031218529
2289,HGS-TV,173802.0,293095.92042565346
2290,HGS-TV,173802.0,293155.92229914665
2291,HGS-TV,173802.0,293355.16899728775
2292,HGS-TV,173802.0,293460.3347349167
2293,ails2_etaMax0.010_stoppingTime432000.00,174166.0,293792.3442644043
2294,ails2_etaMax0.010_stoppingTime432000.00,174165.0,293793.5312644043
2295,HGS-TV,173802.0,293991.322586298
2296,HGS-TV,173802.0,294051.3495268822
2297,ails2_etaMax0.010_stoppingTime432000.00,174164.0,294075.4512644043
2298,HGS-TV,173802.0,294263.8258817196
2299,HGS-TV,173802.0,294394.3254354
2300,ails2_etaMax1.000_stoppingTime1728000.00,175384.0,294450.8172644043
2301,HGS-TV,173802.0,294491.85350346565
2302,ails2_etaMax1.000_stoppingTime1728000.00,175376.0,294451.0002644043
2303,HGS-TV,173802.0,294557.50415945053
2304,HGS-TV,173802.0,294804.4096958637
2305,ails2_etaMax1.000_stoppingTime432000.00,173912.0,294921.7032644043
2306,ails2_etaMax1.000_stoppingTime432000.00,173911.0,294923.2982644043
2307,HGS-TV,173802.0,295042.6321911812
2308,HGS-TV,173802.0,295125.30520772934
2309,HGS-TV,173802.0,295205.43956041336
2310,HGS-TV,173802.0,295265.4670114517
2311,HGS-TV,173802.0,295325.647759676
2312,HGS-TV,173802.0,295528.3292582035
2313,ails2_etaMax1.000_stoppingTime432000.00,173909.0,295639.9802644043
2314,ails2_etaMax1.000_stoppingTime432000.00,173906.0,295640.09926440427
2315,HGS-TV,173802.0,296394.2424943447
2316,HGS-TV,173802.0,296945.3677723408
2317,HGS-TV,173802.0,297234.70339655876
2318,HGS-TV,173802.0,297353.43575906754
2319,HGS-TV,173802.0,297426.64386200905
2320,ails2_etaMax1.000_stoppingTime432000.00,173904.0,297428.7582644043
2321,ails2_etaMax1.000_stoppingTime432000.00,173899.0,297430.2812644043
2322,HGS-TV,173802.0,297506.05972361565
2323,HGS-TV,173802.0,297566.06239819527
2324,HGS-TV,173802.0,297626.3257100582
2325,HGS-TV,173802.0,297686.51164245605
2326,HGS-TV,173802.0,298635.2108695507
2327,HGS-TV,173802.0,299311.68906855583
2328,HGS-TV,173802.0,299494.444562912
2329,HGS-TV,173802.0,300106.79371261597
2330,HGS-TV,173802.0,300256.8923432827
2331,HGS-TV,173802.0,300577.2256116867
2332,HGS-TV,173802.0,300969.89055132866
2333,HGS-TV,173802.0,301055.9030017853
2334,HGS-TV,173802.0,301115.93628144264
2335,HGS-TV,173802.0,301176.3195614815
2336,ails2_etaMax0.010_stoppingTime432000.00,174163.0,301249.7202644043
2337,HGS-TV,173802.0,301451.9458682537
2338,HGS-TV,173802.0,301588.89396834373
2339,HGS-TV,173802.0,302203.3351998329
2340,HGS-TV,173802.0,302263.5423588753
2341,ails2_etaMax1.000_stoppingTime864000.00,174554.0,302307.7772644043
2342,HGS-TV,173802.0,302323.60765457153
2343,ails2_etaMax1.000_stoppingTime864000.00,174545.0,302308.1042644043
2344,HGS-TV,173802.0,302398.37667155266
2345,HGS-TV,173802.0,302934.90371894836
2346,HGS-TV,173802.0,303148.70463204384
2347,HGS-TV,173802.0,303358.64284825325
2348,HGS-TV,173802.0,303418.90182590485
2349,HGS-TV,173802.0,303479.03608322144
2350,HGS-TV,173802.0,303721.62695646286
2351,HGS-TV,173802.0,303781.93814730644
2352,HGS-TV,173802.0,303841.98959064484
2353,HGS-TV,173802.0,303902.1532459259
2354,HGS-TV,173802.0,304057.91474461555
2355,HGS-TV,173802.0,304150.3081352711
2356,HGS-TV,173802.0,304303.0871398449
2357,HGS-TV,173802.0,304363.09205436707
2358,HGS-TV,173802.0,304423.3848824501
2359,HGS-TV,173802.0,304483.5545217991
2360,HGS-TV,173802.0,304655.74930620193
2361,HGS-TV,173802.0,304860.92191290855
2362,HGS-TV,173802.0,305063.08149027824
2363,HGS-TV,173802.0,305293.10349702835
2364,HGS-TV,173802.0,305353.2373251915
2365,HGS-TV,173802.0,305548.85494709015
2366,HGS-TV,173802.0,305609.13346767426
2367,ails2_etaMax1.000_stoppingTime864000.00,174540.0,305976.3682644043
2368,ails2_etaMax1.000_stoppingTime864000.00,174500.0,306019.4072644043
2369,HGS-TV,173802.0,306088.7921357155
2370,HGS-TV,173802.0,306148.9330818653
2371,HGS-TV,173802.0,306333.5044336319
2372,HGS-TV,173802.0,306393.63883018494
2373,HGS-TV,173802.0,306591.88897299767
2374,HGS-TV,173802.0,307206.60185599327
2375,HGS-TV,173802.0,307266.69519901276
2376,ails2_etaMax1.000_stoppingTime1728000.00,175357.0,307379.3362644043
2377,ails2_etaMax1.000_stoppingTime1728000.00,175348.0,307379.3822644043
2378,HGS-TV,173802.0,307455.38325309753
2379,HGS-TV,173802.0,307557.44999051094
2380,HGS-TV,173802.0,307623.76585531235
2381,HGS-TV,173802.0,307780.1790971756
2382,HGS-TV,173802.0,307840.19096946716
2383,HGS-TV,173802.0,307900.26482725143
2384,HGS-TV,173802.0,308036.13936281204
2385,HGS-TV,173802.0,308226.79798293114
2386,HGS-TV,173802.0,308286.8734793663
2387,HGS-TV,173802.0,308346.92098402977
2388,HGS-TV,173802.0,308407.14626932144
2389,HGS-TV,173802.0,308534.1200582981
2390,HGS-TV,173802.0,308686.7082312107
2391,HGS-TV,173802.0,308833.18171525
2392,HGS-TV,173802.0,308893.4190533161
2393,HGS-TV,173802.0,308953.594322443
2394,HGS-TV,173802.0,309058.2360160351
2395,ails2_etaMax1.000_stoppingTime1728000.00,175327.0,309118.7302644043
2396,HGS-TV,173802.0,309163.271756649
2397,ails2_etaMax1.000_stoppingTime1728000.00,175253.0,309118.8522644043
2398,HGS-TV,173802.0,309349.48595285416
2399,HGS-TV,173802.0,309544.7355160713
2400,HGS-TV,173802.0,309904.3079049587
2401,HGS-TV,173802.0,309964.34047555923
2402,HGS-TV,173802.0,310064.5555355549
2403,HGS-TV,173802.0,310244.36100816727
2404,HGS-TV,173802.0,310508.0201327801
2405,HGS-TV,173802.0,310568.1947526932
2406,HGS-TV,173802.0,310722.92836999893
2407,HGS-TV,173802.0,310843.25680708885
2408,HGS-TV,173802.0,310929.61269021034
2409,HGS-TV,173802.0,311235.43008327484
2410,HGS-TV,173802.0,311383.3322184086
2411,HGS-TV,173802.0,311443.4857325554
2412,HGS-TV,173802.0,311503.5219807625
2413,HGS-TV,173802.0,311572.4138684273
2414,HGS-TV,173802.0,311693.8182258606
2415,HGS-TV,173802.0,311838.9696185589
2416,HGS-TV,173802.0,311898.9766509533
2417,HGS-TV,173802.0,312200.8549180031
2418,HGS-TV,173802.0,312362.3772530556
2419,HGS-TV,173802.0,312422.4431500435
2420,HGS-TV,173802.0,312549.18486499786
2421,HGS-TV,173802.0,313076.5188038349
2422,HGS-TV,173802.0,313141.1302702427
2423,HGS-TV,173802.0,313201.28610634804
2424,HGS-TV,173802.0,313356.24188899994
2425,HGS-TV,173802.0,313490.7952260971
2426,HGS-TV,173802.0,313635.0310075283
2427,ails2_etaMax1.000_stoppingTime864000.00,174498.0,313661.9902644043
2428,ails2_etaMax1.000_stoppingTime864000.00,174441.0,313662.2312644043
2429,HGS-TV,173802.0,313993.7666954994
2430,HGS-TV,173802.0,314111.3902990818
2431,HGS-TV,173802.0,314171.6268119812
2432,HGS-TV,173802.0,314262.54148221016
2433,HGS-TV,173802.0,314358.0815527439
2434,HGS-TV,173802.0,314550.93700170517
2435,HGS-TV,173802.0,314611.1011533737
2436,HGS-TV,173802.0,314757.85145998
2437,HGS-TV,173802.0,314841.1327660084
2438,HGS-TV,173802.0,314953.7194695473
2439,HGS-TV,173802.0,315013.7929055691
2440,HGS-TV,173802.0,315073.80235123634
2441,HGS-TV,173802.0,315164.13467502594
2442,HGS-TV,173802.0,315289.94584679604
2443,HGS-TV,173802.0,315349.9534795284
2444,HGS-TV,173802.0,315544.3371722698
2445,HGS-TV,173802.0,315604.3552148342
2446,HGS-TV,173802.0,315664.56955337524
2447,HGS-TV,173802.0,316149.4827120304
2448,HGS-TV,173802.0,316251.61763858795
2449,HGS-TV,173802.0,316311.68719148636
2450,HGS-TV,173802.0,316447.8882217407
2451,HGS-TV,173802.0,316583.7077841759
2452,HGS-TV,173802.0,316643.723664999
2453,HGS-TV,173802.0,316796.14146757126
2454,HGS-TV,173802.0,316856.2737045288
2455,ails2_etaMax1.000_stoppingTime1728000.00,175249.0,316934.6332644043
2456,ails2_etaMax1.000_stoppingTime1728000.00,175221.0,316935.4842644043
2457,HGS-TV,173802.0,317178.8077428341
2458,HGS-TV,173802.0,317411.0052115917
2459,HGS-TV,173802.0,318088.2125747204
2460,HGS-TV,173802.0,318753.59089779854
2461,HGS-TV,173802.0,318813.7156062126
2462,ails2_etaMax0.010_stoppingTime432000.00,174162.0,318973.7752644043
2463,HGS-TV,173802.0,319816.7529838085
2464,HGS-TV,173802.0,319879.3443546295
2465,HGS-TV,173802.0,320155.090896368
2466,HGS-TV,173802.0,320341.4157783985
2467,HGS-TV,173802.0,320586.41473817825
2468,HGS-TV,173802.0,320646.53285574913
2469,HGS-TV,173802.0,321019.26766490936
2470,HGS-TV,173802.0,321292.2930035591
2471,HGS-TV,173802.0,321545.0080447197
2472,HGS-TV,173802.0,321606.19580698013
2473,HGS-TV,173802.0,321821.34104704857
2474,HGS-TV,173802.0,321882.61988925934
2475,HGS-TV,173802.0,322177.9418427944
2476,HGS-TV,173802.0,322238.00410342216
2477,HGS-TV,173802.0,322368.65669059753
2478,HGS-TV,173802.0,322459.4414989948
2479,HGS-TV,173802.0,322663.28815436363
2480,HGS-TV,173802.0,323146.579390049
2481,HGS-TV,173802.0,323228.9049935341
2482,ails2_etaMax1.000_stoppingTime432000.00,173898.0,323320.4072644043
2483,ails2_etaMax1.000_stoppingTime432000.00,173895.0,323334.6842644043
2484,HGS-TV,173802.0,323455.63567471504
2485,HGS-TV,173802.0,323612.6646888256
2486,HGS-TV,173802.0,323675.1982321739
2487,HGS-TV,173802.0,323992.42629909515
2488,HGS-TV,173802.0,324052.4470922947
2489,HGS-TV,173802.0,324309.1788585186
2490,HGS-TV,173802.0,324846.83779525757
2491,HGS-TV,173802.0,325089.28021526337
2492,HGS-TV,173802.0,325149.40762615204
2493,HGS-TV,173802.0,325532.34187459946
2494,ails2_etaMax1.000_stoppingTime432000.00,173894.0,325576.6982644043
2495,ails2_etaMax1.000_stoppingTime432000.00,173893.0,325576.7742644043
2496,HGS-TV,173802.0,326248.0989174843
2497,HGS-TV,173802.0,326308.2630176544
2498,HGS-TV,173802.0,326672.74053668976
2499,HGS-TV,173802.0,326943.9173026085
2500,HGS-TV,173802.0,327003.92439699173
2501,HGS-TV,173802.0,327254.78123497963
2502,HGS-TV,173802.0,327323.5459792614
2503,HGS-TV,173802.0,327501.9176301956
2504,HGS-TV,173802.0,327562.14610910416
2505,HGS-TV,173802.0,327795.5585823059
2506,HGS-TV,173802.0,327919.4056484699
2507,HGS-TV,173802.0,328391.4212231636
2508,HGS-TV,173802.0,328451.5506532192
2509,HGS-TV,173802.0,328511.6572775841
2510,HGS-TV,173802.0,328946.39269948006
2511,HGS-TV,173802.0,329069.9836382866
2512,HGS-TV,173802.0,329130.1790332794
2513,HGS-TV,173802.0,329190.35190081596
2514,ails2_etaMax1.000_stoppingTime432000.00,173892.0,329272.6812644043
2515,HGS-TV,173802.0,329395.44349980354
2516,HGS-TV,173802.0,329513.7291121483
2517,HGS-TV,173802.0,329721.9826321602
2518,HGS-TV,173802.0,330061.3765223026
2519,HGS-TV,173802.0,330229.50616264343
2520,HGS-TV,173802.0,330289.5382089615
2521,HGS-TV,173802.0,330355.80888462067
2522,HGS-TV,173802.0,330415.9083766937
2523,ails2_etaMax1.000_stoppingTime432000.00,173890.0,330548.5052644043
2524,HGS-TV,173802.0,330562.88211512566
2525,ails2_etaMax1.000_stoppingTime432000.00,173889.0,330548.6852644043
2526,HGS-TV,173802.0,330649.25088477135
2527,ails2_etaMax1.000_stoppingTime432000.00,173888.0,330684.02326440427
2528,HGS-TV,173802.0,330709.32331466675
2529,ails2_etaMax1.000_stoppingTime432000.00,173885.0,330684.2682644043
2530,HGS-TV,173802.0,330769.39998698235
2531,HGS-TV,173802.0,330829.46256279945
2532,HGS-TV,173802.0,330889.54869389534
2533,HGS-TV,173802.0,331336.8029179573
2534,HGS-TV,173802.0,331480.60712337494
2535,HGS-TV,173802.0,331821.1432747841
2536,HGS-TV,173802.0,332134.6221168041
2537,HGS-TV,173802.0,332227.430631876
2538,HGS-TV,173802.0,332287.4627420902
2539,HGS-TV,173802.0,332501.8112735748
2540,HGS-TV,173802.0,332668.564786911
2541,HGS-TV,173802.0,332855.0918881893
2542,HGS-TV,173802.0,332923.8447589874
2543,HGS-TV,173802.0,333083.2718029022
2544,HGS-TV,173802.0,333143.3100039959
2545,HGS-TV,173802.0,333257.0360574722
2546,HGS-TV,173802.0,333382.3746190071
2547,HGS-TV,173802.0,333442.41469860077
2548,HGS-TV,173802.0,333568.3117184639
2549,HGS-TV,173802.0,333628.40378284454
2550,HGS-TV,173802.0,333688.42073750496
2551,HGS-TV,173802.0,333861.4414138794
2552,HGS-TV,173802.0,334097.1839194298
2553,HGS-TV,173802.0,334494.5460600853
2554,HGS-TV,173802.0,334554.69964265823
2555,HGS-TV,173802.0,334939.578969717
2556,HGS-TV,173802.0,335012.3757894039
2557,HGS-TV,173802.0,335175.222158432
2558,HGS-TV,173802.0,335337.71886110306
2559,ails2_etaMax1.000_stoppingTime432000.00,173884.0,335401.9942644043
2560,HGS-TV,173802.0,335432.0637383461
2561,ails2_etaMax1.000_stoppingTime432000.00,173883.0,335402.2092644043
2562,HGS-TV,173802.0,335492.23831796646
2563,HGS-TV,173802.0,335552.36910510063
2564,ails2_etaMax1.000_stoppingTime432000.00,173882.0,335655.3422644043
2565,HGS-TV,173802.0,335847.88992619514
2566,HGS-TV,173802.0,336217.07267951965
2567,HGS-TV,173802.0,336489.8137419224
2568,HGS-TV,173802.0,336771.220959425
2569,HGS-TV,173802.0,336831.35602998734
2570,HGS-TV,173802.0,336894.5037641525
2571,HGS-TV,173802.0,336954.6017625332
2572,HGS-TV,173802.0,337244.165166378
2573,HGS-TV,173802.0,337651.35189652443
2574,HGS-TV,173802.0,337798.0725250244
2575,ails2_etaMax1.000_stoppingTime432000.00,173881.0,338381.5772644043
2576,ails2_etaMax1.000_stoppingTime432000.00,173879.0,338381.6762644043
2577,HGS-TV,173802.0,339199.3316640854
2578,HGS-TV,173802.0,339986.54736351967
2579,HGS-TV,173802.0,340425.08259510994
2580,HGS-TV,173802.0,341443.46468901634
2581,HGS-TV,173802.0,342879.0034608841
2582,HGS-TV,173802.0,343319.2504608631
2583,HGS-TV,173802.0,343448.8400399685
2584,HGS-TV,173802.0,343815.8116867542
2585,HGS-TV,173802.0,343875.9278867245
2586,HGS-TV,173802.0,344075.42747211456
2587,HGS-TV,173802.0,344431.16006326675
2588,HGS-TV,173802.0,344517.17758369446
2589,HGS-TV,173802.0,344716.3608548641
2590,HGS-TV,173802.0,344776.51702928543
2591,HGS-TV,173802.0,345143.04127788544
2592,HGS-TV,173802.0,345415.8497297764
2593,HGS-TV,173802.0,345565.1559288502
2594,HGS-TV,173802.0,345625.32197642326
2595,HGS-TV,173802.0,345768.5135178566
2596,HGS-TV,173802.0,345828.55586743355
2597,HGS-TV,173802.0,345912.68156552315
2598,HGS-TV,173802.0,345989.88551330566
2599,HGS-TV,173802.0,346050.2046737671
2600,HGS-TV,173802.0,346504.0687687397
2601,HGS-TV,173802.0,346624.8994948864
2602,HGS-TV,173802.0,346774.14448451996
2603,HGS-TV,173802.0,346834.19778084755
2604,HGS-TV,173802.0,346894.2444458008
2605,HGS-TV,173802.0,346954.333357811
2606,HGS-TV,173802.0,347270.31754755974
2607,HGS-TV,173802.0,347421.8800985813
2608,HGS-TV,173802.0,347481.9596712589
2609,HGS-TV,173802.0,347847.25115704536
2610,HGS-TV,173802.0,348004.20434975624
2611,HGS-TV,173802.0,348404.9046573639
2612,HGS-TV,173802.0,348464.93992996216
2613,ails2_etaMax1.000_stoppingTime1728000.00,175213.0,349105.5542644043
2614,ails2_etaMax1.000_stoppingTime1728000.00,175199.0,349105.5852644043
2615,ails2_etaMax1.000_stoppingTime1728000.00,175196.0,350670.0522644043
2616,ails2_etaMax1.000_stoppingTime1728000.00,175190.0,350670.0902644043
2617,HGS-TV,173802.0,352605.773170948
2618,HGS-TV,173802.0,352665.7818787098
2619,HGS-TV,173802.0,352725.81493353844
2620,HGS-TV,173802.0,352785.9702703953
2621,HGS-TV,173802.0,352846.12975502014
2622,HGS-TV,173802.0,352906.29208636284
2623,HGS-TV,173802.0,353011.5199136734
2624,HGS-TV,173802.0,353071.88401174545
2625,HGS-TV,173802.0,353216.3265888691
2626,HGS-TV,173802.0,353276.463180542
2627,HGS-TV,173802.0,353341.7855255604
2628,ails2_etaMax1.000_stoppingTime1728000.00,175189.0,353584.4272644043
2629,HGS-TV,173802.0,353626.2524256706
2630,ails2_etaMax1.000_stoppingTime1728000.00,175119.0,353584.6732644043
2631,HGS-TV,173802.0,353788.9927062988
2632,HGS-TV,173802.0,354019.9888985157
2633,HGS-TV,173802.0,354316.23802375793
2634,HGS-TV,173802.0,354622.43714642525
2635,HGS-TV,173802.0,354682.5935969353
2636,ails2_etaMax1.000_stoppingTime432000.00,173878.0,354948.6272644043
2637,HGS-TV,173802.0,355063.3490011692
2638,HGS-TV,173802.0,355259.0571208
2639,HGS-TV,173802.0,355452.58606886864
2640,HGS-TV,173802.0,355763.1651034355
2641,HGS-TV,173802.0,355857.8700618744
2642,ails2_etaMax1.000_stoppingTime864000.00,174430.0,355911.0882644043
2643,HGS-TV,173802.0,355961.1081864834
2644,ails2_etaMax1.000_stoppingTime864000.00,174426.0,355911.4572644043
2645,HGS-TV,173802.0,356269.01996421814
2646,HGS-TV,173802.0,356479.9350013733
2647,HGS-TV,173802.0,356687.9314625263
2648,HGS-TV,173802.0,356777.2057361603
2649,HGS-TV,173802.0,357003.30471634865
2650,HGS-TV,173802.0,357119.8275885582
2651,HGS-TV,173802.0,357179.9606189728
2652,HGS-TV,173802.0,357437.8129069805
2653,HGS-TV,173802.0,357508.75547766685
2654,HGS-TV,173802.0,357855.74112415314
2655,HGS-TV,173802.0,358210.3429839611
2656,HGS-TV,173802.0,358338.8667845726
2657,HGS-TV,173802.0,358399.1886203289
2658,HGS-TV,173802.0,358705.9596362114
2659,HGS-TV,173802.0,358918.31148052216
2660,HGS-TV,173802.0,358978.43638944626
2661,ails2_etaMax1.000_stoppingTime432000.00,173877.0,359668.7412644043
2662,ails2_etaMax1.000_stoppingTime432000.00,173876.0,359916.2602644043
2663,ails2_etaMax1.000_stoppingTime432000.00,173872.0,359964.89826440427
2664,HGS-TV,173802.0,360570.2593700886
2665,HGS-TV,173802.0,361136.24947834015
2666,HGS-TV,173802.0,361196.28785967827
2667,HGS-TV,173802.0,361625.8246779442
2668,HGS-TV,173802.0,361860.92316555977
2669,HGS-TV,173802.0,362550.6440947056
2670,HGS-TV,173802.0,362703.81813693047
2671,HGS-TV,173802.0,362764.0360338688
2672,HGS-TV,173802.0,362824.16431355476
2673,HGS-TV,173802.0,363053.1047255993
2674,HGS-TV,173802.0,363293.976893425
2675,HGS-TV,173802.0,363590.9135479927
2676,HGS-TV,173802.0,363651.1818366051
2677,HGS-TV,173802.0,363827.8289577961
2678,HGS-TV,173802.0,363911.96184563637
2679,HGS-TV,173802.0,364036.5909459591
2680,HGS-TV,173802.0,364096.6430532932
2681,HGS-TV,173802.0,364228.7279303074
2682,HGS-TV,173802.0,364289.11253380775
2683,HGS-TV,173802.0,364349.172103405
2684,HGS-TV,173802.0,364409.17713427544
2685,HGS-TV,173802.0,364469.19749450684
2686,HGS-TV,173802.0,364529.23828125
2687,HGS-TV,173802.0,364611.6635351181
2688,HGS-TV,173802.0,364752.6553351879
2689,HGS-TV,173802.0,364857.1170241833
2690,HGS-TV,173802.0,365224.18629693985
2691,HGS-TV,173802.0,365291.09727048874
2692,HGS-TV,173802.0,365351.1663713455
2693,HGS-TV,173802.0,365540.1447880268
2694,HGS-TV,173802.0,365600.29925704
2695,HGS-TV,173802.0,365681.3245816231
2696,HGS-TV,173802.0,365784.4266746044
2697,HGS-TV,173802.0,365853.0495092869
2698,HGS-TV,173802.0,365913.28018569946
2699,HGS-TV,173802.0,366039.61571908
2700,ails2_etaMax1.000_stoppingTime864000.00,174405.0,366085.44726440427
2701,HGS-TV,173802.0,366099.85455441475
2702,ails2_etaMax1.000_stoppingTime864000.00,174384.0,366085.7882644043
2703,HGS-TV,173802.0,366161.0291566849
2704,HGS-TV,173802.0,366362.24586749077
2705,HGS-TV,173802.0,366426.8419356346
2706,HGS-TV,173802.0,366486.8784034252
2707,HGS-TV,173802.0,366546.9106116295
2708,HGS-TV,173802.0,366615.43300652504
2709,HGS-TV,173802.0,366780.006377697
2710,HGS-TV,173802.0,366840.0135729313
2711,HGS-TV,173802.0,367201.7696092129
2712,HGS-TV,173802.0,367261.9230642319
2713,HGS-TV,173802.0,367322.0540289879
2714,HGS-TV,173802.0,367465.2838394642
2715,HGS-TV,173802.0,367569.5265505314
2716,HGS-TV,173802.0,367629.67769289017
2717,HGS-TV,173802.0,367714.23839974403
2718,HGS-TV,173802.0,367774.48125195503
2719,HGS-TV,173802.0,367916.7937037945
2720,HGS-TV,173802.0,368050.1204702854
2721,HGS-TV,173802.0,368284.29723215103
2722,HGS-TV,173802.0,368522.6375775337
2723,HGS-TV,173802.0,368582.7609424591
2724,HGS-TV,173802.0,368859.3409395218
2725,HGS-TV,173802.0,368919.4832229614
2726,HGS-TV,173802.0,368979.73825097084
2727,HGS-TV,173802.0,369169.88779878616
2728,HGS-TV,173802.0,369241.53330874443
2729,HGS-TV,173802.0,369301.74173784256
2730,HGS-TV,173802.0,369425.4017858505
2731,ails2_etaMax1.000_stoppingTime864000.00,174380.0,369480.0502644043
2732,HGS-TV,173802.0,369498.2794237137
2733,HGS-TV,173802.0,369587.7653851509
2734,HGS-TV,173802.0,369647.8693497181
2735,HGS-TV,173802.0,369707.96106004715
2736,HGS-TV,173802.0,369932.435703516
2737,HGS-TV,173802.0,369992.4869027138
2738,HGS-TV,173802.0,370151.53100180626
2739,HGS-TV,173802.0,370571.99664115906
2740,HGS-TV,173802.0,370696.5135791302
2741,ails2_etaMax1.000_stoppingTime864000.00,174374.0,370748.0652644043
2742,HGS-TV,173802.0,370756.65038895607
2743,ails2_etaMax1.000_stoppingTime864000.00,174367.0,370754.2922644043
2744,HGS-TV,173802.0,370816.67823147774
2745,HGS-TV,173802.0,370876.8731005192
2746,HGS-TV,173802.0,371072.203558445
2747,HGS-TV,173802.0,371249.48607444763
2748,HGS-TV,173802.0,371339.32007718086
2749,HGS-TV,173802.0,371399.48724102974
2750,HGS-TV,173802.0,371491.074996233
2751,HGS-TV,173802.0,371569.24414873123
2752,ails2_etaMax1.000_stoppingTime864000.00,174361.0,371674.3622644043
2753,HGS-TV,173802.0,371714.4956917763
2754,ails2_etaMax1.000_stoppingTime864000.00,174304.0,371697.3682644043
2755,HGS-TV,173802.0,371904.7415959835
2756,HGS-TV,173802.0,372345.43065977097
2757,HGS-TV,173802.0,372511.82264757156
2758,HGS-TV,173802.0,372709.3225579262
2759,HGS-TV,173802.0,373118.490231514
2760,HGS-TV,173802.0,373245.2913432121
2761,HGS-TV,173802.0,373353.3526701927
2762,HGS-TV,173802.0,373453.4470925331
2763,HGS-TV,173802.0,373513.61635684967
2764,HGS-TV,173802.0,373573.69253253937
2765,HGS-TV,173802.0,373684.1491634846
2766,HGS-TV,173802.0,373744.2141985893
2767,HGS-TV,173802.0,373831.7878525257
2768,HGS-TV,173802.0,374013.3352200985
2769,HGS-TV,173802.0,374073.3945541382
2770,HGS-TV,173802.0,374229.82063031197
2771,HGS-TV,173802.0,374346.5345659256
2772,HGS-TV,173802.0,374406.70374178886
2773,HGS-TV,173802.0,374466.70963168144
2774,HGS-TV,173802.0,374526.8313510418
2775,HGS-TV,173802.0,374799.2686700821
2776,HGS-TV,173802.0,374898.77785873413
2777,HGS-TV,173802.0,375010.3194000721
2778,HGS-TV,173802.0,375101.66005444527
2779,HGS-TV,173802.0,375199.73637890816
2780,HGS-TV,173802.0,375259.8761832714
2781,HGS-TV,173802.0,375559.1610121727
2782,HGS-TV,173802.0,375653.45657992363
2783,HGS-TV,173802.0,375713.70254707336
2784,HGS-TV,173802.0,375801.9812717438
2785,HGS-TV,173802.0,376068.9610002041
2786,HGS-TV,173802.0,376136.3495235443
2787,HGS-TV,173802.0,376302.499992609
2788,HGS-TV,173802.0,376516.1889951229
2789,HGS-TV,173802.0,376576.22880482674
2790,HGS-TV,173802.0,376673.88975024223
2791,HGS-TV,173802.0,376733.9238579273
2792,HGS-TV,173802.0,376854.5908713341
2793,HGS-TV,173802.0,376982.87366604805
2794,HGS-TV,173802.0,377088.19694662094
2795,HGS-TV,173802.0,377193.83488583565
2796,HGS-TV,173802.0,377280.5783340931
2797,HGS-TV,173802.0,377383.62070703506
2798,HGS-TV,173802.0,377443.8235747814
2799,HGS-TV,173802.0,377703.2311310768
2800,HGS-TV,173802.0,377763.28186917305
2801,HGS-TV,173802.0,377823.3279531002
2802,HGS-TV,173802.0,377883.5194647312
2803,HGS-TV,173802.0,378060.4371011257
2804,HGS-TV,173802.0,378227.44656443596
2805,HGS-TV,173802.0,378287.52150940895
2806,HGS-TV,173802.0,378347.7133316994
2807,HGS-TV,173802.0,378407.8834543228
2808,HGS-TV,173802.0,378485.8092417717
2809,HGS-TV,173802.0,378715.6018407345
2810,HGS-TV,173802.0,378805.97011709213
2811,HGS-TV,173802.0,378919.65838027
2812,HGS-TV,173802.0,379025.8799033165
2813,HGS-TV,173802.0,379172.20779037476
2814,HGS-TV,173802.0,379267.2955505848
2815,HGS-TV,173802.0,379505.89664554596
2816,HGS-TV,173802.0,379639.70686626434
2817,HGS-TV,173802.0,379994.93170785904
2818,HGS-TV,173802.0,380127.20923018456
2819,HGS-TV,173802.0,380441.33397603035
2820,HGS-TV,173802.0,380501.46536660194
2821,HGS-TV,173802.0,380653.40261363983
2822,HGS-TV,173802.0,380713.4725809097
2823,HGS-TV,173802.0,380773.57679986954
2824,HGS-TV,173802.0,380833.6817436218
2825,HGS-TV,173802.0,380893.86683154106
2826,HGS-TV,173802.0,380953.91402339935
2827,HGS-TV,173802.0,381013.95465421677
2828,HGS-TV,173802.0,381074.11732029915
2829,HGS-TV,173802.0,381185.39884996414
2830,HGS-TV,173802.0,381268.22820568085
2831,HGS-TV,173802.0,381352.85078406334
2832,HGS-TV,173802.0,381587.30661940575
2833,HGS-TV,173802.0,381667.10870599747
2834,HGS-TV,173802.0,381855.13362812996
2835,HGS-TV,173802.0,381915.14025115967
2836,HGS-TV,173802.0,381975.2513000965
2837,HGS-TV,173802.0,382064.13281178474
2838,HGS-TV,173802.0,382124.2000670433
2839,HGS-TV,173802.0,382184.3236272335
2840,HGS-TV,173802.0,382244.35466217995
2841,HGS-TV,173802.0,382304.50398111343
2842,HGS-TV,173802.0,382364.57579922676
2843,HGS-TV,173802.0,382584.9107301235
2844,HGS-TV,173802.0,382774.4107863903
2845,HGS-TV,173802.0,382834.5116803646
2846,HGS-TV,173802.0,382900.32590842247
2847,HGS-TV,173802.0,382960.4333498478
2848,HGS-TV,173802.0,383124.6955361366
2849,HGS-TV,173802.0,383195.37342858315
2850,HGS-TV,173802.0,383583.5341384411
2851,HGS-TV,173802.0,383669.555314064
2852,HGS-TV,173802.0,383729.72626399994
2853,HGS-TV,173802.0,383919.75259780884
2854,HGS-TV,173802.0,383980.9628109932
2855,HGS-TV,173802.0,384093.8496274948
2856,HGS-TV,173802.0,384318.48926591873
2857,HGS-TV,173802.0,384378.58749103546
2858,HGS-TV,173802.0,384483.8966021538
2859,HGS-TV,173802.0,384619.73404836655
2860,HGS-TV,173802.0,384679.7955541611
2861,HGS-TV,173802.0,384739.9875230789
2862,HGS-TV,173802.0,384800.171544075
2863,HGS-TV,173802.0,384860.4570057392
2864,HGS-TV,173802.0,384920.69799280167
2865,HGS-TV,173802.0,384985.3561966419
2866,HGS-TV,173802.0,385045.3639743328
2867,HGS-TV,173802.0,385243.3460690975
2868,HGS-TV,173802.0,385366.08897161484
2869,HGS-TV,173802.0,385426.2259094715
2870,HGS-TV,173802.0,385486.4468462467
2871,HGS-TV,173802.0,385546.56394815445
2872,HGS-TV,173802.0,385606.6742095947
2873,HGS-TV,173802.0,385667.5607354641
2874,HGS-TV,173802.0,385727.59156894684
2875,HGS-TV,173802.0,385787.8607327938
2876,HGS-TV,173802.0,385848.0187764168
2877,HGS-TV,173802.0,386014.6636416912
2878,HGS-TV,173802.0,386085.93975687027
2879,HGS-TV,173802.0,386146.07464528084
2880,HGS-TV,173802.0,386222.0622074604
2881,HGS-TV,173802.0,386282.0963509083
2882,ails2_etaMax1.000_stoppingTime1728000.00,175111.0,386328.5752644043
2883,HGS-TV,173802.0,386342.5414083004
2884,ails2_etaMax1.000_stoppingTime1728000.00,175087.0,386344.1802644043
2885,HGS-TV,173802.0,386447.0551428795
2886,HGS-TV,173802.0,386507.175347805
2887,HGS-TV,173802.0,386567.2698690891
2888,HGS-TV,173802.0,386650.7787787914
2889,HGS-TV,173802.0,386912.17160344124
2890,HGS-TV,173802.0,386972.292996645
2891,HGS-TV,173802.0,387032.3828725815
2892,HGS-TV,173802.0,387092.4637813568
2893,HGS-TV,173802.0,387155.5629308224
2894,HGS-TV,173802.0,387241.368909359
2895,HGS-TV,173802.0,387490.75545597076
2896,HGS-TV,173802.0,387612.3134520054
2897,HGS-TV,173802.0,387689.2423963547
2898,HGS-TV,173802.0,387773.96602344513
2899,HGS-TV,173802.0,387833.99240255356
2900,HGS-TV,173802.0,387893.9956560135
2901,HGS-TV,173802.0,387968.46205306053
2902,HGS-TV,173802.0,388028.59925079346
2903,HGS-TV,173802.0,388094.40713977814
2904,ails2_etaMax0.010_stoppingTime432000.00,174161.0,388143.2482644043
2905,ails2_etaMax1.000_stoppingTime864000.00,174303.0,388163.2362644043
2906,ails2_etaMax0.010_stoppingTime432000.00,174160.0,388159.6182644043
2907,ails2_etaMax1.000_stoppingTime864000.00,174291.0,388164.3502644043
2908,HGS-TV,173802.0,388275.43391156197
2909,HGS-TV,173802.0,388355.5897517204
2910,HGS-TV,173802.0,388415.646399498
2911,HGS-TV,173802.0,388475.69332909584
2912,ails2_etaMax0.010_stoppingTime432000.00,174159.0,388560.0252644043
2913,HGS-TV,173802.0,388827.25811719894
2914,HGS-TV,173802.0,388887.4859368801
2915,HGS-TV,173802.0,389159.9083852768
2916,HGS-TV,173802.0,389266.4372212887
2917,HGS-TV,173802.0,389326.66201639175
2918,HGS-TV,173802.0,389386.70661473274
2919,HGS-TV,173802.0,389903.4432797432
2920,HGS-TV,173802.0,389991.9255757332
2921,HGS-TV,173802.0,390375.22890114784
2922,HGS-TV,173802.0,390877.20072460175
2923,HGS-TV,173802.0,391074.0971748829
2924,ails2_etaMax1.000_stoppingTime864000.00,174288.0,391075.9672644043
2925,HGS-TV,173802.0,391134.2409992218
2926,ails2_etaMax1.000_stoppingTime864000.00,174281.0,391076.2152644043
2927,HGS-TV,173802.0,391432.89545345306
2928,HGS-TV,173802.0,392468.97565436363
2929,HGS-TV,173802.0,392571.03498220444
2930,HGS-TV,173802.0,392631.10340833664
2931,HGS-TV,173802.0,393121.41778349876
2932,HGS-TV,173802.0,393222.15169906616
2933,HGS-TV,173802.0,393378.02041602135
2934,ails2_etaMax1.000_stoppingTime864000.00,174280.0,394152.6552644043
2935,ails2_etaMax1.000_stoppingTime864000.00,174240.0,394162.0132644043
2936,HGS-TV,173802.0,394516.5296664238
2937,HGS-TV,173802.0,394578.8687822819
2938,HGS-TV,173802.0,394638.8710386753
2939,HGS-TV,173802.0,395891.96846342087
2940,HGS-TV,173802.0,396077.56120347977
2941,HGS-TV,173802.0,396868.40074014664
2942,HGS-TV,173802.0,396928.45016407967
2943,HGS-TV,173802.0,397239.76144838333
2944,HGS-TV,173802.0,397527.1850492954
2945,HGS-TV,173802.0,397587.42916607857
2946,HGS-TV,173802.0,397647.52568531036
2947,HGS-TV,173802.0,397707.70738554
2948,HGS-TV,173802.0,398025.29503798485
2949,HGS-TV,173802.0,398349.85627007484
2950,HGS-TV,173802.0,398410.02579784393
2951,HGS-TV,173802.0,398901.88160157204
2952,HGS-TV,173802.0,399060.749966383
2953,HGS-TV,173802.0,399121.0051064491
2954,HGS-TV,173802.0,399531.1306834221
2955,HGS-TV,173802.0,399591.21410775185
2956,HGS-TV,173802.0,399895.25827908516
2957,ails2_etaMax1.000_stoppingTime864000.00,174230.0,399914.8512644043
2958,ails2_etaMax1.000_stoppingTime864000.00,174193.0,399936.8672644043
2959,HGS-TV,173802.0,400187.3365318775
2960,HGS-TV,173802.0,400290.76975131035
2961,HGS-TV,173802.0,400361.536427021
2962,HGS-TV,173802.0,400660.63149499893
2963,HGS-TV,173802.0,401123.5798511505
2964,ails2_etaMax1.000_stoppingTime864000.00,174192.0,401281.2702644043
2965,ails2_etaMax1.000_stoppingTime864000.00,174191.0,401281.2952644043
2966,ails2_etaMax1.000_stoppingTime864000.00,174187.0,402165.3032644043
2967,ails2_etaMax1.000_stoppingTime864000.00,174186.0,402600.7472644043
2968,ails2_etaMax1.000_stoppingTime864000.00,174108.0,402602.7052644043
2969,HGS-TV,173802.0,403636.16211152077
2970,HGS-TV,173802.0,403710.76183247566
2971,HGS-TV,173802.0,404051.1922311783
2972,HGS-TV,173802.0,404497.48584747314
2973,ails2_etaMax1.000_stoppingTime1728000.00,175086.0,404980.6722644043
2974,ails2_etaMax1.000_stoppingTime1728000.00,174973.0,404997.9002644043
2975,HGS-TV,173802.0,405456.50486397743
2976,HGS-TV,173802.0,405516.5537056923
2977,HGS-TV,173802.0,405660.3245046139
2978,HGS-TV,173802.0,406536.6145455837
2979,HGS-TV,173802.0,408760.6167817116
2980,HGS-TV,173802.0,408870.6018521786
2981,HGS-TV,173802.0,408947.6076068878
2982,HGS-TV,173802.0,409126.8478796482
2983,HGS-TV,173802.0,409258.0256829262
2984,HGS-TV,173802.0,409318.1975402832
2985,HGS-TV,173802.0,409494.8501551151
2986,HGS-TV,173802.0,409554.90000844
2987,HGS-TV,173802.0,409615.00282526016
2988,HGS-TV,173802.0,409694.93479418755
2989,HGS-TV,173802.0,411127.2652628422
2990,HGS-TV,173802.0,411846.0755302906
2991,HGS-TV,173802.0,412435.7460899353
2992,HGS-TV,173802.0,412660.0980901718
2993,HGS-TV,173802.0,412797.0975801945
2994,HGS-TV,173802.0,412859.4386804104
2995,HGS-TV,173802.0,413644.4555823803
2996,HGS-TV,173802.0,414096.5562558174
2997,HGS-TV,173802.0,414719.37113785744
2998,HGS-TV,173802.0,414779.6239669323
2999,HGS-TV,173802.0,416027.574706316
3000,HGS-TV,173802.0,416289.0664741993
3001,HGS-TV,173802.0,416454.4957604408
3002,HGS-TV,173802.0,416647.0318892002
3003,HGS-TV,173802.0,416884.09766960144
3004,HGS-TV,173802.0,416944.2788968086
3005,HGS-TV,173802.0,417037.23679304123
3006,HGS-TV,173802.0,417097.3036222458
3007,HGS-TV,173802.0,417157.305341959
3008,HGS-TV,173802.0,417555.1489264965
3009,HGS-TV,173802.0,417615.2604882717
3010,HGS-TV,173802.0,418575.91856241226
3011,HGS-TV,173802.0,418818.79585886
3012,HGS-TV,173802.0,419854.196187973
3013,HGS-TV,173802.0,421138.0858311653
3014,HGS-TV,173802.0,424294.2668836117
3015,ails2_etaMax1.000_stoppingTime1728000.00,174971.0,424710.8022644043
3016,HGS-TV,173802.0,424711.81569337845
3017,ails2_etaMax1.000_stoppingTime1728000.00,174937.0,424712.4462644043
3018,HGS-TV,173802.0,425257.675904274
3019,ails2_etaMax1.000_stoppingTime864000.00,174105.0,425657.1752644043
3020,HGS-TV,173802.0,425719.23931360245
3021,HGS-TV,173802.0,425779.2713961601
3022,HGS-TV,173802.0,427292.56096482277
3023,ails2_etaMax1.000_stoppingTime864000.00,174104.0,428177.4992644043
3024,ails2_etaMax1.000_stoppingTime864000.00,174099.0,428177.7222644043
3025,HGS-TV,173802.0,428417.0945661068
3026,HGS-TV,173802.0,428477.1287922859
3027,HGS-TV,173802.0,428557.4731030464
3028,HGS-TV,173802.0,428617.59197330475
3029,HGS-TV,173802.0,429391.7765595913
3030,HGS-TV,173802.0,429533.2135119438
3031,HGS-TV,173802.0,430484.57485079765
3032,HGS-TV,173802.0,430644.90229821205
3033,HGS-TV,173802.0,431165.92627620697
3034,HGS-TV,173802.0,431351.80400156975
3035,HGS-TV,173802.0,431460.01416516304
3036,HGS-TV,173802.0,431520.19178700447
3037,HGS-TV,173802.0,431764.23167562485
3038,HGS-TV,173802.0,431977.71046853065
3039,HGS-TV,173802.0,432151.15137171745
3040,HGS-TV,173802.0,432211.2909338474
3041,HGS-TV,173802.0,432271.34358763695
3042,HGS-TV,173802.0,432437.0008673668
3043,HGS-TV,173802.0,432884.53263282776
3044,HGS-TV,173802.0,433394.38726878166
3045,HGS-TV,173802.0,436985.11089229584
3046,HGS-TV,173802.0,437045.37470650673
3047,HGS-TV,173802.0,437105.79718995094
3048,ails2_etaMax1.000_stoppingTime1728000.00,174918.0,437106.9152644043
3049,HGS-TV,173802.0,437166.0581305027
3050,ails2_etaMax1.000_stoppingTime1728000.00,174895.0,437107.5832644043
3051,HGS-TV,173802.0,437226.17543911934
3052,HGS-TV,173802.0,437286.42626976967
3053,HGS-TV,173802.0,437346.52587366104
3054,HGS-TV,173802.0,437649.7559514046
3055,HGS-TV,173802.0,437709.7560865879
3056,HGS-TV,173802.0,437958.1581714153
3057,HGS-TV,173802.0,438018.29141139984
3058,HGS-TV,173802.0,438078.42550969124
3059,HGS-TV,173802.0,438242.58512830734
3060,HGS-TV,173802.0,438390.4547741413
3061,HGS-TV,173802.0,438533.94567871094
3062,HGS-TV,173802.0,438604.0696873665
3063,HGS-TV,173802.0,438787.0489933491
3064,HGS-TV,173802.0,438847.1563947201
3065,HGS-TV,173802.0,439093.9679455757
3066,HGS-TV,173802.0,439153.9795527458
3067,HGS-TV,173802.0,439248.847233057
3068,HGS-TV,173802.0,439327.276004076
3069,HGS-TV,173802.0,439387.374809742
3070,HGS-TV,173802.0,439451.90143465996
3071,HGS-TV,173802.0,439528.17420601845
3072,HGS-TV,173802.0,439588.25851368904
3073,HGS-TV,173802.0,439888.1873476505
3074,HGS-TV,173802.0,439948.52406454086
3075,HGS-TV,173802.0,440885.3444547653
3076,HGS-TV,173802.0,441511.87225294113
3077,HGS-TV,173802.0,441618.4830405712
3078,HGS-TV,173802.0,442111.60219693184
3079,HGS-TV,173802.0,443223.4806365967
3080,HGS-TV,173802.0,443540.61157655716
3081,HGS-TV,173802.0,443600.81520295143
3082,HGS-TV,173802.0,443661.00475239754
3083,HGS-TV,173802.0,443990.2938966751
3084,HGS-TV,173802.0,444483.5043962002
3085,HGS-TV,173802.0,444620.16216015816
3086,HGS-TV,173802.0,444776.40255761147
3087,HGS-TV,173802.0,445303.8808479309
3088,HGS-TV,173802.0,445411.41991734505
3089,HGS-TV,173802.0,445565.08386588097
3090,HGS-TV,173802.0,445625.2434184551
3091,HGS-TV,173802.0,445762.5196259022
3092,HGS-TV,173802.0,446037.8781347275
3093,HGS-TV,173802.0,446605.17108631134
3094,HGS-TV,173802.0,446713.78638625145
3095,HGS-TV,173802.0,446997.703540802
3096,HGS-TV,173802.0,447359.8041574955
3097,ails2_etaMax1.000_stoppingTime864000.00,174096.0,447673.2392644043
3098,HGS-TV,173802.0,448885.6538403034
3099,HGS-TV,173802.0,449755.151460886
3100,HGS-TV,173802.0,450203.75362944603
3101,HGS-TV,173802.0,450847.46705532074
3102,HGS-TV,173802.0,451626.90382790565
3103,HGS-TV,173802.0,452735.54745316505
3104,HGS-TV,173802.0,452795.8131623268
3105,HGS-TV,173802.0,453041.0903172493
3106,HGS-TV,173802.0,453269.1257314682
3107,HGS-TV,173802.0,453338.1155138016
3108,HGS-TV,173802.0,453398.131521225
3109,HGS-TV,173802.0,453458.24837994576
3110,ails2_etaMax1.000_stoppingTime864000.00,174086.0,453594.3402644043
3111,ails2_etaMax1.000_stoppingTime864000.00,174083.0,453594.9632644043
3112,HGS-TV,173802.0,453659.10593795776
3113,HGS-TV,173802.0,453721.10458111763
3114,HGS-TV,173802.0,453800.0464940071
3115,HGS-TV,173802.0,453909.66799616814
3116,HGS-TV,173802.0,453969.96509718895
3117,HGS-TV,173802.0,454094.0022034645
3118,HGS-TV,173802.0,454369.2492527962
3119,HGS-TV,173802.0,454429.4819686413
3120,HGS-TV,173802.0,454489.6331899166
3121,HGS-TV,173802.0,454549.83000063896
3122,HGS-TV,173802.0,454637.7812626362
3123,HGS-TV,173802.0,454707.8563659191
3124,HGS-TV,173802.0,454785.512802124
3125,HGS-TV,173802.0,454845.5583062172
3126,HGS-TV,173802.0,454928.037375927
3127,HGS-TV,173802.0,455016.5055229664
3128,HGS-TV,173802.0,455111.8195462227
3129,HGS-TV,173802.0,455384.90394330025
3130,HGS-TV,173802.0,455459.629622221
3131,HGS-TV,173802.0,455519.9187800884
3132,HGS-TV,173802.0,455708.86950707436
3133,HGS-TV,173802.0,455769.0317521095
3134,HGS-TV,173802.0,456164.09828710556
3135,HGS-TV,173802.0,456228.04226994514
3136,HGS-TV,173802.0,456288.1576740742
3137,HGS-TV,173802.0,456348.34581041336
3138,HGS-TV,173802.0,456433.2752492428
3139,HGS-TV,173802.0,456493.28708457947
3140,HGS-TV,173802.0,456588.4873394966
3141,HGS-TV,173802.0,456648.57102394104
3142,HGS-TV,173802.0,456708.6365315914
3143,HGS-TV,173802.0,456768.64217710495
3144,HGS-TV,173802.0,456902.2246901989
3145,HGS-TV,173802.0,456962.30702137947
3146,HGS-TV,173802.0,457022.44357919693
3147,HGS-TV,173802.0,457100.3274552822
3148,HGS-TV,173802.0,457160.4138350487
3149,HGS-TV,173802.0,457231.16709184647
3150,HGS-TV,173802.0,457426.5745854378
3151,HGS-TV,173802.0,457486.6450433731
3152,HGS-TV,173802.0,457546.7529127598
3153,HGS-TV,173802.0,457632.0977962017
3154,HGS-TV,173802.0,457692.36212706566
3155,HGS-TV,173802.0,457784.4438598156
3156,HGS-TV,173802.0,457844.71587109566
3157,HGS-TV,173802.0,457904.72269535065
3158,HGS-TV,173802.0,457964.9651415348
3159,HGS-TV,173802.0,458025.13200974464
3160,HGS-TV,173802.0,458085.13856363297
3161,HGS-TV,173802.0,458145.4011244774
3162,HGS-TV,173802.0,458205.41545701027
3163,HGS-TV,173802.0,458289.2380256653
3164,HGS-TV,173802.0,458349.32119846344
3165,HGS-TV,173802.0,458633.30341887474
3166,HGS-TV,173802.0,459053.74178147316
3167,HGS-TV,173802.0,459113.80521702766
3168,HGS-TV,173802.0,459173.87662029266
3169,HGS-TV,173802.0,459420.5981016159
3170,HGS-TV,173802.0,459480.62548041344
3171,HGS-TV,173802.0,459612.9535558224
3172,HGS-TV,173802.0,459917.3684539795
3173,HGS-TV,173802.0,459977.4851279259
3174,HGS-TV,173802.0,460037.5652012825
3175,HGS-TV,173802.0,460296.49446058273
3176,HGS-TV,173802.0,460399.5261230469
3177,HGS-TV,173802.0,460841.3384177685
3178,HGS-TV,173802.0,460901.5340912342
3179,HGS-TV,173802.0,461022.3090496063
3180,HGS-TV,173802.0,461411.6721701622
3181,HGS-TV,173802.0,461609.8530547619
3182,HGS-TV,173802.0,461669.9151480198
3183,HGS-TV,173802.0,461811.07264471054
3184,HGS-TV,173802.0,461871.25669932365
3185,HGS-TV,173802.0,461931.3964793682
3186,HGS-TV,173802.0,462260.4910001755
3187,HGS-TV,173802.0,462352.44324064255
3188,HGS-TV,173802.0,462412.5602118969
3189,HGS-TV,173802.0,462472.62133669853
3190,ails2_etaMax1.000_stoppingTime1728000.00,174894.0,462504.7752644043
3191,ails2_etaMax1.000_stoppingTime1728000.00,174817.0,462508.2162644043
3192,HGS-TV,173802.0,462605.44555974007
3193,HGS-TV,173802.0,462765.8092317581
3194,HGS-TV,173802.0,462825.8784034252
3195,HGS-TV,173802.0,462957.0343401432
3196,HGS-TV,173802.0,463017.0927371979
3197,HGS-TV,173802.0,463077.108805418
3198,HGS-TV,173802.0,463137.3344693184
3199,HGS-TV,173802.0,463197.42999982834
3200,HGS-TV,173802.0,463257.52354979515
3201,HGS-TV,173802.0,463317.6121902466
3202,HGS-TV,173802.0,463386.4825389385
3203,HGS-TV,173802.0,463467.66422486305
3204,HGS-TV,173802.0,463527.6991057396
3205,HGS-TV,173802.0,463587.7199373245
3206,HGS-TV,173802.0,463647.7953813076
3207,HGS-TV,173802.0,463707.9376075268
3208,HGS-TV,173802.0,463767.9445242882
3209,HGS-TV,173802.0,463828.00170874596
3210,HGS-TV,173802.0,463891.52678751945
3211,HGS-TV,173802.0,463951.5449447632
3212,HGS-TV,173802.0,464011.75941824913
3213,HGS-TV,173802.0,464157.02094340324
3214,HGS-TV,173802.0,464217.05957484245
3215,HGS-TV,173802.0,464277.33753466606
3216,HGS-TV,173802.0,464378.3373260498
3217,HGS-TV,173802.0,464462.3716137409
3218,HGS-TV,173802.0,464609.2471086979
3219,HGS-TV,173802.0,464669.40606856346
3220,HGS-TV,173802.0,464729.45081591606
3221,HGS-TV,173802.0,464841.7242908478
3222,HGS-TV,173802.0,464901.82021188736
3223,HGS-TV,173802.0,464963.8280799389
3224,HGS-TV,173802.0,465023.90988850594
3225,HGS-TV,173802.0,465151.61424326897
3226,HGS-TV,173802.0,465233.8435060978
3227,HGS-TV,173802.0,465439.7715675831
3228,HGS-TV,173802.0,465525.26316952705
3229,HGS-TV,173802.0,465633.8780567646
3230,HGS-TV,173802.0,465693.97749328613
3231,HGS-TV,173802.0,465766.46016955376
3232,HGS-TV,173802.0,465988.4665811062
3233,HGS-TV,173802.0,466048.5027589798
3234,HGS-TV,173802.0,466108.61152100563
3235,HGS-TV,173802.0,466168.9313623905
3236,HGS-TV,173802.0,466228.95486688614
3237,HGS-TV,173802.0,466289.0246319771
3238,HGS-TV,173802.0,466349.0914745331
3239,HGS-TV,173802.0,466411.17414307594
3240,HGS-TV,173802.0,466487.5265247822
3241,HGS-TV,173802.0,466547.56435370445
3242,HGS-TV,173802.0,466649.0806860924
3243,HGS-TV,173802.0,466709.180100441
3244,HGS-TV,173802.0,466813.435410738
3245,HGS-TV,173802.0,466919.6622929573
3246,HGS-TV,173802.0,467045.8857009411
3247,HGS-TV,173802.0,467115.55235219
3248,HGS-TV,173802.0,467175.5838046074
3249,HGS-TV,173802.0,467276.3531999588
3250,HGS-TV,173802.0,467418.6273853779
3251,HGS-TV,173802.0,467478.68431568146
3252,HGS-TV,173802.0,467538.8011071682
3253,HGS-TV,173802.0,467599.1079361439
3254,HGS-TV,173802.0,467659.259575367
3255,HGS-TV,173802.0,467719.3614938259
3256,HGS-TV,173802.0,467803.0227549076
3257,HGS-TV,173802.0,467863.31571245193
3258,HGS-TV,173802.0,467947.5255262852
3259,HGS-TV,173802.0,468007.77038264275
3260,HGS-TV,173802.0,468121.3262217045
3261,HGS-TV,173802.0,468197.2893588543
3262,HGS-TV,173802.0,468257.4895823002
3263,HGS-TV,173802.0,468317.6501970291
3264,HGS-TV,173802.0,468377.67384409904
3265,HGS-TV,173802.0,468490.63246536255
3266,HGS-TV,173802.0,468651.3862681389
3267,HGS-TV,173802.0,468831.0445845127
3268,HGS-TV,173802.0,468891.06194138527
3269,HGS-TV,173802.0,469157.9304506779
3270,HGS-TV,173802.0,469218.00603985786
3271,ails2_etaMax1.000_stoppingTime864000.00,174082.0,469589.4012644043
3272,HGS-TV,173802.0,469796.62742090225
3273,HGS-TV,173802.0,469856.67048740387
3274,HGS-TV,173802.0,469916.6792547703
3275,HGS-TV,173802.0,470215.9833893776
3276,HGS-TV,173802.0,470600.1740324497
3277,HGS-TV,173802.0,470668.65435290337
3278,HGS-TV,173802.0,470728.83507728577
3279,HGS-TV,173802.0,470788.8607509136
3280,HGS-TV,173802.0,470857.31705379486
3281,HGS-TV,173802.0,471072.4332637787
3282,HGS-TV,173802.0,471149.9835677147
3283,HGS-TV,173802.0,471209.9974849224
3284,HGS-TV,173802.0,471320.0122051239
3285,HGS-TV,173802.0,471385.4048614502
3286,HGS-TV,173802.0,471540.58290815353
3287,HGS-TV,173802.0,471621.94912576675
3288,HGS-TV,173802.0,471681.9755074978
3289,HGS-TV,173802.0,471966.57759952545
3290,HGS-TV,173802.0,472077.247797966
3291,HGS-TV,173802.0,472504.08637714386
3292,HGS-TV,173802.0,472564.17123556137
3293,HGS-TV,173802.0,472624.2362165451
3294,HGS-TV,173802.0,472759.4617071152
3295,HGS-TV,173802.0,472819.5351526737
3296,HGS-TV,173802.0,472986.84308958054
3297,ails2_etaMax1.000_stoppingTime1728000.00,174816.0,473052.7022644043
3298,HGS-TV,173802.0,473181.4584136009
3299,HGS-TV,173802.0,473241.54247641563
3300,HGS-TV,173802.0,473363.77023625374
3301,HGS-TV,173802.0,473423.84625148773
3302,HGS-TV,173802.0,473897.133251667
3303,HGS-TV,173802.0,474404.51561164856
3304,ails2_etaMax1.000_stoppingTime864000.00,174079.0,475087.2742644043
3305,ails2_etaMax1.000_stoppingTime864000.00,174056.0,475089.6872644043
3306,HGS-TV,173802.0,475684.2918255329
3307,ails2_etaMax1.000_stoppingTime864000.00,174054.0,475733.5122644043
3308,HGS-TV,173802.0,475744.4418992996
3309,ails2_etaMax1.000_stoppingTime864000.00,174044.0,475735.3792644043
3310,HGS-TV,173802.0,475804.5287601948
3311,HGS-TV,173802.0,475991.51745939255
3312,ails2_etaMax1.000_stoppingTime864000.00,174043.0,476017.6982644043
3313,ails2_etaMax1.000_stoppingTime864000.00,174039.0,476017.7932644043
3314,HGS-TV,173802.0,476352.92765951157
3315,HGS-TV,173802.0,476413.14963936806
3316,HGS-TV,173802.0,476479.9274613857
3317,HGS-TV,173802.0,476552.5265955925
3318,HGS-TV,173802.0,476612.6775562763
3319,HGS-TV,173802.0,476774.09537291527
3320,HGS-TV,173802.0,476834.2360112667
3321,HGS-TV,173802.0,477199.19657588005
3322,HGS-TV,173802.0,477532.296939373
3323,HGS-TV,173802.0,477782.8326702118
3324,HGS-TV,173802.0,477851.84828162193
3325,HGS-TV,173802.0,477912.0767982006
3326,HGS-TV,173802.0,477972.11851644516
3327,HGS-TV,173802.0,478064.15208625793
3328,HGS-TV,173802.0,478137.3293662071
3329,HGS-TV,173802.0,478197.506346941
3330,HGS-TV,173802.0,478257.54905986786
3331,HGS-TV,173802.0,478486.2201063633
3332,HGS-TV,173802.0,479012.15200662613
3333,HGS-TV,173802.0,479235.703881979
3334,ails2_etaMax1.000_stoppingTime864000.00,174038.0,479374.3812644043
3335,ails2_etaMax1.000_stoppingTime864000.00,174033.0,479381.0792644043
3336,HGS-TV,173802.0,479477.6940629482
3337,HGS-TV,173802.0,479591.96396923065
3338,HGS-TV,173802.0,479749.6360254288
3339,HGS-TV,173802.0,480473.9990506172
3340,HGS-TV,173802.0,480901.7093472481
3341,HGS-TV,173802.0,481016.8475675583
3342,HGS-TV,173802.0,481334.0217182636
3343,HGS-TV,173802.0,481485.1214547157
3344,HGS-TV,173802.0,481545.20903229713
3345,HGS-TV,173802.0,481605.3998532295
3346,HGS-TV,173802.0,481774.03142499924
3347,HGS-TV,173802.0,481834.11135673523
3348,HGS-TV,173802.0,481894.14609599113
3349,HGS-TV,173802.0,482004.20239281654
3350,HGS-TV,173802.0,482132.40089058876
3351,ails2_etaMax1.000_stoppingTime1728000.00,174805.0,482297.1662644043
3352,ails2_etaMax1.000_stoppingTime1728000.00,174801.0,482298.0962644043
3353,HGS-TV,173802.0,482430.8268477917
3354,HGS-TV,173802.0,482499.95121598244
3355,HGS-TV,173802.0,482568.2769613266
3356,HGS-TV,173802.0,482628.3171312809
3357,HGS-TV,173802.0,482732.9667856693
3358,HGS-TV,173802.0,482793.1455755234
3359,HGS-TV,173802.0,482853.2137246132
3360,ails2_etaMax1.000_stoppingTime864000.00,174032.0,483120.7562644043
3361,HGS-TV,173802.0,483173.4680440426
3362,ails2_etaMax1.000_stoppingTime864000.00,174030.0,483121.0692644043
3363,HGS-TV,173802.0,483233.4925546646
3364,HGS-TV,173802.0,483350.70734739304
3365,HGS-TV,173802.0,483475.6905591488
3366,HGS-TV,173802.0,483564.6777575016
3367,ails2_etaMax1.000_stoppingTime864000.00,174028.0,483829.3482644043
3368,HGS-TV,173802.0,483879.1882815361
3369,ails2_etaMax1.000_stoppingTime864000.00,174022.0,483829.8482644043
3370,HGS-TV,173802.0,484200.8827702999
3371,HGS-TV,173802.0,484718.5331404209
3372,HGS-TV,173802.0,484778.54198241234
3373,HGS-TV,173802.0,485022.5693490505
3374,HGS-TV,173802.0,485120.94757056236
3375,HGS-TV,173802.0,485181.2265729904
3376,HGS-TV,173802.0,485241.2866382599
3377,HGS-TV,173802.0,485363.5715172291
3378,HGS-TV,173802.0,485497.5019981861
3379,HGS-TV,173802.0,485557.68286395073
3380,HGS-TV,173802.0,486066.3018732071
3381,HGS-TV,173802.0,486195.92296528816
3382,HGS-TV,173802.0,486263.8646059036
3383,HGS-TV,173802.0,486324.01379561424
3384,HGS-TV,173802.0,486984.6443245411
3385,HGS-TV,173802.0,487044.65579271317
3386,ails2_etaMax1.000_stoppingTime1728000.00,174788.0,487363.3852644043
3387,ails2_etaMax1.000_stoppingTime1728000.00,174770.0,487363.6062644043
3388,HGS-TV,173802.0,487449.6968860626
3389,HGS-TV,173802.0,487510.66025805473
3390,HGS-TV,173802.0,487801.64805173874
3391,HGS-TV,173802.0,487959.89985919
3392,HGS-TV,173802.0,488053.46630191803
3393,HGS-TV,173802.0,488113.6418325901
3394,HGS-TV,173802.0,488208.8208165169
3395,HGS-TV,173802.0,488553.73450636864
3396,HGS-TV,173802.0,489504.89270472527
3397,HGS-TV,173802.0,489571.34315252304
3398,HGS-TV,173802.0,489685.85106635094
3399,ails2_etaMax1.000_stoppingTime864000.00,174019.0,489726.9802644043
3400,HGS-TV,173802.0,489745.94498467445
3401,ails2_etaMax1.000_stoppingTime864000.00,174005.0,489728.2692644043
3402,HGS-TV,173802.0,490295.8565096855
3403,HGS-TV,173802.0,490356.19027256966
3404,HGS-TV,173802.0,490416.41162133217
3405,HGS-TV,173802.0,490495.10059928894
3406,HGS-TV,173802.0,490555.18586564064
3407,HGS-TV,173802.0,490827.0502462387
3408,HGS-TV,173802.0,490976.6842517853
3409,HGS-TV,173802.0,491036.95932531357
3410,HGS-TV,173802.0,491940.1770019531
3411,HGS-TV,173802.0,492000.3354654312
3412,HGS-TV,173802.0,492060.5198082924
3413,HGS-TV,173802.0,492126.8265695572
3414,HGS-TV,173802.0,492520.86119771004
3415,HGS-TV,173802.0,492747.09286284447
3416,HGS-TV,173802.0,492895.61604738235
3417,HGS-TV,173802.0,493109.39225411415
3418,HGS-TV,173802.0,493169.474588871
3419,HGS-TV,173802.0,493497.47911834717
3420,HGS-TV,173802.0,493782.1672387123
3421,HGS-TV,173802.0,493882.64112854004
3422,HGS-TV,173802.0,493942.8006749153
3423,ails2_etaMax1.000_stoppingTime1728000.00,174754.0,494344.3372644043
3424,ails2_etaMax1.000_stoppingTime1728000.00,174746.0,494344.5082644043
3425,HGS-TV,173802.0,494780.1667866707
3426,HGS-TV,173802.0,495181.69383215904
3427,HGS-TV,173802.0,495243.624956131
3428,HGS-TV,173802.0,495344.1715335846
3429,HGS-TV,173802.0,495708.75705981255
3430,HGS-TV,173802.0,496138.102615118
3431,HGS-TV,173802.0,496213.10998535156
3432,HGS-TV,173802.0,496273.36214756966
3433,HGS-TV,173802.0,496597.7453687191
3434,HGS-TV,173802.0,496871.6359434128
3435,HGS-TV,173802.0,496931.7386608124
3436,HGS-TV,173802.0,497879.5406937599
3437,HGS-TV,173802.0,497962.69595241547
3438,HGS-TV,173802.0,498195.48215818405
3439,HGS-TV,173802.0,498313.5463151932
3440,HGS-TV,173802.0,499245.3554391861
3441,HGS-TV,173802.0,499551.9085738659
3442,HGS-TV,173802.0,500016.05835318565
3443,HGS-TV,173802.0,500524.3045094013
3444,HGS-TV,173802.0,501023.420327425
3445,HGS-TV,173802.0,501108.49710416794
3446,HGS-TV,173802.0,501168.54793190956
3447,HGS-TV,173802.0,501233.3327744007
3448,HGS-TV,173802.0,501661.1936984062
3449,HGS-TV,173802.0,501733.38359189034
3450,HGS-TV,173802.0,502055.89471936226
3451,HGS-TV,173802.0,502116.02167606354
3452,HGS-TV,173802.0,502217.06741046906
3453,HGS-TV,173802.0,503326.5369594097
3454,HGS-TV,173802.0,503455.5619442463
3455,HGS-TV,173802.0,503515.56907725334
3456,HGS-TV,173802.0,503678.7906651497
3457,HGS-TV,173802.0,503838.0633702278
3458,HGS-TV,173802.0,504124.75909280777
3459,ails2_etaMax1.000_stoppingTime864000.00,173995.0,504594.9242644043
3460,HGS-TV,173802.0,504877.95220017433
3461,HGS-TV,173802.0,505032.4779417515
3462,HGS-TV,173802.0,505445.37832164764
3463,HGS-TV,173802.0,506518.1375422478
3464,HGS-TV,173802.0,506779.1235964298
3465,HGS-TV,173802.0,506839.2294590473
3466,HGS-TV,173802.0,507072.5395424366
3467,HGS-TV,173802.0,508034.06005978584
3468,HGS-TV,173802.0,508094.107735157
3469,HGS-TV,173802.0,508154.2873213291
3470,HGS-TV,173802.0,508216.3506553173
3471,HGS-TV,173802.0,508276.73859119415
3472,HGS-TV,173802.0,508370.0521156788
3473,ails2_etaMax1.000_stoppingTime864000.00,173990.0,508928.1062644043
3474,ails2_etaMax1.000_stoppingTime864000.00,173984.0,508928.7762644043
3475,HGS-TV,173802.0,510673.2971866131
3476,HGS-TV,173802.0,510787.35077142715
3477,HGS-TV,173802.0,511121.3478102684
3478,HGS-TV,173802.0,511211.282286644
3479,HGS-TV,173802.0,511726.5672953129
3480,HGS-TV,173802.0,513025.79451823235
3481,HGS-TV,173802.0,513219.4161567688
3482,HGS-TV,173802.0,513279.47454953194
3483,HGS-TV,173802.0,514387.68137073517
3484,HGS-TV,173802.0,514837.83428382874
3485,HGS-TV,173802.0,514964.23174738884
3486,HGS-TV,173802.0,515445.78507757187
3487,HGS-TV,173802.0,517511.8163430691
3488,HGS-TV,173802.0,518341.8582274914
3489,HGS-TV,173802.0,518563.9037976265
3490,HGS-TV,173802.0,518718.796998024
3491,HGS-TV,173802.0,519048.2523417473
3492,HGS-TV,173802.0,519108.5178809166
3493,HGS-TV,173802.0,519736.670194149
3494,ails2_etaMax1.000_stoppingTime1728000.00,174743.0,519846.9802644043
3495,ails2_etaMax1.000_stoppingTime1728000.00,174721.0,519847.1442644043
3496,HGS-TV,173802.0,520102.1867797375
3497,HGS-TV,173802.0,520887.7577152252
3498,HGS-TV,173802.0,522689.80409550667
3499,HGS-TV,173802.0,522749.8335785866
3500,HGS-TV,173802.0,523232.32571840286
3501,HGS-TV,173802.0,523842.1789917946
3502,HGS-TV,173802.0,523983.15736818314
3503,HGS-TV,173802.0,524043.33000683784
3504,HGS-TV,173802.0,524120.1701478958
3505,ails2_etaMax1.000_stoppingTime864000.00,173983.0,524892.2862644043
3506,HGS-TV,173802.0,525298.0133640766
3507,HGS-TV,173802.0,525420.7455468178
3508,HGS-TV,173802.0,525715.6476788521
3509,HGS-TV,173802.0,526082.3186862469
3510,HGS-TV,173802.0,527467.1213912964
3511,ails2_etaMax1.000_stoppingTime864000.00,173981.0,529155.7682644043
3512,ails2_etaMax1.000_stoppingTime864000.00,173980.0,529155.8202644043
3513,HGS-TV,173802.0,530520.3991336823
3514,HGS-TV,173802.0,531527.6879012585
3515,ails2_etaMax1.000_stoppingTime1728000.00,174708.0,533613.6652644043
3516,ails2_etaMax1.000_stoppingTime1728000.00,174687.0,533615.9282644043
3517,ails2_etaMax1.000_stoppingTime864000.00,173978.0,535077.3282644043
3518,ails2_etaMax1.000_stoppingTime864000.00,173966.0,535080.0122644043
3519,HGS-TV,173802.0,538458.4297921658
3520,HGS-TV,173802.0,538518.640005827
3521,HGS-TV,173802.0,538579.095818758
3522,HGS-TV,173802.0,538647.913602829
3523,HGS-TV,173802.0,538707.944278717
3524,HGS-TV,173802.0,538767.9831213951
3525,HGS-TV,173802.0,538828.2231063843
3526,HGS-TV,173802.0,538888.3937616348
3527,HGS-TV,173802.0,538948.9374377728
3528,HGS-TV,173802.0,539009.3027610779
3529,HGS-TV,173802.0,539069.798914671
3530,HGS-TV,173802.0,539130.2145905495
3531,HGS-TV,173802.0,539190.5554378033
3532,HGS-TV,173802.0,539250.5599315166
3533,HGS-TV,173802.0,539355.4132323265
3534,HGS-TV,173802.0,539485.7753345966
3535,HGS-TV,173802.0,539586.8627343178
3536,HGS-TV,173802.0,539683.4839110374
3537,HGS-TV,173802.0,539790.1514596939
3538,HGS-TV,173802.0,540084.3670704365
3539,HGS-TV,173802.0,540359.5310456753
3540,HGS-TV,173802.0,540743.3837146759
3541,HGS-TV,173802.0,541952.3271598816
3542,HGS-TV,173802.0,542075.2709622383
3543,HGS-TV,173802.0,542513.165358305
3544,HGS-TV,173802.0,542729.9431784153
3545,HGS-TV,173802.0,542886.782759428
3546,HGS-TV,173802.0,543984.9789822102
3547,HGS-TV,173802.0,544056.0080025196
3548,HGS-TV,173802.0,544201.7563569546
3549,HGS-TV,173802.0,544695.1832902431
3550,HGS-TV,173802.0,545217.989099741
3551,HGS-TV,173802.0,545425.7523159981
3552,HGS-TV,173802.0,546143.2885005474
3553,HGS-TV,173802.0,546507.496587038
3554,HGS-TV,173802.0,546827.405964613
3555,HGS-TV,173802.0,547269.8463857174
3556,HGS-TV,173802.0,548084.4261341095
3557,HGS-TV,173802.0,548941.1325473785
3558,HGS-TV,173802.0,549374.7525684834
3559,HGS-TV,173802.0,549678.9598259926
3560,HGS-TV,173802.0,549739.1085641384
3561,HGS-TV,173802.0,550147.1101870537
3562,HGS-TV,173802.0,551119.8504636288
3563,HGS-TV,173802.0,551367.0773265362
3564,HGS-TV,173802.0,552558.3421444893
3565,HGS-TV,173802.0,553069.7132418156
3566,HGS-TV,173802.0,553200.1583034992
3567,HGS-TV,173802.0,553327.9665966034
3568,HGS-TV,173802.0,553388.448523283
3569,HGS-TV,173802.0,553599.7512056828
3570,HGS-TV,173802.0,553720.7061691284
3571,HGS-TV,173802.0,553962.3489048481
3572,HGS-TV,173802.0,554232.0090842247
3573,HGS-TV,173802.0,554433.3701615334
3574,HGS-TV,173802.0,554608.7897405624
3575,HGS-TV,173802.0,555373.1866257191
3576,HGS-TV,173802.0,555434.076694727
3577,HGS-TV,173802.0,555494.7301621437
3578,HGS-TV,173802.0,556808.729824543
3579,HGS-TV,173802.0,558276.4541909695
3580,HGS-TV,173802.0,558706.6978418827
3581,HGS-TV,173802.0,559139.2209358215
3582,HGS-TV,173802.0,559213.9573595524
3583,HGS-TV,173802.0,559273.958573103
3584,ails2_etaMax1.000_stoppingTime864000.00,173965.0,559363.2472644043
3585,ails2_etaMax1.000_stoppingTime864000.00,173963.0,559363.2712644043
3586,HGS-TV,173802.0,559672.9704875946
3587,HGS-TV,173802.0,559733.1035358906
3588,HGS-TV,173802.0,559793.2672388554
3589,HGS-TV,173802.0,559882.9234960079
3590,HGS-TV,173802.0,559942.9864966869
3591,HGS-TV,173802.0,560033.8696653843
3592,HGS-TV,173802.0,560094.106723547
3593,HGS-TV,173802.0,560751.4562125206
3594,ails2_etaMax1.000_stoppingTime864000.00,173961.0,560825.7672644043
3595,HGS-TV,173802.0,560851.864397049
3596,ails2_etaMax1.000_stoppingTime864000.00,173957.0,560825.8882644043
3597,HGS-TV,173802.0,560928.2896127701
3598,HGS-TV,173802.0,561001.3681161404
3599,HGS-TV,173802.0,561061.4931609631
3600,HGS-TV,173802.0,561121.6008191109
3601,HGS-TV,173802.0,561181.6362857819
3602,HGS-TV,173802.0,561331.2463066578
3603,HGS-TV,173802.0,561496.487678051
3604,HGS-TV,173802.0,561556.7714447975
3605,HGS-TV,173802.0,561616.9627404213
3606,HGS-TV,173802.0,561845.4998543262
3607,HGS-TV,173802.0,562145.9617035389
3608,HGS-TV,173802.0,562206.1155548096
3609,HGS-TV,173802.0,562266.2130212784
3610,HGS-TV,173802.0,562461.6372408867
3611,HGS-TV,173802.0,562559.9370331764
3612,HGS-TV,173802.0,562751.1429376602
3613,HGS-TV,173802.0,563296.6382095814
3614,HGS-TV,173802.0,563380.5228645802
3615,HGS-TV,173802.0,563440.7546796799
3616,HGS-TV,173802.0,563501.7860620022
3617,HGS-TV,173802.0,563561.9646689892
3618,HGS-TV,173802.0,563622.1431994438
3619,HGS-TV,173802.0,563682.2738325596
3620,HGS-TV,173802.0,563756.5538613796
3621,HGS-TV,173802.0,563816.7075898647
3622,HGS-TV,173802.0,563876.7463819981
3623,HGS-TV,173802.0,564003.5119752884
3624,HGS-TV,173802.0,564262.0225412846
3625,HGS-TV,173802.0,564554.3437330723
3626,HGS-TV,173802.0,564619.3991651535
3627,HGS-TV,173802.0,564828.7233817577
3628,HGS-TV,173802.0,564942.7918362617
3629,HGS-TV,173802.0,565045.4908108711
3630,HGS-TV,173802.0,565222.0739986897
3631,HGS-TV,173802.0,565325.3054039478
3632,HGS-TV,173802.0,565537.8682878017
3633,HGS-TV,173802.0,566060.4677598476
3634,ails2_etaMax1.000_stoppingTime864000.00,173955.0,566372.1632644043
3635,ails2_etaMax1.000_stoppingTime864000.00,173944.0,566372.7222644043
3636,HGS-TV,173802.0,566614.5410022736
3637,HGS-TV,173802.0,566674.6700928211
3638,HGS-TV,173802.0,566734.8617491722
3639,HGS-TV,173802.0,566975.7504482269
3640,HGS-TV,173802.0,567136.0566456318
3641,HGS-TV,173802.0,567385.8992369175
3642,HGS-TV,173802.0,567476.382130146
3643,HGS-TV,173802.0,567536.4606187344
3644,HGS-TV,173802.0,567855.0655605793
3645,HGS-TV,173802.0,567915.2197928429
3646,HGS-TV,173802.0,567975.3356664181
3647,HGS-TV,173802.0,568035.3525271416
3648,HGS-TV,173802.0,568342.2800283432
3649,HGS-TV,173802.0,568402.4264016151
3650,HGS-TV,173802.0,568506.0969715118
3651,HGS-TV,173802.0,568703.186852932
3652,HGS-TV,173802.0,568763.5256009102
3653,HGS-TV,173802.0,568823.6458454132
3654,HGS-TV,173802.0,568883.845649004
3655,HGS-TV,173802.0,568943.8786621094
3656,HGS-TV,173802.0,569156.9481358528
3657,HGS-TV,173802.0,569328.6913547516
3658,HGS-TV,173802.0,569388.9086949825
3659,HGS-TV,173802.0,569460.1979355812
3660,HGS-TV,173802.0,569534.1465768814
3661,HGS-TV,173802.0,569612.4075973034
3662,HGS-TV,173802.0,569672.4606668949
3663,HGS-TV,173802.0,569968.3321528435
3664,HGS-TV,173802.0,570028.4300246239
3665,HGS-TV,173802.0,570217.986240387
3666,HGS-TV,173802.0,570278.1602938175
3667,HGS-TV,173802.0,570410.4534621239
3668,HGS-TV,173802.0,570779.5619058609
3669,HGS-TV,173802.0,570839.6814808846
3670,HGS-TV,173802.0,570998.9496502876
3671,HGS-TV,173802.0,571190.8014843464
3672,HGS-TV,173802.0,571250.949436903
3673,HGS-TV,173802.0,571311.1544857025
3674,HGS-TV,173802.0,571417.1413469315
3675,HGS-TV,173802.0,571477.2404792309
3676,HGS-TV,173802.0,571537.3778691292
3677,ails2_etaMax1.000_stoppingTime864000.00,173942.0,571568.4432644043
3678,ails2_etaMax1.000_stoppingTime864000.00,173936.0,571568.7452644043
3679,HGS-TV,173802.0,571666.2081420422
3680,HGS-TV,173802.0,571726.4010150433
3681,HGS-TV,173802.0,571828.3182377815
3682,HGS-TV,173802.0,572084.1381902695
3683,HGS-TV,173802.0,572159.1545758247
3684,HGS-TV,173802.0,572223.359944582
3685,HGS-TV,173802.0,572283.6101686954
3686,ails2_etaMax1.000_stoppingTime1728000.00,174681.0,572335.1142644043
3687,HGS-TV,173802.0,572352.1136386395
3688,ails2_etaMax1.000_stoppingTime1728000.00,174677.0,572335.1592644043
3689,HGS-TV,173802.0,572443.9902997017
3690,ails2_etaMax1.000_stoppingTime1728000.00,174656.0,572456.5072644043
3691,HGS-TV,173802.0,572504.1852240562
3692,ails2_etaMax1.000_stoppingTime1728000.00,174645.0,572456.6302644043
3693,HGS-TV,173802.0,572634.267291069
3694,HGS-TV,173802.0,572694.3065018654
3695,HGS-TV,173802.0,572792.518743515
3696,HGS-TV,173802.0,572905.92070961
3697,HGS-TV,173802.0,572977.2014927864
3698,HGS-TV,173802.0,573037.2579836845
3699,HGS-TV,173802.0,573108.2647454739
3700,HGS-TV,173802.0,573168.4162251949
3701,HGS-TV,173802.0,573228.7068049908
3702,HGS-TV,173802.0,573340.5841193199
3703,HGS-TV,173802.0,573400.632232666
3704,HGS-TV,173802.0,573561.2695362568
3705,HGS-TV,173802.0,573740.6780486107
3706,HGS-TV,173802.0,573818.7980513573
3707,HGS-TV,173802.0,573935.6604282856
3708,HGS-TV,173802.0,574073.2396392822
3709,HGS-TV,173802.0,574133.2824876308
3710,HGS-TV,173802.0,574273.0261695385
3711,HGS-TV,173802.0,574333.0424535275
3712,HGS-TV,173802.0,574412.5471503735
3713,HGS-TV,173802.0,574472.8175692558
3714,HGS-TV,173802.0,574532.9399340153
3715,HGS-TV,173802.0,574592.957600832
3716,HGS-TV,173802.0,574653.1113286018
3717,HGS-TV,173802.0,574713.2344198227
3718,HGS-TV,173802.0,574886.2430820465
3719,HGS-TV,173802.0,574946.3130385876
3720,HGS-TV,173802.0,575033.4010591507
3721,HGS-TV,173802.0,575093.4464535713
3722,HGS-TV,173802.0,575186.1946902275
3723,HGS-TV,173802.0,575289.027374506
3724,HGS-TV,173802.0,575351.0697815418
3725,HGS-TV,173802.0,575411.3559176922
3726,HGS-TV,173802.0,575471.4412195683
3727,HGS-TV,173802.0,575531.6018147469
3728,HGS-TV,173802.0,575591.7121255398
3729,ails2_etaMax1.000_stoppingTime864000.00,173934.0,575655.4302644043
3730,HGS-TV,173802.0,575710.7638328075
3731,ails2_etaMax1.000_stoppingTime864000.00,173931.0,575655.9152644043
3732,HGS-TV,173802.0,575770.8209023476
3733,HGS-TV,173802.0,575850.0180428028
3734,HGS-TV,173802.0,575910.1424100399
3735,HGS-TV,173802.0,576031.1938831806
3736,HGS-TV,173802.0,576092.8823490143
3737,HGS-TV,173802.0,576222.049520731
3738,ails2_etaMax1.000_stoppingTime864000.00,173930.0,576262.7352644043
3739,HGS-TV,173802.0,576304.2960762978
3740,ails2_etaMax1.000_stoppingTime864000.00,173928.0,576263.1252644043
3741,HGS-TV,173802.0,576364.4442837238
3742,HGS-TV,173802.0,576424.5616889
3743,HGS-TV,173802.0,576484.7194020748
3744,HGS-TV,173802.0,576544.750649929
3745,HGS-TV,173802.0,576605.0369570255
3746,HGS-TV,173802.0,576714.9610512257
3747,HGS-TV,173802.0,576879.6685907841
3748,HGS-TV,173802.0,577043.0273571014
3749,HGS-TV,173802.0,577103.1856138706
3750,HGS-TV,173802.0,577163.336951971
3751,HGS-TV,173802.0,577223.3484966755
3752,HGS-TV,173802.0,577346.0558197498
3753,HGS-TV,173802.0,577406.1781709194
3754,HGS-TV,173802.0,577466.1845910549
3755,HGS-TV,173802.0,577638.1536076069
3756,HGS-TV,173802.0,577704.2993121147
3757,ails2_etaMax1.000_stoppingTime864000.00,173927.0,577897.4892644043
3758,HGS-TV,173802.0,577955.0238320827
3759,HGS-TV,173802.0,578015.2743906975
3760,HGS-TV,173802.0,578078.8236632347
3761,HGS-TV,173802.0,578139.068356514
3762,HGS-TV,173802.0,578303.3855369091
3763,HGS-TV,173802.0,578400.7840414047
3764,HGS-TV,173802.0,578472.3487286568
3765,HGS-TV,173802.0,578532.3790826797
3766,HGS-TV,173802.0,578592.5051505566
3767,HGS-TV,173802.0,578652.5948367119
3768,HGS-TV,173802.0,578712.9047472477
3769,HGS-TV,173802.0,578772.9860358238
3770,HGS-TV,173802.0,578833.1110129356
3771,HGS-TV,173802.0,578905.0495555401
3772,HGS-TV,173802.0,578965.2778151035
3773,HGS-TV,173802.0,579025.4405579567
3774,HGS-TV,173802.0,579085.4892582893
3775,HGS-TV,173802.0,579145.5645210743
3776,HGS-TV,173802.0,579205.6405322552
3777,HGS-TV,173802.0,579265.8008048534
3778,HGS-TV,173802.0,579329.789785862
3779,HGS-TV,173802.0,579433.5623698235
3780,HGS-TV,173802.0,579513.5729687214
3781,HGS-TV,173802.0,579573.8289186954
3782,ails2_etaMax1.000_stoppingTime1728000.00,174636.0,579587.7352644043
3783,ails2_etaMax1.000_stoppingTime1728000.00,174624.0,579587.8962644043
3784,HGS-TV,173802.0,579720.9099936485
3785,HGS-TV,173802.0,579781.0668489933
3786,HGS-TV,173802.0,579884.1514759064
3787,HGS-TV,173802.0,579951.5795776844
3788,HGS-TV,173802.0,580139.3099069595
3789,HGS-TV,173802.0,580227.022785902
3790,HGS-TV,173802.0,580374.0595471859
3791,HGS-TV,173802.0,580434.2649347782
3792,HGS-TV,173802.0,580528.4761259556
3793,HGS-TV,173802.0,580819.2886059284
3794,HGS-TV,173802.0,581119.2268049717
3795,HGS-TV,173802.0,581271.6946132183
3796,HGS-TV,173802.0,581331.7405426502
3797,HGS-TV,173802.0,581395.2733232975
3798,HGS-TV,173802.0,581455.4237203598
3799,HGS-TV,173802.0,581515.5405085087
3800,HGS-TV,173802.0,581663.7205367088
3801,HGS-TV,173802.0,581783.1200799942
3802,HGS-TV,173802.0,581939.2424049377
3803,HGS-TV,173802.0,582219.1234734058
3804,HGS-TV,173802.0,582353.5941140652
3805,HGS-TV,173802.0,582474.7432076931
3806,HGS-TV,173802.0,582534.7868845463
3807,HGS-TV,173802.0,582594.8015043736
3808,HGS-TV,173802.0,582654.8725662231
3809,HGS-TV,173802.0,582715.0301229954
3810,HGS-TV,173802.0,582775.1062860489
3811,HGS-TV,173802.0,583051.7852420807
3812,HGS-TV,173802.0,583610.2395730019
3813,HGS-TV,173802.0,583826.4618308544
3814,HGS-TV,173802.0,584070.2941699028
3815,HGS-TV,173802.0,584130.3075699806
3816,HGS-TV,173802.0,584336.2844336033
3817,HGS-TV,173802.0,584592.0727891922
3818,HGS-TV,173802.0,585316.3899674416
3819,HGS-TV,173802.0,585376.5725522041
3820,HGS-TV,173802.0,585516.8586678505
3821,HGS-TV,173802.0,585842.9873001575
3822,HGS-TV,173802.0,585903.0731399059
3823,HGS-TV,173802.0,585979.6344976425
3824,HGS-TV,173802.0,586326.3154411316
3825,HGS-TV,173802.0,586388.3449389935
3826,HGS-TV,173802.0,586673.3621137142
3827,HGS-TV,173802.0,587111.2796535492
3828,HGS-TV,173802.0,587171.3536958694
3829,HGS-TV,173802.0,587231.5430178642
3830,HGS-TV,173802.0,587567.2987630367
3831,HGS-TV,173802.0,587956.3618447781
3832,ails2_etaMax1.000_stoppingTime864000.00,173924.0,587981.4682644043
3833,HGS-TV,173802.0,588062.2420713902
3834,HGS-TV,173802.0,588715.8213186264
3835,HGS-TV,173802.0,588908.1683752537
3836,HGS-TV,173802.0,588999.4778649807
3837,HGS-TV,173802.0,589158.8206493855
3838,ails2_etaMax1.000_stoppingTime864000.00,173923.0,589478.8522644043
3839,HGS-TV,173802.0,589708.5819787979
3840,HGS-TV,173802.0,589768.6509315968
3841,HGS-TV,173802.0,589875.9889786243
3842,HGS-TV,173802.0,590650.8420875072
3843,HGS-TV,173802.0,591000.2551212311
3844,ails2_etaMax1.000_stoppingTime1728000.00,174622.0,591054.3382644043
3845,HGS-TV,173802.0,591100.0037972927
3846,ails2_etaMax1.000_stoppingTime1728000.00,174620.0,591054.3922644043
3847,HGS-TV,173802.0,591302.5516865253
3848,HGS-TV,173802.0,591858.6597929001
3849,HGS-TV,173802.0,593023.7497611046
3850,HGS-TV,173802.0,593366.1274433136
3851,HGS-TV,173802.0,593553.8785355091
3852,HGS-TV,173802.0,593650.7732717991
3853,HGS-TV,173802.0,593710.8503687382
3854,HGS-TV,173802.0,593770.9203567505
3855,HGS-TV,173802.0,594076.1659786701
3856,HGS-TV,173802.0,594136.3018634319
3857,HGS-TV,173802.0,594196.36977458
3858,HGS-TV,173802.0,594321.4292519093
3859,HGS-TV,173802.0,594403.3615887165
3860,ails2_etaMax1.000_stoppingTime864000.00,173922.0,594506.7122644043
3861,HGS-TV,173802.0,594607.3895623684
3862,HGS-TV,173802.0,594715.4789538383
3863,HGS-TV,173802.0,594775.5342750549
3864,ails2_etaMax1.000_stoppingTime864000.00,173921.0,596026.0172644043
3865,ails2_etaMax1.000_stoppingTime864000.00,173919.0,596026.1132644044
3866,HGS-TV,173802.0,596120.752099514
3867,HGS-TV,173802.0,596560.4244146347
3868,ails2_etaMax1.000_stoppingTime1728000.00,174618.0,596569.0502644043
3869,ails2_etaMax1.000_stoppingTime1728000.00,174563.0,596569.1552644043
3870,HGS-TV,173802.0,596895.6737911701
3871,HGS-TV,173802.0,596983.3854601383
3872,HGS-TV,173802.0,597043.6084084511
3873,HGS-TV,173802.0,597248.33968997
3874,HGS-TV,173802.0,597332.9877064228
3875,HGS-TV,173802.0,597416.7064025402
3876,HGS-TV,173802.0,597739.4589288235
3877,HGS-TV,173802.0,598771.6552455425
3878,HGS-TV,173802.0,598900.6627113819
3879,HGS-TV,173802.0,598971.0329589844
3880,HGS-TV,173802.0,599291.609670639
3881,HGS-TV,173802.0,599544.7079572678
3882,HGS-TV,173802.0,599604.7476842403
3883,HGS-TV,173802.0,599933.143655777
3884,HGS-TV,173802.0,599993.3814308643
3885,HGS-TV,173802.0,600201.9802730083
3886,HGS-TV,173802.0,600355.776958704
3887,HGS-TV,173802.0,600673.8958847523
3888,HGS-TV,173802.0,600734.06295228
3889,HGS-TV,173802.0,600810.3425211906
3890,HGS-TV,173802.0,600870.5827403069
3891,HGS-TV,173802.0,600930.5858981609
3892,HGS-TV,173802.0,601175.385212183
3893,HGS-TV,173802.0,601235.552175045
3894,HGS-TV,173802.0,601340.2457726002
3895,HGS-TV,173802.0,601400.4105012417
3896,HGS-TV,173802.0,601460.4959406853
3897,HGS-TV,173802.0,601625.146945715
3898,HGS-TV,173802.0,601685.2998263836
3899,HGS-TV,173802.0,601861.6497049332
3900,HGS-TV,173802.0,601927.2670154572
3901,HGS-TV,173802.0,602447.9784634113
3902,ails2_etaMax1.000_stoppingTime864000.00,173918.0,602499.5632644043
3903,HGS-TV,173802.0,602560.1868233681
3904,HGS-TV,173802.0,602646.4164595604
3905,HGS-TV,173802.0,602706.4397029877
3906,HGS-TV,173802.0,602769.0268368721
3907,HGS-TV,173802.0,602829.0685958862
3908,HGS-TV,173802.0,602927.3973162174
3909,HGS-TV,173802.0,603002.0960273743
3910,HGS-TV,173802.0,603177.880824089
3911,HGS-TV,173802.0,603237.9153707027
3912,HGS-TV,173802.0,603680.3747742176
3913,HGS-TV,173802.0,603820.1920375824
3914,HGS-TV,173802.0,603907.3402438164
3915,HGS-TV,173802.0,603967.3616297245
3916,HGS-TV,173802.0,604027.4935276508
3917,HGS-TV,173802.0,604262.296806097
3918,HGS-TV,173802.0,604503.443716526
3919,HGS-TV,173802.0,604893.1111564636
3920,ails2_etaMax1.000_stoppingTime864000.00,173913.0,605010.8312644043
3921,ails2_etaMax1.000_stoppingTime864000.00,173898.0,605036.8392644043
3922,HGS-TV,173802.0,605144.5029571056
3923,HGS-TV,173802.0,605204.7392344475
3924,HGS-TV,173802.0,605270.8490386009
3925,HGS-TV,173802.0,605433.5158238411
3926,HGS-TV,173802.0,605559.874322176
3927,HGS-TV,173802.0,605823.6339833736
3928,ails2_etaMax1.000_stoppingTime864000.00,173897.0,606558.5892644043
3929,HGS-TV,173802.0,606767.7040295601
3930,HGS-TV,173802.0,606998.5567290783
3931,HGS-TV,173802.0,607058.5916736126
3932,HGS-TV,173802.0,607543.1007378101
3933,HGS-TV,173802.0,607775.5305528641
3934,HGS-TV,173802.0,607893.758728981
3935,HGS-TV,173802.0,608740.2793254852
3936,HGS-TV,173802.0,608800.3821377754
3937,HGS-TV,173802.0,609012.1330344677
3938,HGS-TV,173802.0,609072.2095105648
3939,HGS-TV,173802.0,609132.256455183
3940,HGS-TV,173802.0,609277.5213532448
3941,HGS-TV,173802.0,612068.3943800926
3942,HGS-TV,173802.0,612141.8805699348
3943,HGS-TV,173802.0,612201.973908186
3944,HGS-TV,173802.0,612330.7365779877
3945,HGS-TV,173802.0,613058.9503486156
3946,HGS-TV,173802.0,613118.9825348854
3947,HGS-TV,173802.0,613307.8491671085
3948,HGS-TV,173802.0,613374.2333545685
3949,HGS-TV,173802.0,613434.3361566067
3950,HGS-TV,173802.0,613494.3850603104
3951,HGS-TV,173802.0,613554.4708034992
3952,HGS-TV,173802.0,613614.6610836983
3953,HGS-TV,173802.0,613744.9437298775
3954,HGS-TV,173802.0,613974.9935355186
3955,HGS-TV,173802.0,614107.9897170067
3956,HGS-TV,173802.0,614690.5188360214
3957,HGS-TV,173802.0,614855.7699348927
3958,HGS-TV,173802.0,614915.8605964184
3959,HGS-TV,173802.0,615623.6694850922
3960,HGS-TV,173802.0,615709.6195375919
3961,HGS-TV,173802.0,616108.7696387768
3962,HGS-TV,173802.0,616232.3174602985
3963,HGS-TV,173802.0,616292.3277599812
3964,HGS-TV,173802.0,616352.5899815559
3965,HGS-TV,173802.0,616412.6589281559
3966,HGS-TV,173802.0,616623.0991892815
3967,HGS-TV,173802.0,616751.2077507973
3968,ails2_etaMax1.000_stoppingTime864000.00,173896.0,616772.4332644043
3969,HGS-TV,173802.0,616811.2159850597
3970,ails2_etaMax1.000_stoppingTime864000.00,173890.0,616772.5282644043
3971,HGS-TV,173802.0,617008.0528068542
3972,HGS-TV,173802.0,617105.9517748356
3973,HGS-TV,173802.0,617208.1278319359
3974,HGS-TV,173802.0,617268.1404676437
3975,HGS-TV,173802.0,617722.5288681984
3976,HGS-TV,173802.0,617865.4477388859
3977,HGS-TV,173802.0,618236.1571257114
3978,HGS-TV,173802.0,619490.0901489258
3979,HGS-TV,173802.0,619602.7174563408
3980,HGS-TV,173802.0,622739.4533584118
3981,HGS-TV,173802.0,623273.0115420818
3982,HGS-TV,173802.0,623552.4785687923
3983,HGS-TV,173802.0,624147.8205857277
3984,HGS-TV,173802.0,626554.1949670315
3985,ails2_etaMax1.000_stoppingTime1728000.00,174548.0,627134.5742644042
3986,HGS-TV,173802.0,627179.7758436203
3987,ails2_etaMax1.000_stoppingTime1728000.00,174523.0,627172.0732644043
3988,HGS-TV,173802.0,627365.5577757359
3989,HGS-TV,173802.0,629025.5254702568
3990,HGS-TV,173802.0,629907.9191944599
3991,HGS-TV,173802.0,630217.5435218811
3992,HGS-TV,173802.0,632710.6161072254
3993,HGS-TV,173802.0,633301.4853909016
3994,HGS-TV,173802.0,633677.0941290855
3995,ails2_etaMax1.000_stoppingTime864000.00,173889.0,634695.8072644043
3996,ails2_etaMax1.000_stoppingTime864000.00,173883.0,634723.9042644043
3997,HGS-TV,173802.0,635082.2517023087
3998,HGS-TV,173802.0,635610.1475672722
3999,HGS-TV,173802.0,639752.7840476036
4000,HGS-TV,173802.0,639812.9322617054
4001,HGS-TV,173802.0,639873.1280930042
4002,HGS-TV,173802.0,639933.4075388908
4003,HGS-TV,173802.0,639993.6563043594
4004,HGS-TV,173802.0,640070.987351656
4005,HGS-TV,173802.0,640152.1852078438
4006,HGS-TV,173802.0,640214.1236186028
4007,HGS-TV,173802.0,640412.0273265839
4008,HGS-TV,173802.0,640476.4523847103
4009,HGS-TV,173802.0,640536.4878644943
4010,HGS-TV,173802.0,640596.7731015682
4011,HGS-TV,173802.0,640794.959933281
4012,HGS-TV,173802.0,640854.9802427292
4013,HGS-TV,173802.0,640915.3349797726
4014,HGS-TV,173802.0,640977.4064011574
4015,HGS-TV,173802.0,641391.6517951488
4016,HGS-TV,173802.0,641467.4704034328
4017,HGS-TV,173802.0,641553.7316305637
4018,HGS-TV,173802.0,641883.3273313046
4019,HGS-TV,173802.0,642060.171765089
4020,ails2_etaMax1.000_stoppingTime1728000.00,174517.0,642161.4422644043
4021,HGS-TV,173802.0,642188.113001585
4022,HGS-TV,173802.0,642416.8987689018
4023,HGS-TV,173802.0,642655.0812284946
4024,HGS-TV,173802.0,643215.6492292881
4025,HGS-TV,173802.0,643348.7446062565
4026,HGS-TV,173802.0,643511.5800485611
4027,ails2_etaMax1.000_stoppingTime1728000.00,174513.0,644057.4512644043
4028,HGS-TV,173802.0,644101.1922056675
4029,HGS-TV,173802.0,644161.3767979145
4030,HGS-TV,173802.0,644372.4621968269
4031,HGS-TV,173802.0,644543.0283093452
4032,HGS-TV,173802.0,644701.1022973061
4033,HGS-TV,173802.0,644958.388127327
4034,ails2_etaMax1.000_stoppingTime1728000.00,174512.0,644997.1702644043
4035,HGS-TV,173802.0,645018.6713833809
4036,ails2_etaMax1.000_stoppingTime1728000.00,174494.0,644997.9242644043
4037,HGS-TV,173802.0,645253.729688406
4038,HGS-TV,173802.0,645393.5607163906
4039,HGS-TV,173802.0,645524.4075758457
4040,HGS-TV,173802.0,645641.887809515
4041,HGS-TV,173802.0,645702.1847915649
4042,HGS-TV,173802.0,645808.2435491085
4043,HGS-TV,173802.0,645871.4582931995
4044,HGS-TV,173802.0,646003.1944139004
4045,HGS-TV,173802.0,646197.9432635307
4046,HGS-TV,173802.0,646258.017868042
4047,HGS-TV,173802.0,646318.0927257538
4048,HGS-TV,173802.0,646452.9341259003
4049,HGS-TV,173802.0,646513.089769125
4050,HGS-TV,173802.0,646573.2085728645
4051,HGS-TV,173802.0,646658.1378645897
4052,HGS-TV,173802.0,646718.2119350433
4053,HGS-TV,173802.0,646778.5026674271
4054,HGS-TV,173802.0,647055.3867456913
4055,HGS-TV,173802.0,647138.2973542213
4056,HGS-TV,173802.0,647440.164513588
4057,HGS-TV,173802.0,647557.2515211105
4058,HGS-TV,173802.0,647635.592206955
4059,HGS-TV,173802.0,647695.757152319
4060,HGS-TV,173802.0,647756.1052184105
4061,HGS-TV,173802.0,647948.9089689255
4062,HGS-TV,173802.0,648009.0192711353
4063,HGS-TV,173802.0,648069.1319794655
4064,HGS-TV,173802.0,648158.0296156406
4065,HGS-TV,173802.0,648268.9081244469
4066,HGS-TV,173802.0,648424.5158920288
4067,HGS-TV,173802.0,648484.6113014221
4068,HGS-TV,173802.0,648544.7349748611
4069,HGS-TV,173802.0,648632.5986206532
4070,HGS-TV,173802.0,648692.7617835999
4071,HGS-TV,173802.0,648968.4833359718
4072,HGS-TV,173802.0,649028.6842501163
4073,HGS-TV,173802.0,649273.6436743736
4074,HGS-TV,173802.0,649444.9853107929
4075,HGS-TV,173802.0,649505.0533313751
4076,HGS-TV,173802.0,649654.7463088036
4077,HGS-TV,173802.0,649714.8482606411
4078,HGS-TV,173802.0,650126.1989994049
4079,HGS-TV,173802.0,650209.4049491882
4080,HGS-TV,173802.0,650352.8052353859
4081,HGS-TV,173802.0,650525.818718195
4082,HGS-TV,173802.0,650585.836414814
4083,HGS-TV,173802.0,650701.9436097145
4084,HGS-TV,173802.0,650764.8840055466
4085,HGS-TV,173802.0,650940.5204827785
4086,HGS-TV,173802.0,651185.5031507015
4087,HGS-TV,173802.0,651245.5745449066
4088,HGS-TV,173802.0,651387.9697566032
4089,HGS-TV,173802.0,651447.99766469
4090,HGS-TV,173802.0,651551.8988633156
4091,HGS-TV,173802.0,651611.9476137161
4092,HGS-TV,173802.0,651758.7686755657
4093,HGS-TV,173802.0,651966.6403586864
4094,HGS-TV,173802.0,652079.7343063354
4095,HGS-TV,173802.0,652139.8661148548
4096,HGS-TV,173802.0,652290.5495266914
4097,HGS-TV,173802.0,652350.6173505783
4098,HGS-TV,173802.0,652730.7677562237
4099,HGS-TV,173802.0,653204.2543861866
4100,HGS-TV,173802.0,653300.0803575516
4101,HGS-TV,173802.0,653439.8453514576
4102,HGS-TV,173802.0,653592.2868041992
4103,HGS-TV,173802.0,653652.5177884102
4104,HGS-TV,173802.0,653742.3185350895
4105,HGS-TV,173802.0,653802.4148452282
4106,HGS-TV,173802.0,653862.4918532372
4107,HGS-TV,173802.0,653922.5663909912
4108,HGS-TV,173802.0,653996.5879869461
4109,HGS-TV,173802.0,654129.4822480679
4110,HGS-TV,173802.0,654341.5008325577
4111,HGS-TV,173802.0,654401.567712307
4112,HGS-TV,173802.0,654462.3965601921
4113,HGS-TV,173802.0,654522.4621567726
4114,HGS-TV,173802.0,654613.9687108994
4115,HGS-TV,173802.0,654691.6648612022
4116,HGS-TV,173802.0,654923.5632388592
4117,HGS-TV,173802.0,654983.823744297
4118,HGS-TV,173802.0,655234.2073128223
4119,HGS-TV,173802.0,655294.276058197
4120,HGS-TV,173802.0,655669.3957803249
4121,HGS-TV,173802.0,655729.6809213161
4122,HGS-TV,173802.0,655789.7760145664
4123,HGS-TV,173802.0,655895.2884209156
4124,HGS-TV,173802.0,655955.3481929302
4125,HGS-TV,173802.0,656109.5250928402
4126,HGS-TV,173802.0,656169.5560848713
4127,HGS-TV,173802.0,656229.581140995
4128,HGS-TV,173802.0,656289.7691576481
4129,HGS-TV,173802.0,656349.8688209057
4130,HGS-TV,173802.0,656517.5789465904
4131,HGS-TV,173802.0,656577.6611628532
4132,HGS-TV,173802.0,656709.4758484364
4133,HGS-TV,173802.0,656814.9740614891
4134,HGS-TV,173802.0,656875.003041029
4135,HGS-TV,173802.0,656935.1770563126
4136,HGS-TV,173802.0,657069.840949297
4137,HGS-TV,173802.0,657179.9215602875
4138,HGS-TV,173802.0,657240.0636250973
4139,HGS-TV,173802.0,657445.3657777309
4140,HGS-TV,173802.0,657532.2534291744
4141,HGS-TV,173802.0,657592.3199613094
4142,HGS-TV,173802.0,657710.5344228745
4143,HGS-TV,173802.0,657855.4959950447
4144,HGS-TV,173802.0,657915.5069744587
4145,HGS-TV,173802.0,657975.6682248116
4146,HGS-TV,173802.0,658073.1717998981
4147,HGS-TV,173802.0,658133.2059276104
4148,HGS-TV,173802.0,658193.3266777992
4149,HGS-TV,173802.0,658253.4767720699
4150,HGS-TV,173802.0,658369.2881922722
4151,HGS-TV,173802.0,658519.219190836
4152,HGS-TV,173802.0,658650.6907732487
4153,HGS-TV,173802.0,658710.9833233356
4154,HGS-TV,173802.0,658771.203704834
4155,HGS-TV,173802.0,658888.6665277481
4156,HGS-TV,173802.0,659075.570215702
4157,HGS-TV,173802.0,659135.6129591465
4158,HGS-TV,173802.0,659195.8291957378
4159,HGS-TV,173802.0,659256.0837957859
4160,HGS-TV,173802.0,659320.5626313686
4161,HGS-TV,173802.0,659380.7197432518
4162,HGS-TV,173802.0,659487.1809315681
4163,HGS-TV,173802.0,659643.2941274643
4164,HGS-TV,173802.0,659703.3557364941
4165,HGS-TV,173802.0,659860.3489048481
4166,HGS-TV,173802.0,660170.2634634972
4167,HGS-TV,173802.0,660230.5444536209
4168,HGS-TV,173802.0,660290.5535421371
4169,HGS-TV,173802.0,660558.200499773
4170,HGS-TV,173802.0,660618.3715121746
4171,HGS-TV,173802.0,660693.6812524796
4172,HGS-TV,173802.0,660753.8543410301
4173,HGS-TV,173802.0,660813.9788661003
4174,HGS-TV,173802.0,660919.6358907223
4175,HGS-TV,173802.0,661050.6555302143
4176,HGS-TV,173802.0,661110.9303817749
4177,HGS-TV,173802.0,661171.0280120373
4178,HGS-TV,173802.0,661240.0595817566
4179,HGS-TV,173802.0,661318.6179924011
4180,HGS-TV,173802.0,661470.3243076801
4181,HGS-TV,173802.0,661530.4050545692
4182,HGS-TV,173802.0,661741.0651507378
4183,HGS-TV,173802.0,661856.7524936199
4184,HGS-TV,173802.0,661916.7595899105
4185,HGS-TV,173802.0,662033.4537816048
4186,HGS-TV,173802.0,662146.9344115257
4187,HGS-TV,173802.0,662206.93689394
4188,HGS-TV,173802.0,662267.1055772305
4189,HGS-TV,173802.0,662542.8111207485
4190,HGS-TV,173802.0,662603.0815932751
4191,HGS-TV,173802.0,662849.4163105488
4192,HGS-TV,173802.0,663184.6362147331
4193,HGS-TV,173802.0,663269.159684658
4194,HGS-TV,173802.0,663491.3945970535
4195,HGS-TV,173802.0,663551.7287662029
4196,HGS-TV,173802.0,663678.6095159054
4197,HGS-TV,173802.0,664098.0294196606
4198,HGS-TV,173802.0,664467.6305477619
4199,HGS-TV,173802.0,664527.6694464684
4200,HGS-TV,173802.0,664587.7293074131
4201,HGS-TV,173802.0,664741.9815852642
4202,HGS-TV,173802.0,664842.131916523
4203,HGS-TV,173802.0,664902.1481103897
4204,HGS-TV,173802.0,665084.1578612328
4205,HGS-TV,173802.0,665144.3047261238
4206,HGS-TV,173802.0,665403.2911393642
4207,HGS-TV,173802.0,665463.4448685646
4208,HGS-TV,173802.0,666012.1997284889
4209,HGS-TV,173802.0,666225.93851161
4210,HGS-TV,173802.0,666612.6413960457
4211,HGS-TV,173802.0,666942.6670539379
4212,HGS-TV,173802.0,667002.8547582626
4213,HGS-TV,173802.0,667063.123153925
4214,HGS-TV,173802.0,667981.3919944763
4215,HGS-TV,173802.0,668041.4741621017
4216,HGS-TV,173802.0,668101.8080656528
4217,HGS-TV,173802.0,668307.0182967186
4218,HGS-TV,173802.0,668460.6573078632
4219,HGS-TV,173802.0,668874.065587759
4220,HGS-TV,173802.0,668934.1006765366
4221,HGS-TV,173802.0,669247.6348063946
4222,HGS-TV,173802.0,669469.5628752708
4223,HGS-TV,173802.0,669790.8952679634
4224,HGS-TV,173802.0,669886.9506597519
4225,HGS-TV,173802.0,669975.9764008522
4226,HGS-TV,173802.0,670036.0844788551
4227,HGS-TV,173802.0,670096.2100961208
4228,HGS-TV,173802.0,670287.469784975
4229,HGS-TV,173802.0,670396.8743560314
4230,HGS-TV,173802.0,670456.8852365017
4231,HGS-TV,173802.0,670516.9590320587
4232,HGS-TV,173802.0,670870.9109356403
4233,HGS-TV,173802.0,670988.3402471542
4234,HGS-TV,173802.0,671061.9674782753
4235,HGS-TV,173802.0,671158.7275774479
4236,HGS-TV,173802.0,671218.9007322788
4237,HGS-TV,173802.0,671279.1647324562
4238,HGS-TV,173802.0,671442.9650931358
4239,HGS-TV,173802.0,671503.0582664013
4240,HGS-TV,173802.0,671626.3682112694
4241,HGS-TV,173802.0,671794.9365415573
4242,HGS-TV,173802.0,671859.0486400127
4243,HGS-TV,173802.0,671919.1618936062
4244,HGS-TV,173802.0,672135.6939949989
4245,HGS-TV,173802.0,672484.1644587517
4246,HGS-TV,173802.0,672544.2641453743
4247,HGS-TV,173802.0,672624.3343174458
4248,HGS-TV,173802.0,672912.037655592
4249,HGS-TV,173802.0,673259.309151411
4250,HGS-TV,173802.0,673367.1353635788
4251,HGS-TV,173802.0,673437.2099328041
4252,HGS-TV,173802.0,673497.2502892017
4253,HGS-TV,173802.0,673847.9636209011
4254,HGS-TV,173802.0,673920.7592697144
4255,HGS-TV,173802.0,674176.5230488777
4256,HGS-TV,173802.0,675097.1151537895
4257,HGS-TV,173802.0,675803.8650188446
4258,HGS-TV,173802.0,675912.1552121639
4259,HGS-TV,173802.0,676063.9344775677
4260,ails2_etaMax1.000_stoppingTime1728000.00,174487.0,676756.6422644043
4261,ails2_etaMax1.000_stoppingTime1728000.00,174485.0,677204.5812644043
4262,ails2_etaMax1.000_stoppingTime1728000.00,174455.0,677208.1262644043
4263,HGS-TV,173802.0,677761.5875749588
4264,HGS-TV,173802.0,677896.2502887249
4265,HGS-TV,173802.0,678126.398758173
4266,HGS-TV,173802.0,679842.7469723225
4267,HGS-TV,173802.0,680906.6045064926
4268,ails2_etaMax1.000_stoppingTime1728000.00,174441.0,681176.3782644043
4269,ails2_etaMax1.000_stoppingTime1728000.00,174433.0,681178.4572644043
4270,HGS-TV,173802.0,681682.7749385834
4271,HGS-TV,173802.0,682052.8346419334
4272,HGS-TV,173802.0,682386.2601885796
4273,HGS-TV,173802.0,682446.28622365
4274,HGS-TV,173802.0,682506.2962977886
4275,HGS-TV,173802.0,682982.593019247
4276,HGS-TV,173802.0,683219.8991501331
4277,HGS-TV,173802.0,683377.7041862011
4278,ails2_etaMax1.000_stoppingTime1728000.00,174419.0,683390.3022644043
4279,ails2_etaMax1.000_stoppingTime1728000.00,174400.0,683390.4772644043
4280,HGS-TV,173802.0,683537.6905179024
4281,HGS-TV,173802.0,683597.7485868931
4282,HGS-TV,173802.0,683724.1618227959
4283,HGS-TV,173802.0,683784.3257303238
4284,HGS-TV,173802.0,684003.024919033
4285,HGS-TV,173802.0,684229.6092453003
4286,HGS-TV,173802.0,684290.1042606831
4287,HGS-TV,173802.0,684715.3025326729
4288,HGS-TV,173802.0,684775.380671978
4289,HGS-TV,173802.0,685341.7420330048
4290,HGS-TV,173802.0,685566.7620766163
4291,HGS-TV,173802.0,685626.9433763027
4292,HGS-TV,173802.0,686906.9477119446
4293,HGS-TV,173802.0,687119.1599173546
4294,HGS-TV,173802.0,689232.1462652683
4295,HGS-TV,173802.0,689446.6221334934
4296,HGS-TV,173802.0,689506.676459074
4297,HGS-TV,173802.0,689566.6815624237
4298,HGS-TV,173802.0,692059.701802969
4299,HGS-TV,173802.0,695016.5990519524
4300,HGS-TV,173802.0,695076.656817913
4301,HGS-TV,173802.0,696060.8773710728
4302,HGS-TV,173802.0,696565.2037656307
4303,HGS-TV,173802.0,697069.7542920113
4304,HGS-TV,173802.0,697532.6312057972
4305,HGS-TV,173802.0,697864.7242777348
4306,HGS-TV,173802.0,698042.2340831757
4307,HGS-TV,173802.0,698172.2877810001
4308,HGS-TV,173802.0,698348.0890746117
4309,HGS-TV,173802.0,698507.1220200062
4310,HGS-TV,173802.0,699372.9529983997
4311,HGS-TV,173802.0,699435.7589743137
4312,HGS-TV,173802.0,699841.3930814266
4313,HGS-TV,173802.0,699901.4488956928
4314,HGS-TV,173802.0,699961.6108574867
4315,HGS-TV,173802.0,700025.0514583588
4316,HGS-TV,173802.0,700085.1563980579
4317,HGS-TV,173802.0,700722.525908947
4318,HGS-TV,173802.0,700989.7527780533
4319,ails2_etaMax1.000_stoppingTime1728000.00,174399.0,703387.1782644043
4320,ails2_etaMax1.000_stoppingTime1728000.00,174388.0,703500.0522644043
4321,ails2_etaMax1.000_stoppingTime1728000.00,174357.0,703505.4102644043
4322,ails2_etaMax1.000_stoppingTime1728000.00,174343.0,703963.0092644043
4323,ails2_etaMax1.000_stoppingTime1728000.00,174340.0,703963.2692644043
4324,HGS-TV,173802.0,704934.5974161625
4325,HGS-TV,173802.0,704994.7504570484
4326,HGS-TV,173802.0,705054.8861246109
4327,HGS-TV,173802.0,705114.9867055416
4328,HGS-TV,173802.0,705175.0896804333
4329,HGS-TV,173802.0,705235.1021461487
4330,HGS-TV,173802.0,705295.2107822895
4331,HGS-TV,173802.0,705355.2550668716
4332,HGS-TV,173802.0,705415.2934420109
4333,HGS-TV,173802.0,705475.4598429203
4334,HGS-TV,173802.0,705535.5993874073
4335,HGS-TV,173802.0,705630.4425046444
4336,HGS-TV,173802.0,705690.4459500313
4337,HGS-TV,173802.0,705922.1075453758
4338,HGS-TV,173802.0,705982.1451559067
4339,HGS-TV,173802.0,706042.3415791988
4340,HGS-TV,173802.0,706102.3843889236
4341,HGS-TV,173802.0,706265.0544838905
4342,HGS-TV,173802.0,706332.7141292095
4343,HGS-TV,173802.0,706392.8076398373
4344,HGS-TV,173802.0,706617.2836997509
4345,HGS-TV,173802.0,706677.3699347973
4346,HGS-TV,173802.0,707246.788226366
4347,HGS-TV,173802.0,707431.0434093475
4348,HGS-TV,173802.0,707641.3149855137
4349,HGS-TV,173802.0,707701.4634580612
4350,HGS-TV,173802.0,707842.7115473747
4351,HGS-TV,173802.0,707902.8022508621
4352,HGS-TV,173802.0,708506.8000545502
4353,HGS-TV,173802.0,708586.3473987579
4354,HGS-TV,173802.0,708646.4668068886
4355,HGS-TV,173802.0,709069.169570446
4356,HGS-TV,173802.0,709152.0052471161
4357,HGS-TV,173802.0,709237.5261199474
4358,HGS-TV,173802.0,709706.766865015
4359,HGS-TV,173802.0,710089.1623106003
4360,HGS-TV,173802.0,710159.0374650955
4361,HGS-TV,173802.0,710683.7765314579
4362,HGS-TV,173802.0,710870.1645305157
4363,HGS-TV,173802.0,710930.3724668026
4364,HGS-TV,173802.0,711153.180179596
4365,HGS-TV,173802.0,711213.3682527542
4366,HGS-TV,173802.0,711273.4688351154
4367,HGS-TV,173802.0,711363.0837645531
4368,HGS-TV,173802.0,711423.1538369656
4369,HGS-TV,173802.0,711483.1804471016
4370,HGS-TV,173802.0,711543.4240217209
4371,HGS-TV,173802.0,711603.5192289352
4372,HGS-TV,173802.0,711744.9078228474
4373,HGS-TV,173802.0,711895.8279633522
4374,HGS-TV,173802.0,711956.1979248524
4375,HGS-TV,173802.0,712098.0101621151
4376,HGS-TV,173802.0,712176.9260873795
4377,HGS-TV,173802.0,712236.9889054298
4378,HGS-TV,173802.0,712366.7038781643
4379,HGS-TV,173802.0,712443.9194171429
4380,HGS-TV,173802.0,712518.1045734882
4381,HGS-TV,173802.0,712689.2817451954
4382,HGS-TV,173802.0,712766.4530243874
4383,HGS-TV,173802.0,713063.7160942554
4384,HGS-TV,173802.0,713249.3192296028
4385,ails2_etaMax1.000_stoppingTime1728000.00,174339.0,713293.5012644043
4386,HGS-TV,173802.0,713309.4507763386
4387,HGS-TV,173802.0,713369.5113871098
4388,HGS-TV,173802.0,713429.6084551811
4389,HGS-TV,173802.0,713550.2084057331
4390,HGS-TV,173802.0,713664.874712944
4391,HGS-TV,173802.0,713857.1980113983
4392,HGS-TV,173802.0,713974.0654158592
4393,HGS-TV,173802.0,714225.0537889004
4394,HGS-TV,173802.0,714285.2748548985
4395,HGS-TV,173802.0,714347.5884666443
4396,HGS-TV,173802.0,714577.3004465103
4397,HGS-TV,173802.0,714695.3905582428
4398,HGS-TV,173802.0,714760.2682852745
4399,HGS-TV,173802.0,714894.6611945629
4400,HGS-TV,173802.0,714954.8799228668
4401,HGS-TV,173802.0,715020.5858147144
4402,HGS-TV,173802.0,715080.7782771587
4403,HGS-TV,173802.0,715140.8549666405
4404,HGS-TV,173802.0,715249.8738684654
4405,HGS-TV,173802.0,715309.9550154209
4406,HGS-TV,173802.0,715397.8113958836
4407,HGS-TV,173802.0,715458.0588316917
4408,HGS-TV,173802.0,715578.1763446331
4409,HGS-TV,173802.0,715638.2294733524
4410,HGS-TV,173802.0,715698.4199655056
4411,HGS-TV,173802.0,715758.4235692024
4412,HGS-TV,173802.0,715818.5546319485
4413,HGS-TV,173802.0,715955.6549444199
4414,HGS-TV,173802.0,716015.9371116161
4415,HGS-TV,173802.0,716075.9788601398
4416,HGS-TV,173802.0,716331.4040579796
4417,HGS-TV,173802.0,716391.5006246567
4418,HGS-TV,173802.0,716465.8207769394
4419,HGS-TV,173802.0,716525.8800718784
4420,HGS-TV,173802.0,716607.6213684082
4421,HGS-TV,173802.0,717008.4803366661
4422,HGS-TV,173802.0,717068.8178999424
4423,HGS-TV,173802.0,717128.8349797726
4424,HGS-TV,173802.0,717188.9249680042
4425,HGS-TV,173802.0,717249.0954926014
4426,HGS-TV,173802.0,717344.6256501675
4427,HGS-TV,173802.0,717404.7744939327
4428,HGS-TV,173802.0,717651.7863500118
4429,HGS-TV,173802.0,717711.8243472576
4430,HGS-TV,173802.0,717772.0275466442
4431,HGS-TV,173802.0,718192.9324250221
4432,HGS-TV,173802.0,718372.1054580212
4433,HGS-TV,173802.0,718432.2808873653
4434,HGS-TV,173802.0,718492.5323934555
4435,HGS-TV,173802.0,718652.1398024559
4436,HGS-TV,173802.0,718712.2774057388
4437,HGS-TV,173802.0,718772.6529941559
4438,HGS-TV,173802.0,719028.2531001568
4439,HGS-TV,173802.0,719196.3150696754
4440,HGS-TV,173802.0,719256.412027359
4441,HGS-TV,173802.0,719316.6025664806
4442,ails2_etaMax1.000_stoppingTime1728000.00,174338.0,719411.2532644043
4443,ails2_etaMax1.000_stoppingTime1728000.00,174322.0,719411.5122644043
4444,HGS-TV,173802.0,719496.7030520439
4445,HGS-TV,173802.0,719556.7880120277
4446,HGS-TV,173802.0,719667.5141031742
4447,HGS-TV,173802.0,719781.3162024021
4448,HGS-TV,173802.0,719876.4443922043
4449,HGS-TV,173802.0,720015.4128570557
4450,HGS-TV,173802.0,720075.4942963123
4451,HGS-TV,173802.0,720296.596824646
4452,HGS-TV,173802.0,720455.3713853359
4453,HGS-TV,173802.0,720644.1487534046
4454,HGS-TV,173802.0,720783.2142996788
4455,HGS-TV,173802.0,720854.6950647831
4456,HGS-TV,173802.0,721141.8808181286
4457,HGS-TV,173802.0,721456.914368391
4458,HGS-TV,173802.0,721533.9241178036
4459,HGS-TV,173802.0,721727.5414254665
4460,HGS-TV,173802.0,721787.6956396103
4461,HGS-TV,173802.0,722360.6539361477
4462,HGS-TV,173802.0,722489.9262712002
4463,HGS-TV,173802.0,722550.1933534145
4464,HGS-TV,173802.0,722705.7741589546
4465,HGS-TV,173802.0,722788.1139614582
4466,HGS-TV,173802.0,722848.2913162708
4467,HGS-TV,173802.0,722989.5166323185
4468,HGS-TV,173802.0,723054.9033994675
4469,HGS-TV,173802.0,723216.2440574169
4470,HGS-TV,173802.0,723276.2492537498
4471,HGS-TV,173802.0,723392.9342138767
4472,HGS-TV,173802.0,723452.9866466522
4473,HGS-TV,173802.0,723513.1526036263
4474,HGS-TV,173802.0,723579.2971031666
4475,HGS-TV,173802.0,723668.1844348907
4476,HGS-TV,173802.0,723760.7035536766
4477,HGS-TV,173802.0,723950.1627342701
4478,HGS-TV,173802.0,724049.619405508
4479,HGS-TV,173802.0,724177.4130682945
4480,HGS-TV,173802.0,724246.3068928719
4481,HGS-TV,173802.0,724408.2286098003
4482,HGS-TV,173802.0,724468.269415617
4483,HGS-TV,173802.0,724583.2301299572
4484,ails2_etaMax1.000_stoppingTime1728000.00,174320.0,724636.3352644043
4485,HGS-TV,173802.0,724800.2520055771
4486,HGS-TV,173802.0,724860.4334793091
4487,HGS-TV,173802.0,725023.9959321022
4488,HGS-TV,173802.0,725084.1073732376
4489,HGS-TV,173802.0,725175.6898293495
4490,HGS-TV,173802.0,725310.1130759716
4491,HGS-TV,173802.0,725370.2961220741
4492,HGS-TV,173802.0,725430.3272218704
4493,HGS-TV,173802.0,725642.8280837536
4494,HGS-TV,173802.0,725816.9415750504
4495,HGS-TV,173802.0,725877.0579123497
4496,HGS-TV,173802.0,725937.114926815
4497,HGS-TV,173802.0,726131.3081965446
4498,HGS-TV,173802.0,726430.62779212
4499,HGS-TV,173802.0,726678.2849230766
4500,HGS-TV,173802.0,726919.9360761642
4501,HGS-TV,173802.0,727178.9696192741
4502,HGS-TV,173802.0,727238.9787113667
4503,ails2_etaMax1.000_stoppingTime864000.00,173882.0,727269.4062644043
4504,HGS-TV,173802.0,727299.079474926
4505,ails2_etaMax1.000_stoppingTime864000.00,173879.0,727269.5322644043
4506,HGS-TV,173802.0,727940.2635662556
4507,HGS-TV,173802.0,728078.4698326588
4508,ails2_etaMax1.000_stoppingTime864000.00,173878.0,728304.2602644044
4509,HGS-TV,173802.0,728542.3717908859
4510,HGS-TV,173802.0,728617.3171648979
4511,HGS-TV,173802.0,728688.6455028057
4512,HGS-TV,173802.0,728855.7225980759
4513,HGS-TV,173802.0,729116.1395952702
4514,HGS-TV,173802.0,729237.391402483
4515,HGS-TV,173802.0,729321.7028119564
4516,HGS-TV,173802.0,729473.0025088787
4517,HGS-TV,173802.0,729533.0542223454
4518,HGS-TV,173802.0,729593.0936148167
4519,HGS-TV,173802.0,729653.3510723114
4520,HGS-TV,173802.0,729799.6061401367
4521,HGS-TV,173802.0,729859.7599093914
4522,HGS-TV,173802.0,729919.7747249603
4523,HGS-TV,173802.0,729979.9349446297
4524,HGS-TV,173802.0,730040.1161954403
4525,HGS-TV,173802.0,730191.8485484123
4526,HGS-TV,173802.0,730251.8963046074
4527,HGS-TV,173802.0,730311.9142012596
4528,HGS-TV,173802.0,730371.9357755184
4529,HGS-TV,173802.0,730572.0491366386
4530,HGS-TV,173802.0,730632.2017774582
4531,HGS-TV,173802.0,730692.3721985817
4532,HGS-TV,173802.0,730752.6764850616
4533,HGS-TV,173802.0,730874.4644789696
4534,HGS-TV,173802.0,730934.7273235321
4535,HGS-TV,173802.0,730994.8637537956
4536,HGS-TV,173802.0,731054.8952543736
4537,HGS-TV,173802.0,731114.912094593
4538,HGS-TV,173802.0,731230.379814148
4539,HGS-TV,173802.0,731290.6270701885
4540,HGS-TV,173802.0,731350.6591539383
4541,HGS-TV,173802.0,731410.6610901356
4542,HGS-TV,173802.0,731470.740439415
4543,HGS-TV,173802.0,731530.8732068539
4544,HGS-TV,173802.0,731590.8825030327
4545,HGS-TV,173802.0,731701.0104465485
4546,HGS-TV,173802.0,731761.0873064995
4547,HGS-TV,173802.0,731845.4201478958
4548,HGS-TV,173802.0,732170.4131147861
4549,HGS-TV,173802.0,732385.3497216702
4550,ails2_etaMax1.000_stoppingTime864000.00,173876.0,732461.7832644043
4551,HGS-TV,173802.0,732481.6845180988
4552,HGS-TV,173802.0,732581.4986283779
4553,HGS-TV,173802.0,732783.1787950993
4554,HGS-TV,173802.0,732843.1801767349
4555,HGS-TV,173802.0,732949.575461626
4556,HGS-TV,173802.0,733079.936164856
4557,ails2_etaMax1.000_stoppingTime864000.00,173875.0,733836.2422644043
4558,HGS-TV,173802.0,733853.7424843311
4559,HGS-TV,173802.0,733969.5126435757
4560,HGS-TV,173802.0,734029.5715699196
4561,HGS-TV,173802.0,734089.6388511658
4562,HGS-TV,173802.0,734223.0940036774
4563,HGS-TV,173802.0,734305.0913009644
4564,HGS-TV,173802.0,734365.1431770325
4565,HGS-TV,173802.0,734425.2952685356
4566,HGS-TV,173802.0,734524.0250430107
4567,HGS-TV,173802.0,734604.919388771
4568,HGS-TV,173802.0,734834.7036607265
4569,HGS-TV,173802.0,734974.22052145
4570,HGS-TV,173802.0,735098.4426076412
4571,HGS-TV,173802.0,735158.4644770622
4572,HGS-TV,173802.0,735433.6605217457
4573,HGS-TV,173802.0,736004.4208061695
4574,HGS-TV,173802.0,736064.579146862
4575,HGS-TV,173802.0,736191.9464652538
4576,HGS-TV,173802.0,736293.5003216267
4577,HGS-TV,173802.0,736440.8285431862
4578,HGS-TV,173802.0,736693.6264135838
4579,HGS-TV,173802.0,736901.7394583225
4580,HGS-TV,173802.0,737088.4716279507
4581,HGS-TV,173802.0,737148.6128854752
4582,HGS-TV,173802.0,737317.8092060089
4583,HGS-TV,173802.0,737604.6859023571
4584,HGS-TV,173802.0,737687.722742796
4585,HGS-TV,173802.0,737747.7586848736
4586,HGS-TV,173802.0,737807.8999016285
4587,HGS-TV,173802.0,737933.889975071
4588,HGS-TV,173802.0,738034.1099362373
4589,HGS-TV,173802.0,738191.9468011856
4590,HGS-TV,173802.0,738252.1639080048
4591,HGS-TV,173802.0,738538.944571495
4592,HGS-TV,173802.0,738964.7422440052
4593,HGS-TV,173802.0,739034.4730837345
4594,HGS-TV,173802.0,739094.4973516464
4595,ails2_etaMax1.000_stoppingTime864000.00,173874.0,739108.3822644043
4596,HGS-TV,173802.0,739648.9906933308
4597,ails2_etaMax1.000_stoppingTime864000.00,173872.0,739729.9872644043
4598,HGS-TV,173802.0,740165.0008645058
4599,HGS-TV,173802.0,740417.6972403526
4600,HGS-TV,173802.0,740477.9151747227
4601,HGS-TV,173802.0,740537.9238071442
4602,HGS-TV,173802.0,741139.0141153336
4603,HGS-TV,173802.0,741210.9004840851
4604,HGS-TV,173802.0,741404.9440038204
4605,HGS-TV,173802.0,741465.0288920403
4606,HGS-TV,173802.0,741890.3826682568
4607,HGS-TV,173802.0,742010.7346765995
4608,HGS-TV,173802.0,742110.3668711185
4609,HGS-TV,173802.0,742170.4028120041
4610,ails2_etaMax1.000_stoppingTime864000.00,173871.0,742227.7562644043
4611,HGS-TV,173802.0,742230.5258097649
4612,HGS-TV,173802.0,742290.5883002281
4613,HGS-TV,173802.0,742350.811465025
4614,HGS-TV,173802.0,742410.8163189888
4615,HGS-TV,173802.0,742470.8538312912
4616,HGS-TV,173802.0,742895.3117878437
4617,HGS-TV,173802.0,743013.0835578442
4618,HGS-TV,173802.0,743073.130253315
4619,HGS-TV,173802.0,743166.2519843578
4620,HGS-TV,173802.0,743239.3709378242
4621,HGS-TV,173802.0,743737.7468364239
4622,HGS-TV,173802.0,743925.0547406673
4623,ails2_etaMax1.000_stoppingTime1728000.00,174319.0,744416.3502644043
4624,ails2_etaMax1.000_stoppingTime1728000.00,174291.0,744416.4182644043
4625,ails2_etaMax1.000_stoppingTime864000.00,173870.0,744770.8482644043
4626,ails2_etaMax1.000_stoppingTime864000.00,173869.0,744770.9142644043
4627,HGS-TV,173802.0,745149.7834868431
4628,HGS-TV,173802.0,745209.8776583672
4629,HGS-TV,173802.0,745848.0418598652
4630,HGS-TV,173802.0,745937.4150869846
4631,HGS-TV,173802.0,746009.5526907444
4632,HGS-TV,173802.0,746069.608322382
4633,HGS-TV,173802.0,746129.6407828331
4634,HGS-TV,173802.0,746189.7729048729
4635,HGS-TV,173802.0,746281.7630782127
4636,HGS-TV,173802.0,746451.333340168
4637,HGS-TV,173802.0,746573.9012846947
4638,HGS-TV,173802.0,746704.0891005993
4639,HGS-TV,173802.0,747199.1098680496
4640,HGS-TV,173802.0,747298.5682878494
4641,HGS-TV,173802.0,747362.9580817223
4642,HGS-TV,173802.0,747430.2896146774
4643,HGS-TV,173802.0,747490.4128434658
4644,HGS-TV,173802.0,747907.8422265053
4645,HGS-TV,173802.0,748023.73691082
4646,HGS-TV,173802.0,748139.1842803955
4647,HGS-TV,173802.0,748274.041536808
4648,ails2_etaMax1.000_stoppingTime1728000.00,174286.0,748287.8592644043
4649,ails2_etaMax1.000_stoppingTime1728000.00,174280.0,748287.9252644043
4650,HGS-TV,173802.0,748438.1453547478
4651,HGS-TV,173802.0,748498.3322005272
4652,HGS-TV,173802.0,748858.0556538105
4653,HGS-TV,173802.0,749728.92182374
4654,HGS-TV,173802.0,752099.3520412445
4655,HGS-TV,173802.0,752366.5924715996
4656,HGS-TV,173802.0,752426.6000127792
4657,HGS-TV,173802.0,753589.3976163864
4658,HGS-TV,173802.0,753649.5895917416
4659,HGS-TV,173802.0,753716.4578659534
4660,HGS-TV,173802.0,754064.8348197937
4661,HGS-TV,173802.0,754124.9320743084
4662,HGS-TV,173802.0,755908.3986113071
4663,HGS-TV,173802.0,756346.9021391869
4664,HGS-TV,173802.0,756407.1030392647
4665,HGS-TV,173802.0,756467.1115894318
4666,HGS-TV,173802.0,757252.9707245827
4667,HGS-TV,173802.0,757428.9499335289
4668,ails2_etaMax1.000_stoppingTime1728000.00,174275.0,757638.4892644043
4669,HGS-TV,173802.0,757665.1546001434
4670,ails2_etaMax1.000_stoppingTime1728000.00,174261.0,757638.5352644043
4671,HGS-TV,173802.0,757725.1625328064
4672,HGS-TV,173802.0,757785.2509219646
4673,HGS-TV,173802.0,757916.4368162155
4674,ails2_etaMax1.000_stoppingTime1728000.00,174259.0,758749.1892644044
4675,ails2_etaMax1.000_stoppingTime1728000.00,174237.0,758749.5722644043
4676,HGS-TV,173802.0,760303.7212634087
4677,HGS-TV,173802.0,762408.2874383926
4678,HGS-TV,173802.0,765990.8238668442
4679,HGS-TV,173802.0,766050.8726985455
4680,HGS-TV,173802.0,766121.9359793663
4681,HGS-TV,173802.0,766226.3854055405
4682,HGS-TV,173802.0,766625.8093907833
4683,HGS-TV,173802.0,768253.9526786804
4684,HGS-TV,173802.0,768638.4791862965
4685,HGS-TV,173802.0,768995.706043005
4686,HGS-TV,173802.0,769081.2439181805
4687,HGS-TV,173802.0,770131.0222091675
4688,HGS-TV,173802.0,772278.9228975773
4689,HGS-TV,173802.0,772578.691239357
4690,HGS-TV,173802.0,772638.7796881199
4691,ails2_etaMax1.000_stoppingTime1728000.00,174233.0,773846.7432644042
4692,ails2_etaMax1.000_stoppingTime1728000.00,174230.0,773846.7822644043
4693,HGS-TV,173802.0,773919.4113094807
4694,HGS-TV,173802.0,775714.6043422222
4695,HGS-TV,173802.0,776562.9114620686
4696,HGS-TV,173802.0,778869.2187247276
4697,HGS-TV,173802.0,779410.2917375565
4698,HGS-TV,173802.0,779635.1325781345
4699,HGS-TV,173802.0,781363.9633741379
4700,HGS-TV,173802.0,781657.6137032509
4701,HGS-TV,173802.0,781754.5890758038
4702,HGS-TV,173802.0,784854.800470829
4703,HGS-TV,173802.0,785025.510140419
4704,HGS-TV,173802.0,785739.2738654613
4705,HGS-TV,173802.0,786132.4438421726
4706,HGS-TV,173802.0,786192.6981098652
4707,HGS-TV,173802.0,788296.7089629173
4708,ails2_etaMax1.000_stoppingTime1728000.00,174220.0,789918.1992644042
4709,ails2_etaMax1.000_stoppingTime1728000.00,174219.0,789918.2262644042
4710,HGS-TV,173802.0,792028.0074226856
4711,HGS-TV,173802.0,792088.1759257317
4712,HGS-TV,173802.0,792148.2456650734
4713,HGS-TV,173802.0,792208.3169386387
4714,HGS-TV,173802.0,792268.6208119392
4715,HGS-TV,173802.0,792328.6345818043
4716,HGS-TV,173802.0,792388.9220685959
4717,HGS-TV,173802.0,792448.935762167
4718,HGS-TV,173802.0,792684.1245074272
4719,HGS-TV,173802.0,792744.1574113369
4720,HGS-TV,173802.0,792826.3687989712
4721,HGS-TV,173802.0,792886.7404010296
4722,HGS-TV,173802.0,792946.8290295601
4723,ails2_etaMax1.000_stoppingTime1728000.00,174216.0,792951.9772644043
4724,ails2_etaMax1.000_stoppingTime1728000.00,174203.0,792952.1482644043
4725,HGS-TV,173802.0,793071.8278622627
4726,HGS-TV,173802.0,793220.7866029739
4727,HGS-TV,173802.0,793280.9256870747
4728,HGS-TV,173802.0,793346.0807843208
4729,HGS-TV,173802.0,793969.3621146679
4730,HGS-TV,173802.0,794106.9935941696
4731,HGS-TV,173802.0,794175.6259343624
4732,HGS-TV,173802.0,794377.7921442986
4733,HGS-TV,173802.0,794499.6898274422
4734,HGS-TV,173802.0,794891.0916876793
4735,HGS-TV,173802.0,794951.2123970985
4736,HGS-TV,173802.0,795011.2455875874
4737,HGS-TV,173802.0,795142.4227108955
4738,HGS-TV,173802.0,795254.5588724613
4739,HGS-TV,173802.0,795382.3997113705
4740,HGS-TV,173802.0,795442.4826626778
4741,HGS-TV,173802.0,795504.9648854733
4742,HGS-TV,173802.0,795625.3991465569
4743,HGS-TV,173802.0,795685.5657317638
4744,HGS-TV,173802.0,795871.6813952923
4745,HGS-TV,173802.0,795931.9514000416
4746,HGS-TV,173802.0,796248.6495530605
4747,HGS-TV,173802.0,798023.1239674091
4748,HGS-TV,173802.0,799039.881059885
4749,HGS-TV,173802.0,799116.947331667
4750,HGS-TV,173802.0,799521.0859601498
4751,HGS-TV,173802.0,800331.5348398685
4752,HGS-TV,173802.0,801215.1112699509
4753,HGS-TV,173802.0,801408.0894668102
4754,HGS-TV,173802.0,801525.1602926254
4755,HGS-TV,173802.0,802350.4555988312
4756,ails2_etaMax1.000_stoppingTime864000.00,173868.0,802736.9542644043
4757,HGS-TV,173802.0,803221.8775434494
4758,ails2_etaMax1.000_stoppingTime864000.00,173867.0,803257.3072644043
4759,HGS-TV,173802.0,803800.1888422966
4760,HGS-TV,173802.0,805620.1610994339
4761,HGS-TV,173802.0,805698.9890327454
4762,HGS-TV,173802.0,805912.8600456715
4763,HGS-TV,173802.0,805973.1344091892
4764,HGS-TV,173802.0,806456.9646673203
4765,ails2_etaMax1.000_stoppingTime1728000.00,174196.0,806605.1242644043
4766,HGS-TV,173802.0,807238.2627003193
4767,HGS-TV,173802.0,807545.4521315098
4768,HGS-TV,173802.0,807643.4145071507
4769,HGS-TV,173802.0,807824.6484518051
4770,HGS-TV,173802.0,808125.8978054523
4771,HGS-TV,173802.0,808186.0763077736
4772,HGS-TV,173802.0,808485.1356241703
4773,HGS-TV,173802.0,808545.2692866325
4774,HGS-TV,173802.0,808608.2154328823
4775,HGS-TV,173802.0,808679.3891839981
4776,HGS-TV,173802.0,808739.454767704
4777,HGS-TV,173802.0,808816.1803340912
4778,HGS-TV,173802.0,809008.841751337
4779,HGS-TV,173802.0,809420.6185786724
4780,HGS-TV,173802.0,809480.6484513283
4781,HGS-TV,173802.0,809540.6538050175
4782,HGS-TV,173802.0,809600.8125486374
4783,HGS-TV,173802.0,809996.113048315
4784,HGS-TV,173802.0,810853.3256649971
4785,HGS-TV,173802.0,811201.1632080078
4786,HGS-TV,173802.0,811379.5896146297
4787,HGS-TV,173802.0,811690.1987075806
4788,HGS-TV,173802.0,811846.8476481438
4789,HGS-TV,173802.0,812008.4557821751
4790,HGS-TV,173802.0,812552.9468824863
4791,HGS-TV,173802.0,813450.4238960743
4792,HGS-TV,173802.0,813536.994354248
4793,HGS-TV,173802.0,813793.4653365612
4794,HGS-TV,173802.0,813909.5922067165
4795,HGS-TV,173802.0,814011.6557600498
4796,HGS-TV,173802.0,814072.0125238895
4797,HGS-TV,173802.0,814132.1259250641
4798,HGS-TV,173802.0,814192.1970980167
4799,HGS-TV,173802.0,814252.3832981586
4800,HGS-TV,173802.0,814312.4903857708
4801,HGS-TV,173802.0,814587.3586947918
4802,HGS-TV,173802.0,814689.827993393
4803,HGS-TV,173802.0,815191.1987900734
4804,HGS-TV,173802.0,815332.7499272823
4805,HGS-TV,173802.0,815583.267636776
4806,HGS-TV,173802.0,815825.4748573303
4807,HGS-TV,173802.0,816041.6088426113
4808,HGS-TV,173802.0,816265.0234510899
4809,HGS-TV,173802.0,816705.3429026604
4810,HGS-TV,173802.0,816803.1270115376
4811,HGS-TV,173802.0,816863.167396307
4812,HGS-TV,173802.0,816994.3074448109
4813,HGS-TV,173802.0,817054.3931007385
4814,HGS-TV,173802.0,817153.6316809654
4815,HGS-TV,173802.0,817267.9670157433
4816,HGS-TV,173802.0,817346.511380434
4817,HGS-TV,173802.0,817430.8751506805
4818,HGS-TV,173802.0,817514.9229016304
4819,HGS-TV,173802.0,817575.0180068016
4820,HGS-TV,173802.0,817635.1384747028
4821,HGS-TV,173802.0,818003.095143795
4822,HGS-TV,173802.0,818063.1619122028
4823,HGS-TV,173802.0,818123.1938824654
4824,HGS-TV,173802.0,818183.2966456413
4825,HGS-TV,173802.0,818243.5280418396
4826,HGS-TV,173802.0,818303.8031153679
4827,HGS-TV,173802.0,818363.8153362274
4828,HGS-TV,173802.0,818485.920718193
4829,HGS-TV,173802.0,818546.2727706432
4830,HGS-TV,173802.0,818641.5366117954
4831,HGS-TV,173802.0,818701.7917449474
4832,HGS-TV,173802.0,818761.8744800091
4833,HGS-TV,173802.0,818822.0377681255
4834,HGS-TV,173802.0,818904.531968832
4835,HGS-TV,173802.0,819012.1868774891
4836,HGS-TV,173802.0,819072.2375051975
4837,HGS-TV,173802.0,819350.1866214275
4838,HGS-TV,173802.0,819511.020557642
4839,HGS-TV,173802.0,819573.3216142654
4840,HGS-TV,173802.0,819718.9595563412
4841,HGS-TV,173802.0,819856.9469676018
4842,HGS-TV,173802.0,820006.7403514385
4843,HGS-TV,173802.0,820181.0693438053
4844,HGS-TV,173802.0,820358.1593563557
4845,HGS-TV,173802.0,820612.77941823
4846,HGS-TV,173802.0,820706.2518730164
4847,HGS-TV,173802.0,820793.2604882717
4848,HGS-TV,173802.0,820883.811401844
4849,HGS-TV,173802.0,821103.2543177605
4850,HGS-TV,173802.0,821495.2349905968
4851,HGS-TV,173802.0,821587.9986598492
4852,HGS-TV,173802.0,821648.0863695145
4853,ails2_etaMax1.000_stoppingTime1728000.00,174193.0,821660.5512644043
4854,ails2_etaMax1.000_stoppingTime1728000.00,174164.0,821662.7312644043
4855,HGS-TV,173802.0,821867.6011986732
4856,HGS-TV,173802.0,821954.3455924988
4857,HGS-TV,173802.0,822117.4000680447
4858,HGS-TV,173802.0,822177.587454319
4859,HGS-TV,173802.0,822237.6858956814
4860,HGS-TV,173802.0,822297.6903159618
4861,HGS-TV,173802.0,822357.8063175678
4862,HGS-TV,173802.0,822417.9372725487
4863,HGS-TV,173802.0,822610.2437150478
4864,HGS-TV,173802.0,822688.6501727104
4865,HGS-TV,173802.0,822748.844645977
4866,HGS-TV,173802.0,822808.8634560108
4867,HGS-TV,173802.0,822888.531784296
4868,HGS-TV,173802.0,823100.2242295742
4869,HGS-TV,173802.0,823160.4303216934
4870,HGS-TV,173802.0,823220.4485406876
4871,HGS-TV,173802.0,823280.6013994217
4872,HGS-TV,173802.0,823407.5918567181
4873,HGS-TV,173802.0,823467.7139182091
4874,HGS-TV,173802.0,823527.7566041946
4875,HGS-TV,173802.0,823587.826967001
4876,HGS-TV,173802.0,823765.5713424683
4877,HGS-TV,173802.0,823825.5967218876
4878,HGS-TV,173802.0,823923.4285748005
4879,HGS-TV,173802.0,824115.324369669
4880,HGS-TV,173802.0,824175.3277711868
4881,HGS-TV,173802.0,824235.4021370411
4882,HGS-TV,173802.0,824295.4370391369
4883,HGS-TV,173802.0,824355.4988605976
4884,HGS-TV,173802.0,824450.505756855
4885,HGS-TV,173802.0,824525.8308954239
4886,HGS-TV,173802.0,824633.0609540939
4887,HGS-TV,173802.0,824790.476500988
4888,HGS-TV,173802.0,824850.603438139
4889,HGS-TV,173802.0,825082.2760603428
4890,HGS-TV,173802.0,825180.260235548
4891,HGS-TV,173802.0,825240.4980728626
4892,HGS-TV,173802.0,825344.0576357841
4893,HGS-TV,173802.0,825428.8914232254
4894,HGS-TV,173802.0,825519.7093057632
4895,HGS-TV,173802.0,825815.1406126022
4896,HGS-TV,173802.0,826370.2235710621
4897,HGS-TV,173802.0,826571.4687077999
4898,HGS-TV,173802.0,826631.7091712952
4899,HGS-TV,173802.0,826691.8362715244
4900,HGS-TV,173802.0,826751.854562521
4901,HGS-TV,173802.0,826851.226527214
4902,HGS-TV,173802.0,827020.9161841869
4903,HGS-TV,173802.0,827092.0923073292
4904,HGS-TV,173802.0,827168.5951910019
4905,HGS-TV,173802.0,827241.8347275257
4906,HGS-TV,173802.0,827301.9469451904
4907,HGS-TV,173802.0,827362.0957658291
4908,HGS-TV,173802.0,827422.191141367
4909,HGS-TV,173802.0,827482.2491686344
4910,HGS-TV,173802.0,827542.2578840256
4911,HGS-TV,173802.0,827602.3180906773
4912,HGS-TV,173802.0,827782.8734533787
4913,HGS-TV,173802.0,827843.1379942894
4914,HGS-TV,173802.0,827926.3294608593
4915,HGS-TV,173802.0,827986.4457256794
4916,HGS-TV,173802.0,828046.4839971066
4917,HGS-TV,173802.0,828106.5199556351
4918,HGS-TV,173802.0,828166.5326020718
4919,HGS-TV,173802.0,828226.7490596771
4920,HGS-TV,173802.0,828286.7560265064
4921,HGS-TV,173802.0,828346.8266177177
4922,HGS-TV,173802.0,828437.8007190228
4923,HGS-TV,173802.0,828558.1898193359
4924,HGS-TV,173802.0,828732.7875742912
4925,HGS-TV,173802.0,828831.4675784111
4926,HGS-TV,173802.0,828891.6282830238
4927,HGS-TV,173802.0,828951.7969994545
4928,HGS-TV,173802.0,829012.0917699337
4929,HGS-TV,173802.0,829072.3618724346
4930,HGS-TV,173802.0,829216.5306224823
4931,HGS-TV,173802.0,829288.3515734673
4932,HGS-TV,173802.0,829348.4882905483
4933,HGS-TV,173802.0,829408.4962179661
4934,HGS-TV,173802.0,829468.544349432
4935,HGS-TV,173802.0,829528.7400510311
4936,HGS-TV,173802.0,829588.9625649452
4937,HGS-TV,173802.0,829648.9768488407
4938,HGS-TV,173802.0,829709.0231058598
4939,HGS-TV,173802.0,829894.0130679607
4940,HGS-TV,173802.0,830057.8339128494
4941,HGS-TV,173802.0,830131.1721818447
4942,HGS-TV,173802.0,830191.2240614891
4943,HGS-TV,173802.0,830251.3393118382
4944,HGS-TV,173802.0,830311.4350967407
4945,HGS-TV,173802.0,830371.4877457619
4946,HGS-TV,173802.0,830490.4555425644
4947,HGS-TV,173802.0,830662.3380019665
4948,HGS-TV,173802.0,830722.4161026478
4949,HGS-TV,173802.0,830787.3141489029
4950,HGS-TV,173802.0,831071.4490792751
4951,HGS-TV,173802.0,831163.9600477219
4952,HGS-TV,173802.0,831415.65584898
4953,HGS-TV,173802.0,831557.8842654228
4954,HGS-TV,173802.0,831927.5598459244
4955,HGS-TV,173802.0,831987.7364923954
4956,HGS-TV,173802.0,832287.0453906059
4957,HGS-TV,173802.0,832347.0713617802
4958,HGS-TV,173802.0,832529.136307478
4959,HGS-TV,173802.0,832670.5734839439
4960,HGS-TV,173802.0,832730.5923609734
4961,HGS-TV,173802.0,832807.0235671997
4962,HGS-TV,173802.0,832891.8837618828
4963,HGS-TV,173802.0,832952.1060385704
4964,HGS-TV,173802.0,833012.1718132496
4965,HGS-TV,173802.0,833377.031951189
4966,HGS-TV,173802.0,833505.2672200203
4967,HGS-TV,173802.0,833701.4740996361
4968,HGS-TV,173802.0,833761.7452600002
4969,HGS-TV,173802.0,833836.4399023056
4970,HGS-TV,173802.0,833896.590698719
4971,HGS-TV,173802.0,834022.415066719
4972,HGS-TV,173802.0,834323.3924319744
4973,HGS-TV,173802.0,834692.76288414
4974,HGS-TV,173802.0,834755.2121694088
4975,HGS-TV,173802.0,834869.0871977806
4976,HGS-TV,173802.0,834994.6785924435
4977,HGS-TV,173802.0,835132.4211699963
4978,HGS-TV,173802.0,835192.6919381618
4979,HGS-TV,173802.0,835348.6055555344
4980,HGS-TV,173802.0,835516.4132590294
4981,HGS-TV,173802.0,835660.086111784
4982,HGS-TV,173802.0,835774.2611210346
4983,HGS-TV,173802.0,835877.9569647312
4984,HGS-TV,173802.0,835947.7752010822
4985,HGS-TV,173802.0,836008.044072628
4986,HGS-TV,173802.0,836321.7676532269
4987,HGS-TV,173802.0,836381.9282827377
4988,HGS-TV,173802.0,836465.6807537079
4989,HGS-TV,173802.0,836566.6536331177
4990,HGS-TV,173802.0,836724.7326607704
4991,HGS-TV,173802.0,836980.5476493835
4992,HGS-TV,173802.0,837067.7933483124
4993,ails2_etaMax1.000_stoppingTime1728000.00,174159.0,837132.0462644043
4994,HGS-TV,173802.0,837160.9910497665
4995,ails2_etaMax1.000_stoppingTime1728000.00,174153.0,837132.2222644043
4996,HGS-TV,173802.0,837379.4901101589
4997,HGS-TV,173802.0,837579.4633641243
4998,HGS-TV,173802.0,837926.8342978954
4999,HGS-TV,173802.0,837986.8795263767
5000,HGS-TV,173802.0,838047.0224635601
5001,HGS-TV,173802.0,838295.6785674095
5002,HGS-TV,173802.0,838616.4645578861
5003,HGS-TV,173802.0,838676.7889616489
5004,HGS-TV,173802.0,838736.9873654842
5005,ails2_etaMax1.000_stoppingTime1728000.00,174148.0,839268.3092644043
5006,ails2_etaMax1.000_stoppingTime1728000.00,174135.0,839271.4152644043
5007,HGS-TV,173802.0,839749.5323336124
5008,ails2_etaMax1.000_stoppingTime1728000.00,174126.0,839976.8042644043
5009,ails2_etaMax1.000_stoppingTime1728000.00,174099.0,839979.0972644043
5010,HGS-TV,173802.0,840195.7250263691
5011,HGS-TV,173802.0,840256.0144586563
5012,HGS-TV,173802.0,840377.0734343529
5013,HGS-TV,173802.0,841060.3297820091
5014,HGS-TV,173802.0,841260.3472597599
5015,HGS-TV,173802.0,841465.8035748005
5016,HGS-TV,173802.0,841623.6909325123
5017,HGS-TV,173802.0,842097.0209505558
5018,HGS-TV,173802.0,842157.2479863167
5019,HGS-TV,173802.0,842229.7400581837
5020,HGS-TV,173802.0,842695.4907391071
5021,HGS-TV,173802.0,842887.0176887512
5022,HGS-TV,173802.0,842947.2702565193
5023,HGS-TV,173802.0,843090.612951994
5024,HGS-TV,173802.0,843769.0135784149
5025,HGS-TV,173802.0,843958.2352044582
5026,HGS-TV,173802.0,844173.9874927998
5027,HGS-TV,173802.0,844694.027248621
5028,HGS-TV,173802.0,845196.4969446659
5029,HGS-TV,173802.0,845297.1319804192
5030,HGS-TV,173802.0,845357.2534213066
5031,HGS-TV,173802.0,845651.4895181656
5032,HGS-TV,173802.0,845760.4668889046
5033,HGS-TV,173802.0,845823.944807291
5034,HGS-TV,173802.0,845988.3659367561
5035,HGS-TV,173802.0,846048.5406141281
5036,HGS-TV,173802.0,846108.6757700443
5037,HGS-TV,173802.0,846487.8941991329
5038,HGS-TV,173802.0,846598.0738890171
5039,HGS-TV,173802.0,846763.0303030014
5040,HGS-TV,173802.0,847009.8144030571
5041,HGS-TV,173802.0,847182.4663383961
5042,HGS-TV,173802.0,847242.5934360027
5043,HGS-TV,173802.0,847345.9563577175
5044,HGS-TV,173802.0,847406.1415700912
5045,HGS-TV,173802.0,847466.2594516277
5046,HGS-TV,173802.0,847526.3371651173
5047,HGS-TV,173802.0,847876.9767098427
5048,HGS-TV,173802.0,848088.5962553024
5049,HGS-TV,173802.0,848574.7498710155
5050,HGS-TV,173802.0,848736.5758383274
5051,HGS-TV,173802.0,849329.773352623
5052,HGS-TV,173802.0,849389.8766174316
5053,HGS-TV,173802.0,849449.9080555439
5054,HGS-TV,173802.0,849516.514654398
5055,HGS-TV,173802.0,849712.1495685577
5056,HGS-TV,173802.0,849772.1654384136
5057,HGS-TV,173802.0,850191.5241420269
5058,HGS-TV,173802.0,850804.9118666649
5059,HGS-TV,173802.0,850888.7904064655
5060,HGS-TV,173802.0,851320.5142652988
5061,HGS-TV,173802.0,851403.36895895
5062,HGS-TV,173802.0,851982.6459467411
5063,HGS-TV,173802.0,852063.7061693668
5064,HGS-TV,173802.0,852224.2014799118
5065,HGS-TV,173802.0,852854.3324756622
5066,HGS-TV,173802.0,852914.4565870762
5067,HGS-TV,173802.0,854368.2901809216
5068,HGS-TV,173802.0,854937.8456709385
5069,HGS-TV,173802.0,855221.5920886993
5070,HGS-TV,173802.0,856928.7223815918
5071,HGS-TV,173802.0,857648.6249690056
5072,HGS-TV,173802.0,857708.7193000317
5073,HGS-TV,173802.0,858386.4518964291
5074,HGS-TV,173802.0,858494.7273616791
5075,HGS-TV,173802.0,858554.8157608509
5076,HGS-TV,173802.0,858961.7404565811
5077,HGS-TV,173802.0,859060.5109539032
5078,HGS-TV,173802.0,859245.6738622189
5079,HGS-TV,173802.0,859640.2679204941
5080,HGS-TV,173802.0,861483.53266716
5081,HGS-TV,173802.0,861641.7616672516
5082,ails2_etaMax1.000_stoppingTime1728000.00,174097.0,861711.9762644042
5083,ails2_etaMax1.000_stoppingTime1728000.00,174095.0,861712.0002644043
5084,HGS-TV,173802.0,862420.5890095234
5085,HGS-TV,173802.0,862636.2806046009
5086,HGS-TV,173802.0,862696.3212907314
5087,HGS-TV,173802.0,862756.420566082
5088,HGS-TV,173802.0,862816.6366624832
5089,HGS-TV,173802.0,862876.6959838867
5090,HGS-TV,173802.0,863064.4633674622
5091,HGS-TV,173802.0,863251.6605756283
5092,HGS-TV,173802.0,863311.7310113907
5093,HGS-TV,173802.0,863440.7451910973
5094,HGS-TV,173802.0,864148.104528904
5095,HGS-TV,173802.0,864243.1539287567
5096,HGS-TV,173802.0,864317.5401260853
5097,HGS-TV,173802.0,864644.0592849255
5098,HGS-TV,173802.0,864704.0912189484
5099,HGS-TV,173802.0,865076.3663926125
5100,HGS-TV,173802.0,865226.4973053932
5101,HGS-TV,173802.0,865286.5271430016
5102,HGS-TV,173802.0,865578.6525161266
5103,HGS-TV,173802.0,866949.4154918194
5104,HGS-TV,173802.0,867359.6338455677
5105,HGS-TV,173802.0,867583.4738314152
5106,HGS-TV,173802.0,868193.998947382
5107,HGS-TV,173802.0,868344.9226725101
5108,HGS-TV,173802.0,868549.3946888447
5109,HGS-TV,173802.0,869496.4261460304
5110,HGS-TV,173802.0,869556.507881403
5111,HGS-TV,173802.0,869733.1833295822
5112,HGS-TV,173802.0,869793.18977952
5113,HGS-TV,173802.0,869946.9546339512
5114,HGS-TV,173802.0,870007.0434954166
5115,HGS-TV,173802.0,871084.4489967823
5116,HGS-TV,173802.0,871251.9941802025
5117,HGS-TV,173802.0,871312.0069713593
5118,HGS-TV,173802.0,872122.268321991
5119,HGS-TV,173802.0,872845.227976799
5120,HGS-TV,173802.0,873053.8003072739
5121,HGS-TV,173802.0,873113.8757097721
5122,HGS-TV,173802.0,873208.3813123703
5123,HGS-TV,173802.0,873847.924270153
5124,HGS-TV,173802.0,874494.591799736
5125,HGS-TV,173802.0,874676.3855793476
5126,HGS-TV,173802.0,875998.7627897263
5127,HGS-TV,173802.0,876769.9177503586
5128,HGS-TV,173802.0,877268.5686526299
5129,HGS-TV,173802.0,878888.9912028313
5130,HGS-TV,173802.0,878949.1873357296
5131,HGS-TV,173802.0,879197.0257637501
5132,HGS-TV,173802.0,879906.0524773598
5133,HGS-TV,173802.0,879966.2115011215
5134,HGS-TV,173802.0,883044.2238380909
5135,HGS-TV,173802.0,883426.0685486794
5136,HGS-TV,173802.0,883950.7943947315
5137,HGS-TV,173802.0,884492.5212287903
5138,HGS-TV,173802.0,885582.1254997253
5139,HGS-TV,173802.0,886499.4446811676
5140,HGS-TV,173802.0,887150.2419850826
5141,HGS-TV,173802.0,887334.6118838787
5142,HGS-TV,173802.0,888225.4300227165
5143,HGS-TV,173802.0,888565.5491168499
5144,HGS-TV,173802.0,888971.5343923569
5145,HGS-TV,173802.0,890302.4688293934
5146,HGS-TV,173802.0,890481.8452305794
5147,HGS-TV,173802.0,890823.2612690926
5148,HGS-TV,173802.0,890944.8563177586
5149,HGS-TV,173802.0,893989.7856340408
5150,HGS-TV,173802.0,897723.6205122471
5151,HGS-TV,173802.0,897846.8511273861
5152,HGS-TV,173802.0,898196.0350055695
5153,HGS-TV,173802.0,898601.710767746
5154,ails2_etaMax1.000_stoppingTime1728000.00,174087.0,898796.0722644043
5155,ails2_etaMax1.000_stoppingTime1728000.00,174076.0,898796.4162644043
5156,HGS-TV,173802.0,898936.36459589
5157,HGS-TV,173802.0,900162.747723341
5158,HGS-TV,173802.0,901493.7135362625
5159,HGS-TV,173802.0,904803.7782216072
5160,HGS-TV,173802.0,908614.5030145645
5161,HGS-TV,173802.0,908889.8020818233
5162,ails2_etaMax1.000_stoppingTime1728000.00,174074.0,909686.5262644043
5163,ails2_etaMax1.000_stoppingTime1728000.00,174058.0,909687.0712644043
5164,HGS-TV,173802.0,910746.4354848862
5165,HGS-TV,173802.0,915103.3139517307
5166,HGS-TV,173802.0,915163.8100481033
5167,HGS-TV,173802.0,915223.8183996677
5168,HGS-TV,173802.0,915284.3551790714
5169,HGS-TV,173802.0,915344.4305994511
5170,HGS-TV,173802.0,915404.7368013859
5171,HGS-TV,173802.0,915464.8552360535
5172,HGS-TV,173802.0,915525.2894439697
5173,HGS-TV,173802.0,915585.3711321354
5174,HGS-TV,173802.0,915691.9407873154
5175,HGS-TV,173802.0,915825.596916914
5176,HGS-TV,173802.0,915934.4854638577
5177,HGS-TV,173802.0,915994.4867429733
5178,HGS-TV,173802.0,916054.5006279945
5179,HGS-TV,173802.0,916203.3416614532
5180,HGS-TV,173802.0,916263.4964327812
5181,HGS-TV,173802.0,916468.68409729
5182,HGS-TV,173802.0,916581.7664530277
5183,HGS-TV,173802.0,916748.9458141327
5184,HGS-TV,173802.0,917004.9297811985
5185,HGS-TV,173802.0,917065.180727005
5186,HGS-TV,173802.0,917125.4375863075
5187,HGS-TV,173802.0,917228.8430027962
5188,HGS-TV,173802.0,917328.6313951015
5189,HGS-TV,173802.0,917388.9316802025
5190,HGS-TV,173802.0,917480.492016077
5191,HGS-TV,173802.0,917612.1119520664
5192,HGS-TV,173802.0,918006.7794713974
5193,HGS-TV,173802.0,918300.7946643829
5194,HGS-TV,173802.0,918428.8931891918
5195,HGS-TV,173802.0,918588.1231992245
5196,HGS-TV,173802.0,918659.144592762
5197,HGS-TV,173802.0,918719.219963789
5198,HGS-TV,173802.0,918789.5975852013
5199,HGS-TV,173802.0,919240.7930879593
5200,HGS-TV,173802.0,920108.5266261101
5201,HGS-TV,173802.0,920174.0504102707
5202,HGS-TV,173802.0,920234.1959087849
5203,HGS-TV,173802.0,920610.782025814
5204,HGS-TV,173802.0,921210.3331656456
5205,HGS-TV,173802.0,921459.5340726376
5206,HGS-TV,173802.0,922027.7823596001
5207,HGS-TV,173802.0,922118.9338033199
5208,HGS-TV,173802.0,922311.6403374672
5209,HGS-TV,173802.0,922949.1505670547
5210,HGS-TV,173802.0,923026.3052546978
5211,HGS-TV,173802.0,923111.3128089905
5212,HGS-TV,173802.0,923322.9342734814
5213,HGS-TV,173802.0,923993.7552249432
5214,HGS-TV,173802.0,924194.6733734608
5215,HGS-TV,173802.0,924490.6940996647
5216,HGS-TV,173802.0,925320.9625456333
5217,HGS-TV,173802.0,925537.4846277237
5218,HGS-TV,173802.0,925597.5669138432
5219,HGS-TV,173802.0,925661.7790107727
5220,HGS-TV,173802.0,925721.903077364
5221,HGS-TV,173802.0,925813.7328047752
5222,HGS-TV,173802.0,926261.9420282841
5223,HGS-TV,173802.0,926321.9867208004
5224,HGS-TV,173802.0,926382.1313745975
5225,HGS-TV,173802.0,927428.5076594353
5226,HGS-TV,173802.0,927613.5183773041
5227,HGS-TV,173802.0,927743.1556005478
5228,ails2_etaMax1.000_stoppingTime1728000.00,174053.0,928404.5512644043
5229,ails2_etaMax1.000_stoppingTime1728000.00,174051.0,928409.1672644042
5230,HGS-TV,173802.0,928702.6279575825
5231,HGS-TV,173802.0,928768.2989544868
5232,HGS-TV,173802.0,929282.0415394306
5233,HGS-TV,173802.0,929342.1235022545
5234,HGS-TV,173802.0,929443.003401041
5235,HGS-TV,173802.0,929699.3652844429
5236,HGS-TV,173802.0,929833.8665204048
5237,HGS-TV,173802.0,930070.5262391567
5238,HGS-TV,173802.0,930130.7265608311
5239,HGS-TV,173802.0,930651.9153501987
5240,HGS-TV,173802.0,931188.0416224003
5241,HGS-TV,173802.0,931250.9702012539
5242,HGS-TV,173802.0,931424.3285167217
5243,HGS-TV,173802.0,931484.6300263405
5244,HGS-TV,173802.0,931739.9307239056
5245,HGS-TV,173802.0,931800.0521762371
5246,HGS-TV,173802.0,931921.4197349548
5247,HGS-TV,173802.0,932125.1499969959
5248,HGS-TV,173802.0,932304.4363923073
5249,HGS-TV,173802.0,932868.323564291
5250,ails2_etaMax1.000_stoppingTime1728000.00,174050.0,933650.1392644043
5251,HGS-TV,173802.0,933707.3889474869
5252,ails2_etaMax1.000_stoppingTime1728000.00,174048.0,933667.1082644043
5253,HGS-TV,173802.0,934178.3295793533
5254,HGS-TV,173802.0,934258.4191286564
5255,ails2_etaMax1.000_stoppingTime1728000.00,174047.0,934267.3042644043
5256,ails2_etaMax1.000_stoppingTime1728000.00,174037.0,934268.0002644043
5257,HGS-TV,173802.0,934909.5263068676
5258,HGS-TV,173802.0,935198.3813147545
5259,HGS-TV,173802.0,936272.8063421249
5260,HGS-TV,173802.0,936383.005215168
5261,HGS-TV,173802.0,936590.2252619267
5262,HGS-TV,173802.0,936972.1642200947
5263,HGS-TV,173802.0,937032.2250430584
5264,HGS-TV,173802.0,937092.3424758911
5265,HGS-TV,173802.0,937303.5057487488
5266,HGS-TV,173802.0,937447.3454315662
5267,HGS-TV,173802.0,937550.9119653702
5268,HGS-TV,173802.0,937610.9934520721
5269,HGS-TV,173802.0,937671.4486002922
5270,HGS-TV,173802.0,937731.4557213783
5271,HGS-TV,173802.0,937812.0916640759
5272,HGS-TV,173802.0,938160.1402673721
5273,HGS-TV,173802.0,938227.2699041367
5274,HGS-TV,173802.0,938323.6770181656
5275,HGS-TV,173802.0,938495.5707542896
5276,HGS-TV,173802.0,938621.8127129078
5277,HGS-TV,173802.0,938813.6598627567
5278,HGS-TV,173802.0,938928.2560763359
5279,HGS-TV,173802.0,939096.4541757107
5280,HGS-TV,173802.0,939156.6823298931
5281,HGS-TV,173802.0,939216.7581727505
5282,HGS-TV,173802.0,939483.2230112553
5283,HGS-TV,173802.0,939673.338219881
5284,HGS-TV,173802.0,940487.7861588001
5285,HGS-TV,173802.0,940996.0854604244
5286,HGS-TV,173802.0,941206.4779593945
5287,HGS-TV,173802.0,941367.097332716
5288,HGS-TV,173802.0,941427.1135189533
5289,HGS-TV,173802.0,941549.6466217041
5290,HGS-TV,173802.0,941806.611161232
5291,HGS-TV,173802.0,942235.6248588562
5292,HGS-TV,173802.0,942585.7751178741
5293,HGS-TV,173802.0,942645.9184887409
5294,HGS-TV,173802.0,943024.7623393536
5295,HGS-TV,173802.0,943461.3972830772
5296,HGS-TV,173802.0,943991.4968204498
5297,HGS-TV,173802.0,944052.4469664097
5298,HGS-TV,173802.0,944112.4679231644
5299,HGS-TV,173802.0,944172.5159986019
5300,HGS-TV,173802.0,944293.4215395451
5301,HGS-TV,173802.0,944353.5431964397
5302,HGS-TV,173802.0,944486.7374353409
5303,HGS-TV,173802.0,944635.926142931
5304,HGS-TV,173802.0,945511.7188031673
5305,HGS-TV,173802.0,945574.7571444511
5306,HGS-TV,173802.0,945684.1910123825
5307,HGS-TV,173802.0,945847.7109704018
5308,HGS-TV,173802.0,945907.8884418011
5309,HGS-TV,173802.0,945967.8973133564
5310,HGS-TV,173802.0,946089.5259716511
5311,HGS-TV,173802.0,946212.041053772
5312,HGS-TV,173802.0,946272.0635273457
5313,HGS-TV,173802.0,946332.3795185089
5314,HGS-TV,173802.0,946392.4441480637
5315,HGS-TV,173802.0,946597.2996404171
5316,HGS-TV,173802.0,946657.3964233398
5317,HGS-TV,173802.0,946804.6967613697
5318,HGS-TV,173802.0,946938.3134293556
5319,HGS-TV,173802.0,946998.809864521
5320,HGS-TV,173802.0,947117.9093360901
5321,HGS-TV,173802.0,947196.9418168068
5322,HGS-TV,173802.0,947282.4168512821
5323,HGS-TV,173802.0,947378.7562224865
5324,HGS-TV,173802.0,947481.2476334572
5325,HGS-TV,173802.0,947829.8189952374
5326,HGS-TV,173802.0,947890.027084589
5327,HGS-TV,173802.0,948040.3239805698
5328,HGS-TV,173802.0,948365.172773838
5329,HGS-TV,173802.0,948451.189081192
5330,HGS-TV,173802.0,948511.2133619785
5331,HGS-TV,173802.0,948663.6159675121
5332,HGS-TV,173802.0,948856.3996844292
5333,HGS-TV,173802.0,949037.936548233
5334,HGS-TV,173802.0,949160.4121420383
5335,HGS-TV,173802.0,949220.6623299122
5336,HGS-TV,173802.0,949280.7340085506
5337,HGS-TV,173802.0,949378.1501250267
5338,HGS-TV,173802.0,949438.1559758186
5339,HGS-TV,173802.0,949498.2194328308
5340,HGS-TV,173802.0,949618.717644453
5341,HGS-TV,173802.0,949714.4353649616
5342,HGS-TV,173802.0,949810.5283248425
5343,HGS-TV,173802.0,950005.4532365799
5344,HGS-TV,173802.0,950065.4541838169
5345,HGS-TV,173802.0,950125.6472606659
5346,HGS-TV,173802.0,950185.8723592758
5347,HGS-TV,173802.0,950245.9635236263
5348,HGS-TV,173802.0,950563.6611027718
5349,HGS-TV,173802.0,950623.94165802
5350,HGS-TV,173802.0,950684.1891772747
5351,HGS-TV,173802.0,950823.3519845009
5352,HGS-TV,173802.0,950883.4594423771
5353,HGS-TV,173802.0,950947.400049448
5354,HGS-TV,173802.0,951007.7564840317
5355,HGS-TV,173802.0,951068.2032020092
5356,HGS-TV,173802.0,951128.4568533897
5357,HGS-TV,173802.0,951188.475208044
5358,HGS-TV,173802.0,951248.7592840195
5359,HGS-TV,173802.0,951308.8384022713
5360,HGS-TV,173802.0,951368.870303154
5361,HGS-TV,173802.0,951429.0904934406
5362,HGS-TV,173802.0,951489.3734419346
5363,HGS-TV,173802.0,951549.6237306595
5364,HGS-TV,173802.0,951609.687712431
5365,HGS-TV,173802.0,951678.2057392597
5366,HGS-TV,173802.0,951738.2506363392
5367,HGS-TV,173802.0,951802.5053188801
5368,HGS-TV,173802.0,951862.5511972904
5369,HGS-TV,173802.0,951922.5622310638
5370,HGS-TV,173802.0,951982.7246334553
5371,HGS-TV,173802.0,952043.0228271484
5372,HGS-TV,173802.0,952103.1370110512
5373,HGS-TV,173802.0,952163.1497502327
5374,HGS-TV,173802.0,952366.7569935322
5375,HGS-TV,173802.0,952426.7967441082
5376,HGS-TV,173802.0,952486.8948795795
5377,HGS-TV,173802.0,952548.9879641533
5378,HGS-TV,173802.0,952609.0654170513
5379,ails2_etaMax1.000_stoppingTime1728000.00,174035.0,952631.2622644043
5380,HGS-TV,173802.0,952669.149569273
5381,ails2_etaMax1.000_stoppingTime1728000.00,174021.0,952667.2532644043
5382,HGS-TV,173802.0,952729.3021285534
5383,HGS-TV,173802.0,953101.9901828766
5384,HGS-TV,173802.0,953181.2289085388
5385,HGS-TV,173802.0,953241.3516798019
5386,HGS-TV,173802.0,953301.5761492252
5387,HGS-TV,173802.0,953361.6976435184
5388,HGS-TV,173802.0,953421.7353627682
5389,HGS-TV,173802.0,953481.9116094112
5390,HGS-TV,173802.0,953542.1951594353
5391,HGS-TV,173802.0,953602.2049484253
5392,HGS-TV,173802.0,953662.3237137794
5393,HGS-TV,173802.0,953722.6444633007
5394,HGS-TV,173802.0,953782.6998765469
5395,HGS-TV,173802.0,954008.8198318481
5396,HGS-TV,173802.0,954068.9293005466
5397,HGS-TV,173802.0,954129.0109689236
5398,ails2_etaMax1.000_stoppingTime1728000.00,174020.0,954130.7912644043
5399,HGS-TV,173802.0,954189.0330638885
5400,ails2_etaMax1.000_stoppingTime1728000.00,174002.0,954131.6112644043
5401,HGS-TV,173802.0,954249.1632187366
5402,HGS-TV,173802.0,954309.4420964718
5403,HGS-TV,173802.0,954369.5086576939
5404,HGS-TV,173802.0,954703.4765958786
5405,HGS-TV,173802.0,954830.8922948837
5406,HGS-TV,173802.0,954890.9676833153
5407,HGS-TV,173802.0,954974.8268430233
5408,HGS-TV,173802.0,955035.2558405399
5409,HGS-TV,173802.0,955095.4828782082
5410,HGS-TV,173802.0,955184.0908279419
5411,HGS-TV,173802.0,955309.1164598465
5412,HGS-TV,173802.0,955369.2475161552
5413,HGS-TV,173802.0,955658.9890091419
5414,HGS-TV,173802.0,955910.4933886528
5415,HGS-TV,173802.0,956030.4229729176
5416,HGS-TV,173802.0,956261.8815917969
5417,HGS-TV,173802.0,956381.9780583382
5418,HGS-TV,173802.0,956483.0771036148
5419,HGS-TV,173802.0,956658.5637536049
5420,HGS-TV,173802.0,957631.9407777786
5421,HGS-TV,173802.0,957901.0601279736
5422,HGS-TV,173802.0,957961.1379992962
5423,HGS-TV,173802.0,958097.6542565823
5424,HGS-TV,173802.0,958235.8625936508
5425,HGS-TV,173802.0,958296.0127162933
5426,HGS-TV,173802.0,958447.7440283298
5427,HGS-TV,173802.0,958549.9605636597
5428,HGS-TV,173802.0,958692.8123681545
5429,HGS-TV,173802.0,958752.8746061325
5430,HGS-TV,173802.0,959479.9866163731
5431,HGS-TV,173802.0,960113.054056406
5432,HGS-TV,173802.0,960387.5057578087
5433,HGS-TV,173802.0,960681.4573628902
5434,HGS-TV,173802.0,960741.5040564537
5435,HGS-TV,173802.0,960995.925978899
5436,HGS-TV,173802.0,961056.0787377357
5437,HGS-TV,173802.0,961403.6596477032
5438,HGS-TV,173802.0,961470.4262795448
5439,HGS-TV,173802.0,961652.3750948906
5440,HGS-TV,173802.0,961938.548943758
5441,HGS-TV,173802.0,962043.9535238743
5442,HGS-TV,173802.0,962726.4867460728
5443,HGS-TV,173802.0,962874.0078961849
5444,HGS-TV,173802.0,963374.724555254
5445,HGS-TV,173802.0,963727.038048029
5446,HGS-TV,173802.0,963836.8872339725
5447,HGS-TV,173802.0,964441.417976141
5448,HGS-TV,173802.0,964501.5644855499
5449,HGS-TV,173802.0,964561.7736361027
5450,HGS-TV,173802.0,964838.190176487
5451,HGS-TV,173802.0,964898.2859883308
5452,HGS-TV,173802.0,965158.226694107
5453,HGS-TV,173802.0,965689.0674583912
5454,HGS-TV,173802.0,965750.9332180023
5455,HGS-TV,173802.0,965811.1226224899
5456,HGS-TV,173802.0,966420.0481879711
5457,HGS-TV,173802.0,966632.1919074059
5458,HGS-TV,173802.0,967121.4013588428
5459,HGS-TV,173802.0,967568.7842767239
5460,HGS-TV,173802.0,967710.4624123573
5461,HGS-TV,173802.0,967859.4811134338
5462,HGS-TV,173802.0,967975.2348060608
5463,HGS-TV,173802.0,968126.6452870369
5464,HGS-TV,173802.0,968425.1673247814
5465,HGS-TV,173802.0,968485.3193640709
5466,HGS-TV,173802.0,968545.5595836639
5467,HGS-TV,173802.0,968605.6663718224
5468,HGS-TV,173802.0,968701.6288483143
5469,HGS-TV,173802.0,968786.1709210873
5470,HGS-TV,173802.0,968846.1852099895
5471,HGS-TV,173802.0,968906.2108838558
5472,HGS-TV,173802.0,969104.7570545673
5473,HGS-TV,173802.0,969199.2819840908
5474,HGS-TV,173802.0,969259.5441141129
5475,HGS-TV,173802.0,969329.1211326122
5476,HGS-TV,173802.0,969389.2444581985
5477,HGS-TV,173802.0,969461.8213379383
5478,HGS-TV,173802.0,969687.9624121189
5479,HGS-TV,173802.0,969747.995639801
5480,HGS-TV,173802.0,970100.6626620293
5481,HGS-TV,173802.0,970241.4703371525
5482,HGS-TV,173802.0,970312.6750965118
5483,HGS-TV,173802.0,970758.9976518154
5484,HGS-TV,173802.0,970858.62108922
5485,HGS-TV,173802.0,970931.7660512924
5486,HGS-TV,173802.0,971018.4212999344
5487,HGS-TV,173802.0,971101.2562673092
5488,HGS-TV,173802.0,971186.3486888409
5489,HGS-TV,173802.0,971246.4669058323
5490,HGS-TV,173802.0,971306.6884262562
5491,HGS-TV,173802.0,971389.3600435257
5492,HGS-TV,173802.0,971449.3833837509
5493,HGS-TV,173802.0,971541.7299976349
5494,HGS-TV,173802.0,971601.7757148743
5495,HGS-TV,173802.0,971749.3982520103
5496,HGS-TV,173802.0,971809.5646202564
5497,HGS-TV,173802.0,971869.57579422
5498,HGS-TV,173802.0,971929.677429676
5499,HGS-TV,173802.0,972027.4835772514
5500,HGS-TV,173802.0,972122.1840808392
5501,HGS-TV,173802.0,972222.7145056725
5502,HGS-TV,173802.0,972688.8194613457
5503,HGS-TV,173802.0,972793.561207056
5504,HGS-TV,173802.0,972952.3523316383
5505,HGS-TV,173802.0,973033.7062299252
5506,HGS-TV,173802.0,973447.3487417698
5507,HGS-TV,173802.0,973572.6955218315
5508,HGS-TV,173802.0,973679.8733696938
5509,HGS-TV,173802.0,973767.1729812622
5510,HGS-TV,173802.0,973827.4408085346
5511,HGS-TV,173802.0,974094.6310594082
5512,HGS-TV,173802.0,974329.5036225319
5513,HGS-TV,173802.0,974468.0042834282
5514,HGS-TV,173802.0,975397.1883811951
5515,HGS-TV,173802.0,975457.329813242
5516,HGS-TV,173802.0,975517.5675439835
5517,HGS-TV,173802.0,975988.1144547462
5518,HGS-TV,173802.0,976769.3037571907
5519,HGS-TV,173802.0,977352.5519313812
5520,HGS-TV,173802.0,978324.5524563789
5521,HGS-TV,173802.0,978590.4911253452
5522,HGS-TV,173802.0,979127.0411601067
5523,HGS-TV,173802.0,979187.166916132
5524,HGS-TV,173802.0,979708.5203351974
5525,HGS-TV,173802.0,980020.933725357
5526,HGS-TV,173802.0,980670.3252162933
5527,HGS-TV,173802.0,981744.0882546902
5528,HGS-TV,173802.0,981915.8414950371
5529,HGS-TV,173802.0,983582.6257772446
5530,HGS-TV,173802.0,984988.6158864498
5531,HGS-TV,173802.0,985048.8535349369
5532,HGS-TV,173802.0,987300.673429966
5533,HGS-TV,173802.0,987625.9647636414
5534,HGS-TV,173802.0,987701.3370342255
5535,HGS-TV,173802.0,987770.013281107
5536,HGS-TV,173802.0,987832.7105741501
5537,HGS-TV,173802.0,987892.846622467
5538,HGS-TV,173802.0,988030.9325914383
5539,HGS-TV,173802.0,988139.3117990494
5540,HGS-TV,173802.0,988199.4555382729
5541,ails2_etaMax1.000_stoppingTime1728000.00,173997.0,988213.8612644043
5542,ails2_etaMax1.000_stoppingTime1728000.00,173996.0,988213.8932644043
5543,HGS-TV,173802.0,988555.8607232571
5544,HGS-TV,173802.0,988639.101875782
5545,HGS-TV,173802.0,992576.7378046513
5546,HGS-TV,173802.0,992636.740550518
5547,HGS-TV,173802.0,993229.7566230297
5548,HGS-TV,173802.0,997497.6041266918
5549,HGS-TV,173802.0,997558.131980896
5550,HGS-TV,173802.0,997618.4466278553
5551,HGS-TV,173802.0,997678.5048217773
5552,HGS-TV,173802.0,997738.6598467827
5553,HGS-TV,173802.0,997798.6686022282
5554,HGS-TV,173802.0,997858.765755415
5555,HGS-TV,173802.0,997918.7673585415
5556,HGS-TV,173802.0,997978.8170456886
5557,HGS-TV,173802.0,998038.9877269268
5558,HGS-TV,173802.0,998099.2055940628
5559,HGS-TV,173802.0,998159.494092226
5560,HGS-TV,173802.0,998377.8840725422
5561,HGS-TV,173802.0,998864.3658897877
5562,HGS-TV,173802.0,998924.5061402321
5563,HGS-TV,173802.0,998984.5604281425
5564,HGS-TV,173802.0,999051.1146543026
5565,HGS-TV,173802.0,999111.135484457
5566,HGS-TV,173802.0,999171.435687542
5567,HGS-TV,173802.0,999412.9864230156
5568,HGS-TV,173802.0,999481.1989107132
5569,HGS-TV,173802.0,999875.9465014935
5570,HGS-TV,173802.0,1000055.0421743393
5571,HGS-TV,173802.0,1000179.4611871243
5572,HGS-TV,173802.0,1000261.1348257065
5573,HGS-TV,173802.0,1000432.2753548622
5574,HGS-TV,173802.0,1000631.6702857018
5575,HGS-TV,173802.0,1001010.4202268124
5576,HGS-TV,173802.0,1001070.8080735207
5577,HGS-TV,173802.0,1001503.0049767494
5578,HGS-TV,173802.0,1001792.5834639072
5579,HGS-TV,173802.0,1001869.2067203522
5580,HGS-TV,173802.0,1002145.1137917042
5581,HGS-TV,173802.0,1003352.4499852657
5582,HGS-TV,173802.0,1003525.7624120712
5583,HGS-TV,173802.0,1003637.9761242867
5584,HGS-TV,173802.0,1004212.0683043003
5585,HGS-TV,173802.0,1004989.47569561
5586,HGS-TV,173802.0,1005887.5328676701
5587,HGS-TV,173802.0,1005947.7013738155
5588,HGS-TV,173802.0,1006164.7644040585
5589,HGS-TV,173802.0,1006285.7956864834
5590,HGS-TV,173802.0,1006820.215460062
5591,HGS-TV,173802.0,1006880.4107871056
5592,HGS-TV,173802.0,1007310.3429560661
5593,HGS-TV,173802.0,1007370.3511943817
5594,HGS-TV,173802.0,1007557.9224805832
5595,HGS-TV,173802.0,1008281.0027673244
5596,HGS-TV,173802.0,1008580.2373659611
5597,HGS-TV,173802.0,1008935.1970155239
5598,HGS-TV,173802.0,1009362.2545342445
5599,HGS-TV,173802.0,1009652.0674395561
5600,HGS-TV,173802.0,1009785.4132442474
5601,HGS-TV,173802.0,1009889.0621035099
5602,HGS-TV,173802.0,1009992.5215988159
5603,HGS-TV,173802.0,1010074.8439950943
5604,HGS-TV,173802.0,1010984.0010154247
5605,HGS-TV,173802.0,1011452.8062896729
5606,HGS-TV,173802.0,1011619.9804923534
5607,HGS-TV,173802.0,1012005.4408483505
5608,HGS-TV,173802.0,1012638.7032425404
5609,HGS-TV,173802.0,1012698.813211441
5610,HGS-TV,173802.0,1013434.3354933262
5611,HGS-TV,173802.0,1013662.1743967533
5612,HGS-TV,173802.0,1013930.4014251232
5613,HGS-TV,173802.0,1014302.0604138374
5614,HGS-TV,173802.0,1014362.0808875561
5615,HGS-TV,173802.0,1014464.5434718132
5616,HGS-TV,173802.0,1014654.9355077744
5617,ails2_etaMax1.000_stoppingTime1728000.00,173995.0,1014722.9942644043
5618,ails2_etaMax1.000_stoppingTime1728000.00,173989.0,1014723.4132644043
5619,HGS-TV,173802.0,1014884.2603402138
5620,HGS-TV,173802.0,1015051.2269864082
5621,HGS-TV,173802.0,1015434.9093642235
5622,HGS-TV,173802.0,1015787.6716132164
5623,HGS-TV,173802.0,1016330.531264782
5624,HGS-TV,173802.0,1016668.8657667637
5625,HGS-TV,173802.0,1017545.3489336967
5626,HGS-TV,173802.0,1018438.9821279049
5627,HGS-TV,173802.0,1019478.7366418839
5628,HGS-TV,173802.0,1020115.421091795
5629,HGS-TV,173802.0,1020339.0779805183
5630,HGS-TV,173802.0,1021016.4508831501
5631,HGS-TV,173802.0,1021801.4329946041
5632,HGS-TV,173802.0,1022608.0130608082
5633,HGS-TV,173802.0,1022828.7985200882
5634,HGS-TV,173802.0,1023453.9296143055
5635,HGS-TV,173802.0,1023746.6636536121
5636,HGS-TV,173802.0,1023843.9258687496
5637,HGS-TV,173802.0,1023934.8867213726
5638,HGS-TV,173802.0,1024508.9344058037
5639,HGS-TV,173802.0,1024804.9560277462
5640,HGS-TV,173802.0,1025521.0115215778
5641,HGS-TV,173802.0,1025581.4871006012
5642,HGS-TV,173802.0,1026068.3231217861
5643,HGS-TV,173802.0,1026565.1686239243
5644,HGS-TV,173802.0,1026747.1040656567
5645,HGS-TV,173802.0,1027060.658714056
5646,HGS-TV,173802.0,1027258.9314746857
5647,HGS-TV,173802.0,1027386.4195127487
5648,HGS-TV,173802.0,1027960.2027826309
5649,HGS-TV,173802.0,1028199.1079540253
5650,HGS-TV,173802.0,1028259.1614160538
5651,HGS-TV,173802.0,1028607.2235488892
5652,HGS-TV,173802.0,1028823.463227272
5653,HGS-TV,173802.0,1028883.6151068211
5654,HGS-TV,173802.0,1028943.7330682278
5655,HGS-TV,173802.0,1029003.824644804
5656,HGS-TV,173802.0,1029138.0277197361
5657,HGS-TV,173802.0,1029198.0485725403
5658,HGS-TV,173802.0,1029275.830042839
5659,HGS-TV,173802.0,1029336.0273160934
5660,HGS-TV,173802.0,1029396.332930088
5661,HGS-TV,173802.0,1029619.0127291679
5662,HGS-TV,173802.0,1029679.0932879448
5663,HGS-TV,173802.0,1029739.400760889
5664,HGS-TV,173802.0,1029874.4966316223
5665,HGS-TV,173802.0,1030020.3571062088
5666,HGS-TV,173802.0,1030082.2287368774
5667,HGS-TV,173802.0,1030247.7974057198
5668,HGS-TV,173802.0,1030384.0655841827
5669,HGS-TV,173802.0,1030503.4664974213
5670,HGS-TV,173802.0,1030563.5177426338
5671,HGS-TV,173802.0,1030664.0243074894
5672,HGS-TV,173802.0,1030751.3289375305
5673,HGS-TV,173802.0,1030811.585577488
5674,HGS-TV,173802.0,1030901.6756639481
5675,HGS-TV,173802.0,1031053.8757836819
5676,HGS-TV,173802.0,1031363.6031944752
5677,HGS-TV,173802.0,1031473.8446598053
5678,ails2_etaMax1.000_stoppingTime1728000.00,173987.0,1031521.9882644044
5679,HGS-TV,173802.0,1031533.9249916077
5680,ails2_etaMax1.000_stoppingTime1728000.00,173966.0,1031581.9812644043
5681,HGS-TV,173802.0,1031636.1102602482
5682,HGS-TV,173802.0,1031703.1507227421
5683,HGS-TV,173802.0,1032105.7865407467
5684,HGS-TV,173802.0,1032293.2115383148
5685,HGS-TV,173802.0,1032353.2776865959
5686,HGS-TV,173802.0,1032616.841845274
5687,HGS-TV,173802.0,1032787.0647559166
5688,HGS-TV,173802.0,1032849.7662522793
5689,HGS-TV,173802.0,1032910.1038320065
5690,HGS-TV,173802.0,1032972.9544186592
5691,HGS-TV,173802.0,1033076.9602007866
5692,HGS-TV,173802.0,1033283.1106789112
5693,HGS-TV,173802.0,1033582.3081352711
5694,HGS-TV,173802.0,1033642.36171031
5695,HGS-TV,173802.0,1033861.6313812733
5696,ails2_etaMax1.000_stoppingTime1728000.00,173964.0,1033928.4282644043
5697,ails2_etaMax1.000_stoppingTime1728000.00,173963.0,1033928.4572644043
5698,HGS-TV,173802.0,1034166.1740715504
5699,HGS-TV,173802.0,1034272.7400584221
5700,HGS-TV,173802.0,1034501.9817984104
5701,HGS-TV,173802.0,1034562.1081750393
5702,HGS-TV,173802.0,1034622.2716329098
5703,HGS-TV,173802.0,1034707.1782999039
5704,HGS-TV,173802.0,1034767.3957266808
5705,HGS-TV,173802.0,1034991.8620302677
5706,HGS-TV,173802.0,1035051.8973875046
5707,HGS-TV,173802.0,1035187.1617443562
5708,HGS-TV,173802.0,1035247.466094017
5709,HGS-TV,173802.0,1035307.7881429195
5710,HGS-TV,173802.0,1035713.9066793919
5711,HGS-TV,173802.0,1035810.6221554279
5712,HGS-TV,173802.0,1035897.9735291004
5713,HGS-TV,173802.0,1036116.8787629604
5714,HGS-TV,173802.0,1036589.0003635883
5715,HGS-TV,173802.0,1036649.2979986668
5716,HGS-TV,173802.0,1036861.5791978836
5717,HGS-TV,173802.0,1036980.4222271442
5718,HGS-TV,173802.0,1037040.4582915306
5719,HGS-TV,173802.0,1037166.5840418339
5720,HGS-TV,173802.0,1037232.5612697601
5721,HGS-TV,173802.0,1037292.74051404
5722,HGS-TV,173802.0,1037352.8253757954
5723,HGS-TV,173802.0,1037412.9820353985
5724,HGS-TV,173802.0,1037491.5727643967
5725,HGS-TV,173802.0,1037622.5187532902
5726,HGS-TV,173802.0,1037682.7295899391
5727,HGS-TV,173802.0,1037897.0169596672
5728,HGS-TV,173802.0,1037957.1232147217
5729,HGS-TV,173802.0,1038235.9440922737
5730,HGS-TV,173802.0,1038430.0620529652
5731,HGS-TV,173802.0,1038490.0906682014
5732,HGS-TV,173802.0,1038584.070609808
5733,HGS-TV,173802.0,1038651.8108398914
5734,HGS-TV,173802.0,1038763.8142752647
5735,HGS-TV,173802.0,1038824.0461156368
5736,HGS-TV,173802.0,1038884.3588912487
5737,HGS-TV,173802.0,1038997.720515728
5738,HGS-TV,173802.0,1039164.2629241943
5739,HGS-TV,173802.0,1039368.6875779629
5740,HGS-TV,173802.0,1039431.4679811001
5741,HGS-TV,173802.0,1039606.8802921772
5742,HGS-TV,173802.0,1039759.295841217
5743,HGS-TV,173802.0,1039908.5022256374
5744,HGS-TV,173802.0,1039985.877156496
5745,HGS-TV,173802.0,1040092.1395671368
5746,HGS-TV,173802.0,1040152.7402777672
5747,HGS-TV,173802.0,1040243.7207944393
5748,HGS-TV,173802.0,1040498.7800905704
5749,HGS-TV,173802.0,1040796.7101299763
5750,HGS-TV,173802.0,1041035.0418663025
5751,HGS-TV,173802.0,1041169.2021009922
5752,HGS-TV,173802.0,1041321.751298666
5753,HGS-TV,173802.0,1041381.979216814
5754,HGS-TV,173802.0,1041442.3503937721
5755,HGS-TV,173802.0,1041567.8020050526
5756,HGS-TV,173802.0,1041777.5594525337
5757,HGS-TV,173802.0,1041932.2599151134
5758,HGS-TV,173802.0,1042184.1427557468
5759,HGS-TV,173802.0,1042357.5752413273
5760,HGS-TV,173802.0,1042613.9010982513
5761,HGS-TV,173802.0,1042758.9011266232
5762,HGS-TV,173802.0,1042819.049302578
5763,HGS-TV,173802.0,1043032.548772335
5764,HGS-TV,173802.0,1043092.6927447319
5765,HGS-TV,173802.0,1043152.8177781105
5766,HGS-TV,173802.0,1043212.9074544907
5767,HGS-TV,173802.0,1043273.0192694664
5768,HGS-TV,173802.0,1043333.0971372128
5769,HGS-TV,173802.0,1043564.8416647911
5770,HGS-TV,173802.0,1043772.5389158726
5771,HGS-TV,173802.0,1043832.8635694981
5772,HGS-TV,173802.0,1043977.5266799927
5773,HGS-TV,173802.0,1044037.6232051849
5774,HGS-TV,173802.0,1044097.8156778812
5775,HGS-TV,173802.0,1044178.3079619408
5776,HGS-TV,173802.0,1044389.0984909534
5777,HGS-TV,173802.0,1044546.6736941338
5778,HGS-TV,173802.0,1044666.766690731
5779,HGS-TV,173802.0,1044726.8084359169
5780,HGS-TV,173802.0,1044787.078745842
5781,HGS-TV,173802.0,1044847.113540411
5782,HGS-TV,173802.0,1044907.1151754856
5783,HGS-TV,173802.0,1044967.2403523922
5784,HGS-TV,173802.0,1045083.9599304199
5785,HGS-TV,173802.0,1045316.9061312675
5786,HGS-TV,173802.0,1045376.9317765236
5787,HGS-TV,173802.0,1045437.1963615417
5788,HGS-TV,173802.0,1045513.5314128399
5789,HGS-TV,173802.0,1045573.5896103382
5790,HGS-TV,173802.0,1045682.1882679462
5791,HGS-TV,173802.0,1045742.3406550884
5792,HGS-TV,173802.0,1046113.8777573109
5793,HGS-TV,173802.0,1046174.3373951912
5794,HGS-TV,173802.0,1046421.6778078079
5795,HGS-TV,173802.0,1046482.0128977299
5796,HGS-TV,173802.0,1046542.0500733852
5797,HGS-TV,173802.0,1046650.4585471153
5798,HGS-TV,173802.0,1046710.5599570274
5799,HGS-TV,173802.0,1046770.6183493137
5800,HGS-TV,173802.0,1046830.6511180401
5801,HGS-TV,173802.0,1046951.8205971718
5802,HGS-TV,173802.0,1047014.0789825916
5803,HGS-TV,173802.0,1047074.1827738285
5804,HGS-TV,173802.0,1047188.641958952
5805,HGS-TV,173802.0,1047248.8585886955
5806,HGS-TV,173802.0,1047315.2206640244
5807,HGS-TV,173802.0,1047460.5885412693
5808,HGS-TV,173802.0,1047578.0807518959
5809,HGS-TV,173802.0,1048611.5191152096
5810,HGS-TV,173802.0,1049157.2713825703
5811,HGS-TV,173802.0,1049498.106317997
5812,ails2_etaMax1.000_stoppingTime1728000.00,173960.0,1049657.0122644042
5813,HGS-TV,173802.0,1049677.7170126438
5814,HGS-TV,173802.0,1049767.6268658638
5815,ails2_etaMax1.000_stoppingTime1728000.00,173959.0,1049776.5572644044
5816,HGS-TV,173802.0,1050245.901572466
5817,HGS-TV,173802.0,1051149.616878271
5818,ails2_etaMax1.000_stoppingTime1728000.00,173958.0,1051388.2652644042
5819,ails2_etaMax1.000_stoppingTime1728000.00,173952.0,1051388.6232644042
5820,HGS-TV,173802.0,1051557.7064552307
5821,HGS-TV,173802.0,1051948.14538908
5822,HGS-TV,173802.0,1052202.8148372173
5823,HGS-TV,173802.0,1053693.9499006271
5824,HGS-TV,173802.0,1053754.136247635
5825,HGS-TV,173802.0,1054090.2308831215
5826,HGS-TV,173802.0,1054199.7063438892
5827,HGS-TV,173802.0,1054586.142371893
5828,HGS-TV,173802.0,1054661.735098362
5829,HGS-TV,173802.0,1055102.6716578007
5830,HGS-TV,173802.0,1055556.621938467
5831,HGS-TV,173802.0,1055664.1118228436
5832,HGS-TV,173802.0,1055933.128387928
5833,HGS-TV,173802.0,1056854.2461955547
5834,HGS-TV,173802.0,1057404.460654974
5835,HGS-TV,173802.0,1057464.5040051937
5836,HGS-TV,173802.0,1058307.864694357
5837,HGS-TV,173802.0,1059991.8262019157
5838,HGS-TV,173802.0,1060447.0165007114
5839,HGS-TV,173802.0,1060904.0716569424
5840,HGS-TV,173802.0,1061024.452790022
5841,HGS-TV,173802.0,1061195.808513403
5842,HGS-TV,173802.0,1061378.0151405334
5843,HGS-TV,173802.0,1061438.0864627361
5844,HGS-TV,173802.0,1061651.0381205082
5845,HGS-TV,173802.0,1061711.1939182281
5846,HGS-TV,173802.0,1061864.8516767025
5847,HGS-TV,173802.0,1062078.6018440723
5848,HGS-TV,173802.0,1062180.2358846664
5849,HGS-TV,173802.0,1063199.1897842884
5850,HGS-TV,173802.0,1063259.2710158825
5851,HGS-TV,173802.0,1063863.47960186
5852,HGS-TV,173802.0,1064323.6655597687
5853,HGS-TV,173802.0,1064389.9137663841
5854,HGS-TV,173802.0,1064509.2594585419
5855,HGS-TV,173802.0,1064750.115213871
5856,HGS-TV,173802.0,1064893.33863616
5857,HGS-TV,173802.0,1065542.0838890076
5858,HGS-TV,173802.0,1065605.6475977898
5859,HGS-TV,173802.0,1065683.2027056217
5860,HGS-TV,173802.0,1065831.0021395683
5861,HGS-TV,173802.0,1065891.0541219711
5862,HGS-TV,173802.0,1066652.9218025208
5863,HGS-TV,173802.0,1067513.8494894505
5864,HGS-TV,173802.0,1067788.2326409817
5865,HGS-TV,173802.0,1067848.3129081726
5866,HGS-TV,173802.0,1069029.6542203426
5867,HGS-TV,173802.0,1069301.669561863
5868,HGS-TV,173802.0,1069565.5862071514
5869,HGS-TV,173802.0,1069628.4101040363
5870,HGS-TV,173802.0,1069688.4671385288
5871,HGS-TV,173802.0,1069748.7167682648
5872,HGS-TV,173802.0,1069821.1690638065
5873,HGS-TV,173802.0,1069881.3113570213
5874,HGS-TV,173802.0,1070410.9013369083
5875,HGS-TV,173802.0,1070470.9453706741
5876,HGS-TV,173802.0,1070738.4103682041
5877,HGS-TV,173802.0,1071077.509147644
5878,HGS-TV,173802.0,1071268.8457591534
5879,HGS-TV,173802.0,1071353.9124782085
5880,HGS-TV,173802.0,1071682.4481060505
5881,HGS-TV,173802.0,1071758.931806326
5882,HGS-TV,173802.0,1072383.7317490578
5883,HGS-TV,173802.0,1073180.1607649326
5884,HGS-TV,173802.0,1073566.5969378948
5885,HGS-TV,173802.0,1074151.9626579285
5886,HGS-TV,173802.0,1074375.0689871311
5887,HGS-TV,173802.0,1074573.6649591923
5888,ails2_etaMax1.000_stoppingTime1728000.00,173950.0,1074786.8772644042
5889,ails2_etaMax1.000_stoppingTime1728000.00,173927.0,1074789.3012644043
5890,HGS-TV,173802.0,1075138.210293293
5891,HGS-TV,173802.0,1075198.2379043102
5892,HGS-TV,173802.0,1075961.9018633366
5893,HGS-TV,173802.0,1078982.5114820004
5894,HGS-TV,173802.0,1080451.885878086
5895,HGS-TV,173802.0,1080564.984676361
5896,HGS-TV,173802.0,1080625.1286976337
5897,HGS-TV,173802.0,1080730.642280817
5898,HGS-TV,173802.0,1083112.5885560513
5899,HGS-TV,173802.0,1084592.1039779186
5900,HGS-TV,173802.0,1085095.1069250107
5901,HGS-TV,173802.0,1086689.3594765663
5902,HGS-TV,173802.0,1086915.4816801548
5903,HGS-TV,173802.0,1087065.409628868
5904,HGS-TV,173802.0,1087125.6947159767
5905,HGS-TV,173802.0,1088202.843482256
5906,HGS-TV,173802.0,1088278.6714651585
5907,HGS-TV,173802.0,1090446.9586753845
5908,HGS-TV,173802.0,1091147.8070738316
5909,HGS-TV,173802.0,1091207.9202814102
5910,HGS-TV,173802.0,1091268.1438307762
5911,HGS-TV,173802.0,1091328.206421852
5912,ails2_etaMax1.000_stoppingTime1728000.00,173925.0,1093473.6132644042
5913,ails2_etaMax1.000_stoppingTime1728000.00,173924.0,1093492.3622644043
5914,HGS-TV,173802.0,1094205.0704922676
5915,HGS-TV,173802.0,1094984.4009137154
5916,HGS-TV,173802.0,1095093.0969572067
5917,HGS-TV,173802.0,1095161.2067348957
5918,HGS-TV,173802.0,1096536.908228159
5919,HGS-TV,173802.0,1098435.959022522
5920,HGS-TV,173802.0,1098610.2715585232
5921,HGS-TV,173802.0,1098699.7614500523
5922,HGS-TV,173802.0,1098878.9886410236
5923,HGS-TV,173802.0,1100097.2107973099
5924,HGS-TV,173802.0,1100385.7047743797
5925,HGS-TV,173802.0,1100904.7659564018
5926,ails2_etaMax1.000_stoppingTime1728000.00,173921.0,1105979.3022644043
5927,ails2_etaMax1.000_stoppingTime1728000.00,173920.0,1105996.2632644044
5928,HGS-TV,173802.0,1106297.6892735958
5929,HGS-TV,173802.0,1106357.8295207024
5930,HGS-TV,173802.0,1106417.9106247425
5931,HGS-TV,173802.0,1106478.0521521568
5932,HGS-TV,173802.0,1106538.6332828999
5933,HGS-TV,173802.0,1106599.1615815163
5934,HGS-TV,173802.0,1106710.2431042194
5935,HGS-TV,173802.0,1106770.3389003277
5936,HGS-TV,173802.0,1106830.3941602707
5937,HGS-TV,173802.0,1106922.5515847206
5938,HGS-TV,173802.0,1106991.3831660748
5939,HGS-TV,173802.0,1107246.1416943073
5940,HGS-TV,173802.0,1107306.2836754322
5941,HGS-TV,173802.0,1107398.6038632393
5942,HGS-TV,173802.0,1107494.765269041
5943,HGS-TV,173802.0,1107575.2007501125
5944,HGS-TV,173802.0,1107635.5428402424
5945,HGS-TV,173802.0,1107695.6835410595
5946,HGS-TV,173802.0,1107770.5137979984
5947,HGS-TV,173802.0,1107877.7708415985
5948,HGS-TV,173802.0,1108175.5669724941
5949,HGS-TV,173802.0,1108449.0007112026
5950,HGS-TV,173802.0,1108707.3737661839
5951,HGS-TV,173802.0,1108798.0989513397
5952,HGS-TV,173802.0,1109037.5578184128
5953,HGS-TV,173802.0,1109098.0519173145
5954,HGS-TV,173802.0,1109480.1894021034
5955,HGS-TV,173802.0,1109542.2479526997
5956,HGS-TV,173802.0,1109794.132438898
5957,HGS-TV,173802.0,1110084.6584961414
5958,HGS-TV,173802.0,1110765.2240569592
5959,HGS-TV,173802.0,1111178.4375789165
5960,HGS-TV,173802.0,1111238.5001676083
5961,HGS-TV,173802.0,1111463.808618307
5962,HGS-TV,173802.0,1111524.005894184
5963,HGS-TV,173802.0,1111696.189996004
5964,HGS-TV,173802.0,1112112.0885605812
5965,HGS-TV,173802.0,1112510.5462117195
5966,HGS-TV,173802.0,1112570.5621602535
5967,HGS-TV,173802.0,1112862.535280466
5968,HGS-TV,173802.0,1112922.849699974
5969,HGS-TV,173802.0,1113263.3940036297
5970,HGS-TV,173802.0,1113476.3748543262
5971,HGS-TV,173802.0,1113603.0669543743
5972,HGS-TV,173802.0,1113743.379343748
5973,HGS-TV,173802.0,1114107.1067786217
5974,HGS-TV,173802.0,1114444.9052364826
5975,HGS-TV,173802.0,1114661.9591109753
5976,HGS-TV,173802.0,1114820.2748076916
5977,HGS-TV,173802.0,1114914.7550895214
5978,HGS-TV,173802.0,1115030.3299365044
5979,HGS-TV,173802.0,1115162.838546753
5980,HGS-TV,173802.0,1115225.2262141705
5981,HGS-TV,173802.0,1115285.4899909496
5982,HGS-TV,173802.0,1115352.4610874653
5983,HGS-TV,173802.0,1115608.7449195385
5984,HGS-TV,173802.0,1115684.8002073765
5985,HGS-TV,173802.0,1115756.4991738796
5986,HGS-TV,173802.0,1115820.798038721
5987,HGS-TV,173802.0,1116114.9334659576
5988,HGS-TV,173802.0,1116175.0001347065
5989,HGS-TV,173802.0,1116299.0121750832
5990,HGS-TV,173802.0,1116359.309570074
5991,HGS-TV,173802.0,1116491.5156297684
5992,HGS-TV,173802.0,1116601.109967947
5993,HGS-TV,173802.0,1116738.2273032665
5994,HGS-TV,173802.0,1116798.4413363934
5995,HGS-TV,173802.0,1116858.4898052216
5996,HGS-TV,173802.0,1116918.6979603767
5997,HGS-TV,173802.0,1117031.2944641113
5998,HGS-TV,173802.0,1117283.0715193748
5999,HGS-TV,173802.0,1117363.3919289112
6000,HGS-TV,173802.0,1117562.9185495377
6001,HGS-TV,173802.0,1117692.9521780014
6002,HGS-TV,173802.0,1117906.5357677937
6003,HGS-TV,173802.0,1118468.2929022312
6004,HGS-TV,173802.0,1119261.9555313587
6005,HGS-TV,173802.0,1119631.4235405922
6006,HGS-TV,173802.0,1120285.703445673
6007,HGS-TV,173802.0,1120345.748880148
6008,HGS-TV,173802.0,1120824.728449583
6009,HGS-TV,173802.0,1120950.9863739014
6010,HGS-TV,173802.0,1121059.7686319351
6011,HGS-TV,173802.0,1121848.3524272442
