id,algo_name,score,runningtime
1,ails2_eoh_omega2,1458818.0,64.8911865234375
2,ails2_etaMax0.005_stoppingTime86400.00,1458046.0,64.8781865234375
3,ails2_etaMax1.000_stoppingTime86400.00,1462882.0,64.6251865234375
4,ails2_etaMax0.010_stoppingTime172800.00,1459171.0,64.7681865234375
5,ails2_eoh_acc,1459086.0,65.8311865234375
6,ails2_etaMax0.020_stoppingTime86400.00,1458150.0,65.8731865234375
7,ails2_etaMax1.000_stoppingTime864000.00,1464349.0,49.8421865234375
8,ails2_etaMax1.000_stoppingTime432000.00,1463671.0,61.1201865234375
9,ails2_etaMax1.000_stoppingTime1296000.00,1463998.0,45.1891865234375
10,ails2_eoh_acc_large,1459487.0,65.6171865234375
11,ails2_eoh_omega2,1456737.0,125.7741865234375
12,ails2_etaMax0.005_stoppingTime86400.00,1456886.0,125.2241865234375
13,ails2_etaMax0.010_stoppingTime172800.00,1457510.0,125.8091865234375
14,ails2_etaMax1.000_stoppingTime1296000.00,1463527.0,73.6381865234375
15,ails2_eoh_acc,1457663.0,126.8801865234375
16,ails2_eoh_acc_large,1457996.0,126.1851865234375
17,ails2_etaMax1.000_stoppingTime432000.00,1463167.0,96.4051865234375
18,ails2_etaMax1.000_stoppingTime864000.00,1462918.0,102.2801865234375
19,ails2_etaMax0.020_stoppingTime86400.00,1456333.0,125.0931865234375
20,ails2_etaMax0.010_stoppingTime172800.00,1456274.0,185.3641865234375
21,ails2_eoh_omega2,1456114.0,184.7191865234375
22,ails2_etaMax0.005_stoppingTime86400.00,1456142.0,185.2441865234375
23,ails2_eoh_acc,1457116.0,186.9961865234375
24,ails2_etaMax1.000_stoppingTime1296000.00,1463052.0,156.2221865234375
25,ails2_etaMax0.020_stoppingTime86400.00,1455776.0,187.8411865234375
26,ails2_eoh_acc_large,1457087.0,187.4371865234375
27,ails2_eoh_omega2,1455323.0,247.5471865234375
28,ails2_etaMax0.005_stoppingTime86400.00,1455597.0,246.6031865234375
29,ails2_etaMax0.010_stoppingTime172800.00,1455816.0,247.7941865234375
30,ails2_etaMax1.000_stoppingTime1296000.00,1463003.0,194.6241865234375
31,ails2_etaMax0.020_stoppingTime86400.00,1455454.0,246.7351865234375
32,ails2_eoh_acc_large,1456398.0,248.5461865234375
33,ails2_eoh_acc,1456721.0,247.0271865234375
34,filo2,1481617.0,252.92797207832336
35,ails2_etaMax0.005_stoppingTime86400.00,1455337.0,302.0891865234375
36,ails2_eoh_omega2,1455043.0,306.7311865234375
37,ails2_etaMax0.010_stoppingTime172800.00,1455560.0,302.6691865234375
38,ails2_etaMax0.020_stoppingTime86400.00,1455159.0,306.0971865234375
39,ails2_eoh_acc,1456256.0,308.9511865234375
40,ails2_eoh_acc_large,1456056.0,309.0031865234375
41,ails2_etaMax1.000_stoppingTime1296000.00,1462609.0,273.4991865234375
42,filo2,1481161.0,313.1357035636902
43,ails2_etaMax0.005_stoppingTime86400.00,1455213.0,362.2441865234375
44,ails2_eoh_omega2,1454919.0,337.4921865234375
45,ails2_etaMax0.010_stoppingTime172800.00,1455232.0,368.3051865234375
46,ails2_eoh_acc,1455972.0,369.4531865234375
47,ails2_eoh_acc_large,1455824.0,368.7531865234375
48,ails2_etaMax0.020_stoppingTime86400.00,1454940.0,364.4561865234375
49,filo2,1480652.0,373.19808197021484
50,ails2_etaMax1.000_stoppingTime432000.00,1463128.0,429.1371865234375
51,ails2_etaMax0.010_stoppingTime172800.00,1455053.0,425.0601865234375
52,ails2_eoh_omega2,1454782.0,430.2741865234375
53,ails2_etaMax0.005_stoppingTime86400.00,1455105.0,428.6831865234375
54,ails2_eoh_acc,1455774.0,429.2041865234375
55,ails2_eoh_acc_large,1455670.0,427.6901865234375
56,ails2_etaMax0.020_stoppingTime86400.00,1454866.0,418.9661865234375
57,filo2,1479825.0,433.3611698150635
58,ails2_etaMax1.000_stoppingTime432000.00,1462657.0,432.8441865234375
59,ails2_etaMax0.010_stoppingTime172800.00,1454899.0,489.4641865234375
60,ails2_etaMax0.005_stoppingTime86400.00,1455076.0,442.1391865234375
61,ails2_eoh_omega2,1454707.0,480.3781865234375
62,ails2_eoh_acc,1455643.0,487.6111865234375
63,ails2_eoh_acc_large,1455491.0,491.5021865234375
64,ails2_etaMax0.020_stoppingTime86400.00,1454753.0,469.7671865234375
65,filo2,1479253.0,493.4880211353302
66,ails2_etaMax1.000_stoppingTime86400.00,1462867.0,496.5931865234375
67,ails2_etaMax0.010_stoppingTime172800.00,1454777.0,552.0851865234375
68,ails2_eoh_omega2,1454631.0,541.3161865234375
69,ails2_etaMax0.005_stoppingTime86400.00,1455004.0,552.8611865234375
70,filo2,1478837.0,553.8944320678711
71,ails2_eoh_acc_large,1455330.0,550.2251865234375
72,ails2_eoh_acc,1455572.0,552.5321865234375
73,ails2_etaMax0.020_stoppingTime86400.00,1454634.0,529.0411865234375
74,ails2_etaMax1.000_stoppingTime86400.00,1462835.0,496.7011865234375
75,ails2_etaMax0.010_stoppingTime172800.00,1454715.0,585.8491865234375
76,ails2_eoh_omega2,1454599.0,595.6901865234375
77,ails2_etaMax0.005_stoppingTime86400.00,1454836.0,613.7971865234375
78,ails2_etaMax0.020_stoppingTime86400.00,1454580.0,604.5341865234375
79,ails2_eoh_acc_large,1455129.0,611.5631865234375
80,ails2_eoh_acc,1455453.0,612.8351865234375
81,ails2_etaMax1.000_stoppingTime86400.00,1462809.0,632.4261865234375
82,ails2_etaMax0.005_stoppingTime86400.00,1454764.0,667.4861865234375
83,ails2_eoh_omega2,1454592.0,632.8491865234375
84,ails2_etaMax0.010_stoppingTime172800.00,1454678.0,674.3141865234375
85,ails2_eoh_acc,1455355.0,675.5771865234375
86,ails2_etaMax0.020_stoppingTime86400.00,1454542.0,627.8671865234375
87,ails2_eoh_acc_large,1455023.0,672.3401865234375
88,ails2_eoh_omega2,1454568.0,730.1851865234376
89,ails2_etaMax0.010_stoppingTime172800.00,1454538.0,727.5511865234375
90,ails2_etaMax0.005_stoppingTime86400.00,1454655.0,710.6041865234375
91,ails2_etaMax0.020_stoppingTime86400.00,1454420.0,736.6311865234375
92,ails2_eoh_acc,1455212.0,735.3131865234375
93,ails2_eoh_acc_large,1454982.0,722.5541865234375
94,ails2_etaMax0.005_stoppingTime86400.00,1454585.0,789.5361865234376
95,ails2_eoh_omega2,1454510.0,796.6171865234375
96,ails2_etaMax0.010_stoppingTime172800.00,1454500.0,771.6421865234375
97,ails2_eoh_acc,1455090.0,797.1671865234375
98,ails2_etaMax0.020_stoppingTime86400.00,1454359.0,741.4691865234375
99,ails2_eoh_acc_large,1454875.0,797.8141865234375
100,ails2_etaMax1.000_stoppingTime864000.00,1462868.0,850.4101865234375
101,ails2_eoh_omega2,1454491.0,846.6651865234375
102,ails2_etaMax0.005_stoppingTime86400.00,1454480.0,851.9671865234375
103,ails2_etaMax0.020_stoppingTime86400.00,1454326.0,845.5381865234375
104,ails2_eoh_acc,1454956.0,857.6001865234375
105,ails2_eoh_acc_large,1454854.0,847.1311865234375
106,ails2_etaMax1.000_stoppingTime86400.00,1462798.0,861.8721865234374
107,ails2_etaMax0.010_stoppingTime172800.00,1454494.0,865.0631865234375
108,ails2_etaMax0.005_stoppingTime86400.00,1454454.0,917.5601865234376
109,ails2_eoh_omega2,1454440.0,900.9761865234375
110,ails2_eoh_acc,1454907.0,912.6761865234375
111,ails2_eoh_acc_large,1454802.0,917.9031865234375
112,ails2_etaMax1.000_stoppingTime86400.00,1462775.0,861.8901865234375
113,ails2_etaMax0.010_stoppingTime172800.00,1454429.0,924.0141865234375
114,ails2_etaMax0.005_stoppingTime86400.00,1454287.0,962.6981865234375
115,ails2_eoh_omega2,1454434.0,949.7011865234375
116,ails2_eoh_acc,1454863.0,967.5801865234375
117,ails2_eoh_acc_large,1454798.0,972.5061865234375
118,ails2_etaMax0.010_stoppingTime172800.00,1454345.0,986.8661865234375
119,ails2_etaMax0.020_stoppingTime86400.00,1454321.0,1018.7271865234375
120,ails2_eoh_omega2,1454409.0,1028.0471865234374
121,ails2_etaMax0.005_stoppingTime86400.00,1454209.0,1005.9321865234375
122,ails2_eoh_acc_large,1454755.0,1039.7741865234375
123,ails2_eoh_acc,1454844.0,1030.1931865234376
124,ails2_etaMax0.010_stoppingTime172800.00,1454289.0,1011.1351865234375
125,ails2_etaMax0.020_stoppingTime86400.00,1454203.0,1076.2181865234375
126,ails2_eoh_omega2,1454371.0,1097.8351865234374
127,ails2_etaMax0.005_stoppingTime86400.00,1454206.0,1061.8081865234376
128,ails2_eoh_acc_large,1454723.0,1101.9331865234376
129,ails2_eoh_acc,1454803.0,1101.3371865234376
130,ails2_etaMax0.010_stoppingTime172800.00,1454260.0,1100.2431865234375
131,ails2_etaMax1.000_stoppingTime86400.00,1462702.0,1122.1831865234376
132,ails2_etaMax0.020_stoppingTime86400.00,1454111.0,1131.5641865234375
133,ails2_eoh_omega2,1454310.0,1128.0991865234375
134,ails2_etaMax0.005_stoppingTime86400.00,1454131.0,1159.3341865234374
135,ails2_eoh_acc_large,1454670.0,1163.4801865234374
136,ails2_eoh_acc,1454769.0,1152.6021865234375
137,ails2_etaMax0.010_stoppingTime172800.00,1454209.0,1168.5241865234375
138,ails2_etaMax1.000_stoppingTime86400.00,1462606.0,1122.2091865234374
139,ails2_etaMax0.020_stoppingTime86400.00,1454065.0,1158.0041865234375
140,ails2_eoh_omega2,1454263.0,1217.9161865234375
141,ails2_etaMax0.005_stoppingTime86400.00,1454080.0,1220.3431865234375
142,ails2_eoh_acc,1454766.0,1209.8771865234376
143,ails2_eoh_acc_large,1454665.0,1186.7791865234376
144,ails2_etaMax0.005_stoppingTime86400.00,1454021.0,1268.0711865234375
145,ails2_eoh_omega2,1454216.0,1280.9421865234376
146,ails2_eoh_acc,1454682.0,1279.3241865234374
147,ails2_eoh_acc_large,1454649.0,1280.5971865234376
148,ails2_etaMax0.020_stoppingTime86400.00,1454063.0,1286.3951865234376
149,ails2_etaMax1.000_stoppingTime86400.00,1462599.0,1291.5571865234374
150,HGS-TV,1455649.0,1328.1713166236877
151,ails2_etaMax0.020_stoppingTime86400.00,1454039.0,1344.5791865234376
152,ails2_eoh_acc_large,1454645.0,1296.0561865234374
153,ails2_eoh_acc,1454653.0,1323.2701865234376
154,ails2_etaMax0.005_stoppingTime86400.00,1454019.0,1348.6241865234374
155,ails2_etaMax1.000_stoppingTime86400.00,1462378.0,1292.2431865234375
156,ails2_etaMax0.010_stoppingTime172800.00,1454206.0,1353.4941865234375
157,ails2_eoh_omega2,1454215.0,1395.7271865234375
158,ails2_etaMax1.000_stoppingTime864000.00,1462840.0,1406.7491865234374
159,ails2_etaMax0.020_stoppingTime86400.00,1453955.0,1367.9241865234376
160,ails2_eoh_acc,1454643.0,1406.5821865234375
161,ails2_eoh_acc_large,1454596.0,1401.7411865234376
162,ails2_etaMax0.005_stoppingTime86400.00,1453966.0,1390.8711865234375
163,ails2_etaMax0.010_stoppingTime172800.00,1454127.0,1412.7661865234375
164,ails2_eoh_omega2,1454209.0,1395.7741865234375
165,ails2_eoh_acc_large,1454584.0,1459.7231865234376
166,ails2_eoh_acc,1454621.0,1450.1751865234376
167,ails2_etaMax0.005_stoppingTime86400.00,1453950.0,1457.9461865234375
168,ails2_etaMax0.010_stoppingTime172800.00,1454121.0,1431.7331865234376
169,ails2_eoh_acc,1454587.0,1489.3501865234375
170,ails2_eoh_acc_large,1454559.0,1492.3961865234376
171,ails2_etaMax0.005_stoppingTime86400.00,1453931.0,1506.2471865234374
172,ails2_etaMax0.010_stoppingTime172800.00,1454120.0,1541.0751865234374
173,ails2_eoh_acc,1454581.0,1547.8661865234376
174,ails2_eoh_acc_large,1454547.0,1582.0761865234374
175,ails2_etaMax0.010_stoppingTime172800.00,1454080.0,1569.4371865234375
176,ails2_eoh_acc,1454573.0,1636.5491865234376
177,ails2_eoh_acc_large,1454536.0,1632.5261865234374
178,ails2_etaMax0.010_stoppingTime172800.00,1454077.0,1610.9671865234375
179,ails2_eoh_omega2,1454204.0,1671.2461865234375
180,ails2_etaMax0.020_stoppingTime86400.00,1453951.0,1686.8631865234374
181,ails2_eoh_acc,1454567.0,1710.6831865234376
182,ails2_eoh_acc_large,1454490.0,1705.8851865234376
183,ails2_etaMax0.010_stoppingTime172800.00,1454047.0,1681.5151865234375
184,ails2_eoh_omega2,1454188.0,1680.2241865234375
185,ails2_etaMax0.020_stoppingTime86400.00,1453945.0,1746.5701865234375
186,ails2_eoh_acc,1454560.0,1760.8481865234376
187,ails2_eoh_acc_large,1454450.0,1771.3391865234375
188,ails2_etaMax0.005_stoppingTime86400.00,1453927.0,1801.3911865234375
189,ails2_etaMax0.020_stoppingTime86400.00,1453899.0,1755.0881865234376
190,ails2_etaMax0.010_stoppingTime172800.00,1454046.0,1816.9361865234375
191,ails2_eoh_acc_large,1454434.0,1831.2861865234374
192,ails2_etaMax0.005_stoppingTime86400.00,1453926.0,1801.5651865234374
193,ails2_eoh_acc,1454552.0,1863.1711865234374
194,ails2_etaMax0.020_stoppingTime86400.00,1453861.0,1843.1311865234375
195,ails2_etaMax0.010_stoppingTime172800.00,1454044.0,1816.9601865234374
196,ails2_eoh_acc_large,1454429.0,1845.2111865234374
197,ails2_eoh_omega2,1454187.0,1915.0641865234375
198,ails2_etaMax0.005_stoppingTime86400.00,1453906.0,1883.5981865234376
199,ails2_eoh_acc,1454528.0,1914.8331865234375
200,ails2_etaMax0.010_stoppingTime172800.00,1454038.0,1929.7491865234374
201,ails2_eoh_acc_large,1454425.0,1948.4341865234376
202,ails2_eoh_omega2,1454168.0,1917.6471865234375
203,ails2_etaMax0.005_stoppingTime86400.00,1453846.0,1970.8861865234376
204,ails2_eoh_acc,1454523.0,1984.2401865234374
205,ails2_etaMax0.010_stoppingTime172800.00,1453992.0,1984.6401865234375
206,ails2_eoh_acc_large,1454399.0,2016.4551865234375
207,ails2_etaMax0.005_stoppingTime86400.00,1453810.0,2027.0341865234375
208,ails2_eoh_acc,1454451.0,2043.1291865234375
209,ails2_eoh_omega2,1454158.0,2055.9791865234374
210,ails2_eoh_acc_large,1454361.0,2057.5551865234374
211,ails2_etaMax0.010_stoppingTime172800.00,1453990.0,2090.5111865234376
212,ails2_etaMax0.005_stoppingTime86400.00,1453809.0,2045.7831865234375
213,ails2_eoh_acc,1454352.0,2105.1211865234377
214,ails2_eoh_omega2,1454132.0,2061.0081865234374
215,ails2_eoh_acc_large,1454353.0,2136.8061865234376
216,ails2_etaMax0.010_stoppingTime172800.00,1453942.0,2129.6321865234377
217,ails2_etaMax0.005_stoppingTime86400.00,1453778.0,2164.0221865234375
218,ails2_eoh_acc,1454338.0,2164.2891865234374
219,ails2_eoh_omega2,1454111.0,2151.9421865234376
220,ails2_eoh_acc_large,1454330.0,2194.3711865234377
221,ails2_eoh_acc,1454322.0,2228.5041865234375
222,ails2_eoh_omega2,1454096.0,2183.7801865234374
223,ails2_eoh_acc_large,1454321.0,2244.2871865234374
224,ails2_etaMax0.005_stoppingTime86400.00,1453777.0,2276.7491865234374
225,ails2_etaMax0.010_stoppingTime172800.00,1453941.0,2286.1511865234374
226,ails2_eoh_acc,1454319.0,2277.9001865234377
227,ails2_eoh_acc_large,1454316.0,2316.5591865234373
228,ails2_etaMax0.005_stoppingTime86400.00,1453755.0,2300.2501865234376
229,ails2_etaMax0.010_stoppingTime172800.00,1453923.0,2336.5011865234374
230,ails2_etaMax1.000_stoppingTime86400.00,1462272.0,2364.4291865234377
231,ails2_eoh_acc,1454317.0,2372.5051865234377
232,ails2_eoh_acc_large,1454278.0,2380.5081865234374
233,ails2_etaMax0.005_stoppingTime86400.00,1453729.0,2364.1711865234374
234,ails2_etaMax0.010_stoppingTime172800.00,1453867.0,2405.3161865234374
235,ails2_etaMax1.000_stoppingTime86400.00,1462099.0,2377.0781865234376
236,ails2_eoh_acc,1454309.0,2393.1891865234375
237,ails2_eoh_acc_large,1454268.0,2394.1471865234375
238,ails2_eoh_omega2,1454095.0,2447.3321865234375
239,ails2_etaMax0.005_stoppingTime86400.00,1453694.0,2437.4601865234376
240,ails2_etaMax0.010_stoppingTime172800.00,1453825.0,2437.9131865234376
241,ails2_eoh_acc,1454299.0,2478.7651865234375
242,ails2_etaMax1.000_stoppingTime86400.00,1462095.0,2497.3601865234373
243,ails2_eoh_acc_large,1454213.0,2497.1741865234376
244,ails2_eoh_omega2,1454061.0,2493.9851865234373
245,ails2_etaMax0.010_stoppingTime172800.00,1453819.0,2522.9461865234375
246,ails2_eoh_acc,1454290.0,2523.3211865234375
247,ails2_etaMax1.000_stoppingTime86400.00,1461662.0,2501.4651865234373
248,ails2_eoh_acc_large,1454212.0,2555.4191865234375
249,ails2_eoh_omega2,1454054.0,2565.9171865234375
250,ails2_etaMax0.010_stoppingTime172800.00,1453782.0,2585.4891865234376
251,ails2_eoh_acc,1454289.0,2607.2171865234377
252,ails2_eoh_omega2,1454022.0,2589.2591865234376
253,ails2_eoh_acc,1454282.0,2668.3041865234377
254,ails2_eoh_omega2,1454014.0,2668.6531865234374
255,ails2_etaMax0.020_stoppingTime86400.00,1453857.0,2692.2301865234376
256,ails2_etaMax0.010_stoppingTime172800.00,1453776.0,2703.9431865234374
257,ails2_eoh_acc_large,1454211.0,2718.2641865234373
258,ails2_eoh_acc,1454277.0,2710.3671865234373
259,ails2_eoh_omega2,1454011.0,2735.8241865234377
260,ails2_etaMax0.020_stoppingTime86400.00,1453793.0,2723.9671865234377
261,ails2_etaMax0.010_stoppingTime172800.00,1453769.0,2704.1201865234375
262,ails2_eoh_acc_large,1454181.0,2769.2701865234376
263,ails2_eoh_acc,1454261.0,2773.0551865234374
264,ails2_eoh_omega2,1453987.0,2784.1501865234377
265,ails2_etaMax0.005_stoppingTime86400.00,1453692.0,2817.6981865234375
266,ails2_etaMax1.000_stoppingTime864000.00,1462812.0,2836.8561865234374
267,ails2_eoh_acc_large,1454155.0,2836.4911865234376
268,ails2_eoh_acc,1454245.0,2841.1981865234375
269,ails2_eoh_omega2,1453976.0,2873.5121865234373
270,ails2_etaMax0.005_stoppingTime86400.00,1453656.0,2877.2021865234374
271,ails2_etaMax0.020_stoppingTime86400.00,1453786.0,2881.6591865234377
272,ails2_etaMax0.010_stoppingTime172800.00,1453767.0,2890.1691865234375
273,ails2_etaMax1.000_stoppingTime864000.00,1462743.0,2836.8671865234373
274,ails2_eoh_acc_large,1454116.0,2889.0951865234374
275,ails2_eoh_omega2,1453958.0,2896.1741865234376
276,ails2_etaMax0.005_stoppingTime86400.00,1453636.0,2885.3331865234377
277,ails2_etaMax0.020_stoppingTime86400.00,1453752.0,2885.9641865234375
278,ails2_etaMax0.010_stoppingTime172800.00,1453714.0,2909.4321865234374
279,ails2_eoh_acc_large,1454114.0,2909.0051865234377
280,ails2_etaMax1.000_stoppingTime432000.00,1462564.0,2972.2191865234377
281,ails2_eoh_omega2,1453954.0,2992.5711865234375
282,ails2_etaMax0.005_stoppingTime86400.00,1453633.0,2997.5371865234374
283,ails2_etaMax0.020_stoppingTime86400.00,1453725.0,2943.0501865234373
284,ails2_eoh_acc,1454243.0,3017.8011865234375
285,ails2_eoh_acc_large,1454113.0,2993.4021865234376
286,ails2_etaMax0.005_stoppingTime86400.00,1453602.0,3029.8301865234375
287,ails2_eoh_acc,1454242.0,3025.9601865234376
288,ails2_etaMax0.005_stoppingTime86400.00,1453600.0,3095.7541865234375
289,ails2_eoh_acc,1454206.0,3130.5561865234376
290,ails2_eoh_omega2,1453953.0,3140.9191865234375
291,ails2_eoh_acc,1454195.0,3161.9991865234374
292,ails2_eoh_omega2,1453923.0,3201.2141865234375
293,HGS-TV,1455648.0,3210.3396348953247
294,ails2_etaMax1.000_stoppingTime1296000.00,1462601.0,3219.0501865234373
295,ails2_etaMax1.000_stoppingTime432000.00,1462550.0,3243.7041865234373
296,ails2_eoh_acc,1454188.0,3228.3601865234373
297,ails2_eoh_omega2,1453810.0,3251.3401865234373
298,ails2_etaMax0.005_stoppingTime86400.00,1453598.0,3271.1591865234377
299,ails2_etaMax1.000_stoppingTime1296000.00,1462593.0,3219.0641865234375
300,ails2_etaMax0.020_stoppingTime86400.00,1453723.0,3301.1901865234377
301,ails2_eoh_omega2,1453805.0,3268.8141865234375
302,ails2_etaMax0.005_stoppingTime86400.00,1453585.0,3285.5111865234376
303,ails2_eoh_acc_large,1454106.0,3352.8751865234376
304,ails2_etaMax0.020_stoppingTime86400.00,1453678.0,3314.2851865234375
305,ails2_etaMax0.005_stoppingTime86400.00,1453541.0,3392.2501865234376
306,ails2_eoh_acc_large,1454102.0,3353.8641865234376
307,ails2_etaMax0.020_stoppingTime86400.00,1453661.0,3382.7111865234374
308,ails2_eoh_acc,1454182.0,3462.9541865234373
309,HGS-TV,1455642.0,3494.1597998142242
310,ails2_etaMax1.000_stoppingTime1296000.00,1462521.0,3501.0621865234375
311,ails2_etaMax0.020_stoppingTime86400.00,1453657.0,3504.2551865234377
312,ails2_eoh_acc,1454170.0,3522.2561865234375
313,HGS-TV,1455639.0,3554.425961494446
314,ails2_etaMax1.000_stoppingTime1296000.00,1462507.0,3501.0721865234377
315,ails2_etaMax0.020_stoppingTime86400.00,1453656.0,3573.6541865234376
316,ails2_eoh_acc_large,1454101.0,3575.6931865234374
317,ails2_eoh_acc,1454159.0,3575.2381865234374
318,filo2,1453540.0,3665.361270427704
319,ails2_eoh_acc_large,1453503.0,3672.7931865234377
320,ails2_eoh_omega2,1453801.0,3712.7441865234373
321,ails2_eoh_acc_large,1453439.0,3728.1841865234373
322,ails2_etaMax0.010_stoppingTime172800.00,1453709.0,3743.7671865234374
323,ails2_eoh_omega2,1453799.0,3793.9791865234374
324,ails2_eoh_acc_large,1453425.0,3775.4501865234374
325,ails2_etaMax0.010_stoppingTime172800.00,1453708.0,3743.8751865234376
326,ails2_eoh_omega2,1453779.0,3835.6181865234375
327,ails2_eoh_acc_large,1453398.0,3843.7751865234377
328,ails2_etaMax0.010_stoppingTime172800.00,1453700.0,3833.5951865234374
329,ails2_eoh_omega2,1453776.0,3864.6821865234374
330,ails2_eoh_acc_large,1453359.0,3905.6691865234375
331,ails2_eoh_omega2,1453774.0,3945.5601865234376
332,ails2_eoh_acc_large,1453349.0,3955.2071865234375
333,ails2_eoh_acc,1453540.0,4004.6121865234377
334,ails2_eoh_omega2,1453772.0,3979.3331865234377
335,ails2_eoh_acc_large,1453346.0,4039.5581865234376
336,ails2_etaMax1.000_stoppingTime864000.00,1462680.0,4062.0971865234374
337,ails2_eoh_acc,1453499.0,4058.0051865234377
338,ails2_eoh_acc_large,1453319.0,4090.0921865234377
339,ails2_eoh_omega2,1453765.0,4111.870186523438
340,ails2_etaMax1.000_stoppingTime864000.00,1462514.0,4062.1261865234374
341,ails2_eoh_acc,1453495.0,4111.227186523438
342,ails2_etaMax0.005_stoppingTime86400.00,1453532.0,4142.854186523437
343,ails2_eoh_omega2,1453746.0,4155.1091865234375
344,ails2_eoh_acc,1453488.0,4162.691186523438
345,ails2_etaMax0.005_stoppingTime86400.00,1453504.0,4155.757186523438
346,ails2_etaMax0.010_stoppingTime172800.00,1453697.0,4241.305186523437
347,ails2_eoh_acc,1453487.0,4250.855186523438
348,ails2_etaMax0.010_stoppingTime172800.00,1453607.0,4300.394186523437
349,ails2_eoh_omega2,1453745.0,4309.496186523437
350,ails2_eoh_acc,1453477.0,4315.655186523438
351,ails2_etaMax1.000_stoppingTime86400.00,1461613.0,4358.635186523437
352,ails2_eoh_omega2,1453717.0,4313.7921865234375
353,ails2_eoh_acc,1453474.0,4367.887186523438
354,ails2_etaMax1.000_stoppingTime432000.00,1462454.0,4394.969186523437
355,ails2_etaMax1.000_stoppingTime86400.00,1461255.0,4359.532186523437
356,ails2_eoh_omega2,1453701.0,4425.108186523437
357,ails2_eoh_acc,1453472.0,4432.581186523437
358,ails2_etaMax1.000_stoppingTime432000.00,1462393.0,4394.992186523437
359,ails2_eoh_acc,1453468.0,4456.624186523438
360,ails2_eoh_omega2,1453700.0,4502.254186523437
361,ails2_etaMax0.005_stoppingTime86400.00,1453502.0,4534.979186523437
362,ails2_eoh_omega2,1453694.0,4555.1671865234375
363,ails2_eoh_acc,1453457.0,4577.568186523437
364,ails2_etaMax0.005_stoppingTime86400.00,1453473.0,4539.815186523438
365,ails2_eoh_acc_large,1453318.0,4612.762186523438
366,ails2_eoh_omega2,1453676.0,4574.325186523438
367,ails2_eoh_acc,1453455.0,4632.321186523437
368,ails2_etaMax0.010_stoppingTime172800.00,1453604.0,4647.852186523438
369,ails2_etaMax0.010_stoppingTime172800.00,1453574.0,4706.255186523437
370,ails2_eoh_acc_large,1453316.0,4768.776186523438
371,ails2_etaMax0.010_stoppingTime172800.00,1453571.0,4708.661186523437
372,ails2_eoh_acc_large,1453313.0,4779.661186523437
373,ails2_eoh_acc,1453450.0,4882.931186523438
374,ails2_eoh_acc,1453442.0,4927.655186523438
375,ails2_eoh_omega2,1453675.0,4999.3321865234375
376,ails2_etaMax1.000_stoppingTime864000.00,1462509.0,5059.507186523438
377,ails2_eoh_omega2,1453657.0,4999.536186523437
378,ails2_etaMax1.000_stoppingTime864000.00,1462308.0,5059.602186523438
379,ails2_eoh_acc_large,1453312.0,5143.087186523438
380,ails2_eoh_omega2,1453654.0,5252.392186523438
381,ails2_eoh_acc_large,1453308.0,5263.423186523438
382,ails2_eoh_acc,1453439.0,5306.1401865234375
383,ails2_eoh_omega2,1453652.0,5252.423186523438
384,ails2_eoh_acc_large,1453307.0,5440.409186523438
385,ails2_eoh_acc_large,1453303.0,5444.248186523438
386,ails2_etaMax0.010_stoppingTime172800.00,1453564.0,5529.425186523437
387,ails2_etaMax0.005_stoppingTime86400.00,1453471.0,5549.182186523438
388,ails2_eoh_acc,1453438.0,5567.429186523437
389,ails2_etaMax0.005_stoppingTime86400.00,1453450.0,5577.495186523438
390,ails2_eoh_acc,1453435.0,5582.7741865234375
391,ails2_eoh_acc,1453433.0,5641.7431865234375
392,ails2_eoh_acc,1453431.0,5767.902186523437
393,ails2_eoh_acc,1453430.0,5786.754186523437
394,ails2_eoh_acc,1453426.0,5862.6581865234375
395,ails2_etaMax1.000_stoppingTime1296000.00,1462475.0,5924.1581865234375
396,ails2_eoh_acc,1453423.0,5933.232186523437
397,ails2_eoh_acc,1453421.0,5978.688186523437
398,ails2_eoh_acc_large,1453301.0,6062.616186523437
399,ails2_eoh_acc_large,1453299.0,6093.735186523438
400,ails2_eoh_acc_large,1453295.0,6134.214186523437
401,ails2_etaMax1.000_stoppingTime432000.00,1462346.0,6311.661186523437
402,ails2_eoh_acc,1453420.0,6321.985186523438
403,ails2_etaMax0.005_stoppingTime86400.00,1453442.0,6365.942186523437
404,ails2_etaMax1.000_stoppingTime432000.00,1462324.0,6311.692186523437
405,ails2_etaMax0.005_stoppingTime86400.00,1453438.0,6367.369186523438
406,ails2_etaMax1.000_stoppingTime432000.00,1462261.0,6479.105186523438
407,ails2_etaMax1.000_stoppingTime86400.00,1461231.0,6494.155186523438
408,ails2_etaMax1.000_stoppingTime432000.00,1461940.0,6479.653186523437
409,ails2_etaMax1.000_stoppingTime86400.00,1461170.0,6494.440186523438
410,ails2_etaMax0.010_stoppingTime172800.00,1453562.0,6662.964186523437
411,ails2_eoh_omega2,1453642.0,6688.848186523437
412,ails2_eoh_omega2,1453631.0,6696.8231865234375
413,ails2_etaMax0.005_stoppingTime86400.00,1453437.0,6750.079186523438
414,ails2_eoh_acc,1453417.0,6854.941186523438
415,ails2_etaMax0.010_stoppingTime172800.00,1453560.0,6867.505186523437
416,ails2_eoh_acc,1453410.0,6915.322186523437
417,ails2_etaMax0.010_stoppingTime172800.00,1453531.0,6875.750186523437
418,ails2_eoh_omega2,1453630.0,6954.632186523438
419,ails2_etaMax0.005_stoppingTime86400.00,1453434.0,6962.3011865234375
420,ails2_eoh_acc,1453405.0,6925.252186523438
421,ails2_eoh_omega2,1453574.0,7006.2251865234375
422,ails2_etaMax0.005_stoppingTime86400.00,1453430.0,6962.729186523437
423,ails2_eoh_acc,1453387.0,7054.673186523438
424,ails2_eoh_acc,1453376.0,7060.262186523438
425,ails2_eoh_omega2,1453573.0,7326.603186523437
426,ails2_eoh_omega2,1453545.0,7383.652186523437
427,ails2_eoh_omega2,1453538.0,7490.794186523438
428,ails2_eoh_omega2,1453512.0,7497.282186523437
429,ails2_etaMax0.010_stoppingTime172800.00,1453529.0,7598.604186523437
430,ails2_eoh_omega2,1453483.0,7595.019186523437
431,ails2_etaMax0.010_stoppingTime172800.00,1453519.0,7638.755186523437
432,ails2_etaMax0.010_stoppingTime172800.00,1453517.0,7753.560186523438
433,ails2_etaMax1.000_stoppingTime86400.00,1461103.0,7802.186186523438
434,ails2_etaMax0.010_stoppingTime172800.00,1453498.0,7758.641186523438
435,ails2_etaMax1.000_stoppingTime86400.00,1461070.0,7802.696186523437
436,ails2_etaMax1.000_stoppingTime86400.00,1460991.0,8227.563186523437
437,ails2_etaMax1.000_stoppingTime1296000.00,1462464.0,8354.471186523437
438,ails2_etaMax0.010_stoppingTime172800.00,1453496.0,8718.907186523438
439,ails2_etaMax0.010_stoppingTime172800.00,1453479.0,8722.673186523438
440,ails2_etaMax1.000_stoppingTime86400.00,1460979.0,8845.625186523437
441,ails2_etaMax1.000_stoppingTime86400.00,1460913.0,8845.647186523438
442,ails2_eoh_omega2,1453482.0,8919.722186523437
443,ails2_etaMax1.000_stoppingTime86400.00,1460592.0,8939.527186523437
444,ails2_eoh_omega2,1453471.0,8921.330186523437
445,ails2_etaMax0.010_stoppingTime172800.00,1453477.0,8984.685186523437
446,ails2_etaMax0.010_stoppingTime172800.00,1453475.0,9032.911186523437
447,ails2_eoh_omega2,1453466.0,9053.668186523437
448,ails2_eoh_omega2,1453454.0,9054.728186523438
449,ails2_etaMax0.010_stoppingTime172800.00,1453471.0,9141.111186523438
450,ails2_etaMax0.010_stoppingTime172800.00,1453468.0,9141.393186523437
451,ails2_eoh_acc_large,1453293.0,9224.414186523438
452,ails2_etaMax0.010_stoppingTime172800.00,1453464.0,9241.455186523437
453,ails2_eoh_acc_large,1453292.0,9288.479186523438
454,ails2_eoh_omega2,1453453.0,9299.428186523437
455,ails2_etaMax0.010_stoppingTime172800.00,1453448.0,9333.294186523437
456,ails2_eoh_omega2,1453436.0,9329.493186523438
457,ails2_etaMax0.010_stoppingTime172800.00,1453441.0,9333.484186523438
458,ails2_eoh_omega2,1453432.0,9493.139186523438
459,ails2_eoh_omega2,1453399.0,9494.853186523438
460,ails2_etaMax0.010_stoppingTime172800.00,1453439.0,9668.424186523438
461,ails2_etaMax0.010_stoppingTime172800.00,1453432.0,9683.915186523438
462,ails2_etaMax1.000_stoppingTime86400.00,1460584.0,9917.023186523438
463,ails2_etaMax1.000_stoppingTime86400.00,1460583.0,10000.111186523438
464,ails2_etaMax1.000_stoppingTime86400.00,1460523.0,10000.147186523438
465,ails2_eoh_acc_large,1453291.0,10184.407186523438
466,HGS-TV,1453294.0,10187.917046308517
467,ails2_eoh_acc_large,1453289.0,10217.493186523438
468,ails2_etaMax1.000_stoppingTime1296000.00,1462458.0,10586.744186523438
469,ails2_etaMax1.000_stoppingTime1296000.00,1462455.0,10586.763186523438
470,ails2_etaMax1.000_stoppingTime86400.00,1460510.0,10713.052186523437
471,ails2_etaMax1.000_stoppingTime86400.00,1460259.0,10715.172186523438
472,ails2_etaMax0.010_stoppingTime172800.00,1453431.0,10776.878186523438
473,ails2_etaMax0.010_stoppingTime172800.00,1453388.0,10783.855186523437
474,ails2_etaMax0.010_stoppingTime172800.00,1453382.0,10885.777186523437
475,ails2_etaMax0.010_stoppingTime172800.00,1453376.0,10937.760186523437
476,ails2_etaMax1.000_stoppingTime1296000.00,1462444.0,11163.028186523437
477,ails2_etaMax1.000_stoppingTime1296000.00,1462401.0,11163.065186523438
478,ails2_etaMax1.000_stoppingTime86400.00,1460235.0,11249.611186523438
479,ails2_etaMax1.000_stoppingTime86400.00,1460082.0,11301.146186523438
480,ails2_etaMax0.010_stoppingTime172800.00,1453374.0,11395.554186523437
481,ails2_etaMax0.010_stoppingTime172800.00,1453341.0,11408.580186523437
482,ails2_etaMax1.000_stoppingTime864000.00,1462300.0,12048.311186523437
483,ails2_etaMax1.000_stoppingTime864000.00,1462179.0,12048.652186523437
484,ails2_eoh_omega2,1453394.0,12139.737186523438
485,ails2_etaMax1.000_stoppingTime864000.00,1462169.0,12125.188186523437
486,ails2_eoh_omega2,1453374.0,12188.316186523438
487,ails2_eoh_omega2,1453371.0,12200.960186523438
488,ails2_eoh_omega2,1453363.0,12291.127186523438
489,ails2_etaMax1.000_stoppingTime86400.00,1460072.0,12366.694186523437
490,ails2_eoh_omega2,1453335.0,12334.221186523437
491,ails2_etaMax1.000_stoppingTime86400.00,1459741.0,12367.637186523438
492,ails2_eoh_acc_large,1453284.0,12491.033186523437
493,ails2_eoh_acc_large,1453281.0,12494.353186523438
494,ails2_eoh_omega2,1453331.0,12633.772186523438
495,ails2_eoh_omega2,1453310.0,12693.288186523438
496,ails2_eoh_omega2,1453290.0,12694.562186523437
497,ails2_etaMax1.000_stoppingTime86400.00,1459697.0,12898.486186523438
498,ails2_etaMax1.000_stoppingTime86400.00,1459683.0,12898.501186523437
499,ails2_etaMax1.000_stoppingTime1296000.00,1462278.0,13281.883186523437
500,ails2_etaMax0.010_stoppingTime172800.00,1453337.0,13291.525186523437
501,ails2_etaMax0.010_stoppingTime172800.00,1453327.0,13296.029186523438
502,ails2_etaMax1.000_stoppingTime864000.00,1462152.0,13397.657186523438
503,ails2_etaMax1.000_stoppingTime86400.00,1459669.0,13594.014186523438
504,ails2_eoh_acc_large,1453279.0,13595.096186523437
505,ails2_eoh_acc_large,1453275.0,13599.767186523437
506,ails2_eoh_acc_large,1453272.0,13670.295186523437
507,ails2_eoh_omega2,1453289.0,14473.060186523437
508,ails2_eoh_omega2,1453288.0,14473.252186523438
509,ails2_etaMax1.000_stoppingTime86400.00,1459658.0,14637.038186523438
510,ails2_eoh_omega2,1453286.0,14666.903186523437
511,ails2_etaMax1.000_stoppingTime432000.00,1461933.0,14694.534186523437
512,ails2_eoh_omega2,1453250.0,14716.125186523437
513,ails2_etaMax1.000_stoppingTime432000.00,1461802.0,14697.006186523438
514,ails2_etaMax0.010_stoppingTime172800.00,1453325.0,14785.499186523437
515,ails2_etaMax0.010_stoppingTime172800.00,1453322.0,14792.252186523438
516,ails2_etaMax0.010_stoppingTime172800.00,1453318.0,14875.357186523437
517,ails2_etaMax1.000_stoppingTime86400.00,1459611.0,15056.548186523438
518,ails2_etaMax1.000_stoppingTime86400.00,1459583.0,15056.568186523438
519,ails2_eoh_acc_large,1453271.0,15259.524186523438
520,ails2_eoh_acc_large,1453268.0,15309.256186523438
521,ails2_etaMax1.000_stoppingTime432000.00,1461747.0,15503.588186523437
522,ails2_etaMax1.000_stoppingTime86400.00,1459522.0,15558.724186523437
523,ails2_etaMax1.000_stoppingTime432000.00,1461427.0,15503.611186523438
524,ails2_etaMax1.000_stoppingTime86400.00,1459419.0,15607.726186523438
525,ails2_etaMax1.000_stoppingTime86400.00,1459414.0,15739.040186523438
526,ails2_eoh_omega2,1453248.0,16046.873186523437
527,ails2_eoh_omega2,1453233.0,16047.241186523437
528,ails2_etaMax0.010_stoppingTime172800.00,1453314.0,16228.624186523437
529,ails2_eoh_omega2,1453229.0,16288.360186523438
530,ails2_eoh_omega2,1453226.0,16288.430186523437
531,ails2_etaMax0.010_stoppingTime172800.00,1453307.0,16384.716186523438
532,ails2_etaMax1.000_stoppingTime86400.00,1459395.0,16408.852186523436
533,ails2_eoh_omega2,1453210.0,16379.961186523438
534,ails2_etaMax0.010_stoppingTime172800.00,1453301.0,16384.86318652344
535,ails2_eoh_omega2,1453203.0,16532.031186523436
536,ails2_eoh_omega2,1453194.0,16557.764186523436
537,ails2_etaMax1.000_stoppingTime86400.00,1459374.0,16622.602186523436
538,ails2_etaMax1.000_stoppingTime86400.00,1459293.0,16622.79418652344
539,ails2_etaMax1.000_stoppingTime86400.00,1458864.0,16696.90018652344
540,ails2_eoh_omega2,1453192.0,16980.72218652344
541,ails2_etaMax0.010_stoppingTime172800.00,1453286.0,16980.790186523438
542,ails2_etaMax0.010_stoppingTime172800.00,1453275.0,16981.449186523438
543,ails2_eoh_omega2,1453190.0,16980.769186523437
544,ails2_etaMax1.000_stoppingTime86400.00,1458860.0,17991.732186523437
545,ails2_etaMax1.000_stoppingTime86400.00,1458857.0,18023.211186523436
546,ails2_eoh_acc_large,1453184.0,18070.441186523436
547,ails2_eoh_acc,1453153.0,18069.571186523437
548,ails2_etaMax1.000_stoppingTime86400.00,1458834.0,18124.860186523438
549,ails2_eoh_acc_large,1453125.0,18127.094186523438
550,ails2_eoh_acc,1453108.0,18128.09818652344
551,ails2_etaMax1.000_stoppingTime86400.00,1458823.0,18124.870186523436
552,ails2_eoh_acc,1453094.0,18183.38318652344
553,ails2_eoh_acc_large,1453110.0,18183.32918652344
554,ails2_eoh_acc_large,1453108.0,18247.43918652344
555,ails2_eoh_acc,1453088.0,18225.290186523438
556,ails2_eoh_acc,1453084.0,18261.41818652344
557,ails2_eoh_acc_large,1453104.0,18302.47418652344
558,ails2_eoh_acc_large,1453096.0,18347.196186523437
559,ails2_etaMax1.000_stoppingTime1296000.00,1462155.0,18376.698186523437
560,ails2_eoh_acc_large,1453094.0,18394.356186523437
561,ails2_eoh_acc,1453082.0,18475.429186523437
562,ails2_eoh_omega2,1453189.0,18497.47218652344
563,HGS-TV,1453088.0,18507.173241376877
564,ails2_eoh_acc,1453078.0,18499.269186523437
565,ails2_eoh_acc,1453073.0,18541.035186523437
566,ails2_eoh_acc_large,1453090.0,18640.52718652344
567,ails2_eoh_acc,1453068.0,18657.517186523437
568,ails2_eoh_acc_large,1453082.0,18688.04218652344
569,ails2_etaMax1.000_stoppingTime864000.00,1461958.0,18727.020186523438
570,ails2_eoh_acc_large,1453077.0,18737.323186523437
571,ails2_etaMax1.000_stoppingTime864000.00,1461802.0,18727.642186523437
572,ails2_eoh_acc,1453066.0,18819.873186523437
573,ails2_eoh_omega2,1453188.0,18848.761186523436
574,ails2_eoh_acc,1453064.0,18824.842186523438
575,ails2_eoh_omega2,1453160.0,18850.019186523437
576,ails2_etaMax0.010_stoppingTime172800.00,1453273.0,19175.02818652344
577,ails2_etaMax0.010_stoppingTime172800.00,1453272.0,19175.34518652344
578,ails2_eoh_acc_large,1453072.0,19274.95218652344
579,ails2_etaMax0.010_stoppingTime172800.00,1453269.0,19314.787186523437
580,ails2_eoh_acc_large,1453071.0,19457.40118652344
581,ails2_eoh_acc,1453063.0,19495.411186523437
582,ails2_etaMax1.000_stoppingTime86400.00,1458765.0,19581.084186523436
583,ails2_etaMax1.000_stoppingTime86400.00,1458673.0,19581.484186523438
584,ails2_eoh_acc,1453062.0,19675.161186523437
585,ails2_eoh_acc_large,1453069.0,19879.584186523436
586,ails2_etaMax1.000_stoppingTime864000.00,1461781.0,19990.930186523437
587,ails2_etaMax1.000_stoppingTime864000.00,1461775.0,19990.940186523436
588,ails2_etaMax1.000_stoppingTime86400.00,1458654.0,20165.09918652344
589,ails2_etaMax1.000_stoppingTime86400.00,1458544.0,20166.33018652344
590,ails2_eoh_acc_large,1453068.0,20366.130186523438
591,ails2_eoh_acc_large,1453066.0,20399.199186523438
592,ails2_eoh_acc,1453060.0,20873.852186523436
593,ails2_etaMax0.010_stoppingTime172800.00,1453268.0,20916.692186523436
594,ails2_etaMax0.010_stoppingTime172800.00,1453238.0,20948.608186523437
595,ails2_etaMax1.000_stoppingTime86400.00,1458517.0,21003.63218652344
596,ails2_etaMax1.000_stoppingTime86400.00,1458332.0,21040.533186523437
597,ails2_eoh_acc_large,1453065.0,21275.99118652344
598,ails2_eoh_acc_large,1453060.0,21280.219186523438
599,ails2_etaMax1.000_stoppingTime86400.00,1458289.0,21796.837186523437
600,ails2_etaMax1.000_stoppingTime86400.00,1458272.0,21796.869186523436
601,ails2_etaMax1.000_stoppingTime86400.00,1458241.0,23123.496186523436
602,ails2_etaMax1.000_stoppingTime86400.00,1458082.0,23124.485186523438
603,ails2_etaMax1.000_stoppingTime86400.00,1458048.0,23551.38218652344
604,ails2_etaMax1.000_stoppingTime86400.00,1457992.0,23551.66918652344
605,ails2_etaMax1.000_stoppingTime86400.00,1457917.0,23653.29318652344
606,ails2_etaMax1.000_stoppingTime86400.00,1457914.0,24178.354186523437
607,ails2_etaMax1.000_stoppingTime86400.00,1457859.0,24195.975186523436
608,ails2_etaMax1.000_stoppingTime86400.00,1457847.0,25058.605186523437
609,ails2_etaMax1.000_stoppingTime86400.00,1457647.0,25063.244186523436
610,ails2_etaMax1.000_stoppingTime86400.00,1457626.0,25826.75618652344
611,ails2_etaMax1.000_stoppingTime86400.00,1457468.0,25841.120186523436
612,ails2_etaMax1.000_stoppingTime86400.00,1457466.0,26305.02618652344
613,ails2_etaMax1.000_stoppingTime432000.00,1461393.0,26349.323186523437
614,ails2_etaMax1.000_stoppingTime86400.00,1457424.0,26305.50818652344
615,ails2_etaMax1.000_stoppingTime432000.00,1461385.0,26351.91618652344
616,ails2_etaMax1.000_stoppingTime864000.00,1461771.0,26546.658186523437
617,ails2_etaMax1.000_stoppingTime864000.00,1461494.0,26549.859186523438
618,ails2_etaMax1.000_stoppingTime432000.00,1461315.0,26952.99118652344
619,ails2_etaMax1.000_stoppingTime432000.00,1461296.0,26953.005186523438
620,ails2_etaMax0.010_stoppingTime172800.00,1453235.0,27073.158186523437
621,ails2_etaMax0.010_stoppingTime172800.00,1453232.0,27073.261186523436
622,ails2_etaMax1.000_stoppingTime432000.00,1461191.0,27264.57918652344
623,ails2_etaMax1.000_stoppingTime432000.00,1461157.0,27264.61518652344
624,ails2_etaMax1.000_stoppingTime86400.00,1457408.0,27669.08218652344
625,ails2_etaMax1.000_stoppingTime86400.00,1457200.0,27720.826186523438
626,ails2_etaMax1.000_stoppingTime1296000.00,1462132.0,27871.250186523437
627,ails2_etaMax1.000_stoppingTime1296000.00,1462080.0,27871.29418652344
628,ails2_etaMax1.000_stoppingTime432000.00,1461116.0,28342.764186523436
629,ails2_etaMax1.000_stoppingTime86400.00,1457183.0,28386.84618652344
630,ails2_etaMax1.000_stoppingTime432000.00,1461037.0,28343.091186523438
631,ails2_etaMax1.000_stoppingTime86400.00,1457134.0,28387.25818652344
632,ails2_etaMax0.010_stoppingTime172800.00,1453230.0,28504.654186523436
633,ails2_etaMax0.010_stoppingTime172800.00,1453197.0,28513.999186523437
634,ails2_etaMax1.000_stoppingTime86400.00,1457060.0,28622.983186523437
635,ails2_etaMax1.000_stoppingTime86400.00,1456930.0,28628.139186523436
636,ails2_etaMax1.000_stoppingTime86400.00,1456770.0,28735.532186523436
637,ails2_etaMax1.000_stoppingTime432000.00,1460976.0,30078.325186523438
638,ails2_etaMax1.000_stoppingTime432000.00,1460949.0,30078.335186523436
639,ails2_etaMax1.000_stoppingTime86400.00,1456737.0,30669.389186523436
640,ails2_etaMax1.000_stoppingTime86400.00,1456663.0,30669.570186523437
641,ails2_etaMax1.000_stoppingTime1296000.00,1462035.0,30754.931186523438
642,ails2_etaMax1.000_stoppingTime1296000.00,1462031.0,30754.985186523438
643,ails2_etaMax1.000_stoppingTime86400.00,1456651.0,31460.841186523438
644,ails2_etaMax1.000_stoppingTime86400.00,1456515.0,31472.761186523436
645,ails2_etaMax1.000_stoppingTime86400.00,1456506.0,31675.415186523438
646,ails2_etaMax1.000_stoppingTime86400.00,1456448.0,31677.871186523436
647,ails2_etaMax1.000_stoppingTime1296000.00,1461986.0,31812.56218652344
648,ails2_etaMax1.000_stoppingTime1296000.00,1461869.0,31813.31318652344
649,ails2_etaMax1.000_stoppingTime86400.00,1456446.0,32634.005186523438
650,ails2_etaMax1.000_stoppingTime86400.00,1456227.0,32666.660186523437
651,ails2_etaMax0.010_stoppingTime172800.00,1453194.0,32829.244186523436
652,ails2_etaMax0.010_stoppingTime172800.00,1453186.0,32829.57118652344
653,ails2_etaMax1.000_stoppingTime86400.00,1456224.0,33845.850186523436
654,ails2_etaMax1.000_stoppingTime86400.00,1456223.0,34073.422186523436
655,ails2_etaMax1.000_stoppingTime86400.00,1455954.0,34111.882186523435
656,ails2_etaMax1.000_stoppingTime1296000.00,1461857.0,34331.02518652344
657,ails2_etaMax1.000_stoppingTime432000.00,1460882.0,35119.16118652344
658,ails2_etaMax1.000_stoppingTime432000.00,1460854.0,35119.17318652344
659,ails2_etaMax0.010_stoppingTime172800.00,1453175.0,35282.31318652344
660,ails2_etaMax0.010_stoppingTime172800.00,1453162.0,35337.99518652344
661,ails2_etaMax1.000_stoppingTime86400.00,1455938.0,35401.242186523436
662,ails2_etaMax0.010_stoppingTime172800.00,1453143.0,35343.97618652344
663,ails2_etaMax1.000_stoppingTime86400.00,1455610.0,35416.270186523434
664,ails2_etaMax1.000_stoppingTime86400.00,1455607.0,36077.17618652344
665,ails2_etaMax1.000_stoppingTime86400.00,1455512.0,36077.32018652344
666,ails2_etaMax1.000_stoppingTime86400.00,1455501.0,36479.86818652344
667,HGS-TV,1453060.0,36608.18574166298
668,ails2_etaMax1.000_stoppingTime432000.00,1460850.0,36661.541186523435
669,HGS-TV,1453060.0,36668.41639876366
670,ails2_etaMax1.000_stoppingTime432000.00,1460828.0,36661.62918652344
671,HGS-TV,1453060.0,36728.71812582016
672,HGS-TV,1453060.0,36788.93209505081
673,HGS-TV,1453060.0,36849.355768203735
674,HGS-TV,1453060.0,36909.995460271835
675,HGS-TV,1453060.0,36970.475986242294
676,HGS-TV,1453060.0,37030.64941930771
677,HGS-TV,1453060.0,37091.10178351402
678,HGS-TV,1453060.0,37193.28261804581
679,HGS-TV,1453060.0,37254.47926068306
680,ails2_etaMax1.000_stoppingTime432000.00,1460827.0,37329.78318652344
681,HGS-TV,1453060.0,37358.612077474594
682,HGS-TV,1453060.0,37418.63932013512
683,HGS-TV,1453060.0,37479.26109290123
684,HGS-TV,1453060.0,37548.66290140152
685,HGS-TV,1453060.0,37609.22454738617
686,ails2_etaMax1.000_stoppingTime86400.00,1455496.0,37609.60318652344
687,HGS-TV,1453060.0,37669.899599313736
688,ails2_etaMax1.000_stoppingTime86400.00,1455400.0,37615.422186523436
689,HGS-TV,1453060.0,37731.69918346405
690,HGS-TV,1453060.0,37933.42558121681
691,ails2_etaMax1.000_stoppingTime86400.00,1455397.0,38226.369186523436
692,ails2_etaMax1.000_stoppingTime86400.00,1455357.0,38226.704186523435
693,ails2_etaMax1.000_stoppingTime86400.00,1455354.0,38428.56818652344
694,ails2_etaMax0.010_stoppingTime172800.00,1453142.0,38446.73918652344
695,ails2_etaMax1.000_stoppingTime864000.00,1461472.0,38474.994186523436
696,ails2_etaMax1.000_stoppingTime86400.00,1455303.0,38435.70318652344
697,ails2_etaMax1.000_stoppingTime432000.00,1460782.0,38500.94618652344
698,ails2_etaMax0.010_stoppingTime172800.00,1453140.0,38472.01418652344
699,ails2_etaMax1.000_stoppingTime864000.00,1461408.0,38475.00818652344
700,ails2_etaMax1.000_stoppingTime432000.00,1460682.0,38500.99118652344
701,HGS-TV,1453060.0,38970.295461416245
702,HGS-TV,1453060.0,39239.492485523224
703,ails2_etaMax1.000_stoppingTime1296000.00,1461816.0,39436.63118652344
704,ails2_etaMax1.000_stoppingTime86400.00,1455289.0,39746.566186523436
705,ails2_etaMax1.000_stoppingTime86400.00,1455099.0,39790.10318652344
706,ails2_etaMax1.000_stoppingTime86400.00,1455094.0,39994.70518652344
707,HGS-TV,1453060.0,40028.9466612339
708,ails2_etaMax1.000_stoppingTime86400.00,1455041.0,39997.97418652344
709,HGS-TV,1453060.0,40088.98459792137
710,ails2_etaMax1.000_stoppingTime432000.00,1460664.0,40094.71418652344
711,ails2_etaMax1.000_stoppingTime432000.00,1460513.0,40094.88118652344
712,ails2_etaMax1.000_stoppingTime432000.00,1460466.0,40456.94218652344
713,ails2_etaMax1.000_stoppingTime432000.00,1460386.0,40456.96318652344
714,ails2_etaMax0.010_stoppingTime172800.00,1453137.0,40531.33618652344
715,ails2_etaMax0.010_stoppingTime172800.00,1453136.0,40531.49518652344
716,HGS-TV,1453060.0,40800.46496248245
717,ails2_etaMax0.010_stoppingTime172800.00,1453135.0,40836.98318652344
718,ails2_etaMax1.000_stoppingTime86400.00,1455038.0,40978.08618652344
719,ails2_etaMax1.000_stoppingTime86400.00,1454735.0,41001.07818652344
720,ails2_etaMax0.020_stoppingTime86400.00,1453059.0,41546.72218652344
721,ails2_etaMax0.020_stoppingTime86400.00,1453058.0,41547.02918652344
722,ails2_etaMax1.000_stoppingTime864000.00,1461395.0,41619.08918652344
723,HGS-TV,1453060.0,41870.09635400772
724,HGS-TV,1453060.0,43182.213150024414
725,ails2_eoh_acc_large,1452939.0,43273.280186523436
726,ails2_eoh_acc_large,1452920.0,43321.17118652344
727,ails2_eoh_acc_large,1452910.0,43369.95718652344
728,ails2_eoh_acc_large,1452900.0,43452.29818652344
729,ails2_eoh_acc_large,1452897.0,43521.49118652344
730,ails2_eoh_acc_large,1452895.0,43541.365186523435
731,ails2_etaMax1.000_stoppingTime86400.00,1454729.0,43619.117186523436
732,ails2_eoh_acc_large,1452876.0,43627.64418652344
733,ails2_eoh_acc_large,1452872.0,43662.085186523436
734,ails2_eoh_acc_large,1452871.0,43900.738186523435
735,ails2_eoh_acc_large,1452870.0,43975.92618652344
736,ails2_eoh_acc_large,1452866.0,44124.86218652344
737,ails2_etaMax1.000_stoppingTime86400.00,1454725.0,44126.64618652344
738,ails2_eoh_acc_large,1452864.0,44141.64218652344
739,ails2_etaMax1.000_stoppingTime86400.00,1454671.0,44127.77318652344
740,ails2_etaMax1.000_stoppingTime86400.00,1454666.0,44349.40018652344
741,ails2_etaMax1.000_stoppingTime86400.00,1454598.0,44356.04218652344
742,ails2_etaMax1.000_stoppingTime86400.00,1454595.0,44577.45318652344
743,ails2_eoh_acc_large,1452858.0,44608.61618652344
744,ails2_etaMax1.000_stoppingTime86400.00,1454593.0,44577.522186523434
745,ails2_etaMax1.000_stoppingTime86400.00,1454592.0,44687.208186523436
746,ails2_etaMax1.000_stoppingTime86400.00,1454588.0,44846.52718652344
747,ails2_etaMax0.005_stoppingTime86400.00,1453056.0,44901.64218652344
748,ails2_etaMax1.000_stoppingTime86400.00,1454406.0,44859.56718652344
749,ails2_etaMax0.005_stoppingTime86400.00,1453043.0,44906.31918652344
750,ails2_etaMax0.010_stoppingTime172800.00,1453133.0,44993.61218652344
751,ails2_eoh_acc_large,1452857.0,45012.789186523434
752,ails2_etaMax0.010_stoppingTime172800.00,1453130.0,45000.27318652344
753,ails2_etaMax0.010_stoppingTime172800.00,1453126.0,45054.58618652344
754,ails2_etaMax1.000_stoppingTime86400.00,1454404.0,45237.270186523434
755,ails2_etaMax1.000_stoppingTime86400.00,1454397.0,45431.647186523434
756,ails2_etaMax0.005_stoppingTime86400.00,1453041.0,45465.26618652344
757,ails2_etaMax1.000_stoppingTime86400.00,1454272.0,45431.75118652344
758,ails2_etaMax0.005_stoppingTime86400.00,1453029.0,45469.922186523436
759,HGS-TV,1452905.0,45863.90227150917
760,ails2_etaMax1.000_stoppingTime1296000.00,1461794.0,46131.53518652344
761,ails2_etaMax1.000_stoppingTime1296000.00,1461750.0,46132.02518652344
762,ails2_etaMax1.000_stoppingTime86400.00,1454269.0,46743.80418652344
763,ails2_etaMax1.000_stoppingTime86400.00,1454097.0,46745.10318652344
764,ails2_eoh_acc_large,1452853.0,46937.45718652344
765,ails2_eoh_acc,1452856.0,47396.939186523436
766,ails2_eoh_acc_large,1452852.0,47463.60718652344
767,ails2_etaMax1.000_stoppingTime864000.00,1461391.0,47964.708186523436
768,ails2_etaMax1.000_stoppingTime86400.00,1454070.0,47996.960186523436
769,ails2_etaMax1.000_stoppingTime864000.00,1461221.0,47967.40418652344
770,ails2_etaMax1.000_stoppingTime86400.00,1454029.0,47997.44918652344
771,ails2_etaMax1.000_stoppingTime864000.00,1461180.0,48993.12018652344
772,ails2_etaMax1.000_stoppingTime864000.00,1460966.0,48996.95718652344
773,ails2_etaMax1.000_stoppingTime86400.00,1454024.0,49281.66218652344
774,ails2_etaMax1.000_stoppingTime86400.00,1453859.0,49295.01018652344
775,ails2_etaMax1.000_stoppingTime432000.00,1460351.0,50033.488186523435
776,ails2_etaMax1.000_stoppingTime432000.00,1460322.0,50033.52118652344
777,ails2_eoh_omega2,1453159.0,50715.66318652344
778,ails2_eoh_omega2,1453156.0,50780.085186523436
779,ails2_eoh_omega2,1453148.0,50781.79018652344
780,ails2_etaMax1.000_stoppingTime432000.00,1460291.0,51614.43218652344
781,ails2_etaMax1.000_stoppingTime432000.00,1460057.0,51614.99718652344
782,ails2_etaMax1.000_stoppingTime86400.00,1453849.0,51675.797186523436
783,ails2_etaMax1.000_stoppingTime86400.00,1453837.0,51682.388186523436
784,ails2_etaMax1.000_stoppingTime86400.00,1453833.0,52574.761186523436
785,ails2_etaMax1.000_stoppingTime86400.00,1453734.0,52608.97618652344
786,ails2_etaMax0.010_stoppingTime172800.00,1453124.0,52991.11418652344
787,ails2_etaMax0.010_stoppingTime172800.00,1453102.0,53009.511186523436
788,ails2_etaMax1.000_stoppingTime86400.00,1453725.0,53839.740186523435
789,ails2_etaMax1.000_stoppingTime86400.00,1453665.0,53898.09518652344
790,ails2_etaMax1.000_stoppingTime86400.00,1453642.0,53903.99318652344
791,ails2_etaMax1.000_stoppingTime86400.00,1453632.0,54394.33818652344
792,ails2_etaMax1.000_stoppingTime86400.00,1453583.0,54395.009186523435
793,ails2_etaMax1.000_stoppingTime86400.00,1453580.0,54575.918186523435
794,ails2_etaMax1.000_stoppingTime86400.00,1453571.0,54576.00818652344
795,ails2_etaMax1.000_stoppingTime86400.00,1453566.0,54719.61018652344
796,ails2_etaMax1.000_stoppingTime86400.00,1453512.0,54731.35318652344
797,ails2_eoh_acc_large,1452846.0,54847.812186523435
798,ails2_eoh_acc_large,1452833.0,54874.62918652344
799,ails2_etaMax1.000_stoppingTime1296000.00,1461740.0,55803.12318652344
800,ails2_etaMax1.000_stoppingTime1296000.00,1461457.0,55804.00118652344
801,ails2_etaMax1.000_stoppingTime432000.00,1460039.0,56305.371186523436
802,ails2_etaMax1.000_stoppingTime432000.00,1459998.0,56306.33618652344
803,ails2_etaMax1.000_stoppingTime432000.00,1459969.0,57445.60418652344
804,ails2_etaMax1.000_stoppingTime432000.00,1459854.0,57445.68018652344
805,ails2_etaMax1.000_stoppingTime86400.00,1453511.0,57640.329186523435
806,ails2_etaMax1.000_stoppingTime86400.00,1453490.0,57652.64418652344
807,ails2_etaMax1.000_stoppingTime86400.00,1453487.0,57931.812186523435
808,ails2_etaMax1.000_stoppingTime86400.00,1453468.0,57951.34318652344
809,ails2_etaMax1.000_stoppingTime86400.00,1453466.0,58464.69718652344
810,ails2_etaMax1.000_stoppingTime86400.00,1453426.0,58499.812186523435
811,ails2_etaMax1.000_stoppingTime86400.00,1453412.0,58525.65418652344
812,ails2_etaMax1.000_stoppingTime86400.00,1453386.0,58608.13318652344
813,ails2_etaMax1.000_stoppingTime86400.00,1453338.0,58699.21418652344
814,ails2_eoh_acc_large,1452832.0,59857.382186523435
815,ails2_etaMax1.000_stoppingTime86400.00,1453332.0,59916.16718652344
816,ails2_eoh_acc_large,1452829.0,59858.63318652344
817,ails2_etaMax1.000_stoppingTime86400.00,1453230.0,59975.704186523435
818,ails2_etaMax1.000_stoppingTime86400.00,1453191.0,60008.94018652344
819,ails2_etaMax1.000_stoppingTime864000.00,1460882.0,60087.07618652344
820,ails2_etaMax1.000_stoppingTime864000.00,1460787.0,60087.12918652344
821,ails2_etaMax1.000_stoppingTime86400.00,1453187.0,61649.541186523435
822,ails2_etaMax1.000_stoppingTime86400.00,1453180.0,61649.82618652344
823,ails2_etaMax1.000_stoppingTime86400.00,1453177.0,62094.155186523436
824,ails2_etaMax1.000_stoppingTime86400.00,1453167.0,62121.99918652344
825,ails2_etaMax1.000_stoppingTime1296000.00,1461416.0,62464.011186523436
826,ails2_etaMax1.000_stoppingTime86400.00,1453163.0,62468.13718652344
827,ails2_etaMax1.000_stoppingTime1296000.00,1461311.0,62464.242186523436
828,ails2_etaMax1.000_stoppingTime86400.00,1453104.0,62483.79618652344
829,ails2_etaMax1.000_stoppingTime86400.00,1453100.0,64023.06118652344
830,ails2_etaMax1.000_stoppingTime86400.00,1453099.0,64023.76218652344
831,ails2_etaMax1.000_stoppingTime86400.00,1453094.0,64337.27718652344
832,ails2_etaMax1.000_stoppingTime86400.00,1453092.0,64337.342186523434
833,ails2_etaMax1.000_stoppingTime86400.00,1453091.0,64517.36018652344
834,ails2_etaMax1.000_stoppingTime86400.00,1453016.0,64576.27118652344
835,ails2_etaMax1.000_stoppingTime86400.00,1453003.0,64639.82218652344
836,ails2_etaMax1.000_stoppingTime86400.00,1453001.0,64640.206186523435
837,ails2_etaMax1.000_stoppingTime432000.00,1459850.0,65079.53518652344
838,ails2_etaMax1.000_stoppingTime432000.00,1459836.0,65079.58918652344
839,ails2_etaMax1.000_stoppingTime86400.00,1452998.0,65241.95118652344
840,ails2_etaMax1.000_stoppingTime86400.00,1452994.0,65242.08418652344
841,ails2_etaMax1.000_stoppingTime86400.00,1452985.0,65659.92818652344
842,ails2_etaMax1.000_stoppingTime86400.00,1452965.0,65662.13018652344
843,ails2_etaMax0.010_stoppingTime172800.00,1453100.0,66623.30818652344
844,ails2_etaMax0.010_stoppingTime172800.00,1453095.0,66626.23718652343
845,ails2_eoh_omega2,1453144.0,66868.35118652343
846,ails2_eoh_omega2,1453134.0,66917.64518652344
847,ails2_etaMax1.000_stoppingTime432000.00,1459831.0,67342.46318652344
848,ails2_etaMax1.000_stoppingTime432000.00,1459746.0,67344.83118652344
849,ails2_eoh_omega2,1453133.0,67459.27618652344
850,ails2_eoh_omega2,1453132.0,67459.29618652344
851,ails2_eoh_omega2,1453128.0,67619.95418652344
852,ails2_etaMax0.010_stoppingTime172800.00,1453091.0,67943.25618652343
853,ails2_etaMax0.010_stoppingTime172800.00,1453081.0,67944.03118652344
854,ails2_etaMax1.000_stoppingTime86400.00,1452962.0,68384.11818652344
855,ails2_etaMax0.010_stoppingTime172800.00,1453080.0,68443.40418652343
856,ails2_etaMax0.010_stoppingTime172800.00,1453077.0,68443.89518652344
857,ails2_etaMax1.000_stoppingTime86400.00,1452955.0,68870.28818652344
858,ails2_etaMax1.000_stoppingTime86400.00,1452917.0,68896.50118652344
859,ails2_etaMax1.000_stoppingTime86400.00,1452913.0,68941.80618652343
860,ails2_eoh_omega2,1453127.0,69789.26918652344
861,ails2_eoh_omega2,1453125.0,69790.24618652344
862,ails2_etaMax1.000_stoppingTime432000.00,1459735.0,69966.61418652344
863,ails2_etaMax1.000_stoppingTime432000.00,1459686.0,69966.65118652344
864,ails2_eoh_omega2,1453121.0,70057.70218652344
865,ails2_etaMax1.000_stoppingTime432000.00,1459674.0,70090.86318652343
866,ails2_eoh_omega2,1453114.0,70057.97118652344
867,ails2_etaMax1.000_stoppingTime432000.00,1459433.0,70090.89618652343
868,ails2_eoh_omega2,1453113.0,70623.93418652343
869,ails2_eoh_omega2,1453112.0,70624.58818652344
870,ails2_etaMax1.000_stoppingTime86400.00,1452912.0,70741.19618652343
871,ails2_etaMax1.000_stoppingTime86400.00,1452893.0,70751.64118652344
872,ails2_eoh_omega2,1453110.0,70807.36518652344
873,ails2_eoh_omega2,1453100.0,70857.55518652344
874,ails2_eoh_omega2,1453099.0,71469.21718652344
875,ails2_eoh_omega2,1453098.0,71469.57818652343
876,ails2_etaMax1.000_stoppingTime86400.00,1452891.0,72063.28618652344
877,ails2_etaMax1.000_stoppingTime86400.00,1452870.0,72068.22518652344
878,ails2_eoh_omega2,1453096.0,72273.68818652343
879,ails2_eoh_omega2,1453094.0,72274.12518652344
880,ails2_eoh_omega2,1453092.0,72421.42118652344
881,ails2_eoh_omega2,1453090.0,72421.47318652344
882,ails2_etaMax1.000_stoppingTime86400.00,1452867.0,72495.74018652344
883,ails2_etaMax1.000_stoppingTime86400.00,1452856.0,72506.44918652343
884,ails2_etaMax1.000_stoppingTime432000.00,1459420.0,72969.04918652344
885,ails2_eoh_acc,1452828.0,73647.03318652343
886,ails2_etaMax1.000_stoppingTime86400.00,1452851.0,73753.71918652343
887,ails2_etaMax1.000_stoppingTime86400.00,1452841.0,73756.81418652344
888,ails2_etaMax1.000_stoppingTime86400.00,1452839.0,74421.64718652343
889,ails2_etaMax1.000_stoppingTime86400.00,1452830.0,74422.13418652344
890,ails2_etaMax1.000_stoppingTime864000.00,1460702.0,74846.82618652344
891,ails2_etaMax1.000_stoppingTime86400.00,1452817.0,74888.03118652344
892,ails2_eoh_omega2,1453089.0,75239.75418652344
893,ails2_eoh_omega2,1453082.0,75243.82318652344
894,ails2_eoh_omega2,1453080.0,75455.83118652344
895,ails2_etaMax1.000_stoppingTime86400.00,1452813.0,75471.18518652343
896,ails2_etaMax1.000_stoppingTime86400.00,1452796.0,75475.40318652344
897,ails2_etaMax1.000_stoppingTime86400.00,1452794.0,75621.15218652344
898,ails2_eoh_acc_large,1452758.0,75673.38518652343
899,ails2_eoh_acc_large,1452724.0,75736.22218652343
900,ails2_eoh_acc_large,1452717.0,75763.23318652344
901,ails2_eoh_acc_large,1452715.0,75861.35018652344
902,ails2_eoh_acc_large,1452712.0,75897.21718652344
903,HGS-TV,1452713.0,75943.51826334
904,ails2_eoh_acc_large,1452709.0,75983.58218652343
905,ails2_eoh_acc_large,1452706.0,76026.24118652343
906,ails2_eoh_acc_large,1452705.0,76134.15618652344
907,ails2_eoh_acc_large,1452701.0,76195.58318652344
908,ails2_eoh_acc_large,1452700.0,76283.42918652344
909,ails2_eoh_acc_large,1452698.0,76394.15218652344
910,ails2_eoh_acc_large,1452697.0,76814.66918652343
911,ails2_eoh_acc_large,1452694.0,76823.13218652343
912,ails2_etaMax1.000_stoppingTime432000.00,1459406.0,77388.98518652344
913,ails2_etaMax1.000_stoppingTime432000.00,1459174.0,77398.08018652344
914,ails2_etaMax1.000_stoppingTime864000.00,1460659.0,77954.69218652343
915,ails2_etaMax1.000_stoppingTime864000.00,1460479.0,77954.91618652343
916,ails2_eoh_acc_large,1452691.0,79244.31518652344
917,ails2_eoh_acc_large,1452690.0,79347.43118652343
918,ails2_eoh_acc_large,1452685.0,79377.12618652344
919,ails2_eoh_acc_large,1452684.0,79619.80418652344
920,ails2_eoh_acc_large,1452683.0,79631.76418652343
921,ails2_eoh_acc_large,1452681.0,80059.08418652344
922,ails2_etaMax1.000_stoppingTime432000.00,1459170.0,80119.72918652344
923,ails2_eoh_acc_large,1452680.0,80060.33218652343
924,ails2_etaMax1.000_stoppingTime86400.00,1452793.0,80265.02818652344
925,ails2_etaMax1.000_stoppingTime86400.00,1452790.0,80502.99718652344
926,ails2_etaMax1.000_stoppingTime86400.00,1452780.0,80504.33318652344
927,HGS-TV,1452683.0,80634.91503238678
928,ails2_etaMax1.000_stoppingTime86400.00,1452779.0,81410.83318652344
929,ails2_etaMax1.000_stoppingTime86400.00,1452766.0,81411.34118652344
930,ails2_eoh_acc,1452686.0,81808.10918652343
931,ails2_eoh_acc,1452684.0,81839.91518652343
932,ails2_etaMax1.000_stoppingTime86400.00,1452764.0,82226.58618652343
933,ails2_etaMax1.000_stoppingTime86400.00,1452759.0,82226.64518652344
934,ails2_etaMax1.000_stoppingTime86400.00,1452758.0,83744.93118652343
935,ails2_etaMax1.000_stoppingTime1296000.00,1461268.0,83785.22118652344
936,ails2_etaMax1.000_stoppingTime86400.00,1452749.0,83779.37318652344
937,ails2_etaMax1.000_stoppingTime1296000.00,1460817.0,83786.75118652344
938,ails2_etaMax1.000_stoppingTime86400.00,1452747.0,83817.50518652344
939,ails2_etaMax0.010_stoppingTime172800.00,1453073.0,84588.45118652344
940,ails2_etaMax1.000_stoppingTime86400.00,1452746.0,84619.63318652344
941,ails2_etaMax1.000_stoppingTime432000.00,1459136.0,84713.34018652343
942,ails2_etaMax1.000_stoppingTime432000.00,1459057.0,84767.95218652344
943,ails2_etaMax1.000_stoppingTime86400.00,1452745.0,85475.00118652344
944,ails2_etaMax1.000_stoppingTime86400.00,1452742.0,85475.14218652344
945,ails2_etaMax1.000_stoppingTime86400.00,1452741.0,85869.69818652344
946,ails2_etaMax0.010_stoppingTime172800.00,1453072.0,88559.59818652344
947,ails2_etaMax0.010_stoppingTime172800.00,1453070.0,88559.76618652344
948,ails2_etaMax1.000_stoppingTime432000.00,1459043.0,88940.09218652344
949,ails2_etaMax1.000_stoppingTime432000.00,1458923.0,88947.67318652343
950,ails2_etaMax1.000_stoppingTime432000.00,1458890.0,90242.09018652343
951,ails2_etaMax1.000_stoppingTime864000.00,1460456.0,90699.12718652343
952,ails2_etaMax1.000_stoppingTime864000.00,1460424.0,91236.10718652344
953,ails2_etaMax0.010_stoppingTime172800.00,1453069.0,92306.81318652343
954,ails2_etaMax0.010_stoppingTime172800.00,1453064.0,92306.93618652344
955,ails2_etaMax1.000_stoppingTime864000.00,1460412.0,93621.29118652343
956,ails2_etaMax1.000_stoppingTime864000.00,1460244.0,93621.35618652344
957,ails2_etaMax1.000_stoppingTime432000.00,1458883.0,94036.45918652344
958,ails2_etaMax1.000_stoppingTime432000.00,1458844.0,94036.70518652344
959,ails2_etaMax0.010_stoppingTime172800.00,1453063.0,94896.91518652343
960,ails2_etaMax1.000_stoppingTime432000.00,1458830.0,94995.64418652344
961,ails2_etaMax1.000_stoppingTime432000.00,1458661.0,94995.68318652344
962,HGS-TV,1452680.0,96977.84557414055
963,HGS-TV,1452680.0,97038.20501232147
964,HGS-TV,1452680.0,97098.28225064278
965,HGS-TV,1452680.0,97158.42571997643
966,HGS-TV,1452680.0,97219.42881703377
967,HGS-TV,1452680.0,97279.51419758797
968,HGS-TV,1452680.0,97339.65367221832
969,HGS-TV,1452680.0,97400.05084061623
970,HGS-TV,1452680.0,97460.48906254768
971,HGS-TV,1452680.0,97520.79128074646
972,HGS-TV,1452680.0,97655.7173333168
973,HGS-TV,1452680.0,97742.14174580574
974,HGS-TV,1452680.0,97855.67147254944
975,HGS-TV,1452680.0,97990.48847532272
976,HGS-TV,1452680.0,98051.00835204124
977,ails2_etaMax0.010_stoppingTime172800.00,1453062.0,98098.88718652344
978,HGS-TV,1452680.0,98111.90459012985
979,ails2_etaMax0.010_stoppingTime172800.00,1453049.0,98101.24518652343
980,HGS-TV,1452680.0,98239.15245389938
981,HGS-TV,1452680.0,98300.63957428932
982,HGS-TV,1452680.0,98848.68285822868
983,HGS-TV,1452680.0,98947.40518546104
984,HGS-TV,1452680.0,99009.1474647522
985,HGS-TV,1452680.0,99151.71645331383
986,ails2_etaMax1.000_stoppingTime432000.00,1458651.0,99515.84818652344
987,ails2_etaMax1.000_stoppingTime432000.00,1458629.0,99515.98518652344
988,HGS-TV,1452680.0,99918.8248462677
989,HGS-TV,1452680.0,99978.92044043541
990,HGS-TV,1452680.0,100039.70022130013
991,HGS-TV,1452680.0,100185.98041057587
992,ails2_etaMax1.000_stoppingTime432000.00,1458606.0,100197.95218652344
993,HGS-TV,1452680.0,100247.64605617523
994,ails2_etaMax1.000_stoppingTime432000.00,1458508.0,100294.21718652344
995,ails2_eoh_omega2,1453079.0,100298.79218652344
996,ails2_etaMax1.000_stoppingTime432000.00,1458349.0,100294.40018652343
997,ails2_eoh_omega2,1453078.0,100403.11918652344
998,ails2_eoh_omega2,1453064.0,100423.03318652343
999,HGS-TV,1452680.0,100694.66644787788
1000,HGS-TV,1452680.0,101124.26653289795
1001,HGS-TV,1452680.0,101210.20444369316
1002,ails2_etaMax1.000_stoppingTime864000.00,1460221.0,101344.79018652343
1003,ails2_etaMax1.000_stoppingTime864000.00,1459953.0,101345.06018652343
1004,ails2_eoh_omega2,1453063.0,101991.23518652344
1005,ails2_eoh_omega2,1453061.0,102021.08118652344
1006,HGS-TV,1452680.0,102280.3641269207
1007,HGS-TV,1452680.0,102341.40266299248
1008,ails2_etaMax1.000_stoppingTime1296000.00,1460813.0,102616.23218652344
1009,ails2_etaMax1.000_stoppingTime1296000.00,1460568.0,102616.31618652344
1010,HGS-TV,1452680.0,102680.32570672035
1011,HGS-TV,1452680.0,103714.70486164093
1012,ails2_etaMax0.010_stoppingTime172800.00,1453046.0,103842.33718652344
1013,ails2_etaMax0.010_stoppingTime172800.00,1453043.0,103842.45418652344
1014,HGS-TV,1452680.0,104146.85370540619
1015,HGS-TV,1452680.0,104208.30085492134
1016,ails2_etaMax1.000_stoppingTime432000.00,1458316.0,104624.01918652344
1017,HGS-TV,1452680.0,104728.29971122742
1018,HGS-TV,1452680.0,104937.44165802002
1019,ails2_eoh_omega2,1453060.0,105275.07818652343
1020,ails2_etaMax1.000_stoppingTime432000.00,1458308.0,105543.32418652343
1021,ails2_etaMax1.000_stoppingTime432000.00,1458293.0,105543.34618652344
1022,ails2_eoh_omega2,1453058.0,105891.80318652344
1023,ails2_eoh_omega2,1453057.0,105893.39118652344
1024,ails2_etaMax1.000_stoppingTime432000.00,1458280.0,106304.54818652343
1025,ails2_etaMax1.000_stoppingTime432000.00,1458236.0,106304.56318652343
1026,HGS-TV,1452680.0,107402.44457793236
1027,HGS-TV,1452680.0,107723.65365934372
1028,HGS-TV,1452680.0,107784.06497359276
1029,ails2_eoh_omega2,1453056.0,107995.53918652344
1030,ails2_eoh_omega2,1453052.0,107996.13518652343
1031,ails2_eoh_omega2,1453050.0,108292.59118652344
1032,ails2_eoh_omega2,1453047.0,108293.55018652344
1033,HGS-TV,1452680.0,108655.68928551674
1034,ails2_etaMax1.000_stoppingTime864000.00,1459949.0,108734.46818652343
1035,ails2_etaMax1.000_stoppingTime1296000.00,1460513.0,108903.00718652343
1036,ails2_etaMax1.000_stoppingTime1296000.00,1460472.0,108903.02818652344
1037,ails2_etaMax1.000_stoppingTime432000.00,1458101.0,109332.74618652344
1038,HGS-TV,1452680.0,109391.54415011406
1039,HGS-TV,1452680.0,109548.00410914421
1040,HGS-TV,1452680.0,109760.82594203949
1041,HGS-TV,1452680.0,111243.4417424202
1042,HGS-TV,1452680.0,111445.31831479073
1043,ails2_etaMax1.000_stoppingTime432000.00,1458063.0,112348.97818652344
1044,ails2_etaMax1.000_stoppingTime432000.00,1458029.0,112349.05518652344
1045,ails2_etaMax1.000_stoppingTime432000.00,1458020.0,112848.46918652343
1046,ails2_etaMax1.000_stoppingTime432000.00,1457939.0,112881.33018652344
1047,ails2_etaMax1.000_stoppingTime432000.00,1457664.0,112911.22818652344
1048,HGS-TV,1452680.0,113832.17953205109
1049,ails2_eoh_omega2,1453046.0,114056.86618652343
1050,ails2_eoh_omega2,1453044.0,114056.92018652344
1051,ails2_etaMax1.000_stoppingTime432000.00,1457662.0,114578.13718652344
1052,ails2_etaMax1.000_stoppingTime432000.00,1457552.0,114579.52318652344
1053,ails2_eoh_omega2,1453041.0,115791.03618652344
1054,ails2_eoh_omega2,1453037.0,115791.72018652344
1055,HGS-TV,1452680.0,116750.79493427277
1056,HGS-TV,1452680.0,116811.17523097992
1057,HGS-TV,1452680.0,117847.82245373726
1058,ails2_etaMax1.000_stoppingTime864000.00,1459942.0,118286.84318652343
1059,ails2_etaMax1.000_stoppingTime864000.00,1459916.0,118286.85318652344
1060,ails2_etaMax1.000_stoppingTime864000.00,1459878.0,121550.88618652344
1061,ails2_etaMax1.000_stoppingTime864000.00,1459759.0,121552.14518652344
1062,ails2_etaMax1.000_stoppingTime432000.00,1457516.0,122128.32118652343
1063,ails2_etaMax1.000_stoppingTime432000.00,1457499.0,122445.50218652343
1064,ails2_etaMax1.000_stoppingTime432000.00,1457476.0,122445.52818652344
1065,HGS-TV,1452680.0,124444.4778804779
1066,ails2_etaMax1.000_stoppingTime432000.00,1457456.0,125605.28918652344
1067,ails2_etaMax1.000_stoppingTime864000.00,1459757.0,125779.69918652343
1068,ails2_etaMax1.000_stoppingTime864000.00,1459748.0,126788.45718652343
1069,ails2_etaMax1.000_stoppingTime864000.00,1459664.0,126789.06718652343
1070,ails2_etaMax0.010_stoppingTime172800.00,1453042.0,126878.66718652344
1071,ails2_eoh_omega2,1453035.0,128013.59818652344
1072,ails2_eoh_omega2,1453034.0,128013.61018652344
1073,ails2_etaMax0.010_stoppingTime172800.00,1453041.0,128207.00118652344
1074,HGS-TV,1452680.0,128233.08073496819
1075,ails2_etaMax1.000_stoppingTime432000.00,1457454.0,128536.73718652343
1076,ails2_etaMax1.000_stoppingTime432000.00,1457396.0,128536.99418652344
1077,ails2_etaMax1.000_stoppingTime432000.00,1457331.0,128856.92418652344
1078,ails2_etaMax1.000_stoppingTime432000.00,1457216.0,128858.32018652344
1079,ails2_eoh_omega2,1453032.0,129104.28518652344
1080,ails2_eoh_omega2,1453028.0,129104.34718652343
1081,ails2_eoh_omega2,1453025.0,129416.10818652344
1082,ails2_etaMax1.000_stoppingTime1296000.00,1460436.0,130440.33118652344
1083,ails2_etaMax1.000_stoppingTime1296000.00,1460320.0,130440.53418652344
1084,ails2_etaMax1.000_stoppingTime432000.00,1457210.0,130787.86618652343
1085,ails2_etaMax1.000_stoppingTime432000.00,1457120.0,130788.03218652344
1086,ails2_etaMax1.000_stoppingTime432000.00,1457095.0,131110.59918652344
1087,ails2_etaMax1.000_stoppingTime432000.00,1457064.0,131177.64718652345
1088,ails2_etaMax1.000_stoppingTime432000.00,1457033.0,131177.65818652345
1089,HGS-TV,1452680.0,132813.363632679
1090,HGS-TV,1452680.0,133075.29543447495
1091,HGS-TV,1452680.0,133227.21925115585
1092,ails2_etaMax1.000_stoppingTime864000.00,1459651.0,133249.28318652345
1093,ails2_etaMax1.000_stoppingTime864000.00,1459611.0,133249.33018652344
1094,ails2_etaMax0.020_stoppingTime86400.00,1452679.0,133872.27818652344
1095,ails2_etaMax0.020_stoppingTime86400.00,1452660.0,133915.33218652345
1096,ails2_etaMax1.000_stoppingTime432000.00,1457031.0,133964.58318652344
1097,ails2_etaMax1.000_stoppingTime432000.00,1456962.0,133976.92518652344
1098,ails2_etaMax1.000_stoppingTime432000.00,1456959.0,134589.69218652343
1099,ails2_etaMax1.000_stoppingTime432000.00,1456896.0,134589.81918652344
1100,HGS-TV,1452680.0,135065.64901280403
1101,ails2_etaMax1.000_stoppingTime864000.00,1459610.0,135819.22218652343
1102,ails2_etaMax1.000_stoppingTime864000.00,1459538.0,135819.28518652343
1103,ails2_etaMax0.020_stoppingTime86400.00,1452659.0,136126.91618652345
1104,ails2_etaMax0.020_stoppingTime86400.00,1452653.0,136128.16718652344
1105,HGS-TV,1452680.0,136631.7327246666
1106,ails2_etaMax1.000_stoppingTime1296000.00,1460194.0,137223.10918652345
1107,ails2_etaMax1.000_stoppingTime1296000.00,1460116.0,137223.54918652345
1108,ails2_etaMax1.000_stoppingTime432000.00,1456890.0,137961.58918652343
1109,ails2_etaMax1.000_stoppingTime432000.00,1456637.0,137971.04918652345
1110,HGS-TV,1452640.0,138399.90101122856
1111,ails2_etaMax0.010_stoppingTime172800.00,1453040.0,138705.45418652345
1112,ails2_etaMax0.010_stoppingTime172800.00,1453037.0,138709.35218652344
1113,ails2_eoh_omega2,1453023.0,139172.61718652345
1114,ails2_etaMax1.000_stoppingTime864000.00,1459514.0,139808.50118652344
1115,ails2_etaMax1.000_stoppingTime864000.00,1459433.0,139809.38918652345
1116,ails2_etaMax1.000_stoppingTime864000.00,1459422.0,141639.04018652343
1117,ails2_etaMax1.000_stoppingTime864000.00,1459358.0,141639.07718652344
1118,HGS-TV,1452639.0,141771.12321400642
1119,HGS-TV,1452638.0,141831.24046325684
1120,HGS-TV,1452637.0,141983.08559536934
1121,ails2_etaMax0.010_stoppingTime172800.00,1453036.0,142643.14818652344
1122,ails2_etaMax1.000_stoppingTime432000.00,1456630.0,142677.33018652344
1123,ails2_etaMax0.010_stoppingTime172800.00,1453033.0,142643.59418652343
1124,ails2_etaMax0.010_stoppingTime172800.00,1453032.0,143309.43518652345
1125,HGS-TV,1452636.0,143332.30524373055
1126,ails2_etaMax0.010_stoppingTime172800.00,1453030.0,143309.56318652345
1127,HGS-TV,1452634.0,144172.90728974342
1128,ails2_etaMax1.000_stoppingTime432000.00,1456619.0,144833.39518652344
1129,ails2_etaMax1.000_stoppingTime432000.00,1456592.0,144833.49718652343
1130,ails2_etaMax0.010_stoppingTime172800.00,1453029.0,145005.64718652345
1131,HGS-TV,1452632.0,145661.21805024147
1132,ails2_etaMax1.000_stoppingTime432000.00,1456582.0,146587.93118652343
1133,ails2_etaMax1.000_stoppingTime432000.00,1456458.0,146588.69518652343
1134,ails2_etaMax1.000_stoppingTime864000.00,1459351.0,147199.41718652344
1135,ails2_etaMax1.000_stoppingTime864000.00,1459179.0,147199.63318652342
1136,HGS-TV,1452629.0,147287.85789561272
1137,ails2_etaMax1.000_stoppingTime432000.00,1456457.0,147665.56718652343
1138,ails2_etaMax1.000_stoppingTime432000.00,1456260.0,147670.65918652344
1139,ails2_etaMax1.000_stoppingTime864000.00,1459166.0,148630.93218652342
1140,ails2_etaMax1.000_stoppingTime432000.00,1456254.0,149026.03018652345
1141,HGS-TV,1452628.0,149479.5266702175
1142,ails2_etaMax1.000_stoppingTime864000.00,1459094.0,149685.09418652343
1143,ails2_etaMax1.000_stoppingTime864000.00,1459044.0,149685.56518652342
1144,ails2_etaMax1.000_stoppingTime1296000.00,1460083.0,150076.79118652345
1145,HGS-TV,1452622.0,151089.1740705967
1146,HGS-TV,1452621.0,151158.57845115662
1147,ails2_etaMax1.000_stoppingTime432000.00,1456227.0,151631.13118652345
1148,ails2_etaMax1.000_stoppingTime432000.00,1456225.0,151631.14418652345
1149,ails2_etaMax1.000_stoppingTime864000.00,1459029.0,152286.24818652344
1150,ails2_etaMax1.000_stoppingTime864000.00,1458826.0,152286.35818652343
1151,HGS-TV,1452620.0,152438.82766199112
1152,ails2_etaMax1.000_stoppingTime1296000.00,1460074.0,152937.89418652345
1153,ails2_etaMax1.000_stoppingTime432000.00,1456197.0,153403.70518652344
1154,ails2_etaMax1.000_stoppingTime432000.00,1456183.0,153716.36518652344
1155,ails2_etaMax1.000_stoppingTime432000.00,1456147.0,153717.00218652343
1156,ails2_etaMax1.000_stoppingTime432000.00,1456132.0,154069.68518652345
1157,ails2_eoh_omega2,1453021.0,154950.59418652343
1158,HGS-TV,1452618.0,155019.4952659607
1159,ails2_etaMax1.000_stoppingTime432000.00,1456117.0,155554.08318652344
1160,ails2_etaMax1.000_stoppingTime432000.00,1456033.0,155825.64218652344
1161,ails2_etaMax1.000_stoppingTime432000.00,1455936.0,155832.85718652344
1162,ails2_etaMax1.000_stoppingTime432000.00,1455915.0,157081.39918652343
1163,ails2_etaMax1.000_stoppingTime432000.00,1455903.0,157160.98318652343
1164,ails2_etaMax1.000_stoppingTime1296000.00,1460060.0,157177.28218652343
1165,ails2_etaMax1.000_stoppingTime432000.00,1455841.0,157161.01218652344
1166,ails2_etaMax1.000_stoppingTime1296000.00,1459980.0,157177.31218652343
1167,ails2_etaMax0.010_stoppingTime172800.00,1453028.0,157955.30118652343
1168,ails2_etaMax1.000_stoppingTime1296000.00,1459967.0,159581.29018652343
1169,ails2_etaMax1.000_stoppingTime1296000.00,1459854.0,159581.37818652345
1170,ails2_etaMax1.000_stoppingTime432000.00,1455837.0,160959.81218652343
1171,ails2_etaMax1.000_stoppingTime432000.00,1455777.0,160959.93218652342
1172,HGS-TV,1452617.0,162297.42331051826
1173,ails2_etaMax1.000_stoppingTime432000.00,1455773.0,162315.06618652344
1174,ails2_etaMax1.000_stoppingTime432000.00,1455696.0,162315.09718652343
1175,HGS-TV,1452616.0,162445.62862491608
1176,HGS-TV,1452615.0,162624.62348341942
1177,ails2_etaMax1.000_stoppingTime1296000.00,1459827.0,163765.14718652345
1178,ails2_etaMax1.000_stoppingTime1296000.00,1459808.0,163765.15618652344
1179,ails2_etaMax1.000_stoppingTime432000.00,1455686.0,164847.10018652343
1180,ails2_etaMax1.000_stoppingTime432000.00,1455662.0,165022.28018652345
1181,ails2_etaMax1.000_stoppingTime432000.00,1455592.0,165022.43818652345
1182,ails2_etaMax1.000_stoppingTime432000.00,1455540.0,165099.31618652344
1183,ails2_etaMax1.000_stoppingTime864000.00,1458784.0,168243.80518652344
1184,ails2_etaMax1.000_stoppingTime864000.00,1458755.0,168243.98018652343
1185,ails2_etaMax1.000_stoppingTime432000.00,1455538.0,169144.25618652345
1186,ails2_etaMax1.000_stoppingTime432000.00,1455534.0,169144.30118652343
1187,ails2_etaMax1.000_stoppingTime432000.00,1455477.0,169239.40318652344
1188,HGS-TV,1452615.0,172439.51064920425
1189,HGS-TV,1452615.0,172499.99554729462
1190,HGS-TV,1452615.0,172560.48201155663
1191,HGS-TV,1452615.0,172620.60135817528
1192,HGS-TV,1452615.0,172682.34420752525
1193,HGS-TV,1452615.0,172742.43639969826
1194,HGS-TV,1452615.0,172802.7631175518
1195,HGS-TV,1452615.0,172863.00889635086
1196,ails2_etaMax1.000_stoppingTime432000.00,1455465.0,172901.33518652344
1197,HGS-TV,1452615.0,172938.02295827866
1198,ails2_etaMax1.000_stoppingTime432000.00,1455377.0,172903.63218652343
1199,HGS-TV,1452615.0,172998.95448708534
1200,HGS-TV,1452615.0,173060.57433104515
1201,HGS-TV,1452615.0,173120.70328474045
1202,HGS-TV,1452615.0,173241.53741407394
1203,ails2_etaMax1.000_stoppingTime864000.00,1458753.0,173307.73518652344
1204,HGS-TV,1452615.0,173478.49861073494
1205,HGS-TV,1452615.0,173567.88717627525
1206,HGS-TV,1452615.0,173627.96143698692
1207,HGS-TV,1452615.0,174187.60801386833
1208,HGS-TV,1452615.0,174247.61573958397
1209,HGS-TV,1452615.0,174308.3277001381
1210,ails2_etaMax1.000_stoppingTime432000.00,1455376.0,174309.99118652343
1211,ails2_etaMax1.000_stoppingTime432000.00,1455234.0,174312.58718652345
1212,HGS-TV,1452615.0,174405.31179904938
1213,HGS-TV,1452615.0,174466.94271087646
1214,HGS-TV,1452615.0,174613.23786449432
1215,HGS-TV,1452615.0,174775.89597034454
1216,HGS-TV,1452615.0,175631.68718242645
1217,HGS-TV,1452615.0,175692.655919075
1218,ails2_etaMax1.000_stoppingTime432000.00,1455233.0,175707.83818652344
1219,ails2_etaMax1.000_stoppingTime432000.00,1455229.0,175962.23618652343
1220,ails2_etaMax1.000_stoppingTime432000.00,1455058.0,175964.07318652343
1221,HGS-TV,1452615.0,176368.43324661255
1222,HGS-TV,1452615.0,177072.5871679783
1223,HGS-TV,1452615.0,177181.76957893372
1224,HGS-TV,1452615.0,177580.39054131508
1225,ails2_etaMax1.000_stoppingTime864000.00,1458748.0,177967.85418652344
1226,ails2_etaMax1.000_stoppingTime864000.00,1458736.0,177967.89518652344
1227,HGS-TV,1452615.0,178296.63167071342
1228,HGS-TV,1452615.0,178453.9137840271
1229,HGS-TV,1452615.0,178516.79893684387
1230,HGS-TV,1452615.0,179538.7712302208
1231,HGS-TV,1452615.0,180772.19994544983
1232,HGS-TV,1452615.0,180997.987947464
1233,ails2_etaMax1.000_stoppingTime864000.00,1458709.0,181137.94718652344
1234,ails2_etaMax1.000_stoppingTime864000.00,1458652.0,181139.10518652343
1235,HGS-TV,1452615.0,181586.02965784073
1236,ails2_etaMax1.000_stoppingTime1296000.00,1459797.0,181882.60518652343
1237,ails2_etaMax1.000_stoppingTime1296000.00,1459641.0,181882.70418652345
1238,HGS-TV,1452615.0,182519.76906824112
1239,ails2_etaMax1.000_stoppingTime864000.00,1458627.0,182669.84218652343
1240,ails2_etaMax1.000_stoppingTime864000.00,1458489.0,182669.93318652344
1241,ails2_etaMax1.000_stoppingTime432000.00,1455048.0,183112.80218652345
1242,ails2_etaMax1.000_stoppingTime432000.00,1454929.0,183140.05818652344
1243,HGS-TV,1452615.0,183896.58623981476
1244,HGS-TV,1452615.0,185314.4001224041
1245,ails2_etaMax1.000_stoppingTime864000.00,1458482.0,186485.00618652345
1246,ails2_etaMax1.000_stoppingTime864000.00,1458456.0,186517.23318652343
1247,HGS-TV,1452615.0,186792.16412639618
1248,HGS-TV,1452615.0,187085.75080609322
1249,ails2_etaMax1.000_stoppingTime1296000.00,1459613.0,187326.59318652345
1250,ails2_etaMax1.000_stoppingTime1296000.00,1459461.0,187326.67218652344
1251,HGS-TV,1452615.0,188070.1577513218
1252,ails2_etaMax1.000_stoppingTime432000.00,1454921.0,188353.00018652345
1253,ails2_etaMax1.000_stoppingTime432000.00,1454915.0,188355.20318652343
1254,ails2_etaMax1.000_stoppingTime432000.00,1454906.0,189075.74018652344
1255,ails2_etaMax1.000_stoppingTime432000.00,1454791.0,189094.87818652345
1256,ails2_etaMax1.000_stoppingTime864000.00,1458423.0,190626.13018652343
1257,ails2_etaMax1.000_stoppingTime864000.00,1458334.0,190626.31718652343
1258,HGS-TV,1452615.0,190696.9672472477
1259,ails2_etaMax1.000_stoppingTime432000.00,1454765.0,190957.43918652344
1260,ails2_etaMax1.000_stoppingTime432000.00,1454733.0,190957.56618652344
1261,ails2_etaMax1.000_stoppingTime432000.00,1454732.0,191120.25018652345
1262,ails2_etaMax1.000_stoppingTime432000.00,1454730.0,191120.26318652343
1263,HGS-TV,1452615.0,191732.53590250015
1264,HGS-TV,1452615.0,193140.061378479
1265,ails2_etaMax1.000_stoppingTime432000.00,1454727.0,193496.39018652344
1266,ails2_etaMax1.000_stoppingTime432000.00,1454723.0,193496.43918652344
1267,ails2_etaMax1.000_stoppingTime432000.00,1454703.0,195075.46118652343
1268,ails2_etaMax1.000_stoppingTime432000.00,1454702.0,195363.62418652343
1269,ails2_etaMax1.000_stoppingTime432000.00,1454695.0,195363.64218652344
1270,ails2_etaMax1.000_stoppingTime432000.00,1454688.0,195709.42518652344
1271,ails2_etaMax1.000_stoppingTime432000.00,1454649.0,195792.18718652343
1272,HGS-TV,1452615.0,195833.66346740723
1273,ails2_etaMax1.000_stoppingTime432000.00,1454647.0,196490.89518652344
1274,ails2_etaMax1.000_stoppingTime432000.00,1454518.0,196491.69418652344
1275,HGS-TV,1452615.0,197241.6372640133
1276,ails2_etaMax1.000_stoppingTime864000.00,1458311.0,197522.04118652345
1277,ails2_etaMax1.000_stoppingTime864000.00,1458202.0,197522.29418652345
1278,ails2_etaMax1.000_stoppingTime864000.00,1458155.0,197921.35718652344
1279,HGS-TV,1452615.0,198302.2804260254
1280,ails2_etaMax1.000_stoppingTime432000.00,1454507.0,198797.55518652344
1281,ails2_etaMax1.000_stoppingTime432000.00,1454467.0,198798.25618652345
1282,ails2_etaMax1.000_stoppingTime432000.00,1454446.0,199086.96018652344
1283,ails2_etaMax1.000_stoppingTime432000.00,1454346.0,199087.80918652343
1284,ails2_etaMax1.000_stoppingTime432000.00,1454342.0,201039.99618652344
1285,ails2_etaMax1.000_stoppingTime432000.00,1454249.0,201083.16818652343
1286,HGS-TV,1452615.0,201819.0982658863
1287,ails2_etaMax1.000_stoppingTime864000.00,1458122.0,202675.28218652343
1288,ails2_etaMax1.000_stoppingTime864000.00,1458100.0,202675.58918652343
1289,HGS-TV,1452615.0,203758.52955031395
1290,ails2_etaMax1.000_stoppingTime864000.00,1458087.0,204736.69718652344
1291,ails2_etaMax1.000_stoppingTime864000.00,1457982.0,204737.11218652345
1292,ails2_etaMax1.000_stoppingTime864000.00,1457944.0,204801.45218652344
1293,ails2_etaMax1.000_stoppingTime1296000.00,1459459.0,206689.48718652345
1294,HGS-TV,1452615.0,207006.0900964737
1295,HGS-TV,1452615.0,207092.70054078102
1296,ails2_etaMax1.000_stoppingTime432000.00,1454239.0,207959.39918652343
1297,ails2_etaMax1.000_stoppingTime432000.00,1454194.0,207961.58818652344
1298,ails2_etaMax1.000_stoppingTime432000.00,1454151.0,208030.93418652343
1299,ails2_etaMax1.000_stoppingTime432000.00,1454135.0,208605.33718652345
1300,ails2_etaMax1.000_stoppingTime1296000.00,1459434.0,209309.09018652345
1301,ails2_etaMax1.000_stoppingTime1296000.00,1459253.0,209309.34818652345
1302,ails2_etaMax1.000_stoppingTime432000.00,1454134.0,209775.93318652344
1303,ails2_etaMax1.000_stoppingTime432000.00,1454107.0,209775.99018652344
1304,HGS-TV,1452615.0,211048.07792711258
1305,ails2_etaMax1.000_stoppingTime432000.00,1454106.0,211476.54018652343
1306,ails2_etaMax1.000_stoppingTime432000.00,1454100.0,211956.98318652343
1307,ails2_etaMax1.000_stoppingTime432000.00,1454086.0,211980.33018652344
1308,ails2_etaMax1.000_stoppingTime432000.00,1454078.0,212228.32318652343
1309,ails2_etaMax1.000_stoppingTime432000.00,1454073.0,212427.06818652345
1310,ails2_etaMax1.000_stoppingTime432000.00,1453933.0,212460.33318652344
1311,ails2_etaMax1.000_stoppingTime864000.00,1457929.0,214729.14818652344
1312,ails2_etaMax1.000_stoppingTime864000.00,1457832.0,214729.20418652345
1313,HGS-TV,1452615.0,215567.12569189072
1314,HGS-TV,1452615.0,215881.92657709122
1315,ails2_etaMax1.000_stoppingTime1296000.00,1459251.0,218781.34918652344
1316,ails2_etaMax1.000_stoppingTime864000.00,1457829.0,219331.71818652345
1317,ails2_etaMax1.000_stoppingTime864000.00,1457638.0,219338.89518652344
1318,HGS-TV,1452615.0,219443.85590934753
1319,HGS-TV,1452615.0,219924.93901062012
1320,HGS-TV,1452615.0,220228.1007385254
1321,HGS-TV,1452615.0,221909.83274030685
1322,HGS-TV,1452615.0,222191.81792497635
1323,HGS-TV,1452615.0,222252.39590859413
1324,ails2_etaMax1.000_stoppingTime1296000.00,1459243.0,223538.27518652345
1325,ails2_etaMax1.000_stoppingTime1296000.00,1459010.0,223538.96118652343
1326,HGS-TV,1452615.0,223943.82079291344
1327,ails2_etaMax1.000_stoppingTime432000.00,1453923.0,224768.89418652345
1328,ails2_etaMax1.000_stoppingTime432000.00,1453884.0,224772.84418652343
1329,ails2_etaMax1.000_stoppingTime432000.00,1453881.0,225171.95718652345
1330,ails2_etaMax1.000_stoppingTime432000.00,1453869.0,225174.94618652345
1331,ails2_etaMax1.000_stoppingTime432000.00,1453865.0,225405.80618652343
1332,ails2_etaMax1.000_stoppingTime432000.00,1453849.0,225406.63518652343
1333,ails2_etaMax1.000_stoppingTime432000.00,1453811.0,225488.87118652344
1334,HGS-TV,1452615.0,226521.91182112694
1335,HGS-TV,1452615.0,226902.48092842102
1336,ails2_etaMax1.000_stoppingTime432000.00,1453808.0,227062.95318652343
1337,ails2_etaMax1.000_stoppingTime432000.00,1453797.0,227062.98718652345
1338,HGS-TV,1452615.0,227466.3977072239
1339,HGS-TV,1452615.0,227526.62472701073
1340,HGS-TV,1452615.0,228393.8103208542
1341,ails2_etaMax1.000_stoppingTime432000.00,1453789.0,228530.08218652345
1342,ails2_etaMax1.000_stoppingTime432000.00,1453747.0,228535.81518652342
1343,HGS-TV,1452615.0,228601.73937821388
1344,HGS-TV,1452615.0,229905.89169859886
1345,HGS-TV,1452615.0,231237.76339244843
1346,ails2_etaMax1.000_stoppingTime1296000.00,1459000.0,231416.65818652345
1347,ails2_etaMax1.000_stoppingTime1296000.00,1458883.0,231416.69118652344
1348,HGS-TV,1452615.0,231728.02683138847
1349,ails2_etaMax1.000_stoppingTime864000.00,1457616.0,231914.48918652342
1350,ails2_etaMax1.000_stoppingTime864000.00,1457542.0,231941.64818652344
1351,HGS-TV,1452615.0,232675.17422914505
1352,ails2_etaMax0.010_stoppingTime172800.00,1452614.0,232746.92418652345
1353,ails2_etaMax1.000_stoppingTime432000.00,1453722.0,232987.25018652345
1354,ails2_etaMax1.000_stoppingTime432000.00,1453719.0,233823.40618652344
1355,ails2_etaMax1.000_stoppingTime432000.00,1453643.0,233831.14418652345
1356,ails2_etaMax1.000_stoppingTime432000.00,1453638.0,234789.78818652342
1357,ails2_etaMax1.000_stoppingTime432000.00,1453618.0,234789.80618652343
1358,ails2_etaMax1.000_stoppingTime864000.00,1457537.0,236659.81118652344
1359,ails2_etaMax1.000_stoppingTime864000.00,1457351.0,236663.22718652344
1360,HGS-TV,1452600.0,236784.22587895393
1361,ails2_etaMax1.000_stoppingTime864000.00,1457348.0,237284.12318652344
1362,ails2_etaMax1.000_stoppingTime864000.00,1457343.0,237284.14018652344
1363,HGS-TV,1452598.0,239044.30728316307
1364,HGS-TV,1452597.0,239104.78977942467
1365,ails2_etaMax1.000_stoppingTime432000.00,1453614.0,240841.45818652344
1366,ails2_etaMax1.000_stoppingTime432000.00,1453587.0,240850.69718652344
1367,ails2_etaMax1.000_stoppingTime432000.00,1453583.0,240988.09518652342
1368,ails2_etaMax1.000_stoppingTime864000.00,1457340.0,241098.31418652344
1369,ails2_etaMax1.000_stoppingTime432000.00,1453579.0,241443.38918652345
1370,ails2_etaMax1.000_stoppingTime432000.00,1453538.0,241445.81818652345
1371,HGS-TV,1452591.0,241701.14171528816
1372,ails2_etaMax1.000_stoppingTime432000.00,1453535.0,242218.32518652343
1373,ails2_etaMax1.000_stoppingTime432000.00,1453529.0,242625.83818652344
1374,ails2_etaMax1.000_stoppingTime432000.00,1453491.0,242630.29818652343
1375,ails2_etaMax1.000_stoppingTime432000.00,1453488.0,243407.31818652345
1376,ails2_etaMax1.000_stoppingTime432000.00,1453463.0,243448.03818652342
1377,ails2_etaMax1.000_stoppingTime432000.00,1453405.0,243888.17118652342
1378,ails2_etaMax1.000_stoppingTime432000.00,1453387.0,243929.24418652343
1379,ails2_etaMax1.000_stoppingTime864000.00,1457334.0,244886.68418652343
1380,ails2_etaMax1.000_stoppingTime864000.00,1457231.0,244918.53118652344
1381,HGS-TV,1452590.0,246047.23428058624
1382,ails2_etaMax1.000_stoppingTime432000.00,1453379.0,246801.65418652343
1383,ails2_etaMax1.000_stoppingTime432000.00,1453377.0,246801.74418652343
1384,ails2_etaMax1.000_stoppingTime432000.00,1453362.0,246876.02718652342
1385,HGS-TV,1452589.0,247053.69643974304
1386,HGS-TV,1452588.0,247114.29736828804
1387,ails2_etaMax1.000_stoppingTime432000.00,1453357.0,247145.02618652344
1388,ails2_etaMax1.000_stoppingTime432000.00,1453347.0,247651.09918652344
1389,ails2_etaMax1.000_stoppingTime432000.00,1453345.0,247651.16118652344
1390,ails2_etaMax1.000_stoppingTime864000.00,1457226.0,248062.08718652345
1391,HGS-TV,1452587.0,248103.922208786
1392,ails2_etaMax1.000_stoppingTime864000.00,1457129.0,248062.41618652345
1393,ails2_etaMax1.000_stoppingTime432000.00,1453339.0,248190.55118652343
1394,HGS-TV,1452586.0,248230.51519179344
1395,ails2_etaMax1.000_stoppingTime432000.00,1453314.0,248193.53618652344
1396,HGS-TV,1452585.0,249552.81226944923
1397,HGS-TV,1452584.0,250829.06062817574
1398,HGS-TV,1452583.0,250926.28705978394
1399,ails2_etaMax1.000_stoppingTime432000.00,1453304.0,251447.00118652344
1400,ails2_etaMax1.000_stoppingTime432000.00,1453302.0,252126.63618652345
1401,ails2_etaMax1.000_stoppingTime1296000.00,1458858.0,252455.09718652343
1402,ails2_etaMax1.000_stoppingTime1296000.00,1458831.0,252455.10718652344
1403,ails2_etaMax1.000_stoppingTime432000.00,1453296.0,252819.96118652343
1404,ails2_etaMax1.000_stoppingTime432000.00,1453295.0,252822.73618652343
1405,ails2_etaMax1.000_stoppingTime432000.00,1453292.0,253350.07018652343
1406,ails2_etaMax1.000_stoppingTime432000.00,1453280.0,253600.82918652345
1407,ails2_etaMax1.000_stoppingTime432000.00,1453275.0,253600.84018652345
1408,ails2_etaMax1.000_stoppingTime432000.00,1453267.0,254036.19418652344
1409,ails2_etaMax1.000_stoppingTime432000.00,1453228.0,254036.56518652342
1410,ails2_etaMax1.000_stoppingTime432000.00,1453224.0,255719.00918652344
1411,ails2_etaMax1.000_stoppingTime432000.00,1453189.0,255719.81118652344
1412,ails2_etaMax1.000_stoppingTime432000.00,1453188.0,255890.25118652344
1413,ails2_etaMax1.000_stoppingTime432000.00,1453143.0,255893.91818652343
1414,ails2_etaMax1.000_stoppingTime1296000.00,1458821.0,256264.77218652345
1415,ails2_etaMax0.010_stoppingTime172800.00,1452613.0,256272.69618652345
1416,ails2_etaMax0.010_stoppingTime172800.00,1452604.0,256273.09818652345
1417,ails2_etaMax1.000_stoppingTime864000.00,1457105.0,258888.59418652343
1418,ails2_etaMax1.000_stoppingTime864000.00,1457101.0,258888.60418652344
1419,ails2_etaMax1.000_stoppingTime432000.00,1453140.0,259153.27218652345
1420,ails2_etaMax1.000_stoppingTime432000.00,1453093.0,259159.21718652343
1421,ails2_etaMax0.010_stoppingTime172800.00,1452601.0,259284.60718652344
1422,ails2_etaMax1.000_stoppingTime432000.00,1453092.0,260395.68518652345
1423,ails2_etaMax1.000_stoppingTime864000.00,1457076.0,261132.50418652344
1424,ails2_etaMax1.000_stoppingTime1296000.00,1458816.0,261265.26018652343
1425,ails2_etaMax1.000_stoppingTime432000.00,1453086.0,261316.06418652344
1426,ails2_etaMax1.000_stoppingTime1296000.00,1458802.0,261266.63218652343
1427,ails2_etaMax1.000_stoppingTime432000.00,1453065.0,261316.13418652344
1428,HGS-TV,1452583.0,261600.47110915184
1429,HGS-TV,1452583.0,261660.49218821526
1430,HGS-TV,1452583.0,261721.25723433495
1431,HGS-TV,1452583.0,261781.2977554798
1432,HGS-TV,1452583.0,261841.81240820885
1433,HGS-TV,1452583.0,261902.40657281876
1434,HGS-TV,1452583.0,262033.2210006714
1435,HGS-TV,1452583.0,262094.3680281639
1436,HGS-TV,1452583.0,262193.3713309765
1437,HGS-TV,1452583.0,262274.03028678894
1438,HGS-TV,1452583.0,262334.08909988403
1439,ails2_etaMax1.000_stoppingTime864000.00,1457034.0,262435.3161865234
1440,ails2_etaMax1.000_stoppingTime864000.00,1457010.0,262435.37218652345
1441,HGS-TV,1452583.0,262563.5029013157
1442,HGS-TV,1452583.0,262631.7925796509
1443,HGS-TV,1452583.0,262692.685287714
1444,HGS-TV,1452583.0,262866.90706157684
1445,HGS-TV,1452583.0,262927.1948285103
1446,HGS-TV,1452583.0,263276.66234850883
1447,HGS-TV,1452583.0,263742.87658953667
1448,HGS-TV,1452583.0,263803.3888268471
1449,HGS-TV,1452583.0,263959.5460524559
1450,HGS-TV,1452583.0,264024.0710873604
1451,HGS-TV,1452583.0,264086.08203554153
1452,HGS-TV,1452583.0,264196.58154439926
1453,HGS-TV,1452583.0,264327.1590156555
1454,ails2_etaMax1.000_stoppingTime864000.00,1456947.0,264812.67018652346
1455,HGS-TV,1452583.0,265030.3239300251
1456,HGS-TV,1452583.0,265413.71467256546
1457,HGS-TV,1452583.0,265473.739174366
1458,HGS-TV,1452583.0,265758.75807237625
1459,HGS-TV,1452583.0,266358.45064616203
1460,HGS-TV,1452583.0,266782.94751930237
1461,ails2_etaMax1.000_stoppingTime1296000.00,1458796.0,267120.91018652346
1462,HGS-TV,1452583.0,267121.0285282135
1463,ails2_etaMax1.000_stoppingTime1296000.00,1458634.0,267120.96018652344
1464,HGS-TV,1452583.0,267808.8781220913
1465,ails2_etaMax1.000_stoppingTime864000.00,1456942.0,268152.1261865234
1466,ails2_etaMax1.000_stoppingTime864000.00,1456881.0,268152.15518652345
1467,HGS-TV,1452583.0,268855.25571990013
1468,HGS-TV,1452583.0,269075.66336131096
1469,ails2_etaMax1.000_stoppingTime1296000.00,1458607.0,269407.4841865234
1470,ails2_etaMax1.000_stoppingTime864000.00,1456877.0,270903.48018652346
1471,HGS-TV,1452583.0,270915.21121644974
1472,ails2_etaMax1.000_stoppingTime864000.00,1456860.0,270904.6521865234
1473,HGS-TV,1452583.0,271060.46016454697
1474,HGS-TV,1452583.0,271324.5976781845
1475,ails2_etaMax1.000_stoppingTime864000.00,1456857.0,271331.5551865234
1476,ails2_etaMax1.000_stoppingTime864000.00,1456840.0,271331.58618652343
1477,ails2_etaMax0.010_stoppingTime172800.00,1452599.0,271803.00318652345
1478,ails2_etaMax1.000_stoppingTime864000.00,1456835.0,271862.46418652346
1479,ails2_etaMax1.000_stoppingTime864000.00,1456787.0,273009.36718652345
1480,ails2_etaMax1.000_stoppingTime864000.00,1456738.0,273009.38318652345
1481,ails2_etaMax1.000_stoppingTime864000.00,1456671.0,273289.7451865234
1482,ails2_etaMax1.000_stoppingTime864000.00,1456588.0,273290.15618652344
1483,ails2_etaMax1.000_stoppingTime432000.00,1453064.0,274415.3871865234
1484,ails2_etaMax1.000_stoppingTime432000.00,1452998.0,274460.6041865234
1485,ails2_etaMax1.000_stoppingTime432000.00,1452988.0,274528.83918652346
1486,ails2_etaMax1.000_stoppingTime432000.00,1452986.0,274565.6141865234
1487,ails2_etaMax0.010_stoppingTime172800.00,1452598.0,275307.4561865234
1488,ails2_etaMax1.000_stoppingTime432000.00,1452982.0,275624.42718652345
1489,ails2_etaMax1.000_stoppingTime432000.00,1452934.0,275625.0331865234
1490,HGS-TV,1452583.0,275765.9533712864
1491,HGS-TV,1452583.0,275936.2206861973
1492,ails2_etaMax1.000_stoppingTime1296000.00,1458600.0,276595.9301865234
1493,HGS-TV,1452583.0,277673.29392790794
1494,ails2_etaMax1.000_stoppingTime1296000.00,1458590.0,277847.13318652345
1495,ails2_etaMax1.000_stoppingTime1296000.00,1458569.0,277847.1521865234
1496,ails2_etaMax1.000_stoppingTime864000.00,1456568.0,278961.64318652346
1497,ails2_etaMax1.000_stoppingTime864000.00,1456495.0,278962.10818652343
1498,HGS-TV,1452583.0,279063.66934251785
1499,ails2_etaMax1.000_stoppingTime1296000.00,1458532.0,280833.66518652346
1500,ails2_etaMax1.000_stoppingTime1296000.00,1458470.0,280834.7731865234
1501,HGS-TV,1452583.0,281418.95322823524
1502,ails2_etaMax1.000_stoppingTime1296000.00,1458458.0,281808.25218652346
1503,ails2_etaMax1.000_stoppingTime1296000.00,1458396.0,281914.97218652343
1504,ails2_etaMax1.000_stoppingTime1296000.00,1458380.0,281914.98718652345
1505,ails2_etaMax1.000_stoppingTime432000.00,1452933.0,282141.8701865234
1506,ails2_etaMax1.000_stoppingTime432000.00,1452932.0,282141.88218652346
1507,ails2_etaMax1.000_stoppingTime432000.00,1452927.0,282274.13218652346
1508,ails2_etaMax1.000_stoppingTime432000.00,1452919.0,282405.38318652345
1509,ails2_etaMax1.000_stoppingTime432000.00,1452916.0,282405.79718652344
1510,ails2_etaMax1.000_stoppingTime864000.00,1456482.0,282754.44818652346
1511,ails2_etaMax1.000_stoppingTime864000.00,1456444.0,282820.26418652345
1512,ails2_etaMax1.000_stoppingTime864000.00,1456397.0,282820.38518652343
1513,HGS-TV,1452583.0,283481.2698249817
1514,HGS-TV,1452583.0,285722.5774233341
1515,ails2_etaMax1.000_stoppingTime432000.00,1452909.0,285797.09718652343
1516,ails2_etaMax1.000_stoppingTime432000.00,1452895.0,285797.1261865234
1517,HGS-TV,1452583.0,285861.7375807762
1518,ails2_etaMax1.000_stoppingTime432000.00,1452892.0,285959.56218652346
1519,ails2_etaMax1.000_stoppingTime432000.00,1452890.0,285959.6151865234
1520,HGS-TV,1452583.0,286669.42573547363
1521,HGS-TV,1452583.0,287144.0885050297
1522,ails2_etaMax1.000_stoppingTime432000.00,1452886.0,287992.69818652346
1523,ails2_etaMax1.000_stoppingTime432000.00,1452869.0,287992.80118652346
1524,HGS-TV,1452583.0,288498.3688018322
1525,HGS-TV,1452583.0,288559.171192646
1526,HGS-TV,1452583.0,288666.03523278236
1527,HGS-TV,1452583.0,288726.0964207649
1528,ails2_etaMax0.010_stoppingTime172800.00,1452597.0,289162.42318652343
1529,ails2_etaMax1.000_stoppingTime864000.00,1456391.0,289209.70318652346
1530,ails2_etaMax0.010_stoppingTime172800.00,1452596.0,289162.46418652346
1531,ails2_etaMax1.000_stoppingTime864000.00,1456369.0,289209.7341865234
1532,ails2_etaMax0.010_stoppingTime172800.00,1452595.0,289254.18118652346
1533,HGS-TV,1452583.0,289291.2525498867
1534,HGS-TV,1452583.0,289351.7181868553
1535,ails2_etaMax1.000_stoppingTime432000.00,1452865.0,289615.15018652345
1536,ails2_etaMax1.000_stoppingTime432000.00,1452847.0,289615.4951865234
1537,HGS-TV,1452583.0,290085.45864605904
1538,HGS-TV,1452583.0,290330.85371136665
1539,ails2_etaMax1.000_stoppingTime864000.00,1456367.0,290802.8211865234
1540,ails2_etaMax0.010_stoppingTime172800.00,1452594.0,291593.84118652344
1541,ails2_etaMax0.010_stoppingTime172800.00,1452589.0,291616.25418652344
1542,ails2_etaMax0.010_stoppingTime172800.00,1452585.0,291686.6191865234
1543,ails2_etaMax0.010_stoppingTime172800.00,1452584.0,292331.9021865234
1544,ails2_etaMax0.010_stoppingTime172800.00,1452579.0,292332.66518652346
1545,ails2_etaMax1.000_stoppingTime864000.00,1456350.0,292647.73618652346
1546,ails2_etaMax1.000_stoppingTime864000.00,1455945.0,292658.8601865234
1547,HGS-TV,1452583.0,292915.95400190353
1548,HGS-TV,1452583.0,293311.35134601593
1549,HGS-TV,1452583.0,294192.26706910133
1550,HGS-TV,1452583.0,294675.34716773033
1551,ails2_etaMax1.000_stoppingTime1296000.00,1458377.0,294685.13218652346
1552,ails2_etaMax1.000_stoppingTime1296000.00,1458205.0,294686.41518652346
1553,ails2_etaMax1.000_stoppingTime432000.00,1452846.0,295956.3481865234
1554,ails2_etaMax1.000_stoppingTime432000.00,1452837.0,295959.46918652346
1555,ails2_etaMax1.000_stoppingTime432000.00,1452836.0,296168.54618652345
1556,ails2_etaMax1.000_stoppingTime432000.00,1452835.0,296168.56818652345
1557,HGS-TV,1452570.0,297162.0073053837
1558,ails2_etaMax1.000_stoppingTime432000.00,1452831.0,297519.31718652346
1559,ails2_etaMax1.000_stoppingTime432000.00,1452829.0,297972.15918652347
1560,ails2_etaMax1.000_stoppingTime432000.00,1452812.0,297972.28218652343
1561,ails2_etaMax1.000_stoppingTime432000.00,1452805.0,298824.00718652346
1562,ails2_etaMax1.000_stoppingTime432000.00,1452798.0,298824.22718652344
1563,ails2_etaMax1.000_stoppingTime432000.00,1452797.0,299020.03518652346
1564,ails2_etaMax1.000_stoppingTime432000.00,1452762.0,299022.5991865234
1565,ails2_etaMax1.000_stoppingTime1296000.00,1458193.0,299168.02518652345
1566,ails2_etaMax1.000_stoppingTime1296000.00,1457968.0,299171.0171865234
1567,HGS-TV,1452569.0,300141.83609318733
1568,ails2_etaMax1.000_stoppingTime432000.00,1452754.0,302160.24218652345
1569,ails2_etaMax1.000_stoppingTime432000.00,1452746.0,302173.2441865234
1570,ails2_etaMax1.000_stoppingTime432000.00,1452745.0,305068.79018652346
1571,ails2_etaMax1.000_stoppingTime432000.00,1452737.0,306153.57318652346
1572,ails2_etaMax1.000_stoppingTime432000.00,1452726.0,306160.62718652346
1573,HGS-TV,1452569.0,308667.6056962013
1574,HGS-TV,1452569.0,308727.68411564827
1575,ails2_etaMax1.000_stoppingTime432000.00,1452725.0,308774.7451865234
1576,HGS-TV,1452569.0,308787.9841244221
1577,ails2_etaMax1.000_stoppingTime432000.00,1452722.0,308774.75718652346
1578,HGS-TV,1452569.0,308848.3610842228
1579,ails2_etaMax1.000_stoppingTime864000.00,1455939.0,308894.10618652345
1580,HGS-TV,1452569.0,308908.368514061
1581,ails2_etaMax1.000_stoppingTime864000.00,1455886.0,308894.65518652345
1582,HGS-TV,1452569.0,308969.80317783356
1583,HGS-TV,1452569.0,309029.8506758213
1584,HGS-TV,1452569.0,309094.34162402153
1585,HGS-TV,1452569.0,309154.94274902344
1586,HGS-TV,1452569.0,309243.4799876213
1587,HGS-TV,1452569.0,309303.51832056046
1588,ails2_etaMax1.000_stoppingTime432000.00,1452720.0,309395.89918652346
1589,HGS-TV,1452569.0,309399.1505675316
1590,HGS-TV,1452569.0,309460.57746076584
1591,HGS-TV,1452569.0,309521.0038576126
1592,ails2_etaMax1.000_stoppingTime432000.00,1452719.0,309558.57418652344
1593,HGS-TV,1452569.0,309585.79960250854
1594,ails2_etaMax1.000_stoppingTime432000.00,1452718.0,309651.1201865234
1595,HGS-TV,1452569.0,309660.75126075745
1596,ails2_etaMax1.000_stoppingTime432000.00,1452701.0,309690.6141865234
1597,HGS-TV,1452569.0,309750.6890780926
1598,HGS-TV,1452569.0,310041.65184640884
1599,HGS-TV,1452569.0,310564.7610318661
1600,ails2_etaMax0.010_stoppingTime172800.00,1452578.0,310570.9131865234
1601,ails2_etaMax0.010_stoppingTime172800.00,1452573.0,310585.99618652347
1602,ails2_etaMax1.000_stoppingTime864000.00,1455885.0,310769.23618652346
1603,ails2_etaMax1.000_stoppingTime864000.00,1455830.0,310770.20918652345
1604,HGS-TV,1452569.0,310900.63121271133
1605,ails2_etaMax1.000_stoppingTime432000.00,1452698.0,310968.7451865234
1606,HGS-TV,1452569.0,310990.9111135006
1607,ails2_etaMax1.000_stoppingTime432000.00,1452679.0,310969.32018652343
1608,HGS-TV,1452569.0,311774.2160310745
1609,HGS-TV,1452569.0,312056.8991651535
1610,HGS-TV,1452569.0,312464.85219812393
1611,HGS-TV,1452569.0,312596.4353284836
1612,ails2_etaMax1.000_stoppingTime864000.00,1455816.0,312660.64018652344
1613,ails2_etaMax1.000_stoppingTime864000.00,1455808.0,312660.6531865234
1614,HGS-TV,1452569.0,313698.1782884598
1615,HGS-TV,1452569.0,314348.0003387928
1616,HGS-TV,1452569.0,314715.4466998577
1617,ails2_etaMax1.000_stoppingTime432000.00,1452678.0,315436.6961865234
1618,HGS-TV,1452569.0,317535.4369235039
1619,ails2_etaMax1.000_stoppingTime432000.00,1452676.0,317571.72718652344
1620,ails2_etaMax0.010_stoppingTime172800.00,1452571.0,317941.72618652345
1621,ails2_etaMax0.010_stoppingTime172800.00,1452569.0,317941.77418652346
1622,ails2_etaMax1.000_stoppingTime1296000.00,1457950.0,318662.16218652343
1623,ails2_etaMax1.000_stoppingTime864000.00,1455790.0,318987.01518652344
1624,ails2_etaMax1.000_stoppingTime864000.00,1455768.0,318987.2721865234
1625,ails2_etaMax1.000_stoppingTime432000.00,1452674.0,319809.41718652344
1626,ails2_etaMax1.000_stoppingTime432000.00,1452660.0,319810.80718652345
1627,ails2_etaMax1.000_stoppingTime432000.00,1452659.0,320952.24718652345
1628,ails2_etaMax1.000_stoppingTime432000.00,1452629.0,320952.6901865234
1629,ails2_etaMax1.000_stoppingTime864000.00,1455762.0,321751.96518652345
1630,ails2_etaMax1.000_stoppingTime864000.00,1455675.0,321762.5821865234
1631,HGS-TV,1452569.0,322351.2754867077
1632,ails2_etaMax1.000_stoppingTime432000.00,1452628.0,323151.10618652345
1633,HGS-TV,1452569.0,323408.37031674385
1634,HGS-TV,1452569.0,323469.1590049267
1635,ails2_etaMax1.000_stoppingTime1296000.00,1457928.0,323511.02118652343
1636,ails2_etaMax1.000_stoppingTime1296000.00,1457699.0,323515.2551865234
1637,ails2_etaMax1.000_stoppingTime864000.00,1455620.0,324526.02418652346
1638,ails2_etaMax1.000_stoppingTime864000.00,1455614.0,325153.43218652345
1639,ails2_etaMax1.000_stoppingTime864000.00,1455502.0,325177.3371865234
1640,HGS-TV,1452569.0,325825.7388267517
1641,HGS-TV,1452569.0,326023.0859410763
1642,ails2_etaMax1.000_stoppingTime432000.00,1452625.0,327988.31718652346
1643,ails2_etaMax1.000_stoppingTime432000.00,1452608.0,327991.70818652346
1644,HGS-TV,1452569.0,329258.7858610153
1645,ails2_etaMax1.000_stoppingTime864000.00,1455497.0,329921.0811865234
1646,ails2_etaMax1.000_stoppingTime864000.00,1455382.0,329942.51818652346
1647,ails2_etaMax1.000_stoppingTime864000.00,1455369.0,331242.4791865234
1648,ails2_etaMax1.000_stoppingTime864000.00,1455336.0,331244.28518652346
1649,ails2_etaMax1.000_stoppingTime432000.00,1452605.0,332008.51318652346
1650,ails2_etaMax1.000_stoppingTime432000.00,1452604.0,332008.52518652345
1651,HGS-TV,1452569.0,332720.5228500366
1652,HGS-TV,1452569.0,332780.7548108101
1653,ails2_etaMax1.000_stoppingTime432000.00,1452601.0,333625.9621865234
1654,ails2_etaMax1.000_stoppingTime432000.00,1452600.0,333626.2131865234
1655,HGS-TV,1452569.0,334025.1155757904
1656,HGS-TV,1452569.0,334085.24780392647
1657,HGS-TV,1452569.0,334289.65012049675
1658,ails2_etaMax1.000_stoppingTime432000.00,1452599.0,334296.2991865234
1659,ails2_etaMax1.000_stoppingTime432000.00,1452596.0,335481.14318652346
1660,HGS-TV,1452569.0,335582.26451325417
1661,ails2_etaMax1.000_stoppingTime432000.00,1452592.0,335763.76418652345
1662,ails2_etaMax1.000_stoppingTime432000.00,1452591.0,336617.69918652344
1663,ails2_etaMax1.000_stoppingTime432000.00,1452590.0,336617.71418652346
1664,ails2_etaMax1.000_stoppingTime432000.00,1452587.0,336865.3101865234
1665,ails2_etaMax1.000_stoppingTime432000.00,1452586.0,336865.3211865234
1666,ails2_etaMax1.000_stoppingTime1296000.00,1457675.0,340150.35018652346
1667,ails2_etaMax1.000_stoppingTime1296000.00,1457653.0,340150.35818652343
1668,ails2_etaMax1.000_stoppingTime432000.00,1452585.0,340737.98318652343
1669,ails2_etaMax1.000_stoppingTime432000.00,1452584.0,341438.2881865234
1670,ails2_etaMax1.000_stoppingTime432000.00,1452581.0,341438.6641865234
1671,HGS-TV,1452569.0,344005.05631637573
1672,ails2_etaMax1.000_stoppingTime1296000.00,1457641.0,344755.0931865234
1673,ails2_etaMax1.000_stoppingTime1296000.00,1457547.0,344756.9621865234
1674,ails2_etaMax1.000_stoppingTime1296000.00,1457544.0,345012.98218652344
1675,ails2_etaMax1.000_stoppingTime432000.00,1452578.0,345674.5551865234
1676,ails2_etaMax1.000_stoppingTime432000.00,1452574.0,345674.66618652345
1677,HGS-TV,1452569.0,345789.0861456394
1678,HGS-TV,1452569.0,346226.45291495323
1679,HGS-TV,1452569.0,349115.2909286022
1680,ails2_etaMax1.000_stoppingTime1296000.00,1457538.0,349161.5011865234
1681,ails2_etaMax1.000_stoppingTime432000.00,1452573.0,349334.60818652343
1682,ails2_etaMax1.000_stoppingTime432000.00,1452562.0,349358.3691865234
1683,ails2_etaMax1.000_stoppingTime1296000.00,1457534.0,350983.4941865234
1684,ails2_etaMax1.000_stoppingTime1296000.00,1457435.0,350983.51818652346
1685,ails2_etaMax1.000_stoppingTime864000.00,1455315.0,351458.42718652345
1686,ails2_etaMax1.000_stoppingTime864000.00,1455298.0,351458.43918652344
1687,ails2_etaMax1.000_stoppingTime864000.00,1455284.0,351555.75218652346
1688,ails2_etaMax1.000_stoppingTime864000.00,1455101.0,351585.1901865234
1689,HGS-TV,1452541.0,353701.0688123703
1690,HGS-TV,1452540.0,355067.0460920334
1691,HGS-TV,1452539.0,357145.60592484474
1692,HGS-TV,1452537.0,357885.7320673466
1693,HGS-TV,1452534.0,358650.3466844559
1694,HGS-TV,1452533.0,358922.03739094734
1695,ails2_etaMax1.000_stoppingTime432000.00,1452559.0,359986.35818652343
1696,ails2_etaMax1.000_stoppingTime432000.00,1452558.0,359986.38418652344
1697,ails2_etaMax1.000_stoppingTime432000.00,1452557.0,360188.3761865234
1698,ails2_etaMax1.000_stoppingTime1296000.00,1457402.0,360241.3001865234
1699,ails2_etaMax1.000_stoppingTime432000.00,1452552.0,360188.52518652345
1700,ails2_etaMax1.000_stoppingTime1296000.00,1457354.0,360242.20918652345
1701,ails2_etaMax1.000_stoppingTime864000.00,1455078.0,360708.4291865234
1702,ails2_etaMax1.000_stoppingTime864000.00,1455049.0,360708.55718652345
1703,ails2_etaMax1.000_stoppingTime432000.00,1452551.0,361003.3701865234
1704,ails2_etaMax1.000_stoppingTime432000.00,1452550.0,361003.49818652344
1705,ails2_etaMax1.000_stoppingTime432000.00,1452549.0,361252.1361865234
1706,ails2_etaMax1.000_stoppingTime864000.00,1455046.0,361634.58018652344
1707,ails2_etaMax1.000_stoppingTime864000.00,1454992.0,361635.82318652346
1708,ails2_etaMax1.000_stoppingTime432000.00,1452547.0,362068.13918652345
1709,ails2_etaMax1.000_stoppingTime1296000.00,1457351.0,362878.13818652346
1710,ails2_etaMax1.000_stoppingTime1296000.00,1457207.0,362879.6911865234
1711,ails2_etaMax1.000_stoppingTime432000.00,1452546.0,362968.33318652346
1712,ails2_etaMax1.000_stoppingTime432000.00,1452539.0,362968.5921865234
1713,ails2_etaMax1.000_stoppingTime864000.00,1454985.0,363065.1361865234
1714,ails2_etaMax1.000_stoppingTime864000.00,1454906.0,363071.74618652347
1715,HGS-TV,1452482.0,363148.27235865593
1716,ails2_etaMax1.000_stoppingTime864000.00,1454897.0,364091.53618652344
1717,ails2_etaMax1.000_stoppingTime864000.00,1454891.0,364611.0981865234
1718,ails2_etaMax1.000_stoppingTime864000.00,1454887.0,364615.88818652346
1719,ails2_etaMax1.000_stoppingTime864000.00,1454879.0,364849.6251865234
1720,ails2_etaMax1.000_stoppingTime864000.00,1454845.0,364849.8111865234
1721,ails2_etaMax1.000_stoppingTime864000.00,1454844.0,365140.4461865234
1722,ails2_etaMax1.000_stoppingTime864000.00,1454725.0,365144.3321865234
1723,HGS-TV,1452481.0,367283.8234140873
1724,HGS-TV,1452479.0,367452.5086247921
1725,ails2_etaMax1.000_stoppingTime432000.00,1452538.0,367630.80118652346
1726,HGS-TV,1452478.0,367630.81829190254
1727,HGS-TV,1452476.0,368688.0286130905
1728,ails2_etaMax1.000_stoppingTime432000.00,1452537.0,371474.97718652344
1729,ails2_etaMax1.000_stoppingTime432000.00,1452512.0,371483.9141865234
1730,ails2_etaMax1.000_stoppingTime864000.00,1454720.0,375331.26318652346
1731,ails2_etaMax1.000_stoppingTime864000.00,1454716.0,375395.00418652344
1732,ails2_etaMax1.000_stoppingTime1296000.00,1457198.0,377232.21418652346
1733,ails2_etaMax1.000_stoppingTime1296000.00,1457018.0,377234.89318652346
1734,HGS-TV,1452474.0,378218.88366031647
1735,ails2_etaMax1.000_stoppingTime864000.00,1454682.0,381155.98718652345
1736,ails2_etaMax1.000_stoppingTime864000.00,1454637.0,381156.05318652344
1737,ails2_etaMax1.000_stoppingTime864000.00,1454624.0,386877.3541865234
1738,ails2_etaMax1.000_stoppingTime864000.00,1454453.0,386919.99318652344
1739,ails2_etaMax1.000_stoppingTime864000.00,1454447.0,387009.29618652345
1740,ails2_etaMax1.000_stoppingTime864000.00,1454408.0,387010.80918652343
1741,ails2_etaMax1.000_stoppingTime432000.00,1452511.0,388276.0441865234
1742,ails2_etaMax1.000_stoppingTime432000.00,1452510.0,388276.8311865234
1743,HGS-TV,1452474.0,390330.3490393162
1744,HGS-TV,1452474.0,390390.76852464676
1745,HGS-TV,1452474.0,390478.18936538696
1746,HGS-TV,1452474.0,390538.3293657303
1747,HGS-TV,1452474.0,390598.4453878403
1748,HGS-TV,1452474.0,390658.7403886318
1749,HGS-TV,1452474.0,390718.75034952164
1750,HGS-TV,1452474.0,390779.4733273983
1751,HGS-TV,1452474.0,390839.95918512344
1752,HGS-TV,1452474.0,390907.92622566223
1753,HGS-TV,1452474.0,390968.0513250828
1754,HGS-TV,1452474.0,391290.1308250427
1755,HGS-TV,1452474.0,391414.8837928772
1756,HGS-TV,1452474.0,391584.9139125347
1757,ails2_etaMax1.000_stoppingTime864000.00,1454403.0,391616.20518652344
1758,HGS-TV,1452474.0,391671.70756721497
1759,ails2_etaMax1.000_stoppingTime864000.00,1454122.0,391626.71018652344
1760,HGS-TV,1452474.0,391866.6366121769
1761,HGS-TV,1452474.0,392046.30465102196
1762,HGS-TV,1452474.0,393375.7645049095
1763,HGS-TV,1452474.0,394244.8942120075
1764,HGS-TV,1452474.0,395502.0303874016
1765,HGS-TV,1452474.0,395681.7823076248
1766,HGS-TV,1452474.0,397565.9387381077
1767,HGS-TV,1452474.0,397694.61803483963
1768,HGS-TV,1452474.0,397834.4604871273
1769,HGS-TV,1452474.0,397894.46975946426
1770,HGS-TV,1452474.0,398292.13097786903
1771,HGS-TV,1452474.0,399385.705807209
1772,HGS-TV,1452474.0,399446.0367794037
1773,ails2_etaMax1.000_stoppingTime1296000.00,1457004.0,399744.81818652345
1774,ails2_etaMax1.000_stoppingTime1296000.00,1456911.0,399745.79718652344
1775,HGS-TV,1452474.0,399888.37272286415
1776,HGS-TV,1452474.0,400011.5772628784
1777,HGS-TV,1452474.0,401152.3944756985
1778,HGS-TV,1452474.0,401280.7596554756
1779,HGS-TV,1452474.0,401357.1898403168
1780,ails2_etaMax1.000_stoppingTime432000.00,1452508.0,401631.4841865234
1781,HGS-TV,1452474.0,401837.69677066803
1782,HGS-TV,1452474.0,402548.11530947685
1783,HGS-TV,1452474.0,402725.2758822441
1784,HGS-TV,1452474.0,403221.3907005787
1785,HGS-TV,1452474.0,404219.73068237305
1786,HGS-TV,1452474.0,404447.90489912033
1787,HGS-TV,1452474.0,404591.9934089184
1788,HGS-TV,1452474.0,404652.80075359344
1789,ails2_etaMax1.000_stoppingTime1296000.00,1456903.0,405071.18918652344
1790,ails2_etaMax1.000_stoppingTime1296000.00,1456875.0,405071.20818652346
1791,ails2_etaMax1.000_stoppingTime432000.00,1452506.0,405226.31418652344
1792,ails2_etaMax1.000_stoppingTime432000.00,1452502.0,405226.53418652347
1793,HGS-TV,1452474.0,406479.98375558853
1794,HGS-TV,1452474.0,407346.7528655529
1795,HGS-TV,1452474.0,407407.07172322273
1796,ails2_etaMax1.000_stoppingTime1296000.00,1456862.0,408534.8381865234
1797,ails2_etaMax1.000_stoppingTime1296000.00,1456852.0,408535.26518652344
1798,ails2_etaMax1.000_stoppingTime1296000.00,1456834.0,410607.84618652344
1799,HGS-TV,1452474.0,411136.0648934841
1800,ails2_etaMax1.000_stoppingTime1296000.00,1456796.0,411717.40118652344
1801,ails2_etaMax1.000_stoppingTime1296000.00,1456790.0,411717.42118652345
1802,ails2_etaMax1.000_stoppingTime432000.00,1452501.0,412237.63318652345
1803,HGS-TV,1452474.0,412576.49670267105
1804,HGS-TV,1452474.0,415160.1328833103
1805,HGS-TV,1452474.0,416078.17032551765
1806,ails2_etaMax1.000_stoppingTime1296000.00,1456772.0,416668.8761865234
1807,ails2_etaMax1.000_stoppingTime1296000.00,1456634.0,416669.58518652344
1808,ails2_etaMax1.000_stoppingTime432000.00,1452500.0,419077.8101865234
1809,HGS-TV,1452474.0,419900.2131533623
1810,HGS-TV,1452474.0,419970.3756599426
1811,ails2_etaMax1.000_stoppingTime864000.00,1454087.0,422005.51018652343
1812,ails2_etaMax1.000_stoppingTime864000.00,1454079.0,422005.5391865234
1813,HGS-TV,1452474.0,422554.4931976795
1814,HGS-TV,1452474.0,423166.00478982925
1815,ails2_etaMax1.000_stoppingTime1296000.00,1456626.0,424135.15618652344
1816,ails2_etaMax1.000_stoppingTime1296000.00,1456575.0,424136.27018652344
1817,ails2_etaMax1.000_stoppingTime1296000.00,1456567.0,424303.7011865234
1818,ails2_etaMax1.000_stoppingTime1296000.00,1456341.0,424307.04018652346
1819,ails2_etaMax1.000_stoppingTime864000.00,1454078.0,426950.67818652344
1820,ails2_etaMax1.000_stoppingTime864000.00,1454056.0,426950.92018652346
1821,HGS-TV,1452474.0,427476.7967302799
1822,HGS-TV,1452474.0,428084.606580019
1823,ails2_etaMax1.000_stoppingTime432000.00,1452499.0,429604.9461865234
1824,ails2_etaMax1.000_stoppingTime432000.00,1452496.0,429605.04118652345
1825,ails2_etaMax1.000_stoppingTime864000.00,1454043.0,430108.1101865234
1826,ails2_etaMax1.000_stoppingTime864000.00,1453981.0,430113.3701865234
1827,HGS-TV,1452474.0,433275.2848825455
1828,HGS-TV,1452474.0,433677.1724476814
1829,HGS-TV,1452474.0,434003.64379787445
1830,ails2_etaMax1.000_stoppingTime864000.00,1453977.0,436050.4141865234
1831,ails2_etaMax1.000_stoppingTime864000.00,1453972.0,436052.92618652346
1832,HGS-TV,1452474.0,436697.9730293751
1833,HGS-TV,1452474.0,437294.4310452938
1834,ails2_etaMax1.000_stoppingTime864000.00,1453970.0,437609.91118652344
1835,ails2_etaMax1.000_stoppingTime864000.00,1453920.0,437609.93818652345
1836,HGS-TV,1452474.0,438105.26132917404
1837,HGS-TV,1452474.0,440734.91736006737
1838,HGS-TV,1452474.0,440795.3663172722
1839,HGS-TV,1452474.0,441643.9499325752
1840,HGS-TV,1452474.0,442210.45231080055
1841,ails2_etaMax1.000_stoppingTime864000.00,1453914.0,442881.69918652344
1842,ails2_etaMax1.000_stoppingTime864000.00,1453847.0,442882.8111865234
1843,HGS-TV,1452474.0,442986.3003013134
1844,ails2_etaMax1.000_stoppingTime1296000.00,1456339.0,443423.26818652346
1845,ails2_etaMax1.000_stoppingTime1296000.00,1456108.0,443427.02418652346
1846,HGS-TV,1452474.0,445351.3186759949
1847,HGS-TV,1452474.0,447004.67064738274
1848,ails2_etaMax1.000_stoppingTime864000.00,1453844.0,448587.8601865234
1849,ails2_etaMax1.000_stoppingTime864000.00,1453807.0,448588.29518652346
1850,HGS-TV,1452474.0,451406.759752512
1851,HGS-TV,1452474.0,451520.9360945225
1852,HGS-TV,1452474.0,454361.44087457657
1853,HGS-TV,1452474.0,455871.7417502403
1854,ails2_etaMax1.000_stoppingTime864000.00,1453794.0,455922.47118652344
1855,ails2_etaMax1.000_stoppingTime864000.00,1453790.0,456429.18318652344
1856,ails2_etaMax1.000_stoppingTime864000.00,1453753.0,456479.74218652345
1857,ails2_etaMax1.000_stoppingTime864000.00,1453709.0,456500.72618652345
1858,ails2_etaMax1.000_stoppingTime864000.00,1453688.0,456779.87418652343
1859,ails2_etaMax1.000_stoppingTime864000.00,1453632.0,456800.22018652345
1860,ails2_etaMax1.000_stoppingTime1296000.00,1456107.0,459482.57018652343
1861,ails2_etaMax1.000_stoppingTime1296000.00,1456035.0,459482.73618652346
1862,HGS-TV,1452474.0,460073.1450333595
1863,ails2_etaMax1.000_stoppingTime864000.00,1453629.0,461752.11718652345
1864,ails2_etaMax1.000_stoppingTime864000.00,1453623.0,461752.24918652343
1865,ails2_etaMax1.000_stoppingTime864000.00,1453619.0,461881.5111865234
1866,ails2_etaMax1.000_stoppingTime864000.00,1453572.0,461881.54018652346
1867,ails2_etaMax1.000_stoppingTime1296000.00,1456001.0,464752.46918652346
1868,ails2_etaMax1.000_stoppingTime1296000.00,1455956.0,464753.7831865234
1869,HGS-TV,1452474.0,464906.84893870354
1870,ails2_etaMax1.000_stoppingTime1296000.00,1455955.0,467574.02518652345
1871,ails2_etaMax1.000_stoppingTime1296000.00,1455875.0,467579.7721865234
1872,ails2_etaMax1.000_stoppingTime1296000.00,1455869.0,468060.11618652346
1873,ails2_etaMax1.000_stoppingTime1296000.00,1455787.0,468060.13418652344
1874,HGS-TV,1452474.0,468668.8197669983
1875,ails2_etaMax1.000_stoppingTime864000.00,1453569.0,469145.68718652346
1876,ails2_etaMax1.000_stoppingTime864000.00,1453518.0,469149.19718652347
1877,ails2_etaMax1.000_stoppingTime864000.00,1453517.0,472268.18818652345
1878,ails2_etaMax1.000_stoppingTime864000.00,1453513.0,472268.20918652345
1879,HGS-TV,1452474.0,472997.0178935528
1880,ails2_etaMax1.000_stoppingTime864000.00,1453512.0,474680.95518652344
1881,ails2_etaMax1.000_stoppingTime864000.00,1453422.0,474688.60618652345
1882,HGS-TV,1452474.0,477649.84449601173
1883,HGS-TV,1452474.0,480663.84211969376
1884,ails2_etaMax1.000_stoppingTime864000.00,1453402.0,481063.88218652346
1885,ails2_etaMax1.000_stoppingTime864000.00,1453389.0,481064.04118652345
1886,HGS-TV,1452474.0,481638.4735739231
1887,ails2_etaMax1.000_stoppingTime864000.00,1453388.0,482659.80118652346
1888,ails2_etaMax1.000_stoppingTime864000.00,1453321.0,482663.0491865234
1889,ails2_etaMax1.000_stoppingTime864000.00,1453320.0,482901.5991865234
1890,ails2_etaMax1.000_stoppingTime864000.00,1453267.0,482902.10518652346
1891,HGS-TV,1452474.0,483123.6095542908
1892,HGS-TV,1452474.0,484201.23315167427
1893,ails2_etaMax1.000_stoppingTime1296000.00,1455780.0,484585.2621865234
1894,ails2_etaMax1.000_stoppingTime1296000.00,1455631.0,484585.97618652345
1895,HGS-TV,1452474.0,484703.56551885605
1896,HGS-TV,1452474.0,485771.9009449482
1897,HGS-TV,1452474.0,487553.79366517067
1898,HGS-TV,1452474.0,487777.7916755676
1899,HGS-TV,1452474.0,488140.4746017456
1900,ails2_etaMax1.000_stoppingTime1296000.00,1455623.0,490378.90018652345
1901,ails2_etaMax1.000_stoppingTime1296000.00,1455608.0,490433.4631865234
1902,HGS-TV,1452474.0,490520.99623942375
1903,HGS-TV,1452474.0,491420.27219867706
1904,HGS-TV,1452474.0,492518.8934144974
1905,ails2_etaMax1.000_stoppingTime1296000.00,1455605.0,492953.76518652344
1906,HGS-TV,1452474.0,493477.5646634102
1907,HGS-TV,1452474.0,493537.7995209694
1908,HGS-TV,1452474.0,493789.9133732319
1909,HGS-TV,1452474.0,494257.83376455307
1910,ails2_etaMax1.000_stoppingTime1296000.00,1455597.0,495409.8701865234
1911,ails2_etaMax1.000_stoppingTime1296000.00,1455594.0,497011.0811865234
1912,HGS-TV,1452474.0,497398.7360944748
1913,ails2_etaMax1.000_stoppingTime1296000.00,1455588.0,498281.56318652345
1914,ails2_etaMax1.000_stoppingTime1296000.00,1455532.0,498281.59518652345
1915,HGS-TV,1452474.0,498368.2344753742
1916,HGS-TV,1452474.0,499036.4704220295
1917,ails2_etaMax1.000_stoppingTime864000.00,1453265.0,499367.1411865234
1918,ails2_etaMax1.000_stoppingTime864000.00,1453248.0,499367.21918652346
1919,HGS-TV,1452474.0,500274.35664105415
1920,ails2_etaMax1.000_stoppingTime864000.00,1453247.0,500977.5601865234
1921,HGS-TV,1452474.0,501539.7789776325
1922,HGS-TV,1452474.0,501636.4239780903
1923,HGS-TV,1452474.0,502220.35315966606
1924,HGS-TV,1452474.0,502281.6570367813
1925,HGS-TV,1452474.0,502396.44879102707
1926,ails2_etaMax1.000_stoppingTime864000.00,1453240.0,503100.49718652345
1927,ails2_etaMax1.000_stoppingTime864000.00,1453194.0,503102.5771865234
1928,ails2_etaMax1.000_stoppingTime864000.00,1453188.0,503352.90418652346
1929,HGS-TV,1452474.0,503354.99511790276
1930,ails2_etaMax1.000_stoppingTime864000.00,1453160.0,503393.7441865234
1931,HGS-TV,1452474.0,503846.0363447666
1932,ails2_etaMax1.000_stoppingTime864000.00,1453158.0,506071.0431865234
1933,ails2_etaMax1.000_stoppingTime864000.00,1453134.0,506081.67218652344
1934,HGS-TV,1452474.0,506752.87459635735
1935,HGS-TV,1452474.0,507047.73448729515
1936,HGS-TV,1452474.0,508199.5817499161
1937,HGS-TV,1452474.0,508277.57765984535
1938,HGS-TV,1452474.0,508437.48610925674
1939,ails2_etaMax1.000_stoppingTime1296000.00,1455519.0,508533.0331865234
1940,HGS-TV,1452474.0,508539.7799921036
1941,ails2_etaMax1.000_stoppingTime1296000.00,1455478.0,508533.04818652343
1942,ails2_etaMax1.000_stoppingTime1296000.00,1455476.0,509641.74318652344
1943,ails2_etaMax1.000_stoppingTime1296000.00,1455441.0,509641.77418652346
1944,HGS-TV,1452474.0,510450.5809350014
1945,HGS-TV,1452474.0,511333.1494464874
1946,HGS-TV,1452474.0,511393.6866571903
1947,HGS-TV,1452474.0,511655.0008366108
1948,HGS-TV,1452474.0,512631.1984426975
1949,HGS-TV,1452474.0,513349.74781131744
1950,HGS-TV,1452474.0,513697.9366428852
1951,HGS-TV,1452474.0,513826.26572060585
1952,HGS-TV,1452474.0,515776.82294654846
1953,ails2_etaMax1.000_stoppingTime1296000.00,1455430.0,516734.7231865234
1954,ails2_etaMax1.000_stoppingTime1296000.00,1455219.0,516774.22218652343
1955,HGS-TV,1452474.0,516887.4212427139
1956,HGS-TV,1452474.0,517523.9920363426
1957,HGS-TV,1452474.0,518063.41367173195
1958,HGS-TV,1452474.0,518124.030172348
1959,HGS-TV,1452474.0,518416.9049539566
1960,HGS-TV,1452474.0,518480.9995777607
1961,HGS-TV,1452474.0,518959.30202412605
1962,HGS-TV,1452474.0,519019.58287382126
1963,HGS-TV,1452474.0,519383.78976011276
1964,HGS-TV,1452474.0,519731.85178017616
1965,HGS-TV,1452474.0,519931.2549288273
1966,HGS-TV,1452474.0,520038.7561869621
1967,HGS-TV,1452474.0,520098.7926092148
1968,HGS-TV,1452474.0,520482.27052140236
1969,ails2_etaMax1.000_stoppingTime1296000.00,1455216.0,520485.0991865234
1970,HGS-TV,1452474.0,520542.6307299137
1971,ails2_etaMax1.000_stoppingTime1296000.00,1455168.0,520486.62918652344
1972,HGS-TV,1452474.0,521000.86017513275
1973,HGS-TV,1452474.0,521151.4289460182
1974,HGS-TV,1452474.0,521236.891051054
1975,HGS-TV,1452474.0,522038.74930620193
1976,HGS-TV,1452474.0,522102.91519379616
1977,HGS-TV,1452474.0,522453.88155794144
1978,HGS-TV,1452474.0,522513.9973165989
1979,ails2_etaMax1.000_stoppingTime864000.00,1453132.0,523004.55318652344
1980,ails2_etaMax1.000_stoppingTime864000.00,1453113.0,523011.31718652346
1981,ails2_etaMax1.000_stoppingTime864000.00,1453112.0,523261.4131865234
1982,HGS-TV,1452474.0,523319.4696600437
1983,ails2_etaMax1.000_stoppingTime864000.00,1453095.0,523285.38218652346
1984,HGS-TV,1452474.0,523380.234108448
1985,ails2_etaMax1.000_stoppingTime864000.00,1453079.0,523393.3981865234
1986,ails2_etaMax1.000_stoppingTime864000.00,1453076.0,523394.14518652344
1987,HGS-TV,1452474.0,523788.10966849327
1988,HGS-TV,1452474.0,524212.21376633644
1989,HGS-TV,1452474.0,524413.6243348122
1990,HGS-TV,1452474.0,525480.3677005768
1991,HGS-TV,1452474.0,525719.5983273983
1992,HGS-TV,1452474.0,528329.8577930927
1993,HGS-TV,1452474.0,528560.6528878212
1994,HGS-TV,1452474.0,528621.1711382866
1995,HGS-TV,1452474.0,528975.8678603172
1996,HGS-TV,1452474.0,529036.0164978504
1997,HGS-TV,1452474.0,529284.6215467453
1998,HGS-TV,1452474.0,529403.0748727322
1999,HGS-TV,1452474.0,530067.9356946945
2000,HGS-TV,1452474.0,530133.2981619835
2001,HGS-TV,1452474.0,531421.8887302876
2002,HGS-TV,1452474.0,531888.7455108166
2003,ails2_etaMax1.000_stoppingTime864000.00,1453062.0,532532.5891865235
2004,ails2_etaMax1.000_stoppingTime864000.00,1453053.0,532532.8901865234
2005,HGS-TV,1452474.0,533235.0317027569
2006,ails2_etaMax1.000_stoppingTime864000.00,1453043.0,533786.5181865235
2007,HGS-TV,1452474.0,533835.2543025017
2008,ails2_etaMax1.000_stoppingTime864000.00,1453016.0,533791.1601865235
2009,HGS-TV,1452474.0,534490.9246170521
2010,HGS-TV,1452474.0,534697.4112863541
2011,HGS-TV,1452474.0,534757.6291570663
2012,HGS-TV,1452474.0,534901.9339146614
2013,HGS-TV,1452474.0,535286.4322879314
2014,HGS-TV,1452474.0,535816.8781805038
2015,HGS-TV,1452474.0,536187.6320056915
2016,HGS-TV,1452474.0,536298.2674291134
2017,HGS-TV,1452474.0,536631.541254282
2018,HGS-TV,1452474.0,536733.3004198074
2019,HGS-TV,1452474.0,537078.4515199661
2020,HGS-TV,1452474.0,537196.2060601711
2021,HGS-TV,1452474.0,537511.457395792
2022,ails2_etaMax1.000_stoppingTime1296000.00,1455154.0,538021.6671865234
2023,ails2_etaMax1.000_stoppingTime1296000.00,1455066.0,538031.2301865234
2024,HGS-TV,1452474.0,538192.5470502377
2025,HGS-TV,1452474.0,538365.4451885223
2026,HGS-TV,1452474.0,538722.8201408386
2027,HGS-TV,1452474.0,538783.1833815575
2028,HGS-TV,1452474.0,538918.884927988
2029,HGS-TV,1452474.0,538979.1196084023
