id,algo_name,score,runningtime
1,ails2_eoh_acc_large,3373448.0,714.9289794921875
2,ails2_etaMax0.005_stoppingTime86400.00,3373445.0,755.2799794921875
3,ails2_etaMax0.010_stoppingTime172800.00,3373448.0,755.8749794921875
4,ails2_etaMax0.020_stoppingTime86400.00,3373449.0,758.1159794921875
5,ails2_eoh_acc_large,3371904.0,773.9599794921875
6,ails2_eoh_omega2,3373437.0,779.5799794921875
7,ails2_etaMax0.005_stoppingTime86400.00,3371985.0,816.1179794921875
8,ails2_etaMax0.010_stoppingTime172800.00,3371932.0,815.6909794921875
9,ails2_etaMax0.020_stoppingTime86400.00,3372374.0,810.9089794921875
10,ails2_eoh_acc_large,3371119.0,835.5389794921875
11,ails2_eoh_omega2,3372478.0,840.0989794921875
12,ails2_eoh_acc,3373420.0,853.0619794921874
13,ails2_etaMax0.005_stoppingTime86400.00,3370664.0,876.0799794921875
14,ails2_etaMax0.010_stoppingTime172800.00,3370864.0,876.5129794921875
15,ails2_etaMax0.020_stoppingTime86400.00,3371339.0,878.3799794921875
16,ails2_eoh_acc_large,3370183.0,897.2579794921875
17,ails2_eoh_omega2,3371514.0,899.0379794921874
18,ails2_eoh_acc,3372447.0,913.0059794921875
19,ails2_etaMax0.005_stoppingTime86400.00,3370149.0,937.9649794921875
20,ails2_etaMax0.010_stoppingTime172800.00,3370077.0,937.2209794921876
21,ails2_etaMax0.020_stoppingTime86400.00,3370673.0,934.5619794921874
22,ails2_eoh_acc_large,3369164.0,957.3489794921875
23,ails2_eoh_omega2,3370987.0,957.1299794921875
24,ails2_eoh_acc,3371603.0,972.1209794921875
25,ails2_etaMax0.005_stoppingTime86400.00,3369635.0,997.2009794921875
26,ails2_etaMax0.010_stoppingTime172800.00,3369421.0,995.9509794921875
27,ails2_etaMax0.020_stoppingTime86400.00,3370010.0,1000.6339794921874
28,ails2_eoh_acc_large,3368816.0,1018.1719794921875
29,ails2_eoh_omega2,3370633.0,1020.0759794921875
30,ails2_eoh_acc,3370661.0,1035.1989794921874
31,ails2_etaMax0.005_stoppingTime86400.00,3369390.0,1059.9239794921875
32,ails2_etaMax0.010_stoppingTime172800.00,3368795.0,1059.2849794921874
33,ails2_etaMax0.020_stoppingTime86400.00,3369442.0,1059.5679794921875
34,ails2_eoh_acc_large,3368263.0,1079.5769794921875
35,ails2_eoh_omega2,3370283.0,1081.4449794921875
36,ails2_eoh_acc,3370192.0,1095.2709794921875
37,ails2_etaMax0.010_stoppingTime172800.00,3368264.0,1121.0969794921875
38,ails2_etaMax0.005_stoppingTime86400.00,3368958.0,1119.9859794921874
39,ails2_etaMax0.020_stoppingTime86400.00,3369230.0,1119.2079794921874
40,ails2_eoh_acc_large,3367770.0,1140.9359794921875
41,ails2_eoh_omega2,3369997.0,1112.6209794921874
42,ails2_eoh_acc,3369601.0,1156.2729794921875
43,ails2_etaMax0.010_stoppingTime172800.00,3367765.0,1181.9299794921876
44,ails2_etaMax0.005_stoppingTime86400.00,3368645.0,1181.1489794921874
45,ails2_etaMax0.020_stoppingTime86400.00,3368683.0,1181.6559794921875
46,ails2_eoh_acc_large,3367413.0,1201.2939794921874
47,ails2_eoh_omega2,3369578.0,1206.0619794921874
48,ails2_eoh_acc,3368902.0,1216.3359794921876
49,ails2_etaMax0.005_stoppingTime86400.00,3368383.0,1242.0689794921875
50,ails2_etaMax0.010_stoppingTime172800.00,3367230.0,1242.1909794921876
51,ails2_etaMax0.020_stoppingTime86400.00,3368461.0,1243.7819794921875
52,ails2_eoh_acc_large,3366654.0,1263.0429794921874
53,ails2_eoh_omega2,3369241.0,1266.6219794921874
54,ails2_eoh_acc,3368414.0,1278.4179794921874
55,ails2_etaMax0.010_stoppingTime172800.00,3366859.0,1299.2159794921874
56,ails2_etaMax0.005_stoppingTime86400.00,3368009.0,1302.8989794921874
57,ails2_etaMax0.020_stoppingTime86400.00,3368110.0,1299.1819794921876
58,ails2_eoh_acc_large,3366434.0,1322.3259794921876
59,ails2_eoh_omega2,3368880.0,1323.9279794921874
60,ails2_eoh_acc,3368261.0,1338.9509794921876
61,ails2_etaMax0.010_stoppingTime172800.00,3366694.0,1365.1569794921875
62,ails2_etaMax0.005_stoppingTime86400.00,3367871.0,1355.1839794921875
63,ails2_etaMax0.020_stoppingTime86400.00,3367738.0,1355.3889794921874
64,ails2_eoh_acc_large,3366272.0,1383.1129794921876
65,filo2,3373158.0,1385.5794665813446
66,ails2_eoh_omega2,3368598.0,1380.5589794921875
67,ails2_eoh_acc,3368048.0,1400.0219794921875
68,ails2_etaMax0.010_stoppingTime172800.00,3366285.0,1425.2679794921876
69,ails2_etaMax0.005_stoppingTime86400.00,3367746.0,1426.2139794921875
70,ails2_etaMax0.020_stoppingTime86400.00,3367527.0,1420.0789794921875
71,filo2,3373157.0,1445.8326528072357
72,ails2_eoh_acc_large,3366179.0,1445.7469794921874
73,ails2_eoh_omega2,3368450.0,1415.1399794921874
74,ails2_eoh_acc,3367957.0,1462.0499794921875
75,ails2_etaMax0.005_stoppingTime86400.00,3367471.0,1485.1969794921874
76,ails2_etaMax0.010_stoppingTime172800.00,3366161.0,1481.1569794921875
77,ails2_etaMax0.020_stoppingTime86400.00,3367299.0,1488.4779794921874
78,ails2_eoh_acc_large,3366023.0,1507.1519794921876
79,ails2_eoh_omega2,3368214.0,1510.9659794921874
80,ails2_eoh_acc,3367764.0,1521.7199794921876
81,ails2_etaMax0.010_stoppingTime172800.00,3365955.0,1547.0299794921875
82,ails2_etaMax0.005_stoppingTime86400.00,3367330.0,1548.1329794921876
83,ails2_etaMax0.020_stoppingTime86400.00,3367179.0,1536.6259794921875
84,ails2_eoh_acc_large,3365846.0,1567.0999794921875
85,ails2_eoh_omega2,3367984.0,1569.6929794921875
86,ails2_eoh_acc,3367565.0,1582.9059794921875
87,ails2_etaMax0.010_stoppingTime172800.00,3365720.0,1608.9339794921875
88,ails2_etaMax0.005_stoppingTime86400.00,3367150.0,1604.1929794921875
89,ails2_etaMax0.020_stoppingTime86400.00,3366982.0,1606.0109794921875
90,ails2_eoh_acc_large,3365682.0,1625.8039794921874
91,ails2_eoh_omega2,3367912.0,1603.0879794921875
92,ails2_eoh_acc,3367282.0,1644.9449794921875
93,ails2_etaMax0.005_stoppingTime86400.00,3367009.0,1668.7519794921875
94,ails2_etaMax0.010_stoppingTime172800.00,3365408.0,1670.2159794921874
95,ails2_etaMax0.020_stoppingTime86400.00,3366864.0,1669.7929794921874
96,ails2_eoh_acc_large,3365559.0,1685.7439794921875
97,ails2_eoh_acc,3367206.0,1703.9219794921876
98,ails2_eoh_omega2,3367906.0,1709.1629794921876
99,ails2_etaMax0.005_stoppingTime86400.00,3366912.0,1730.3279794921875
100,ails2_etaMax0.010_stoppingTime172800.00,3365268.0,1730.2989794921875
101,ails2_etaMax0.020_stoppingTime86400.00,3366652.0,1729.3889794921874
102,ails2_eoh_acc_large,3365466.0,1750.7129794921875
103,ails2_eoh_acc,3367036.0,1767.0649794921876
104,ails2_eoh_omega2,3367720.0,1765.2469794921874
105,ails2_etaMax0.005_stoppingTime86400.00,3366658.0,1777.3119794921874
106,ails2_etaMax0.010_stoppingTime172800.00,3365120.0,1782.3469794921875
107,ails2_etaMax0.020_stoppingTime86400.00,3366651.0,1797.7419794921875
108,ails2_eoh_acc_large,3365389.0,1809.6559794921875
109,ails2_eoh_acc,3366855.0,1827.0549794921876
110,ails2_eoh_omega2,3367518.0,1829.3879794921875
111,ails2_etaMax0.005_stoppingTime86400.00,3366423.0,1852.4529794921875
112,ails2_etaMax0.010_stoppingTime172800.00,3364984.0,1853.0479794921876
113,ails2_etaMax0.020_stoppingTime86400.00,3366468.0,1857.1399794921874
114,ails2_eoh_acc_large,3365308.0,1869.4499794921876
115,ails2_eoh_acc,3366697.0,1887.3339794921876
116,ails2_eoh_omega2,3367337.0,1867.3899794921874
117,ails2_etaMax0.005_stoppingTime86400.00,3366150.0,1909.8969794921875
118,ails2_etaMax0.010_stoppingTime172800.00,3364604.0,1912.9389794921874
119,ails2_etaMax0.020_stoppingTime86400.00,3366232.0,1918.6679794921874
120,ails2_eoh_acc_large,3365120.0,1933.1789794921874
121,ails2_eoh_acc,3366543.0,1949.3589794921875
122,ails2_eoh_omega2,3367086.0,1950.0299794921875
123,ails2_etaMax0.010_stoppingTime172800.00,3364457.0,1975.0049794921874
124,ails2_etaMax0.005_stoppingTime86400.00,3366058.0,1971.7719794921875
125,ails2_etaMax0.020_stoppingTime86400.00,3366031.0,1980.0939794921876
126,ails2_eoh_acc_large,3364952.0,1994.6809794921876
127,ails2_eoh_acc,3366387.0,2005.1619794921876
128,ails2_eoh_omega2,3366758.0,2011.7079794921874
129,ails2_etaMax0.005_stoppingTime86400.00,3365970.0,2015.8729794921876
130,ails2_etaMax0.010_stoppingTime172800.00,3364302.0,2033.1739794921875
131,ails2_etaMax0.020_stoppingTime86400.00,3365952.0,2039.1549794921875
132,ails2_eoh_acc_large,3364852.0,2056.2019794921875
133,ails2_eoh_acc,3366285.0,2070.5499794921875
134,ails2_eoh_omega2,3366649.0,2065.0399794921873
135,ails2_etaMax0.005_stoppingTime86400.00,3365884.0,2096.5199794921873
136,ails2_etaMax0.010_stoppingTime172800.00,3364202.0,2065.5269794921874
137,ails2_eoh_acc_large,3364770.0,2117.2269794921876
138,ails2_eoh_acc,3366203.0,2131.5429794921874
139,ails2_eoh_omega2,3366329.0,2132.8999794921874
140,filo2,3373147.0,2153.3532559871674
141,ails2_etaMax0.020_stoppingTime86400.00,3365944.0,2156.4409794921876
142,ails2_etaMax0.005_stoppingTime86400.00,3365743.0,2157.5619794921877
143,ails2_etaMax0.010_stoppingTime172800.00,3364158.0,2156.2089794921876
144,ails2_eoh_acc_large,3364737.0,2176.5019794921873
145,ails2_eoh_acc,3366099.0,2190.1309794921876
146,ails2_eoh_omega2,3366166.0,2195.5339794921874
147,filo2,3373135.0,2217.19660115242
148,ails2_etaMax0.020_stoppingTime86400.00,3365769.0,2216.4949794921877
149,ails2_etaMax0.010_stoppingTime172800.00,3363919.0,2218.2629794921877
150,ails2_etaMax0.005_stoppingTime86400.00,3365629.0,2190.7149794921875
151,ails2_eoh_acc_large,3364676.0,2238.2759794921876
152,ails2_eoh_acc,3366029.0,2253.4579794921874
153,ails2_eoh_omega2,3366063.0,2227.7519794921873
154,ails2_etaMax0.020_stoppingTime86400.00,3365713.0,2274.0819794921877
155,filo2,3373130.0,2278.9810304641724
156,ails2_etaMax0.005_stoppingTime86400.00,3365427.0,2279.7309794921875
157,ails2_etaMax0.010_stoppingTime172800.00,3363847.0,2272.8289794921875
158,ails2_eoh_acc_large,3364663.0,2289.2679794921874
159,ails2_eoh_acc,3365947.0,2315.9439794921873
160,ails2_eoh_omega2,3366057.0,2274.2089794921876
161,ails2_etaMax0.020_stoppingTime86400.00,3365583.0,2336.4279794921877
162,ails2_etaMax0.010_stoppingTime172800.00,3363703.0,2330.0369794921876
163,ails2_etaMax0.005_stoppingTime86400.00,3365355.0,2339.1799794921876
164,ails2_eoh_acc_large,3364630.0,2354.2709794921875
165,ails2_eoh_acc,3365879.0,2374.5079794921876
166,ails2_eoh_omega2,3365863.0,2378.5049794921874
167,ails2_etaMax0.020_stoppingTime86400.00,3365543.0,2370.2289794921876
168,ails2_etaMax0.010_stoppingTime172800.00,3363563.0,2402.2199794921876
169,ails2_etaMax0.005_stoppingTime86400.00,3365296.0,2400.1739794921873
170,ails2_eoh_acc_large,3364578.0,2421.6029794921874
171,ails2_eoh_acc,3365712.0,2436.6889794921876
172,ails2_eoh_omega2,3365663.0,2435.8059794921874
173,ails2_etaMax0.020_stoppingTime86400.00,3365471.0,2435.3669794921875
174,ails2_etaMax0.010_stoppingTime172800.00,3363515.0,2417.1759794921877
175,ails2_etaMax0.005_stoppingTime86400.00,3365226.0,2456.3399794921875
176,ails2_eoh_acc_large,3364537.0,2474.9489794921874
177,ails2_eoh_acc,3365647.0,2497.2729794921875
178,ails2_eoh_omega2,3365623.0,2454.8519794921876
179,filo2,3373111.0,2505.272519826889
180,ails2_etaMax0.020_stoppingTime86400.00,3365440.0,2512.4369794921877
181,ails2_etaMax0.010_stoppingTime172800.00,3363508.0,2488.7749794921874
182,ails2_etaMax0.005_stoppingTime86400.00,3365160.0,2514.1309794921876
183,ails2_eoh_acc_large,3364490.0,2522.6629794921873
184,ails2_eoh_acc,3365543.0,2557.2649794921876
185,ails2_eoh_omega2,3365512.0,2560.8589794921877
186,ails2_etaMax0.020_stoppingTime86400.00,3365421.0,2568.6979794921876
187,ails2_etaMax0.005_stoppingTime86400.00,3365034.0,2576.5129794921877
188,ails2_etaMax0.010_stoppingTime172800.00,3363486.0,2584.1529794921876
189,ails2_eoh_acc_large,3364442.0,2600.1599794921876
190,ails2_eoh_acc,3365381.0,2621.0269794921874
191,ails2_eoh_omega2,3365302.0,2618.2199794921876
192,ails2_etaMax0.005_stoppingTime86400.00,3364981.0,2642.0059794921876
193,ails2_etaMax0.010_stoppingTime172800.00,3363304.0,2646.1089794921877
194,ails2_etaMax0.020_stoppingTime86400.00,3365414.0,2657.0689794921873
195,ails2_eoh_acc_large,3364422.0,2662.2409794921873
196,ails2_eoh_acc,3365331.0,2681.8619794921874
197,ails2_eoh_omega2,3365179.0,2682.2189794921874
198,filo2,3373102.0,2690.6836581230164
199,ails2_etaMax0.005_stoppingTime86400.00,3364973.0,2685.9989794921876
200,ails2_etaMax0.010_stoppingTime172800.00,3363251.0,2707.0859794921876
201,ails2_etaMax0.020_stoppingTime86400.00,3365165.0,2711.3179794921875
202,ails2_eoh_acc_large,3364390.0,2708.4279794921877
203,ails2_eoh_acc,3365237.0,2740.7519794921873
204,ails2_eoh_omega2,3365024.0,2741.8839794921873
205,filo2,3373101.0,2752.2876691818237
206,ails2_etaMax0.005_stoppingTime86400.00,3364915.0,2765.5999794921877
207,ails2_etaMax0.010_stoppingTime172800.00,3363192.0,2760.1199794921877
208,ails2_etaMax0.020_stoppingTime86400.00,3364951.0,2776.7489794921876
209,ails2_eoh_acc_large,3364351.0,2782.8659794921873
210,ails2_eoh_acc,3365145.0,2803.5279794921876
211,ails2_eoh_omega2,3365005.0,2767.1099794921874
212,ails2_etaMax0.010_stoppingTime172800.00,3363093.0,2814.4189794921876
213,ails2_etaMax0.005_stoppingTime86400.00,3364756.0,2818.9059794921877
214,ails2_etaMax0.020_stoppingTime86400.00,3364883.0,2838.6239794921876
215,filo2,3373100.0,2843.330892801285
216,ails2_eoh_acc_large,3364315.0,2842.4079794921877
217,ails2_eoh_acc,3365084.0,2864.4639794921877
218,ails2_eoh_omega2,3364836.0,2866.5919794921874
219,ails2_etaMax0.005_stoppingTime86400.00,3364642.0,2888.0389794921875
220,ails2_etaMax0.010_stoppingTime172800.00,3362923.0,2889.6209794921874
221,ails2_etaMax0.020_stoppingTime86400.00,3364788.0,2871.1949794921875
222,filo2,3373099.0,2904.8644444942474
223,ails2_eoh_acc_large,3364294.0,2908.7609794921873
224,ails2_eoh_acc,3364953.0,2926.1439794921876
225,ails2_eoh_omega2,3364656.0,2927.0339794921874
226,ails2_etaMax0.005_stoppingTime86400.00,3364520.0,2946.1679794921874
227,ails2_etaMax0.010_stoppingTime172800.00,3362878.0,2943.3019794921875
228,ails2_etaMax0.020_stoppingTime86400.00,3364715.0,2931.2179794921876
229,filo2,3373085.0,2965.5636410713196
230,ails2_eoh_acc_large,3364231.0,2968.4279794921877
231,ails2_eoh_acc,3364786.0,2986.8389794921877
232,ails2_eoh_omega2,3364567.0,2988.5239794921877
233,ails2_etaMax0.010_stoppingTime172800.00,3362805.0,2997.7399794921876
234,ails2_etaMax0.005_stoppingTime86400.00,3364374.0,3006.7129794921875
235,ails2_etaMax0.020_stoppingTime86400.00,3364701.0,3020.4389794921876
236,filo2,3373075.0,3026.990277528763
237,ails2_eoh_acc_large,3364220.0,3005.1849794921877
238,ails2_eoh_acc,3364708.0,3047.2049794921877
239,ails2_eoh_omega2,3364484.0,3049.9109794921874
240,ails2_etaMax0.010_stoppingTime172800.00,3362779.0,3041.9259794921877
241,ails2_etaMax0.005_stoppingTime86400.00,3364294.0,3073.0159794921874
242,filo2,3373074.0,3087.5697033405304
243,ails2_eoh_acc_large,3364182.0,3092.3419794921874
244,ails2_eoh_acc,3364691.0,3107.8439794921874
245,ails2_eoh_omega2,3364452.0,3060.6559794921877
246,ails2_etaMax0.005_stoppingTime86400.00,3364156.0,3109.0249794921874
247,ails2_etaMax0.010_stoppingTime172800.00,3362765.0,3131.6719794921873
248,filo2,3373068.0,3148.3420753479004
249,ails2_eoh_acc_large,3364085.0,3153.2609794921873
250,ails2_eoh_acc,3364635.0,3169.5489794921873
251,ails2_eoh_omega2,3364415.0,3170.5569794921876
252,ails2_etaMax0.005_stoppingTime86400.00,3364092.0,3184.6399794921876
253,ails2_etaMax0.010_stoppingTime172800.00,3362690.0,3195.0079794921876
254,ails2_etaMax0.020_stoppingTime86400.00,3364697.0,3210.9579794921874
255,ails2_eoh_acc_large,3364035.0,3199.0669794921873
256,ails2_eoh_acc,3364594.0,3230.6409794921874
257,ails2_eoh_omega2,3364254.0,3230.2669794921876
258,ails2_etaMax0.005_stoppingTime86400.00,3363965.0,3253.9299794921876
259,ails2_etaMax0.010_stoppingTime172800.00,3362614.0,3244.3019794921875
260,filo2,3373063.0,3270.559833049774
261,ails2_etaMax0.020_stoppingTime86400.00,3364570.0,3243.9669794921874
262,ails2_eoh_acc_large,3364020.0,3271.1019794921876
263,ails2_eoh_acc,3364560.0,3278.6679794921874
264,ails2_eoh_omega2,3364220.0,3284.4529794921873
265,ails2_etaMax0.005_stoppingTime86400.00,3363788.0,3312.3689794921875
266,ails2_eoh_acc_large,3364011.0,3321.9579794921874
267,ails2_etaMax0.010_stoppingTime172800.00,3362606.0,3338.4659794921877
268,ails2_eoh_acc,3364456.0,3347.7249794921877
269,filo2,3373057.0,3353.6871292591095
270,ails2_eoh_omega2,3364199.0,3342.3109794921875
271,ails2_etaMax0.020_stoppingTime86400.00,3364569.0,3365.0889794921877
272,ails2_etaMax0.005_stoppingTime86400.00,3363662.0,3374.7069794921877
273,ails2_eoh_acc_large,3363972.0,3388.2359794921877
274,ails2_etaMax0.010_stoppingTime172800.00,3362499.0,3383.4939794921875
275,ails2_eoh_acc,3364395.0,3411.4749794921877
276,ails2_eoh_omega2,3364191.0,3376.6889794921876
277,ails2_etaMax0.020_stoppingTime86400.00,3364556.0,3365.5349794921876
278,ails2_etaMax0.005_stoppingTime86400.00,3363660.0,3389.6089794921877
279,ails2_eoh_acc_large,3363954.0,3456.4869794921874
280,ails2_etaMax0.010_stoppingTime172800.00,3362488.0,3459.7909794921875
281,filo2,3373055.0,3460.500620365143
282,ails2_eoh_acc,3364321.0,3472.7749794921874
283,ails2_etaMax0.005_stoppingTime86400.00,3363576.0,3500.1919794921873
284,ails2_eoh_omega2,3364186.0,3502.3439794921874
285,ails2_etaMax0.020_stoppingTime86400.00,3364555.0,3513.8389794921877
286,ails2_eoh_acc_large,3363933.0,3514.9889794921874
287,ails2_etaMax0.010_stoppingTime172800.00,3362335.0,3521.0889794921877
288,ails2_eoh_acc,3364290.0,3525.8959794921875
289,ails2_eoh_omega2,3364004.0,3557.5029794921875
290,ails2_etaMax0.020_stoppingTime86400.00,3364536.0,3522.0079794921876
291,ails2_etaMax0.005_stoppingTime86400.00,3363573.0,3580.7619794921875
292,ails2_eoh_acc_large,3363882.0,3579.3499794921877
293,ails2_etaMax0.010_stoppingTime172800.00,3362282.0,3578.3669794921875
294,ails2_eoh_acc,3364221.0,3594.4009794921876
295,ails2_eoh_omega2,3363911.0,3613.6779794921877
296,ails2_etaMax0.010_stoppingTime172800.00,3362244.0,3592.4929794921877
297,ails2_eoh_omega2,3363825.0,3644.4349794921877
298,ails2_eoh_omega2,3363692.0,3738.0819794921877
299,ails2_etaMax0.010_stoppingTime172800.00,3362243.0,3798.7889794921875
300,ails2_eoh_omega2,3363673.0,3767.8229794921876
301,ails2_etaMax0.010_stoppingTime172800.00,3362125.0,3850.1029794921874
302,ails2_eoh_omega2,3363665.0,3837.1189794921875
303,ails2_etaMax0.010_stoppingTime172800.00,3362106.0,3893.7049794921877
304,ails2_eoh_omega2,3363640.0,3905.5509794921877
305,ails2_eoh_omega2,3363614.0,3969.8649794921876
306,ails2_etaMax0.010_stoppingTime172800.00,3362095.0,4009.1639794921875
307,ails2_eoh_omega2,3363601.0,4006.7689794921876
308,ails2_etaMax0.010_stoppingTime172800.00,3362033.0,4068.9719794921875
309,ails2_eoh_omega2,3363567.0,4079.0149794921876
310,ails2_etaMax0.010_stoppingTime172800.00,3362026.0,4137.8869794921875
311,ails2_eoh_omega2,3363523.0,4166.228979492187
312,ails2_etaMax0.010_stoppingTime172800.00,3361963.0,4182.4359794921875
313,ails2_eoh_omega2,3363415.0,4222.638979492188
314,ails2_eoh_omega2,3363293.0,4294.804979492187
315,ails2_etaMax0.010_stoppingTime172800.00,3361955.0,4305.306979492188
316,ails2_eoh_omega2,3363273.0,4350.985979492188
317,ails2_etaMax0.010_stoppingTime172800.00,3361868.0,4365.317979492187
318,ails2_eoh_omega2,3363247.0,4393.387979492188
319,ails2_etaMax0.010_stoppingTime172800.00,3361809.0,4408.5699794921875
320,ails2_eoh_omega2,3363224.0,4471.9269794921875
321,ails2_etaMax0.010_stoppingTime172800.00,3361784.0,4440.359979492187
322,ails2_eoh_omega2,3363071.0,4521.681979492188
323,ails2_eoh_omega2,3362968.0,4595.817979492187
324,filo2,3362239.0,4648.05824637413
325,ails2_eoh_omega2,3362925.0,4639.058979492187
326,ails2_eoh_omega2,3362915.0,4720.440979492188
327,ails2_etaMax0.010_stoppingTime172800.00,3361781.0,4750.318979492187
328,ails2_eoh_omega2,3362767.0,4780.350979492187
329,ails2_etaMax0.010_stoppingTime172800.00,3361766.0,4794.6949794921875
330,ails2_eoh_omega2,3362650.0,4804.3559794921875
331,ails2_etaMax0.010_stoppingTime172800.00,3361743.0,4870.839979492188
332,ails2_eoh_omega2,3362547.0,4899.342979492188
333,ails2_etaMax0.010_stoppingTime172800.00,3361659.0,4920.072979492187
334,ails2_eoh_omega2,3362519.0,4910.161979492187
335,ails2_eoh_omega2,3362447.0,5021.800979492187
336,ails2_etaMax0.010_stoppingTime172800.00,3361658.0,5050.945979492188
337,ails2_eoh_omega2,3362409.0,5063.220979492187
338,ails2_etaMax0.010_stoppingTime172800.00,3361628.0,5077.621979492187
339,ails2_eoh_omega2,3362397.0,5119.796979492187
340,ails2_etaMax0.010_stoppingTime172800.00,3361609.0,5172.1059794921875
341,ails2_etaMax0.010_stoppingTime172800.00,3361582.0,5223.199979492188
342,ails2_eoh_omega2,3362386.0,5260.674979492187
343,ails2_etaMax0.010_stoppingTime172800.00,3361545.0,5293.548979492188
344,ails2_eoh_omega2,3362290.0,5309.482979492188
345,ails2_etaMax0.010_stoppingTime172800.00,3361538.0,5353.3019794921875
346,ails2_eoh_omega2,3362204.0,5381.019979492187
347,ails2_etaMax0.010_stoppingTime172800.00,3361534.0,5384.241979492187
348,ails2_eoh_omega2,3362116.0,5414.586979492187
349,ails2_etaMax0.010_stoppingTime172800.00,3361444.0,5451.863979492187
350,ails2_eoh_omega2,3362087.0,5495.214979492188
351,ails2_etaMax0.010_stoppingTime172800.00,3361423.0,5562.205979492188
352,ails2_eoh_omega2,3362001.0,5564.679979492187
353,ails2_etaMax0.010_stoppingTime172800.00,3361392.0,5622.887979492188
354,ails2_eoh_omega2,3361925.0,5616.204979492188
355,ails2_etaMax0.010_stoppingTime172800.00,3361371.0,5684.227979492188
356,ails2_eoh_omega2,3361893.0,5682.831979492187
357,ails2_eoh_omega2,3361862.0,5741.763979492188
358,ails2_eoh_omega2,3361676.0,5806.066979492188
359,ails2_etaMax0.010_stoppingTime172800.00,3361367.0,5816.940979492188
360,ails2_eoh_omega2,3361644.0,5854.644979492187
361,ails2_etaMax0.010_stoppingTime172800.00,3361319.0,5854.698979492187
362,ails2_eoh_acc,3361944.0,5879.263979492188
363,ails2_eoh_omega2,3361634.0,5890.400979492188
364,ails2_eoh_acc,3361932.0,5932.516979492188
365,ails2_eoh_omega2,3361586.0,5970.848979492188
366,ails2_eoh_acc,3361910.0,5997.823979492187
367,ails2_etaMax0.010_stoppingTime172800.00,3361317.0,6033.710979492187
368,ails2_eoh_omega2,3361569.0,6034.269979492187
369,ails2_eoh_acc,3361860.0,6060.037979492187
370,ails2_etaMax0.010_stoppingTime172800.00,3361316.0,6034.594979492187
371,ails2_eoh_omega2,3361547.0,6057.350979492187
372,ails2_eoh_acc,3361840.0,6119.982979492188
373,ails2_etaMax0.010_stoppingTime172800.00,3361258.0,6153.037979492187
374,ails2_eoh_acc,3361823.0,6156.248979492188
375,ails2_etaMax0.010_stoppingTime172800.00,3361193.0,6195.555979492187
376,ails2_eoh_acc,3361764.0,6236.283979492187
377,ails2_eoh_acc,3361757.0,6303.206979492187
378,ails2_eoh_acc_large,3361944.0,6350.537979492187
379,ails2_eoh_acc,3361724.0,6352.021979492188
380,ails2_etaMax0.010_stoppingTime172800.00,3361192.0,6375.7219794921875
381,ails2_eoh_acc_large,3361918.0,6402.737979492187
382,ails2_eoh_omega2,3361546.0,6421.458979492188
383,ails2_eoh_acc,3361721.0,6393.076979492187
384,ails2_etaMax0.010_stoppingTime172800.00,3361180.0,6379.777979492187
385,ails2_eoh_acc_large,3361912.0,6464.9539794921875
386,ails2_eoh_omega2,3361492.0,6461.771979492188
387,ails2_eoh_acc,3361703.0,6480.916979492187
388,ails2_eoh_acc_large,3361891.0,6523.158979492187
389,ails2_etaMax0.010_stoppingTime172800.00,3361169.0,6539.0789794921875
390,ails2_eoh_omega2,3361446.0,6524.780979492188
391,ails2_eoh_acc,3361699.0,6555.344979492187
392,ails2_eoh_acc_large,3361866.0,6593.889979492187
393,ails2_etaMax0.010_stoppingTime172800.00,3361136.0,6542.057979492188
394,ails2_eoh_acc,3361695.0,6608.014979492187
395,ails2_eoh_acc_large,3361856.0,6654.443979492187
396,ails2_etaMax0.010_stoppingTime172800.00,3361134.0,6664.361979492188
397,ails2_eoh_acc,3361689.0,6667.505979492187
398,ails2_eoh_omega2,3361439.0,6690.639979492187
399,ails2_eoh_acc_large,3361848.0,6713.251979492187
400,ails2_etaMax0.010_stoppingTime172800.00,3361084.0,6721.068979492187
401,ails2_eoh_acc,3361679.0,6728.439979492187
402,ails2_eoh_omega2,3361403.0,6706.411979492187
403,ails2_eoh_acc_large,3361841.0,6768.8289794921875
404,ails2_etaMax0.010_stoppingTime172800.00,3361064.0,6775.793979492188
405,ails2_eoh_acc,3361678.0,6779.7039794921875
406,ails2_eoh_omega2,3361372.0,6763.653979492187
407,ails2_eoh_acc_large,3361833.0,6831.873979492188
408,ails2_etaMax0.010_stoppingTime172800.00,3361020.0,6847.099979492187
409,ails2_eoh_acc,3361662.0,6852.874979492188
410,ails2_eoh_omega2,3361361.0,6861.777979492187
411,ails2_eoh_acc_large,3361801.0,6887.706979492187
412,ails2_etaMax0.010_stoppingTime172800.00,3361013.0,6847.775979492188
413,ails2_etaMax0.005_stoppingTime86400.00,3361962.0,6913.150979492188
414,ails2_eoh_acc,3361638.0,6910.305979492187
415,ails2_eoh_omega2,3361357.0,6938.207979492187
416,ails2_eoh_acc_large,3361787.0,6942.860979492188
417,ails2_etaMax0.010_stoppingTime172800.00,3360963.0,6955.336979492187
418,ails2_etaMax0.005_stoppingTime86400.00,3361839.0,6968.746979492187
419,ails2_eoh_acc,3361622.0,6970.388979492188
420,ails2_eoh_omega2,3361235.0,6972.714979492188
421,ails2_eoh_acc_large,3361780.0,7017.311979492188
422,ails2_etaMax0.010_stoppingTime172800.00,3360884.0,7027.658979492187
423,ails2_etaMax0.005_stoppingTime86400.00,3361780.0,7021.084979492188
424,ails2_eoh_acc,3361620.0,7026.579979492188
425,ails2_eoh_omega2,3361232.0,7060.628979492188
426,ails2_eoh_acc_large,3361754.0,7070.891979492188
427,ails2_etaMax0.010_stoppingTime172800.00,3360876.0,7078.380979492187
428,ails2_etaMax0.005_stoppingTime86400.00,3361779.0,7099.461979492187
429,ails2_eoh_acc,3361591.0,7101.966979492187
430,ails2_eoh_omega2,3361133.0,7117.5389794921875
431,ails2_eoh_acc_large,3361734.0,7136.391979492188
432,ails2_etaMax0.005_stoppingTime86400.00,3361753.0,7111.390979492187
433,ails2_eoh_acc,3361572.0,7163.091979492187
434,ails2_etaMax0.010_stoppingTime172800.00,3360874.0,7271.068979492187
435,ails2_etaMax0.010_stoppingTime172800.00,3360789.0,7314.445979492188
436,ails2_etaMax0.010_stoppingTime172800.00,3360782.0,7514.592979492188
437,ails2_etaMax0.010_stoppingTime172800.00,3360682.0,7570.657979492187
438,ails2_etaMax0.010_stoppingTime172800.00,3360595.0,7618.5519794921875
439,ails2_etaMax0.010_stoppingTime172800.00,3360594.0,7701.836979492187
440,ails2_etaMax0.010_stoppingTime172800.00,3360584.0,7702.204979492188
441,ails2_eoh_omega2,3361128.0,7787.216979492187
442,ails2_eoh_omega2,3361107.0,7832.985979492188
443,ails2_eoh_omega2,3361041.0,7882.869979492188
444,ails2_etaMax0.010_stoppingTime172800.00,3360583.0,7934.2889794921875
445,ails2_eoh_omega2,3361021.0,7962.438979492187
446,ails2_etaMax0.010_stoppingTime172800.00,3360545.0,7974.8019794921875
447,ails2_eoh_omega2,3361019.0,8006.222979492188
448,ails2_eoh_omega2,3361006.0,8050.731979492188
449,ails2_etaMax0.010_stoppingTime172800.00,3360544.0,8115.300979492187
450,ails2_eoh_omega2,3360956.0,8146.2889794921875
451,ails2_etaMax0.010_stoppingTime172800.00,3360507.0,8174.643979492187
452,ails2_eoh_omega2,3360948.0,8272.986979492187
453,ails2_eoh_omega2,3360900.0,8282.583979492187
454,ails2_eoh_omega2,3360846.0,8385.117979492188
455,ails2_etaMax0.010_stoppingTime172800.00,3360501.0,8402.753979492187
456,ails2_etaMax0.010_stoppingTime172800.00,3360491.0,8406.285979492188
457,ails2_etaMax0.010_stoppingTime172800.00,3360489.0,8578.741979492188
458,ails2_etaMax0.010_stoppingTime172800.00,3360351.0,8614.937979492188
459,ails2_etaMax0.010_stoppingTime172800.00,3360350.0,8694.897979492187
460,filo2,3360845.0,8725.395670890808
461,ails2_etaMax0.010_stoppingTime172800.00,3360326.0,8721.659979492188
462,ails2_eoh_acc_large,3360580.0,8761.727979492187
463,ails2_eoh_acc_large,3360534.0,8806.501979492188
464,ails2_etaMax0.010_stoppingTime172800.00,3360266.0,8816.889979492187
465,ails2_eoh_omega2,3360840.0,8825.466979492188
466,ails2_eoh_acc_large,3360533.0,8869.614979492188
467,ails2_eoh_omega2,3360828.0,8843.891979492188
468,ails2_etaMax0.010_stoppingTime172800.00,3360265.0,8888.191979492187
469,ails2_eoh_acc_large,3360515.0,8913.764979492187
470,ails2_eoh_omega2,3360803.0,8940.710979492187
471,filo2,3360843.0,8965.386630058289
472,ails2_etaMax0.010_stoppingTime172800.00,3360256.0,8977.386979492188
473,ails2_eoh_acc_large,3360501.0,8999.370979492187
474,ails2_eoh_omega2,3360743.0,9005.978979492187
475,ails2_etaMax0.010_stoppingTime172800.00,3360231.0,8993.136979492188
476,ails2_eoh_acc_large,3360476.0,9051.578979492188
477,ails2_eoh_omega2,3360689.0,9060.607979492188
478,ails2_eoh_acc_large,3360456.0,9119.423979492187
479,filo2,3360841.0,9129.146598815918
480,ails2_eoh_omega2,3360679.0,9160.380979492187
481,ails2_eoh_acc_large,3360413.0,9182.032979492187
482,ails2_eoh_omega2,3360676.0,9161.063979492188
483,ails2_eoh_acc_large,3360381.0,9242.024979492187
484,ails2_eoh_omega2,3360657.0,9267.656979492187
485,ails2_eoh_acc_large,3360365.0,9301.874979492188
486,ails2_eoh_omega2,3360647.0,9319.946979492188
487,ails2_eoh_acc_large,3360334.0,9349.478979492187
488,ails2_etaMax0.010_stoppingTime172800.00,3360228.0,9402.904979492187
489,ails2_eoh_omega2,3360577.0,9401.324979492187
490,ails2_eoh_acc_large,3360327.0,9415.795979492188
491,ails2_eoh_omega2,3360521.0,9448.047979492187
492,ails2_eoh_acc_large,3360323.0,9462.801979492187
493,ails2_etaMax0.010_stoppingTime172800.00,3360220.0,9502.324979492187
494,ails2_eoh_acc_large,3360311.0,9545.048979492187
495,ails2_etaMax0.010_stoppingTime172800.00,3360173.0,9563.174979492187
496,ails2_eoh_acc_large,3360280.0,9595.746979492187
497,ails2_etaMax0.010_stoppingTime172800.00,3360169.0,9565.718979492187
498,filo2,3360828.0,9647.293501138687
499,ails2_eoh_acc_large,3360254.0,9642.814979492188
500,ails2_etaMax0.010_stoppingTime172800.00,3360151.0,9644.550979492187
501,filo2,3360820.0,9707.744532823563
502,ails2_eoh_acc_large,3360249.0,9730.958979492187
503,filo2,3360814.0,9768.940671920776
504,ails2_etaMax0.010_stoppingTime172800.00,3360150.0,9789.806979492187
505,ails2_eoh_acc_large,3360232.0,9758.416979492187
506,filo2,3360812.0,9832.391608715057
507,ails2_etaMax0.010_stoppingTime172800.00,3360147.0,9800.136979492188
508,ails2_eoh_omega2,3360512.0,9853.525979492188
509,ails2_eoh_acc_large,3360211.0,9853.906979492187
510,ails2_eoh_omega2,3360459.0,9899.765979492187
511,ails2_eoh_acc_large,3360205.0,9897.917979492187
512,ails2_etaMax0.010_stoppingTime172800.00,3360139.0,9938.003979492187
513,ails2_eoh_omega2,3360446.0,9975.236979492187
514,ails2_eoh_acc_large,3360193.0,9970.973979492188
515,ails2_etaMax0.010_stoppingTime172800.00,3360086.0,9991.960979492187
516,ails2_eoh_omega2,3360443.0,10037.400979492188
517,ails2_eoh_acc_large,3360182.0,10032.227979492187
518,ails2_eoh_omega2,3360440.0,10040.802979492188
519,ails2_eoh_acc_large,3360172.0,10095.107979492188
520,ails2_etaMax0.010_stoppingTime172800.00,3360082.0,10139.912979492188
521,ails2_eoh_omega2,3360376.0,10159.032979492187
522,ails2_eoh_acc_large,3360151.0,10132.702979492187
523,ails2_etaMax0.010_stoppingTime172800.00,3360067.0,10164.067979492187
524,ails2_eoh_omega2,3360285.0,10208.218979492187
525,ails2_eoh_acc_large,3360141.0,10223.371979492187
526,ails2_eoh_acc_large,3360132.0,10285.461979492187
527,ails2_eoh_omega2,3360283.0,10336.437979492188
528,ails2_eoh_acc_large,3360126.0,10345.379979492187
529,ails2_eoh_omega2,3360248.0,10397.041979492187
530,ails2_eoh_acc_large,3360114.0,10398.515979492187
531,ails2_eoh_omega2,3360199.0,10440.934979492187
532,ails2_etaMax0.010_stoppingTime172800.00,3360062.0,10460.690979492187
533,ails2_eoh_acc_large,3360095.0,10468.267979492188
534,ails2_eoh_omega2,3360146.0,10499.554979492188
535,ails2_etaMax0.010_stoppingTime172800.00,3360042.0,10470.765979492187
536,ails2_eoh_acc_large,3360089.0,10518.231979492188
537,ails2_etaMax0.010_stoppingTime172800.00,3360024.0,10572.576979492187
538,ails2_eoh_acc_large,3360075.0,10585.357979492188
539,ails2_etaMax0.010_stoppingTime172800.00,3360005.0,10642.987979492187
540,ails2_eoh_acc_large,3359994.0,10649.160979492188
541,ails2_etaMax0.010_stoppingTime172800.00,3360000.0,10643.841979492188
542,ails2_eoh_acc_large,3359989.0,10682.475979492188
543,ails2_eoh_acc,3360583.0,10718.485979492187
544,ails2_etaMax0.010_stoppingTime172800.00,3359955.0,10753.681979492187
545,ails2_eoh_acc_large,3359971.0,10762.015979492187
546,ails2_eoh_acc,3360573.0,10777.208979492187
547,ails2_etaMax0.010_stoppingTime172800.00,3359954.0,10914.905979492187
548,ails2_etaMax0.010_stoppingTime172800.00,3359932.0,10923.063979492188
549,ails2_eoh_omega2,3360139.0,11104.785979492188
550,ails2_etaMax0.010_stoppingTime172800.00,3359927.0,11110.444979492187
551,ails2_eoh_omega2,3360003.0,11139.183979492187
552,ails2_etaMax0.010_stoppingTime172800.00,3359863.0,11171.204979492188
553,ails2_etaMax0.010_stoppingTime172800.00,3359862.0,11171.645979492187
554,ails2_etaMax0.010_stoppingTime172800.00,3359855.0,11448.824979492187
555,ails2_etaMax0.010_stoppingTime172800.00,3359821.0,11454.380979492187
556,ails2_eoh_omega2,3360002.0,11590.843979492187
557,ails2_eoh_omega2,3359991.0,11594.445979492188
558,ails2_etaMax0.010_stoppingTime172800.00,3359815.0,11690.201979492187
559,ails2_etaMax0.010_stoppingTime172800.00,3359796.0,11716.052979492188
560,ails2_etaMax0.010_stoppingTime172800.00,3359795.0,11773.601979492187
561,filo2,3359935.0,11820.653720855713
562,ails2_etaMax0.010_stoppingTime172800.00,3359768.0,11829.943979492187
563,filo2,3359928.0,11882.544830560684
564,ails2_eoh_omega2,3359988.0,11905.418979492188
565,filo2,3359924.0,11942.874953508377
566,ails2_eoh_omega2,3359983.0,11906.282979492187
567,filo2,3359915.0,12003.14872789383
568,ails2_etaMax0.010_stoppingTime172800.00,3359767.0,12041.347979492188
569,ails2_etaMax0.010_stoppingTime172800.00,3359746.0,12090.856979492188
570,ails2_etaMax0.010_stoppingTime172800.00,3359697.0,12130.332979492188
571,ails2_etaMax0.010_stoppingTime172800.00,3359692.0,12180.641979492188
572,ails2_etaMax0.010_stoppingTime172800.00,3359634.0,12262.519979492188
573,ails2_eoh_omega2,3359981.0,12718.240979492188
574,ails2_eoh_omega2,3359949.0,12761.543979492188
575,ails2_eoh_omega2,3359940.0,12891.110979492187
576,ails2_eoh_omega2,3359875.0,12946.165979492187
577,ails2_eoh_omega2,3359837.0,13007.027979492188
578,ails2_etaMax0.010_stoppingTime172800.00,3359625.0,13336.526979492188
579,ails2_etaMax0.010_stoppingTime172800.00,3359542.0,13394.815979492187
580,ails2_etaMax0.010_stoppingTime172800.00,3359541.0,13471.015979492187
581,ails2_etaMax0.010_stoppingTime172800.00,3359497.0,13522.415979492187
582,ails2_eoh_omega2,3359829.0,13819.436979492188
583,ails2_eoh_omega2,3359803.0,13872.431979492187
584,ails2_eoh_omega2,3359799.0,13917.243979492188
585,ails2_etaMax0.010_stoppingTime172800.00,3359491.0,14192.315979492187
586,ails2_etaMax0.010_stoppingTime172800.00,3359427.0,14224.184979492187
587,ails2_etaMax0.010_stoppingTime172800.00,3359390.0,14307.237979492187
588,ails2_etaMax0.010_stoppingTime172800.00,3359373.0,14341.052979492188
589,ails2_etaMax0.010_stoppingTime172800.00,3359372.0,14724.530979492187
590,ails2_etaMax0.010_stoppingTime172800.00,3359340.0,14759.227979492187
591,ails2_eoh_omega2,3359795.0,15026.788979492187
592,ails2_eoh_omega2,3359716.0,15079.681979492187
593,ails2_etaMax0.010_stoppingTime172800.00,3359329.0,15097.785979492188
594,ails2_eoh_omega2,3359710.0,15089.528979492188
595,ails2_etaMax0.010_stoppingTime172800.00,3359324.0,15103.729979492187
596,ails2_eoh_omega2,3359691.0,15193.505979492187
597,ails2_eoh_omega2,3359661.0,15269.803979492188
598,ails2_eoh_omega2,3359620.0,15325.444979492187
599,ails2_eoh_omega2,3359614.0,15429.905979492187
600,ails2_etaMax0.010_stoppingTime172800.00,3359321.0,15481.227979492187
601,ails2_eoh_omega2,3359602.0,15432.971979492188
602,ails2_etaMax0.010_stoppingTime172800.00,3359278.0,15536.537979492188
603,ails2_eoh_omega2,3359589.0,15514.514979492187
604,ails2_etaMax0.010_stoppingTime172800.00,3359213.0,15602.416979492187
605,ails2_eoh_omega2,3359540.0,15612.071979492188
606,ails2_etaMax0.010_stoppingTime172800.00,3359200.0,15606.080979492188
607,ails2_eoh_omega2,3359528.0,15655.818979492187
608,ails2_etaMax0.010_stoppingTime172800.00,3359197.0,15762.370979492187
609,ails2_eoh_omega2,3359512.0,15812.970979492187
610,ails2_etaMax0.010_stoppingTime172800.00,3359142.0,15782.515979492187
611,ails2_eoh_omega2,3359430.0,15859.123979492188
612,ails2_eoh_omega2,3359423.0,15965.403979492188
613,ails2_etaMax0.010_stoppingTime172800.00,3359138.0,16011.822979492188
614,ails2_eoh_omega2,3359415.0,16009.874979492188
615,ails2_etaMax0.010_stoppingTime172800.00,3359109.0,16070.908979492187
616,ails2_eoh_omega2,3359380.0,16085.135979492188
617,ails2_etaMax0.010_stoppingTime172800.00,3359056.0,16103.733979492188
618,filo2,3359329.0,16136.855701208115
619,ails2_etaMax0.010_stoppingTime172800.00,3359052.0,16467.36897949219
620,ails2_etaMax0.010_stoppingTime172800.00,3358994.0,16515.536979492186
621,ails2_etaMax0.010_stoppingTime172800.00,3358989.0,16606.843979492187
622,filo2,3359327.0,16609.000519275665
623,ails2_etaMax0.010_stoppingTime172800.00,3358972.0,16658.68997949219
624,filo2,3359325.0,16670.91343641281
625,ails2_eoh_omega2,3359374.0,16719.680979492186
626,ails2_etaMax0.010_stoppingTime172800.00,3358971.0,16729.355979492186
627,ails2_eoh_omega2,3359344.0,16751.824979492187
628,ails2_etaMax0.010_stoppingTime172800.00,3358970.0,16762.973979492188
629,ails2_etaMax0.010_stoppingTime172800.00,3358929.0,16809.463979492186
630,ails2_etaMax0.010_stoppingTime172800.00,3358923.0,17310.081979492188
631,ails2_etaMax0.010_stoppingTime172800.00,3358899.0,17339.524979492187
632,ails2_etaMax0.010_stoppingTime172800.00,3358896.0,17610.845979492187
633,ails2_etaMax0.010_stoppingTime172800.00,3358886.0,17613.433979492187
634,ails2_etaMax0.010_stoppingTime172800.00,3358885.0,17999.435979492187
635,ails2_etaMax0.010_stoppingTime172800.00,3358877.0,17999.715979492186
636,ails2_etaMax0.010_stoppingTime172800.00,3358868.0,18155.677979492186
637,ails2_eoh_omega2,3359339.0,18167.687979492188
638,ails2_etaMax0.010_stoppingTime172800.00,3358858.0,18157.15497949219
639,ails2_eoh_omega2,3359324.0,18177.203979492188
640,ails2_etaMax0.010_stoppingTime172800.00,3358849.0,18265.894979492186
641,ails2_etaMax0.010_stoppingTime172800.00,3358847.0,18484.76297949219
642,ails2_etaMax0.010_stoppingTime172800.00,3358838.0,18502.555979492186
643,filo2,3358860.0,18880.264770269394
644,ails2_eoh_omega2,3359318.0,18916.089979492186
645,ails2_eoh_omega2,3359317.0,18917.009979492188
646,ails2_eoh_omega2,3359313.0,19493.65597949219
647,ails2_eoh_omega2,3359303.0,19496.025979492188
648,ails2_eoh_omega2,3359302.0,19825.577979492187
649,ails2_eoh_omega2,3359301.0,19978.462979492186
650,ails2_eoh_omega2,3359298.0,19978.617979492188
651,ails2_eoh_omega2,3359254.0,20097.69297949219
652,ails2_eoh_omega2,3359244.0,20167.087979492186
653,ails2_eoh_omega2,3359211.0,20215.99397949219
654,ails2_eoh_omega2,3359209.0,20258.291979492187
655,ails2_eoh_omega2,3359206.0,20506.237979492187
656,ails2_eoh_omega2,3359200.0,20516.715979492186
657,ails2_etaMax0.010_stoppingTime172800.00,3358831.0,20568.916979492187
658,ails2_etaMax0.010_stoppingTime172800.00,3358821.0,20627.78097949219
659,ails2_eoh_omega2,3359199.0,21272.308979492187
660,ails2_eoh_omega2,3359133.0,21284.259979492188
661,ails2_etaMax0.010_stoppingTime172800.00,3358820.0,21368.775979492188
662,ails2_eoh_omega2,3359131.0,21343.329979492188
663,ails2_etaMax0.010_stoppingTime172800.00,3358794.0,21428.503979492187
664,ails2_etaMax0.010_stoppingTime172800.00,3358747.0,21452.15497949219
665,ails2_etaMax0.010_stoppingTime172800.00,3358723.0,21534.991979492188
666,ails2_etaMax0.010_stoppingTime172800.00,3358721.0,21609.991979492188
667,ails2_etaMax0.010_stoppingTime172800.00,3358690.0,21642.79897949219
668,ails2_etaMax0.010_stoppingTime172800.00,3358689.0,22193.70997949219
669,ails2_etaMax0.010_stoppingTime172800.00,3358665.0,22226.911979492186
670,ails2_etaMax0.010_stoppingTime172800.00,3358655.0,22281.588979492186
671,ails2_eoh_acc_large,3358654.0,22363.643979492186
672,ails2_etaMax0.010_stoppingTime172800.00,3358589.0,22338.13997949219
673,ails2_eoh_acc_large,3358493.0,22423.955979492188
674,ails2_eoh_omega2,3359129.0,22472.15497949219
675,ails2_eoh_acc_large,3358414.0,22484.27997949219
676,ails2_etaMax0.010_stoppingTime172800.00,3358583.0,22496.06897949219
677,ails2_eoh_omega2,3359122.0,22477.04797949219
678,ails2_eoh_acc_large,3358334.0,22546.248979492186
679,ails2_etaMax0.010_stoppingTime172800.00,3358545.0,22552.914979492187
680,filo2,3358698.0,22572.941439390182
681,ails2_eoh_omega2,3359070.0,22592.393979492186
682,ails2_eoh_acc_large,3358277.0,22605.954979492188
683,ails2_etaMax0.010_stoppingTime172800.00,3358529.0,22565.965979492186
684,filo2,3358697.0,22634.70554471016
685,ails2_eoh_omega2,3359004.0,22652.47797949219
686,ails2_eoh_acc_large,3358219.0,22666.615979492188
687,filo2,3358693.0,22711.205054044724
688,ails2_eoh_omega2,3358997.0,22658.141979492186
689,ails2_eoh_acc_large,3358193.0,22726.271979492187
690,ails2_eoh_acc_large,3358158.0,22787.31797949219
691,ails2_eoh_acc_large,3358149.0,22803.232979492186
692,ails2_eoh_acc_large,3358143.0,22898.804979492186
693,ails2_eoh_acc_large,3358112.0,22969.435979492187
694,ails2_eoh_acc_large,3358081.0,23030.057979492187
695,ails2_eoh_acc_large,3358063.0,23081.789979492187
696,ails2_etaMax0.010_stoppingTime172800.00,3358527.0,23100.456979492188
697,ails2_eoh_acc_large,3358046.0,23142.83597949219
698,ails2_etaMax0.010_stoppingTime172800.00,3358485.0,23123.69397949219
699,ails2_eoh_acc_large,3358036.0,23173.630979492187
700,ails2_etaMax0.010_stoppingTime172800.00,3358443.0,23217.788979492187
701,ails2_eoh_acc_large,3358018.0,23262.571979492186
702,ails2_etaMax0.010_stoppingTime172800.00,3358432.0,23222.784979492186
703,ails2_eoh_omega2,3358991.0,23293.287979492186
704,ails2_eoh_acc_large,3357976.0,23336.88897949219
705,ails2_etaMax0.010_stoppingTime172800.00,3358380.0,23321.212979492186
706,ails2_eoh_omega2,3358959.0,23318.930979492186
707,ails2_eoh_acc_large,3357969.0,23379.313979492188
708,ails2_eoh_omega2,3358944.0,23378.47797949219
709,ails2_eoh_acc_large,3357955.0,23459.374979492186
710,ails2_eoh_omega2,3358943.0,23504.215979492186
711,ails2_eoh_acc_large,3357943.0,23517.575979492187
712,ails2_eoh_omega2,3358902.0,23526.769979492186
713,ails2_eoh_acc_large,3357937.0,23536.44097949219
714,ails2_eoh_acc_large,3357934.0,23621.26397949219
715,ails2_eoh_omega2,3358901.0,23649.433979492187
716,ails2_eoh_acc_large,3357931.0,23691.90897949219
717,ails2_eoh_omega2,3358864.0,23658.668979492188
718,ails2_eoh_acc_large,3357927.0,23765.590979492186
719,ails2_eoh_omega2,3358860.0,23780.143979492186
720,ails2_eoh_acc_large,3357926.0,23784.466979492187
721,ails2_eoh_omega2,3358857.0,23784.053979492186
722,ails2_eoh_acc_large,3357921.0,23881.915979492187
723,ails2_eoh_acc_large,3357912.0,23924.865979492188
724,ails2_eoh_acc_large,3357911.0,23967.212979492186
725,ails2_eoh_acc_large,3357908.0,24157.349979492188
726,ails2_eoh_omega2,3358856.0,24175.731979492186
727,ails2_eoh_acc_large,3357900.0,24199.166979492187
728,ails2_eoh_omega2,3358803.0,24206.419979492188
729,ails2_eoh_acc_large,3357899.0,24248.938979492188
730,ails2_eoh_omega2,3358771.0,24253.518979492186
731,ails2_etaMax0.010_stoppingTime172800.00,3358374.0,24348.044979492188
732,ails2_eoh_acc_large,3357867.0,24361.56697949219
733,ails2_etaMax0.010_stoppingTime172800.00,3358357.0,24397.056979492187
734,ails2_eoh_acc_large,3357865.0,24423.02997949219
735,ails2_eoh_acc_large,3357847.0,24476.416979492187
736,ails2_eoh_omega2,3358770.0,24493.813979492188
737,ails2_eoh_acc_large,3357815.0,24535.805979492186
738,ails2_eoh_omega2,3358732.0,24549.588979492186
739,ails2_eoh_acc_large,3357800.0,24605.088979492186
740,ails2_eoh_omega2,3358726.0,24574.95797949219
741,ails2_eoh_acc_large,3357796.0,24641.522979492187
742,ails2_eoh_omega2,3358652.0,24676.08697949219
743,ails2_eoh_acc_large,3357792.0,24705.27997949219
744,ails2_eoh_omega2,3358645.0,24676.988979492187
745,ails2_eoh_acc_large,3357789.0,24749.473979492188
746,ails2_eoh_acc_large,3357787.0,24826.684979492187
747,ails2_eoh_acc_large,3357784.0,24908.166979492187
748,ails2_eoh_acc_large,3357774.0,24937.253979492187
749,ails2_eoh_acc_large,3357773.0,24991.63797949219
750,ails2_eoh_acc_large,3357772.0,25097.06697949219
751,ails2_eoh_acc_large,3357771.0,25124.038979492187
752,ails2_eoh_acc_large,3357770.0,25425.85097949219
753,ails2_eoh_acc_large,3357765.0,25469.053979492186
754,ails2_eoh_acc_large,3357760.0,25493.74597949219
755,ails2_eoh_acc_large,3357747.0,25595.090979492186
756,ails2_eoh_acc_large,3357744.0,25658.295979492188
757,ails2_eoh_acc_large,3357741.0,25791.321979492186
758,ails2_eoh_acc_large,3357739.0,25864.17697949219
759,ails2_eoh_acc_large,3357737.0,25893.273979492187
760,ails2_eoh_acc_large,3357731.0,25961.51597949219
761,ails2_eoh_acc_large,3357730.0,26025.665979492187
762,ails2_eoh_acc_large,3357722.0,26057.144979492186
763,ails2_eoh_acc_large,3357719.0,26215.79997949219
764,ails2_eoh_acc_large,3357717.0,26243.718979492187
765,ails2_eoh_acc_large,3357714.0,26353.595979492187
766,ails2_eoh_acc_large,3357713.0,26448.06897949219
767,ails2_etaMax0.010_stoppingTime172800.00,3358356.0,26565.26297949219
768,ails2_etaMax0.010_stoppingTime172800.00,3358348.0,26565.991979492188
769,ails2_eoh_acc_large,3357710.0,26709.828979492188
770,ails2_eoh_acc_large,3357699.0,26761.858979492186
771,ails2_eoh_acc_large,3357685.0,26801.417979492187
772,ails2_etaMax0.010_stoppingTime172800.00,3358346.0,26983.362979492187
773,ails2_eoh_acc_large,3357682.0,27027.90797949219
774,ails2_etaMax0.010_stoppingTime172800.00,3358330.0,26991.968979492187
775,ails2_eoh_acc_large,3357680.0,27068.114979492188
776,ails2_etaMax0.010_stoppingTime172800.00,3358329.0,27139.401979492188
777,ails2_eoh_acc_large,3357678.0,27136.410979492186
778,ails2_etaMax0.010_stoppingTime172800.00,3358289.0,27199.144979492186
779,ails2_eoh_acc_large,3357674.0,27158.716979492187
780,ails2_etaMax0.010_stoppingTime172800.00,3358260.0,27256.253979492187
781,ails2_eoh_acc_large,3357671.0,27250.270979492187
782,ails2_etaMax0.010_stoppingTime172800.00,3358248.0,27282.03197949219
783,ails2_etaMax0.010_stoppingTime172800.00,3358244.0,27337.591979492187
784,ails2_eoh_acc_large,3357670.0,27511.99797949219
785,ails2_eoh_acc_large,3357666.0,27568.821979492186
786,ails2_eoh_acc_large,3357664.0,27595.735979492187
787,ails2_eoh_omega2,3358642.0,27662.362979492187
788,ails2_eoh_acc_large,3357661.0,27695.990979492188
789,ails2_eoh_omega2,3358619.0,27675.13597949219
790,ails2_eoh_acc_large,3357656.0,27724.112979492187
791,ails2_eoh_omega2,3358578.0,27783.644979492186
792,ails2_eoh_acc_large,3357654.0,27815.56697949219
793,ails2_etaMax0.010_stoppingTime172800.00,3358243.0,27817.288979492187
794,ails2_eoh_omega2,3358575.0,27785.72897949219
795,ails2_etaMax0.010_stoppingTime172800.00,3358240.0,27838.115979492188
796,ails2_eoh_acc_large,3357653.0,27837.391979492186
797,ails2_eoh_omega2,3358574.0,27913.81697949219
798,ails2_etaMax0.010_stoppingTime172800.00,3358224.0,27883.74397949219
799,ails2_eoh_omega2,3358566.0,27939.610979492187
800,ails2_eoh_omega2,3358565.0,28082.375979492186
801,ails2_eoh_omega2,3358488.0,28132.929979492186
802,ails2_eoh_acc_large,3357652.0,28203.01497949219
803,ails2_eoh_acc_large,3357651.0,28263.026979492188
804,ails2_eoh_acc_large,3357650.0,28761.374979492186
805,ails2_eoh_acc_large,3357649.0,28794.401979492188
806,ails2_eoh_acc_large,3357642.0,28892.864979492188
807,ails2_eoh_acc_large,3357639.0,29133.398979492187
808,ails2_eoh_acc_large,3357635.0,29431.17597949219
809,ails2_eoh_acc_large,3357634.0,29476.202979492187
810,ails2_eoh_acc_large,3357633.0,29545.769979492186
811,ails2_eoh_acc_large,3357631.0,29631.968979492187
812,ails2_eoh_acc_large,3357624.0,29700.10097949219
813,ails2_eoh_acc_large,3357621.0,29773.26297949219
814,ails2_eoh_acc_large,3357619.0,30178.573979492186
815,ails2_eoh_acc_large,3357618.0,30180.646979492187
816,ails2_eoh_acc_large,3357617.0,30253.94297949219
817,ails2_eoh_acc_large,3357611.0,30744.928979492186
818,ails2_eoh_acc_large,3357610.0,30822.537979492186
819,ails2_eoh_acc_large,3357609.0,30963.40797949219
820,ails2_eoh_acc_large,3357604.0,31149.492979492188
821,ails2_eoh_acc_large,3357602.0,31206.292979492187
822,ails2_eoh_acc_large,3357601.0,31263.447979492186
823,ails2_eoh_acc_large,3357600.0,31278.789979492187
824,ails2_eoh_acc_large,3357599.0,31461.861979492187
825,ails2_eoh_acc_large,3357597.0,31522.043979492188
826,ails2_eoh_acc_large,3357588.0,31698.49497949219
827,ails2_eoh_acc_large,3357587.0,31925.87197949219
828,ails2_eoh_acc_large,3357586.0,32073.35197949219
829,ails2_eoh_acc_large,3357585.0,32228.187979492188
830,ails2_eoh_omega2,3358485.0,32449.775979492188
831,ails2_eoh_omega2,3358455.0,32497.81497949219
832,ails2_eoh_omega2,3358437.0,32553.892979492186
833,ails2_eoh_acc_large,3357581.0,32628.03197949219
834,ails2_eoh_omega2,3358428.0,32578.241979492188
835,ails2_eoh_acc_large,3357580.0,32738.340979492186
836,ails2_eoh_omega2,3358423.0,32888.24997949219
837,ails2_etaMax0.010_stoppingTime172800.00,3358223.0,32915.07897949219
838,ails2_eoh_omega2,3358355.0,32941.45597949219
839,ails2_etaMax0.010_stoppingTime172800.00,3358221.0,32932.38797949219
840,ails2_eoh_acc_large,3357579.0,33070.25197949219
841,ails2_eoh_acc_large,3357563.0,33106.532979492185
842,ails2_eoh_acc_large,3357541.0,33187.94697949219
843,ails2_eoh_omega2,3358349.0,33486.52197949219
844,ails2_eoh_omega2,3358304.0,33516.22097949219
845,ails2_eoh_acc_large,3357540.0,33553.57597949219
846,ails2_eoh_omega2,3358287.0,33608.02097949219
847,ails2_etaMax0.010_stoppingTime172800.00,3358215.0,33634.67797949219
848,ails2_eoh_acc_large,3357539.0,33653.64697949219
849,ails2_eoh_omega2,3358250.0,33614.496979492185
850,ails2_etaMax0.010_stoppingTime172800.00,3358200.0,33662.028979492185
851,ails2_eoh_acc_large,3357531.0,33686.59797949219
852,ails2_etaMax0.010_stoppingTime172800.00,3358197.0,33771.05297949219
853,ails2_eoh_acc_large,3357530.0,33754.439979492185
854,ails2_etaMax0.010_stoppingTime172800.00,3358181.0,33774.46997949219
855,ails2_eoh_acc_large,3357526.0,33828.80597949219
856,ails2_eoh_omega2,3358247.0,33845.392979492186
857,ails2_eoh_acc_large,3357525.0,33900.36197949219
858,ails2_eoh_acc_large,3357522.0,33908.708979492185
859,ails2_etaMax0.010_stoppingTime172800.00,3358180.0,33991.301979492186
860,ails2_eoh_acc_large,3357520.0,33999.96997949219
861,ails2_eoh_omega2,3358246.0,34023.01297949219
862,ails2_etaMax0.010_stoppingTime172800.00,3358147.0,34015.882979492184
863,ails2_eoh_omega2,3358241.0,34046.41697949219
864,ails2_eoh_omega2,3358230.0,34112.30097949219
865,ails2_eoh_acc_large,3357519.0,34187.87097949219
866,ails2_eoh_acc_large,3357518.0,34276.475979492185
867,ails2_eoh_acc_large,3357516.0,34381.72697949219
868,ails2_eoh_omega2,3358225.0,34430.37797949219
869,ails2_eoh_omega2,3358219.0,34462.87797949219
870,ails2_eoh_omega2,3358145.0,34531.159979492186
871,ails2_etaMax0.010_stoppingTime172800.00,3358146.0,34566.94897949219
872,ails2_etaMax0.010_stoppingTime172800.00,3358144.0,34569.25497949219
873,ails2_eoh_acc_large,3357515.0,34638.96197949219
874,ails2_eoh_omega2,3358142.0,34659.95097949219
875,ails2_etaMax0.010_stoppingTime172800.00,3358142.0,34692.93397949219
876,ails2_eoh_omega2,3358131.0,34663.31997949219
877,ails2_etaMax0.010_stoppingTime172800.00,3358111.0,34745.61397949219
878,ails2_eoh_acc_large,3357509.0,34763.91597949219
879,ails2_eoh_omega2,3358129.0,34782.88597949219
880,ails2_etaMax0.010_stoppingTime172800.00,3358071.0,34777.45297949219
881,ails2_eoh_omega2,3358071.0,34827.88397949219
882,ails2_eoh_omega2,3358065.0,34946.596979492184
883,ails2_eoh_acc_large,3357508.0,34960.82897949219
884,ails2_eoh_acc_large,3357502.0,35010.30297949219
885,ails2_eoh_omega2,3358063.0,35048.89497949219
886,ails2_eoh_acc_large,3357500.0,35056.242979492185
887,ails2_eoh_omega2,3358058.0,35050.13997949219
888,ails2_eoh_acc_large,3357498.0,35144.10397949219
889,ails2_eoh_omega2,3358046.0,35160.513979492185
890,ails2_eoh_acc_large,3357497.0,35167.267979492186
891,ails2_eoh_omega2,3358012.0,35231.036979492186
892,ails2_eoh_acc_large,3357494.0,35262.318979492185
893,ails2_eoh_omega2,3358007.0,35270.87797949219
894,ails2_eoh_acc_large,3357468.0,35303.90497949219
895,ails2_eoh_acc_large,3357459.0,35333.668979492184
896,ails2_eoh_acc_large,3357457.0,35461.20797949219
897,ails2_eoh_omega2,3358002.0,35513.39197949219
898,ails2_eoh_omega2,3357966.0,35573.439979492185
899,ails2_eoh_acc_large,3357456.0,35576.13797949219
900,ails2_eoh_omega2,3357957.0,35601.93097949219
901,ails2_eoh_acc_large,3357454.0,35604.16297949219
902,ails2_eoh_omega2,3357954.0,35716.31197949219
903,ails2_eoh_omega2,3357939.0,35728.86497949219
904,ails2_eoh_omega2,3357907.0,35822.939979492185
905,ails2_eoh_omega2,3357896.0,35868.47297949219
906,ails2_eoh_acc_large,3357453.0,36010.026979492184
907,ails2_eoh_omega2,3357894.0,36297.153979492185
908,ails2_eoh_omega2,3357869.0,36303.65097949219
909,ails2_eoh_acc_large,3357450.0,36391.80297949219
910,ails2_eoh_acc_large,3357446.0,36399.94697949219
911,ails2_eoh_acc_large,3357445.0,36525.905979492185
912,ails2_etaMax0.010_stoppingTime172800.00,3358060.0,36535.55097949219
913,ails2_eoh_acc_large,3357444.0,36529.44497949219
914,ails2_etaMax0.010_stoppingTime172800.00,3358027.0,36585.00897949219
915,ails2_etaMax0.010_stoppingTime172800.00,3357988.0,36646.31097949219
916,ails2_etaMax0.010_stoppingTime172800.00,3357986.0,36719.56397949219
917,ails2_eoh_acc_large,3357443.0,37096.30897949219
918,ails2_etaMax0.010_stoppingTime172800.00,3357985.0,37103.57397949219
919,ails2_etaMax0.010_stoppingTime172800.00,3357961.0,37147.54097949219
920,ails2_etaMax0.010_stoppingTime172800.00,3357960.0,37244.30897949219
921,ails2_etaMax0.010_stoppingTime172800.00,3357956.0,37256.75397949219
922,ails2_eoh_omega2,3357868.0,37343.73297949219
923,ails2_eoh_acc_large,3357442.0,37348.867979492185
924,ails2_eoh_omega2,3357828.0,37371.818979492185
925,ails2_eoh_omega2,3357793.0,37452.06597949219
926,ails2_eoh_omega2,3357791.0,37518.085979492185
927,ails2_eoh_omega2,3357765.0,37543.92797949219
928,ails2_eoh_acc_large,3357438.0,37618.73997949219
929,ails2_eoh_omega2,3357753.0,37596.473979492184
930,ails2_etaMax0.010_stoppingTime172800.00,3357953.0,37912.74997949219
931,ails2_etaMax0.010_stoppingTime172800.00,3357922.0,37939.998979492186
932,ails2_eoh_omega2,3357751.0,38828.56397949219
933,ails2_eoh_omega2,3357725.0,38834.257979492184
934,ails2_etaMax1.000_stoppingTime86400.00,3373391.0,39090.02397949219
935,ails2_etaMax1.000_stoppingTime86400.00,3373327.0,39136.66597949219
936,ails2_eoh_acc_large,3357437.0,39553.661979492186
937,ails2_eoh_omega2,3357722.0,39752.86497949219
938,ails2_eoh_omega2,3357715.0,39761.16997949219
939,ails2_etaMax1.000_stoppingTime86400.00,3373318.0,40002.36197949219
940,ails2_eoh_omega2,3357710.0,40007.18097949219
941,ails2_etaMax1.000_stoppingTime86400.00,3373027.0,40062.901979492184
942,ails2_eoh_omega2,3357708.0,40007.63597949219
943,ails2_etaMax1.000_stoppingTime86400.00,3372839.0,40089.210979492185
944,ails2_eoh_acc_large,3357432.0,40251.151979492184
945,ails2_eoh_acc_large,3357429.0,40261.23097949219
946,ails2_etaMax1.000_stoppingTime86400.00,3372795.0,40453.689979492185
947,ails2_etaMax0.010_stoppingTime172800.00,3357921.0,40496.30497949219
948,ails2_eoh_omega2,3357706.0,40509.80997949219
949,ails2_etaMax1.000_stoppingTime86400.00,3372715.0,40459.11297949219
950,ails2_etaMax0.010_stoppingTime172800.00,3357904.0,40508.95097949219
951,ails2_eoh_omega2,3357638.0,40525.443979492185
952,ails2_etaMax1.000_stoppingTime86400.00,3372674.0,40543.34597949219
953,ails2_etaMax1.000_stoppingTime86400.00,3372664.0,40604.608979492186
954,ails2_eoh_acc_large,3357427.0,40833.78797949219
955,ails2_eoh_omega2,3357637.0,40871.14497949219
956,ails2_eoh_acc_large,3357426.0,40865.94997949219
957,ails2_eoh_omega2,3357595.0,40885.65497949219
958,ails2_eoh_acc_large,3357425.0,41144.71897949219
959,ails2_eoh_acc_large,3357424.0,41175.572979492186
960,ails2_eoh_omega2,3357592.0,41440.39797949219
961,ails2_eoh_omega2,3357587.0,41441.01097949219
962,ails2_etaMax0.010_stoppingTime172800.00,3357902.0,41544.437979492184
963,ails2_eoh_omega2,3357584.0,41551.384979492184
964,ails2_etaMax1.000_stoppingTime86400.00,3372652.0,41593.43697949219
965,ails2_etaMax0.010_stoppingTime172800.00,3357870.0,41605.02997949219
966,ails2_eoh_omega2,3357574.0,41600.314979492185
967,ails2_etaMax1.000_stoppingTime86400.00,3372571.0,41603.814979492185
968,ails2_etaMax0.010_stoppingTime172800.00,3357867.0,41612.41797949219
969,ails2_etaMax0.010_stoppingTime172800.00,3357829.0,41722.992979492185
970,ails2_eoh_acc_large,3357423.0,41756.191979492185
971,ails2_eoh_acc_large,3357417.0,41809.96697949219
972,ails2_etaMax0.010_stoppingTime172800.00,3357825.0,41839.572979492186
973,ails2_etaMax0.010_stoppingTime172800.00,3357786.0,41874.765979492186
974,ails2_etaMax0.010_stoppingTime172800.00,3357784.0,41979.52097949219
975,ails2_etaMax0.010_stoppingTime172800.00,3357772.0,41982.44097949219
976,ails2_eoh_acc_large,3357412.0,42068.70797949219
977,ails2_etaMax1.000_stoppingTime86400.00,3372561.0,42092.846979492184
978,ails2_etaMax1.000_stoppingTime86400.00,3372397.0,42109.354979492186
979,ails2_eoh_acc_large,3357411.0,42262.551979492186
980,ails2_etaMax0.010_stoppingTime172800.00,3357769.0,42280.623979492186
981,ails2_eoh_acc_large,3357407.0,42273.16597949219
982,ails2_etaMax0.010_stoppingTime172800.00,3357754.0,42321.140979492186
983,ails2_etaMax0.010_stoppingTime172800.00,3357752.0,42408.80097949219
984,ails2_etaMax0.010_stoppingTime172800.00,3357751.0,42791.21997949219
985,ails2_etaMax0.010_stoppingTime172800.00,3357740.0,42805.651979492184
986,ails2_etaMax1.000_stoppingTime86400.00,3372385.0,43026.72897949219
987,ails2_etaMax1.000_stoppingTime86400.00,3372320.0,43046.91097949219
988,ails2_etaMax1.000_stoppingTime86400.00,3372311.0,43805.58697949219
989,ails2_etaMax1.000_stoppingTime86400.00,3371947.0,43847.69297949219
990,ails2_etaMax1.000_stoppingTime86400.00,3371481.0,43920.57897949219
991,ails2_etaMax1.000_stoppingTime86400.00,3371129.0,43967.14597949219
992,ails2_etaMax1.000_stoppingTime86400.00,3370781.0,44015.30597949219
993,ails2_eoh_omega2,3357567.0,44234.71597949219
994,ails2_eoh_omega2,3357563.0,44235.62997949219
995,ails2_eoh_omega2,3357537.0,44309.651979492184
996,ails2_eoh_acc_large,3357403.0,44807.403979492185
997,ails2_etaMax0.010_stoppingTime172800.00,3357736.0,45367.748979492186
998,ails2_etaMax0.010_stoppingTime172800.00,3357706.0,45394.750979492186
999,ails2_eoh_acc_large,3357401.0,45513.01297949219
1000,ails2_etaMax1.000_stoppingTime86400.00,3370767.0,45880.839979492186
1001,ails2_etaMax0.010_stoppingTime172800.00,3357704.0,45893.157979492185
1002,ails2_etaMax0.010_stoppingTime172800.00,3357696.0,45900.62897949219
1003,ails2_etaMax0.010_stoppingTime172800.00,3357688.0,46074.25597949219
1004,ails2_eoh_acc_large,3357400.0,46080.890979492186
1005,ails2_etaMax0.010_stoppingTime172800.00,3357678.0,46076.40497949219
1006,ails2_etaMax0.010_stoppingTime172800.00,3357674.0,46248.634979492184
1007,ails2_eoh_acc_large,3357399.0,46255.80497949219
1008,ails2_etaMax0.010_stoppingTime172800.00,3357671.0,46249.659979492186
1009,ails2_etaMax1.000_stoppingTime86400.00,3370755.0,46410.000979492186
1010,ails2_etaMax1.000_stoppingTime86400.00,3370421.0,46433.59597949219
1011,ails2_etaMax1.000_stoppingTime86400.00,3370393.0,46550.839979492186
1012,ails2_etaMax1.000_stoppingTime86400.00,3370155.0,46568.447979492186
1013,ails2_etaMax1.000_stoppingTime86400.00,3370144.0,46768.21697949219
1014,ails2_etaMax1.000_stoppingTime86400.00,3369933.0,46826.52097949219
1015,ails2_etaMax1.000_stoppingTime86400.00,3369650.0,46865.564979492185
1016,ails2_eoh_acc_large,3357396.0,47066.42397949219
1017,ails2_eoh_omega2,3357536.0,47073.62897949219
1018,ails2_etaMax1.000_stoppingTime86400.00,3369638.0,47093.676979492186
1019,ails2_eoh_omega2,3357504.0,47112.23997949219
1020,ails2_etaMax1.000_stoppingTime86400.00,3369602.0,47097.221979492184
1021,ails2_eoh_omega2,3357459.0,47154.837979492186
1022,ails2_etaMax1.000_stoppingTime86400.00,3369517.0,47191.92397949219
1023,ails2_etaMax1.000_stoppingTime86400.00,3369440.0,47259.25897949219
1024,ails2_etaMax1.000_stoppingTime86400.00,3369438.0,47351.956979492184
1025,ails2_eoh_acc_large,3357394.0,47388.79097949219
1026,ails2_etaMax1.000_stoppingTime86400.00,3369373.0,47360.57797949219
1027,ails2_eoh_acc_large,3357393.0,47406.59097949219
1028,ails2_etaMax1.000_stoppingTime86400.00,3369355.0,47592.530979492185
1029,ails2_etaMax1.000_stoppingTime86400.00,3369253.0,47607.84797949219
1030,ails2_eoh_acc_large,3357392.0,47740.44697949219
1031,ails2_eoh_omega2,3357457.0,47793.837979492186
1032,ails2_eoh_omega2,3357449.0,47852.471979492184
1033,ails2_eoh_omega2,3357425.0,47905.721979492184
1034,ails2_eoh_acc_large,3357391.0,47939.95297949219
1035,ails2_eoh_omega2,3357398.0,47954.428979492186
1036,ails2_eoh_omega2,3357396.0,48085.45097949219
1037,ails2_eoh_omega2,3357387.0,48095.94697949219
1038,ails2_etaMax1.000_stoppingTime86400.00,3369244.0,48167.75197949219
1039,ails2_eoh_acc_large,3357379.0,48181.261979492185
1040,ails2_etaMax1.000_stoppingTime86400.00,3368937.0,48211.16297949219
1041,ails2_eoh_acc_large,3357372.0,48222.80097949219
1042,ails2_etaMax1.000_stoppingTime86400.00,3368910.0,48332.87697949219
1043,ails2_etaMax1.000_stoppingTime86400.00,3368761.0,48363.21697949219
1044,ails2_etaMax1.000_stoppingTime86400.00,3368733.0,48423.233979492186
1045,ails2_etaMax1.000_stoppingTime86400.00,3368563.0,48507.48797949219
1046,ails2_eoh_acc_large,3357370.0,48683.24597949219
1047,ails2_eoh_acc_large,3357364.0,49049.460979492185
1048,ails2_eoh_acc_large,3357361.0,49093.242979492185
1049,ails2_eoh_acc_large,3357360.0,49169.46997949219
1050,ails2_eoh_acc_large,3357359.0,49357.428979492186
1051,ails2_eoh_acc_large,3357357.0,49411.56097949219
1052,ails2_etaMax1.000_stoppingTime86400.00,3368560.0,49432.587979492186
1053,ails2_etaMax1.000_stoppingTime86400.00,3368557.0,49432.888979492185
1054,HGS-TV,3357360.0,50170.93253207207
1055,ails2_etaMax1.000_stoppingTime86400.00,3368499.0,50692.45397949219
1056,ails2_etaMax1.000_stoppingTime86400.00,3368262.0,50700.45397949219
1057,ails2_eoh_omega2,3357384.0,50925.89897949219
1058,ails2_eoh_acc_large,3357354.0,50973.35997949219
1059,ails2_eoh_omega2,3357382.0,51020.81197949219
1060,ails2_eoh_omega2,3357340.0,51034.27097949219
1061,ails2_eoh_omega2,3357337.0,51253.95297949219
1062,ails2_eoh_acc_large,3357353.0,51263.98897949219
1063,ails2_eoh_omega2,3357328.0,51312.22497949219
1064,ails2_eoh_acc_large,3357346.0,51342.23097949219
1065,ails2_eoh_omega2,3357312.0,51326.94997949219
1066,ails2_eoh_omega2,3357307.0,51438.157979492185
1067,ails2_etaMax1.000_stoppingTime86400.00,3368257.0,51664.50897949219
1068,ails2_etaMax1.000_stoppingTime86400.00,3368103.0,51722.57797949219
1069,ails2_etaMax1.000_stoppingTime86400.00,3368087.0,51749.884979492184
1070,ails2_etaMax1.000_stoppingTime86400.00,3367904.0,51831.48897949219
1071,ails2_eoh_omega2,3357302.0,51944.352979492185
1072,ails2_eoh_omega2,3357290.0,51946.05897949219
1073,ails2_eoh_acc_large,3357345.0,52058.142979492186
1074,ails2_eoh_omega2,3357288.0,52083.92397949219
1075,ails2_eoh_omega2,3357274.0,52104.41297949219
1076,ails2_etaMax1.000_stoppingTime86400.00,3367902.0,52171.56397949219
1077,ails2_etaMax1.000_stoppingTime86400.00,3367849.0,52230.18397949219
1078,ails2_etaMax1.000_stoppingTime86400.00,3367809.0,52269.79897949219
1079,ails2_etaMax1.000_stoppingTime86400.00,3367803.0,52375.56997949219
1080,ails2_etaMax1.000_stoppingTime86400.00,3367487.0,52424.33297949219
1081,ails2_eoh_acc_large,3357344.0,52455.39197949219
1082,ails2_etaMax1.000_stoppingTime86400.00,3367476.0,52721.30697949219
1083,ails2_etaMax1.000_stoppingTime86400.00,3367418.0,52725.91297949219
1084,ails2_eoh_acc_large,3357342.0,52842.142979492186
1085,ails2_etaMax1.000_stoppingTime86400.00,3367397.0,52975.04897949219
1086,ails2_etaMax1.000_stoppingTime86400.00,3367066.0,53004.299979492185
1087,ails2_etaMax1.000_stoppingTime86400.00,3366977.0,53090.52197949219
1088,ails2_etaMax1.000_stoppingTime86400.00,3366756.0,53148.45197949219
1089,ails2_eoh_acc_large,3357341.0,53351.06197949219
1090,ails2_eoh_acc_large,3357340.0,53423.03997949219
1091,ails2_etaMax0.010_stoppingTime172800.00,3357669.0,53476.81097949219
1092,ails2_etaMax1.000_stoppingTime86400.00,3366752.0,53532.69897949219
1093,ails2_etaMax0.010_stoppingTime172800.00,3357655.0,53499.16097949219
1094,ails2_etaMax1.000_stoppingTime86400.00,3366522.0,53575.017979492186
1095,ails2_etaMax0.010_stoppingTime172800.00,3357651.0,53615.244979492185
1096,ails2_etaMax1.000_stoppingTime86400.00,3366514.0,53647.43697949219
1097,ails2_etaMax0.010_stoppingTime172800.00,3357609.0,53668.51497949219
1098,ails2_etaMax1.000_stoppingTime86400.00,3366220.0,53705.21797949219
1099,ails2_etaMax0.010_stoppingTime172800.00,3357546.0,53731.731979492186
1100,ails2_etaMax1.000_stoppingTime86400.00,3366190.0,53784.11497949219
1101,ails2_etaMax1.000_stoppingTime86400.00,3366124.0,53796.833979492185
1102,ails2_etaMax1.000_stoppingTime86400.00,3366118.0,54374.11397949219
1103,ails2_etaMax1.000_stoppingTime86400.00,3365834.0,54429.723979492184
1104,ails2_etaMax1.000_stoppingTime86400.00,3365833.0,54557.69697949219
1105,ails2_etaMax1.000_stoppingTime86400.00,3365825.0,54558.86897949219
1106,ails2_etaMax1.000_stoppingTime86400.00,3365824.0,54823.59097949219
1107,ails2_etaMax1.000_stoppingTime86400.00,3365728.0,54841.498979492186
1108,ails2_etaMax1.000_stoppingTime86400.00,3365585.0,54900.50197949219
1109,ails2_etaMax1.000_stoppingTime86400.00,3365582.0,55037.97897949219
1110,ails2_etaMax1.000_stoppingTime86400.00,3365436.0,55097.76297949219
1111,ails2_etaMax0.010_stoppingTime172800.00,3357542.0,55143.43397949219
1112,ails2_etaMax1.000_stoppingTime86400.00,3365265.0,55138.45297949219
1113,ails2_etaMax0.010_stoppingTime172800.00,3357523.0,55170.45597949219
1114,ails2_etaMax0.010_stoppingTime172800.00,3357518.0,55230.382979492184
1115,ails2_etaMax0.010_stoppingTime172800.00,3357517.0,55305.32397949219
1116,ails2_etaMax0.010_stoppingTime172800.00,3357507.0,55332.86697949219
1117,ails2_etaMax1.000_stoppingTime86400.00,3365261.0,55434.20597949219
1118,ails2_etaMax1.000_stoppingTime86400.00,3365025.0,55491.63397949219
1119,ails2_etaMax1.000_stoppingTime86400.00,3364832.0,55507.88397949219
1120,ails2_etaMax1.000_stoppingTime86400.00,3364821.0,55599.793979492184
1121,ails2_etaMax1.000_stoppingTime86400.00,3364819.0,55699.13797949219
1122,ails2_etaMax1.000_stoppingTime86400.00,3364712.0,55758.138979492185
1123,ails2_etaMax1.000_stoppingTime86400.00,3364562.0,55779.246979492185
1124,ails2_etaMax1.000_stoppingTime86400.00,3364559.0,56193.36697949219
1125,ails2_etaMax1.000_stoppingTime86400.00,3364397.0,56231.79197949219
1126,ails2_etaMax1.000_stoppingTime86400.00,3364386.0,56406.01497949219
1127,ails2_etaMax1.000_stoppingTime86400.00,3364275.0,56439.829979492184
1128,ails2_etaMax1.000_stoppingTime86400.00,3364272.0,56668.15697949219
1129,ails2_etaMax1.000_stoppingTime86400.00,3363987.0,56695.06997949219
1130,ails2_etaMax1.000_stoppingTime86400.00,3363980.0,56877.59397949219
1131,ails2_etaMax1.000_stoppingTime86400.00,3363966.0,56936.83897949219
1132,ails2_etaMax1.000_stoppingTime86400.00,3363764.0,56972.401979492184
1133,ails2_eoh_omega2,3357269.0,57088.01697949219
1134,ails2_eoh_omega2,3357267.0,57088.32897949219
1135,ails2_eoh_omega2,3357266.0,57463.776979492184
1136,ails2_eoh_omega2,3357233.0,57496.14697949219
1137,ails2_etaMax1.000_stoppingTime86400.00,3363750.0,57639.62797949219
1138,ails2_etaMax1.000_stoppingTime86400.00,3363747.0,57639.79097949219
1139,ails2_etaMax1.000_stoppingTime86400.00,3363736.0,57977.585979492185
1140,ails2_etaMax1.000_stoppingTime86400.00,3363287.0,58035.93097949219
1141,ails2_etaMax1.000_stoppingTime86400.00,3363231.0,58089.39797949219
1142,ails2_etaMax1.000_stoppingTime86400.00,3363229.0,58103.30997949219
1143,ails2_eoh_omega2,3357232.0,58422.52497949219
1144,ails2_etaMax1.000_stoppingTime86400.00,3363223.0,58477.77197949219
1145,ails2_eoh_omega2,3357213.0,58453.89897949219
1146,ails2_etaMax1.000_stoppingTime86400.00,3362977.0,58533.71197949219
1147,ails2_etaMax1.000_stoppingTime86400.00,3362975.0,58567.79497949219
1148,ails2_eoh_omega2,3357212.0,58661.76097949219
1149,ails2_etaMax1.000_stoppingTime86400.00,3362973.0,58665.14197949219
1150,filo2,3357224.0,58712.79247045517
1151,ails2_eoh_omega2,3357192.0,58688.83497949219
1152,ails2_etaMax1.000_stoppingTime86400.00,3362914.0,58712.358979492186
1153,ails2_eoh_omega2,3357189.0,58824.09997949219
1154,ails2_etaMax1.000_stoppingTime86400.00,3362906.0,58838.193979492185
1155,ails2_eoh_omega2,3357185.0,58825.91697949219
1156,ails2_etaMax1.000_stoppingTime86400.00,3362905.0,58838.246979492185
1157,filo2,3357214.0,58947.45508360863
1158,filo2,3357213.0,59007.86864233017
1159,ails2_etaMax0.010_stoppingTime172800.00,3357504.0,59173.66997949219
1160,ails2_etaMax0.010_stoppingTime172800.00,3357462.0,59176.71197949219
1161,ails2_etaMax1.000_stoppingTime86400.00,3362904.0,59349.926979492186
1162,ails2_etaMax1.000_stoppingTime86400.00,3362870.0,59392.57597949219
1163,ails2_etaMax1.000_stoppingTime86400.00,3362733.0,59462.674979492185
1164,ails2_etaMax1.000_stoppingTime86400.00,3362729.0,59699.000979492186
1165,ails2_etaMax1.000_stoppingTime86400.00,3362585.0,59704.38997949219
1166,ails2_etaMax1.000_stoppingTime86400.00,3362491.0,59812.979979492186
1167,ails2_etaMax0.010_stoppingTime172800.00,3357460.0,59872.267979492186
1168,ails2_etaMax1.000_stoppingTime86400.00,3362443.0,59880.74597949219
1169,ails2_etaMax0.010_stoppingTime172800.00,3357452.0,59874.545979492184
1170,ails2_etaMax1.000_stoppingTime86400.00,3362302.0,59925.494979492185
1171,ails2_etaMax0.010_stoppingTime172800.00,3357446.0,60040.37997949219
1172,ails2_etaMax0.010_stoppingTime172800.00,3357440.0,60063.04097949219
1173,ails2_etaMax0.010_stoppingTime172800.00,3357380.0,60158.42197949219
1174,ails2_eoh_acc,3357232.0,60283.90497949219
1175,ails2_eoh_acc,3357190.0,60340.13797949219
1176,ails2_eoh_acc,3357169.0,60377.858979492186
1177,ails2_etaMax0.010_stoppingTime172800.00,3357379.0,60449.65497949219
1178,ails2_eoh_acc,3357168.0,60469.500979492186
1179,ails2_etaMax0.010_stoppingTime172800.00,3357322.0,60458.14997949219
1180,ails2_eoh_acc,3357156.0,60530.382979492184
1181,ails2_eoh_acc,3357146.0,60584.51897949219
1182,ails2_etaMax0.010_stoppingTime172800.00,3357321.0,60595.10197949219
1183,ails2_eoh_acc,3357141.0,60654.227979492185
1184,ails2_etaMax0.010_stoppingTime172800.00,3357319.0,60664.93597949219
1185,ails2_eoh_acc,3357064.0,60712.765979492186
1186,ails2_etaMax0.010_stoppingTime172800.00,3357273.0,60722.80997949219
1187,ails2_eoh_acc,3357055.0,60754.74397949219
1188,ails2_etaMax1.000_stoppingTime86400.00,3362286.0,60795.11497949219
1189,ails2_eoh_acc,3357053.0,60811.352979492185
1190,ails2_etaMax1.000_stoppingTime86400.00,3362185.0,60848.91497949219
1191,ails2_eoh_acc,3357052.0,60875.21597949219
1192,ails2_etaMax1.000_stoppingTime86400.00,3362168.0,60879.587979492186
1193,ails2_eoh_acc,3357047.0,60952.20197949219
1194,ails2_etaMax1.000_stoppingTime86400.00,3361877.0,60977.29197949219
1195,ails2_eoh_acc,3357042.0,60978.68497949219
1196,ails2_etaMax1.000_stoppingTime86400.00,3361718.0,61039.208979492185
1197,ails2_eoh_acc,3357036.0,61062.56597949219
1198,ails2_etaMax1.000_stoppingTime86400.00,3361687.0,61039.50597949219
1199,ails2_eoh_acc,3357029.0,61128.93597949219
1200,ails2_eoh_acc,3357019.0,61253.54897949219
1201,ails2_eoh_acc,3357009.0,61284.09997949219
1202,ails2_eoh_acc,3357006.0,61358.18597949219
1203,ails2_eoh_acc,3357005.0,61418.73497949219
1204,ails2_eoh_acc,3357004.0,61489.23497949219
1205,ails2_eoh_acc,3357003.0,61676.60797949219
1206,ails2_eoh_acc,3357000.0,61766.89197949219
1207,ails2_eoh_acc,3356990.0,61796.16997949219
1208,ails2_eoh_acc,3356983.0,61881.55797949219
1209,ails2_eoh_acc,3356981.0,61939.765979492186
1210,ails2_eoh_acc,3356979.0,61994.46897949219
1211,ails2_etaMax1.000_stoppingTime86400.00,3361676.0,62034.831979492184
1212,ails2_eoh_acc,3356973.0,62068.458979492185
1213,ails2_etaMax1.000_stoppingTime86400.00,3361457.0,62085.73497949219
1214,ails2_eoh_acc,3356971.0,62094.562979492184
1215,ails2_etaMax1.000_stoppingTime86400.00,3361450.0,62122.051979492186
1216,ails2_eoh_acc,3356969.0,62206.57797949219
1217,ails2_eoh_acc,3356952.0,62250.55997949219
1218,ails2_etaMax1.000_stoppingTime86400.00,3361449.0,62303.02197949219
1219,ails2_etaMax1.000_stoppingTime86400.00,3361434.0,62303.25497949219
1220,ails2_eoh_acc,3356950.0,62475.17797949219
1221,ails2_etaMax1.000_stoppingTime86400.00,3361408.0,62497.40297949219
1222,ails2_etaMax1.000_stoppingTime86400.00,3361350.0,62504.13397949219
1223,ails2_etaMax1.000_stoppingTime86400.00,3361176.0,62618.92997949219
1224,ails2_eoh_acc,3356948.0,62667.545979492184
1225,ails2_etaMax1.000_stoppingTime86400.00,3361022.0,62663.31597949219
1226,ails2_etaMax1.000_stoppingTime86400.00,3360972.0,62686.86297949219
1227,ails2_eoh_acc,3356947.0,62850.89997949219
1228,ails2_eoh_acc,3356940.0,62905.532979492185
1229,ails2_eoh_acc,3356938.0,62955.59097949219
1230,ails2_eoh_acc,3356936.0,63064.26697949219
1231,ails2_eoh_acc,3356933.0,63100.43897949219
1232,ails2_eoh_acc,3356929.0,63185.48497949219
1233,ails2_eoh_acc,3356924.0,63348.68697949219
1234,ails2_etaMax1.000_stoppingTime86400.00,3360965.0,63388.64597949219
1235,ails2_eoh_acc,3356923.0,63436.424979492185
1236,ails2_etaMax1.000_stoppingTime86400.00,3360950.0,63389.38597949219
1237,ails2_eoh_acc,3356919.0,63513.687979492184
1238,ails2_eoh_omega2,3357184.0,63812.94997949219
1239,ails2_eoh_omega2,3357182.0,63814.48997949219
1240,ails2_eoh_acc,3356918.0,63925.153979492185
1241,ails2_eoh_acc,3356917.0,64014.25197949219
1242,ails2_eoh_acc,3356914.0,64127.568979492185
1243,ails2_eoh_omega2,3357181.0,64133.06597949219
1244,ails2_eoh_acc,3356910.0,64138.104979492186
1245,ails2_eoh_omega2,3357175.0,64233.68497949219
1246,ails2_eoh_acc,3356901.0,64234.534979492186
1247,ails2_etaMax1.000_stoppingTime86400.00,3360949.0,64269.27297949219
1248,ails2_eoh_omega2,3357150.0,64272.56197949219
1249,ails2_eoh_acc,3356900.0,64269.54297949219
1250,ails2_etaMax1.000_stoppingTime86400.00,3360832.0,64295.90297949219
1251,ails2_eoh_omega2,3357124.0,64317.18897949219
1252,ails2_etaMax1.000_stoppingTime86400.00,3360790.0,64370.12497949219
1253,ails2_eoh_acc,3356896.0,64465.46997949219
1254,ails2_eoh_acc,3356895.0,64663.28997949219
1255,ails2_eoh_acc,3356877.0,64710.96197949219
1256,ails2_eoh_acc,3356870.0,64767.98097949219
1257,ails2_eoh_omega2,3357123.0,64801.61297949219
1258,ails2_etaMax1.000_stoppingTime86400.00,3360782.0,64836.35597949219
1259,ails2_eoh_acc,3356868.0,64829.52997949219
1260,ails2_eoh_omega2,3357069.0,64845.30797949219
1261,ails2_etaMax1.000_stoppingTime86400.00,3360779.0,64836.447979492186
1262,ails2_eoh_acc,3356867.0,64935.02597949219
1263,ails2_eoh_omega2,3357068.0,64935.123979492186
1264,ails2_etaMax1.000_stoppingTime86400.00,3360750.0,64946.57897949219
1265,ails2_eoh_omega2,3357066.0,64935.403979492185
1266,ails2_eoh_acc,3356865.0,64978.32597949219
1267,ails2_etaMax1.000_stoppingTime86400.00,3360692.0,65010.73297949219
1268,ails2_etaMax1.000_stoppingTime86400.00,3360636.0,65046.352979492185
1269,ails2_etaMax1.000_stoppingTime86400.00,3360627.0,65083.35997949219
1270,ails2_eoh_acc,3356861.0,65160.32397949219
1271,ails2_eoh_acc,3356855.0,65165.33697949219
1272,ails2_etaMax1.000_stoppingTime86400.00,3360625.0,65286.59197949219
1273,ails2_eoh_acc,3356834.0,65315.40097949219
1274,ails2_etaMax1.000_stoppingTime86400.00,3360589.0,65319.693979492185
1275,ails2_eoh_acc,3356833.0,65393.82697949219
1276,ails2_etaMax0.010_stoppingTime172800.00,3357271.0,65398.82497949219
1277,ails2_etaMax1.000_stoppingTime86400.00,3360447.0,65407.820979492186
1278,ails2_etaMax0.010_stoppingTime172800.00,3357269.0,65399.31397949219
1279,ails2_etaMax1.000_stoppingTime86400.00,3360306.0,65468.28897949219
1280,ails2_eoh_acc,3356832.0,65513.23897949219
1281,ails2_eoh_omega2,3357064.0,65517.337979492186
1282,ails2_etaMax1.000_stoppingTime86400.00,3360260.0,65497.73497949219
1283,ails2_eoh_omega2,3357030.0,65536.78597949218
1284,ails2_eoh_acc,3356831.0,65582.25597949218
1285,ails2_eoh_acc,3356828.0,65632.52597949219
1286,ails2_etaMax1.000_stoppingTime86400.00,3360257.0,65671.9669794922
1287,ails2_etaMax1.000_stoppingTime86400.00,3360202.0,65705.23797949219
1288,ails2_eoh_acc,3356827.0,65738.15197949219
1289,ails2_eoh_acc,3356817.0,65762.3459794922
1290,ails2_etaMax0.010_stoppingTime172800.00,3357268.0,66166.09797949219
1291,ails2_etaMax0.010_stoppingTime172800.00,3357247.0,66185.0239794922
1292,ails2_etaMax1.000_stoppingTime86400.00,3360198.0,66364.57897949219
1293,ails2_etaMax1.000_stoppingTime86400.00,3360101.0,66418.71497949219
1294,ails2_etaMax0.010_stoppingTime172800.00,3357245.0,66451.52097949218
1295,ails2_etaMax1.000_stoppingTime86400.00,3360089.0,66497.56997949218
1296,ails2_etaMax0.010_stoppingTime172800.00,3357205.0,66462.95397949219
1297,ails2_etaMax1.000_stoppingTime86400.00,3359911.0,66558.0429794922
1298,ails2_etaMax1.000_stoppingTime86400.00,3359906.0,66630.63097949218
1299,ails2_etaMax1.000_stoppingTime86400.00,3359895.0,66657.19897949218
1300,ails2_eoh_omega2,3357029.0,66706.9329794922
1301,ails2_eoh_omega2,3357013.0,66760.76197949219
1302,ails2_eoh_acc,3356816.0,66816.04797949218
1303,ails2_etaMax0.010_stoppingTime172800.00,3357201.0,66821.2359794922
1304,ails2_etaMax0.010_stoppingTime172800.00,3357198.0,66822.93897949219
1305,ails2_etaMax1.000_stoppingTime86400.00,3359886.0,67097.89997949218
1306,ails2_etaMax1.000_stoppingTime86400.00,3359766.0,67138.84097949219
1307,ails2_eoh_omega2,3357012.0,67185.40197949219
1308,ails2_eoh_acc,3356795.0,67204.02597949219
1309,ails2_etaMax1.000_stoppingTime86400.00,3359737.0,67174.21897949219
1310,ails2_eoh_omega2,3356955.0,67236.16597949219
1311,ails2_eoh_omega2,3356936.0,67287.11997949218
1312,ails2_etaMax0.010_stoppingTime172800.00,3357197.0,67322.81497949219
1313,ails2_eoh_acc,3356794.0,67341.81397949219
1314,ails2_etaMax0.010_stoppingTime172800.00,3357189.0,67379.10597949219
1315,ails2_eoh_acc,3356789.0,67418.84397949219
1316,ails2_etaMax0.010_stoppingTime172800.00,3357178.0,67387.6829794922
1317,ails2_eoh_acc,3356786.0,67562.9139794922
1318,ails2_etaMax1.000_stoppingTime86400.00,3359731.0,67650.9669794922
1319,ails2_etaMax1.000_stoppingTime86400.00,3359708.0,67670.06797949219
1320,ails2_etaMax0.010_stoppingTime172800.00,3357171.0,67748.02097949218
1321,ails2_etaMax1.000_stoppingTime86400.00,3359590.0,67752.0919794922
1322,ails2_eoh_acc,3356784.0,67773.72897949218
1323,ails2_etaMax0.010_stoppingTime172800.00,3357140.0,67778.8569794922
1324,ails2_eoh_acc,3356783.0,67903.12697949218
1325,ails2_eoh_acc,3356782.0,67958.40797949219
1326,ails2_eoh_acc,3356781.0,68023.18197949219
1327,ails2_etaMax0.010_stoppingTime172800.00,3357130.0,68083.57497949219
1328,ails2_etaMax0.010_stoppingTime172800.00,3357112.0,68093.81397949219
1329,ails2_eoh_acc,3356780.0,68152.74997949219
1330,ails2_eoh_acc,3356778.0,68213.51497949219
1331,ails2_eoh_acc,3356777.0,68640.1449794922
1332,ails2_eoh_acc,3356776.0,68641.4629794922
1333,ails2_eoh_omega2,3356935.0,68717.34497949219
1334,ails2_eoh_acc,3356773.0,68763.66597949219
1335,ails2_eoh_omega2,3356898.0,68727.51397949219
1336,ails2_etaMax1.000_stoppingTime86400.00,3359587.0,68845.83997949219
1337,ails2_etaMax1.000_stoppingTime86400.00,3359533.0,68906.22597949218
1338,ails2_eoh_omega2,3356893.0,68959.71497949219
1339,ails2_etaMax1.000_stoppingTime86400.00,3359462.0,68967.20497949219
1340,ails2_eoh_acc,3356746.0,68990.79397949218
1341,ails2_eoh_omega2,3356868.0,69004.49597949219
1342,ails2_etaMax1.000_stoppingTime86400.00,3359448.0,68995.73997949218
1343,ails2_eoh_acc,3356745.0,69034.76097949219
1344,ails2_eoh_omega2,3356856.0,69051.94497949218
1345,ails2_etaMax1.000_stoppingTime86400.00,3359382.0,69080.94097949218
1346,ails2_eoh_acc,3356744.0,69079.96897949219
1347,ails2_eoh_omega2,3356838.0,69111.44597949219
1348,ails2_etaMax0.010_stoppingTime172800.00,3357111.0,69164.41897949218
1349,ails2_eoh_omega2,3356834.0,69205.5159794922
1350,ails2_etaMax0.010_stoppingTime172800.00,3357100.0,69198.84097949219
1351,ails2_eoh_omega2,3356811.0,69206.5919794922
1352,ails2_eoh_acc,3356742.0,69297.58997949219
1353,ails2_etaMax1.000_stoppingTime86400.00,3359369.0,69331.1639794922
1354,ails2_eoh_acc,3356740.0,69395.7129794922
1355,filo2,3356776.0,69420.17093873024
1356,ails2_etaMax1.000_stoppingTime86400.00,3359367.0,69467.80697949219
1357,ails2_etaMax1.000_stoppingTime86400.00,3359289.0,69479.05697949219
1358,ails2_etaMax0.010_stoppingTime172800.00,3357094.0,69726.35197949219
1359,ails2_etaMax0.010_stoppingTime172800.00,3357083.0,69726.90197949219
1360,ails2_etaMax0.010_stoppingTime172800.00,3357082.0,69888.52097949218
1361,ails2_etaMax0.010_stoppingTime172800.00,3357049.0,69921.77697949219
1362,ails2_etaMax1.000_stoppingTime86400.00,3359288.0,69997.83597949219
1363,ails2_etaMax0.010_stoppingTime172800.00,3357024.0,69977.86997949218
1364,ails2_etaMax1.000_stoppingTime86400.00,3359236.0,70050.53797949219
1365,ails2_etaMax0.010_stoppingTime172800.00,3356992.0,70064.20597949218
1366,ails2_etaMax1.000_stoppingTime86400.00,3359075.0,70106.30597949219
1367,ails2_etaMax1.000_stoppingTime86400.00,3359073.0,70186.87697949218
1368,ails2_etaMax1.000_stoppingTime86400.00,3359047.0,70223.81697949219
1369,ails2_etaMax0.010_stoppingTime172800.00,3356990.0,70298.6979794922
1370,ails2_etaMax1.000_stoppingTime86400.00,3359018.0,70289.91697949219
1371,ails2_etaMax0.010_stoppingTime172800.00,3356986.0,70314.34097949219
1372,ails2_etaMax1.000_stoppingTime86400.00,3358961.0,70328.18797949218
1373,ails2_etaMax1.000_stoppingTime86400.00,3358928.0,70426.12097949219
1374,ails2_etaMax1.000_stoppingTime86400.00,3358871.0,70470.77897949218
1375,ails2_etaMax1.000_stoppingTime86400.00,3358802.0,70534.17797949219
1376,ails2_etaMax1.000_stoppingTime86400.00,3358799.0,70687.33597949219
1377,ails2_etaMax1.000_stoppingTime86400.00,3358694.0,70748.22497949218
1378,ails2_etaMax1.000_stoppingTime86400.00,3358687.0,70798.57097949219
1379,ails2_etaMax1.000_stoppingTime86400.00,3358642.0,70823.43097949219
1380,ails2_etaMax1.000_stoppingTime86400.00,3358633.0,71105.86197949218
1381,ails2_etaMax1.000_stoppingTime86400.00,3358616.0,71108.63097949218
1382,ails2_etaMax1.000_stoppingTime86400.00,3358612.0,71290.09997949218
1383,ails2_etaMax1.000_stoppingTime86400.00,3358540.0,71295.03697949219
1384,ails2_eoh_acc,3356738.0,71357.56497949219
1385,ails2_eoh_acc,3356736.0,71361.97597949218
1386,ails2_eoh_acc,3356731.0,71446.18197949219
1387,ails2_etaMax1.000_stoppingTime86400.00,3358535.0,71498.0769794922
1388,ails2_etaMax1.000_stoppingTime86400.00,3358469.0,71558.09297949218
1389,ails2_etaMax1.000_stoppingTime86400.00,3358427.0,71573.4819794922
1390,ails2_eoh_acc,3356730.0,71672.36797949219
1391,ails2_etaMax1.000_stoppingTime86400.00,3358373.0,71656.68897949219
1392,ails2_etaMax1.000_stoppingTime86400.00,3358337.0,71734.94497949218
1393,ails2_etaMax1.000_stoppingTime86400.00,3358319.0,71789.66097949218
1394,ails2_eoh_acc,3356719.0,71876.4519794922
1395,ails2_etaMax1.000_stoppingTime86400.00,3358318.0,72012.78297949219
1396,ails2_etaMax1.000_stoppingTime86400.00,3358300.0,72013.72597949218
1397,ails2_eoh_omega2,3356808.0,72287.08597949219
1398,ails2_eoh_omega2,3356753.0,72338.99697949219
1399,ails2_eoh_omega2,3356744.0,72398.99397949218
1400,ails2_eoh_omega2,3356722.0,72416.55597949219
1401,ails2_eoh_acc,3356717.0,72598.5579794922
1402,ails2_etaMax1.000_stoppingTime86400.00,3358249.0,72676.82097949219
1403,ails2_etaMax0.010_stoppingTime172800.00,3356983.0,72694.41197949219
1404,ails2_etaMax1.000_stoppingTime86400.00,3358235.0,72678.72497949218
1405,ails2_etaMax0.010_stoppingTime172800.00,3356929.0,72741.42597949218
1406,ails2_eoh_omega2,3356716.0,72794.05497949218
1407,ails2_etaMax0.010_stoppingTime172800.00,3356896.0,72811.88597949219
1408,ails2_eoh_omega2,3356715.0,72798.46897949219
1409,ails2_etaMax1.000_stoppingTime86400.00,3358226.0,72900.31997949218
1410,ails2_eoh_omega2,3356664.0,72901.62897949219
1411,ails2_etaMax1.000_stoppingTime86400.00,3358205.0,72920.7169794922
1412,ails2_eoh_acc,3356716.0,73008.70697949218
1413,ails2_eoh_acc,3356715.0,73219.06197949218
1414,ails2_etaMax1.000_stoppingTime86400.00,3358204.0,73249.44097949218
1415,ails2_eoh_acc,3356711.0,73293.56197949218
1416,ails2_etaMax1.000_stoppingTime86400.00,3358127.0,73279.86297949219
1417,ails2_etaMax1.000_stoppingTime86400.00,3358126.0,73531.32897949219
1418,ails2_etaMax1.000_stoppingTime86400.00,3358098.0,73571.03797949219
1419,ails2_eoh_acc,3356710.0,73756.49197949219
1420,ails2_etaMax1.000_stoppingTime86400.00,3358094.0,73818.9099794922
1421,ails2_etaMax1.000_stoppingTime86400.00,3358054.0,73849.63497949218
1422,ails2_etaMax1.000_stoppingTime86400.00,3358050.0,73941.56497949219
1423,ails2_etaMax1.000_stoppingTime86400.00,3357960.0,73998.56997949218
1424,ails2_etaMax1.000_stoppingTime86400.00,3357896.0,74020.1939794922
1425,ails2_etaMax0.010_stoppingTime172800.00,3356894.0,74301.77697949219
1426,ails2_etaMax0.010_stoppingTime172800.00,3356888.0,74307.62097949219
1427,ails2_etaMax0.010_stoppingTime172800.00,3356875.0,74421.2929794922
1428,ails2_eoh_acc,3356706.0,74428.95497949219
1429,ails2_etaMax0.010_stoppingTime172800.00,3356870.0,74446.74797949218
1430,ails2_etaMax1.000_stoppingTime86400.00,3357889.0,74579.1409794922
1431,ails2_eoh_acc,3356705.0,74608.67497949219
1432,ails2_etaMax1.000_stoppingTime86400.00,3357834.0,74618.52597949219
1433,ails2_eoh_omega2,3356663.0,74640.97997949219
1434,ails2_eoh_omega2,3356627.0,74670.81297949218
1435,ails2_etaMax1.000_stoppingTime86400.00,3357829.0,74713.22797949219
1436,ails2_etaMax1.000_stoppingTime86400.00,3357647.0,74773.44997949219
1437,ails2_etaMax1.000_stoppingTime86400.00,3357598.0,74809.8379794922
1438,ails2_etaMax1.000_stoppingTime86400.00,3357555.0,74878.32197949219
1439,ails2_etaMax1.000_stoppingTime86400.00,3357517.0,74934.21097949219
1440,ails2_etaMax1.000_stoppingTime86400.00,3357515.0,75044.65697949218
1441,ails2_etaMax1.000_stoppingTime86400.00,3357461.0,75065.57197949219
1442,ails2_etaMax1.000_stoppingTime86400.00,3357457.0,75175.57497949219
1443,ails2_etaMax1.000_stoppingTime86400.00,3357423.0,75214.29997949219
1444,ails2_eoh_acc,3356700.0,75348.90097949219
1445,ails2_eoh_omega2,3356625.0,75585.9859794922
1446,ails2_eoh_omega2,3356617.0,75589.51097949219
1447,ails2_etaMax1.000_stoppingTime86400.00,3357418.0,75785.28997949218
1448,ails2_etaMax1.000_stoppingTime86400.00,3357410.0,75789.32597949219
1449,ails2_eoh_omega2,3356615.0,75859.48097949219
1450,ails2_etaMax1.000_stoppingTime86400.00,3357348.0,75893.61597949218
1451,ails2_eoh_omega2,3356606.0,75864.56497949219
1452,ails2_etaMax1.000_stoppingTime86400.00,3357345.0,76270.5539794922
1453,ails2_etaMax1.000_stoppingTime86400.00,3357260.0,76315.23297949218
1454,filo2,3356587.0,76725.12661647797
1455,ails2_etaMax1.000_stoppingTime86400.00,3357258.0,76905.55697949219
1456,ails2_etaMax1.000_stoppingTime86400.00,3357205.0,76939.48497949219
1457,ails2_etaMax0.010_stoppingTime172800.00,3356869.0,77047.22497949218
1458,ails2_etaMax0.010_stoppingTime172800.00,3356854.0,77050.39997949218
1459,ails2_etaMax1.000_stoppingTime86400.00,3357202.0,77165.7319794922
1460,ails2_etaMax0.010_stoppingTime172800.00,3356846.0,77171.17397949219
1461,ails2_etaMax1.000_stoppingTime86400.00,3357148.0,77173.13397949218
1462,ails2_etaMax0.010_stoppingTime172800.00,3356814.0,77187.53997949218
1463,ails2_etaMax0.010_stoppingTime172800.00,3356808.0,77320.61497949218
1464,ails2_etaMax0.010_stoppingTime172800.00,3356795.0,77352.73997949218
1465,ails2_etaMax1.000_stoppingTime86400.00,3357145.0,77563.66697949219
1466,ails2_etaMax1.000_stoppingTime86400.00,3357064.0,77594.1679794922
1467,ails2_etaMax1.000_stoppingTime86400.00,3357056.0,78207.50797949219
1468,ails2_etaMax1.000_stoppingTime86400.00,3357053.0,78209.61997949218
1469,ails2_etaMax1.000_stoppingTime86400.00,3357031.0,78280.0159794922
1470,ails2_etaMax1.000_stoppingTime86400.00,3357029.0,78490.2509794922
1471,ails2_etaMax1.000_stoppingTime86400.00,3357008.0,78505.83497949218
1472,ails2_etaMax1.000_stoppingTime86400.00,3357002.0,78619.58297949219
1473,ails2_etaMax1.000_stoppingTime86400.00,3356965.0,78639.46897949219
1474,ails2_etaMax0.010_stoppingTime172800.00,3356789.0,78757.25697949219
1475,ails2_etaMax0.010_stoppingTime172800.00,3356782.0,78785.63097949218
1476,ails2_etaMax0.010_stoppingTime172800.00,3356781.0,78892.8759794922
1477,ails2_etaMax0.010_stoppingTime172800.00,3356767.0,78904.81797949219
1478,ails2_etaMax1.000_stoppingTime86400.00,3356953.0,78954.14797949219
1479,ails2_etaMax0.010_stoppingTime172800.00,3356753.0,78961.60997949219
1480,ails2_etaMax1.000_stoppingTime86400.00,3356936.0,78959.89997949218
1481,ails2_etaMax1.000_stoppingTime86400.00,3356890.0,79074.77797949218
1482,ails2_etaMax1.000_stoppingTime86400.00,3356833.0,79114.0199794922
1483,ails2_etaMax1.000_stoppingTime86400.00,3356771.0,79184.22697949219
1484,ails2_etaMax0.010_stoppingTime172800.00,3356752.0,79567.66297949219
1485,ails2_etaMax0.010_stoppingTime172800.00,3356750.0,79568.11897949218
1486,ails2_etaMax0.010_stoppingTime172800.00,3356730.0,79678.61697949219
1487,ails2_etaMax0.010_stoppingTime172800.00,3356717.0,79707.4519794922
1488,ails2_etaMax1.000_stoppingTime86400.00,3356767.0,79817.37897949219
1489,ails2_etaMax1.000_stoppingTime86400.00,3356753.0,79818.72397949219
1490,ails2_etaMax0.010_stoppingTime172800.00,3356715.0,80748.74097949218
1491,ails2_etaMax0.010_stoppingTime172800.00,3356695.0,80755.80497949218
1492,ails2_etaMax1.000_stoppingTime86400.00,3356752.0,81284.27597949219
1493,ails2_etaMax1.000_stoppingTime86400.00,3356703.0,81345.12197949219
1494,ails2_etaMax1.000_stoppingTime86400.00,3356673.0,81348.18497949219
1495,ails2_etaMax1.000_stoppingTime86400.00,3356671.0,81440.21597949219
1496,ails2_etaMax1.000_stoppingTime86400.00,3356666.0,81793.83197949218
1497,ails2_etaMax1.000_stoppingTime86400.00,3356651.0,81800.03697949219
1498,ails2_etaMax1.000_stoppingTime86400.00,3356650.0,82035.43397949218
1499,ails2_etaMax1.000_stoppingTime86400.00,3356626.0,82094.79497949219
1500,ails2_etaMax1.000_stoppingTime86400.00,3356625.0,82275.1259794922
1501,ails2_etaMax1.000_stoppingTime86400.00,3356583.0,82300.93497949219
1502,ails2_etaMax0.010_stoppingTime172800.00,3356694.0,82633.17497949219
1503,ails2_etaMax0.010_stoppingTime172800.00,3356657.0,82663.98497949219
1504,ails2_etaMax1.000_stoppingTime86400.00,3356582.0,82799.97297949219
1505,ails2_etaMax1.000_stoppingTime86400.00,3356567.0,82852.96497949219
1506,ails2_etaMax1.000_stoppingTime86400.00,3356549.0,82883.96897949219
1507,ails2_etaMax1.000_stoppingTime86400.00,3356540.0,83760.8609794922
1508,ails2_etaMax1.000_stoppingTime86400.00,3356511.0,83794.48297949218
1509,ails2_etaMax1.000_stoppingTime86400.00,3356482.0,83874.43397949218
1510,ails2_etaMax1.000_stoppingTime86400.00,3356481.0,83949.28797949219
1511,filo2,3356532.0,84002.92299175262
1512,ails2_etaMax1.000_stoppingTime86400.00,3356467.0,83954.85497949219
1513,ails2_etaMax1.000_stoppingTime86400.00,3356440.0,84032.76397949219
1514,ails2_etaMax1.000_stoppingTime86400.00,3356390.0,84108.9859794922
1515,filo2,3356524.0,84581.21728944778
1516,filo2,3356522.0,84641.37183356285
1517,ails2_etaMax1.000_stoppingTime86400.00,3356389.0,84644.06597949218
1518,ails2_etaMax1.000_stoppingTime86400.00,3356340.0,84655.38297949219
1519,filo2,3356519.0,84765.21306967735
1520,ails2_etaMax1.000_stoppingTime86400.00,3356336.0,84797.97797949219
1521,ails2_eoh_acc,3356548.0,84822.07897949219
1522,ails2_etaMax0.010_stoppingTime172800.00,3356654.0,84825.14297949219
1523,ails2_etaMax1.000_stoppingTime86400.00,3356314.0,84857.20397949219
1524,filo2,3356512.0,84881.59063744545
1525,ails2_eoh_acc,3356541.0,84869.51397949219
1526,ails2_etaMax0.010_stoppingTime172800.00,3356615.0,84885.56697949219
1527,ails2_etaMax1.000_stoppingTime86400.00,3356310.0,84858.54097949219
1528,ails2_eoh_acc,3356534.0,84937.40697949218
1529,filo2,3356510.0,84945.09916234016
1530,ails2_etaMax0.010_stoppingTime172800.00,3356591.0,84947.19597949219
1531,ails2_eoh_acc,3356523.0,84998.75897949218
1532,filo2,3356509.0,85006.98195910454
1533,ails2_etaMax0.010_stoppingTime172800.00,3356580.0,84949.11697949219
1534,ails2_eoh_acc,3356495.0,85036.72997949219
1535,filo2,3356507.0,85068.51098299026
1536,ails2_etaMax0.010_stoppingTime172800.00,3356569.0,85053.32197949219
1537,ails2_eoh_acc,3356459.0,85111.6069794922
1538,filo2,3356506.0,85129.42422151566
1539,ails2_etaMax1.000_stoppingTime86400.00,3356309.0,85175.38797949218
1540,ails2_eoh_acc,3356447.0,85157.9519794922
1541,ails2_etaMax1.000_stoppingTime86400.00,3356301.0,85232.57097949219
1542,ails2_eoh_acc,3356433.0,85229.4139794922
1543,ails2_etaMax1.000_stoppingTime86400.00,3356295.0,85289.03097949219
1544,ails2_eoh_acc,3356429.0,85308.52597949219
1545,ails2_etaMax1.000_stoppingTime86400.00,3356294.0,85358.8569794922
1546,ails2_eoh_acc,3356420.0,85360.3569794922
1547,ails2_etaMax1.000_stoppingTime86400.00,3356258.0,85392.1449794922
1548,ails2_eoh_acc,3356395.0,85415.5919794922
1549,ails2_etaMax1.000_stoppingTime86400.00,3356255.0,85425.80997949219
1550,ails2_eoh_acc,3356390.0,85478.76797949219
1551,ails2_eoh_acc,3356388.0,85498.3419794922
1552,filo2,3356505.0,85580.06443333626
1553,ails2_eoh_acc,3356385.0,85595.03997949218
1554,ails2_etaMax1.000_stoppingTime86400.00,3356254.0,85625.12497949219
1555,ails2_eoh_acc,3356378.0,85630.26397949219
1556,ails2_etaMax0.010_stoppingTime172800.00,3356568.0,85705.75397949219
1557,ails2_etaMax1.000_stoppingTime86400.00,3356253.0,85732.42297949218
1558,filo2,3356502.0,85745.98489904404
1559,ails2_etaMax0.010_stoppingTime172800.00,3356562.0,85718.60897949219
1560,ails2_etaMax1.000_stoppingTime86400.00,3356220.0,85773.55697949219
1561,ails2_eoh_acc,3356368.0,85815.26897949219
1562,ails2_etaMax0.010_stoppingTime172800.00,3356538.0,85806.40597949219
1563,ails2_eoh_acc,3356350.0,85873.24697949219
1564,ails2_etaMax0.010_stoppingTime172800.00,3356506.0,85868.21097949219
1565,ails2_eoh_acc,3356348.0,85933.90697949218
1566,ails2_eoh_acc,3356347.0,85963.21197949219
1567,ails2_eoh_omega2,3356605.0,86034.77297949219
1568,ails2_eoh_acc,3356331.0,86088.10897949219
1569,ails2_eoh_omega2,3356584.0,86072.81197949218
1570,ails2_eoh_acc,3356330.0,86126.52997949219
1571,ails2_eoh_acc,3356329.0,86151.5959794922
1572,ails2_eoh_acc,3356325.0,86253.49797949218
1573,ails2_eoh_acc,3356321.0,86348.9099794922
1574,ails2_eoh_omega2,3356582.0,87726.4179794922
1575,ails2_eoh_omega2,3356573.0,87849.71797949218
1576,ails2_eoh_omega2,3356523.0,87906.64697949219
1577,ails2_etaMax0.010_stoppingTime172800.00,3356504.0,91151.88097949218
1578,ails2_etaMax0.010_stoppingTime172800.00,3356478.0,91185.32397949218
1579,ails2_etaMax0.010_stoppingTime172800.00,3356474.0,91244.23797949219
1580,ails2_etaMax0.010_stoppingTime172800.00,3356456.0,91285.37897949219
1581,ails2_eoh_omega2,3356522.0,91525.88297949219
1582,ails2_eoh_omega2,3356428.0,91574.9629794922
1583,ails2_eoh_omega2,3356427.0,91718.88597949219
1584,ails2_eoh_omega2,3356357.0,91766.81297949218
1585,ails2_eoh_omega2,3356353.0,92227.99697949219
1586,ails2_eoh_omega2,3356293.0,92237.41997949219
1587,ails2_etaMax0.010_stoppingTime172800.00,3356455.0,97909.78697949219
1588,ails2_etaMax0.010_stoppingTime172800.00,3356445.0,97915.91097949218
1589,ails2_etaMax0.010_stoppingTime172800.00,3356444.0,98269.10497949219
1590,ails2_etaMax0.010_stoppingTime172800.00,3356424.0,98277.27197949219
1591,ails2_etaMax0.010_stoppingTime172800.00,3356422.0,98733.7849794922
1592,ails2_etaMax0.010_stoppingTime172800.00,3356416.0,98736.09897949219
1593,ails2_eoh_omega2,3356292.0,101486.26397949219
1594,ails2_eoh_omega2,3356267.0,101536.4329794922
1595,ails2_etaMax0.010_stoppingTime172800.00,3356415.0,102651.78197949218
1596,ails2_etaMax0.010_stoppingTime172800.00,3356362.0,102711.51797949219
1597,ails2_etaMax0.010_stoppingTime172800.00,3356328.0,102763.37097949219
1598,ails2_eoh_omega2,3356265.0,104324.30197949219
1599,ails2_etaMax0.010_stoppingTime172800.00,3356326.0,104399.26497949219
1600,ails2_etaMax0.010_stoppingTime172800.00,3356317.0,104400.61497949218
1601,HGS-TV,3356103.0,106596.60190820694
1602,ails2_etaMax0.010_stoppingTime172800.00,3356314.0,106637.01897949219
1603,ails2_etaMax0.010_stoppingTime172800.00,3356288.0,106650.23497949219
1604,ails2_eoh_omega2,3356263.0,108329.62197949219
1605,ails2_eoh_omega2,3356255.0,108330.67097949219
1606,ails2_eoh_omega2,3356250.0,108428.71497949219
1607,ails2_eoh_omega2,3356240.0,108767.4819794922
1608,ails2_eoh_omega2,3356222.0,108772.12097949219
1609,ails2_eoh_omega2,3356220.0,111143.62797949219
1610,ails2_eoh_omega2,3356192.0,111147.77597949219
1611,ails2_eoh_omega2,3356190.0,111765.6489794922
1612,ails2_eoh_omega2,3356173.0,111797.4819794922
1613,ails2_eoh_omega2,3356172.0,112149.85197949219
1614,ails2_eoh_omega2,3356151.0,112152.44197949219
1615,ails2_eoh_omega2,3356149.0,112644.23997949218
1616,ails2_eoh_omega2,3356145.0,112649.65797949219
1617,ails2_eoh_omega2,3356143.0,113044.89997949218
1618,ails2_eoh_omega2,3356119.0,113077.03397949219
1619,ails2_eoh_omega2,3356116.0,113359.37797949219
1620,ails2_eoh_omega2,3356104.0,113401.26097949219
1621,ails2_eoh_omega2,3356101.0,113881.15897949219
1622,ails2_eoh_omega2,3356100.0,113882.2739794922
1623,ails2_etaMax0.010_stoppingTime172800.00,3356286.0,114017.06597949218
1624,ails2_etaMax0.010_stoppingTime172800.00,3356250.0,114077.88797949218
1625,ails2_eoh_omega2,3356097.0,114658.23797949219
1626,ails2_eoh_omega2,3356049.0,114712.92397949219
1627,filo2,3356031.0,116102.4268257618
1628,ails2_etaMax0.010_stoppingTime172800.00,3356246.0,116526.4519794922
1629,ails2_etaMax0.010_stoppingTime172800.00,3356238.0,116534.15197949219
1630,ails2_etaMax0.010_stoppingTime172800.00,3356237.0,118305.25297949219
1631,ails2_etaMax0.010_stoppingTime172800.00,3356229.0,118306.15597949219
1632,ails2_etaMax0.010_stoppingTime172800.00,3356228.0,118536.66097949218
1633,ails2_etaMax0.010_stoppingTime172800.00,3356224.0,118787.33397949219
1634,ails2_etaMax0.010_stoppingTime172800.00,3356208.0,118793.16097949218
1635,ails2_eoh_omega2,3356048.0,119759.74097949218
1636,ails2_eoh_omega2,3356000.0,119813.36897949218
1637,ails2_eoh_omega2,3355998.0,119857.57797949218
1638,ails2_etaMax0.010_stoppingTime172800.00,3356199.0,119901.26097949219
1639,ails2_etaMax0.010_stoppingTime172800.00,3356182.0,119958.19097949218
1640,ails2_etaMax0.010_stoppingTime172800.00,3356179.0,119983.84697949218
1641,ails2_eoh_omega2,3355997.0,120099.63997949219
1642,ails2_eoh_omega2,3355985.0,120102.12497949219
1643,ails2_eoh_omega2,3355983.0,120448.51697949218
1644,ails2_eoh_omega2,3355957.0,120467.51097949219
1645,ails2_eoh_omega2,3355950.0,120756.47997949219
1646,ails2_eoh_omega2,3355934.0,120763.04897949219
1647,ails2_eoh_omega2,3355926.0,121387.28397949219
1648,ails2_eoh_omega2,3355923.0,121388.31997949218
1649,ails2_eoh_omega2,3355921.0,121728.12797949219
1650,ails2_eoh_omega2,3355909.0,121728.27197949219
1651,ails2_eoh_omega2,3355908.0,122045.65397949218
1652,ails2_eoh_omega2,3355907.0,122046.08197949218
1653,ails2_eoh_omega2,3355905.0,122126.73697949218
1654,ails2_eoh_omega2,3355903.0,122623.36397949219
1655,ails2_eoh_omega2,3355865.0,122649.80197949219
1656,filo2,3355881.0,123256.4677734375
1657,filo2,3355880.0,123317.20077300072
1658,filo2,3355878.0,123377.81580471992
1659,ails2_eoh_omega2,3355860.0,124258.45097949219
1660,ails2_eoh_omega2,3355857.0,124258.6259794922
1661,ails2_eoh_omega2,3355853.0,124593.75697949219
1662,ails2_eoh_omega2,3355819.0,124654.00397949219
1663,ails2_eoh_omega2,3355815.0,124654.56797949219
1664,ails2_etaMax0.010_stoppingTime172800.00,3356177.0,125250.49897949219
1665,ails2_etaMax0.010_stoppingTime172800.00,3356171.0,125254.47797949219
1666,ails2_eoh_omega2,3355814.0,125477.47797949219
1667,ails2_eoh_omega2,3355809.0,125478.2659794922
1668,ails2_eoh_omega2,3355808.0,125642.49997949219
1669,ails2_eoh_omega2,3355788.0,125686.82797949218
1670,ails2_eoh_omega2,3355774.0,125755.1109794922
1671,ails2_eoh_omega2,3355773.0,126110.0389794922
1672,ails2_etaMax0.010_stoppingTime172800.00,3356170.0,126647.47297949219
1673,ails2_etaMax0.010_stoppingTime172800.00,3356163.0,126660.27297949219
1674,ails2_etaMax0.010_stoppingTime172800.00,3356162.0,129137.63897949219
1675,ails2_etaMax0.010_stoppingTime172800.00,3356093.0,129179.25797949219
1676,ails2_eoh_omega2,3355769.0,129230.15197949219
1677,ails2_eoh_omega2,3355764.0,129242.2889794922
1678,ails2_eoh_omega2,3355763.0,129978.37397949219
1679,ails2_eoh_omega2,3355754.0,130023.42697949219
1680,ails2_eoh_omega2,3355745.0,130052.57897949219
1681,ails2_eoh_omega2,3355744.0,130165.83297949219
1682,ails2_eoh_omega2,3355725.0,130193.1449794922
1683,filo2,3355746.0,130546.29727053642
1684,filo2,3355744.0,130607.46185898781
1685,ails2_etaMax0.010_stoppingTime172800.00,3356092.0,131357.94897949218
1686,ails2_etaMax0.010_stoppingTime172800.00,3356086.0,131358.5749794922
1687,ails2_etaMax0.010_stoppingTime172800.00,3356084.0,131838.78097949218
1688,ails2_etaMax0.010_stoppingTime172800.00,3356078.0,131869.2299794922
1689,ails2_etaMax0.010_stoppingTime172800.00,3356077.0,132424.92797949217
1690,ails2_etaMax0.010_stoppingTime172800.00,3356074.0,132427.13897949219
1691,ails2_eoh_omega2,3355724.0,133202.10197949217
1692,ails2_etaMax0.010_stoppingTime172800.00,3356072.0,133461.5189794922
1693,ails2_etaMax0.010_stoppingTime172800.00,3356025.0,133521.34597949218
1694,ails2_etaMax0.010_stoppingTime172800.00,3356024.0,133587.5669794922
1695,ails2_etaMax0.010_stoppingTime172800.00,3356023.0,133610.3589794922
1696,ails2_eoh_omega2,3355722.0,135428.4319794922
1697,ails2_eoh_omega2,3355716.0,135431.9449794922
1698,ails2_eoh_omega2,3355715.0,136173.9539794922
1699,ails2_etaMax0.010_stoppingTime172800.00,3356019.0,136189.04497949217
1700,ails2_eoh_omega2,3355692.0,136194.6549794922
1701,ails2_etaMax0.010_stoppingTime172800.00,3356011.0,136193.18797949218
1702,ails2_etaMax0.010_stoppingTime172800.00,3356009.0,136355.4309794922
1703,ails2_etaMax0.010_stoppingTime172800.00,3355974.0,136406.5859794922
1704,ails2_eoh_omega2,3355691.0,136794.4839794922
1705,ails2_eoh_omega2,3355679.0,136804.83297949217
1706,ails2_eoh_omega2,3355664.0,136895.2989794922
1707,ails2_etaMax0.010_stoppingTime172800.00,3355972.0,137051.1029794922
1708,ails2_etaMax0.010_stoppingTime172800.00,3355969.0,137051.5239794922
1709,ails2_etaMax0.010_stoppingTime172800.00,3355935.0,137171.8689794922
1710,ails2_eoh_omega2,3355663.0,137190.47097949218
1711,ails2_eoh_omega2,3355653.0,137213.7329794922
1712,ails2_eoh_omega2,3355643.0,137304.41897949218
1713,filo2,3355643.0,137607.5871193409
1714,ails2_eoh_omega2,3355639.0,138003.00897949218
1715,ails2_eoh_omega2,3355605.0,138057.51397949219
1716,ails2_etaMax0.010_stoppingTime172800.00,3355934.0,138558.93297949218
1717,ails2_etaMax0.010_stoppingTime172800.00,3355931.0,138559.09297949218
1718,ails2_etaMax0.010_stoppingTime172800.00,3355912.0,138634.5239794922
1719,ails2_eoh_omega2,3355604.0,138695.0509794922
1720,ails2_eoh_omega2,3355592.0,138696.8629794922
1721,ails2_etaMax0.010_stoppingTime172800.00,3355910.0,138878.8259794922
1722,ails2_etaMax0.010_stoppingTime172800.00,3355894.0,138897.2059794922
1723,ails2_etaMax0.010_stoppingTime172800.00,3355892.0,139124.8909794922
1724,ails2_etaMax0.010_stoppingTime172800.00,3355891.0,139125.1739794922
1725,ails2_etaMax0.010_stoppingTime172800.00,3355889.0,139434.52297949218
1726,ails2_etaMax0.010_stoppingTime172800.00,3355887.0,139459.9639794922
1727,ails2_etaMax0.010_stoppingTime172800.00,3355862.0,139528.28397949217
1728,ails2_etaMax0.010_stoppingTime172800.00,3355860.0,139717.5969794922
1729,ails2_etaMax0.010_stoppingTime172800.00,3355859.0,139848.95797949217
1730,ails2_etaMax0.010_stoppingTime172800.00,3355844.0,139888.6949794922
1731,ails2_etaMax0.010_stoppingTime172800.00,3355843.0,140159.95697949218
1732,ails2_etaMax0.010_stoppingTime172800.00,3355836.0,140169.72897949218
1733,ails2_etaMax0.010_stoppingTime172800.00,3355830.0,140477.6239794922
1734,ails2_etaMax0.010_stoppingTime172800.00,3355817.0,140484.0379794922
1735,filo2,3355577.0,141302.52529621124
1736,ails2_etaMax0.010_stoppingTime172800.00,3355814.0,142624.3909794922
1737,ails2_etaMax0.010_stoppingTime172800.00,3355790.0,142632.7979794922
1738,ails2_eoh_omega2,3355590.0,142857.59597949218
1739,ails2_eoh_omega2,3355587.0,143067.67797949217
1740,ails2_eoh_omega2,3355581.0,143067.8249794922
1741,ails2_eoh_omega2,3355579.0,143215.8799794922
1742,ails2_eoh_omega2,3355557.0,143249.4229794922
1743,ails2_eoh_omega2,3355546.0,143312.5729794922
1744,ails2_eoh_omega2,3355545.0,143599.5899794922
1745,ails2_eoh_omega2,3355537.0,143602.6159794922
1746,ails2_etaMax0.010_stoppingTime172800.00,3355789.0,145031.5979794922
1747,ails2_etaMax0.010_stoppingTime172800.00,3355785.0,145032.4289794922
1748,ails2_eoh_omega2,3355535.0,146598.9839794922
1749,ails2_eoh_omega2,3355498.0,146642.5509794922
1750,ails2_etaMax0.010_stoppingTime172800.00,3355784.0,146883.6469794922
1751,ails2_etaMax0.010_stoppingTime172800.00,3355772.0,146892.11797949218
1752,ails2_etaMax0.010_stoppingTime172800.00,3355769.0,146980.91097949218
1753,ails2_etaMax0.010_stoppingTime172800.00,3355760.0,147022.83497949218
1754,ails2_eoh_omega2,3355496.0,147502.0049794922
1755,ails2_etaMax0.010_stoppingTime172800.00,3355758.0,148063.04997949218
1756,ails2_etaMax0.010_stoppingTime172800.00,3355746.0,148065.2039794922
1757,ails2_eoh_omega2,3355495.0,148263.51497949217
1758,ails2_eoh_omega2,3355490.0,148370.6049794922
1759,ails2_eoh_omega2,3355470.0,148372.1599794922
1760,ails2_eoh_omega2,3355466.0,149888.4969794922
1761,ails2_eoh_omega2,3355456.0,149893.6789794922
1762,ails2_eoh_omega2,3355452.0,151125.3609794922
1763,ails2_eoh_omega2,3355445.0,151127.5319794922
1764,filo2,3355427.0,152756.84826159477
1765,filo2,3355425.0,152856.01263523102
1766,filo2,3355423.0,153082.2694120407
1767,filo2,3355419.0,153142.61743974686
1768,filo2,3355417.0,153203.56506085396
1769,filo2,3355416.0,153264.70247483253
1770,filo2,3355415.0,153325.12889266014
1771,ails2_eoh_omega2,3355438.0,153505.11497949218
1772,ails2_eoh_omega2,3355427.0,153519.2009794922
1773,ails2_etaMax0.010_stoppingTime172800.00,3355744.0,158416.3399794922
1774,ails2_etaMax0.010_stoppingTime172800.00,3355742.0,158448.25397949218
1775,ails2_etaMax0.010_stoppingTime172800.00,3355728.0,158529.6729794922
1776,ails2_etaMax0.010_stoppingTime172800.00,3355714.0,158575.7249794922
1777,HGS-TV,3355351.0,158667.60874271393
1778,ails2_etaMax0.010_stoppingTime172800.00,3355713.0,160110.46297949218
1779,ails2_etaMax0.010_stoppingTime172800.00,3355701.0,160124.6299794922
1780,ails2_etaMax0.010_stoppingTime172800.00,3355679.0,160212.5999794922
1781,ails2_etaMax0.010_stoppingTime172800.00,3355675.0,160585.23997949218
1782,HGS-TV,3355346.0,160935.1425561905
1783,ails2_etaMax0.010_stoppingTime172800.00,3355674.0,161401.74297949218
1784,ails2_etaMax0.010_stoppingTime172800.00,3355668.0,161409.82997949218
1785,HGS-TV,3355345.0,161610.61616039276
1786,HGS-TV,3355344.0,162460.54284238815
1787,HGS-TV,3355337.0,162636.65139508247
1788,HGS-TV,3355335.0,165221.0025346279
1789,HGS-TV,3355333.0,166284.27209353447
1790,ails2_eoh_omega2,3355422.0,166742.97097949218
1791,ails2_eoh_omega2,3355398.0,166795.79397949218
1792,HGS-TV,3355331.0,169868.1710922718
1793,ails2_eoh_omega2,3355397.0,170461.0919794922
1794,ails2_eoh_omega2,3355372.0,170508.22597949218
1795,ails2_eoh_omega2,3355369.0,170677.2169794922
1796,ails2_eoh_omega2,3355366.0,170678.4499794922
1797,ails2_eoh_omega2,3355364.0,170942.8689794922
1798,ails2_eoh_omega2,3355362.0,170944.90797949219
1799,ails2_eoh_omega2,3355344.0,171046.9649794922
1800,ails2_eoh_omega2,3355343.0,171274.6159794922
1801,ails2_eoh_omega2,3355331.0,171284.7389794922
1802,HGS-TV,3355330.0,171539.10076594353
1803,ails2_etaMax0.010_stoppingTime172800.00,3355666.0,171940.01497949217
1804,ails2_etaMax0.010_stoppingTime172800.00,3355664.0,171940.11797949218
1805,ails2_eoh_omega2,3355330.0,172154.9589794922
1806,ails2_eoh_omega2,3355329.0,172155.2989794922
1807,ails2_eoh_omega2,3355325.0,172279.49797949218
1808,ails2_eoh_omega2,3355316.0,172288.3439794922
1809,ails2_etaMax1.000_stoppingTime432000.00,3373444.0,180145.4459794922
1810,ails2_etaMax1.000_stoppingTime432000.00,3373282.0,180173.41097949218
1811,ails2_etaMax1.000_stoppingTime432000.00,3373269.0,181303.45497949218
1812,ails2_etaMax1.000_stoppingTime432000.00,3373136.0,181341.8209794922
1813,ails2_etaMax1.000_stoppingTime432000.00,3373120.0,181899.68297949218
1814,ails2_etaMax1.000_stoppingTime432000.00,3372860.0,181930.45197949218
1815,ails2_etaMax1.000_stoppingTime432000.00,3372804.0,182364.04497949217
1816,ails2_etaMax1.000_stoppingTime432000.00,3372735.0,182364.6979794922
1817,ails2_etaMax1.000_stoppingTime432000.00,3372732.0,182669.60197949217
1818,ails2_etaMax1.000_stoppingTime432000.00,3372573.0,182701.2549794922
1819,ails2_etaMax1.000_stoppingTime432000.00,3372557.0,182751.4939794922
1820,ails2_etaMax1.000_stoppingTime432000.00,3372378.0,182851.99297949218
1821,ails2_etaMax1.000_stoppingTime432000.00,3372154.0,182870.1549794922
1822,ails2_etaMax1.000_stoppingTime432000.00,3372152.0,186759.26997949218
1823,ails2_etaMax1.000_stoppingTime432000.00,3371812.0,186789.9749794922
1824,ails2_etaMax1.000_stoppingTime432000.00,3371810.0,186959.41997949217
1825,ails2_etaMax1.000_stoppingTime432000.00,3371697.0,186971.71597949218
1826,ails2_etaMax1.000_stoppingTime432000.00,3371692.0,192678.5949794922
1827,ails2_etaMax1.000_stoppingTime432000.00,3371642.0,192683.2029794922
1828,ails2_etaMax1.000_stoppingTime432000.00,3371639.0,192805.11797949218
1829,ails2_etaMax1.000_stoppingTime432000.00,3371303.0,192818.1489794922
1830,ails2_etaMax1.000_stoppingTime432000.00,3371283.0,193384.14197949218
1831,ails2_etaMax1.000_stoppingTime432000.00,3370761.0,193420.96297949218
1832,ails2_etaMax1.000_stoppingTime432000.00,3370758.0,196511.9839794922
1833,ails2_etaMax1.000_stoppingTime432000.00,3370342.0,196533.9999794922
1834,ails2_etaMax1.000_stoppingTime432000.00,3370335.0,201410.3639794922
1835,ails2_etaMax1.000_stoppingTime432000.00,3370269.0,201416.13397949218
1836,ails2_etaMax1.000_stoppingTime432000.00,3370268.0,204759.4619794922
1837,ails2_etaMax1.000_stoppingTime432000.00,3369903.0,204776.89197949218
1838,ails2_etaMax1.000_stoppingTime432000.00,3369671.0,204878.10997949218
1839,ails2_etaMax1.000_stoppingTime432000.00,3369651.0,204946.79197949218
1840,ails2_etaMax1.000_stoppingTime432000.00,3369405.0,204998.57997949218
1841,ails2_etaMax1.000_stoppingTime432000.00,3369401.0,205081.7579794922
1842,ails2_etaMax1.000_stoppingTime432000.00,3369217.0,205085.76997949218
1843,ails2_etaMax1.000_stoppingTime432000.00,3369200.0,205381.5189794922
1844,ails2_etaMax1.000_stoppingTime432000.00,3369061.0,205394.92997949218
1845,ails2_etaMax1.000_stoppingTime432000.00,3369042.0,210111.2329794922
1846,ails2_etaMax1.000_stoppingTime432000.00,3368793.0,210160.38697949218
1847,ails2_etaMax1.000_stoppingTime432000.00,3368775.0,213144.5429794922
1848,ails2_etaMax1.000_stoppingTime432000.00,3368647.0,213151.56297949218
1849,ails2_etaMax1.000_stoppingTime432000.00,3368639.0,213401.5569794922
1850,ails2_etaMax1.000_stoppingTime432000.00,3368591.0,213406.1139794922
1851,ails2_etaMax1.000_stoppingTime432000.00,3368584.0,213532.74297949218
1852,ails2_etaMax1.000_stoppingTime432000.00,3368203.0,213582.8749794922
1853,ails2_etaMax1.000_stoppingTime432000.00,3367983.0,213639.6319794922
1854,ails2_etaMax1.000_stoppingTime432000.00,3367950.0,214612.8069794922
1855,ails2_etaMax1.000_stoppingTime432000.00,3367935.0,215688.8559794922
1856,ails2_etaMax1.000_stoppingTime432000.00,3367934.0,215766.4989794922
1857,ails2_etaMax1.000_stoppingTime432000.00,3367796.0,215773.2789794922
1858,ails2_etaMax1.000_stoppingTime432000.00,3367651.0,215857.9509794922
1859,ails2_etaMax1.000_stoppingTime432000.00,3367647.0,222489.34597949218
1860,ails2_etaMax1.000_stoppingTime432000.00,3367410.0,222516.9259794922
1861,ails2_etaMax1.000_stoppingTime432000.00,3367383.0,226947.2309794922
1862,ails2_etaMax1.000_stoppingTime432000.00,3367219.0,226978.27597949217
1863,ails2_etaMax1.000_stoppingTime432000.00,3367217.0,227894.6809794922
1864,ails2_etaMax1.000_stoppingTime432000.00,3367198.0,227895.0809794922
1865,ails2_etaMax1.000_stoppingTime432000.00,3367196.0,228229.35997949218
1866,ails2_etaMax1.000_stoppingTime432000.00,3367033.0,228246.79697949218
1867,ails2_etaMax1.000_stoppingTime432000.00,3367022.0,228380.74597949217
1868,ails2_etaMax1.000_stoppingTime432000.00,3366647.0,228423.8529794922
1869,ails2_etaMax1.000_stoppingTime432000.00,3366623.0,228527.2029794922
1870,ails2_etaMax1.000_stoppingTime432000.00,3366575.0,228531.0509794922
1871,ails2_etaMax1.000_stoppingTime432000.00,3366471.0,228630.7409794922
1872,ails2_etaMax1.000_stoppingTime432000.00,3366468.0,228805.2279794922
1873,ails2_etaMax1.000_stoppingTime432000.00,3366340.0,228813.55497949218
1874,ails2_etaMax1.000_stoppingTime432000.00,3366337.0,231132.90797949219
1875,ails2_etaMax1.000_stoppingTime432000.00,3366207.0,231134.03597949218
1876,ails2_etaMax1.000_stoppingTime432000.00,3366206.0,232029.2689794922
1877,ails2_etaMax1.000_stoppingTime432000.00,3365933.0,232053.1129794922
1878,ails2_etaMax1.000_stoppingTime432000.00,3365929.0,232937.2899794922
1879,ails2_etaMax1.000_stoppingTime432000.00,3365920.0,232939.4539794922
1880,ails2_etaMax1.000_stoppingTime432000.00,3365699.0,233031.70997949218
1881,ails2_etaMax1.000_stoppingTime432000.00,3365664.0,233564.2119794922
1882,ails2_etaMax1.000_stoppingTime432000.00,3365606.0,233575.8559794922
1883,ails2_etaMax1.000_stoppingTime432000.00,3365300.0,233679.0289794922
1884,ails2_etaMax1.000_stoppingTime432000.00,3365296.0,235544.10097949218
1885,ails2_etaMax1.000_stoppingTime432000.00,3365214.0,235559.39497949218
1886,ails2_etaMax1.000_stoppingTime432000.00,3365180.0,235722.3559794922
1887,ails2_etaMax1.000_stoppingTime432000.00,3365067.0,235780.47397949218
1888,ails2_etaMax1.000_stoppingTime432000.00,3365059.0,236166.4069794922
1889,ails2_etaMax1.000_stoppingTime432000.00,3365027.0,236167.0779794922
1890,ails2_etaMax1.000_stoppingTime432000.00,3365024.0,241774.8149794922
1891,ails2_etaMax1.000_stoppingTime432000.00,3364900.0,241778.82697949218
1892,ails2_etaMax1.000_stoppingTime432000.00,3364897.0,242402.3769794922
1893,ails2_etaMax1.000_stoppingTime432000.00,3364888.0,242402.90097949217
1894,ails2_etaMax1.000_stoppingTime432000.00,3364883.0,242863.1489794922
1895,ails2_etaMax1.000_stoppingTime432000.00,3364762.0,242916.58497949218
1896,ails2_etaMax1.000_stoppingTime432000.00,3364727.0,242983.90097949217
1897,ails2_etaMax1.000_stoppingTime432000.00,3364489.0,243026.5599794922
1898,ails2_etaMax1.000_stoppingTime432000.00,3364431.0,243077.10697949218
1899,ails2_etaMax1.000_stoppingTime432000.00,3364430.0,243176.6329794922
1900,ails2_etaMax1.000_stoppingTime432000.00,3364397.0,243179.2389794922
1901,ails2_etaMax1.000_stoppingTime432000.00,3364369.0,246640.2389794922
1902,ails2_etaMax1.000_stoppingTime432000.00,3364307.0,246645.59597949218
1903,ails2_etaMax1.000_stoppingTime432000.00,3364306.0,246886.6089794922
1904,ails2_etaMax1.000_stoppingTime432000.00,3364133.0,246920.3559794922
1905,ails2_etaMax1.000_stoppingTime432000.00,3363994.0,246998.23497949218
1906,ails2_etaMax1.000_stoppingTime432000.00,3363978.0,249261.9239794922
1907,ails2_etaMax1.000_stoppingTime432000.00,3363940.0,249274.2629794922
1908,ails2_etaMax1.000_stoppingTime432000.00,3363883.0,249334.47097949218
1909,ails2_etaMax1.000_stoppingTime432000.00,3363881.0,249491.12897949218
1910,ails2_etaMax1.000_stoppingTime432000.00,3363555.0,249528.9969794922
1911,ails2_etaMax1.000_stoppingTime432000.00,3363411.0,249612.2879794922
1912,ails2_etaMax1.000_stoppingTime432000.00,3363410.0,249622.43897949217
1913,ails2_etaMax1.000_stoppingTime432000.00,3363366.0,249720.2629794922
1914,ails2_etaMax1.000_stoppingTime432000.00,3363213.0,249766.9229794922
1915,ails2_etaMax1.000_stoppingTime432000.00,3362936.0,249846.9239794922
1916,ails2_etaMax1.000_stoppingTime432000.00,3362922.0,254899.7379794922
1917,ails2_etaMax1.000_stoppingTime432000.00,3362861.0,254904.16697949218
1918,ails2_etaMax0.010_stoppingTime172800.00,3355313.0,259791.9729794922
1919,ails2_etaMax0.010_stoppingTime172800.00,3355311.0,259793.42197949218
1920,ails2_etaMax1.000_stoppingTime432000.00,3362855.0,259896.35197949217
1921,ails2_etaMax1.000_stoppingTime432000.00,3362720.0,259900.3309794922
1922,ails2_etaMax1.000_stoppingTime432000.00,3362692.0,259992.2489794922
1923,ails2_etaMax1.000_stoppingTime432000.00,3362527.0,260066.6049794922
1924,ails2_etaMax1.000_stoppingTime432000.00,3362507.0,260131.2419794922
1925,ails2_etaMax0.010_stoppingTime172800.00,3355310.0,260166.3439794922
1926,ails2_etaMax0.010_stoppingTime172800.00,3355302.0,260169.2229794922
1927,ails2_etaMax1.000_stoppingTime432000.00,3362506.0,260331.2469794922
1928,ails2_etaMax1.000_stoppingTime432000.00,3362467.0,260355.06897949218
1929,ails2_etaMax1.000_stoppingTime432000.00,3362461.0,260862.36997949218
1930,ails2_etaMax1.000_stoppingTime432000.00,3362444.0,260863.2979794922
1931,ails2_etaMax1.000_stoppingTime432000.00,3362438.0,261483.20697949218
1932,ails2_etaMax1.000_stoppingTime432000.00,3362406.0,261484.3769794922
1933,ails2_etaMax0.010_stoppingTime172800.00,3355300.0,262296.9959794922
1934,ails2_etaMax0.010_stoppingTime172800.00,3355280.0,262350.4469794922
1935,HGS-TV,3355182.0,262672.61626029015
1936,ails2_etaMax1.000_stoppingTime432000.00,3362403.0,263306.3669794922
1937,HGS-TV,3355169.0,263361.2417316437
1938,ails2_etaMax1.000_stoppingTime432000.00,3362337.0,263358.1049794922
1939,ails2_etaMax1.000_stoppingTime432000.00,3362335.0,263513.2799794922
1940,ails2_etaMax1.000_stoppingTime432000.00,3362256.0,263514.7809794922
1941,ails2_etaMax0.010_stoppingTime172800.00,3355279.0,264117.1209794922
1942,ails2_etaMax0.010_stoppingTime172800.00,3355265.0,264141.1889794922
1943,ails2_etaMax0.010_stoppingTime172800.00,3355255.0,264211.8679794922
1944,ails2_etaMax1.000_stoppingTime432000.00,3362252.0,264322.9699794922
1945,ails2_etaMax0.010_stoppingTime172800.00,3355254.0,264323.5169794922
1946,ails2_etaMax0.010_stoppingTime172800.00,3355245.0,264333.57597949216
1947,ails2_etaMax1.000_stoppingTime432000.00,3362225.0,264403.43997949216
1948,ails2_etaMax1.000_stoppingTime432000.00,3362222.0,264405.2569794922
1949,ails2_etaMax1.000_stoppingTime432000.00,3362220.0,264580.8159794922
1950,ails2_etaMax1.000_stoppingTime432000.00,3361943.0,264640.48297949217
1951,ails2_etaMax1.000_stoppingTime432000.00,3361882.0,264677.00997949217
1952,HGS-TV,3355166.0,264702.2738471031
1953,HGS-TV,3355160.0,264779.422883749
1954,ails2_etaMax1.000_stoppingTime432000.00,3361879.0,265050.0739794922
1955,ails2_etaMax1.000_stoppingTime432000.00,3361835.0,265051.5139794922
1956,ails2_etaMax1.000_stoppingTime432000.00,3361808.0,265167.2029794922
1957,HGS-TV,3355158.0,265376.1690337658
1958,ails2_etaMax1.000_stoppingTime432000.00,3361803.0,265493.9079794922
1959,ails2_etaMax1.000_stoppingTime432000.00,3361794.0,265494.4839794922
